2026-07-02 01:03:41,771 INFO chronaris.pipelines.stage_i.public.deep_baseline: stage_i_deep_baseline observer start run_id=lag_window_8__seed42 run_root=/home/wangminan/projects/chronaris/docs/artifacts/assets/stage_i_public_fusion_ablation/20260701T-stage-i-public-fusion-ablation-r1/screen/uab_workload_dataset/lag_window_8__seed42
2026-07-02 01:03:49,932 INFO chronaris.pipelines.stage_i.public.deep_baseline_runtime: deep_train fold_start dataset=uab_workload_dataset model=chronaris_public_fusion track=objective group=n_back seed=42 fold=001/002 split_group=subject_01 task=classification train_count=26164 epochs=5 batch_size=128
2026-07-02 01:03:49,933 INFO chronaris.pipelines.stage_i.public.deep_baseline_runtime: deep_train epoch_start dataset=uab_workload_dataset model=chronaris_public_fusion track=objective group=n_back seed=42 fold=001/002 epoch=001/005 batch_count=205
2026-07-02 01:03:49,991 INFO chronaris.pipelines.stage_i.public.deep_baseline_runtime: deep_train batch dataset=uab_workload_dataset model=chronaris_public_fusion track=objective group=n_back seed=42 fold=001/002 epoch=001/005 batch=001/205 loss=1.110288 elapsed_s=0.1 status=running
2026-07-02 01:03:50,443 INFO chronaris.pipelines.stage_i.public.deep_baseline_runtime: deep_train batch dataset=uab_workload_dataset model=chronaris_public_fusion track=objective group=n_back seed=42 fold=001/002 epoch=001/005 batch=020/205 loss=1.089115 elapsed_s=0.5 status=running
2026-07-02 01:03:50,724 INFO chronaris.pipelines.stage_i.public.deep_baseline_runtime: deep_train batch dataset=uab_workload_dataset model=chronaris_public_fusion track=objective group=n_back seed=42 fold=001/002 epoch=001/005 batch=040/205 loss=1.113373 elapsed_s=0.8 status=running
2026-07-02 01:03:50,995 INFO chronaris.pipelines.stage_i.public.deep_baseline_runtime: deep_train batch dataset=uab_workload_dataset model=chronaris_public_fusion track=objective group=n_back seed=42 fold=001/002 epoch=001/005 batch=060/205 loss=1.098396 elapsed_s=1.1 status=running
2026-07-02 01:03:51,260 INFO chronaris.pipelines.stage_i.public.deep_baseline_runtime: deep_train batch dataset=uab_workload_dataset model=chronaris_public_fusion track=objective group=n_back seed=42 fold=001/002 epoch=001/005 batch=080/205 loss=1.107702 elapsed_s=1.3 status=running
2026-07-02 01:03:51,529 INFO chronaris.pipelines.stage_i.public.deep_baseline_runtime: deep_train batch dataset=uab_workload_dataset model=chronaris_public_fusion track=objective group=n_back seed=42 fold=001/002 epoch=001/005 batch=100/205 loss=1.099452 elapsed_s=1.6 status=running
2026-07-02 01:03:51,807 INFO chronaris.pipelines.stage_i.public.deep_baseline_runtime: deep_train batch dataset=uab_workload_dataset model=chronaris_public_fusion track=objective group=n_back seed=42 fold=001/002 epoch=001/005 batch=120/205 loss=1.096180 elapsed_s=1.9 status=running
2026-07-02 01:03:52,083 INFO chronaris.pipelines.stage_i.public.deep_baseline_runtime: deep_train batch dataset=uab_workload_dataset model=chronaris_public_fusion track=objective group=n_back seed=42 fold=001/002 epoch=001/005 batch=140/205 loss=1.097027 elapsed_s=2.2 status=running
2026-07-02 01:03:52,353 INFO chronaris.pipelines.stage_i.public.deep_baseline_runtime: deep_train batch dataset=uab_workload_dataset model=chronaris_public_fusion track=objective group=n_back seed=42 fold=001/002 epoch=001/005 batch=160/205 loss=1.106392 elapsed_s=2.4 status=running
2026-07-02 01:03:52,623 INFO chronaris.pipelines.stage_i.public.deep_baseline_runtime: deep_train batch dataset=uab_workload_dataset model=chronaris_public_fusion track=objective group=n_back seed=42 fold=001/002 epoch=001/005 batch=180/205 loss=1.098360 elapsed_s=2.7 status=running
2026-07-02 01:03:52,899 INFO chronaris.pipelines.stage_i.public.deep_baseline_runtime: deep_train batch dataset=uab_workload_dataset model=chronaris_public_fusion track=objective group=n_back seed=42 fold=001/002 epoch=001/005 batch=200/205 loss=1.098985 elapsed_s=3.0 status=running
2026-07-02 01:03:52,970 INFO chronaris.pipelines.stage_i.public.deep_baseline_runtime: deep_train batch dataset=uab_workload_dataset model=chronaris_public_fusion track=objective group=n_back seed=42 fold=001/002 epoch=001/005 batch=205/205 loss=1.098312 elapsed_s=3.0 status=running
2026-07-02 01:03:52,971 INFO chronaris.pipelines.stage_i.public.deep_baseline_runtime: deep_train epoch_done dataset=uab_workload_dataset model=chronaris_public_fusion track=objective group=n_back seed=42 fold=001/002 epoch=001/005 train_loss=1.101381 elapsed_s=3.0
2026-07-02 01:03:53,006 INFO chronaris.pipelines.stage_i.public.deep_baseline_runtime: deep_train epoch_start dataset=uab_workload_dataset model=chronaris_public_fusion track=objective group=n_back seed=42 fold=001/002 epoch=002/005 batch_count=205
2026-07-02 01:03:53,025 INFO chronaris.pipelines.stage_i.public.deep_baseline_runtime: deep_train batch dataset=uab_workload_dataset model=chronaris_public_fusion track=objective group=n_back seed=42 fold=001/002 epoch=002/005 batch=001/205 loss=1.098477 elapsed_s=3.1 status=running
2026-07-02 01:03:53,281 INFO chronaris.pipelines.stage_i.public.deep_baseline_runtime: deep_train batch dataset=uab_workload_dataset model=chronaris_public_fusion track=objective group=n_back seed=42 fold=001/002 epoch=002/005 batch=020/205 loss=1.102616 elapsed_s=3.3 status=running
2026-07-02 01:03:53,552 INFO chronaris.pipelines.stage_i.public.deep_baseline_runtime: deep_train batch dataset=uab_workload_dataset model=chronaris_public_fusion track=objective group=n_back seed=42 fold=001/002 epoch=002/005 batch=040/205 loss=1.104004 elapsed_s=3.6 status=running
2026-07-02 01:03:53,815 INFO chronaris.pipelines.stage_i.public.deep_baseline_runtime: deep_train batch dataset=uab_workload_dataset model=chronaris_public_fusion track=objective group=n_back seed=42 fold=001/002 epoch=002/005 batch=060/205 loss=1.095782 elapsed_s=3.9 status=running
2026-07-02 01:03:54,078 INFO chronaris.pipelines.stage_i.public.deep_baseline_runtime: deep_train batch dataset=uab_workload_dataset model=chronaris_public_fusion track=objective group=n_back seed=42 fold=001/002 epoch=002/005 batch=080/205 loss=1.096068 elapsed_s=4.1 status=running
2026-07-02 01:03:54,351 INFO chronaris.pipelines.stage_i.public.deep_baseline_runtime: deep_train batch dataset=uab_workload_dataset model=chronaris_public_fusion track=objective group=n_back seed=42 fold=001/002 epoch=002/005 batch=100/205 loss=1.083901 elapsed_s=4.4 status=running
2026-07-02 01:03:54,612 INFO chronaris.pipelines.stage_i.public.deep_baseline_runtime: deep_train batch dataset=uab_workload_dataset model=chronaris_public_fusion track=objective group=n_back seed=42 fold=001/002 epoch=002/005 batch=120/205 loss=1.098973 elapsed_s=4.7 status=running
2026-07-02 01:03:54,879 INFO chronaris.pipelines.stage_i.public.deep_baseline_runtime: deep_train batch dataset=uab_workload_dataset model=chronaris_public_fusion track=objective group=n_back seed=42 fold=001/002 epoch=002/005 batch=140/205 loss=1.095057 elapsed_s=4.9 status=running
2026-07-02 01:03:55,139 INFO chronaris.pipelines.stage_i.public.deep_baseline_runtime: deep_train batch dataset=uab_workload_dataset model=chronaris_public_fusion track=objective group=n_back seed=42 fold=001/002 epoch=002/005 batch=160/205 loss=1.093448 elapsed_s=5.2 status=running
2026-07-02 01:03:55,407 INFO chronaris.pipelines.stage_i.public.deep_baseline_runtime: deep_train batch dataset=uab_workload_dataset model=chronaris_public_fusion track=objective group=n_back seed=42 fold=001/002 epoch=002/005 batch=180/205 loss=1.103120 elapsed_s=5.5 status=running
2026-07-02 01:03:55,672 INFO chronaris.pipelines.stage_i.public.deep_baseline_runtime: deep_train batch dataset=uab_workload_dataset model=chronaris_public_fusion track=objective group=n_back seed=42 fold=001/002 epoch=002/005 batch=200/205 loss=1.099879 elapsed_s=5.7 status=running
2026-07-02 01:03:55,740 INFO chronaris.pipelines.stage_i.public.deep_baseline_runtime: deep_train batch dataset=uab_workload_dataset model=chronaris_public_fusion track=objective group=n_back seed=42 fold=001/002 epoch=002/005 batch=205/205 loss=1.068851 elapsed_s=5.8 status=running
2026-07-02 01:03:55,741 INFO chronaris.pipelines.stage_i.public.deep_baseline_runtime: deep_train epoch_done dataset=uab_workload_dataset model=chronaris_public_fusion track=objective group=n_back seed=42 fold=001/002 epoch=002/005 train_loss=1.097207 elapsed_s=2.7
2026-07-02 01:03:55,773 INFO chronaris.pipelines.stage_i.public.deep_baseline_runtime: deep_train epoch_start dataset=uab_workload_dataset model=chronaris_public_fusion track=objective group=n_back seed=42 fold=001/002 epoch=003/005 batch_count=205
2026-07-02 01:03:55,795 INFO chronaris.pipelines.stage_i.public.deep_baseline_runtime: deep_train batch dataset=uab_workload_dataset model=chronaris_public_fusion track=objective group=n_back seed=42 fold=001/002 epoch=003/005 batch=001/205 loss=1.089791 elapsed_s=5.9 status=running
2026-07-02 01:03:56,048 INFO chronaris.pipelines.stage_i.public.deep_baseline_runtime: deep_train batch dataset=uab_workload_dataset model=chronaris_public_fusion track=objective group=n_back seed=42 fold=001/002 epoch=003/005 batch=020/205 loss=1.105240 elapsed_s=6.1 status=running
2026-07-02 01:03:56,308 INFO chronaris.pipelines.stage_i.public.deep_baseline_runtime: deep_train batch dataset=uab_workload_dataset model=chronaris_public_fusion track=objective group=n_back seed=42 fold=001/002 epoch=003/005 batch=040/205 loss=1.098991 elapsed_s=6.4 status=running
2026-07-02 01:03:56,571 INFO chronaris.pipelines.stage_i.public.deep_baseline_runtime: deep_train batch dataset=uab_workload_dataset model=chronaris_public_fusion track=objective group=n_back seed=42 fold=001/002 epoch=003/005 batch=060/205 loss=1.100085 elapsed_s=6.6 status=running
2026-07-02 01:03:56,842 INFO chronaris.pipelines.stage_i.public.deep_baseline_runtime: deep_train batch dataset=uab_workload_dataset model=chronaris_public_fusion track=objective group=n_back seed=42 fold=001/002 epoch=003/005 batch=080/205 loss=1.089407 elapsed_s=6.9 status=running
2026-07-02 01:03:57,115 INFO chronaris.pipelines.stage_i.public.deep_baseline_runtime: deep_train batch dataset=uab_workload_dataset model=chronaris_public_fusion track=objective group=n_back seed=42 fold=001/002 epoch=003/005 batch=100/205 loss=1.103702 elapsed_s=7.2 status=running
2026-07-02 01:03:57,381 INFO chronaris.pipelines.stage_i.public.deep_baseline_runtime: deep_train batch dataset=uab_workload_dataset model=chronaris_public_fusion track=objective group=n_back seed=42 fold=001/002 epoch=003/005 batch=120/205 loss=1.092777 elapsed_s=7.4 status=running
2026-07-02 01:03:57,646 INFO chronaris.pipelines.stage_i.public.deep_baseline_runtime: deep_train batch dataset=uab_workload_dataset model=chronaris_public_fusion track=objective group=n_back seed=42 fold=001/002 epoch=003/005 batch=140/205 loss=1.091428 elapsed_s=7.7 status=running
2026-07-02 01:03:57,913 INFO chronaris.pipelines.stage_i.public.deep_baseline_runtime: deep_train batch dataset=uab_workload_dataset model=chronaris_public_fusion track=objective group=n_back seed=42 fold=001/002 epoch=003/005 batch=160/205 loss=1.099162 elapsed_s=8.0 status=running
2026-07-02 01:03:58,176 INFO chronaris.pipelines.stage_i.public.deep_baseline_runtime: deep_train batch dataset=uab_workload_dataset model=chronaris_public_fusion track=objective group=n_back seed=42 fold=001/002 epoch=003/005 batch=180/205 loss=1.099411 elapsed_s=8.2 status=running
2026-07-02 01:03:58,439 INFO chronaris.pipelines.stage_i.public.deep_baseline_runtime: deep_train batch dataset=uab_workload_dataset model=chronaris_public_fusion track=objective group=n_back seed=42 fold=001/002 epoch=003/005 batch=200/205 loss=1.094061 elapsed_s=8.5 status=running
2026-07-02 01:03:58,508 INFO chronaris.pipelines.stage_i.public.deep_baseline_runtime: deep_train batch dataset=uab_workload_dataset model=chronaris_public_fusion track=objective group=n_back seed=42 fold=001/002 epoch=003/005 batch=205/205 loss=1.087873 elapsed_s=8.6 status=running
2026-07-02 01:03:58,509 INFO chronaris.pipelines.stage_i.public.deep_baseline_runtime: deep_train epoch_done dataset=uab_workload_dataset model=chronaris_public_fusion track=objective group=n_back seed=42 fold=001/002 epoch=003/005 train_loss=1.097597 elapsed_s=2.7
2026-07-02 01:03:58,544 INFO chronaris.pipelines.stage_i.public.deep_baseline_runtime: deep_train epoch_start dataset=uab_workload_dataset model=chronaris_public_fusion track=objective group=n_back seed=42 fold=001/002 epoch=004/005 batch_count=205
2026-07-02 01:03:58,568 INFO chronaris.pipelines.stage_i.public.deep_baseline_runtime: deep_train batch dataset=uab_workload_dataset model=chronaris_public_fusion track=objective group=n_back seed=42 fold=001/002 epoch=004/005 batch=001/205 loss=1.086089 elapsed_s=8.6 status=running
2026-07-02 01:03:58,826 INFO chronaris.pipelines.stage_i.public.deep_baseline_runtime: deep_train batch dataset=uab_workload_dataset model=chronaris_public_fusion track=objective group=n_back seed=42 fold=001/002 epoch=004/005 batch=020/205 loss=1.096292 elapsed_s=8.9 status=running
2026-07-02 01:03:59,086 INFO chronaris.pipelines.stage_i.public.deep_baseline_runtime: deep_train batch dataset=uab_workload_dataset model=chronaris_public_fusion track=objective group=n_back seed=42 fold=001/002 epoch=004/005 batch=040/205 loss=1.088286 elapsed_s=9.2 status=running
2026-07-02 01:03:59,359 INFO chronaris.pipelines.stage_i.public.deep_baseline_runtime: deep_train batch dataset=uab_workload_dataset model=chronaris_public_fusion track=objective group=n_back seed=42 fold=001/002 epoch=004/005 batch=060/205 loss=1.098224 elapsed_s=9.4 status=running
2026-07-02 01:03:59,630 INFO chronaris.pipelines.stage_i.public.deep_baseline_runtime: deep_train batch dataset=uab_workload_dataset model=chronaris_public_fusion track=objective group=n_back seed=42 fold=001/002 epoch=004/005 batch=080/205 loss=1.092997 elapsed_s=9.7 status=running
2026-07-02 01:03:59,903 INFO chronaris.pipelines.stage_i.public.deep_baseline_runtime: deep_train batch dataset=uab_workload_dataset model=chronaris_public_fusion track=objective group=n_back seed=42 fold=001/002 epoch=004/005 batch=100/205 loss=1.093062 elapsed_s=10.0 status=running
2026-07-02 01:04:00,174 INFO chronaris.pipelines.stage_i.public.deep_baseline_runtime: deep_train batch dataset=uab_workload_dataset model=chronaris_public_fusion track=objective group=n_back seed=42 fold=001/002 epoch=004/005 batch=120/205 loss=1.092695 elapsed_s=10.2 status=running
2026-07-02 01:04:00,440 INFO chronaris.pipelines.stage_i.public.deep_baseline_runtime: deep_train batch dataset=uab_workload_dataset model=chronaris_public_fusion track=objective group=n_back seed=42 fold=001/002 epoch=004/005 batch=140/205 loss=1.096530 elapsed_s=10.5 status=running
2026-07-02 01:04:00,708 INFO chronaris.pipelines.stage_i.public.deep_baseline_runtime: deep_train batch dataset=uab_workload_dataset model=chronaris_public_fusion track=objective group=n_back seed=42 fold=001/002 epoch=004/005 batch=160/205 loss=1.102154 elapsed_s=10.8 status=running
2026-07-02 01:04:00,989 INFO chronaris.pipelines.stage_i.public.deep_baseline_runtime: deep_train batch dataset=uab_workload_dataset model=chronaris_public_fusion track=objective group=n_back seed=42 fold=001/002 epoch=004/005 batch=180/205 loss=1.094288 elapsed_s=11.1 status=running
2026-07-02 01:04:01,256 INFO chronaris.pipelines.stage_i.public.deep_baseline_runtime: deep_train batch dataset=uab_workload_dataset model=chronaris_public_fusion track=objective group=n_back seed=42 fold=001/002 epoch=004/005 batch=200/205 loss=1.099288 elapsed_s=11.3 status=running
2026-07-02 01:04:01,324 INFO chronaris.pipelines.stage_i.public.deep_baseline_runtime: deep_train batch dataset=uab_workload_dataset model=chronaris_public_fusion track=objective group=n_back seed=42 fold=001/002 epoch=004/005 batch=205/205 loss=1.087854 elapsed_s=11.4 status=running
2026-07-02 01:04:01,326 INFO chronaris.pipelines.stage_i.public.deep_baseline_runtime: deep_train epoch_done dataset=uab_workload_dataset model=chronaris_public_fusion track=objective group=n_back seed=42 fold=001/002 epoch=004/005 train_loss=1.097229 elapsed_s=2.8
2026-07-02 01:04:01,362 INFO chronaris.pipelines.stage_i.public.deep_baseline_runtime: deep_train epoch_start dataset=uab_workload_dataset model=chronaris_public_fusion track=objective group=n_back seed=42 fold=001/002 epoch=005/005 batch_count=205
2026-07-02 01:04:01,384 INFO chronaris.pipelines.stage_i.public.deep_baseline_runtime: deep_train batch dataset=uab_workload_dataset model=chronaris_public_fusion track=objective group=n_back seed=42 fold=001/002 epoch=005/005 batch=001/205 loss=1.096803 elapsed_s=11.5 status=running
2026-07-02 01:04:01,645 INFO chronaris.pipelines.stage_i.public.deep_baseline_runtime: deep_train batch dataset=uab_workload_dataset model=chronaris_public_fusion track=objective group=n_back seed=42 fold=001/002 epoch=005/005 batch=020/205 loss=1.086727 elapsed_s=11.7 status=running
2026-07-02 01:04:01,906 INFO chronaris.pipelines.stage_i.public.deep_baseline_runtime: deep_train batch dataset=uab_workload_dataset model=chronaris_public_fusion track=objective group=n_back seed=42 fold=001/002 epoch=005/005 batch=040/205 loss=1.098147 elapsed_s=12.0 status=running
2026-07-02 01:04:02,173 INFO chronaris.pipelines.stage_i.public.deep_baseline_runtime: deep_train batch dataset=uab_workload_dataset model=chronaris_public_fusion track=objective group=n_back seed=42 fold=001/002 epoch=005/005 batch=060/205 loss=1.094616 elapsed_s=12.2 status=running
2026-07-02 01:04:02,441 INFO chronaris.pipelines.stage_i.public.deep_baseline_runtime: deep_train batch dataset=uab_workload_dataset model=chronaris_public_fusion track=objective group=n_back seed=42 fold=001/002 epoch=005/005 batch=080/205 loss=1.095917 elapsed_s=12.5 status=running
2026-07-02 01:04:02,710 INFO chronaris.pipelines.stage_i.public.deep_baseline_runtime: deep_train batch dataset=uab_workload_dataset model=chronaris_public_fusion track=objective group=n_back seed=42 fold=001/002 epoch=005/005 batch=100/205 loss=1.103607 elapsed_s=12.8 status=running
2026-07-02 01:04:02,985 INFO chronaris.pipelines.stage_i.public.deep_baseline_runtime: deep_train batch dataset=uab_workload_dataset model=chronaris_public_fusion track=objective group=n_back seed=42 fold=001/002 epoch=005/005 batch=120/205 loss=1.099814 elapsed_s=13.1 status=running
2026-07-02 01:04:03,254 INFO chronaris.pipelines.stage_i.public.deep_baseline_runtime: deep_train batch dataset=uab_workload_dataset model=chronaris_public_fusion track=objective group=n_back seed=42 fold=001/002 epoch=005/005 batch=140/205 loss=1.084377 elapsed_s=13.3 status=running
2026-07-02 01:04:03,520 INFO chronaris.pipelines.stage_i.public.deep_baseline_runtime: deep_train batch dataset=uab_workload_dataset model=chronaris_public_fusion track=objective group=n_back seed=42 fold=001/002 epoch=005/005 batch=160/205 loss=1.092707 elapsed_s=13.6 status=running
2026-07-02 01:04:03,787 INFO chronaris.pipelines.stage_i.public.deep_baseline_runtime: deep_train batch dataset=uab_workload_dataset model=chronaris_public_fusion track=objective group=n_back seed=42 fold=001/002 epoch=005/005 batch=180/205 loss=1.098709 elapsed_s=13.9 status=running
2026-07-02 01:04:04,049 INFO chronaris.pipelines.stage_i.public.deep_baseline_runtime: deep_train batch dataset=uab_workload_dataset model=chronaris_public_fusion track=objective group=n_back seed=42 fold=001/002 epoch=005/005 batch=200/205 loss=1.081844 elapsed_s=14.1 status=running
2026-07-02 01:04:04,117 INFO chronaris.pipelines.stage_i.public.deep_baseline_runtime: deep_train batch dataset=uab_workload_dataset model=chronaris_public_fusion track=objective group=n_back seed=42 fold=001/002 epoch=005/005 batch=205/205 loss=1.100901 elapsed_s=14.2 status=running
2026-07-02 01:04:04,119 INFO chronaris.pipelines.stage_i.public.deep_baseline_runtime: deep_train epoch_done dataset=uab_workload_dataset model=chronaris_public_fusion track=objective group=n_back seed=42 fold=001/002 epoch=005/005 train_loss=1.096144 elapsed_s=2.8
2026-07-02 01:04:04,153 INFO chronaris.pipelines.stage_i.public.deep_baseline_runtime: deep_train fold_done dataset=uab_workload_dataset model=chronaris_public_fusion track=objective group=n_back seed=42 fold=001/002 elapsed_s=14.2
2026-07-02 01:04:07,691 INFO chronaris.pipelines.stage_i.public.deep_baseline_runtime: deep_train fold_start dataset=uab_workload_dataset model=chronaris_public_fusion track=objective group=n_back seed=42 fold=002/002 split_group=subject_02 task=classification train_count=26176 epochs=5 batch_size=128
2026-07-02 01:04:07,693 INFO chronaris.pipelines.stage_i.public.deep_baseline_runtime: deep_train epoch_start dataset=uab_workload_dataset model=chronaris_public_fusion track=objective group=n_back seed=42 fold=002/002 epoch=001/005 batch_count=205
2026-07-02 01:04:07,719 INFO chronaris.pipelines.stage_i.public.deep_baseline_runtime: deep_train batch dataset=uab_workload_dataset model=chronaris_public_fusion track=objective group=n_back seed=42 fold=002/002 epoch=001/005 batch=001/205 loss=1.113293 elapsed_s=0.0 status=running
2026-07-02 01:04:08,088 INFO chronaris.pipelines.stage_i.public.deep_baseline_runtime: deep_train batch dataset=uab_workload_dataset model=chronaris_public_fusion track=objective group=n_back seed=42 fold=002/002 epoch=001/005 batch=020/205 loss=1.090997 elapsed_s=0.4 status=running
2026-07-02 01:04:08,351 INFO chronaris.pipelines.stage_i.public.deep_baseline_runtime: deep_train batch dataset=uab_workload_dataset model=chronaris_public_fusion track=objective group=n_back seed=42 fold=002/002 epoch=001/005 batch=040/205 loss=1.089818 elapsed_s=0.7 status=running
2026-07-02 01:04:08,616 INFO chronaris.pipelines.stage_i.public.deep_baseline_runtime: deep_train batch dataset=uab_workload_dataset model=chronaris_public_fusion track=objective group=n_back seed=42 fold=002/002 epoch=001/005 batch=060/205 loss=1.115593 elapsed_s=0.9 status=running
2026-07-02 01:04:08,885 INFO chronaris.pipelines.stage_i.public.deep_baseline_runtime: deep_train batch dataset=uab_workload_dataset model=chronaris_public_fusion track=objective group=n_back seed=42 fold=002/002 epoch=001/005 batch=080/205 loss=1.110434 elapsed_s=1.2 status=running
2026-07-02 01:04:09,158 INFO chronaris.pipelines.stage_i.public.deep_baseline_runtime: deep_train batch dataset=uab_workload_dataset model=chronaris_public_fusion track=objective group=n_back seed=42 fold=002/002 epoch=001/005 batch=100/205 loss=1.085904 elapsed_s=1.5 status=running
2026-07-02 01:04:09,424 INFO chronaris.pipelines.stage_i.public.deep_baseline_runtime: deep_train batch dataset=uab_workload_dataset model=chronaris_public_fusion track=objective group=n_back seed=42 fold=002/002 epoch=001/005 batch=120/205 loss=1.096240 elapsed_s=1.7 status=running
2026-07-02 01:04:09,698 INFO chronaris.pipelines.stage_i.public.deep_baseline_runtime: deep_train batch dataset=uab_workload_dataset model=chronaris_public_fusion track=objective group=n_back seed=42 fold=002/002 epoch=001/005 batch=140/205 loss=1.102187 elapsed_s=2.0 status=running
2026-07-02 01:04:09,964 INFO chronaris.pipelines.stage_i.public.deep_baseline_runtime: deep_train batch dataset=uab_workload_dataset model=chronaris_public_fusion track=objective group=n_back seed=42 fold=002/002 epoch=001/005 batch=160/205 loss=1.105787 elapsed_s=2.3 status=running
2026-07-02 01:04:10,231 INFO chronaris.pipelines.stage_i.public.deep_baseline_runtime: deep_train batch dataset=uab_workload_dataset model=chronaris_public_fusion track=objective group=n_back seed=42 fold=002/002 epoch=001/005 batch=180/205 loss=1.098211 elapsed_s=2.5 status=running
2026-07-02 01:04:10,496 INFO chronaris.pipelines.stage_i.public.deep_baseline_runtime: deep_train batch dataset=uab_workload_dataset model=chronaris_public_fusion track=objective group=n_back seed=42 fold=002/002 epoch=001/005 batch=200/205 loss=1.096784 elapsed_s=2.8 status=running
2026-07-02 01:04:10,564 INFO chronaris.pipelines.stage_i.public.deep_baseline_runtime: deep_train batch dataset=uab_workload_dataset model=chronaris_public_fusion track=objective group=n_back seed=42 fold=002/002 epoch=001/005 batch=205/205 loss=1.098682 elapsed_s=2.9 status=running
2026-07-02 01:04:10,566 INFO chronaris.pipelines.stage_i.public.deep_baseline_runtime: deep_train epoch_done dataset=uab_workload_dataset model=chronaris_public_fusion track=objective group=n_back seed=42 fold=002/002 epoch=001/005 train_loss=1.100734 elapsed_s=2.9
2026-07-02 01:04:10,599 INFO chronaris.pipelines.stage_i.public.deep_baseline_runtime: deep_train epoch_start dataset=uab_workload_dataset model=chronaris_public_fusion track=objective group=n_back seed=42 fold=002/002 epoch=002/005 batch_count=205
2026-07-02 01:04:10,620 INFO chronaris.pipelines.stage_i.public.deep_baseline_runtime: deep_train batch dataset=uab_workload_dataset model=chronaris_public_fusion track=objective group=n_back seed=42 fold=002/002 epoch=002/005 batch=001/205 loss=1.088254 elapsed_s=2.9 status=running
2026-07-02 01:04:10,880 INFO chronaris.pipelines.stage_i.public.deep_baseline_runtime: deep_train batch dataset=uab_workload_dataset model=chronaris_public_fusion track=objective group=n_back seed=42 fold=002/002 epoch=002/005 batch=020/205 loss=1.102404 elapsed_s=3.2 status=running
2026-07-02 01:04:11,152 INFO chronaris.pipelines.stage_i.public.deep_baseline_runtime: deep_train batch dataset=uab_workload_dataset model=chronaris_public_fusion track=objective group=n_back seed=42 fold=002/002 epoch=002/005 batch=040/205 loss=1.102579 elapsed_s=3.5 status=running
2026-07-02 01:04:11,426 INFO chronaris.pipelines.stage_i.public.deep_baseline_runtime: deep_train batch dataset=uab_workload_dataset model=chronaris_public_fusion track=objective group=n_back seed=42 fold=002/002 epoch=002/005 batch=060/205 loss=1.094746 elapsed_s=3.7 status=running
2026-07-02 01:04:11,698 INFO chronaris.pipelines.stage_i.public.deep_baseline_runtime: deep_train batch dataset=uab_workload_dataset model=chronaris_public_fusion track=objective group=n_back seed=42 fold=002/002 epoch=002/005 batch=080/205 loss=1.095732 elapsed_s=4.0 status=running
2026-07-02 01:04:11,975 INFO chronaris.pipelines.stage_i.public.deep_baseline_runtime: deep_train batch dataset=uab_workload_dataset model=chronaris_public_fusion track=objective group=n_back seed=42 fold=002/002 epoch=002/005 batch=100/205 loss=1.089295 elapsed_s=4.3 status=running
2026-07-02 01:04:12,246 INFO chronaris.pipelines.stage_i.public.deep_baseline_runtime: deep_train batch dataset=uab_workload_dataset model=chronaris_public_fusion track=objective group=n_back seed=42 fold=002/002 epoch=002/005 batch=120/205 loss=1.094176 elapsed_s=4.6 status=running
2026-07-02 01:04:12,515 INFO chronaris.pipelines.stage_i.public.deep_baseline_runtime: deep_train batch dataset=uab_workload_dataset model=chronaris_public_fusion track=objective group=n_back seed=42 fold=002/002 epoch=002/005 batch=140/205 loss=1.111627 elapsed_s=4.8 status=running
2026-07-02 01:04:12,781 INFO chronaris.pipelines.stage_i.public.deep_baseline_runtime: deep_train batch dataset=uab_workload_dataset model=chronaris_public_fusion track=objective group=n_back seed=42 fold=002/002 epoch=002/005 batch=160/205 loss=1.094493 elapsed_s=5.1 status=running
2026-07-02 01:04:13,055 INFO chronaris.pipelines.stage_i.public.deep_baseline_runtime: deep_train batch dataset=uab_workload_dataset model=chronaris_public_fusion track=objective group=n_back seed=42 fold=002/002 epoch=002/005 batch=180/205 loss=1.100286 elapsed_s=5.4 status=running
2026-07-02 01:04:13,326 INFO chronaris.pipelines.stage_i.public.deep_baseline_runtime: deep_train batch dataset=uab_workload_dataset model=chronaris_public_fusion track=objective group=n_back seed=42 fold=002/002 epoch=002/005 batch=200/205 loss=1.098611 elapsed_s=5.6 status=running
2026-07-02 01:04:13,394 INFO chronaris.pipelines.stage_i.public.deep_baseline_runtime: deep_train batch dataset=uab_workload_dataset model=chronaris_public_fusion track=objective group=n_back seed=42 fold=002/002 epoch=002/005 batch=205/205 loss=1.079531 elapsed_s=5.7 status=running
2026-07-02 01:04:13,397 INFO chronaris.pipelines.stage_i.public.deep_baseline_runtime: deep_train epoch_done dataset=uab_workload_dataset model=chronaris_public_fusion track=objective group=n_back seed=42 fold=002/002 epoch=002/005 train_loss=1.097718 elapsed_s=2.8
2026-07-02 01:04:13,433 INFO chronaris.pipelines.stage_i.public.deep_baseline_runtime: deep_train epoch_start dataset=uab_workload_dataset model=chronaris_public_fusion track=objective group=n_back seed=42 fold=002/002 epoch=003/005 batch_count=205
2026-07-02 01:04:13,460 INFO chronaris.pipelines.stage_i.public.deep_baseline_runtime: deep_train batch dataset=uab_workload_dataset model=chronaris_public_fusion track=objective group=n_back seed=42 fold=002/002 epoch=003/005 batch=001/205 loss=1.100990 elapsed_s=5.8 status=running
2026-07-02 01:04:13,727 INFO chronaris.pipelines.stage_i.public.deep_baseline_runtime: deep_train batch dataset=uab_workload_dataset model=chronaris_public_fusion track=objective group=n_back seed=42 fold=002/002 epoch=003/005 batch=020/205 loss=1.102173 elapsed_s=6.0 status=running
2026-07-02 01:04:14,010 INFO chronaris.pipelines.stage_i.public.deep_baseline_runtime: deep_train batch dataset=uab_workload_dataset model=chronaris_public_fusion track=objective group=n_back seed=42 fold=002/002 epoch=003/005 batch=040/205 loss=1.107128 elapsed_s=6.3 status=running
2026-07-02 01:04:14,283 INFO chronaris.pipelines.stage_i.public.deep_baseline_runtime: deep_train batch dataset=uab_workload_dataset model=chronaris_public_fusion track=objective group=n_back seed=42 fold=002/002 epoch=003/005 batch=060/205 loss=1.096597 elapsed_s=6.6 status=running
2026-07-02 01:04:14,551 INFO chronaris.pipelines.stage_i.public.deep_baseline_runtime: deep_train batch dataset=uab_workload_dataset model=chronaris_public_fusion track=objective group=n_back seed=42 fold=002/002 epoch=003/005 batch=080/205 loss=1.088996 elapsed_s=6.9 status=running
2026-07-02 01:04:14,817 INFO chronaris.pipelines.stage_i.public.deep_baseline_runtime: deep_train batch dataset=uab_workload_dataset model=chronaris_public_fusion track=objective group=n_back seed=42 fold=002/002 epoch=003/005 batch=100/205 loss=1.098281 elapsed_s=7.1 status=running
2026-07-02 01:04:15,080 INFO chronaris.pipelines.stage_i.public.deep_baseline_runtime: deep_train batch dataset=uab_workload_dataset model=chronaris_public_fusion track=objective group=n_back seed=42 fold=002/002 epoch=003/005 batch=120/205 loss=1.091579 elapsed_s=7.4 status=running
2026-07-02 01:04:15,351 INFO chronaris.pipelines.stage_i.public.deep_baseline_runtime: deep_train batch dataset=uab_workload_dataset model=chronaris_public_fusion track=objective group=n_back seed=42 fold=002/002 epoch=003/005 batch=140/205 loss=1.091266 elapsed_s=7.7 status=running
2026-07-02 01:04:15,622 INFO chronaris.pipelines.stage_i.public.deep_baseline_runtime: deep_train batch dataset=uab_workload_dataset model=chronaris_public_fusion track=objective group=n_back seed=42 fold=002/002 epoch=003/005 batch=160/205 loss=1.094806 elapsed_s=7.9 status=running
2026-07-02 01:04:15,918 INFO chronaris.pipelines.stage_i.public.deep_baseline_runtime: deep_train batch dataset=uab_workload_dataset model=chronaris_public_fusion track=objective group=n_back seed=42 fold=002/002 epoch=003/005 batch=180/205 loss=1.095855 elapsed_s=8.2 status=running
2026-07-02 01:04:16,197 INFO chronaris.pipelines.stage_i.public.deep_baseline_runtime: deep_train batch dataset=uab_workload_dataset model=chronaris_public_fusion track=objective group=n_back seed=42 fold=002/002 epoch=003/005 batch=200/205 loss=1.098232 elapsed_s=8.5 status=running
2026-07-02 01:04:16,264 INFO chronaris.pipelines.stage_i.public.deep_baseline_runtime: deep_train batch dataset=uab_workload_dataset model=chronaris_public_fusion track=objective group=n_back seed=42 fold=002/002 epoch=003/005 batch=205/205 loss=1.089968 elapsed_s=8.6 status=running
2026-07-02 01:04:16,267 INFO chronaris.pipelines.stage_i.public.deep_baseline_runtime: deep_train epoch_done dataset=uab_workload_dataset model=chronaris_public_fusion track=objective group=n_back seed=42 fold=002/002 epoch=003/005 train_loss=1.097751 elapsed_s=2.8
2026-07-02 01:04:16,303 INFO chronaris.pipelines.stage_i.public.deep_baseline_runtime: deep_train epoch_start dataset=uab_workload_dataset model=chronaris_public_fusion track=objective group=n_back seed=42 fold=002/002 epoch=004/005 batch_count=205
2026-07-02 01:04:16,332 INFO chronaris.pipelines.stage_i.public.deep_baseline_runtime: deep_train batch dataset=uab_workload_dataset model=chronaris_public_fusion track=objective group=n_back seed=42 fold=002/002 epoch=004/005 batch=001/205 loss=1.099191 elapsed_s=8.6 status=running
2026-07-02 01:04:16,590 INFO chronaris.pipelines.stage_i.public.deep_baseline_runtime: deep_train batch dataset=uab_workload_dataset model=chronaris_public_fusion track=objective group=n_back seed=42 fold=002/002 epoch=004/005 batch=020/205 loss=1.094026 elapsed_s=8.9 status=running
2026-07-02 01:04:16,867 INFO chronaris.pipelines.stage_i.public.deep_baseline_runtime: deep_train batch dataset=uab_workload_dataset model=chronaris_public_fusion track=objective group=n_back seed=42 fold=002/002 epoch=004/005 batch=040/205 loss=1.089988 elapsed_s=9.2 status=running
2026-07-02 01:04:17,142 INFO chronaris.pipelines.stage_i.public.deep_baseline_runtime: deep_train batch dataset=uab_workload_dataset model=chronaris_public_fusion track=objective group=n_back seed=42 fold=002/002 epoch=004/005 batch=060/205 loss=1.098467 elapsed_s=9.5 status=running
2026-07-02 01:04:17,415 INFO chronaris.pipelines.stage_i.public.deep_baseline_runtime: deep_train batch dataset=uab_workload_dataset model=chronaris_public_fusion track=objective group=n_back seed=42 fold=002/002 epoch=004/005 batch=080/205 loss=1.102007 elapsed_s=9.7 status=running
2026-07-02 01:04:17,684 INFO chronaris.pipelines.stage_i.public.deep_baseline_runtime: deep_train batch dataset=uab_workload_dataset model=chronaris_public_fusion track=objective group=n_back seed=42 fold=002/002 epoch=004/005 batch=100/205 loss=1.099862 elapsed_s=10.0 status=running
2026-07-02 01:04:17,965 INFO chronaris.pipelines.stage_i.public.deep_baseline_runtime: deep_train batch dataset=uab_workload_dataset model=chronaris_public_fusion track=objective group=n_back seed=42 fold=002/002 epoch=004/005 batch=120/205 loss=1.091158 elapsed_s=10.3 status=running
2026-07-02 01:04:18,233 INFO chronaris.pipelines.stage_i.public.deep_baseline_runtime: deep_train batch dataset=uab_workload_dataset model=chronaris_public_fusion track=objective group=n_back seed=42 fold=002/002 epoch=004/005 batch=140/205 loss=1.095235 elapsed_s=10.5 status=running
2026-07-02 01:04:19,457 INFO chronaris.pipelines.stage_i.public.deep_baseline_runtime: deep_train batch dataset=uab_workload_dataset model=chronaris_public_fusion track=objective group=n_back seed=42 fold=002/002 epoch=004/005 batch=160/205 loss=1.088288 elapsed_s=10.8 status=running
2026-07-02 01:04:21,745 INFO chronaris.pipelines.stage_i.public.deep_baseline_runtime: deep_train batch dataset=uab_workload_dataset model=chronaris_public_fusion track=objective group=n_back seed=42 fold=002/002 epoch=004/005 batch=180/205 loss=1.103835 elapsed_s=11.1 status=running
2026-07-02 01:04:22,016 INFO chronaris.pipelines.stage_i.public.deep_baseline_runtime: deep_train batch dataset=uab_workload_dataset model=chronaris_public_fusion track=objective group=n_back seed=42 fold=002/002 epoch=004/005 batch=200/205 loss=1.102497 elapsed_s=11.4 status=running
2026-07-02 01:04:22,088 INFO chronaris.pipelines.stage_i.public.deep_baseline_runtime: deep_train batch dataset=uab_workload_dataset model=chronaris_public_fusion track=objective group=n_back seed=42 fold=002/002 epoch=004/005 batch=205/205 loss=1.101557 elapsed_s=11.4 status=running
2026-07-02 01:04:22,091 INFO chronaris.pipelines.stage_i.public.deep_baseline_runtime: deep_train epoch_done dataset=uab_workload_dataset model=chronaris_public_fusion track=objective group=n_back seed=42 fold=002/002 epoch=004/005 train_loss=1.097322 elapsed_s=2.8
2026-07-02 01:04:22,126 INFO chronaris.pipelines.stage_i.public.deep_baseline_runtime: deep_train epoch_start dataset=uab_workload_dataset model=chronaris_public_fusion track=objective group=n_back seed=42 fold=002/002 epoch=005/005 batch_count=205
2026-07-02 01:04:22,211 INFO chronaris.pipelines.stage_i.public.deep_baseline_runtime: deep_train batch dataset=uab_workload_dataset model=chronaris_public_fusion track=objective group=n_back seed=42 fold=002/002 epoch=005/005 batch=001/205 loss=1.087420 elapsed_s=11.5 status=running
2026-07-02 01:04:22,476 INFO chronaris.pipelines.stage_i.public.deep_baseline_runtime: deep_train batch dataset=uab_workload_dataset model=chronaris_public_fusion track=objective group=n_back seed=42 fold=002/002 epoch=005/005 batch=020/205 loss=1.090843 elapsed_s=11.8 status=running
2026-07-02 01:04:22,747 INFO chronaris.pipelines.stage_i.public.deep_baseline_runtime: deep_train batch dataset=uab_workload_dataset model=chronaris_public_fusion track=objective group=n_back seed=42 fold=002/002 epoch=005/005 batch=040/205 loss=1.101002 elapsed_s=12.1 status=running
2026-07-02 01:04:23,030 INFO chronaris.pipelines.stage_i.public.deep_baseline_runtime: deep_train batch dataset=uab_workload_dataset model=chronaris_public_fusion track=objective group=n_back seed=42 fold=002/002 epoch=005/005 batch=060/205 loss=1.097594 elapsed_s=12.4 status=running
2026-07-02 01:04:23,302 INFO chronaris.pipelines.stage_i.public.deep_baseline_runtime: deep_train batch dataset=uab_workload_dataset model=chronaris_public_fusion track=objective group=n_back seed=42 fold=002/002 epoch=005/005 batch=080/205 loss=1.095584 elapsed_s=12.6 status=running
2026-07-02 01:04:23,575 INFO chronaris.pipelines.stage_i.public.deep_baseline_runtime: deep_train batch dataset=uab_workload_dataset model=chronaris_public_fusion track=objective group=n_back seed=42 fold=002/002 epoch=005/005 batch=100/205 loss=1.102687 elapsed_s=12.9 status=running
2026-07-02 01:04:23,842 INFO chronaris.pipelines.stage_i.public.deep_baseline_runtime: deep_train batch dataset=uab_workload_dataset model=chronaris_public_fusion track=objective group=n_back seed=42 fold=002/002 epoch=005/005 batch=120/205 loss=1.098118 elapsed_s=13.2 status=running
2026-07-02 01:04:24,125 INFO chronaris.pipelines.stage_i.public.deep_baseline_runtime: deep_train batch dataset=uab_workload_dataset model=chronaris_public_fusion track=objective group=n_back seed=42 fold=002/002 epoch=005/005 batch=140/205 loss=1.088209 elapsed_s=13.5 status=running
2026-07-02 01:04:24,405 INFO chronaris.pipelines.stage_i.public.deep_baseline_runtime: deep_train batch dataset=uab_workload_dataset model=chronaris_public_fusion track=objective group=n_back seed=42 fold=002/002 epoch=005/005 batch=160/205 loss=1.096889 elapsed_s=13.7 status=running
2026-07-02 01:04:24,681 INFO chronaris.pipelines.stage_i.public.deep_baseline_runtime: deep_train batch dataset=uab_workload_dataset model=chronaris_public_fusion track=objective group=n_back seed=42 fold=002/002 epoch=005/005 batch=180/205 loss=1.098628 elapsed_s=14.0 status=running
2026-07-02 01:04:24,969 INFO chronaris.pipelines.stage_i.public.deep_baseline_runtime: deep_train batch dataset=uab_workload_dataset model=chronaris_public_fusion track=objective group=n_back seed=42 fold=002/002 epoch=005/005 batch=200/205 loss=1.081341 elapsed_s=14.3 status=running
2026-07-02 01:04:25,051 INFO chronaris.pipelines.stage_i.public.deep_baseline_runtime: deep_train batch dataset=uab_workload_dataset model=chronaris_public_fusion track=objective group=n_back seed=42 fold=002/002 epoch=005/005 batch=205/205 loss=1.113832 elapsed_s=14.4 status=running
2026-07-02 01:04:25,054 INFO chronaris.pipelines.stage_i.public.deep_baseline_runtime: deep_train epoch_done dataset=uab_workload_dataset model=chronaris_public_fusion track=objective group=n_back seed=42 fold=002/002 epoch=005/005 train_loss=1.096893 elapsed_s=2.9
2026-07-02 01:04:25,092 INFO chronaris.pipelines.stage_i.public.deep_baseline_runtime: deep_train fold_done dataset=uab_workload_dataset model=chronaris_public_fusion track=objective group=n_back seed=42 fold=002/002 elapsed_s=14.4
2026-07-02 01:04:28,194 INFO chronaris.pipelines.stage_i.public.deep_baseline_runtime: deep_train fold_start dataset=uab_workload_dataset model=chronaris_public_fusion track=objective group=heat_the_chair seed=42 fold=001/002 split_group=subject_01 task=classification train_count=5116 epochs=5 batch_size=128
2026-07-02 01:04:28,197 INFO chronaris.pipelines.stage_i.public.deep_baseline_runtime: deep_train epoch_start dataset=uab_workload_dataset model=chronaris_public_fusion track=objective group=heat_the_chair seed=42 fold=001/002 epoch=001/005 batch_count=40
2026-07-02 01:04:28,266 INFO chronaris.pipelines.stage_i.public.deep_baseline_runtime: deep_train batch dataset=uab_workload_dataset model=chronaris_public_fusion track=objective group=heat_the_chair seed=42 fold=001/002 epoch=001/005 batch=001/040 loss=0.697273 elapsed_s=0.1 status=running
2026-07-02 01:04:28,641 INFO chronaris.pipelines.stage_i.public.deep_baseline_runtime: deep_train batch dataset=uab_workload_dataset model=chronaris_public_fusion track=objective group=heat_the_chair seed=42 fold=001/002 epoch=001/005 batch=020/040 loss=0.707892 elapsed_s=0.4 status=running
2026-07-02 01:04:28,899 INFO chronaris.pipelines.stage_i.public.deep_baseline_runtime: deep_train batch dataset=uab_workload_dataset model=chronaris_public_fusion track=objective group=heat_the_chair seed=42 fold=001/002 epoch=001/005 batch=040/040 loss=0.685974 elapsed_s=0.7 status=running
2026-07-02 01:04:28,903 INFO chronaris.pipelines.stage_i.public.deep_baseline_runtime: deep_train epoch_done dataset=uab_workload_dataset model=chronaris_public_fusion track=objective group=heat_the_chair seed=42 fold=001/002 epoch=001/005 train_loss=0.689314 elapsed_s=0.7
2026-07-02 01:04:28,939 INFO chronaris.pipelines.stage_i.public.deep_baseline_runtime: deep_train epoch_start dataset=uab_workload_dataset model=chronaris_public_fusion track=objective group=heat_the_chair seed=42 fold=001/002 epoch=002/005 batch_count=40
2026-07-02 01:04:28,955 INFO chronaris.pipelines.stage_i.public.deep_baseline_runtime: deep_train batch dataset=uab_workload_dataset model=chronaris_public_fusion track=objective group=heat_the_chair seed=42 fold=001/002 epoch=002/005 batch=001/040 loss=0.677634 elapsed_s=0.8 status=running
2026-07-02 01:04:29,224 INFO chronaris.pipelines.stage_i.public.deep_baseline_runtime: deep_train batch dataset=uab_workload_dataset model=chronaris_public_fusion track=objective group=heat_the_chair seed=42 fold=001/002 epoch=002/005 batch=020/040 loss=0.691096 elapsed_s=1.0 status=running
2026-07-02 01:04:29,498 INFO chronaris.pipelines.stage_i.public.deep_baseline_runtime: deep_train batch dataset=uab_workload_dataset model=chronaris_public_fusion track=objective group=heat_the_chair seed=42 fold=001/002 epoch=002/005 batch=040/040 loss=0.674164 elapsed_s=1.3 status=running
2026-07-02 01:04:29,501 INFO chronaris.pipelines.stage_i.public.deep_baseline_runtime: deep_train epoch_done dataset=uab_workload_dataset model=chronaris_public_fusion track=objective group=heat_the_chair seed=42 fold=001/002 epoch=002/005 train_loss=0.686858 elapsed_s=0.6
2026-07-02 01:04:29,537 INFO chronaris.pipelines.stage_i.public.deep_baseline_runtime: deep_train epoch_start dataset=uab_workload_dataset model=chronaris_public_fusion track=objective group=heat_the_chair seed=42 fold=001/002 epoch=003/005 batch_count=40
2026-07-02 01:04:29,591 INFO chronaris.pipelines.stage_i.public.deep_baseline_runtime: deep_train batch dataset=uab_workload_dataset model=chronaris_public_fusion track=objective group=heat_the_chair seed=42 fold=001/002 epoch=003/005 batch=001/040 loss=0.684246 elapsed_s=1.4 status=running
2026-07-02 01:04:29,846 INFO chronaris.pipelines.stage_i.public.deep_baseline_runtime: deep_train batch dataset=uab_workload_dataset model=chronaris_public_fusion track=objective group=heat_the_chair seed=42 fold=001/002 epoch=003/005 batch=020/040 loss=0.668409 elapsed_s=1.6 status=running
2026-07-02 01:04:30,126 INFO chronaris.pipelines.stage_i.public.deep_baseline_runtime: deep_train batch dataset=uab_workload_dataset model=chronaris_public_fusion track=objective group=heat_the_chair seed=42 fold=001/002 epoch=003/005 batch=040/040 loss=0.702320 elapsed_s=1.9 status=running
2026-07-02 01:04:30,129 INFO chronaris.pipelines.stage_i.public.deep_baseline_runtime: deep_train epoch_done dataset=uab_workload_dataset model=chronaris_public_fusion track=objective group=heat_the_chair seed=42 fold=001/002 epoch=003/005 train_loss=0.684291 elapsed_s=0.6
2026-07-02 01:04:30,166 INFO chronaris.pipelines.stage_i.public.deep_baseline_runtime: deep_train epoch_start dataset=uab_workload_dataset model=chronaris_public_fusion track=objective group=heat_the_chair seed=42 fold=001/002 epoch=004/005 batch_count=40
2026-07-02 01:04:30,238 INFO chronaris.pipelines.stage_i.public.deep_baseline_runtime: deep_train batch dataset=uab_workload_dataset model=chronaris_public_fusion track=objective group=heat_the_chair seed=42 fold=001/002 epoch=004/005 batch=001/040 loss=0.673607 elapsed_s=2.0 status=running
2026-07-02 01:04:30,529 INFO chronaris.pipelines.stage_i.public.deep_baseline_runtime: deep_train batch dataset=uab_workload_dataset model=chronaris_public_fusion track=objective group=heat_the_chair seed=42 fold=001/002 epoch=004/005 batch=020/040 loss=0.685402 elapsed_s=2.3 status=running
2026-07-02 01:04:30,800 INFO chronaris.pipelines.stage_i.public.deep_baseline_runtime: deep_train batch dataset=uab_workload_dataset model=chronaris_public_fusion track=objective group=heat_the_chair seed=42 fold=001/002 epoch=004/005 batch=040/040 loss=0.702939 elapsed_s=2.6 status=running
2026-07-02 01:04:30,804 INFO chronaris.pipelines.stage_i.public.deep_baseline_runtime: deep_train epoch_done dataset=uab_workload_dataset model=chronaris_public_fusion track=objective group=heat_the_chair seed=42 fold=001/002 epoch=004/005 train_loss=0.686170 elapsed_s=0.6
2026-07-02 01:04:30,840 INFO chronaris.pipelines.stage_i.public.deep_baseline_runtime: deep_train epoch_start dataset=uab_workload_dataset model=chronaris_public_fusion track=objective group=heat_the_chair seed=42 fold=001/002 epoch=005/005 batch_count=40
2026-07-02 01:04:30,857 INFO chronaris.pipelines.stage_i.public.deep_baseline_runtime: deep_train batch dataset=uab_workload_dataset model=chronaris_public_fusion track=objective group=heat_the_chair seed=42 fold=001/002 epoch=005/005 batch=001/040 loss=0.682503 elapsed_s=2.7 status=running
2026-07-02 01:04:31,113 INFO chronaris.pipelines.stage_i.public.deep_baseline_runtime: deep_train batch dataset=uab_workload_dataset model=chronaris_public_fusion track=objective group=heat_the_chair seed=42 fold=001/002 epoch=005/005 batch=020/040 loss=0.680822 elapsed_s=2.9 status=running
2026-07-02 01:04:31,395 INFO chronaris.pipelines.stage_i.public.deep_baseline_runtime: deep_train batch dataset=uab_workload_dataset model=chronaris_public_fusion track=objective group=heat_the_chair seed=42 fold=001/002 epoch=005/005 batch=040/040 loss=0.691090 elapsed_s=3.2 status=running
2026-07-02 01:04:31,398 INFO chronaris.pipelines.stage_i.public.deep_baseline_runtime: deep_train epoch_done dataset=uab_workload_dataset model=chronaris_public_fusion track=objective group=heat_the_chair seed=42 fold=001/002 epoch=005/005 train_loss=0.684286 elapsed_s=0.6
2026-07-02 01:04:31,432 INFO chronaris.pipelines.stage_i.public.deep_baseline_runtime: deep_train fold_done dataset=uab_workload_dataset model=chronaris_public_fusion track=objective group=heat_the_chair seed=42 fold=001/002 elapsed_s=3.2
2026-07-02 01:04:32,880 INFO chronaris.pipelines.stage_i.public.deep_baseline_runtime: deep_train fold_start dataset=uab_workload_dataset model=chronaris_public_fusion track=objective group=heat_the_chair seed=42 fold=002/002 split_group=subject_02 task=classification train_count=5126 epochs=5 batch_size=128
2026-07-02 01:04:32,884 INFO chronaris.pipelines.stage_i.public.deep_baseline_runtime: deep_train epoch_start dataset=uab_workload_dataset model=chronaris_public_fusion track=objective group=heat_the_chair seed=42 fold=002/002 epoch=001/005 batch_count=41
2026-07-02 01:04:32,906 INFO chronaris.pipelines.stage_i.public.deep_baseline_runtime: deep_train batch dataset=uab_workload_dataset model=chronaris_public_fusion track=objective group=heat_the_chair seed=42 fold=002/002 epoch=001/005 batch=001/041 loss=0.703638 elapsed_s=0.0 status=running
2026-07-02 01:04:33,168 INFO chronaris.pipelines.stage_i.public.deep_baseline_runtime: deep_train batch dataset=uab_workload_dataset model=chronaris_public_fusion track=objective group=heat_the_chair seed=42 fold=002/002 epoch=001/005 batch=020/041 loss=0.726865 elapsed_s=0.3 status=running
2026-07-02 01:04:33,448 INFO chronaris.pipelines.stage_i.public.deep_baseline_runtime: deep_train batch dataset=uab_workload_dataset model=chronaris_public_fusion track=objective group=heat_the_chair seed=42 fold=002/002 epoch=001/005 batch=040/041 loss=0.686086 elapsed_s=0.6 status=running
2026-07-02 01:04:33,464 INFO chronaris.pipelines.stage_i.public.deep_baseline_runtime: deep_train batch dataset=uab_workload_dataset model=chronaris_public_fusion track=objective group=heat_the_chair seed=42 fold=002/002 epoch=001/005 batch=041/041 loss=0.647327 elapsed_s=0.6 status=running
2026-07-02 01:04:33,468 INFO chronaris.pipelines.stage_i.public.deep_baseline_runtime: deep_train epoch_done dataset=uab_workload_dataset model=chronaris_public_fusion track=objective group=heat_the_chair seed=42 fold=002/002 epoch=001/005 train_loss=0.692389 elapsed_s=0.6
2026-07-02 01:04:33,503 INFO chronaris.pipelines.stage_i.public.deep_baseline_runtime: deep_train epoch_start dataset=uab_workload_dataset model=chronaris_public_fusion track=objective group=heat_the_chair seed=42 fold=002/002 epoch=002/005 batch_count=41
2026-07-02 01:04:33,520 INFO chronaris.pipelines.stage_i.public.deep_baseline_runtime: deep_train batch dataset=uab_workload_dataset model=chronaris_public_fusion track=objective group=heat_the_chair seed=42 fold=002/002 epoch=002/005 batch=001/041 loss=0.684013 elapsed_s=0.6 status=running
2026-07-02 01:04:33,778 INFO chronaris.pipelines.stage_i.public.deep_baseline_runtime: deep_train batch dataset=uab_workload_dataset model=chronaris_public_fusion track=objective group=heat_the_chair seed=42 fold=002/002 epoch=002/005 batch=020/041 loss=0.679750 elapsed_s=0.9 status=running
2026-07-02 01:04:34,042 INFO chronaris.pipelines.stage_i.public.deep_baseline_runtime: deep_train batch dataset=uab_workload_dataset model=chronaris_public_fusion track=objective group=heat_the_chair seed=42 fold=002/002 epoch=002/005 batch=040/041 loss=0.696562 elapsed_s=1.2 status=running
2026-07-02 01:04:34,059 INFO chronaris.pipelines.stage_i.public.deep_baseline_runtime: deep_train batch dataset=uab_workload_dataset model=chronaris_public_fusion track=objective group=heat_the_chair seed=42 fold=002/002 epoch=002/005 batch=041/041 loss=0.632789 elapsed_s=1.2 status=running
2026-07-02 01:04:34,062 INFO chronaris.pipelines.stage_i.public.deep_baseline_runtime: deep_train epoch_done dataset=uab_workload_dataset model=chronaris_public_fusion track=objective group=heat_the_chair seed=42 fold=002/002 epoch=002/005 train_loss=0.684570 elapsed_s=0.6
2026-07-02 01:04:34,166 INFO chronaris.pipelines.stage_i.public.deep_baseline_runtime: deep_train epoch_start dataset=uab_workload_dataset model=chronaris_public_fusion track=objective group=heat_the_chair seed=42 fold=002/002 epoch=003/005 batch_count=41
2026-07-02 01:04:34,185 INFO chronaris.pipelines.stage_i.public.deep_baseline_runtime: deep_train batch dataset=uab_workload_dataset model=chronaris_public_fusion track=objective group=heat_the_chair seed=42 fold=002/002 epoch=003/005 batch=001/041 loss=0.666910 elapsed_s=1.3 status=running
2026-07-02 01:04:34,493 INFO chronaris.pipelines.stage_i.public.deep_baseline_runtime: deep_train batch dataset=uab_workload_dataset model=chronaris_public_fusion track=objective group=heat_the_chair seed=42 fold=002/002 epoch=003/005 batch=020/041 loss=0.652316 elapsed_s=1.6 status=running
2026-07-02 01:04:34,771 INFO chronaris.pipelines.stage_i.public.deep_baseline_runtime: deep_train batch dataset=uab_workload_dataset model=chronaris_public_fusion track=objective group=heat_the_chair seed=42 fold=002/002 epoch=003/005 batch=040/041 loss=0.684120 elapsed_s=1.9 status=running
2026-07-02 01:04:34,787 INFO chronaris.pipelines.stage_i.public.deep_baseline_runtime: deep_train batch dataset=uab_workload_dataset model=chronaris_public_fusion track=objective group=heat_the_chair seed=42 fold=002/002 epoch=003/005 batch=041/041 loss=0.725506 elapsed_s=1.9 status=running
2026-07-02 01:04:34,791 INFO chronaris.pipelines.stage_i.public.deep_baseline_runtime: deep_train epoch_done dataset=uab_workload_dataset model=chronaris_public_fusion track=objective group=heat_the_chair seed=42 fold=002/002 epoch=003/005 train_loss=0.685459 elapsed_s=0.6
2026-07-02 01:04:34,827 INFO chronaris.pipelines.stage_i.public.deep_baseline_runtime: deep_train epoch_start dataset=uab_workload_dataset model=chronaris_public_fusion track=objective group=heat_the_chair seed=42 fold=002/002 epoch=004/005 batch_count=41
2026-07-02 01:04:34,847 INFO chronaris.pipelines.stage_i.public.deep_baseline_runtime: deep_train batch dataset=uab_workload_dataset model=chronaris_public_fusion track=objective group=heat_the_chair seed=42 fold=002/002 epoch=004/005 batch=001/041 loss=0.674827 elapsed_s=2.0 status=running
2026-07-02 01:04:35,104 INFO chronaris.pipelines.stage_i.public.deep_baseline_runtime: deep_train batch dataset=uab_workload_dataset model=chronaris_public_fusion track=objective group=heat_the_chair seed=42 fold=002/002 epoch=004/005 batch=020/041 loss=0.678259 elapsed_s=2.2 status=running
2026-07-02 01:04:35,378 INFO chronaris.pipelines.stage_i.public.deep_baseline_runtime: deep_train batch dataset=uab_workload_dataset model=chronaris_public_fusion track=objective group=heat_the_chair seed=42 fold=002/002 epoch=004/005 batch=040/041 loss=0.696639 elapsed_s=2.5 status=running
2026-07-02 01:04:35,395 INFO chronaris.pipelines.stage_i.public.deep_baseline_runtime: deep_train batch dataset=uab_workload_dataset model=chronaris_public_fusion track=objective group=heat_the_chair seed=42 fold=002/002 epoch=004/005 batch=041/041 loss=0.803602 elapsed_s=2.5 status=running
2026-07-02 01:04:35,399 INFO chronaris.pipelines.stage_i.public.deep_baseline_runtime: deep_train epoch_done dataset=uab_workload_dataset model=chronaris_public_fusion track=objective group=heat_the_chair seed=42 fold=002/002 epoch=004/005 train_loss=0.686582 elapsed_s=0.6
2026-07-02 01:04:35,436 INFO chronaris.pipelines.stage_i.public.deep_baseline_runtime: deep_train epoch_start dataset=uab_workload_dataset model=chronaris_public_fusion track=objective group=heat_the_chair seed=42 fold=002/002 epoch=005/005 batch_count=41
2026-07-02 01:04:35,457 INFO chronaris.pipelines.stage_i.public.deep_baseline_runtime: deep_train batch dataset=uab_workload_dataset model=chronaris_public_fusion track=objective group=heat_the_chair seed=42 fold=002/002 epoch=005/005 batch=001/041 loss=0.686016 elapsed_s=2.6 status=running
2026-07-02 01:04:35,712 INFO chronaris.pipelines.stage_i.public.deep_baseline_runtime: deep_train batch dataset=uab_workload_dataset model=chronaris_public_fusion track=objective group=heat_the_chair seed=42 fold=002/002 epoch=005/005 batch=020/041 loss=0.665539 elapsed_s=2.8 status=running
2026-07-02 01:04:35,988 INFO chronaris.pipelines.stage_i.public.deep_baseline_runtime: deep_train batch dataset=uab_workload_dataset model=chronaris_public_fusion track=objective group=heat_the_chair seed=42 fold=002/002 epoch=005/005 batch=040/041 loss=0.690892 elapsed_s=3.1 status=running
2026-07-02 01:04:36,007 INFO chronaris.pipelines.stage_i.public.deep_baseline_runtime: deep_train batch dataset=uab_workload_dataset model=chronaris_public_fusion track=objective group=heat_the_chair seed=42 fold=002/002 epoch=005/005 batch=041/041 loss=0.659814 elapsed_s=3.1 status=running
2026-07-02 01:04:36,011 INFO chronaris.pipelines.stage_i.public.deep_baseline_runtime: deep_train epoch_done dataset=uab_workload_dataset model=chronaris_public_fusion track=objective group=heat_the_chair seed=42 fold=002/002 epoch=005/005 train_loss=0.684611 elapsed_s=0.6
2026-07-02 01:04:36,048 INFO chronaris.pipelines.stage_i.public.deep_baseline_runtime: deep_train fold_done dataset=uab_workload_dataset model=chronaris_public_fusion track=objective group=heat_the_chair seed=42 fold=002/002 elapsed_s=3.2
2026-07-02 01:04:38,724 INFO chronaris.pipelines.stage_i.public.deep_baseline_runtime: deep_train fold_start dataset=uab_workload_dataset model=chronaris_public_fusion track=subjective group=n_back seed=42 fold=001/002 split_group=subject_01 task=regression train_count=26164 epochs=5 batch_size=128
2026-07-02 01:04:38,728 INFO chronaris.pipelines.stage_i.public.deep_baseline_runtime: deep_train epoch_start dataset=uab_workload_dataset model=chronaris_public_fusion track=subjective group=n_back seed=42 fold=001/002 epoch=001/005 batch_count=205
2026-07-02 01:04:38,759 INFO chronaris.pipelines.stage_i.public.deep_baseline_runtime: deep_train batch dataset=uab_workload_dataset model=chronaris_public_fusion track=subjective group=n_back seed=42 fold=001/002 epoch=001/005 batch=001/205 loss=0.420319 elapsed_s=0.0 status=running
2026-07-02 01:04:39,084 INFO chronaris.pipelines.stage_i.public.deep_baseline_runtime: deep_train batch dataset=uab_workload_dataset model=chronaris_public_fusion track=subjective group=n_back seed=42 fold=001/002 epoch=001/005 batch=020/205 loss=0.424451 elapsed_s=0.4 status=running
2026-07-02 01:04:39,347 INFO chronaris.pipelines.stage_i.public.deep_baseline_runtime: deep_train batch dataset=uab_workload_dataset model=chronaris_public_fusion track=subjective group=n_back seed=42 fold=001/002 epoch=001/005 batch=040/205 loss=0.467148 elapsed_s=0.6 status=running
2026-07-02 01:04:39,627 INFO chronaris.pipelines.stage_i.public.deep_baseline_runtime: deep_train batch dataset=uab_workload_dataset model=chronaris_public_fusion track=subjective group=n_back seed=42 fold=001/002 epoch=001/005 batch=060/205 loss=0.420030 elapsed_s=0.9 status=running
2026-07-02 01:04:39,896 INFO chronaris.pipelines.stage_i.public.deep_baseline_runtime: deep_train batch dataset=uab_workload_dataset model=chronaris_public_fusion track=subjective group=n_back seed=42 fold=001/002 epoch=001/005 batch=080/205 loss=0.462009 elapsed_s=1.2 status=running
2026-07-02 01:04:40,167 INFO chronaris.pipelines.stage_i.public.deep_baseline_runtime: deep_train batch dataset=uab_workload_dataset model=chronaris_public_fusion track=subjective group=n_back seed=42 fold=001/002 epoch=001/005 batch=100/205 loss=0.478383 elapsed_s=1.4 status=running
2026-07-02 01:04:40,433 INFO chronaris.pipelines.stage_i.public.deep_baseline_runtime: deep_train batch dataset=uab_workload_dataset model=chronaris_public_fusion track=subjective group=n_back seed=42 fold=001/002 epoch=001/005 batch=120/205 loss=0.477027 elapsed_s=1.7 status=running
2026-07-02 01:04:40,701 INFO chronaris.pipelines.stage_i.public.deep_baseline_runtime: deep_train batch dataset=uab_workload_dataset model=chronaris_public_fusion track=subjective group=n_back seed=42 fold=001/002 epoch=001/005 batch=140/205 loss=0.429915 elapsed_s=2.0 status=running
2026-07-02 01:04:40,966 INFO chronaris.pipelines.stage_i.public.deep_baseline_runtime: deep_train batch dataset=uab_workload_dataset model=chronaris_public_fusion track=subjective group=n_back seed=42 fold=001/002 epoch=001/005 batch=160/205 loss=0.465805 elapsed_s=2.2 status=running
2026-07-02 01:04:41,236 INFO chronaris.pipelines.stage_i.public.deep_baseline_runtime: deep_train batch dataset=uab_workload_dataset model=chronaris_public_fusion track=subjective group=n_back seed=42 fold=001/002 epoch=001/005 batch=180/205 loss=0.466195 elapsed_s=2.5 status=running
2026-07-02 01:04:41,512 INFO chronaris.pipelines.stage_i.public.deep_baseline_runtime: deep_train batch dataset=uab_workload_dataset model=chronaris_public_fusion track=subjective group=n_back seed=42 fold=001/002 epoch=001/005 batch=200/205 loss=0.407605 elapsed_s=2.8 status=running
2026-07-02 01:04:41,588 INFO chronaris.pipelines.stage_i.public.deep_baseline_runtime: deep_train batch dataset=uab_workload_dataset model=chronaris_public_fusion track=subjective group=n_back seed=42 fold=001/002 epoch=001/005 batch=205/205 loss=0.537121 elapsed_s=2.9 status=running
2026-07-02 01:04:41,593 INFO chronaris.pipelines.stage_i.public.deep_baseline_runtime: deep_train epoch_done dataset=uab_workload_dataset model=chronaris_public_fusion track=subjective group=n_back seed=42 fold=001/002 epoch=001/005 train_loss=0.429475 elapsed_s=2.9
2026-07-02 01:04:41,627 INFO chronaris.pipelines.stage_i.public.deep_baseline_runtime: deep_train epoch_start dataset=uab_workload_dataset model=chronaris_public_fusion track=subjective group=n_back seed=42 fold=001/002 epoch=002/005 batch_count=205
2026-07-02 01:04:41,644 INFO chronaris.pipelines.stage_i.public.deep_baseline_runtime: deep_train batch dataset=uab_workload_dataset model=chronaris_public_fusion track=subjective group=n_back seed=42 fold=001/002 epoch=002/005 batch=001/205 loss=0.389643 elapsed_s=2.9 status=running
2026-07-02 01:04:41,900 INFO chronaris.pipelines.stage_i.public.deep_baseline_runtime: deep_train batch dataset=uab_workload_dataset model=chronaris_public_fusion track=subjective group=n_back seed=42 fold=001/002 epoch=002/005 batch=020/205 loss=0.398119 elapsed_s=3.2 status=running
2026-07-02 01:04:42,165 INFO chronaris.pipelines.stage_i.public.deep_baseline_runtime: deep_train batch dataset=uab_workload_dataset model=chronaris_public_fusion track=subjective group=n_back seed=42 fold=001/002 epoch=002/005 batch=040/205 loss=0.429668 elapsed_s=3.4 status=running
2026-07-02 01:04:42,433 INFO chronaris.pipelines.stage_i.public.deep_baseline_runtime: deep_train batch dataset=uab_workload_dataset model=chronaris_public_fusion track=subjective group=n_back seed=42 fold=001/002 epoch=002/005 batch=060/205 loss=0.477437 elapsed_s=3.7 status=running
2026-07-02 01:04:42,699 INFO chronaris.pipelines.stage_i.public.deep_baseline_runtime: deep_train batch dataset=uab_workload_dataset model=chronaris_public_fusion track=subjective group=n_back seed=42 fold=001/002 epoch=002/005 batch=080/205 loss=0.436859 elapsed_s=4.0 status=running
2026-07-02 01:04:42,966 INFO chronaris.pipelines.stage_i.public.deep_baseline_runtime: deep_train batch dataset=uab_workload_dataset model=chronaris_public_fusion track=subjective group=n_back seed=42 fold=001/002 epoch=002/005 batch=100/205 loss=0.394408 elapsed_s=4.2 status=running
2026-07-02 01:04:43,229 INFO chronaris.pipelines.stage_i.public.deep_baseline_runtime: deep_train batch dataset=uab_workload_dataset model=chronaris_public_fusion track=subjective group=n_back seed=42 fold=001/002 epoch=002/005 batch=120/205 loss=0.388501 elapsed_s=4.5 status=running
2026-07-02 01:04:43,494 INFO chronaris.pipelines.stage_i.public.deep_baseline_runtime: deep_train batch dataset=uab_workload_dataset model=chronaris_public_fusion track=subjective group=n_back seed=42 fold=001/002 epoch=002/005 batch=140/205 loss=0.365346 elapsed_s=4.8 status=running
2026-07-02 01:04:43,764 INFO chronaris.pipelines.stage_i.public.deep_baseline_runtime: deep_train batch dataset=uab_workload_dataset model=chronaris_public_fusion track=subjective group=n_back seed=42 fold=001/002 epoch=002/005 batch=160/205 loss=0.389728 elapsed_s=5.0 status=running
2026-07-02 01:04:44,035 INFO chronaris.pipelines.stage_i.public.deep_baseline_runtime: deep_train batch dataset=uab_workload_dataset model=chronaris_public_fusion track=subjective group=n_back seed=42 fold=001/002 epoch=002/005 batch=180/205 loss=0.354213 elapsed_s=5.3 status=running
2026-07-02 01:04:44,304 INFO chronaris.pipelines.stage_i.public.deep_baseline_runtime: deep_train batch dataset=uab_workload_dataset model=chronaris_public_fusion track=subjective group=n_back seed=42 fold=001/002 epoch=002/005 batch=200/205 loss=0.447231 elapsed_s=5.6 status=running
2026-07-02 01:04:44,378 INFO chronaris.pipelines.stage_i.public.deep_baseline_runtime: deep_train batch dataset=uab_workload_dataset model=chronaris_public_fusion track=subjective group=n_back seed=42 fold=001/002 epoch=002/005 batch=205/205 loss=0.452649 elapsed_s=5.6 status=running
2026-07-02 01:04:44,382 INFO chronaris.pipelines.stage_i.public.deep_baseline_runtime: deep_train epoch_done dataset=uab_workload_dataset model=chronaris_public_fusion track=subjective group=n_back seed=42 fold=001/002 epoch=002/005 train_loss=0.420065 elapsed_s=2.8
2026-07-02 01:04:44,419 INFO chronaris.pipelines.stage_i.public.deep_baseline_runtime: deep_train epoch_start dataset=uab_workload_dataset model=chronaris_public_fusion track=subjective group=n_back seed=42 fold=001/002 epoch=003/005 batch_count=205
2026-07-02 01:04:44,438 INFO chronaris.pipelines.stage_i.public.deep_baseline_runtime: deep_train batch dataset=uab_workload_dataset model=chronaris_public_fusion track=subjective group=n_back seed=42 fold=001/002 epoch=003/005 batch=001/205 loss=0.393855 elapsed_s=5.7 status=running
2026-07-02 01:04:44,697 INFO chronaris.pipelines.stage_i.public.deep_baseline_runtime: deep_train batch dataset=uab_workload_dataset model=chronaris_public_fusion track=subjective group=n_back seed=42 fold=001/002 epoch=003/005 batch=020/205 loss=0.514613 elapsed_s=6.0 status=running
2026-07-02 01:04:44,966 INFO chronaris.pipelines.stage_i.public.deep_baseline_runtime: deep_train batch dataset=uab_workload_dataset model=chronaris_public_fusion track=subjective group=n_back seed=42 fold=001/002 epoch=003/005 batch=040/205 loss=0.407957 elapsed_s=6.2 status=running
2026-07-02 01:04:45,237 INFO chronaris.pipelines.stage_i.public.deep_baseline_runtime: deep_train batch dataset=uab_workload_dataset model=chronaris_public_fusion track=subjective group=n_back seed=42 fold=001/002 epoch=003/005 batch=060/205 loss=0.409298 elapsed_s=6.5 status=running
2026-07-02 01:04:45,512 INFO chronaris.pipelines.stage_i.public.deep_baseline_runtime: deep_train batch dataset=uab_workload_dataset model=chronaris_public_fusion track=subjective group=n_back seed=42 fold=001/002 epoch=003/005 batch=080/205 loss=0.465096 elapsed_s=6.8 status=running
2026-07-02 01:04:45,791 INFO chronaris.pipelines.stage_i.public.deep_baseline_runtime: deep_train batch dataset=uab_workload_dataset model=chronaris_public_fusion track=subjective group=n_back seed=42 fold=001/002 epoch=003/005 batch=100/205 loss=0.375549 elapsed_s=7.1 status=running
2026-07-02 01:04:46,064 INFO chronaris.pipelines.stage_i.public.deep_baseline_runtime: deep_train batch dataset=uab_workload_dataset model=chronaris_public_fusion track=subjective group=n_back seed=42 fold=001/002 epoch=003/005 batch=120/205 loss=0.404456 elapsed_s=7.3 status=running
2026-07-02 01:04:46,338 INFO chronaris.pipelines.stage_i.public.deep_baseline_runtime: deep_train batch dataset=uab_workload_dataset model=chronaris_public_fusion track=subjective group=n_back seed=42 fold=001/002 epoch=003/005 batch=140/205 loss=0.379766 elapsed_s=7.6 status=running
2026-07-02 01:04:46,619 INFO chronaris.pipelines.stage_i.public.deep_baseline_runtime: deep_train batch dataset=uab_workload_dataset model=chronaris_public_fusion track=subjective group=n_back seed=42 fold=001/002 epoch=003/005 batch=160/205 loss=0.458552 elapsed_s=7.9 status=running
2026-07-02 01:04:46,894 INFO chronaris.pipelines.stage_i.public.deep_baseline_runtime: deep_train batch dataset=uab_workload_dataset model=chronaris_public_fusion track=subjective group=n_back seed=42 fold=001/002 epoch=003/005 batch=180/205 loss=0.426446 elapsed_s=8.2 status=running
2026-07-02 01:04:47,162 INFO chronaris.pipelines.stage_i.public.deep_baseline_runtime: deep_train batch dataset=uab_workload_dataset model=chronaris_public_fusion track=subjective group=n_back seed=42 fold=001/002 epoch=003/005 batch=200/205 loss=0.400447 elapsed_s=8.4 status=running
2026-07-02 01:04:47,232 INFO chronaris.pipelines.stage_i.public.deep_baseline_runtime: deep_train batch dataset=uab_workload_dataset model=chronaris_public_fusion track=subjective group=n_back seed=42 fold=001/002 epoch=003/005 batch=205/205 loss=0.470027 elapsed_s=8.5 status=running
2026-07-02 01:04:47,236 INFO chronaris.pipelines.stage_i.public.deep_baseline_runtime: deep_train epoch_done dataset=uab_workload_dataset model=chronaris_public_fusion track=subjective group=n_back seed=42 fold=001/002 epoch=003/005 train_loss=0.416993 elapsed_s=2.8
2026-07-02 01:04:47,272 INFO chronaris.pipelines.stage_i.public.deep_baseline_runtime: deep_train epoch_start dataset=uab_workload_dataset model=chronaris_public_fusion track=subjective group=n_back seed=42 fold=001/002 epoch=004/005 batch_count=205
2026-07-02 01:04:47,292 INFO chronaris.pipelines.stage_i.public.deep_baseline_runtime: deep_train batch dataset=uab_workload_dataset model=chronaris_public_fusion track=subjective group=n_back seed=42 fold=001/002 epoch=004/005 batch=001/205 loss=0.365369 elapsed_s=8.6 status=running
2026-07-02 01:04:47,550 INFO chronaris.pipelines.stage_i.public.deep_baseline_runtime: deep_train batch dataset=uab_workload_dataset model=chronaris_public_fusion track=subjective group=n_back seed=42 fold=001/002 epoch=004/005 batch=020/205 loss=0.397382 elapsed_s=8.8 status=running
2026-07-02 01:04:47,826 INFO chronaris.pipelines.stage_i.public.deep_baseline_runtime: deep_train batch dataset=uab_workload_dataset model=chronaris_public_fusion track=subjective group=n_back seed=42 fold=001/002 epoch=004/005 batch=040/205 loss=0.398038 elapsed_s=9.1 status=running
2026-07-02 01:04:48,100 INFO chronaris.pipelines.stage_i.public.deep_baseline_runtime: deep_train batch dataset=uab_workload_dataset model=chronaris_public_fusion track=subjective group=n_back seed=42 fold=001/002 epoch=004/005 batch=060/205 loss=0.348661 elapsed_s=9.4 status=running
2026-07-02 01:04:48,380 INFO chronaris.pipelines.stage_i.public.deep_baseline_runtime: deep_train batch dataset=uab_workload_dataset model=chronaris_public_fusion track=subjective group=n_back seed=42 fold=001/002 epoch=004/005 batch=080/205 loss=0.427591 elapsed_s=9.7 status=running
2026-07-02 01:04:48,653 INFO chronaris.pipelines.stage_i.public.deep_baseline_runtime: deep_train batch dataset=uab_workload_dataset model=chronaris_public_fusion track=subjective group=n_back seed=42 fold=001/002 epoch=004/005 batch=100/205 loss=0.394906 elapsed_s=9.9 status=running
2026-07-02 01:04:48,927 INFO chronaris.pipelines.stage_i.public.deep_baseline_runtime: deep_train batch dataset=uab_workload_dataset model=chronaris_public_fusion track=subjective group=n_back seed=42 fold=001/002 epoch=004/005 batch=120/205 loss=0.492439 elapsed_s=10.2 status=running
2026-07-02 01:04:49,195 INFO chronaris.pipelines.stage_i.public.deep_baseline_runtime: deep_train batch dataset=uab_workload_dataset model=chronaris_public_fusion track=subjective group=n_back seed=42 fold=001/002 epoch=004/005 batch=140/205 loss=0.417572 elapsed_s=10.5 status=running
2026-07-02 01:04:49,467 INFO chronaris.pipelines.stage_i.public.deep_baseline_runtime: deep_train batch dataset=uab_workload_dataset model=chronaris_public_fusion track=subjective group=n_back seed=42 fold=001/002 epoch=004/005 batch=160/205 loss=0.385265 elapsed_s=10.7 status=running
2026-07-02 01:04:49,758 INFO chronaris.pipelines.stage_i.public.deep_baseline_runtime: deep_train batch dataset=uab_workload_dataset model=chronaris_public_fusion track=subjective group=n_back seed=42 fold=001/002 epoch=004/005 batch=180/205 loss=0.446491 elapsed_s=11.0 status=running
2026-07-02 01:04:50,032 INFO chronaris.pipelines.stage_i.public.deep_baseline_runtime: deep_train batch dataset=uab_workload_dataset model=chronaris_public_fusion track=subjective group=n_back seed=42 fold=001/002 epoch=004/005 batch=200/205 loss=0.342687 elapsed_s=11.3 status=running
2026-07-02 01:04:50,106 INFO chronaris.pipelines.stage_i.public.deep_baseline_runtime: deep_train batch dataset=uab_workload_dataset model=chronaris_public_fusion track=subjective group=n_back seed=42 fold=001/002 epoch=004/005 batch=205/205 loss=0.376187 elapsed_s=11.4 status=running
2026-07-02 01:04:50,110 INFO chronaris.pipelines.stage_i.public.deep_baseline_runtime: deep_train epoch_done dataset=uab_workload_dataset model=chronaris_public_fusion track=subjective group=n_back seed=42 fold=001/002 epoch=004/005 train_loss=0.411346 elapsed_s=2.8
2026-07-02 01:04:50,148 INFO chronaris.pipelines.stage_i.public.deep_baseline_runtime: deep_train epoch_start dataset=uab_workload_dataset model=chronaris_public_fusion track=subjective group=n_back seed=42 fold=001/002 epoch=005/005 batch_count=205
2026-07-02 01:04:50,195 INFO chronaris.pipelines.stage_i.public.deep_baseline_runtime: deep_train batch dataset=uab_workload_dataset model=chronaris_public_fusion track=subjective group=n_back seed=42 fold=001/002 epoch=005/005 batch=001/205 loss=0.374156 elapsed_s=11.5 status=running
2026-07-02 01:04:50,455 INFO chronaris.pipelines.stage_i.public.deep_baseline_runtime: deep_train batch dataset=uab_workload_dataset model=chronaris_public_fusion track=subjective group=n_back seed=42 fold=001/002 epoch=005/005 batch=020/205 loss=0.371610 elapsed_s=11.7 status=running
2026-07-02 01:04:50,723 INFO chronaris.pipelines.stage_i.public.deep_baseline_runtime: deep_train batch dataset=uab_workload_dataset model=chronaris_public_fusion track=subjective group=n_back seed=42 fold=001/002 epoch=005/005 batch=040/205 loss=0.492667 elapsed_s=12.0 status=running
2026-07-02 01:04:50,997 INFO chronaris.pipelines.stage_i.public.deep_baseline_runtime: deep_train batch dataset=uab_workload_dataset model=chronaris_public_fusion track=subjective group=n_back seed=42 fold=001/002 epoch=005/005 batch=060/205 loss=0.390119 elapsed_s=12.3 status=running
2026-07-02 01:04:51,270 INFO chronaris.pipelines.stage_i.public.deep_baseline_runtime: deep_train batch dataset=uab_workload_dataset model=chronaris_public_fusion track=subjective group=n_back seed=42 fold=001/002 epoch=005/005 batch=080/205 loss=0.408042 elapsed_s=12.5 status=running
2026-07-02 01:04:52,491 INFO chronaris.pipelines.stage_i.public.deep_baseline_runtime: deep_train batch dataset=uab_workload_dataset model=chronaris_public_fusion track=subjective group=n_back seed=42 fold=001/002 epoch=005/005 batch=100/205 loss=0.397179 elapsed_s=12.8 status=running
2026-07-02 01:04:54,752 INFO chronaris.pipelines.stage_i.public.deep_baseline_runtime: deep_train batch dataset=uab_workload_dataset model=chronaris_public_fusion track=subjective group=n_back seed=42 fold=001/002 epoch=005/005 batch=120/205 loss=0.425251 elapsed_s=13.1 status=running
2026-07-02 01:04:55,025 INFO chronaris.pipelines.stage_i.public.deep_baseline_runtime: deep_train batch dataset=uab_workload_dataset model=chronaris_public_fusion track=subjective group=n_back seed=42 fold=001/002 epoch=005/005 batch=140/205 loss=0.375290 elapsed_s=13.4 status=running
2026-07-02 01:04:55,309 INFO chronaris.pipelines.stage_i.public.deep_baseline_runtime: deep_train batch dataset=uab_workload_dataset model=chronaris_public_fusion track=subjective group=n_back seed=42 fold=001/002 epoch=005/005 batch=160/205 loss=0.373796 elapsed_s=13.6 status=running
2026-07-02 01:04:55,582 INFO chronaris.pipelines.stage_i.public.deep_baseline_runtime: deep_train batch dataset=uab_workload_dataset model=chronaris_public_fusion track=subjective group=n_back seed=42 fold=001/002 epoch=005/005 batch=180/205 loss=0.444079 elapsed_s=13.9 status=running
2026-07-02 01:04:55,866 INFO chronaris.pipelines.stage_i.public.deep_baseline_runtime: deep_train batch dataset=uab_workload_dataset model=chronaris_public_fusion track=subjective group=n_back seed=42 fold=001/002 epoch=005/005 batch=200/205 loss=0.380837 elapsed_s=14.2 status=running
2026-07-02 01:04:55,937 INFO chronaris.pipelines.stage_i.public.deep_baseline_runtime: deep_train batch dataset=uab_workload_dataset model=chronaris_public_fusion track=subjective group=n_back seed=42 fold=001/002 epoch=005/005 batch=205/205 loss=0.368791 elapsed_s=14.3 status=running
2026-07-02 01:04:55,941 INFO chronaris.pipelines.stage_i.public.deep_baseline_runtime: deep_train epoch_done dataset=uab_workload_dataset model=chronaris_public_fusion track=subjective group=n_back seed=42 fold=001/002 epoch=005/005 train_loss=0.404452 elapsed_s=2.9
2026-07-02 01:04:55,980 INFO chronaris.pipelines.stage_i.public.deep_baseline_runtime: deep_train fold_done dataset=uab_workload_dataset model=chronaris_public_fusion track=subjective group=n_back seed=42 fold=001/002 elapsed_s=14.3
2026-07-02 01:04:59,694 INFO chronaris.pipelines.stage_i.public.deep_baseline_runtime: deep_train fold_start dataset=uab_workload_dataset model=chronaris_public_fusion track=subjective group=n_back seed=42 fold=002/002 split_group=subject_02 task=regression train_count=26176 epochs=5 batch_size=128
2026-07-02 01:04:59,713 INFO chronaris.pipelines.stage_i.public.deep_baseline_runtime: deep_train epoch_start dataset=uab_workload_dataset model=chronaris_public_fusion track=subjective group=n_back seed=42 fold=002/002 epoch=001/005 batch_count=205
2026-07-02 01:04:59,755 INFO chronaris.pipelines.stage_i.public.deep_baseline_runtime: deep_train batch dataset=uab_workload_dataset model=chronaris_public_fusion track=subjective group=n_back seed=42 fold=002/002 epoch=001/005 batch=001/205 loss=0.358201 elapsed_s=0.0 status=running
2026-07-02 01:05:00,017 INFO chronaris.pipelines.stage_i.public.deep_baseline_runtime: deep_train batch dataset=uab_workload_dataset model=chronaris_public_fusion track=subjective group=n_back seed=42 fold=002/002 epoch=001/005 batch=020/205 loss=0.443401 elapsed_s=0.3 status=running
2026-07-02 01:05:00,289 INFO chronaris.pipelines.stage_i.public.deep_baseline_runtime: deep_train batch dataset=uab_workload_dataset model=chronaris_public_fusion track=subjective group=n_back seed=42 fold=002/002 epoch=001/005 batch=040/205 loss=0.411056 elapsed_s=0.6 status=running
2026-07-02 01:05:00,565 INFO chronaris.pipelines.stage_i.public.deep_baseline_runtime: deep_train batch dataset=uab_workload_dataset model=chronaris_public_fusion track=subjective group=n_back seed=42 fold=002/002 epoch=001/005 batch=060/205 loss=0.448915 elapsed_s=0.9 status=running
2026-07-02 01:05:00,841 INFO chronaris.pipelines.stage_i.public.deep_baseline_runtime: deep_train batch dataset=uab_workload_dataset model=chronaris_public_fusion track=subjective group=n_back seed=42 fold=002/002 epoch=001/005 batch=080/205 loss=0.490743 elapsed_s=1.1 status=running
2026-07-02 01:05:01,118 INFO chronaris.pipelines.stage_i.public.deep_baseline_runtime: deep_train batch dataset=uab_workload_dataset model=chronaris_public_fusion track=subjective group=n_back seed=42 fold=002/002 epoch=001/005 batch=100/205 loss=0.460561 elapsed_s=1.4 status=running
2026-07-02 01:05:01,394 INFO chronaris.pipelines.stage_i.public.deep_baseline_runtime: deep_train batch dataset=uab_workload_dataset model=chronaris_public_fusion track=subjective group=n_back seed=42 fold=002/002 epoch=001/005 batch=120/205 loss=0.467269 elapsed_s=1.7 status=running
2026-07-02 01:05:01,672 INFO chronaris.pipelines.stage_i.public.deep_baseline_runtime: deep_train batch dataset=uab_workload_dataset model=chronaris_public_fusion track=subjective group=n_back seed=42 fold=002/002 epoch=001/005 batch=140/205 loss=0.393323 elapsed_s=2.0 status=running
2026-07-02 01:05:01,946 INFO chronaris.pipelines.stage_i.public.deep_baseline_runtime: deep_train batch dataset=uab_workload_dataset model=chronaris_public_fusion track=subjective group=n_back seed=42 fold=002/002 epoch=001/005 batch=160/205 loss=0.442251 elapsed_s=2.2 status=running
2026-07-02 01:05:02,220 INFO chronaris.pipelines.stage_i.public.deep_baseline_runtime: deep_train batch dataset=uab_workload_dataset model=chronaris_public_fusion track=subjective group=n_back seed=42 fold=002/002 epoch=001/005 batch=180/205 loss=0.459304 elapsed_s=2.5 status=running
2026-07-02 01:05:02,493 INFO chronaris.pipelines.stage_i.public.deep_baseline_runtime: deep_train batch dataset=uab_workload_dataset model=chronaris_public_fusion track=subjective group=n_back seed=42 fold=002/002 epoch=001/005 batch=200/205 loss=0.389341 elapsed_s=2.8 status=running
2026-07-02 01:05:02,566 INFO chronaris.pipelines.stage_i.public.deep_baseline_runtime: deep_train batch dataset=uab_workload_dataset model=chronaris_public_fusion track=subjective group=n_back seed=42 fold=002/002 epoch=001/005 batch=205/205 loss=0.436303 elapsed_s=2.9 status=running
2026-07-02 01:05:02,570 INFO chronaris.pipelines.stage_i.public.deep_baseline_runtime: deep_train epoch_done dataset=uab_workload_dataset model=chronaris_public_fusion track=subjective group=n_back seed=42 fold=002/002 epoch=001/005 train_loss=0.427206 elapsed_s=2.9
2026-07-02 01:05:02,606 INFO chronaris.pipelines.stage_i.public.deep_baseline_runtime: deep_train epoch_start dataset=uab_workload_dataset model=chronaris_public_fusion track=subjective group=n_back seed=42 fold=002/002 epoch=002/005 batch_count=205
2026-07-02 01:05:02,624 INFO chronaris.pipelines.stage_i.public.deep_baseline_runtime: deep_train batch dataset=uab_workload_dataset model=chronaris_public_fusion track=subjective group=n_back seed=42 fold=002/002 epoch=002/005 batch=001/205 loss=0.387732 elapsed_s=2.9 status=running
2026-07-02 01:05:02,884 INFO chronaris.pipelines.stage_i.public.deep_baseline_runtime: deep_train batch dataset=uab_workload_dataset model=chronaris_public_fusion track=subjective group=n_back seed=42 fold=002/002 epoch=002/005 batch=020/205 loss=0.407724 elapsed_s=3.2 status=running
2026-07-02 01:05:03,161 INFO chronaris.pipelines.stage_i.public.deep_baseline_runtime: deep_train batch dataset=uab_workload_dataset model=chronaris_public_fusion track=subjective group=n_back seed=42 fold=002/002 epoch=002/005 batch=040/205 loss=0.378540 elapsed_s=3.4 status=running
2026-07-02 01:05:03,433 INFO chronaris.pipelines.stage_i.public.deep_baseline_runtime: deep_train batch dataset=uab_workload_dataset model=chronaris_public_fusion track=subjective group=n_back seed=42 fold=002/002 epoch=002/005 batch=060/205 loss=0.422909 elapsed_s=3.7 status=running
2026-07-02 01:05:03,705 INFO chronaris.pipelines.stage_i.public.deep_baseline_runtime: deep_train batch dataset=uab_workload_dataset model=chronaris_public_fusion track=subjective group=n_back seed=42 fold=002/002 epoch=002/005 batch=080/205 loss=0.452166 elapsed_s=4.0 status=running
2026-07-02 01:05:03,980 INFO chronaris.pipelines.stage_i.public.deep_baseline_runtime: deep_train batch dataset=uab_workload_dataset model=chronaris_public_fusion track=subjective group=n_back seed=42 fold=002/002 epoch=002/005 batch=100/205 loss=0.400713 elapsed_s=4.3 status=running
2026-07-02 01:05:04,248 INFO chronaris.pipelines.stage_i.public.deep_baseline_runtime: deep_train batch dataset=uab_workload_dataset model=chronaris_public_fusion track=subjective group=n_back seed=42 fold=002/002 epoch=002/005 batch=120/205 loss=0.360957 elapsed_s=4.5 status=running
2026-07-02 01:05:04,516 INFO chronaris.pipelines.stage_i.public.deep_baseline_runtime: deep_train batch dataset=uab_workload_dataset model=chronaris_public_fusion track=subjective group=n_back seed=42 fold=002/002 epoch=002/005 batch=140/205 loss=0.380460 elapsed_s=4.8 status=running
2026-07-02 01:05:04,783 INFO chronaris.pipelines.stage_i.public.deep_baseline_runtime: deep_train batch dataset=uab_workload_dataset model=chronaris_public_fusion track=subjective group=n_back seed=42 fold=002/002 epoch=002/005 batch=160/205 loss=0.380327 elapsed_s=5.1 status=running
2026-07-02 01:05:05,050 INFO chronaris.pipelines.stage_i.public.deep_baseline_runtime: deep_train batch dataset=uab_workload_dataset model=chronaris_public_fusion track=subjective group=n_back seed=42 fold=002/002 epoch=002/005 batch=180/205 loss=0.381093 elapsed_s=5.3 status=running
2026-07-02 01:05:05,321 INFO chronaris.pipelines.stage_i.public.deep_baseline_runtime: deep_train batch dataset=uab_workload_dataset model=chronaris_public_fusion track=subjective group=n_back seed=42 fold=002/002 epoch=002/005 batch=200/205 loss=0.461981 elapsed_s=5.6 status=running
2026-07-02 01:05:05,387 INFO chronaris.pipelines.stage_i.public.deep_baseline_runtime: deep_train batch dataset=uab_workload_dataset model=chronaris_public_fusion track=subjective group=n_back seed=42 fold=002/002 epoch=002/005 batch=205/205 loss=0.495771 elapsed_s=5.7 status=running
2026-07-02 01:05:05,392 INFO chronaris.pipelines.stage_i.public.deep_baseline_runtime: deep_train epoch_done dataset=uab_workload_dataset model=chronaris_public_fusion track=subjective group=n_back seed=42 fold=002/002 epoch=002/005 train_loss=0.419332 elapsed_s=2.8
2026-07-02 01:05:05,430 INFO chronaris.pipelines.stage_i.public.deep_baseline_runtime: deep_train epoch_start dataset=uab_workload_dataset model=chronaris_public_fusion track=subjective group=n_back seed=42 fold=002/002 epoch=003/005 batch_count=205
2026-07-02 01:05:05,449 INFO chronaris.pipelines.stage_i.public.deep_baseline_runtime: deep_train batch dataset=uab_workload_dataset model=chronaris_public_fusion track=subjective group=n_back seed=42 fold=002/002 epoch=003/005 batch=001/205 loss=0.355153 elapsed_s=5.7 status=running
2026-07-02 01:05:05,699 INFO chronaris.pipelines.stage_i.public.deep_baseline_runtime: deep_train batch dataset=uab_workload_dataset model=chronaris_public_fusion track=subjective group=n_back seed=42 fold=002/002 epoch=003/005 batch=020/205 loss=0.454240 elapsed_s=6.0 status=running
2026-07-02 01:05:05,974 INFO chronaris.pipelines.stage_i.public.deep_baseline_runtime: deep_train batch dataset=uab_workload_dataset model=chronaris_public_fusion track=subjective group=n_back seed=42 fold=002/002 epoch=003/005 batch=040/205 loss=0.456057 elapsed_s=6.3 status=running
2026-07-02 01:05:06,243 INFO chronaris.pipelines.stage_i.public.deep_baseline_runtime: deep_train batch dataset=uab_workload_dataset model=chronaris_public_fusion track=subjective group=n_back seed=42 fold=002/002 epoch=003/005 batch=060/205 loss=0.418171 elapsed_s=6.5 status=running
2026-07-02 01:05:06,515 INFO chronaris.pipelines.stage_i.public.deep_baseline_runtime: deep_train batch dataset=uab_workload_dataset model=chronaris_public_fusion track=subjective group=n_back seed=42 fold=002/002 epoch=003/005 batch=080/205 loss=0.470150 elapsed_s=6.8 status=running
2026-07-02 01:05:06,785 INFO chronaris.pipelines.stage_i.public.deep_baseline_runtime: deep_train batch dataset=uab_workload_dataset model=chronaris_public_fusion track=subjective group=n_back seed=42 fold=002/002 epoch=003/005 batch=100/205 loss=0.403781 elapsed_s=7.1 status=running
2026-07-02 01:05:07,051 INFO chronaris.pipelines.stage_i.public.deep_baseline_runtime: deep_train batch dataset=uab_workload_dataset model=chronaris_public_fusion track=subjective group=n_back seed=42 fold=002/002 epoch=003/005 batch=120/205 loss=0.422595 elapsed_s=7.3 status=running
2026-07-02 01:05:07,326 INFO chronaris.pipelines.stage_i.public.deep_baseline_runtime: deep_train batch dataset=uab_workload_dataset model=chronaris_public_fusion track=subjective group=n_back seed=42 fold=002/002 epoch=003/005 batch=140/205 loss=0.381129 elapsed_s=7.6 status=running
2026-07-02 01:05:07,596 INFO chronaris.pipelines.stage_i.public.deep_baseline_runtime: deep_train batch dataset=uab_workload_dataset model=chronaris_public_fusion track=subjective group=n_back seed=42 fold=002/002 epoch=003/005 batch=160/205 loss=0.476313 elapsed_s=7.9 status=running
2026-07-02 01:05:07,868 INFO chronaris.pipelines.stage_i.public.deep_baseline_runtime: deep_train batch dataset=uab_workload_dataset model=chronaris_public_fusion track=subjective group=n_back seed=42 fold=002/002 epoch=003/005 batch=180/205 loss=0.421959 elapsed_s=8.2 status=running
2026-07-02 01:05:08,136 INFO chronaris.pipelines.stage_i.public.deep_baseline_runtime: deep_train batch dataset=uab_workload_dataset model=chronaris_public_fusion track=subjective group=n_back seed=42 fold=002/002 epoch=003/005 batch=200/205 loss=0.386872 elapsed_s=8.4 status=running
2026-07-02 01:05:08,204 INFO chronaris.pipelines.stage_i.public.deep_baseline_runtime: deep_train batch dataset=uab_workload_dataset model=chronaris_public_fusion track=subjective group=n_back seed=42 fold=002/002 epoch=003/005 batch=205/205 loss=0.522680 elapsed_s=8.5 status=running
2026-07-02 01:05:08,208 INFO chronaris.pipelines.stage_i.public.deep_baseline_runtime: deep_train epoch_done dataset=uab_workload_dataset model=chronaris_public_fusion track=subjective group=n_back seed=42 fold=002/002 epoch=003/005 train_loss=0.417339 elapsed_s=2.8
2026-07-02 01:05:08,244 INFO chronaris.pipelines.stage_i.public.deep_baseline_runtime: deep_train epoch_start dataset=uab_workload_dataset model=chronaris_public_fusion track=subjective group=n_back seed=42 fold=002/002 epoch=004/005 batch_count=205
2026-07-02 01:05:08,263 INFO chronaris.pipelines.stage_i.public.deep_baseline_runtime: deep_train batch dataset=uab_workload_dataset model=chronaris_public_fusion track=subjective group=n_back seed=42 fold=002/002 epoch=004/005 batch=001/205 loss=0.452288 elapsed_s=8.6 status=running
2026-07-02 01:05:08,515 INFO chronaris.pipelines.stage_i.public.deep_baseline_runtime: deep_train batch dataset=uab_workload_dataset model=chronaris_public_fusion track=subjective group=n_back seed=42 fold=002/002 epoch=004/005 batch=020/205 loss=0.512048 elapsed_s=8.8 status=running
2026-07-02 01:05:08,781 INFO chronaris.pipelines.stage_i.public.deep_baseline_runtime: deep_train batch dataset=uab_workload_dataset model=chronaris_public_fusion track=subjective group=n_back seed=42 fold=002/002 epoch=004/005 batch=040/205 loss=0.435411 elapsed_s=9.1 status=running
2026-07-02 01:05:09,057 INFO chronaris.pipelines.stage_i.public.deep_baseline_runtime: deep_train batch dataset=uab_workload_dataset model=chronaris_public_fusion track=subjective group=n_back seed=42 fold=002/002 epoch=004/005 batch=060/205 loss=0.383380 elapsed_s=9.3 status=running
2026-07-02 01:05:09,335 INFO chronaris.pipelines.stage_i.public.deep_baseline_runtime: deep_train batch dataset=uab_workload_dataset model=chronaris_public_fusion track=subjective group=n_back seed=42 fold=002/002 epoch=004/005 batch=080/205 loss=0.417171 elapsed_s=9.6 status=running
2026-07-02 01:05:09,601 INFO chronaris.pipelines.stage_i.public.deep_baseline_runtime: deep_train batch dataset=uab_workload_dataset model=chronaris_public_fusion track=subjective group=n_back seed=42 fold=002/002 epoch=004/005 batch=100/205 loss=0.410266 elapsed_s=9.9 status=running
2026-07-02 01:05:09,868 INFO chronaris.pipelines.stage_i.public.deep_baseline_runtime: deep_train batch dataset=uab_workload_dataset model=chronaris_public_fusion track=subjective group=n_back seed=42 fold=002/002 epoch=004/005 batch=120/205 loss=0.467820 elapsed_s=10.2 status=running
2026-07-02 01:05:10,131 INFO chronaris.pipelines.stage_i.public.deep_baseline_runtime: deep_train batch dataset=uab_workload_dataset model=chronaris_public_fusion track=subjective group=n_back seed=42 fold=002/002 epoch=004/005 batch=140/205 loss=0.392614 elapsed_s=10.4 status=running
2026-07-02 01:05:10,390 INFO chronaris.pipelines.stage_i.public.deep_baseline_runtime: deep_train batch dataset=uab_workload_dataset model=chronaris_public_fusion track=subjective group=n_back seed=42 fold=002/002 epoch=004/005 batch=160/205 loss=0.387925 elapsed_s=10.7 status=running
2026-07-02 01:05:10,659 INFO chronaris.pipelines.stage_i.public.deep_baseline_runtime: deep_train batch dataset=uab_workload_dataset model=chronaris_public_fusion track=subjective group=n_back seed=42 fold=002/002 epoch=004/005 batch=180/205 loss=0.471580 elapsed_s=10.9 status=running
2026-07-02 01:05:10,923 INFO chronaris.pipelines.stage_i.public.deep_baseline_runtime: deep_train batch dataset=uab_workload_dataset model=chronaris_public_fusion track=subjective group=n_back seed=42 fold=002/002 epoch=004/005 batch=200/205 loss=0.361300 elapsed_s=11.2 status=running
2026-07-02 01:05:10,992 INFO chronaris.pipelines.stage_i.public.deep_baseline_runtime: deep_train batch dataset=uab_workload_dataset model=chronaris_public_fusion track=subjective group=n_back seed=42 fold=002/002 epoch=004/005 batch=205/205 loss=0.375989 elapsed_s=11.3 status=running
2026-07-02 01:05:10,997 INFO chronaris.pipelines.stage_i.public.deep_baseline_runtime: deep_train epoch_done dataset=uab_workload_dataset model=chronaris_public_fusion track=subjective group=n_back seed=42 fold=002/002 epoch=004/005 train_loss=0.417183 elapsed_s=2.8
2026-07-02 01:05:11,053 INFO chronaris.pipelines.stage_i.public.deep_baseline_runtime: deep_train epoch_start dataset=uab_workload_dataset model=chronaris_public_fusion track=subjective group=n_back seed=42 fold=002/002 epoch=005/005 batch_count=205
2026-07-02 01:05:11,071 INFO chronaris.pipelines.stage_i.public.deep_baseline_runtime: deep_train batch dataset=uab_workload_dataset model=chronaris_public_fusion track=subjective group=n_back seed=42 fold=002/002 epoch=005/005 batch=001/205 loss=0.331076 elapsed_s=11.4 status=running
2026-07-02 01:05:11,334 INFO chronaris.pipelines.stage_i.public.deep_baseline_runtime: deep_train batch dataset=uab_workload_dataset model=chronaris_public_fusion track=subjective group=n_back seed=42 fold=002/002 epoch=005/005 batch=020/205 loss=0.455427 elapsed_s=11.6 status=running
2026-07-02 01:05:11,607 INFO chronaris.pipelines.stage_i.public.deep_baseline_runtime: deep_train batch dataset=uab_workload_dataset model=chronaris_public_fusion track=subjective group=n_back seed=42 fold=002/002 epoch=005/005 batch=040/205 loss=0.441259 elapsed_s=11.9 status=running
2026-07-02 01:05:11,880 INFO chronaris.pipelines.stage_i.public.deep_baseline_runtime: deep_train batch dataset=uab_workload_dataset model=chronaris_public_fusion track=subjective group=n_back seed=42 fold=002/002 epoch=005/005 batch=060/205 loss=0.531437 elapsed_s=12.2 status=running
2026-07-02 01:05:12,152 INFO chronaris.pipelines.stage_i.public.deep_baseline_runtime: deep_train batch dataset=uab_workload_dataset model=chronaris_public_fusion track=subjective group=n_back seed=42 fold=002/002 epoch=005/005 batch=080/205 loss=0.487586 elapsed_s=12.4 status=running
2026-07-02 01:05:12,419 INFO chronaris.pipelines.stage_i.public.deep_baseline_runtime: deep_train batch dataset=uab_workload_dataset model=chronaris_public_fusion track=subjective group=n_back seed=42 fold=002/002 epoch=005/005 batch=100/205 loss=0.439658 elapsed_s=12.7 status=running
2026-07-02 01:05:12,690 INFO chronaris.pipelines.stage_i.public.deep_baseline_runtime: deep_train batch dataset=uab_workload_dataset model=chronaris_public_fusion track=subjective group=n_back seed=42 fold=002/002 epoch=005/005 batch=120/205 loss=0.414753 elapsed_s=13.0 status=running
2026-07-02 01:05:12,963 INFO chronaris.pipelines.stage_i.public.deep_baseline_runtime: deep_train batch dataset=uab_workload_dataset model=chronaris_public_fusion track=subjective group=n_back seed=42 fold=002/002 epoch=005/005 batch=140/205 loss=0.396985 elapsed_s=13.3 status=running
2026-07-02 01:05:13,233 INFO chronaris.pipelines.stage_i.public.deep_baseline_runtime: deep_train batch dataset=uab_workload_dataset model=chronaris_public_fusion track=subjective group=n_back seed=42 fold=002/002 epoch=005/005 batch=160/205 loss=0.377128 elapsed_s=13.5 status=running
2026-07-02 01:05:13,514 INFO chronaris.pipelines.stage_i.public.deep_baseline_runtime: deep_train batch dataset=uab_workload_dataset model=chronaris_public_fusion track=subjective group=n_back seed=42 fold=002/002 epoch=005/005 batch=180/205 loss=0.434934 elapsed_s=13.8 status=running
2026-07-02 01:05:13,783 INFO chronaris.pipelines.stage_i.public.deep_baseline_runtime: deep_train batch dataset=uab_workload_dataset model=chronaris_public_fusion track=subjective group=n_back seed=42 fold=002/002 epoch=005/005 batch=200/205 loss=0.398338 elapsed_s=14.1 status=running
2026-07-02 01:05:13,854 INFO chronaris.pipelines.stage_i.public.deep_baseline_runtime: deep_train batch dataset=uab_workload_dataset model=chronaris_public_fusion track=subjective group=n_back seed=42 fold=002/002 epoch=005/005 batch=205/205 loss=0.403176 elapsed_s=14.1 status=running
2026-07-02 01:05:13,858 INFO chronaris.pipelines.stage_i.public.deep_baseline_runtime: deep_train epoch_done dataset=uab_workload_dataset model=chronaris_public_fusion track=subjective group=n_back seed=42 fold=002/002 epoch=005/005 train_loss=0.416254 elapsed_s=2.8
2026-07-02 01:05:13,894 INFO chronaris.pipelines.stage_i.public.deep_baseline_runtime: deep_train fold_done dataset=uab_workload_dataset model=chronaris_public_fusion track=subjective group=n_back seed=42 fold=002/002 elapsed_s=14.2
2026-07-02 01:05:16,964 INFO chronaris.pipelines.stage_i.public.deep_baseline_runtime: deep_train fold_start dataset=uab_workload_dataset model=chronaris_public_fusion track=subjective group=heat_the_chair seed=42 fold=001/002 split_group=subject_01 task=regression train_count=5116 epochs=5 batch_size=128
2026-07-02 01:05:16,970 INFO chronaris.pipelines.stage_i.public.deep_baseline_runtime: deep_train epoch_start dataset=uab_workload_dataset model=chronaris_public_fusion track=subjective group=heat_the_chair seed=42 fold=001/002 epoch=001/005 batch_count=40
2026-07-02 01:05:16,991 INFO chronaris.pipelines.stage_i.public.deep_baseline_runtime: deep_train batch dataset=uab_workload_dataset model=chronaris_public_fusion track=subjective group=heat_the_chair seed=42 fold=001/002 epoch=001/005 batch=001/040 loss=0.483826 elapsed_s=0.0 status=running
2026-07-02 01:05:17,250 INFO chronaris.pipelines.stage_i.public.deep_baseline_runtime: deep_train batch dataset=uab_workload_dataset model=chronaris_public_fusion track=subjective group=heat_the_chair seed=42 fold=001/002 epoch=001/005 batch=020/040 loss=0.464454 elapsed_s=0.3 status=running
2026-07-02 01:05:17,532 INFO chronaris.pipelines.stage_i.public.deep_baseline_runtime: deep_train batch dataset=uab_workload_dataset model=chronaris_public_fusion track=subjective group=heat_the_chair seed=42 fold=001/002 epoch=001/005 batch=040/040 loss=0.326356 elapsed_s=0.6 status=running
2026-07-02 01:05:17,537 INFO chronaris.pipelines.stage_i.public.deep_baseline_runtime: deep_train epoch_done dataset=uab_workload_dataset model=chronaris_public_fusion track=subjective group=heat_the_chair seed=42 fold=001/002 epoch=001/005 train_loss=0.416729 elapsed_s=0.6
2026-07-02 01:05:17,574 INFO chronaris.pipelines.stage_i.public.deep_baseline_runtime: deep_train epoch_start dataset=uab_workload_dataset model=chronaris_public_fusion track=subjective group=heat_the_chair seed=42 fold=001/002 epoch=002/005 batch_count=40
2026-07-02 01:05:17,592 INFO chronaris.pipelines.stage_i.public.deep_baseline_runtime: deep_train batch dataset=uab_workload_dataset model=chronaris_public_fusion track=subjective group=heat_the_chair seed=42 fold=001/002 epoch=002/005 batch=001/040 loss=0.359518 elapsed_s=0.6 status=running
2026-07-02 01:05:17,903 INFO chronaris.pipelines.stage_i.public.deep_baseline_runtime: deep_train batch dataset=uab_workload_dataset model=chronaris_public_fusion track=subjective group=heat_the_chair seed=42 fold=001/002 epoch=002/005 batch=020/040 loss=0.407833 elapsed_s=0.9 status=running
2026-07-02 01:05:18,173 INFO chronaris.pipelines.stage_i.public.deep_baseline_runtime: deep_train batch dataset=uab_workload_dataset model=chronaris_public_fusion track=subjective group=heat_the_chair seed=42 fold=001/002 epoch=002/005 batch=040/040 loss=0.448582 elapsed_s=1.2 status=running
2026-07-02 01:05:18,178 INFO chronaris.pipelines.stage_i.public.deep_baseline_runtime: deep_train epoch_done dataset=uab_workload_dataset model=chronaris_public_fusion track=subjective group=heat_the_chair seed=42 fold=001/002 epoch=002/005 train_loss=0.411762 elapsed_s=0.6
2026-07-02 01:05:18,215 INFO chronaris.pipelines.stage_i.public.deep_baseline_runtime: deep_train epoch_start dataset=uab_workload_dataset model=chronaris_public_fusion track=subjective group=heat_the_chair seed=42 fold=001/002 epoch=003/005 batch_count=40
2026-07-02 01:05:18,236 INFO chronaris.pipelines.stage_i.public.deep_baseline_runtime: deep_train batch dataset=uab_workload_dataset model=chronaris_public_fusion track=subjective group=heat_the_chair seed=42 fold=001/002 epoch=003/005 batch=001/040 loss=0.429522 elapsed_s=1.3 status=running
2026-07-02 01:05:18,548 INFO chronaris.pipelines.stage_i.public.deep_baseline_runtime: deep_train batch dataset=uab_workload_dataset model=chronaris_public_fusion track=subjective group=heat_the_chair seed=42 fold=001/002 epoch=003/005 batch=020/040 loss=0.452163 elapsed_s=1.6 status=running
2026-07-02 01:05:18,813 INFO chronaris.pipelines.stage_i.public.deep_baseline_runtime: deep_train batch dataset=uab_workload_dataset model=chronaris_public_fusion track=subjective group=heat_the_chair seed=42 fold=001/002 epoch=003/005 batch=040/040 loss=0.401059 elapsed_s=1.8 status=running
2026-07-02 01:05:18,818 INFO chronaris.pipelines.stage_i.public.deep_baseline_runtime: deep_train epoch_done dataset=uab_workload_dataset model=chronaris_public_fusion track=subjective group=heat_the_chair seed=42 fold=001/002 epoch=003/005 train_loss=0.410760 elapsed_s=0.6
2026-07-02 01:05:18,857 INFO chronaris.pipelines.stage_i.public.deep_baseline_runtime: deep_train epoch_start dataset=uab_workload_dataset model=chronaris_public_fusion track=subjective group=heat_the_chair seed=42 fold=001/002 epoch=004/005 batch_count=40
2026-07-02 01:05:18,876 INFO chronaris.pipelines.stage_i.public.deep_baseline_runtime: deep_train batch dataset=uab_workload_dataset model=chronaris_public_fusion track=subjective group=heat_the_chair seed=42 fold=001/002 epoch=004/005 batch=001/040 loss=0.449120 elapsed_s=1.9 status=running
2026-07-02 01:05:19,129 INFO chronaris.pipelines.stage_i.public.deep_baseline_runtime: deep_train batch dataset=uab_workload_dataset model=chronaris_public_fusion track=subjective group=heat_the_chair seed=42 fold=001/002 epoch=004/005 batch=020/040 loss=0.377555 elapsed_s=2.2 status=running
2026-07-02 01:05:19,393 INFO chronaris.pipelines.stage_i.public.deep_baseline_runtime: deep_train batch dataset=uab_workload_dataset model=chronaris_public_fusion track=subjective group=heat_the_chair seed=42 fold=001/002 epoch=004/005 batch=040/040 loss=0.384620 elapsed_s=2.4 status=running
2026-07-02 01:05:19,397 INFO chronaris.pipelines.stage_i.public.deep_baseline_runtime: deep_train epoch_done dataset=uab_workload_dataset model=chronaris_public_fusion track=subjective group=heat_the_chair seed=42 fold=001/002 epoch=004/005 train_loss=0.411354 elapsed_s=0.5
2026-07-02 01:05:19,433 INFO chronaris.pipelines.stage_i.public.deep_baseline_runtime: deep_train epoch_start dataset=uab_workload_dataset model=chronaris_public_fusion track=subjective group=heat_the_chair seed=42 fold=001/002 epoch=005/005 batch_count=40
2026-07-02 01:05:19,460 INFO chronaris.pipelines.stage_i.public.deep_baseline_runtime: deep_train batch dataset=uab_workload_dataset model=chronaris_public_fusion track=subjective group=heat_the_chair seed=42 fold=001/002 epoch=005/005 batch=001/040 loss=0.326860 elapsed_s=2.5 status=running
2026-07-02 01:05:19,729 INFO chronaris.pipelines.stage_i.public.deep_baseline_runtime: deep_train batch dataset=uab_workload_dataset model=chronaris_public_fusion track=subjective group=heat_the_chair seed=42 fold=001/002 epoch=005/005 batch=020/040 loss=0.424248 elapsed_s=2.8 status=running
2026-07-02 01:05:20,003 INFO chronaris.pipelines.stage_i.public.deep_baseline_runtime: deep_train batch dataset=uab_workload_dataset model=chronaris_public_fusion track=subjective group=heat_the_chair seed=42 fold=001/002 epoch=005/005 batch=040/040 loss=0.429836 elapsed_s=3.0 status=running
2026-07-02 01:05:20,008 INFO chronaris.pipelines.stage_i.public.deep_baseline_runtime: deep_train epoch_done dataset=uab_workload_dataset model=chronaris_public_fusion track=subjective group=heat_the_chair seed=42 fold=001/002 epoch=005/005 train_loss=0.411390 elapsed_s=0.6
2026-07-02 01:05:20,045 INFO chronaris.pipelines.stage_i.public.deep_baseline_runtime: deep_train fold_done dataset=uab_workload_dataset model=chronaris_public_fusion track=subjective group=heat_the_chair seed=42 fold=001/002 elapsed_s=3.1
2026-07-02 01:05:21,481 INFO chronaris.pipelines.stage_i.public.deep_baseline_runtime: deep_train fold_start dataset=uab_workload_dataset model=chronaris_public_fusion track=subjective group=heat_the_chair seed=42 fold=002/002 split_group=subject_02 task=regression train_count=5126 epochs=5 batch_size=128
2026-07-02 01:05:21,485 INFO chronaris.pipelines.stage_i.public.deep_baseline_runtime: deep_train epoch_start dataset=uab_workload_dataset model=chronaris_public_fusion track=subjective group=heat_the_chair seed=42 fold=002/002 epoch=001/005 batch_count=41
2026-07-02 01:05:21,508 INFO chronaris.pipelines.stage_i.public.deep_baseline_runtime: deep_train batch dataset=uab_workload_dataset model=chronaris_public_fusion track=subjective group=heat_the_chair seed=42 fold=002/002 epoch=001/005 batch=001/041 loss=0.383655 elapsed_s=0.0 status=running
2026-07-02 01:05:21,765 INFO chronaris.pipelines.stage_i.public.deep_baseline_runtime: deep_train batch dataset=uab_workload_dataset model=chronaris_public_fusion track=subjective group=heat_the_chair seed=42 fold=002/002 epoch=001/005 batch=020/041 loss=0.477435 elapsed_s=0.3 status=running
2026-07-02 01:05:22,034 INFO chronaris.pipelines.stage_i.public.deep_baseline_runtime: deep_train batch dataset=uab_workload_dataset model=chronaris_public_fusion track=subjective group=heat_the_chair seed=42 fold=002/002 epoch=001/005 batch=040/041 loss=0.337409 elapsed_s=0.5 status=running
2026-07-02 01:05:22,052 INFO chronaris.pipelines.stage_i.public.deep_baseline_runtime: deep_train batch dataset=uab_workload_dataset model=chronaris_public_fusion track=subjective group=heat_the_chair seed=42 fold=002/002 epoch=001/005 batch=041/041 loss=0.304832 elapsed_s=0.6 status=running
2026-07-02 01:05:22,057 INFO chronaris.pipelines.stage_i.public.deep_baseline_runtime: deep_train epoch_done dataset=uab_workload_dataset model=chronaris_public_fusion track=subjective group=heat_the_chair seed=42 fold=002/002 epoch=001/005 train_loss=0.424704 elapsed_s=0.6
2026-07-02 01:05:22,093 INFO chronaris.pipelines.stage_i.public.deep_baseline_runtime: deep_train epoch_start dataset=uab_workload_dataset model=chronaris_public_fusion track=subjective group=heat_the_chair seed=42 fold=002/002 epoch=002/005 batch_count=41
2026-07-02 01:05:22,163 INFO chronaris.pipelines.stage_i.public.deep_baseline_runtime: deep_train batch dataset=uab_workload_dataset model=chronaris_public_fusion track=subjective group=heat_the_chair seed=42 fold=002/002 epoch=002/005 batch=001/041 loss=0.370816 elapsed_s=0.7 status=running
2026-07-02 01:05:22,416 INFO chronaris.pipelines.stage_i.public.deep_baseline_runtime: deep_train batch dataset=uab_workload_dataset model=chronaris_public_fusion track=subjective group=heat_the_chair seed=42 fold=002/002 epoch=002/005 batch=020/041 loss=0.413731 elapsed_s=0.9 status=running
2026-07-02 01:05:22,681 INFO chronaris.pipelines.stage_i.public.deep_baseline_runtime: deep_train batch dataset=uab_workload_dataset model=chronaris_public_fusion track=subjective group=heat_the_chair seed=42 fold=002/002 epoch=002/005 batch=040/041 loss=0.461257 elapsed_s=1.2 status=running
2026-07-02 01:05:22,698 INFO chronaris.pipelines.stage_i.public.deep_baseline_runtime: deep_train batch dataset=uab_workload_dataset model=chronaris_public_fusion track=subjective group=heat_the_chair seed=42 fold=002/002 epoch=002/005 batch=041/041 loss=0.601282 elapsed_s=1.2 status=running
2026-07-02 01:05:22,704 INFO chronaris.pipelines.stage_i.public.deep_baseline_runtime: deep_train epoch_done dataset=uab_workload_dataset model=chronaris_public_fusion track=subjective group=heat_the_chair seed=42 fold=002/002 epoch=002/005 train_loss=0.431217 elapsed_s=0.6
2026-07-02 01:05:22,742 INFO chronaris.pipelines.stage_i.public.deep_baseline_runtime: deep_train epoch_start dataset=uab_workload_dataset model=chronaris_public_fusion track=subjective group=heat_the_chair seed=42 fold=002/002 epoch=003/005 batch_count=41
2026-07-02 01:05:22,809 INFO chronaris.pipelines.stage_i.public.deep_baseline_runtime: deep_train batch dataset=uab_workload_dataset model=chronaris_public_fusion track=subjective group=heat_the_chair seed=42 fold=002/002 epoch=003/005 batch=001/041 loss=0.372312 elapsed_s=1.3 status=running
2026-07-02 01:05:23,062 INFO chronaris.pipelines.stage_i.public.deep_baseline_runtime: deep_train batch dataset=uab_workload_dataset model=chronaris_public_fusion track=subjective group=heat_the_chair seed=42 fold=002/002 epoch=003/005 batch=020/041 loss=0.392168 elapsed_s=1.6 status=running
2026-07-02 01:05:23,330 INFO chronaris.pipelines.stage_i.public.deep_baseline_runtime: deep_train batch dataset=uab_workload_dataset model=chronaris_public_fusion track=subjective group=heat_the_chair seed=42 fold=002/002 epoch=003/005 batch=040/041 loss=0.424260 elapsed_s=1.8 status=running
2026-07-02 01:05:23,348 INFO chronaris.pipelines.stage_i.public.deep_baseline_runtime: deep_train batch dataset=uab_workload_dataset model=chronaris_public_fusion track=subjective group=heat_the_chair seed=42 fold=002/002 epoch=003/005 batch=041/041 loss=0.329710 elapsed_s=1.9 status=running
2026-07-02 01:05:23,353 INFO chronaris.pipelines.stage_i.public.deep_baseline_runtime: deep_train epoch_done dataset=uab_workload_dataset model=chronaris_public_fusion track=subjective group=heat_the_chair seed=42 fold=002/002 epoch=003/005 train_loss=0.420362 elapsed_s=0.6
2026-07-02 01:05:23,389 INFO chronaris.pipelines.stage_i.public.deep_baseline_runtime: deep_train epoch_start dataset=uab_workload_dataset model=chronaris_public_fusion track=subjective group=heat_the_chair seed=42 fold=002/002 epoch=004/005 batch_count=41
2026-07-02 01:05:23,411 INFO chronaris.pipelines.stage_i.public.deep_baseline_runtime: deep_train batch dataset=uab_workload_dataset model=chronaris_public_fusion track=subjective group=heat_the_chair seed=42 fold=002/002 epoch=004/005 batch=001/041 loss=0.388129 elapsed_s=1.9 status=running
2026-07-02 01:05:23,670 INFO chronaris.pipelines.stage_i.public.deep_baseline_runtime: deep_train batch dataset=uab_workload_dataset model=chronaris_public_fusion track=subjective group=heat_the_chair seed=42 fold=002/002 epoch=004/005 batch=020/041 loss=0.349969 elapsed_s=2.2 status=running
2026-07-02 01:05:23,939 INFO chronaris.pipelines.stage_i.public.deep_baseline_runtime: deep_train batch dataset=uab_workload_dataset model=chronaris_public_fusion track=subjective group=heat_the_chair seed=42 fold=002/002 epoch=004/005 batch=040/041 loss=0.359107 elapsed_s=2.5 status=running
2026-07-02 01:05:23,957 INFO chronaris.pipelines.stage_i.public.deep_baseline_runtime: deep_train batch dataset=uab_workload_dataset model=chronaris_public_fusion track=subjective group=heat_the_chair seed=42 fold=002/002 epoch=004/005 batch=041/041 loss=0.364877 elapsed_s=2.5 status=running
2026-07-02 01:05:23,961 INFO chronaris.pipelines.stage_i.public.deep_baseline_runtime: deep_train epoch_done dataset=uab_workload_dataset model=chronaris_public_fusion track=subjective group=heat_the_chair seed=42 fold=002/002 epoch=004/005 train_loss=0.422003 elapsed_s=0.6
2026-07-02 01:05:23,997 INFO chronaris.pipelines.stage_i.public.deep_baseline_runtime: deep_train epoch_start dataset=uab_workload_dataset model=chronaris_public_fusion track=subjective group=heat_the_chair seed=42 fold=002/002 epoch=005/005 batch_count=41
2026-07-02 01:05:24,019 INFO chronaris.pipelines.stage_i.public.deep_baseline_runtime: deep_train batch dataset=uab_workload_dataset model=chronaris_public_fusion track=subjective group=heat_the_chair seed=42 fold=002/002 epoch=005/005 batch=001/041 loss=0.342973 elapsed_s=2.5 status=running
2026-07-02 01:05:24,273 INFO chronaris.pipelines.stage_i.public.deep_baseline_runtime: deep_train batch dataset=uab_workload_dataset model=chronaris_public_fusion track=subjective group=heat_the_chair seed=42 fold=002/002 epoch=005/005 batch=020/041 loss=0.380382 elapsed_s=2.8 status=running
2026-07-02 01:05:25,621 INFO chronaris.pipelines.stage_i.public.deep_baseline_runtime: deep_train batch dataset=uab_workload_dataset model=chronaris_public_fusion track=subjective group=heat_the_chair seed=42 fold=002/002 epoch=005/005 batch=040/041 loss=0.454650 elapsed_s=3.1 status=running
2026-07-02 01:05:25,638 INFO chronaris.pipelines.stage_i.public.deep_baseline_runtime: deep_train batch dataset=uab_workload_dataset model=chronaris_public_fusion track=subjective group=heat_the_chair seed=42 fold=002/002 epoch=005/005 batch=041/041 loss=0.264965 elapsed_s=3.1 status=running
2026-07-02 01:05:25,643 INFO chronaris.pipelines.stage_i.public.deep_baseline_runtime: deep_train epoch_done dataset=uab_workload_dataset model=chronaris_public_fusion track=subjective group=heat_the_chair seed=42 fold=002/002 epoch=005/005 train_loss=0.418716 elapsed_s=0.6
2026-07-02 01:05:25,679 INFO chronaris.pipelines.stage_i.public.deep_baseline_runtime: deep_train fold_done dataset=uab_workload_dataset model=chronaris_public_fusion track=subjective group=heat_the_chair seed=42 fold=002/002 elapsed_s=3.1
