{
  "partition": "test",
  "sample_count": 8,
  "reference_point_count": 16,
  "sample_ids": [
    "20251002_单01_ACT-8_翼云_J16_12#01:0029",
    "20251002_单01_ACT-8_翼云_J16_12#01:0030",
    "20251002_单01_ACT-8_翼云_J16_12#01:0031",
    "20251002_单01_ACT-8_翼云_J16_12#01:0032",
    "20251002_单01_ACT-8_翼云_J16_12#01:0033",
    "20251002_单01_ACT-8_翼云_J16_12#01:0034",
    "20251002_单01_ACT-8_翼云_J16_12#01:0035",
    "20251002_单01_ACT-8_翼云_J16_12#01:0036"
  ],
  "mean_physiology_reference_projection_l2": 1.1543092280626297,
  "mean_vehicle_reference_projection_l2": 1.2467743307352066,
  "mean_reference_projection_cosine": 0.7529256269335747
}
