2026-07-02 01:12:23,936 INFO chronaris.pipelines.stage_i.public.deep_baseline: stage_i_deep_baseline observer start run_id=physiology_only__seed42 run_root=/home/wangminan/projects/chronaris/docs/artifacts/assets/stage_i_public_fusion_ablation/20260701T-stage-i-public-fusion-ablation-r1/screen/uab_workload_dataset/physiology_only__seed42
2026-07-02 01:12:29,020 INFO chronaris.pipelines.stage_i.public.deep_baseline_runtime: deep_train fold_start dataset=uab_workload_dataset model=chronaris_public_fusion_physiology_only track=objective group=n_back seed=42 fold=001/002 split_group=subject_01 task=classification train_count=26164 epochs=5 batch_size=128
2026-07-02 01:12:29,021 INFO chronaris.pipelines.stage_i.public.deep_baseline_runtime: deep_train epoch_start dataset=uab_workload_dataset model=chronaris_public_fusion_physiology_only track=objective group=n_back seed=42 fold=001/002 epoch=001/005 batch_count=205
2026-07-02 01:12:29,044 INFO chronaris.pipelines.stage_i.public.deep_baseline_runtime: deep_train batch dataset=uab_workload_dataset model=chronaris_public_fusion_physiology_only track=objective group=n_back seed=42 fold=001/002 epoch=001/005 batch=001/205 loss=1.121742 elapsed_s=0.0 status=running
2026-07-02 01:12:29,350 INFO chronaris.pipelines.stage_i.public.deep_baseline_runtime: deep_train batch dataset=uab_workload_dataset model=chronaris_public_fusion_physiology_only track=objective group=n_back seed=42 fold=001/002 epoch=001/005 batch=020/205 loss=1.104637 elapsed_s=0.3 status=running
2026-07-02 01:12:29,479 INFO chronaris.pipelines.stage_i.public.deep_baseline_runtime: deep_train batch dataset=uab_workload_dataset model=chronaris_public_fusion_physiology_only track=objective group=n_back seed=42 fold=001/002 epoch=001/005 batch=040/205 loss=1.107774 elapsed_s=0.5 status=running
2026-07-02 01:12:29,612 INFO chronaris.pipelines.stage_i.public.deep_baseline_runtime: deep_train batch dataset=uab_workload_dataset model=chronaris_public_fusion_physiology_only track=objective group=n_back seed=42 fold=001/002 epoch=001/005 batch=060/205 loss=1.101364 elapsed_s=0.6 status=running
2026-07-02 01:12:29,742 INFO chronaris.pipelines.stage_i.public.deep_baseline_runtime: deep_train batch dataset=uab_workload_dataset model=chronaris_public_fusion_physiology_only track=objective group=n_back seed=42 fold=001/002 epoch=001/005 batch=080/205 loss=1.099334 elapsed_s=0.7 status=running
2026-07-02 01:12:29,874 INFO chronaris.pipelines.stage_i.public.deep_baseline_runtime: deep_train batch dataset=uab_workload_dataset model=chronaris_public_fusion_physiology_only track=objective group=n_back seed=42 fold=001/002 epoch=001/005 batch=100/205 loss=1.102689 elapsed_s=0.9 status=running
2026-07-02 01:12:30,004 INFO chronaris.pipelines.stage_i.public.deep_baseline_runtime: deep_train batch dataset=uab_workload_dataset model=chronaris_public_fusion_physiology_only track=objective group=n_back seed=42 fold=001/002 epoch=001/005 batch=120/205 loss=1.102569 elapsed_s=1.0 status=running
2026-07-02 01:12:30,135 INFO chronaris.pipelines.stage_i.public.deep_baseline_runtime: deep_train batch dataset=uab_workload_dataset model=chronaris_public_fusion_physiology_only track=objective group=n_back seed=42 fold=001/002 epoch=001/005 batch=140/205 loss=1.089821 elapsed_s=1.1 status=running
2026-07-02 01:12:30,263 INFO chronaris.pipelines.stage_i.public.deep_baseline_runtime: deep_train batch dataset=uab_workload_dataset model=chronaris_public_fusion_physiology_only track=objective group=n_back seed=42 fold=001/002 epoch=001/005 batch=160/205 loss=1.098564 elapsed_s=1.2 status=running
2026-07-02 01:12:30,396 INFO chronaris.pipelines.stage_i.public.deep_baseline_runtime: deep_train batch dataset=uab_workload_dataset model=chronaris_public_fusion_physiology_only track=objective group=n_back seed=42 fold=001/002 epoch=001/005 batch=180/205 loss=1.106989 elapsed_s=1.4 status=running
2026-07-02 01:12:30,526 INFO chronaris.pipelines.stage_i.public.deep_baseline_runtime: deep_train batch dataset=uab_workload_dataset model=chronaris_public_fusion_physiology_only track=objective group=n_back seed=42 fold=001/002 epoch=001/005 batch=200/205 loss=1.099963 elapsed_s=1.5 status=running
2026-07-02 01:12:30,560 INFO chronaris.pipelines.stage_i.public.deep_baseline_runtime: deep_train batch dataset=uab_workload_dataset model=chronaris_public_fusion_physiology_only track=objective group=n_back seed=42 fold=001/002 epoch=001/005 batch=205/205 loss=1.107112 elapsed_s=1.5 status=running
2026-07-02 01:12:30,561 INFO chronaris.pipelines.stage_i.public.deep_baseline_runtime: deep_train epoch_done dataset=uab_workload_dataset model=chronaris_public_fusion_physiology_only track=objective group=n_back seed=42 fold=001/002 epoch=001/005 train_loss=1.101327 elapsed_s=1.5
2026-07-02 01:12:30,578 INFO chronaris.pipelines.stage_i.public.deep_baseline_runtime: deep_train epoch_start dataset=uab_workload_dataset model=chronaris_public_fusion_physiology_only track=objective group=n_back seed=42 fold=001/002 epoch=002/005 batch_count=205
2026-07-02 01:12:30,593 INFO chronaris.pipelines.stage_i.public.deep_baseline_runtime: deep_train batch dataset=uab_workload_dataset model=chronaris_public_fusion_physiology_only track=objective group=n_back seed=42 fold=001/002 epoch=002/005 batch=001/205 loss=1.099336 elapsed_s=1.6 status=running
2026-07-02 01:12:30,718 INFO chronaris.pipelines.stage_i.public.deep_baseline_runtime: deep_train batch dataset=uab_workload_dataset model=chronaris_public_fusion_physiology_only track=objective group=n_back seed=42 fold=001/002 epoch=002/005 batch=020/205 loss=1.097848 elapsed_s=1.7 status=running
2026-07-02 01:12:30,857 INFO chronaris.pipelines.stage_i.public.deep_baseline_runtime: deep_train batch dataset=uab_workload_dataset model=chronaris_public_fusion_physiology_only track=objective group=n_back seed=42 fold=001/002 epoch=002/005 batch=040/205 loss=1.100619 elapsed_s=1.8 status=running
2026-07-02 01:12:30,987 INFO chronaris.pipelines.stage_i.public.deep_baseline_runtime: deep_train batch dataset=uab_workload_dataset model=chronaris_public_fusion_physiology_only track=objective group=n_back seed=42 fold=001/002 epoch=002/005 batch=060/205 loss=1.098537 elapsed_s=2.0 status=running
2026-07-02 01:12:31,125 INFO chronaris.pipelines.stage_i.public.deep_baseline_runtime: deep_train batch dataset=uab_workload_dataset model=chronaris_public_fusion_physiology_only track=objective group=n_back seed=42 fold=001/002 epoch=002/005 batch=080/205 loss=1.096315 elapsed_s=2.1 status=running
2026-07-02 01:12:31,254 INFO chronaris.pipelines.stage_i.public.deep_baseline_runtime: deep_train batch dataset=uab_workload_dataset model=chronaris_public_fusion_physiology_only track=objective group=n_back seed=42 fold=001/002 epoch=002/005 batch=100/205 loss=1.088085 elapsed_s=2.2 status=running
2026-07-02 01:12:31,389 INFO chronaris.pipelines.stage_i.public.deep_baseline_runtime: deep_train batch dataset=uab_workload_dataset model=chronaris_public_fusion_physiology_only track=objective group=n_back seed=42 fold=001/002 epoch=002/005 batch=120/205 loss=1.097048 elapsed_s=2.4 status=running
2026-07-02 01:12:31,523 INFO chronaris.pipelines.stage_i.public.deep_baseline_runtime: deep_train batch dataset=uab_workload_dataset model=chronaris_public_fusion_physiology_only track=objective group=n_back seed=42 fold=001/002 epoch=002/005 batch=140/205 loss=1.097741 elapsed_s=2.5 status=running
2026-07-02 01:12:31,659 INFO chronaris.pipelines.stage_i.public.deep_baseline_runtime: deep_train batch dataset=uab_workload_dataset model=chronaris_public_fusion_physiology_only track=objective group=n_back seed=42 fold=001/002 epoch=002/005 batch=160/205 loss=1.096355 elapsed_s=2.6 status=running
2026-07-02 01:12:31,794 INFO chronaris.pipelines.stage_i.public.deep_baseline_runtime: deep_train batch dataset=uab_workload_dataset model=chronaris_public_fusion_physiology_only track=objective group=n_back seed=42 fold=001/002 epoch=002/005 batch=180/205 loss=1.102739 elapsed_s=2.8 status=running
2026-07-02 01:12:31,939 INFO chronaris.pipelines.stage_i.public.deep_baseline_runtime: deep_train batch dataset=uab_workload_dataset model=chronaris_public_fusion_physiology_only track=objective group=n_back seed=42 fold=001/002 epoch=002/005 batch=200/205 loss=1.103963 elapsed_s=2.9 status=running
2026-07-02 01:12:31,973 INFO chronaris.pipelines.stage_i.public.deep_baseline_runtime: deep_train batch dataset=uab_workload_dataset model=chronaris_public_fusion_physiology_only track=objective group=n_back seed=42 fold=001/002 epoch=002/005 batch=205/205 loss=1.100384 elapsed_s=3.0 status=running
2026-07-02 01:12:31,974 INFO chronaris.pipelines.stage_i.public.deep_baseline_runtime: deep_train epoch_done dataset=uab_workload_dataset model=chronaris_public_fusion_physiology_only track=objective group=n_back seed=42 fold=001/002 epoch=002/005 train_loss=1.098878 elapsed_s=1.4
2026-07-02 01:12:31,994 INFO chronaris.pipelines.stage_i.public.deep_baseline_runtime: deep_train epoch_start dataset=uab_workload_dataset model=chronaris_public_fusion_physiology_only track=objective group=n_back seed=42 fold=001/002 epoch=003/005 batch_count=205
2026-07-02 01:12:32,007 INFO chronaris.pipelines.stage_i.public.deep_baseline_runtime: deep_train batch dataset=uab_workload_dataset model=chronaris_public_fusion_physiology_only track=objective group=n_back seed=42 fold=001/002 epoch=003/005 batch=001/205 loss=1.095439 elapsed_s=3.0 status=running
2026-07-02 01:12:32,135 INFO chronaris.pipelines.stage_i.public.deep_baseline_runtime: deep_train batch dataset=uab_workload_dataset model=chronaris_public_fusion_physiology_only track=objective group=n_back seed=42 fold=001/002 epoch=003/005 batch=020/205 loss=1.106356 elapsed_s=3.1 status=running
2026-07-02 01:12:32,270 INFO chronaris.pipelines.stage_i.public.deep_baseline_runtime: deep_train batch dataset=uab_workload_dataset model=chronaris_public_fusion_physiology_only track=objective group=n_back seed=42 fold=001/002 epoch=003/005 batch=040/205 loss=1.106542 elapsed_s=3.2 status=running
2026-07-02 01:12:32,404 INFO chronaris.pipelines.stage_i.public.deep_baseline_runtime: deep_train batch dataset=uab_workload_dataset model=chronaris_public_fusion_physiology_only track=objective group=n_back seed=42 fold=001/002 epoch=003/005 batch=060/205 loss=1.101295 elapsed_s=3.4 status=running
2026-07-02 01:12:32,539 INFO chronaris.pipelines.stage_i.public.deep_baseline_runtime: deep_train batch dataset=uab_workload_dataset model=chronaris_public_fusion_physiology_only track=objective group=n_back seed=42 fold=001/002 epoch=003/005 batch=080/205 loss=1.096800 elapsed_s=3.5 status=running
2026-07-02 01:12:32,673 INFO chronaris.pipelines.stage_i.public.deep_baseline_runtime: deep_train batch dataset=uab_workload_dataset model=chronaris_public_fusion_physiology_only track=objective group=n_back seed=42 fold=001/002 epoch=003/005 batch=100/205 loss=1.113806 elapsed_s=3.7 status=running
2026-07-02 01:12:32,813 INFO chronaris.pipelines.stage_i.public.deep_baseline_runtime: deep_train batch dataset=uab_workload_dataset model=chronaris_public_fusion_physiology_only track=objective group=n_back seed=42 fold=001/002 epoch=003/005 batch=120/205 loss=1.096169 elapsed_s=3.8 status=running
2026-07-02 01:12:32,948 INFO chronaris.pipelines.stage_i.public.deep_baseline_runtime: deep_train batch dataset=uab_workload_dataset model=chronaris_public_fusion_physiology_only track=objective group=n_back seed=42 fold=001/002 epoch=003/005 batch=140/205 loss=1.093246 elapsed_s=3.9 status=running
2026-07-02 01:12:33,084 INFO chronaris.pipelines.stage_i.public.deep_baseline_runtime: deep_train batch dataset=uab_workload_dataset model=chronaris_public_fusion_physiology_only track=objective group=n_back seed=42 fold=001/002 epoch=003/005 batch=160/205 loss=1.100589 elapsed_s=4.1 status=running
2026-07-02 01:12:34,344 INFO chronaris.pipelines.stage_i.public.deep_baseline_runtime: deep_train batch dataset=uab_workload_dataset model=chronaris_public_fusion_physiology_only track=objective group=n_back seed=42 fold=001/002 epoch=003/005 batch=180/205 loss=1.100075 elapsed_s=4.2 status=running
2026-07-02 01:12:34,479 INFO chronaris.pipelines.stage_i.public.deep_baseline_runtime: deep_train batch dataset=uab_workload_dataset model=chronaris_public_fusion_physiology_only track=objective group=n_back seed=42 fold=001/002 epoch=003/005 batch=200/205 loss=1.089928 elapsed_s=4.3 status=running
2026-07-02 01:12:34,513 INFO chronaris.pipelines.stage_i.public.deep_baseline_runtime: deep_train batch dataset=uab_workload_dataset model=chronaris_public_fusion_physiology_only track=objective group=n_back seed=42 fold=001/002 epoch=003/005 batch=205/205 loss=1.096306 elapsed_s=4.4 status=running
2026-07-02 01:12:34,514 INFO chronaris.pipelines.stage_i.public.deep_baseline_runtime: deep_train epoch_done dataset=uab_workload_dataset model=chronaris_public_fusion_physiology_only track=objective group=n_back seed=42 fold=001/002 epoch=003/005 train_loss=1.097869 elapsed_s=1.4
2026-07-02 01:12:36,542 INFO chronaris.pipelines.stage_i.public.deep_baseline_runtime: deep_train epoch_start dataset=uab_workload_dataset model=chronaris_public_fusion_physiology_only track=objective group=n_back seed=42 fold=001/002 epoch=004/005 batch_count=205
2026-07-02 01:12:36,553 INFO chronaris.pipelines.stage_i.public.deep_baseline_runtime: deep_train batch dataset=uab_workload_dataset model=chronaris_public_fusion_physiology_only track=objective group=n_back seed=42 fold=001/002 epoch=004/005 batch=001/205 loss=1.085719 elapsed_s=4.4 status=running
2026-07-02 01:12:36,683 INFO chronaris.pipelines.stage_i.public.deep_baseline_runtime: deep_train batch dataset=uab_workload_dataset model=chronaris_public_fusion_physiology_only track=objective group=n_back seed=42 fold=001/002 epoch=004/005 batch=020/205 loss=1.090363 elapsed_s=4.5 status=running
2026-07-02 01:12:36,819 INFO chronaris.pipelines.stage_i.public.deep_baseline_runtime: deep_train batch dataset=uab_workload_dataset model=chronaris_public_fusion_physiology_only track=objective group=n_back seed=42 fold=001/002 epoch=004/005 batch=040/205 loss=1.080333 elapsed_s=4.7 status=running
2026-07-02 01:12:36,952 INFO chronaris.pipelines.stage_i.public.deep_baseline_runtime: deep_train batch dataset=uab_workload_dataset model=chronaris_public_fusion_physiology_only track=objective group=n_back seed=42 fold=001/002 epoch=004/005 batch=060/205 loss=1.099554 elapsed_s=4.8 status=running
2026-07-02 01:12:37,086 INFO chronaris.pipelines.stage_i.public.deep_baseline_runtime: deep_train batch dataset=uab_workload_dataset model=chronaris_public_fusion_physiology_only track=objective group=n_back seed=42 fold=001/002 epoch=004/005 batch=080/205 loss=1.096872 elapsed_s=4.9 status=running
2026-07-02 01:12:37,226 INFO chronaris.pipelines.stage_i.public.deep_baseline_runtime: deep_train batch dataset=uab_workload_dataset model=chronaris_public_fusion_physiology_only track=objective group=n_back seed=42 fold=001/002 epoch=004/005 batch=100/205 loss=1.092224 elapsed_s=5.1 status=running
2026-07-02 01:12:37,359 INFO chronaris.pipelines.stage_i.public.deep_baseline_runtime: deep_train batch dataset=uab_workload_dataset model=chronaris_public_fusion_physiology_only track=objective group=n_back seed=42 fold=001/002 epoch=004/005 batch=120/205 loss=1.094476 elapsed_s=5.2 status=running
2026-07-02 01:12:37,492 INFO chronaris.pipelines.stage_i.public.deep_baseline_runtime: deep_train batch dataset=uab_workload_dataset model=chronaris_public_fusion_physiology_only track=objective group=n_back seed=42 fold=001/002 epoch=004/005 batch=140/205 loss=1.089971 elapsed_s=5.3 status=running
2026-07-02 01:12:37,628 INFO chronaris.pipelines.stage_i.public.deep_baseline_runtime: deep_train batch dataset=uab_workload_dataset model=chronaris_public_fusion_physiology_only track=objective group=n_back seed=42 fold=001/002 epoch=004/005 batch=160/205 loss=1.084045 elapsed_s=5.5 status=running
2026-07-02 01:12:37,772 INFO chronaris.pipelines.stage_i.public.deep_baseline_runtime: deep_train batch dataset=uab_workload_dataset model=chronaris_public_fusion_physiology_only track=objective group=n_back seed=42 fold=001/002 epoch=004/005 batch=180/205 loss=1.107404 elapsed_s=5.6 status=running
2026-07-02 01:12:37,912 INFO chronaris.pipelines.stage_i.public.deep_baseline_runtime: deep_train batch dataset=uab_workload_dataset model=chronaris_public_fusion_physiology_only track=objective group=n_back seed=42 fold=001/002 epoch=004/005 batch=200/205 loss=1.100240 elapsed_s=5.8 status=running
2026-07-02 01:12:37,951 INFO chronaris.pipelines.stage_i.public.deep_baseline_runtime: deep_train batch dataset=uab_workload_dataset model=chronaris_public_fusion_physiology_only track=objective group=n_back seed=42 fold=001/002 epoch=004/005 batch=205/205 loss=1.082808 elapsed_s=5.8 status=running
2026-07-02 01:12:37,952 INFO chronaris.pipelines.stage_i.public.deep_baseline_runtime: deep_train epoch_done dataset=uab_workload_dataset model=chronaris_public_fusion_physiology_only track=objective group=n_back seed=42 fold=001/002 epoch=004/005 train_loss=1.094043 elapsed_s=1.4
2026-07-02 01:12:37,972 INFO chronaris.pipelines.stage_i.public.deep_baseline_runtime: deep_train epoch_start dataset=uab_workload_dataset model=chronaris_public_fusion_physiology_only track=objective group=n_back seed=42 fold=001/002 epoch=005/005 batch_count=205
2026-07-02 01:12:37,984 INFO chronaris.pipelines.stage_i.public.deep_baseline_runtime: deep_train batch dataset=uab_workload_dataset model=chronaris_public_fusion_physiology_only track=objective group=n_back seed=42 fold=001/002 epoch=005/005 batch=001/205 loss=1.084317 elapsed_s=5.8 status=running
2026-07-02 01:12:38,114 INFO chronaris.pipelines.stage_i.public.deep_baseline_runtime: deep_train batch dataset=uab_workload_dataset model=chronaris_public_fusion_physiology_only track=objective group=n_back seed=42 fold=001/002 epoch=005/005 batch=020/205 loss=1.096628 elapsed_s=6.0 status=running
2026-07-02 01:12:38,250 INFO chronaris.pipelines.stage_i.public.deep_baseline_runtime: deep_train batch dataset=uab_workload_dataset model=chronaris_public_fusion_physiology_only track=objective group=n_back seed=42 fold=001/002 epoch=005/005 batch=040/205 loss=1.102612 elapsed_s=6.1 status=running
2026-07-02 01:12:38,390 INFO chronaris.pipelines.stage_i.public.deep_baseline_runtime: deep_train batch dataset=uab_workload_dataset model=chronaris_public_fusion_physiology_only track=objective group=n_back seed=42 fold=001/002 epoch=005/005 batch=060/205 loss=1.082332 elapsed_s=6.2 status=running
2026-07-02 01:12:38,528 INFO chronaris.pipelines.stage_i.public.deep_baseline_runtime: deep_train batch dataset=uab_workload_dataset model=chronaris_public_fusion_physiology_only track=objective group=n_back seed=42 fold=001/002 epoch=005/005 batch=080/205 loss=1.052371 elapsed_s=6.4 status=running
2026-07-02 01:12:38,665 INFO chronaris.pipelines.stage_i.public.deep_baseline_runtime: deep_train batch dataset=uab_workload_dataset model=chronaris_public_fusion_physiology_only track=objective group=n_back seed=42 fold=001/002 epoch=005/005 batch=100/205 loss=1.077698 elapsed_s=6.5 status=running
2026-07-02 01:12:38,802 INFO chronaris.pipelines.stage_i.public.deep_baseline_runtime: deep_train batch dataset=uab_workload_dataset model=chronaris_public_fusion_physiology_only track=objective group=n_back seed=42 fold=001/002 epoch=005/005 batch=120/205 loss=1.084108 elapsed_s=6.7 status=running
2026-07-02 01:12:38,940 INFO chronaris.pipelines.stage_i.public.deep_baseline_runtime: deep_train batch dataset=uab_workload_dataset model=chronaris_public_fusion_physiology_only track=objective group=n_back seed=42 fold=001/002 epoch=005/005 batch=140/205 loss=1.090444 elapsed_s=6.8 status=running
2026-07-02 01:12:39,080 INFO chronaris.pipelines.stage_i.public.deep_baseline_runtime: deep_train batch dataset=uab_workload_dataset model=chronaris_public_fusion_physiology_only track=objective group=n_back seed=42 fold=001/002 epoch=005/005 batch=160/205 loss=1.103081 elapsed_s=6.9 status=running
2026-07-02 01:12:39,216 INFO chronaris.pipelines.stage_i.public.deep_baseline_runtime: deep_train batch dataset=uab_workload_dataset model=chronaris_public_fusion_physiology_only track=objective group=n_back seed=42 fold=001/002 epoch=005/005 batch=180/205 loss=1.087040 elapsed_s=7.1 status=running
2026-07-02 01:12:39,352 INFO chronaris.pipelines.stage_i.public.deep_baseline_runtime: deep_train batch dataset=uab_workload_dataset model=chronaris_public_fusion_physiology_only track=objective group=n_back seed=42 fold=001/002 epoch=005/005 batch=200/205 loss=1.083525 elapsed_s=7.2 status=running
2026-07-02 01:12:39,387 INFO chronaris.pipelines.stage_i.public.deep_baseline_runtime: deep_train batch dataset=uab_workload_dataset model=chronaris_public_fusion_physiology_only track=objective group=n_back seed=42 fold=001/002 epoch=005/005 batch=205/205 loss=1.078417 elapsed_s=7.2 status=running
2026-07-02 01:12:39,389 INFO chronaris.pipelines.stage_i.public.deep_baseline_runtime: deep_train epoch_done dataset=uab_workload_dataset model=chronaris_public_fusion_physiology_only track=objective group=n_back seed=42 fold=001/002 epoch=005/005 train_loss=1.088560 elapsed_s=1.4
2026-07-02 01:12:39,409 INFO chronaris.pipelines.stage_i.public.deep_baseline_runtime: deep_train fold_done dataset=uab_workload_dataset model=chronaris_public_fusion_physiology_only track=objective group=n_back seed=42 fold=001/002 elapsed_s=7.3
2026-07-02 01:12:42,966 INFO chronaris.pipelines.stage_i.public.deep_baseline_runtime: deep_train fold_start dataset=uab_workload_dataset model=chronaris_public_fusion_physiology_only track=objective group=n_back seed=42 fold=002/002 split_group=subject_02 task=classification train_count=26176 epochs=5 batch_size=128
2026-07-02 01:12:42,968 INFO chronaris.pipelines.stage_i.public.deep_baseline_runtime: deep_train epoch_start dataset=uab_workload_dataset model=chronaris_public_fusion_physiology_only track=objective group=n_back seed=42 fold=002/002 epoch=001/005 batch_count=205
2026-07-02 01:12:42,990 INFO chronaris.pipelines.stage_i.public.deep_baseline_runtime: deep_train batch dataset=uab_workload_dataset model=chronaris_public_fusion_physiology_only track=objective group=n_back seed=42 fold=002/002 epoch=001/005 batch=001/205 loss=1.102685 elapsed_s=0.0 status=running
2026-07-02 01:12:43,325 INFO chronaris.pipelines.stage_i.public.deep_baseline_runtime: deep_train batch dataset=uab_workload_dataset model=chronaris_public_fusion_physiology_only track=objective group=n_back seed=42 fold=002/002 epoch=001/005 batch=020/205 loss=1.105106 elapsed_s=0.4 status=running
2026-07-02 01:12:43,467 INFO chronaris.pipelines.stage_i.public.deep_baseline_runtime: deep_train batch dataset=uab_workload_dataset model=chronaris_public_fusion_physiology_only track=objective group=n_back seed=42 fold=002/002 epoch=001/005 batch=040/205 loss=1.102582 elapsed_s=0.5 status=running
2026-07-02 01:12:43,597 INFO chronaris.pipelines.stage_i.public.deep_baseline_runtime: deep_train batch dataset=uab_workload_dataset model=chronaris_public_fusion_physiology_only track=objective group=n_back seed=42 fold=002/002 epoch=001/005 batch=060/205 loss=1.095839 elapsed_s=0.6 status=running
2026-07-02 01:12:43,726 INFO chronaris.pipelines.stage_i.public.deep_baseline_runtime: deep_train batch dataset=uab_workload_dataset model=chronaris_public_fusion_physiology_only track=objective group=n_back seed=42 fold=002/002 epoch=001/005 batch=080/205 loss=1.103401 elapsed_s=0.8 status=running
2026-07-02 01:12:43,856 INFO chronaris.pipelines.stage_i.public.deep_baseline_runtime: deep_train batch dataset=uab_workload_dataset model=chronaris_public_fusion_physiology_only track=objective group=n_back seed=42 fold=002/002 epoch=001/005 batch=100/205 loss=1.093096 elapsed_s=0.9 status=running
2026-07-02 01:12:43,991 INFO chronaris.pipelines.stage_i.public.deep_baseline_runtime: deep_train batch dataset=uab_workload_dataset model=chronaris_public_fusion_physiology_only track=objective group=n_back seed=42 fold=002/002 epoch=001/005 batch=120/205 loss=1.099794 elapsed_s=1.0 status=running
2026-07-02 01:12:44,120 INFO chronaris.pipelines.stage_i.public.deep_baseline_runtime: deep_train batch dataset=uab_workload_dataset model=chronaris_public_fusion_physiology_only track=objective group=n_back seed=42 fold=002/002 epoch=001/005 batch=140/205 loss=1.096444 elapsed_s=1.2 status=running
2026-07-02 01:12:44,263 INFO chronaris.pipelines.stage_i.public.deep_baseline_runtime: deep_train batch dataset=uab_workload_dataset model=chronaris_public_fusion_physiology_only track=objective group=n_back seed=42 fold=002/002 epoch=001/005 batch=160/205 loss=1.106255 elapsed_s=1.3 status=running
2026-07-02 01:12:44,401 INFO chronaris.pipelines.stage_i.public.deep_baseline_runtime: deep_train batch dataset=uab_workload_dataset model=chronaris_public_fusion_physiology_only track=objective group=n_back seed=42 fold=002/002 epoch=001/005 batch=180/205 loss=1.105266 elapsed_s=1.4 status=running
2026-07-02 01:12:44,535 INFO chronaris.pipelines.stage_i.public.deep_baseline_runtime: deep_train batch dataset=uab_workload_dataset model=chronaris_public_fusion_physiology_only track=objective group=n_back seed=42 fold=002/002 epoch=001/005 batch=200/205 loss=1.103725 elapsed_s=1.6 status=running
2026-07-02 01:12:44,569 INFO chronaris.pipelines.stage_i.public.deep_baseline_runtime: deep_train batch dataset=uab_workload_dataset model=chronaris_public_fusion_physiology_only track=objective group=n_back seed=42 fold=002/002 epoch=001/005 batch=205/205 loss=1.099248 elapsed_s=1.6 status=running
2026-07-02 01:12:44,570 INFO chronaris.pipelines.stage_i.public.deep_baseline_runtime: deep_train epoch_done dataset=uab_workload_dataset model=chronaris_public_fusion_physiology_only track=objective group=n_back seed=42 fold=002/002 epoch=001/005 train_loss=1.100619 elapsed_s=1.6
2026-07-02 01:12:44,590 INFO chronaris.pipelines.stage_i.public.deep_baseline_runtime: deep_train epoch_start dataset=uab_workload_dataset model=chronaris_public_fusion_physiology_only track=objective group=n_back seed=42 fold=002/002 epoch=002/005 batch_count=205
2026-07-02 01:12:44,599 INFO chronaris.pipelines.stage_i.public.deep_baseline_runtime: deep_train batch dataset=uab_workload_dataset model=chronaris_public_fusion_physiology_only track=objective group=n_back seed=42 fold=002/002 epoch=002/005 batch=001/205 loss=1.097564 elapsed_s=1.6 status=running
2026-07-02 01:12:44,725 INFO chronaris.pipelines.stage_i.public.deep_baseline_runtime: deep_train batch dataset=uab_workload_dataset model=chronaris_public_fusion_physiology_only track=objective group=n_back seed=42 fold=002/002 epoch=002/005 batch=020/205 loss=1.099531 elapsed_s=1.8 status=running
2026-07-02 01:12:44,858 INFO chronaris.pipelines.stage_i.public.deep_baseline_runtime: deep_train batch dataset=uab_workload_dataset model=chronaris_public_fusion_physiology_only track=objective group=n_back seed=42 fold=002/002 epoch=002/005 batch=040/205 loss=1.103968 elapsed_s=1.9 status=running
2026-07-02 01:12:44,988 INFO chronaris.pipelines.stage_i.public.deep_baseline_runtime: deep_train batch dataset=uab_workload_dataset model=chronaris_public_fusion_physiology_only track=objective group=n_back seed=42 fold=002/002 epoch=002/005 batch=060/205 loss=1.095821 elapsed_s=2.0 status=running
2026-07-02 01:12:45,116 INFO chronaris.pipelines.stage_i.public.deep_baseline_runtime: deep_train batch dataset=uab_workload_dataset model=chronaris_public_fusion_physiology_only track=objective group=n_back seed=42 fold=002/002 epoch=002/005 batch=080/205 loss=1.092301 elapsed_s=2.1 status=running
2026-07-02 01:12:45,246 INFO chronaris.pipelines.stage_i.public.deep_baseline_runtime: deep_train batch dataset=uab_workload_dataset model=chronaris_public_fusion_physiology_only track=objective group=n_back seed=42 fold=002/002 epoch=002/005 batch=100/205 loss=1.096336 elapsed_s=2.3 status=running
2026-07-02 01:12:45,378 INFO chronaris.pipelines.stage_i.public.deep_baseline_runtime: deep_train batch dataset=uab_workload_dataset model=chronaris_public_fusion_physiology_only track=objective group=n_back seed=42 fold=002/002 epoch=002/005 batch=120/205 loss=1.099825 elapsed_s=2.4 status=running
2026-07-02 01:12:45,509 INFO chronaris.pipelines.stage_i.public.deep_baseline_runtime: deep_train batch dataset=uab_workload_dataset model=chronaris_public_fusion_physiology_only track=objective group=n_back seed=42 fold=002/002 epoch=002/005 batch=140/205 loss=1.101436 elapsed_s=2.5 status=running
2026-07-02 01:12:45,639 INFO chronaris.pipelines.stage_i.public.deep_baseline_runtime: deep_train batch dataset=uab_workload_dataset model=chronaris_public_fusion_physiology_only track=objective group=n_back seed=42 fold=002/002 epoch=002/005 batch=160/205 loss=1.098375 elapsed_s=2.7 status=running
2026-07-02 01:12:45,772 INFO chronaris.pipelines.stage_i.public.deep_baseline_runtime: deep_train batch dataset=uab_workload_dataset model=chronaris_public_fusion_physiology_only track=objective group=n_back seed=42 fold=002/002 epoch=002/005 batch=180/205 loss=1.096707 elapsed_s=2.8 status=running
2026-07-02 01:12:45,905 INFO chronaris.pipelines.stage_i.public.deep_baseline_runtime: deep_train batch dataset=uab_workload_dataset model=chronaris_public_fusion_physiology_only track=objective group=n_back seed=42 fold=002/002 epoch=002/005 batch=200/205 loss=1.095410 elapsed_s=2.9 status=running
2026-07-02 01:12:45,940 INFO chronaris.pipelines.stage_i.public.deep_baseline_runtime: deep_train batch dataset=uab_workload_dataset model=chronaris_public_fusion_physiology_only track=objective group=n_back seed=42 fold=002/002 epoch=002/005 batch=205/205 loss=1.093424 elapsed_s=3.0 status=running
2026-07-02 01:12:45,942 INFO chronaris.pipelines.stage_i.public.deep_baseline_runtime: deep_train epoch_done dataset=uab_workload_dataset model=chronaris_public_fusion_physiology_only track=objective group=n_back seed=42 fold=002/002 epoch=002/005 train_loss=1.099246 elapsed_s=1.4
2026-07-02 01:12:45,962 INFO chronaris.pipelines.stage_i.public.deep_baseline_runtime: deep_train epoch_start dataset=uab_workload_dataset model=chronaris_public_fusion_physiology_only track=objective group=n_back seed=42 fold=002/002 epoch=003/005 batch_count=205
2026-07-02 01:12:45,973 INFO chronaris.pipelines.stage_i.public.deep_baseline_runtime: deep_train batch dataset=uab_workload_dataset model=chronaris_public_fusion_physiology_only track=objective group=n_back seed=42 fold=002/002 epoch=003/005 batch=001/205 loss=1.105254 elapsed_s=3.0 status=running
2026-07-02 01:12:46,113 INFO chronaris.pipelines.stage_i.public.deep_baseline_runtime: deep_train batch dataset=uab_workload_dataset model=chronaris_public_fusion_physiology_only track=objective group=n_back seed=42 fold=002/002 epoch=003/005 batch=020/205 loss=1.100809 elapsed_s=3.1 status=running
2026-07-02 01:12:46,249 INFO chronaris.pipelines.stage_i.public.deep_baseline_runtime: deep_train batch dataset=uab_workload_dataset model=chronaris_public_fusion_physiology_only track=objective group=n_back seed=42 fold=002/002 epoch=003/005 batch=040/205 loss=1.100817 elapsed_s=3.3 status=running
2026-07-02 01:12:46,389 INFO chronaris.pipelines.stage_i.public.deep_baseline_runtime: deep_train batch dataset=uab_workload_dataset model=chronaris_public_fusion_physiology_only track=objective group=n_back seed=42 fold=002/002 epoch=003/005 batch=060/205 loss=1.093019 elapsed_s=3.4 status=running
2026-07-02 01:12:46,520 INFO chronaris.pipelines.stage_i.public.deep_baseline_runtime: deep_train batch dataset=uab_workload_dataset model=chronaris_public_fusion_physiology_only track=objective group=n_back seed=42 fold=002/002 epoch=003/005 batch=080/205 loss=1.097519 elapsed_s=3.6 status=running
2026-07-02 01:12:46,651 INFO chronaris.pipelines.stage_i.public.deep_baseline_runtime: deep_train batch dataset=uab_workload_dataset model=chronaris_public_fusion_physiology_only track=objective group=n_back seed=42 fold=002/002 epoch=003/005 batch=100/205 loss=1.102149 elapsed_s=3.7 status=running
2026-07-02 01:12:46,783 INFO chronaris.pipelines.stage_i.public.deep_baseline_runtime: deep_train batch dataset=uab_workload_dataset model=chronaris_public_fusion_physiology_only track=objective group=n_back seed=42 fold=002/002 epoch=003/005 batch=120/205 loss=1.096365 elapsed_s=3.8 status=running
2026-07-02 01:12:46,913 INFO chronaris.pipelines.stage_i.public.deep_baseline_runtime: deep_train batch dataset=uab_workload_dataset model=chronaris_public_fusion_physiology_only track=objective group=n_back seed=42 fold=002/002 epoch=003/005 batch=140/205 loss=1.097516 elapsed_s=3.9 status=running
2026-07-02 01:12:47,051 INFO chronaris.pipelines.stage_i.public.deep_baseline_runtime: deep_train batch dataset=uab_workload_dataset model=chronaris_public_fusion_physiology_only track=objective group=n_back seed=42 fold=002/002 epoch=003/005 batch=160/205 loss=1.099341 elapsed_s=4.1 status=running
2026-07-02 01:12:47,191 INFO chronaris.pipelines.stage_i.public.deep_baseline_runtime: deep_train batch dataset=uab_workload_dataset model=chronaris_public_fusion_physiology_only track=objective group=n_back seed=42 fold=002/002 epoch=003/005 batch=180/205 loss=1.096923 elapsed_s=4.2 status=running
2026-07-02 01:12:47,331 INFO chronaris.pipelines.stage_i.public.deep_baseline_runtime: deep_train batch dataset=uab_workload_dataset model=chronaris_public_fusion_physiology_only track=objective group=n_back seed=42 fold=002/002 epoch=003/005 batch=200/205 loss=1.093717 elapsed_s=4.4 status=running
2026-07-02 01:12:47,367 INFO chronaris.pipelines.stage_i.public.deep_baseline_runtime: deep_train batch dataset=uab_workload_dataset model=chronaris_public_fusion_physiology_only track=objective group=n_back seed=42 fold=002/002 epoch=003/005 batch=205/205 loss=1.099830 elapsed_s=4.4 status=running
2026-07-02 01:12:47,370 INFO chronaris.pipelines.stage_i.public.deep_baseline_runtime: deep_train epoch_done dataset=uab_workload_dataset model=chronaris_public_fusion_physiology_only track=objective group=n_back seed=42 fold=002/002 epoch=003/005 train_loss=1.099015 elapsed_s=1.4
2026-07-02 01:12:47,389 INFO chronaris.pipelines.stage_i.public.deep_baseline_runtime: deep_train epoch_start dataset=uab_workload_dataset model=chronaris_public_fusion_physiology_only track=objective group=n_back seed=42 fold=002/002 epoch=004/005 batch_count=205
2026-07-02 01:12:47,399 INFO chronaris.pipelines.stage_i.public.deep_baseline_runtime: deep_train batch dataset=uab_workload_dataset model=chronaris_public_fusion_physiology_only track=objective group=n_back seed=42 fold=002/002 epoch=004/005 batch=001/205 loss=1.099515 elapsed_s=4.4 status=running
2026-07-02 01:12:47,526 INFO chronaris.pipelines.stage_i.public.deep_baseline_runtime: deep_train batch dataset=uab_workload_dataset model=chronaris_public_fusion_physiology_only track=objective group=n_back seed=42 fold=002/002 epoch=004/005 batch=020/205 loss=1.102642 elapsed_s=4.6 status=running
2026-07-02 01:12:47,660 INFO chronaris.pipelines.stage_i.public.deep_baseline_runtime: deep_train batch dataset=uab_workload_dataset model=chronaris_public_fusion_physiology_only track=objective group=n_back seed=42 fold=002/002 epoch=004/005 batch=040/205 loss=1.102697 elapsed_s=4.7 status=running
2026-07-02 01:12:47,795 INFO chronaris.pipelines.stage_i.public.deep_baseline_runtime: deep_train batch dataset=uab_workload_dataset model=chronaris_public_fusion_physiology_only track=objective group=n_back seed=42 fold=002/002 epoch=004/005 batch=060/205 loss=1.096967 elapsed_s=4.8 status=running
2026-07-02 01:12:47,924 INFO chronaris.pipelines.stage_i.public.deep_baseline_runtime: deep_train batch dataset=uab_workload_dataset model=chronaris_public_fusion_physiology_only track=objective group=n_back seed=42 fold=002/002 epoch=004/005 batch=080/205 loss=1.104695 elapsed_s=5.0 status=running
2026-07-02 01:12:48,066 INFO chronaris.pipelines.stage_i.public.deep_baseline_runtime: deep_train batch dataset=uab_workload_dataset model=chronaris_public_fusion_physiology_only track=objective group=n_back seed=42 fold=002/002 epoch=004/005 batch=100/205 loss=1.095992 elapsed_s=5.1 status=running
2026-07-02 01:12:48,198 INFO chronaris.pipelines.stage_i.public.deep_baseline_runtime: deep_train batch dataset=uab_workload_dataset model=chronaris_public_fusion_physiology_only track=objective group=n_back seed=42 fold=002/002 epoch=004/005 batch=120/205 loss=1.088933 elapsed_s=5.2 status=running
2026-07-02 01:12:48,332 INFO chronaris.pipelines.stage_i.public.deep_baseline_runtime: deep_train batch dataset=uab_workload_dataset model=chronaris_public_fusion_physiology_only track=objective group=n_back seed=42 fold=002/002 epoch=004/005 batch=140/205 loss=1.099177 elapsed_s=5.4 status=running
2026-07-02 01:12:48,469 INFO chronaris.pipelines.stage_i.public.deep_baseline_runtime: deep_train batch dataset=uab_workload_dataset model=chronaris_public_fusion_physiology_only track=objective group=n_back seed=42 fold=002/002 epoch=004/005 batch=160/205 loss=1.098953 elapsed_s=5.5 status=running
2026-07-02 01:12:48,606 INFO chronaris.pipelines.stage_i.public.deep_baseline_runtime: deep_train batch dataset=uab_workload_dataset model=chronaris_public_fusion_physiology_only track=objective group=n_back seed=42 fold=002/002 epoch=004/005 batch=180/205 loss=1.101889 elapsed_s=5.6 status=running
2026-07-02 01:12:48,742 INFO chronaris.pipelines.stage_i.public.deep_baseline_runtime: deep_train batch dataset=uab_workload_dataset model=chronaris_public_fusion_physiology_only track=objective group=n_back seed=42 fold=002/002 epoch=004/005 batch=200/205 loss=1.094468 elapsed_s=5.8 status=running
2026-07-02 01:12:48,778 INFO chronaris.pipelines.stage_i.public.deep_baseline_runtime: deep_train batch dataset=uab_workload_dataset model=chronaris_public_fusion_physiology_only track=objective group=n_back seed=42 fold=002/002 epoch=004/005 batch=205/205 loss=1.086587 elapsed_s=5.8 status=running
2026-07-02 01:12:48,781 INFO chronaris.pipelines.stage_i.public.deep_baseline_runtime: deep_train epoch_done dataset=uab_workload_dataset model=chronaris_public_fusion_physiology_only track=objective group=n_back seed=42 fold=002/002 epoch=004/005 train_loss=1.098551 elapsed_s=1.4
2026-07-02 01:12:48,847 INFO chronaris.pipelines.stage_i.public.deep_baseline_runtime: deep_train epoch_start dataset=uab_workload_dataset model=chronaris_public_fusion_physiology_only track=objective group=n_back seed=42 fold=002/002 epoch=005/005 batch_count=205
2026-07-02 01:12:48,859 INFO chronaris.pipelines.stage_i.public.deep_baseline_runtime: deep_train batch dataset=uab_workload_dataset model=chronaris_public_fusion_physiology_only track=objective group=n_back seed=42 fold=002/002 epoch=005/005 batch=001/205 loss=1.101134 elapsed_s=5.9 status=running
2026-07-02 01:12:49,025 INFO chronaris.pipelines.stage_i.public.deep_baseline_runtime: deep_train batch dataset=uab_workload_dataset model=chronaris_public_fusion_physiology_only track=objective group=n_back seed=42 fold=002/002 epoch=005/005 batch=020/205 loss=1.066830 elapsed_s=6.1 status=running
2026-07-02 01:12:49,160 INFO chronaris.pipelines.stage_i.public.deep_baseline_runtime: deep_train batch dataset=uab_workload_dataset model=chronaris_public_fusion_physiology_only track=objective group=n_back seed=42 fold=002/002 epoch=005/005 batch=040/205 loss=1.097330 elapsed_s=6.2 status=running
2026-07-02 01:12:49,294 INFO chronaris.pipelines.stage_i.public.deep_baseline_runtime: deep_train batch dataset=uab_workload_dataset model=chronaris_public_fusion_physiology_only track=objective group=n_back seed=42 fold=002/002 epoch=005/005 batch=060/205 loss=1.097562 elapsed_s=6.3 status=running
2026-07-02 01:12:49,431 INFO chronaris.pipelines.stage_i.public.deep_baseline_runtime: deep_train batch dataset=uab_workload_dataset model=chronaris_public_fusion_physiology_only track=objective group=n_back seed=42 fold=002/002 epoch=005/005 batch=080/205 loss=1.093764 elapsed_s=6.5 status=running
2026-07-02 01:12:49,581 INFO chronaris.pipelines.stage_i.public.deep_baseline_runtime: deep_train batch dataset=uab_workload_dataset model=chronaris_public_fusion_physiology_only track=objective group=n_back seed=42 fold=002/002 epoch=005/005 batch=100/205 loss=1.100921 elapsed_s=6.6 status=running
2026-07-02 01:12:49,717 INFO chronaris.pipelines.stage_i.public.deep_baseline_runtime: deep_train batch dataset=uab_workload_dataset model=chronaris_public_fusion_physiology_only track=objective group=n_back seed=42 fold=002/002 epoch=005/005 batch=120/205 loss=1.102528 elapsed_s=6.7 status=running
2026-07-02 01:12:49,856 INFO chronaris.pipelines.stage_i.public.deep_baseline_runtime: deep_train batch dataset=uab_workload_dataset model=chronaris_public_fusion_physiology_only track=objective group=n_back seed=42 fold=002/002 epoch=005/005 batch=140/205 loss=1.093465 elapsed_s=6.9 status=running
2026-07-02 01:12:49,996 INFO chronaris.pipelines.stage_i.public.deep_baseline_runtime: deep_train batch dataset=uab_workload_dataset model=chronaris_public_fusion_physiology_only track=objective group=n_back seed=42 fold=002/002 epoch=005/005 batch=160/205 loss=1.099946 elapsed_s=7.0 status=running
2026-07-02 01:12:50,131 INFO chronaris.pipelines.stage_i.public.deep_baseline_runtime: deep_train batch dataset=uab_workload_dataset model=chronaris_public_fusion_physiology_only track=objective group=n_back seed=42 fold=002/002 epoch=005/005 batch=180/205 loss=1.102480 elapsed_s=7.2 status=running
2026-07-02 01:12:50,266 INFO chronaris.pipelines.stage_i.public.deep_baseline_runtime: deep_train batch dataset=uab_workload_dataset model=chronaris_public_fusion_physiology_only track=objective group=n_back seed=42 fold=002/002 epoch=005/005 batch=200/205 loss=1.095062 elapsed_s=7.3 status=running
2026-07-02 01:12:50,301 INFO chronaris.pipelines.stage_i.public.deep_baseline_runtime: deep_train batch dataset=uab_workload_dataset model=chronaris_public_fusion_physiology_only track=objective group=n_back seed=42 fold=002/002 epoch=005/005 batch=205/205 loss=1.103521 elapsed_s=7.3 status=running
2026-07-02 01:12:50,304 INFO chronaris.pipelines.stage_i.public.deep_baseline_runtime: deep_train epoch_done dataset=uab_workload_dataset model=chronaris_public_fusion_physiology_only track=objective group=n_back seed=42 fold=002/002 epoch=005/005 train_loss=1.099077 elapsed_s=1.5
2026-07-02 01:12:50,326 INFO chronaris.pipelines.stage_i.public.deep_baseline_runtime: deep_train fold_done dataset=uab_workload_dataset model=chronaris_public_fusion_physiology_only track=objective group=n_back seed=42 fold=002/002 elapsed_s=7.4
2026-07-02 01:12:53,071 INFO chronaris.pipelines.stage_i.public.deep_baseline_runtime: deep_train fold_start dataset=uab_workload_dataset model=chronaris_public_fusion_physiology_only track=objective group=heat_the_chair seed=42 fold=001/002 split_group=subject_01 task=classification train_count=5116 epochs=5 batch_size=128
2026-07-02 01:12:53,074 INFO chronaris.pipelines.stage_i.public.deep_baseline_runtime: deep_train epoch_start dataset=uab_workload_dataset model=chronaris_public_fusion_physiology_only track=objective group=heat_the_chair seed=42 fold=001/002 epoch=001/005 batch_count=40
2026-07-02 01:12:53,089 INFO chronaris.pipelines.stage_i.public.deep_baseline_runtime: deep_train batch dataset=uab_workload_dataset model=chronaris_public_fusion_physiology_only track=objective group=heat_the_chair seed=42 fold=001/002 epoch=001/005 batch=001/040 loss=0.728960 elapsed_s=0.0 status=running
2026-07-02 01:12:53,283 INFO chronaris.pipelines.stage_i.public.deep_baseline_runtime: deep_train batch dataset=uab_workload_dataset model=chronaris_public_fusion_physiology_only track=objective group=heat_the_chair seed=42 fold=001/002 epoch=001/005 batch=020/040 loss=0.693395 elapsed_s=0.2 status=running
2026-07-02 01:12:53,456 INFO chronaris.pipelines.stage_i.public.deep_baseline_runtime: deep_train batch dataset=uab_workload_dataset model=chronaris_public_fusion_physiology_only track=objective group=heat_the_chair seed=42 fold=001/002 epoch=001/005 batch=040/040 loss=0.688597 elapsed_s=0.4 status=running
2026-07-02 01:12:53,459 INFO chronaris.pipelines.stage_i.public.deep_baseline_runtime: deep_train epoch_done dataset=uab_workload_dataset model=chronaris_public_fusion_physiology_only track=objective group=heat_the_chair seed=42 fold=001/002 epoch=001/005 train_loss=0.693968 elapsed_s=0.4
2026-07-02 01:12:53,480 INFO chronaris.pipelines.stage_i.public.deep_baseline_runtime: deep_train epoch_start dataset=uab_workload_dataset model=chronaris_public_fusion_physiology_only track=objective group=heat_the_chair seed=42 fold=001/002 epoch=002/005 batch_count=40
2026-07-02 01:12:53,501 INFO chronaris.pipelines.stage_i.public.deep_baseline_runtime: deep_train batch dataset=uab_workload_dataset model=chronaris_public_fusion_physiology_only track=objective group=heat_the_chair seed=42 fold=001/002 epoch=002/005 batch=001/040 loss=0.686327 elapsed_s=0.4 status=running
2026-07-02 01:12:53,626 INFO chronaris.pipelines.stage_i.public.deep_baseline_runtime: deep_train batch dataset=uab_workload_dataset model=chronaris_public_fusion_physiology_only track=objective group=heat_the_chair seed=42 fold=001/002 epoch=002/005 batch=020/040 loss=0.691199 elapsed_s=0.6 status=running
2026-07-02 01:12:53,760 INFO chronaris.pipelines.stage_i.public.deep_baseline_runtime: deep_train batch dataset=uab_workload_dataset model=chronaris_public_fusion_physiology_only track=objective group=heat_the_chair seed=42 fold=001/002 epoch=002/005 batch=040/040 loss=0.678722 elapsed_s=0.7 status=running
2026-07-02 01:12:53,763 INFO chronaris.pipelines.stage_i.public.deep_baseline_runtime: deep_train epoch_done dataset=uab_workload_dataset model=chronaris_public_fusion_physiology_only track=objective group=heat_the_chair seed=42 fold=001/002 epoch=002/005 train_loss=0.690440 elapsed_s=0.3
2026-07-02 01:12:53,783 INFO chronaris.pipelines.stage_i.public.deep_baseline_runtime: deep_train epoch_start dataset=uab_workload_dataset model=chronaris_public_fusion_physiology_only track=objective group=heat_the_chair seed=42 fold=001/002 epoch=003/005 batch_count=40
2026-07-02 01:12:53,794 INFO chronaris.pipelines.stage_i.public.deep_baseline_runtime: deep_train batch dataset=uab_workload_dataset model=chronaris_public_fusion_physiology_only track=objective group=heat_the_chair seed=42 fold=001/002 epoch=003/005 batch=001/040 loss=0.682081 elapsed_s=0.7 status=running
2026-07-02 01:12:53,918 INFO chronaris.pipelines.stage_i.public.deep_baseline_runtime: deep_train batch dataset=uab_workload_dataset model=chronaris_public_fusion_physiology_only track=objective group=heat_the_chair seed=42 fold=001/002 epoch=003/005 batch=020/040 loss=0.687526 elapsed_s=0.8 status=running
2026-07-02 01:12:54,053 INFO chronaris.pipelines.stage_i.public.deep_baseline_runtime: deep_train batch dataset=uab_workload_dataset model=chronaris_public_fusion_physiology_only track=objective group=heat_the_chair seed=42 fold=001/002 epoch=003/005 batch=040/040 loss=0.679893 elapsed_s=1.0 status=running
2026-07-02 01:12:54,057 INFO chronaris.pipelines.stage_i.public.deep_baseline_runtime: deep_train epoch_done dataset=uab_workload_dataset model=chronaris_public_fusion_physiology_only track=objective group=heat_the_chair seed=42 fold=001/002 epoch=003/005 train_loss=0.688264 elapsed_s=0.3
2026-07-02 01:12:54,078 INFO chronaris.pipelines.stage_i.public.deep_baseline_runtime: deep_train epoch_start dataset=uab_workload_dataset model=chronaris_public_fusion_physiology_only track=objective group=heat_the_chair seed=42 fold=001/002 epoch=004/005 batch_count=40
2026-07-02 01:12:54,088 INFO chronaris.pipelines.stage_i.public.deep_baseline_runtime: deep_train batch dataset=uab_workload_dataset model=chronaris_public_fusion_physiology_only track=objective group=heat_the_chair seed=42 fold=001/002 epoch=004/005 batch=001/040 loss=0.686224 elapsed_s=1.0 status=running
2026-07-02 01:12:54,212 INFO chronaris.pipelines.stage_i.public.deep_baseline_runtime: deep_train batch dataset=uab_workload_dataset model=chronaris_public_fusion_physiology_only track=objective group=heat_the_chair seed=42 fold=001/002 epoch=004/005 batch=020/040 loss=0.687243 elapsed_s=1.1 status=running
2026-07-02 01:12:54,358 INFO chronaris.pipelines.stage_i.public.deep_baseline_runtime: deep_train batch dataset=uab_workload_dataset model=chronaris_public_fusion_physiology_only track=objective group=heat_the_chair seed=42 fold=001/002 epoch=004/005 batch=040/040 loss=0.699072 elapsed_s=1.3 status=running
2026-07-02 01:12:54,361 INFO chronaris.pipelines.stage_i.public.deep_baseline_runtime: deep_train epoch_done dataset=uab_workload_dataset model=chronaris_public_fusion_physiology_only track=objective group=heat_the_chair seed=42 fold=001/002 epoch=004/005 train_loss=0.687788 elapsed_s=0.3
2026-07-02 01:12:54,402 INFO chronaris.pipelines.stage_i.public.deep_baseline_runtime: deep_train epoch_start dataset=uab_workload_dataset model=chronaris_public_fusion_physiology_only track=objective group=heat_the_chair seed=42 fold=001/002 epoch=005/005 batch_count=40
2026-07-02 01:12:54,439 INFO chronaris.pipelines.stage_i.public.deep_baseline_runtime: deep_train batch dataset=uab_workload_dataset model=chronaris_public_fusion_physiology_only track=objective group=heat_the_chair seed=42 fold=001/002 epoch=005/005 batch=001/040 loss=0.685996 elapsed_s=1.4 status=running
2026-07-02 01:12:54,566 INFO chronaris.pipelines.stage_i.public.deep_baseline_runtime: deep_train batch dataset=uab_workload_dataset model=chronaris_public_fusion_physiology_only track=objective group=heat_the_chair seed=42 fold=001/002 epoch=005/005 batch=020/040 loss=0.683372 elapsed_s=1.5 status=running
2026-07-02 01:12:54,710 INFO chronaris.pipelines.stage_i.public.deep_baseline_runtime: deep_train batch dataset=uab_workload_dataset model=chronaris_public_fusion_physiology_only track=objective group=heat_the_chair seed=42 fold=001/002 epoch=005/005 batch=040/040 loss=0.698756 elapsed_s=1.6 status=running
2026-07-02 01:12:54,713 INFO chronaris.pipelines.stage_i.public.deep_baseline_runtime: deep_train epoch_done dataset=uab_workload_dataset model=chronaris_public_fusion_physiology_only track=objective group=heat_the_chair seed=42 fold=001/002 epoch=005/005 train_loss=0.686208 elapsed_s=0.3
2026-07-02 01:12:54,733 INFO chronaris.pipelines.stage_i.public.deep_baseline_runtime: deep_train fold_done dataset=uab_workload_dataset model=chronaris_public_fusion_physiology_only track=objective group=heat_the_chair seed=42 fold=001/002 elapsed_s=1.7
2026-07-02 01:12:56,205 INFO chronaris.pipelines.stage_i.public.deep_baseline_runtime: deep_train fold_start dataset=uab_workload_dataset model=chronaris_public_fusion_physiology_only track=objective group=heat_the_chair seed=42 fold=002/002 split_group=subject_02 task=classification train_count=5126 epochs=5 batch_size=128
2026-07-02 01:12:56,209 INFO chronaris.pipelines.stage_i.public.deep_baseline_runtime: deep_train epoch_start dataset=uab_workload_dataset model=chronaris_public_fusion_physiology_only track=objective group=heat_the_chair seed=42 fold=002/002 epoch=001/005 batch_count=41
2026-07-02 01:12:56,223 INFO chronaris.pipelines.stage_i.public.deep_baseline_runtime: deep_train batch dataset=uab_workload_dataset model=chronaris_public_fusion_physiology_only track=objective group=heat_the_chair seed=42 fold=002/002 epoch=001/005 batch=001/041 loss=0.719398 elapsed_s=0.0 status=running
2026-07-02 01:12:56,350 INFO chronaris.pipelines.stage_i.public.deep_baseline_runtime: deep_train batch dataset=uab_workload_dataset model=chronaris_public_fusion_physiology_only track=objective group=heat_the_chair seed=42 fold=002/002 epoch=001/005 batch=020/041 loss=0.684276 elapsed_s=0.1 status=running
2026-07-02 01:12:56,486 INFO chronaris.pipelines.stage_i.public.deep_baseline_runtime: deep_train batch dataset=uab_workload_dataset model=chronaris_public_fusion_physiology_only track=objective group=heat_the_chair seed=42 fold=002/002 epoch=001/005 batch=040/041 loss=0.685118 elapsed_s=0.3 status=running
2026-07-02 01:12:56,496 INFO chronaris.pipelines.stage_i.public.deep_baseline_runtime: deep_train batch dataset=uab_workload_dataset model=chronaris_public_fusion_physiology_only track=objective group=heat_the_chair seed=42 fold=002/002 epoch=001/005 batch=041/041 loss=0.670769 elapsed_s=0.3 status=running
2026-07-02 01:12:56,499 INFO chronaris.pipelines.stage_i.public.deep_baseline_runtime: deep_train epoch_done dataset=uab_workload_dataset model=chronaris_public_fusion_physiology_only track=objective group=heat_the_chair seed=42 fold=002/002 epoch=001/005 train_loss=0.692099 elapsed_s=0.3
2026-07-02 01:12:56,518 INFO chronaris.pipelines.stage_i.public.deep_baseline_runtime: deep_train epoch_start dataset=uab_workload_dataset model=chronaris_public_fusion_physiology_only track=objective group=heat_the_chair seed=42 fold=002/002 epoch=002/005 batch_count=41
2026-07-02 01:12:56,528 INFO chronaris.pipelines.stage_i.public.deep_baseline_runtime: deep_train batch dataset=uab_workload_dataset model=chronaris_public_fusion_physiology_only track=objective group=heat_the_chair seed=42 fold=002/002 epoch=002/005 batch=001/041 loss=0.680515 elapsed_s=0.3 status=running
2026-07-02 01:12:56,656 INFO chronaris.pipelines.stage_i.public.deep_baseline_runtime: deep_train batch dataset=uab_workload_dataset model=chronaris_public_fusion_physiology_only track=objective group=heat_the_chair seed=42 fold=002/002 epoch=002/005 batch=020/041 loss=0.679591 elapsed_s=0.4 status=running
2026-07-02 01:12:56,799 INFO chronaris.pipelines.stage_i.public.deep_baseline_runtime: deep_train batch dataset=uab_workload_dataset model=chronaris_public_fusion_physiology_only track=objective group=heat_the_chair seed=42 fold=002/002 epoch=002/005 batch=040/041 loss=0.687490 elapsed_s=0.6 status=running
2026-07-02 01:12:56,809 INFO chronaris.pipelines.stage_i.public.deep_baseline_runtime: deep_train batch dataset=uab_workload_dataset model=chronaris_public_fusion_physiology_only track=objective group=heat_the_chair seed=42 fold=002/002 epoch=002/005 batch=041/041 loss=0.645715 elapsed_s=0.6 status=running
2026-07-02 01:12:56,812 INFO chronaris.pipelines.stage_i.public.deep_baseline_runtime: deep_train epoch_done dataset=uab_workload_dataset model=chronaris_public_fusion_physiology_only track=objective group=heat_the_chair seed=42 fold=002/002 epoch=002/005 train_loss=0.687921 elapsed_s=0.3
2026-07-02 01:12:56,833 INFO chronaris.pipelines.stage_i.public.deep_baseline_runtime: deep_train epoch_start dataset=uab_workload_dataset model=chronaris_public_fusion_physiology_only track=objective group=heat_the_chair seed=42 fold=002/002 epoch=003/005 batch_count=41
2026-07-02 01:12:56,843 INFO chronaris.pipelines.stage_i.public.deep_baseline_runtime: deep_train batch dataset=uab_workload_dataset model=chronaris_public_fusion_physiology_only track=objective group=heat_the_chair seed=42 fold=002/002 epoch=003/005 batch=001/041 loss=0.674651 elapsed_s=0.6 status=running
2026-07-02 01:12:56,973 INFO chronaris.pipelines.stage_i.public.deep_baseline_runtime: deep_train batch dataset=uab_workload_dataset model=chronaris_public_fusion_physiology_only track=objective group=heat_the_chair seed=42 fold=002/002 epoch=003/005 batch=020/041 loss=0.681121 elapsed_s=0.8 status=running
2026-07-02 01:12:57,115 INFO chronaris.pipelines.stage_i.public.deep_baseline_runtime: deep_train batch dataset=uab_workload_dataset model=chronaris_public_fusion_physiology_only track=objective group=heat_the_chair seed=42 fold=002/002 epoch=003/005 batch=040/041 loss=0.688212 elapsed_s=0.9 status=running
2026-07-02 01:12:57,124 INFO chronaris.pipelines.stage_i.public.deep_baseline_runtime: deep_train batch dataset=uab_workload_dataset model=chronaris_public_fusion_physiology_only track=objective group=heat_the_chair seed=42 fold=002/002 epoch=003/005 batch=041/041 loss=0.682885 elapsed_s=0.9 status=running
2026-07-02 01:12:57,127 INFO chronaris.pipelines.stage_i.public.deep_baseline_runtime: deep_train epoch_done dataset=uab_workload_dataset model=chronaris_public_fusion_physiology_only track=objective group=heat_the_chair seed=42 fold=002/002 epoch=003/005 train_loss=0.687410 elapsed_s=0.3
2026-07-02 01:12:57,147 INFO chronaris.pipelines.stage_i.public.deep_baseline_runtime: deep_train epoch_start dataset=uab_workload_dataset model=chronaris_public_fusion_physiology_only track=objective group=heat_the_chair seed=42 fold=002/002 epoch=004/005 batch_count=41
2026-07-02 01:12:57,157 INFO chronaris.pipelines.stage_i.public.deep_baseline_runtime: deep_train batch dataset=uab_workload_dataset model=chronaris_public_fusion_physiology_only track=objective group=heat_the_chair seed=42 fold=002/002 epoch=004/005 batch=001/041 loss=0.684102 elapsed_s=0.9 status=running
2026-07-02 01:12:57,284 INFO chronaris.pipelines.stage_i.public.deep_baseline_runtime: deep_train batch dataset=uab_workload_dataset model=chronaris_public_fusion_physiology_only track=objective group=heat_the_chair seed=42 fold=002/002 epoch=004/005 batch=020/041 loss=0.685018 elapsed_s=1.1 status=running
2026-07-02 01:12:57,420 INFO chronaris.pipelines.stage_i.public.deep_baseline_runtime: deep_train batch dataset=uab_workload_dataset model=chronaris_public_fusion_physiology_only track=objective group=heat_the_chair seed=42 fold=002/002 epoch=004/005 batch=040/041 loss=0.690980 elapsed_s=1.2 status=running
2026-07-02 01:12:57,430 INFO chronaris.pipelines.stage_i.public.deep_baseline_runtime: deep_train batch dataset=uab_workload_dataset model=chronaris_public_fusion_physiology_only track=objective group=heat_the_chair seed=42 fold=002/002 epoch=004/005 batch=041/041 loss=0.743175 elapsed_s=1.2 status=running
2026-07-02 01:12:57,433 INFO chronaris.pipelines.stage_i.public.deep_baseline_runtime: deep_train epoch_done dataset=uab_workload_dataset model=chronaris_public_fusion_physiology_only track=objective group=heat_the_chair seed=42 fold=002/002 epoch=004/005 train_loss=0.688146 elapsed_s=0.3
2026-07-02 01:12:57,454 INFO chronaris.pipelines.stage_i.public.deep_baseline_runtime: deep_train epoch_start dataset=uab_workload_dataset model=chronaris_public_fusion_physiology_only track=objective group=heat_the_chair seed=42 fold=002/002 epoch=005/005 batch_count=41
2026-07-02 01:12:57,466 INFO chronaris.pipelines.stage_i.public.deep_baseline_runtime: deep_train batch dataset=uab_workload_dataset model=chronaris_public_fusion_physiology_only track=objective group=heat_the_chair seed=42 fold=002/002 epoch=005/005 batch=001/041 loss=0.687901 elapsed_s=1.3 status=running
2026-07-02 01:12:57,594 INFO chronaris.pipelines.stage_i.public.deep_baseline_runtime: deep_train batch dataset=uab_workload_dataset model=chronaris_public_fusion_physiology_only track=objective group=heat_the_chair seed=42 fold=002/002 epoch=005/005 batch=020/041 loss=0.670575 elapsed_s=1.4 status=running
2026-07-02 01:12:57,730 INFO chronaris.pipelines.stage_i.public.deep_baseline_runtime: deep_train batch dataset=uab_workload_dataset model=chronaris_public_fusion_physiology_only track=objective group=heat_the_chair seed=42 fold=002/002 epoch=005/005 batch=040/041 loss=0.696122 elapsed_s=1.5 status=running
2026-07-02 01:12:57,740 INFO chronaris.pipelines.stage_i.public.deep_baseline_runtime: deep_train batch dataset=uab_workload_dataset model=chronaris_public_fusion_physiology_only track=objective group=heat_the_chair seed=42 fold=002/002 epoch=005/005 batch=041/041 loss=0.656060 elapsed_s=1.5 status=running
2026-07-02 01:12:57,744 INFO chronaris.pipelines.stage_i.public.deep_baseline_runtime: deep_train epoch_done dataset=uab_workload_dataset model=chronaris_public_fusion_physiology_only track=objective group=heat_the_chair seed=42 fold=002/002 epoch=005/005 train_loss=0.685629 elapsed_s=0.3
2026-07-02 01:12:57,766 INFO chronaris.pipelines.stage_i.public.deep_baseline_runtime: deep_train fold_done dataset=uab_workload_dataset model=chronaris_public_fusion_physiology_only track=objective group=heat_the_chair seed=42 fold=002/002 elapsed_s=1.6
2026-07-02 01:13:00,520 INFO chronaris.pipelines.stage_i.public.deep_baseline_runtime: deep_train fold_start dataset=uab_workload_dataset model=chronaris_public_fusion_physiology_only track=subjective group=n_back seed=42 fold=001/002 split_group=subject_01 task=regression train_count=26164 epochs=5 batch_size=128
2026-07-02 01:13:00,526 INFO chronaris.pipelines.stage_i.public.deep_baseline_runtime: deep_train epoch_start dataset=uab_workload_dataset model=chronaris_public_fusion_physiology_only track=subjective group=n_back seed=42 fold=001/002 epoch=001/005 batch_count=205
2026-07-02 01:13:00,547 INFO chronaris.pipelines.stage_i.public.deep_baseline_runtime: deep_train batch dataset=uab_workload_dataset model=chronaris_public_fusion_physiology_only track=subjective group=n_back seed=42 fold=001/002 epoch=001/005 batch=001/205 loss=0.417736 elapsed_s=0.0 status=running
2026-07-02 01:13:00,884 INFO chronaris.pipelines.stage_i.public.deep_baseline_runtime: deep_train batch dataset=uab_workload_dataset model=chronaris_public_fusion_physiology_only track=subjective group=n_back seed=42 fold=001/002 epoch=001/005 batch=020/205 loss=0.433995 elapsed_s=0.4 status=running
2026-07-02 01:13:01,072 INFO chronaris.pipelines.stage_i.public.deep_baseline_runtime: deep_train batch dataset=uab_workload_dataset model=chronaris_public_fusion_physiology_only track=subjective group=n_back seed=42 fold=001/002 epoch=001/005 batch=040/205 loss=0.476428 elapsed_s=0.5 status=running
2026-07-02 01:13:01,208 INFO chronaris.pipelines.stage_i.public.deep_baseline_runtime: deep_train batch dataset=uab_workload_dataset model=chronaris_public_fusion_physiology_only track=subjective group=n_back seed=42 fold=001/002 epoch=001/005 batch=060/205 loss=0.421044 elapsed_s=0.7 status=running
2026-07-02 01:13:01,387 INFO chronaris.pipelines.stage_i.public.deep_baseline_runtime: deep_train batch dataset=uab_workload_dataset model=chronaris_public_fusion_physiology_only track=subjective group=n_back seed=42 fold=001/002 epoch=001/005 batch=080/205 loss=0.454679 elapsed_s=0.9 status=running
2026-07-02 01:13:01,547 INFO chronaris.pipelines.stage_i.public.deep_baseline_runtime: deep_train batch dataset=uab_workload_dataset model=chronaris_public_fusion_physiology_only track=subjective group=n_back seed=42 fold=001/002 epoch=001/005 batch=100/205 loss=0.478101 elapsed_s=1.0 status=running
2026-07-02 01:13:01,683 INFO chronaris.pipelines.stage_i.public.deep_baseline_runtime: deep_train batch dataset=uab_workload_dataset model=chronaris_public_fusion_physiology_only track=subjective group=n_back seed=42 fold=001/002 epoch=001/005 batch=120/205 loss=0.475687 elapsed_s=1.2 status=running
2026-07-02 01:13:01,817 INFO chronaris.pipelines.stage_i.public.deep_baseline_runtime: deep_train batch dataset=uab_workload_dataset model=chronaris_public_fusion_physiology_only track=subjective group=n_back seed=42 fold=001/002 epoch=001/005 batch=140/205 loss=0.436261 elapsed_s=1.3 status=running
2026-07-02 01:13:01,953 INFO chronaris.pipelines.stage_i.public.deep_baseline_runtime: deep_train batch dataset=uab_workload_dataset model=chronaris_public_fusion_physiology_only track=subjective group=n_back seed=42 fold=001/002 epoch=001/005 batch=160/205 loss=0.467030 elapsed_s=1.4 status=running
2026-07-02 01:13:02,092 INFO chronaris.pipelines.stage_i.public.deep_baseline_runtime: deep_train batch dataset=uab_workload_dataset model=chronaris_public_fusion_physiology_only track=subjective group=n_back seed=42 fold=001/002 epoch=001/005 batch=180/205 loss=0.460931 elapsed_s=1.6 status=running
2026-07-02 01:13:02,224 INFO chronaris.pipelines.stage_i.public.deep_baseline_runtime: deep_train batch dataset=uab_workload_dataset model=chronaris_public_fusion_physiology_only track=subjective group=n_back seed=42 fold=001/002 epoch=001/005 batch=200/205 loss=0.401430 elapsed_s=1.7 status=running
2026-07-02 01:13:02,261 INFO chronaris.pipelines.stage_i.public.deep_baseline_runtime: deep_train batch dataset=uab_workload_dataset model=chronaris_public_fusion_physiology_only track=subjective group=n_back seed=42 fold=001/002 epoch=001/005 batch=205/205 loss=0.541531 elapsed_s=1.7 status=running
2026-07-02 01:13:02,268 INFO chronaris.pipelines.stage_i.public.deep_baseline_runtime: deep_train epoch_done dataset=uab_workload_dataset model=chronaris_public_fusion_physiology_only track=subjective group=n_back seed=42 fold=001/002 epoch=001/005 train_loss=0.429235 elapsed_s=1.7
2026-07-02 01:13:02,288 INFO chronaris.pipelines.stage_i.public.deep_baseline_runtime: deep_train epoch_start dataset=uab_workload_dataset model=chronaris_public_fusion_physiology_only track=subjective group=n_back seed=42 fold=001/002 epoch=002/005 batch_count=205
2026-07-02 01:13:02,299 INFO chronaris.pipelines.stage_i.public.deep_baseline_runtime: deep_train batch dataset=uab_workload_dataset model=chronaris_public_fusion_physiology_only track=subjective group=n_back seed=42 fold=001/002 epoch=002/005 batch=001/205 loss=0.394178 elapsed_s=1.8 status=running
2026-07-02 01:13:02,424 INFO chronaris.pipelines.stage_i.public.deep_baseline_runtime: deep_train batch dataset=uab_workload_dataset model=chronaris_public_fusion_physiology_only track=subjective group=n_back seed=42 fold=001/002 epoch=002/005 batch=020/205 loss=0.399438 elapsed_s=1.9 status=running
2026-07-02 01:13:02,567 INFO chronaris.pipelines.stage_i.public.deep_baseline_runtime: deep_train batch dataset=uab_workload_dataset model=chronaris_public_fusion_physiology_only track=subjective group=n_back seed=42 fold=001/002 epoch=002/005 batch=040/205 loss=0.430501 elapsed_s=2.0 status=running
2026-07-02 01:13:02,710 INFO chronaris.pipelines.stage_i.public.deep_baseline_runtime: deep_train batch dataset=uab_workload_dataset model=chronaris_public_fusion_physiology_only track=subjective group=n_back seed=42 fold=001/002 epoch=002/005 batch=060/205 loss=0.478235 elapsed_s=2.2 status=running
2026-07-02 01:13:02,844 INFO chronaris.pipelines.stage_i.public.deep_baseline_runtime: deep_train batch dataset=uab_workload_dataset model=chronaris_public_fusion_physiology_only track=subjective group=n_back seed=42 fold=001/002 epoch=002/005 batch=080/205 loss=0.436421 elapsed_s=2.3 status=running
2026-07-02 01:13:02,984 INFO chronaris.pipelines.stage_i.public.deep_baseline_runtime: deep_train batch dataset=uab_workload_dataset model=chronaris_public_fusion_physiology_only track=subjective group=n_back seed=42 fold=001/002 epoch=002/005 batch=100/205 loss=0.390420 elapsed_s=2.5 status=running
2026-07-02 01:13:03,123 INFO chronaris.pipelines.stage_i.public.deep_baseline_runtime: deep_train batch dataset=uab_workload_dataset model=chronaris_public_fusion_physiology_only track=subjective group=n_back seed=42 fold=001/002 epoch=002/005 batch=120/205 loss=0.388634 elapsed_s=2.6 status=running
2026-07-02 01:13:03,260 INFO chronaris.pipelines.stage_i.public.deep_baseline_runtime: deep_train batch dataset=uab_workload_dataset model=chronaris_public_fusion_physiology_only track=subjective group=n_back seed=42 fold=001/002 epoch=002/005 batch=140/205 loss=0.370356 elapsed_s=2.7 status=running
2026-07-02 01:13:03,394 INFO chronaris.pipelines.stage_i.public.deep_baseline_runtime: deep_train batch dataset=uab_workload_dataset model=chronaris_public_fusion_physiology_only track=subjective group=n_back seed=42 fold=001/002 epoch=002/005 batch=160/205 loss=0.397486 elapsed_s=2.9 status=running
2026-07-02 01:13:03,534 INFO chronaris.pipelines.stage_i.public.deep_baseline_runtime: deep_train batch dataset=uab_workload_dataset model=chronaris_public_fusion_physiology_only track=subjective group=n_back seed=42 fold=001/002 epoch=002/005 batch=180/205 loss=0.365054 elapsed_s=3.0 status=running
2026-07-02 01:13:03,668 INFO chronaris.pipelines.stage_i.public.deep_baseline_runtime: deep_train batch dataset=uab_workload_dataset model=chronaris_public_fusion_physiology_only track=subjective group=n_back seed=42 fold=001/002 epoch=002/005 batch=200/205 loss=0.458716 elapsed_s=3.1 status=running
2026-07-02 01:13:03,706 INFO chronaris.pipelines.stage_i.public.deep_baseline_runtime: deep_train batch dataset=uab_workload_dataset model=chronaris_public_fusion_physiology_only track=subjective group=n_back seed=42 fold=001/002 epoch=002/005 batch=205/205 loss=0.456340 elapsed_s=3.2 status=running
2026-07-02 01:13:03,710 INFO chronaris.pipelines.stage_i.public.deep_baseline_runtime: deep_train epoch_done dataset=uab_workload_dataset model=chronaris_public_fusion_physiology_only track=subjective group=n_back seed=42 fold=001/002 epoch=002/005 train_loss=0.419942 elapsed_s=1.4
2026-07-02 01:13:03,733 INFO chronaris.pipelines.stage_i.public.deep_baseline_runtime: deep_train epoch_start dataset=uab_workload_dataset model=chronaris_public_fusion_physiology_only track=subjective group=n_back seed=42 fold=001/002 epoch=003/005 batch_count=205
2026-07-02 01:13:03,743 INFO chronaris.pipelines.stage_i.public.deep_baseline_runtime: deep_train batch dataset=uab_workload_dataset model=chronaris_public_fusion_physiology_only track=subjective group=n_back seed=42 fold=001/002 epoch=003/005 batch=001/205 loss=0.398105 elapsed_s=3.2 status=running
2026-07-02 01:13:03,869 INFO chronaris.pipelines.stage_i.public.deep_baseline_runtime: deep_train batch dataset=uab_workload_dataset model=chronaris_public_fusion_physiology_only track=subjective group=n_back seed=42 fold=001/002 epoch=003/005 batch=020/205 loss=0.516532 elapsed_s=3.3 status=running
2026-07-02 01:13:04,006 INFO chronaris.pipelines.stage_i.public.deep_baseline_runtime: deep_train batch dataset=uab_workload_dataset model=chronaris_public_fusion_physiology_only track=subjective group=n_back seed=42 fold=001/002 epoch=003/005 batch=040/205 loss=0.385765 elapsed_s=3.5 status=running
2026-07-02 01:13:04,144 INFO chronaris.pipelines.stage_i.public.deep_baseline_runtime: deep_train batch dataset=uab_workload_dataset model=chronaris_public_fusion_physiology_only track=subjective group=n_back seed=42 fold=001/002 epoch=003/005 batch=060/205 loss=0.383222 elapsed_s=3.6 status=running
2026-07-02 01:13:04,279 INFO chronaris.pipelines.stage_i.public.deep_baseline_runtime: deep_train batch dataset=uab_workload_dataset model=chronaris_public_fusion_physiology_only track=subjective group=n_back seed=42 fold=001/002 epoch=003/005 batch=080/205 loss=0.474486 elapsed_s=3.8 status=running
2026-07-02 01:13:04,416 INFO chronaris.pipelines.stage_i.public.deep_baseline_runtime: deep_train batch dataset=uab_workload_dataset model=chronaris_public_fusion_physiology_only track=subjective group=n_back seed=42 fold=001/002 epoch=003/005 batch=100/205 loss=0.381249 elapsed_s=3.9 status=running
2026-07-02 01:13:04,551 INFO chronaris.pipelines.stage_i.public.deep_baseline_runtime: deep_train batch dataset=uab_workload_dataset model=chronaris_public_fusion_physiology_only track=subjective group=n_back seed=42 fold=001/002 epoch=003/005 batch=120/205 loss=0.405586 elapsed_s=4.0 status=running
2026-07-02 01:13:04,688 INFO chronaris.pipelines.stage_i.public.deep_baseline_runtime: deep_train batch dataset=uab_workload_dataset model=chronaris_public_fusion_physiology_only track=subjective group=n_back seed=42 fold=001/002 epoch=003/005 batch=140/205 loss=0.354743 elapsed_s=4.2 status=running
2026-07-02 01:13:04,822 INFO chronaris.pipelines.stage_i.public.deep_baseline_runtime: deep_train batch dataset=uab_workload_dataset model=chronaris_public_fusion_physiology_only track=subjective group=n_back seed=42 fold=001/002 epoch=003/005 batch=160/205 loss=0.462357 elapsed_s=4.3 status=running
2026-07-02 01:13:04,957 INFO chronaris.pipelines.stage_i.public.deep_baseline_runtime: deep_train batch dataset=uab_workload_dataset model=chronaris_public_fusion_physiology_only track=subjective group=n_back seed=42 fold=001/002 epoch=003/005 batch=180/205 loss=0.410819 elapsed_s=4.4 status=running
2026-07-02 01:13:05,098 INFO chronaris.pipelines.stage_i.public.deep_baseline_runtime: deep_train batch dataset=uab_workload_dataset model=chronaris_public_fusion_physiology_only track=subjective group=n_back seed=42 fold=001/002 epoch=003/005 batch=200/205 loss=0.386330 elapsed_s=4.6 status=running
2026-07-02 01:13:05,135 INFO chronaris.pipelines.stage_i.public.deep_baseline_runtime: deep_train batch dataset=uab_workload_dataset model=chronaris_public_fusion_physiology_only track=subjective group=n_back seed=42 fold=001/002 epoch=003/005 batch=205/205 loss=0.432858 elapsed_s=4.6 status=running
2026-07-02 01:13:05,140 INFO chronaris.pipelines.stage_i.public.deep_baseline_runtime: deep_train epoch_done dataset=uab_workload_dataset model=chronaris_public_fusion_physiology_only track=subjective group=n_back seed=42 fold=001/002 epoch=003/005 train_loss=0.411887 elapsed_s=1.4
2026-07-02 01:13:05,162 INFO chronaris.pipelines.stage_i.public.deep_baseline_runtime: deep_train epoch_start dataset=uab_workload_dataset model=chronaris_public_fusion_physiology_only track=subjective group=n_back seed=42 fold=001/002 epoch=004/005 batch_count=205
2026-07-02 01:13:05,173 INFO chronaris.pipelines.stage_i.public.deep_baseline_runtime: deep_train batch dataset=uab_workload_dataset model=chronaris_public_fusion_physiology_only track=subjective group=n_back seed=42 fold=001/002 epoch=004/005 batch=001/205 loss=0.347479 elapsed_s=4.6 status=running
2026-07-02 01:13:05,306 INFO chronaris.pipelines.stage_i.public.deep_baseline_runtime: deep_train batch dataset=uab_workload_dataset model=chronaris_public_fusion_physiology_only track=subjective group=n_back seed=42 fold=001/002 epoch=004/005 batch=020/205 loss=0.395117 elapsed_s=4.8 status=running
2026-07-02 01:13:05,448 INFO chronaris.pipelines.stage_i.public.deep_baseline_runtime: deep_train batch dataset=uab_workload_dataset model=chronaris_public_fusion_physiology_only track=subjective group=n_back seed=42 fold=001/002 epoch=004/005 batch=040/205 loss=0.403320 elapsed_s=4.9 status=running
2026-07-02 01:13:05,588 INFO chronaris.pipelines.stage_i.public.deep_baseline_runtime: deep_train batch dataset=uab_workload_dataset model=chronaris_public_fusion_physiology_only track=subjective group=n_back seed=42 fold=001/002 epoch=004/005 batch=060/205 loss=0.350719 elapsed_s=5.1 status=running
2026-07-02 01:13:05,725 INFO chronaris.pipelines.stage_i.public.deep_baseline_runtime: deep_train batch dataset=uab_workload_dataset model=chronaris_public_fusion_physiology_only track=subjective group=n_back seed=42 fold=001/002 epoch=004/005 batch=080/205 loss=0.427483 elapsed_s=5.2 status=running
2026-07-02 01:13:05,865 INFO chronaris.pipelines.stage_i.public.deep_baseline_runtime: deep_train batch dataset=uab_workload_dataset model=chronaris_public_fusion_physiology_only track=subjective group=n_back seed=42 fold=001/002 epoch=004/005 batch=100/205 loss=0.398644 elapsed_s=5.3 status=running
2026-07-02 01:13:05,999 INFO chronaris.pipelines.stage_i.public.deep_baseline_runtime: deep_train batch dataset=uab_workload_dataset model=chronaris_public_fusion_physiology_only track=subjective group=n_back seed=42 fold=001/002 epoch=004/005 batch=120/205 loss=0.499992 elapsed_s=5.5 status=running
2026-07-02 01:13:06,139 INFO chronaris.pipelines.stage_i.public.deep_baseline_runtime: deep_train batch dataset=uab_workload_dataset model=chronaris_public_fusion_physiology_only track=subjective group=n_back seed=42 fold=001/002 epoch=004/005 batch=140/205 loss=0.416892 elapsed_s=5.6 status=running
2026-07-02 01:13:07,178 INFO chronaris.pipelines.stage_i.public.deep_baseline_runtime: deep_train batch dataset=uab_workload_dataset model=chronaris_public_fusion_physiology_only track=subjective group=n_back seed=42 fold=001/002 epoch=004/005 batch=160/205 loss=0.379754 elapsed_s=5.8 status=running
2026-07-02 01:13:07,317 INFO chronaris.pipelines.stage_i.public.deep_baseline_runtime: deep_train batch dataset=uab_workload_dataset model=chronaris_public_fusion_physiology_only track=subjective group=n_back seed=42 fold=001/002 epoch=004/005 batch=180/205 loss=0.446176 elapsed_s=5.9 status=running
2026-07-02 01:13:09,467 INFO chronaris.pipelines.stage_i.public.deep_baseline_runtime: deep_train batch dataset=uab_workload_dataset model=chronaris_public_fusion_physiology_only track=subjective group=n_back seed=42 fold=001/002 epoch=004/005 batch=200/205 loss=0.359513 elapsed_s=6.0 status=running
2026-07-02 01:13:09,504 INFO chronaris.pipelines.stage_i.public.deep_baseline_runtime: deep_train batch dataset=uab_workload_dataset model=chronaris_public_fusion_physiology_only track=subjective group=n_back seed=42 fold=001/002 epoch=004/005 batch=205/205 loss=0.378864 elapsed_s=6.1 status=running
2026-07-02 01:13:09,508 INFO chronaris.pipelines.stage_i.public.deep_baseline_runtime: deep_train epoch_done dataset=uab_workload_dataset model=chronaris_public_fusion_physiology_only track=subjective group=n_back seed=42 fold=001/002 epoch=004/005 train_loss=0.411492 elapsed_s=1.4
2026-07-02 01:13:09,531 INFO chronaris.pipelines.stage_i.public.deep_baseline_runtime: deep_train epoch_start dataset=uab_workload_dataset model=chronaris_public_fusion_physiology_only track=subjective group=n_back seed=42 fold=001/002 epoch=005/005 batch_count=205
2026-07-02 01:13:09,542 INFO chronaris.pipelines.stage_i.public.deep_baseline_runtime: deep_train batch dataset=uab_workload_dataset model=chronaris_public_fusion_physiology_only track=subjective group=n_back seed=42 fold=001/002 epoch=005/005 batch=001/205 loss=0.391205 elapsed_s=6.1 status=running
2026-07-02 01:13:09,676 INFO chronaris.pipelines.stage_i.public.deep_baseline_runtime: deep_train batch dataset=uab_workload_dataset model=chronaris_public_fusion_physiology_only track=subjective group=n_back seed=42 fold=001/002 epoch=005/005 batch=020/205 loss=0.351324 elapsed_s=6.2 status=running
2026-07-02 01:13:09,810 INFO chronaris.pipelines.stage_i.public.deep_baseline_runtime: deep_train batch dataset=uab_workload_dataset model=chronaris_public_fusion_physiology_only track=subjective group=n_back seed=42 fold=001/002 epoch=005/005 batch=040/205 loss=0.495515 elapsed_s=6.4 status=running
2026-07-02 01:13:09,947 INFO chronaris.pipelines.stage_i.public.deep_baseline_runtime: deep_train batch dataset=uab_workload_dataset model=chronaris_public_fusion_physiology_only track=subjective group=n_back seed=42 fold=001/002 epoch=005/005 batch=060/205 loss=0.389088 elapsed_s=6.5 status=running
2026-07-02 01:13:10,093 INFO chronaris.pipelines.stage_i.public.deep_baseline_runtime: deep_train batch dataset=uab_workload_dataset model=chronaris_public_fusion_physiology_only track=subjective group=n_back seed=42 fold=001/002 epoch=005/005 batch=080/205 loss=0.416204 elapsed_s=6.7 status=running
2026-07-02 01:13:10,233 INFO chronaris.pipelines.stage_i.public.deep_baseline_runtime: deep_train batch dataset=uab_workload_dataset model=chronaris_public_fusion_physiology_only track=subjective group=n_back seed=42 fold=001/002 epoch=005/005 batch=100/205 loss=0.412417 elapsed_s=6.8 status=running
2026-07-02 01:13:10,366 INFO chronaris.pipelines.stage_i.public.deep_baseline_runtime: deep_train batch dataset=uab_workload_dataset model=chronaris_public_fusion_physiology_only track=subjective group=n_back seed=42 fold=001/002 epoch=005/005 batch=120/205 loss=0.435363 elapsed_s=6.9 status=running
2026-07-02 01:13:10,504 INFO chronaris.pipelines.stage_i.public.deep_baseline_runtime: deep_train batch dataset=uab_workload_dataset model=chronaris_public_fusion_physiology_only track=subjective group=n_back seed=42 fold=001/002 epoch=005/005 batch=140/205 loss=0.383499 elapsed_s=7.1 status=running
2026-07-02 01:13:10,644 INFO chronaris.pipelines.stage_i.public.deep_baseline_runtime: deep_train batch dataset=uab_workload_dataset model=chronaris_public_fusion_physiology_only track=subjective group=n_back seed=42 fold=001/002 epoch=005/005 batch=160/205 loss=0.382183 elapsed_s=7.2 status=running
2026-07-02 01:13:10,777 INFO chronaris.pipelines.stage_i.public.deep_baseline_runtime: deep_train batch dataset=uab_workload_dataset model=chronaris_public_fusion_physiology_only track=subjective group=n_back seed=42 fold=001/002 epoch=005/005 batch=180/205 loss=0.456482 elapsed_s=7.3 status=running
2026-07-02 01:13:10,911 INFO chronaris.pipelines.stage_i.public.deep_baseline_runtime: deep_train batch dataset=uab_workload_dataset model=chronaris_public_fusion_physiology_only track=subjective group=n_back seed=42 fold=001/002 epoch=005/005 batch=200/205 loss=0.386432 elapsed_s=7.5 status=running
2026-07-02 01:13:10,947 INFO chronaris.pipelines.stage_i.public.deep_baseline_runtime: deep_train batch dataset=uab_workload_dataset model=chronaris_public_fusion_physiology_only track=subjective group=n_back seed=42 fold=001/002 epoch=005/005 batch=205/205 loss=0.373390 elapsed_s=7.5 status=running
2026-07-02 01:13:10,952 INFO chronaris.pipelines.stage_i.public.deep_baseline_runtime: deep_train epoch_done dataset=uab_workload_dataset model=chronaris_public_fusion_physiology_only track=subjective group=n_back seed=42 fold=001/002 epoch=005/005 train_loss=0.407090 elapsed_s=1.4
2026-07-02 01:13:10,975 INFO chronaris.pipelines.stage_i.public.deep_baseline_runtime: deep_train fold_done dataset=uab_workload_dataset model=chronaris_public_fusion_physiology_only track=subjective group=n_back seed=42 fold=001/002 elapsed_s=7.5
2026-07-02 01:13:14,279 INFO chronaris.pipelines.stage_i.public.deep_baseline_runtime: deep_train fold_start dataset=uab_workload_dataset model=chronaris_public_fusion_physiology_only track=subjective group=n_back seed=42 fold=002/002 split_group=subject_02 task=regression train_count=26176 epochs=5 batch_size=128
2026-07-02 01:13:14,284 INFO chronaris.pipelines.stage_i.public.deep_baseline_runtime: deep_train epoch_start dataset=uab_workload_dataset model=chronaris_public_fusion_physiology_only track=subjective group=n_back seed=42 fold=002/002 epoch=001/005 batch_count=205
2026-07-02 01:13:14,306 INFO chronaris.pipelines.stage_i.public.deep_baseline_runtime: deep_train batch dataset=uab_workload_dataset model=chronaris_public_fusion_physiology_only track=subjective group=n_back seed=42 fold=002/002 epoch=001/005 batch=001/205 loss=0.357275 elapsed_s=0.0 status=running
2026-07-02 01:13:14,580 INFO chronaris.pipelines.stage_i.public.deep_baseline_runtime: deep_train batch dataset=uab_workload_dataset model=chronaris_public_fusion_physiology_only track=subjective group=n_back seed=42 fold=002/002 epoch=001/005 batch=020/205 loss=0.439990 elapsed_s=0.3 status=running
2026-07-02 01:13:14,714 INFO chronaris.pipelines.stage_i.public.deep_baseline_runtime: deep_train batch dataset=uab_workload_dataset model=chronaris_public_fusion_physiology_only track=subjective group=n_back seed=42 fold=002/002 epoch=001/005 batch=040/205 loss=0.405635 elapsed_s=0.4 status=running
2026-07-02 01:13:14,848 INFO chronaris.pipelines.stage_i.public.deep_baseline_runtime: deep_train batch dataset=uab_workload_dataset model=chronaris_public_fusion_physiology_only track=subjective group=n_back seed=42 fold=002/002 epoch=001/005 batch=060/205 loss=0.441174 elapsed_s=0.6 status=running
2026-07-02 01:13:14,987 INFO chronaris.pipelines.stage_i.public.deep_baseline_runtime: deep_train batch dataset=uab_workload_dataset model=chronaris_public_fusion_physiology_only track=subjective group=n_back seed=42 fold=002/002 epoch=001/005 batch=080/205 loss=0.451510 elapsed_s=0.7 status=running
2026-07-02 01:13:15,122 INFO chronaris.pipelines.stage_i.public.deep_baseline_runtime: deep_train batch dataset=uab_workload_dataset model=chronaris_public_fusion_physiology_only track=subjective group=n_back seed=42 fold=002/002 epoch=001/005 batch=100/205 loss=0.470275 elapsed_s=0.8 status=running
2026-07-02 01:13:15,259 INFO chronaris.pipelines.stage_i.public.deep_baseline_runtime: deep_train batch dataset=uab_workload_dataset model=chronaris_public_fusion_physiology_only track=subjective group=n_back seed=42 fold=002/002 epoch=001/005 batch=120/205 loss=0.445473 elapsed_s=1.0 status=running
2026-07-02 01:13:15,394 INFO chronaris.pipelines.stage_i.public.deep_baseline_runtime: deep_train batch dataset=uab_workload_dataset model=chronaris_public_fusion_physiology_only track=subjective group=n_back seed=42 fold=002/002 epoch=001/005 batch=140/205 loss=0.405805 elapsed_s=1.1 status=running
2026-07-02 01:13:15,529 INFO chronaris.pipelines.stage_i.public.deep_baseline_runtime: deep_train batch dataset=uab_workload_dataset model=chronaris_public_fusion_physiology_only track=subjective group=n_back seed=42 fold=002/002 epoch=001/005 batch=160/205 loss=0.438088 elapsed_s=1.2 status=running
2026-07-02 01:13:15,667 INFO chronaris.pipelines.stage_i.public.deep_baseline_runtime: deep_train batch dataset=uab_workload_dataset model=chronaris_public_fusion_physiology_only track=subjective group=n_back seed=42 fold=002/002 epoch=001/005 batch=180/205 loss=0.459810 elapsed_s=1.4 status=running
2026-07-02 01:13:15,801 INFO chronaris.pipelines.stage_i.public.deep_baseline_runtime: deep_train batch dataset=uab_workload_dataset model=chronaris_public_fusion_physiology_only track=subjective group=n_back seed=42 fold=002/002 epoch=001/005 batch=200/205 loss=0.379341 elapsed_s=1.5 status=running
2026-07-02 01:13:15,839 INFO chronaris.pipelines.stage_i.public.deep_baseline_runtime: deep_train batch dataset=uab_workload_dataset model=chronaris_public_fusion_physiology_only track=subjective group=n_back seed=42 fold=002/002 epoch=001/005 batch=205/205 loss=0.437918 elapsed_s=1.6 status=running
2026-07-02 01:13:15,843 INFO chronaris.pipelines.stage_i.public.deep_baseline_runtime: deep_train epoch_done dataset=uab_workload_dataset model=chronaris_public_fusion_physiology_only track=subjective group=n_back seed=42 fold=002/002 epoch=001/005 train_loss=0.422531 elapsed_s=1.6
2026-07-02 01:13:15,864 INFO chronaris.pipelines.stage_i.public.deep_baseline_runtime: deep_train epoch_start dataset=uab_workload_dataset model=chronaris_public_fusion_physiology_only track=subjective group=n_back seed=42 fold=002/002 epoch=002/005 batch_count=205
2026-07-02 01:13:15,875 INFO chronaris.pipelines.stage_i.public.deep_baseline_runtime: deep_train batch dataset=uab_workload_dataset model=chronaris_public_fusion_physiology_only track=subjective group=n_back seed=42 fold=002/002 epoch=002/005 batch=001/205 loss=0.384975 elapsed_s=1.6 status=running
2026-07-02 01:13:16,003 INFO chronaris.pipelines.stage_i.public.deep_baseline_runtime: deep_train batch dataset=uab_workload_dataset model=chronaris_public_fusion_physiology_only track=subjective group=n_back seed=42 fold=002/002 epoch=002/005 batch=020/205 loss=0.413079 elapsed_s=1.7 status=running
2026-07-02 01:13:16,141 INFO chronaris.pipelines.stage_i.public.deep_baseline_runtime: deep_train batch dataset=uab_workload_dataset model=chronaris_public_fusion_physiology_only track=subjective group=n_back seed=42 fold=002/002 epoch=002/005 batch=040/205 loss=0.389839 elapsed_s=1.9 status=running
2026-07-02 01:13:16,277 INFO chronaris.pipelines.stage_i.public.deep_baseline_runtime: deep_train batch dataset=uab_workload_dataset model=chronaris_public_fusion_physiology_only track=subjective group=n_back seed=42 fold=002/002 epoch=002/005 batch=060/205 loss=0.420592 elapsed_s=2.0 status=running
2026-07-02 01:13:16,415 INFO chronaris.pipelines.stage_i.public.deep_baseline_runtime: deep_train batch dataset=uab_workload_dataset model=chronaris_public_fusion_physiology_only track=subjective group=n_back seed=42 fold=002/002 epoch=002/005 batch=080/205 loss=0.454384 elapsed_s=2.1 status=running
2026-07-02 01:13:16,559 INFO chronaris.pipelines.stage_i.public.deep_baseline_runtime: deep_train batch dataset=uab_workload_dataset model=chronaris_public_fusion_physiology_only track=subjective group=n_back seed=42 fold=002/002 epoch=002/005 batch=100/205 loss=0.396313 elapsed_s=2.3 status=running
2026-07-02 01:13:16,696 INFO chronaris.pipelines.stage_i.public.deep_baseline_runtime: deep_train batch dataset=uab_workload_dataset model=chronaris_public_fusion_physiology_only track=subjective group=n_back seed=42 fold=002/002 epoch=002/005 batch=120/205 loss=0.364971 elapsed_s=2.4 status=running
2026-07-02 01:13:16,834 INFO chronaris.pipelines.stage_i.public.deep_baseline_runtime: deep_train batch dataset=uab_workload_dataset model=chronaris_public_fusion_physiology_only track=subjective group=n_back seed=42 fold=002/002 epoch=002/005 batch=140/205 loss=0.388647 elapsed_s=2.6 status=running
2026-07-02 01:13:16,968 INFO chronaris.pipelines.stage_i.public.deep_baseline_runtime: deep_train batch dataset=uab_workload_dataset model=chronaris_public_fusion_physiology_only track=subjective group=n_back seed=42 fold=002/002 epoch=002/005 batch=160/205 loss=0.380836 elapsed_s=2.7 status=running
2026-07-02 01:13:17,110 INFO chronaris.pipelines.stage_i.public.deep_baseline_runtime: deep_train batch dataset=uab_workload_dataset model=chronaris_public_fusion_physiology_only track=subjective group=n_back seed=42 fold=002/002 epoch=002/005 batch=180/205 loss=0.378101 elapsed_s=2.8 status=running
2026-07-02 01:13:17,250 INFO chronaris.pipelines.stage_i.public.deep_baseline_runtime: deep_train batch dataset=uab_workload_dataset model=chronaris_public_fusion_physiology_only track=subjective group=n_back seed=42 fold=002/002 epoch=002/005 batch=200/205 loss=0.460095 elapsed_s=3.0 status=running
2026-07-02 01:13:17,289 INFO chronaris.pipelines.stage_i.public.deep_baseline_runtime: deep_train batch dataset=uab_workload_dataset model=chronaris_public_fusion_physiology_only track=subjective group=n_back seed=42 fold=002/002 epoch=002/005 batch=205/205 loss=0.493205 elapsed_s=3.0 status=running
2026-07-02 01:13:17,294 INFO chronaris.pipelines.stage_i.public.deep_baseline_runtime: deep_train epoch_done dataset=uab_workload_dataset model=chronaris_public_fusion_physiology_only track=subjective group=n_back seed=42 fold=002/002 epoch=002/005 train_loss=0.418384 elapsed_s=1.4
2026-07-02 01:13:17,317 INFO chronaris.pipelines.stage_i.public.deep_baseline_runtime: deep_train epoch_start dataset=uab_workload_dataset model=chronaris_public_fusion_physiology_only track=subjective group=n_back seed=42 fold=002/002 epoch=003/005 batch_count=205
2026-07-02 01:13:17,328 INFO chronaris.pipelines.stage_i.public.deep_baseline_runtime: deep_train batch dataset=uab_workload_dataset model=chronaris_public_fusion_physiology_only track=subjective group=n_back seed=42 fold=002/002 epoch=003/005 batch=001/205 loss=0.357302 elapsed_s=3.0 status=running
2026-07-02 01:13:17,458 INFO chronaris.pipelines.stage_i.public.deep_baseline_runtime: deep_train batch dataset=uab_workload_dataset model=chronaris_public_fusion_physiology_only track=subjective group=n_back seed=42 fold=002/002 epoch=003/005 batch=020/205 loss=0.460273 elapsed_s=3.2 status=running
2026-07-02 01:13:17,598 INFO chronaris.pipelines.stage_i.public.deep_baseline_runtime: deep_train batch dataset=uab_workload_dataset model=chronaris_public_fusion_physiology_only track=subjective group=n_back seed=42 fold=002/002 epoch=003/005 batch=040/205 loss=0.444474 elapsed_s=3.3 status=running
2026-07-02 01:13:17,733 INFO chronaris.pipelines.stage_i.public.deep_baseline_runtime: deep_train batch dataset=uab_workload_dataset model=chronaris_public_fusion_physiology_only track=subjective group=n_back seed=42 fold=002/002 epoch=003/005 batch=060/205 loss=0.407267 elapsed_s=3.4 status=running
2026-07-02 01:13:17,903 INFO chronaris.pipelines.stage_i.public.deep_baseline_runtime: deep_train batch dataset=uab_workload_dataset model=chronaris_public_fusion_physiology_only track=subjective group=n_back seed=42 fold=002/002 epoch=003/005 batch=080/205 loss=0.462246 elapsed_s=3.6 status=running
2026-07-02 01:13:18,045 INFO chronaris.pipelines.stage_i.public.deep_baseline_runtime: deep_train batch dataset=uab_workload_dataset model=chronaris_public_fusion_physiology_only track=subjective group=n_back seed=42 fold=002/002 epoch=003/005 batch=100/205 loss=0.404359 elapsed_s=3.8 status=running
2026-07-02 01:13:18,180 INFO chronaris.pipelines.stage_i.public.deep_baseline_runtime: deep_train batch dataset=uab_workload_dataset model=chronaris_public_fusion_physiology_only track=subjective group=n_back seed=42 fold=002/002 epoch=003/005 batch=120/205 loss=0.427109 elapsed_s=3.9 status=running
2026-07-02 01:13:18,313 INFO chronaris.pipelines.stage_i.public.deep_baseline_runtime: deep_train batch dataset=uab_workload_dataset model=chronaris_public_fusion_physiology_only track=subjective group=n_back seed=42 fold=002/002 epoch=003/005 batch=140/205 loss=0.365997 elapsed_s=4.0 status=running
2026-07-02 01:13:18,448 INFO chronaris.pipelines.stage_i.public.deep_baseline_runtime: deep_train batch dataset=uab_workload_dataset model=chronaris_public_fusion_physiology_only track=subjective group=n_back seed=42 fold=002/002 epoch=003/005 batch=160/205 loss=0.472855 elapsed_s=4.2 status=running
2026-07-02 01:13:18,586 INFO chronaris.pipelines.stage_i.public.deep_baseline_runtime: deep_train batch dataset=uab_workload_dataset model=chronaris_public_fusion_physiology_only track=subjective group=n_back seed=42 fold=002/002 epoch=003/005 batch=180/205 loss=0.415170 elapsed_s=4.3 status=running
2026-07-02 01:13:18,718 INFO chronaris.pipelines.stage_i.public.deep_baseline_runtime: deep_train batch dataset=uab_workload_dataset model=chronaris_public_fusion_physiology_only track=subjective group=n_back seed=42 fold=002/002 epoch=003/005 batch=200/205 loss=0.392919 elapsed_s=4.4 status=running
2026-07-02 01:13:18,755 INFO chronaris.pipelines.stage_i.public.deep_baseline_runtime: deep_train batch dataset=uab_workload_dataset model=chronaris_public_fusion_physiology_only track=subjective group=n_back seed=42 fold=002/002 epoch=003/005 batch=205/205 loss=0.535015 elapsed_s=4.5 status=running
2026-07-02 01:13:18,760 INFO chronaris.pipelines.stage_i.public.deep_baseline_runtime: deep_train epoch_done dataset=uab_workload_dataset model=chronaris_public_fusion_physiology_only track=subjective group=n_back seed=42 fold=002/002 epoch=003/005 train_loss=0.416932 elapsed_s=1.4
2026-07-02 01:13:18,782 INFO chronaris.pipelines.stage_i.public.deep_baseline_runtime: deep_train epoch_start dataset=uab_workload_dataset model=chronaris_public_fusion_physiology_only track=subjective group=n_back seed=42 fold=002/002 epoch=004/005 batch_count=205
2026-07-02 01:13:18,792 INFO chronaris.pipelines.stage_i.public.deep_baseline_runtime: deep_train batch dataset=uab_workload_dataset model=chronaris_public_fusion_physiology_only track=subjective group=n_back seed=42 fold=002/002 epoch=004/005 batch=001/205 loss=0.453342 elapsed_s=4.5 status=running
2026-07-02 01:13:18,920 INFO chronaris.pipelines.stage_i.public.deep_baseline_runtime: deep_train batch dataset=uab_workload_dataset model=chronaris_public_fusion_physiology_only track=subjective group=n_back seed=42 fold=002/002 epoch=004/005 batch=020/205 loss=0.510095 elapsed_s=4.6 status=running
2026-07-02 01:13:19,057 INFO chronaris.pipelines.stage_i.public.deep_baseline_runtime: deep_train batch dataset=uab_workload_dataset model=chronaris_public_fusion_physiology_only track=subjective group=n_back seed=42 fold=002/002 epoch=004/005 batch=040/205 loss=0.442709 elapsed_s=4.8 status=running
2026-07-02 01:13:19,194 INFO chronaris.pipelines.stage_i.public.deep_baseline_runtime: deep_train batch dataset=uab_workload_dataset model=chronaris_public_fusion_physiology_only track=subjective group=n_back seed=42 fold=002/002 epoch=004/005 batch=060/205 loss=0.369271 elapsed_s=4.9 status=running
2026-07-02 01:13:19,339 INFO chronaris.pipelines.stage_i.public.deep_baseline_runtime: deep_train batch dataset=uab_workload_dataset model=chronaris_public_fusion_physiology_only track=subjective group=n_back seed=42 fold=002/002 epoch=004/005 batch=080/205 loss=0.412467 elapsed_s=5.1 status=running
2026-07-02 01:13:19,475 INFO chronaris.pipelines.stage_i.public.deep_baseline_runtime: deep_train batch dataset=uab_workload_dataset model=chronaris_public_fusion_physiology_only track=subjective group=n_back seed=42 fold=002/002 epoch=004/005 batch=100/205 loss=0.409821 elapsed_s=5.2 status=running
2026-07-02 01:13:19,615 INFO chronaris.pipelines.stage_i.public.deep_baseline_runtime: deep_train batch dataset=uab_workload_dataset model=chronaris_public_fusion_physiology_only track=subjective group=n_back seed=42 fold=002/002 epoch=004/005 batch=120/205 loss=0.472651 elapsed_s=5.3 status=running
2026-07-02 01:13:19,750 INFO chronaris.pipelines.stage_i.public.deep_baseline_runtime: deep_train batch dataset=uab_workload_dataset model=chronaris_public_fusion_physiology_only track=subjective group=n_back seed=42 fold=002/002 epoch=004/005 batch=140/205 loss=0.390281 elapsed_s=5.5 status=running
2026-07-02 01:13:19,889 INFO chronaris.pipelines.stage_i.public.deep_baseline_runtime: deep_train batch dataset=uab_workload_dataset model=chronaris_public_fusion_physiology_only track=subjective group=n_back seed=42 fold=002/002 epoch=004/005 batch=160/205 loss=0.388886 elapsed_s=5.6 status=running
2026-07-02 01:13:20,029 INFO chronaris.pipelines.stage_i.public.deep_baseline_runtime: deep_train batch dataset=uab_workload_dataset model=chronaris_public_fusion_physiology_only track=subjective group=n_back seed=42 fold=002/002 epoch=004/005 batch=180/205 loss=0.466395 elapsed_s=5.7 status=running
2026-07-02 01:13:20,164 INFO chronaris.pipelines.stage_i.public.deep_baseline_runtime: deep_train batch dataset=uab_workload_dataset model=chronaris_public_fusion_physiology_only track=subjective group=n_back seed=42 fold=002/002 epoch=004/005 batch=200/205 loss=0.357003 elapsed_s=5.9 status=running
2026-07-02 01:13:20,203 INFO chronaris.pipelines.stage_i.public.deep_baseline_runtime: deep_train batch dataset=uab_workload_dataset model=chronaris_public_fusion_physiology_only track=subjective group=n_back seed=42 fold=002/002 epoch=004/005 batch=205/205 loss=0.354204 elapsed_s=5.9 status=running
2026-07-02 01:13:20,208 INFO chronaris.pipelines.stage_i.public.deep_baseline_runtime: deep_train epoch_done dataset=uab_workload_dataset model=chronaris_public_fusion_physiology_only track=subjective group=n_back seed=42 fold=002/002 epoch=004/005 train_loss=0.413968 elapsed_s=1.4
2026-07-02 01:13:20,231 INFO chronaris.pipelines.stage_i.public.deep_baseline_runtime: deep_train epoch_start dataset=uab_workload_dataset model=chronaris_public_fusion_physiology_only track=subjective group=n_back seed=42 fold=002/002 epoch=005/005 batch_count=205
2026-07-02 01:13:20,241 INFO chronaris.pipelines.stage_i.public.deep_baseline_runtime: deep_train batch dataset=uab_workload_dataset model=chronaris_public_fusion_physiology_only track=subjective group=n_back seed=42 fold=002/002 epoch=005/005 batch=001/205 loss=0.339043 elapsed_s=6.0 status=running
2026-07-02 01:13:20,369 INFO chronaris.pipelines.stage_i.public.deep_baseline_runtime: deep_train batch dataset=uab_workload_dataset model=chronaris_public_fusion_physiology_only track=subjective group=n_back seed=42 fold=002/002 epoch=005/005 batch=020/205 loss=0.446614 elapsed_s=6.1 status=running
2026-07-02 01:13:20,509 INFO chronaris.pipelines.stage_i.public.deep_baseline_runtime: deep_train batch dataset=uab_workload_dataset model=chronaris_public_fusion_physiology_only track=subjective group=n_back seed=42 fold=002/002 epoch=005/005 batch=040/205 loss=0.441540 elapsed_s=6.2 status=running
2026-07-02 01:13:20,648 INFO chronaris.pipelines.stage_i.public.deep_baseline_runtime: deep_train batch dataset=uab_workload_dataset model=chronaris_public_fusion_physiology_only track=subjective group=n_back seed=42 fold=002/002 epoch=005/005 batch=060/205 loss=0.527289 elapsed_s=6.4 status=running
2026-07-02 01:13:20,782 INFO chronaris.pipelines.stage_i.public.deep_baseline_runtime: deep_train batch dataset=uab_workload_dataset model=chronaris_public_fusion_physiology_only track=subjective group=n_back seed=42 fold=002/002 epoch=005/005 batch=080/205 loss=0.488231 elapsed_s=6.5 status=running
2026-07-02 01:13:20,919 INFO chronaris.pipelines.stage_i.public.deep_baseline_runtime: deep_train batch dataset=uab_workload_dataset model=chronaris_public_fusion_physiology_only track=subjective group=n_back seed=42 fold=002/002 epoch=005/005 batch=100/205 loss=0.429935 elapsed_s=6.6 status=running
2026-07-02 01:13:21,052 INFO chronaris.pipelines.stage_i.public.deep_baseline_runtime: deep_train batch dataset=uab_workload_dataset model=chronaris_public_fusion_physiology_only track=subjective group=n_back seed=42 fold=002/002 epoch=005/005 batch=120/205 loss=0.421025 elapsed_s=6.8 status=running
2026-07-02 01:13:21,187 INFO chronaris.pipelines.stage_i.public.deep_baseline_runtime: deep_train batch dataset=uab_workload_dataset model=chronaris_public_fusion_physiology_only track=subjective group=n_back seed=42 fold=002/002 epoch=005/005 batch=140/205 loss=0.399033 elapsed_s=6.9 status=running
2026-07-02 01:13:21,323 INFO chronaris.pipelines.stage_i.public.deep_baseline_runtime: deep_train batch dataset=uab_workload_dataset model=chronaris_public_fusion_physiology_only track=subjective group=n_back seed=42 fold=002/002 epoch=005/005 batch=160/205 loss=0.374298 elapsed_s=7.0 status=running
2026-07-02 01:13:21,459 INFO chronaris.pipelines.stage_i.public.deep_baseline_runtime: deep_train batch dataset=uab_workload_dataset model=chronaris_public_fusion_physiology_only track=subjective group=n_back seed=42 fold=002/002 epoch=005/005 batch=180/205 loss=0.436944 elapsed_s=7.2 status=running
2026-07-02 01:13:21,598 INFO chronaris.pipelines.stage_i.public.deep_baseline_runtime: deep_train batch dataset=uab_workload_dataset model=chronaris_public_fusion_physiology_only track=subjective group=n_back seed=42 fold=002/002 epoch=005/005 batch=200/205 loss=0.394528 elapsed_s=7.3 status=running
2026-07-02 01:13:21,636 INFO chronaris.pipelines.stage_i.public.deep_baseline_runtime: deep_train batch dataset=uab_workload_dataset model=chronaris_public_fusion_physiology_only track=subjective group=n_back seed=42 fold=002/002 epoch=005/005 batch=205/205 loss=0.384605 elapsed_s=7.4 status=running
2026-07-02 01:13:21,640 INFO chronaris.pipelines.stage_i.public.deep_baseline_runtime: deep_train epoch_done dataset=uab_workload_dataset model=chronaris_public_fusion_physiology_only track=subjective group=n_back seed=42 fold=002/002 epoch=005/005 train_loss=0.412398 elapsed_s=1.4
2026-07-02 01:13:21,662 INFO chronaris.pipelines.stage_i.public.deep_baseline_runtime: deep_train fold_done dataset=uab_workload_dataset model=chronaris_public_fusion_physiology_only track=subjective group=n_back seed=42 fold=002/002 elapsed_s=7.4
2026-07-02 01:13:24,383 INFO chronaris.pipelines.stage_i.public.deep_baseline_runtime: deep_train fold_start dataset=uab_workload_dataset model=chronaris_public_fusion_physiology_only track=subjective group=heat_the_chair seed=42 fold=001/002 split_group=subject_01 task=regression train_count=5116 epochs=5 batch_size=128
2026-07-02 01:13:24,387 INFO chronaris.pipelines.stage_i.public.deep_baseline_runtime: deep_train epoch_start dataset=uab_workload_dataset model=chronaris_public_fusion_physiology_only track=subjective group=heat_the_chair seed=42 fold=001/002 epoch=001/005 batch_count=40
2026-07-02 01:13:24,404 INFO chronaris.pipelines.stage_i.public.deep_baseline_runtime: deep_train batch dataset=uab_workload_dataset model=chronaris_public_fusion_physiology_only track=subjective group=heat_the_chair seed=42 fold=001/002 epoch=001/005 batch=001/040 loss=0.469657 elapsed_s=0.0 status=running
2026-07-02 01:13:24,597 INFO chronaris.pipelines.stage_i.public.deep_baseline_runtime: deep_train batch dataset=uab_workload_dataset model=chronaris_public_fusion_physiology_only track=subjective group=heat_the_chair seed=42 fold=001/002 epoch=001/005 batch=020/040 loss=0.464333 elapsed_s=0.2 status=running
2026-07-02 01:13:24,794 INFO chronaris.pipelines.stage_i.public.deep_baseline_runtime: deep_train batch dataset=uab_workload_dataset model=chronaris_public_fusion_physiology_only track=subjective group=heat_the_chair seed=42 fold=001/002 epoch=001/005 batch=040/040 loss=0.304944 elapsed_s=0.4 status=running
2026-07-02 01:13:24,798 INFO chronaris.pipelines.stage_i.public.deep_baseline_runtime: deep_train epoch_done dataset=uab_workload_dataset model=chronaris_public_fusion_physiology_only track=subjective group=heat_the_chair seed=42 fold=001/002 epoch=001/005 train_loss=0.417464 elapsed_s=0.4
2026-07-02 01:13:24,822 INFO chronaris.pipelines.stage_i.public.deep_baseline_runtime: deep_train epoch_start dataset=uab_workload_dataset model=chronaris_public_fusion_physiology_only track=subjective group=heat_the_chair seed=42 fold=001/002 epoch=002/005 batch_count=40
2026-07-02 01:13:24,836 INFO chronaris.pipelines.stage_i.public.deep_baseline_runtime: deep_train batch dataset=uab_workload_dataset model=chronaris_public_fusion_physiology_only track=subjective group=heat_the_chair seed=42 fold=001/002 epoch=002/005 batch=001/040 loss=0.366552 elapsed_s=0.4 status=running
2026-07-02 01:13:25,017 INFO chronaris.pipelines.stage_i.public.deep_baseline_runtime: deep_train batch dataset=uab_workload_dataset model=chronaris_public_fusion_physiology_only track=subjective group=heat_the_chair seed=42 fold=001/002 epoch=002/005 batch=020/040 loss=0.410021 elapsed_s=0.6 status=running
2026-07-02 01:13:25,176 INFO chronaris.pipelines.stage_i.public.deep_baseline_runtime: deep_train batch dataset=uab_workload_dataset model=chronaris_public_fusion_physiology_only track=subjective group=heat_the_chair seed=42 fold=001/002 epoch=002/005 batch=040/040 loss=0.454422 elapsed_s=0.8 status=running
2026-07-02 01:13:25,195 INFO chronaris.pipelines.stage_i.public.deep_baseline_runtime: deep_train epoch_done dataset=uab_workload_dataset model=chronaris_public_fusion_physiology_only track=subjective group=heat_the_chair seed=42 fold=001/002 epoch=002/005 train_loss=0.411249 elapsed_s=0.4
2026-07-02 01:13:25,217 INFO chronaris.pipelines.stage_i.public.deep_baseline_runtime: deep_train epoch_start dataset=uab_workload_dataset model=chronaris_public_fusion_physiology_only track=subjective group=heat_the_chair seed=42 fold=001/002 epoch=003/005 batch_count=40
2026-07-02 01:13:25,264 INFO chronaris.pipelines.stage_i.public.deep_baseline_runtime: deep_train batch dataset=uab_workload_dataset model=chronaris_public_fusion_physiology_only track=subjective group=heat_the_chair seed=42 fold=001/002 epoch=003/005 batch=001/040 loss=0.426903 elapsed_s=0.9 status=running
2026-07-02 01:13:25,394 INFO chronaris.pipelines.stage_i.public.deep_baseline_runtime: deep_train batch dataset=uab_workload_dataset model=chronaris_public_fusion_physiology_only track=subjective group=heat_the_chair seed=42 fold=001/002 epoch=003/005 batch=020/040 loss=0.446800 elapsed_s=1.0 status=running
2026-07-02 01:13:25,524 INFO chronaris.pipelines.stage_i.public.deep_baseline_runtime: deep_train batch dataset=uab_workload_dataset model=chronaris_public_fusion_physiology_only track=subjective group=heat_the_chair seed=42 fold=001/002 epoch=003/005 batch=040/040 loss=0.400168 elapsed_s=1.1 status=running
2026-07-02 01:13:25,529 INFO chronaris.pipelines.stage_i.public.deep_baseline_runtime: deep_train epoch_done dataset=uab_workload_dataset model=chronaris_public_fusion_physiology_only track=subjective group=heat_the_chair seed=42 fold=001/002 epoch=003/005 train_loss=0.410575 elapsed_s=0.3
2026-07-02 01:13:25,551 INFO chronaris.pipelines.stage_i.public.deep_baseline_runtime: deep_train epoch_start dataset=uab_workload_dataset model=chronaris_public_fusion_physiology_only track=subjective group=heat_the_chair seed=42 fold=001/002 epoch=004/005 batch_count=40
2026-07-02 01:13:25,562 INFO chronaris.pipelines.stage_i.public.deep_baseline_runtime: deep_train batch dataset=uab_workload_dataset model=chronaris_public_fusion_physiology_only track=subjective group=heat_the_chair seed=42 fold=001/002 epoch=004/005 batch=001/040 loss=0.450591 elapsed_s=1.2 status=running
2026-07-02 01:13:25,692 INFO chronaris.pipelines.stage_i.public.deep_baseline_runtime: deep_train batch dataset=uab_workload_dataset model=chronaris_public_fusion_physiology_only track=subjective group=heat_the_chair seed=42 fold=001/002 epoch=004/005 batch=020/040 loss=0.374971 elapsed_s=1.3 status=running
2026-07-02 01:13:25,829 INFO chronaris.pipelines.stage_i.public.deep_baseline_runtime: deep_train batch dataset=uab_workload_dataset model=chronaris_public_fusion_physiology_only track=subjective group=heat_the_chair seed=42 fold=001/002 epoch=004/005 batch=040/040 loss=0.383745 elapsed_s=1.4 status=running
2026-07-02 01:13:25,833 INFO chronaris.pipelines.stage_i.public.deep_baseline_runtime: deep_train epoch_done dataset=uab_workload_dataset model=chronaris_public_fusion_physiology_only track=subjective group=heat_the_chair seed=42 fold=001/002 epoch=004/005 train_loss=0.411234 elapsed_s=0.3
2026-07-02 01:13:25,856 INFO chronaris.pipelines.stage_i.public.deep_baseline_runtime: deep_train epoch_start dataset=uab_workload_dataset model=chronaris_public_fusion_physiology_only track=subjective group=heat_the_chair seed=42 fold=001/002 epoch=005/005 batch_count=40
2026-07-02 01:13:25,867 INFO chronaris.pipelines.stage_i.public.deep_baseline_runtime: deep_train batch dataset=uab_workload_dataset model=chronaris_public_fusion_physiology_only track=subjective group=heat_the_chair seed=42 fold=001/002 epoch=005/005 batch=001/040 loss=0.324234 elapsed_s=1.5 status=running
2026-07-02 01:13:25,998 INFO chronaris.pipelines.stage_i.public.deep_baseline_runtime: deep_train batch dataset=uab_workload_dataset model=chronaris_public_fusion_physiology_only track=subjective group=heat_the_chair seed=42 fold=001/002 epoch=005/005 batch=020/040 loss=0.429459 elapsed_s=1.6 status=running
2026-07-02 01:13:26,132 INFO chronaris.pipelines.stage_i.public.deep_baseline_runtime: deep_train batch dataset=uab_workload_dataset model=chronaris_public_fusion_physiology_only track=subjective group=heat_the_chair seed=42 fold=001/002 epoch=005/005 batch=040/040 loss=0.427317 elapsed_s=1.7 status=running
2026-07-02 01:13:26,137 INFO chronaris.pipelines.stage_i.public.deep_baseline_runtime: deep_train epoch_done dataset=uab_workload_dataset model=chronaris_public_fusion_physiology_only track=subjective group=heat_the_chair seed=42 fold=001/002 epoch=005/005 train_loss=0.411262 elapsed_s=0.3
2026-07-02 01:13:26,159 INFO chronaris.pipelines.stage_i.public.deep_baseline_runtime: deep_train fold_done dataset=uab_workload_dataset model=chronaris_public_fusion_physiology_only track=subjective group=heat_the_chair seed=42 fold=001/002 elapsed_s=1.8
2026-07-02 01:13:27,642 INFO chronaris.pipelines.stage_i.public.deep_baseline_runtime: deep_train fold_start dataset=uab_workload_dataset model=chronaris_public_fusion_physiology_only track=subjective group=heat_the_chair seed=42 fold=002/002 split_group=subject_02 task=regression train_count=5126 epochs=5 batch_size=128
2026-07-02 01:13:27,649 INFO chronaris.pipelines.stage_i.public.deep_baseline_runtime: deep_train epoch_start dataset=uab_workload_dataset model=chronaris_public_fusion_physiology_only track=subjective group=heat_the_chair seed=42 fold=002/002 epoch=001/005 batch_count=41
2026-07-02 01:13:27,663 INFO chronaris.pipelines.stage_i.public.deep_baseline_runtime: deep_train batch dataset=uab_workload_dataset model=chronaris_public_fusion_physiology_only track=subjective group=heat_the_chair seed=42 fold=002/002 epoch=001/005 batch=001/041 loss=0.384046 elapsed_s=0.0 status=running
2026-07-02 01:13:27,792 INFO chronaris.pipelines.stage_i.public.deep_baseline_runtime: deep_train batch dataset=uab_workload_dataset model=chronaris_public_fusion_physiology_only track=subjective group=heat_the_chair seed=42 fold=002/002 epoch=001/005 batch=020/041 loss=0.474857 elapsed_s=0.1 status=running
2026-07-02 01:13:27,926 INFO chronaris.pipelines.stage_i.public.deep_baseline_runtime: deep_train batch dataset=uab_workload_dataset model=chronaris_public_fusion_physiology_only track=subjective group=heat_the_chair seed=42 fold=002/002 epoch=001/005 batch=040/041 loss=0.332514 elapsed_s=0.3 status=running
2026-07-02 01:13:27,936 INFO chronaris.pipelines.stage_i.public.deep_baseline_runtime: deep_train batch dataset=uab_workload_dataset model=chronaris_public_fusion_physiology_only track=subjective group=heat_the_chair seed=42 fold=002/002 epoch=001/005 batch=041/041 loss=0.283556 elapsed_s=0.3 status=running
2026-07-02 01:13:27,941 INFO chronaris.pipelines.stage_i.public.deep_baseline_runtime: deep_train epoch_done dataset=uab_workload_dataset model=chronaris_public_fusion_physiology_only track=subjective group=heat_the_chair seed=42 fold=002/002 epoch=001/005 train_loss=0.424399 elapsed_s=0.3
2026-07-02 01:13:27,963 INFO chronaris.pipelines.stage_i.public.deep_baseline_runtime: deep_train epoch_start dataset=uab_workload_dataset model=chronaris_public_fusion_physiology_only track=subjective group=heat_the_chair seed=42 fold=002/002 epoch=002/005 batch_count=41
2026-07-02 01:13:27,975 INFO chronaris.pipelines.stage_i.public.deep_baseline_runtime: deep_train batch dataset=uab_workload_dataset model=chronaris_public_fusion_physiology_only track=subjective group=heat_the_chair seed=42 fold=002/002 epoch=002/005 batch=001/041 loss=0.376805 elapsed_s=0.3 status=running
2026-07-02 01:13:28,105 INFO chronaris.pipelines.stage_i.public.deep_baseline_runtime: deep_train batch dataset=uab_workload_dataset model=chronaris_public_fusion_physiology_only track=subjective group=heat_the_chair seed=42 fold=002/002 epoch=002/005 batch=020/041 loss=0.416803 elapsed_s=0.5 status=running
2026-07-02 01:13:28,239 INFO chronaris.pipelines.stage_i.public.deep_baseline_runtime: deep_train batch dataset=uab_workload_dataset model=chronaris_public_fusion_physiology_only track=subjective group=heat_the_chair seed=42 fold=002/002 epoch=002/005 batch=040/041 loss=0.463410 elapsed_s=0.6 status=running
2026-07-02 01:13:28,251 INFO chronaris.pipelines.stage_i.public.deep_baseline_runtime: deep_train batch dataset=uab_workload_dataset model=chronaris_public_fusion_physiology_only track=subjective group=heat_the_chair seed=42 fold=002/002 epoch=002/005 batch=041/041 loss=0.581750 elapsed_s=0.6 status=running
2026-07-02 01:13:28,255 INFO chronaris.pipelines.stage_i.public.deep_baseline_runtime: deep_train epoch_done dataset=uab_workload_dataset model=chronaris_public_fusion_physiology_only track=subjective group=heat_the_chair seed=42 fold=002/002 epoch=002/005 train_loss=0.427535 elapsed_s=0.3
2026-07-02 01:13:28,279 INFO chronaris.pipelines.stage_i.public.deep_baseline_runtime: deep_train epoch_start dataset=uab_workload_dataset model=chronaris_public_fusion_physiology_only track=subjective group=heat_the_chair seed=42 fold=002/002 epoch=003/005 batch_count=41
2026-07-02 01:13:28,301 INFO chronaris.pipelines.stage_i.public.deep_baseline_runtime: deep_train batch dataset=uab_workload_dataset model=chronaris_public_fusion_physiology_only track=subjective group=heat_the_chair seed=42 fold=002/002 epoch=003/005 batch=001/041 loss=0.371264 elapsed_s=0.7 status=running
2026-07-02 01:13:28,471 INFO chronaris.pipelines.stage_i.public.deep_baseline_runtime: deep_train batch dataset=uab_workload_dataset model=chronaris_public_fusion_physiology_only track=subjective group=heat_the_chair seed=42 fold=002/002 epoch=003/005 batch=020/041 loss=0.389635 elapsed_s=0.8 status=running
2026-07-02 01:13:28,611 INFO chronaris.pipelines.stage_i.public.deep_baseline_runtime: deep_train batch dataset=uab_workload_dataset model=chronaris_public_fusion_physiology_only track=subjective group=heat_the_chair seed=42 fold=002/002 epoch=003/005 batch=040/041 loss=0.428613 elapsed_s=1.0 status=running
2026-07-02 01:13:28,622 INFO chronaris.pipelines.stage_i.public.deep_baseline_runtime: deep_train batch dataset=uab_workload_dataset model=chronaris_public_fusion_physiology_only track=subjective group=heat_the_chair seed=42 fold=002/002 epoch=003/005 batch=041/041 loss=0.310784 elapsed_s=1.0 status=running
2026-07-02 01:13:28,627 INFO chronaris.pipelines.stage_i.public.deep_baseline_runtime: deep_train epoch_done dataset=uab_workload_dataset model=chronaris_public_fusion_physiology_only track=subjective group=heat_the_chair seed=42 fold=002/002 epoch=003/005 train_loss=0.420430 elapsed_s=0.3
2026-07-02 01:13:28,649 INFO chronaris.pipelines.stage_i.public.deep_baseline_runtime: deep_train epoch_start dataset=uab_workload_dataset model=chronaris_public_fusion_physiology_only track=subjective group=heat_the_chair seed=42 fold=002/002 epoch=004/005 batch_count=41
2026-07-02 01:13:28,661 INFO chronaris.pipelines.stage_i.public.deep_baseline_runtime: deep_train batch dataset=uab_workload_dataset model=chronaris_public_fusion_physiology_only track=subjective group=heat_the_chair seed=42 fold=002/002 epoch=004/005 batch=001/041 loss=0.395953 elapsed_s=1.0 status=running
2026-07-02 01:13:28,867 INFO chronaris.pipelines.stage_i.public.deep_baseline_runtime: deep_train batch dataset=uab_workload_dataset model=chronaris_public_fusion_physiology_only track=subjective group=heat_the_chair seed=42 fold=002/002 epoch=004/005 batch=020/041 loss=0.346346 elapsed_s=1.2 status=running
2026-07-02 01:13:29,003 INFO chronaris.pipelines.stage_i.public.deep_baseline_runtime: deep_train batch dataset=uab_workload_dataset model=chronaris_public_fusion_physiology_only track=subjective group=heat_the_chair seed=42 fold=002/002 epoch=004/005 batch=040/041 loss=0.356671 elapsed_s=1.4 status=running
2026-07-02 01:13:29,015 INFO chronaris.pipelines.stage_i.public.deep_baseline_runtime: deep_train batch dataset=uab_workload_dataset model=chronaris_public_fusion_physiology_only track=subjective group=heat_the_chair seed=42 fold=002/002 epoch=004/005 batch=041/041 loss=0.361685 elapsed_s=1.4 status=running
2026-07-02 01:13:29,019 INFO chronaris.pipelines.stage_i.public.deep_baseline_runtime: deep_train epoch_done dataset=uab_workload_dataset model=chronaris_public_fusion_physiology_only track=subjective group=heat_the_chair seed=42 fold=002/002 epoch=004/005 train_loss=0.420899 elapsed_s=0.4
2026-07-02 01:13:29,043 INFO chronaris.pipelines.stage_i.public.deep_baseline_runtime: deep_train epoch_start dataset=uab_workload_dataset model=chronaris_public_fusion_physiology_only track=subjective group=heat_the_chair seed=42 fold=002/002 epoch=005/005 batch_count=41
2026-07-02 01:13:29,069 INFO chronaris.pipelines.stage_i.public.deep_baseline_runtime: deep_train batch dataset=uab_workload_dataset model=chronaris_public_fusion_physiology_only track=subjective group=heat_the_chair seed=42 fold=002/002 epoch=005/005 batch=001/041 loss=0.343374 elapsed_s=1.4 status=running
2026-07-02 01:13:29,242 INFO chronaris.pipelines.stage_i.public.deep_baseline_runtime: deep_train batch dataset=uab_workload_dataset model=chronaris_public_fusion_physiology_only track=subjective group=heat_the_chair seed=42 fold=002/002 epoch=005/005 batch=020/041 loss=0.380828 elapsed_s=1.6 status=running
2026-07-02 01:13:29,382 INFO chronaris.pipelines.stage_i.public.deep_baseline_runtime: deep_train batch dataset=uab_workload_dataset model=chronaris_public_fusion_physiology_only track=subjective group=heat_the_chair seed=42 fold=002/002 epoch=005/005 batch=040/041 loss=0.455716 elapsed_s=1.7 status=running
2026-07-02 01:13:29,394 INFO chronaris.pipelines.stage_i.public.deep_baseline_runtime: deep_train batch dataset=uab_workload_dataset model=chronaris_public_fusion_physiology_only track=subjective group=heat_the_chair seed=42 fold=002/002 epoch=005/005 batch=041/041 loss=0.260714 elapsed_s=1.7 status=running
2026-07-02 01:13:29,403 INFO chronaris.pipelines.stage_i.public.deep_baseline_runtime: deep_train epoch_done dataset=uab_workload_dataset model=chronaris_public_fusion_physiology_only track=subjective group=heat_the_chair seed=42 fold=002/002 epoch=005/005 train_loss=0.418412 elapsed_s=0.4
2026-07-02 01:13:29,425 INFO chronaris.pipelines.stage_i.public.deep_baseline_runtime: deep_train fold_done dataset=uab_workload_dataset model=chronaris_public_fusion_physiology_only track=subjective group=heat_the_chair seed=42 fold=002/002 elapsed_s=1.8
