2026-07-02 01:19:43,121 INFO chronaris.pipelines.stage_i.public.deep_baseline: stage_i_deep_baseline observer start run_id=regression_loss_huber__seed42 run_root=/home/wangminan/projects/chronaris/docs/artifacts/assets/stage_i_public_fusion_ablation/20260701T-stage-i-public-fusion-ablation-r1/screen/uab_workload_dataset/regression_loss_huber__seed42
2026-07-02 01:19:49,381 INFO chronaris.pipelines.stage_i.public.deep_baseline_runtime: deep_train fold_start dataset=uab_workload_dataset model=chronaris_public_fusion track=objective group=n_back seed=42 fold=001/002 split_group=subject_01 task=classification train_count=26164 epochs=5 batch_size=128
2026-07-02 01:19:49,382 INFO chronaris.pipelines.stage_i.public.deep_baseline_runtime: deep_train epoch_start dataset=uab_workload_dataset model=chronaris_public_fusion track=objective group=n_back seed=42 fold=001/002 epoch=001/005 batch_count=205
2026-07-02 01:19:49,432 INFO chronaris.pipelines.stage_i.public.deep_baseline_runtime: deep_train batch dataset=uab_workload_dataset model=chronaris_public_fusion track=objective group=n_back seed=42 fold=001/002 epoch=001/005 batch=001/205 loss=1.110140 elapsed_s=0.1 status=running
2026-07-02 01:19:49,871 INFO chronaris.pipelines.stage_i.public.deep_baseline_runtime: deep_train batch dataset=uab_workload_dataset model=chronaris_public_fusion track=objective group=n_back seed=42 fold=001/002 epoch=001/005 batch=020/205 loss=1.090231 elapsed_s=0.5 status=running
2026-07-02 01:19:50,139 INFO chronaris.pipelines.stage_i.public.deep_baseline_runtime: deep_train batch dataset=uab_workload_dataset model=chronaris_public_fusion track=objective group=n_back seed=42 fold=001/002 epoch=001/005 batch=040/205 loss=1.112129 elapsed_s=0.8 status=running
2026-07-02 01:19:50,405 INFO chronaris.pipelines.stage_i.public.deep_baseline_runtime: deep_train batch dataset=uab_workload_dataset model=chronaris_public_fusion track=objective group=n_back seed=42 fold=001/002 epoch=001/005 batch=060/205 loss=1.098355 elapsed_s=1.0 status=running
2026-07-02 01:19:50,670 INFO chronaris.pipelines.stage_i.public.deep_baseline_runtime: deep_train batch dataset=uab_workload_dataset model=chronaris_public_fusion track=objective group=n_back seed=42 fold=001/002 epoch=001/005 batch=080/205 loss=1.108509 elapsed_s=1.3 status=running
2026-07-02 01:19:50,939 INFO chronaris.pipelines.stage_i.public.deep_baseline_runtime: deep_train batch dataset=uab_workload_dataset model=chronaris_public_fusion track=objective group=n_back seed=42 fold=001/002 epoch=001/005 batch=100/205 loss=1.099143 elapsed_s=1.6 status=running
2026-07-02 01:19:51,205 INFO chronaris.pipelines.stage_i.public.deep_baseline_runtime: deep_train batch dataset=uab_workload_dataset model=chronaris_public_fusion track=objective group=n_back seed=42 fold=001/002 epoch=001/005 batch=120/205 loss=1.099552 elapsed_s=1.8 status=running
2026-07-02 01:19:51,475 INFO chronaris.pipelines.stage_i.public.deep_baseline_runtime: deep_train batch dataset=uab_workload_dataset model=chronaris_public_fusion track=objective group=n_back seed=42 fold=001/002 epoch=001/005 batch=140/205 loss=1.094443 elapsed_s=2.1 status=running
2026-07-02 01:19:51,745 INFO chronaris.pipelines.stage_i.public.deep_baseline_runtime: deep_train batch dataset=uab_workload_dataset model=chronaris_public_fusion track=objective group=n_back seed=42 fold=001/002 epoch=001/005 batch=160/205 loss=1.106776 elapsed_s=2.4 status=running
2026-07-02 01:19:52,011 INFO chronaris.pipelines.stage_i.public.deep_baseline_runtime: deep_train batch dataset=uab_workload_dataset model=chronaris_public_fusion track=objective group=n_back seed=42 fold=001/002 epoch=001/005 batch=180/205 loss=1.099004 elapsed_s=2.6 status=running
2026-07-02 01:19:52,274 INFO chronaris.pipelines.stage_i.public.deep_baseline_runtime: deep_train batch dataset=uab_workload_dataset model=chronaris_public_fusion track=objective group=n_back seed=42 fold=001/002 epoch=001/005 batch=200/205 loss=1.098224 elapsed_s=2.9 status=running
2026-07-02 01:19:52,345 INFO chronaris.pipelines.stage_i.public.deep_baseline_runtime: deep_train batch dataset=uab_workload_dataset model=chronaris_public_fusion track=objective group=n_back seed=42 fold=001/002 epoch=001/005 batch=205/205 loss=1.099769 elapsed_s=3.0 status=running
2026-07-02 01:19:52,346 INFO chronaris.pipelines.stage_i.public.deep_baseline_runtime: deep_train epoch_done dataset=uab_workload_dataset model=chronaris_public_fusion track=objective group=n_back seed=42 fold=001/002 epoch=001/005 train_loss=1.101339 elapsed_s=3.0
2026-07-02 01:19:52,376 INFO chronaris.pipelines.stage_i.public.deep_baseline_runtime: deep_train epoch_start dataset=uab_workload_dataset model=chronaris_public_fusion track=objective group=n_back seed=42 fold=001/002 epoch=002/005 batch_count=205
2026-07-02 01:19:52,392 INFO chronaris.pipelines.stage_i.public.deep_baseline_runtime: deep_train batch dataset=uab_workload_dataset model=chronaris_public_fusion track=objective group=n_back seed=42 fold=001/002 epoch=002/005 batch=001/205 loss=1.098207 elapsed_s=3.0 status=running
2026-07-02 01:19:52,647 INFO chronaris.pipelines.stage_i.public.deep_baseline_runtime: deep_train batch dataset=uab_workload_dataset model=chronaris_public_fusion track=objective group=n_back seed=42 fold=001/002 epoch=002/005 batch=020/205 loss=1.101283 elapsed_s=3.3 status=running
2026-07-02 01:19:52,929 INFO chronaris.pipelines.stage_i.public.deep_baseline_runtime: deep_train batch dataset=uab_workload_dataset model=chronaris_public_fusion track=objective group=n_back seed=42 fold=001/002 epoch=002/005 batch=040/205 loss=1.104079 elapsed_s=3.5 status=running
2026-07-02 01:19:53,194 INFO chronaris.pipelines.stage_i.public.deep_baseline_runtime: deep_train batch dataset=uab_workload_dataset model=chronaris_public_fusion track=objective group=n_back seed=42 fold=001/002 epoch=002/005 batch=060/205 loss=1.096950 elapsed_s=3.8 status=running
2026-07-02 01:19:53,461 INFO chronaris.pipelines.stage_i.public.deep_baseline_runtime: deep_train batch dataset=uab_workload_dataset model=chronaris_public_fusion track=objective group=n_back seed=42 fold=001/002 epoch=002/005 batch=080/205 loss=1.097085 elapsed_s=4.1 status=running
2026-07-02 01:19:53,726 INFO chronaris.pipelines.stage_i.public.deep_baseline_runtime: deep_train batch dataset=uab_workload_dataset model=chronaris_public_fusion track=objective group=n_back seed=42 fold=001/002 epoch=002/005 batch=100/205 loss=1.082596 elapsed_s=4.3 status=running
2026-07-02 01:19:53,993 INFO chronaris.pipelines.stage_i.public.deep_baseline_runtime: deep_train batch dataset=uab_workload_dataset model=chronaris_public_fusion track=objective group=n_back seed=42 fold=001/002 epoch=002/005 batch=120/205 loss=1.097320 elapsed_s=4.6 status=running
2026-07-02 01:19:54,257 INFO chronaris.pipelines.stage_i.public.deep_baseline_runtime: deep_train batch dataset=uab_workload_dataset model=chronaris_public_fusion track=objective group=n_back seed=42 fold=001/002 epoch=002/005 batch=140/205 loss=1.094511 elapsed_s=4.9 status=running
2026-07-02 01:19:54,519 INFO chronaris.pipelines.stage_i.public.deep_baseline_runtime: deep_train batch dataset=uab_workload_dataset model=chronaris_public_fusion track=objective group=n_back seed=42 fold=001/002 epoch=002/005 batch=160/205 loss=1.092693 elapsed_s=5.1 status=running
2026-07-02 01:19:54,784 INFO chronaris.pipelines.stage_i.public.deep_baseline_runtime: deep_train batch dataset=uab_workload_dataset model=chronaris_public_fusion track=objective group=n_back seed=42 fold=001/002 epoch=002/005 batch=180/205 loss=1.102658 elapsed_s=5.4 status=running
2026-07-02 01:19:55,048 INFO chronaris.pipelines.stage_i.public.deep_baseline_runtime: deep_train batch dataset=uab_workload_dataset model=chronaris_public_fusion track=objective group=n_back seed=42 fold=001/002 epoch=002/005 batch=200/205 loss=1.098979 elapsed_s=5.7 status=running
2026-07-02 01:19:55,114 INFO chronaris.pipelines.stage_i.public.deep_baseline_runtime: deep_train batch dataset=uab_workload_dataset model=chronaris_public_fusion track=objective group=n_back seed=42 fold=001/002 epoch=002/005 batch=205/205 loss=1.068181 elapsed_s=5.7 status=running
2026-07-02 01:19:55,115 INFO chronaris.pipelines.stage_i.public.deep_baseline_runtime: deep_train epoch_done dataset=uab_workload_dataset model=chronaris_public_fusion track=objective group=n_back seed=42 fold=001/002 epoch=002/005 train_loss=1.097048 elapsed_s=2.7
2026-07-02 01:19:55,151 INFO chronaris.pipelines.stage_i.public.deep_baseline_runtime: deep_train epoch_start dataset=uab_workload_dataset model=chronaris_public_fusion track=objective group=n_back seed=42 fold=001/002 epoch=003/005 batch_count=205
2026-07-02 01:19:55,173 INFO chronaris.pipelines.stage_i.public.deep_baseline_runtime: deep_train batch dataset=uab_workload_dataset model=chronaris_public_fusion track=objective group=n_back seed=42 fold=001/002 epoch=003/005 batch=001/205 loss=1.088526 elapsed_s=5.8 status=running
2026-07-02 01:19:55,428 INFO chronaris.pipelines.stage_i.public.deep_baseline_runtime: deep_train batch dataset=uab_workload_dataset model=chronaris_public_fusion track=objective group=n_back seed=42 fold=001/002 epoch=003/005 batch=020/205 loss=1.106137 elapsed_s=6.0 status=running
2026-07-02 01:19:55,695 INFO chronaris.pipelines.stage_i.public.deep_baseline_runtime: deep_train batch dataset=uab_workload_dataset model=chronaris_public_fusion track=objective group=n_back seed=42 fold=001/002 epoch=003/005 batch=040/205 loss=1.097707 elapsed_s=6.3 status=running
2026-07-02 01:19:55,952 INFO chronaris.pipelines.stage_i.public.deep_baseline_runtime: deep_train batch dataset=uab_workload_dataset model=chronaris_public_fusion track=objective group=n_back seed=42 fold=001/002 epoch=003/005 batch=060/205 loss=1.099731 elapsed_s=6.6 status=running
2026-07-02 01:19:56,210 INFO chronaris.pipelines.stage_i.public.deep_baseline_runtime: deep_train batch dataset=uab_workload_dataset model=chronaris_public_fusion track=objective group=n_back seed=42 fold=001/002 epoch=003/005 batch=080/205 loss=1.089894 elapsed_s=6.8 status=running
2026-07-02 01:19:56,472 INFO chronaris.pipelines.stage_i.public.deep_baseline_runtime: deep_train batch dataset=uab_workload_dataset model=chronaris_public_fusion track=objective group=n_back seed=42 fold=001/002 epoch=003/005 batch=100/205 loss=1.102214 elapsed_s=7.1 status=running
2026-07-02 01:19:56,739 INFO chronaris.pipelines.stage_i.public.deep_baseline_runtime: deep_train batch dataset=uab_workload_dataset model=chronaris_public_fusion track=objective group=n_back seed=42 fold=001/002 epoch=003/005 batch=120/205 loss=1.093429 elapsed_s=7.4 status=running
2026-07-02 01:19:57,006 INFO chronaris.pipelines.stage_i.public.deep_baseline_runtime: deep_train batch dataset=uab_workload_dataset model=chronaris_public_fusion track=objective group=n_back seed=42 fold=001/002 epoch=003/005 batch=140/205 loss=1.089605 elapsed_s=7.6 status=running
2026-07-02 01:19:57,276 INFO chronaris.pipelines.stage_i.public.deep_baseline_runtime: deep_train batch dataset=uab_workload_dataset model=chronaris_public_fusion track=objective group=n_back seed=42 fold=001/002 epoch=003/005 batch=160/205 loss=1.098933 elapsed_s=7.9 status=running
2026-07-02 01:19:57,540 INFO chronaris.pipelines.stage_i.public.deep_baseline_runtime: deep_train batch dataset=uab_workload_dataset model=chronaris_public_fusion track=objective group=n_back seed=42 fold=001/002 epoch=003/005 batch=180/205 loss=1.099548 elapsed_s=8.2 status=running
2026-07-02 01:19:57,802 INFO chronaris.pipelines.stage_i.public.deep_baseline_runtime: deep_train batch dataset=uab_workload_dataset model=chronaris_public_fusion track=objective group=n_back seed=42 fold=001/002 epoch=003/005 batch=200/205 loss=1.093689 elapsed_s=8.4 status=running
2026-07-02 01:19:57,871 INFO chronaris.pipelines.stage_i.public.deep_baseline_runtime: deep_train batch dataset=uab_workload_dataset model=chronaris_public_fusion track=objective group=n_back seed=42 fold=001/002 epoch=003/005 batch=205/205 loss=1.085425 elapsed_s=8.5 status=running
2026-07-02 01:19:57,872 INFO chronaris.pipelines.stage_i.public.deep_baseline_runtime: deep_train epoch_done dataset=uab_workload_dataset model=chronaris_public_fusion track=objective group=n_back seed=42 fold=001/002 epoch=003/005 train_loss=1.097305 elapsed_s=2.7
2026-07-02 01:19:57,906 INFO chronaris.pipelines.stage_i.public.deep_baseline_runtime: deep_train epoch_start dataset=uab_workload_dataset model=chronaris_public_fusion track=objective group=n_back seed=42 fold=001/002 epoch=004/005 batch_count=205
2026-07-02 01:19:57,928 INFO chronaris.pipelines.stage_i.public.deep_baseline_runtime: deep_train batch dataset=uab_workload_dataset model=chronaris_public_fusion track=objective group=n_back seed=42 fold=001/002 epoch=004/005 batch=001/205 loss=1.085069 elapsed_s=8.5 status=running
2026-07-02 01:19:58,189 INFO chronaris.pipelines.stage_i.public.deep_baseline_runtime: deep_train batch dataset=uab_workload_dataset model=chronaris_public_fusion track=objective group=n_back seed=42 fold=001/002 epoch=004/005 batch=020/205 loss=1.096884 elapsed_s=8.8 status=running
2026-07-02 01:19:58,454 INFO chronaris.pipelines.stage_i.public.deep_baseline_runtime: deep_train batch dataset=uab_workload_dataset model=chronaris_public_fusion track=objective group=n_back seed=42 fold=001/002 epoch=004/005 batch=040/205 loss=1.089391 elapsed_s=9.1 status=running
2026-07-02 01:19:58,717 INFO chronaris.pipelines.stage_i.public.deep_baseline_runtime: deep_train batch dataset=uab_workload_dataset model=chronaris_public_fusion track=objective group=n_back seed=42 fold=001/002 epoch=004/005 batch=060/205 loss=1.097938 elapsed_s=9.3 status=running
2026-07-02 01:19:58,990 INFO chronaris.pipelines.stage_i.public.deep_baseline_runtime: deep_train batch dataset=uab_workload_dataset model=chronaris_public_fusion track=objective group=n_back seed=42 fold=001/002 epoch=004/005 batch=080/205 loss=1.096348 elapsed_s=9.6 status=running
2026-07-02 01:19:59,255 INFO chronaris.pipelines.stage_i.public.deep_baseline_runtime: deep_train batch dataset=uab_workload_dataset model=chronaris_public_fusion track=objective group=n_back seed=42 fold=001/002 epoch=004/005 batch=100/205 loss=1.094786 elapsed_s=9.9 status=running
2026-07-02 01:19:59,521 INFO chronaris.pipelines.stage_i.public.deep_baseline_runtime: deep_train batch dataset=uab_workload_dataset model=chronaris_public_fusion track=objective group=n_back seed=42 fold=001/002 epoch=004/005 batch=120/205 loss=1.087704 elapsed_s=10.1 status=running
2026-07-02 01:19:59,783 INFO chronaris.pipelines.stage_i.public.deep_baseline_runtime: deep_train batch dataset=uab_workload_dataset model=chronaris_public_fusion track=objective group=n_back seed=42 fold=001/002 epoch=004/005 batch=140/205 loss=1.096637 elapsed_s=10.4 status=running
2026-07-02 01:20:00,042 INFO chronaris.pipelines.stage_i.public.deep_baseline_runtime: deep_train batch dataset=uab_workload_dataset model=chronaris_public_fusion track=objective group=n_back seed=42 fold=001/002 epoch=004/005 batch=160/205 loss=1.099088 elapsed_s=10.7 status=running
2026-07-02 01:20:00,317 INFO chronaris.pipelines.stage_i.public.deep_baseline_runtime: deep_train batch dataset=uab_workload_dataset model=chronaris_public_fusion track=objective group=n_back seed=42 fold=001/002 epoch=004/005 batch=180/205 loss=1.085299 elapsed_s=10.9 status=running
2026-07-02 01:20:00,584 INFO chronaris.pipelines.stage_i.public.deep_baseline_runtime: deep_train batch dataset=uab_workload_dataset model=chronaris_public_fusion track=objective group=n_back seed=42 fold=001/002 epoch=004/005 batch=200/205 loss=1.091482 elapsed_s=11.2 status=running
2026-07-02 01:20:00,652 INFO chronaris.pipelines.stage_i.public.deep_baseline_runtime: deep_train batch dataset=uab_workload_dataset model=chronaris_public_fusion track=objective group=n_back seed=42 fold=001/002 epoch=004/005 batch=205/205 loss=1.085428 elapsed_s=11.3 status=running
2026-07-02 01:20:00,654 INFO chronaris.pipelines.stage_i.public.deep_baseline_runtime: deep_train epoch_done dataset=uab_workload_dataset model=chronaris_public_fusion track=objective group=n_back seed=42 fold=001/002 epoch=004/005 train_loss=1.095930 elapsed_s=2.7
2026-07-02 01:20:00,690 INFO chronaris.pipelines.stage_i.public.deep_baseline_runtime: deep_train epoch_start dataset=uab_workload_dataset model=chronaris_public_fusion track=objective group=n_back seed=42 fold=001/002 epoch=005/005 batch_count=205
2026-07-02 01:20:00,710 INFO chronaris.pipelines.stage_i.public.deep_baseline_runtime: deep_train batch dataset=uab_workload_dataset model=chronaris_public_fusion track=objective group=n_back seed=42 fold=001/002 epoch=005/005 batch=001/205 loss=1.089161 elapsed_s=11.3 status=running
2026-07-02 01:20:00,967 INFO chronaris.pipelines.stage_i.public.deep_baseline_runtime: deep_train batch dataset=uab_workload_dataset model=chronaris_public_fusion track=objective group=n_back seed=42 fold=001/002 epoch=005/005 batch=020/205 loss=1.064845 elapsed_s=11.6 status=running
2026-07-02 01:20:01,240 INFO chronaris.pipelines.stage_i.public.deep_baseline_runtime: deep_train batch dataset=uab_workload_dataset model=chronaris_public_fusion track=objective group=n_back seed=42 fold=001/002 epoch=005/005 batch=040/205 loss=1.105742 elapsed_s=11.9 status=running
2026-07-02 01:20:01,502 INFO chronaris.pipelines.stage_i.public.deep_baseline_runtime: deep_train batch dataset=uab_workload_dataset model=chronaris_public_fusion track=objective group=n_back seed=42 fold=001/002 epoch=005/005 batch=060/205 loss=1.079868 elapsed_s=12.1 status=running
2026-07-02 01:20:01,765 INFO chronaris.pipelines.stage_i.public.deep_baseline_runtime: deep_train batch dataset=uab_workload_dataset model=chronaris_public_fusion track=objective group=n_back seed=42 fold=001/002 epoch=005/005 batch=080/205 loss=1.070847 elapsed_s=12.4 status=running
2026-07-02 01:20:02,031 INFO chronaris.pipelines.stage_i.public.deep_baseline_runtime: deep_train batch dataset=uab_workload_dataset model=chronaris_public_fusion track=objective group=n_back seed=42 fold=001/002 epoch=005/005 batch=100/205 loss=1.098815 elapsed_s=12.6 status=running
2026-07-02 01:20:02,297 INFO chronaris.pipelines.stage_i.public.deep_baseline_runtime: deep_train batch dataset=uab_workload_dataset model=chronaris_public_fusion track=objective group=n_back seed=42 fold=001/002 epoch=005/005 batch=120/205 loss=1.090079 elapsed_s=12.9 status=running
2026-07-02 01:20:02,562 INFO chronaris.pipelines.stage_i.public.deep_baseline_runtime: deep_train batch dataset=uab_workload_dataset model=chronaris_public_fusion track=objective group=n_back seed=42 fold=001/002 epoch=005/005 batch=140/205 loss=1.078139 elapsed_s=13.2 status=running
2026-07-02 01:20:02,833 INFO chronaris.pipelines.stage_i.public.deep_baseline_runtime: deep_train batch dataset=uab_workload_dataset model=chronaris_public_fusion track=objective group=n_back seed=42 fold=001/002 epoch=005/005 batch=160/205 loss=1.092516 elapsed_s=13.5 status=running
2026-07-02 01:20:03,109 INFO chronaris.pipelines.stage_i.public.deep_baseline_runtime: deep_train batch dataset=uab_workload_dataset model=chronaris_public_fusion track=objective group=n_back seed=42 fold=001/002 epoch=005/005 batch=180/205 loss=1.066641 elapsed_s=13.7 status=running
2026-07-02 01:20:03,376 INFO chronaris.pipelines.stage_i.public.deep_baseline_runtime: deep_train batch dataset=uab_workload_dataset model=chronaris_public_fusion track=objective group=n_back seed=42 fold=001/002 epoch=005/005 batch=200/205 loss=1.084707 elapsed_s=14.0 status=running
2026-07-02 01:20:03,444 INFO chronaris.pipelines.stage_i.public.deep_baseline_runtime: deep_train batch dataset=uab_workload_dataset model=chronaris_public_fusion track=objective group=n_back seed=42 fold=001/002 epoch=005/005 batch=205/205 loss=1.082022 elapsed_s=14.1 status=running
2026-07-02 01:20:03,446 INFO chronaris.pipelines.stage_i.public.deep_baseline_runtime: deep_train epoch_done dataset=uab_workload_dataset model=chronaris_public_fusion track=objective group=n_back seed=42 fold=001/002 epoch=005/005 train_loss=1.089928 elapsed_s=2.8
2026-07-02 01:20:03,481 INFO chronaris.pipelines.stage_i.public.deep_baseline_runtime: deep_train fold_done dataset=uab_workload_dataset model=chronaris_public_fusion track=objective group=n_back seed=42 fold=001/002 elapsed_s=14.1
2026-07-02 01:20:07,224 INFO chronaris.pipelines.stage_i.public.deep_baseline_runtime: deep_train fold_start dataset=uab_workload_dataset model=chronaris_public_fusion track=objective group=n_back seed=42 fold=002/002 split_group=subject_02 task=classification train_count=26176 epochs=5 batch_size=128
2026-07-02 01:20:07,226 INFO chronaris.pipelines.stage_i.public.deep_baseline_runtime: deep_train epoch_start dataset=uab_workload_dataset model=chronaris_public_fusion track=objective group=n_back seed=42 fold=002/002 epoch=001/005 batch_count=205
2026-07-02 01:20:07,247 INFO chronaris.pipelines.stage_i.public.deep_baseline_runtime: deep_train batch dataset=uab_workload_dataset model=chronaris_public_fusion track=objective group=n_back seed=42 fold=002/002 epoch=001/005 batch=001/205 loss=1.113539 elapsed_s=0.0 status=running
2026-07-02 01:20:07,508 INFO chronaris.pipelines.stage_i.public.deep_baseline_runtime: deep_train batch dataset=uab_workload_dataset model=chronaris_public_fusion track=objective group=n_back seed=42 fold=002/002 epoch=001/005 batch=020/205 loss=1.089932 elapsed_s=0.3 status=running
2026-07-02 01:20:07,769 INFO chronaris.pipelines.stage_i.public.deep_baseline_runtime: deep_train batch dataset=uab_workload_dataset model=chronaris_public_fusion track=objective group=n_back seed=42 fold=002/002 epoch=001/005 batch=040/205 loss=1.090199 elapsed_s=0.5 status=running
2026-07-02 01:20:08,032 INFO chronaris.pipelines.stage_i.public.deep_baseline_runtime: deep_train batch dataset=uab_workload_dataset model=chronaris_public_fusion track=objective group=n_back seed=42 fold=002/002 epoch=001/005 batch=060/205 loss=1.117282 elapsed_s=0.8 status=running
2026-07-02 01:20:08,298 INFO chronaris.pipelines.stage_i.public.deep_baseline_runtime: deep_train batch dataset=uab_workload_dataset model=chronaris_public_fusion track=objective group=n_back seed=42 fold=002/002 epoch=001/005 batch=080/205 loss=1.109328 elapsed_s=1.1 status=running
2026-07-02 01:20:08,563 INFO chronaris.pipelines.stage_i.public.deep_baseline_runtime: deep_train batch dataset=uab_workload_dataset model=chronaris_public_fusion track=objective group=n_back seed=42 fold=002/002 epoch=001/005 batch=100/205 loss=1.086800 elapsed_s=1.3 status=running
2026-07-02 01:20:08,824 INFO chronaris.pipelines.stage_i.public.deep_baseline_runtime: deep_train batch dataset=uab_workload_dataset model=chronaris_public_fusion track=objective group=n_back seed=42 fold=002/002 epoch=001/005 batch=120/205 loss=1.096347 elapsed_s=1.6 status=running
2026-07-02 01:20:09,093 INFO chronaris.pipelines.stage_i.public.deep_baseline_runtime: deep_train batch dataset=uab_workload_dataset model=chronaris_public_fusion track=objective group=n_back seed=42 fold=002/002 epoch=001/005 batch=140/205 loss=1.102482 elapsed_s=1.9 status=running
2026-07-02 01:20:09,363 INFO chronaris.pipelines.stage_i.public.deep_baseline_runtime: deep_train batch dataset=uab_workload_dataset model=chronaris_public_fusion track=objective group=n_back seed=42 fold=002/002 epoch=001/005 batch=160/205 loss=1.105788 elapsed_s=2.1 status=running
2026-07-02 01:20:09,630 INFO chronaris.pipelines.stage_i.public.deep_baseline_runtime: deep_train batch dataset=uab_workload_dataset model=chronaris_public_fusion track=objective group=n_back seed=42 fold=002/002 epoch=001/005 batch=180/205 loss=1.098255 elapsed_s=2.4 status=running
2026-07-02 01:20:09,896 INFO chronaris.pipelines.stage_i.public.deep_baseline_runtime: deep_train batch dataset=uab_workload_dataset model=chronaris_public_fusion track=objective group=n_back seed=42 fold=002/002 epoch=001/005 batch=200/205 loss=1.097154 elapsed_s=2.7 status=running
2026-07-02 01:20:09,962 INFO chronaris.pipelines.stage_i.public.deep_baseline_runtime: deep_train batch dataset=uab_workload_dataset model=chronaris_public_fusion track=objective group=n_back seed=42 fold=002/002 epoch=001/005 batch=205/205 loss=1.098621 elapsed_s=2.7 status=running
2026-07-02 01:20:09,964 INFO chronaris.pipelines.stage_i.public.deep_baseline_runtime: deep_train epoch_done dataset=uab_workload_dataset model=chronaris_public_fusion track=objective group=n_back seed=42 fold=002/002 epoch=001/005 train_loss=1.100750 elapsed_s=2.7
2026-07-02 01:20:09,998 INFO chronaris.pipelines.stage_i.public.deep_baseline_runtime: deep_train epoch_start dataset=uab_workload_dataset model=chronaris_public_fusion track=objective group=n_back seed=42 fold=002/002 epoch=002/005 batch_count=205
2026-07-02 01:20:10,015 INFO chronaris.pipelines.stage_i.public.deep_baseline_runtime: deep_train batch dataset=uab_workload_dataset model=chronaris_public_fusion track=objective group=n_back seed=42 fold=002/002 epoch=002/005 batch=001/205 loss=1.088003 elapsed_s=2.8 status=running
2026-07-02 01:20:10,273 INFO chronaris.pipelines.stage_i.public.deep_baseline_runtime: deep_train batch dataset=uab_workload_dataset model=chronaris_public_fusion track=objective group=n_back seed=42 fold=002/002 epoch=002/005 batch=020/205 loss=1.104226 elapsed_s=3.0 status=running
2026-07-02 01:20:10,542 INFO chronaris.pipelines.stage_i.public.deep_baseline_runtime: deep_train batch dataset=uab_workload_dataset model=chronaris_public_fusion track=objective group=n_back seed=42 fold=002/002 epoch=002/005 batch=040/205 loss=1.101019 elapsed_s=3.3 status=running
2026-07-02 01:20:10,807 INFO chronaris.pipelines.stage_i.public.deep_baseline_runtime: deep_train batch dataset=uab_workload_dataset model=chronaris_public_fusion track=objective group=n_back seed=42 fold=002/002 epoch=002/005 batch=060/205 loss=1.094586 elapsed_s=3.6 status=running
2026-07-02 01:20:11,072 INFO chronaris.pipelines.stage_i.public.deep_baseline_runtime: deep_train batch dataset=uab_workload_dataset model=chronaris_public_fusion track=objective group=n_back seed=42 fold=002/002 epoch=002/005 batch=080/205 loss=1.096686 elapsed_s=3.8 status=running
2026-07-02 01:20:11,338 INFO chronaris.pipelines.stage_i.public.deep_baseline_runtime: deep_train batch dataset=uab_workload_dataset model=chronaris_public_fusion track=objective group=n_back seed=42 fold=002/002 epoch=002/005 batch=100/205 loss=1.089641 elapsed_s=4.1 status=running
2026-07-02 01:20:11,610 INFO chronaris.pipelines.stage_i.public.deep_baseline_runtime: deep_train batch dataset=uab_workload_dataset model=chronaris_public_fusion track=objective group=n_back seed=42 fold=002/002 epoch=002/005 batch=120/205 loss=1.093998 elapsed_s=4.4 status=running
2026-07-02 01:20:11,880 INFO chronaris.pipelines.stage_i.public.deep_baseline_runtime: deep_train batch dataset=uab_workload_dataset model=chronaris_public_fusion track=objective group=n_back seed=42 fold=002/002 epoch=002/005 batch=140/205 loss=1.110847 elapsed_s=4.7 status=running
2026-07-02 01:20:12,147 INFO chronaris.pipelines.stage_i.public.deep_baseline_runtime: deep_train batch dataset=uab_workload_dataset model=chronaris_public_fusion track=objective group=n_back seed=42 fold=002/002 epoch=002/005 batch=160/205 loss=1.095096 elapsed_s=4.9 status=running
2026-07-02 01:20:12,416 INFO chronaris.pipelines.stage_i.public.deep_baseline_runtime: deep_train batch dataset=uab_workload_dataset model=chronaris_public_fusion track=objective group=n_back seed=42 fold=002/002 epoch=002/005 batch=180/205 loss=1.099460 elapsed_s=5.2 status=running
2026-07-02 01:20:12,682 INFO chronaris.pipelines.stage_i.public.deep_baseline_runtime: deep_train batch dataset=uab_workload_dataset model=chronaris_public_fusion track=objective group=n_back seed=42 fold=002/002 epoch=002/005 batch=200/205 loss=1.098024 elapsed_s=5.5 status=running
2026-07-02 01:20:12,749 INFO chronaris.pipelines.stage_i.public.deep_baseline_runtime: deep_train batch dataset=uab_workload_dataset model=chronaris_public_fusion track=objective group=n_back seed=42 fold=002/002 epoch=002/005 batch=205/205 loss=1.080230 elapsed_s=5.5 status=running
2026-07-02 01:20:12,752 INFO chronaris.pipelines.stage_i.public.deep_baseline_runtime: deep_train epoch_done dataset=uab_workload_dataset model=chronaris_public_fusion track=objective group=n_back seed=42 fold=002/002 epoch=002/005 train_loss=1.097759 elapsed_s=2.8
2026-07-02 01:20:12,787 INFO chronaris.pipelines.stage_i.public.deep_baseline_runtime: deep_train epoch_start dataset=uab_workload_dataset model=chronaris_public_fusion track=objective group=n_back seed=42 fold=002/002 epoch=003/005 batch_count=205
2026-07-02 01:20:12,808 INFO chronaris.pipelines.stage_i.public.deep_baseline_runtime: deep_train batch dataset=uab_workload_dataset model=chronaris_public_fusion track=objective group=n_back seed=42 fold=002/002 epoch=003/005 batch=001/205 loss=1.101484 elapsed_s=5.6 status=running
2026-07-02 01:20:13,060 INFO chronaris.pipelines.stage_i.public.deep_baseline_runtime: deep_train batch dataset=uab_workload_dataset model=chronaris_public_fusion track=objective group=n_back seed=42 fold=002/002 epoch=003/005 batch=020/205 loss=1.105435 elapsed_s=5.8 status=running
2026-07-02 01:20:13,346 INFO chronaris.pipelines.stage_i.public.deep_baseline_runtime: deep_train batch dataset=uab_workload_dataset model=chronaris_public_fusion track=objective group=n_back seed=42 fold=002/002 epoch=003/005 batch=040/205 loss=1.107156 elapsed_s=6.1 status=running
2026-07-02 01:20:13,620 INFO chronaris.pipelines.stage_i.public.deep_baseline_runtime: deep_train batch dataset=uab_workload_dataset model=chronaris_public_fusion track=objective group=n_back seed=42 fold=002/002 epoch=003/005 batch=060/205 loss=1.093741 elapsed_s=6.4 status=running
2026-07-02 01:20:13,887 INFO chronaris.pipelines.stage_i.public.deep_baseline_runtime: deep_train batch dataset=uab_workload_dataset model=chronaris_public_fusion track=objective group=n_back seed=42 fold=002/002 epoch=003/005 batch=080/205 loss=1.089901 elapsed_s=6.7 status=running
2026-07-02 01:20:14,153 INFO chronaris.pipelines.stage_i.public.deep_baseline_runtime: deep_train batch dataset=uab_workload_dataset model=chronaris_public_fusion track=objective group=n_back seed=42 fold=002/002 epoch=003/005 batch=100/205 loss=1.099317 elapsed_s=6.9 status=running
2026-07-02 01:20:14,419 INFO chronaris.pipelines.stage_i.public.deep_baseline_runtime: deep_train batch dataset=uab_workload_dataset model=chronaris_public_fusion track=objective group=n_back seed=42 fold=002/002 epoch=003/005 batch=120/205 loss=1.091555 elapsed_s=7.2 status=running
2026-07-02 01:20:14,690 INFO chronaris.pipelines.stage_i.public.deep_baseline_runtime: deep_train batch dataset=uab_workload_dataset model=chronaris_public_fusion track=objective group=n_back seed=42 fold=002/002 epoch=003/005 batch=140/205 loss=1.090910 elapsed_s=7.5 status=running
2026-07-02 01:20:14,955 INFO chronaris.pipelines.stage_i.public.deep_baseline_runtime: deep_train batch dataset=uab_workload_dataset model=chronaris_public_fusion track=objective group=n_back seed=42 fold=002/002 epoch=003/005 batch=160/205 loss=1.093980 elapsed_s=7.7 status=running
2026-07-02 01:20:16,242 INFO chronaris.pipelines.stage_i.public.deep_baseline_runtime: deep_train batch dataset=uab_workload_dataset model=chronaris_public_fusion track=objective group=n_back seed=42 fold=002/002 epoch=003/005 batch=180/205 loss=1.095297 elapsed_s=8.0 status=running
2026-07-02 01:20:18,536 INFO chronaris.pipelines.stage_i.public.deep_baseline_runtime: deep_train batch dataset=uab_workload_dataset model=chronaris_public_fusion track=objective group=n_back seed=42 fold=002/002 epoch=003/005 batch=200/205 loss=1.098059 elapsed_s=8.3 status=running
2026-07-02 01:20:18,619 INFO chronaris.pipelines.stage_i.public.deep_baseline_runtime: deep_train batch dataset=uab_workload_dataset model=chronaris_public_fusion track=objective group=n_back seed=42 fold=002/002 epoch=003/005 batch=205/205 loss=1.088791 elapsed_s=8.4 status=running
2026-07-02 01:20:18,622 INFO chronaris.pipelines.stage_i.public.deep_baseline_runtime: deep_train epoch_done dataset=uab_workload_dataset model=chronaris_public_fusion track=objective group=n_back seed=42 fold=002/002 epoch=003/005 train_loss=1.097763 elapsed_s=2.8
2026-07-02 01:20:18,664 INFO chronaris.pipelines.stage_i.public.deep_baseline_runtime: deep_train epoch_start dataset=uab_workload_dataset model=chronaris_public_fusion track=objective group=n_back seed=42 fold=002/002 epoch=004/005 batch_count=205
2026-07-02 01:20:18,694 INFO chronaris.pipelines.stage_i.public.deep_baseline_runtime: deep_train batch dataset=uab_workload_dataset model=chronaris_public_fusion track=objective group=n_back seed=42 fold=002/002 epoch=004/005 batch=001/205 loss=1.098395 elapsed_s=8.4 status=running
2026-07-02 01:20:18,950 INFO chronaris.pipelines.stage_i.public.deep_baseline_runtime: deep_train batch dataset=uab_workload_dataset model=chronaris_public_fusion track=objective group=n_back seed=42 fold=002/002 epoch=004/005 batch=020/205 loss=1.093107 elapsed_s=8.7 status=running
2026-07-02 01:20:19,223 INFO chronaris.pipelines.stage_i.public.deep_baseline_runtime: deep_train batch dataset=uab_workload_dataset model=chronaris_public_fusion track=objective group=n_back seed=42 fold=002/002 epoch=004/005 batch=040/205 loss=1.089911 elapsed_s=9.0 status=running
2026-07-02 01:20:19,490 INFO chronaris.pipelines.stage_i.public.deep_baseline_runtime: deep_train batch dataset=uab_workload_dataset model=chronaris_public_fusion track=objective group=n_back seed=42 fold=002/002 epoch=004/005 batch=060/205 loss=1.098236 elapsed_s=9.2 status=running
2026-07-02 01:20:19,763 INFO chronaris.pipelines.stage_i.public.deep_baseline_runtime: deep_train batch dataset=uab_workload_dataset model=chronaris_public_fusion track=objective group=n_back seed=42 fold=002/002 epoch=004/005 batch=080/205 loss=1.102057 elapsed_s=9.5 status=running
2026-07-02 01:20:20,033 INFO chronaris.pipelines.stage_i.public.deep_baseline_runtime: deep_train batch dataset=uab_workload_dataset model=chronaris_public_fusion track=objective group=n_back seed=42 fold=002/002 epoch=004/005 batch=100/205 loss=1.099897 elapsed_s=9.8 status=running
2026-07-02 01:20:20,310 INFO chronaris.pipelines.stage_i.public.deep_baseline_runtime: deep_train batch dataset=uab_workload_dataset model=chronaris_public_fusion track=objective group=n_back seed=42 fold=002/002 epoch=004/005 batch=120/205 loss=1.091234 elapsed_s=10.0 status=running
2026-07-02 01:20:20,604 INFO chronaris.pipelines.stage_i.public.deep_baseline_runtime: deep_train batch dataset=uab_workload_dataset model=chronaris_public_fusion track=objective group=n_back seed=42 fold=002/002 epoch=004/005 batch=140/205 loss=1.095485 elapsed_s=10.3 status=running
2026-07-02 01:20:20,880 INFO chronaris.pipelines.stage_i.public.deep_baseline_runtime: deep_train batch dataset=uab_workload_dataset model=chronaris_public_fusion track=objective group=n_back seed=42 fold=002/002 epoch=004/005 batch=160/205 loss=1.088153 elapsed_s=10.6 status=running
2026-07-02 01:20:21,155 INFO chronaris.pipelines.stage_i.public.deep_baseline_runtime: deep_train batch dataset=uab_workload_dataset model=chronaris_public_fusion track=objective group=n_back seed=42 fold=002/002 epoch=004/005 batch=180/205 loss=1.102516 elapsed_s=10.9 status=running
2026-07-02 01:20:21,427 INFO chronaris.pipelines.stage_i.public.deep_baseline_runtime: deep_train batch dataset=uab_workload_dataset model=chronaris_public_fusion track=objective group=n_back seed=42 fold=002/002 epoch=004/005 batch=200/205 loss=1.101201 elapsed_s=11.2 status=running
2026-07-02 01:20:21,500 INFO chronaris.pipelines.stage_i.public.deep_baseline_runtime: deep_train batch dataset=uab_workload_dataset model=chronaris_public_fusion track=objective group=n_back seed=42 fold=002/002 epoch=004/005 batch=205/205 loss=1.101364 elapsed_s=11.2 status=running
2026-07-02 01:20:21,503 INFO chronaris.pipelines.stage_i.public.deep_baseline_runtime: deep_train epoch_done dataset=uab_workload_dataset model=chronaris_public_fusion track=objective group=n_back seed=42 fold=002/002 epoch=004/005 train_loss=1.097336 elapsed_s=2.8
2026-07-02 01:20:21,540 INFO chronaris.pipelines.stage_i.public.deep_baseline_runtime: deep_train epoch_start dataset=uab_workload_dataset model=chronaris_public_fusion track=objective group=n_back seed=42 fold=002/002 epoch=005/005 batch_count=205
2026-07-02 01:20:21,622 INFO chronaris.pipelines.stage_i.public.deep_baseline_runtime: deep_train batch dataset=uab_workload_dataset model=chronaris_public_fusion track=objective group=n_back seed=42 fold=002/002 epoch=005/005 batch=001/205 loss=1.089214 elapsed_s=11.4 status=running
2026-07-02 01:20:21,902 INFO chronaris.pipelines.stage_i.public.deep_baseline_runtime: deep_train batch dataset=uab_workload_dataset model=chronaris_public_fusion track=objective group=n_back seed=42 fold=002/002 epoch=005/005 batch=020/205 loss=1.091587 elapsed_s=11.6 status=running
2026-07-02 01:20:22,169 INFO chronaris.pipelines.stage_i.public.deep_baseline_runtime: deep_train batch dataset=uab_workload_dataset model=chronaris_public_fusion track=objective group=n_back seed=42 fold=002/002 epoch=005/005 batch=040/205 loss=1.103240 elapsed_s=11.9 status=running
2026-07-02 01:20:22,439 INFO chronaris.pipelines.stage_i.public.deep_baseline_runtime: deep_train batch dataset=uab_workload_dataset model=chronaris_public_fusion track=objective group=n_back seed=42 fold=002/002 epoch=005/005 batch=060/205 loss=1.091118 elapsed_s=12.2 status=running
2026-07-02 01:20:22,716 INFO chronaris.pipelines.stage_i.public.deep_baseline_runtime: deep_train batch dataset=uab_workload_dataset model=chronaris_public_fusion track=objective group=n_back seed=42 fold=002/002 epoch=005/005 batch=080/205 loss=1.099224 elapsed_s=12.5 status=running
2026-07-02 01:20:22,989 INFO chronaris.pipelines.stage_i.public.deep_baseline_runtime: deep_train batch dataset=uab_workload_dataset model=chronaris_public_fusion track=objective group=n_back seed=42 fold=002/002 epoch=005/005 batch=100/205 loss=1.102727 elapsed_s=12.7 status=running
2026-07-02 01:20:23,263 INFO chronaris.pipelines.stage_i.public.deep_baseline_runtime: deep_train batch dataset=uab_workload_dataset model=chronaris_public_fusion track=objective group=n_back seed=42 fold=002/002 epoch=005/005 batch=120/205 loss=1.098943 elapsed_s=13.0 status=running
2026-07-02 01:20:23,536 INFO chronaris.pipelines.stage_i.public.deep_baseline_runtime: deep_train batch dataset=uab_workload_dataset model=chronaris_public_fusion track=objective group=n_back seed=42 fold=002/002 epoch=005/005 batch=140/205 loss=1.087539 elapsed_s=13.3 status=running
2026-07-02 01:20:23,802 INFO chronaris.pipelines.stage_i.public.deep_baseline_runtime: deep_train batch dataset=uab_workload_dataset model=chronaris_public_fusion track=objective group=n_back seed=42 fold=002/002 epoch=005/005 batch=160/205 loss=1.097430 elapsed_s=13.5 status=running
2026-07-02 01:20:24,067 INFO chronaris.pipelines.stage_i.public.deep_baseline_runtime: deep_train batch dataset=uab_workload_dataset model=chronaris_public_fusion track=objective group=n_back seed=42 fold=002/002 epoch=005/005 batch=180/205 loss=1.096430 elapsed_s=13.8 status=running
2026-07-02 01:20:24,336 INFO chronaris.pipelines.stage_i.public.deep_baseline_runtime: deep_train batch dataset=uab_workload_dataset model=chronaris_public_fusion track=objective group=n_back seed=42 fold=002/002 epoch=005/005 batch=200/205 loss=1.080866 elapsed_s=14.1 status=running
2026-07-02 01:20:24,404 INFO chronaris.pipelines.stage_i.public.deep_baseline_runtime: deep_train batch dataset=uab_workload_dataset model=chronaris_public_fusion track=objective group=n_back seed=42 fold=002/002 epoch=005/005 batch=205/205 loss=1.112313 elapsed_s=14.1 status=running
2026-07-02 01:20:24,407 INFO chronaris.pipelines.stage_i.public.deep_baseline_runtime: deep_train epoch_done dataset=uab_workload_dataset model=chronaris_public_fusion track=objective group=n_back seed=42 fold=002/002 epoch=005/005 train_loss=1.096763 elapsed_s=2.9
2026-07-02 01:20:24,442 INFO chronaris.pipelines.stage_i.public.deep_baseline_runtime: deep_train fold_done dataset=uab_workload_dataset model=chronaris_public_fusion track=objective group=n_back seed=42 fold=002/002 elapsed_s=14.2
2026-07-02 01:20:27,854 INFO chronaris.pipelines.stage_i.public.deep_baseline_runtime: deep_train fold_start dataset=uab_workload_dataset model=chronaris_public_fusion track=objective group=heat_the_chair seed=42 fold=001/002 split_group=subject_01 task=classification train_count=5116 epochs=5 batch_size=128
2026-07-02 01:20:27,857 INFO chronaris.pipelines.stage_i.public.deep_baseline_runtime: deep_train epoch_start dataset=uab_workload_dataset model=chronaris_public_fusion track=objective group=heat_the_chair seed=42 fold=001/002 epoch=001/005 batch_count=40
2026-07-02 01:20:27,878 INFO chronaris.pipelines.stage_i.public.deep_baseline_runtime: deep_train batch dataset=uab_workload_dataset model=chronaris_public_fusion track=objective group=heat_the_chair seed=42 fold=001/002 epoch=001/005 batch=001/040 loss=0.697430 elapsed_s=0.0 status=running
2026-07-02 01:20:28,130 INFO chronaris.pipelines.stage_i.public.deep_baseline_runtime: deep_train batch dataset=uab_workload_dataset model=chronaris_public_fusion track=objective group=heat_the_chair seed=42 fold=001/002 epoch=001/005 batch=020/040 loss=0.709094 elapsed_s=0.3 status=running
2026-07-02 01:20:28,392 INFO chronaris.pipelines.stage_i.public.deep_baseline_runtime: deep_train batch dataset=uab_workload_dataset model=chronaris_public_fusion track=objective group=heat_the_chair seed=42 fold=001/002 epoch=001/005 batch=040/040 loss=0.685693 elapsed_s=0.5 status=running
2026-07-02 01:20:28,395 INFO chronaris.pipelines.stage_i.public.deep_baseline_runtime: deep_train epoch_done dataset=uab_workload_dataset model=chronaris_public_fusion track=objective group=heat_the_chair seed=42 fold=001/002 epoch=001/005 train_loss=0.689350 elapsed_s=0.5
2026-07-02 01:20:28,431 INFO chronaris.pipelines.stage_i.public.deep_baseline_runtime: deep_train epoch_start dataset=uab_workload_dataset model=chronaris_public_fusion track=objective group=heat_the_chair seed=42 fold=001/002 epoch=002/005 batch_count=40
2026-07-02 01:20:28,447 INFO chronaris.pipelines.stage_i.public.deep_baseline_runtime: deep_train batch dataset=uab_workload_dataset model=chronaris_public_fusion track=objective group=heat_the_chair seed=42 fold=001/002 epoch=002/005 batch=001/040 loss=0.676795 elapsed_s=0.6 status=running
2026-07-02 01:20:28,708 INFO chronaris.pipelines.stage_i.public.deep_baseline_runtime: deep_train batch dataset=uab_workload_dataset model=chronaris_public_fusion track=objective group=heat_the_chair seed=42 fold=001/002 epoch=002/005 batch=020/040 loss=0.691582 elapsed_s=0.9 status=running
2026-07-02 01:20:28,974 INFO chronaris.pipelines.stage_i.public.deep_baseline_runtime: deep_train batch dataset=uab_workload_dataset model=chronaris_public_fusion track=objective group=heat_the_chair seed=42 fold=001/002 epoch=002/005 batch=040/040 loss=0.674049 elapsed_s=1.1 status=running
2026-07-02 01:20:28,978 INFO chronaris.pipelines.stage_i.public.deep_baseline_runtime: deep_train epoch_done dataset=uab_workload_dataset model=chronaris_public_fusion track=objective group=heat_the_chair seed=42 fold=001/002 epoch=002/005 train_loss=0.686900 elapsed_s=0.5
2026-07-02 01:20:29,012 INFO chronaris.pipelines.stage_i.public.deep_baseline_runtime: deep_train epoch_start dataset=uab_workload_dataset model=chronaris_public_fusion track=objective group=heat_the_chair seed=42 fold=001/002 epoch=003/005 batch_count=40
2026-07-02 01:20:29,041 INFO chronaris.pipelines.stage_i.public.deep_baseline_runtime: deep_train batch dataset=uab_workload_dataset model=chronaris_public_fusion track=objective group=heat_the_chair seed=42 fold=001/002 epoch=003/005 batch=001/040 loss=0.683904 elapsed_s=1.2 status=running
2026-07-02 01:20:29,299 INFO chronaris.pipelines.stage_i.public.deep_baseline_runtime: deep_train batch dataset=uab_workload_dataset model=chronaris_public_fusion track=objective group=heat_the_chair seed=42 fold=001/002 epoch=003/005 batch=020/040 loss=0.667938 elapsed_s=1.4 status=running
2026-07-02 01:20:29,575 INFO chronaris.pipelines.stage_i.public.deep_baseline_runtime: deep_train batch dataset=uab_workload_dataset model=chronaris_public_fusion track=objective group=heat_the_chair seed=42 fold=001/002 epoch=003/005 batch=040/040 loss=0.702673 elapsed_s=1.7 status=running
2026-07-02 01:20:29,578 INFO chronaris.pipelines.stage_i.public.deep_baseline_runtime: deep_train epoch_done dataset=uab_workload_dataset model=chronaris_public_fusion track=objective group=heat_the_chair seed=42 fold=001/002 epoch=003/005 train_loss=0.684132 elapsed_s=0.6
2026-07-02 01:20:29,615 INFO chronaris.pipelines.stage_i.public.deep_baseline_runtime: deep_train epoch_start dataset=uab_workload_dataset model=chronaris_public_fusion track=objective group=heat_the_chair seed=42 fold=001/002 epoch=004/005 batch_count=40
2026-07-02 01:20:29,645 INFO chronaris.pipelines.stage_i.public.deep_baseline_runtime: deep_train batch dataset=uab_workload_dataset model=chronaris_public_fusion track=objective group=heat_the_chair seed=42 fold=001/002 epoch=004/005 batch=001/040 loss=0.673049 elapsed_s=1.8 status=running
2026-07-02 01:20:29,939 INFO chronaris.pipelines.stage_i.public.deep_baseline_runtime: deep_train batch dataset=uab_workload_dataset model=chronaris_public_fusion track=objective group=heat_the_chair seed=42 fold=001/002 epoch=004/005 batch=020/040 loss=0.687406 elapsed_s=2.1 status=running
2026-07-02 01:20:30,208 INFO chronaris.pipelines.stage_i.public.deep_baseline_runtime: deep_train batch dataset=uab_workload_dataset model=chronaris_public_fusion track=objective group=heat_the_chair seed=42 fold=001/002 epoch=004/005 batch=040/040 loss=0.704299 elapsed_s=2.4 status=running
2026-07-02 01:20:30,211 INFO chronaris.pipelines.stage_i.public.deep_baseline_runtime: deep_train epoch_done dataset=uab_workload_dataset model=chronaris_public_fusion track=objective group=heat_the_chair seed=42 fold=001/002 epoch=004/005 train_loss=0.686093 elapsed_s=0.6
2026-07-02 01:20:30,245 INFO chronaris.pipelines.stage_i.public.deep_baseline_runtime: deep_train epoch_start dataset=uab_workload_dataset model=chronaris_public_fusion track=objective group=heat_the_chair seed=42 fold=001/002 epoch=005/005 batch_count=40
2026-07-02 01:20:30,328 INFO chronaris.pipelines.stage_i.public.deep_baseline_runtime: deep_train batch dataset=uab_workload_dataset model=chronaris_public_fusion track=objective group=heat_the_chair seed=42 fold=001/002 epoch=005/005 batch=001/040 loss=0.682169 elapsed_s=2.5 status=running
2026-07-02 01:20:30,577 INFO chronaris.pipelines.stage_i.public.deep_baseline_runtime: deep_train batch dataset=uab_workload_dataset model=chronaris_public_fusion track=objective group=heat_the_chair seed=42 fold=001/002 epoch=005/005 batch=020/040 loss=0.676609 elapsed_s=2.7 status=running
2026-07-02 01:20:30,845 INFO chronaris.pipelines.stage_i.public.deep_baseline_runtime: deep_train batch dataset=uab_workload_dataset model=chronaris_public_fusion track=objective group=heat_the_chair seed=42 fold=001/002 epoch=005/005 batch=040/040 loss=0.692820 elapsed_s=3.0 status=running
2026-07-02 01:20:30,849 INFO chronaris.pipelines.stage_i.public.deep_baseline_runtime: deep_train epoch_done dataset=uab_workload_dataset model=chronaris_public_fusion track=objective group=heat_the_chair seed=42 fold=001/002 epoch=005/005 train_loss=0.684261 elapsed_s=0.6
2026-07-02 01:20:30,885 INFO chronaris.pipelines.stage_i.public.deep_baseline_runtime: deep_train fold_done dataset=uab_workload_dataset model=chronaris_public_fusion track=objective group=heat_the_chair seed=42 fold=001/002 elapsed_s=3.0
2026-07-02 01:20:32,480 INFO chronaris.pipelines.stage_i.public.deep_baseline_runtime: deep_train fold_start dataset=uab_workload_dataset model=chronaris_public_fusion track=objective group=heat_the_chair seed=42 fold=002/002 split_group=subject_02 task=classification train_count=5126 epochs=5 batch_size=128
2026-07-02 01:20:32,484 INFO chronaris.pipelines.stage_i.public.deep_baseline_runtime: deep_train epoch_start dataset=uab_workload_dataset model=chronaris_public_fusion track=objective group=heat_the_chair seed=42 fold=002/002 epoch=001/005 batch_count=41
2026-07-02 01:20:32,508 INFO chronaris.pipelines.stage_i.public.deep_baseline_runtime: deep_train batch dataset=uab_workload_dataset model=chronaris_public_fusion track=objective group=heat_the_chair seed=42 fold=002/002 epoch=001/005 batch=001/041 loss=0.703897 elapsed_s=0.0 status=running
2026-07-02 01:20:32,792 INFO chronaris.pipelines.stage_i.public.deep_baseline_runtime: deep_train batch dataset=uab_workload_dataset model=chronaris_public_fusion track=objective group=heat_the_chair seed=42 fold=002/002 epoch=001/005 batch=020/041 loss=0.730397 elapsed_s=0.3 status=running
2026-07-02 01:20:33,053 INFO chronaris.pipelines.stage_i.public.deep_baseline_runtime: deep_train batch dataset=uab_workload_dataset model=chronaris_public_fusion track=objective group=heat_the_chair seed=42 fold=002/002 epoch=001/005 batch=040/041 loss=0.685966 elapsed_s=0.6 status=running
2026-07-02 01:20:33,070 INFO chronaris.pipelines.stage_i.public.deep_baseline_runtime: deep_train batch dataset=uab_workload_dataset model=chronaris_public_fusion track=objective group=heat_the_chair seed=42 fold=002/002 epoch=001/005 batch=041/041 loss=0.648840 elapsed_s=0.6 status=running
2026-07-02 01:20:33,074 INFO chronaris.pipelines.stage_i.public.deep_baseline_runtime: deep_train epoch_done dataset=uab_workload_dataset model=chronaris_public_fusion track=objective group=heat_the_chair seed=42 fold=002/002 epoch=001/005 train_loss=0.692830 elapsed_s=0.6
2026-07-02 01:20:33,107 INFO chronaris.pipelines.stage_i.public.deep_baseline_runtime: deep_train epoch_start dataset=uab_workload_dataset model=chronaris_public_fusion track=objective group=heat_the_chair seed=42 fold=002/002 epoch=002/005 batch_count=41
2026-07-02 01:20:33,124 INFO chronaris.pipelines.stage_i.public.deep_baseline_runtime: deep_train batch dataset=uab_workload_dataset model=chronaris_public_fusion track=objective group=heat_the_chair seed=42 fold=002/002 epoch=002/005 batch=001/041 loss=0.684269 elapsed_s=0.6 status=running
2026-07-02 01:20:33,388 INFO chronaris.pipelines.stage_i.public.deep_baseline_runtime: deep_train batch dataset=uab_workload_dataset model=chronaris_public_fusion track=objective group=heat_the_chair seed=42 fold=002/002 epoch=002/005 batch=020/041 loss=0.679726 elapsed_s=0.9 status=running
2026-07-02 01:20:33,662 INFO chronaris.pipelines.stage_i.public.deep_baseline_runtime: deep_train batch dataset=uab_workload_dataset model=chronaris_public_fusion track=objective group=heat_the_chair seed=42 fold=002/002 epoch=002/005 batch=040/041 loss=0.696902 elapsed_s=1.2 status=running
2026-07-02 01:20:33,678 INFO chronaris.pipelines.stage_i.public.deep_baseline_runtime: deep_train batch dataset=uab_workload_dataset model=chronaris_public_fusion track=objective group=heat_the_chair seed=42 fold=002/002 epoch=002/005 batch=041/041 loss=0.631006 elapsed_s=1.2 status=running
2026-07-02 01:20:33,682 INFO chronaris.pipelines.stage_i.public.deep_baseline_runtime: deep_train epoch_done dataset=uab_workload_dataset model=chronaris_public_fusion track=objective group=heat_the_chair seed=42 fold=002/002 epoch=002/005 train_loss=0.684680 elapsed_s=0.6
2026-07-02 01:20:33,719 INFO chronaris.pipelines.stage_i.public.deep_baseline_runtime: deep_train epoch_start dataset=uab_workload_dataset model=chronaris_public_fusion track=objective group=heat_the_chair seed=42 fold=002/002 epoch=003/005 batch_count=41
2026-07-02 01:20:33,738 INFO chronaris.pipelines.stage_i.public.deep_baseline_runtime: deep_train batch dataset=uab_workload_dataset model=chronaris_public_fusion track=objective group=heat_the_chair seed=42 fold=002/002 epoch=003/005 batch=001/041 loss=0.666382 elapsed_s=1.3 status=running
2026-07-02 01:20:33,994 INFO chronaris.pipelines.stage_i.public.deep_baseline_runtime: deep_train batch dataset=uab_workload_dataset model=chronaris_public_fusion track=objective group=heat_the_chair seed=42 fold=002/002 epoch=003/005 batch=020/041 loss=0.652476 elapsed_s=1.5 status=running
2026-07-02 01:20:34,267 INFO chronaris.pipelines.stage_i.public.deep_baseline_runtime: deep_train batch dataset=uab_workload_dataset model=chronaris_public_fusion track=objective group=heat_the_chair seed=42 fold=002/002 epoch=003/005 batch=040/041 loss=0.681093 elapsed_s=1.8 status=running
2026-07-02 01:20:34,284 INFO chronaris.pipelines.stage_i.public.deep_baseline_runtime: deep_train batch dataset=uab_workload_dataset model=chronaris_public_fusion track=objective group=heat_the_chair seed=42 fold=002/002 epoch=003/005 batch=041/041 loss=0.728274 elapsed_s=1.8 status=running
2026-07-02 01:20:34,287 INFO chronaris.pipelines.stage_i.public.deep_baseline_runtime: deep_train epoch_done dataset=uab_workload_dataset model=chronaris_public_fusion track=objective group=heat_the_chair seed=42 fold=002/002 epoch=003/005 train_loss=0.685512 elapsed_s=0.6
2026-07-02 01:20:34,323 INFO chronaris.pipelines.stage_i.public.deep_baseline_runtime: deep_train epoch_start dataset=uab_workload_dataset model=chronaris_public_fusion track=objective group=heat_the_chair seed=42 fold=002/002 epoch=004/005 batch_count=41
2026-07-02 01:20:34,357 INFO chronaris.pipelines.stage_i.public.deep_baseline_runtime: deep_train batch dataset=uab_workload_dataset model=chronaris_public_fusion track=objective group=heat_the_chair seed=42 fold=002/002 epoch=004/005 batch=001/041 loss=0.675122 elapsed_s=1.9 status=running
2026-07-02 01:20:34,605 INFO chronaris.pipelines.stage_i.public.deep_baseline_runtime: deep_train batch dataset=uab_workload_dataset model=chronaris_public_fusion track=objective group=heat_the_chair seed=42 fold=002/002 epoch=004/005 batch=020/041 loss=0.678129 elapsed_s=2.1 status=running
2026-07-02 01:20:34,869 INFO chronaris.pipelines.stage_i.public.deep_baseline_runtime: deep_train batch dataset=uab_workload_dataset model=chronaris_public_fusion track=objective group=heat_the_chair seed=42 fold=002/002 epoch=004/005 batch=040/041 loss=0.696662 elapsed_s=2.4 status=running
2026-07-02 01:20:34,887 INFO chronaris.pipelines.stage_i.public.deep_baseline_runtime: deep_train batch dataset=uab_workload_dataset model=chronaris_public_fusion track=objective group=heat_the_chair seed=42 fold=002/002 epoch=004/005 batch=041/041 loss=0.803475 elapsed_s=2.4 status=running
2026-07-02 01:20:34,891 INFO chronaris.pipelines.stage_i.public.deep_baseline_runtime: deep_train epoch_done dataset=uab_workload_dataset model=chronaris_public_fusion track=objective group=heat_the_chair seed=42 fold=002/002 epoch=004/005 train_loss=0.686515 elapsed_s=0.6
2026-07-02 01:20:34,982 INFO chronaris.pipelines.stage_i.public.deep_baseline_runtime: deep_train epoch_start dataset=uab_workload_dataset model=chronaris_public_fusion track=objective group=heat_the_chair seed=42 fold=002/002 epoch=005/005 batch_count=41
2026-07-02 01:20:35,046 INFO chronaris.pipelines.stage_i.public.deep_baseline_runtime: deep_train batch dataset=uab_workload_dataset model=chronaris_public_fusion track=objective group=heat_the_chair seed=42 fold=002/002 epoch=005/005 batch=001/041 loss=0.685801 elapsed_s=2.6 status=running
2026-07-02 01:20:35,304 INFO chronaris.pipelines.stage_i.public.deep_baseline_runtime: deep_train batch dataset=uab_workload_dataset model=chronaris_public_fusion track=objective group=heat_the_chair seed=42 fold=002/002 epoch=005/005 batch=020/041 loss=0.665809 elapsed_s=2.8 status=running
2026-07-02 01:20:35,579 INFO chronaris.pipelines.stage_i.public.deep_baseline_runtime: deep_train batch dataset=uab_workload_dataset model=chronaris_public_fusion track=objective group=heat_the_chair seed=42 fold=002/002 epoch=005/005 batch=040/041 loss=0.690454 elapsed_s=3.1 status=running
2026-07-02 01:20:35,595 INFO chronaris.pipelines.stage_i.public.deep_baseline_runtime: deep_train batch dataset=uab_workload_dataset model=chronaris_public_fusion track=objective group=heat_the_chair seed=42 fold=002/002 epoch=005/005 batch=041/041 loss=0.657838 elapsed_s=3.1 status=running
2026-07-02 01:20:35,598 INFO chronaris.pipelines.stage_i.public.deep_baseline_runtime: deep_train epoch_done dataset=uab_workload_dataset model=chronaris_public_fusion track=objective group=heat_the_chair seed=42 fold=002/002 epoch=005/005 train_loss=0.684511 elapsed_s=0.6
2026-07-02 01:20:35,632 INFO chronaris.pipelines.stage_i.public.deep_baseline_runtime: deep_train fold_done dataset=uab_workload_dataset model=chronaris_public_fusion track=objective group=heat_the_chair seed=42 fold=002/002 elapsed_s=3.1
2026-07-02 01:20:38,257 INFO chronaris.pipelines.stage_i.public.deep_baseline_runtime: deep_train fold_start dataset=uab_workload_dataset model=chronaris_public_fusion track=subjective group=n_back seed=42 fold=001/002 split_group=subject_01 task=regression train_count=26164 epochs=5 batch_size=128
2026-07-02 01:20:38,261 INFO chronaris.pipelines.stage_i.public.deep_baseline_runtime: deep_train epoch_start dataset=uab_workload_dataset model=chronaris_public_fusion track=subjective group=n_back seed=42 fold=001/002 epoch=001/005 batch_count=205
2026-07-02 01:20:38,292 INFO chronaris.pipelines.stage_i.public.deep_baseline_runtime: deep_train batch dataset=uab_workload_dataset model=chronaris_public_fusion track=subjective group=n_back seed=42 fold=001/002 epoch=001/005 batch=001/205 loss=0.421308 elapsed_s=0.0 status=running
2026-07-02 01:20:38,675 INFO chronaris.pipelines.stage_i.public.deep_baseline_runtime: deep_train batch dataset=uab_workload_dataset model=chronaris_public_fusion track=subjective group=n_back seed=42 fold=001/002 epoch=001/005 batch=020/205 loss=0.423747 elapsed_s=0.4 status=running
2026-07-02 01:20:38,941 INFO chronaris.pipelines.stage_i.public.deep_baseline_runtime: deep_train batch dataset=uab_workload_dataset model=chronaris_public_fusion track=subjective group=n_back seed=42 fold=001/002 epoch=001/005 batch=040/205 loss=0.467482 elapsed_s=0.7 status=running
2026-07-02 01:20:39,204 INFO chronaris.pipelines.stage_i.public.deep_baseline_runtime: deep_train batch dataset=uab_workload_dataset model=chronaris_public_fusion track=subjective group=n_back seed=42 fold=001/002 epoch=001/005 batch=060/205 loss=0.419819 elapsed_s=0.9 status=running
2026-07-02 01:20:39,475 INFO chronaris.pipelines.stage_i.public.deep_baseline_runtime: deep_train batch dataset=uab_workload_dataset model=chronaris_public_fusion track=subjective group=n_back seed=42 fold=001/002 epoch=001/005 batch=080/205 loss=0.461819 elapsed_s=1.2 status=running
2026-07-02 01:20:39,752 INFO chronaris.pipelines.stage_i.public.deep_baseline_runtime: deep_train batch dataset=uab_workload_dataset model=chronaris_public_fusion track=subjective group=n_back seed=42 fold=001/002 epoch=001/005 batch=100/205 loss=0.477562 elapsed_s=1.5 status=running
2026-07-02 01:20:40,018 INFO chronaris.pipelines.stage_i.public.deep_baseline_runtime: deep_train batch dataset=uab_workload_dataset model=chronaris_public_fusion track=subjective group=n_back seed=42 fold=001/002 epoch=001/005 batch=120/205 loss=0.476404 elapsed_s=1.8 status=running
2026-07-02 01:20:40,285 INFO chronaris.pipelines.stage_i.public.deep_baseline_runtime: deep_train batch dataset=uab_workload_dataset model=chronaris_public_fusion track=subjective group=n_back seed=42 fold=001/002 epoch=001/005 batch=140/205 loss=0.429080 elapsed_s=2.0 status=running
2026-07-02 01:20:40,555 INFO chronaris.pipelines.stage_i.public.deep_baseline_runtime: deep_train batch dataset=uab_workload_dataset model=chronaris_public_fusion track=subjective group=n_back seed=42 fold=001/002 epoch=001/005 batch=160/205 loss=0.468998 elapsed_s=2.3 status=running
2026-07-02 01:20:40,824 INFO chronaris.pipelines.stage_i.public.deep_baseline_runtime: deep_train batch dataset=uab_workload_dataset model=chronaris_public_fusion track=subjective group=n_back seed=42 fold=001/002 epoch=001/005 batch=180/205 loss=0.465306 elapsed_s=2.6 status=running
2026-07-02 01:20:41,089 INFO chronaris.pipelines.stage_i.public.deep_baseline_runtime: deep_train batch dataset=uab_workload_dataset model=chronaris_public_fusion track=subjective group=n_back seed=42 fold=001/002 epoch=001/005 batch=200/205 loss=0.406662 elapsed_s=2.8 status=running
2026-07-02 01:20:41,162 INFO chronaris.pipelines.stage_i.public.deep_baseline_runtime: deep_train batch dataset=uab_workload_dataset model=chronaris_public_fusion track=subjective group=n_back seed=42 fold=001/002 epoch=001/005 batch=205/205 loss=0.540383 elapsed_s=2.9 status=running
2026-07-02 01:20:41,166 INFO chronaris.pipelines.stage_i.public.deep_baseline_runtime: deep_train epoch_done dataset=uab_workload_dataset model=chronaris_public_fusion track=subjective group=n_back seed=42 fold=001/002 epoch=001/005 train_loss=0.428988 elapsed_s=2.9
2026-07-02 01:20:41,544 INFO chronaris.pipelines.stage_i.public.deep_baseline_runtime: deep_train epoch_start dataset=uab_workload_dataset model=chronaris_public_fusion track=subjective group=n_back seed=42 fold=001/002 epoch=002/005 batch_count=205
2026-07-02 01:20:41,589 INFO chronaris.pipelines.stage_i.public.deep_baseline_runtime: deep_train batch dataset=uab_workload_dataset model=chronaris_public_fusion track=subjective group=n_back seed=42 fold=001/002 epoch=002/005 batch=001/205 loss=0.389317 elapsed_s=3.3 status=running
2026-07-02 01:20:41,852 INFO chronaris.pipelines.stage_i.public.deep_baseline_runtime: deep_train batch dataset=uab_workload_dataset model=chronaris_public_fusion track=subjective group=n_back seed=42 fold=001/002 epoch=002/005 batch=020/205 loss=0.393771 elapsed_s=3.6 status=running
2026-07-02 01:20:42,119 INFO chronaris.pipelines.stage_i.public.deep_baseline_runtime: deep_train batch dataset=uab_workload_dataset model=chronaris_public_fusion track=subjective group=n_back seed=42 fold=001/002 epoch=002/005 batch=040/205 loss=0.431464 elapsed_s=3.9 status=running
2026-07-02 01:20:42,391 INFO chronaris.pipelines.stage_i.public.deep_baseline_runtime: deep_train batch dataset=uab_workload_dataset model=chronaris_public_fusion track=subjective group=n_back seed=42 fold=001/002 epoch=002/005 batch=060/205 loss=0.475649 elapsed_s=4.1 status=running
2026-07-02 01:20:42,658 INFO chronaris.pipelines.stage_i.public.deep_baseline_runtime: deep_train batch dataset=uab_workload_dataset model=chronaris_public_fusion track=subjective group=n_back seed=42 fold=001/002 epoch=002/005 batch=080/205 loss=0.429240 elapsed_s=4.4 status=running
2026-07-02 01:20:42,926 INFO chronaris.pipelines.stage_i.public.deep_baseline_runtime: deep_train batch dataset=uab_workload_dataset model=chronaris_public_fusion track=subjective group=n_back seed=42 fold=001/002 epoch=002/005 batch=100/205 loss=0.392939 elapsed_s=4.7 status=running
2026-07-02 01:20:43,195 INFO chronaris.pipelines.stage_i.public.deep_baseline_runtime: deep_train batch dataset=uab_workload_dataset model=chronaris_public_fusion track=subjective group=n_back seed=42 fold=001/002 epoch=002/005 batch=120/205 loss=0.393688 elapsed_s=4.9 status=running
2026-07-02 01:20:43,463 INFO chronaris.pipelines.stage_i.public.deep_baseline_runtime: deep_train batch dataset=uab_workload_dataset model=chronaris_public_fusion track=subjective group=n_back seed=42 fold=001/002 epoch=002/005 batch=140/205 loss=0.360231 elapsed_s=5.2 status=running
2026-07-02 01:20:43,732 INFO chronaris.pipelines.stage_i.public.deep_baseline_runtime: deep_train batch dataset=uab_workload_dataset model=chronaris_public_fusion track=subjective group=n_back seed=42 fold=001/002 epoch=002/005 batch=160/205 loss=0.377197 elapsed_s=5.5 status=running
2026-07-02 01:20:44,004 INFO chronaris.pipelines.stage_i.public.deep_baseline_runtime: deep_train batch dataset=uab_workload_dataset model=chronaris_public_fusion track=subjective group=n_back seed=42 fold=001/002 epoch=002/005 batch=180/205 loss=0.360305 elapsed_s=5.7 status=running
2026-07-02 01:20:44,280 INFO chronaris.pipelines.stage_i.public.deep_baseline_runtime: deep_train batch dataset=uab_workload_dataset model=chronaris_public_fusion track=subjective group=n_back seed=42 fold=001/002 epoch=002/005 batch=200/205 loss=0.460340 elapsed_s=6.0 status=running
2026-07-02 01:20:44,350 INFO chronaris.pipelines.stage_i.public.deep_baseline_runtime: deep_train batch dataset=uab_workload_dataset model=chronaris_public_fusion track=subjective group=n_back seed=42 fold=001/002 epoch=002/005 batch=205/205 loss=0.466876 elapsed_s=6.1 status=running
2026-07-02 01:20:44,354 INFO chronaris.pipelines.stage_i.public.deep_baseline_runtime: deep_train epoch_done dataset=uab_workload_dataset model=chronaris_public_fusion track=subjective group=n_back seed=42 fold=001/002 epoch=002/005 train_loss=0.418416 elapsed_s=2.8
2026-07-02 01:20:44,391 INFO chronaris.pipelines.stage_i.public.deep_baseline_runtime: deep_train epoch_start dataset=uab_workload_dataset model=chronaris_public_fusion track=subjective group=n_back seed=42 fold=001/002 epoch=003/005 batch_count=205
2026-07-02 01:20:44,410 INFO chronaris.pipelines.stage_i.public.deep_baseline_runtime: deep_train batch dataset=uab_workload_dataset model=chronaris_public_fusion track=subjective group=n_back seed=42 fold=001/002 epoch=003/005 batch=001/205 loss=0.407148 elapsed_s=6.1 status=running
2026-07-02 01:20:44,663 INFO chronaris.pipelines.stage_i.public.deep_baseline_runtime: deep_train batch dataset=uab_workload_dataset model=chronaris_public_fusion track=subjective group=n_back seed=42 fold=001/002 epoch=003/005 batch=020/205 loss=0.512011 elapsed_s=6.4 status=running
2026-07-02 01:20:44,938 INFO chronaris.pipelines.stage_i.public.deep_baseline_runtime: deep_train batch dataset=uab_workload_dataset model=chronaris_public_fusion track=subjective group=n_back seed=42 fold=001/002 epoch=003/005 batch=040/205 loss=0.402288 elapsed_s=6.7 status=running
2026-07-02 01:20:45,209 INFO chronaris.pipelines.stage_i.public.deep_baseline_runtime: deep_train batch dataset=uab_workload_dataset model=chronaris_public_fusion track=subjective group=n_back seed=42 fold=001/002 epoch=003/005 batch=060/205 loss=0.410158 elapsed_s=6.9 status=running
2026-07-02 01:20:45,481 INFO chronaris.pipelines.stage_i.public.deep_baseline_runtime: deep_train batch dataset=uab_workload_dataset model=chronaris_public_fusion track=subjective group=n_back seed=42 fold=001/002 epoch=003/005 batch=080/205 loss=0.470026 elapsed_s=7.2 status=running
2026-07-02 01:20:45,751 INFO chronaris.pipelines.stage_i.public.deep_baseline_runtime: deep_train batch dataset=uab_workload_dataset model=chronaris_public_fusion track=subjective group=n_back seed=42 fold=001/002 epoch=003/005 batch=100/205 loss=0.381260 elapsed_s=7.5 status=running
2026-07-02 01:20:46,031 INFO chronaris.pipelines.stage_i.public.deep_baseline_runtime: deep_train batch dataset=uab_workload_dataset model=chronaris_public_fusion track=subjective group=n_back seed=42 fold=001/002 epoch=003/005 batch=120/205 loss=0.413393 elapsed_s=7.8 status=running
2026-07-02 01:20:46,310 INFO chronaris.pipelines.stage_i.public.deep_baseline_runtime: deep_train batch dataset=uab_workload_dataset model=chronaris_public_fusion track=subjective group=n_back seed=42 fold=001/002 epoch=003/005 batch=140/205 loss=0.388493 elapsed_s=8.0 status=running
2026-07-02 01:20:46,593 INFO chronaris.pipelines.stage_i.public.deep_baseline_runtime: deep_train batch dataset=uab_workload_dataset model=chronaris_public_fusion track=subjective group=n_back seed=42 fold=001/002 epoch=003/005 batch=160/205 loss=0.457261 elapsed_s=8.3 status=running
2026-07-02 01:20:46,867 INFO chronaris.pipelines.stage_i.public.deep_baseline_runtime: deep_train batch dataset=uab_workload_dataset model=chronaris_public_fusion track=subjective group=n_back seed=42 fold=001/002 epoch=003/005 batch=180/205 loss=0.424785 elapsed_s=8.6 status=running
2026-07-02 01:20:47,148 INFO chronaris.pipelines.stage_i.public.deep_baseline_runtime: deep_train batch dataset=uab_workload_dataset model=chronaris_public_fusion track=subjective group=n_back seed=42 fold=001/002 epoch=003/005 batch=200/205 loss=0.389006 elapsed_s=8.9 status=running
2026-07-02 01:20:47,221 INFO chronaris.pipelines.stage_i.public.deep_baseline_runtime: deep_train batch dataset=uab_workload_dataset model=chronaris_public_fusion track=subjective group=n_back seed=42 fold=001/002 epoch=003/005 batch=205/205 loss=0.459963 elapsed_s=9.0 status=running
2026-07-02 01:20:47,225 INFO chronaris.pipelines.stage_i.public.deep_baseline_runtime: deep_train epoch_done dataset=uab_workload_dataset model=chronaris_public_fusion track=subjective group=n_back seed=42 fold=001/002 epoch=003/005 train_loss=0.419374 elapsed_s=2.8
2026-07-02 01:20:47,262 INFO chronaris.pipelines.stage_i.public.deep_baseline_runtime: deep_train epoch_start dataset=uab_workload_dataset model=chronaris_public_fusion track=subjective group=n_back seed=42 fold=001/002 epoch=004/005 batch_count=205
2026-07-02 01:20:47,295 INFO chronaris.pipelines.stage_i.public.deep_baseline_runtime: deep_train batch dataset=uab_workload_dataset model=chronaris_public_fusion track=subjective group=n_back seed=42 fold=001/002 epoch=004/005 batch=001/205 loss=0.368072 elapsed_s=9.0 status=running
2026-07-02 01:20:47,560 INFO chronaris.pipelines.stage_i.public.deep_baseline_runtime: deep_train batch dataset=uab_workload_dataset model=chronaris_public_fusion track=subjective group=n_back seed=42 fold=001/002 epoch=004/005 batch=020/205 loss=0.407749 elapsed_s=9.3 status=running
2026-07-02 01:20:47,850 INFO chronaris.pipelines.stage_i.public.deep_baseline_runtime: deep_train batch dataset=uab_workload_dataset model=chronaris_public_fusion track=subjective group=n_back seed=42 fold=001/002 epoch=004/005 batch=040/205 loss=0.408147 elapsed_s=9.6 status=running
2026-07-02 01:20:48,129 INFO chronaris.pipelines.stage_i.public.deep_baseline_runtime: deep_train batch dataset=uab_workload_dataset model=chronaris_public_fusion track=subjective group=n_back seed=42 fold=001/002 epoch=004/005 batch=060/205 loss=0.353936 elapsed_s=9.9 status=running
2026-07-02 01:20:51,454 INFO chronaris.pipelines.stage_i.public.deep_baseline_runtime: deep_train batch dataset=uab_workload_dataset model=chronaris_public_fusion track=subjective group=n_back seed=42 fold=001/002 epoch=004/005 batch=080/205 loss=0.427798 elapsed_s=10.1 status=running
2026-07-02 01:20:51,729 INFO chronaris.pipelines.stage_i.public.deep_baseline_runtime: deep_train batch dataset=uab_workload_dataset model=chronaris_public_fusion track=subjective group=n_back seed=42 fold=001/002 epoch=004/005 batch=100/205 loss=0.395046 elapsed_s=10.4 status=running
2026-07-02 01:20:52,003 INFO chronaris.pipelines.stage_i.public.deep_baseline_runtime: deep_train batch dataset=uab_workload_dataset model=chronaris_public_fusion track=subjective group=n_back seed=42 fold=001/002 epoch=004/005 batch=120/205 loss=0.490769 elapsed_s=10.7 status=running
2026-07-02 01:20:52,277 INFO chronaris.pipelines.stage_i.public.deep_baseline_runtime: deep_train batch dataset=uab_workload_dataset model=chronaris_public_fusion track=subjective group=n_back seed=42 fold=001/002 epoch=004/005 batch=140/205 loss=0.419038 elapsed_s=11.0 status=running
2026-07-02 01:20:52,554 INFO chronaris.pipelines.stage_i.public.deep_baseline_runtime: deep_train batch dataset=uab_workload_dataset model=chronaris_public_fusion track=subjective group=n_back seed=42 fold=001/002 epoch=004/005 batch=160/205 loss=0.389829 elapsed_s=11.2 status=running
2026-07-02 01:20:52,827 INFO chronaris.pipelines.stage_i.public.deep_baseline_runtime: deep_train batch dataset=uab_workload_dataset model=chronaris_public_fusion track=subjective group=n_back seed=42 fold=001/002 epoch=004/005 batch=180/205 loss=0.441157 elapsed_s=11.5 status=running
2026-07-02 01:20:53,111 INFO chronaris.pipelines.stage_i.public.deep_baseline_runtime: deep_train batch dataset=uab_workload_dataset model=chronaris_public_fusion track=subjective group=n_back seed=42 fold=001/002 epoch=004/005 batch=200/205 loss=0.356335 elapsed_s=11.8 status=running
2026-07-02 01:20:53,182 INFO chronaris.pipelines.stage_i.public.deep_baseline_runtime: deep_train batch dataset=uab_workload_dataset model=chronaris_public_fusion track=subjective group=n_back seed=42 fold=001/002 epoch=004/005 batch=205/205 loss=0.388429 elapsed_s=11.9 status=running
2026-07-02 01:20:53,186 INFO chronaris.pipelines.stage_i.public.deep_baseline_runtime: deep_train epoch_done dataset=uab_workload_dataset model=chronaris_public_fusion track=subjective group=n_back seed=42 fold=001/002 epoch=004/005 train_loss=0.417462 elapsed_s=2.9
2026-07-02 01:20:53,223 INFO chronaris.pipelines.stage_i.public.deep_baseline_runtime: deep_train epoch_start dataset=uab_workload_dataset model=chronaris_public_fusion track=subjective group=n_back seed=42 fold=001/002 epoch=005/005 batch_count=205
2026-07-02 01:20:53,242 INFO chronaris.pipelines.stage_i.public.deep_baseline_runtime: deep_train batch dataset=uab_workload_dataset model=chronaris_public_fusion track=subjective group=n_back seed=42 fold=001/002 epoch=005/005 batch=001/205 loss=0.380183 elapsed_s=11.9 status=running
2026-07-02 01:20:53,506 INFO chronaris.pipelines.stage_i.public.deep_baseline_runtime: deep_train batch dataset=uab_workload_dataset model=chronaris_public_fusion track=subjective group=n_back seed=42 fold=001/002 epoch=005/005 batch=020/205 loss=0.363506 elapsed_s=12.2 status=running
2026-07-02 01:20:53,786 INFO chronaris.pipelines.stage_i.public.deep_baseline_runtime: deep_train batch dataset=uab_workload_dataset model=chronaris_public_fusion track=subjective group=n_back seed=42 fold=001/002 epoch=005/005 batch=040/205 loss=0.491620 elapsed_s=12.5 status=running
2026-07-02 01:20:54,064 INFO chronaris.pipelines.stage_i.public.deep_baseline_runtime: deep_train batch dataset=uab_workload_dataset model=chronaris_public_fusion track=subjective group=n_back seed=42 fold=001/002 epoch=005/005 batch=060/205 loss=0.406059 elapsed_s=12.7 status=running
2026-07-02 01:20:54,340 INFO chronaris.pipelines.stage_i.public.deep_baseline_runtime: deep_train batch dataset=uab_workload_dataset model=chronaris_public_fusion track=subjective group=n_back seed=42 fold=001/002 epoch=005/005 batch=080/205 loss=0.445527 elapsed_s=13.0 status=running
2026-07-02 01:20:54,615 INFO chronaris.pipelines.stage_i.public.deep_baseline_runtime: deep_train batch dataset=uab_workload_dataset model=chronaris_public_fusion track=subjective group=n_back seed=42 fold=001/002 epoch=005/005 batch=100/205 loss=0.422637 elapsed_s=13.3 status=running
2026-07-02 01:20:54,887 INFO chronaris.pipelines.stage_i.public.deep_baseline_runtime: deep_train batch dataset=uab_workload_dataset model=chronaris_public_fusion track=subjective group=n_back seed=42 fold=001/002 epoch=005/005 batch=120/205 loss=0.441138 elapsed_s=13.6 status=running
2026-07-02 01:20:55,166 INFO chronaris.pipelines.stage_i.public.deep_baseline_runtime: deep_train batch dataset=uab_workload_dataset model=chronaris_public_fusion track=subjective group=n_back seed=42 fold=001/002 epoch=005/005 batch=140/205 loss=0.371409 elapsed_s=13.9 status=running
2026-07-02 01:20:55,437 INFO chronaris.pipelines.stage_i.public.deep_baseline_runtime: deep_train batch dataset=uab_workload_dataset model=chronaris_public_fusion track=subjective group=n_back seed=42 fold=001/002 epoch=005/005 batch=160/205 loss=0.360780 elapsed_s=14.1 status=running
2026-07-02 01:20:55,706 INFO chronaris.pipelines.stage_i.public.deep_baseline_runtime: deep_train batch dataset=uab_workload_dataset model=chronaris_public_fusion track=subjective group=n_back seed=42 fold=001/002 epoch=005/005 batch=180/205 loss=0.464193 elapsed_s=14.4 status=running
2026-07-02 01:20:55,982 INFO chronaris.pipelines.stage_i.public.deep_baseline_runtime: deep_train batch dataset=uab_workload_dataset model=chronaris_public_fusion track=subjective group=n_back seed=42 fold=001/002 epoch=005/005 batch=200/205 loss=0.395330 elapsed_s=14.7 status=running
2026-07-02 01:20:56,054 INFO chronaris.pipelines.stage_i.public.deep_baseline_runtime: deep_train batch dataset=uab_workload_dataset model=chronaris_public_fusion track=subjective group=n_back seed=42 fold=001/002 epoch=005/005 batch=205/205 loss=0.382561 elapsed_s=14.7 status=running
2026-07-02 01:20:56,059 INFO chronaris.pipelines.stage_i.public.deep_baseline_runtime: deep_train epoch_done dataset=uab_workload_dataset model=chronaris_public_fusion track=subjective group=n_back seed=42 fold=001/002 epoch=005/005 train_loss=0.412901 elapsed_s=2.8
2026-07-02 01:20:56,097 INFO chronaris.pipelines.stage_i.public.deep_baseline_runtime: deep_train fold_done dataset=uab_workload_dataset model=chronaris_public_fusion track=subjective group=n_back seed=42 fold=001/002 elapsed_s=14.8
2026-07-02 01:21:00,125 INFO chronaris.pipelines.stage_i.public.deep_baseline_runtime: deep_train fold_start dataset=uab_workload_dataset model=chronaris_public_fusion track=subjective group=n_back seed=42 fold=002/002 split_group=subject_02 task=regression train_count=26176 epochs=5 batch_size=128
2026-07-02 01:21:00,130 INFO chronaris.pipelines.stage_i.public.deep_baseline_runtime: deep_train epoch_start dataset=uab_workload_dataset model=chronaris_public_fusion track=subjective group=n_back seed=42 fold=002/002 epoch=001/005 batch_count=205
2026-07-02 01:21:00,178 INFO chronaris.pipelines.stage_i.public.deep_baseline_runtime: deep_train batch dataset=uab_workload_dataset model=chronaris_public_fusion track=subjective group=n_back seed=42 fold=002/002 epoch=001/005 batch=001/205 loss=0.358463 elapsed_s=0.0 status=running
2026-07-02 01:21:00,597 INFO chronaris.pipelines.stage_i.public.deep_baseline_runtime: deep_train batch dataset=uab_workload_dataset model=chronaris_public_fusion track=subjective group=n_back seed=42 fold=002/002 epoch=001/005 batch=020/205 loss=0.442844 elapsed_s=0.5 status=running
2026-07-02 01:21:00,860 INFO chronaris.pipelines.stage_i.public.deep_baseline_runtime: deep_train batch dataset=uab_workload_dataset model=chronaris_public_fusion track=subjective group=n_back seed=42 fold=002/002 epoch=001/005 batch=040/205 loss=0.409387 elapsed_s=0.7 status=running
2026-07-02 01:21:01,133 INFO chronaris.pipelines.stage_i.public.deep_baseline_runtime: deep_train batch dataset=uab_workload_dataset model=chronaris_public_fusion track=subjective group=n_back seed=42 fold=002/002 epoch=001/005 batch=060/205 loss=0.449918 elapsed_s=1.0 status=running
2026-07-02 01:21:01,404 INFO chronaris.pipelines.stage_i.public.deep_baseline_runtime: deep_train batch dataset=uab_workload_dataset model=chronaris_public_fusion track=subjective group=n_back seed=42 fold=002/002 epoch=001/005 batch=080/205 loss=0.491588 elapsed_s=1.3 status=running
2026-07-02 01:21:01,669 INFO chronaris.pipelines.stage_i.public.deep_baseline_runtime: deep_train batch dataset=uab_workload_dataset model=chronaris_public_fusion track=subjective group=n_back seed=42 fold=002/002 epoch=001/005 batch=100/205 loss=0.460418 elapsed_s=1.5 status=running
2026-07-02 01:21:01,946 INFO chronaris.pipelines.stage_i.public.deep_baseline_runtime: deep_train batch dataset=uab_workload_dataset model=chronaris_public_fusion track=subjective group=n_back seed=42 fold=002/002 epoch=001/005 batch=120/205 loss=0.467217 elapsed_s=1.8 status=running
2026-07-02 01:21:02,214 INFO chronaris.pipelines.stage_i.public.deep_baseline_runtime: deep_train batch dataset=uab_workload_dataset model=chronaris_public_fusion track=subjective group=n_back seed=42 fold=002/002 epoch=001/005 batch=140/205 loss=0.392267 elapsed_s=2.1 status=running
2026-07-02 01:21:02,480 INFO chronaris.pipelines.stage_i.public.deep_baseline_runtime: deep_train batch dataset=uab_workload_dataset model=chronaris_public_fusion track=subjective group=n_back seed=42 fold=002/002 epoch=001/005 batch=160/205 loss=0.441326 elapsed_s=2.4 status=running
2026-07-02 01:21:02,750 INFO chronaris.pipelines.stage_i.public.deep_baseline_runtime: deep_train batch dataset=uab_workload_dataset model=chronaris_public_fusion track=subjective group=n_back seed=42 fold=002/002 epoch=001/005 batch=180/205 loss=0.460501 elapsed_s=2.6 status=running
2026-07-02 01:21:03,020 INFO chronaris.pipelines.stage_i.public.deep_baseline_runtime: deep_train batch dataset=uab_workload_dataset model=chronaris_public_fusion track=subjective group=n_back seed=42 fold=002/002 epoch=001/005 batch=200/205 loss=0.385797 elapsed_s=2.9 status=running
2026-07-02 01:21:03,090 INFO chronaris.pipelines.stage_i.public.deep_baseline_runtime: deep_train batch dataset=uab_workload_dataset model=chronaris_public_fusion track=subjective group=n_back seed=42 fold=002/002 epoch=001/005 batch=205/205 loss=0.434040 elapsed_s=3.0 status=running
2026-07-02 01:21:03,095 INFO chronaris.pipelines.stage_i.public.deep_baseline_runtime: deep_train epoch_done dataset=uab_workload_dataset model=chronaris_public_fusion track=subjective group=n_back seed=42 fold=002/002 epoch=001/005 train_loss=0.427135 elapsed_s=3.0
2026-07-02 01:21:03,130 INFO chronaris.pipelines.stage_i.public.deep_baseline_runtime: deep_train epoch_start dataset=uab_workload_dataset model=chronaris_public_fusion track=subjective group=n_back seed=42 fold=002/002 epoch=002/005 batch_count=205
2026-07-02 01:21:03,148 INFO chronaris.pipelines.stage_i.public.deep_baseline_runtime: deep_train batch dataset=uab_workload_dataset model=chronaris_public_fusion track=subjective group=n_back seed=42 fold=002/002 epoch=002/005 batch=001/205 loss=0.389757 elapsed_s=3.0 status=running
2026-07-02 01:21:03,404 INFO chronaris.pipelines.stage_i.public.deep_baseline_runtime: deep_train batch dataset=uab_workload_dataset model=chronaris_public_fusion track=subjective group=n_back seed=42 fold=002/002 epoch=002/005 batch=020/205 loss=0.409890 elapsed_s=3.3 status=running
2026-07-02 01:21:03,670 INFO chronaris.pipelines.stage_i.public.deep_baseline_runtime: deep_train batch dataset=uab_workload_dataset model=chronaris_public_fusion track=subjective group=n_back seed=42 fold=002/002 epoch=002/005 batch=040/205 loss=0.377678 elapsed_s=3.5 status=running
2026-07-02 01:21:03,942 INFO chronaris.pipelines.stage_i.public.deep_baseline_runtime: deep_train batch dataset=uab_workload_dataset model=chronaris_public_fusion track=subjective group=n_back seed=42 fold=002/002 epoch=002/005 batch=060/205 loss=0.422163 elapsed_s=3.8 status=running
2026-07-02 01:21:04,207 INFO chronaris.pipelines.stage_i.public.deep_baseline_runtime: deep_train batch dataset=uab_workload_dataset model=chronaris_public_fusion track=subjective group=n_back seed=42 fold=002/002 epoch=002/005 batch=080/205 loss=0.447067 elapsed_s=4.1 status=running
2026-07-02 01:21:04,471 INFO chronaris.pipelines.stage_i.public.deep_baseline_runtime: deep_train batch dataset=uab_workload_dataset model=chronaris_public_fusion track=subjective group=n_back seed=42 fold=002/002 epoch=002/005 batch=100/205 loss=0.402879 elapsed_s=4.3 status=running
2026-07-02 01:21:04,740 INFO chronaris.pipelines.stage_i.public.deep_baseline_runtime: deep_train batch dataset=uab_workload_dataset model=chronaris_public_fusion track=subjective group=n_back seed=42 fold=002/002 epoch=002/005 batch=120/205 loss=0.361785 elapsed_s=4.6 status=running
2026-07-02 01:21:05,002 INFO chronaris.pipelines.stage_i.public.deep_baseline_runtime: deep_train batch dataset=uab_workload_dataset model=chronaris_public_fusion track=subjective group=n_back seed=42 fold=002/002 epoch=002/005 batch=140/205 loss=0.380663 elapsed_s=4.9 status=running
2026-07-02 01:21:05,267 INFO chronaris.pipelines.stage_i.public.deep_baseline_runtime: deep_train batch dataset=uab_workload_dataset model=chronaris_public_fusion track=subjective group=n_back seed=42 fold=002/002 epoch=002/005 batch=160/205 loss=0.379323 elapsed_s=5.1 status=running
2026-07-02 01:21:05,535 INFO chronaris.pipelines.stage_i.public.deep_baseline_runtime: deep_train batch dataset=uab_workload_dataset model=chronaris_public_fusion track=subjective group=n_back seed=42 fold=002/002 epoch=002/005 batch=180/205 loss=0.381844 elapsed_s=5.4 status=running
2026-07-02 01:21:05,798 INFO chronaris.pipelines.stage_i.public.deep_baseline_runtime: deep_train batch dataset=uab_workload_dataset model=chronaris_public_fusion track=subjective group=n_back seed=42 fold=002/002 epoch=002/005 batch=200/205 loss=0.460742 elapsed_s=5.7 status=running
2026-07-02 01:21:05,868 INFO chronaris.pipelines.stage_i.public.deep_baseline_runtime: deep_train batch dataset=uab_workload_dataset model=chronaris_public_fusion track=subjective group=n_back seed=42 fold=002/002 epoch=002/005 batch=205/205 loss=0.496309 elapsed_s=5.7 status=running
2026-07-02 01:21:05,872 INFO chronaris.pipelines.stage_i.public.deep_baseline_runtime: deep_train epoch_done dataset=uab_workload_dataset model=chronaris_public_fusion track=subjective group=n_back seed=42 fold=002/002 epoch=002/005 train_loss=0.419210 elapsed_s=2.7
2026-07-02 01:21:05,910 INFO chronaris.pipelines.stage_i.public.deep_baseline_runtime: deep_train epoch_start dataset=uab_workload_dataset model=chronaris_public_fusion track=subjective group=n_back seed=42 fold=002/002 epoch=003/005 batch_count=205
2026-07-02 01:21:05,930 INFO chronaris.pipelines.stage_i.public.deep_baseline_runtime: deep_train batch dataset=uab_workload_dataset model=chronaris_public_fusion track=subjective group=n_back seed=42 fold=002/002 epoch=003/005 batch=001/205 loss=0.354879 elapsed_s=5.8 status=running
2026-07-02 01:21:06,186 INFO chronaris.pipelines.stage_i.public.deep_baseline_runtime: deep_train batch dataset=uab_workload_dataset model=chronaris_public_fusion track=subjective group=n_back seed=42 fold=002/002 epoch=003/005 batch=020/205 loss=0.456107 elapsed_s=6.1 status=running
2026-07-02 01:21:06,469 INFO chronaris.pipelines.stage_i.public.deep_baseline_runtime: deep_train batch dataset=uab_workload_dataset model=chronaris_public_fusion track=subjective group=n_back seed=42 fold=002/002 epoch=003/005 batch=040/205 loss=0.455822 elapsed_s=6.3 status=running
2026-07-02 01:21:06,739 INFO chronaris.pipelines.stage_i.public.deep_baseline_runtime: deep_train batch dataset=uab_workload_dataset model=chronaris_public_fusion track=subjective group=n_back seed=42 fold=002/002 epoch=003/005 batch=060/205 loss=0.418194 elapsed_s=6.6 status=running
2026-07-02 01:21:07,014 INFO chronaris.pipelines.stage_i.public.deep_baseline_runtime: deep_train batch dataset=uab_workload_dataset model=chronaris_public_fusion track=subjective group=n_back seed=42 fold=002/002 epoch=003/005 batch=080/205 loss=0.470163 elapsed_s=6.9 status=running
2026-07-02 01:21:07,285 INFO chronaris.pipelines.stage_i.public.deep_baseline_runtime: deep_train batch dataset=uab_workload_dataset model=chronaris_public_fusion track=subjective group=n_back seed=42 fold=002/002 epoch=003/005 batch=100/205 loss=0.403708 elapsed_s=7.2 status=running
2026-07-02 01:21:07,557 INFO chronaris.pipelines.stage_i.public.deep_baseline_runtime: deep_train batch dataset=uab_workload_dataset model=chronaris_public_fusion track=subjective group=n_back seed=42 fold=002/002 epoch=003/005 batch=120/205 loss=0.422518 elapsed_s=7.4 status=running
2026-07-02 01:21:07,822 INFO chronaris.pipelines.stage_i.public.deep_baseline_runtime: deep_train batch dataset=uab_workload_dataset model=chronaris_public_fusion track=subjective group=n_back seed=42 fold=002/002 epoch=003/005 batch=140/205 loss=0.379425 elapsed_s=7.7 status=running
2026-07-02 01:21:08,091 INFO chronaris.pipelines.stage_i.public.deep_baseline_runtime: deep_train batch dataset=uab_workload_dataset model=chronaris_public_fusion track=subjective group=n_back seed=42 fold=002/002 epoch=003/005 batch=160/205 loss=0.477391 elapsed_s=8.0 status=running
2026-07-02 01:21:08,360 INFO chronaris.pipelines.stage_i.public.deep_baseline_runtime: deep_train batch dataset=uab_workload_dataset model=chronaris_public_fusion track=subjective group=n_back seed=42 fold=002/002 epoch=003/005 batch=180/205 loss=0.423546 elapsed_s=8.2 status=running
2026-07-02 01:21:08,627 INFO chronaris.pipelines.stage_i.public.deep_baseline_runtime: deep_train batch dataset=uab_workload_dataset model=chronaris_public_fusion track=subjective group=n_back seed=42 fold=002/002 epoch=003/005 batch=200/205 loss=0.391245 elapsed_s=8.5 status=running
2026-07-02 01:21:08,698 INFO chronaris.pipelines.stage_i.public.deep_baseline_runtime: deep_train batch dataset=uab_workload_dataset model=chronaris_public_fusion track=subjective group=n_back seed=42 fold=002/002 epoch=003/005 batch=205/205 loss=0.520606 elapsed_s=8.6 status=running
2026-07-02 01:21:08,703 INFO chronaris.pipelines.stage_i.public.deep_baseline_runtime: deep_train epoch_done dataset=uab_workload_dataset model=chronaris_public_fusion track=subjective group=n_back seed=42 fold=002/002 epoch=003/005 train_loss=0.417407 elapsed_s=2.8
2026-07-02 01:21:08,739 INFO chronaris.pipelines.stage_i.public.deep_baseline_runtime: deep_train epoch_start dataset=uab_workload_dataset model=chronaris_public_fusion track=subjective group=n_back seed=42 fold=002/002 epoch=004/005 batch_count=205
2026-07-02 01:21:08,763 INFO chronaris.pipelines.stage_i.public.deep_baseline_runtime: deep_train batch dataset=uab_workload_dataset model=chronaris_public_fusion track=subjective group=n_back seed=42 fold=002/002 epoch=004/005 batch=001/205 loss=0.450098 elapsed_s=8.6 status=running
2026-07-02 01:21:09,022 INFO chronaris.pipelines.stage_i.public.deep_baseline_runtime: deep_train batch dataset=uab_workload_dataset model=chronaris_public_fusion track=subjective group=n_back seed=42 fold=002/002 epoch=004/005 batch=020/205 loss=0.510913 elapsed_s=8.9 status=running
2026-07-02 01:21:09,287 INFO chronaris.pipelines.stage_i.public.deep_baseline_runtime: deep_train batch dataset=uab_workload_dataset model=chronaris_public_fusion track=subjective group=n_back seed=42 fold=002/002 epoch=004/005 batch=040/205 loss=0.435399 elapsed_s=9.2 status=running
2026-07-02 01:21:09,559 INFO chronaris.pipelines.stage_i.public.deep_baseline_runtime: deep_train batch dataset=uab_workload_dataset model=chronaris_public_fusion track=subjective group=n_back seed=42 fold=002/002 epoch=004/005 batch=060/205 loss=0.385343 elapsed_s=9.4 status=running
2026-07-02 01:21:09,826 INFO chronaris.pipelines.stage_i.public.deep_baseline_runtime: deep_train batch dataset=uab_workload_dataset model=chronaris_public_fusion track=subjective group=n_back seed=42 fold=002/002 epoch=004/005 batch=080/205 loss=0.415583 elapsed_s=9.7 status=running
2026-07-02 01:21:10,098 INFO chronaris.pipelines.stage_i.public.deep_baseline_runtime: deep_train batch dataset=uab_workload_dataset model=chronaris_public_fusion track=subjective group=n_back seed=42 fold=002/002 epoch=004/005 batch=100/205 loss=0.416022 elapsed_s=10.0 status=running
2026-07-02 01:21:10,372 INFO chronaris.pipelines.stage_i.public.deep_baseline_runtime: deep_train batch dataset=uab_workload_dataset model=chronaris_public_fusion track=subjective group=n_back seed=42 fold=002/002 epoch=004/005 batch=120/205 loss=0.466650 elapsed_s=10.2 status=running
2026-07-02 01:21:10,637 INFO chronaris.pipelines.stage_i.public.deep_baseline_runtime: deep_train batch dataset=uab_workload_dataset model=chronaris_public_fusion track=subjective group=n_back seed=42 fold=002/002 epoch=004/005 batch=140/205 loss=0.392091 elapsed_s=10.5 status=running
2026-07-02 01:21:10,900 INFO chronaris.pipelines.stage_i.public.deep_baseline_runtime: deep_train batch dataset=uab_workload_dataset model=chronaris_public_fusion track=subjective group=n_back seed=42 fold=002/002 epoch=004/005 batch=160/205 loss=0.378506 elapsed_s=10.8 status=running
2026-07-02 01:21:11,165 INFO chronaris.pipelines.stage_i.public.deep_baseline_runtime: deep_train batch dataset=uab_workload_dataset model=chronaris_public_fusion track=subjective group=n_back seed=42 fold=002/002 epoch=004/005 batch=180/205 loss=0.470681 elapsed_s=11.0 status=running
2026-07-02 01:21:11,431 INFO chronaris.pipelines.stage_i.public.deep_baseline_runtime: deep_train batch dataset=uab_workload_dataset model=chronaris_public_fusion track=subjective group=n_back seed=42 fold=002/002 epoch=004/005 batch=200/205 loss=0.357772 elapsed_s=11.3 status=running
2026-07-02 01:21:11,503 INFO chronaris.pipelines.stage_i.public.deep_baseline_runtime: deep_train batch dataset=uab_workload_dataset model=chronaris_public_fusion track=subjective group=n_back seed=42 fold=002/002 epoch=004/005 batch=205/205 loss=0.380847 elapsed_s=11.4 status=running
2026-07-02 01:21:11,507 INFO chronaris.pipelines.stage_i.public.deep_baseline_runtime: deep_train epoch_done dataset=uab_workload_dataset model=chronaris_public_fusion track=subjective group=n_back seed=42 fold=002/002 epoch=004/005 train_loss=0.417299 elapsed_s=2.8
2026-07-02 01:21:11,543 INFO chronaris.pipelines.stage_i.public.deep_baseline_runtime: deep_train epoch_start dataset=uab_workload_dataset model=chronaris_public_fusion track=subjective group=n_back seed=42 fold=002/002 epoch=005/005 batch_count=205
2026-07-02 01:21:11,563 INFO chronaris.pipelines.stage_i.public.deep_baseline_runtime: deep_train batch dataset=uab_workload_dataset model=chronaris_public_fusion track=subjective group=n_back seed=42 fold=002/002 epoch=005/005 batch=001/205 loss=0.331406 elapsed_s=11.4 status=running
2026-07-02 01:21:11,822 INFO chronaris.pipelines.stage_i.public.deep_baseline_runtime: deep_train batch dataset=uab_workload_dataset model=chronaris_public_fusion track=subjective group=n_back seed=42 fold=002/002 epoch=005/005 batch=020/205 loss=0.453622 elapsed_s=11.7 status=running
2026-07-02 01:21:12,089 INFO chronaris.pipelines.stage_i.public.deep_baseline_runtime: deep_train batch dataset=uab_workload_dataset model=chronaris_public_fusion track=subjective group=n_back seed=42 fold=002/002 epoch=005/005 batch=040/205 loss=0.436751 elapsed_s=12.0 status=running
2026-07-02 01:21:12,363 INFO chronaris.pipelines.stage_i.public.deep_baseline_runtime: deep_train batch dataset=uab_workload_dataset model=chronaris_public_fusion track=subjective group=n_back seed=42 fold=002/002 epoch=005/005 batch=060/205 loss=0.527520 elapsed_s=12.2 status=running
2026-07-02 01:21:12,641 INFO chronaris.pipelines.stage_i.public.deep_baseline_runtime: deep_train batch dataset=uab_workload_dataset model=chronaris_public_fusion track=subjective group=n_back seed=42 fold=002/002 epoch=005/005 batch=080/205 loss=0.493483 elapsed_s=12.5 status=running
2026-07-02 01:21:12,922 INFO chronaris.pipelines.stage_i.public.deep_baseline_runtime: deep_train batch dataset=uab_workload_dataset model=chronaris_public_fusion track=subjective group=n_back seed=42 fold=002/002 epoch=005/005 batch=100/205 loss=0.444746 elapsed_s=12.8 status=running
2026-07-02 01:21:13,194 INFO chronaris.pipelines.stage_i.public.deep_baseline_runtime: deep_train batch dataset=uab_workload_dataset model=chronaris_public_fusion track=subjective group=n_back seed=42 fold=002/002 epoch=005/005 batch=120/205 loss=0.419000 elapsed_s=13.1 status=running
2026-07-02 01:21:13,472 INFO chronaris.pipelines.stage_i.public.deep_baseline_runtime: deep_train batch dataset=uab_workload_dataset model=chronaris_public_fusion track=subjective group=n_back seed=42 fold=002/002 epoch=005/005 batch=140/205 loss=0.397993 elapsed_s=13.3 status=running
2026-07-02 01:21:13,752 INFO chronaris.pipelines.stage_i.public.deep_baseline_runtime: deep_train batch dataset=uab_workload_dataset model=chronaris_public_fusion track=subjective group=n_back seed=42 fold=002/002 epoch=005/005 batch=160/205 loss=0.374564 elapsed_s=13.6 status=running
2026-07-02 01:21:14,023 INFO chronaris.pipelines.stage_i.public.deep_baseline_runtime: deep_train batch dataset=uab_workload_dataset model=chronaris_public_fusion track=subjective group=n_back seed=42 fold=002/002 epoch=005/005 batch=180/205 loss=0.439372 elapsed_s=13.9 status=running
2026-07-02 01:21:14,297 INFO chronaris.pipelines.stage_i.public.deep_baseline_runtime: deep_train batch dataset=uab_workload_dataset model=chronaris_public_fusion track=subjective group=n_back seed=42 fold=002/002 epoch=005/005 batch=200/205 loss=0.399659 elapsed_s=14.2 status=running
2026-07-02 01:21:14,372 INFO chronaris.pipelines.stage_i.public.deep_baseline_runtime: deep_train batch dataset=uab_workload_dataset model=chronaris_public_fusion track=subjective group=n_back seed=42 fold=002/002 epoch=005/005 batch=205/205 loss=0.405952 elapsed_s=14.2 status=running
2026-07-02 01:21:14,376 INFO chronaris.pipelines.stage_i.public.deep_baseline_runtime: deep_train epoch_done dataset=uab_workload_dataset model=chronaris_public_fusion track=subjective group=n_back seed=42 fold=002/002 epoch=005/005 train_loss=0.415450 elapsed_s=2.8
2026-07-02 01:21:14,413 INFO chronaris.pipelines.stage_i.public.deep_baseline_runtime: deep_train fold_done dataset=uab_workload_dataset model=chronaris_public_fusion track=subjective group=n_back seed=42 fold=002/002 elapsed_s=14.3
2026-07-02 01:21:17,724 INFO chronaris.pipelines.stage_i.public.deep_baseline_runtime: deep_train fold_start dataset=uab_workload_dataset model=chronaris_public_fusion track=subjective group=heat_the_chair seed=42 fold=001/002 split_group=subject_01 task=regression train_count=5116 epochs=5 batch_size=128
2026-07-02 01:21:17,729 INFO chronaris.pipelines.stage_i.public.deep_baseline_runtime: deep_train epoch_start dataset=uab_workload_dataset model=chronaris_public_fusion track=subjective group=heat_the_chair seed=42 fold=001/002 epoch=001/005 batch_count=40
2026-07-02 01:21:17,756 INFO chronaris.pipelines.stage_i.public.deep_baseline_runtime: deep_train batch dataset=uab_workload_dataset model=chronaris_public_fusion track=subjective group=heat_the_chair seed=42 fold=001/002 epoch=001/005 batch=001/040 loss=0.483869 elapsed_s=0.0 status=running
2026-07-02 01:21:18,110 INFO chronaris.pipelines.stage_i.public.deep_baseline_runtime: deep_train batch dataset=uab_workload_dataset model=chronaris_public_fusion track=subjective group=heat_the_chair seed=42 fold=001/002 epoch=001/005 batch=020/040 loss=0.463804 elapsed_s=0.4 status=running
2026-07-02 01:21:18,384 INFO chronaris.pipelines.stage_i.public.deep_baseline_runtime: deep_train batch dataset=uab_workload_dataset model=chronaris_public_fusion track=subjective group=heat_the_chair seed=42 fold=001/002 epoch=001/005 batch=040/040 loss=0.326225 elapsed_s=0.7 status=running
2026-07-02 01:21:18,389 INFO chronaris.pipelines.stage_i.public.deep_baseline_runtime: deep_train epoch_done dataset=uab_workload_dataset model=chronaris_public_fusion track=subjective group=heat_the_chair seed=42 fold=001/002 epoch=001/005 train_loss=0.416802 elapsed_s=0.7
2026-07-02 01:21:18,425 INFO chronaris.pipelines.stage_i.public.deep_baseline_runtime: deep_train epoch_start dataset=uab_workload_dataset model=chronaris_public_fusion track=subjective group=heat_the_chair seed=42 fold=001/002 epoch=002/005 batch_count=40
2026-07-02 01:21:18,488 INFO chronaris.pipelines.stage_i.public.deep_baseline_runtime: deep_train batch dataset=uab_workload_dataset model=chronaris_public_fusion track=subjective group=heat_the_chair seed=42 fold=001/002 epoch=002/005 batch=001/040 loss=0.359853 elapsed_s=0.8 status=running
2026-07-02 01:21:18,747 INFO chronaris.pipelines.stage_i.public.deep_baseline_runtime: deep_train batch dataset=uab_workload_dataset model=chronaris_public_fusion track=subjective group=heat_the_chair seed=42 fold=001/002 epoch=002/005 batch=020/040 loss=0.407504 elapsed_s=1.0 status=running
2026-07-02 01:21:19,014 INFO chronaris.pipelines.stage_i.public.deep_baseline_runtime: deep_train batch dataset=uab_workload_dataset model=chronaris_public_fusion track=subjective group=heat_the_chair seed=42 fold=001/002 epoch=002/005 batch=040/040 loss=0.448698 elapsed_s=1.3 status=running
2026-07-02 01:21:19,018 INFO chronaris.pipelines.stage_i.public.deep_baseline_runtime: deep_train epoch_done dataset=uab_workload_dataset model=chronaris_public_fusion track=subjective group=heat_the_chair seed=42 fold=001/002 epoch=002/005 train_loss=0.411746 elapsed_s=0.6
2026-07-02 01:21:19,054 INFO chronaris.pipelines.stage_i.public.deep_baseline_runtime: deep_train epoch_start dataset=uab_workload_dataset model=chronaris_public_fusion track=subjective group=heat_the_chair seed=42 fold=001/002 epoch=003/005 batch_count=40
2026-07-02 01:21:19,073 INFO chronaris.pipelines.stage_i.public.deep_baseline_runtime: deep_train batch dataset=uab_workload_dataset model=chronaris_public_fusion track=subjective group=heat_the_chair seed=42 fold=001/002 epoch=003/005 batch=001/040 loss=0.429233 elapsed_s=1.3 status=running
2026-07-02 01:21:19,332 INFO chronaris.pipelines.stage_i.public.deep_baseline_runtime: deep_train batch dataset=uab_workload_dataset model=chronaris_public_fusion track=subjective group=heat_the_chair seed=42 fold=001/002 epoch=003/005 batch=020/040 loss=0.452292 elapsed_s=1.6 status=running
2026-07-02 01:21:19,601 INFO chronaris.pipelines.stage_i.public.deep_baseline_runtime: deep_train batch dataset=uab_workload_dataset model=chronaris_public_fusion track=subjective group=heat_the_chair seed=42 fold=001/002 epoch=003/005 batch=040/040 loss=0.401108 elapsed_s=1.9 status=running
2026-07-02 01:21:19,606 INFO chronaris.pipelines.stage_i.public.deep_baseline_runtime: deep_train epoch_done dataset=uab_workload_dataset model=chronaris_public_fusion track=subjective group=heat_the_chair seed=42 fold=001/002 epoch=003/005 train_loss=0.410800 elapsed_s=0.6
2026-07-02 01:21:19,640 INFO chronaris.pipelines.stage_i.public.deep_baseline_runtime: deep_train epoch_start dataset=uab_workload_dataset model=chronaris_public_fusion track=subjective group=heat_the_chair seed=42 fold=001/002 epoch=004/005 batch_count=40
2026-07-02 01:21:19,659 INFO chronaris.pipelines.stage_i.public.deep_baseline_runtime: deep_train batch dataset=uab_workload_dataset model=chronaris_public_fusion track=subjective group=heat_the_chair seed=42 fold=001/002 epoch=004/005 batch=001/040 loss=0.448899 elapsed_s=1.9 status=running
2026-07-02 01:21:19,913 INFO chronaris.pipelines.stage_i.public.deep_baseline_runtime: deep_train batch dataset=uab_workload_dataset model=chronaris_public_fusion track=subjective group=heat_the_chair seed=42 fold=001/002 epoch=004/005 batch=020/040 loss=0.377858 elapsed_s=2.2 status=running
2026-07-02 01:21:20,188 INFO chronaris.pipelines.stage_i.public.deep_baseline_runtime: deep_train batch dataset=uab_workload_dataset model=chronaris_public_fusion track=subjective group=heat_the_chair seed=42 fold=001/002 epoch=004/005 batch=040/040 loss=0.387239 elapsed_s=2.5 status=running
2026-07-02 01:21:20,193 INFO chronaris.pipelines.stage_i.public.deep_baseline_runtime: deep_train epoch_done dataset=uab_workload_dataset model=chronaris_public_fusion track=subjective group=heat_the_chair seed=42 fold=001/002 epoch=004/005 train_loss=0.411395 elapsed_s=0.6
2026-07-02 01:21:20,229 INFO chronaris.pipelines.stage_i.public.deep_baseline_runtime: deep_train epoch_start dataset=uab_workload_dataset model=chronaris_public_fusion track=subjective group=heat_the_chair seed=42 fold=001/002 epoch=005/005 batch_count=40
2026-07-02 01:21:20,252 INFO chronaris.pipelines.stage_i.public.deep_baseline_runtime: deep_train batch dataset=uab_workload_dataset model=chronaris_public_fusion track=subjective group=heat_the_chair seed=42 fold=001/002 epoch=005/005 batch=001/040 loss=0.327953 elapsed_s=2.5 status=running
2026-07-02 01:21:20,507 INFO chronaris.pipelines.stage_i.public.deep_baseline_runtime: deep_train batch dataset=uab_workload_dataset model=chronaris_public_fusion track=subjective group=heat_the_chair seed=42 fold=001/002 epoch=005/005 batch=020/040 loss=0.427539 elapsed_s=2.8 status=running
2026-07-02 01:21:20,778 INFO chronaris.pipelines.stage_i.public.deep_baseline_runtime: deep_train batch dataset=uab_workload_dataset model=chronaris_public_fusion track=subjective group=heat_the_chair seed=42 fold=001/002 epoch=005/005 batch=040/040 loss=0.428671 elapsed_s=3.0 status=running
2026-07-02 01:21:20,782 INFO chronaris.pipelines.stage_i.public.deep_baseline_runtime: deep_train epoch_done dataset=uab_workload_dataset model=chronaris_public_fusion track=subjective group=heat_the_chair seed=42 fold=001/002 epoch=005/005 train_loss=0.411330 elapsed_s=0.6
2026-07-02 01:21:20,819 INFO chronaris.pipelines.stage_i.public.deep_baseline_runtime: deep_train fold_done dataset=uab_workload_dataset model=chronaris_public_fusion track=subjective group=heat_the_chair seed=42 fold=001/002 elapsed_s=3.1
2026-07-02 01:21:25,470 INFO chronaris.pipelines.stage_i.public.deep_baseline_runtime: deep_train fold_start dataset=uab_workload_dataset model=chronaris_public_fusion track=subjective group=heat_the_chair seed=42 fold=002/002 split_group=subject_02 task=regression train_count=5126 epochs=5 batch_size=128
2026-07-02 01:21:25,475 INFO chronaris.pipelines.stage_i.public.deep_baseline_runtime: deep_train epoch_start dataset=uab_workload_dataset model=chronaris_public_fusion track=subjective group=heat_the_chair seed=42 fold=002/002 epoch=001/005 batch_count=41
2026-07-02 01:21:25,498 INFO chronaris.pipelines.stage_i.public.deep_baseline_runtime: deep_train batch dataset=uab_workload_dataset model=chronaris_public_fusion track=subjective group=heat_the_chair seed=42 fold=002/002 epoch=001/005 batch=001/041 loss=0.384458 elapsed_s=0.0 status=running
2026-07-02 01:21:25,750 INFO chronaris.pipelines.stage_i.public.deep_baseline_runtime: deep_train batch dataset=uab_workload_dataset model=chronaris_public_fusion track=subjective group=heat_the_chair seed=42 fold=002/002 epoch=001/005 batch=020/041 loss=0.477446 elapsed_s=0.3 status=running
2026-07-02 01:21:26,017 INFO chronaris.pipelines.stage_i.public.deep_baseline_runtime: deep_train batch dataset=uab_workload_dataset model=chronaris_public_fusion track=subjective group=heat_the_chair seed=42 fold=002/002 epoch=001/005 batch=040/041 loss=0.338119 elapsed_s=0.5 status=running
2026-07-02 01:21:26,035 INFO chronaris.pipelines.stage_i.public.deep_baseline_runtime: deep_train batch dataset=uab_workload_dataset model=chronaris_public_fusion track=subjective group=heat_the_chair seed=42 fold=002/002 epoch=001/005 batch=041/041 loss=0.306562 elapsed_s=0.6 status=running
2026-07-02 01:21:26,039 INFO chronaris.pipelines.stage_i.public.deep_baseline_runtime: deep_train epoch_done dataset=uab_workload_dataset model=chronaris_public_fusion track=subjective group=heat_the_chair seed=42 fold=002/002 epoch=001/005 train_loss=0.424762 elapsed_s=0.6
2026-07-02 01:21:26,074 INFO chronaris.pipelines.stage_i.public.deep_baseline_runtime: deep_train epoch_start dataset=uab_workload_dataset model=chronaris_public_fusion track=subjective group=heat_the_chair seed=42 fold=002/002 epoch=002/005 batch_count=41
2026-07-02 01:21:26,092 INFO chronaris.pipelines.stage_i.public.deep_baseline_runtime: deep_train batch dataset=uab_workload_dataset model=chronaris_public_fusion track=subjective group=heat_the_chair seed=42 fold=002/002 epoch=002/005 batch=001/041 loss=0.371023 elapsed_s=0.6 status=running
2026-07-02 01:21:26,349 INFO chronaris.pipelines.stage_i.public.deep_baseline_runtime: deep_train batch dataset=uab_workload_dataset model=chronaris_public_fusion track=subjective group=heat_the_chair seed=42 fold=002/002 epoch=002/005 batch=020/041 loss=0.413932 elapsed_s=0.9 status=running
2026-07-02 01:21:26,621 INFO chronaris.pipelines.stage_i.public.deep_baseline_runtime: deep_train batch dataset=uab_workload_dataset model=chronaris_public_fusion track=subjective group=heat_the_chair seed=42 fold=002/002 epoch=002/005 batch=040/041 loss=0.461200 elapsed_s=1.1 status=running
2026-07-02 01:21:26,640 INFO chronaris.pipelines.stage_i.public.deep_baseline_runtime: deep_train batch dataset=uab_workload_dataset model=chronaris_public_fusion track=subjective group=heat_the_chair seed=42 fold=002/002 epoch=002/005 batch=041/041 loss=0.604023 elapsed_s=1.2 status=running
2026-07-02 01:21:26,644 INFO chronaris.pipelines.stage_i.public.deep_baseline_runtime: deep_train epoch_done dataset=uab_workload_dataset model=chronaris_public_fusion track=subjective group=heat_the_chair seed=42 fold=002/002 epoch=002/005 train_loss=0.431279 elapsed_s=0.6
2026-07-02 01:21:26,684 INFO chronaris.pipelines.stage_i.public.deep_baseline_runtime: deep_train epoch_start dataset=uab_workload_dataset model=chronaris_public_fusion track=subjective group=heat_the_chair seed=42 fold=002/002 epoch=003/005 batch_count=41
2026-07-02 01:21:26,814 INFO chronaris.pipelines.stage_i.public.deep_baseline_runtime: deep_train batch dataset=uab_workload_dataset model=chronaris_public_fusion track=subjective group=heat_the_chair seed=42 fold=002/002 epoch=003/005 batch=001/041 loss=0.372119 elapsed_s=1.3 status=running
2026-07-02 01:21:27,121 INFO chronaris.pipelines.stage_i.public.deep_baseline_runtime: deep_train batch dataset=uab_workload_dataset model=chronaris_public_fusion track=subjective group=heat_the_chair seed=42 fold=002/002 epoch=003/005 batch=020/041 loss=0.392175 elapsed_s=1.6 status=running
2026-07-02 01:21:27,401 INFO chronaris.pipelines.stage_i.public.deep_baseline_runtime: deep_train batch dataset=uab_workload_dataset model=chronaris_public_fusion track=subjective group=heat_the_chair seed=42 fold=002/002 epoch=003/005 batch=040/041 loss=0.428622 elapsed_s=1.9 status=running
2026-07-02 01:21:27,418 INFO chronaris.pipelines.stage_i.public.deep_baseline_runtime: deep_train batch dataset=uab_workload_dataset model=chronaris_public_fusion track=subjective group=heat_the_chair seed=42 fold=002/002 epoch=003/005 batch=041/041 loss=0.324503 elapsed_s=1.9 status=running
2026-07-02 01:21:27,429 INFO chronaris.pipelines.stage_i.public.deep_baseline_runtime: deep_train epoch_done dataset=uab_workload_dataset model=chronaris_public_fusion track=subjective group=heat_the_chair seed=42 fold=002/002 epoch=003/005 train_loss=0.420433 elapsed_s=0.7
2026-07-02 01:21:27,468 INFO chronaris.pipelines.stage_i.public.deep_baseline_runtime: deep_train epoch_start dataset=uab_workload_dataset model=chronaris_public_fusion track=subjective group=heat_the_chair seed=42 fold=002/002 epoch=004/005 batch_count=41
2026-07-02 01:21:27,520 INFO chronaris.pipelines.stage_i.public.deep_baseline_runtime: deep_train batch dataset=uab_workload_dataset model=chronaris_public_fusion track=subjective group=heat_the_chair seed=42 fold=002/002 epoch=004/005 batch=001/041 loss=0.389556 elapsed_s=2.0 status=running
2026-07-02 01:21:27,812 INFO chronaris.pipelines.stage_i.public.deep_baseline_runtime: deep_train batch dataset=uab_workload_dataset model=chronaris_public_fusion track=subjective group=heat_the_chair seed=42 fold=002/002 epoch=004/005 batch=020/041 loss=0.349249 elapsed_s=2.3 status=running
2026-07-02 01:21:28,084 INFO chronaris.pipelines.stage_i.public.deep_baseline_runtime: deep_train batch dataset=uab_workload_dataset model=chronaris_public_fusion track=subjective group=heat_the_chair seed=42 fold=002/002 epoch=004/005 batch=040/041 loss=0.359587 elapsed_s=2.6 status=running
2026-07-02 01:21:28,102 INFO chronaris.pipelines.stage_i.public.deep_baseline_runtime: deep_train batch dataset=uab_workload_dataset model=chronaris_public_fusion track=subjective group=heat_the_chair seed=42 fold=002/002 epoch=004/005 batch=041/041 loss=0.366008 elapsed_s=2.6 status=running
2026-07-02 01:21:28,106 INFO chronaris.pipelines.stage_i.public.deep_baseline_runtime: deep_train epoch_done dataset=uab_workload_dataset model=chronaris_public_fusion track=subjective group=heat_the_chair seed=42 fold=002/002 epoch=004/005 train_loss=0.421693 elapsed_s=0.6
2026-07-02 01:21:28,144 INFO chronaris.pipelines.stage_i.public.deep_baseline_runtime: deep_train epoch_start dataset=uab_workload_dataset model=chronaris_public_fusion track=subjective group=heat_the_chair seed=42 fold=002/002 epoch=005/005 batch_count=41
2026-07-02 01:21:28,183 INFO chronaris.pipelines.stage_i.public.deep_baseline_runtime: deep_train batch dataset=uab_workload_dataset model=chronaris_public_fusion track=subjective group=heat_the_chair seed=42 fold=002/002 epoch=005/005 batch=001/041 loss=0.343162 elapsed_s=2.7 status=running
2026-07-02 01:21:28,487 INFO chronaris.pipelines.stage_i.public.deep_baseline_runtime: deep_train batch dataset=uab_workload_dataset model=chronaris_public_fusion track=subjective group=heat_the_chair seed=42 fold=002/002 epoch=005/005 batch=020/041 loss=0.380463 elapsed_s=3.0 status=running
2026-07-02 01:21:28,758 INFO chronaris.pipelines.stage_i.public.deep_baseline_runtime: deep_train batch dataset=uab_workload_dataset model=chronaris_public_fusion track=subjective group=heat_the_chair seed=42 fold=002/002 epoch=005/005 batch=040/041 loss=0.455216 elapsed_s=3.3 status=running
2026-07-02 01:21:28,777 INFO chronaris.pipelines.stage_i.public.deep_baseline_runtime: deep_train batch dataset=uab_workload_dataset model=chronaris_public_fusion track=subjective group=heat_the_chair seed=42 fold=002/002 epoch=005/005 batch=041/041 loss=0.267161 elapsed_s=3.3 status=running
2026-07-02 01:21:28,782 INFO chronaris.pipelines.stage_i.public.deep_baseline_runtime: deep_train epoch_done dataset=uab_workload_dataset model=chronaris_public_fusion track=subjective group=heat_the_chair seed=42 fold=002/002 epoch=005/005 train_loss=0.418858 elapsed_s=0.6
2026-07-02 01:21:28,819 INFO chronaris.pipelines.stage_i.public.deep_baseline_runtime: deep_train fold_done dataset=uab_workload_dataset model=chronaris_public_fusion track=subjective group=heat_the_chair seed=42 fold=002/002 elapsed_s=3.3
