2026-07-02 01:13:30,581 INFO chronaris.pipelines.stage_i.public.deep_baseline: stage_i_deep_baseline observer start run_id=context_only__seed42 run_root=/home/wangminan/projects/chronaris/docs/artifacts/assets/stage_i_public_fusion_ablation/20260701T-stage-i-public-fusion-ablation-r1/screen/uab_workload_dataset/context_only__seed42
2026-07-02 01:13:35,670 INFO chronaris.pipelines.stage_i.public.deep_baseline_runtime: deep_train fold_start dataset=uab_workload_dataset model=chronaris_public_fusion_context_only track=objective group=n_back seed=42 fold=001/002 split_group=subject_01 task=classification train_count=26164 epochs=5 batch_size=128
2026-07-02 01:13:35,670 INFO chronaris.pipelines.stage_i.public.deep_baseline_runtime: deep_train epoch_start dataset=uab_workload_dataset model=chronaris_public_fusion_context_only track=objective group=n_back seed=42 fold=001/002 epoch=001/005 batch_count=205
2026-07-02 01:13:35,693 INFO chronaris.pipelines.stage_i.public.deep_baseline_runtime: deep_train batch dataset=uab_workload_dataset model=chronaris_public_fusion_context_only track=objective group=n_back seed=42 fold=001/002 epoch=001/005 batch=001/205 loss=1.097350 elapsed_s=0.0 status=running
2026-07-02 01:13:36,031 INFO chronaris.pipelines.stage_i.public.deep_baseline_runtime: deep_train batch dataset=uab_workload_dataset model=chronaris_public_fusion_context_only track=objective group=n_back seed=42 fold=001/002 epoch=001/005 batch=020/205 loss=1.088661 elapsed_s=0.4 status=running
2026-07-02 01:13:36,163 INFO chronaris.pipelines.stage_i.public.deep_baseline_runtime: deep_train batch dataset=uab_workload_dataset model=chronaris_public_fusion_context_only track=objective group=n_back seed=42 fold=001/002 epoch=001/005 batch=040/205 loss=1.112494 elapsed_s=0.5 status=running
2026-07-02 01:13:36,294 INFO chronaris.pipelines.stage_i.public.deep_baseline_runtime: deep_train batch dataset=uab_workload_dataset model=chronaris_public_fusion_context_only track=objective group=n_back seed=42 fold=001/002 epoch=001/005 batch=060/205 loss=1.100087 elapsed_s=0.6 status=running
2026-07-02 01:13:36,426 INFO chronaris.pipelines.stage_i.public.deep_baseline_runtime: deep_train batch dataset=uab_workload_dataset model=chronaris_public_fusion_context_only track=objective group=n_back seed=42 fold=001/002 epoch=001/005 batch=080/205 loss=1.114039 elapsed_s=0.8 status=running
2026-07-02 01:13:36,556 INFO chronaris.pipelines.stage_i.public.deep_baseline_runtime: deep_train batch dataset=uab_workload_dataset model=chronaris_public_fusion_context_only track=objective group=n_back seed=42 fold=001/002 epoch=001/005 batch=100/205 loss=1.100161 elapsed_s=0.9 status=running
2026-07-02 01:13:36,689 INFO chronaris.pipelines.stage_i.public.deep_baseline_runtime: deep_train batch dataset=uab_workload_dataset model=chronaris_public_fusion_context_only track=objective group=n_back seed=42 fold=001/002 epoch=001/005 batch=120/205 loss=1.097744 elapsed_s=1.0 status=running
2026-07-02 01:13:36,821 INFO chronaris.pipelines.stage_i.public.deep_baseline_runtime: deep_train batch dataset=uab_workload_dataset model=chronaris_public_fusion_context_only track=objective group=n_back seed=42 fold=001/002 epoch=001/005 batch=140/205 loss=1.101451 elapsed_s=1.2 status=running
2026-07-02 01:13:36,949 INFO chronaris.pipelines.stage_i.public.deep_baseline_runtime: deep_train batch dataset=uab_workload_dataset model=chronaris_public_fusion_context_only track=objective group=n_back seed=42 fold=001/002 epoch=001/005 batch=160/205 loss=1.098267 elapsed_s=1.3 status=running
2026-07-02 01:13:37,080 INFO chronaris.pipelines.stage_i.public.deep_baseline_runtime: deep_train batch dataset=uab_workload_dataset model=chronaris_public_fusion_context_only track=objective group=n_back seed=42 fold=001/002 epoch=001/005 batch=180/205 loss=1.101533 elapsed_s=1.4 status=running
2026-07-02 01:13:37,213 INFO chronaris.pipelines.stage_i.public.deep_baseline_runtime: deep_train batch dataset=uab_workload_dataset model=chronaris_public_fusion_context_only track=objective group=n_back seed=42 fold=001/002 epoch=001/005 batch=200/205 loss=1.096523 elapsed_s=1.5 status=running
2026-07-02 01:13:37,246 INFO chronaris.pipelines.stage_i.public.deep_baseline_runtime: deep_train batch dataset=uab_workload_dataset model=chronaris_public_fusion_context_only track=objective group=n_back seed=42 fold=001/002 epoch=001/005 batch=205/205 loss=1.107006 elapsed_s=1.6 status=running
2026-07-02 01:13:37,246 INFO chronaris.pipelines.stage_i.public.deep_baseline_runtime: deep_train epoch_done dataset=uab_workload_dataset model=chronaris_public_fusion_context_only track=objective group=n_back seed=42 fold=001/002 epoch=001/005 train_loss=1.101772 elapsed_s=1.6
2026-07-02 01:13:37,264 INFO chronaris.pipelines.stage_i.public.deep_baseline_runtime: deep_train epoch_start dataset=uab_workload_dataset model=chronaris_public_fusion_context_only track=objective group=n_back seed=42 fold=001/002 epoch=002/005 batch_count=205
2026-07-02 01:13:37,273 INFO chronaris.pipelines.stage_i.public.deep_baseline_runtime: deep_train batch dataset=uab_workload_dataset model=chronaris_public_fusion_context_only track=objective group=n_back seed=42 fold=001/002 epoch=002/005 batch=001/205 loss=1.102050 elapsed_s=1.6 status=running
2026-07-02 01:13:37,403 INFO chronaris.pipelines.stage_i.public.deep_baseline_runtime: deep_train batch dataset=uab_workload_dataset model=chronaris_public_fusion_context_only track=objective group=n_back seed=42 fold=001/002 epoch=002/005 batch=020/205 loss=1.102405 elapsed_s=1.7 status=running
2026-07-02 01:13:37,541 INFO chronaris.pipelines.stage_i.public.deep_baseline_runtime: deep_train batch dataset=uab_workload_dataset model=chronaris_public_fusion_context_only track=objective group=n_back seed=42 fold=001/002 epoch=002/005 batch=040/205 loss=1.101760 elapsed_s=1.9 status=running
2026-07-02 01:13:37,674 INFO chronaris.pipelines.stage_i.public.deep_baseline_runtime: deep_train batch dataset=uab_workload_dataset model=chronaris_public_fusion_context_only track=objective group=n_back seed=42 fold=001/002 epoch=002/005 batch=060/205 loss=1.102057 elapsed_s=2.0 status=running
2026-07-02 01:13:37,805 INFO chronaris.pipelines.stage_i.public.deep_baseline_runtime: deep_train batch dataset=uab_workload_dataset model=chronaris_public_fusion_context_only track=objective group=n_back seed=42 fold=001/002 epoch=002/005 batch=080/205 loss=1.098240 elapsed_s=2.1 status=running
2026-07-02 01:13:37,938 INFO chronaris.pipelines.stage_i.public.deep_baseline_runtime: deep_train batch dataset=uab_workload_dataset model=chronaris_public_fusion_context_only track=objective group=n_back seed=42 fold=001/002 epoch=002/005 batch=100/205 loss=1.099092 elapsed_s=2.3 status=running
2026-07-02 01:13:38,069 INFO chronaris.pipelines.stage_i.public.deep_baseline_runtime: deep_train batch dataset=uab_workload_dataset model=chronaris_public_fusion_context_only track=objective group=n_back seed=42 fold=001/002 epoch=002/005 batch=120/205 loss=1.096179 elapsed_s=2.4 status=running
2026-07-02 01:13:38,199 INFO chronaris.pipelines.stage_i.public.deep_baseline_runtime: deep_train batch dataset=uab_workload_dataset model=chronaris_public_fusion_context_only track=objective group=n_back seed=42 fold=001/002 epoch=002/005 batch=140/205 loss=1.106498 elapsed_s=2.5 status=running
2026-07-02 01:13:38,333 INFO chronaris.pipelines.stage_i.public.deep_baseline_runtime: deep_train batch dataset=uab_workload_dataset model=chronaris_public_fusion_context_only track=objective group=n_back seed=42 fold=001/002 epoch=002/005 batch=160/205 loss=1.100087 elapsed_s=2.7 status=running
2026-07-02 01:13:38,463 INFO chronaris.pipelines.stage_i.public.deep_baseline_runtime: deep_train batch dataset=uab_workload_dataset model=chronaris_public_fusion_context_only track=objective group=n_back seed=42 fold=001/002 epoch=002/005 batch=180/205 loss=1.101881 elapsed_s=2.8 status=running
2026-07-02 01:13:38,611 INFO chronaris.pipelines.stage_i.public.deep_baseline_runtime: deep_train batch dataset=uab_workload_dataset model=chronaris_public_fusion_context_only track=objective group=n_back seed=42 fold=001/002 epoch=002/005 batch=200/205 loss=1.101618 elapsed_s=2.9 status=running
2026-07-02 01:13:38,645 INFO chronaris.pipelines.stage_i.public.deep_baseline_runtime: deep_train batch dataset=uab_workload_dataset model=chronaris_public_fusion_context_only track=objective group=n_back seed=42 fold=001/002 epoch=002/005 batch=205/205 loss=1.097932 elapsed_s=3.0 status=running
2026-07-02 01:13:38,646 INFO chronaris.pipelines.stage_i.public.deep_baseline_runtime: deep_train epoch_done dataset=uab_workload_dataset model=chronaris_public_fusion_context_only track=objective group=n_back seed=42 fold=001/002 epoch=002/005 train_loss=1.099479 elapsed_s=1.4
2026-07-02 01:13:38,664 INFO chronaris.pipelines.stage_i.public.deep_baseline_runtime: deep_train epoch_start dataset=uab_workload_dataset model=chronaris_public_fusion_context_only track=objective group=n_back seed=42 fold=001/002 epoch=003/005 batch_count=205
2026-07-02 01:13:38,675 INFO chronaris.pipelines.stage_i.public.deep_baseline_runtime: deep_train batch dataset=uab_workload_dataset model=chronaris_public_fusion_context_only track=objective group=n_back seed=42 fold=001/002 epoch=003/005 batch=001/205 loss=1.100072 elapsed_s=3.0 status=running
2026-07-02 01:13:38,800 INFO chronaris.pipelines.stage_i.public.deep_baseline_runtime: deep_train batch dataset=uab_workload_dataset model=chronaris_public_fusion_context_only track=objective group=n_back seed=42 fold=001/002 epoch=003/005 batch=020/205 loss=1.097555 elapsed_s=3.1 status=running
2026-07-02 01:13:38,932 INFO chronaris.pipelines.stage_i.public.deep_baseline_runtime: deep_train batch dataset=uab_workload_dataset model=chronaris_public_fusion_context_only track=objective group=n_back seed=42 fold=001/002 epoch=003/005 batch=040/205 loss=1.098561 elapsed_s=3.3 status=running
2026-07-02 01:13:39,062 INFO chronaris.pipelines.stage_i.public.deep_baseline_runtime: deep_train batch dataset=uab_workload_dataset model=chronaris_public_fusion_context_only track=objective group=n_back seed=42 fold=001/002 epoch=003/005 batch=060/205 loss=1.098612 elapsed_s=3.4 status=running
2026-07-02 01:13:40,122 INFO chronaris.pipelines.stage_i.public.deep_baseline_runtime: deep_train batch dataset=uab_workload_dataset model=chronaris_public_fusion_context_only track=objective group=n_back seed=42 fold=001/002 epoch=003/005 batch=080/205 loss=1.095267 elapsed_s=3.5 status=running
2026-07-02 01:13:40,292 INFO chronaris.pipelines.stage_i.public.deep_baseline_runtime: deep_train batch dataset=uab_workload_dataset model=chronaris_public_fusion_context_only track=objective group=n_back seed=42 fold=001/002 epoch=003/005 batch=100/205 loss=1.102342 elapsed_s=3.7 status=running
2026-07-02 01:13:42,446 INFO chronaris.pipelines.stage_i.public.deep_baseline_runtime: deep_train batch dataset=uab_workload_dataset model=chronaris_public_fusion_context_only track=objective group=n_back seed=42 fold=001/002 epoch=003/005 batch=120/205 loss=1.099325 elapsed_s=3.8 status=running
2026-07-02 01:13:42,582 INFO chronaris.pipelines.stage_i.public.deep_baseline_runtime: deep_train batch dataset=uab_workload_dataset model=chronaris_public_fusion_context_only track=objective group=n_back seed=42 fold=001/002 epoch=003/005 batch=140/205 loss=1.100859 elapsed_s=4.0 status=running
2026-07-02 01:13:42,715 INFO chronaris.pipelines.stage_i.public.deep_baseline_runtime: deep_train batch dataset=uab_workload_dataset model=chronaris_public_fusion_context_only track=objective group=n_back seed=42 fold=001/002 epoch=003/005 batch=160/205 loss=1.102369 elapsed_s=4.1 status=running
2026-07-02 01:13:42,851 INFO chronaris.pipelines.stage_i.public.deep_baseline_runtime: deep_train batch dataset=uab_workload_dataset model=chronaris_public_fusion_context_only track=objective group=n_back seed=42 fold=001/002 epoch=003/005 batch=180/205 loss=1.100420 elapsed_s=4.2 status=running
2026-07-02 01:13:42,981 INFO chronaris.pipelines.stage_i.public.deep_baseline_runtime: deep_train batch dataset=uab_workload_dataset model=chronaris_public_fusion_context_only track=objective group=n_back seed=42 fold=001/002 epoch=003/005 batch=200/205 loss=1.093968 elapsed_s=4.4 status=running
2026-07-02 01:13:43,014 INFO chronaris.pipelines.stage_i.public.deep_baseline_runtime: deep_train batch dataset=uab_workload_dataset model=chronaris_public_fusion_context_only track=objective group=n_back seed=42 fold=001/002 epoch=003/005 batch=205/205 loss=1.100152 elapsed_s=4.4 status=running
2026-07-02 01:13:43,016 INFO chronaris.pipelines.stage_i.public.deep_baseline_runtime: deep_train epoch_done dataset=uab_workload_dataset model=chronaris_public_fusion_context_only track=objective group=n_back seed=42 fold=001/002 epoch=003/005 train_loss=1.099393 elapsed_s=1.4
2026-07-02 01:13:43,041 INFO chronaris.pipelines.stage_i.public.deep_baseline_runtime: deep_train epoch_start dataset=uab_workload_dataset model=chronaris_public_fusion_context_only track=objective group=n_back seed=42 fold=001/002 epoch=004/005 batch_count=205
2026-07-02 01:13:43,050 INFO chronaris.pipelines.stage_i.public.deep_baseline_runtime: deep_train batch dataset=uab_workload_dataset model=chronaris_public_fusion_context_only track=objective group=n_back seed=42 fold=001/002 epoch=004/005 batch=001/205 loss=1.099157 elapsed_s=4.4 status=running
2026-07-02 01:13:43,253 INFO chronaris.pipelines.stage_i.public.deep_baseline_runtime: deep_train batch dataset=uab_workload_dataset model=chronaris_public_fusion_context_only track=objective group=n_back seed=42 fold=001/002 epoch=004/005 batch=020/205 loss=1.091326 elapsed_s=4.6 status=running
2026-07-02 01:13:43,387 INFO chronaris.pipelines.stage_i.public.deep_baseline_runtime: deep_train batch dataset=uab_workload_dataset model=chronaris_public_fusion_context_only track=objective group=n_back seed=42 fold=001/002 epoch=004/005 batch=040/205 loss=1.099294 elapsed_s=4.8 status=running
2026-07-02 01:13:43,524 INFO chronaris.pipelines.stage_i.public.deep_baseline_runtime: deep_train batch dataset=uab_workload_dataset model=chronaris_public_fusion_context_only track=objective group=n_back seed=42 fold=001/002 epoch=004/005 batch=060/205 loss=1.097304 elapsed_s=4.9 status=running
2026-07-02 01:13:43,660 INFO chronaris.pipelines.stage_i.public.deep_baseline_runtime: deep_train batch dataset=uab_workload_dataset model=chronaris_public_fusion_context_only track=objective group=n_back seed=42 fold=001/002 epoch=004/005 batch=080/205 loss=1.099084 elapsed_s=5.1 status=running
2026-07-02 01:13:43,793 INFO chronaris.pipelines.stage_i.public.deep_baseline_runtime: deep_train batch dataset=uab_workload_dataset model=chronaris_public_fusion_context_only track=objective group=n_back seed=42 fold=001/002 epoch=004/005 batch=100/205 loss=1.099396 elapsed_s=5.2 status=running
2026-07-02 01:13:43,933 INFO chronaris.pipelines.stage_i.public.deep_baseline_runtime: deep_train batch dataset=uab_workload_dataset model=chronaris_public_fusion_context_only track=objective group=n_back seed=42 fold=001/002 epoch=004/005 batch=120/205 loss=1.102613 elapsed_s=5.3 status=running
2026-07-02 01:13:44,069 INFO chronaris.pipelines.stage_i.public.deep_baseline_runtime: deep_train batch dataset=uab_workload_dataset model=chronaris_public_fusion_context_only track=objective group=n_back seed=42 fold=001/002 epoch=004/005 batch=140/205 loss=1.097360 elapsed_s=5.5 status=running
2026-07-02 01:13:44,207 INFO chronaris.pipelines.stage_i.public.deep_baseline_runtime: deep_train batch dataset=uab_workload_dataset model=chronaris_public_fusion_context_only track=objective group=n_back seed=42 fold=001/002 epoch=004/005 batch=160/205 loss=1.101712 elapsed_s=5.6 status=running
2026-07-02 01:13:44,353 INFO chronaris.pipelines.stage_i.public.deep_baseline_runtime: deep_train batch dataset=uab_workload_dataset model=chronaris_public_fusion_context_only track=objective group=n_back seed=42 fold=001/002 epoch=004/005 batch=180/205 loss=1.101002 elapsed_s=5.7 status=running
2026-07-02 01:13:44,491 INFO chronaris.pipelines.stage_i.public.deep_baseline_runtime: deep_train batch dataset=uab_workload_dataset model=chronaris_public_fusion_context_only track=objective group=n_back seed=42 fold=001/002 epoch=004/005 batch=200/205 loss=1.099985 elapsed_s=5.9 status=running
2026-07-02 01:13:44,528 INFO chronaris.pipelines.stage_i.public.deep_baseline_runtime: deep_train batch dataset=uab_workload_dataset model=chronaris_public_fusion_context_only track=objective group=n_back seed=42 fold=001/002 epoch=004/005 batch=205/205 loss=1.097016 elapsed_s=5.9 status=running
2026-07-02 01:13:44,529 INFO chronaris.pipelines.stage_i.public.deep_baseline_runtime: deep_train epoch_done dataset=uab_workload_dataset model=chronaris_public_fusion_context_only track=objective group=n_back seed=42 fold=001/002 epoch=004/005 train_loss=1.099208 elapsed_s=1.5
2026-07-02 01:13:44,549 INFO chronaris.pipelines.stage_i.public.deep_baseline_runtime: deep_train epoch_start dataset=uab_workload_dataset model=chronaris_public_fusion_context_only track=objective group=n_back seed=42 fold=001/002 epoch=005/005 batch_count=205
2026-07-02 01:13:44,559 INFO chronaris.pipelines.stage_i.public.deep_baseline_runtime: deep_train batch dataset=uab_workload_dataset model=chronaris_public_fusion_context_only track=objective group=n_back seed=42 fold=001/002 epoch=005/005 batch=001/205 loss=1.106354 elapsed_s=6.0 status=running
2026-07-02 01:13:44,685 INFO chronaris.pipelines.stage_i.public.deep_baseline_runtime: deep_train batch dataset=uab_workload_dataset model=chronaris_public_fusion_context_only track=objective group=n_back seed=42 fold=001/002 epoch=005/005 batch=020/205 loss=1.100153 elapsed_s=6.1 status=running
2026-07-02 01:13:44,819 INFO chronaris.pipelines.stage_i.public.deep_baseline_runtime: deep_train batch dataset=uab_workload_dataset model=chronaris_public_fusion_context_only track=objective group=n_back seed=42 fold=001/002 epoch=005/005 batch=040/205 loss=1.102444 elapsed_s=6.2 status=running
2026-07-02 01:13:44,952 INFO chronaris.pipelines.stage_i.public.deep_baseline_runtime: deep_train batch dataset=uab_workload_dataset model=chronaris_public_fusion_context_only track=objective group=n_back seed=42 fold=001/002 epoch=005/005 batch=060/205 loss=1.099308 elapsed_s=6.3 status=running
2026-07-02 01:13:45,084 INFO chronaris.pipelines.stage_i.public.deep_baseline_runtime: deep_train batch dataset=uab_workload_dataset model=chronaris_public_fusion_context_only track=objective group=n_back seed=42 fold=001/002 epoch=005/005 batch=080/205 loss=1.100888 elapsed_s=6.5 status=running
2026-07-02 01:13:45,215 INFO chronaris.pipelines.stage_i.public.deep_baseline_runtime: deep_train batch dataset=uab_workload_dataset model=chronaris_public_fusion_context_only track=objective group=n_back seed=42 fold=001/002 epoch=005/005 batch=100/205 loss=1.099779 elapsed_s=6.6 status=running
2026-07-02 01:13:45,350 INFO chronaris.pipelines.stage_i.public.deep_baseline_runtime: deep_train batch dataset=uab_workload_dataset model=chronaris_public_fusion_context_only track=objective group=n_back seed=42 fold=001/002 epoch=005/005 batch=120/205 loss=1.098834 elapsed_s=6.7 status=running
2026-07-02 01:13:45,487 INFO chronaris.pipelines.stage_i.public.deep_baseline_runtime: deep_train batch dataset=uab_workload_dataset model=chronaris_public_fusion_context_only track=objective group=n_back seed=42 fold=001/002 epoch=005/005 batch=140/205 loss=1.097763 elapsed_s=6.9 status=running
2026-07-02 01:13:45,624 INFO chronaris.pipelines.stage_i.public.deep_baseline_runtime: deep_train batch dataset=uab_workload_dataset model=chronaris_public_fusion_context_only track=objective group=n_back seed=42 fold=001/002 epoch=005/005 batch=160/205 loss=1.100374 elapsed_s=7.0 status=running
2026-07-02 01:13:45,757 INFO chronaris.pipelines.stage_i.public.deep_baseline_runtime: deep_train batch dataset=uab_workload_dataset model=chronaris_public_fusion_context_only track=objective group=n_back seed=42 fold=001/002 epoch=005/005 batch=180/205 loss=1.097513 elapsed_s=7.2 status=running
2026-07-02 01:13:45,891 INFO chronaris.pipelines.stage_i.public.deep_baseline_runtime: deep_train batch dataset=uab_workload_dataset model=chronaris_public_fusion_context_only track=objective group=n_back seed=42 fold=001/002 epoch=005/005 batch=200/205 loss=1.096202 elapsed_s=7.3 status=running
2026-07-02 01:13:45,925 INFO chronaris.pipelines.stage_i.public.deep_baseline_runtime: deep_train batch dataset=uab_workload_dataset model=chronaris_public_fusion_context_only track=objective group=n_back seed=42 fold=001/002 epoch=005/005 batch=205/205 loss=1.102149 elapsed_s=7.3 status=running
2026-07-02 01:13:45,927 INFO chronaris.pipelines.stage_i.public.deep_baseline_runtime: deep_train epoch_done dataset=uab_workload_dataset model=chronaris_public_fusion_context_only track=objective group=n_back seed=42 fold=001/002 epoch=005/005 train_loss=1.099238 elapsed_s=1.4
2026-07-02 01:13:45,950 INFO chronaris.pipelines.stage_i.public.deep_baseline_runtime: deep_train fold_done dataset=uab_workload_dataset model=chronaris_public_fusion_context_only track=objective group=n_back seed=42 fold=001/002 elapsed_s=7.3
2026-07-02 01:13:49,466 INFO chronaris.pipelines.stage_i.public.deep_baseline_runtime: deep_train fold_start dataset=uab_workload_dataset model=chronaris_public_fusion_context_only track=objective group=n_back seed=42 fold=002/002 split_group=subject_02 task=classification train_count=26176 epochs=5 batch_size=128
2026-07-02 01:13:49,468 INFO chronaris.pipelines.stage_i.public.deep_baseline_runtime: deep_train epoch_start dataset=uab_workload_dataset model=chronaris_public_fusion_context_only track=objective group=n_back seed=42 fold=002/002 epoch=001/005 batch_count=205
2026-07-02 01:13:49,494 INFO chronaris.pipelines.stage_i.public.deep_baseline_runtime: deep_train batch dataset=uab_workload_dataset model=chronaris_public_fusion_context_only track=objective group=n_back seed=42 fold=002/002 epoch=001/005 batch=001/205 loss=1.100794 elapsed_s=0.0 status=running
2026-07-02 01:13:49,785 INFO chronaris.pipelines.stage_i.public.deep_baseline_runtime: deep_train batch dataset=uab_workload_dataset model=chronaris_public_fusion_context_only track=objective group=n_back seed=42 fold=002/002 epoch=001/005 batch=020/205 loss=1.097244 elapsed_s=0.3 status=running
2026-07-02 01:13:49,917 INFO chronaris.pipelines.stage_i.public.deep_baseline_runtime: deep_train batch dataset=uab_workload_dataset model=chronaris_public_fusion_context_only track=objective group=n_back seed=42 fold=002/002 epoch=001/005 batch=040/205 loss=1.091098 elapsed_s=0.4 status=running
2026-07-02 01:13:50,054 INFO chronaris.pipelines.stage_i.public.deep_baseline_runtime: deep_train batch dataset=uab_workload_dataset model=chronaris_public_fusion_context_only track=objective group=n_back seed=42 fold=002/002 epoch=001/005 batch=060/205 loss=1.102929 elapsed_s=0.6 status=running
2026-07-02 01:13:50,191 INFO chronaris.pipelines.stage_i.public.deep_baseline_runtime: deep_train batch dataset=uab_workload_dataset model=chronaris_public_fusion_context_only track=objective group=n_back seed=42 fold=002/002 epoch=001/005 batch=080/205 loss=1.111494 elapsed_s=0.7 status=running
2026-07-02 01:13:50,324 INFO chronaris.pipelines.stage_i.public.deep_baseline_runtime: deep_train batch dataset=uab_workload_dataset model=chronaris_public_fusion_context_only track=objective group=n_back seed=42 fold=002/002 epoch=001/005 batch=100/205 loss=1.095966 elapsed_s=0.9 status=running
2026-07-02 01:13:50,460 INFO chronaris.pipelines.stage_i.public.deep_baseline_runtime: deep_train batch dataset=uab_workload_dataset model=chronaris_public_fusion_context_only track=objective group=n_back seed=42 fold=002/002 epoch=001/005 batch=120/205 loss=1.092185 elapsed_s=1.0 status=running
2026-07-02 01:13:50,592 INFO chronaris.pipelines.stage_i.public.deep_baseline_runtime: deep_train batch dataset=uab_workload_dataset model=chronaris_public_fusion_context_only track=objective group=n_back seed=42 fold=002/002 epoch=001/005 batch=140/205 loss=1.095219 elapsed_s=1.1 status=running
2026-07-02 01:13:50,724 INFO chronaris.pipelines.stage_i.public.deep_baseline_runtime: deep_train batch dataset=uab_workload_dataset model=chronaris_public_fusion_context_only track=objective group=n_back seed=42 fold=002/002 epoch=001/005 batch=160/205 loss=1.094735 elapsed_s=1.3 status=running
2026-07-02 01:13:50,858 INFO chronaris.pipelines.stage_i.public.deep_baseline_runtime: deep_train batch dataset=uab_workload_dataset model=chronaris_public_fusion_context_only track=objective group=n_back seed=42 fold=002/002 epoch=001/005 batch=180/205 loss=1.103111 elapsed_s=1.4 status=running
2026-07-02 01:13:50,992 INFO chronaris.pipelines.stage_i.public.deep_baseline_runtime: deep_train batch dataset=uab_workload_dataset model=chronaris_public_fusion_context_only track=objective group=n_back seed=42 fold=002/002 epoch=001/005 batch=200/205 loss=1.098732 elapsed_s=1.5 status=running
2026-07-02 01:13:51,028 INFO chronaris.pipelines.stage_i.public.deep_baseline_runtime: deep_train batch dataset=uab_workload_dataset model=chronaris_public_fusion_context_only track=objective group=n_back seed=42 fold=002/002 epoch=001/005 batch=205/205 loss=1.107950 elapsed_s=1.6 status=running
2026-07-02 01:13:51,029 INFO chronaris.pipelines.stage_i.public.deep_baseline_runtime: deep_train epoch_done dataset=uab_workload_dataset model=chronaris_public_fusion_context_only track=objective group=n_back seed=42 fold=002/002 epoch=001/005 train_loss=1.101182 elapsed_s=1.6
2026-07-02 01:13:51,048 INFO chronaris.pipelines.stage_i.public.deep_baseline_runtime: deep_train epoch_start dataset=uab_workload_dataset model=chronaris_public_fusion_context_only track=objective group=n_back seed=42 fold=002/002 epoch=002/005 batch_count=205
2026-07-02 01:13:51,057 INFO chronaris.pipelines.stage_i.public.deep_baseline_runtime: deep_train batch dataset=uab_workload_dataset model=chronaris_public_fusion_context_only track=objective group=n_back seed=42 fold=002/002 epoch=002/005 batch=001/205 loss=1.093349 elapsed_s=1.6 status=running
2026-07-02 01:13:51,180 INFO chronaris.pipelines.stage_i.public.deep_baseline_runtime: deep_train batch dataset=uab_workload_dataset model=chronaris_public_fusion_context_only track=objective group=n_back seed=42 fold=002/002 epoch=002/005 batch=020/205 loss=1.101949 elapsed_s=1.7 status=running
2026-07-02 01:13:51,315 INFO chronaris.pipelines.stage_i.public.deep_baseline_runtime: deep_train batch dataset=uab_workload_dataset model=chronaris_public_fusion_context_only track=objective group=n_back seed=42 fold=002/002 epoch=002/005 batch=040/205 loss=1.099874 elapsed_s=1.8 status=running
2026-07-02 01:13:51,451 INFO chronaris.pipelines.stage_i.public.deep_baseline_runtime: deep_train batch dataset=uab_workload_dataset model=chronaris_public_fusion_context_only track=objective group=n_back seed=42 fold=002/002 epoch=002/005 batch=060/205 loss=1.096709 elapsed_s=2.0 status=running
2026-07-02 01:13:51,584 INFO chronaris.pipelines.stage_i.public.deep_baseline_runtime: deep_train batch dataset=uab_workload_dataset model=chronaris_public_fusion_context_only track=objective group=n_back seed=42 fold=002/002 epoch=002/005 batch=080/205 loss=1.095776 elapsed_s=2.1 status=running
2026-07-02 01:13:51,714 INFO chronaris.pipelines.stage_i.public.deep_baseline_runtime: deep_train batch dataset=uab_workload_dataset model=chronaris_public_fusion_context_only track=objective group=n_back seed=42 fold=002/002 epoch=002/005 batch=100/205 loss=1.100779 elapsed_s=2.2 status=running
2026-07-02 01:13:51,847 INFO chronaris.pipelines.stage_i.public.deep_baseline_runtime: deep_train batch dataset=uab_workload_dataset model=chronaris_public_fusion_context_only track=objective group=n_back seed=42 fold=002/002 epoch=002/005 batch=120/205 loss=1.096805 elapsed_s=2.4 status=running
2026-07-02 01:13:51,979 INFO chronaris.pipelines.stage_i.public.deep_baseline_runtime: deep_train batch dataset=uab_workload_dataset model=chronaris_public_fusion_context_only track=objective group=n_back seed=42 fold=002/002 epoch=002/005 batch=140/205 loss=1.103673 elapsed_s=2.5 status=running
2026-07-02 01:13:52,115 INFO chronaris.pipelines.stage_i.public.deep_baseline_runtime: deep_train batch dataset=uab_workload_dataset model=chronaris_public_fusion_context_only track=objective group=n_back seed=42 fold=002/002 epoch=002/005 batch=160/205 loss=1.098563 elapsed_s=2.6 status=running
2026-07-02 01:13:52,250 INFO chronaris.pipelines.stage_i.public.deep_baseline_runtime: deep_train batch dataset=uab_workload_dataset model=chronaris_public_fusion_context_only track=objective group=n_back seed=42 fold=002/002 epoch=002/005 batch=180/205 loss=1.101938 elapsed_s=2.8 status=running
2026-07-02 01:13:52,384 INFO chronaris.pipelines.stage_i.public.deep_baseline_runtime: deep_train batch dataset=uab_workload_dataset model=chronaris_public_fusion_context_only track=objective group=n_back seed=42 fold=002/002 epoch=002/005 batch=200/205 loss=1.099662 elapsed_s=2.9 status=running
2026-07-02 01:13:52,418 INFO chronaris.pipelines.stage_i.public.deep_baseline_runtime: deep_train batch dataset=uab_workload_dataset model=chronaris_public_fusion_context_only track=objective group=n_back seed=42 fold=002/002 epoch=002/005 batch=205/205 loss=1.099728 elapsed_s=3.0 status=running
2026-07-02 01:13:52,421 INFO chronaris.pipelines.stage_i.public.deep_baseline_runtime: deep_train epoch_done dataset=uab_workload_dataset model=chronaris_public_fusion_context_only track=objective group=n_back seed=42 fold=002/002 epoch=002/005 train_loss=1.099422 elapsed_s=1.4
2026-07-02 01:13:52,440 INFO chronaris.pipelines.stage_i.public.deep_baseline_runtime: deep_train epoch_start dataset=uab_workload_dataset model=chronaris_public_fusion_context_only track=objective group=n_back seed=42 fold=002/002 epoch=003/005 batch_count=205
2026-07-02 01:13:52,450 INFO chronaris.pipelines.stage_i.public.deep_baseline_runtime: deep_train batch dataset=uab_workload_dataset model=chronaris_public_fusion_context_only track=objective group=n_back seed=42 fold=002/002 epoch=003/005 batch=001/205 loss=1.097267 elapsed_s=3.0 status=running
2026-07-02 01:13:52,584 INFO chronaris.pipelines.stage_i.public.deep_baseline_runtime: deep_train batch dataset=uab_workload_dataset model=chronaris_public_fusion_context_only track=objective group=n_back seed=42 fold=002/002 epoch=003/005 batch=020/205 loss=1.099497 elapsed_s=3.1 status=running
2026-07-02 01:13:52,717 INFO chronaris.pipelines.stage_i.public.deep_baseline_runtime: deep_train batch dataset=uab_workload_dataset model=chronaris_public_fusion_context_only track=objective group=n_back seed=42 fold=002/002 epoch=003/005 batch=040/205 loss=1.110054 elapsed_s=3.2 status=running
2026-07-02 01:13:52,859 INFO chronaris.pipelines.stage_i.public.deep_baseline_runtime: deep_train batch dataset=uab_workload_dataset model=chronaris_public_fusion_context_only track=objective group=n_back seed=42 fold=002/002 epoch=003/005 batch=060/205 loss=1.098492 elapsed_s=3.4 status=running
2026-07-02 01:13:52,991 INFO chronaris.pipelines.stage_i.public.deep_baseline_runtime: deep_train batch dataset=uab_workload_dataset model=chronaris_public_fusion_context_only track=objective group=n_back seed=42 fold=002/002 epoch=003/005 batch=080/205 loss=1.097941 elapsed_s=3.5 status=running
2026-07-02 01:13:53,124 INFO chronaris.pipelines.stage_i.public.deep_baseline_runtime: deep_train batch dataset=uab_workload_dataset model=chronaris_public_fusion_context_only track=objective group=n_back seed=42 fold=002/002 epoch=003/005 batch=100/205 loss=1.102385 elapsed_s=3.7 status=running
2026-07-02 01:13:53,253 INFO chronaris.pipelines.stage_i.public.deep_baseline_runtime: deep_train batch dataset=uab_workload_dataset model=chronaris_public_fusion_context_only track=objective group=n_back seed=42 fold=002/002 epoch=003/005 batch=120/205 loss=1.101924 elapsed_s=3.8 status=running
2026-07-02 01:13:53,384 INFO chronaris.pipelines.stage_i.public.deep_baseline_runtime: deep_train batch dataset=uab_workload_dataset model=chronaris_public_fusion_context_only track=objective group=n_back seed=42 fold=002/002 epoch=003/005 batch=140/205 loss=1.101133 elapsed_s=3.9 status=running
2026-07-02 01:13:53,513 INFO chronaris.pipelines.stage_i.public.deep_baseline_runtime: deep_train batch dataset=uab_workload_dataset model=chronaris_public_fusion_context_only track=objective group=n_back seed=42 fold=002/002 epoch=003/005 batch=160/205 loss=1.100333 elapsed_s=4.0 status=running
2026-07-02 01:13:53,652 INFO chronaris.pipelines.stage_i.public.deep_baseline_runtime: deep_train batch dataset=uab_workload_dataset model=chronaris_public_fusion_context_only track=objective group=n_back seed=42 fold=002/002 epoch=003/005 batch=180/205 loss=1.100939 elapsed_s=4.2 status=running
2026-07-02 01:13:53,782 INFO chronaris.pipelines.stage_i.public.deep_baseline_runtime: deep_train batch dataset=uab_workload_dataset model=chronaris_public_fusion_context_only track=objective group=n_back seed=42 fold=002/002 epoch=003/005 batch=200/205 loss=1.096970 elapsed_s=4.3 status=running
2026-07-02 01:13:53,817 INFO chronaris.pipelines.stage_i.public.deep_baseline_runtime: deep_train batch dataset=uab_workload_dataset model=chronaris_public_fusion_context_only track=objective group=n_back seed=42 fold=002/002 epoch=003/005 batch=205/205 loss=1.096140 elapsed_s=4.3 status=running
2026-07-02 01:13:53,820 INFO chronaris.pipelines.stage_i.public.deep_baseline_runtime: deep_train epoch_done dataset=uab_workload_dataset model=chronaris_public_fusion_context_only track=objective group=n_back seed=42 fold=002/002 epoch=003/005 train_loss=1.099578 elapsed_s=1.4
2026-07-02 01:13:53,840 INFO chronaris.pipelines.stage_i.public.deep_baseline_runtime: deep_train epoch_start dataset=uab_workload_dataset model=chronaris_public_fusion_context_only track=objective group=n_back seed=42 fold=002/002 epoch=004/005 batch_count=205
2026-07-02 01:13:53,851 INFO chronaris.pipelines.stage_i.public.deep_baseline_runtime: deep_train batch dataset=uab_workload_dataset model=chronaris_public_fusion_context_only track=objective group=n_back seed=42 fold=002/002 epoch=004/005 batch=001/205 loss=1.097215 elapsed_s=4.4 status=running
2026-07-02 01:13:53,976 INFO chronaris.pipelines.stage_i.public.deep_baseline_runtime: deep_train batch dataset=uab_workload_dataset model=chronaris_public_fusion_context_only track=objective group=n_back seed=42 fold=002/002 epoch=004/005 batch=020/205 loss=1.100055 elapsed_s=4.5 status=running
2026-07-02 01:13:54,112 INFO chronaris.pipelines.stage_i.public.deep_baseline_runtime: deep_train batch dataset=uab_workload_dataset model=chronaris_public_fusion_context_only track=objective group=n_back seed=42 fold=002/002 epoch=004/005 batch=040/205 loss=1.103032 elapsed_s=4.6 status=running
2026-07-02 01:13:54,248 INFO chronaris.pipelines.stage_i.public.deep_baseline_runtime: deep_train batch dataset=uab_workload_dataset model=chronaris_public_fusion_context_only track=objective group=n_back seed=42 fold=002/002 epoch=004/005 batch=060/205 loss=1.098846 elapsed_s=4.8 status=running
2026-07-02 01:13:54,381 INFO chronaris.pipelines.stage_i.public.deep_baseline_runtime: deep_train batch dataset=uab_workload_dataset model=chronaris_public_fusion_context_only track=objective group=n_back seed=42 fold=002/002 epoch=004/005 batch=080/205 loss=1.098618 elapsed_s=4.9 status=running
2026-07-02 01:13:54,515 INFO chronaris.pipelines.stage_i.public.deep_baseline_runtime: deep_train batch dataset=uab_workload_dataset model=chronaris_public_fusion_context_only track=objective group=n_back seed=42 fold=002/002 epoch=004/005 batch=100/205 loss=1.098025 elapsed_s=5.0 status=running
2026-07-02 01:13:54,647 INFO chronaris.pipelines.stage_i.public.deep_baseline_runtime: deep_train batch dataset=uab_workload_dataset model=chronaris_public_fusion_context_only track=objective group=n_back seed=42 fold=002/002 epoch=004/005 batch=120/205 loss=1.099998 elapsed_s=5.2 status=running
2026-07-02 01:13:54,777 INFO chronaris.pipelines.stage_i.public.deep_baseline_runtime: deep_train batch dataset=uab_workload_dataset model=chronaris_public_fusion_context_only track=objective group=n_back seed=42 fold=002/002 epoch=004/005 batch=140/205 loss=1.099546 elapsed_s=5.3 status=running
2026-07-02 01:13:54,921 INFO chronaris.pipelines.stage_i.public.deep_baseline_runtime: deep_train batch dataset=uab_workload_dataset model=chronaris_public_fusion_context_only track=objective group=n_back seed=42 fold=002/002 epoch=004/005 batch=160/205 loss=1.097056 elapsed_s=5.5 status=running
2026-07-02 01:13:55,052 INFO chronaris.pipelines.stage_i.public.deep_baseline_runtime: deep_train batch dataset=uab_workload_dataset model=chronaris_public_fusion_context_only track=objective group=n_back seed=42 fold=002/002 epoch=004/005 batch=180/205 loss=1.103496 elapsed_s=5.6 status=running
2026-07-02 01:13:55,183 INFO chronaris.pipelines.stage_i.public.deep_baseline_runtime: deep_train batch dataset=uab_workload_dataset model=chronaris_public_fusion_context_only track=objective group=n_back seed=42 fold=002/002 epoch=004/005 batch=200/205 loss=1.099469 elapsed_s=5.7 status=running
2026-07-02 01:13:55,216 INFO chronaris.pipelines.stage_i.public.deep_baseline_runtime: deep_train batch dataset=uab_workload_dataset model=chronaris_public_fusion_context_only track=objective group=n_back seed=42 fold=002/002 epoch=004/005 batch=205/205 loss=1.096952 elapsed_s=5.7 status=running
2026-07-02 01:13:55,219 INFO chronaris.pipelines.stage_i.public.deep_baseline_runtime: deep_train epoch_done dataset=uab_workload_dataset model=chronaris_public_fusion_context_only track=objective group=n_back seed=42 fold=002/002 epoch=004/005 train_loss=1.099162 elapsed_s=1.4
2026-07-02 01:13:55,241 INFO chronaris.pipelines.stage_i.public.deep_baseline_runtime: deep_train epoch_start dataset=uab_workload_dataset model=chronaris_public_fusion_context_only track=objective group=n_back seed=42 fold=002/002 epoch=005/005 batch_count=205
2026-07-02 01:13:55,252 INFO chronaris.pipelines.stage_i.public.deep_baseline_runtime: deep_train batch dataset=uab_workload_dataset model=chronaris_public_fusion_context_only track=objective group=n_back seed=42 fold=002/002 epoch=005/005 batch=001/205 loss=1.095626 elapsed_s=5.8 status=running
2026-07-02 01:13:55,381 INFO chronaris.pipelines.stage_i.public.deep_baseline_runtime: deep_train batch dataset=uab_workload_dataset model=chronaris_public_fusion_context_only track=objective group=n_back seed=42 fold=002/002 epoch=005/005 batch=020/205 loss=1.096059 elapsed_s=5.9 status=running
2026-07-02 01:13:55,512 INFO chronaris.pipelines.stage_i.public.deep_baseline_runtime: deep_train batch dataset=uab_workload_dataset model=chronaris_public_fusion_context_only track=objective group=n_back seed=42 fold=002/002 epoch=005/005 batch=040/205 loss=1.104973 elapsed_s=6.0 status=running
2026-07-02 01:13:55,646 INFO chronaris.pipelines.stage_i.public.deep_baseline_runtime: deep_train batch dataset=uab_workload_dataset model=chronaris_public_fusion_context_only track=objective group=n_back seed=42 fold=002/002 epoch=005/005 batch=060/205 loss=1.099054 elapsed_s=6.2 status=running
2026-07-02 01:13:55,782 INFO chronaris.pipelines.stage_i.public.deep_baseline_runtime: deep_train batch dataset=uab_workload_dataset model=chronaris_public_fusion_context_only track=objective group=n_back seed=42 fold=002/002 epoch=005/005 batch=080/205 loss=1.097932 elapsed_s=6.3 status=running
2026-07-02 01:13:55,916 INFO chronaris.pipelines.stage_i.public.deep_baseline_runtime: deep_train batch dataset=uab_workload_dataset model=chronaris_public_fusion_context_only track=objective group=n_back seed=42 fold=002/002 epoch=005/005 batch=100/205 loss=1.097079 elapsed_s=6.4 status=running
2026-07-02 01:13:56,048 INFO chronaris.pipelines.stage_i.public.deep_baseline_runtime: deep_train batch dataset=uab_workload_dataset model=chronaris_public_fusion_context_only track=objective group=n_back seed=42 fold=002/002 epoch=005/005 batch=120/205 loss=1.100418 elapsed_s=6.6 status=running
2026-07-02 01:13:56,178 INFO chronaris.pipelines.stage_i.public.deep_baseline_runtime: deep_train batch dataset=uab_workload_dataset model=chronaris_public_fusion_context_only track=objective group=n_back seed=42 fold=002/002 epoch=005/005 batch=140/205 loss=1.095632 elapsed_s=6.7 status=running
2026-07-02 01:13:56,308 INFO chronaris.pipelines.stage_i.public.deep_baseline_runtime: deep_train batch dataset=uab_workload_dataset model=chronaris_public_fusion_context_only track=objective group=n_back seed=42 fold=002/002 epoch=005/005 batch=160/205 loss=1.099824 elapsed_s=6.8 status=running
2026-07-02 01:13:56,452 INFO chronaris.pipelines.stage_i.public.deep_baseline_runtime: deep_train batch dataset=uab_workload_dataset model=chronaris_public_fusion_context_only track=objective group=n_back seed=42 fold=002/002 epoch=005/005 batch=180/205 loss=1.098026 elapsed_s=7.0 status=running
2026-07-02 01:13:56,586 INFO chronaris.pipelines.stage_i.public.deep_baseline_runtime: deep_train batch dataset=uab_workload_dataset model=chronaris_public_fusion_context_only track=objective group=n_back seed=42 fold=002/002 epoch=005/005 batch=200/205 loss=1.097672 elapsed_s=7.1 status=running
2026-07-02 01:13:56,620 INFO chronaris.pipelines.stage_i.public.deep_baseline_runtime: deep_train batch dataset=uab_workload_dataset model=chronaris_public_fusion_context_only track=objective group=n_back seed=42 fold=002/002 epoch=005/005 batch=205/205 loss=1.104458 elapsed_s=7.2 status=running
2026-07-02 01:13:56,623 INFO chronaris.pipelines.stage_i.public.deep_baseline_runtime: deep_train epoch_done dataset=uab_workload_dataset model=chronaris_public_fusion_context_only track=objective group=n_back seed=42 fold=002/002 epoch=005/005 train_loss=1.099234 elapsed_s=1.4
2026-07-02 01:13:56,643 INFO chronaris.pipelines.stage_i.public.deep_baseline_runtime: deep_train fold_done dataset=uab_workload_dataset model=chronaris_public_fusion_context_only track=objective group=n_back seed=42 fold=002/002 elapsed_s=7.2
2026-07-02 01:13:59,337 INFO chronaris.pipelines.stage_i.public.deep_baseline_runtime: deep_train fold_start dataset=uab_workload_dataset model=chronaris_public_fusion_context_only track=objective group=heat_the_chair seed=42 fold=001/002 split_group=subject_01 task=classification train_count=5116 epochs=5 batch_size=128
2026-07-02 01:13:59,340 INFO chronaris.pipelines.stage_i.public.deep_baseline_runtime: deep_train epoch_start dataset=uab_workload_dataset model=chronaris_public_fusion_context_only track=objective group=heat_the_chair seed=42 fold=001/002 epoch=001/005 batch_count=40
2026-07-02 01:13:59,356 INFO chronaris.pipelines.stage_i.public.deep_baseline_runtime: deep_train batch dataset=uab_workload_dataset model=chronaris_public_fusion_context_only track=objective group=heat_the_chair seed=42 fold=001/002 epoch=001/005 batch=001/040 loss=0.708489 elapsed_s=0.0 status=running
2026-07-02 01:13:59,555 INFO chronaris.pipelines.stage_i.public.deep_baseline_runtime: deep_train batch dataset=uab_workload_dataset model=chronaris_public_fusion_context_only track=objective group=heat_the_chair seed=42 fold=001/002 epoch=001/005 batch=020/040 loss=0.711811 elapsed_s=0.2 status=running
2026-07-02 01:13:59,721 INFO chronaris.pipelines.stage_i.public.deep_baseline_runtime: deep_train batch dataset=uab_workload_dataset model=chronaris_public_fusion_context_only track=objective group=heat_the_chair seed=42 fold=001/002 epoch=001/005 batch=040/040 loss=0.697937 elapsed_s=0.4 status=running
2026-07-02 01:13:59,723 INFO chronaris.pipelines.stage_i.public.deep_baseline_runtime: deep_train epoch_done dataset=uab_workload_dataset model=chronaris_public_fusion_context_only track=objective group=heat_the_chair seed=42 fold=001/002 epoch=001/005 train_loss=0.697932 elapsed_s=0.4
2026-07-02 01:13:59,743 INFO chronaris.pipelines.stage_i.public.deep_baseline_runtime: deep_train epoch_start dataset=uab_workload_dataset model=chronaris_public_fusion_context_only track=objective group=heat_the_chair seed=42 fold=001/002 epoch=002/005 batch_count=40
2026-07-02 01:13:59,752 INFO chronaris.pipelines.stage_i.public.deep_baseline_runtime: deep_train batch dataset=uab_workload_dataset model=chronaris_public_fusion_context_only track=objective group=heat_the_chair seed=42 fold=001/002 epoch=002/005 batch=001/040 loss=0.690847 elapsed_s=0.4 status=running
2026-07-02 01:13:59,881 INFO chronaris.pipelines.stage_i.public.deep_baseline_runtime: deep_train batch dataset=uab_workload_dataset model=chronaris_public_fusion_context_only track=objective group=heat_the_chair seed=42 fold=001/002 epoch=002/005 batch=020/040 loss=0.694623 elapsed_s=0.5 status=running
2026-07-02 01:14:00,021 INFO chronaris.pipelines.stage_i.public.deep_baseline_runtime: deep_train batch dataset=uab_workload_dataset model=chronaris_public_fusion_context_only track=objective group=heat_the_chair seed=42 fold=001/002 epoch=002/005 batch=040/040 loss=0.693992 elapsed_s=0.7 status=running
2026-07-02 01:14:00,024 INFO chronaris.pipelines.stage_i.public.deep_baseline_runtime: deep_train epoch_done dataset=uab_workload_dataset model=chronaris_public_fusion_context_only track=objective group=heat_the_chair seed=42 fold=001/002 epoch=002/005 train_loss=0.695419 elapsed_s=0.3
2026-07-02 01:14:00,045 INFO chronaris.pipelines.stage_i.public.deep_baseline_runtime: deep_train epoch_start dataset=uab_workload_dataset model=chronaris_public_fusion_context_only track=objective group=heat_the_chair seed=42 fold=001/002 epoch=003/005 batch_count=40
2026-07-02 01:14:00,055 INFO chronaris.pipelines.stage_i.public.deep_baseline_runtime: deep_train batch dataset=uab_workload_dataset model=chronaris_public_fusion_context_only track=objective group=heat_the_chair seed=42 fold=001/002 epoch=003/005 batch=001/040 loss=0.696143 elapsed_s=0.7 status=running
2026-07-02 01:14:00,185 INFO chronaris.pipelines.stage_i.public.deep_baseline_runtime: deep_train batch dataset=uab_workload_dataset model=chronaris_public_fusion_context_only track=objective group=heat_the_chair seed=42 fold=001/002 epoch=003/005 batch=020/040 loss=0.696470 elapsed_s=0.8 status=running
2026-07-02 01:14:00,328 INFO chronaris.pipelines.stage_i.public.deep_baseline_runtime: deep_train batch dataset=uab_workload_dataset model=chronaris_public_fusion_context_only track=objective group=heat_the_chair seed=42 fold=001/002 epoch=003/005 batch=040/040 loss=0.685695 elapsed_s=1.0 status=running
2026-07-02 01:14:00,332 INFO chronaris.pipelines.stage_i.public.deep_baseline_runtime: deep_train epoch_done dataset=uab_workload_dataset model=chronaris_public_fusion_context_only track=objective group=heat_the_chair seed=42 fold=001/002 epoch=003/005 train_loss=0.694089 elapsed_s=0.3
2026-07-02 01:14:00,352 INFO chronaris.pipelines.stage_i.public.deep_baseline_runtime: deep_train epoch_start dataset=uab_workload_dataset model=chronaris_public_fusion_context_only track=objective group=heat_the_chair seed=42 fold=001/002 epoch=004/005 batch_count=40
2026-07-02 01:14:00,362 INFO chronaris.pipelines.stage_i.public.deep_baseline_runtime: deep_train batch dataset=uab_workload_dataset model=chronaris_public_fusion_context_only track=objective group=heat_the_chair seed=42 fold=001/002 epoch=004/005 batch=001/040 loss=0.689312 elapsed_s=1.0 status=running
2026-07-02 01:14:00,489 INFO chronaris.pipelines.stage_i.public.deep_baseline_runtime: deep_train batch dataset=uab_workload_dataset model=chronaris_public_fusion_context_only track=objective group=heat_the_chair seed=42 fold=001/002 epoch=004/005 batch=020/040 loss=0.694368 elapsed_s=1.1 status=running
2026-07-02 01:14:00,623 INFO chronaris.pipelines.stage_i.public.deep_baseline_runtime: deep_train batch dataset=uab_workload_dataset model=chronaris_public_fusion_context_only track=objective group=heat_the_chair seed=42 fold=001/002 epoch=004/005 batch=040/040 loss=0.691585 elapsed_s=1.3 status=running
2026-07-02 01:14:00,627 INFO chronaris.pipelines.stage_i.public.deep_baseline_runtime: deep_train epoch_done dataset=uab_workload_dataset model=chronaris_public_fusion_context_only track=objective group=heat_the_chair seed=42 fold=001/002 epoch=004/005 train_loss=0.694263 elapsed_s=0.3
2026-07-02 01:14:00,647 INFO chronaris.pipelines.stage_i.public.deep_baseline_runtime: deep_train epoch_start dataset=uab_workload_dataset model=chronaris_public_fusion_context_only track=objective group=heat_the_chair seed=42 fold=001/002 epoch=005/005 batch_count=40
2026-07-02 01:14:00,657 INFO chronaris.pipelines.stage_i.public.deep_baseline_runtime: deep_train batch dataset=uab_workload_dataset model=chronaris_public_fusion_context_only track=objective group=heat_the_chair seed=42 fold=001/002 epoch=005/005 batch=001/040 loss=0.692214 elapsed_s=1.3 status=running
2026-07-02 01:14:00,827 INFO chronaris.pipelines.stage_i.public.deep_baseline_runtime: deep_train batch dataset=uab_workload_dataset model=chronaris_public_fusion_context_only track=objective group=heat_the_chair seed=42 fold=001/002 epoch=005/005 batch=020/040 loss=0.702088 elapsed_s=1.5 status=running
2026-07-02 01:14:00,962 INFO chronaris.pipelines.stage_i.public.deep_baseline_runtime: deep_train batch dataset=uab_workload_dataset model=chronaris_public_fusion_context_only track=objective group=heat_the_chair seed=42 fold=001/002 epoch=005/005 batch=040/040 loss=0.704358 elapsed_s=1.6 status=running
2026-07-02 01:14:00,965 INFO chronaris.pipelines.stage_i.public.deep_baseline_runtime: deep_train epoch_done dataset=uab_workload_dataset model=chronaris_public_fusion_context_only track=objective group=heat_the_chair seed=42 fold=001/002 epoch=005/005 train_loss=0.693839 elapsed_s=0.3
2026-07-02 01:14:00,986 INFO chronaris.pipelines.stage_i.public.deep_baseline_runtime: deep_train fold_done dataset=uab_workload_dataset model=chronaris_public_fusion_context_only track=objective group=heat_the_chair seed=42 fold=001/002 elapsed_s=1.6
2026-07-02 01:14:02,434 INFO chronaris.pipelines.stage_i.public.deep_baseline_runtime: deep_train fold_start dataset=uab_workload_dataset model=chronaris_public_fusion_context_only track=objective group=heat_the_chair seed=42 fold=002/002 split_group=subject_02 task=classification train_count=5126 epochs=5 batch_size=128
2026-07-02 01:14:02,438 INFO chronaris.pipelines.stage_i.public.deep_baseline_runtime: deep_train epoch_start dataset=uab_workload_dataset model=chronaris_public_fusion_context_only track=objective group=heat_the_chair seed=42 fold=002/002 epoch=001/005 batch_count=41
2026-07-02 01:14:02,451 INFO chronaris.pipelines.stage_i.public.deep_baseline_runtime: deep_train batch dataset=uab_workload_dataset model=chronaris_public_fusion_context_only track=objective group=heat_the_chair seed=42 fold=002/002 epoch=001/005 batch=001/041 loss=0.711740 elapsed_s=0.0 status=running
2026-07-02 01:14:02,577 INFO chronaris.pipelines.stage_i.public.deep_baseline_runtime: deep_train batch dataset=uab_workload_dataset model=chronaris_public_fusion_context_only track=objective group=heat_the_chair seed=42 fold=002/002 epoch=001/005 batch=020/041 loss=0.699778 elapsed_s=0.1 status=running
2026-07-02 01:14:02,713 INFO chronaris.pipelines.stage_i.public.deep_baseline_runtime: deep_train batch dataset=uab_workload_dataset model=chronaris_public_fusion_context_only track=objective group=heat_the_chair seed=42 fold=002/002 epoch=001/005 batch=040/041 loss=0.692068 elapsed_s=0.3 status=running
2026-07-02 01:14:02,723 INFO chronaris.pipelines.stage_i.public.deep_baseline_runtime: deep_train batch dataset=uab_workload_dataset model=chronaris_public_fusion_context_only track=objective group=heat_the_chair seed=42 fold=002/002 epoch=001/005 batch=041/041 loss=0.697181 elapsed_s=0.3 status=running
2026-07-02 01:14:02,727 INFO chronaris.pipelines.stage_i.public.deep_baseline_runtime: deep_train epoch_done dataset=uab_workload_dataset model=chronaris_public_fusion_context_only track=objective group=heat_the_chair seed=42 fold=002/002 epoch=001/005 train_loss=0.697594 elapsed_s=0.3
2026-07-02 01:14:02,747 INFO chronaris.pipelines.stage_i.public.deep_baseline_runtime: deep_train epoch_start dataset=uab_workload_dataset model=chronaris_public_fusion_context_only track=objective group=heat_the_chair seed=42 fold=002/002 epoch=002/005 batch_count=41
2026-07-02 01:14:02,758 INFO chronaris.pipelines.stage_i.public.deep_baseline_runtime: deep_train batch dataset=uab_workload_dataset model=chronaris_public_fusion_context_only track=objective group=heat_the_chair seed=42 fold=002/002 epoch=002/005 batch=001/041 loss=0.688220 elapsed_s=0.3 status=running
2026-07-02 01:14:02,884 INFO chronaris.pipelines.stage_i.public.deep_baseline_runtime: deep_train batch dataset=uab_workload_dataset model=chronaris_public_fusion_context_only track=objective group=heat_the_chair seed=42 fold=002/002 epoch=002/005 batch=020/041 loss=0.693065 elapsed_s=0.4 status=running
2026-07-02 01:14:03,017 INFO chronaris.pipelines.stage_i.public.deep_baseline_runtime: deep_train batch dataset=uab_workload_dataset model=chronaris_public_fusion_context_only track=objective group=heat_the_chair seed=42 fold=002/002 epoch=002/005 batch=040/041 loss=0.696611 elapsed_s=0.6 status=running
2026-07-02 01:14:03,028 INFO chronaris.pipelines.stage_i.public.deep_baseline_runtime: deep_train batch dataset=uab_workload_dataset model=chronaris_public_fusion_context_only track=objective group=heat_the_chair seed=42 fold=002/002 epoch=002/005 batch=041/041 loss=0.693349 elapsed_s=0.6 status=running
2026-07-02 01:14:03,032 INFO chronaris.pipelines.stage_i.public.deep_baseline_runtime: deep_train epoch_done dataset=uab_workload_dataset model=chronaris_public_fusion_context_only track=objective group=heat_the_chair seed=42 fold=002/002 epoch=002/005 train_loss=0.695012 elapsed_s=0.3
2026-07-02 01:14:03,053 INFO chronaris.pipelines.stage_i.public.deep_baseline_runtime: deep_train epoch_start dataset=uab_workload_dataset model=chronaris_public_fusion_context_only track=objective group=heat_the_chair seed=42 fold=002/002 epoch=003/005 batch_count=41
2026-07-02 01:14:03,063 INFO chronaris.pipelines.stage_i.public.deep_baseline_runtime: deep_train batch dataset=uab_workload_dataset model=chronaris_public_fusion_context_only track=objective group=heat_the_chair seed=42 fold=002/002 epoch=003/005 batch=001/041 loss=0.688685 elapsed_s=0.6 status=running
2026-07-02 01:14:03,189 INFO chronaris.pipelines.stage_i.public.deep_baseline_runtime: deep_train batch dataset=uab_workload_dataset model=chronaris_public_fusion_context_only track=objective group=heat_the_chair seed=42 fold=002/002 epoch=003/005 batch=020/041 loss=0.701264 elapsed_s=0.8 status=running
2026-07-02 01:14:03,330 INFO chronaris.pipelines.stage_i.public.deep_baseline_runtime: deep_train batch dataset=uab_workload_dataset model=chronaris_public_fusion_context_only track=objective group=heat_the_chair seed=42 fold=002/002 epoch=003/005 batch=040/041 loss=0.693361 elapsed_s=0.9 status=running
2026-07-02 01:14:03,340 INFO chronaris.pipelines.stage_i.public.deep_baseline_runtime: deep_train batch dataset=uab_workload_dataset model=chronaris_public_fusion_context_only track=objective group=heat_the_chair seed=42 fold=002/002 epoch=003/005 batch=041/041 loss=0.689929 elapsed_s=0.9 status=running
2026-07-02 01:14:03,343 INFO chronaris.pipelines.stage_i.public.deep_baseline_runtime: deep_train epoch_done dataset=uab_workload_dataset model=chronaris_public_fusion_context_only track=objective group=heat_the_chair seed=42 fold=002/002 epoch=003/005 train_loss=0.694699 elapsed_s=0.3
2026-07-02 01:14:03,364 INFO chronaris.pipelines.stage_i.public.deep_baseline_runtime: deep_train epoch_start dataset=uab_workload_dataset model=chronaris_public_fusion_context_only track=objective group=heat_the_chair seed=42 fold=002/002 epoch=004/005 batch_count=41
2026-07-02 01:14:03,375 INFO chronaris.pipelines.stage_i.public.deep_baseline_runtime: deep_train batch dataset=uab_workload_dataset model=chronaris_public_fusion_context_only track=objective group=heat_the_chair seed=42 fold=002/002 epoch=004/005 batch=001/041 loss=0.693943 elapsed_s=0.9 status=running
2026-07-02 01:14:03,507 INFO chronaris.pipelines.stage_i.public.deep_baseline_runtime: deep_train batch dataset=uab_workload_dataset model=chronaris_public_fusion_context_only track=objective group=heat_the_chair seed=42 fold=002/002 epoch=004/005 batch=020/041 loss=0.691656 elapsed_s=1.1 status=running
2026-07-02 01:14:03,644 INFO chronaris.pipelines.stage_i.public.deep_baseline_runtime: deep_train batch dataset=uab_workload_dataset model=chronaris_public_fusion_context_only track=objective group=heat_the_chair seed=42 fold=002/002 epoch=004/005 batch=040/041 loss=0.695969 elapsed_s=1.2 status=running
2026-07-02 01:14:03,657 INFO chronaris.pipelines.stage_i.public.deep_baseline_runtime: deep_train batch dataset=uab_workload_dataset model=chronaris_public_fusion_context_only track=objective group=heat_the_chair seed=42 fold=002/002 epoch=004/005 batch=041/041 loss=0.702731 elapsed_s=1.2 status=running
2026-07-02 01:14:03,660 INFO chronaris.pipelines.stage_i.public.deep_baseline_runtime: deep_train epoch_done dataset=uab_workload_dataset model=chronaris_public_fusion_context_only track=objective group=heat_the_chair seed=42 fold=002/002 epoch=004/005 train_loss=0.694910 elapsed_s=0.3
2026-07-02 01:14:03,682 INFO chronaris.pipelines.stage_i.public.deep_baseline_runtime: deep_train epoch_start dataset=uab_workload_dataset model=chronaris_public_fusion_context_only track=objective group=heat_the_chair seed=42 fold=002/002 epoch=005/005 batch_count=41
2026-07-02 01:14:03,692 INFO chronaris.pipelines.stage_i.public.deep_baseline_runtime: deep_train batch dataset=uab_workload_dataset model=chronaris_public_fusion_context_only track=objective group=heat_the_chair seed=42 fold=002/002 epoch=005/005 batch=001/041 loss=0.691269 elapsed_s=1.3 status=running
2026-07-02 01:14:03,819 INFO chronaris.pipelines.stage_i.public.deep_baseline_runtime: deep_train batch dataset=uab_workload_dataset model=chronaris_public_fusion_context_only track=objective group=heat_the_chair seed=42 fold=002/002 epoch=005/005 batch=020/041 loss=0.693868 elapsed_s=1.4 status=running
2026-07-02 01:14:03,953 INFO chronaris.pipelines.stage_i.public.deep_baseline_runtime: deep_train batch dataset=uab_workload_dataset model=chronaris_public_fusion_context_only track=objective group=heat_the_chair seed=42 fold=002/002 epoch=005/005 batch=040/041 loss=0.696875 elapsed_s=1.5 status=running
2026-07-02 01:14:03,965 INFO chronaris.pipelines.stage_i.public.deep_baseline_runtime: deep_train batch dataset=uab_workload_dataset model=chronaris_public_fusion_context_only track=objective group=heat_the_chair seed=42 fold=002/002 epoch=005/005 batch=041/041 loss=0.698919 elapsed_s=1.5 status=running
2026-07-02 01:14:03,968 INFO chronaris.pipelines.stage_i.public.deep_baseline_runtime: deep_train epoch_done dataset=uab_workload_dataset model=chronaris_public_fusion_context_only track=objective group=heat_the_chair seed=42 fold=002/002 epoch=005/005 train_loss=0.693797 elapsed_s=0.3
2026-07-02 01:14:03,989 INFO chronaris.pipelines.stage_i.public.deep_baseline_runtime: deep_train fold_done dataset=uab_workload_dataset model=chronaris_public_fusion_context_only track=objective group=heat_the_chair seed=42 fold=002/002 elapsed_s=1.6
2026-07-02 01:14:06,624 INFO chronaris.pipelines.stage_i.public.deep_baseline_runtime: deep_train fold_start dataset=uab_workload_dataset model=chronaris_public_fusion_context_only track=subjective group=n_back seed=42 fold=001/002 split_group=subject_01 task=regression train_count=26164 epochs=5 batch_size=128
2026-07-02 01:14:06,628 INFO chronaris.pipelines.stage_i.public.deep_baseline_runtime: deep_train epoch_start dataset=uab_workload_dataset model=chronaris_public_fusion_context_only track=subjective group=n_back seed=42 fold=001/002 epoch=001/005 batch_count=205
2026-07-02 01:14:06,649 INFO chronaris.pipelines.stage_i.public.deep_baseline_runtime: deep_train batch dataset=uab_workload_dataset model=chronaris_public_fusion_context_only track=subjective group=n_back seed=42 fold=001/002 epoch=001/005 batch=001/205 loss=0.435633 elapsed_s=0.0 status=running
2026-07-02 01:14:06,891 INFO chronaris.pipelines.stage_i.public.deep_baseline_runtime: deep_train batch dataset=uab_workload_dataset model=chronaris_public_fusion_context_only track=subjective group=n_back seed=42 fold=001/002 epoch=001/005 batch=020/205 loss=0.442615 elapsed_s=0.3 status=running
2026-07-02 01:14:07,058 INFO chronaris.pipelines.stage_i.public.deep_baseline_runtime: deep_train batch dataset=uab_workload_dataset model=chronaris_public_fusion_context_only track=subjective group=n_back seed=42 fold=001/002 epoch=001/005 batch=040/205 loss=0.469410 elapsed_s=0.4 status=running
2026-07-02 01:14:07,198 INFO chronaris.pipelines.stage_i.public.deep_baseline_runtime: deep_train batch dataset=uab_workload_dataset model=chronaris_public_fusion_context_only track=subjective group=n_back seed=42 fold=001/002 epoch=001/005 batch=060/205 loss=0.424242 elapsed_s=0.6 status=running
2026-07-02 01:14:07,334 INFO chronaris.pipelines.stage_i.public.deep_baseline_runtime: deep_train batch dataset=uab_workload_dataset model=chronaris_public_fusion_context_only track=subjective group=n_back seed=42 fold=001/002 epoch=001/005 batch=080/205 loss=0.463404 elapsed_s=0.7 status=running
2026-07-02 01:14:07,473 INFO chronaris.pipelines.stage_i.public.deep_baseline_runtime: deep_train batch dataset=uab_workload_dataset model=chronaris_public_fusion_context_only track=subjective group=n_back seed=42 fold=001/002 epoch=001/005 batch=100/205 loss=0.480657 elapsed_s=0.8 status=running
2026-07-02 01:14:07,610 INFO chronaris.pipelines.stage_i.public.deep_baseline_runtime: deep_train batch dataset=uab_workload_dataset model=chronaris_public_fusion_context_only track=subjective group=n_back seed=42 fold=001/002 epoch=001/005 batch=120/205 loss=0.483681 elapsed_s=1.0 status=running
2026-07-02 01:14:07,748 INFO chronaris.pipelines.stage_i.public.deep_baseline_runtime: deep_train batch dataset=uab_workload_dataset model=chronaris_public_fusion_context_only track=subjective group=n_back seed=42 fold=001/002 epoch=001/005 batch=140/205 loss=0.444251 elapsed_s=1.1 status=running
2026-07-02 01:14:07,883 INFO chronaris.pipelines.stage_i.public.deep_baseline_runtime: deep_train batch dataset=uab_workload_dataset model=chronaris_public_fusion_context_only track=subjective group=n_back seed=42 fold=001/002 epoch=001/005 batch=160/205 loss=0.466527 elapsed_s=1.3 status=running
2026-07-02 01:14:08,023 INFO chronaris.pipelines.stage_i.public.deep_baseline_runtime: deep_train batch dataset=uab_workload_dataset model=chronaris_public_fusion_context_only track=subjective group=n_back seed=42 fold=001/002 epoch=001/005 batch=180/205 loss=0.466667 elapsed_s=1.4 status=running
2026-07-02 01:14:08,161 INFO chronaris.pipelines.stage_i.public.deep_baseline_runtime: deep_train batch dataset=uab_workload_dataset model=chronaris_public_fusion_context_only track=subjective group=n_back seed=42 fold=001/002 epoch=001/005 batch=200/205 loss=0.417146 elapsed_s=1.5 status=running
2026-07-02 01:14:08,198 INFO chronaris.pipelines.stage_i.public.deep_baseline_runtime: deep_train batch dataset=uab_workload_dataset model=chronaris_public_fusion_context_only track=subjective group=n_back seed=42 fold=001/002 epoch=001/005 batch=205/205 loss=0.560229 elapsed_s=1.6 status=running
2026-07-02 01:14:08,202 INFO chronaris.pipelines.stage_i.public.deep_baseline_runtime: deep_train epoch_done dataset=uab_workload_dataset model=chronaris_public_fusion_context_only track=subjective group=n_back seed=42 fold=001/002 epoch=001/005 train_loss=0.433825 elapsed_s=1.6
2026-07-02 01:14:08,224 INFO chronaris.pipelines.stage_i.public.deep_baseline_runtime: deep_train epoch_start dataset=uab_workload_dataset model=chronaris_public_fusion_context_only track=subjective group=n_back seed=42 fold=001/002 epoch=002/005 batch_count=205
2026-07-02 01:14:08,235 INFO chronaris.pipelines.stage_i.public.deep_baseline_runtime: deep_train batch dataset=uab_workload_dataset model=chronaris_public_fusion_context_only track=subjective group=n_back seed=42 fold=001/002 epoch=002/005 batch=001/205 loss=0.415225 elapsed_s=1.6 status=running
2026-07-02 01:14:08,371 INFO chronaris.pipelines.stage_i.public.deep_baseline_runtime: deep_train batch dataset=uab_workload_dataset model=chronaris_public_fusion_context_only track=subjective group=n_back seed=42 fold=001/002 epoch=002/005 batch=020/205 loss=0.407553 elapsed_s=1.7 status=running
2026-07-02 01:14:08,507 INFO chronaris.pipelines.stage_i.public.deep_baseline_runtime: deep_train batch dataset=uab_workload_dataset model=chronaris_public_fusion_context_only track=subjective group=n_back seed=42 fold=001/002 epoch=002/005 batch=040/205 loss=0.428267 elapsed_s=1.9 status=running
2026-07-02 01:14:08,646 INFO chronaris.pipelines.stage_i.public.deep_baseline_runtime: deep_train batch dataset=uab_workload_dataset model=chronaris_public_fusion_context_only track=subjective group=n_back seed=42 fold=001/002 epoch=002/005 batch=060/205 loss=0.500439 elapsed_s=2.0 status=running
2026-07-02 01:14:08,778 INFO chronaris.pipelines.stage_i.public.deep_baseline_runtime: deep_train batch dataset=uab_workload_dataset model=chronaris_public_fusion_context_only track=subjective group=n_back seed=42 fold=001/002 epoch=002/005 batch=080/205 loss=0.453993 elapsed_s=2.1 status=running
2026-07-02 01:14:08,914 INFO chronaris.pipelines.stage_i.public.deep_baseline_runtime: deep_train batch dataset=uab_workload_dataset model=chronaris_public_fusion_context_only track=subjective group=n_back seed=42 fold=001/002 epoch=002/005 batch=100/205 loss=0.419418 elapsed_s=2.3 status=running
2026-07-02 01:14:09,058 INFO chronaris.pipelines.stage_i.public.deep_baseline_runtime: deep_train batch dataset=uab_workload_dataset model=chronaris_public_fusion_context_only track=subjective group=n_back seed=42 fold=001/002 epoch=002/005 batch=120/205 loss=0.403232 elapsed_s=2.4 status=running
2026-07-02 01:14:09,192 INFO chronaris.pipelines.stage_i.public.deep_baseline_runtime: deep_train batch dataset=uab_workload_dataset model=chronaris_public_fusion_context_only track=subjective group=n_back seed=42 fold=001/002 epoch=002/005 batch=140/205 loss=0.364956 elapsed_s=2.6 status=running
2026-07-02 01:14:09,329 INFO chronaris.pipelines.stage_i.public.deep_baseline_runtime: deep_train batch dataset=uab_workload_dataset model=chronaris_public_fusion_context_only track=subjective group=n_back seed=42 fold=001/002 epoch=002/005 batch=160/205 loss=0.415846 elapsed_s=2.7 status=running
2026-07-02 01:14:09,472 INFO chronaris.pipelines.stage_i.public.deep_baseline_runtime: deep_train batch dataset=uab_workload_dataset model=chronaris_public_fusion_context_only track=subjective group=n_back seed=42 fold=001/002 epoch=002/005 batch=180/205 loss=0.378106 elapsed_s=2.8 status=running
2026-07-02 01:14:09,607 INFO chronaris.pipelines.stage_i.public.deep_baseline_runtime: deep_train batch dataset=uab_workload_dataset model=chronaris_public_fusion_context_only track=subjective group=n_back seed=42 fold=001/002 epoch=002/005 batch=200/205 loss=0.469111 elapsed_s=3.0 status=running
2026-07-02 01:14:09,644 INFO chronaris.pipelines.stage_i.public.deep_baseline_runtime: deep_train batch dataset=uab_workload_dataset model=chronaris_public_fusion_context_only track=subjective group=n_back seed=42 fold=001/002 epoch=002/005 batch=205/205 loss=0.468181 elapsed_s=3.0 status=running
2026-07-02 01:14:09,649 INFO chronaris.pipelines.stage_i.public.deep_baseline_runtime: deep_train epoch_done dataset=uab_workload_dataset model=chronaris_public_fusion_context_only track=subjective group=n_back seed=42 fold=001/002 epoch=002/005 train_loss=0.431455 elapsed_s=1.4
2026-07-02 01:14:09,671 INFO chronaris.pipelines.stage_i.public.deep_baseline_runtime: deep_train epoch_start dataset=uab_workload_dataset model=chronaris_public_fusion_context_only track=subjective group=n_back seed=42 fold=001/002 epoch=003/005 batch_count=205
2026-07-02 01:14:09,697 INFO chronaris.pipelines.stage_i.public.deep_baseline_runtime: deep_train batch dataset=uab_workload_dataset model=chronaris_public_fusion_context_only track=subjective group=n_back seed=42 fold=001/002 epoch=003/005 batch=001/205 loss=0.411762 elapsed_s=3.1 status=running
2026-07-02 01:14:09,827 INFO chronaris.pipelines.stage_i.public.deep_baseline_runtime: deep_train batch dataset=uab_workload_dataset model=chronaris_public_fusion_context_only track=subjective group=n_back seed=42 fold=001/002 epoch=003/005 batch=020/205 loss=0.534497 elapsed_s=3.2 status=running
2026-07-02 01:14:09,965 INFO chronaris.pipelines.stage_i.public.deep_baseline_runtime: deep_train batch dataset=uab_workload_dataset model=chronaris_public_fusion_context_only track=subjective group=n_back seed=42 fold=001/002 epoch=003/005 batch=040/205 loss=0.417054 elapsed_s=3.3 status=running
2026-07-02 01:14:10,104 INFO chronaris.pipelines.stage_i.public.deep_baseline_runtime: deep_train batch dataset=uab_workload_dataset model=chronaris_public_fusion_context_only track=subjective group=n_back seed=42 fold=001/002 epoch=003/005 batch=060/205 loss=0.425334 elapsed_s=3.5 status=running
2026-07-02 01:14:10,239 INFO chronaris.pipelines.stage_i.public.deep_baseline_runtime: deep_train batch dataset=uab_workload_dataset model=chronaris_public_fusion_context_only track=subjective group=n_back seed=42 fold=001/002 epoch=003/005 batch=080/205 loss=0.476695 elapsed_s=3.6 status=running
2026-07-02 01:14:10,373 INFO chronaris.pipelines.stage_i.public.deep_baseline_runtime: deep_train batch dataset=uab_workload_dataset model=chronaris_public_fusion_context_only track=subjective group=n_back seed=42 fold=001/002 epoch=003/005 batch=100/205 loss=0.380175 elapsed_s=3.7 status=running
2026-07-02 01:14:10,512 INFO chronaris.pipelines.stage_i.public.deep_baseline_runtime: deep_train batch dataset=uab_workload_dataset model=chronaris_public_fusion_context_only track=subjective group=n_back seed=42 fold=001/002 epoch=003/005 batch=120/205 loss=0.441875 elapsed_s=3.9 status=running
2026-07-02 01:14:10,649 INFO chronaris.pipelines.stage_i.public.deep_baseline_runtime: deep_train batch dataset=uab_workload_dataset model=chronaris_public_fusion_context_only track=subjective group=n_back seed=42 fold=001/002 epoch=003/005 batch=140/205 loss=0.401893 elapsed_s=4.0 status=running
2026-07-02 01:14:10,784 INFO chronaris.pipelines.stage_i.public.deep_baseline_runtime: deep_train batch dataset=uab_workload_dataset model=chronaris_public_fusion_context_only track=subjective group=n_back seed=42 fold=001/002 epoch=003/005 batch=160/205 loss=0.480766 elapsed_s=4.2 status=running
2026-07-02 01:14:10,922 INFO chronaris.pipelines.stage_i.public.deep_baseline_runtime: deep_train batch dataset=uab_workload_dataset model=chronaris_public_fusion_context_only track=subjective group=n_back seed=42 fold=001/002 epoch=003/005 batch=180/205 loss=0.438199 elapsed_s=4.3 status=running
2026-07-02 01:14:11,063 INFO chronaris.pipelines.stage_i.public.deep_baseline_runtime: deep_train batch dataset=uab_workload_dataset model=chronaris_public_fusion_context_only track=subjective group=n_back seed=42 fold=001/002 epoch=003/005 batch=200/205 loss=0.395116 elapsed_s=4.4 status=running
2026-07-02 01:14:11,100 INFO chronaris.pipelines.stage_i.public.deep_baseline_runtime: deep_train batch dataset=uab_workload_dataset model=chronaris_public_fusion_context_only track=subjective group=n_back seed=42 fold=001/002 epoch=003/005 batch=205/205 loss=0.488736 elapsed_s=4.5 status=running
2026-07-02 01:14:11,104 INFO chronaris.pipelines.stage_i.public.deep_baseline_runtime: deep_train epoch_done dataset=uab_workload_dataset model=chronaris_public_fusion_context_only track=subjective group=n_back seed=42 fold=001/002 epoch=003/005 train_loss=0.431516 elapsed_s=1.4
2026-07-02 01:14:11,125 INFO chronaris.pipelines.stage_i.public.deep_baseline_runtime: deep_train epoch_start dataset=uab_workload_dataset model=chronaris_public_fusion_context_only track=subjective group=n_back seed=42 fold=001/002 epoch=004/005 batch_count=205
2026-07-02 01:14:11,135 INFO chronaris.pipelines.stage_i.public.deep_baseline_runtime: deep_train batch dataset=uab_workload_dataset model=chronaris_public_fusion_context_only track=subjective group=n_back seed=42 fold=001/002 epoch=004/005 batch=001/205 loss=0.393318 elapsed_s=4.5 status=running
2026-07-02 01:14:11,266 INFO chronaris.pipelines.stage_i.public.deep_baseline_runtime: deep_train batch dataset=uab_workload_dataset model=chronaris_public_fusion_context_only track=subjective group=n_back seed=42 fold=001/002 epoch=004/005 batch=020/205 loss=0.422504 elapsed_s=4.6 status=running
2026-07-02 01:14:11,402 INFO chronaris.pipelines.stage_i.public.deep_baseline_runtime: deep_train batch dataset=uab_workload_dataset model=chronaris_public_fusion_context_only track=subjective group=n_back seed=42 fold=001/002 epoch=004/005 batch=040/205 loss=0.407147 elapsed_s=4.8 status=running
2026-07-02 01:14:11,542 INFO chronaris.pipelines.stage_i.public.deep_baseline_runtime: deep_train batch dataset=uab_workload_dataset model=chronaris_public_fusion_context_only track=subjective group=n_back seed=42 fold=001/002 epoch=004/005 batch=060/205 loss=0.365449 elapsed_s=4.9 status=running
2026-07-02 01:14:11,678 INFO chronaris.pipelines.stage_i.public.deep_baseline_runtime: deep_train batch dataset=uab_workload_dataset model=chronaris_public_fusion_context_only track=subjective group=n_back seed=42 fold=001/002 epoch=004/005 batch=080/205 loss=0.430450 elapsed_s=5.1 status=running
2026-07-02 01:14:11,822 INFO chronaris.pipelines.stage_i.public.deep_baseline_runtime: deep_train batch dataset=uab_workload_dataset model=chronaris_public_fusion_context_only track=subjective group=n_back seed=42 fold=001/002 epoch=004/005 batch=100/205 loss=0.397763 elapsed_s=5.2 status=running
2026-07-02 01:14:11,960 INFO chronaris.pipelines.stage_i.public.deep_baseline_runtime: deep_train batch dataset=uab_workload_dataset model=chronaris_public_fusion_context_only track=subjective group=n_back seed=42 fold=001/002 epoch=004/005 batch=120/205 loss=0.511411 elapsed_s=5.3 status=running
2026-07-02 01:14:12,101 INFO chronaris.pipelines.stage_i.public.deep_baseline_runtime: deep_train batch dataset=uab_workload_dataset model=chronaris_public_fusion_context_only track=subjective group=n_back seed=42 fold=001/002 epoch=004/005 batch=140/205 loss=0.435304 elapsed_s=5.5 status=running
2026-07-02 01:14:13,193 INFO chronaris.pipelines.stage_i.public.deep_baseline_runtime: deep_train batch dataset=uab_workload_dataset model=chronaris_public_fusion_context_only track=subjective group=n_back seed=42 fold=001/002 epoch=004/005 batch=160/205 loss=0.388203 elapsed_s=5.6 status=running
2026-07-02 01:14:15,341 INFO chronaris.pipelines.stage_i.public.deep_baseline_runtime: deep_train batch dataset=uab_workload_dataset model=chronaris_public_fusion_context_only track=subjective group=n_back seed=42 fold=001/002 epoch=004/005 batch=180/205 loss=0.461453 elapsed_s=5.7 status=running
2026-07-02 01:14:15,480 INFO chronaris.pipelines.stage_i.public.deep_baseline_runtime: deep_train batch dataset=uab_workload_dataset model=chronaris_public_fusion_context_only track=subjective group=n_back seed=42 fold=001/002 epoch=004/005 batch=200/205 loss=0.367313 elapsed_s=5.9 status=running
2026-07-02 01:14:15,518 INFO chronaris.pipelines.stage_i.public.deep_baseline_runtime: deep_train batch dataset=uab_workload_dataset model=chronaris_public_fusion_context_only track=subjective group=n_back seed=42 fold=001/002 epoch=004/005 batch=205/205 loss=0.428268 elapsed_s=5.9 status=running
2026-07-02 01:14:15,523 INFO chronaris.pipelines.stage_i.public.deep_baseline_runtime: deep_train epoch_done dataset=uab_workload_dataset model=chronaris_public_fusion_context_only track=subjective group=n_back seed=42 fold=001/002 epoch=004/005 train_loss=0.431419 elapsed_s=1.4
2026-07-02 01:14:15,545 INFO chronaris.pipelines.stage_i.public.deep_baseline_runtime: deep_train epoch_start dataset=uab_workload_dataset model=chronaris_public_fusion_context_only track=subjective group=n_back seed=42 fold=001/002 epoch=005/005 batch_count=205
2026-07-02 01:14:15,556 INFO chronaris.pipelines.stage_i.public.deep_baseline_runtime: deep_train batch dataset=uab_workload_dataset model=chronaris_public_fusion_context_only track=subjective group=n_back seed=42 fold=001/002 epoch=005/005 batch=001/205 loss=0.409435 elapsed_s=6.0 status=running
2026-07-02 01:14:15,691 INFO chronaris.pipelines.stage_i.public.deep_baseline_runtime: deep_train batch dataset=uab_workload_dataset model=chronaris_public_fusion_context_only track=subjective group=n_back seed=42 fold=001/002 epoch=005/005 batch=020/205 loss=0.383598 elapsed_s=6.1 status=running
2026-07-02 01:14:15,830 INFO chronaris.pipelines.stage_i.public.deep_baseline_runtime: deep_train batch dataset=uab_workload_dataset model=chronaris_public_fusion_context_only track=subjective group=n_back seed=42 fold=001/002 epoch=005/005 batch=040/205 loss=0.508485 elapsed_s=6.2 status=running
2026-07-02 01:14:15,968 INFO chronaris.pipelines.stage_i.public.deep_baseline_runtime: deep_train batch dataset=uab_workload_dataset model=chronaris_public_fusion_context_only track=subjective group=n_back seed=42 fold=001/002 epoch=005/005 batch=060/205 loss=0.427291 elapsed_s=6.4 status=running
2026-07-02 01:14:16,107 INFO chronaris.pipelines.stage_i.public.deep_baseline_runtime: deep_train batch dataset=uab_workload_dataset model=chronaris_public_fusion_context_only track=subjective group=n_back seed=42 fold=001/002 epoch=005/005 batch=080/205 loss=0.502664 elapsed_s=6.5 status=running
2026-07-02 01:14:16,242 INFO chronaris.pipelines.stage_i.public.deep_baseline_runtime: deep_train batch dataset=uab_workload_dataset model=chronaris_public_fusion_context_only track=subjective group=n_back seed=42 fold=001/002 epoch=005/005 batch=100/205 loss=0.446801 elapsed_s=6.6 status=running
2026-07-02 01:14:16,380 INFO chronaris.pipelines.stage_i.public.deep_baseline_runtime: deep_train batch dataset=uab_workload_dataset model=chronaris_public_fusion_context_only track=subjective group=n_back seed=42 fold=001/002 epoch=005/005 batch=120/205 loss=0.446029 elapsed_s=6.8 status=running
2026-07-02 01:14:16,524 INFO chronaris.pipelines.stage_i.public.deep_baseline_runtime: deep_train batch dataset=uab_workload_dataset model=chronaris_public_fusion_context_only track=subjective group=n_back seed=42 fold=001/002 epoch=005/005 batch=140/205 loss=0.403444 elapsed_s=6.9 status=running
2026-07-02 01:14:16,661 INFO chronaris.pipelines.stage_i.public.deep_baseline_runtime: deep_train batch dataset=uab_workload_dataset model=chronaris_public_fusion_context_only track=subjective group=n_back seed=42 fold=001/002 epoch=005/005 batch=160/205 loss=0.378978 elapsed_s=7.1 status=running
2026-07-02 01:14:16,798 INFO chronaris.pipelines.stage_i.public.deep_baseline_runtime: deep_train batch dataset=uab_workload_dataset model=chronaris_public_fusion_context_only track=subjective group=n_back seed=42 fold=001/002 epoch=005/005 batch=180/205 loss=0.473399 elapsed_s=7.2 status=running
2026-07-02 01:14:16,936 INFO chronaris.pipelines.stage_i.public.deep_baseline_runtime: deep_train batch dataset=uab_workload_dataset model=chronaris_public_fusion_context_only track=subjective group=n_back seed=42 fold=001/002 epoch=005/005 batch=200/205 loss=0.432012 elapsed_s=7.3 status=running
2026-07-02 01:14:16,974 INFO chronaris.pipelines.stage_i.public.deep_baseline_runtime: deep_train batch dataset=uab_workload_dataset model=chronaris_public_fusion_context_only track=subjective group=n_back seed=42 fold=001/002 epoch=005/005 batch=205/205 loss=0.373924 elapsed_s=7.4 status=running
2026-07-02 01:14:16,978 INFO chronaris.pipelines.stage_i.public.deep_baseline_runtime: deep_train epoch_done dataset=uab_workload_dataset model=chronaris_public_fusion_context_only track=subjective group=n_back seed=42 fold=001/002 epoch=005/005 train_loss=0.431142 elapsed_s=1.4
2026-07-02 01:14:17,000 INFO chronaris.pipelines.stage_i.public.deep_baseline_runtime: deep_train fold_done dataset=uab_workload_dataset model=chronaris_public_fusion_context_only track=subjective group=n_back seed=42 fold=001/002 elapsed_s=7.4
2026-07-02 01:14:20,244 INFO chronaris.pipelines.stage_i.public.deep_baseline_runtime: deep_train fold_start dataset=uab_workload_dataset model=chronaris_public_fusion_context_only track=subjective group=n_back seed=42 fold=002/002 split_group=subject_02 task=regression train_count=26176 epochs=5 batch_size=128
2026-07-02 01:14:20,249 INFO chronaris.pipelines.stage_i.public.deep_baseline_runtime: deep_train epoch_start dataset=uab_workload_dataset model=chronaris_public_fusion_context_only track=subjective group=n_back seed=42 fold=002/002 epoch=001/005 batch_count=205
2026-07-02 01:14:20,273 INFO chronaris.pipelines.stage_i.public.deep_baseline_runtime: deep_train batch dataset=uab_workload_dataset model=chronaris_public_fusion_context_only track=subjective group=n_back seed=42 fold=002/002 epoch=001/005 batch=001/205 loss=0.359783 elapsed_s=0.0 status=running
2026-07-02 01:14:20,584 INFO chronaris.pipelines.stage_i.public.deep_baseline_runtime: deep_train batch dataset=uab_workload_dataset model=chronaris_public_fusion_context_only track=subjective group=n_back seed=42 fold=002/002 epoch=001/005 batch=020/205 loss=0.434825 elapsed_s=0.3 status=running
2026-07-02 01:14:20,723 INFO chronaris.pipelines.stage_i.public.deep_baseline_runtime: deep_train batch dataset=uab_workload_dataset model=chronaris_public_fusion_context_only track=subjective group=n_back seed=42 fold=002/002 epoch=001/005 batch=040/205 loss=0.406677 elapsed_s=0.5 status=running
2026-07-02 01:14:20,861 INFO chronaris.pipelines.stage_i.public.deep_baseline_runtime: deep_train batch dataset=uab_workload_dataset model=chronaris_public_fusion_context_only track=subjective group=n_back seed=42 fold=002/002 epoch=001/005 batch=060/205 loss=0.456209 elapsed_s=0.6 status=running
2026-07-02 01:14:20,995 INFO chronaris.pipelines.stage_i.public.deep_baseline_runtime: deep_train batch dataset=uab_workload_dataset model=chronaris_public_fusion_context_only track=subjective group=n_back seed=42 fold=002/002 epoch=001/005 batch=080/205 loss=0.489894 elapsed_s=0.7 status=running
2026-07-02 01:14:21,132 INFO chronaris.pipelines.stage_i.public.deep_baseline_runtime: deep_train batch dataset=uab_workload_dataset model=chronaris_public_fusion_context_only track=subjective group=n_back seed=42 fold=002/002 epoch=001/005 batch=100/205 loss=0.459566 elapsed_s=0.9 status=running
2026-07-02 01:14:21,267 INFO chronaris.pipelines.stage_i.public.deep_baseline_runtime: deep_train batch dataset=uab_workload_dataset model=chronaris_public_fusion_context_only track=subjective group=n_back seed=42 fold=002/002 epoch=001/005 batch=120/205 loss=0.459948 elapsed_s=1.0 status=running
2026-07-02 01:14:21,409 INFO chronaris.pipelines.stage_i.public.deep_baseline_runtime: deep_train batch dataset=uab_workload_dataset model=chronaris_public_fusion_context_only track=subjective group=n_back seed=42 fold=002/002 epoch=001/005 batch=140/205 loss=0.402548 elapsed_s=1.2 status=running
2026-07-02 01:14:21,542 INFO chronaris.pipelines.stage_i.public.deep_baseline_runtime: deep_train batch dataset=uab_workload_dataset model=chronaris_public_fusion_context_only track=subjective group=n_back seed=42 fold=002/002 epoch=001/005 batch=160/205 loss=0.444733 elapsed_s=1.3 status=running
2026-07-02 01:14:21,679 INFO chronaris.pipelines.stage_i.public.deep_baseline_runtime: deep_train batch dataset=uab_workload_dataset model=chronaris_public_fusion_context_only track=subjective group=n_back seed=42 fold=002/002 epoch=001/005 batch=180/205 loss=0.457367 elapsed_s=1.4 status=running
2026-07-02 01:14:21,814 INFO chronaris.pipelines.stage_i.public.deep_baseline_runtime: deep_train batch dataset=uab_workload_dataset model=chronaris_public_fusion_context_only track=subjective group=n_back seed=42 fold=002/002 epoch=001/005 batch=200/205 loss=0.387900 elapsed_s=1.6 status=running
2026-07-02 01:14:21,850 INFO chronaris.pipelines.stage_i.public.deep_baseline_runtime: deep_train batch dataset=uab_workload_dataset model=chronaris_public_fusion_context_only track=subjective group=n_back seed=42 fold=002/002 epoch=001/005 batch=205/205 loss=0.463714 elapsed_s=1.6 status=running
2026-07-02 01:14:21,855 INFO chronaris.pipelines.stage_i.public.deep_baseline_runtime: deep_train epoch_done dataset=uab_workload_dataset model=chronaris_public_fusion_context_only track=subjective group=n_back seed=42 fold=002/002 epoch=001/005 train_loss=0.431143 elapsed_s=1.6
2026-07-02 01:14:21,876 INFO chronaris.pipelines.stage_i.public.deep_baseline_runtime: deep_train epoch_start dataset=uab_workload_dataset model=chronaris_public_fusion_context_only track=subjective group=n_back seed=42 fold=002/002 epoch=002/005 batch_count=205
2026-07-02 01:14:21,886 INFO chronaris.pipelines.stage_i.public.deep_baseline_runtime: deep_train batch dataset=uab_workload_dataset model=chronaris_public_fusion_context_only track=subjective group=n_back seed=42 fold=002/002 epoch=002/005 batch=001/205 loss=0.399840 elapsed_s=1.6 status=running
2026-07-02 01:14:22,019 INFO chronaris.pipelines.stage_i.public.deep_baseline_runtime: deep_train batch dataset=uab_workload_dataset model=chronaris_public_fusion_context_only track=subjective group=n_back seed=42 fold=002/002 epoch=002/005 batch=020/205 loss=0.419687 elapsed_s=1.8 status=running
2026-07-02 01:14:22,157 INFO chronaris.pipelines.stage_i.public.deep_baseline_runtime: deep_train batch dataset=uab_workload_dataset model=chronaris_public_fusion_context_only track=subjective group=n_back seed=42 fold=002/002 epoch=002/005 batch=040/205 loss=0.392517 elapsed_s=1.9 status=running
2026-07-02 01:14:22,302 INFO chronaris.pipelines.stage_i.public.deep_baseline_runtime: deep_train batch dataset=uab_workload_dataset model=chronaris_public_fusion_context_only track=subjective group=n_back seed=42 fold=002/002 epoch=002/005 batch=060/205 loss=0.449519 elapsed_s=2.1 status=running
2026-07-02 01:14:22,440 INFO chronaris.pipelines.stage_i.public.deep_baseline_runtime: deep_train batch dataset=uab_workload_dataset model=chronaris_public_fusion_context_only track=subjective group=n_back seed=42 fold=002/002 epoch=002/005 batch=080/205 loss=0.471408 elapsed_s=2.2 status=running
2026-07-02 01:14:22,583 INFO chronaris.pipelines.stage_i.public.deep_baseline_runtime: deep_train batch dataset=uab_workload_dataset model=chronaris_public_fusion_context_only track=subjective group=n_back seed=42 fold=002/002 epoch=002/005 batch=100/205 loss=0.410661 elapsed_s=2.3 status=running
2026-07-02 01:14:22,723 INFO chronaris.pipelines.stage_i.public.deep_baseline_runtime: deep_train batch dataset=uab_workload_dataset model=chronaris_public_fusion_context_only track=subjective group=n_back seed=42 fold=002/002 epoch=002/005 batch=120/205 loss=0.379368 elapsed_s=2.5 status=running
2026-07-02 01:14:22,861 INFO chronaris.pipelines.stage_i.public.deep_baseline_runtime: deep_train batch dataset=uab_workload_dataset model=chronaris_public_fusion_context_only track=subjective group=n_back seed=42 fold=002/002 epoch=002/005 batch=140/205 loss=0.391566 elapsed_s=2.6 status=running
2026-07-02 01:14:22,994 INFO chronaris.pipelines.stage_i.public.deep_baseline_runtime: deep_train batch dataset=uab_workload_dataset model=chronaris_public_fusion_context_only track=subjective group=n_back seed=42 fold=002/002 epoch=002/005 batch=160/205 loss=0.408601 elapsed_s=2.7 status=running
2026-07-02 01:14:23,150 INFO chronaris.pipelines.stage_i.public.deep_baseline_runtime: deep_train batch dataset=uab_workload_dataset model=chronaris_public_fusion_context_only track=subjective group=n_back seed=42 fold=002/002 epoch=002/005 batch=180/205 loss=0.400406 elapsed_s=2.9 status=running
2026-07-02 01:14:23,289 INFO chronaris.pipelines.stage_i.public.deep_baseline_runtime: deep_train batch dataset=uab_workload_dataset model=chronaris_public_fusion_context_only track=subjective group=n_back seed=42 fold=002/002 epoch=002/005 batch=200/205 loss=0.480896 elapsed_s=3.0 status=running
2026-07-02 01:14:23,327 INFO chronaris.pipelines.stage_i.public.deep_baseline_runtime: deep_train batch dataset=uab_workload_dataset model=chronaris_public_fusion_context_only track=subjective group=n_back seed=42 fold=002/002 epoch=002/005 batch=205/205 loss=0.493014 elapsed_s=3.1 status=running
2026-07-02 01:14:23,332 INFO chronaris.pipelines.stage_i.public.deep_baseline_runtime: deep_train epoch_done dataset=uab_workload_dataset model=chronaris_public_fusion_context_only track=subjective group=n_back seed=42 fold=002/002 epoch=002/005 train_loss=0.429976 elapsed_s=1.5
2026-07-02 01:14:23,354 INFO chronaris.pipelines.stage_i.public.deep_baseline_runtime: deep_train epoch_start dataset=uab_workload_dataset model=chronaris_public_fusion_context_only track=subjective group=n_back seed=42 fold=002/002 epoch=003/005 batch_count=205
2026-07-02 01:14:23,365 INFO chronaris.pipelines.stage_i.public.deep_baseline_runtime: deep_train batch dataset=uab_workload_dataset model=chronaris_public_fusion_context_only track=subjective group=n_back seed=42 fold=002/002 epoch=003/005 batch=001/205 loss=0.367189 elapsed_s=3.1 status=running
2026-07-02 01:14:23,495 INFO chronaris.pipelines.stage_i.public.deep_baseline_runtime: deep_train batch dataset=uab_workload_dataset model=chronaris_public_fusion_context_only track=subjective group=n_back seed=42 fold=002/002 epoch=003/005 batch=020/205 loss=0.471456 elapsed_s=3.2 status=running
2026-07-02 01:14:23,630 INFO chronaris.pipelines.stage_i.public.deep_baseline_runtime: deep_train batch dataset=uab_workload_dataset model=chronaris_public_fusion_context_only track=subjective group=n_back seed=42 fold=002/002 epoch=003/005 batch=040/205 loss=0.470141 elapsed_s=3.4 status=running
2026-07-02 01:14:23,766 INFO chronaris.pipelines.stage_i.public.deep_baseline_runtime: deep_train batch dataset=uab_workload_dataset model=chronaris_public_fusion_context_only track=subjective group=n_back seed=42 fold=002/002 epoch=003/005 batch=060/205 loss=0.452428 elapsed_s=3.5 status=running
2026-07-02 01:14:23,900 INFO chronaris.pipelines.stage_i.public.deep_baseline_runtime: deep_train batch dataset=uab_workload_dataset model=chronaris_public_fusion_context_only track=subjective group=n_back seed=42 fold=002/002 epoch=003/005 batch=080/205 loss=0.460021 elapsed_s=3.7 status=running
2026-07-02 01:14:24,040 INFO chronaris.pipelines.stage_i.public.deep_baseline_runtime: deep_train batch dataset=uab_workload_dataset model=chronaris_public_fusion_context_only track=subjective group=n_back seed=42 fold=002/002 epoch=003/005 batch=100/205 loss=0.402624 elapsed_s=3.8 status=running
2026-07-02 01:14:24,194 INFO chronaris.pipelines.stage_i.public.deep_baseline_runtime: deep_train batch dataset=uab_workload_dataset model=chronaris_public_fusion_context_only track=subjective group=n_back seed=42 fold=002/002 epoch=003/005 batch=120/205 loss=0.436369 elapsed_s=3.9 status=running
2026-07-02 01:14:24,339 INFO chronaris.pipelines.stage_i.public.deep_baseline_runtime: deep_train batch dataset=uab_workload_dataset model=chronaris_public_fusion_context_only track=subjective group=n_back seed=42 fold=002/002 epoch=003/005 batch=140/205 loss=0.398848 elapsed_s=4.1 status=running
2026-07-02 01:14:24,477 INFO chronaris.pipelines.stage_i.public.deep_baseline_runtime: deep_train batch dataset=uab_workload_dataset model=chronaris_public_fusion_context_only track=subjective group=n_back seed=42 fold=002/002 epoch=003/005 batch=160/205 loss=0.492263 elapsed_s=4.2 status=running
2026-07-02 01:14:24,614 INFO chronaris.pipelines.stage_i.public.deep_baseline_runtime: deep_train batch dataset=uab_workload_dataset model=chronaris_public_fusion_context_only track=subjective group=n_back seed=42 fold=002/002 epoch=003/005 batch=180/205 loss=0.435891 elapsed_s=4.4 status=running
2026-07-02 01:14:24,755 INFO chronaris.pipelines.stage_i.public.deep_baseline_runtime: deep_train batch dataset=uab_workload_dataset model=chronaris_public_fusion_context_only track=subjective group=n_back seed=42 fold=002/002 epoch=003/005 batch=200/205 loss=0.393940 elapsed_s=4.5 status=running
2026-07-02 01:14:24,792 INFO chronaris.pipelines.stage_i.public.deep_baseline_runtime: deep_train batch dataset=uab_workload_dataset model=chronaris_public_fusion_context_only track=subjective group=n_back seed=42 fold=002/002 epoch=003/005 batch=205/205 loss=0.546498 elapsed_s=4.5 status=running
2026-07-02 01:14:24,798 INFO chronaris.pipelines.stage_i.public.deep_baseline_runtime: deep_train epoch_done dataset=uab_workload_dataset model=chronaris_public_fusion_context_only track=subjective group=n_back seed=42 fold=002/002 epoch=003/005 train_loss=0.429836 elapsed_s=1.4
2026-07-02 01:14:24,819 INFO chronaris.pipelines.stage_i.public.deep_baseline_runtime: deep_train epoch_start dataset=uab_workload_dataset model=chronaris_public_fusion_context_only track=subjective group=n_back seed=42 fold=002/002 epoch=004/005 batch_count=205
2026-07-02 01:14:24,830 INFO chronaris.pipelines.stage_i.public.deep_baseline_runtime: deep_train batch dataset=uab_workload_dataset model=chronaris_public_fusion_context_only track=subjective group=n_back seed=42 fold=002/002 epoch=004/005 batch=001/205 loss=0.470396 elapsed_s=4.6 status=running
2026-07-02 01:14:24,960 INFO chronaris.pipelines.stage_i.public.deep_baseline_runtime: deep_train batch dataset=uab_workload_dataset model=chronaris_public_fusion_context_only track=subjective group=n_back seed=42 fold=002/002 epoch=004/005 batch=020/205 loss=0.519674 elapsed_s=4.7 status=running
2026-07-02 01:14:25,098 INFO chronaris.pipelines.stage_i.public.deep_baseline_runtime: deep_train batch dataset=uab_workload_dataset model=chronaris_public_fusion_context_only track=subjective group=n_back seed=42 fold=002/002 epoch=004/005 batch=040/205 loss=0.449448 elapsed_s=4.8 status=running
2026-07-02 01:14:25,233 INFO chronaris.pipelines.stage_i.public.deep_baseline_runtime: deep_train batch dataset=uab_workload_dataset model=chronaris_public_fusion_context_only track=subjective group=n_back seed=42 fold=002/002 epoch=004/005 batch=060/205 loss=0.407812 elapsed_s=5.0 status=running
2026-07-02 01:14:25,371 INFO chronaris.pipelines.stage_i.public.deep_baseline_runtime: deep_train batch dataset=uab_workload_dataset model=chronaris_public_fusion_context_only track=subjective group=n_back seed=42 fold=002/002 epoch=004/005 batch=080/205 loss=0.430017 elapsed_s=5.1 status=running
2026-07-02 01:14:25,509 INFO chronaris.pipelines.stage_i.public.deep_baseline_runtime: deep_train batch dataset=uab_workload_dataset model=chronaris_public_fusion_context_only track=subjective group=n_back seed=42 fold=002/002 epoch=004/005 batch=100/205 loss=0.429437 elapsed_s=5.3 status=running
2026-07-02 01:14:25,645 INFO chronaris.pipelines.stage_i.public.deep_baseline_runtime: deep_train batch dataset=uab_workload_dataset model=chronaris_public_fusion_context_only track=subjective group=n_back seed=42 fold=002/002 epoch=004/005 batch=120/205 loss=0.497178 elapsed_s=5.4 status=running
2026-07-02 01:14:25,784 INFO chronaris.pipelines.stage_i.public.deep_baseline_runtime: deep_train batch dataset=uab_workload_dataset model=chronaris_public_fusion_context_only track=subjective group=n_back seed=42 fold=002/002 epoch=004/005 batch=140/205 loss=0.404126 elapsed_s=5.5 status=running
2026-07-02 01:14:25,920 INFO chronaris.pipelines.stage_i.public.deep_baseline_runtime: deep_train batch dataset=uab_workload_dataset model=chronaris_public_fusion_context_only track=subjective group=n_back seed=42 fold=002/002 epoch=004/005 batch=160/205 loss=0.391741 elapsed_s=5.7 status=running
2026-07-02 01:14:26,059 INFO chronaris.pipelines.stage_i.public.deep_baseline_runtime: deep_train batch dataset=uab_workload_dataset model=chronaris_public_fusion_context_only track=subjective group=n_back seed=42 fold=002/002 epoch=004/005 batch=180/205 loss=0.480458 elapsed_s=5.8 status=running
2026-07-02 01:14:26,195 INFO chronaris.pipelines.stage_i.public.deep_baseline_runtime: deep_train batch dataset=uab_workload_dataset model=chronaris_public_fusion_context_only track=subjective group=n_back seed=42 fold=002/002 epoch=004/005 batch=200/205 loss=0.366057 elapsed_s=5.9 status=running
2026-07-02 01:14:26,233 INFO chronaris.pipelines.stage_i.public.deep_baseline_runtime: deep_train batch dataset=uab_workload_dataset model=chronaris_public_fusion_context_only track=subjective group=n_back seed=42 fold=002/002 epoch=004/005 batch=205/205 loss=0.394109 elapsed_s=6.0 status=running
2026-07-02 01:14:26,237 INFO chronaris.pipelines.stage_i.public.deep_baseline_runtime: deep_train epoch_done dataset=uab_workload_dataset model=chronaris_public_fusion_context_only track=subjective group=n_back seed=42 fold=002/002 epoch=004/005 train_loss=0.429255 elapsed_s=1.4
2026-07-02 01:14:26,261 INFO chronaris.pipelines.stage_i.public.deep_baseline_runtime: deep_train epoch_start dataset=uab_workload_dataset model=chronaris_public_fusion_context_only track=subjective group=n_back seed=42 fold=002/002 epoch=005/005 batch_count=205
2026-07-02 01:14:26,272 INFO chronaris.pipelines.stage_i.public.deep_baseline_runtime: deep_train batch dataset=uab_workload_dataset model=chronaris_public_fusion_context_only track=subjective group=n_back seed=42 fold=002/002 epoch=005/005 batch=001/205 loss=0.346222 elapsed_s=6.0 status=running
2026-07-02 01:14:26,399 INFO chronaris.pipelines.stage_i.public.deep_baseline_runtime: deep_train batch dataset=uab_workload_dataset model=chronaris_public_fusion_context_only track=subjective group=n_back seed=42 fold=002/002 epoch=005/005 batch=020/205 loss=0.465246 elapsed_s=6.2 status=running
2026-07-02 01:14:26,534 INFO chronaris.pipelines.stage_i.public.deep_baseline_runtime: deep_train batch dataset=uab_workload_dataset model=chronaris_public_fusion_context_only track=subjective group=n_back seed=42 fold=002/002 epoch=005/005 batch=040/205 loss=0.462242 elapsed_s=6.3 status=running
2026-07-02 01:14:26,672 INFO chronaris.pipelines.stage_i.public.deep_baseline_runtime: deep_train batch dataset=uab_workload_dataset model=chronaris_public_fusion_context_only track=subjective group=n_back seed=42 fold=002/002 epoch=005/005 batch=060/205 loss=0.562614 elapsed_s=6.4 status=running
2026-07-02 01:14:26,817 INFO chronaris.pipelines.stage_i.public.deep_baseline_runtime: deep_train batch dataset=uab_workload_dataset model=chronaris_public_fusion_context_only track=subjective group=n_back seed=42 fold=002/002 epoch=005/005 batch=080/205 loss=0.510037 elapsed_s=6.6 status=running
2026-07-02 01:14:26,960 INFO chronaris.pipelines.stage_i.public.deep_baseline_runtime: deep_train batch dataset=uab_workload_dataset model=chronaris_public_fusion_context_only track=subjective group=n_back seed=42 fold=002/002 epoch=005/005 batch=100/205 loss=0.458379 elapsed_s=6.7 status=running
2026-07-02 01:14:27,104 INFO chronaris.pipelines.stage_i.public.deep_baseline_runtime: deep_train batch dataset=uab_workload_dataset model=chronaris_public_fusion_context_only track=subjective group=n_back seed=42 fold=002/002 epoch=005/005 batch=120/205 loss=0.420811 elapsed_s=6.9 status=running
2026-07-02 01:14:27,244 INFO chronaris.pipelines.stage_i.public.deep_baseline_runtime: deep_train batch dataset=uab_workload_dataset model=chronaris_public_fusion_context_only track=subjective group=n_back seed=42 fold=002/002 epoch=005/005 batch=140/205 loss=0.414069 elapsed_s=7.0 status=running
2026-07-02 01:14:27,383 INFO chronaris.pipelines.stage_i.public.deep_baseline_runtime: deep_train batch dataset=uab_workload_dataset model=chronaris_public_fusion_context_only track=subjective group=n_back seed=42 fold=002/002 epoch=005/005 batch=160/205 loss=0.386924 elapsed_s=7.1 status=running
2026-07-02 01:14:27,526 INFO chronaris.pipelines.stage_i.public.deep_baseline_runtime: deep_train batch dataset=uab_workload_dataset model=chronaris_public_fusion_context_only track=subjective group=n_back seed=42 fold=002/002 epoch=005/005 batch=180/205 loss=0.445623 elapsed_s=7.3 status=running
2026-07-02 01:14:27,666 INFO chronaris.pipelines.stage_i.public.deep_baseline_runtime: deep_train batch dataset=uab_workload_dataset model=chronaris_public_fusion_context_only track=subjective group=n_back seed=42 fold=002/002 epoch=005/005 batch=200/205 loss=0.423398 elapsed_s=7.4 status=running
2026-07-02 01:14:27,704 INFO chronaris.pipelines.stage_i.public.deep_baseline_runtime: deep_train batch dataset=uab_workload_dataset model=chronaris_public_fusion_context_only track=subjective group=n_back seed=42 fold=002/002 epoch=005/005 batch=205/205 loss=0.383330 elapsed_s=7.5 status=running
2026-07-02 01:14:27,709 INFO chronaris.pipelines.stage_i.public.deep_baseline_runtime: deep_train epoch_done dataset=uab_workload_dataset model=chronaris_public_fusion_context_only track=subjective group=n_back seed=42 fold=002/002 epoch=005/005 train_loss=0.429281 elapsed_s=1.4
2026-07-02 01:14:27,735 INFO chronaris.pipelines.stage_i.public.deep_baseline_runtime: deep_train fold_done dataset=uab_workload_dataset model=chronaris_public_fusion_context_only track=subjective group=n_back seed=42 fold=002/002 elapsed_s=7.5
2026-07-02 01:14:30,612 INFO chronaris.pipelines.stage_i.public.deep_baseline_runtime: deep_train fold_start dataset=uab_workload_dataset model=chronaris_public_fusion_context_only track=subjective group=heat_the_chair seed=42 fold=001/002 split_group=subject_01 task=regression train_count=5116 epochs=5 batch_size=128
2026-07-02 01:14:30,617 INFO chronaris.pipelines.stage_i.public.deep_baseline_runtime: deep_train epoch_start dataset=uab_workload_dataset model=chronaris_public_fusion_context_only track=subjective group=heat_the_chair seed=42 fold=001/002 epoch=001/005 batch_count=40
2026-07-02 01:14:30,634 INFO chronaris.pipelines.stage_i.public.deep_baseline_runtime: deep_train batch dataset=uab_workload_dataset model=chronaris_public_fusion_context_only track=subjective group=heat_the_chair seed=42 fold=001/002 epoch=001/005 batch=001/040 loss=0.476964 elapsed_s=0.0 status=running
2026-07-02 01:14:30,872 INFO chronaris.pipelines.stage_i.public.deep_baseline_runtime: deep_train batch dataset=uab_workload_dataset model=chronaris_public_fusion_context_only track=subjective group=heat_the_chair seed=42 fold=001/002 epoch=001/005 batch=020/040 loss=0.465339 elapsed_s=0.3 status=running
2026-07-02 01:14:31,007 INFO chronaris.pipelines.stage_i.public.deep_baseline_runtime: deep_train batch dataset=uab_workload_dataset model=chronaris_public_fusion_context_only track=subjective group=heat_the_chair seed=42 fold=001/002 epoch=001/005 batch=040/040 loss=0.319171 elapsed_s=0.4 status=running
2026-07-02 01:14:31,012 INFO chronaris.pipelines.stage_i.public.deep_baseline_runtime: deep_train epoch_done dataset=uab_workload_dataset model=chronaris_public_fusion_context_only track=subjective group=heat_the_chair seed=42 fold=001/002 epoch=001/005 train_loss=0.415385 elapsed_s=0.4
2026-07-02 01:14:31,034 INFO chronaris.pipelines.stage_i.public.deep_baseline_runtime: deep_train epoch_start dataset=uab_workload_dataset model=chronaris_public_fusion_context_only track=subjective group=heat_the_chair seed=42 fold=001/002 epoch=002/005 batch_count=40
2026-07-02 01:14:31,045 INFO chronaris.pipelines.stage_i.public.deep_baseline_runtime: deep_train batch dataset=uab_workload_dataset model=chronaris_public_fusion_context_only track=subjective group=heat_the_chair seed=42 fold=001/002 epoch=002/005 batch=001/040 loss=0.369812 elapsed_s=0.4 status=running
2026-07-02 01:14:31,193 INFO chronaris.pipelines.stage_i.public.deep_baseline_runtime: deep_train batch dataset=uab_workload_dataset model=chronaris_public_fusion_context_only track=subjective group=heat_the_chair seed=42 fold=001/002 epoch=002/005 batch=020/040 loss=0.408577 elapsed_s=0.6 status=running
2026-07-02 01:14:31,345 INFO chronaris.pipelines.stage_i.public.deep_baseline_runtime: deep_train batch dataset=uab_workload_dataset model=chronaris_public_fusion_context_only track=subjective group=heat_the_chair seed=42 fold=001/002 epoch=002/005 batch=040/040 loss=0.448254 elapsed_s=0.7 status=running
2026-07-02 01:14:31,350 INFO chronaris.pipelines.stage_i.public.deep_baseline_runtime: deep_train epoch_done dataset=uab_workload_dataset model=chronaris_public_fusion_context_only track=subjective group=heat_the_chair seed=42 fold=001/002 epoch=002/005 train_loss=0.411938 elapsed_s=0.3
2026-07-02 01:14:31,372 INFO chronaris.pipelines.stage_i.public.deep_baseline_runtime: deep_train epoch_start dataset=uab_workload_dataset model=chronaris_public_fusion_context_only track=subjective group=heat_the_chair seed=42 fold=001/002 epoch=003/005 batch_count=40
2026-07-02 01:14:31,382 INFO chronaris.pipelines.stage_i.public.deep_baseline_runtime: deep_train batch dataset=uab_workload_dataset model=chronaris_public_fusion_context_only track=subjective group=heat_the_chair seed=42 fold=001/002 epoch=003/005 batch=001/040 loss=0.431512 elapsed_s=0.8 status=running
2026-07-02 01:14:31,514 INFO chronaris.pipelines.stage_i.public.deep_baseline_runtime: deep_train batch dataset=uab_workload_dataset model=chronaris_public_fusion_context_only track=subjective group=heat_the_chair seed=42 fold=001/002 epoch=003/005 batch=020/040 loss=0.451624 elapsed_s=0.9 status=running
2026-07-02 01:14:31,652 INFO chronaris.pipelines.stage_i.public.deep_baseline_runtime: deep_train batch dataset=uab_workload_dataset model=chronaris_public_fusion_context_only track=subjective group=heat_the_chair seed=42 fold=001/002 epoch=003/005 batch=040/040 loss=0.405530 elapsed_s=1.0 status=running
2026-07-02 01:14:31,657 INFO chronaris.pipelines.stage_i.public.deep_baseline_runtime: deep_train epoch_done dataset=uab_workload_dataset model=chronaris_public_fusion_context_only track=subjective group=heat_the_chair seed=42 fold=001/002 epoch=003/005 train_loss=0.411345 elapsed_s=0.3
2026-07-02 01:14:31,680 INFO chronaris.pipelines.stage_i.public.deep_baseline_runtime: deep_train epoch_start dataset=uab_workload_dataset model=chronaris_public_fusion_context_only track=subjective group=heat_the_chair seed=42 fold=001/002 epoch=004/005 batch_count=40
2026-07-02 01:14:31,690 INFO chronaris.pipelines.stage_i.public.deep_baseline_runtime: deep_train batch dataset=uab_workload_dataset model=chronaris_public_fusion_context_only track=subjective group=heat_the_chair seed=42 fold=001/002 epoch=004/005 batch=001/040 loss=0.449877 elapsed_s=1.1 status=running
2026-07-02 01:14:31,819 INFO chronaris.pipelines.stage_i.public.deep_baseline_runtime: deep_train batch dataset=uab_workload_dataset model=chronaris_public_fusion_context_only track=subjective group=heat_the_chair seed=42 fold=001/002 epoch=004/005 batch=020/040 loss=0.378447 elapsed_s=1.2 status=running
2026-07-02 01:14:31,958 INFO chronaris.pipelines.stage_i.public.deep_baseline_runtime: deep_train batch dataset=uab_workload_dataset model=chronaris_public_fusion_context_only track=subjective group=heat_the_chair seed=42 fold=001/002 epoch=004/005 batch=040/040 loss=0.389361 elapsed_s=1.3 status=running
2026-07-02 01:14:31,963 INFO chronaris.pipelines.stage_i.public.deep_baseline_runtime: deep_train epoch_done dataset=uab_workload_dataset model=chronaris_public_fusion_context_only track=subjective group=heat_the_chair seed=42 fold=001/002 epoch=004/005 train_loss=0.411765 elapsed_s=0.3
2026-07-02 01:14:31,985 INFO chronaris.pipelines.stage_i.public.deep_baseline_runtime: deep_train epoch_start dataset=uab_workload_dataset model=chronaris_public_fusion_context_only track=subjective group=heat_the_chair seed=42 fold=001/002 epoch=005/005 batch_count=40
2026-07-02 01:14:31,996 INFO chronaris.pipelines.stage_i.public.deep_baseline_runtime: deep_train batch dataset=uab_workload_dataset model=chronaris_public_fusion_context_only track=subjective group=heat_the_chair seed=42 fold=001/002 epoch=005/005 batch=001/040 loss=0.328765 elapsed_s=1.4 status=running
2026-07-02 01:14:32,129 INFO chronaris.pipelines.stage_i.public.deep_baseline_runtime: deep_train batch dataset=uab_workload_dataset model=chronaris_public_fusion_context_only track=subjective group=heat_the_chair seed=42 fold=001/002 epoch=005/005 batch=020/040 loss=0.428863 elapsed_s=1.5 status=running
2026-07-02 01:14:32,265 INFO chronaris.pipelines.stage_i.public.deep_baseline_runtime: deep_train batch dataset=uab_workload_dataset model=chronaris_public_fusion_context_only track=subjective group=heat_the_chair seed=42 fold=001/002 epoch=005/005 batch=040/040 loss=0.428455 elapsed_s=1.6 status=running
2026-07-02 01:14:32,270 INFO chronaris.pipelines.stage_i.public.deep_baseline_runtime: deep_train epoch_done dataset=uab_workload_dataset model=chronaris_public_fusion_context_only track=subjective group=heat_the_chair seed=42 fold=001/002 epoch=005/005 train_loss=0.411639 elapsed_s=0.3
2026-07-02 01:14:32,293 INFO chronaris.pipelines.stage_i.public.deep_baseline_runtime: deep_train fold_done dataset=uab_workload_dataset model=chronaris_public_fusion_context_only track=subjective group=heat_the_chair seed=42 fold=001/002 elapsed_s=1.7
2026-07-02 01:14:33,772 INFO chronaris.pipelines.stage_i.public.deep_baseline_runtime: deep_train fold_start dataset=uab_workload_dataset model=chronaris_public_fusion_context_only track=subjective group=heat_the_chair seed=42 fold=002/002 split_group=subject_02 task=regression train_count=5126 epochs=5 batch_size=128
2026-07-02 01:14:33,778 INFO chronaris.pipelines.stage_i.public.deep_baseline_runtime: deep_train epoch_start dataset=uab_workload_dataset model=chronaris_public_fusion_context_only track=subjective group=heat_the_chair seed=42 fold=002/002 epoch=001/005 batch_count=41
2026-07-02 01:14:33,791 INFO chronaris.pipelines.stage_i.public.deep_baseline_runtime: deep_train batch dataset=uab_workload_dataset model=chronaris_public_fusion_context_only track=subjective group=heat_the_chair seed=42 fold=002/002 epoch=001/005 batch=001/041 loss=0.380993 elapsed_s=0.0 status=running
2026-07-02 01:14:33,920 INFO chronaris.pipelines.stage_i.public.deep_baseline_runtime: deep_train batch dataset=uab_workload_dataset model=chronaris_public_fusion_context_only track=subjective group=heat_the_chair seed=42 fold=002/002 epoch=001/005 batch=020/041 loss=0.482693 elapsed_s=0.1 status=running
2026-07-02 01:14:34,066 INFO chronaris.pipelines.stage_i.public.deep_baseline_runtime: deep_train batch dataset=uab_workload_dataset model=chronaris_public_fusion_context_only track=subjective group=heat_the_chair seed=42 fold=002/002 epoch=001/005 batch=040/041 loss=0.338750 elapsed_s=0.3 status=running
2026-07-02 01:14:34,077 INFO chronaris.pipelines.stage_i.public.deep_baseline_runtime: deep_train batch dataset=uab_workload_dataset model=chronaris_public_fusion_context_only track=subjective group=heat_the_chair seed=42 fold=002/002 epoch=001/005 batch=041/041 loss=0.329446 elapsed_s=0.3 status=running
2026-07-02 01:14:34,081 INFO chronaris.pipelines.stage_i.public.deep_baseline_runtime: deep_train epoch_done dataset=uab_workload_dataset model=chronaris_public_fusion_context_only track=subjective group=heat_the_chair seed=42 fold=002/002 epoch=001/005 train_loss=0.423545 elapsed_s=0.3
2026-07-02 01:14:34,102 INFO chronaris.pipelines.stage_i.public.deep_baseline_runtime: deep_train epoch_start dataset=uab_workload_dataset model=chronaris_public_fusion_context_only track=subjective group=heat_the_chair seed=42 fold=002/002 epoch=002/005 batch_count=41
2026-07-02 01:14:34,112 INFO chronaris.pipelines.stage_i.public.deep_baseline_runtime: deep_train batch dataset=uab_workload_dataset model=chronaris_public_fusion_context_only track=subjective group=heat_the_chair seed=42 fold=002/002 epoch=002/005 batch=001/041 loss=0.385257 elapsed_s=0.3 status=running
2026-07-02 01:14:34,244 INFO chronaris.pipelines.stage_i.public.deep_baseline_runtime: deep_train batch dataset=uab_workload_dataset model=chronaris_public_fusion_context_only track=subjective group=heat_the_chair seed=42 fold=002/002 epoch=002/005 batch=020/041 loss=0.411165 elapsed_s=0.5 status=running
2026-07-02 01:14:34,389 INFO chronaris.pipelines.stage_i.public.deep_baseline_runtime: deep_train batch dataset=uab_workload_dataset model=chronaris_public_fusion_context_only track=subjective group=heat_the_chair seed=42 fold=002/002 epoch=002/005 batch=040/041 loss=0.459897 elapsed_s=0.6 status=running
2026-07-02 01:14:34,400 INFO chronaris.pipelines.stage_i.public.deep_baseline_runtime: deep_train batch dataset=uab_workload_dataset model=chronaris_public_fusion_context_only track=subjective group=heat_the_chair seed=42 fold=002/002 epoch=002/005 batch=041/041 loss=0.615993 elapsed_s=0.6 status=running
2026-07-02 01:14:34,403 INFO chronaris.pipelines.stage_i.public.deep_baseline_runtime: deep_train epoch_done dataset=uab_workload_dataset model=chronaris_public_fusion_context_only track=subjective group=heat_the_chair seed=42 fold=002/002 epoch=002/005 train_loss=0.428845 elapsed_s=0.3
2026-07-02 01:14:34,425 INFO chronaris.pipelines.stage_i.public.deep_baseline_runtime: deep_train epoch_start dataset=uab_workload_dataset model=chronaris_public_fusion_context_only track=subjective group=heat_the_chair seed=42 fold=002/002 epoch=003/005 batch_count=41
2026-07-02 01:14:34,436 INFO chronaris.pipelines.stage_i.public.deep_baseline_runtime: deep_train batch dataset=uab_workload_dataset model=chronaris_public_fusion_context_only track=subjective group=heat_the_chair seed=42 fold=002/002 epoch=003/005 batch=001/041 loss=0.369675 elapsed_s=0.7 status=running
2026-07-02 01:14:34,567 INFO chronaris.pipelines.stage_i.public.deep_baseline_runtime: deep_train batch dataset=uab_workload_dataset model=chronaris_public_fusion_context_only track=subjective group=heat_the_chair seed=42 fold=002/002 epoch=003/005 batch=020/041 loss=0.396076 elapsed_s=0.8 status=running
2026-07-02 01:14:34,704 INFO chronaris.pipelines.stage_i.public.deep_baseline_runtime: deep_train batch dataset=uab_workload_dataset model=chronaris_public_fusion_context_only track=subjective group=heat_the_chair seed=42 fold=002/002 epoch=003/005 batch=040/041 loss=0.431674 elapsed_s=0.9 status=running
2026-07-02 01:14:34,715 INFO chronaris.pipelines.stage_i.public.deep_baseline_runtime: deep_train batch dataset=uab_workload_dataset model=chronaris_public_fusion_context_only track=subjective group=heat_the_chair seed=42 fold=002/002 epoch=003/005 batch=041/041 loss=0.332138 elapsed_s=0.9 status=running
2026-07-02 01:14:34,720 INFO chronaris.pipelines.stage_i.public.deep_baseline_runtime: deep_train epoch_done dataset=uab_workload_dataset model=chronaris_public_fusion_context_only track=subjective group=heat_the_chair seed=42 fold=002/002 epoch=003/005 train_loss=0.421047 elapsed_s=0.3
2026-07-02 01:14:34,741 INFO chronaris.pipelines.stage_i.public.deep_baseline_runtime: deep_train epoch_start dataset=uab_workload_dataset model=chronaris_public_fusion_context_only track=subjective group=heat_the_chair seed=42 fold=002/002 epoch=004/005 batch_count=41
2026-07-02 01:14:34,753 INFO chronaris.pipelines.stage_i.public.deep_baseline_runtime: deep_train batch dataset=uab_workload_dataset model=chronaris_public_fusion_context_only track=subjective group=heat_the_chair seed=42 fold=002/002 epoch=004/005 batch=001/041 loss=0.394741 elapsed_s=1.0 status=running
2026-07-02 01:14:34,890 INFO chronaris.pipelines.stage_i.public.deep_baseline_runtime: deep_train batch dataset=uab_workload_dataset model=chronaris_public_fusion_context_only track=subjective group=heat_the_chair seed=42 fold=002/002 epoch=004/005 batch=020/041 loss=0.349922 elapsed_s=1.1 status=running
2026-07-02 01:14:35,027 INFO chronaris.pipelines.stage_i.public.deep_baseline_runtime: deep_train batch dataset=uab_workload_dataset model=chronaris_public_fusion_context_only track=subjective group=heat_the_chair seed=42 fold=002/002 epoch=004/005 batch=040/041 loss=0.360945 elapsed_s=1.2 status=running
2026-07-02 01:14:35,038 INFO chronaris.pipelines.stage_i.public.deep_baseline_runtime: deep_train batch dataset=uab_workload_dataset model=chronaris_public_fusion_context_only track=subjective group=heat_the_chair seed=42 fold=002/002 epoch=004/005 batch=041/041 loss=0.352737 elapsed_s=1.3 status=running
2026-07-02 01:14:35,042 INFO chronaris.pipelines.stage_i.public.deep_baseline_runtime: deep_train epoch_done dataset=uab_workload_dataset model=chronaris_public_fusion_context_only track=subjective group=heat_the_chair seed=42 fold=002/002 epoch=004/005 train_loss=0.422232 elapsed_s=0.3
2026-07-02 01:14:35,064 INFO chronaris.pipelines.stage_i.public.deep_baseline_runtime: deep_train epoch_start dataset=uab_workload_dataset model=chronaris_public_fusion_context_only track=subjective group=heat_the_chair seed=42 fold=002/002 epoch=005/005 batch_count=41
2026-07-02 01:14:35,081 INFO chronaris.pipelines.stage_i.public.deep_baseline_runtime: deep_train batch dataset=uab_workload_dataset model=chronaris_public_fusion_context_only track=subjective group=heat_the_chair seed=42 fold=002/002 epoch=005/005 batch=001/041 loss=0.343454 elapsed_s=1.3 status=running
2026-07-02 01:14:35,280 INFO chronaris.pipelines.stage_i.public.deep_baseline_runtime: deep_train batch dataset=uab_workload_dataset model=chronaris_public_fusion_context_only track=subjective group=heat_the_chair seed=42 fold=002/002 epoch=005/005 batch=020/041 loss=0.384402 elapsed_s=1.5 status=running
2026-07-02 01:14:35,428 INFO chronaris.pipelines.stage_i.public.deep_baseline_runtime: deep_train batch dataset=uab_workload_dataset model=chronaris_public_fusion_context_only track=subjective group=heat_the_chair seed=42 fold=002/002 epoch=005/005 batch=040/041 loss=0.454430 elapsed_s=1.7 status=running
2026-07-02 01:14:35,440 INFO chronaris.pipelines.stage_i.public.deep_baseline_runtime: deep_train batch dataset=uab_workload_dataset model=chronaris_public_fusion_context_only track=subjective group=heat_the_chair seed=42 fold=002/002 epoch=005/005 batch=041/041 loss=0.271393 elapsed_s=1.7 status=running
2026-07-02 01:14:35,444 INFO chronaris.pipelines.stage_i.public.deep_baseline_runtime: deep_train epoch_done dataset=uab_workload_dataset model=chronaris_public_fusion_context_only track=subjective group=heat_the_chair seed=42 fold=002/002 epoch=005/005 train_loss=0.419571 elapsed_s=0.4
2026-07-02 01:14:35,482 INFO chronaris.pipelines.stage_i.public.deep_baseline_runtime: deep_train fold_done dataset=uab_workload_dataset model=chronaris_public_fusion_context_only track=subjective group=heat_the_chair seed=42 fold=002/002 elapsed_s=1.7
