{
  "summary": {
    "sample_count": 8,
    "reference_point_count": 16,
    "mean_projection_cosine": 0.5636222323352342,
    "min_projection_cosine": -0.16554197939649787,
    "max_projection_cosine": 0.8675602316338302,
    "mean_projection_l2_gap": 0.09719819762669298,
    "mean_projection_l2_ratio": 1.127430790332277,
    "std_projection_cosine": 0.16808746923091614,
    "cv_projection_cosine": 0.29822718052566133,
    "std_projection_l2_gap": 0.05428538109838764,
    "cv_projection_l2_gap": 0.5585019313514468,
    "std_projection_l2_ratio": 0.07420223100329287,
    "cv_projection_l2_ratio": 0.06581533131752056,
    "samples": [
      {
        "sample_id": "20251002_单01_ACT-8_翼云_J16_12#01:0029",
        "reference_point_count": 16,
        "mean_projection_cosine": 0.6271533240625522,
        "min_projection_cosine": -0.16102852516147798,
        "max_projection_cosine": 0.8675602316338302,
        "physiology_projection_l2_mean": 0.868714732521655,
        "vehicle_projection_l2_mean": 0.9453949846893908,
        "projection_l2_gap_mean": 0.07668025216773583,
        "projection_l2_ratio_mean": 1.0993849831950084
      },
      {
        "sample_id": "20251002_单01_ACT-8_翼云_J16_12#01:0030",
        "reference_point_count": 16,
        "mean_projection_cosine": 0.6271533240625522,
        "min_projection_cosine": -0.16102852516147798,
        "max_projection_cosine": 0.8675602316338302,
        "physiology_projection_l2_mean": 0.868714732521655,
        "vehicle_projection_l2_mean": 0.9453949846893908,
        "projection_l2_gap_mean": 0.07668025216773583,
        "projection_l2_ratio_mean": 1.0993849831950084
      },
      {
        "sample_id": "20251002_单01_ACT-8_翼云_J16_12#01:0031",
        "reference_point_count": 16,
        "mean_projection_cosine": 0.6271533240625522,
        "min_projection_cosine": -0.16102852516147798,
        "max_projection_cosine": 0.8675602316338302,
        "physiology_projection_l2_mean": 0.868714732521655,
        "vehicle_projection_l2_mean": 0.9453949846893908,
        "projection_l2_gap_mean": 0.07668025216773583,
        "projection_l2_ratio_mean": 1.0993849831950084
      },
      {
        "sample_id": "20251002_单01_ACT-8_翼云_J16_12#01:0032",
        "reference_point_count": 16,
        "mean_projection_cosine": 0.6271533240625522,
        "min_projection_cosine": -0.16102852516147798,
        "max_projection_cosine": 0.8675602316338302,
        "physiology_projection_l2_mean": 0.868714732521655,
        "vehicle_projection_l2_mean": 0.9453949846893908,
        "projection_l2_gap_mean": 0.07668025216773583,
        "projection_l2_ratio_mean": 1.0993849831950084
      },
      {
        "sample_id": "20251002_单01_ACT-8_翼云_J16_12#01:0033",
        "reference_point_count": 16,
        "mean_projection_cosine": 0.6271533240625522,
        "min_projection_cosine": -0.16102852516147798,
        "max_projection_cosine": 0.8675602316338302,
        "physiology_projection_l2_mean": 0.868714732521655,
        "vehicle_projection_l2_mean": 0.9453949846893908,
        "projection_l2_gap_mean": 0.07668025216773583,
        "projection_l2_ratio_mean": 1.0993849831950084
      },
      {
        "sample_id": "20251002_单01_ACT-8_翼云_J16_12#01:0034",
        "reference_point_count": 16,
        "mean_projection_cosine": 0.6271533240625522,
        "min_projection_cosine": -0.16102852516147798,
        "max_projection_cosine": 0.8675602316338302,
        "physiology_projection_l2_mean": 0.868714732521655,
        "vehicle_projection_l2_mean": 0.9453949846893908,
        "projection_l2_gap_mean": 0.07668025216773583,
        "projection_l2_ratio_mean": 1.0993849831950084
      },
      {
        "sample_id": "20251002_单01_ACT-8_翼云_J16_12#01:0035",
        "reference_point_count": 16,
        "mean_projection_cosine": 0.6271533240625522,
        "min_projection_cosine": -0.16102852516147798,
        "max_projection_cosine": 0.8675602316338302,
        "physiology_projection_l2_mean": 0.868714732521655,
        "vehicle_projection_l2_mean": 0.9453949846893908,
        "projection_l2_gap_mean": 0.07668025216773583,
        "projection_l2_ratio_mean": 1.0993849831950084
      },
      {
        "sample_id": "20251002_单01_ACT-8_翼云_J16_12#01:0036",
        "reference_point_count": 16,
        "mean_projection_cosine": 0.11890459024400887,
        "min_projection_cosine": -0.16554197939649787,
        "max_projection_cosine": 0.44445360365604286,
        "physiology_projection_l2_mean": 0.7951382622034413,
        "vehicle_projection_l2_mean": 1.0359620780428347,
        "projection_l2_gap_mean": 0.24082381583939302,
        "projection_l2_ratio_mean": 1.3237514402931567
      }
    ]
  },
  "threshold_evaluation": {
    "passed": false,
    "verdict": "WARN",
    "checks": [
      {
        "name": "sample_count",
        "passed": true,
        "actual": 8.0,
        "operator": ">=",
        "expected": 1.0
      },
      {
        "name": "mean_projection_cosine",
        "passed": false,
        "actual": 0.5636222323352342,
        "operator": ">=",
        "expected": 0.65
      },
      {
        "name": "mean_projection_l2_gap",
        "passed": true,
        "actual": 0.09719819762669298,
        "operator": "<=",
        "expected": 0.25
      },
      {
        "name": "mean_projection_l2_ratio_deviation",
        "passed": true,
        "actual": 0.1274307903322771,
        "operator": "<=",
        "expected": 0.3
      },
      {
        "name": "projection_cosine_cv",
        "passed": false,
        "actual": 0.29822718052566133,
        "operator": "<=",
        "expected": 0.15
      },
      {
        "name": "projection_l2_gap_cv",
        "passed": false,
        "actual": 0.5585019313514468,
        "operator": "<=",
        "expected": 0.25
      }
    ]
  }
}
