2026-07-02 01:08:56,137 INFO chronaris.pipelines.stage_i.public.deep_baseline: stage_i_deep_baseline observer start run_id=event_bias_0p75__seed42 run_root=/home/wangminan/projects/chronaris/docs/artifacts/assets/stage_i_public_fusion_ablation/20260701T-stage-i-public-fusion-ablation-r1/screen/uab_workload_dataset/event_bias_0p75__seed42
2026-07-02 01:09:01,261 INFO chronaris.pipelines.stage_i.public.deep_baseline_runtime: deep_train fold_start dataset=uab_workload_dataset model=chronaris_public_fusion track=objective group=n_back seed=42 fold=001/002 split_group=subject_01 task=classification train_count=26164 epochs=5 batch_size=128
2026-07-02 01:09:01,262 INFO chronaris.pipelines.stage_i.public.deep_baseline_runtime: deep_train epoch_start dataset=uab_workload_dataset model=chronaris_public_fusion track=objective group=n_back seed=42 fold=001/002 epoch=001/005 batch_count=205
2026-07-02 01:09:01,726 INFO chronaris.pipelines.stage_i.public.deep_baseline_runtime: deep_train batch dataset=uab_workload_dataset model=chronaris_public_fusion track=objective group=n_back seed=42 fold=001/002 epoch=001/005 batch=001/205 loss=1.110116 elapsed_s=0.5 status=running
2026-07-02 01:09:02,092 INFO chronaris.pipelines.stage_i.public.deep_baseline_runtime: deep_train batch dataset=uab_workload_dataset model=chronaris_public_fusion track=objective group=n_back seed=42 fold=001/002 epoch=001/005 batch=020/205 loss=1.090199 elapsed_s=0.8 status=running
2026-07-02 01:09:02,365 INFO chronaris.pipelines.stage_i.public.deep_baseline_runtime: deep_train batch dataset=uab_workload_dataset model=chronaris_public_fusion track=objective group=n_back seed=42 fold=001/002 epoch=001/005 batch=040/205 loss=1.112255 elapsed_s=1.1 status=running
2026-07-02 01:09:02,619 INFO chronaris.pipelines.stage_i.public.deep_baseline_runtime: deep_train batch dataset=uab_workload_dataset model=chronaris_public_fusion track=objective group=n_back seed=42 fold=001/002 epoch=001/005 batch=060/205 loss=1.098344 elapsed_s=1.4 status=running
2026-07-02 01:09:02,883 INFO chronaris.pipelines.stage_i.public.deep_baseline_runtime: deep_train batch dataset=uab_workload_dataset model=chronaris_public_fusion track=objective group=n_back seed=42 fold=001/002 epoch=001/005 batch=080/205 loss=1.108367 elapsed_s=1.6 status=running
2026-07-02 01:09:03,147 INFO chronaris.pipelines.stage_i.public.deep_baseline_runtime: deep_train batch dataset=uab_workload_dataset model=chronaris_public_fusion track=objective group=n_back seed=42 fold=001/002 epoch=001/005 batch=100/205 loss=1.099205 elapsed_s=1.9 status=running
2026-07-02 01:09:03,403 INFO chronaris.pipelines.stage_i.public.deep_baseline_runtime: deep_train batch dataset=uab_workload_dataset model=chronaris_public_fusion track=objective group=n_back seed=42 fold=001/002 epoch=001/005 batch=120/205 loss=1.097882 elapsed_s=2.1 status=running
2026-07-02 01:09:03,670 INFO chronaris.pipelines.stage_i.public.deep_baseline_runtime: deep_train batch dataset=uab_workload_dataset model=chronaris_public_fusion track=objective group=n_back seed=42 fold=001/002 epoch=001/005 batch=140/205 loss=1.092290 elapsed_s=2.4 status=running
2026-07-02 01:09:03,926 INFO chronaris.pipelines.stage_i.public.deep_baseline_runtime: deep_train batch dataset=uab_workload_dataset model=chronaris_public_fusion track=objective group=n_back seed=42 fold=001/002 epoch=001/005 batch=160/205 loss=1.107641 elapsed_s=2.7 status=running
2026-07-02 01:09:04,188 INFO chronaris.pipelines.stage_i.public.deep_baseline_runtime: deep_train batch dataset=uab_workload_dataset model=chronaris_public_fusion track=objective group=n_back seed=42 fold=001/002 epoch=001/005 batch=180/205 loss=1.099217 elapsed_s=2.9 status=running
2026-07-02 01:09:04,457 INFO chronaris.pipelines.stage_i.public.deep_baseline_runtime: deep_train batch dataset=uab_workload_dataset model=chronaris_public_fusion track=objective group=n_back seed=42 fold=001/002 epoch=001/005 batch=200/205 loss=1.098390 elapsed_s=3.2 status=running
2026-07-02 01:09:04,524 INFO chronaris.pipelines.stage_i.public.deep_baseline_runtime: deep_train batch dataset=uab_workload_dataset model=chronaris_public_fusion track=objective group=n_back seed=42 fold=001/002 epoch=001/005 batch=205/205 loss=1.099503 elapsed_s=3.3 status=running
2026-07-02 01:09:04,525 INFO chronaris.pipelines.stage_i.public.deep_baseline_runtime: deep_train epoch_done dataset=uab_workload_dataset model=chronaris_public_fusion track=objective group=n_back seed=42 fold=001/002 epoch=001/005 train_loss=1.101340 elapsed_s=3.3
2026-07-02 01:09:04,554 INFO chronaris.pipelines.stage_i.public.deep_baseline_runtime: deep_train epoch_start dataset=uab_workload_dataset model=chronaris_public_fusion track=objective group=n_back seed=42 fold=001/002 epoch=002/005 batch_count=205
2026-07-02 01:09:04,568 INFO chronaris.pipelines.stage_i.public.deep_baseline_runtime: deep_train batch dataset=uab_workload_dataset model=chronaris_public_fusion track=objective group=n_back seed=42 fold=001/002 epoch=002/005 batch=001/205 loss=1.098580 elapsed_s=3.3 status=running
2026-07-02 01:09:04,817 INFO chronaris.pipelines.stage_i.public.deep_baseline_runtime: deep_train batch dataset=uab_workload_dataset model=chronaris_public_fusion track=objective group=n_back seed=42 fold=001/002 epoch=002/005 batch=020/205 loss=1.101435 elapsed_s=3.6 status=running
2026-07-02 01:09:05,078 INFO chronaris.pipelines.stage_i.public.deep_baseline_runtime: deep_train batch dataset=uab_workload_dataset model=chronaris_public_fusion track=objective group=n_back seed=42 fold=001/002 epoch=002/005 batch=040/205 loss=1.103682 elapsed_s=3.8 status=running
2026-07-02 01:09:05,350 INFO chronaris.pipelines.stage_i.public.deep_baseline_runtime: deep_train batch dataset=uab_workload_dataset model=chronaris_public_fusion track=objective group=n_back seed=42 fold=001/002 epoch=002/005 batch=060/205 loss=1.096855 elapsed_s=4.1 status=running
2026-07-02 01:09:05,622 INFO chronaris.pipelines.stage_i.public.deep_baseline_runtime: deep_train batch dataset=uab_workload_dataset model=chronaris_public_fusion track=objective group=n_back seed=42 fold=001/002 epoch=002/005 batch=080/205 loss=1.097790 elapsed_s=4.4 status=running
2026-07-02 01:09:05,886 INFO chronaris.pipelines.stage_i.public.deep_baseline_runtime: deep_train batch dataset=uab_workload_dataset model=chronaris_public_fusion track=objective group=n_back seed=42 fold=001/002 epoch=002/005 batch=100/205 loss=1.083268 elapsed_s=4.6 status=running
2026-07-02 01:09:06,154 INFO chronaris.pipelines.stage_i.public.deep_baseline_runtime: deep_train batch dataset=uab_workload_dataset model=chronaris_public_fusion track=objective group=n_back seed=42 fold=001/002 epoch=002/005 batch=120/205 loss=1.097427 elapsed_s=4.9 status=running
2026-07-02 01:09:06,418 INFO chronaris.pipelines.stage_i.public.deep_baseline_runtime: deep_train batch dataset=uab_workload_dataset model=chronaris_public_fusion track=objective group=n_back seed=42 fold=001/002 epoch=002/005 batch=140/205 loss=1.094780 elapsed_s=5.2 status=running
2026-07-02 01:09:06,677 INFO chronaris.pipelines.stage_i.public.deep_baseline_runtime: deep_train batch dataset=uab_workload_dataset model=chronaris_public_fusion track=objective group=n_back seed=42 fold=001/002 epoch=002/005 batch=160/205 loss=1.092639 elapsed_s=5.4 status=running
2026-07-02 01:09:06,939 INFO chronaris.pipelines.stage_i.public.deep_baseline_runtime: deep_train batch dataset=uab_workload_dataset model=chronaris_public_fusion track=objective group=n_back seed=42 fold=001/002 epoch=002/005 batch=180/205 loss=1.102849 elapsed_s=5.7 status=running
2026-07-02 01:09:07,212 INFO chronaris.pipelines.stage_i.public.deep_baseline_runtime: deep_train batch dataset=uab_workload_dataset model=chronaris_public_fusion track=objective group=n_back seed=42 fold=001/002 epoch=002/005 batch=200/205 loss=1.098571 elapsed_s=6.0 status=running
2026-07-02 01:09:07,278 INFO chronaris.pipelines.stage_i.public.deep_baseline_runtime: deep_train batch dataset=uab_workload_dataset model=chronaris_public_fusion track=objective group=n_back seed=42 fold=001/002 epoch=002/005 batch=205/205 loss=1.068427 elapsed_s=6.0 status=running
2026-07-02 01:09:07,279 INFO chronaris.pipelines.stage_i.public.deep_baseline_runtime: deep_train epoch_done dataset=uab_workload_dataset model=chronaris_public_fusion track=objective group=n_back seed=42 fold=001/002 epoch=002/005 train_loss=1.097075 elapsed_s=2.7
2026-07-02 01:09:07,314 INFO chronaris.pipelines.stage_i.public.deep_baseline_runtime: deep_train epoch_start dataset=uab_workload_dataset model=chronaris_public_fusion track=objective group=n_back seed=42 fold=001/002 epoch=003/005 batch_count=205
2026-07-02 01:09:07,338 INFO chronaris.pipelines.stage_i.public.deep_baseline_runtime: deep_train batch dataset=uab_workload_dataset model=chronaris_public_fusion track=objective group=n_back seed=42 fold=001/002 epoch=003/005 batch=001/205 loss=1.089576 elapsed_s=6.1 status=running
2026-07-02 01:09:07,590 INFO chronaris.pipelines.stage_i.public.deep_baseline_runtime: deep_train batch dataset=uab_workload_dataset model=chronaris_public_fusion track=objective group=n_back seed=42 fold=001/002 epoch=003/005 batch=020/205 loss=1.105959 elapsed_s=6.3 status=running
2026-07-02 01:09:07,860 INFO chronaris.pipelines.stage_i.public.deep_baseline_runtime: deep_train batch dataset=uab_workload_dataset model=chronaris_public_fusion track=objective group=n_back seed=42 fold=001/002 epoch=003/005 batch=040/205 loss=1.097716 elapsed_s=6.6 status=running
2026-07-02 01:09:08,126 INFO chronaris.pipelines.stage_i.public.deep_baseline_runtime: deep_train batch dataset=uab_workload_dataset model=chronaris_public_fusion track=objective group=n_back seed=42 fold=001/002 epoch=003/005 batch=060/205 loss=1.100085 elapsed_s=6.9 status=running
2026-07-02 01:09:08,402 INFO chronaris.pipelines.stage_i.public.deep_baseline_runtime: deep_train batch dataset=uab_workload_dataset model=chronaris_public_fusion track=objective group=n_back seed=42 fold=001/002 epoch=003/005 batch=080/205 loss=1.089597 elapsed_s=7.1 status=running
2026-07-02 01:09:08,679 INFO chronaris.pipelines.stage_i.public.deep_baseline_runtime: deep_train batch dataset=uab_workload_dataset model=chronaris_public_fusion track=objective group=n_back seed=42 fold=001/002 epoch=003/005 batch=100/205 loss=1.102204 elapsed_s=7.4 status=running
2026-07-02 01:09:08,943 INFO chronaris.pipelines.stage_i.public.deep_baseline_runtime: deep_train batch dataset=uab_workload_dataset model=chronaris_public_fusion track=objective group=n_back seed=42 fold=001/002 epoch=003/005 batch=120/205 loss=1.093237 elapsed_s=7.7 status=running
2026-07-02 01:09:09,208 INFO chronaris.pipelines.stage_i.public.deep_baseline_runtime: deep_train batch dataset=uab_workload_dataset model=chronaris_public_fusion track=objective group=n_back seed=42 fold=001/002 epoch=003/005 batch=140/205 loss=1.089806 elapsed_s=7.9 status=running
2026-07-02 01:09:09,475 INFO chronaris.pipelines.stage_i.public.deep_baseline_runtime: deep_train batch dataset=uab_workload_dataset model=chronaris_public_fusion track=objective group=n_back seed=42 fold=001/002 epoch=003/005 batch=160/205 loss=1.098801 elapsed_s=8.2 status=running
2026-07-02 01:09:09,755 INFO chronaris.pipelines.stage_i.public.deep_baseline_runtime: deep_train batch dataset=uab_workload_dataset model=chronaris_public_fusion track=objective group=n_back seed=42 fold=001/002 epoch=003/005 batch=180/205 loss=1.099293 elapsed_s=8.5 status=running
2026-07-02 01:09:10,025 INFO chronaris.pipelines.stage_i.public.deep_baseline_runtime: deep_train batch dataset=uab_workload_dataset model=chronaris_public_fusion track=objective group=n_back seed=42 fold=001/002 epoch=003/005 batch=200/205 loss=1.093312 elapsed_s=8.8 status=running
2026-07-02 01:09:10,091 INFO chronaris.pipelines.stage_i.public.deep_baseline_runtime: deep_train batch dataset=uab_workload_dataset model=chronaris_public_fusion track=objective group=n_back seed=42 fold=001/002 epoch=003/005 batch=205/205 loss=1.084757 elapsed_s=8.8 status=running
2026-07-02 01:09:10,092 INFO chronaris.pipelines.stage_i.public.deep_baseline_runtime: deep_train epoch_done dataset=uab_workload_dataset model=chronaris_public_fusion track=objective group=n_back seed=42 fold=001/002 epoch=003/005 train_loss=1.097277 elapsed_s=2.8
2026-07-02 01:09:10,126 INFO chronaris.pipelines.stage_i.public.deep_baseline_runtime: deep_train epoch_start dataset=uab_workload_dataset model=chronaris_public_fusion track=objective group=n_back seed=42 fold=001/002 epoch=004/005 batch_count=205
2026-07-02 01:09:10,153 INFO chronaris.pipelines.stage_i.public.deep_baseline_runtime: deep_train batch dataset=uab_workload_dataset model=chronaris_public_fusion track=objective group=n_back seed=42 fold=001/002 epoch=004/005 batch=001/205 loss=1.084495 elapsed_s=8.9 status=running
2026-07-02 01:09:10,407 INFO chronaris.pipelines.stage_i.public.deep_baseline_runtime: deep_train batch dataset=uab_workload_dataset model=chronaris_public_fusion track=objective group=n_back seed=42 fold=001/002 epoch=004/005 batch=020/205 loss=1.096958 elapsed_s=9.1 status=running
2026-07-02 01:09:10,678 INFO chronaris.pipelines.stage_i.public.deep_baseline_runtime: deep_train batch dataset=uab_workload_dataset model=chronaris_public_fusion track=objective group=n_back seed=42 fold=001/002 epoch=004/005 batch=040/205 loss=1.089301 elapsed_s=9.4 status=running
2026-07-02 01:09:10,945 INFO chronaris.pipelines.stage_i.public.deep_baseline_runtime: deep_train batch dataset=uab_workload_dataset model=chronaris_public_fusion track=objective group=n_back seed=42 fold=001/002 epoch=004/005 batch=060/205 loss=1.100650 elapsed_s=9.7 status=running
2026-07-02 01:09:11,215 INFO chronaris.pipelines.stage_i.public.deep_baseline_runtime: deep_train batch dataset=uab_workload_dataset model=chronaris_public_fusion track=objective group=n_back seed=42 fold=001/002 epoch=004/005 batch=080/205 loss=1.100692 elapsed_s=10.0 status=running
2026-07-02 01:09:11,478 INFO chronaris.pipelines.stage_i.public.deep_baseline_runtime: deep_train batch dataset=uab_workload_dataset model=chronaris_public_fusion track=objective group=n_back seed=42 fold=001/002 epoch=004/005 batch=100/205 loss=1.098390 elapsed_s=10.2 status=running
2026-07-02 01:09:11,741 INFO chronaris.pipelines.stage_i.public.deep_baseline_runtime: deep_train batch dataset=uab_workload_dataset model=chronaris_public_fusion track=objective group=n_back seed=42 fold=001/002 epoch=004/005 batch=120/205 loss=1.089028 elapsed_s=10.5 status=running
2026-07-02 01:09:12,020 INFO chronaris.pipelines.stage_i.public.deep_baseline_runtime: deep_train batch dataset=uab_workload_dataset model=chronaris_public_fusion track=objective group=n_back seed=42 fold=001/002 epoch=004/005 batch=140/205 loss=1.096614 elapsed_s=10.8 status=running
2026-07-02 01:09:12,287 INFO chronaris.pipelines.stage_i.public.deep_baseline_runtime: deep_train batch dataset=uab_workload_dataset model=chronaris_public_fusion track=objective group=n_back seed=42 fold=001/002 epoch=004/005 batch=160/205 loss=1.103409 elapsed_s=11.0 status=running
2026-07-02 01:09:12,549 INFO chronaris.pipelines.stage_i.public.deep_baseline_runtime: deep_train batch dataset=uab_workload_dataset model=chronaris_public_fusion track=objective group=n_back seed=42 fold=001/002 epoch=004/005 batch=180/205 loss=1.089708 elapsed_s=11.3 status=running
2026-07-02 01:09:12,819 INFO chronaris.pipelines.stage_i.public.deep_baseline_runtime: deep_train batch dataset=uab_workload_dataset model=chronaris_public_fusion track=objective group=n_back seed=42 fold=001/002 epoch=004/005 batch=200/205 loss=1.094567 elapsed_s=11.6 status=running
2026-07-02 01:09:12,888 INFO chronaris.pipelines.stage_i.public.deep_baseline_runtime: deep_train batch dataset=uab_workload_dataset model=chronaris_public_fusion track=objective group=n_back seed=42 fold=001/002 epoch=004/005 batch=205/205 loss=1.089223 elapsed_s=11.6 status=running
2026-07-02 01:09:12,897 INFO chronaris.pipelines.stage_i.public.deep_baseline_runtime: deep_train epoch_done dataset=uab_workload_dataset model=chronaris_public_fusion track=objective group=n_back seed=42 fold=001/002 epoch=004/005 train_loss=1.096416 elapsed_s=2.8
2026-07-02 01:09:12,932 INFO chronaris.pipelines.stage_i.public.deep_baseline_runtime: deep_train epoch_start dataset=uab_workload_dataset model=chronaris_public_fusion track=objective group=n_back seed=42 fold=001/002 epoch=005/005 batch_count=205
2026-07-02 01:09:12,953 INFO chronaris.pipelines.stage_i.public.deep_baseline_runtime: deep_train batch dataset=uab_workload_dataset model=chronaris_public_fusion track=objective group=n_back seed=42 fold=001/002 epoch=005/005 batch=001/205 loss=1.095082 elapsed_s=11.7 status=running
2026-07-02 01:09:13,201 INFO chronaris.pipelines.stage_i.public.deep_baseline_runtime: deep_train batch dataset=uab_workload_dataset model=chronaris_public_fusion track=objective group=n_back seed=42 fold=001/002 epoch=005/005 batch=020/205 loss=1.085659 elapsed_s=11.9 status=running
2026-07-02 01:09:13,466 INFO chronaris.pipelines.stage_i.public.deep_baseline_runtime: deep_train batch dataset=uab_workload_dataset model=chronaris_public_fusion track=objective group=n_back seed=42 fold=001/002 epoch=005/005 batch=040/205 loss=1.097472 elapsed_s=12.2 status=running
2026-07-02 01:09:13,737 INFO chronaris.pipelines.stage_i.public.deep_baseline_runtime: deep_train batch dataset=uab_workload_dataset model=chronaris_public_fusion track=objective group=n_back seed=42 fold=001/002 epoch=005/005 batch=060/205 loss=1.085086 elapsed_s=12.5 status=running
2026-07-02 01:09:14,016 INFO chronaris.pipelines.stage_i.public.deep_baseline_runtime: deep_train batch dataset=uab_workload_dataset model=chronaris_public_fusion track=objective group=n_back seed=42 fold=001/002 epoch=005/005 batch=080/205 loss=1.070971 elapsed_s=12.8 status=running
2026-07-02 01:09:14,292 INFO chronaris.pipelines.stage_i.public.deep_baseline_runtime: deep_train batch dataset=uab_workload_dataset model=chronaris_public_fusion track=objective group=n_back seed=42 fold=001/002 epoch=005/005 batch=100/205 loss=1.084567 elapsed_s=13.0 status=running
2026-07-02 01:09:14,560 INFO chronaris.pipelines.stage_i.public.deep_baseline_runtime: deep_train batch dataset=uab_workload_dataset model=chronaris_public_fusion track=objective group=n_back seed=42 fold=001/002 epoch=005/005 batch=120/205 loss=1.083858 elapsed_s=13.3 status=running
2026-07-02 01:09:14,826 INFO chronaris.pipelines.stage_i.public.deep_baseline_runtime: deep_train batch dataset=uab_workload_dataset model=chronaris_public_fusion track=objective group=n_back seed=42 fold=001/002 epoch=005/005 batch=140/205 loss=1.083965 elapsed_s=13.6 status=running
2026-07-02 01:09:15,090 INFO chronaris.pipelines.stage_i.public.deep_baseline_runtime: deep_train batch dataset=uab_workload_dataset model=chronaris_public_fusion track=objective group=n_back seed=42 fold=001/002 epoch=005/005 batch=160/205 loss=1.096748 elapsed_s=13.8 status=running
2026-07-02 01:09:16,397 INFO chronaris.pipelines.stage_i.public.deep_baseline_runtime: deep_train batch dataset=uab_workload_dataset model=chronaris_public_fusion track=objective group=n_back seed=42 fold=001/002 epoch=005/005 batch=180/205 loss=1.079311 elapsed_s=14.1 status=running
2026-07-02 01:09:18,715 INFO chronaris.pipelines.stage_i.public.deep_baseline_runtime: deep_train batch dataset=uab_workload_dataset model=chronaris_public_fusion track=objective group=n_back seed=42 fold=001/002 epoch=005/005 batch=200/205 loss=1.083398 elapsed_s=14.4 status=running
2026-07-02 01:09:18,784 INFO chronaris.pipelines.stage_i.public.deep_baseline_runtime: deep_train batch dataset=uab_workload_dataset model=chronaris_public_fusion track=objective group=n_back seed=42 fold=001/002 epoch=005/005 batch=205/205 loss=1.092770 elapsed_s=14.5 status=running
2026-07-02 01:09:18,785 INFO chronaris.pipelines.stage_i.public.deep_baseline_runtime: deep_train epoch_done dataset=uab_workload_dataset model=chronaris_public_fusion track=objective group=n_back seed=42 fold=001/002 epoch=005/005 train_loss=1.091526 elapsed_s=2.8
2026-07-02 01:09:18,819 INFO chronaris.pipelines.stage_i.public.deep_baseline_runtime: deep_train fold_done dataset=uab_workload_dataset model=chronaris_public_fusion track=objective group=n_back seed=42 fold=001/002 elapsed_s=14.5
2026-07-02 01:09:22,750 INFO chronaris.pipelines.stage_i.public.deep_baseline_runtime: deep_train fold_start dataset=uab_workload_dataset model=chronaris_public_fusion track=objective group=n_back seed=42 fold=002/002 split_group=subject_02 task=classification train_count=26176 epochs=5 batch_size=128
2026-07-02 01:09:22,752 INFO chronaris.pipelines.stage_i.public.deep_baseline_runtime: deep_train epoch_start dataset=uab_workload_dataset model=chronaris_public_fusion track=objective group=n_back seed=42 fold=002/002 epoch=001/005 batch_count=205
2026-07-02 01:09:22,782 INFO chronaris.pipelines.stage_i.public.deep_baseline_runtime: deep_train batch dataset=uab_workload_dataset model=chronaris_public_fusion track=objective group=n_back seed=42 fold=002/002 epoch=001/005 batch=001/205 loss=1.113467 elapsed_s=0.0 status=running
2026-07-02 01:09:23,118 INFO chronaris.pipelines.stage_i.public.deep_baseline_runtime: deep_train batch dataset=uab_workload_dataset model=chronaris_public_fusion track=objective group=n_back seed=42 fold=002/002 epoch=001/005 batch=020/205 loss=1.089539 elapsed_s=0.4 status=running
2026-07-02 01:09:23,397 INFO chronaris.pipelines.stage_i.public.deep_baseline_runtime: deep_train batch dataset=uab_workload_dataset model=chronaris_public_fusion track=objective group=n_back seed=42 fold=002/002 epoch=001/005 batch=040/205 loss=1.089545 elapsed_s=0.6 status=running
2026-07-02 01:09:23,670 INFO chronaris.pipelines.stage_i.public.deep_baseline_runtime: deep_train batch dataset=uab_workload_dataset model=chronaris_public_fusion track=objective group=n_back seed=42 fold=002/002 epoch=001/005 batch=060/205 loss=1.117195 elapsed_s=0.9 status=running
2026-07-02 01:09:23,941 INFO chronaris.pipelines.stage_i.public.deep_baseline_runtime: deep_train batch dataset=uab_workload_dataset model=chronaris_public_fusion track=objective group=n_back seed=42 fold=002/002 epoch=001/005 batch=080/205 loss=1.108167 elapsed_s=1.2 status=running
2026-07-02 01:09:24,220 INFO chronaris.pipelines.stage_i.public.deep_baseline_runtime: deep_train batch dataset=uab_workload_dataset model=chronaris_public_fusion track=objective group=n_back seed=42 fold=002/002 epoch=001/005 batch=100/205 loss=1.088032 elapsed_s=1.5 status=running
2026-07-02 01:09:24,503 INFO chronaris.pipelines.stage_i.public.deep_baseline_runtime: deep_train batch dataset=uab_workload_dataset model=chronaris_public_fusion track=objective group=n_back seed=42 fold=002/002 epoch=001/005 batch=120/205 loss=1.096027 elapsed_s=1.8 status=running
2026-07-02 01:09:24,787 INFO chronaris.pipelines.stage_i.public.deep_baseline_runtime: deep_train batch dataset=uab_workload_dataset model=chronaris_public_fusion track=objective group=n_back seed=42 fold=002/002 epoch=001/005 batch=140/205 loss=1.102603 elapsed_s=2.0 status=running
2026-07-02 01:09:25,059 INFO chronaris.pipelines.stage_i.public.deep_baseline_runtime: deep_train batch dataset=uab_workload_dataset model=chronaris_public_fusion track=objective group=n_back seed=42 fold=002/002 epoch=001/005 batch=160/205 loss=1.105655 elapsed_s=2.3 status=running
2026-07-02 01:09:25,337 INFO chronaris.pipelines.stage_i.public.deep_baseline_runtime: deep_train batch dataset=uab_workload_dataset model=chronaris_public_fusion track=objective group=n_back seed=42 fold=002/002 epoch=001/005 batch=180/205 loss=1.098358 elapsed_s=2.6 status=running
2026-07-02 01:09:25,608 INFO chronaris.pipelines.stage_i.public.deep_baseline_runtime: deep_train batch dataset=uab_workload_dataset model=chronaris_public_fusion track=objective group=n_back seed=42 fold=002/002 epoch=001/005 batch=200/205 loss=1.097381 elapsed_s=2.9 status=running
2026-07-02 01:09:25,677 INFO chronaris.pipelines.stage_i.public.deep_baseline_runtime: deep_train batch dataset=uab_workload_dataset model=chronaris_public_fusion track=objective group=n_back seed=42 fold=002/002 epoch=001/005 batch=205/205 loss=1.098905 elapsed_s=2.9 status=running
2026-07-02 01:09:25,679 INFO chronaris.pipelines.stage_i.public.deep_baseline_runtime: deep_train epoch_done dataset=uab_workload_dataset model=chronaris_public_fusion track=objective group=n_back seed=42 fold=002/002 epoch=001/005 train_loss=1.100782 elapsed_s=2.9
2026-07-02 01:09:25,713 INFO chronaris.pipelines.stage_i.public.deep_baseline_runtime: deep_train epoch_start dataset=uab_workload_dataset model=chronaris_public_fusion track=objective group=n_back seed=42 fold=002/002 epoch=002/005 batch_count=205
2026-07-02 01:09:25,729 INFO chronaris.pipelines.stage_i.public.deep_baseline_runtime: deep_train batch dataset=uab_workload_dataset model=chronaris_public_fusion track=objective group=n_back seed=42 fold=002/002 epoch=002/005 batch=001/205 loss=1.087764 elapsed_s=3.0 status=running
2026-07-02 01:09:26,007 INFO chronaris.pipelines.stage_i.public.deep_baseline_runtime: deep_train batch dataset=uab_workload_dataset model=chronaris_public_fusion track=objective group=n_back seed=42 fold=002/002 epoch=002/005 batch=020/205 loss=1.104241 elapsed_s=3.3 status=running
2026-07-02 01:09:26,298 INFO chronaris.pipelines.stage_i.public.deep_baseline_runtime: deep_train batch dataset=uab_workload_dataset model=chronaris_public_fusion track=objective group=n_back seed=42 fold=002/002 epoch=002/005 batch=040/205 loss=1.101691 elapsed_s=3.5 status=running
2026-07-02 01:09:26,591 INFO chronaris.pipelines.stage_i.public.deep_baseline_runtime: deep_train batch dataset=uab_workload_dataset model=chronaris_public_fusion track=objective group=n_back seed=42 fold=002/002 epoch=002/005 batch=060/205 loss=1.095140 elapsed_s=3.8 status=running
2026-07-02 01:09:26,869 INFO chronaris.pipelines.stage_i.public.deep_baseline_runtime: deep_train batch dataset=uab_workload_dataset model=chronaris_public_fusion track=objective group=n_back seed=42 fold=002/002 epoch=002/005 batch=080/205 loss=1.096122 elapsed_s=4.1 status=running
2026-07-02 01:09:27,139 INFO chronaris.pipelines.stage_i.public.deep_baseline_runtime: deep_train batch dataset=uab_workload_dataset model=chronaris_public_fusion track=objective group=n_back seed=42 fold=002/002 epoch=002/005 batch=100/205 loss=1.089769 elapsed_s=4.4 status=running
2026-07-02 01:09:27,425 INFO chronaris.pipelines.stage_i.public.deep_baseline_runtime: deep_train batch dataset=uab_workload_dataset model=chronaris_public_fusion track=objective group=n_back seed=42 fold=002/002 epoch=002/005 batch=120/205 loss=1.093951 elapsed_s=4.7 status=running
2026-07-02 01:09:27,697 INFO chronaris.pipelines.stage_i.public.deep_baseline_runtime: deep_train batch dataset=uab_workload_dataset model=chronaris_public_fusion track=objective group=n_back seed=42 fold=002/002 epoch=002/005 batch=140/205 loss=1.110688 elapsed_s=4.9 status=running
2026-07-02 01:09:27,969 INFO chronaris.pipelines.stage_i.public.deep_baseline_runtime: deep_train batch dataset=uab_workload_dataset model=chronaris_public_fusion track=objective group=n_back seed=42 fold=002/002 epoch=002/005 batch=160/205 loss=1.095427 elapsed_s=5.2 status=running
2026-07-02 01:09:28,234 INFO chronaris.pipelines.stage_i.public.deep_baseline_runtime: deep_train batch dataset=uab_workload_dataset model=chronaris_public_fusion track=objective group=n_back seed=42 fold=002/002 epoch=002/005 batch=180/205 loss=1.098936 elapsed_s=5.5 status=running
2026-07-02 01:09:28,500 INFO chronaris.pipelines.stage_i.public.deep_baseline_runtime: deep_train batch dataset=uab_workload_dataset model=chronaris_public_fusion track=objective group=n_back seed=42 fold=002/002 epoch=002/005 batch=200/205 loss=1.097144 elapsed_s=5.7 status=running
2026-07-02 01:09:28,568 INFO chronaris.pipelines.stage_i.public.deep_baseline_runtime: deep_train batch dataset=uab_workload_dataset model=chronaris_public_fusion track=objective group=n_back seed=42 fold=002/002 epoch=002/005 batch=205/205 loss=1.080793 elapsed_s=5.8 status=running
2026-07-02 01:09:28,570 INFO chronaris.pipelines.stage_i.public.deep_baseline_runtime: deep_train epoch_done dataset=uab_workload_dataset model=chronaris_public_fusion track=objective group=n_back seed=42 fold=002/002 epoch=002/005 train_loss=1.097715 elapsed_s=2.9
2026-07-02 01:09:28,604 INFO chronaris.pipelines.stage_i.public.deep_baseline_runtime: deep_train epoch_start dataset=uab_workload_dataset model=chronaris_public_fusion track=objective group=n_back seed=42 fold=002/002 epoch=003/005 batch_count=205
2026-07-02 01:09:28,624 INFO chronaris.pipelines.stage_i.public.deep_baseline_runtime: deep_train batch dataset=uab_workload_dataset model=chronaris_public_fusion track=objective group=n_back seed=42 fold=002/002 epoch=003/005 batch=001/205 loss=1.100229 elapsed_s=5.9 status=running
2026-07-02 01:09:28,881 INFO chronaris.pipelines.stage_i.public.deep_baseline_runtime: deep_train batch dataset=uab_workload_dataset model=chronaris_public_fusion track=objective group=n_back seed=42 fold=002/002 epoch=003/005 batch=020/205 loss=1.106202 elapsed_s=6.1 status=running
2026-07-02 01:09:29,146 INFO chronaris.pipelines.stage_i.public.deep_baseline_runtime: deep_train batch dataset=uab_workload_dataset model=chronaris_public_fusion track=objective group=n_back seed=42 fold=002/002 epoch=003/005 batch=040/205 loss=1.107708 elapsed_s=6.4 status=running
2026-07-02 01:09:29,422 INFO chronaris.pipelines.stage_i.public.deep_baseline_runtime: deep_train batch dataset=uab_workload_dataset model=chronaris_public_fusion track=objective group=n_back seed=42 fold=002/002 epoch=003/005 batch=060/205 loss=1.097203 elapsed_s=6.7 status=running
2026-07-02 01:09:29,706 INFO chronaris.pipelines.stage_i.public.deep_baseline_runtime: deep_train batch dataset=uab_workload_dataset model=chronaris_public_fusion track=objective group=n_back seed=42 fold=002/002 epoch=003/005 batch=080/205 loss=1.089267 elapsed_s=7.0 status=running
2026-07-02 01:09:29,991 INFO chronaris.pipelines.stage_i.public.deep_baseline_runtime: deep_train batch dataset=uab_workload_dataset model=chronaris_public_fusion track=objective group=n_back seed=42 fold=002/002 epoch=003/005 batch=100/205 loss=1.098216 elapsed_s=7.2 status=running
2026-07-02 01:09:30,268 INFO chronaris.pipelines.stage_i.public.deep_baseline_runtime: deep_train batch dataset=uab_workload_dataset model=chronaris_public_fusion track=objective group=n_back seed=42 fold=002/002 epoch=003/005 batch=120/205 loss=1.091285 elapsed_s=7.5 status=running
2026-07-02 01:09:30,535 INFO chronaris.pipelines.stage_i.public.deep_baseline_runtime: deep_train batch dataset=uab_workload_dataset model=chronaris_public_fusion track=objective group=n_back seed=42 fold=002/002 epoch=003/005 batch=140/205 loss=1.090971 elapsed_s=7.8 status=running
2026-07-02 01:09:30,804 INFO chronaris.pipelines.stage_i.public.deep_baseline_runtime: deep_train batch dataset=uab_workload_dataset model=chronaris_public_fusion track=objective group=n_back seed=42 fold=002/002 epoch=003/005 batch=160/205 loss=1.093328 elapsed_s=8.1 status=running
2026-07-02 01:09:31,072 INFO chronaris.pipelines.stage_i.public.deep_baseline_runtime: deep_train batch dataset=uab_workload_dataset model=chronaris_public_fusion track=objective group=n_back seed=42 fold=002/002 epoch=003/005 batch=180/205 loss=1.095141 elapsed_s=8.3 status=running
2026-07-02 01:09:31,336 INFO chronaris.pipelines.stage_i.public.deep_baseline_runtime: deep_train batch dataset=uab_workload_dataset model=chronaris_public_fusion track=objective group=n_back seed=42 fold=002/002 epoch=003/005 batch=200/205 loss=1.096981 elapsed_s=8.6 status=running
2026-07-02 01:09:31,406 INFO chronaris.pipelines.stage_i.public.deep_baseline_runtime: deep_train batch dataset=uab_workload_dataset model=chronaris_public_fusion track=objective group=n_back seed=42 fold=002/002 epoch=003/005 batch=205/205 loss=1.087249 elapsed_s=8.7 status=running
2026-07-02 01:09:31,408 INFO chronaris.pipelines.stage_i.public.deep_baseline_runtime: deep_train epoch_done dataset=uab_workload_dataset model=chronaris_public_fusion track=objective group=n_back seed=42 fold=002/002 epoch=003/005 train_loss=1.097757 elapsed_s=2.8
2026-07-02 01:09:31,449 INFO chronaris.pipelines.stage_i.public.deep_baseline_runtime: deep_train epoch_start dataset=uab_workload_dataset model=chronaris_public_fusion track=objective group=n_back seed=42 fold=002/002 epoch=004/005 batch_count=205
2026-07-02 01:09:31,479 INFO chronaris.pipelines.stage_i.public.deep_baseline_runtime: deep_train batch dataset=uab_workload_dataset model=chronaris_public_fusion track=objective group=n_back seed=42 fold=002/002 epoch=004/005 batch=001/205 loss=1.098270 elapsed_s=8.7 status=running
2026-07-02 01:09:31,727 INFO chronaris.pipelines.stage_i.public.deep_baseline_runtime: deep_train batch dataset=uab_workload_dataset model=chronaris_public_fusion track=objective group=n_back seed=42 fold=002/002 epoch=004/005 batch=020/205 loss=1.093499 elapsed_s=9.0 status=running
2026-07-02 01:09:31,996 INFO chronaris.pipelines.stage_i.public.deep_baseline_runtime: deep_train batch dataset=uab_workload_dataset model=chronaris_public_fusion track=objective group=n_back seed=42 fold=002/002 epoch=004/005 batch=040/205 loss=1.089643 elapsed_s=9.2 status=running
2026-07-02 01:09:32,283 INFO chronaris.pipelines.stage_i.public.deep_baseline_runtime: deep_train batch dataset=uab_workload_dataset model=chronaris_public_fusion track=objective group=n_back seed=42 fold=002/002 epoch=004/005 batch=060/205 loss=1.098166 elapsed_s=9.5 status=running
2026-07-02 01:09:32,560 INFO chronaris.pipelines.stage_i.public.deep_baseline_runtime: deep_train batch dataset=uab_workload_dataset model=chronaris_public_fusion track=objective group=n_back seed=42 fold=002/002 epoch=004/005 batch=080/205 loss=1.103579 elapsed_s=9.8 status=running
2026-07-02 01:09:32,831 INFO chronaris.pipelines.stage_i.public.deep_baseline_runtime: deep_train batch dataset=uab_workload_dataset model=chronaris_public_fusion track=objective group=n_back seed=42 fold=002/002 epoch=004/005 batch=100/205 loss=1.100456 elapsed_s=10.1 status=running
2026-07-02 01:09:33,104 INFO chronaris.pipelines.stage_i.public.deep_baseline_runtime: deep_train batch dataset=uab_workload_dataset model=chronaris_public_fusion track=objective group=n_back seed=42 fold=002/002 epoch=004/005 batch=120/205 loss=1.090813 elapsed_s=10.4 status=running
2026-07-02 01:09:33,374 INFO chronaris.pipelines.stage_i.public.deep_baseline_runtime: deep_train batch dataset=uab_workload_dataset model=chronaris_public_fusion track=objective group=n_back seed=42 fold=002/002 epoch=004/005 batch=140/205 loss=1.095609 elapsed_s=10.6 status=running
2026-07-02 01:09:33,645 INFO chronaris.pipelines.stage_i.public.deep_baseline_runtime: deep_train batch dataset=uab_workload_dataset model=chronaris_public_fusion track=objective group=n_back seed=42 fold=002/002 epoch=004/005 batch=160/205 loss=1.089330 elapsed_s=10.9 status=running
2026-07-02 01:09:33,911 INFO chronaris.pipelines.stage_i.public.deep_baseline_runtime: deep_train batch dataset=uab_workload_dataset model=chronaris_public_fusion track=objective group=n_back seed=42 fold=002/002 epoch=004/005 batch=180/205 loss=1.102858 elapsed_s=11.2 status=running
2026-07-02 01:09:34,178 INFO chronaris.pipelines.stage_i.public.deep_baseline_runtime: deep_train batch dataset=uab_workload_dataset model=chronaris_public_fusion track=objective group=n_back seed=42 fold=002/002 epoch=004/005 batch=200/205 loss=1.100170 elapsed_s=11.4 status=running
2026-07-02 01:09:34,246 INFO chronaris.pipelines.stage_i.public.deep_baseline_runtime: deep_train batch dataset=uab_workload_dataset model=chronaris_public_fusion track=objective group=n_back seed=42 fold=002/002 epoch=004/005 batch=205/205 loss=1.102320 elapsed_s=11.5 status=running
2026-07-02 01:09:34,248 INFO chronaris.pipelines.stage_i.public.deep_baseline_runtime: deep_train epoch_done dataset=uab_workload_dataset model=chronaris_public_fusion track=objective group=n_back seed=42 fold=002/002 epoch=004/005 train_loss=1.097238 elapsed_s=2.8
2026-07-02 01:09:34,284 INFO chronaris.pipelines.stage_i.public.deep_baseline_runtime: deep_train epoch_start dataset=uab_workload_dataset model=chronaris_public_fusion track=objective group=n_back seed=42 fold=002/002 epoch=005/005 batch_count=205
2026-07-02 01:09:34,306 INFO chronaris.pipelines.stage_i.public.deep_baseline_runtime: deep_train batch dataset=uab_workload_dataset model=chronaris_public_fusion track=objective group=n_back seed=42 fold=002/002 epoch=005/005 batch=001/205 loss=1.087949 elapsed_s=11.6 status=running
2026-07-02 01:09:34,565 INFO chronaris.pipelines.stage_i.public.deep_baseline_runtime: deep_train batch dataset=uab_workload_dataset model=chronaris_public_fusion track=objective group=n_back seed=42 fold=002/002 epoch=005/005 batch=020/205 loss=1.091746 elapsed_s=11.8 status=running
2026-07-02 01:09:34,835 INFO chronaris.pipelines.stage_i.public.deep_baseline_runtime: deep_train batch dataset=uab_workload_dataset model=chronaris_public_fusion track=objective group=n_back seed=42 fold=002/002 epoch=005/005 batch=040/205 loss=1.099770 elapsed_s=12.1 status=running
2026-07-02 01:09:35,106 INFO chronaris.pipelines.stage_i.public.deep_baseline_runtime: deep_train batch dataset=uab_workload_dataset model=chronaris_public_fusion track=objective group=n_back seed=42 fold=002/002 epoch=005/005 batch=060/205 loss=1.097535 elapsed_s=12.4 status=running
2026-07-02 01:09:35,371 INFO chronaris.pipelines.stage_i.public.deep_baseline_runtime: deep_train batch dataset=uab_workload_dataset model=chronaris_public_fusion track=objective group=n_back seed=42 fold=002/002 epoch=005/005 batch=080/205 loss=1.101592 elapsed_s=12.6 status=running
2026-07-02 01:09:35,646 INFO chronaris.pipelines.stage_i.public.deep_baseline_runtime: deep_train batch dataset=uab_workload_dataset model=chronaris_public_fusion track=objective group=n_back seed=42 fold=002/002 epoch=005/005 batch=100/205 loss=1.103167 elapsed_s=12.9 status=running
2026-07-02 01:09:35,914 INFO chronaris.pipelines.stage_i.public.deep_baseline_runtime: deep_train batch dataset=uab_workload_dataset model=chronaris_public_fusion track=objective group=n_back seed=42 fold=002/002 epoch=005/005 batch=120/205 loss=1.099079 elapsed_s=13.2 status=running
2026-07-02 01:09:36,185 INFO chronaris.pipelines.stage_i.public.deep_baseline_runtime: deep_train batch dataset=uab_workload_dataset model=chronaris_public_fusion track=objective group=n_back seed=42 fold=002/002 epoch=005/005 batch=140/205 loss=1.088079 elapsed_s=13.4 status=running
2026-07-02 01:09:36,451 INFO chronaris.pipelines.stage_i.public.deep_baseline_runtime: deep_train batch dataset=uab_workload_dataset model=chronaris_public_fusion track=objective group=n_back seed=42 fold=002/002 epoch=005/005 batch=160/205 loss=1.097783 elapsed_s=13.7 status=running
2026-07-02 01:09:36,719 INFO chronaris.pipelines.stage_i.public.deep_baseline_runtime: deep_train batch dataset=uab_workload_dataset model=chronaris_public_fusion track=objective group=n_back seed=42 fold=002/002 epoch=005/005 batch=180/205 loss=1.097820 elapsed_s=14.0 status=running
2026-07-02 01:09:36,984 INFO chronaris.pipelines.stage_i.public.deep_baseline_runtime: deep_train batch dataset=uab_workload_dataset model=chronaris_public_fusion track=objective group=n_back seed=42 fold=002/002 epoch=005/005 batch=200/205 loss=1.078679 elapsed_s=14.2 status=running
2026-07-02 01:09:37,057 INFO chronaris.pipelines.stage_i.public.deep_baseline_runtime: deep_train batch dataset=uab_workload_dataset model=chronaris_public_fusion track=objective group=n_back seed=42 fold=002/002 epoch=005/005 batch=205/205 loss=1.112143 elapsed_s=14.3 status=running
2026-07-02 01:09:37,060 INFO chronaris.pipelines.stage_i.public.deep_baseline_runtime: deep_train epoch_done dataset=uab_workload_dataset model=chronaris_public_fusion track=objective group=n_back seed=42 fold=002/002 epoch=005/005 train_loss=1.096947 elapsed_s=2.8
2026-07-02 01:09:37,095 INFO chronaris.pipelines.stage_i.public.deep_baseline_runtime: deep_train fold_done dataset=uab_workload_dataset model=chronaris_public_fusion track=objective group=n_back seed=42 fold=002/002 elapsed_s=14.3
2026-07-02 01:09:40,187 INFO chronaris.pipelines.stage_i.public.deep_baseline_runtime: deep_train fold_start dataset=uab_workload_dataset model=chronaris_public_fusion track=objective group=heat_the_chair seed=42 fold=001/002 split_group=subject_01 task=classification train_count=5116 epochs=5 batch_size=128
2026-07-02 01:09:40,190 INFO chronaris.pipelines.stage_i.public.deep_baseline_runtime: deep_train epoch_start dataset=uab_workload_dataset model=chronaris_public_fusion track=objective group=heat_the_chair seed=42 fold=001/002 epoch=001/005 batch_count=40
2026-07-02 01:09:40,220 INFO chronaris.pipelines.stage_i.public.deep_baseline_runtime: deep_train batch dataset=uab_workload_dataset model=chronaris_public_fusion track=objective group=heat_the_chair seed=42 fold=001/002 epoch=001/005 batch=001/040 loss=0.697361 elapsed_s=0.0 status=running
2026-07-02 01:09:40,562 INFO chronaris.pipelines.stage_i.public.deep_baseline_runtime: deep_train batch dataset=uab_workload_dataset model=chronaris_public_fusion track=objective group=heat_the_chair seed=42 fold=001/002 epoch=001/005 batch=020/040 loss=0.709240 elapsed_s=0.4 status=running
2026-07-02 01:09:40,832 INFO chronaris.pipelines.stage_i.public.deep_baseline_runtime: deep_train batch dataset=uab_workload_dataset model=chronaris_public_fusion track=objective group=heat_the_chair seed=42 fold=001/002 epoch=001/005 batch=040/040 loss=0.685103 elapsed_s=0.6 status=running
2026-07-02 01:09:40,835 INFO chronaris.pipelines.stage_i.public.deep_baseline_runtime: deep_train epoch_done dataset=uab_workload_dataset model=chronaris_public_fusion track=objective group=heat_the_chair seed=42 fold=001/002 epoch=001/005 train_loss=0.689279 elapsed_s=0.6
2026-07-02 01:09:40,868 INFO chronaris.pipelines.stage_i.public.deep_baseline_runtime: deep_train epoch_start dataset=uab_workload_dataset model=chronaris_public_fusion track=objective group=heat_the_chair seed=42 fold=001/002 epoch=002/005 batch_count=40
2026-07-02 01:09:40,892 INFO chronaris.pipelines.stage_i.public.deep_baseline_runtime: deep_train batch dataset=uab_workload_dataset model=chronaris_public_fusion track=objective group=heat_the_chair seed=42 fold=001/002 epoch=002/005 batch=001/040 loss=0.676293 elapsed_s=0.7 status=running
2026-07-02 01:09:41,196 INFO chronaris.pipelines.stage_i.public.deep_baseline_runtime: deep_train batch dataset=uab_workload_dataset model=chronaris_public_fusion track=objective group=heat_the_chair seed=42 fold=001/002 epoch=002/005 batch=020/040 loss=0.691742 elapsed_s=1.0 status=running
2026-07-02 01:09:41,463 INFO chronaris.pipelines.stage_i.public.deep_baseline_runtime: deep_train batch dataset=uab_workload_dataset model=chronaris_public_fusion track=objective group=heat_the_chair seed=42 fold=001/002 epoch=002/005 batch=040/040 loss=0.674277 elapsed_s=1.3 status=running
2026-07-02 01:09:41,466 INFO chronaris.pipelines.stage_i.public.deep_baseline_runtime: deep_train epoch_done dataset=uab_workload_dataset model=chronaris_public_fusion track=objective group=heat_the_chair seed=42 fold=001/002 epoch=002/005 train_loss=0.686919 elapsed_s=0.6
2026-07-02 01:09:41,501 INFO chronaris.pipelines.stage_i.public.deep_baseline_runtime: deep_train epoch_start dataset=uab_workload_dataset model=chronaris_public_fusion track=objective group=heat_the_chair seed=42 fold=001/002 epoch=003/005 batch_count=40
2026-07-02 01:09:41,531 INFO chronaris.pipelines.stage_i.public.deep_baseline_runtime: deep_train batch dataset=uab_workload_dataset model=chronaris_public_fusion track=objective group=heat_the_chair seed=42 fold=001/002 epoch=003/005 batch=001/040 loss=0.684060 elapsed_s=1.3 status=running
2026-07-02 01:09:41,791 INFO chronaris.pipelines.stage_i.public.deep_baseline_runtime: deep_train batch dataset=uab_workload_dataset model=chronaris_public_fusion track=objective group=heat_the_chair seed=42 fold=001/002 epoch=003/005 batch=020/040 loss=0.667965 elapsed_s=1.6 status=running
2026-07-02 01:09:42,054 INFO chronaris.pipelines.stage_i.public.deep_baseline_runtime: deep_train batch dataset=uab_workload_dataset model=chronaris_public_fusion track=objective group=heat_the_chair seed=42 fold=001/002 epoch=003/005 batch=040/040 loss=0.703190 elapsed_s=1.9 status=running
2026-07-02 01:09:42,057 INFO chronaris.pipelines.stage_i.public.deep_baseline_runtime: deep_train epoch_done dataset=uab_workload_dataset model=chronaris_public_fusion track=objective group=heat_the_chair seed=42 fold=001/002 epoch=003/005 train_loss=0.684172 elapsed_s=0.6
2026-07-02 01:09:42,097 INFO chronaris.pipelines.stage_i.public.deep_baseline_runtime: deep_train epoch_start dataset=uab_workload_dataset model=chronaris_public_fusion track=objective group=heat_the_chair seed=42 fold=001/002 epoch=004/005 batch_count=40
2026-07-02 01:09:42,114 INFO chronaris.pipelines.stage_i.public.deep_baseline_runtime: deep_train batch dataset=uab_workload_dataset model=chronaris_public_fusion track=objective group=heat_the_chair seed=42 fold=001/002 epoch=004/005 batch=001/040 loss=0.673333 elapsed_s=1.9 status=running
2026-07-02 01:09:42,366 INFO chronaris.pipelines.stage_i.public.deep_baseline_runtime: deep_train batch dataset=uab_workload_dataset model=chronaris_public_fusion track=objective group=heat_the_chair seed=42 fold=001/002 epoch=004/005 batch=020/040 loss=0.687068 elapsed_s=2.2 status=running
2026-07-02 01:09:42,636 INFO chronaris.pipelines.stage_i.public.deep_baseline_runtime: deep_train batch dataset=uab_workload_dataset model=chronaris_public_fusion track=objective group=heat_the_chair seed=42 fold=001/002 epoch=004/005 batch=040/040 loss=0.704402 elapsed_s=2.4 status=running
2026-07-02 01:09:42,639 INFO chronaris.pipelines.stage_i.public.deep_baseline_runtime: deep_train epoch_done dataset=uab_workload_dataset model=chronaris_public_fusion track=objective group=heat_the_chair seed=42 fold=001/002 epoch=004/005 train_loss=0.686119 elapsed_s=0.5
2026-07-02 01:09:42,676 INFO chronaris.pipelines.stage_i.public.deep_baseline_runtime: deep_train epoch_start dataset=uab_workload_dataset model=chronaris_public_fusion track=objective group=heat_the_chair seed=42 fold=001/002 epoch=005/005 batch_count=40
2026-07-02 01:09:42,695 INFO chronaris.pipelines.stage_i.public.deep_baseline_runtime: deep_train batch dataset=uab_workload_dataset model=chronaris_public_fusion track=objective group=heat_the_chair seed=42 fold=001/002 epoch=005/005 batch=001/040 loss=0.682288 elapsed_s=2.5 status=running
2026-07-02 01:09:42,950 INFO chronaris.pipelines.stage_i.public.deep_baseline_runtime: deep_train batch dataset=uab_workload_dataset model=chronaris_public_fusion track=objective group=heat_the_chair seed=42 fold=001/002 epoch=005/005 batch=020/040 loss=0.676856 elapsed_s=2.8 status=running
2026-07-02 01:09:43,226 INFO chronaris.pipelines.stage_i.public.deep_baseline_runtime: deep_train batch dataset=uab_workload_dataset model=chronaris_public_fusion track=objective group=heat_the_chair seed=42 fold=001/002 epoch=005/005 batch=040/040 loss=0.693251 elapsed_s=3.0 status=running
2026-07-02 01:09:43,230 INFO chronaris.pipelines.stage_i.public.deep_baseline_runtime: deep_train epoch_done dataset=uab_workload_dataset model=chronaris_public_fusion track=objective group=heat_the_chair seed=42 fold=001/002 epoch=005/005 train_loss=0.684297 elapsed_s=0.6
2026-07-02 01:09:43,265 INFO chronaris.pipelines.stage_i.public.deep_baseline_runtime: deep_train fold_done dataset=uab_workload_dataset model=chronaris_public_fusion track=objective group=heat_the_chair seed=42 fold=001/002 elapsed_s=3.1
2026-07-02 01:09:44,808 INFO chronaris.pipelines.stage_i.public.deep_baseline_runtime: deep_train fold_start dataset=uab_workload_dataset model=chronaris_public_fusion track=objective group=heat_the_chair seed=42 fold=002/002 split_group=subject_02 task=classification train_count=5126 epochs=5 batch_size=128
2026-07-02 01:09:44,812 INFO chronaris.pipelines.stage_i.public.deep_baseline_runtime: deep_train epoch_start dataset=uab_workload_dataset model=chronaris_public_fusion track=objective group=heat_the_chair seed=42 fold=002/002 epoch=001/005 batch_count=41
2026-07-02 01:09:44,834 INFO chronaris.pipelines.stage_i.public.deep_baseline_runtime: deep_train batch dataset=uab_workload_dataset model=chronaris_public_fusion track=objective group=heat_the_chair seed=42 fold=002/002 epoch=001/005 batch=001/041 loss=0.703915 elapsed_s=0.0 status=running
2026-07-02 01:09:45,087 INFO chronaris.pipelines.stage_i.public.deep_baseline_runtime: deep_train batch dataset=uab_workload_dataset model=chronaris_public_fusion track=objective group=heat_the_chair seed=42 fold=002/002 epoch=001/005 batch=020/041 loss=0.726944 elapsed_s=0.3 status=running
2026-07-02 01:09:45,359 INFO chronaris.pipelines.stage_i.public.deep_baseline_runtime: deep_train batch dataset=uab_workload_dataset model=chronaris_public_fusion track=objective group=heat_the_chair seed=42 fold=002/002 epoch=001/005 batch=040/041 loss=0.686554 elapsed_s=0.5 status=running
2026-07-02 01:09:45,374 INFO chronaris.pipelines.stage_i.public.deep_baseline_runtime: deep_train batch dataset=uab_workload_dataset model=chronaris_public_fusion track=objective group=heat_the_chair seed=42 fold=002/002 epoch=001/005 batch=041/041 loss=0.645459 elapsed_s=0.6 status=running
2026-07-02 01:09:45,392 INFO chronaris.pipelines.stage_i.public.deep_baseline_runtime: deep_train epoch_done dataset=uab_workload_dataset model=chronaris_public_fusion track=objective group=heat_the_chair seed=42 fold=002/002 epoch=001/005 train_loss=0.692583 elapsed_s=0.6
2026-07-02 01:09:45,429 INFO chronaris.pipelines.stage_i.public.deep_baseline_runtime: deep_train epoch_start dataset=uab_workload_dataset model=chronaris_public_fusion track=objective group=heat_the_chair seed=42 fold=002/002 epoch=002/005 batch_count=41
2026-07-02 01:09:45,469 INFO chronaris.pipelines.stage_i.public.deep_baseline_runtime: deep_train batch dataset=uab_workload_dataset model=chronaris_public_fusion track=objective group=heat_the_chair seed=42 fold=002/002 epoch=002/005 batch=001/041 loss=0.684623 elapsed_s=0.7 status=running
2026-07-02 01:09:45,727 INFO chronaris.pipelines.stage_i.public.deep_baseline_runtime: deep_train batch dataset=uab_workload_dataset model=chronaris_public_fusion track=objective group=heat_the_chair seed=42 fold=002/002 epoch=002/005 batch=020/041 loss=0.679306 elapsed_s=0.9 status=running
2026-07-02 01:09:46,006 INFO chronaris.pipelines.stage_i.public.deep_baseline_runtime: deep_train batch dataset=uab_workload_dataset model=chronaris_public_fusion track=objective group=heat_the_chair seed=42 fold=002/002 epoch=002/005 batch=040/041 loss=0.696720 elapsed_s=1.2 status=running
2026-07-02 01:09:46,023 INFO chronaris.pipelines.stage_i.public.deep_baseline_runtime: deep_train batch dataset=uab_workload_dataset model=chronaris_public_fusion track=objective group=heat_the_chair seed=42 fold=002/002 epoch=002/005 batch=041/041 loss=0.631197 elapsed_s=1.2 status=running
2026-07-02 01:09:46,027 INFO chronaris.pipelines.stage_i.public.deep_baseline_runtime: deep_train epoch_done dataset=uab_workload_dataset model=chronaris_public_fusion track=objective group=heat_the_chair seed=42 fold=002/002 epoch=002/005 train_loss=0.684675 elapsed_s=0.6
2026-07-02 01:09:46,065 INFO chronaris.pipelines.stage_i.public.deep_baseline_runtime: deep_train epoch_start dataset=uab_workload_dataset model=chronaris_public_fusion track=objective group=heat_the_chair seed=42 fold=002/002 epoch=003/005 batch_count=41
2026-07-02 01:09:46,087 INFO chronaris.pipelines.stage_i.public.deep_baseline_runtime: deep_train batch dataset=uab_workload_dataset model=chronaris_public_fusion track=objective group=heat_the_chair seed=42 fold=002/002 epoch=003/005 batch=001/041 loss=0.666333 elapsed_s=1.3 status=running
2026-07-02 01:09:46,359 INFO chronaris.pipelines.stage_i.public.deep_baseline_runtime: deep_train batch dataset=uab_workload_dataset model=chronaris_public_fusion track=objective group=heat_the_chair seed=42 fold=002/002 epoch=003/005 batch=020/041 loss=0.652368 elapsed_s=1.5 status=running
2026-07-02 01:09:46,633 INFO chronaris.pipelines.stage_i.public.deep_baseline_runtime: deep_train batch dataset=uab_workload_dataset model=chronaris_public_fusion track=objective group=heat_the_chair seed=42 fold=002/002 epoch=003/005 batch=040/041 loss=0.683379 elapsed_s=1.8 status=running
2026-07-02 01:09:46,650 INFO chronaris.pipelines.stage_i.public.deep_baseline_runtime: deep_train batch dataset=uab_workload_dataset model=chronaris_public_fusion track=objective group=heat_the_chair seed=42 fold=002/002 epoch=003/005 batch=041/041 loss=0.726358 elapsed_s=1.8 status=running
2026-07-02 01:09:46,653 INFO chronaris.pipelines.stage_i.public.deep_baseline_runtime: deep_train epoch_done dataset=uab_workload_dataset model=chronaris_public_fusion track=objective group=heat_the_chair seed=42 fold=002/002 epoch=003/005 train_loss=0.685517 elapsed_s=0.6
2026-07-02 01:09:46,691 INFO chronaris.pipelines.stage_i.public.deep_baseline_runtime: deep_train epoch_start dataset=uab_workload_dataset model=chronaris_public_fusion track=objective group=heat_the_chair seed=42 fold=002/002 epoch=004/005 batch_count=41
2026-07-02 01:09:46,719 INFO chronaris.pipelines.stage_i.public.deep_baseline_runtime: deep_train batch dataset=uab_workload_dataset model=chronaris_public_fusion track=objective group=heat_the_chair seed=42 fold=002/002 epoch=004/005 batch=001/041 loss=0.674472 elapsed_s=1.9 status=running
2026-07-02 01:09:46,980 INFO chronaris.pipelines.stage_i.public.deep_baseline_runtime: deep_train batch dataset=uab_workload_dataset model=chronaris_public_fusion track=objective group=heat_the_chair seed=42 fold=002/002 epoch=004/005 batch=020/041 loss=0.678058 elapsed_s=2.2 status=running
2026-07-02 01:09:47,258 INFO chronaris.pipelines.stage_i.public.deep_baseline_runtime: deep_train batch dataset=uab_workload_dataset model=chronaris_public_fusion track=objective group=heat_the_chair seed=42 fold=002/002 epoch=004/005 batch=040/041 loss=0.697467 elapsed_s=2.4 status=running
2026-07-02 01:09:47,277 INFO chronaris.pipelines.stage_i.public.deep_baseline_runtime: deep_train batch dataset=uab_workload_dataset model=chronaris_public_fusion track=objective group=heat_the_chair seed=42 fold=002/002 epoch=004/005 batch=041/041 loss=0.802765 elapsed_s=2.5 status=running
2026-07-02 01:09:47,280 INFO chronaris.pipelines.stage_i.public.deep_baseline_runtime: deep_train epoch_done dataset=uab_workload_dataset model=chronaris_public_fusion track=objective group=heat_the_chair seed=42 fold=002/002 epoch=004/005 train_loss=0.686537 elapsed_s=0.6
2026-07-02 01:09:47,320 INFO chronaris.pipelines.stage_i.public.deep_baseline_runtime: deep_train epoch_start dataset=uab_workload_dataset model=chronaris_public_fusion track=objective group=heat_the_chair seed=42 fold=002/002 epoch=005/005 batch_count=41
2026-07-02 01:09:47,396 INFO chronaris.pipelines.stage_i.public.deep_baseline_runtime: deep_train batch dataset=uab_workload_dataset model=chronaris_public_fusion track=objective group=heat_the_chair seed=42 fold=002/002 epoch=005/005 batch=001/041 loss=0.685687 elapsed_s=2.6 status=running
2026-07-02 01:09:47,655 INFO chronaris.pipelines.stage_i.public.deep_baseline_runtime: deep_train batch dataset=uab_workload_dataset model=chronaris_public_fusion track=objective group=heat_the_chair seed=42 fold=002/002 epoch=005/005 batch=020/041 loss=0.665367 elapsed_s=2.8 status=running
2026-07-02 01:09:47,925 INFO chronaris.pipelines.stage_i.public.deep_baseline_runtime: deep_train batch dataset=uab_workload_dataset model=chronaris_public_fusion track=objective group=heat_the_chair seed=42 fold=002/002 epoch=005/005 batch=040/041 loss=0.691077 elapsed_s=3.1 status=running
2026-07-02 01:09:47,943 INFO chronaris.pipelines.stage_i.public.deep_baseline_runtime: deep_train batch dataset=uab_workload_dataset model=chronaris_public_fusion track=objective group=heat_the_chair seed=42 fold=002/002 epoch=005/005 batch=041/041 loss=0.658784 elapsed_s=3.1 status=running
2026-07-02 01:09:47,951 INFO chronaris.pipelines.stage_i.public.deep_baseline_runtime: deep_train epoch_done dataset=uab_workload_dataset model=chronaris_public_fusion track=objective group=heat_the_chair seed=42 fold=002/002 epoch=005/005 train_loss=0.684684 elapsed_s=0.6
2026-07-02 01:09:47,990 INFO chronaris.pipelines.stage_i.public.deep_baseline_runtime: deep_train fold_done dataset=uab_workload_dataset model=chronaris_public_fusion track=objective group=heat_the_chair seed=42 fold=002/002 elapsed_s=3.2
2026-07-02 01:09:53,605 INFO chronaris.pipelines.stage_i.public.deep_baseline_runtime: deep_train fold_start dataset=uab_workload_dataset model=chronaris_public_fusion track=subjective group=n_back seed=42 fold=001/002 split_group=subject_01 task=regression train_count=26164 epochs=5 batch_size=128
2026-07-02 01:09:53,609 INFO chronaris.pipelines.stage_i.public.deep_baseline_runtime: deep_train epoch_start dataset=uab_workload_dataset model=chronaris_public_fusion track=subjective group=n_back seed=42 fold=001/002 epoch=001/005 batch_count=205
2026-07-02 01:09:53,638 INFO chronaris.pipelines.stage_i.public.deep_baseline_runtime: deep_train batch dataset=uab_workload_dataset model=chronaris_public_fusion track=subjective group=n_back seed=42 fold=001/002 epoch=001/005 batch=001/205 loss=0.421381 elapsed_s=0.0 status=running
2026-07-02 01:09:54,004 INFO chronaris.pipelines.stage_i.public.deep_baseline_runtime: deep_train batch dataset=uab_workload_dataset model=chronaris_public_fusion track=subjective group=n_back seed=42 fold=001/002 epoch=001/005 batch=020/205 loss=0.423729 elapsed_s=0.4 status=running
2026-07-02 01:09:54,268 INFO chronaris.pipelines.stage_i.public.deep_baseline_runtime: deep_train batch dataset=uab_workload_dataset model=chronaris_public_fusion track=subjective group=n_back seed=42 fold=001/002 epoch=001/005 batch=040/205 loss=0.467450 elapsed_s=0.7 status=running
2026-07-02 01:09:54,551 INFO chronaris.pipelines.stage_i.public.deep_baseline_runtime: deep_train batch dataset=uab_workload_dataset model=chronaris_public_fusion track=subjective group=n_back seed=42 fold=001/002 epoch=001/005 batch=060/205 loss=0.419804 elapsed_s=0.9 status=running
2026-07-02 01:09:54,822 INFO chronaris.pipelines.stage_i.public.deep_baseline_runtime: deep_train batch dataset=uab_workload_dataset model=chronaris_public_fusion track=subjective group=n_back seed=42 fold=001/002 epoch=001/005 batch=080/205 loss=0.461868 elapsed_s=1.2 status=running
2026-07-02 01:09:55,086 INFO chronaris.pipelines.stage_i.public.deep_baseline_runtime: deep_train batch dataset=uab_workload_dataset model=chronaris_public_fusion track=subjective group=n_back seed=42 fold=001/002 epoch=001/005 batch=100/205 loss=0.477563 elapsed_s=1.5 status=running
2026-07-02 01:09:55,354 INFO chronaris.pipelines.stage_i.public.deep_baseline_runtime: deep_train batch dataset=uab_workload_dataset model=chronaris_public_fusion track=subjective group=n_back seed=42 fold=001/002 epoch=001/005 batch=120/205 loss=0.476558 elapsed_s=1.7 status=running
2026-07-02 01:09:55,634 INFO chronaris.pipelines.stage_i.public.deep_baseline_runtime: deep_train batch dataset=uab_workload_dataset model=chronaris_public_fusion track=subjective group=n_back seed=42 fold=001/002 epoch=001/005 batch=140/205 loss=0.428929 elapsed_s=2.0 status=running
2026-07-02 01:09:55,899 INFO chronaris.pipelines.stage_i.public.deep_baseline_runtime: deep_train batch dataset=uab_workload_dataset model=chronaris_public_fusion track=subjective group=n_back seed=42 fold=001/002 epoch=001/005 batch=160/205 loss=0.468291 elapsed_s=2.3 status=running
2026-07-02 01:09:56,167 INFO chronaris.pipelines.stage_i.public.deep_baseline_runtime: deep_train batch dataset=uab_workload_dataset model=chronaris_public_fusion track=subjective group=n_back seed=42 fold=001/002 epoch=001/005 batch=180/205 loss=0.465746 elapsed_s=2.6 status=running
2026-07-02 01:09:56,433 INFO chronaris.pipelines.stage_i.public.deep_baseline_runtime: deep_train batch dataset=uab_workload_dataset model=chronaris_public_fusion track=subjective group=n_back seed=42 fold=001/002 epoch=001/005 batch=200/205 loss=0.406639 elapsed_s=2.8 status=running
2026-07-02 01:09:56,502 INFO chronaris.pipelines.stage_i.public.deep_baseline_runtime: deep_train batch dataset=uab_workload_dataset model=chronaris_public_fusion track=subjective group=n_back seed=42 fold=001/002 epoch=001/005 batch=205/205 loss=0.541026 elapsed_s=2.9 status=running
2026-07-02 01:09:56,506 INFO chronaris.pipelines.stage_i.public.deep_baseline_runtime: deep_train epoch_done dataset=uab_workload_dataset model=chronaris_public_fusion track=subjective group=n_back seed=42 fold=001/002 epoch=001/005 train_loss=0.428972 elapsed_s=2.9
2026-07-02 01:09:56,545 INFO chronaris.pipelines.stage_i.public.deep_baseline_runtime: deep_train epoch_start dataset=uab_workload_dataset model=chronaris_public_fusion track=subjective group=n_back seed=42 fold=001/002 epoch=002/005 batch_count=205
2026-07-02 01:09:56,563 INFO chronaris.pipelines.stage_i.public.deep_baseline_runtime: deep_train batch dataset=uab_workload_dataset model=chronaris_public_fusion track=subjective group=n_back seed=42 fold=001/002 epoch=002/005 batch=001/205 loss=0.388656 elapsed_s=3.0 status=running
2026-07-02 01:09:56,817 INFO chronaris.pipelines.stage_i.public.deep_baseline_runtime: deep_train batch dataset=uab_workload_dataset model=chronaris_public_fusion track=subjective group=n_back seed=42 fold=001/002 epoch=002/005 batch=020/205 loss=0.391258 elapsed_s=3.2 status=running
2026-07-02 01:09:57,082 INFO chronaris.pipelines.stage_i.public.deep_baseline_runtime: deep_train batch dataset=uab_workload_dataset model=chronaris_public_fusion track=subjective group=n_back seed=42 fold=001/002 epoch=002/005 batch=040/205 loss=0.431578 elapsed_s=3.5 status=running
2026-07-02 01:09:57,357 INFO chronaris.pipelines.stage_i.public.deep_baseline_runtime: deep_train batch dataset=uab_workload_dataset model=chronaris_public_fusion track=subjective group=n_back seed=42 fold=001/002 epoch=002/005 batch=060/205 loss=0.476857 elapsed_s=3.7 status=running
2026-07-02 01:09:57,637 INFO chronaris.pipelines.stage_i.public.deep_baseline_runtime: deep_train batch dataset=uab_workload_dataset model=chronaris_public_fusion track=subjective group=n_back seed=42 fold=001/002 epoch=002/005 batch=080/205 loss=0.429624 elapsed_s=4.0 status=running
2026-07-02 01:09:57,908 INFO chronaris.pipelines.stage_i.public.deep_baseline_runtime: deep_train batch dataset=uab_workload_dataset model=chronaris_public_fusion track=subjective group=n_back seed=42 fold=001/002 epoch=002/005 batch=100/205 loss=0.393353 elapsed_s=4.3 status=running
2026-07-02 01:09:58,182 INFO chronaris.pipelines.stage_i.public.deep_baseline_runtime: deep_train batch dataset=uab_workload_dataset model=chronaris_public_fusion track=subjective group=n_back seed=42 fold=001/002 epoch=002/005 batch=120/205 loss=0.392870 elapsed_s=4.6 status=running
2026-07-02 01:09:58,450 INFO chronaris.pipelines.stage_i.public.deep_baseline_runtime: deep_train batch dataset=uab_workload_dataset model=chronaris_public_fusion track=subjective group=n_back seed=42 fold=001/002 epoch=002/005 batch=140/205 loss=0.365334 elapsed_s=4.8 status=running
2026-07-02 01:09:58,724 INFO chronaris.pipelines.stage_i.public.deep_baseline_runtime: deep_train batch dataset=uab_workload_dataset model=chronaris_public_fusion track=subjective group=n_back seed=42 fold=001/002 epoch=002/005 batch=160/205 loss=0.373834 elapsed_s=5.1 status=running
2026-07-02 01:09:58,999 INFO chronaris.pipelines.stage_i.public.deep_baseline_runtime: deep_train batch dataset=uab_workload_dataset model=chronaris_public_fusion track=subjective group=n_back seed=42 fold=001/002 epoch=002/005 batch=180/205 loss=0.355336 elapsed_s=5.4 status=running
2026-07-02 01:09:59,262 INFO chronaris.pipelines.stage_i.public.deep_baseline_runtime: deep_train batch dataset=uab_workload_dataset model=chronaris_public_fusion track=subjective group=n_back seed=42 fold=001/002 epoch=002/005 batch=200/205 loss=0.428438 elapsed_s=5.7 status=running
2026-07-02 01:09:59,331 INFO chronaris.pipelines.stage_i.public.deep_baseline_runtime: deep_train batch dataset=uab_workload_dataset model=chronaris_public_fusion track=subjective group=n_back seed=42 fold=001/002 epoch=002/005 batch=205/205 loss=0.455761 elapsed_s=5.7 status=running
2026-07-02 01:09:59,335 INFO chronaris.pipelines.stage_i.public.deep_baseline_runtime: deep_train epoch_done dataset=uab_workload_dataset model=chronaris_public_fusion track=subjective group=n_back seed=42 fold=001/002 epoch=002/005 train_loss=0.417033 elapsed_s=2.8
2026-07-02 01:09:59,372 INFO chronaris.pipelines.stage_i.public.deep_baseline_runtime: deep_train epoch_start dataset=uab_workload_dataset model=chronaris_public_fusion track=subjective group=n_back seed=42 fold=001/002 epoch=003/005 batch_count=205
2026-07-02 01:09:59,428 INFO chronaris.pipelines.stage_i.public.deep_baseline_runtime: deep_train batch dataset=uab_workload_dataset model=chronaris_public_fusion track=subjective group=n_back seed=42 fold=001/002 epoch=003/005 batch=001/205 loss=0.394104 elapsed_s=5.8 status=running
2026-07-02 01:09:59,729 INFO chronaris.pipelines.stage_i.public.deep_baseline_runtime: deep_train batch dataset=uab_workload_dataset model=chronaris_public_fusion track=subjective group=n_back seed=42 fold=001/002 epoch=003/005 batch=020/205 loss=0.521888 elapsed_s=6.1 status=running
2026-07-02 01:10:00,005 INFO chronaris.pipelines.stage_i.public.deep_baseline_runtime: deep_train batch dataset=uab_workload_dataset model=chronaris_public_fusion track=subjective group=n_back seed=42 fold=001/002 epoch=003/005 batch=040/205 loss=0.399865 elapsed_s=6.4 status=running
2026-07-02 01:10:00,284 INFO chronaris.pipelines.stage_i.public.deep_baseline_runtime: deep_train batch dataset=uab_workload_dataset model=chronaris_public_fusion track=subjective group=n_back seed=42 fold=001/002 epoch=003/005 batch=060/205 loss=0.409733 elapsed_s=6.7 status=running
2026-07-02 01:10:00,558 INFO chronaris.pipelines.stage_i.public.deep_baseline_runtime: deep_train batch dataset=uab_workload_dataset model=chronaris_public_fusion track=subjective group=n_back seed=42 fold=001/002 epoch=003/005 batch=080/205 loss=0.465801 elapsed_s=6.9 status=running
2026-07-02 01:10:00,833 INFO chronaris.pipelines.stage_i.public.deep_baseline_runtime: deep_train batch dataset=uab_workload_dataset model=chronaris_public_fusion track=subjective group=n_back seed=42 fold=001/002 epoch=003/005 batch=100/205 loss=0.379131 elapsed_s=7.2 status=running
2026-07-02 01:10:01,108 INFO chronaris.pipelines.stage_i.public.deep_baseline_runtime: deep_train batch dataset=uab_workload_dataset model=chronaris_public_fusion track=subjective group=n_back seed=42 fold=001/002 epoch=003/005 batch=120/205 loss=0.407292 elapsed_s=7.5 status=running
2026-07-02 01:10:01,376 INFO chronaris.pipelines.stage_i.public.deep_baseline_runtime: deep_train batch dataset=uab_workload_dataset model=chronaris_public_fusion track=subjective group=n_back seed=42 fold=001/002 epoch=003/005 batch=140/205 loss=0.370632 elapsed_s=7.8 status=running
2026-07-02 01:10:01,651 INFO chronaris.pipelines.stage_i.public.deep_baseline_runtime: deep_train batch dataset=uab_workload_dataset model=chronaris_public_fusion track=subjective group=n_back seed=42 fold=001/002 epoch=003/005 batch=160/205 loss=0.457355 elapsed_s=8.0 status=running
2026-07-02 01:10:01,921 INFO chronaris.pipelines.stage_i.public.deep_baseline_runtime: deep_train batch dataset=uab_workload_dataset model=chronaris_public_fusion track=subjective group=n_back seed=42 fold=001/002 epoch=003/005 batch=180/205 loss=0.427322 elapsed_s=8.3 status=running
2026-07-02 01:10:02,191 INFO chronaris.pipelines.stage_i.public.deep_baseline_runtime: deep_train batch dataset=uab_workload_dataset model=chronaris_public_fusion track=subjective group=n_back seed=42 fold=001/002 epoch=003/005 batch=200/205 loss=0.393527 elapsed_s=8.6 status=running
2026-07-02 01:10:02,263 INFO chronaris.pipelines.stage_i.public.deep_baseline_runtime: deep_train batch dataset=uab_workload_dataset model=chronaris_public_fusion track=subjective group=n_back seed=42 fold=001/002 epoch=003/005 batch=205/205 loss=0.462977 elapsed_s=8.7 status=running
2026-07-02 01:10:02,267 INFO chronaris.pipelines.stage_i.public.deep_baseline_runtime: deep_train epoch_done dataset=uab_workload_dataset model=chronaris_public_fusion track=subjective group=n_back seed=42 fold=001/002 epoch=003/005 train_loss=0.415727 elapsed_s=2.9
2026-07-02 01:10:02,306 INFO chronaris.pipelines.stage_i.public.deep_baseline_runtime: deep_train epoch_start dataset=uab_workload_dataset model=chronaris_public_fusion track=subjective group=n_back seed=42 fold=001/002 epoch=004/005 batch_count=205
2026-07-02 01:10:02,327 INFO chronaris.pipelines.stage_i.public.deep_baseline_runtime: deep_train batch dataset=uab_workload_dataset model=chronaris_public_fusion track=subjective group=n_back seed=42 fold=001/002 epoch=004/005 batch=001/205 loss=0.363400 elapsed_s=8.7 status=running
2026-07-02 01:10:02,588 INFO chronaris.pipelines.stage_i.public.deep_baseline_runtime: deep_train batch dataset=uab_workload_dataset model=chronaris_public_fusion track=subjective group=n_back seed=42 fold=001/002 epoch=004/005 batch=020/205 loss=0.391354 elapsed_s=9.0 status=running
2026-07-02 01:10:02,865 INFO chronaris.pipelines.stage_i.public.deep_baseline_runtime: deep_train batch dataset=uab_workload_dataset model=chronaris_public_fusion track=subjective group=n_back seed=42 fold=001/002 epoch=004/005 batch=040/205 loss=0.457854 elapsed_s=9.3 status=running
2026-07-02 01:10:03,133 INFO chronaris.pipelines.stage_i.public.deep_baseline_runtime: deep_train batch dataset=uab_workload_dataset model=chronaris_public_fusion track=subjective group=n_back seed=42 fold=001/002 epoch=004/005 batch=060/205 loss=0.339631 elapsed_s=9.5 status=running
2026-07-02 01:10:03,403 INFO chronaris.pipelines.stage_i.public.deep_baseline_runtime: deep_train batch dataset=uab_workload_dataset model=chronaris_public_fusion track=subjective group=n_back seed=42 fold=001/002 epoch=004/005 batch=080/205 loss=0.434156 elapsed_s=9.8 status=running
2026-07-02 01:10:03,677 INFO chronaris.pipelines.stage_i.public.deep_baseline_runtime: deep_train batch dataset=uab_workload_dataset model=chronaris_public_fusion track=subjective group=n_back seed=42 fold=001/002 epoch=004/005 batch=100/205 loss=0.388991 elapsed_s=10.1 status=running
2026-07-02 01:10:03,948 INFO chronaris.pipelines.stage_i.public.deep_baseline_runtime: deep_train batch dataset=uab_workload_dataset model=chronaris_public_fusion track=subjective group=n_back seed=42 fold=001/002 epoch=004/005 batch=120/205 loss=0.482900 elapsed_s=10.3 status=running
2026-07-02 01:10:04,212 INFO chronaris.pipelines.stage_i.public.deep_baseline_runtime: deep_train batch dataset=uab_workload_dataset model=chronaris_public_fusion track=subjective group=n_back seed=42 fold=001/002 epoch=004/005 batch=140/205 loss=0.379348 elapsed_s=10.6 status=running
2026-07-02 01:10:04,483 INFO chronaris.pipelines.stage_i.public.deep_baseline_runtime: deep_train batch dataset=uab_workload_dataset model=chronaris_public_fusion track=subjective group=n_back seed=42 fold=001/002 epoch=004/005 batch=160/205 loss=0.380510 elapsed_s=10.9 status=running
2026-07-02 01:10:04,755 INFO chronaris.pipelines.stage_i.public.deep_baseline_runtime: deep_train batch dataset=uab_workload_dataset model=chronaris_public_fusion track=subjective group=n_back seed=42 fold=001/002 epoch=004/005 batch=180/205 loss=0.461344 elapsed_s=11.1 status=running
2026-07-02 01:10:05,036 INFO chronaris.pipelines.stage_i.public.deep_baseline_runtime: deep_train batch dataset=uab_workload_dataset model=chronaris_public_fusion track=subjective group=n_back seed=42 fold=001/002 epoch=004/005 batch=200/205 loss=0.341636 elapsed_s=11.4 status=running
2026-07-02 01:10:05,109 INFO chronaris.pipelines.stage_i.public.deep_baseline_runtime: deep_train batch dataset=uab_workload_dataset model=chronaris_public_fusion track=subjective group=n_back seed=42 fold=001/002 epoch=004/005 batch=205/205 loss=0.366864 elapsed_s=11.5 status=running
2026-07-02 01:10:05,115 INFO chronaris.pipelines.stage_i.public.deep_baseline_runtime: deep_train epoch_done dataset=uab_workload_dataset model=chronaris_public_fusion track=subjective group=n_back seed=42 fold=001/002 epoch=004/005 train_loss=0.405812 elapsed_s=2.8
2026-07-02 01:10:05,154 INFO chronaris.pipelines.stage_i.public.deep_baseline_runtime: deep_train epoch_start dataset=uab_workload_dataset model=chronaris_public_fusion track=subjective group=n_back seed=42 fold=001/002 epoch=005/005 batch_count=205
2026-07-02 01:10:05,172 INFO chronaris.pipelines.stage_i.public.deep_baseline_runtime: deep_train batch dataset=uab_workload_dataset model=chronaris_public_fusion track=subjective group=n_back seed=42 fold=001/002 epoch=005/005 batch=001/205 loss=0.375625 elapsed_s=11.6 status=running
2026-07-02 01:10:05,432 INFO chronaris.pipelines.stage_i.public.deep_baseline_runtime: deep_train batch dataset=uab_workload_dataset model=chronaris_public_fusion track=subjective group=n_back seed=42 fold=001/002 epoch=005/005 batch=020/205 loss=0.347214 elapsed_s=11.8 status=running
2026-07-02 01:10:05,709 INFO chronaris.pipelines.stage_i.public.deep_baseline_runtime: deep_train batch dataset=uab_workload_dataset model=chronaris_public_fusion track=subjective group=n_back seed=42 fold=001/002 epoch=005/005 batch=040/205 loss=0.492885 elapsed_s=12.1 status=running
2026-07-02 01:10:05,984 INFO chronaris.pipelines.stage_i.public.deep_baseline_runtime: deep_train batch dataset=uab_workload_dataset model=chronaris_public_fusion track=subjective group=n_back seed=42 fold=001/002 epoch=005/005 batch=060/205 loss=0.369911 elapsed_s=12.4 status=running
2026-07-02 01:10:06,257 INFO chronaris.pipelines.stage_i.public.deep_baseline_runtime: deep_train batch dataset=uab_workload_dataset model=chronaris_public_fusion track=subjective group=n_back seed=42 fold=001/002 epoch=005/005 batch=080/205 loss=0.382162 elapsed_s=12.6 status=running
2026-07-02 01:10:06,527 INFO chronaris.pipelines.stage_i.public.deep_baseline_runtime: deep_train batch dataset=uab_workload_dataset model=chronaris_public_fusion track=subjective group=n_back seed=42 fold=001/002 epoch=005/005 batch=100/205 loss=0.511265 elapsed_s=12.9 status=running
2026-07-02 01:10:06,805 INFO chronaris.pipelines.stage_i.public.deep_baseline_runtime: deep_train batch dataset=uab_workload_dataset model=chronaris_public_fusion track=subjective group=n_back seed=42 fold=001/002 epoch=005/005 batch=120/205 loss=0.429014 elapsed_s=13.2 status=running
2026-07-02 01:10:07,078 INFO chronaris.pipelines.stage_i.public.deep_baseline_runtime: deep_train batch dataset=uab_workload_dataset model=chronaris_public_fusion track=subjective group=n_back seed=42 fold=001/002 epoch=005/005 batch=140/205 loss=0.367723 elapsed_s=13.5 status=running
2026-07-02 01:10:07,351 INFO chronaris.pipelines.stage_i.public.deep_baseline_runtime: deep_train batch dataset=uab_workload_dataset model=chronaris_public_fusion track=subjective group=n_back seed=42 fold=001/002 epoch=005/005 batch=160/205 loss=0.368156 elapsed_s=13.7 status=running
2026-07-02 01:10:07,614 INFO chronaris.pipelines.stage_i.public.deep_baseline_runtime: deep_train batch dataset=uab_workload_dataset model=chronaris_public_fusion track=subjective group=n_back seed=42 fold=001/002 epoch=005/005 batch=180/205 loss=0.443702 elapsed_s=14.0 status=running
2026-07-02 01:10:07,889 INFO chronaris.pipelines.stage_i.public.deep_baseline_runtime: deep_train batch dataset=uab_workload_dataset model=chronaris_public_fusion track=subjective group=n_back seed=42 fold=001/002 epoch=005/005 batch=200/205 loss=0.376225 elapsed_s=14.3 status=running
2026-07-02 01:10:07,960 INFO chronaris.pipelines.stage_i.public.deep_baseline_runtime: deep_train batch dataset=uab_workload_dataset model=chronaris_public_fusion track=subjective group=n_back seed=42 fold=001/002 epoch=005/005 batch=205/205 loss=0.363986 elapsed_s=14.4 status=running
2026-07-02 01:10:07,965 INFO chronaris.pipelines.stage_i.public.deep_baseline_runtime: deep_train epoch_done dataset=uab_workload_dataset model=chronaris_public_fusion track=subjective group=n_back seed=42 fold=001/002 epoch=005/005 train_loss=0.402843 elapsed_s=2.8
2026-07-02 01:10:08,003 INFO chronaris.pipelines.stage_i.public.deep_baseline_runtime: deep_train fold_done dataset=uab_workload_dataset model=chronaris_public_fusion track=subjective group=n_back seed=42 fold=001/002 elapsed_s=14.4
2026-07-02 01:10:11,462 INFO chronaris.pipelines.stage_i.public.deep_baseline_runtime: deep_train fold_start dataset=uab_workload_dataset model=chronaris_public_fusion track=subjective group=n_back seed=42 fold=002/002 split_group=subject_02 task=regression train_count=26176 epochs=5 batch_size=128
2026-07-02 01:10:11,467 INFO chronaris.pipelines.stage_i.public.deep_baseline_runtime: deep_train epoch_start dataset=uab_workload_dataset model=chronaris_public_fusion track=subjective group=n_back seed=42 fold=002/002 epoch=001/005 batch_count=205
2026-07-02 01:10:11,491 INFO chronaris.pipelines.stage_i.public.deep_baseline_runtime: deep_train batch dataset=uab_workload_dataset model=chronaris_public_fusion track=subjective group=n_back seed=42 fold=002/002 epoch=001/005 batch=001/205 loss=0.358522 elapsed_s=0.0 status=running
2026-07-02 01:10:11,745 INFO chronaris.pipelines.stage_i.public.deep_baseline_runtime: deep_train batch dataset=uab_workload_dataset model=chronaris_public_fusion track=subjective group=n_back seed=42 fold=002/002 epoch=001/005 batch=020/205 loss=0.442847 elapsed_s=0.3 status=running
2026-07-02 01:10:12,016 INFO chronaris.pipelines.stage_i.public.deep_baseline_runtime: deep_train batch dataset=uab_workload_dataset model=chronaris_public_fusion track=subjective group=n_back seed=42 fold=002/002 epoch=001/005 batch=040/205 loss=0.409420 elapsed_s=0.5 status=running
2026-07-02 01:10:12,278 INFO chronaris.pipelines.stage_i.public.deep_baseline_runtime: deep_train batch dataset=uab_workload_dataset model=chronaris_public_fusion track=subjective group=n_back seed=42 fold=002/002 epoch=001/005 batch=060/205 loss=0.449943 elapsed_s=0.8 status=running
2026-07-02 01:10:12,541 INFO chronaris.pipelines.stage_i.public.deep_baseline_runtime: deep_train batch dataset=uab_workload_dataset model=chronaris_public_fusion track=subjective group=n_back seed=42 fold=002/002 epoch=001/005 batch=080/205 loss=0.491562 elapsed_s=1.1 status=running
2026-07-02 01:10:12,810 INFO chronaris.pipelines.stage_i.public.deep_baseline_runtime: deep_train batch dataset=uab_workload_dataset model=chronaris_public_fusion track=subjective group=n_back seed=42 fold=002/002 epoch=001/005 batch=100/205 loss=0.460429 elapsed_s=1.3 status=running
2026-07-02 01:10:13,078 INFO chronaris.pipelines.stage_i.public.deep_baseline_runtime: deep_train batch dataset=uab_workload_dataset model=chronaris_public_fusion track=subjective group=n_back seed=42 fold=002/002 epoch=001/005 batch=120/205 loss=0.467725 elapsed_s=1.6 status=running
2026-07-02 01:10:13,344 INFO chronaris.pipelines.stage_i.public.deep_baseline_runtime: deep_train batch dataset=uab_workload_dataset model=chronaris_public_fusion track=subjective group=n_back seed=42 fold=002/002 epoch=001/005 batch=140/205 loss=0.392331 elapsed_s=1.9 status=running
2026-07-02 01:10:13,615 INFO chronaris.pipelines.stage_i.public.deep_baseline_runtime: deep_train batch dataset=uab_workload_dataset model=chronaris_public_fusion track=subjective group=n_back seed=42 fold=002/002 epoch=001/005 batch=160/205 loss=0.441259 elapsed_s=2.1 status=running
2026-07-02 01:10:13,881 INFO chronaris.pipelines.stage_i.public.deep_baseline_runtime: deep_train batch dataset=uab_workload_dataset model=chronaris_public_fusion track=subjective group=n_back seed=42 fold=002/002 epoch=001/005 batch=180/205 loss=0.460946 elapsed_s=2.4 status=running
2026-07-02 01:10:14,152 INFO chronaris.pipelines.stage_i.public.deep_baseline_runtime: deep_train batch dataset=uab_workload_dataset model=chronaris_public_fusion track=subjective group=n_back seed=42 fold=002/002 epoch=001/005 batch=200/205 loss=0.385819 elapsed_s=2.7 status=running
2026-07-02 01:10:14,222 INFO chronaris.pipelines.stage_i.public.deep_baseline_runtime: deep_train batch dataset=uab_workload_dataset model=chronaris_public_fusion track=subjective group=n_back seed=42 fold=002/002 epoch=001/005 batch=205/205 loss=0.434194 elapsed_s=2.8 status=running
2026-07-02 01:10:14,227 INFO chronaris.pipelines.stage_i.public.deep_baseline_runtime: deep_train epoch_done dataset=uab_workload_dataset model=chronaris_public_fusion track=subjective group=n_back seed=42 fold=002/002 epoch=001/005 train_loss=0.427176 elapsed_s=2.8
2026-07-02 01:10:14,264 INFO chronaris.pipelines.stage_i.public.deep_baseline_runtime: deep_train epoch_start dataset=uab_workload_dataset model=chronaris_public_fusion track=subjective group=n_back seed=42 fold=002/002 epoch=002/005 batch_count=205
2026-07-02 01:10:14,282 INFO chronaris.pipelines.stage_i.public.deep_baseline_runtime: deep_train batch dataset=uab_workload_dataset model=chronaris_public_fusion track=subjective group=n_back seed=42 fold=002/002 epoch=002/005 batch=001/205 loss=0.389408 elapsed_s=2.8 status=running
2026-07-02 01:10:14,536 INFO chronaris.pipelines.stage_i.public.deep_baseline_runtime: deep_train batch dataset=uab_workload_dataset model=chronaris_public_fusion track=subjective group=n_back seed=42 fold=002/002 epoch=002/005 batch=020/205 loss=0.409421 elapsed_s=3.1 status=running
2026-07-02 01:10:14,804 INFO chronaris.pipelines.stage_i.public.deep_baseline_runtime: deep_train batch dataset=uab_workload_dataset model=chronaris_public_fusion track=subjective group=n_back seed=42 fold=002/002 epoch=002/005 batch=040/205 loss=0.377226 elapsed_s=3.3 status=running
2026-07-02 01:10:15,074 INFO chronaris.pipelines.stage_i.public.deep_baseline_runtime: deep_train batch dataset=uab_workload_dataset model=chronaris_public_fusion track=subjective group=n_back seed=42 fold=002/002 epoch=002/005 batch=060/205 loss=0.422167 elapsed_s=3.6 status=running
2026-07-02 01:10:15,345 INFO chronaris.pipelines.stage_i.public.deep_baseline_runtime: deep_train batch dataset=uab_workload_dataset model=chronaris_public_fusion track=subjective group=n_back seed=42 fold=002/002 epoch=002/005 batch=080/205 loss=0.446640 elapsed_s=3.9 status=running
2026-07-02 01:10:15,617 INFO chronaris.pipelines.stage_i.public.deep_baseline_runtime: deep_train batch dataset=uab_workload_dataset model=chronaris_public_fusion track=subjective group=n_back seed=42 fold=002/002 epoch=002/005 batch=100/205 loss=0.402602 elapsed_s=4.2 status=running
2026-07-02 01:10:15,895 INFO chronaris.pipelines.stage_i.public.deep_baseline_runtime: deep_train batch dataset=uab_workload_dataset model=chronaris_public_fusion track=subjective group=n_back seed=42 fold=002/002 epoch=002/005 batch=120/205 loss=0.361449 elapsed_s=4.4 status=running
2026-07-02 01:10:16,195 INFO chronaris.pipelines.stage_i.public.deep_baseline_runtime: deep_train batch dataset=uab_workload_dataset model=chronaris_public_fusion track=subjective group=n_back seed=42 fold=002/002 epoch=002/005 batch=140/205 loss=0.380808 elapsed_s=4.7 status=running
2026-07-02 01:10:16,471 INFO chronaris.pipelines.stage_i.public.deep_baseline_runtime: deep_train batch dataset=uab_workload_dataset model=chronaris_public_fusion track=subjective group=n_back seed=42 fold=002/002 epoch=002/005 batch=160/205 loss=0.379725 elapsed_s=5.0 status=running
2026-07-02 01:10:16,739 INFO chronaris.pipelines.stage_i.public.deep_baseline_runtime: deep_train batch dataset=uab_workload_dataset model=chronaris_public_fusion track=subjective group=n_back seed=42 fold=002/002 epoch=002/005 batch=180/205 loss=0.381837 elapsed_s=5.3 status=running
2026-07-02 01:10:17,007 INFO chronaris.pipelines.stage_i.public.deep_baseline_runtime: deep_train batch dataset=uab_workload_dataset model=chronaris_public_fusion track=subjective group=n_back seed=42 fold=002/002 epoch=002/005 batch=200/205 loss=0.459788 elapsed_s=5.5 status=running
2026-07-02 01:10:17,081 INFO chronaris.pipelines.stage_i.public.deep_baseline_runtime: deep_train batch dataset=uab_workload_dataset model=chronaris_public_fusion track=subjective group=n_back seed=42 fold=002/002 epoch=002/005 batch=205/205 loss=0.496530 elapsed_s=5.6 status=running
2026-07-02 01:10:17,085 INFO chronaris.pipelines.stage_i.public.deep_baseline_runtime: deep_train epoch_done dataset=uab_workload_dataset model=chronaris_public_fusion track=subjective group=n_back seed=42 fold=002/002 epoch=002/005 train_loss=0.419226 elapsed_s=2.8
2026-07-02 01:10:17,122 INFO chronaris.pipelines.stage_i.public.deep_baseline_runtime: deep_train epoch_start dataset=uab_workload_dataset model=chronaris_public_fusion track=subjective group=n_back seed=42 fold=002/002 epoch=003/005 batch_count=205
2026-07-02 01:10:17,143 INFO chronaris.pipelines.stage_i.public.deep_baseline_runtime: deep_train batch dataset=uab_workload_dataset model=chronaris_public_fusion track=subjective group=n_back seed=42 fold=002/002 epoch=003/005 batch=001/205 loss=0.354990 elapsed_s=5.7 status=running
2026-07-02 01:10:17,398 INFO chronaris.pipelines.stage_i.public.deep_baseline_runtime: deep_train batch dataset=uab_workload_dataset model=chronaris_public_fusion track=subjective group=n_back seed=42 fold=002/002 epoch=003/005 batch=020/205 loss=0.456485 elapsed_s=5.9 status=running
2026-07-02 01:10:17,671 INFO chronaris.pipelines.stage_i.public.deep_baseline_runtime: deep_train batch dataset=uab_workload_dataset model=chronaris_public_fusion track=subjective group=n_back seed=42 fold=002/002 epoch=003/005 batch=040/205 loss=0.456411 elapsed_s=6.2 status=running
2026-07-02 01:10:17,943 INFO chronaris.pipelines.stage_i.public.deep_baseline_runtime: deep_train batch dataset=uab_workload_dataset model=chronaris_public_fusion track=subjective group=n_back seed=42 fold=002/002 epoch=003/005 batch=060/205 loss=0.418644 elapsed_s=6.5 status=running
2026-07-02 01:10:18,220 INFO chronaris.pipelines.stage_i.public.deep_baseline_runtime: deep_train batch dataset=uab_workload_dataset model=chronaris_public_fusion track=subjective group=n_back seed=42 fold=002/002 epoch=003/005 batch=080/205 loss=0.470087 elapsed_s=6.8 status=running
2026-07-02 01:10:18,488 INFO chronaris.pipelines.stage_i.public.deep_baseline_runtime: deep_train batch dataset=uab_workload_dataset model=chronaris_public_fusion track=subjective group=n_back seed=42 fold=002/002 epoch=003/005 batch=100/205 loss=0.404143 elapsed_s=7.0 status=running
2026-07-02 01:10:18,753 INFO chronaris.pipelines.stage_i.public.deep_baseline_runtime: deep_train batch dataset=uab_workload_dataset model=chronaris_public_fusion track=subjective group=n_back seed=42 fold=002/002 epoch=003/005 batch=120/205 loss=0.422583 elapsed_s=7.3 status=running
2026-07-02 01:10:19,022 INFO chronaris.pipelines.stage_i.public.deep_baseline_runtime: deep_train batch dataset=uab_workload_dataset model=chronaris_public_fusion track=subjective group=n_back seed=42 fold=002/002 epoch=003/005 batch=140/205 loss=0.379314 elapsed_s=7.6 status=running
2026-07-02 01:10:19,297 INFO chronaris.pipelines.stage_i.public.deep_baseline_runtime: deep_train batch dataset=uab_workload_dataset model=chronaris_public_fusion track=subjective group=n_back seed=42 fold=002/002 epoch=003/005 batch=160/205 loss=0.478076 elapsed_s=7.8 status=running
2026-07-02 01:10:19,564 INFO chronaris.pipelines.stage_i.public.deep_baseline_runtime: deep_train batch dataset=uab_workload_dataset model=chronaris_public_fusion track=subjective group=n_back seed=42 fold=002/002 epoch=003/005 batch=180/205 loss=0.423560 elapsed_s=8.1 status=running
2026-07-02 01:10:19,835 INFO chronaris.pipelines.stage_i.public.deep_baseline_runtime: deep_train batch dataset=uab_workload_dataset model=chronaris_public_fusion track=subjective group=n_back seed=42 fold=002/002 epoch=003/005 batch=200/205 loss=0.391379 elapsed_s=8.4 status=running
2026-07-02 01:10:19,906 INFO chronaris.pipelines.stage_i.public.deep_baseline_runtime: deep_train batch dataset=uab_workload_dataset model=chronaris_public_fusion track=subjective group=n_back seed=42 fold=002/002 epoch=003/005 batch=205/205 loss=0.521199 elapsed_s=8.4 status=running
2026-07-02 01:10:19,911 INFO chronaris.pipelines.stage_i.public.deep_baseline_runtime: deep_train epoch_done dataset=uab_workload_dataset model=chronaris_public_fusion track=subjective group=n_back seed=42 fold=002/002 epoch=003/005 train_loss=0.417475 elapsed_s=2.8
2026-07-02 01:10:19,950 INFO chronaris.pipelines.stage_i.public.deep_baseline_runtime: deep_train epoch_start dataset=uab_workload_dataset model=chronaris_public_fusion track=subjective group=n_back seed=42 fold=002/002 epoch=004/005 batch_count=205
2026-07-02 01:10:19,970 INFO chronaris.pipelines.stage_i.public.deep_baseline_runtime: deep_train batch dataset=uab_workload_dataset model=chronaris_public_fusion track=subjective group=n_back seed=42 fold=002/002 epoch=004/005 batch=001/205 loss=0.449962 elapsed_s=8.5 status=running
2026-07-02 01:10:20,235 INFO chronaris.pipelines.stage_i.public.deep_baseline_runtime: deep_train batch dataset=uab_workload_dataset model=chronaris_public_fusion track=subjective group=n_back seed=42 fold=002/002 epoch=004/005 batch=020/205 loss=0.511330 elapsed_s=8.8 status=running
2026-07-02 01:10:20,513 INFO chronaris.pipelines.stage_i.public.deep_baseline_runtime: deep_train batch dataset=uab_workload_dataset model=chronaris_public_fusion track=subjective group=n_back seed=42 fold=002/002 epoch=004/005 batch=040/205 loss=0.435593 elapsed_s=9.0 status=running
2026-07-02 01:10:20,780 INFO chronaris.pipelines.stage_i.public.deep_baseline_runtime: deep_train batch dataset=uab_workload_dataset model=chronaris_public_fusion track=subjective group=n_back seed=42 fold=002/002 epoch=004/005 batch=060/205 loss=0.384477 elapsed_s=9.3 status=running
2026-07-02 01:10:21,055 INFO chronaris.pipelines.stage_i.public.deep_baseline_runtime: deep_train batch dataset=uab_workload_dataset model=chronaris_public_fusion track=subjective group=n_back seed=42 fold=002/002 epoch=004/005 batch=080/205 loss=0.416115 elapsed_s=9.6 status=running
2026-07-02 01:10:22,281 INFO chronaris.pipelines.stage_i.public.deep_baseline_runtime: deep_train batch dataset=uab_workload_dataset model=chronaris_public_fusion track=subjective group=n_back seed=42 fold=002/002 epoch=004/005 batch=100/205 loss=0.414194 elapsed_s=9.9 status=running
2026-07-02 01:10:24,558 INFO chronaris.pipelines.stage_i.public.deep_baseline_runtime: deep_train batch dataset=uab_workload_dataset model=chronaris_public_fusion track=subjective group=n_back seed=42 fold=002/002 epoch=004/005 batch=120/205 loss=0.467806 elapsed_s=10.1 status=running
2026-07-02 01:10:24,828 INFO chronaris.pipelines.stage_i.public.deep_baseline_runtime: deep_train batch dataset=uab_workload_dataset model=chronaris_public_fusion track=subjective group=n_back seed=42 fold=002/002 epoch=004/005 batch=140/205 loss=0.392505 elapsed_s=10.4 status=running
2026-07-02 01:10:25,099 INFO chronaris.pipelines.stage_i.public.deep_baseline_runtime: deep_train batch dataset=uab_workload_dataset model=chronaris_public_fusion track=subjective group=n_back seed=42 fold=002/002 epoch=004/005 batch=160/205 loss=0.384552 elapsed_s=10.7 status=running
2026-07-02 01:10:25,369 INFO chronaris.pipelines.stage_i.public.deep_baseline_runtime: deep_train batch dataset=uab_workload_dataset model=chronaris_public_fusion track=subjective group=n_back seed=42 fold=002/002 epoch=004/005 batch=180/205 loss=0.472091 elapsed_s=10.9 status=running
2026-07-02 01:10:25,641 INFO chronaris.pipelines.stage_i.public.deep_baseline_runtime: deep_train batch dataset=uab_workload_dataset model=chronaris_public_fusion track=subjective group=n_back seed=42 fold=002/002 epoch=004/005 batch=200/205 loss=0.359981 elapsed_s=11.2 status=running
2026-07-02 01:10:25,711 INFO chronaris.pipelines.stage_i.public.deep_baseline_runtime: deep_train batch dataset=uab_workload_dataset model=chronaris_public_fusion track=subjective group=n_back seed=42 fold=002/002 epoch=004/005 batch=205/205 loss=0.380081 elapsed_s=11.3 status=running
2026-07-02 01:10:25,716 INFO chronaris.pipelines.stage_i.public.deep_baseline_runtime: deep_train epoch_done dataset=uab_workload_dataset model=chronaris_public_fusion track=subjective group=n_back seed=42 fold=002/002 epoch=004/005 train_loss=0.417566 elapsed_s=2.8
2026-07-02 01:10:25,753 INFO chronaris.pipelines.stage_i.public.deep_baseline_runtime: deep_train epoch_start dataset=uab_workload_dataset model=chronaris_public_fusion track=subjective group=n_back seed=42 fold=002/002 epoch=005/005 batch_count=205
2026-07-02 01:10:25,772 INFO chronaris.pipelines.stage_i.public.deep_baseline_runtime: deep_train batch dataset=uab_workload_dataset model=chronaris_public_fusion track=subjective group=n_back seed=42 fold=002/002 epoch=005/005 batch=001/205 loss=0.332882 elapsed_s=11.3 status=running
2026-07-02 01:10:26,028 INFO chronaris.pipelines.stage_i.public.deep_baseline_runtime: deep_train batch dataset=uab_workload_dataset model=chronaris_public_fusion track=subjective group=n_back seed=42 fold=002/002 epoch=005/005 batch=020/205 loss=0.456051 elapsed_s=11.6 status=running
2026-07-02 01:10:26,298 INFO chronaris.pipelines.stage_i.public.deep_baseline_runtime: deep_train batch dataset=uab_workload_dataset model=chronaris_public_fusion track=subjective group=n_back seed=42 fold=002/002 epoch=005/005 batch=040/205 loss=0.438284 elapsed_s=11.9 status=running
2026-07-02 01:10:26,564 INFO chronaris.pipelines.stage_i.public.deep_baseline_runtime: deep_train batch dataset=uab_workload_dataset model=chronaris_public_fusion track=subjective group=n_back seed=42 fold=002/002 epoch=005/005 batch=060/205 loss=0.541374 elapsed_s=12.1 status=running
2026-07-02 01:10:26,837 INFO chronaris.pipelines.stage_i.public.deep_baseline_runtime: deep_train batch dataset=uab_workload_dataset model=chronaris_public_fusion track=subjective group=n_back seed=42 fold=002/002 epoch=005/005 batch=080/205 loss=0.496035 elapsed_s=12.4 status=running
2026-07-02 01:10:27,108 INFO chronaris.pipelines.stage_i.public.deep_baseline_runtime: deep_train batch dataset=uab_workload_dataset model=chronaris_public_fusion track=subjective group=n_back seed=42 fold=002/002 epoch=005/005 batch=100/205 loss=0.439571 elapsed_s=12.7 status=running
2026-07-02 01:10:27,383 INFO chronaris.pipelines.stage_i.public.deep_baseline_runtime: deep_train batch dataset=uab_workload_dataset model=chronaris_public_fusion track=subjective group=n_back seed=42 fold=002/002 epoch=005/005 batch=120/205 loss=0.417953 elapsed_s=13.0 status=running
2026-07-02 01:10:27,658 INFO chronaris.pipelines.stage_i.public.deep_baseline_runtime: deep_train batch dataset=uab_workload_dataset model=chronaris_public_fusion track=subjective group=n_back seed=42 fold=002/002 epoch=005/005 batch=140/205 loss=0.396255 elapsed_s=13.2 status=running
2026-07-02 01:10:27,928 INFO chronaris.pipelines.stage_i.public.deep_baseline_runtime: deep_train batch dataset=uab_workload_dataset model=chronaris_public_fusion track=subjective group=n_back seed=42 fold=002/002 epoch=005/005 batch=160/205 loss=0.374265 elapsed_s=13.5 status=running
2026-07-02 01:10:28,204 INFO chronaris.pipelines.stage_i.public.deep_baseline_runtime: deep_train batch dataset=uab_workload_dataset model=chronaris_public_fusion track=subjective group=n_back seed=42 fold=002/002 epoch=005/005 batch=180/205 loss=0.435268 elapsed_s=13.8 status=running
2026-07-02 01:10:28,483 INFO chronaris.pipelines.stage_i.public.deep_baseline_runtime: deep_train batch dataset=uab_workload_dataset model=chronaris_public_fusion track=subjective group=n_back seed=42 fold=002/002 epoch=005/005 batch=200/205 loss=0.399983 elapsed_s=14.1 status=running
2026-07-02 01:10:28,556 INFO chronaris.pipelines.stage_i.public.deep_baseline_runtime: deep_train batch dataset=uab_workload_dataset model=chronaris_public_fusion track=subjective group=n_back seed=42 fold=002/002 epoch=005/005 batch=205/205 loss=0.403734 elapsed_s=14.1 status=running
2026-07-02 01:10:28,561 INFO chronaris.pipelines.stage_i.public.deep_baseline_runtime: deep_train epoch_done dataset=uab_workload_dataset model=chronaris_public_fusion track=subjective group=n_back seed=42 fold=002/002 epoch=005/005 train_loss=0.417504 elapsed_s=2.8
2026-07-02 01:10:28,600 INFO chronaris.pipelines.stage_i.public.deep_baseline_runtime: deep_train fold_done dataset=uab_workload_dataset model=chronaris_public_fusion track=subjective group=n_back seed=42 fold=002/002 elapsed_s=14.2
2026-07-02 01:10:31,826 INFO chronaris.pipelines.stage_i.public.deep_baseline_runtime: deep_train fold_start dataset=uab_workload_dataset model=chronaris_public_fusion track=subjective group=heat_the_chair seed=42 fold=001/002 split_group=subject_01 task=regression train_count=5116 epochs=5 batch_size=128
2026-07-02 01:10:31,831 INFO chronaris.pipelines.stage_i.public.deep_baseline_runtime: deep_train epoch_start dataset=uab_workload_dataset model=chronaris_public_fusion track=subjective group=heat_the_chair seed=42 fold=001/002 epoch=001/005 batch_count=40
2026-07-02 01:10:31,883 INFO chronaris.pipelines.stage_i.public.deep_baseline_runtime: deep_train batch dataset=uab_workload_dataset model=chronaris_public_fusion track=subjective group=heat_the_chair seed=42 fold=001/002 epoch=001/005 batch=001/040 loss=0.483944 elapsed_s=0.1 status=running
2026-07-02 01:10:32,251 INFO chronaris.pipelines.stage_i.public.deep_baseline_runtime: deep_train batch dataset=uab_workload_dataset model=chronaris_public_fusion track=subjective group=heat_the_chair seed=42 fold=001/002 epoch=001/005 batch=020/040 loss=0.463759 elapsed_s=0.4 status=running
2026-07-02 01:10:32,522 INFO chronaris.pipelines.stage_i.public.deep_baseline_runtime: deep_train batch dataset=uab_workload_dataset model=chronaris_public_fusion track=subjective group=heat_the_chair seed=42 fold=001/002 epoch=001/005 batch=040/040 loss=0.326194 elapsed_s=0.7 status=running
2026-07-02 01:10:32,527 INFO chronaris.pipelines.stage_i.public.deep_baseline_runtime: deep_train epoch_done dataset=uab_workload_dataset model=chronaris_public_fusion track=subjective group=heat_the_chair seed=42 fold=001/002 epoch=001/005 train_loss=0.416807 elapsed_s=0.7
2026-07-02 01:10:32,564 INFO chronaris.pipelines.stage_i.public.deep_baseline_runtime: deep_train epoch_start dataset=uab_workload_dataset model=chronaris_public_fusion track=subjective group=heat_the_chair seed=42 fold=001/002 epoch=002/005 batch_count=40
2026-07-02 01:10:32,582 INFO chronaris.pipelines.stage_i.public.deep_baseline_runtime: deep_train batch dataset=uab_workload_dataset model=chronaris_public_fusion track=subjective group=heat_the_chair seed=42 fold=001/002 epoch=002/005 batch=001/040 loss=0.359980 elapsed_s=0.8 status=running
2026-07-02 01:10:32,842 INFO chronaris.pipelines.stage_i.public.deep_baseline_runtime: deep_train batch dataset=uab_workload_dataset model=chronaris_public_fusion track=subjective group=heat_the_chair seed=42 fold=001/002 epoch=002/005 batch=020/040 loss=0.407488 elapsed_s=1.0 status=running
2026-07-02 01:10:33,118 INFO chronaris.pipelines.stage_i.public.deep_baseline_runtime: deep_train batch dataset=uab_workload_dataset model=chronaris_public_fusion track=subjective group=heat_the_chair seed=42 fold=001/002 epoch=002/005 batch=040/040 loss=0.448670 elapsed_s=1.3 status=running
2026-07-02 01:10:33,123 INFO chronaris.pipelines.stage_i.public.deep_baseline_runtime: deep_train epoch_done dataset=uab_workload_dataset model=chronaris_public_fusion track=subjective group=heat_the_chair seed=42 fold=001/002 epoch=002/005 train_loss=0.411764 elapsed_s=0.6
2026-07-02 01:10:33,160 INFO chronaris.pipelines.stage_i.public.deep_baseline_runtime: deep_train epoch_start dataset=uab_workload_dataset model=chronaris_public_fusion track=subjective group=heat_the_chair seed=42 fold=001/002 epoch=003/005 batch_count=40
2026-07-02 01:10:33,180 INFO chronaris.pipelines.stage_i.public.deep_baseline_runtime: deep_train batch dataset=uab_workload_dataset model=chronaris_public_fusion track=subjective group=heat_the_chair seed=42 fold=001/002 epoch=003/005 batch=001/040 loss=0.429203 elapsed_s=1.3 status=running
2026-07-02 01:10:33,431 INFO chronaris.pipelines.stage_i.public.deep_baseline_runtime: deep_train batch dataset=uab_workload_dataset model=chronaris_public_fusion track=subjective group=heat_the_chair seed=42 fold=001/002 epoch=003/005 batch=020/040 loss=0.452302 elapsed_s=1.6 status=running
2026-07-02 01:10:33,707 INFO chronaris.pipelines.stage_i.public.deep_baseline_runtime: deep_train batch dataset=uab_workload_dataset model=chronaris_public_fusion track=subjective group=heat_the_chair seed=42 fold=001/002 epoch=003/005 batch=040/040 loss=0.401080 elapsed_s=1.9 status=running
2026-07-02 01:10:33,713 INFO chronaris.pipelines.stage_i.public.deep_baseline_runtime: deep_train epoch_done dataset=uab_workload_dataset model=chronaris_public_fusion track=subjective group=heat_the_chair seed=42 fold=001/002 epoch=003/005 train_loss=0.410793 elapsed_s=0.6
2026-07-02 01:10:33,750 INFO chronaris.pipelines.stage_i.public.deep_baseline_runtime: deep_train epoch_start dataset=uab_workload_dataset model=chronaris_public_fusion track=subjective group=heat_the_chair seed=42 fold=001/002 epoch=004/005 batch_count=40
2026-07-02 01:10:33,769 INFO chronaris.pipelines.stage_i.public.deep_baseline_runtime: deep_train batch dataset=uab_workload_dataset model=chronaris_public_fusion track=subjective group=heat_the_chair seed=42 fold=001/002 epoch=004/005 batch=001/040 loss=0.448919 elapsed_s=1.9 status=running
2026-07-02 01:10:34,028 INFO chronaris.pipelines.stage_i.public.deep_baseline_runtime: deep_train batch dataset=uab_workload_dataset model=chronaris_public_fusion track=subjective group=heat_the_chair seed=42 fold=001/002 epoch=004/005 batch=020/040 loss=0.377912 elapsed_s=2.2 status=running
2026-07-02 01:10:34,298 INFO chronaris.pipelines.stage_i.public.deep_baseline_runtime: deep_train batch dataset=uab_workload_dataset model=chronaris_public_fusion track=subjective group=heat_the_chair seed=42 fold=001/002 epoch=004/005 batch=040/040 loss=0.387701 elapsed_s=2.5 status=running
2026-07-02 01:10:34,303 INFO chronaris.pipelines.stage_i.public.deep_baseline_runtime: deep_train epoch_done dataset=uab_workload_dataset model=chronaris_public_fusion track=subjective group=heat_the_chair seed=42 fold=001/002 epoch=004/005 train_loss=0.411406 elapsed_s=0.6
2026-07-02 01:10:34,341 INFO chronaris.pipelines.stage_i.public.deep_baseline_runtime: deep_train epoch_start dataset=uab_workload_dataset model=chronaris_public_fusion track=subjective group=heat_the_chair seed=42 fold=001/002 epoch=005/005 batch_count=40
2026-07-02 01:10:34,393 INFO chronaris.pipelines.stage_i.public.deep_baseline_runtime: deep_train batch dataset=uab_workload_dataset model=chronaris_public_fusion track=subjective group=heat_the_chair seed=42 fold=001/002 epoch=005/005 batch=001/040 loss=0.328093 elapsed_s=2.6 status=running
2026-07-02 01:10:34,645 INFO chronaris.pipelines.stage_i.public.deep_baseline_runtime: deep_train batch dataset=uab_workload_dataset model=chronaris_public_fusion track=subjective group=heat_the_chair seed=42 fold=001/002 epoch=005/005 batch=020/040 loss=0.427286 elapsed_s=2.8 status=running
2026-07-02 01:10:34,911 INFO chronaris.pipelines.stage_i.public.deep_baseline_runtime: deep_train batch dataset=uab_workload_dataset model=chronaris_public_fusion track=subjective group=heat_the_chair seed=42 fold=001/002 epoch=005/005 batch=040/040 loss=0.428574 elapsed_s=3.1 status=running
2026-07-02 01:10:34,915 INFO chronaris.pipelines.stage_i.public.deep_baseline_runtime: deep_train epoch_done dataset=uab_workload_dataset model=chronaris_public_fusion track=subjective group=heat_the_chair seed=42 fold=001/002 epoch=005/005 train_loss=0.411302 elapsed_s=0.6
2026-07-02 01:10:34,977 INFO chronaris.pipelines.stage_i.public.deep_baseline_runtime: deep_train fold_done dataset=uab_workload_dataset model=chronaris_public_fusion track=subjective group=heat_the_chair seed=42 fold=001/002 elapsed_s=3.1
2026-07-02 01:10:36,549 INFO chronaris.pipelines.stage_i.public.deep_baseline_runtime: deep_train fold_start dataset=uab_workload_dataset model=chronaris_public_fusion track=subjective group=heat_the_chair seed=42 fold=002/002 split_group=subject_02 task=regression train_count=5126 epochs=5 batch_size=128
2026-07-02 01:10:36,554 INFO chronaris.pipelines.stage_i.public.deep_baseline_runtime: deep_train epoch_start dataset=uab_workload_dataset model=chronaris_public_fusion track=subjective group=heat_the_chair seed=42 fold=002/002 epoch=001/005 batch_count=41
2026-07-02 01:10:36,577 INFO chronaris.pipelines.stage_i.public.deep_baseline_runtime: deep_train batch dataset=uab_workload_dataset model=chronaris_public_fusion track=subjective group=heat_the_chair seed=42 fold=002/002 epoch=001/005 batch=001/041 loss=0.384490 elapsed_s=0.0 status=running
2026-07-02 01:10:36,829 INFO chronaris.pipelines.stage_i.public.deep_baseline_runtime: deep_train batch dataset=uab_workload_dataset model=chronaris_public_fusion track=subjective group=heat_the_chair seed=42 fold=002/002 epoch=001/005 batch=020/041 loss=0.477696 elapsed_s=0.3 status=running
2026-07-02 01:10:37,099 INFO chronaris.pipelines.stage_i.public.deep_baseline_runtime: deep_train batch dataset=uab_workload_dataset model=chronaris_public_fusion track=subjective group=heat_the_chair seed=42 fold=002/002 epoch=001/005 batch=040/041 loss=0.337810 elapsed_s=0.5 status=running
2026-07-02 01:10:37,116 INFO chronaris.pipelines.stage_i.public.deep_baseline_runtime: deep_train batch dataset=uab_workload_dataset model=chronaris_public_fusion track=subjective group=heat_the_chair seed=42 fold=002/002 epoch=001/005 batch=041/041 loss=0.304875 elapsed_s=0.6 status=running
2026-07-02 01:10:37,121 INFO chronaris.pipelines.stage_i.public.deep_baseline_runtime: deep_train epoch_done dataset=uab_workload_dataset model=chronaris_public_fusion track=subjective group=heat_the_chair seed=42 fold=002/002 epoch=001/005 train_loss=0.424876 elapsed_s=0.6
2026-07-02 01:10:37,158 INFO chronaris.pipelines.stage_i.public.deep_baseline_runtime: deep_train epoch_start dataset=uab_workload_dataset model=chronaris_public_fusion track=subjective group=heat_the_chair seed=42 fold=002/002 epoch=002/005 batch_count=41
2026-07-02 01:10:37,176 INFO chronaris.pipelines.stage_i.public.deep_baseline_runtime: deep_train batch dataset=uab_workload_dataset model=chronaris_public_fusion track=subjective group=heat_the_chair seed=42 fold=002/002 epoch=002/005 batch=001/041 loss=0.371064 elapsed_s=0.6 status=running
2026-07-02 01:10:37,433 INFO chronaris.pipelines.stage_i.public.deep_baseline_runtime: deep_train batch dataset=uab_workload_dataset model=chronaris_public_fusion track=subjective group=heat_the_chair seed=42 fold=002/002 epoch=002/005 batch=020/041 loss=0.413467 elapsed_s=0.9 status=running
2026-07-02 01:10:37,703 INFO chronaris.pipelines.stage_i.public.deep_baseline_runtime: deep_train batch dataset=uab_workload_dataset model=chronaris_public_fusion track=subjective group=heat_the_chair seed=42 fold=002/002 epoch=002/005 batch=040/041 loss=0.461254 elapsed_s=1.1 status=running
2026-07-02 01:10:37,720 INFO chronaris.pipelines.stage_i.public.deep_baseline_runtime: deep_train batch dataset=uab_workload_dataset model=chronaris_public_fusion track=subjective group=heat_the_chair seed=42 fold=002/002 epoch=002/005 batch=041/041 loss=0.603803 elapsed_s=1.2 status=running
2026-07-02 01:10:37,724 INFO chronaris.pipelines.stage_i.public.deep_baseline_runtime: deep_train epoch_done dataset=uab_workload_dataset model=chronaris_public_fusion track=subjective group=heat_the_chair seed=42 fold=002/002 epoch=002/005 train_loss=0.431258 elapsed_s=0.6
2026-07-02 01:10:37,760 INFO chronaris.pipelines.stage_i.public.deep_baseline_runtime: deep_train epoch_start dataset=uab_workload_dataset model=chronaris_public_fusion track=subjective group=heat_the_chair seed=42 fold=002/002 epoch=003/005 batch_count=41
2026-07-02 01:10:37,789 INFO chronaris.pipelines.stage_i.public.deep_baseline_runtime: deep_train batch dataset=uab_workload_dataset model=chronaris_public_fusion track=subjective group=heat_the_chair seed=42 fold=002/002 epoch=003/005 batch=001/041 loss=0.372068 elapsed_s=1.2 status=running
2026-07-02 01:10:38,054 INFO chronaris.pipelines.stage_i.public.deep_baseline_runtime: deep_train batch dataset=uab_workload_dataset model=chronaris_public_fusion track=subjective group=heat_the_chair seed=42 fold=002/002 epoch=003/005 batch=020/041 loss=0.391822 elapsed_s=1.5 status=running
2026-07-02 01:10:38,332 INFO chronaris.pipelines.stage_i.public.deep_baseline_runtime: deep_train batch dataset=uab_workload_dataset model=chronaris_public_fusion track=subjective group=heat_the_chair seed=42 fold=002/002 epoch=003/005 batch=040/041 loss=0.428820 elapsed_s=1.8 status=running
2026-07-02 01:10:38,350 INFO chronaris.pipelines.stage_i.public.deep_baseline_runtime: deep_train batch dataset=uab_workload_dataset model=chronaris_public_fusion track=subjective group=heat_the_chair seed=42 fold=002/002 epoch=003/005 batch=041/041 loss=0.323620 elapsed_s=1.8 status=running
2026-07-02 01:10:38,355 INFO chronaris.pipelines.stage_i.public.deep_baseline_runtime: deep_train epoch_done dataset=uab_workload_dataset model=chronaris_public_fusion track=subjective group=heat_the_chair seed=42 fold=002/002 epoch=003/005 train_loss=0.420431 elapsed_s=0.6
2026-07-02 01:10:38,415 INFO chronaris.pipelines.stage_i.public.deep_baseline_runtime: deep_train epoch_start dataset=uab_workload_dataset model=chronaris_public_fusion track=subjective group=heat_the_chair seed=42 fold=002/002 epoch=004/005 batch_count=41
2026-07-02 01:10:38,499 INFO chronaris.pipelines.stage_i.public.deep_baseline_runtime: deep_train batch dataset=uab_workload_dataset model=chronaris_public_fusion track=subjective group=heat_the_chair seed=42 fold=002/002 epoch=004/005 batch=001/041 loss=0.390165 elapsed_s=1.9 status=running
2026-07-02 01:10:38,760 INFO chronaris.pipelines.stage_i.public.deep_baseline_runtime: deep_train batch dataset=uab_workload_dataset model=chronaris_public_fusion track=subjective group=heat_the_chair seed=42 fold=002/002 epoch=004/005 batch=020/041 loss=0.349189 elapsed_s=2.2 status=running
2026-07-02 01:10:39,034 INFO chronaris.pipelines.stage_i.public.deep_baseline_runtime: deep_train batch dataset=uab_workload_dataset model=chronaris_public_fusion track=subjective group=heat_the_chair seed=42 fold=002/002 epoch=004/005 batch=040/041 loss=0.359911 elapsed_s=2.5 status=running
2026-07-02 01:10:39,052 INFO chronaris.pipelines.stage_i.public.deep_baseline_runtime: deep_train batch dataset=uab_workload_dataset model=chronaris_public_fusion track=subjective group=heat_the_chair seed=42 fold=002/002 epoch=004/005 batch=041/041 loss=0.366132 elapsed_s=2.5 status=running
2026-07-02 01:10:39,056 INFO chronaris.pipelines.stage_i.public.deep_baseline_runtime: deep_train epoch_done dataset=uab_workload_dataset model=chronaris_public_fusion track=subjective group=heat_the_chair seed=42 fold=002/002 epoch=004/005 train_loss=0.421733 elapsed_s=0.6
2026-07-02 01:10:39,094 INFO chronaris.pipelines.stage_i.public.deep_baseline_runtime: deep_train epoch_start dataset=uab_workload_dataset model=chronaris_public_fusion track=subjective group=heat_the_chair seed=42 fold=002/002 epoch=005/005 batch_count=41
2026-07-02 01:10:39,113 INFO chronaris.pipelines.stage_i.public.deep_baseline_runtime: deep_train batch dataset=uab_workload_dataset model=chronaris_public_fusion track=subjective group=heat_the_chair seed=42 fold=002/002 epoch=005/005 batch=001/041 loss=0.343244 elapsed_s=2.6 status=running
2026-07-02 01:10:39,364 INFO chronaris.pipelines.stage_i.public.deep_baseline_runtime: deep_train batch dataset=uab_workload_dataset model=chronaris_public_fusion track=subjective group=heat_the_chair seed=42 fold=002/002 epoch=005/005 batch=020/041 loss=0.380825 elapsed_s=2.8 status=running
2026-07-02 01:10:39,640 INFO chronaris.pipelines.stage_i.public.deep_baseline_runtime: deep_train batch dataset=uab_workload_dataset model=chronaris_public_fusion track=subjective group=heat_the_chair seed=42 fold=002/002 epoch=005/005 batch=040/041 loss=0.455428 elapsed_s=3.1 status=running
2026-07-02 01:10:39,658 INFO chronaris.pipelines.stage_i.public.deep_baseline_runtime: deep_train batch dataset=uab_workload_dataset model=chronaris_public_fusion track=subjective group=heat_the_chair seed=42 fold=002/002 epoch=005/005 batch=041/041 loss=0.265788 elapsed_s=3.1 status=running
2026-07-02 01:10:39,663 INFO chronaris.pipelines.stage_i.public.deep_baseline_runtime: deep_train epoch_done dataset=uab_workload_dataset model=chronaris_public_fusion track=subjective group=heat_the_chair seed=42 fold=002/002 epoch=005/005 train_loss=0.418741 elapsed_s=0.6
2026-07-02 01:10:39,702 INFO chronaris.pipelines.stage_i.public.deep_baseline_runtime: deep_train fold_done dataset=uab_workload_dataset model=chronaris_public_fusion track=subjective group=heat_the_chair seed=42 fold=002/002 elapsed_s=3.1
