2026-07-02 01:16:10,853 INFO chronaris.pipelines.stage_i.public.deep_baseline: stage_i_deep_baseline observer start run_id=no_target_transform__seed42 run_root=/home/wangminan/projects/chronaris/docs/artifacts/assets/stage_i_public_fusion_ablation/20260701T-stage-i-public-fusion-ablation-r1/screen/uab_workload_dataset/no_target_transform__seed42
2026-07-02 01:16:15,914 INFO chronaris.pipelines.stage_i.public.deep_baseline_runtime: deep_train fold_start dataset=uab_workload_dataset model=chronaris_public_fusion track=objective group=n_back seed=42 fold=001/002 split_group=subject_01 task=classification train_count=26164 epochs=5 batch_size=128
2026-07-02 01:16:15,915 INFO chronaris.pipelines.stage_i.public.deep_baseline_runtime: deep_train epoch_start dataset=uab_workload_dataset model=chronaris_public_fusion track=objective group=n_back seed=42 fold=001/002 epoch=001/005 batch_count=205
2026-07-02 01:16:15,983 INFO chronaris.pipelines.stage_i.public.deep_baseline_runtime: deep_train batch dataset=uab_workload_dataset model=chronaris_public_fusion track=objective group=n_back seed=42 fold=001/002 epoch=001/005 batch=001/205 loss=1.110140 elapsed_s=0.1 status=running
2026-07-02 01:16:16,357 INFO chronaris.pipelines.stage_i.public.deep_baseline_runtime: deep_train batch dataset=uab_workload_dataset model=chronaris_public_fusion track=objective group=n_back seed=42 fold=001/002 epoch=001/005 batch=020/205 loss=1.090231 elapsed_s=0.4 status=running
2026-07-02 01:16:16,645 INFO chronaris.pipelines.stage_i.public.deep_baseline_runtime: deep_train batch dataset=uab_workload_dataset model=chronaris_public_fusion track=objective group=n_back seed=42 fold=001/002 epoch=001/005 batch=040/205 loss=1.112129 elapsed_s=0.7 status=running
2026-07-02 01:16:16,909 INFO chronaris.pipelines.stage_i.public.deep_baseline_runtime: deep_train batch dataset=uab_workload_dataset model=chronaris_public_fusion track=objective group=n_back seed=42 fold=001/002 epoch=001/005 batch=060/205 loss=1.098355 elapsed_s=1.0 status=running
2026-07-02 01:16:17,171 INFO chronaris.pipelines.stage_i.public.deep_baseline_runtime: deep_train batch dataset=uab_workload_dataset model=chronaris_public_fusion track=objective group=n_back seed=42 fold=001/002 epoch=001/005 batch=080/205 loss=1.108509 elapsed_s=1.3 status=running
2026-07-02 01:16:17,436 INFO chronaris.pipelines.stage_i.public.deep_baseline_runtime: deep_train batch dataset=uab_workload_dataset model=chronaris_public_fusion track=objective group=n_back seed=42 fold=001/002 epoch=001/005 batch=100/205 loss=1.099143 elapsed_s=1.5 status=running
2026-07-02 01:16:17,697 INFO chronaris.pipelines.stage_i.public.deep_baseline_runtime: deep_train batch dataset=uab_workload_dataset model=chronaris_public_fusion track=objective group=n_back seed=42 fold=001/002 epoch=001/005 batch=120/205 loss=1.099552 elapsed_s=1.8 status=running
2026-07-02 01:16:17,971 INFO chronaris.pipelines.stage_i.public.deep_baseline_runtime: deep_train batch dataset=uab_workload_dataset model=chronaris_public_fusion track=objective group=n_back seed=42 fold=001/002 epoch=001/005 batch=140/205 loss=1.094443 elapsed_s=2.1 status=running
2026-07-02 01:16:18,239 INFO chronaris.pipelines.stage_i.public.deep_baseline_runtime: deep_train batch dataset=uab_workload_dataset model=chronaris_public_fusion track=objective group=n_back seed=42 fold=001/002 epoch=001/005 batch=160/205 loss=1.106776 elapsed_s=2.3 status=running
2026-07-02 01:16:18,508 INFO chronaris.pipelines.stage_i.public.deep_baseline_runtime: deep_train batch dataset=uab_workload_dataset model=chronaris_public_fusion track=objective group=n_back seed=42 fold=001/002 epoch=001/005 batch=180/205 loss=1.099004 elapsed_s=2.6 status=running
2026-07-02 01:16:18,770 INFO chronaris.pipelines.stage_i.public.deep_baseline_runtime: deep_train batch dataset=uab_workload_dataset model=chronaris_public_fusion track=objective group=n_back seed=42 fold=001/002 epoch=001/005 batch=200/205 loss=1.098224 elapsed_s=2.9 status=running
2026-07-02 01:16:18,837 INFO chronaris.pipelines.stage_i.public.deep_baseline_runtime: deep_train batch dataset=uab_workload_dataset model=chronaris_public_fusion track=objective group=n_back seed=42 fold=001/002 epoch=001/005 batch=205/205 loss=1.099769 elapsed_s=2.9 status=running
2026-07-02 01:16:18,838 INFO chronaris.pipelines.stage_i.public.deep_baseline_runtime: deep_train epoch_done dataset=uab_workload_dataset model=chronaris_public_fusion track=objective group=n_back seed=42 fold=001/002 epoch=001/005 train_loss=1.101339 elapsed_s=2.9
2026-07-02 01:16:18,869 INFO chronaris.pipelines.stage_i.public.deep_baseline_runtime: deep_train epoch_start dataset=uab_workload_dataset model=chronaris_public_fusion track=objective group=n_back seed=42 fold=001/002 epoch=002/005 batch_count=205
2026-07-02 01:16:18,885 INFO chronaris.pipelines.stage_i.public.deep_baseline_runtime: deep_train batch dataset=uab_workload_dataset model=chronaris_public_fusion track=objective group=n_back seed=42 fold=001/002 epoch=002/005 batch=001/205 loss=1.098207 elapsed_s=3.0 status=running
2026-07-02 01:16:19,138 INFO chronaris.pipelines.stage_i.public.deep_baseline_runtime: deep_train batch dataset=uab_workload_dataset model=chronaris_public_fusion track=objective group=n_back seed=42 fold=001/002 epoch=002/005 batch=020/205 loss=1.101283 elapsed_s=3.2 status=running
2026-07-02 01:16:19,406 INFO chronaris.pipelines.stage_i.public.deep_baseline_runtime: deep_train batch dataset=uab_workload_dataset model=chronaris_public_fusion track=objective group=n_back seed=42 fold=001/002 epoch=002/005 batch=040/205 loss=1.104079 elapsed_s=3.5 status=running
2026-07-02 01:16:19,671 INFO chronaris.pipelines.stage_i.public.deep_baseline_runtime: deep_train batch dataset=uab_workload_dataset model=chronaris_public_fusion track=objective group=n_back seed=42 fold=001/002 epoch=002/005 batch=060/205 loss=1.096950 elapsed_s=3.8 status=running
2026-07-02 01:16:19,941 INFO chronaris.pipelines.stage_i.public.deep_baseline_runtime: deep_train batch dataset=uab_workload_dataset model=chronaris_public_fusion track=objective group=n_back seed=42 fold=001/002 epoch=002/005 batch=080/205 loss=1.097085 elapsed_s=4.0 status=running
2026-07-02 01:16:20,205 INFO chronaris.pipelines.stage_i.public.deep_baseline_runtime: deep_train batch dataset=uab_workload_dataset model=chronaris_public_fusion track=objective group=n_back seed=42 fold=001/002 epoch=002/005 batch=100/205 loss=1.082596 elapsed_s=4.3 status=running
2026-07-02 01:16:20,471 INFO chronaris.pipelines.stage_i.public.deep_baseline_runtime: deep_train batch dataset=uab_workload_dataset model=chronaris_public_fusion track=objective group=n_back seed=42 fold=001/002 epoch=002/005 batch=120/205 loss=1.097320 elapsed_s=4.6 status=running
2026-07-02 01:16:20,742 INFO chronaris.pipelines.stage_i.public.deep_baseline_runtime: deep_train batch dataset=uab_workload_dataset model=chronaris_public_fusion track=objective group=n_back seed=42 fold=001/002 epoch=002/005 batch=140/205 loss=1.094511 elapsed_s=4.8 status=running
2026-07-02 01:16:21,013 INFO chronaris.pipelines.stage_i.public.deep_baseline_runtime: deep_train batch dataset=uab_workload_dataset model=chronaris_public_fusion track=objective group=n_back seed=42 fold=001/002 epoch=002/005 batch=160/205 loss=1.092693 elapsed_s=5.1 status=running
2026-07-02 01:16:21,307 INFO chronaris.pipelines.stage_i.public.deep_baseline_runtime: deep_train batch dataset=uab_workload_dataset model=chronaris_public_fusion track=objective group=n_back seed=42 fold=001/002 epoch=002/005 batch=180/205 loss=1.102658 elapsed_s=5.4 status=running
2026-07-02 01:16:21,574 INFO chronaris.pipelines.stage_i.public.deep_baseline_runtime: deep_train batch dataset=uab_workload_dataset model=chronaris_public_fusion track=objective group=n_back seed=42 fold=001/002 epoch=002/005 batch=200/205 loss=1.098979 elapsed_s=5.7 status=running
2026-07-02 01:16:21,643 INFO chronaris.pipelines.stage_i.public.deep_baseline_runtime: deep_train batch dataset=uab_workload_dataset model=chronaris_public_fusion track=objective group=n_back seed=42 fold=001/002 epoch=002/005 batch=205/205 loss=1.068181 elapsed_s=5.7 status=running
2026-07-02 01:16:21,644 INFO chronaris.pipelines.stage_i.public.deep_baseline_runtime: deep_train epoch_done dataset=uab_workload_dataset model=chronaris_public_fusion track=objective group=n_back seed=42 fold=001/002 epoch=002/005 train_loss=1.097048 elapsed_s=2.8
2026-07-02 01:16:21,678 INFO chronaris.pipelines.stage_i.public.deep_baseline_runtime: deep_train epoch_start dataset=uab_workload_dataset model=chronaris_public_fusion track=objective group=n_back seed=42 fold=001/002 epoch=003/005 batch_count=205
2026-07-02 01:16:21,700 INFO chronaris.pipelines.stage_i.public.deep_baseline_runtime: deep_train batch dataset=uab_workload_dataset model=chronaris_public_fusion track=objective group=n_back seed=42 fold=001/002 epoch=003/005 batch=001/205 loss=1.088526 elapsed_s=5.8 status=running
2026-07-02 01:16:22,010 INFO chronaris.pipelines.stage_i.public.deep_baseline_runtime: deep_train batch dataset=uab_workload_dataset model=chronaris_public_fusion track=objective group=n_back seed=42 fold=001/002 epoch=003/005 batch=020/205 loss=1.106137 elapsed_s=6.1 status=running
2026-07-02 01:16:22,280 INFO chronaris.pipelines.stage_i.public.deep_baseline_runtime: deep_train batch dataset=uab_workload_dataset model=chronaris_public_fusion track=objective group=n_back seed=42 fold=001/002 epoch=003/005 batch=040/205 loss=1.097707 elapsed_s=6.4 status=running
2026-07-02 01:16:22,549 INFO chronaris.pipelines.stage_i.public.deep_baseline_runtime: deep_train batch dataset=uab_workload_dataset model=chronaris_public_fusion track=objective group=n_back seed=42 fold=001/002 epoch=003/005 batch=060/205 loss=1.099731 elapsed_s=6.6 status=running
2026-07-02 01:16:22,821 INFO chronaris.pipelines.stage_i.public.deep_baseline_runtime: deep_train batch dataset=uab_workload_dataset model=chronaris_public_fusion track=objective group=n_back seed=42 fold=001/002 epoch=003/005 batch=080/205 loss=1.089894 elapsed_s=6.9 status=running
2026-07-02 01:16:23,094 INFO chronaris.pipelines.stage_i.public.deep_baseline_runtime: deep_train batch dataset=uab_workload_dataset model=chronaris_public_fusion track=objective group=n_back seed=42 fold=001/002 epoch=003/005 batch=100/205 loss=1.102214 elapsed_s=7.2 status=running
2026-07-02 01:16:23,360 INFO chronaris.pipelines.stage_i.public.deep_baseline_runtime: deep_train batch dataset=uab_workload_dataset model=chronaris_public_fusion track=objective group=n_back seed=42 fold=001/002 epoch=003/005 batch=120/205 loss=1.093429 elapsed_s=7.4 status=running
2026-07-02 01:16:23,630 INFO chronaris.pipelines.stage_i.public.deep_baseline_runtime: deep_train batch dataset=uab_workload_dataset model=chronaris_public_fusion track=objective group=n_back seed=42 fold=001/002 epoch=003/005 batch=140/205 loss=1.089605 elapsed_s=7.7 status=running
2026-07-02 01:16:23,902 INFO chronaris.pipelines.stage_i.public.deep_baseline_runtime: deep_train batch dataset=uab_workload_dataset model=chronaris_public_fusion track=objective group=n_back seed=42 fold=001/002 epoch=003/005 batch=160/205 loss=1.098933 elapsed_s=8.0 status=running
2026-07-02 01:16:25,176 INFO chronaris.pipelines.stage_i.public.deep_baseline_runtime: deep_train batch dataset=uab_workload_dataset model=chronaris_public_fusion track=objective group=n_back seed=42 fold=001/002 epoch=003/005 batch=180/205 loss=1.099548 elapsed_s=8.3 status=running
2026-07-02 01:16:25,449 INFO chronaris.pipelines.stage_i.public.deep_baseline_runtime: deep_train batch dataset=uab_workload_dataset model=chronaris_public_fusion track=objective group=n_back seed=42 fold=001/002 epoch=003/005 batch=200/205 loss=1.093689 elapsed_s=8.5 status=running
2026-07-02 01:16:25,516 INFO chronaris.pipelines.stage_i.public.deep_baseline_runtime: deep_train batch dataset=uab_workload_dataset model=chronaris_public_fusion track=objective group=n_back seed=42 fold=001/002 epoch=003/005 batch=205/205 loss=1.085425 elapsed_s=8.6 status=running
2026-07-02 01:16:25,517 INFO chronaris.pipelines.stage_i.public.deep_baseline_runtime: deep_train epoch_done dataset=uab_workload_dataset model=chronaris_public_fusion track=objective group=n_back seed=42 fold=001/002 epoch=003/005 train_loss=1.097305 elapsed_s=2.8
2026-07-02 01:16:25,553 INFO chronaris.pipelines.stage_i.public.deep_baseline_runtime: deep_train epoch_start dataset=uab_workload_dataset model=chronaris_public_fusion track=objective group=n_back seed=42 fold=001/002 epoch=004/005 batch_count=205
2026-07-02 01:16:25,574 INFO chronaris.pipelines.stage_i.public.deep_baseline_runtime: deep_train batch dataset=uab_workload_dataset model=chronaris_public_fusion track=objective group=n_back seed=42 fold=001/002 epoch=004/005 batch=001/205 loss=1.085069 elapsed_s=8.7 status=running
2026-07-02 01:16:25,834 INFO chronaris.pipelines.stage_i.public.deep_baseline_runtime: deep_train batch dataset=uab_workload_dataset model=chronaris_public_fusion track=objective group=n_back seed=42 fold=001/002 epoch=004/005 batch=020/205 loss=1.096884 elapsed_s=8.9 status=running
2026-07-02 01:16:26,106 INFO chronaris.pipelines.stage_i.public.deep_baseline_runtime: deep_train batch dataset=uab_workload_dataset model=chronaris_public_fusion track=objective group=n_back seed=42 fold=001/002 epoch=004/005 batch=040/205 loss=1.089391 elapsed_s=9.2 status=running
2026-07-02 01:16:26,388 INFO chronaris.pipelines.stage_i.public.deep_baseline_runtime: deep_train batch dataset=uab_workload_dataset model=chronaris_public_fusion track=objective group=n_back seed=42 fold=001/002 epoch=004/005 batch=060/205 loss=1.097938 elapsed_s=9.5 status=running
2026-07-02 01:16:26,662 INFO chronaris.pipelines.stage_i.public.deep_baseline_runtime: deep_train batch dataset=uab_workload_dataset model=chronaris_public_fusion track=objective group=n_back seed=42 fold=001/002 epoch=004/005 batch=080/205 loss=1.096348 elapsed_s=9.8 status=running
2026-07-02 01:16:26,934 INFO chronaris.pipelines.stage_i.public.deep_baseline_runtime: deep_train batch dataset=uab_workload_dataset model=chronaris_public_fusion track=objective group=n_back seed=42 fold=001/002 epoch=004/005 batch=100/205 loss=1.094786 elapsed_s=10.0 status=running
2026-07-02 01:16:27,216 INFO chronaris.pipelines.stage_i.public.deep_baseline_runtime: deep_train batch dataset=uab_workload_dataset model=chronaris_public_fusion track=objective group=n_back seed=42 fold=001/002 epoch=004/005 batch=120/205 loss=1.087704 elapsed_s=10.3 status=running
2026-07-02 01:16:27,484 INFO chronaris.pipelines.stage_i.public.deep_baseline_runtime: deep_train batch dataset=uab_workload_dataset model=chronaris_public_fusion track=objective group=n_back seed=42 fold=001/002 epoch=004/005 batch=140/205 loss=1.096637 elapsed_s=10.6 status=running
2026-07-02 01:16:27,756 INFO chronaris.pipelines.stage_i.public.deep_baseline_runtime: deep_train batch dataset=uab_workload_dataset model=chronaris_public_fusion track=objective group=n_back seed=42 fold=001/002 epoch=004/005 batch=160/205 loss=1.099088 elapsed_s=10.8 status=running
2026-07-02 01:16:28,029 INFO chronaris.pipelines.stage_i.public.deep_baseline_runtime: deep_train batch dataset=uab_workload_dataset model=chronaris_public_fusion track=objective group=n_back seed=42 fold=001/002 epoch=004/005 batch=180/205 loss=1.085299 elapsed_s=11.1 status=running
2026-07-02 01:16:28,306 INFO chronaris.pipelines.stage_i.public.deep_baseline_runtime: deep_train batch dataset=uab_workload_dataset model=chronaris_public_fusion track=objective group=n_back seed=42 fold=001/002 epoch=004/005 batch=200/205 loss=1.091482 elapsed_s=11.4 status=running
2026-07-02 01:16:28,374 INFO chronaris.pipelines.stage_i.public.deep_baseline_runtime: deep_train batch dataset=uab_workload_dataset model=chronaris_public_fusion track=objective group=n_back seed=42 fold=001/002 epoch=004/005 batch=205/205 loss=1.085428 elapsed_s=11.5 status=running
2026-07-02 01:16:28,388 INFO chronaris.pipelines.stage_i.public.deep_baseline_runtime: deep_train epoch_done dataset=uab_workload_dataset model=chronaris_public_fusion track=objective group=n_back seed=42 fold=001/002 epoch=004/005 train_loss=1.095930 elapsed_s=2.8
2026-07-02 01:16:28,426 INFO chronaris.pipelines.stage_i.public.deep_baseline_runtime: deep_train epoch_start dataset=uab_workload_dataset model=chronaris_public_fusion track=objective group=n_back seed=42 fold=001/002 epoch=005/005 batch_count=205
2026-07-02 01:16:28,486 INFO chronaris.pipelines.stage_i.public.deep_baseline_runtime: deep_train batch dataset=uab_workload_dataset model=chronaris_public_fusion track=objective group=n_back seed=42 fold=001/002 epoch=005/005 batch=001/205 loss=1.089161 elapsed_s=11.6 status=running
2026-07-02 01:16:28,793 INFO chronaris.pipelines.stage_i.public.deep_baseline_runtime: deep_train batch dataset=uab_workload_dataset model=chronaris_public_fusion track=objective group=n_back seed=42 fold=001/002 epoch=005/005 batch=020/205 loss=1.064845 elapsed_s=11.9 status=running
2026-07-02 01:16:29,065 INFO chronaris.pipelines.stage_i.public.deep_baseline_runtime: deep_train batch dataset=uab_workload_dataset model=chronaris_public_fusion track=objective group=n_back seed=42 fold=001/002 epoch=005/005 batch=040/205 loss=1.105742 elapsed_s=12.2 status=running
2026-07-02 01:16:29,345 INFO chronaris.pipelines.stage_i.public.deep_baseline_runtime: deep_train batch dataset=uab_workload_dataset model=chronaris_public_fusion track=objective group=n_back seed=42 fold=001/002 epoch=005/005 batch=060/205 loss=1.079868 elapsed_s=12.4 status=running
2026-07-02 01:16:29,615 INFO chronaris.pipelines.stage_i.public.deep_baseline_runtime: deep_train batch dataset=uab_workload_dataset model=chronaris_public_fusion track=objective group=n_back seed=42 fold=001/002 epoch=005/005 batch=080/205 loss=1.070847 elapsed_s=12.7 status=running
2026-07-02 01:16:29,884 INFO chronaris.pipelines.stage_i.public.deep_baseline_runtime: deep_train batch dataset=uab_workload_dataset model=chronaris_public_fusion track=objective group=n_back seed=42 fold=001/002 epoch=005/005 batch=100/205 loss=1.098815 elapsed_s=13.0 status=running
2026-07-02 01:16:30,152 INFO chronaris.pipelines.stage_i.public.deep_baseline_runtime: deep_train batch dataset=uab_workload_dataset model=chronaris_public_fusion track=objective group=n_back seed=42 fold=001/002 epoch=005/005 batch=120/205 loss=1.090079 elapsed_s=13.2 status=running
2026-07-02 01:16:30,427 INFO chronaris.pipelines.stage_i.public.deep_baseline_runtime: deep_train batch dataset=uab_workload_dataset model=chronaris_public_fusion track=objective group=n_back seed=42 fold=001/002 epoch=005/005 batch=140/205 loss=1.078139 elapsed_s=13.5 status=running
2026-07-02 01:16:30,697 INFO chronaris.pipelines.stage_i.public.deep_baseline_runtime: deep_train batch dataset=uab_workload_dataset model=chronaris_public_fusion track=objective group=n_back seed=42 fold=001/002 epoch=005/005 batch=160/205 loss=1.092516 elapsed_s=13.8 status=running
2026-07-02 01:16:30,965 INFO chronaris.pipelines.stage_i.public.deep_baseline_runtime: deep_train batch dataset=uab_workload_dataset model=chronaris_public_fusion track=objective group=n_back seed=42 fold=001/002 epoch=005/005 batch=180/205 loss=1.066641 elapsed_s=14.1 status=running
2026-07-02 01:16:31,247 INFO chronaris.pipelines.stage_i.public.deep_baseline_runtime: deep_train batch dataset=uab_workload_dataset model=chronaris_public_fusion track=objective group=n_back seed=42 fold=001/002 epoch=005/005 batch=200/205 loss=1.084707 elapsed_s=14.3 status=running
2026-07-02 01:16:31,319 INFO chronaris.pipelines.stage_i.public.deep_baseline_runtime: deep_train batch dataset=uab_workload_dataset model=chronaris_public_fusion track=objective group=n_back seed=42 fold=001/002 epoch=005/005 batch=205/205 loss=1.082022 elapsed_s=14.4 status=running
2026-07-02 01:16:31,320 INFO chronaris.pipelines.stage_i.public.deep_baseline_runtime: deep_train epoch_done dataset=uab_workload_dataset model=chronaris_public_fusion track=objective group=n_back seed=42 fold=001/002 epoch=005/005 train_loss=1.089928 elapsed_s=2.9
2026-07-02 01:16:31,354 INFO chronaris.pipelines.stage_i.public.deep_baseline_runtime: deep_train fold_done dataset=uab_workload_dataset model=chronaris_public_fusion track=objective group=n_back seed=42 fold=001/002 elapsed_s=14.4
2026-07-02 01:16:34,931 INFO chronaris.pipelines.stage_i.public.deep_baseline_runtime: deep_train fold_start dataset=uab_workload_dataset model=chronaris_public_fusion track=objective group=n_back seed=42 fold=002/002 split_group=subject_02 task=classification train_count=26176 epochs=5 batch_size=128
2026-07-02 01:16:34,933 INFO chronaris.pipelines.stage_i.public.deep_baseline_runtime: deep_train epoch_start dataset=uab_workload_dataset model=chronaris_public_fusion track=objective group=n_back seed=42 fold=002/002 epoch=001/005 batch_count=205
2026-07-02 01:16:34,958 INFO chronaris.pipelines.stage_i.public.deep_baseline_runtime: deep_train batch dataset=uab_workload_dataset model=chronaris_public_fusion track=objective group=n_back seed=42 fold=002/002 epoch=001/005 batch=001/205 loss=1.113539 elapsed_s=0.0 status=running
2026-07-02 01:16:35,320 INFO chronaris.pipelines.stage_i.public.deep_baseline_runtime: deep_train batch dataset=uab_workload_dataset model=chronaris_public_fusion track=objective group=n_back seed=42 fold=002/002 epoch=001/005 batch=020/205 loss=1.089932 elapsed_s=0.4 status=running
2026-07-02 01:16:35,591 INFO chronaris.pipelines.stage_i.public.deep_baseline_runtime: deep_train batch dataset=uab_workload_dataset model=chronaris_public_fusion track=objective group=n_back seed=42 fold=002/002 epoch=001/005 batch=040/205 loss=1.090199 elapsed_s=0.7 status=running
2026-07-02 01:16:35,858 INFO chronaris.pipelines.stage_i.public.deep_baseline_runtime: deep_train batch dataset=uab_workload_dataset model=chronaris_public_fusion track=objective group=n_back seed=42 fold=002/002 epoch=001/005 batch=060/205 loss=1.117282 elapsed_s=0.9 status=running
2026-07-02 01:16:36,124 INFO chronaris.pipelines.stage_i.public.deep_baseline_runtime: deep_train batch dataset=uab_workload_dataset model=chronaris_public_fusion track=objective group=n_back seed=42 fold=002/002 epoch=001/005 batch=080/205 loss=1.109328 elapsed_s=1.2 status=running
2026-07-02 01:16:36,407 INFO chronaris.pipelines.stage_i.public.deep_baseline_runtime: deep_train batch dataset=uab_workload_dataset model=chronaris_public_fusion track=objective group=n_back seed=42 fold=002/002 epoch=001/005 batch=100/205 loss=1.086800 elapsed_s=1.5 status=running
2026-07-02 01:16:36,672 INFO chronaris.pipelines.stage_i.public.deep_baseline_runtime: deep_train batch dataset=uab_workload_dataset model=chronaris_public_fusion track=objective group=n_back seed=42 fold=002/002 epoch=001/005 batch=120/205 loss=1.096347 elapsed_s=1.7 status=running
2026-07-02 01:16:36,947 INFO chronaris.pipelines.stage_i.public.deep_baseline_runtime: deep_train batch dataset=uab_workload_dataset model=chronaris_public_fusion track=objective group=n_back seed=42 fold=002/002 epoch=001/005 batch=140/205 loss=1.102482 elapsed_s=2.0 status=running
2026-07-02 01:16:37,215 INFO chronaris.pipelines.stage_i.public.deep_baseline_runtime: deep_train batch dataset=uab_workload_dataset model=chronaris_public_fusion track=objective group=n_back seed=42 fold=002/002 epoch=001/005 batch=160/205 loss=1.105788 elapsed_s=2.3 status=running
2026-07-02 01:16:37,484 INFO chronaris.pipelines.stage_i.public.deep_baseline_runtime: deep_train batch dataset=uab_workload_dataset model=chronaris_public_fusion track=objective group=n_back seed=42 fold=002/002 epoch=001/005 batch=180/205 loss=1.098255 elapsed_s=2.6 status=running
2026-07-02 01:16:37,748 INFO chronaris.pipelines.stage_i.public.deep_baseline_runtime: deep_train batch dataset=uab_workload_dataset model=chronaris_public_fusion track=objective group=n_back seed=42 fold=002/002 epoch=001/005 batch=200/205 loss=1.097154 elapsed_s=2.8 status=running
2026-07-02 01:16:37,815 INFO chronaris.pipelines.stage_i.public.deep_baseline_runtime: deep_train batch dataset=uab_workload_dataset model=chronaris_public_fusion track=objective group=n_back seed=42 fold=002/002 epoch=001/005 batch=205/205 loss=1.098621 elapsed_s=2.9 status=running
2026-07-02 01:16:37,818 INFO chronaris.pipelines.stage_i.public.deep_baseline_runtime: deep_train epoch_done dataset=uab_workload_dataset model=chronaris_public_fusion track=objective group=n_back seed=42 fold=002/002 epoch=001/005 train_loss=1.100750 elapsed_s=2.9
2026-07-02 01:16:37,853 INFO chronaris.pipelines.stage_i.public.deep_baseline_runtime: deep_train epoch_start dataset=uab_workload_dataset model=chronaris_public_fusion track=objective group=n_back seed=42 fold=002/002 epoch=002/005 batch_count=205
2026-07-02 01:16:37,868 INFO chronaris.pipelines.stage_i.public.deep_baseline_runtime: deep_train batch dataset=uab_workload_dataset model=chronaris_public_fusion track=objective group=n_back seed=42 fold=002/002 epoch=002/005 batch=001/205 loss=1.088003 elapsed_s=2.9 status=running
2026-07-02 01:16:38,119 INFO chronaris.pipelines.stage_i.public.deep_baseline_runtime: deep_train batch dataset=uab_workload_dataset model=chronaris_public_fusion track=objective group=n_back seed=42 fold=002/002 epoch=002/005 batch=020/205 loss=1.104226 elapsed_s=3.2 status=running
2026-07-02 01:16:38,387 INFO chronaris.pipelines.stage_i.public.deep_baseline_runtime: deep_train batch dataset=uab_workload_dataset model=chronaris_public_fusion track=objective group=n_back seed=42 fold=002/002 epoch=002/005 batch=040/205 loss=1.101019 elapsed_s=3.5 status=running
2026-07-02 01:16:38,654 INFO chronaris.pipelines.stage_i.public.deep_baseline_runtime: deep_train batch dataset=uab_workload_dataset model=chronaris_public_fusion track=objective group=n_back seed=42 fold=002/002 epoch=002/005 batch=060/205 loss=1.094586 elapsed_s=3.7 status=running
2026-07-02 01:16:38,953 INFO chronaris.pipelines.stage_i.public.deep_baseline_runtime: deep_train batch dataset=uab_workload_dataset model=chronaris_public_fusion track=objective group=n_back seed=42 fold=002/002 epoch=002/005 batch=080/205 loss=1.096686 elapsed_s=4.0 status=running
2026-07-02 01:16:39,226 INFO chronaris.pipelines.stage_i.public.deep_baseline_runtime: deep_train batch dataset=uab_workload_dataset model=chronaris_public_fusion track=objective group=n_back seed=42 fold=002/002 epoch=002/005 batch=100/205 loss=1.089641 elapsed_s=4.3 status=running
2026-07-02 01:16:39,495 INFO chronaris.pipelines.stage_i.public.deep_baseline_runtime: deep_train batch dataset=uab_workload_dataset model=chronaris_public_fusion track=objective group=n_back seed=42 fold=002/002 epoch=002/005 batch=120/205 loss=1.093998 elapsed_s=4.6 status=running
2026-07-02 01:16:39,780 INFO chronaris.pipelines.stage_i.public.deep_baseline_runtime: deep_train batch dataset=uab_workload_dataset model=chronaris_public_fusion track=objective group=n_back seed=42 fold=002/002 epoch=002/005 batch=140/205 loss=1.110847 elapsed_s=4.8 status=running
2026-07-02 01:16:40,050 INFO chronaris.pipelines.stage_i.public.deep_baseline_runtime: deep_train batch dataset=uab_workload_dataset model=chronaris_public_fusion track=objective group=n_back seed=42 fold=002/002 epoch=002/005 batch=160/205 loss=1.095096 elapsed_s=5.1 status=running
2026-07-02 01:16:40,322 INFO chronaris.pipelines.stage_i.public.deep_baseline_runtime: deep_train batch dataset=uab_workload_dataset model=chronaris_public_fusion track=objective group=n_back seed=42 fold=002/002 epoch=002/005 batch=180/205 loss=1.099460 elapsed_s=5.4 status=running
2026-07-02 01:16:44,028 INFO chronaris.pipelines.stage_i.public.deep_baseline_runtime: deep_train batch dataset=uab_workload_dataset model=chronaris_public_fusion track=objective group=n_back seed=42 fold=002/002 epoch=002/005 batch=200/205 loss=1.098024 elapsed_s=5.7 status=running
2026-07-02 01:16:44,096 INFO chronaris.pipelines.stage_i.public.deep_baseline_runtime: deep_train batch dataset=uab_workload_dataset model=chronaris_public_fusion track=objective group=n_back seed=42 fold=002/002 epoch=002/005 batch=205/205 loss=1.080230 elapsed_s=5.7 status=running
2026-07-02 01:16:44,098 INFO chronaris.pipelines.stage_i.public.deep_baseline_runtime: deep_train epoch_done dataset=uab_workload_dataset model=chronaris_public_fusion track=objective group=n_back seed=42 fold=002/002 epoch=002/005 train_loss=1.097759 elapsed_s=2.8
2026-07-02 01:16:44,135 INFO chronaris.pipelines.stage_i.public.deep_baseline_runtime: deep_train epoch_start dataset=uab_workload_dataset model=chronaris_public_fusion track=objective group=n_back seed=42 fold=002/002 epoch=003/005 batch_count=205
2026-07-02 01:16:44,156 INFO chronaris.pipelines.stage_i.public.deep_baseline_runtime: deep_train batch dataset=uab_workload_dataset model=chronaris_public_fusion track=objective group=n_back seed=42 fold=002/002 epoch=003/005 batch=001/205 loss=1.101484 elapsed_s=5.8 status=running
2026-07-02 01:16:44,407 INFO chronaris.pipelines.stage_i.public.deep_baseline_runtime: deep_train batch dataset=uab_workload_dataset model=chronaris_public_fusion track=objective group=n_back seed=42 fold=002/002 epoch=003/005 batch=020/205 loss=1.105435 elapsed_s=6.0 status=running
2026-07-02 01:16:44,667 INFO chronaris.pipelines.stage_i.public.deep_baseline_runtime: deep_train batch dataset=uab_workload_dataset model=chronaris_public_fusion track=objective group=n_back seed=42 fold=002/002 epoch=003/005 batch=040/205 loss=1.107156 elapsed_s=6.3 status=running
2026-07-02 01:16:44,937 INFO chronaris.pipelines.stage_i.public.deep_baseline_runtime: deep_train batch dataset=uab_workload_dataset model=chronaris_public_fusion track=objective group=n_back seed=42 fold=002/002 epoch=003/005 batch=060/205 loss=1.093741 elapsed_s=6.6 status=running
2026-07-02 01:16:45,209 INFO chronaris.pipelines.stage_i.public.deep_baseline_runtime: deep_train batch dataset=uab_workload_dataset model=chronaris_public_fusion track=objective group=n_back seed=42 fold=002/002 epoch=003/005 batch=080/205 loss=1.089901 elapsed_s=6.8 status=running
2026-07-02 01:16:45,477 INFO chronaris.pipelines.stage_i.public.deep_baseline_runtime: deep_train batch dataset=uab_workload_dataset model=chronaris_public_fusion track=objective group=n_back seed=42 fold=002/002 epoch=003/005 batch=100/205 loss=1.099317 elapsed_s=7.1 status=running
2026-07-02 01:16:45,742 INFO chronaris.pipelines.stage_i.public.deep_baseline_runtime: deep_train batch dataset=uab_workload_dataset model=chronaris_public_fusion track=objective group=n_back seed=42 fold=002/002 epoch=003/005 batch=120/205 loss=1.091555 elapsed_s=7.4 status=running
2026-07-02 01:16:46,008 INFO chronaris.pipelines.stage_i.public.deep_baseline_runtime: deep_train batch dataset=uab_workload_dataset model=chronaris_public_fusion track=objective group=n_back seed=42 fold=002/002 epoch=003/005 batch=140/205 loss=1.090910 elapsed_s=7.6 status=running
2026-07-02 01:16:46,272 INFO chronaris.pipelines.stage_i.public.deep_baseline_runtime: deep_train batch dataset=uab_workload_dataset model=chronaris_public_fusion track=objective group=n_back seed=42 fold=002/002 epoch=003/005 batch=160/205 loss=1.093980 elapsed_s=7.9 status=running
2026-07-02 01:16:46,535 INFO chronaris.pipelines.stage_i.public.deep_baseline_runtime: deep_train batch dataset=uab_workload_dataset model=chronaris_public_fusion track=objective group=n_back seed=42 fold=002/002 epoch=003/005 batch=180/205 loss=1.095297 elapsed_s=8.2 status=running
2026-07-02 01:16:46,798 INFO chronaris.pipelines.stage_i.public.deep_baseline_runtime: deep_train batch dataset=uab_workload_dataset model=chronaris_public_fusion track=objective group=n_back seed=42 fold=002/002 epoch=003/005 batch=200/205 loss=1.098059 elapsed_s=8.4 status=running
2026-07-02 01:16:46,870 INFO chronaris.pipelines.stage_i.public.deep_baseline_runtime: deep_train batch dataset=uab_workload_dataset model=chronaris_public_fusion track=objective group=n_back seed=42 fold=002/002 epoch=003/005 batch=205/205 loss=1.088791 elapsed_s=8.5 status=running
2026-07-02 01:16:46,873 INFO chronaris.pipelines.stage_i.public.deep_baseline_runtime: deep_train epoch_done dataset=uab_workload_dataset model=chronaris_public_fusion track=objective group=n_back seed=42 fold=002/002 epoch=003/005 train_loss=1.097763 elapsed_s=2.7
2026-07-02 01:16:46,908 INFO chronaris.pipelines.stage_i.public.deep_baseline_runtime: deep_train epoch_start dataset=uab_workload_dataset model=chronaris_public_fusion track=objective group=n_back seed=42 fold=002/002 epoch=004/005 batch_count=205
2026-07-02 01:16:46,966 INFO chronaris.pipelines.stage_i.public.deep_baseline_runtime: deep_train batch dataset=uab_workload_dataset model=chronaris_public_fusion track=objective group=n_back seed=42 fold=002/002 epoch=004/005 batch=001/205 loss=1.098395 elapsed_s=8.6 status=running
2026-07-02 01:16:47,231 INFO chronaris.pipelines.stage_i.public.deep_baseline_runtime: deep_train batch dataset=uab_workload_dataset model=chronaris_public_fusion track=objective group=n_back seed=42 fold=002/002 epoch=004/005 batch=020/205 loss=1.093107 elapsed_s=8.9 status=running
2026-07-02 01:16:47,507 INFO chronaris.pipelines.stage_i.public.deep_baseline_runtime: deep_train batch dataset=uab_workload_dataset model=chronaris_public_fusion track=objective group=n_back seed=42 fold=002/002 epoch=004/005 batch=040/205 loss=1.089911 elapsed_s=9.1 status=running
2026-07-02 01:16:47,786 INFO chronaris.pipelines.stage_i.public.deep_baseline_runtime: deep_train batch dataset=uab_workload_dataset model=chronaris_public_fusion track=objective group=n_back seed=42 fold=002/002 epoch=004/005 batch=060/205 loss=1.098236 elapsed_s=9.4 status=running
2026-07-02 01:16:48,067 INFO chronaris.pipelines.stage_i.public.deep_baseline_runtime: deep_train batch dataset=uab_workload_dataset model=chronaris_public_fusion track=objective group=n_back seed=42 fold=002/002 epoch=004/005 batch=080/205 loss=1.102057 elapsed_s=9.7 status=running
2026-07-02 01:16:48,342 INFO chronaris.pipelines.stage_i.public.deep_baseline_runtime: deep_train batch dataset=uab_workload_dataset model=chronaris_public_fusion track=objective group=n_back seed=42 fold=002/002 epoch=004/005 batch=100/205 loss=1.099897 elapsed_s=10.0 status=running
2026-07-02 01:16:48,623 INFO chronaris.pipelines.stage_i.public.deep_baseline_runtime: deep_train batch dataset=uab_workload_dataset model=chronaris_public_fusion track=objective group=n_back seed=42 fold=002/002 epoch=004/005 batch=120/205 loss=1.091234 elapsed_s=10.3 status=running
2026-07-02 01:16:48,899 INFO chronaris.pipelines.stage_i.public.deep_baseline_runtime: deep_train batch dataset=uab_workload_dataset model=chronaris_public_fusion track=objective group=n_back seed=42 fold=002/002 epoch=004/005 batch=140/205 loss=1.095485 elapsed_s=10.5 status=running
2026-07-02 01:16:49,175 INFO chronaris.pipelines.stage_i.public.deep_baseline_runtime: deep_train batch dataset=uab_workload_dataset model=chronaris_public_fusion track=objective group=n_back seed=42 fold=002/002 epoch=004/005 batch=160/205 loss=1.088153 elapsed_s=10.8 status=running
2026-07-02 01:16:49,445 INFO chronaris.pipelines.stage_i.public.deep_baseline_runtime: deep_train batch dataset=uab_workload_dataset model=chronaris_public_fusion track=objective group=n_back seed=42 fold=002/002 epoch=004/005 batch=180/205 loss=1.102516 elapsed_s=11.1 status=running
2026-07-02 01:16:49,721 INFO chronaris.pipelines.stage_i.public.deep_baseline_runtime: deep_train batch dataset=uab_workload_dataset model=chronaris_public_fusion track=objective group=n_back seed=42 fold=002/002 epoch=004/005 batch=200/205 loss=1.101201 elapsed_s=11.4 status=running
2026-07-02 01:16:49,790 INFO chronaris.pipelines.stage_i.public.deep_baseline_runtime: deep_train batch dataset=uab_workload_dataset model=chronaris_public_fusion track=objective group=n_back seed=42 fold=002/002 epoch=004/005 batch=205/205 loss=1.101364 elapsed_s=11.4 status=running
2026-07-02 01:16:49,793 INFO chronaris.pipelines.stage_i.public.deep_baseline_runtime: deep_train epoch_done dataset=uab_workload_dataset model=chronaris_public_fusion track=objective group=n_back seed=42 fold=002/002 epoch=004/005 train_loss=1.097336 elapsed_s=2.9
2026-07-02 01:16:49,831 INFO chronaris.pipelines.stage_i.public.deep_baseline_runtime: deep_train epoch_start dataset=uab_workload_dataset model=chronaris_public_fusion track=objective group=n_back seed=42 fold=002/002 epoch=005/005 batch_count=205
2026-07-02 01:16:49,852 INFO chronaris.pipelines.stage_i.public.deep_baseline_runtime: deep_train batch dataset=uab_workload_dataset model=chronaris_public_fusion track=objective group=n_back seed=42 fold=002/002 epoch=005/005 batch=001/205 loss=1.089214 elapsed_s=11.5 status=running
2026-07-02 01:16:50,110 INFO chronaris.pipelines.stage_i.public.deep_baseline_runtime: deep_train batch dataset=uab_workload_dataset model=chronaris_public_fusion track=objective group=n_back seed=42 fold=002/002 epoch=005/005 batch=020/205 loss=1.091587 elapsed_s=11.7 status=running
2026-07-02 01:16:50,385 INFO chronaris.pipelines.stage_i.public.deep_baseline_runtime: deep_train batch dataset=uab_workload_dataset model=chronaris_public_fusion track=objective group=n_back seed=42 fold=002/002 epoch=005/005 batch=040/205 loss=1.103240 elapsed_s=12.0 status=running
2026-07-02 01:16:50,660 INFO chronaris.pipelines.stage_i.public.deep_baseline_runtime: deep_train batch dataset=uab_workload_dataset model=chronaris_public_fusion track=objective group=n_back seed=42 fold=002/002 epoch=005/005 batch=060/205 loss=1.091118 elapsed_s=12.3 status=running
2026-07-02 01:16:50,932 INFO chronaris.pipelines.stage_i.public.deep_baseline_runtime: deep_train batch dataset=uab_workload_dataset model=chronaris_public_fusion track=objective group=n_back seed=42 fold=002/002 epoch=005/005 batch=080/205 loss=1.099224 elapsed_s=12.6 status=running
2026-07-02 01:16:51,213 INFO chronaris.pipelines.stage_i.public.deep_baseline_runtime: deep_train batch dataset=uab_workload_dataset model=chronaris_public_fusion track=objective group=n_back seed=42 fold=002/002 epoch=005/005 batch=100/205 loss=1.102727 elapsed_s=12.8 status=running
2026-07-02 01:16:51,484 INFO chronaris.pipelines.stage_i.public.deep_baseline_runtime: deep_train batch dataset=uab_workload_dataset model=chronaris_public_fusion track=objective group=n_back seed=42 fold=002/002 epoch=005/005 batch=120/205 loss=1.098943 elapsed_s=13.1 status=running
2026-07-02 01:16:51,750 INFO chronaris.pipelines.stage_i.public.deep_baseline_runtime: deep_train batch dataset=uab_workload_dataset model=chronaris_public_fusion track=objective group=n_back seed=42 fold=002/002 epoch=005/005 batch=140/205 loss=1.087539 elapsed_s=13.4 status=running
2026-07-02 01:16:52,022 INFO chronaris.pipelines.stage_i.public.deep_baseline_runtime: deep_train batch dataset=uab_workload_dataset model=chronaris_public_fusion track=objective group=n_back seed=42 fold=002/002 epoch=005/005 batch=160/205 loss=1.097430 elapsed_s=13.7 status=running
2026-07-02 01:16:52,291 INFO chronaris.pipelines.stage_i.public.deep_baseline_runtime: deep_train batch dataset=uab_workload_dataset model=chronaris_public_fusion track=objective group=n_back seed=42 fold=002/002 epoch=005/005 batch=180/205 loss=1.096430 elapsed_s=13.9 status=running
2026-07-02 01:16:52,564 INFO chronaris.pipelines.stage_i.public.deep_baseline_runtime: deep_train batch dataset=uab_workload_dataset model=chronaris_public_fusion track=objective group=n_back seed=42 fold=002/002 epoch=005/005 batch=200/205 loss=1.080866 elapsed_s=14.2 status=running
2026-07-02 01:16:52,632 INFO chronaris.pipelines.stage_i.public.deep_baseline_runtime: deep_train batch dataset=uab_workload_dataset model=chronaris_public_fusion track=objective group=n_back seed=42 fold=002/002 epoch=005/005 batch=205/205 loss=1.112313 elapsed_s=14.3 status=running
2026-07-02 01:16:52,635 INFO chronaris.pipelines.stage_i.public.deep_baseline_runtime: deep_train epoch_done dataset=uab_workload_dataset model=chronaris_public_fusion track=objective group=n_back seed=42 fold=002/002 epoch=005/005 train_loss=1.096763 elapsed_s=2.8
2026-07-02 01:16:52,672 INFO chronaris.pipelines.stage_i.public.deep_baseline_runtime: deep_train fold_done dataset=uab_workload_dataset model=chronaris_public_fusion track=objective group=n_back seed=42 fold=002/002 elapsed_s=14.3
2026-07-02 01:16:55,861 INFO chronaris.pipelines.stage_i.public.deep_baseline_runtime: deep_train fold_start dataset=uab_workload_dataset model=chronaris_public_fusion track=objective group=heat_the_chair seed=42 fold=001/002 split_group=subject_01 task=classification train_count=5116 epochs=5 batch_size=128
2026-07-02 01:16:55,864 INFO chronaris.pipelines.stage_i.public.deep_baseline_runtime: deep_train epoch_start dataset=uab_workload_dataset model=chronaris_public_fusion track=objective group=heat_the_chair seed=42 fold=001/002 epoch=001/005 batch_count=40
2026-07-02 01:16:55,885 INFO chronaris.pipelines.stage_i.public.deep_baseline_runtime: deep_train batch dataset=uab_workload_dataset model=chronaris_public_fusion track=objective group=heat_the_chair seed=42 fold=001/002 epoch=001/005 batch=001/040 loss=0.697430 elapsed_s=0.0 status=running
2026-07-02 01:16:56,141 INFO chronaris.pipelines.stage_i.public.deep_baseline_runtime: deep_train batch dataset=uab_workload_dataset model=chronaris_public_fusion track=objective group=heat_the_chair seed=42 fold=001/002 epoch=001/005 batch=020/040 loss=0.709094 elapsed_s=0.3 status=running
2026-07-02 01:16:56,409 INFO chronaris.pipelines.stage_i.public.deep_baseline_runtime: deep_train batch dataset=uab_workload_dataset model=chronaris_public_fusion track=objective group=heat_the_chair seed=42 fold=001/002 epoch=001/005 batch=040/040 loss=0.685693 elapsed_s=0.5 status=running
2026-07-02 01:16:56,413 INFO chronaris.pipelines.stage_i.public.deep_baseline_runtime: deep_train epoch_done dataset=uab_workload_dataset model=chronaris_public_fusion track=objective group=heat_the_chair seed=42 fold=001/002 epoch=001/005 train_loss=0.689350 elapsed_s=0.5
2026-07-02 01:16:56,447 INFO chronaris.pipelines.stage_i.public.deep_baseline_runtime: deep_train epoch_start dataset=uab_workload_dataset model=chronaris_public_fusion track=objective group=heat_the_chair seed=42 fold=001/002 epoch=002/005 batch_count=40
2026-07-02 01:16:56,464 INFO chronaris.pipelines.stage_i.public.deep_baseline_runtime: deep_train batch dataset=uab_workload_dataset model=chronaris_public_fusion track=objective group=heat_the_chair seed=42 fold=001/002 epoch=002/005 batch=001/040 loss=0.676795 elapsed_s=0.6 status=running
2026-07-02 01:16:56,724 INFO chronaris.pipelines.stage_i.public.deep_baseline_runtime: deep_train batch dataset=uab_workload_dataset model=chronaris_public_fusion track=objective group=heat_the_chair seed=42 fold=001/002 epoch=002/005 batch=020/040 loss=0.691582 elapsed_s=0.9 status=running
2026-07-02 01:16:56,998 INFO chronaris.pipelines.stage_i.public.deep_baseline_runtime: deep_train batch dataset=uab_workload_dataset model=chronaris_public_fusion track=objective group=heat_the_chair seed=42 fold=001/002 epoch=002/005 batch=040/040 loss=0.674049 elapsed_s=1.1 status=running
2026-07-02 01:16:57,001 INFO chronaris.pipelines.stage_i.public.deep_baseline_runtime: deep_train epoch_done dataset=uab_workload_dataset model=chronaris_public_fusion track=objective group=heat_the_chair seed=42 fold=001/002 epoch=002/005 train_loss=0.686900 elapsed_s=0.6
2026-07-02 01:16:57,038 INFO chronaris.pipelines.stage_i.public.deep_baseline_runtime: deep_train epoch_start dataset=uab_workload_dataset model=chronaris_public_fusion track=objective group=heat_the_chair seed=42 fold=001/002 epoch=003/005 batch_count=40
2026-07-02 01:16:57,058 INFO chronaris.pipelines.stage_i.public.deep_baseline_runtime: deep_train batch dataset=uab_workload_dataset model=chronaris_public_fusion track=objective group=heat_the_chair seed=42 fold=001/002 epoch=003/005 batch=001/040 loss=0.683904 elapsed_s=1.2 status=running
2026-07-02 01:16:57,308 INFO chronaris.pipelines.stage_i.public.deep_baseline_runtime: deep_train batch dataset=uab_workload_dataset model=chronaris_public_fusion track=objective group=heat_the_chair seed=42 fold=001/002 epoch=003/005 batch=020/040 loss=0.667938 elapsed_s=1.4 status=running
2026-07-02 01:16:57,588 INFO chronaris.pipelines.stage_i.public.deep_baseline_runtime: deep_train batch dataset=uab_workload_dataset model=chronaris_public_fusion track=objective group=heat_the_chair seed=42 fold=001/002 epoch=003/005 batch=040/040 loss=0.702673 elapsed_s=1.7 status=running
2026-07-02 01:16:57,591 INFO chronaris.pipelines.stage_i.public.deep_baseline_runtime: deep_train epoch_done dataset=uab_workload_dataset model=chronaris_public_fusion track=objective group=heat_the_chair seed=42 fold=001/002 epoch=003/005 train_loss=0.684132 elapsed_s=0.6
2026-07-02 01:16:57,634 INFO chronaris.pipelines.stage_i.public.deep_baseline_runtime: deep_train epoch_start dataset=uab_workload_dataset model=chronaris_public_fusion track=objective group=heat_the_chair seed=42 fold=001/002 epoch=004/005 batch_count=40
2026-07-02 01:16:57,651 INFO chronaris.pipelines.stage_i.public.deep_baseline_runtime: deep_train batch dataset=uab_workload_dataset model=chronaris_public_fusion track=objective group=heat_the_chair seed=42 fold=001/002 epoch=004/005 batch=001/040 loss=0.673049 elapsed_s=1.8 status=running
2026-07-02 01:16:57,904 INFO chronaris.pipelines.stage_i.public.deep_baseline_runtime: deep_train batch dataset=uab_workload_dataset model=chronaris_public_fusion track=objective group=heat_the_chair seed=42 fold=001/002 epoch=004/005 batch=020/040 loss=0.687406 elapsed_s=2.0 status=running
2026-07-02 01:16:58,171 INFO chronaris.pipelines.stage_i.public.deep_baseline_runtime: deep_train batch dataset=uab_workload_dataset model=chronaris_public_fusion track=objective group=heat_the_chair seed=42 fold=001/002 epoch=004/005 batch=040/040 loss=0.704299 elapsed_s=2.3 status=running
2026-07-02 01:16:58,175 INFO chronaris.pipelines.stage_i.public.deep_baseline_runtime: deep_train epoch_done dataset=uab_workload_dataset model=chronaris_public_fusion track=objective group=heat_the_chair seed=42 fold=001/002 epoch=004/005 train_loss=0.686093 elapsed_s=0.5
2026-07-02 01:16:58,210 INFO chronaris.pipelines.stage_i.public.deep_baseline_runtime: deep_train epoch_start dataset=uab_workload_dataset model=chronaris_public_fusion track=objective group=heat_the_chair seed=42 fold=001/002 epoch=005/005 batch_count=40
2026-07-02 01:16:58,230 INFO chronaris.pipelines.stage_i.public.deep_baseline_runtime: deep_train batch dataset=uab_workload_dataset model=chronaris_public_fusion track=objective group=heat_the_chair seed=42 fold=001/002 epoch=005/005 batch=001/040 loss=0.682169 elapsed_s=2.4 status=running
2026-07-02 01:16:57,902 INFO chronaris.pipelines.stage_i.public.deep_baseline_runtime: deep_train batch dataset=uab_workload_dataset model=chronaris_public_fusion track=objective group=heat_the_chair seed=42 fold=001/002 epoch=005/005 batch=020/040 loss=0.676609 elapsed_s=2.6 status=running
2026-07-02 01:17:00,186 INFO chronaris.pipelines.stage_i.public.deep_baseline_runtime: deep_train batch dataset=uab_workload_dataset model=chronaris_public_fusion track=objective group=heat_the_chair seed=42 fold=001/002 epoch=005/005 batch=040/040 loss=0.692820 elapsed_s=2.9 status=running
2026-07-02 01:17:00,189 INFO chronaris.pipelines.stage_i.public.deep_baseline_runtime: deep_train epoch_done dataset=uab_workload_dataset model=chronaris_public_fusion track=objective group=heat_the_chair seed=42 fold=001/002 epoch=005/005 train_loss=0.684261 elapsed_s=0.5
2026-07-02 01:17:00,224 INFO chronaris.pipelines.stage_i.public.deep_baseline_runtime: deep_train fold_done dataset=uab_workload_dataset model=chronaris_public_fusion track=objective group=heat_the_chair seed=42 fold=001/002 elapsed_s=2.9
2026-07-02 01:17:01,823 INFO chronaris.pipelines.stage_i.public.deep_baseline_runtime: deep_train fold_start dataset=uab_workload_dataset model=chronaris_public_fusion track=objective group=heat_the_chair seed=42 fold=002/002 split_group=subject_02 task=classification train_count=5126 epochs=5 batch_size=128
2026-07-02 01:17:01,826 INFO chronaris.pipelines.stage_i.public.deep_baseline_runtime: deep_train epoch_start dataset=uab_workload_dataset model=chronaris_public_fusion track=objective group=heat_the_chair seed=42 fold=002/002 epoch=001/005 batch_count=41
2026-07-02 01:17:01,848 INFO chronaris.pipelines.stage_i.public.deep_baseline_runtime: deep_train batch dataset=uab_workload_dataset model=chronaris_public_fusion track=objective group=heat_the_chair seed=42 fold=002/002 epoch=001/005 batch=001/041 loss=0.703897 elapsed_s=0.0 status=running
2026-07-02 01:17:02,104 INFO chronaris.pipelines.stage_i.public.deep_baseline_runtime: deep_train batch dataset=uab_workload_dataset model=chronaris_public_fusion track=objective group=heat_the_chair seed=42 fold=002/002 epoch=001/005 batch=020/041 loss=0.730397 elapsed_s=0.3 status=running
2026-07-02 01:17:02,370 INFO chronaris.pipelines.stage_i.public.deep_baseline_runtime: deep_train batch dataset=uab_workload_dataset model=chronaris_public_fusion track=objective group=heat_the_chair seed=42 fold=002/002 epoch=001/005 batch=040/041 loss=0.685966 elapsed_s=0.5 status=running
2026-07-02 01:17:02,386 INFO chronaris.pipelines.stage_i.public.deep_baseline_runtime: deep_train batch dataset=uab_workload_dataset model=chronaris_public_fusion track=objective group=heat_the_chair seed=42 fold=002/002 epoch=001/005 batch=041/041 loss=0.648840 elapsed_s=0.6 status=running
2026-07-02 01:17:02,389 INFO chronaris.pipelines.stage_i.public.deep_baseline_runtime: deep_train epoch_done dataset=uab_workload_dataset model=chronaris_public_fusion track=objective group=heat_the_chair seed=42 fold=002/002 epoch=001/005 train_loss=0.692830 elapsed_s=0.6
2026-07-02 01:17:02,423 INFO chronaris.pipelines.stage_i.public.deep_baseline_runtime: deep_train epoch_start dataset=uab_workload_dataset model=chronaris_public_fusion track=objective group=heat_the_chair seed=42 fold=002/002 epoch=002/005 batch_count=41
2026-07-02 01:17:02,445 INFO chronaris.pipelines.stage_i.public.deep_baseline_runtime: deep_train batch dataset=uab_workload_dataset model=chronaris_public_fusion track=objective group=heat_the_chair seed=42 fold=002/002 epoch=002/005 batch=001/041 loss=0.684269 elapsed_s=0.6 status=running
2026-07-02 01:17:02,737 INFO chronaris.pipelines.stage_i.public.deep_baseline_runtime: deep_train batch dataset=uab_workload_dataset model=chronaris_public_fusion track=objective group=heat_the_chair seed=42 fold=002/002 epoch=002/005 batch=020/041 loss=0.679726 elapsed_s=0.9 status=running
2026-07-02 01:17:03,014 INFO chronaris.pipelines.stage_i.public.deep_baseline_runtime: deep_train batch dataset=uab_workload_dataset model=chronaris_public_fusion track=objective group=heat_the_chair seed=42 fold=002/002 epoch=002/005 batch=040/041 loss=0.696902 elapsed_s=1.2 status=running
2026-07-02 01:17:03,031 INFO chronaris.pipelines.stage_i.public.deep_baseline_runtime: deep_train batch dataset=uab_workload_dataset model=chronaris_public_fusion track=objective group=heat_the_chair seed=42 fold=002/002 epoch=002/005 batch=041/041 loss=0.631006 elapsed_s=1.2 status=running
2026-07-02 01:17:03,035 INFO chronaris.pipelines.stage_i.public.deep_baseline_runtime: deep_train epoch_done dataset=uab_workload_dataset model=chronaris_public_fusion track=objective group=heat_the_chair seed=42 fold=002/002 epoch=002/005 train_loss=0.684680 elapsed_s=0.6
2026-07-02 01:17:03,076 INFO chronaris.pipelines.stage_i.public.deep_baseline_runtime: deep_train epoch_start dataset=uab_workload_dataset model=chronaris_public_fusion track=objective group=heat_the_chair seed=42 fold=002/002 epoch=003/005 batch_count=41
2026-07-02 01:17:03,118 INFO chronaris.pipelines.stage_i.public.deep_baseline_runtime: deep_train batch dataset=uab_workload_dataset model=chronaris_public_fusion track=objective group=heat_the_chair seed=42 fold=002/002 epoch=003/005 batch=001/041 loss=0.666382 elapsed_s=1.3 status=running
2026-07-02 01:17:03,453 INFO chronaris.pipelines.stage_i.public.deep_baseline_runtime: deep_train batch dataset=uab_workload_dataset model=chronaris_public_fusion track=objective group=heat_the_chair seed=42 fold=002/002 epoch=003/005 batch=020/041 loss=0.652476 elapsed_s=1.6 status=running
2026-07-02 01:17:03,726 INFO chronaris.pipelines.stage_i.public.deep_baseline_runtime: deep_train batch dataset=uab_workload_dataset model=chronaris_public_fusion track=objective group=heat_the_chair seed=42 fold=002/002 epoch=003/005 batch=040/041 loss=0.681093 elapsed_s=1.9 status=running
2026-07-02 01:17:03,743 INFO chronaris.pipelines.stage_i.public.deep_baseline_runtime: deep_train batch dataset=uab_workload_dataset model=chronaris_public_fusion track=objective group=heat_the_chair seed=42 fold=002/002 epoch=003/005 batch=041/041 loss=0.728274 elapsed_s=1.9 status=running
2026-07-02 01:17:03,747 INFO chronaris.pipelines.stage_i.public.deep_baseline_runtime: deep_train epoch_done dataset=uab_workload_dataset model=chronaris_public_fusion track=objective group=heat_the_chair seed=42 fold=002/002 epoch=003/005 train_loss=0.685512 elapsed_s=0.7
2026-07-02 01:17:03,784 INFO chronaris.pipelines.stage_i.public.deep_baseline_runtime: deep_train epoch_start dataset=uab_workload_dataset model=chronaris_public_fusion track=objective group=heat_the_chair seed=42 fold=002/002 epoch=004/005 batch_count=41
2026-07-02 01:17:03,863 INFO chronaris.pipelines.stage_i.public.deep_baseline_runtime: deep_train batch dataset=uab_workload_dataset model=chronaris_public_fusion track=objective group=heat_the_chair seed=42 fold=002/002 epoch=004/005 batch=001/041 loss=0.675122 elapsed_s=2.0 status=running
2026-07-02 01:17:04,124 INFO chronaris.pipelines.stage_i.public.deep_baseline_runtime: deep_train batch dataset=uab_workload_dataset model=chronaris_public_fusion track=objective group=heat_the_chair seed=42 fold=002/002 epoch=004/005 batch=020/041 loss=0.678129 elapsed_s=2.3 status=running
2026-07-02 01:17:04,403 INFO chronaris.pipelines.stage_i.public.deep_baseline_runtime: deep_train batch dataset=uab_workload_dataset model=chronaris_public_fusion track=objective group=heat_the_chair seed=42 fold=002/002 epoch=004/005 batch=040/041 loss=0.696662 elapsed_s=2.6 status=running
2026-07-02 01:17:04,420 INFO chronaris.pipelines.stage_i.public.deep_baseline_runtime: deep_train batch dataset=uab_workload_dataset model=chronaris_public_fusion track=objective group=heat_the_chair seed=42 fold=002/002 epoch=004/005 batch=041/041 loss=0.803475 elapsed_s=2.6 status=running
2026-07-02 01:17:04,434 INFO chronaris.pipelines.stage_i.public.deep_baseline_runtime: deep_train epoch_done dataset=uab_workload_dataset model=chronaris_public_fusion track=objective group=heat_the_chair seed=42 fold=002/002 epoch=004/005 train_loss=0.686515 elapsed_s=0.6
2026-07-02 01:17:04,474 INFO chronaris.pipelines.stage_i.public.deep_baseline_runtime: deep_train epoch_start dataset=uab_workload_dataset model=chronaris_public_fusion track=objective group=heat_the_chair seed=42 fold=002/002 epoch=005/005 batch_count=41
2026-07-02 01:17:04,501 INFO chronaris.pipelines.stage_i.public.deep_baseline_runtime: deep_train batch dataset=uab_workload_dataset model=chronaris_public_fusion track=objective group=heat_the_chair seed=42 fold=002/002 epoch=005/005 batch=001/041 loss=0.685801 elapsed_s=2.7 status=running
2026-07-02 01:17:04,761 INFO chronaris.pipelines.stage_i.public.deep_baseline_runtime: deep_train batch dataset=uab_workload_dataset model=chronaris_public_fusion track=objective group=heat_the_chair seed=42 fold=002/002 epoch=005/005 batch=020/041 loss=0.665809 elapsed_s=2.9 status=running
2026-07-02 01:17:05,034 INFO chronaris.pipelines.stage_i.public.deep_baseline_runtime: deep_train batch dataset=uab_workload_dataset model=chronaris_public_fusion track=objective group=heat_the_chair seed=42 fold=002/002 epoch=005/005 batch=040/041 loss=0.690454 elapsed_s=3.2 status=running
2026-07-02 01:17:05,051 INFO chronaris.pipelines.stage_i.public.deep_baseline_runtime: deep_train batch dataset=uab_workload_dataset model=chronaris_public_fusion track=objective group=heat_the_chair seed=42 fold=002/002 epoch=005/005 batch=041/041 loss=0.657838 elapsed_s=3.2 status=running
2026-07-02 01:17:05,058 INFO chronaris.pipelines.stage_i.public.deep_baseline_runtime: deep_train epoch_done dataset=uab_workload_dataset model=chronaris_public_fusion track=objective group=heat_the_chair seed=42 fold=002/002 epoch=005/005 train_loss=0.684511 elapsed_s=0.6
2026-07-02 01:17:05,095 INFO chronaris.pipelines.stage_i.public.deep_baseline_runtime: deep_train fold_done dataset=uab_workload_dataset model=chronaris_public_fusion track=objective group=heat_the_chair seed=42 fold=002/002 elapsed_s=3.3
2026-07-02 01:17:07,848 INFO chronaris.pipelines.stage_i.public.deep_baseline_runtime: deep_train fold_start dataset=uab_workload_dataset model=chronaris_public_fusion track=subjective group=n_back seed=42 fold=001/002 split_group=subject_01 task=regression train_count=26164 epochs=5 batch_size=128
2026-07-02 01:17:07,851 INFO chronaris.pipelines.stage_i.public.deep_baseline_runtime: deep_train epoch_start dataset=uab_workload_dataset model=chronaris_public_fusion track=subjective group=n_back seed=42 fold=001/002 epoch=001/005 batch_count=205
2026-07-02 01:17:07,903 INFO chronaris.pipelines.stage_i.public.deep_baseline_runtime: deep_train batch dataset=uab_workload_dataset model=chronaris_public_fusion track=subjective group=n_back seed=42 fold=001/002 epoch=001/005 batch=001/205 loss=10.068518 elapsed_s=0.1 status=running
2026-07-02 01:17:08,296 INFO chronaris.pipelines.stage_i.public.deep_baseline_runtime: deep_train batch dataset=uab_workload_dataset model=chronaris_public_fusion track=subjective group=n_back seed=42 fold=001/002 epoch=001/005 batch=020/205 loss=3.198143 elapsed_s=0.4 status=running
2026-07-02 01:17:08,566 INFO chronaris.pipelines.stage_i.public.deep_baseline_runtime: deep_train batch dataset=uab_workload_dataset model=chronaris_public_fusion track=subjective group=n_back seed=42 fold=001/002 epoch=001/005 batch=040/205 loss=3.453130 elapsed_s=0.7 status=running
2026-07-02 01:17:08,839 INFO chronaris.pipelines.stage_i.public.deep_baseline_runtime: deep_train batch dataset=uab_workload_dataset model=chronaris_public_fusion track=subjective group=n_back seed=42 fold=001/002 epoch=001/005 batch=060/205 loss=3.016126 elapsed_s=1.0 status=running
2026-07-02 01:17:09,108 INFO chronaris.pipelines.stage_i.public.deep_baseline_runtime: deep_train batch dataset=uab_workload_dataset model=chronaris_public_fusion track=subjective group=n_back seed=42 fold=001/002 epoch=001/005 batch=080/205 loss=3.558884 elapsed_s=1.3 status=running
2026-07-02 01:17:09,387 INFO chronaris.pipelines.stage_i.public.deep_baseline_runtime: deep_train batch dataset=uab_workload_dataset model=chronaris_public_fusion track=subjective group=n_back seed=42 fold=001/002 epoch=001/005 batch=100/205 loss=3.262518 elapsed_s=1.5 status=running
2026-07-02 01:17:09,663 INFO chronaris.pipelines.stage_i.public.deep_baseline_runtime: deep_train batch dataset=uab_workload_dataset model=chronaris_public_fusion track=subjective group=n_back seed=42 fold=001/002 epoch=001/005 batch=120/205 loss=3.334688 elapsed_s=1.8 status=running
2026-07-02 01:17:09,929 INFO chronaris.pipelines.stage_i.public.deep_baseline_runtime: deep_train batch dataset=uab_workload_dataset model=chronaris_public_fusion track=subjective group=n_back seed=42 fold=001/002 epoch=001/005 batch=140/205 loss=3.244212 elapsed_s=2.1 status=running
2026-07-02 01:17:10,200 INFO chronaris.pipelines.stage_i.public.deep_baseline_runtime: deep_train batch dataset=uab_workload_dataset model=chronaris_public_fusion track=subjective group=n_back seed=42 fold=001/002 epoch=001/005 batch=160/205 loss=3.271850 elapsed_s=2.3 status=running
2026-07-02 01:17:10,466 INFO chronaris.pipelines.stage_i.public.deep_baseline_runtime: deep_train batch dataset=uab_workload_dataset model=chronaris_public_fusion track=subjective group=n_back seed=42 fold=001/002 epoch=001/005 batch=180/205 loss=3.321030 elapsed_s=2.6 status=running
2026-07-02 01:17:10,734 INFO chronaris.pipelines.stage_i.public.deep_baseline_runtime: deep_train batch dataset=uab_workload_dataset model=chronaris_public_fusion track=subjective group=n_back seed=42 fold=001/002 epoch=001/005 batch=200/205 loss=3.048818 elapsed_s=2.9 status=running
2026-07-02 01:17:10,803 INFO chronaris.pipelines.stage_i.public.deep_baseline_runtime: deep_train batch dataset=uab_workload_dataset model=chronaris_public_fusion track=subjective group=n_back seed=42 fold=001/002 epoch=001/005 batch=205/205 loss=4.068709 elapsed_s=3.0 status=running
2026-07-02 01:17:10,807 INFO chronaris.pipelines.stage_i.public.deep_baseline_runtime: deep_train epoch_done dataset=uab_workload_dataset model=chronaris_public_fusion track=subjective group=n_back seed=42 fold=001/002 epoch=001/005 train_loss=3.395598 elapsed_s=3.0
2026-07-02 01:17:10,842 INFO chronaris.pipelines.stage_i.public.deep_baseline_runtime: deep_train epoch_start dataset=uab_workload_dataset model=chronaris_public_fusion track=subjective group=n_back seed=42 fold=001/002 epoch=002/005 batch_count=205
2026-07-02 01:17:10,860 INFO chronaris.pipelines.stage_i.public.deep_baseline_runtime: deep_train batch dataset=uab_workload_dataset model=chronaris_public_fusion track=subjective group=n_back seed=42 fold=001/002 epoch=002/005 batch=001/205 loss=3.083304 elapsed_s=3.0 status=running
2026-07-02 01:17:11,119 INFO chronaris.pipelines.stage_i.public.deep_baseline_runtime: deep_train batch dataset=uab_workload_dataset model=chronaris_public_fusion track=subjective group=n_back seed=42 fold=001/002 epoch=002/005 batch=020/205 loss=2.868443 elapsed_s=3.3 status=running
2026-07-02 01:17:11,392 INFO chronaris.pipelines.stage_i.public.deep_baseline_runtime: deep_train batch dataset=uab_workload_dataset model=chronaris_public_fusion track=subjective group=n_back seed=42 fold=001/002 epoch=002/005 batch=040/205 loss=3.095506 elapsed_s=3.5 status=running
2026-07-02 01:17:11,663 INFO chronaris.pipelines.stage_i.public.deep_baseline_runtime: deep_train batch dataset=uab_workload_dataset model=chronaris_public_fusion track=subjective group=n_back seed=42 fold=001/002 epoch=002/005 batch=060/205 loss=3.395817 elapsed_s=3.8 status=running
2026-07-02 01:17:11,941 INFO chronaris.pipelines.stage_i.public.deep_baseline_runtime: deep_train batch dataset=uab_workload_dataset model=chronaris_public_fusion track=subjective group=n_back seed=42 fold=001/002 epoch=002/005 batch=080/205 loss=3.150818 elapsed_s=4.1 status=running
2026-07-02 01:17:12,213 INFO chronaris.pipelines.stage_i.public.deep_baseline_runtime: deep_train batch dataset=uab_workload_dataset model=chronaris_public_fusion track=subjective group=n_back seed=42 fold=001/002 epoch=002/005 batch=100/205 loss=3.000892 elapsed_s=4.4 status=running
2026-07-02 01:17:12,489 INFO chronaris.pipelines.stage_i.public.deep_baseline_runtime: deep_train batch dataset=uab_workload_dataset model=chronaris_public_fusion track=subjective group=n_back seed=42 fold=001/002 epoch=002/005 batch=120/205 loss=2.905399 elapsed_s=4.6 status=running
2026-07-02 01:17:12,760 INFO chronaris.pipelines.stage_i.public.deep_baseline_runtime: deep_train batch dataset=uab_workload_dataset model=chronaris_public_fusion track=subjective group=n_back seed=42 fold=001/002 epoch=002/005 batch=140/205 loss=2.696131 elapsed_s=4.9 status=running
2026-07-02 01:17:13,032 INFO chronaris.pipelines.stage_i.public.deep_baseline_runtime: deep_train batch dataset=uab_workload_dataset model=chronaris_public_fusion track=subjective group=n_back seed=42 fold=001/002 epoch=002/005 batch=160/205 loss=2.721110 elapsed_s=5.2 status=running
2026-07-02 01:17:13,299 INFO chronaris.pipelines.stage_i.public.deep_baseline_runtime: deep_train batch dataset=uab_workload_dataset model=chronaris_public_fusion track=subjective group=n_back seed=42 fold=001/002 epoch=002/005 batch=180/205 loss=2.873988 elapsed_s=5.4 status=running
2026-07-02 01:17:13,574 INFO chronaris.pipelines.stage_i.public.deep_baseline_runtime: deep_train batch dataset=uab_workload_dataset model=chronaris_public_fusion track=subjective group=n_back seed=42 fold=001/002 epoch=002/005 batch=200/205 loss=3.140744 elapsed_s=5.7 status=running
2026-07-02 01:17:13,643 INFO chronaris.pipelines.stage_i.public.deep_baseline_runtime: deep_train batch dataset=uab_workload_dataset model=chronaris_public_fusion track=subjective group=n_back seed=42 fold=001/002 epoch=002/005 batch=205/205 loss=3.155015 elapsed_s=5.8 status=running
2026-07-02 01:17:13,647 INFO chronaris.pipelines.stage_i.public.deep_baseline_runtime: deep_train epoch_done dataset=uab_workload_dataset model=chronaris_public_fusion track=subjective group=n_back seed=42 fold=001/002 epoch=002/005 train_loss=3.081948 elapsed_s=2.8
2026-07-02 01:17:13,684 INFO chronaris.pipelines.stage_i.public.deep_baseline_runtime: deep_train epoch_start dataset=uab_workload_dataset model=chronaris_public_fusion track=subjective group=n_back seed=42 fold=001/002 epoch=003/005 batch_count=205
2026-07-02 01:17:13,703 INFO chronaris.pipelines.stage_i.public.deep_baseline_runtime: deep_train batch dataset=uab_workload_dataset model=chronaris_public_fusion track=subjective group=n_back seed=42 fold=001/002 epoch=003/005 batch=001/205 loss=2.851844 elapsed_s=5.9 status=running
2026-07-02 01:17:13,960 INFO chronaris.pipelines.stage_i.public.deep_baseline_runtime: deep_train batch dataset=uab_workload_dataset model=chronaris_public_fusion track=subjective group=n_back seed=42 fold=001/002 epoch=003/005 batch=020/205 loss=3.543488 elapsed_s=6.1 status=running
2026-07-02 01:17:14,232 INFO chronaris.pipelines.stage_i.public.deep_baseline_runtime: deep_train batch dataset=uab_workload_dataset model=chronaris_public_fusion track=subjective group=n_back seed=42 fold=001/002 epoch=003/005 batch=040/205 loss=2.858589 elapsed_s=6.4 status=running
2026-07-02 01:17:14,505 INFO chronaris.pipelines.stage_i.public.deep_baseline_runtime: deep_train batch dataset=uab_workload_dataset model=chronaris_public_fusion track=subjective group=n_back seed=42 fold=001/002 epoch=003/005 batch=060/205 loss=3.158322 elapsed_s=6.7 status=running
2026-07-02 01:17:14,790 INFO chronaris.pipelines.stage_i.public.deep_baseline_runtime: deep_train batch dataset=uab_workload_dataset model=chronaris_public_fusion track=subjective group=n_back seed=42 fold=001/002 epoch=003/005 batch=080/205 loss=3.337992 elapsed_s=6.9 status=running
2026-07-02 01:17:15,055 INFO chronaris.pipelines.stage_i.public.deep_baseline_runtime: deep_train batch dataset=uab_workload_dataset model=chronaris_public_fusion track=subjective group=n_back seed=42 fold=001/002 epoch=003/005 batch=100/205 loss=2.889673 elapsed_s=7.2 status=running
2026-07-02 01:17:15,328 INFO chronaris.pipelines.stage_i.public.deep_baseline_runtime: deep_train batch dataset=uab_workload_dataset model=chronaris_public_fusion track=subjective group=n_back seed=42 fold=001/002 epoch=003/005 batch=120/205 loss=3.021435 elapsed_s=7.5 status=running
2026-07-02 01:17:15,605 INFO chronaris.pipelines.stage_i.public.deep_baseline_runtime: deep_train batch dataset=uab_workload_dataset model=chronaris_public_fusion track=subjective group=n_back seed=42 fold=001/002 epoch=003/005 batch=140/205 loss=2.903759 elapsed_s=7.8 status=running
2026-07-02 01:17:15,873 INFO chronaris.pipelines.stage_i.public.deep_baseline_runtime: deep_train batch dataset=uab_workload_dataset model=chronaris_public_fusion track=subjective group=n_back seed=42 fold=001/002 epoch=003/005 batch=160/205 loss=3.281912 elapsed_s=8.0 status=running
2026-07-02 01:17:16,140 INFO chronaris.pipelines.stage_i.public.deep_baseline_runtime: deep_train batch dataset=uab_workload_dataset model=chronaris_public_fusion track=subjective group=n_back seed=42 fold=001/002 epoch=003/005 batch=180/205 loss=3.193714 elapsed_s=8.3 status=running
2026-07-02 01:17:16,413 INFO chronaris.pipelines.stage_i.public.deep_baseline_runtime: deep_train batch dataset=uab_workload_dataset model=chronaris_public_fusion track=subjective group=n_back seed=42 fold=001/002 epoch=003/005 batch=200/205 loss=2.948838 elapsed_s=8.6 status=running
2026-07-02 01:17:16,484 INFO chronaris.pipelines.stage_i.public.deep_baseline_runtime: deep_train batch dataset=uab_workload_dataset model=chronaris_public_fusion track=subjective group=n_back seed=42 fold=001/002 epoch=003/005 batch=205/205 loss=3.229782 elapsed_s=8.6 status=running
2026-07-02 01:17:16,488 INFO chronaris.pipelines.stage_i.public.deep_baseline_runtime: deep_train epoch_done dataset=uab_workload_dataset model=chronaris_public_fusion track=subjective group=n_back seed=42 fold=001/002 epoch=003/005 train_loss=3.041719 elapsed_s=2.8
2026-07-02 01:17:16,527 INFO chronaris.pipelines.stage_i.public.deep_baseline_runtime: deep_train epoch_start dataset=uab_workload_dataset model=chronaris_public_fusion track=subjective group=n_back seed=42 fold=001/002 epoch=004/005 batch_count=205
2026-07-02 01:17:16,548 INFO chronaris.pipelines.stage_i.public.deep_baseline_runtime: deep_train batch dataset=uab_workload_dataset model=chronaris_public_fusion track=subjective group=n_back seed=42 fold=001/002 epoch=004/005 batch=001/205 loss=2.833802 elapsed_s=8.7 status=running
2026-07-02 01:17:16,808 INFO chronaris.pipelines.stage_i.public.deep_baseline_runtime: deep_train batch dataset=uab_workload_dataset model=chronaris_public_fusion track=subjective group=n_back seed=42 fold=001/002 epoch=004/005 batch=020/205 loss=2.959612 elapsed_s=9.0 status=running
2026-07-02 01:17:17,113 INFO chronaris.pipelines.stage_i.public.deep_baseline_runtime: deep_train batch dataset=uab_workload_dataset model=chronaris_public_fusion track=subjective group=n_back seed=42 fold=001/002 epoch=004/005 batch=040/205 loss=3.012578 elapsed_s=9.3 status=running
2026-07-02 01:17:17,383 INFO chronaris.pipelines.stage_i.public.deep_baseline_runtime: deep_train batch dataset=uab_workload_dataset model=chronaris_public_fusion track=subjective group=n_back seed=42 fold=001/002 epoch=004/005 batch=060/205 loss=2.826152 elapsed_s=9.5 status=running
2026-07-02 01:17:17,662 INFO chronaris.pipelines.stage_i.public.deep_baseline_runtime: deep_train batch dataset=uab_workload_dataset model=chronaris_public_fusion track=subjective group=n_back seed=42 fold=001/002 epoch=004/005 batch=080/205 loss=3.274440 elapsed_s=9.8 status=running
2026-07-02 01:17:17,929 INFO chronaris.pipelines.stage_i.public.deep_baseline_runtime: deep_train batch dataset=uab_workload_dataset model=chronaris_public_fusion track=subjective group=n_back seed=42 fold=001/002 epoch=004/005 batch=100/205 loss=3.034630 elapsed_s=10.1 status=running
2026-07-02 01:17:18,201 INFO chronaris.pipelines.stage_i.public.deep_baseline_runtime: deep_train batch dataset=uab_workload_dataset model=chronaris_public_fusion track=subjective group=n_back seed=42 fold=001/002 epoch=004/005 batch=120/205 loss=3.542988 elapsed_s=10.3 status=running
2026-07-02 01:17:18,471 INFO chronaris.pipelines.stage_i.public.deep_baseline_runtime: deep_train batch dataset=uab_workload_dataset model=chronaris_public_fusion track=subjective group=n_back seed=42 fold=001/002 epoch=004/005 batch=140/205 loss=3.165632 elapsed_s=10.6 status=running
2026-07-02 01:17:18,735 INFO chronaris.pipelines.stage_i.public.deep_baseline_runtime: deep_train batch dataset=uab_workload_dataset model=chronaris_public_fusion track=subjective group=n_back seed=42 fold=001/002 epoch=004/005 batch=160/205 loss=2.883756 elapsed_s=10.9 status=running
2026-07-02 01:17:19,004 INFO chronaris.pipelines.stage_i.public.deep_baseline_runtime: deep_train batch dataset=uab_workload_dataset model=chronaris_public_fusion track=subjective group=n_back seed=42 fold=001/002 epoch=004/005 batch=180/205 loss=3.395155 elapsed_s=11.2 status=running
2026-07-02 01:17:19,271 INFO chronaris.pipelines.stage_i.public.deep_baseline_runtime: deep_train batch dataset=uab_workload_dataset model=chronaris_public_fusion track=subjective group=n_back seed=42 fold=001/002 epoch=004/005 batch=200/205 loss=2.504712 elapsed_s=11.4 status=running
2026-07-02 01:17:19,342 INFO chronaris.pipelines.stage_i.public.deep_baseline_runtime: deep_train batch dataset=uab_workload_dataset model=chronaris_public_fusion track=subjective group=n_back seed=42 fold=001/002 epoch=004/005 batch=205/205 loss=2.911191 elapsed_s=11.5 status=running
2026-07-02 01:17:19,346 INFO chronaris.pipelines.stage_i.public.deep_baseline_runtime: deep_train epoch_done dataset=uab_workload_dataset model=chronaris_public_fusion track=subjective group=n_back seed=42 fold=001/002 epoch=004/005 train_loss=3.035504 elapsed_s=2.8
2026-07-02 01:17:19,383 INFO chronaris.pipelines.stage_i.public.deep_baseline_runtime: deep_train epoch_start dataset=uab_workload_dataset model=chronaris_public_fusion track=subjective group=n_back seed=42 fold=001/002 epoch=005/005 batch_count=205
2026-07-02 01:17:19,404 INFO chronaris.pipelines.stage_i.public.deep_baseline_runtime: deep_train batch dataset=uab_workload_dataset model=chronaris_public_fusion track=subjective group=n_back seed=42 fold=001/002 epoch=005/005 batch=001/205 loss=3.089647 elapsed_s=11.6 status=running
2026-07-02 01:17:19,667 INFO chronaris.pipelines.stage_i.public.deep_baseline_runtime: deep_train batch dataset=uab_workload_dataset model=chronaris_public_fusion track=subjective group=n_back seed=42 fold=001/002 epoch=005/005 batch=020/205 loss=2.627295 elapsed_s=11.8 status=running
2026-07-02 01:17:19,939 INFO chronaris.pipelines.stage_i.public.deep_baseline_runtime: deep_train batch dataset=uab_workload_dataset model=chronaris_public_fusion track=subjective group=n_back seed=42 fold=001/002 epoch=005/005 batch=040/205 loss=3.518144 elapsed_s=12.1 status=running
2026-07-02 01:17:20,208 INFO chronaris.pipelines.stage_i.public.deep_baseline_runtime: deep_train batch dataset=uab_workload_dataset model=chronaris_public_fusion track=subjective group=n_back seed=42 fold=001/002 epoch=005/005 batch=060/205 loss=2.852790 elapsed_s=12.4 status=running
2026-07-02 01:17:20,477 INFO chronaris.pipelines.stage_i.public.deep_baseline_runtime: deep_train batch dataset=uab_workload_dataset model=chronaris_public_fusion track=subjective group=n_back seed=42 fold=001/002 epoch=005/005 batch=080/205 loss=2.865767 elapsed_s=12.6 status=running
2026-07-02 01:17:20,749 INFO chronaris.pipelines.stage_i.public.deep_baseline_runtime: deep_train batch dataset=uab_workload_dataset model=chronaris_public_fusion track=subjective group=n_back seed=42 fold=001/002 epoch=005/005 batch=100/205 loss=3.133042 elapsed_s=12.9 status=running
2026-07-02 01:17:21,025 INFO chronaris.pipelines.stage_i.public.deep_baseline_runtime: deep_train batch dataset=uab_workload_dataset model=chronaris_public_fusion track=subjective group=n_back seed=42 fold=001/002 epoch=005/005 batch=120/205 loss=2.922802 elapsed_s=13.2 status=running
2026-07-02 01:17:21,296 INFO chronaris.pipelines.stage_i.public.deep_baseline_runtime: deep_train batch dataset=uab_workload_dataset model=chronaris_public_fusion track=subjective group=n_back seed=42 fold=001/002 epoch=005/005 batch=140/205 loss=2.835843 elapsed_s=13.4 status=running
2026-07-02 01:17:21,566 INFO chronaris.pipelines.stage_i.public.deep_baseline_runtime: deep_train batch dataset=uab_workload_dataset model=chronaris_public_fusion track=subjective group=n_back seed=42 fold=001/002 epoch=005/005 batch=160/205 loss=2.899447 elapsed_s=13.7 status=running
2026-07-02 01:17:21,843 INFO chronaris.pipelines.stage_i.public.deep_baseline_runtime: deep_train batch dataset=uab_workload_dataset model=chronaris_public_fusion track=subjective group=n_back seed=42 fold=001/002 epoch=005/005 batch=180/205 loss=3.077617 elapsed_s=14.0 status=running
2026-07-02 01:17:22,106 INFO chronaris.pipelines.stage_i.public.deep_baseline_runtime: deep_train batch dataset=uab_workload_dataset model=chronaris_public_fusion track=subjective group=n_back seed=42 fold=001/002 epoch=005/005 batch=200/205 loss=2.892489 elapsed_s=14.3 status=running
2026-07-02 01:17:22,176 INFO chronaris.pipelines.stage_i.public.deep_baseline_runtime: deep_train batch dataset=uab_workload_dataset model=chronaris_public_fusion track=subjective group=n_back seed=42 fold=001/002 epoch=005/005 batch=205/205 loss=2.706849 elapsed_s=14.3 status=running
2026-07-02 01:17:22,180 INFO chronaris.pipelines.stage_i.public.deep_baseline_runtime: deep_train epoch_done dataset=uab_workload_dataset model=chronaris_public_fusion track=subjective group=n_back seed=42 fold=001/002 epoch=005/005 train_loss=3.002735 elapsed_s=2.8
2026-07-02 01:17:22,217 INFO chronaris.pipelines.stage_i.public.deep_baseline_runtime: deep_train fold_done dataset=uab_workload_dataset model=chronaris_public_fusion track=subjective group=n_back seed=42 fold=001/002 elapsed_s=14.4
2026-07-02 01:17:25,880 INFO chronaris.pipelines.stage_i.public.deep_baseline_runtime: deep_train fold_start dataset=uab_workload_dataset model=chronaris_public_fusion track=subjective group=n_back seed=42 fold=002/002 split_group=subject_02 task=regression train_count=26176 epochs=5 batch_size=128
2026-07-02 01:17:25,885 INFO chronaris.pipelines.stage_i.public.deep_baseline_runtime: deep_train epoch_start dataset=uab_workload_dataset model=chronaris_public_fusion track=subjective group=n_back seed=42 fold=002/002 epoch=001/005 batch_count=205
2026-07-02 01:17:25,929 INFO chronaris.pipelines.stage_i.public.deep_baseline_runtime: deep_train batch dataset=uab_workload_dataset model=chronaris_public_fusion track=subjective group=n_back seed=42 fold=002/002 epoch=001/005 batch=001/205 loss=9.359886 elapsed_s=0.0 status=running
2026-07-02 01:17:26,366 INFO chronaris.pipelines.stage_i.public.deep_baseline_runtime: deep_train batch dataset=uab_workload_dataset model=chronaris_public_fusion track=subjective group=n_back seed=42 fold=002/002 epoch=001/005 batch=020/205 loss=3.094309 elapsed_s=0.5 status=running
2026-07-02 01:17:26,657 INFO chronaris.pipelines.stage_i.public.deep_baseline_runtime: deep_train batch dataset=uab_workload_dataset model=chronaris_public_fusion track=subjective group=n_back seed=42 fold=002/002 epoch=001/005 batch=040/205 loss=2.894686 elapsed_s=0.8 status=running
2026-07-02 01:17:27,017 INFO chronaris.pipelines.stage_i.public.deep_baseline_runtime: deep_train batch dataset=uab_workload_dataset model=chronaris_public_fusion track=subjective group=n_back seed=42 fold=002/002 epoch=001/005 batch=060/205 loss=3.313813 elapsed_s=1.1 status=running
2026-07-02 01:17:27,284 INFO chronaris.pipelines.stage_i.public.deep_baseline_runtime: deep_train batch dataset=uab_workload_dataset model=chronaris_public_fusion track=subjective group=n_back seed=42 fold=002/002 epoch=001/005 batch=080/205 loss=3.330315 elapsed_s=1.4 status=running
2026-07-02 01:17:27,586 INFO chronaris.pipelines.stage_i.public.deep_baseline_runtime: deep_train batch dataset=uab_workload_dataset model=chronaris_public_fusion track=subjective group=n_back seed=42 fold=002/002 epoch=001/005 batch=100/205 loss=3.224092 elapsed_s=1.7 status=running
2026-07-02 01:17:27,859 INFO chronaris.pipelines.stage_i.public.deep_baseline_runtime: deep_train batch dataset=uab_workload_dataset model=chronaris_public_fusion track=subjective group=n_back seed=42 fold=002/002 epoch=001/005 batch=120/205 loss=3.508502 elapsed_s=2.0 status=running
2026-07-02 01:17:28,136 INFO chronaris.pipelines.stage_i.public.deep_baseline_runtime: deep_train batch dataset=uab_workload_dataset model=chronaris_public_fusion track=subjective group=n_back seed=42 fold=002/002 epoch=001/005 batch=140/205 loss=3.116012 elapsed_s=2.3 status=running
2026-07-02 01:17:28,410 INFO chronaris.pipelines.stage_i.public.deep_baseline_runtime: deep_train batch dataset=uab_workload_dataset model=chronaris_public_fusion track=subjective group=n_back seed=42 fold=002/002 epoch=001/005 batch=160/205 loss=3.108226 elapsed_s=2.5 status=running
2026-07-02 01:17:28,677 INFO chronaris.pipelines.stage_i.public.deep_baseline_runtime: deep_train batch dataset=uab_workload_dataset model=chronaris_public_fusion track=subjective group=n_back seed=42 fold=002/002 epoch=001/005 batch=180/205 loss=3.218344 elapsed_s=2.8 status=running
2026-07-02 01:17:28,945 INFO chronaris.pipelines.stage_i.public.deep_baseline_runtime: deep_train batch dataset=uab_workload_dataset model=chronaris_public_fusion track=subjective group=n_back seed=42 fold=002/002 epoch=001/005 batch=200/205 loss=3.009191 elapsed_s=3.1 status=running
2026-07-02 01:17:29,016 INFO chronaris.pipelines.stage_i.public.deep_baseline_runtime: deep_train batch dataset=uab_workload_dataset model=chronaris_public_fusion track=subjective group=n_back seed=42 fold=002/002 epoch=001/005 batch=205/205 loss=3.241497 elapsed_s=3.1 status=running
2026-07-02 01:17:29,021 INFO chronaris.pipelines.stage_i.public.deep_baseline_runtime: deep_train epoch_done dataset=uab_workload_dataset model=chronaris_public_fusion track=subjective group=n_back seed=42 fold=002/002 epoch=001/005 train_loss=3.351410 elapsed_s=3.1
2026-07-02 01:17:29,057 INFO chronaris.pipelines.stage_i.public.deep_baseline_runtime: deep_train epoch_start dataset=uab_workload_dataset model=chronaris_public_fusion track=subjective group=n_back seed=42 fold=002/002 epoch=002/005 batch_count=205
2026-07-02 01:17:29,073 INFO chronaris.pipelines.stage_i.public.deep_baseline_runtime: deep_train batch dataset=uab_workload_dataset model=chronaris_public_fusion track=subjective group=n_back seed=42 fold=002/002 epoch=002/005 batch=001/205 loss=2.894838 elapsed_s=3.2 status=running
2026-07-02 01:17:29,323 INFO chronaris.pipelines.stage_i.public.deep_baseline_runtime: deep_train batch dataset=uab_workload_dataset model=chronaris_public_fusion track=subjective group=n_back seed=42 fold=002/002 epoch=002/005 batch=020/205 loss=2.939175 elapsed_s=3.4 status=running
2026-07-02 01:17:29,588 INFO chronaris.pipelines.stage_i.public.deep_baseline_runtime: deep_train batch dataset=uab_workload_dataset model=chronaris_public_fusion track=subjective group=n_back seed=42 fold=002/002 epoch=002/005 batch=040/205 loss=2.845184 elapsed_s=3.7 status=running
2026-07-02 01:17:29,854 INFO chronaris.pipelines.stage_i.public.deep_baseline_runtime: deep_train batch dataset=uab_workload_dataset model=chronaris_public_fusion track=subjective group=n_back seed=42 fold=002/002 epoch=002/005 batch=060/205 loss=3.141722 elapsed_s=4.0 status=running
2026-07-02 01:17:33,288 INFO chronaris.pipelines.stage_i.public.deep_baseline_runtime: deep_train batch dataset=uab_workload_dataset model=chronaris_public_fusion track=subjective group=n_back seed=42 fold=002/002 epoch=002/005 batch=080/205 loss=3.361416 elapsed_s=4.2 status=running
2026-07-02 01:17:33,556 INFO chronaris.pipelines.stage_i.public.deep_baseline_runtime: deep_train batch dataset=uab_workload_dataset model=chronaris_public_fusion track=subjective group=n_back seed=42 fold=002/002 epoch=002/005 batch=100/205 loss=2.909923 elapsed_s=4.5 status=running
2026-07-02 01:17:33,819 INFO chronaris.pipelines.stage_i.public.deep_baseline_runtime: deep_train batch dataset=uab_workload_dataset model=chronaris_public_fusion track=subjective group=n_back seed=42 fold=002/002 epoch=002/005 batch=120/205 loss=2.786854 elapsed_s=4.8 status=running
2026-07-02 01:17:34,090 INFO chronaris.pipelines.stage_i.public.deep_baseline_runtime: deep_train batch dataset=uab_workload_dataset model=chronaris_public_fusion track=subjective group=n_back seed=42 fold=002/002 epoch=002/005 batch=140/205 loss=2.971392 elapsed_s=5.0 status=running
2026-07-02 01:17:34,374 INFO chronaris.pipelines.stage_i.public.deep_baseline_runtime: deep_train batch dataset=uab_workload_dataset model=chronaris_public_fusion track=subjective group=n_back seed=42 fold=002/002 epoch=002/005 batch=160/205 loss=2.806206 elapsed_s=5.3 status=running
2026-07-02 01:17:34,649 INFO chronaris.pipelines.stage_i.public.deep_baseline_runtime: deep_train batch dataset=uab_workload_dataset model=chronaris_public_fusion track=subjective group=n_back seed=42 fold=002/002 epoch=002/005 batch=180/205 loss=2.933247 elapsed_s=5.6 status=running
2026-07-02 01:17:34,928 INFO chronaris.pipelines.stage_i.public.deep_baseline_runtime: deep_train batch dataset=uab_workload_dataset model=chronaris_public_fusion track=subjective group=n_back seed=42 fold=002/002 epoch=002/005 batch=200/205 loss=3.308733 elapsed_s=5.9 status=running
2026-07-02 01:17:35,004 INFO chronaris.pipelines.stage_i.public.deep_baseline_runtime: deep_train batch dataset=uab_workload_dataset model=chronaris_public_fusion track=subjective group=n_back seed=42 fold=002/002 epoch=002/005 batch=205/205 loss=3.479063 elapsed_s=6.0 status=running
2026-07-02 01:17:35,008 INFO chronaris.pipelines.stage_i.public.deep_baseline_runtime: deep_train epoch_done dataset=uab_workload_dataset model=chronaris_public_fusion track=subjective group=n_back seed=42 fold=002/002 epoch=002/005 train_loss=3.077236 elapsed_s=2.8
2026-07-02 01:17:35,048 INFO chronaris.pipelines.stage_i.public.deep_baseline_runtime: deep_train epoch_start dataset=uab_workload_dataset model=chronaris_public_fusion track=subjective group=n_back seed=42 fold=002/002 epoch=003/005 batch_count=205
2026-07-02 01:17:35,069 INFO chronaris.pipelines.stage_i.public.deep_baseline_runtime: deep_train batch dataset=uab_workload_dataset model=chronaris_public_fusion track=subjective group=n_back seed=42 fold=002/002 epoch=003/005 batch=001/205 loss=2.788904 elapsed_s=6.0 status=running
2026-07-02 01:17:35,337 INFO chronaris.pipelines.stage_i.public.deep_baseline_runtime: deep_train batch dataset=uab_workload_dataset model=chronaris_public_fusion track=subjective group=n_back seed=42 fold=002/002 epoch=003/005 batch=020/205 loss=3.375526 elapsed_s=6.3 status=running
2026-07-02 01:17:35,610 INFO chronaris.pipelines.stage_i.public.deep_baseline_runtime: deep_train batch dataset=uab_workload_dataset model=chronaris_public_fusion track=subjective group=n_back seed=42 fold=002/002 epoch=003/005 batch=040/205 loss=3.183643 elapsed_s=6.6 status=running
2026-07-02 01:17:35,885 INFO chronaris.pipelines.stage_i.public.deep_baseline_runtime: deep_train batch dataset=uab_workload_dataset model=chronaris_public_fusion track=subjective group=n_back seed=42 fold=002/002 epoch=003/005 batch=060/205 loss=3.201452 elapsed_s=6.8 status=running
2026-07-02 01:17:36,165 INFO chronaris.pipelines.stage_i.public.deep_baseline_runtime: deep_train batch dataset=uab_workload_dataset model=chronaris_public_fusion track=subjective group=n_back seed=42 fold=002/002 epoch=003/005 batch=080/205 loss=3.362075 elapsed_s=7.1 status=running
2026-07-02 01:17:36,444 INFO chronaris.pipelines.stage_i.public.deep_baseline_runtime: deep_train batch dataset=uab_workload_dataset model=chronaris_public_fusion track=subjective group=n_back seed=42 fold=002/002 epoch=003/005 batch=100/205 loss=3.025726 elapsed_s=7.4 status=running
2026-07-02 01:17:36,718 INFO chronaris.pipelines.stage_i.public.deep_baseline_runtime: deep_train batch dataset=uab_workload_dataset model=chronaris_public_fusion track=subjective group=n_back seed=42 fold=002/002 epoch=003/005 batch=120/205 loss=3.221415 elapsed_s=7.7 status=running
2026-07-02 01:17:36,996 INFO chronaris.pipelines.stage_i.public.deep_baseline_runtime: deep_train batch dataset=uab_workload_dataset model=chronaris_public_fusion track=subjective group=n_back seed=42 fold=002/002 epoch=003/005 batch=140/205 loss=2.785081 elapsed_s=8.0 status=running
2026-07-02 01:17:37,287 INFO chronaris.pipelines.stage_i.public.deep_baseline_runtime: deep_train batch dataset=uab_workload_dataset model=chronaris_public_fusion track=subjective group=n_back seed=42 fold=002/002 epoch=003/005 batch=160/205 loss=3.434845 elapsed_s=8.2 status=running
2026-07-02 01:17:37,568 INFO chronaris.pipelines.stage_i.public.deep_baseline_runtime: deep_train batch dataset=uab_workload_dataset model=chronaris_public_fusion track=subjective group=n_back seed=42 fold=002/002 epoch=003/005 batch=180/205 loss=3.071599 elapsed_s=8.5 status=running
2026-07-02 01:17:37,849 INFO chronaris.pipelines.stage_i.public.deep_baseline_runtime: deep_train batch dataset=uab_workload_dataset model=chronaris_public_fusion track=subjective group=n_back seed=42 fold=002/002 epoch=003/005 batch=200/205 loss=2.836714 elapsed_s=8.8 status=running
2026-07-02 01:17:37,921 INFO chronaris.pipelines.stage_i.public.deep_baseline_runtime: deep_train batch dataset=uab_workload_dataset model=chronaris_public_fusion track=subjective group=n_back seed=42 fold=002/002 epoch=003/005 batch=205/205 loss=3.664266 elapsed_s=8.9 status=running
2026-07-02 01:17:37,926 INFO chronaris.pipelines.stage_i.public.deep_baseline_runtime: deep_train epoch_done dataset=uab_workload_dataset model=chronaris_public_fusion track=subjective group=n_back seed=42 fold=002/002 epoch=003/005 train_loss=3.057445 elapsed_s=2.9
2026-07-02 01:17:37,964 INFO chronaris.pipelines.stage_i.public.deep_baseline_runtime: deep_train epoch_start dataset=uab_workload_dataset model=chronaris_public_fusion track=subjective group=n_back seed=42 fold=002/002 epoch=004/005 batch_count=205
2026-07-02 01:17:37,984 INFO chronaris.pipelines.stage_i.public.deep_baseline_runtime: deep_train batch dataset=uab_workload_dataset model=chronaris_public_fusion track=subjective group=n_back seed=42 fold=002/002 epoch=004/005 batch=001/205 loss=3.259566 elapsed_s=8.9 status=running
2026-07-02 01:17:38,243 INFO chronaris.pipelines.stage_i.public.deep_baseline_runtime: deep_train batch dataset=uab_workload_dataset model=chronaris_public_fusion track=subjective group=n_back seed=42 fold=002/002 epoch=004/005 batch=020/205 loss=3.429808 elapsed_s=9.2 status=running
2026-07-02 01:17:38,519 INFO chronaris.pipelines.stage_i.public.deep_baseline_runtime: deep_train batch dataset=uab_workload_dataset model=chronaris_public_fusion track=subjective group=n_back seed=42 fold=002/002 epoch=004/005 batch=040/205 loss=3.105142 elapsed_s=9.5 status=running
2026-07-02 01:17:38,794 INFO chronaris.pipelines.stage_i.public.deep_baseline_runtime: deep_train batch dataset=uab_workload_dataset model=chronaris_public_fusion track=subjective group=n_back seed=42 fold=002/002 epoch=004/005 batch=060/205 loss=2.902744 elapsed_s=9.7 status=running
2026-07-02 01:17:39,068 INFO chronaris.pipelines.stage_i.public.deep_baseline_runtime: deep_train batch dataset=uab_workload_dataset model=chronaris_public_fusion track=subjective group=n_back seed=42 fold=002/002 epoch=004/005 batch=080/205 loss=3.071376 elapsed_s=10.0 status=running
2026-07-02 01:17:39,355 INFO chronaris.pipelines.stage_i.public.deep_baseline_runtime: deep_train batch dataset=uab_workload_dataset model=chronaris_public_fusion track=subjective group=n_back seed=42 fold=002/002 epoch=004/005 batch=100/205 loss=2.850794 elapsed_s=10.3 status=running
2026-07-02 01:17:39,628 INFO chronaris.pipelines.stage_i.public.deep_baseline_runtime: deep_train batch dataset=uab_workload_dataset model=chronaris_public_fusion track=subjective group=n_back seed=42 fold=002/002 epoch=004/005 batch=120/205 loss=3.461823 elapsed_s=10.6 status=running
2026-07-02 01:17:39,917 INFO chronaris.pipelines.stage_i.public.deep_baseline_runtime: deep_train batch dataset=uab_workload_dataset model=chronaris_public_fusion track=subjective group=n_back seed=42 fold=002/002 epoch=004/005 batch=140/205 loss=2.893516 elapsed_s=10.9 status=running
2026-07-02 01:17:40,200 INFO chronaris.pipelines.stage_i.public.deep_baseline_runtime: deep_train batch dataset=uab_workload_dataset model=chronaris_public_fusion track=subjective group=n_back seed=42 fold=002/002 epoch=004/005 batch=160/205 loss=3.004518 elapsed_s=11.2 status=running
2026-07-02 01:17:40,473 INFO chronaris.pipelines.stage_i.public.deep_baseline_runtime: deep_train batch dataset=uab_workload_dataset model=chronaris_public_fusion track=subjective group=n_back seed=42 fold=002/002 epoch=004/005 batch=180/205 loss=3.431083 elapsed_s=11.4 status=running
2026-07-02 01:17:40,752 INFO chronaris.pipelines.stage_i.public.deep_baseline_runtime: deep_train batch dataset=uab_workload_dataset model=chronaris_public_fusion track=subjective group=n_back seed=42 fold=002/002 epoch=004/005 batch=200/205 loss=2.667390 elapsed_s=11.7 status=running
2026-07-02 01:17:40,827 INFO chronaris.pipelines.stage_i.public.deep_baseline_runtime: deep_train batch dataset=uab_workload_dataset model=chronaris_public_fusion track=subjective group=n_back seed=42 fold=002/002 epoch=004/005 batch=205/205 loss=2.791855 elapsed_s=11.8 status=running
2026-07-02 01:17:40,831 INFO chronaris.pipelines.stage_i.public.deep_baseline_runtime: deep_train epoch_done dataset=uab_workload_dataset model=chronaris_public_fusion track=subjective group=n_back seed=42 fold=002/002 epoch=004/005 train_loss=3.040763 elapsed_s=2.9
2026-07-02 01:17:40,869 INFO chronaris.pipelines.stage_i.public.deep_baseline_runtime: deep_train epoch_start dataset=uab_workload_dataset model=chronaris_public_fusion track=subjective group=n_back seed=42 fold=002/002 epoch=005/005 batch_count=205
2026-07-02 01:17:40,888 INFO chronaris.pipelines.stage_i.public.deep_baseline_runtime: deep_train batch dataset=uab_workload_dataset model=chronaris_public_fusion track=subjective group=n_back seed=42 fold=002/002 epoch=005/005 batch=001/205 loss=2.560815 elapsed_s=11.8 status=running
2026-07-02 01:17:41,150 INFO chronaris.pipelines.stage_i.public.deep_baseline_runtime: deep_train batch dataset=uab_workload_dataset model=chronaris_public_fusion track=subjective group=n_back seed=42 fold=002/002 epoch=005/005 batch=020/205 loss=3.237189 elapsed_s=12.1 status=running
2026-07-02 01:17:41,446 INFO chronaris.pipelines.stage_i.public.deep_baseline_runtime: deep_train batch dataset=uab_workload_dataset model=chronaris_public_fusion track=subjective group=n_back seed=42 fold=002/002 epoch=005/005 batch=040/205 loss=3.181037 elapsed_s=12.4 status=running
2026-07-02 01:17:41,729 INFO chronaris.pipelines.stage_i.public.deep_baseline_runtime: deep_train batch dataset=uab_workload_dataset model=chronaris_public_fusion track=subjective group=n_back seed=42 fold=002/002 epoch=005/005 batch=060/205 loss=3.615088 elapsed_s=12.7 status=running
2026-07-02 01:17:42,005 INFO chronaris.pipelines.stage_i.public.deep_baseline_runtime: deep_train batch dataset=uab_workload_dataset model=chronaris_public_fusion track=subjective group=n_back seed=42 fold=002/002 epoch=005/005 batch=080/205 loss=3.488246 elapsed_s=13.0 status=running
2026-07-02 01:17:42,271 INFO chronaris.pipelines.stage_i.public.deep_baseline_runtime: deep_train batch dataset=uab_workload_dataset model=chronaris_public_fusion track=subjective group=n_back seed=42 fold=002/002 epoch=005/005 batch=100/205 loss=3.238047 elapsed_s=13.2 status=running
2026-07-02 01:17:42,536 INFO chronaris.pipelines.stage_i.public.deep_baseline_runtime: deep_train batch dataset=uab_workload_dataset model=chronaris_public_fusion track=subjective group=n_back seed=42 fold=002/002 epoch=005/005 batch=120/205 loss=3.018968 elapsed_s=13.5 status=running
2026-07-02 01:17:42,806 INFO chronaris.pipelines.stage_i.public.deep_baseline_runtime: deep_train batch dataset=uab_workload_dataset model=chronaris_public_fusion track=subjective group=n_back seed=42 fold=002/002 epoch=005/005 batch=140/205 loss=2.881445 elapsed_s=13.8 status=running
2026-07-02 01:17:43,080 INFO chronaris.pipelines.stage_i.public.deep_baseline_runtime: deep_train batch dataset=uab_workload_dataset model=chronaris_public_fusion track=subjective group=n_back seed=42 fold=002/002 epoch=005/005 batch=160/205 loss=2.921471 elapsed_s=14.0 status=running
2026-07-02 01:17:43,346 INFO chronaris.pipelines.stage_i.public.deep_baseline_runtime: deep_train batch dataset=uab_workload_dataset model=chronaris_public_fusion track=subjective group=n_back seed=42 fold=002/002 epoch=005/005 batch=180/205 loss=3.048877 elapsed_s=14.3 status=running
2026-07-02 01:17:43,624 INFO chronaris.pipelines.stage_i.public.deep_baseline_runtime: deep_train batch dataset=uab_workload_dataset model=chronaris_public_fusion track=subjective group=n_back seed=42 fold=002/002 epoch=005/005 batch=200/205 loss=3.035970 elapsed_s=14.6 status=running
2026-07-02 01:17:43,696 INFO chronaris.pipelines.stage_i.public.deep_baseline_runtime: deep_train batch dataset=uab_workload_dataset model=chronaris_public_fusion track=subjective group=n_back seed=42 fold=002/002 epoch=005/005 batch=205/205 loss=2.786012 elapsed_s=14.6 status=running
2026-07-02 01:17:43,700 INFO chronaris.pipelines.stage_i.public.deep_baseline_runtime: deep_train epoch_done dataset=uab_workload_dataset model=chronaris_public_fusion track=subjective group=n_back seed=42 fold=002/002 epoch=005/005 train_loss=3.046625 elapsed_s=2.8
2026-07-02 01:17:43,738 INFO chronaris.pipelines.stage_i.public.deep_baseline_runtime: deep_train fold_done dataset=uab_workload_dataset model=chronaris_public_fusion track=subjective group=n_back seed=42 fold=002/002 elapsed_s=14.7
2026-07-02 01:17:47,094 INFO chronaris.pipelines.stage_i.public.deep_baseline_runtime: deep_train fold_start dataset=uab_workload_dataset model=chronaris_public_fusion track=subjective group=heat_the_chair seed=42 fold=001/002 split_group=subject_01 task=regression train_count=5116 epochs=5 batch_size=128
2026-07-02 01:17:47,098 INFO chronaris.pipelines.stage_i.public.deep_baseline_runtime: deep_train epoch_start dataset=uab_workload_dataset model=chronaris_public_fusion track=subjective group=heat_the_chair seed=42 fold=001/002 epoch=001/005 batch_count=40
2026-07-02 01:17:47,126 INFO chronaris.pipelines.stage_i.public.deep_baseline_runtime: deep_train batch dataset=uab_workload_dataset model=chronaris_public_fusion track=subjective group=heat_the_chair seed=42 fold=001/002 epoch=001/005 batch=001/040 loss=4.965278 elapsed_s=0.0 status=running
2026-07-02 01:17:47,451 INFO chronaris.pipelines.stage_i.public.deep_baseline_runtime: deep_train batch dataset=uab_workload_dataset model=chronaris_public_fusion track=subjective group=heat_the_chair seed=42 fold=001/002 epoch=001/005 batch=020/040 loss=0.807412 elapsed_s=0.4 status=running
2026-07-02 01:17:47,743 INFO chronaris.pipelines.stage_i.public.deep_baseline_runtime: deep_train batch dataset=uab_workload_dataset model=chronaris_public_fusion track=subjective group=heat_the_chair seed=42 fold=001/002 epoch=001/005 batch=040/040 loss=0.569525 elapsed_s=0.6 status=running
2026-07-02 01:17:47,747 INFO chronaris.pipelines.stage_i.public.deep_baseline_runtime: deep_train epoch_done dataset=uab_workload_dataset model=chronaris_public_fusion track=subjective group=heat_the_chair seed=42 fold=001/002 epoch=001/005 train_loss=1.365785 elapsed_s=0.6
2026-07-02 01:17:47,789 INFO chronaris.pipelines.stage_i.public.deep_baseline_runtime: deep_train epoch_start dataset=uab_workload_dataset model=chronaris_public_fusion track=subjective group=heat_the_chair seed=42 fold=001/002 epoch=002/005 batch_count=40
2026-07-02 01:17:47,808 INFO chronaris.pipelines.stage_i.public.deep_baseline_runtime: deep_train batch dataset=uab_workload_dataset model=chronaris_public_fusion track=subjective group=heat_the_chair seed=42 fold=001/002 epoch=002/005 batch=001/040 loss=0.638851 elapsed_s=0.7 status=running
2026-07-02 01:17:48,077 INFO chronaris.pipelines.stage_i.public.deep_baseline_runtime: deep_train batch dataset=uab_workload_dataset model=chronaris_public_fusion track=subjective group=heat_the_chair seed=42 fold=001/002 epoch=002/005 batch=020/040 loss=0.712342 elapsed_s=1.0 status=running
2026-07-02 01:17:48,342 INFO chronaris.pipelines.stage_i.public.deep_baseline_runtime: deep_train batch dataset=uab_workload_dataset model=chronaris_public_fusion track=subjective group=heat_the_chair seed=42 fold=001/002 epoch=002/005 batch=040/040 loss=0.914016 elapsed_s=1.2 status=running
2026-07-02 01:17:48,346 INFO chronaris.pipelines.stage_i.public.deep_baseline_runtime: deep_train epoch_done dataset=uab_workload_dataset model=chronaris_public_fusion track=subjective group=heat_the_chair seed=42 fold=001/002 epoch=002/005 train_loss=0.699910 elapsed_s=0.6
2026-07-02 01:17:48,382 INFO chronaris.pipelines.stage_i.public.deep_baseline_runtime: deep_train epoch_start dataset=uab_workload_dataset model=chronaris_public_fusion track=subjective group=heat_the_chair seed=42 fold=001/002 epoch=003/005 batch_count=40
2026-07-02 01:17:48,400 INFO chronaris.pipelines.stage_i.public.deep_baseline_runtime: deep_train batch dataset=uab_workload_dataset model=chronaris_public_fusion track=subjective group=heat_the_chair seed=42 fold=001/002 epoch=003/005 batch=001/040 loss=0.848551 elapsed_s=1.3 status=running
2026-07-02 01:17:48,655 INFO chronaris.pipelines.stage_i.public.deep_baseline_runtime: deep_train batch dataset=uab_workload_dataset model=chronaris_public_fusion track=subjective group=heat_the_chair seed=42 fold=001/002 epoch=003/005 batch=020/040 loss=0.729814 elapsed_s=1.6 status=running
2026-07-02 01:17:48,917 INFO chronaris.pipelines.stage_i.public.deep_baseline_runtime: deep_train batch dataset=uab_workload_dataset model=chronaris_public_fusion track=subjective group=heat_the_chair seed=42 fold=001/002 epoch=003/005 batch=040/040 loss=0.668018 elapsed_s=1.8 status=running
2026-07-02 01:17:48,921 INFO chronaris.pipelines.stage_i.public.deep_baseline_runtime: deep_train epoch_done dataset=uab_workload_dataset model=chronaris_public_fusion track=subjective group=heat_the_chair seed=42 fold=001/002 epoch=003/005 train_loss=0.692808 elapsed_s=0.5
2026-07-02 01:17:48,957 INFO chronaris.pipelines.stage_i.public.deep_baseline_runtime: deep_train epoch_start dataset=uab_workload_dataset model=chronaris_public_fusion track=subjective group=heat_the_chair seed=42 fold=001/002 epoch=004/005 batch_count=40
2026-07-02 01:17:48,975 INFO chronaris.pipelines.stage_i.public.deep_baseline_runtime: deep_train batch dataset=uab_workload_dataset model=chronaris_public_fusion track=subjective group=heat_the_chair seed=42 fold=001/002 epoch=004/005 batch=001/040 loss=0.738573 elapsed_s=1.9 status=running
2026-07-02 01:17:49,235 INFO chronaris.pipelines.stage_i.public.deep_baseline_runtime: deep_train batch dataset=uab_workload_dataset model=chronaris_public_fusion track=subjective group=heat_the_chair seed=42 fold=001/002 epoch=004/005 batch=020/040 loss=0.662362 elapsed_s=2.1 status=running
2026-07-02 01:17:49,500 INFO chronaris.pipelines.stage_i.public.deep_baseline_runtime: deep_train batch dataset=uab_workload_dataset model=chronaris_public_fusion track=subjective group=heat_the_chair seed=42 fold=001/002 epoch=004/005 batch=040/040 loss=0.651895 elapsed_s=2.4 status=running
2026-07-02 01:17:49,504 INFO chronaris.pipelines.stage_i.public.deep_baseline_runtime: deep_train epoch_done dataset=uab_workload_dataset model=chronaris_public_fusion track=subjective group=heat_the_chair seed=42 fold=001/002 epoch=004/005 train_loss=0.674205 elapsed_s=0.5
2026-07-02 01:17:49,542 INFO chronaris.pipelines.stage_i.public.deep_baseline_runtime: deep_train epoch_start dataset=uab_workload_dataset model=chronaris_public_fusion track=subjective group=heat_the_chair seed=42 fold=001/002 epoch=005/005 batch_count=40
2026-07-02 01:17:49,612 INFO chronaris.pipelines.stage_i.public.deep_baseline_runtime: deep_train batch dataset=uab_workload_dataset model=chronaris_public_fusion track=subjective group=heat_the_chair seed=42 fold=001/002 epoch=005/005 batch=001/040 loss=0.539310 elapsed_s=2.5 status=running
2026-07-02 01:17:49,915 INFO chronaris.pipelines.stage_i.public.deep_baseline_runtime: deep_train batch dataset=uab_workload_dataset model=chronaris_public_fusion track=subjective group=heat_the_chair seed=42 fold=001/002 epoch=005/005 batch=020/040 loss=0.689090 elapsed_s=2.8 status=running
2026-07-02 01:17:50,180 INFO chronaris.pipelines.stage_i.public.deep_baseline_runtime: deep_train batch dataset=uab_workload_dataset model=chronaris_public_fusion track=subjective group=heat_the_chair seed=42 fold=001/002 epoch=005/005 batch=040/040 loss=0.695228 elapsed_s=3.1 status=running
2026-07-02 01:17:50,185 INFO chronaris.pipelines.stage_i.public.deep_baseline_runtime: deep_train epoch_done dataset=uab_workload_dataset model=chronaris_public_fusion track=subjective group=heat_the_chair seed=42 fold=001/002 epoch=005/005 train_loss=0.672962 elapsed_s=0.6
2026-07-02 01:17:50,221 INFO chronaris.pipelines.stage_i.public.deep_baseline_runtime: deep_train fold_done dataset=uab_workload_dataset model=chronaris_public_fusion track=subjective group=heat_the_chair seed=42 fold=001/002 elapsed_s=3.1
2026-07-02 01:17:51,725 INFO chronaris.pipelines.stage_i.public.deep_baseline_runtime: deep_train fold_start dataset=uab_workload_dataset model=chronaris_public_fusion track=subjective group=heat_the_chair seed=42 fold=002/002 split_group=subject_02 task=regression train_count=5126 epochs=5 batch_size=128
2026-07-02 01:17:51,730 INFO chronaris.pipelines.stage_i.public.deep_baseline_runtime: deep_train epoch_start dataset=uab_workload_dataset model=chronaris_public_fusion track=subjective group=heat_the_chair seed=42 fold=002/002 epoch=001/005 batch_count=41
2026-07-02 01:17:51,751 INFO chronaris.pipelines.stage_i.public.deep_baseline_runtime: deep_train batch dataset=uab_workload_dataset model=chronaris_public_fusion track=subjective group=heat_the_chair seed=42 fold=002/002 epoch=001/005 batch=001/041 loss=5.003987 elapsed_s=0.0 status=running
2026-07-02 01:17:52,010 INFO chronaris.pipelines.stage_i.public.deep_baseline_runtime: deep_train batch dataset=uab_workload_dataset model=chronaris_public_fusion track=subjective group=heat_the_chair seed=42 fold=002/002 epoch=001/005 batch=020/041 loss=0.739812 elapsed_s=0.3 status=running
2026-07-02 01:17:52,275 INFO chronaris.pipelines.stage_i.public.deep_baseline_runtime: deep_train batch dataset=uab_workload_dataset model=chronaris_public_fusion track=subjective group=heat_the_chair seed=42 fold=002/002 epoch=001/005 batch=040/041 loss=0.543807 elapsed_s=0.5 status=running
2026-07-02 01:17:52,294 INFO chronaris.pipelines.stage_i.public.deep_baseline_runtime: deep_train batch dataset=uab_workload_dataset model=chronaris_public_fusion track=subjective group=heat_the_chair seed=42 fold=002/002 epoch=001/005 batch=041/041 loss=0.300928 elapsed_s=0.6 status=running
2026-07-02 01:17:52,298 INFO chronaris.pipelines.stage_i.public.deep_baseline_runtime: deep_train epoch_done dataset=uab_workload_dataset model=chronaris_public_fusion track=subjective group=heat_the_chair seed=42 fold=002/002 epoch=001/005 train_loss=1.306147 elapsed_s=0.6
2026-07-02 01:17:52,333 INFO chronaris.pipelines.stage_i.public.deep_baseline_runtime: deep_train epoch_start dataset=uab_workload_dataset model=chronaris_public_fusion track=subjective group=heat_the_chair seed=42 fold=002/002 epoch=002/005 batch_count=41
2026-07-02 01:17:52,350 INFO chronaris.pipelines.stage_i.public.deep_baseline_runtime: deep_train batch dataset=uab_workload_dataset model=chronaris_public_fusion track=subjective group=heat_the_chair seed=42 fold=002/002 epoch=002/005 batch=001/041 loss=0.628923 elapsed_s=0.6 status=running
2026-07-02 01:17:52,603 INFO chronaris.pipelines.stage_i.public.deep_baseline_runtime: deep_train batch dataset=uab_workload_dataset model=chronaris_public_fusion track=subjective group=heat_the_chair seed=42 fold=002/002 epoch=002/005 batch=020/041 loss=0.686244 elapsed_s=0.9 status=running
2026-07-02 01:17:52,869 INFO chronaris.pipelines.stage_i.public.deep_baseline_runtime: deep_train batch dataset=uab_workload_dataset model=chronaris_public_fusion track=subjective group=heat_the_chair seed=42 fold=002/002 epoch=002/005 batch=040/041 loss=0.816510 elapsed_s=1.1 status=running
2026-07-02 01:17:52,888 INFO chronaris.pipelines.stage_i.public.deep_baseline_runtime: deep_train batch dataset=uab_workload_dataset model=chronaris_public_fusion track=subjective group=heat_the_chair seed=42 fold=002/002 epoch=002/005 batch=041/041 loss=0.919567 elapsed_s=1.2 status=running
2026-07-02 01:17:52,892 INFO chronaris.pipelines.stage_i.public.deep_baseline_runtime: deep_train epoch_done dataset=uab_workload_dataset model=chronaris_public_fusion track=subjective group=heat_the_chair seed=42 fold=002/002 epoch=002/005 train_loss=0.716061 elapsed_s=0.6
2026-07-02 01:17:52,931 INFO chronaris.pipelines.stage_i.public.deep_baseline_runtime: deep_train epoch_start dataset=uab_workload_dataset model=chronaris_public_fusion track=subjective group=heat_the_chair seed=42 fold=002/002 epoch=003/005 batch_count=41
2026-07-02 01:17:52,950 INFO chronaris.pipelines.stage_i.public.deep_baseline_runtime: deep_train batch dataset=uab_workload_dataset model=chronaris_public_fusion track=subjective group=heat_the_chair seed=42 fold=002/002 epoch=003/005 batch=001/041 loss=0.621478 elapsed_s=1.2 status=running
2026-07-02 01:17:53,205 INFO chronaris.pipelines.stage_i.public.deep_baseline_runtime: deep_train batch dataset=uab_workload_dataset model=chronaris_public_fusion track=subjective group=heat_the_chair seed=42 fold=002/002 epoch=003/005 batch=020/041 loss=0.648627 elapsed_s=1.5 status=running
2026-07-02 01:17:53,469 INFO chronaris.pipelines.stage_i.public.deep_baseline_runtime: deep_train batch dataset=uab_workload_dataset model=chronaris_public_fusion track=subjective group=heat_the_chair seed=42 fold=002/002 epoch=003/005 batch=040/041 loss=0.675212 elapsed_s=1.7 status=running
2026-07-02 01:17:53,486 INFO chronaris.pipelines.stage_i.public.deep_baseline_runtime: deep_train batch dataset=uab_workload_dataset model=chronaris_public_fusion track=subjective group=heat_the_chair seed=42 fold=002/002 epoch=003/005 batch=041/041 loss=0.563346 elapsed_s=1.8 status=running
2026-07-02 01:17:53,490 INFO chronaris.pipelines.stage_i.public.deep_baseline_runtime: deep_train epoch_done dataset=uab_workload_dataset model=chronaris_public_fusion track=subjective group=heat_the_chair seed=42 fold=002/002 epoch=003/005 train_loss=0.680319 elapsed_s=0.6
2026-07-02 01:17:53,526 INFO chronaris.pipelines.stage_i.public.deep_baseline_runtime: deep_train epoch_start dataset=uab_workload_dataset model=chronaris_public_fusion track=subjective group=heat_the_chair seed=42 fold=002/002 epoch=004/005 batch_count=41
2026-07-02 01:17:53,548 INFO chronaris.pipelines.stage_i.public.deep_baseline_runtime: deep_train batch dataset=uab_workload_dataset model=chronaris_public_fusion track=subjective group=heat_the_chair seed=42 fold=002/002 epoch=004/005 batch=001/041 loss=0.649227 elapsed_s=1.8 status=running
2026-07-02 01:17:53,801 INFO chronaris.pipelines.stage_i.public.deep_baseline_runtime: deep_train batch dataset=uab_workload_dataset model=chronaris_public_fusion track=subjective group=heat_the_chair seed=42 fold=002/002 epoch=004/005 batch=020/041 loss=0.593740 elapsed_s=2.1 status=running
2026-07-02 01:17:54,080 INFO chronaris.pipelines.stage_i.public.deep_baseline_runtime: deep_train batch dataset=uab_workload_dataset model=chronaris_public_fusion track=subjective group=heat_the_chair seed=42 fold=002/002 epoch=004/005 batch=040/041 loss=0.600200 elapsed_s=2.4 status=running
2026-07-02 01:17:54,097 INFO chronaris.pipelines.stage_i.public.deep_baseline_runtime: deep_train batch dataset=uab_workload_dataset model=chronaris_public_fusion track=subjective group=heat_the_chair seed=42 fold=002/002 epoch=004/005 batch=041/041 loss=0.462496 elapsed_s=2.4 status=running
2026-07-02 01:17:54,103 INFO chronaris.pipelines.stage_i.public.deep_baseline_runtime: deep_train epoch_done dataset=uab_workload_dataset model=chronaris_public_fusion track=subjective group=heat_the_chair seed=42 fold=002/002 epoch=004/005 train_loss=0.681631 elapsed_s=0.6
2026-07-02 01:17:54,148 INFO chronaris.pipelines.stage_i.public.deep_baseline_runtime: deep_train epoch_start dataset=uab_workload_dataset model=chronaris_public_fusion track=subjective group=heat_the_chair seed=42 fold=002/002 epoch=005/005 batch_count=41
2026-07-02 01:17:54,167 INFO chronaris.pipelines.stage_i.public.deep_baseline_runtime: deep_train batch dataset=uab_workload_dataset model=chronaris_public_fusion track=subjective group=heat_the_chair seed=42 fold=002/002 epoch=005/005 batch=001/041 loss=0.651960 elapsed_s=2.4 status=running
2026-07-02 01:17:54,421 INFO chronaris.pipelines.stage_i.public.deep_baseline_runtime: deep_train batch dataset=uab_workload_dataset model=chronaris_public_fusion track=subjective group=heat_the_chair seed=42 fold=002/002 epoch=005/005 batch=020/041 loss=0.632900 elapsed_s=2.7 status=running
2026-07-02 01:17:54,685 INFO chronaris.pipelines.stage_i.public.deep_baseline_runtime: deep_train batch dataset=uab_workload_dataset model=chronaris_public_fusion track=subjective group=heat_the_chair seed=42 fold=002/002 epoch=005/005 batch=040/041 loss=0.774248 elapsed_s=3.0 status=running
2026-07-02 01:17:54,701 INFO chronaris.pipelines.stage_i.public.deep_baseline_runtime: deep_train batch dataset=uab_workload_dataset model=chronaris_public_fusion track=subjective group=heat_the_chair seed=42 fold=002/002 epoch=005/005 batch=041/041 loss=0.442994 elapsed_s=3.0 status=running
2026-07-02 01:17:54,705 INFO chronaris.pipelines.stage_i.public.deep_baseline_runtime: deep_train epoch_done dataset=uab_workload_dataset model=chronaris_public_fusion track=subjective group=heat_the_chair seed=42 fold=002/002 epoch=005/005 train_loss=0.687948 elapsed_s=0.6
2026-07-02 01:17:54,748 INFO chronaris.pipelines.stage_i.public.deep_baseline_runtime: deep_train fold_done dataset=uab_workload_dataset model=chronaris_public_fusion track=subjective group=heat_the_chair seed=42 fold=002/002 elapsed_s=3.0
