dataset,task,consumer,method,seed,fold,role,metric,value,direction,status,reason,smoke_only
model_independent_aviation_simulation,simulated_future_workload_classification,linear,chronaris_no_continuous_evolution,17,simulation_g1_to_g2_ablation__seed_17,validation,macro_f1,0.4868871209747474,higher,available,,False
model_independent_aviation_simulation,simulated_future_workload_classification,linear,chronaris_no_continuous_evolution,17,simulation_g1_to_g2_ablation__seed_17,validation,balanced_accuracy,0.4882469646977637,higher,available,,False
model_independent_aviation_simulation,simulated_future_workload_classification,linear,chronaris_no_continuous_evolution,17,simulation_g1_to_g2_ablation__seed_17,validation,macro_auprc,0.5414503727789418,higher,available,,False
model_independent_aviation_simulation,simulated_future_workload_classification,linear,chronaris_no_continuous_evolution,17,simulation_g1_to_g2_ablation__seed_17,validation,brier_score,0.6613197865381343,lower,available,,False
model_independent_aviation_simulation,simulated_future_workload_classification,linear,chronaris_no_continuous_evolution,17,simulation_g1_to_g2_ablation__seed_17,validation,ece_10_bins,0.22340263708210362,lower,available,,False
model_independent_aviation_simulation,simulated_future_workload_regression,linear,chronaris_no_continuous_evolution,17,simulation_g1_to_g2_ablation__seed_17,validation,mae,0.11827208194881678,lower,available,,False
model_independent_aviation_simulation,simulated_future_workload_regression,linear,chronaris_no_continuous_evolution,17,simulation_g1_to_g2_ablation__seed_17,validation,rmse,0.14833906711832662,lower,available,,False
model_independent_aviation_simulation,simulated_future_workload_regression,linear,chronaris_no_continuous_evolution,17,simulation_g1_to_g2_ablation__seed_17,validation,spearman,0.6728431904503527,higher,available,,False
model_independent_aviation_simulation,simulated_future_workload_classification,minirocket,chronaris_no_continuous_evolution,17,simulation_g1_to_g2_ablation__seed_17,validation,macro_f1,0.5898409930667995,higher,available,,False
model_independent_aviation_simulation,simulated_future_workload_classification,minirocket,chronaris_no_continuous_evolution,17,simulation_g1_to_g2_ablation__seed_17,validation,balanced_accuracy,0.5924608052446573,higher,available,,False
model_independent_aviation_simulation,simulated_future_workload_classification,minirocket,chronaris_no_continuous_evolution,17,simulation_g1_to_g2_ablation__seed_17,validation,macro_auprc,0.6176843162254162,higher,available,,False
model_independent_aviation_simulation,simulated_future_workload_classification,minirocket,chronaris_no_continuous_evolution,17,simulation_g1_to_g2_ablation__seed_17,validation,brier_score,0.6452912211922441,lower,available,,False
model_independent_aviation_simulation,simulated_future_workload_classification,minirocket,chronaris_no_continuous_evolution,17,simulation_g1_to_g2_ablation__seed_17,validation,ece_10_bins,0.2716264589488694,lower,available,,False
model_independent_aviation_simulation,simulated_future_workload_regression,minirocket,chronaris_no_continuous_evolution,17,simulation_g1_to_g2_ablation__seed_17,validation,mae,0.10714776813983917,lower,available,,False
model_independent_aviation_simulation,simulated_future_workload_regression,minirocket,chronaris_no_continuous_evolution,17,simulation_g1_to_g2_ablation__seed_17,validation,rmse,0.13332712757794676,lower,available,,False
model_independent_aviation_simulation,simulated_future_workload_regression,minirocket,chronaris_no_continuous_evolution,17,simulation_g1_to_g2_ablation__seed_17,validation,spearman,0.7156402604449267,higher,available,,False
model_independent_aviation_simulation,simulated_maneuver_state_segmentation,causal_tcn_raw,chronaris_no_continuous_evolution,17,simulation_g1_to_g2_ablation__seed_17,validation,frame_macro_f1,0.6283152544386177,higher,available,,False
model_independent_aviation_simulation,simulated_maneuver_state_segmentation,causal_tcn_raw,chronaris_no_continuous_evolution,17,simulation_g1_to_g2_ablation__seed_17,validation,segmental_f1_iou_0.10,0.6181760125839073,higher,available,,False
model_independent_aviation_simulation,simulated_maneuver_state_segmentation,causal_tcn_raw,chronaris_no_continuous_evolution,17,simulation_g1_to_g2_ablation__seed_17,validation,segmental_f1_iou_0.25,0.5452965589478747,higher,available,,False
model_independent_aviation_simulation,simulated_maneuver_state_segmentation,causal_tcn_raw,chronaris_no_continuous_evolution,17,simulation_g1_to_g2_ablation__seed_17,validation,segmental_f1_iou_0.50,0.3987221005724295,higher,available,,False
model_independent_aviation_simulation,simulated_maneuver_state_segmentation,causal_tcn_raw,chronaris_no_continuous_evolution,17,simulation_g1_to_g2_ablation__seed_17,validation,boundary_f1_1s,0.27081003147179616,higher,available,,False
model_independent_aviation_simulation,simulated_maneuver_state_segmentation,causal_tcn_raw,chronaris_no_continuous_evolution,17,simulation_g1_to_g2_ablation__seed_17,validation,boundary_f1_2s,0.380156625101478,higher,available,,False
model_independent_aviation_simulation,simulated_maneuver_state_segmentation,causal_tcn_raw,chronaris_no_continuous_evolution,17,simulation_g1_to_g2_ablation__seed_17,validation,edit_score,0.5261314784752285,higher,available,,False
model_independent_aviation_simulation,simulated_maneuver_state_segmentation,causal_tcn_raw,chronaris_no_continuous_evolution,17,simulation_g1_to_g2_ablation__seed_17,validation,boundary_detection_delay_s,2.901570048309179,lower,available,,False
model_independent_aviation_simulation,simulated_maneuver_state_segmentation,causal_tcn_duration,chronaris_no_continuous_evolution,17,simulation_g1_to_g2_ablation__seed_17,validation,frame_macro_f1,0.6653943442107626,higher,available,,False
model_independent_aviation_simulation,simulated_maneuver_state_segmentation,causal_tcn_duration,chronaris_no_continuous_evolution,17,simulation_g1_to_g2_ablation__seed_17,validation,segmental_f1_iou_0.10,0.7793295246420247,higher,available,,False
model_independent_aviation_simulation,simulated_maneuver_state_segmentation,causal_tcn_duration,chronaris_no_continuous_evolution,17,simulation_g1_to_g2_ablation__seed_17,validation,segmental_f1_iou_0.25,0.7125797235172234,higher,available,,False
model_independent_aviation_simulation,simulated_maneuver_state_segmentation,causal_tcn_duration,chronaris_no_continuous_evolution,17,simulation_g1_to_g2_ablation__seed_17,validation,segmental_f1_iou_0.50,0.5648935555185556,higher,available,,False
model_independent_aviation_simulation,simulated_maneuver_state_segmentation,causal_tcn_duration,chronaris_no_continuous_evolution,17,simulation_g1_to_g2_ablation__seed_17,validation,boundary_f1_1s,0.3120194042069042,higher,available,,False
model_independent_aviation_simulation,simulated_maneuver_state_segmentation,causal_tcn_duration,chronaris_no_continuous_evolution,17,simulation_g1_to_g2_ablation__seed_17,validation,boundary_f1_2s,0.43668016011766014,higher,available,,False
model_independent_aviation_simulation,simulated_maneuver_state_segmentation,causal_tcn_duration,chronaris_no_continuous_evolution,17,simulation_g1_to_g2_ablation__seed_17,validation,edit_score,0.7383252164502165,higher,available,,False
model_independent_aviation_simulation,simulated_maneuver_state_segmentation,causal_tcn_duration,chronaris_no_continuous_evolution,17,simulation_g1_to_g2_ablation__seed_17,validation,boundary_detection_delay_s,3.112562189054726,lower,available,,False
model_independent_aviation_simulation,simulated_future_workload_classification,linear,chronaris_no_continuous_evolution,17,simulation_g1_to_g2_ablation__seed_17,held_out,macro_f1,0.48597789115646256,higher,available,,False
model_independent_aviation_simulation,simulated_future_workload_classification,linear,chronaris_no_continuous_evolution,17,simulation_g1_to_g2_ablation__seed_17,held_out,balanced_accuracy,0.47751556533201095,higher,available,,False
model_independent_aviation_simulation,simulated_future_workload_classification,linear,chronaris_no_continuous_evolution,17,simulation_g1_to_g2_ablation__seed_17,held_out,macro_auprc,0.5461446113056473,higher,available,,False
model_independent_aviation_simulation,simulated_future_workload_classification,linear,chronaris_no_continuous_evolution,17,simulation_g1_to_g2_ablation__seed_17,held_out,brier_score,0.5218709706724258,lower,available,,False
model_independent_aviation_simulation,simulated_future_workload_classification,linear,chronaris_no_continuous_evolution,17,simulation_g1_to_g2_ablation__seed_17,held_out,ece_10_bins,0.14992408482905853,lower,available,,False
model_independent_aviation_simulation,simulated_future_workload_regression,linear,chronaris_no_continuous_evolution,17,simulation_g1_to_g2_ablation__seed_17,held_out,mae,0.14651950200398764,lower,available,,False
model_independent_aviation_simulation,simulated_future_workload_regression,linear,chronaris_no_continuous_evolution,17,simulation_g1_to_g2_ablation__seed_17,held_out,rmse,0.18706135789280995,lower,available,,False
model_independent_aviation_simulation,simulated_future_workload_regression,linear,chronaris_no_continuous_evolution,17,simulation_g1_to_g2_ablation__seed_17,held_out,spearman,0.5934493061510832,higher,available,,False
model_independent_aviation_simulation,simulated_future_workload_classification,minirocket,chronaris_no_continuous_evolution,17,simulation_g1_to_g2_ablation__seed_17,held_out,macro_f1,0.373318059316823,higher,available,,False
model_independent_aviation_simulation,simulated_future_workload_classification,minirocket,chronaris_no_continuous_evolution,17,simulation_g1_to_g2_ablation__seed_17,held_out,balanced_accuracy,0.43404707108980634,higher,available,,False
model_independent_aviation_simulation,simulated_future_workload_classification,minirocket,chronaris_no_continuous_evolution,17,simulation_g1_to_g2_ablation__seed_17,held_out,macro_auprc,0.4926271629435761,higher,available,,False
model_independent_aviation_simulation,simulated_future_workload_classification,minirocket,chronaris_no_continuous_evolution,17,simulation_g1_to_g2_ablation__seed_17,held_out,brier_score,0.8232042809058825,lower,available,,False
model_independent_aviation_simulation,simulated_future_workload_classification,minirocket,chronaris_no_continuous_evolution,17,simulation_g1_to_g2_ablation__seed_17,held_out,ece_10_bins,0.3490623925072147,lower,available,,False
model_independent_aviation_simulation,simulated_future_workload_regression,minirocket,chronaris_no_continuous_evolution,17,simulation_g1_to_g2_ablation__seed_17,held_out,mae,0.20204768190160394,lower,available,,False
model_independent_aviation_simulation,simulated_future_workload_regression,minirocket,chronaris_no_continuous_evolution,17,simulation_g1_to_g2_ablation__seed_17,held_out,rmse,0.22976414539156442,lower,available,,False
model_independent_aviation_simulation,simulated_future_workload_regression,minirocket,chronaris_no_continuous_evolution,17,simulation_g1_to_g2_ablation__seed_17,held_out,spearman,0.5054189267605026,higher,available,,False
model_independent_aviation_simulation,simulated_maneuver_state_segmentation,causal_tcn_raw,chronaris_no_continuous_evolution,17,simulation_g1_to_g2_ablation__seed_17,held_out,frame_macro_f1,0.43264857710846816,higher,available,,False
model_independent_aviation_simulation,simulated_maneuver_state_segmentation,causal_tcn_raw,chronaris_no_continuous_evolution,17,simulation_g1_to_g2_ablation__seed_17,held_out,segmental_f1_iou_0.10,0.5441510027120998,higher,available,,False
model_independent_aviation_simulation,simulated_maneuver_state_segmentation,causal_tcn_raw,chronaris_no_continuous_evolution,17,simulation_g1_to_g2_ablation__seed_17,held_out,segmental_f1_iou_0.25,0.4392542769622878,higher,available,,False
model_independent_aviation_simulation,simulated_maneuver_state_segmentation,causal_tcn_raw,chronaris_no_continuous_evolution,17,simulation_g1_to_g2_ablation__seed_17,held_out,segmental_f1_iou_0.50,0.2847751077361178,higher,available,,False
model_independent_aviation_simulation,simulated_maneuver_state_segmentation,causal_tcn_raw,chronaris_no_continuous_evolution,17,simulation_g1_to_g2_ablation__seed_17,held_out,boundary_f1_1s,0.22701185065615212,higher,available,,False
model_independent_aviation_simulation,simulated_maneuver_state_segmentation,causal_tcn_raw,chronaris_no_continuous_evolution,17,simulation_g1_to_g2_ablation__seed_17,held_out,boundary_f1_2s,0.34760527037641015,higher,available,,False
model_independent_aviation_simulation,simulated_maneuver_state_segmentation,causal_tcn_raw,chronaris_no_continuous_evolution,17,simulation_g1_to_g2_ablation__seed_17,held_out,edit_score,0.5428048224923225,higher,available,,False
model_independent_aviation_simulation,simulated_maneuver_state_segmentation,causal_tcn_raw,chronaris_no_continuous_evolution,17,simulation_g1_to_g2_ablation__seed_17,held_out,boundary_detection_delay_s,1.980317679558011,lower,available,,False
model_independent_aviation_simulation,simulated_maneuver_state_segmentation,causal_tcn_duration,chronaris_no_continuous_evolution,17,simulation_g1_to_g2_ablation__seed_17,held_out,frame_macro_f1,0.44365074074336475,higher,available,,False
model_independent_aviation_simulation,simulated_maneuver_state_segmentation,causal_tcn_duration,chronaris_no_continuous_evolution,17,simulation_g1_to_g2_ablation__seed_17,held_out,segmental_f1_iou_0.10,0.6233815680506857,higher,available,,False
model_independent_aviation_simulation,simulated_maneuver_state_segmentation,causal_tcn_duration,chronaris_no_continuous_evolution,17,simulation_g1_to_g2_ablation__seed_17,held_out,segmental_f1_iou_0.25,0.529681705141264,higher,available,,False
model_independent_aviation_simulation,simulated_maneuver_state_segmentation,causal_tcn_duration,chronaris_no_continuous_evolution,17,simulation_g1_to_g2_ablation__seed_17,held_out,segmental_f1_iou_0.50,0.36365901340625606,higher,available,,False
model_independent_aviation_simulation,simulated_maneuver_state_segmentation,causal_tcn_duration,chronaris_no_continuous_evolution,17,simulation_g1_to_g2_ablation__seed_17,held_out,boundary_f1_1s,0.20203965594590598,higher,available,,False
model_independent_aviation_simulation,simulated_maneuver_state_segmentation,causal_tcn_duration,chronaris_no_continuous_evolution,17,simulation_g1_to_g2_ablation__seed_17,held_out,boundary_f1_2s,0.34903189981314986,higher,available,,False
model_independent_aviation_simulation,simulated_maneuver_state_segmentation,causal_tcn_duration,chronaris_no_continuous_evolution,17,simulation_g1_to_g2_ablation__seed_17,held_out,edit_score,0.5906374441530692,higher,available,,False
model_independent_aviation_simulation,simulated_maneuver_state_segmentation,causal_tcn_duration,chronaris_no_continuous_evolution,17,simulation_g1_to_g2_ablation__seed_17,held_out,boundary_detection_delay_s,2.2462606837606836,lower,available,,False
model_independent_aviation_simulation,simulated_future_workload_classification,linear,chronaris_no_physics,17,simulation_g1_to_g2_ablation__seed_17,validation,macro_f1,0.49995880196102666,higher,available,,False
model_independent_aviation_simulation,simulated_future_workload_classification,linear,chronaris_no_physics,17,simulation_g1_to_g2_ablation__seed_17,validation,balanced_accuracy,0.4998166957796899,higher,available,,False
model_independent_aviation_simulation,simulated_future_workload_classification,linear,chronaris_no_physics,17,simulation_g1_to_g2_ablation__seed_17,validation,macro_auprc,0.525557586883032,higher,available,,False
model_independent_aviation_simulation,simulated_future_workload_classification,linear,chronaris_no_physics,17,simulation_g1_to_g2_ablation__seed_17,validation,brier_score,0.669763685147231,lower,available,,False
model_independent_aviation_simulation,simulated_future_workload_classification,linear,chronaris_no_physics,17,simulation_g1_to_g2_ablation__seed_17,validation,ece_10_bins,0.24803023274101255,lower,available,,False
model_independent_aviation_simulation,simulated_future_workload_regression,linear,chronaris_no_physics,17,simulation_g1_to_g2_ablation__seed_17,validation,mae,0.12268495559692383,lower,available,,False
model_independent_aviation_simulation,simulated_future_workload_regression,linear,chronaris_no_physics,17,simulation_g1_to_g2_ablation__seed_17,validation,rmse,0.151212608795301,lower,available,,False
model_independent_aviation_simulation,simulated_future_workload_regression,linear,chronaris_no_physics,17,simulation_g1_to_g2_ablation__seed_17,validation,spearman,0.6438958220293002,higher,available,,False
model_independent_aviation_simulation,simulated_future_workload_classification,minirocket,chronaris_no_physics,17,simulation_g1_to_g2_ablation__seed_17,validation,macro_f1,0.5781296839361355,higher,available,,False
model_independent_aviation_simulation,simulated_future_workload_classification,minirocket,chronaris_no_physics,17,simulation_g1_to_g2_ablation__seed_17,validation,balanced_accuracy,0.580966552371094,higher,available,,False
model_independent_aviation_simulation,simulated_future_workload_classification,minirocket,chronaris_no_physics,17,simulation_g1_to_g2_ablation__seed_17,validation,macro_auprc,0.6350509240224159,higher,available,,False
model_independent_aviation_simulation,simulated_future_workload_classification,minirocket,chronaris_no_physics,17,simulation_g1_to_g2_ablation__seed_17,validation,brier_score,0.6538123810962614,lower,available,,False
model_independent_aviation_simulation,simulated_future_workload_classification,minirocket,chronaris_no_physics,17,simulation_g1_to_g2_ablation__seed_17,validation,ece_10_bins,0.287480607881221,lower,available,,False
model_independent_aviation_simulation,simulated_future_workload_regression,minirocket,chronaris_no_physics,17,simulation_g1_to_g2_ablation__seed_17,validation,mae,0.10428458545356989,lower,available,,False
model_independent_aviation_simulation,simulated_future_workload_regression,minirocket,chronaris_no_physics,17,simulation_g1_to_g2_ablation__seed_17,validation,rmse,0.13596213734300483,lower,available,,False
model_independent_aviation_simulation,simulated_future_workload_regression,minirocket,chronaris_no_physics,17,simulation_g1_to_g2_ablation__seed_17,validation,spearman,0.7299104720564297,higher,available,,False
model_independent_aviation_simulation,simulated_maneuver_state_segmentation,causal_tcn_raw,chronaris_no_physics,17,simulation_g1_to_g2_ablation__seed_17,validation,frame_macro_f1,0.6413914599633304,higher,available,,False
model_independent_aviation_simulation,simulated_maneuver_state_segmentation,causal_tcn_raw,chronaris_no_physics,17,simulation_g1_to_g2_ablation__seed_17,validation,segmental_f1_iou_0.10,0.6207405645824763,higher,available,,False
model_independent_aviation_simulation,simulated_maneuver_state_segmentation,causal_tcn_raw,chronaris_no_physics,17,simulation_g1_to_g2_ablation__seed_17,validation,segmental_f1_iou_0.25,0.5451211149281002,higher,available,,False
model_independent_aviation_simulation,simulated_maneuver_state_segmentation,causal_tcn_raw,chronaris_no_physics,17,simulation_g1_to_g2_ablation__seed_17,validation,segmental_f1_iou_0.50,0.4148758835799277,higher,available,,False
model_independent_aviation_simulation,simulated_maneuver_state_segmentation,causal_tcn_raw,chronaris_no_physics,17,simulation_g1_to_g2_ablation__seed_17,validation,boundary_f1_1s,0.27989316817441817,higher,available,,False
model_independent_aviation_simulation,simulated_maneuver_state_segmentation,causal_tcn_raw,chronaris_no_physics,17,simulation_g1_to_g2_ablation__seed_17,validation,boundary_f1_2s,0.36870750777000777,higher,available,,False
model_independent_aviation_simulation,simulated_maneuver_state_segmentation,causal_tcn_raw,chronaris_no_physics,17,simulation_g1_to_g2_ablation__seed_17,validation,edit_score,0.5140983998980323,higher,available,,False
model_independent_aviation_simulation,simulated_maneuver_state_segmentation,causal_tcn_raw,chronaris_no_physics,17,simulation_g1_to_g2_ablation__seed_17,validation,boundary_detection_delay_s,2.9251802884615383,lower,available,,False
model_independent_aviation_simulation,simulated_maneuver_state_segmentation,causal_tcn_duration,chronaris_no_physics,17,simulation_g1_to_g2_ablation__seed_17,validation,frame_macro_f1,0.6829946377470184,higher,available,,False
model_independent_aviation_simulation,simulated_maneuver_state_segmentation,causal_tcn_duration,chronaris_no_physics,17,simulation_g1_to_g2_ablation__seed_17,validation,segmental_f1_iou_0.10,0.7927350427350427,higher,available,,False
model_independent_aviation_simulation,simulated_maneuver_state_segmentation,causal_tcn_duration,chronaris_no_physics,17,simulation_g1_to_g2_ablation__seed_17,validation,segmental_f1_iou_0.25,0.7381126974876975,higher,available,,False
model_independent_aviation_simulation,simulated_maneuver_state_segmentation,causal_tcn_duration,chronaris_no_physics,17,simulation_g1_to_g2_ablation__seed_17,validation,segmental_f1_iou_0.50,0.6089055042180043,higher,available,,False
model_independent_aviation_simulation,simulated_maneuver_state_segmentation,causal_tcn_duration,chronaris_no_physics,17,simulation_g1_to_g2_ablation__seed_17,validation,boundary_f1_1s,0.33725493256743255,higher,available,,False
model_independent_aviation_simulation,simulated_maneuver_state_segmentation,causal_tcn_duration,chronaris_no_physics,17,simulation_g1_to_g2_ablation__seed_17,validation,boundary_f1_2s,0.448748069060569,higher,available,,False
model_independent_aviation_simulation,simulated_maneuver_state_segmentation,causal_tcn_duration,chronaris_no_physics,17,simulation_g1_to_g2_ablation__seed_17,validation,edit_score,0.743915343915344,higher,available,,False
model_independent_aviation_simulation,simulated_maneuver_state_segmentation,causal_tcn_duration,chronaris_no_physics,17,simulation_g1_to_g2_ablation__seed_17,validation,boundary_detection_delay_s,3.2084344660194173,lower,available,,False
model_independent_aviation_simulation,simulated_future_workload_classification,linear,chronaris_no_physics,17,simulation_g1_to_g2_ablation__seed_17,held_out,macro_f1,0.4509174079322759,higher,available,,False
model_independent_aviation_simulation,simulated_future_workload_classification,linear,chronaris_no_physics,17,simulation_g1_to_g2_ablation__seed_17,held_out,balanced_accuracy,0.4503604714738007,higher,available,,False
model_independent_aviation_simulation,simulated_future_workload_classification,linear,chronaris_no_physics,17,simulation_g1_to_g2_ablation__seed_17,held_out,macro_auprc,0.5091444768209599,higher,available,,False
model_independent_aviation_simulation,simulated_future_workload_classification,linear,chronaris_no_physics,17,simulation_g1_to_g2_ablation__seed_17,held_out,brier_score,0.564614791627911,lower,available,,False
model_independent_aviation_simulation,simulated_future_workload_classification,linear,chronaris_no_physics,17,simulation_g1_to_g2_ablation__seed_17,held_out,ece_10_bins,0.19014725166781712,lower,available,,False
model_independent_aviation_simulation,simulated_future_workload_regression,linear,chronaris_no_physics,17,simulation_g1_to_g2_ablation__seed_17,held_out,mae,0.1470673099781076,lower,available,,False
model_independent_aviation_simulation,simulated_future_workload_regression,linear,chronaris_no_physics,17,simulation_g1_to_g2_ablation__seed_17,held_out,rmse,0.19140021235659258,lower,available,,False
model_independent_aviation_simulation,simulated_future_workload_regression,linear,chronaris_no_physics,17,simulation_g1_to_g2_ablation__seed_17,held_out,spearman,0.5574816539796732,higher,available,,False
model_independent_aviation_simulation,simulated_future_workload_classification,minirocket,chronaris_no_physics,17,simulation_g1_to_g2_ablation__seed_17,held_out,macro_f1,0.48599467082602194,higher,available,,False
model_independent_aviation_simulation,simulated_future_workload_classification,minirocket,chronaris_no_physics,17,simulation_g1_to_g2_ablation__seed_17,held_out,balanced_accuracy,0.4906756350104475,higher,available,,False
model_independent_aviation_simulation,simulated_future_workload_classification,minirocket,chronaris_no_physics,17,simulation_g1_to_g2_ablation__seed_17,held_out,macro_auprc,0.494894891474339,higher,available,,False
model_independent_aviation_simulation,simulated_future_workload_classification,minirocket,chronaris_no_physics,17,simulation_g1_to_g2_ablation__seed_17,held_out,brier_score,0.6732102243148045,lower,available,,False
model_independent_aviation_simulation,simulated_future_workload_classification,minirocket,chronaris_no_physics,17,simulation_g1_to_g2_ablation__seed_17,held_out,ece_10_bins,0.2284196934193068,lower,available,,False
model_independent_aviation_simulation,simulated_future_workload_regression,minirocket,chronaris_no_physics,17,simulation_g1_to_g2_ablation__seed_17,held_out,mae,0.1960617839358747,lower,available,,False
model_independent_aviation_simulation,simulated_future_workload_regression,minirocket,chronaris_no_physics,17,simulation_g1_to_g2_ablation__seed_17,held_out,rmse,0.2251127328784429,lower,available,,False
model_independent_aviation_simulation,simulated_future_workload_regression,minirocket,chronaris_no_physics,17,simulation_g1_to_g2_ablation__seed_17,held_out,spearman,0.571167469400038,higher,available,,False
model_independent_aviation_simulation,simulated_maneuver_state_segmentation,causal_tcn_raw,chronaris_no_physics,17,simulation_g1_to_g2_ablation__seed_17,held_out,frame_macro_f1,0.4482467448758866,higher,available,,False
model_independent_aviation_simulation,simulated_maneuver_state_segmentation,causal_tcn_raw,chronaris_no_physics,17,simulation_g1_to_g2_ablation__seed_17,held_out,segmental_f1_iou_0.10,0.5069213750237862,higher,available,,False
model_independent_aviation_simulation,simulated_maneuver_state_segmentation,causal_tcn_raw,chronaris_no_physics,17,simulation_g1_to_g2_ablation__seed_17,held_out,segmental_f1_iou_0.25,0.4270898594384364,higher,available,,False
model_independent_aviation_simulation,simulated_maneuver_state_segmentation,causal_tcn_raw,chronaris_no_physics,17,simulation_g1_to_g2_ablation__seed_17,held_out,segmental_f1_iou_0.50,0.2815998191181173,higher,available,,False
model_independent_aviation_simulation,simulated_maneuver_state_segmentation,causal_tcn_raw,chronaris_no_physics,17,simulation_g1_to_g2_ablation__seed_17,held_out,boundary_f1_1s,0.23017100275348149,higher,available,,False
model_independent_aviation_simulation,simulated_maneuver_state_segmentation,causal_tcn_raw,chronaris_no_physics,17,simulation_g1_to_g2_ablation__seed_17,held_out,boundary_f1_2s,0.34354997785725344,higher,available,,False
model_independent_aviation_simulation,simulated_maneuver_state_segmentation,causal_tcn_raw,chronaris_no_physics,17,simulation_g1_to_g2_ablation__seed_17,held_out,edit_score,0.5097458820115071,higher,available,,False
model_independent_aviation_simulation,simulated_maneuver_state_segmentation,causal_tcn_raw,chronaris_no_physics,17,simulation_g1_to_g2_ablation__seed_17,held_out,boundary_detection_delay_s,2.194502801120448,lower,available,,False
model_independent_aviation_simulation,simulated_maneuver_state_segmentation,causal_tcn_duration,chronaris_no_physics,17,simulation_g1_to_g2_ablation__seed_17,held_out,frame_macro_f1,0.46379972785700785,higher,available,,False
model_independent_aviation_simulation,simulated_maneuver_state_segmentation,causal_tcn_duration,chronaris_no_physics,17,simulation_g1_to_g2_ablation__seed_17,held_out,segmental_f1_iou_0.10,0.6196430824417957,higher,available,,False
model_independent_aviation_simulation,simulated_maneuver_state_segmentation,causal_tcn_duration,chronaris_no_physics,17,simulation_g1_to_g2_ablation__seed_17,held_out,segmental_f1_iou_0.25,0.5440318379197057,higher,available,,False
model_independent_aviation_simulation,simulated_maneuver_state_segmentation,causal_tcn_duration,chronaris_no_physics,17,simulation_g1_to_g2_ablation__seed_17,held_out,segmental_f1_iou_0.50,0.41419091104293315,higher,available,,False
model_independent_aviation_simulation,simulated_maneuver_state_segmentation,causal_tcn_duration,chronaris_no_physics,17,simulation_g1_to_g2_ablation__seed_17,held_out,boundary_f1_1s,0.22907494552231392,higher,available,,False
model_independent_aviation_simulation,simulated_maneuver_state_segmentation,causal_tcn_duration,chronaris_no_physics,17,simulation_g1_to_g2_ablation__seed_17,held_out,boundary_f1_2s,0.36812025541466326,higher,available,,False
model_independent_aviation_simulation,simulated_maneuver_state_segmentation,causal_tcn_duration,chronaris_no_physics,17,simulation_g1_to_g2_ablation__seed_17,held_out,edit_score,0.585408782479095,higher,available,,False
model_independent_aviation_simulation,simulated_maneuver_state_segmentation,causal_tcn_duration,chronaris_no_physics,17,simulation_g1_to_g2_ablation__seed_17,held_out,boundary_detection_delay_s,2.393713662790698,lower,available,,False
model_independent_aviation_simulation,simulated_future_workload_classification,linear,chronaris_no_causal_mask,17,simulation_g1_to_g2_ablation__seed_17,validation,macro_f1,0.4756483238456673,higher,available,,False
model_independent_aviation_simulation,simulated_future_workload_classification,linear,chronaris_no_causal_mask,17,simulation_g1_to_g2_ablation__seed_17,validation,balanced_accuracy,0.47471480019839984,higher,available,,False
model_independent_aviation_simulation,simulated_future_workload_classification,linear,chronaris_no_causal_mask,17,simulation_g1_to_g2_ablation__seed_17,validation,macro_auprc,0.5315014349593178,higher,available,,False
model_independent_aviation_simulation,simulated_future_workload_classification,linear,chronaris_no_causal_mask,17,simulation_g1_to_g2_ablation__seed_17,validation,brier_score,0.6623149754758855,lower,available,,False
model_independent_aviation_simulation,simulated_future_workload_classification,linear,chronaris_no_causal_mask,17,simulation_g1_to_g2_ablation__seed_17,validation,ece_10_bins,0.22100833303920536,lower,available,,False
model_independent_aviation_simulation,simulated_future_workload_regression,linear,chronaris_no_causal_mask,17,simulation_g1_to_g2_ablation__seed_17,validation,mae,0.1424258646244804,lower,available,,False
model_independent_aviation_simulation,simulated_future_workload_regression,linear,chronaris_no_causal_mask,17,simulation_g1_to_g2_ablation__seed_17,validation,rmse,0.1733678119738812,lower,available,,False
model_independent_aviation_simulation,simulated_future_workload_regression,linear,chronaris_no_causal_mask,17,simulation_g1_to_g2_ablation__seed_17,validation,spearman,0.5556022788931091,higher,available,,False
model_independent_aviation_simulation,simulated_future_workload_classification,minirocket,chronaris_no_causal_mask,17,simulation_g1_to_g2_ablation__seed_17,validation,macro_f1,0.5754282127163483,higher,available,,False
model_independent_aviation_simulation,simulated_future_workload_classification,minirocket,chronaris_no_causal_mask,17,simulation_g1_to_g2_ablation__seed_17,validation,balanced_accuracy,0.5795648142157814,higher,available,,False
model_independent_aviation_simulation,simulated_future_workload_classification,minirocket,chronaris_no_causal_mask,17,simulation_g1_to_g2_ablation__seed_17,validation,macro_auprc,0.5703942499446226,higher,available,,False
model_independent_aviation_simulation,simulated_future_workload_classification,minirocket,chronaris_no_causal_mask,17,simulation_g1_to_g2_ablation__seed_17,validation,brier_score,0.7720972138125498,lower,available,,False
model_independent_aviation_simulation,simulated_future_workload_classification,minirocket,chronaris_no_causal_mask,17,simulation_g1_to_g2_ablation__seed_17,validation,ece_10_bins,0.3501332547522333,lower,available,,False
model_independent_aviation_simulation,simulated_future_workload_regression,minirocket,chronaris_no_causal_mask,17,simulation_g1_to_g2_ablation__seed_17,validation,mae,0.1067181055744489,lower,available,,False
model_independent_aviation_simulation,simulated_future_workload_regression,minirocket,chronaris_no_causal_mask,17,simulation_g1_to_g2_ablation__seed_17,validation,rmse,0.1376437877332213,lower,available,,False
model_independent_aviation_simulation,simulated_future_workload_regression,minirocket,chronaris_no_causal_mask,17,simulation_g1_to_g2_ablation__seed_17,validation,spearman,0.725854584915898,higher,available,,False
model_independent_aviation_simulation,simulated_maneuver_state_segmentation,causal_tcn_raw,chronaris_no_causal_mask,17,simulation_g1_to_g2_ablation__seed_17,validation,frame_macro_f1,0.6386000538752528,higher,available,,False
model_independent_aviation_simulation,simulated_maneuver_state_segmentation,causal_tcn_raw,chronaris_no_causal_mask,17,simulation_g1_to_g2_ablation__seed_17,validation,segmental_f1_iou_0.10,0.6358474994504407,higher,available,,False
model_independent_aviation_simulation,simulated_maneuver_state_segmentation,causal_tcn_raw,chronaris_no_causal_mask,17,simulation_g1_to_g2_ablation__seed_17,validation,segmental_f1_iou_0.25,0.5531347261126672,higher,available,,False
model_independent_aviation_simulation,simulated_maneuver_state_segmentation,causal_tcn_raw,chronaris_no_causal_mask,17,simulation_g1_to_g2_ablation__seed_17,validation,segmental_f1_iou_0.50,0.4017065654933302,higher,available,,False
model_independent_aviation_simulation,simulated_maneuver_state_segmentation,causal_tcn_raw,chronaris_no_causal_mask,17,simulation_g1_to_g2_ablation__seed_17,validation,boundary_f1_1s,0.2828453953453954,higher,available,,False
model_independent_aviation_simulation,simulated_maneuver_state_segmentation,causal_tcn_raw,chronaris_no_causal_mask,17,simulation_g1_to_g2_ablation__seed_17,validation,boundary_f1_2s,0.38887356856106853,higher,available,,False
model_independent_aviation_simulation,simulated_maneuver_state_segmentation,causal_tcn_raw,chronaris_no_causal_mask,17,simulation_g1_to_g2_ablation__seed_17,validation,edit_score,0.526266384078884,higher,available,,False
model_independent_aviation_simulation,simulated_maneuver_state_segmentation,causal_tcn_raw,chronaris_no_causal_mask,17,simulation_g1_to_g2_ablation__seed_17,validation,boundary_detection_delay_s,3.039913366336634,lower,available,,False
model_independent_aviation_simulation,simulated_maneuver_state_segmentation,causal_tcn_duration,chronaris_no_causal_mask,17,simulation_g1_to_g2_ablation__seed_17,validation,frame_macro_f1,0.6722516241897106,higher,available,,False
model_independent_aviation_simulation,simulated_maneuver_state_segmentation,causal_tcn_duration,chronaris_no_causal_mask,17,simulation_g1_to_g2_ablation__seed_17,validation,segmental_f1_iou_0.10,0.7883770743145743,higher,available,,False
model_independent_aviation_simulation,simulated_maneuver_state_segmentation,causal_tcn_duration,chronaris_no_causal_mask,17,simulation_g1_to_g2_ablation__seed_17,validation,segmental_f1_iou_0.25,0.7391028531653531,higher,available,,False
model_independent_aviation_simulation,simulated_maneuver_state_segmentation,causal_tcn_duration,chronaris_no_causal_mask,17,simulation_g1_to_g2_ablation__seed_17,validation,segmental_f1_iou_0.50,0.5682746073371073,higher,available,,False
model_independent_aviation_simulation,simulated_maneuver_state_segmentation,causal_tcn_duration,chronaris_no_causal_mask,17,simulation_g1_to_g2_ablation__seed_17,validation,boundary_f1_1s,0.3374639249639249,higher,available,,False
model_independent_aviation_simulation,simulated_maneuver_state_segmentation,causal_tcn_duration,chronaris_no_causal_mask,17,simulation_g1_to_g2_ablation__seed_17,validation,boundary_f1_2s,0.48138152356902353,higher,available,,False
model_independent_aviation_simulation,simulated_maneuver_state_segmentation,causal_tcn_duration,chronaris_no_causal_mask,17,simulation_g1_to_g2_ablation__seed_17,validation,edit_score,0.737119708994709,higher,available,,False
model_independent_aviation_simulation,simulated_maneuver_state_segmentation,causal_tcn_duration,chronaris_no_causal_mask,17,simulation_g1_to_g2_ablation__seed_17,validation,boundary_detection_delay_s,3.16025641025641,lower,available,,False
model_independent_aviation_simulation,simulated_future_workload_classification,linear,chronaris_no_causal_mask,17,simulation_g1_to_g2_ablation__seed_17,held_out,macro_f1,0.43704788583960047,higher,available,,False
model_independent_aviation_simulation,simulated_future_workload_classification,linear,chronaris_no_causal_mask,17,simulation_g1_to_g2_ablation__seed_17,held_out,balanced_accuracy,0.4366536549391585,higher,available,,False
model_independent_aviation_simulation,simulated_future_workload_classification,linear,chronaris_no_causal_mask,17,simulation_g1_to_g2_ablation__seed_17,held_out,macro_auprc,0.4648975871543051,higher,available,,False
model_independent_aviation_simulation,simulated_future_workload_classification,linear,chronaris_no_causal_mask,17,simulation_g1_to_g2_ablation__seed_17,held_out,brier_score,0.5883714191774853,lower,available,,False
model_independent_aviation_simulation,simulated_future_workload_classification,linear,chronaris_no_causal_mask,17,simulation_g1_to_g2_ablation__seed_17,held_out,ece_10_bins,0.191474545368477,lower,available,,False
model_independent_aviation_simulation,simulated_future_workload_regression,linear,chronaris_no_causal_mask,17,simulation_g1_to_g2_ablation__seed_17,held_out,mae,0.18093468621373177,lower,available,,False
model_independent_aviation_simulation,simulated_future_workload_regression,linear,chronaris_no_causal_mask,17,simulation_g1_to_g2_ablation__seed_17,held_out,rmse,0.21279985244872254,lower,available,,False
model_independent_aviation_simulation,simulated_future_workload_regression,linear,chronaris_no_causal_mask,17,simulation_g1_to_g2_ablation__seed_17,held_out,spearman,0.5066913752829239,higher,available,,False
model_independent_aviation_simulation,simulated_future_workload_classification,minirocket,chronaris_no_causal_mask,17,simulation_g1_to_g2_ablation__seed_17,held_out,macro_f1,0.4638591068611353,higher,available,,False
model_independent_aviation_simulation,simulated_future_workload_classification,minirocket,chronaris_no_causal_mask,17,simulation_g1_to_g2_ablation__seed_17,held_out,balanced_accuracy,0.461835797932534,higher,available,,False
model_independent_aviation_simulation,simulated_future_workload_classification,minirocket,chronaris_no_causal_mask,17,simulation_g1_to_g2_ablation__seed_17,held_out,macro_auprc,0.4992992315694699,higher,available,,False
model_independent_aviation_simulation,simulated_future_workload_classification,minirocket,chronaris_no_causal_mask,17,simulation_g1_to_g2_ablation__seed_17,held_out,brier_score,0.653269049365555,lower,available,,False
model_independent_aviation_simulation,simulated_future_workload_classification,minirocket,chronaris_no_causal_mask,17,simulation_g1_to_g2_ablation__seed_17,held_out,ece_10_bins,0.30794131764846083,lower,available,,False
model_independent_aviation_simulation,simulated_future_workload_regression,minirocket,chronaris_no_causal_mask,17,simulation_g1_to_g2_ablation__seed_17,held_out,mae,0.16408757539466023,lower,available,,False
model_independent_aviation_simulation,simulated_future_workload_regression,minirocket,chronaris_no_causal_mask,17,simulation_g1_to_g2_ablation__seed_17,held_out,rmse,0.19277796987299178,lower,available,,False
model_independent_aviation_simulation,simulated_future_workload_regression,minirocket,chronaris_no_causal_mask,17,simulation_g1_to_g2_ablation__seed_17,held_out,spearman,0.6223146440514439,higher,available,,False
model_independent_aviation_simulation,simulated_maneuver_state_segmentation,causal_tcn_raw,chronaris_no_causal_mask,17,simulation_g1_to_g2_ablation__seed_17,held_out,frame_macro_f1,0.35979428666260266,higher,available,,False
model_independent_aviation_simulation,simulated_maneuver_state_segmentation,causal_tcn_raw,chronaris_no_causal_mask,17,simulation_g1_to_g2_ablation__seed_17,held_out,segmental_f1_iou_0.10,0.45985280455899186,higher,available,,False
model_independent_aviation_simulation,simulated_maneuver_state_segmentation,causal_tcn_raw,chronaris_no_causal_mask,17,simulation_g1_to_g2_ablation__seed_17,held_out,segmental_f1_iou_0.25,0.38233480828600036,higher,available,,False
model_independent_aviation_simulation,simulated_maneuver_state_segmentation,causal_tcn_raw,chronaris_no_causal_mask,17,simulation_g1_to_g2_ablation__seed_17,held_out,segmental_f1_iou_0.50,0.2848803410425306,higher,available,,False
model_independent_aviation_simulation,simulated_maneuver_state_segmentation,causal_tcn_raw,chronaris_no_causal_mask,17,simulation_g1_to_g2_ablation__seed_17,held_out,boundary_f1_1s,0.25027909831146095,higher,available,,False
model_independent_aviation_simulation,simulated_maneuver_state_segmentation,causal_tcn_raw,chronaris_no_causal_mask,17,simulation_g1_to_g2_ablation__seed_17,held_out,boundary_f1_2s,0.3559016666759023,higher,available,,False
model_independent_aviation_simulation,simulated_maneuver_state_segmentation,causal_tcn_raw,chronaris_no_causal_mask,17,simulation_g1_to_g2_ablation__seed_17,held_out,edit_score,0.5397042393710593,higher,available,,False
model_independent_aviation_simulation,simulated_maneuver_state_segmentation,causal_tcn_raw,chronaris_no_causal_mask,17,simulation_g1_to_g2_ablation__seed_17,held_out,boundary_detection_delay_s,1.5757575757575757,lower,available,,False
model_independent_aviation_simulation,simulated_maneuver_state_segmentation,causal_tcn_duration,chronaris_no_causal_mask,17,simulation_g1_to_g2_ablation__seed_17,held_out,frame_macro_f1,0.3750774478541663,higher,available,,False
model_independent_aviation_simulation,simulated_maneuver_state_segmentation,causal_tcn_duration,chronaris_no_causal_mask,17,simulation_g1_to_g2_ablation__seed_17,held_out,segmental_f1_iou_0.10,0.5513799345201725,higher,available,,False
model_independent_aviation_simulation,simulated_maneuver_state_segmentation,causal_tcn_duration,chronaris_no_causal_mask,17,simulation_g1_to_g2_ablation__seed_17,held_out,segmental_f1_iou_0.25,0.4796508449142447,higher,available,,False
model_independent_aviation_simulation,simulated_maneuver_state_segmentation,causal_tcn_duration,chronaris_no_causal_mask,17,simulation_g1_to_g2_ablation__seed_17,held_out,segmental_f1_iou_0.50,0.37317705527723916,higher,available,,False
model_independent_aviation_simulation,simulated_maneuver_state_segmentation,causal_tcn_duration,chronaris_no_causal_mask,17,simulation_g1_to_g2_ablation__seed_17,held_out,boundary_f1_1s,0.2314502235917677,higher,available,,False
model_independent_aviation_simulation,simulated_maneuver_state_segmentation,causal_tcn_duration,chronaris_no_causal_mask,17,simulation_g1_to_g2_ablation__seed_17,held_out,boundary_f1_2s,0.3708483731002114,higher,available,,False
model_independent_aviation_simulation,simulated_maneuver_state_segmentation,causal_tcn_duration,chronaris_no_causal_mask,17,simulation_g1_to_g2_ablation__seed_17,held_out,edit_score,0.5687325333809709,higher,available,,False
model_independent_aviation_simulation,simulated_maneuver_state_segmentation,causal_tcn_duration,chronaris_no_causal_mask,17,simulation_g1_to_g2_ablation__seed_17,held_out,boundary_detection_delay_s,1.6746031746031746,lower,available,,False
model_independent_aviation_simulation,simulated_future_workload_classification,linear,chronaris_single_scale_lag,17,simulation_g1_to_g2_ablation__seed_17,validation,macro_f1,0.49826839826839825,higher,available,,False
model_independent_aviation_simulation,simulated_future_workload_classification,linear,chronaris_single_scale_lag,17,simulation_g1_to_g2_ablation__seed_17,validation,balanced_accuracy,0.4910504410083889,higher,available,,False
model_independent_aviation_simulation,simulated_future_workload_classification,linear,chronaris_single_scale_lag,17,simulation_g1_to_g2_ablation__seed_17,validation,macro_auprc,0.5336993528531214,higher,available,,False
model_independent_aviation_simulation,simulated_future_workload_classification,linear,chronaris_single_scale_lag,17,simulation_g1_to_g2_ablation__seed_17,validation,brier_score,0.6283255083683668,lower,available,,False
model_independent_aviation_simulation,simulated_future_workload_classification,linear,chronaris_single_scale_lag,17,simulation_g1_to_g2_ablation__seed_17,validation,ece_10_bins,0.17414876863380258,lower,available,,False
model_independent_aviation_simulation,simulated_future_workload_regression,linear,chronaris_single_scale_lag,17,simulation_g1_to_g2_ablation__seed_17,validation,mae,0.11759228662898143,lower,available,,False
model_independent_aviation_simulation,simulated_future_workload_regression,linear,chronaris_single_scale_lag,17,simulation_g1_to_g2_ablation__seed_17,validation,rmse,0.14840492304989086,lower,available,,False
model_independent_aviation_simulation,simulated_future_workload_regression,linear,chronaris_single_scale_lag,17,simulation_g1_to_g2_ablation__seed_17,validation,spearman,0.7094275637547477,higher,available,,False
model_independent_aviation_simulation,simulated_future_workload_classification,minirocket,chronaris_single_scale_lag,17,simulation_g1_to_g2_ablation__seed_17,validation,macro_f1,0.5814035087719298,higher,available,,False
model_independent_aviation_simulation,simulated_future_workload_classification,minirocket,chronaris_single_scale_lag,17,simulation_g1_to_g2_ablation__seed_17,validation,balanced_accuracy,0.580966552371094,higher,available,,False
model_independent_aviation_simulation,simulated_future_workload_classification,minirocket,chronaris_single_scale_lag,17,simulation_g1_to_g2_ablation__seed_17,validation,macro_auprc,0.5831949979582199,higher,available,,False
model_independent_aviation_simulation,simulated_future_workload_classification,minirocket,chronaris_single_scale_lag,17,simulation_g1_to_g2_ablation__seed_17,validation,brier_score,0.7174019112071508,lower,available,,False
model_independent_aviation_simulation,simulated_future_workload_classification,minirocket,chronaris_single_scale_lag,17,simulation_g1_to_g2_ablation__seed_17,validation,ece_10_bins,0.3209273066730924,lower,available,,False
model_independent_aviation_simulation,simulated_future_workload_regression,minirocket,chronaris_single_scale_lag,17,simulation_g1_to_g2_ablation__seed_17,validation,mae,0.11211785798271497,lower,available,,False
model_independent_aviation_simulation,simulated_future_workload_regression,minirocket,chronaris_single_scale_lag,17,simulation_g1_to_g2_ablation__seed_17,validation,rmse,0.14403075863860976,lower,available,,False
model_independent_aviation_simulation,simulated_future_workload_regression,minirocket,chronaris_single_scale_lag,17,simulation_g1_to_g2_ablation__seed_17,validation,spearman,0.702319587628866,higher,available,,False
model_independent_aviation_simulation,simulated_maneuver_state_segmentation,causal_tcn_raw,chronaris_single_scale_lag,17,simulation_g1_to_g2_ablation__seed_17,validation,frame_macro_f1,0.6238987083134464,higher,available,,False
model_independent_aviation_simulation,simulated_maneuver_state_segmentation,causal_tcn_raw,chronaris_single_scale_lag,17,simulation_g1_to_g2_ablation__seed_17,validation,segmental_f1_iou_0.10,0.6186584759195054,higher,available,,False
model_independent_aviation_simulation,simulated_maneuver_state_segmentation,causal_tcn_raw,chronaris_single_scale_lag,17,simulation_g1_to_g2_ablation__seed_17,validation,segmental_f1_iou_0.25,0.5500510246833776,higher,available,,False
model_independent_aviation_simulation,simulated_maneuver_state_segmentation,causal_tcn_raw,chronaris_single_scale_lag,17,simulation_g1_to_g2_ablation__seed_17,validation,segmental_f1_iou_0.50,0.37664533349275997,higher,available,,False
model_independent_aviation_simulation,simulated_maneuver_state_segmentation,causal_tcn_raw,chronaris_single_scale_lag,17,simulation_g1_to_g2_ablation__seed_17,validation,boundary_f1_1s,0.25552092583342584,higher,available,,False
model_independent_aviation_simulation,simulated_maneuver_state_segmentation,causal_tcn_raw,chronaris_single_scale_lag,17,simulation_g1_to_g2_ablation__seed_17,validation,boundary_f1_2s,0.36153877950752955,higher,available,,False
model_independent_aviation_simulation,simulated_maneuver_state_segmentation,causal_tcn_raw,chronaris_single_scale_lag,17,simulation_g1_to_g2_ablation__seed_17,validation,edit_score,0.5332240386927887,higher,available,,False
model_independent_aviation_simulation,simulated_maneuver_state_segmentation,causal_tcn_raw,chronaris_single_scale_lag,17,simulation_g1_to_g2_ablation__seed_17,validation,boundary_detection_delay_s,3.1723933649289098,lower,available,,False
model_independent_aviation_simulation,simulated_maneuver_state_segmentation,causal_tcn_duration,chronaris_single_scale_lag,17,simulation_g1_to_g2_ablation__seed_17,validation,frame_macro_f1,0.6655224240085377,higher,available,,False
model_independent_aviation_simulation,simulated_maneuver_state_segmentation,causal_tcn_duration,chronaris_single_scale_lag,17,simulation_g1_to_g2_ablation__seed_17,validation,segmental_f1_iou_0.10,0.8156628094128093,higher,available,,False
model_independent_aviation_simulation,simulated_maneuver_state_segmentation,causal_tcn_duration,chronaris_single_scale_lag,17,simulation_g1_to_g2_ablation__seed_17,validation,segmental_f1_iou_0.25,0.743697910885411,higher,available,,False
model_independent_aviation_simulation,simulated_maneuver_state_segmentation,causal_tcn_duration,chronaris_single_scale_lag,17,simulation_g1_to_g2_ablation__seed_17,validation,segmental_f1_iou_0.50,0.5844860579235579,higher,available,,False
model_independent_aviation_simulation,simulated_maneuver_state_segmentation,causal_tcn_duration,chronaris_single_scale_lag,17,simulation_g1_to_g2_ablation__seed_17,validation,boundary_f1_1s,0.3324382215007215,higher,available,,False
model_independent_aviation_simulation,simulated_maneuver_state_segmentation,causal_tcn_duration,chronaris_single_scale_lag,17,simulation_g1_to_g2_ablation__seed_17,validation,boundary_f1_2s,0.4592833092833093,higher,available,,False
model_independent_aviation_simulation,simulated_maneuver_state_segmentation,causal_tcn_duration,chronaris_single_scale_lag,17,simulation_g1_to_g2_ablation__seed_17,validation,edit_score,0.7742270171957673,higher,available,,False
model_independent_aviation_simulation,simulated_maneuver_state_segmentation,causal_tcn_duration,chronaris_single_scale_lag,17,simulation_g1_to_g2_ablation__seed_17,validation,boundary_detection_delay_s,3.4634146341463414,lower,available,,False
model_independent_aviation_simulation,simulated_future_workload_classification,linear,chronaris_single_scale_lag,17,simulation_g1_to_g2_ablation__seed_17,held_out,macro_f1,0.47764515178308287,higher,available,,False
model_independent_aviation_simulation,simulated_future_workload_classification,linear,chronaris_single_scale_lag,17,simulation_g1_to_g2_ablation__seed_17,held_out,balanced_accuracy,0.4790710389461772,higher,available,,False
model_independent_aviation_simulation,simulated_future_workload_classification,linear,chronaris_single_scale_lag,17,simulation_g1_to_g2_ablation__seed_17,held_out,macro_auprc,0.5317186346206993,higher,available,,False
model_independent_aviation_simulation,simulated_future_workload_classification,linear,chronaris_single_scale_lag,17,simulation_g1_to_g2_ablation__seed_17,held_out,brier_score,0.5166815447287371,lower,available,,False
model_independent_aviation_simulation,simulated_future_workload_classification,linear,chronaris_single_scale_lag,17,simulation_g1_to_g2_ablation__seed_17,held_out,ece_10_bins,0.09145316389604803,lower,available,,False
model_independent_aviation_simulation,simulated_future_workload_regression,linear,chronaris_single_scale_lag,17,simulation_g1_to_g2_ablation__seed_17,held_out,mae,0.154172045023491,lower,available,,False
model_independent_aviation_simulation,simulated_future_workload_regression,linear,chronaris_single_scale_lag,17,simulation_g1_to_g2_ablation__seed_17,held_out,rmse,0.20378044524849978,lower,available,,False
model_independent_aviation_simulation,simulated_future_workload_regression,linear,chronaris_single_scale_lag,17,simulation_g1_to_g2_ablation__seed_17,held_out,spearman,0.5289206525347083,higher,available,,False
model_independent_aviation_simulation,simulated_future_workload_classification,minirocket,chronaris_single_scale_lag,17,simulation_g1_to_g2_ablation__seed_17,held_out,macro_f1,0.5213781652137817,higher,available,,False
model_independent_aviation_simulation,simulated_future_workload_classification,minirocket,chronaris_single_scale_lag,17,simulation_g1_to_g2_ablation__seed_17,held_out,balanced_accuracy,0.5354368253080218,higher,available,,False
model_independent_aviation_simulation,simulated_future_workload_classification,minirocket,chronaris_single_scale_lag,17,simulation_g1_to_g2_ablation__seed_17,held_out,macro_auprc,0.5239028664664035,higher,available,,False
model_independent_aviation_simulation,simulated_future_workload_classification,minirocket,chronaris_single_scale_lag,17,simulation_g1_to_g2_ablation__seed_17,held_out,brier_score,0.5960635787345462,lower,available,,False
model_independent_aviation_simulation,simulated_future_workload_classification,minirocket,chronaris_single_scale_lag,17,simulation_g1_to_g2_ablation__seed_17,held_out,ece_10_bins,0.21523755443647705,lower,available,,False
model_independent_aviation_simulation,simulated_future_workload_regression,minirocket,chronaris_single_scale_lag,17,simulation_g1_to_g2_ablation__seed_17,held_out,mae,0.1701834585207204,lower,available,,False
model_independent_aviation_simulation,simulated_future_workload_regression,minirocket,chronaris_single_scale_lag,17,simulation_g1_to_g2_ablation__seed_17,held_out,rmse,0.20264959883614042,lower,available,,False
model_independent_aviation_simulation,simulated_future_workload_regression,minirocket,chronaris_single_scale_lag,17,simulation_g1_to_g2_ablation__seed_17,held_out,spearman,0.6032847143836819,higher,available,,False
model_independent_aviation_simulation,simulated_maneuver_state_segmentation,causal_tcn_raw,chronaris_single_scale_lag,17,simulation_g1_to_g2_ablation__seed_17,held_out,frame_macro_f1,0.3888566999789889,higher,available,,False
model_independent_aviation_simulation,simulated_maneuver_state_segmentation,causal_tcn_raw,chronaris_single_scale_lag,17,simulation_g1_to_g2_ablation__seed_17,held_out,segmental_f1_iou_0.10,0.48435653152782604,higher,available,,False
model_independent_aviation_simulation,simulated_maneuver_state_segmentation,causal_tcn_raw,chronaris_single_scale_lag,17,simulation_g1_to_g2_ablation__seed_17,held_out,segmental_f1_iou_0.25,0.38100969476501595,higher,available,,False
model_independent_aviation_simulation,simulated_maneuver_state_segmentation,causal_tcn_raw,chronaris_single_scale_lag,17,simulation_g1_to_g2_ablation__seed_17,held_out,segmental_f1_iou_0.50,0.2619771873919997,higher,available,,False
model_independent_aviation_simulation,simulated_maneuver_state_segmentation,causal_tcn_raw,chronaris_single_scale_lag,17,simulation_g1_to_g2_ablation__seed_17,held_out,boundary_f1_1s,0.22683420752185265,higher,available,,False
model_independent_aviation_simulation,simulated_maneuver_state_segmentation,causal_tcn_raw,chronaris_single_scale_lag,17,simulation_g1_to_g2_ablation__seed_17,held_out,boundary_f1_2s,0.32116180043690684,higher,available,,False
model_independent_aviation_simulation,simulated_maneuver_state_segmentation,causal_tcn_raw,chronaris_single_scale_lag,17,simulation_g1_to_g2_ablation__seed_17,held_out,edit_score,0.5022494199744828,higher,available,,False
model_independent_aviation_simulation,simulated_maneuver_state_segmentation,causal_tcn_raw,chronaris_single_scale_lag,17,simulation_g1_to_g2_ablation__seed_17,held_out,boundary_detection_delay_s,2.113509749303621,lower,available,,False
model_independent_aviation_simulation,simulated_maneuver_state_segmentation,causal_tcn_duration,chronaris_single_scale_lag,17,simulation_g1_to_g2_ablation__seed_17,held_out,frame_macro_f1,0.41199183765908803,higher,available,,False
model_independent_aviation_simulation,simulated_maneuver_state_segmentation,causal_tcn_duration,chronaris_single_scale_lag,17,simulation_g1_to_g2_ablation__seed_17,held_out,segmental_f1_iou_0.10,0.5658970720273448,higher,available,,False
model_independent_aviation_simulation,simulated_maneuver_state_segmentation,causal_tcn_duration,chronaris_single_scale_lag,17,simulation_g1_to_g2_ablation__seed_17,held_out,segmental_f1_iou_0.25,0.4751106895698614,higher,available,,False
model_independent_aviation_simulation,simulated_maneuver_state_segmentation,causal_tcn_duration,chronaris_single_scale_lag,17,simulation_g1_to_g2_ablation__seed_17,held_out,segmental_f1_iou_0.50,0.3626809031450576,higher,available,,False
model_independent_aviation_simulation,simulated_maneuver_state_segmentation,causal_tcn_duration,chronaris_single_scale_lag,17,simulation_g1_to_g2_ablation__seed_17,held_out,boundary_f1_1s,0.2060371011391716,higher,available,,False
model_independent_aviation_simulation,simulated_maneuver_state_segmentation,causal_tcn_duration,chronaris_single_scale_lag,17,simulation_g1_to_g2_ablation__seed_17,held_out,boundary_f1_2s,0.3276074643987763,higher,available,,False
model_independent_aviation_simulation,simulated_maneuver_state_segmentation,causal_tcn_duration,chronaris_single_scale_lag,17,simulation_g1_to_g2_ablation__seed_17,held_out,edit_score,0.5493073477448478,higher,available,,False
model_independent_aviation_simulation,simulated_maneuver_state_segmentation,causal_tcn_duration,chronaris_single_scale_lag,17,simulation_g1_to_g2_ablation__seed_17,held_out,boundary_detection_delay_s,2.3451576576576576,lower,available,,False
model_independent_aviation_simulation,simulated_future_workload_classification,linear,chronaris_no_continuous_evolution,29,simulation_g1_to_g2_ablation__seed_29,validation,macro_f1,0.5673769957640925,higher,available,,False
model_independent_aviation_simulation,simulated_future_workload_classification,linear,chronaris_no_continuous_evolution,29,simulation_g1_to_g2_ablation__seed_29,validation,balanced_accuracy,0.5694722994975309,higher,available,,False
model_independent_aviation_simulation,simulated_future_workload_classification,linear,chronaris_no_continuous_evolution,29,simulation_g1_to_g2_ablation__seed_29,validation,macro_auprc,0.5472347604078901,higher,available,,False
model_independent_aviation_simulation,simulated_future_workload_classification,linear,chronaris_no_continuous_evolution,29,simulation_g1_to_g2_ablation__seed_29,validation,brier_score,0.5937845974555106,lower,available,,False
model_independent_aviation_simulation,simulated_future_workload_classification,linear,chronaris_no_continuous_evolution,29,simulation_g1_to_g2_ablation__seed_29,validation,ece_10_bins,0.14051406144991913,lower,available,,False
model_independent_aviation_simulation,simulated_future_workload_regression,linear,chronaris_no_continuous_evolution,29,simulation_g1_to_g2_ablation__seed_29,validation,mae,0.12579238632073006,lower,available,,False
model_independent_aviation_simulation,simulated_future_workload_regression,linear,chronaris_no_continuous_evolution,29,simulation_g1_to_g2_ablation__seed_29,validation,rmse,0.16120476235199196,lower,available,,False
model_independent_aviation_simulation,simulated_future_workload_regression,linear,chronaris_no_continuous_evolution,29,simulation_g1_to_g2_ablation__seed_29,validation,spearman,0.6037032013022247,higher,available,,False
model_independent_aviation_simulation,simulated_future_workload_classification,minirocket,chronaris_no_continuous_evolution,29,simulation_g1_to_g2_ablation__seed_29,validation,macro_f1,0.5715939153439153,higher,available,,False
model_independent_aviation_simulation,simulated_future_workload_classification,minirocket,chronaris_no_continuous_evolution,29,simulation_g1_to_g2_ablation__seed_29,validation,balanced_accuracy,0.5795648142157814,higher,available,,False
model_independent_aviation_simulation,simulated_future_workload_classification,minirocket,chronaris_no_continuous_evolution,29,simulation_g1_to_g2_ablation__seed_29,validation,macro_auprc,0.5659526641958519,higher,available,,False
model_independent_aviation_simulation,simulated_future_workload_classification,minirocket,chronaris_no_continuous_evolution,29,simulation_g1_to_g2_ablation__seed_29,validation,brier_score,0.7123744126302715,lower,available,,False
model_independent_aviation_simulation,simulated_future_workload_classification,minirocket,chronaris_no_continuous_evolution,29,simulation_g1_to_g2_ablation__seed_29,validation,ece_10_bins,0.3149102595774947,lower,available,,False
model_independent_aviation_simulation,simulated_future_workload_regression,minirocket,chronaris_no_continuous_evolution,29,simulation_g1_to_g2_ablation__seed_29,validation,mae,0.11564870923757553,lower,available,,False
model_independent_aviation_simulation,simulated_future_workload_regression,minirocket,chronaris_no_continuous_evolution,29,simulation_g1_to_g2_ablation__seed_29,validation,rmse,0.14746016287507688,lower,available,,False
model_independent_aviation_simulation,simulated_future_workload_regression,minirocket,chronaris_no_continuous_evolution,29,simulation_g1_to_g2_ablation__seed_29,validation,spearman,0.6937466087900163,higher,available,,False
model_independent_aviation_simulation,simulated_maneuver_state_segmentation,causal_tcn_raw,chronaris_no_continuous_evolution,29,simulation_g1_to_g2_ablation__seed_29,validation,frame_macro_f1,0.6310745562173318,higher,available,,False
model_independent_aviation_simulation,simulated_maneuver_state_segmentation,causal_tcn_raw,chronaris_no_continuous_evolution,29,simulation_g1_to_g2_ablation__seed_29,validation,segmental_f1_iou_0.10,0.6489050301550301,higher,available,,False
model_independent_aviation_simulation,simulated_maneuver_state_segmentation,causal_tcn_raw,chronaris_no_continuous_evolution,29,simulation_g1_to_g2_ablation__seed_29,validation,segmental_f1_iou_0.25,0.582554655992156,higher,available,,False
model_independent_aviation_simulation,simulated_maneuver_state_segmentation,causal_tcn_raw,chronaris_no_continuous_evolution,29,simulation_g1_to_g2_ablation__seed_29,validation,segmental_f1_iou_0.50,0.40746591371591373,higher,available,,False
model_independent_aviation_simulation,simulated_maneuver_state_segmentation,causal_tcn_raw,chronaris_no_continuous_evolution,29,simulation_g1_to_g2_ablation__seed_29,validation,boundary_f1_1s,0.2724652084027084,higher,available,,False
model_independent_aviation_simulation,simulated_maneuver_state_segmentation,causal_tcn_raw,chronaris_no_continuous_evolution,29,simulation_g1_to_g2_ablation__seed_29,validation,boundary_f1_2s,0.37226777851777854,higher,available,,False
model_independent_aviation_simulation,simulated_maneuver_state_segmentation,causal_tcn_raw,chronaris_no_continuous_evolution,29,simulation_g1_to_g2_ablation__seed_29,validation,edit_score,0.571951486013986,higher,available,,False
model_independent_aviation_simulation,simulated_maneuver_state_segmentation,causal_tcn_raw,chronaris_no_continuous_evolution,29,simulation_g1_to_g2_ablation__seed_29,validation,boundary_detection_delay_s,3.0814676616915424,lower,available,,False
model_independent_aviation_simulation,simulated_maneuver_state_segmentation,causal_tcn_duration,chronaris_no_continuous_evolution,29,simulation_g1_to_g2_ablation__seed_29,validation,frame_macro_f1,0.6656839271837436,higher,available,,False
model_independent_aviation_simulation,simulated_maneuver_state_segmentation,causal_tcn_duration,chronaris_no_continuous_evolution,29,simulation_g1_to_g2_ablation__seed_29,validation,segmental_f1_iou_0.10,0.7841675685425686,higher,available,,False
model_independent_aviation_simulation,simulated_maneuver_state_segmentation,causal_tcn_duration,chronaris_no_continuous_evolution,29,simulation_g1_to_g2_ablation__seed_29,validation,segmental_f1_iou_0.25,0.7148827445702445,higher,available,,False
model_independent_aviation_simulation,simulated_maneuver_state_segmentation,causal_tcn_duration,chronaris_no_continuous_evolution,29,simulation_g1_to_g2_ablation__seed_29,validation,segmental_f1_iou_0.50,0.5642544955044956,higher,available,,False
model_independent_aviation_simulation,simulated_maneuver_state_segmentation,causal_tcn_duration,chronaris_no_continuous_evolution,29,simulation_g1_to_g2_ablation__seed_29,validation,boundary_f1_1s,0.3233009467384467,higher,available,,False
model_independent_aviation_simulation,simulated_maneuver_state_segmentation,causal_tcn_duration,chronaris_no_continuous_evolution,29,simulation_g1_to_g2_ablation__seed_29,validation,boundary_f1_2s,0.4338253182003182,higher,available,,False
model_independent_aviation_simulation,simulated_maneuver_state_segmentation,causal_tcn_duration,chronaris_no_continuous_evolution,29,simulation_g1_to_g2_ablation__seed_29,validation,edit_score,0.7429161405723906,higher,available,,False
model_independent_aviation_simulation,simulated_maneuver_state_segmentation,causal_tcn_duration,chronaris_no_continuous_evolution,29,simulation_g1_to_g2_ablation__seed_29,validation,boundary_detection_delay_s,3.4532828282828283,lower,available,,False
model_independent_aviation_simulation,simulated_future_workload_classification,linear,chronaris_no_continuous_evolution,29,simulation_g1_to_g2_ablation__seed_29,held_out,macro_f1,0.4284935903193165,higher,available,,False
model_independent_aviation_simulation,simulated_future_workload_classification,linear,chronaris_no_continuous_evolution,29,simulation_g1_to_g2_ablation__seed_29,held_out,balanced_accuracy,0.44191344446281056,higher,available,,False
model_independent_aviation_simulation,simulated_future_workload_classification,linear,chronaris_no_continuous_evolution,29,simulation_g1_to_g2_ablation__seed_29,held_out,macro_auprc,0.47120550057871563,higher,available,,False
model_independent_aviation_simulation,simulated_future_workload_classification,linear,chronaris_no_continuous_evolution,29,simulation_g1_to_g2_ablation__seed_29,held_out,brier_score,0.5975697889399392,lower,available,,False
model_independent_aviation_simulation,simulated_future_workload_classification,linear,chronaris_no_continuous_evolution,29,simulation_g1_to_g2_ablation__seed_29,held_out,ece_10_bins,0.12821995784037848,lower,available,,False
model_independent_aviation_simulation,simulated_future_workload_regression,linear,chronaris_no_continuous_evolution,29,simulation_g1_to_g2_ablation__seed_29,held_out,mae,0.17235435048739114,lower,available,,False
model_independent_aviation_simulation,simulated_future_workload_regression,linear,chronaris_no_continuous_evolution,29,simulation_g1_to_g2_ablation__seed_29,held_out,rmse,0.21320300443398993,lower,available,,False
model_independent_aviation_simulation,simulated_future_workload_regression,linear,chronaris_no_continuous_evolution,29,simulation_g1_to_g2_ablation__seed_29,held_out,spearman,0.49299030065309607,higher,available,,False
model_independent_aviation_simulation,simulated_future_workload_classification,minirocket,chronaris_no_continuous_evolution,29,simulation_g1_to_g2_ablation__seed_29,held_out,macro_f1,0.34665419228370303,higher,available,,False
model_independent_aviation_simulation,simulated_future_workload_classification,minirocket,chronaris_no_continuous_evolution,29,simulation_g1_to_g2_ablation__seed_29,held_out,balanced_accuracy,0.3812097092069628,higher,available,,False
model_independent_aviation_simulation,simulated_future_workload_classification,minirocket,chronaris_no_continuous_evolution,29,simulation_g1_to_g2_ablation__seed_29,held_out,macro_auprc,0.42784934737457664,higher,available,,False
model_independent_aviation_simulation,simulated_future_workload_classification,minirocket,chronaris_no_continuous_evolution,29,simulation_g1_to_g2_ablation__seed_29,held_out,brier_score,0.9474642948733235,lower,available,,False
model_independent_aviation_simulation,simulated_future_workload_classification,minirocket,chronaris_no_continuous_evolution,29,simulation_g1_to_g2_ablation__seed_29,held_out,ece_10_bins,0.41790830009498364,lower,available,,False
model_independent_aviation_simulation,simulated_future_workload_regression,minirocket,chronaris_no_continuous_evolution,29,simulation_g1_to_g2_ablation__seed_29,held_out,mae,0.21624967626606426,lower,available,,False
model_independent_aviation_simulation,simulated_future_workload_regression,minirocket,chronaris_no_continuous_evolution,29,simulation_g1_to_g2_ablation__seed_29,held_out,rmse,0.2496774626006507,lower,available,,False
model_independent_aviation_simulation,simulated_future_workload_regression,minirocket,chronaris_no_continuous_evolution,29,simulation_g1_to_g2_ablation__seed_29,held_out,spearman,0.4130150883911273,higher,available,,False
model_independent_aviation_simulation,simulated_maneuver_state_segmentation,causal_tcn_raw,chronaris_no_continuous_evolution,29,simulation_g1_to_g2_ablation__seed_29,held_out,frame_macro_f1,0.40483507145464587,higher,available,,False
model_independent_aviation_simulation,simulated_maneuver_state_segmentation,causal_tcn_raw,chronaris_no_continuous_evolution,29,simulation_g1_to_g2_ablation__seed_29,held_out,segmental_f1_iou_0.10,0.47103939514325543,higher,available,,False
model_independent_aviation_simulation,simulated_maneuver_state_segmentation,causal_tcn_raw,chronaris_no_continuous_evolution,29,simulation_g1_to_g2_ablation__seed_29,held_out,segmental_f1_iou_0.25,0.3941837004566784,higher,available,,False
model_independent_aviation_simulation,simulated_maneuver_state_segmentation,causal_tcn_raw,chronaris_no_continuous_evolution,29,simulation_g1_to_g2_ablation__seed_29,held_out,segmental_f1_iou_0.50,0.26635432072012954,higher,available,,False
model_independent_aviation_simulation,simulated_maneuver_state_segmentation,causal_tcn_raw,chronaris_no_continuous_evolution,29,simulation_g1_to_g2_ablation__seed_29,held_out,boundary_f1_1s,0.22465932504995,higher,available,,False
model_independent_aviation_simulation,simulated_maneuver_state_segmentation,causal_tcn_raw,chronaris_no_continuous_evolution,29,simulation_g1_to_g2_ablation__seed_29,held_out,boundary_f1_2s,0.3368682388213638,higher,available,,False
model_independent_aviation_simulation,simulated_maneuver_state_segmentation,causal_tcn_raw,chronaris_no_continuous_evolution,29,simulation_g1_to_g2_ablation__seed_29,held_out,edit_score,0.5024808958402708,higher,available,,False
model_independent_aviation_simulation,simulated_maneuver_state_segmentation,causal_tcn_raw,chronaris_no_continuous_evolution,29,simulation_g1_to_g2_ablation__seed_29,held_out,boundary_detection_delay_s,2.177019817073171,lower,available,,False
model_independent_aviation_simulation,simulated_maneuver_state_segmentation,causal_tcn_duration,chronaris_no_continuous_evolution,29,simulation_g1_to_g2_ablation__seed_29,held_out,frame_macro_f1,0.4310971921528983,higher,available,,False
model_independent_aviation_simulation,simulated_maneuver_state_segmentation,causal_tcn_duration,chronaris_no_continuous_evolution,29,simulation_g1_to_g2_ablation__seed_29,held_out,segmental_f1_iou_0.10,0.5690573120030841,higher,available,,False
model_independent_aviation_simulation,simulated_maneuver_state_segmentation,causal_tcn_duration,chronaris_no_continuous_evolution,29,simulation_g1_to_g2_ablation__seed_29,held_out,segmental_f1_iou_0.25,0.4912600905018185,higher,available,,False
model_independent_aviation_simulation,simulated_maneuver_state_segmentation,causal_tcn_duration,chronaris_no_continuous_evolution,29,simulation_g1_to_g2_ablation__seed_29,held_out,segmental_f1_iou_0.50,0.35978619436799586,higher,available,,False
model_independent_aviation_simulation,simulated_maneuver_state_segmentation,causal_tcn_duration,chronaris_no_continuous_evolution,29,simulation_g1_to_g2_ablation__seed_29,held_out,boundary_f1_1s,0.22105247183372181,higher,available,,False
model_independent_aviation_simulation,simulated_maneuver_state_segmentation,causal_tcn_duration,chronaris_no_continuous_evolution,29,simulation_g1_to_g2_ablation__seed_29,held_out,boundary_f1_2s,0.3502062896594147,higher,available,,False
model_independent_aviation_simulation,simulated_maneuver_state_segmentation,causal_tcn_duration,chronaris_no_continuous_evolution,29,simulation_g1_to_g2_ablation__seed_29,held_out,edit_score,0.5749005913068413,higher,available,,False
model_independent_aviation_simulation,simulated_maneuver_state_segmentation,causal_tcn_duration,chronaris_no_continuous_evolution,29,simulation_g1_to_g2_ablation__seed_29,held_out,boundary_detection_delay_s,2.2232142857142856,lower,available,,False
model_independent_aviation_simulation,simulated_future_workload_classification,linear,chronaris_no_physics,29,simulation_g1_to_g2_ablation__seed_29,validation,macro_f1,0.5126705653021443,higher,available,,False
model_independent_aviation_simulation,simulated_future_workload_classification,linear,chronaris_no_physics,29,simulation_g1_to_g2_ablation__seed_29,validation,balanced_accuracy,0.5073106036100149,higher,available,,False
model_independent_aviation_simulation,simulated_future_workload_classification,linear,chronaris_no_physics,29,simulation_g1_to_g2_ablation__seed_29,validation,macro_auprc,0.5213941234963037,higher,available,,False
model_independent_aviation_simulation,simulated_future_workload_classification,linear,chronaris_no_physics,29,simulation_g1_to_g2_ablation__seed_29,validation,brier_score,0.5982452879176248,lower,available,,False
model_independent_aviation_simulation,simulated_future_workload_classification,linear,chronaris_no_physics,29,simulation_g1_to_g2_ablation__seed_29,validation,ece_10_bins,0.0502987917787934,lower,available,,False
model_independent_aviation_simulation,simulated_future_workload_regression,linear,chronaris_no_physics,29,simulation_g1_to_g2_ablation__seed_29,validation,mae,0.1280757887288928,lower,available,,False
model_independent_aviation_simulation,simulated_future_workload_regression,linear,chronaris_no_physics,29,simulation_g1_to_g2_ablation__seed_29,validation,rmse,0.16676020306365433,lower,available,,False
model_independent_aviation_simulation,simulated_future_workload_regression,linear,chronaris_no_physics,29,simulation_g1_to_g2_ablation__seed_29,validation,spearman,0.5801139446554531,higher,available,,False
model_independent_aviation_simulation,simulated_future_workload_classification,minirocket,chronaris_no_physics,29,simulation_g1_to_g2_ablation__seed_29,validation,macro_f1,0.5698924731182796,higher,available,,False
model_independent_aviation_simulation,simulated_future_workload_classification,minirocket,chronaris_no_physics,29,simulation_g1_to_g2_ablation__seed_29,validation,balanced_accuracy,0.5749498609044447,higher,available,,False
model_independent_aviation_simulation,simulated_future_workload_classification,minirocket,chronaris_no_physics,29,simulation_g1_to_g2_ablation__seed_29,validation,macro_auprc,0.5578941358025086,higher,available,,False
model_independent_aviation_simulation,simulated_future_workload_classification,minirocket,chronaris_no_physics,29,simulation_g1_to_g2_ablation__seed_29,validation,brier_score,0.6946905722546598,lower,available,,False
model_independent_aviation_simulation,simulated_future_workload_classification,minirocket,chronaris_no_physics,29,simulation_g1_to_g2_ablation__seed_29,validation,ece_10_bins,0.2944451422005984,lower,available,,False
model_independent_aviation_simulation,simulated_future_workload_regression,minirocket,chronaris_no_physics,29,simulation_g1_to_g2_ablation__seed_29,validation,mae,0.11280468851327896,lower,available,,False
model_independent_aviation_simulation,simulated_future_workload_regression,minirocket,chronaris_no_physics,29,simulation_g1_to_g2_ablation__seed_29,validation,rmse,0.14284917170776065,lower,available,,False
model_independent_aviation_simulation,simulated_future_workload_regression,minirocket,chronaris_no_physics,29,simulation_g1_to_g2_ablation__seed_29,validation,spearman,0.6903960933260989,higher,available,,False
model_independent_aviation_simulation,simulated_maneuver_state_segmentation,causal_tcn_raw,chronaris_no_physics,29,simulation_g1_to_g2_ablation__seed_29,validation,frame_macro_f1,0.6353613009667416,higher,available,,False
model_independent_aviation_simulation,simulated_maneuver_state_segmentation,causal_tcn_raw,chronaris_no_physics,29,simulation_g1_to_g2_ablation__seed_29,validation,segmental_f1_iou_0.10,0.6442470247617306,higher,available,,False
model_independent_aviation_simulation,simulated_maneuver_state_segmentation,causal_tcn_raw,chronaris_no_physics,29,simulation_g1_to_g2_ablation__seed_29,validation,segmental_f1_iou_0.25,0.5711079650877445,higher,available,,False
model_independent_aviation_simulation,simulated_maneuver_state_segmentation,causal_tcn_raw,chronaris_no_physics,29,simulation_g1_to_g2_ablation__seed_29,validation,segmental_f1_iou_0.50,0.40769901905012196,higher,available,,False
model_independent_aviation_simulation,simulated_maneuver_state_segmentation,causal_tcn_raw,chronaris_no_physics,29,simulation_g1_to_g2_ablation__seed_29,validation,boundary_f1_1s,0.2730439988252488,higher,available,,False
model_independent_aviation_simulation,simulated_maneuver_state_segmentation,causal_tcn_raw,chronaris_no_physics,29,simulation_g1_to_g2_ablation__seed_29,validation,boundary_f1_2s,0.3599487607300107,higher,available,,False
model_independent_aviation_simulation,simulated_maneuver_state_segmentation,causal_tcn_raw,chronaris_no_physics,29,simulation_g1_to_g2_ablation__seed_29,validation,edit_score,0.5675163939410263,higher,available,,False
model_independent_aviation_simulation,simulated_maneuver_state_segmentation,causal_tcn_raw,chronaris_no_physics,29,simulation_g1_to_g2_ablation__seed_29,validation,boundary_detection_delay_s,2.8154620853080567,lower,available,,False
model_independent_aviation_simulation,simulated_maneuver_state_segmentation,causal_tcn_duration,chronaris_no_physics,29,simulation_g1_to_g2_ablation__seed_29,validation,frame_macro_f1,0.6683092597697403,higher,available,,False
model_independent_aviation_simulation,simulated_maneuver_state_segmentation,causal_tcn_duration,chronaris_no_physics,29,simulation_g1_to_g2_ablation__seed_29,validation,segmental_f1_iou_0.10,0.8066478796258206,higher,available,,False
model_independent_aviation_simulation,simulated_maneuver_state_segmentation,causal_tcn_duration,chronaris_no_physics,29,simulation_g1_to_g2_ablation__seed_29,validation,segmental_f1_iou_0.25,0.743711840311105,higher,available,,False
model_independent_aviation_simulation,simulated_maneuver_state_segmentation,causal_tcn_duration,chronaris_no_physics,29,simulation_g1_to_g2_ablation__seed_29,validation,segmental_f1_iou_0.50,0.5984014419676184,higher,available,,False
model_independent_aviation_simulation,simulated_maneuver_state_segmentation,causal_tcn_duration,chronaris_no_physics,29,simulation_g1_to_g2_ablation__seed_29,validation,boundary_f1_1s,0.3191059519184519,higher,available,,False
model_independent_aviation_simulation,simulated_maneuver_state_segmentation,causal_tcn_duration,chronaris_no_physics,29,simulation_g1_to_g2_ablation__seed_29,validation,boundary_f1_2s,0.4441640535390536,higher,available,,False
model_independent_aviation_simulation,simulated_maneuver_state_segmentation,causal_tcn_duration,chronaris_no_physics,29,simulation_g1_to_g2_ablation__seed_29,validation,edit_score,0.7531107202982202,higher,available,,False
model_independent_aviation_simulation,simulated_maneuver_state_segmentation,causal_tcn_duration,chronaris_no_physics,29,simulation_g1_to_g2_ablation__seed_29,validation,boundary_detection_delay_s,2.9975728155339807,lower,available,,False
model_independent_aviation_simulation,simulated_future_workload_classification,linear,chronaris_no_physics,29,simulation_g1_to_g2_ablation__seed_29,held_out,macro_f1,0.4229355439881756,higher,available,,False
model_independent_aviation_simulation,simulated_future_workload_classification,linear,chronaris_no_physics,29,simulation_g1_to_g2_ablation__seed_29,held_out,balanced_accuracy,0.4254644169516955,higher,available,,False
model_independent_aviation_simulation,simulated_future_workload_classification,linear,chronaris_no_physics,29,simulation_g1_to_g2_ablation__seed_29,held_out,macro_auprc,0.47345312247806426,higher,available,,False
model_independent_aviation_simulation,simulated_future_workload_classification,linear,chronaris_no_physics,29,simulation_g1_to_g2_ablation__seed_29,held_out,brier_score,0.6171806206554017,lower,available,,False
model_independent_aviation_simulation,simulated_future_workload_classification,linear,chronaris_no_physics,29,simulation_g1_to_g2_ablation__seed_29,held_out,ece_10_bins,0.09530773133189589,lower,available,,False
model_independent_aviation_simulation,simulated_future_workload_regression,linear,chronaris_no_physics,29,simulation_g1_to_g2_ablation__seed_29,held_out,mae,0.16256484544525543,lower,available,,False
model_independent_aviation_simulation,simulated_future_workload_regression,linear,chronaris_no_physics,29,simulation_g1_to_g2_ablation__seed_29,held_out,rmse,0.1995015075992012,lower,available,,False
model_independent_aviation_simulation,simulated_future_workload_regression,linear,chronaris_no_physics,29,simulation_g1_to_g2_ablation__seed_29,held_out,spearman,0.5430769602468412,higher,available,,False
model_independent_aviation_simulation,simulated_future_workload_classification,minirocket,chronaris_no_physics,29,simulation_g1_to_g2_ablation__seed_29,held_out,macro_f1,0.5201858947069674,higher,available,,False
model_independent_aviation_simulation,simulated_future_workload_classification,minirocket,chronaris_no_physics,29,simulation_g1_to_g2_ablation__seed_29,held_out,balanced_accuracy,0.5433922039831992,higher,available,,False
model_independent_aviation_simulation,simulated_future_workload_classification,minirocket,chronaris_no_physics,29,simulation_g1_to_g2_ablation__seed_29,held_out,macro_auprc,0.5006254935800623,higher,available,,False
model_independent_aviation_simulation,simulated_future_workload_classification,minirocket,chronaris_no_physics,29,simulation_g1_to_g2_ablation__seed_29,held_out,brier_score,0.6636555442870035,lower,available,,False
model_independent_aviation_simulation,simulated_future_workload_classification,minirocket,chronaris_no_physics,29,simulation_g1_to_g2_ablation__seed_29,held_out,ece_10_bins,0.21892990857159778,lower,available,,False
model_independent_aviation_simulation,simulated_future_workload_regression,minirocket,chronaris_no_physics,29,simulation_g1_to_g2_ablation__seed_29,held_out,mae,0.18765523734812936,lower,available,,False
model_independent_aviation_simulation,simulated_future_workload_regression,minirocket,chronaris_no_physics,29,simulation_g1_to_g2_ablation__seed_29,held_out,rmse,0.22044111080146708,lower,available,,False
model_independent_aviation_simulation,simulated_future_workload_regression,minirocket,chronaris_no_physics,29,simulation_g1_to_g2_ablation__seed_29,held_out,spearman,0.4748742280853807,higher,available,,False
model_independent_aviation_simulation,simulated_maneuver_state_segmentation,causal_tcn_raw,chronaris_no_physics,29,simulation_g1_to_g2_ablation__seed_29,held_out,frame_macro_f1,0.41537964443069664,higher,available,,False
model_independent_aviation_simulation,simulated_maneuver_state_segmentation,causal_tcn_raw,chronaris_no_physics,29,simulation_g1_to_g2_ablation__seed_29,held_out,segmental_f1_iou_0.10,0.4761051036810908,higher,available,,False
model_independent_aviation_simulation,simulated_maneuver_state_segmentation,causal_tcn_raw,chronaris_no_physics,29,simulation_g1_to_g2_ablation__seed_29,held_out,segmental_f1_iou_0.25,0.3996176596021797,higher,available,,False
model_independent_aviation_simulation,simulated_maneuver_state_segmentation,causal_tcn_raw,chronaris_no_physics,29,simulation_g1_to_g2_ablation__seed_29,held_out,segmental_f1_iou_0.50,0.27949849352108447,higher,available,,False
model_independent_aviation_simulation,simulated_maneuver_state_segmentation,causal_tcn_raw,chronaris_no_physics,29,simulation_g1_to_g2_ablation__seed_29,held_out,boundary_f1_1s,0.227510099265664,higher,available,,False
model_independent_aviation_simulation,simulated_maneuver_state_segmentation,causal_tcn_raw,chronaris_no_physics,29,simulation_g1_to_g2_ablation__seed_29,held_out,boundary_f1_2s,0.34798275875486767,higher,available,,False
model_independent_aviation_simulation,simulated_maneuver_state_segmentation,causal_tcn_raw,chronaris_no_physics,29,simulation_g1_to_g2_ablation__seed_29,held_out,edit_score,0.49948966296409864,higher,available,,False
model_independent_aviation_simulation,simulated_maneuver_state_segmentation,causal_tcn_raw,chronaris_no_physics,29,simulation_g1_to_g2_ablation__seed_29,held_out,boundary_detection_delay_s,1.9282875722543353,lower,available,,False
model_independent_aviation_simulation,simulated_maneuver_state_segmentation,causal_tcn_duration,chronaris_no_physics,29,simulation_g1_to_g2_ablation__seed_29,held_out,frame_macro_f1,0.43510123671050727,higher,available,,False
model_independent_aviation_simulation,simulated_maneuver_state_segmentation,causal_tcn_duration,chronaris_no_physics,29,simulation_g1_to_g2_ablation__seed_29,held_out,segmental_f1_iou_0.10,0.592260134185202,higher,available,,False
model_independent_aviation_simulation,simulated_maneuver_state_segmentation,causal_tcn_duration,chronaris_no_physics,29,simulation_g1_to_g2_ablation__seed_29,held_out,segmental_f1_iou_0.25,0.5038447777998861,higher,available,,False
model_independent_aviation_simulation,simulated_maneuver_state_segmentation,causal_tcn_duration,chronaris_no_physics,29,simulation_g1_to_g2_ablation__seed_29,held_out,segmental_f1_iou_0.50,0.3730747886659264,higher,available,,False
model_independent_aviation_simulation,simulated_maneuver_state_segmentation,causal_tcn_duration,chronaris_no_physics,29,simulation_g1_to_g2_ablation__seed_29,held_out,boundary_f1_1s,0.20972833419984158,higher,available,,False
model_independent_aviation_simulation,simulated_maneuver_state_segmentation,causal_tcn_duration,chronaris_no_physics,29,simulation_g1_to_g2_ablation__seed_29,held_out,boundary_f1_2s,0.34082072101373573,higher,available,,False
model_independent_aviation_simulation,simulated_maneuver_state_segmentation,causal_tcn_duration,chronaris_no_physics,29,simulation_g1_to_g2_ablation__seed_29,held_out,edit_score,0.5957031322265697,higher,available,,False
model_independent_aviation_simulation,simulated_maneuver_state_segmentation,causal_tcn_duration,chronaris_no_physics,29,simulation_g1_to_g2_ablation__seed_29,held_out,boundary_detection_delay_s,2.128351735015773,lower,available,,False
model_independent_aviation_simulation,simulated_future_workload_classification,linear,chronaris_no_causal_mask,29,simulation_g1_to_g2_ablation__seed_29,validation,macro_f1,0.5152385740621034,higher,available,,False
model_independent_aviation_simulation,simulated_future_workload_classification,linear,chronaris_no_causal_mask,29,simulation_g1_to_g2_ablation__seed_29,validation,balanced_accuracy,0.5174785965366285,higher,available,,False
model_independent_aviation_simulation,simulated_future_workload_classification,linear,chronaris_no_causal_mask,29,simulation_g1_to_g2_ablation__seed_29,validation,macro_auprc,0.5372167947845804,higher,available,,False
model_independent_aviation_simulation,simulated_future_workload_classification,linear,chronaris_no_causal_mask,29,simulation_g1_to_g2_ablation__seed_29,validation,brier_score,0.5955272580822797,lower,available,,False
model_independent_aviation_simulation,simulated_future_workload_classification,linear,chronaris_no_causal_mask,29,simulation_g1_to_g2_ablation__seed_29,validation,ece_10_bins,0.1451785742597474,lower,available,,False
model_independent_aviation_simulation,simulated_future_workload_regression,linear,chronaris_no_causal_mask,29,simulation_g1_to_g2_ablation__seed_29,validation,mae,0.12183786431948344,lower,available,,False
model_independent_aviation_simulation,simulated_future_workload_regression,linear,chronaris_no_causal_mask,29,simulation_g1_to_g2_ablation__seed_29,validation,rmse,0.16154277596806466,lower,available,,False
model_independent_aviation_simulation,simulated_future_workload_regression,linear,chronaris_no_causal_mask,29,simulation_g1_to_g2_ablation__seed_29,validation,spearman,0.6083288117200217,higher,available,,False
model_independent_aviation_simulation,simulated_future_workload_classification,minirocket,chronaris_no_causal_mask,29,simulation_g1_to_g2_ablation__seed_29,validation,macro_f1,0.6173984745413317,higher,available,,False
model_independent_aviation_simulation,simulated_future_workload_classification,minirocket,chronaris_no_causal_mask,29,simulation_g1_to_g2_ablation__seed_29,validation,balanced_accuracy,0.6303832136464601,higher,available,,False
model_independent_aviation_simulation,simulated_future_workload_classification,minirocket,chronaris_no_causal_mask,29,simulation_g1_to_g2_ablation__seed_29,validation,macro_auprc,0.5731927473644,higher,available,,False
model_independent_aviation_simulation,simulated_future_workload_classification,minirocket,chronaris_no_causal_mask,29,simulation_g1_to_g2_ablation__seed_29,validation,brier_score,0.7135220273651962,lower,available,,False
model_independent_aviation_simulation,simulated_future_workload_classification,minirocket,chronaris_no_causal_mask,29,simulation_g1_to_g2_ablation__seed_29,validation,ece_10_bins,0.37075568352662647,lower,available,,False
model_independent_aviation_simulation,simulated_future_workload_regression,minirocket,chronaris_no_causal_mask,29,simulation_g1_to_g2_ablation__seed_29,validation,mae,0.11347727539638679,lower,available,,False
model_independent_aviation_simulation,simulated_future_workload_regression,minirocket,chronaris_no_causal_mask,29,simulation_g1_to_g2_ablation__seed_29,validation,rmse,0.1445391648537895,lower,available,,False
model_independent_aviation_simulation,simulated_future_workload_regression,minirocket,chronaris_no_causal_mask,29,simulation_g1_to_g2_ablation__seed_29,validation,spearman,0.7064161692892025,higher,available,,False
model_independent_aviation_simulation,simulated_maneuver_state_segmentation,causal_tcn_raw,chronaris_no_causal_mask,29,simulation_g1_to_g2_ablation__seed_29,validation,frame_macro_f1,0.6143030296391924,higher,available,,False
model_independent_aviation_simulation,simulated_maneuver_state_segmentation,causal_tcn_raw,chronaris_no_causal_mask,29,simulation_g1_to_g2_ablation__seed_29,validation,segmental_f1_iou_0.10,0.6135174775080466,higher,available,,False
model_independent_aviation_simulation,simulated_maneuver_state_segmentation,causal_tcn_raw,chronaris_no_causal_mask,29,simulation_g1_to_g2_ablation__seed_29,validation,segmental_f1_iou_0.25,0.5343041765116573,higher,available,,False
model_independent_aviation_simulation,simulated_maneuver_state_segmentation,causal_tcn_raw,chronaris_no_causal_mask,29,simulation_g1_to_g2_ablation__seed_29,validation,segmental_f1_iou_0.50,0.35481555171053253,higher,available,,False
model_independent_aviation_simulation,simulated_maneuver_state_segmentation,causal_tcn_raw,chronaris_no_causal_mask,29,simulation_g1_to_g2_ablation__seed_29,validation,boundary_f1_1s,0.2501891048766049,higher,available,,False
model_independent_aviation_simulation,simulated_maneuver_state_segmentation,causal_tcn_raw,chronaris_no_causal_mask,29,simulation_g1_to_g2_ablation__seed_29,validation,boundary_f1_2s,0.35795125013875023,higher,available,,False
model_independent_aviation_simulation,simulated_maneuver_state_segmentation,causal_tcn_raw,chronaris_no_causal_mask,29,simulation_g1_to_g2_ablation__seed_29,validation,edit_score,0.5053615077052577,higher,available,,False
model_independent_aviation_simulation,simulated_maneuver_state_segmentation,causal_tcn_raw,chronaris_no_causal_mask,29,simulation_g1_to_g2_ablation__seed_29,validation,boundary_detection_delay_s,2.8774752475247523,lower,available,,False
model_independent_aviation_simulation,simulated_maneuver_state_segmentation,causal_tcn_duration,chronaris_no_causal_mask,29,simulation_g1_to_g2_ablation__seed_29,validation,frame_macro_f1,0.6527501307458785,higher,available,,False
model_independent_aviation_simulation,simulated_maneuver_state_segmentation,causal_tcn_duration,chronaris_no_causal_mask,29,simulation_g1_to_g2_ablation__seed_29,validation,segmental_f1_iou_0.10,0.7612741425241424,higher,available,,False
model_independent_aviation_simulation,simulated_maneuver_state_segmentation,causal_tcn_duration,chronaris_no_causal_mask,29,simulation_g1_to_g2_ablation__seed_29,validation,segmental_f1_iou_0.25,0.7064799783549783,higher,available,,False
model_independent_aviation_simulation,simulated_maneuver_state_segmentation,causal_tcn_duration,chronaris_no_causal_mask,29,simulation_g1_to_g2_ablation__seed_29,validation,segmental_f1_iou_0.50,0.5301435254560255,higher,available,,False
model_independent_aviation_simulation,simulated_maneuver_state_segmentation,causal_tcn_duration,chronaris_no_causal_mask,29,simulation_g1_to_g2_ablation__seed_29,validation,boundary_f1_1s,0.276104797979798,higher,available,,False
model_independent_aviation_simulation,simulated_maneuver_state_segmentation,causal_tcn_duration,chronaris_no_causal_mask,29,simulation_g1_to_g2_ablation__seed_29,validation,boundary_f1_2s,0.4215262746512746,higher,available,,False
model_independent_aviation_simulation,simulated_maneuver_state_segmentation,causal_tcn_duration,chronaris_no_causal_mask,29,simulation_g1_to_g2_ablation__seed_29,validation,edit_score,0.7069621061808563,higher,available,,False
model_independent_aviation_simulation,simulated_maneuver_state_segmentation,causal_tcn_duration,chronaris_no_causal_mask,29,simulation_g1_to_g2_ablation__seed_29,validation,boundary_detection_delay_s,3.156725888324873,lower,available,,False
model_independent_aviation_simulation,simulated_future_workload_classification,linear,chronaris_no_causal_mask,29,simulation_g1_to_g2_ablation__seed_29,held_out,macro_f1,0.45459034792368125,higher,available,,False
model_independent_aviation_simulation,simulated_future_workload_classification,linear,chronaris_no_causal_mask,29,simulation_g1_to_g2_ablation__seed_29,held_out,balanced_accuracy,0.4547874256699768,higher,available,,False
model_independent_aviation_simulation,simulated_future_workload_classification,linear,chronaris_no_causal_mask,29,simulation_g1_to_g2_ablation__seed_29,held_out,macro_auprc,0.48524356270679636,higher,available,,False
model_independent_aviation_simulation,simulated_future_workload_classification,linear,chronaris_no_causal_mask,29,simulation_g1_to_g2_ablation__seed_29,held_out,brier_score,0.541728582831688,lower,available,,False
model_independent_aviation_simulation,simulated_future_workload_classification,linear,chronaris_no_causal_mask,29,simulation_g1_to_g2_ablation__seed_29,held_out,ece_10_bins,0.12322973316751054,lower,available,,False
model_independent_aviation_simulation,simulated_future_workload_regression,linear,chronaris_no_causal_mask,29,simulation_g1_to_g2_ablation__seed_29,held_out,mae,0.1726946240911881,lower,available,,False
model_independent_aviation_simulation,simulated_future_workload_regression,linear,chronaris_no_causal_mask,29,simulation_g1_to_g2_ablation__seed_29,held_out,rmse,0.21294386106416432,lower,available,,False
model_independent_aviation_simulation,simulated_future_workload_regression,linear,chronaris_no_causal_mask,29,simulation_g1_to_g2_ablation__seed_29,held_out,spearman,0.5086521836988867,higher,available,,False
model_independent_aviation_simulation,simulated_future_workload_classification,minirocket,chronaris_no_causal_mask,29,simulation_g1_to_g2_ablation__seed_29,held_out,macro_f1,0.48667126754083273,higher,available,,False
model_independent_aviation_simulation,simulated_future_workload_classification,minirocket,chronaris_no_causal_mask,29,simulation_g1_to_g2_ablation__seed_29,held_out,balanced_accuracy,0.503511471088111,higher,available,,False
model_independent_aviation_simulation,simulated_future_workload_classification,minirocket,chronaris_no_causal_mask,29,simulation_g1_to_g2_ablation__seed_29,held_out,macro_auprc,0.45427974641604557,higher,available,,False
model_independent_aviation_simulation,simulated_future_workload_classification,minirocket,chronaris_no_causal_mask,29,simulation_g1_to_g2_ablation__seed_29,held_out,brier_score,0.7872132935106958,lower,available,,False
model_independent_aviation_simulation,simulated_future_workload_classification,minirocket,chronaris_no_causal_mask,29,simulation_g1_to_g2_ablation__seed_29,held_out,ece_10_bins,0.3121119028682283,lower,available,,False
model_independent_aviation_simulation,simulated_future_workload_regression,minirocket,chronaris_no_causal_mask,29,simulation_g1_to_g2_ablation__seed_29,held_out,mae,0.20524474031602344,lower,available,,False
model_independent_aviation_simulation,simulated_future_workload_regression,minirocket,chronaris_no_causal_mask,29,simulation_g1_to_g2_ablation__seed_29,held_out,rmse,0.23586704299666486,lower,available,,False
model_independent_aviation_simulation,simulated_future_workload_regression,minirocket,chronaris_no_causal_mask,29,simulation_g1_to_g2_ablation__seed_29,held_out,spearman,0.4977265897235606,higher,available,,False
model_independent_aviation_simulation,simulated_maneuver_state_segmentation,causal_tcn_raw,chronaris_no_causal_mask,29,simulation_g1_to_g2_ablation__seed_29,held_out,frame_macro_f1,0.3954193454356471,higher,available,,False
model_independent_aviation_simulation,simulated_maneuver_state_segmentation,causal_tcn_raw,chronaris_no_causal_mask,29,simulation_g1_to_g2_ablation__seed_29,held_out,segmental_f1_iou_0.10,0.49941950625483905,higher,available,,False
model_independent_aviation_simulation,simulated_maneuver_state_segmentation,causal_tcn_raw,chronaris_no_causal_mask,29,simulation_g1_to_g2_ablation__seed_29,held_out,segmental_f1_iou_0.25,0.4066235771864158,higher,available,,False
model_independent_aviation_simulation,simulated_maneuver_state_segmentation,causal_tcn_raw,chronaris_no_causal_mask,29,simulation_g1_to_g2_ablation__seed_29,held_out,segmental_f1_iou_0.50,0.3154224708416369,higher,available,,False
model_independent_aviation_simulation,simulated_maneuver_state_segmentation,causal_tcn_raw,chronaris_no_causal_mask,29,simulation_g1_to_g2_ablation__seed_29,held_out,boundary_f1_1s,0.2753451785572529,higher,available,,False
model_independent_aviation_simulation,simulated_maneuver_state_segmentation,causal_tcn_raw,chronaris_no_causal_mask,29,simulation_g1_to_g2_ablation__seed_29,held_out,boundary_f1_2s,0.3620862093469969,higher,available,,False
model_independent_aviation_simulation,simulated_maneuver_state_segmentation,causal_tcn_raw,chronaris_no_causal_mask,29,simulation_g1_to_g2_ablation__seed_29,held_out,edit_score,0.520956896623257,higher,available,,False
model_independent_aviation_simulation,simulated_maneuver_state_segmentation,causal_tcn_raw,chronaris_no_causal_mask,29,simulation_g1_to_g2_ablation__seed_29,held_out,boundary_detection_delay_s,1.771780303030303,lower,available,,False
model_independent_aviation_simulation,simulated_maneuver_state_segmentation,causal_tcn_duration,chronaris_no_causal_mask,29,simulation_g1_to_g2_ablation__seed_29,held_out,frame_macro_f1,0.4108023939830169,higher,available,,False
model_independent_aviation_simulation,simulated_maneuver_state_segmentation,causal_tcn_duration,chronaris_no_causal_mask,29,simulation_g1_to_g2_ablation__seed_29,held_out,segmental_f1_iou_0.10,0.5652364608162306,higher,available,,False
model_independent_aviation_simulation,simulated_maneuver_state_segmentation,causal_tcn_duration,chronaris_no_causal_mask,29,simulation_g1_to_g2_ablation__seed_29,held_out,segmental_f1_iou_0.25,0.4740332887464273,higher,available,,False
model_independent_aviation_simulation,simulated_maneuver_state_segmentation,causal_tcn_duration,chronaris_no_causal_mask,29,simulation_g1_to_g2_ablation__seed_29,held_out,segmental_f1_iou_0.50,0.38500765615461824,higher,available,,False
model_independent_aviation_simulation,simulated_maneuver_state_segmentation,causal_tcn_duration,chronaris_no_causal_mask,29,simulation_g1_to_g2_ablation__seed_29,held_out,boundary_f1_1s,0.2817998390390999,higher,available,,False
model_independent_aviation_simulation,simulated_maneuver_state_segmentation,causal_tcn_duration,chronaris_no_causal_mask,29,simulation_g1_to_g2_ablation__seed_29,held_out,boundary_f1_2s,0.3744862656639456,higher,available,,False
model_independent_aviation_simulation,simulated_maneuver_state_segmentation,causal_tcn_duration,chronaris_no_causal_mask,29,simulation_g1_to_g2_ablation__seed_29,held_out,edit_score,0.5827392948486699,higher,available,,False
model_independent_aviation_simulation,simulated_maneuver_state_segmentation,causal_tcn_duration,chronaris_no_causal_mask,29,simulation_g1_to_g2_ablation__seed_29,held_out,boundary_detection_delay_s,2.0050465838509317,lower,available,,False
model_independent_aviation_simulation,simulated_future_workload_classification,linear,chronaris_single_scale_lag,29,simulation_g1_to_g2_ablation__seed_29,validation,macro_f1,0.5188620902906617,higher,available,,False
model_independent_aviation_simulation,simulated_future_workload_classification,linear,chronaris_single_scale_lag,29,simulation_g1_to_g2_ablation__seed_29,validation,balanced_accuracy,0.5296845010890427,higher,available,,False
model_independent_aviation_simulation,simulated_future_workload_classification,linear,chronaris_single_scale_lag,29,simulation_g1_to_g2_ablation__seed_29,validation,macro_auprc,0.5759125878522965,higher,available,,False
model_independent_aviation_simulation,simulated_future_workload_classification,linear,chronaris_single_scale_lag,29,simulation_g1_to_g2_ablation__seed_29,validation,brier_score,0.5643557265057482,lower,available,,False
model_independent_aviation_simulation,simulated_future_workload_classification,linear,chronaris_single_scale_lag,29,simulation_g1_to_g2_ablation__seed_29,validation,ece_10_bins,0.1361025216766581,lower,available,,False
model_independent_aviation_simulation,simulated_future_workload_regression,linear,chronaris_single_scale_lag,29,simulation_g1_to_g2_ablation__seed_29,validation,mae,0.11167069679747026,lower,available,,False
model_independent_aviation_simulation,simulated_future_workload_regression,linear,chronaris_single_scale_lag,29,simulation_g1_to_g2_ablation__seed_29,validation,rmse,0.14735347279034186,lower,available,,False
model_independent_aviation_simulation,simulated_future_workload_regression,linear,chronaris_single_scale_lag,29,simulation_g1_to_g2_ablation__seed_29,validation,spearman,0.6400841020075964,higher,available,,False
model_independent_aviation_simulation,simulated_future_workload_classification,minirocket,chronaris_single_scale_lag,29,simulation_g1_to_g2_ablation__seed_29,validation,macro_f1,0.5493842780026991,higher,available,,False
model_independent_aviation_simulation,simulated_future_workload_classification,minirocket,chronaris_single_scale_lag,29,simulation_g1_to_g2_ablation__seed_29,validation,balanced_accuracy,0.5553255267300684,higher,available,,False
model_independent_aviation_simulation,simulated_future_workload_classification,minirocket,chronaris_single_scale_lag,29,simulation_g1_to_g2_ablation__seed_29,validation,macro_auprc,0.5528938834653944,higher,available,,False
model_independent_aviation_simulation,simulated_future_workload_classification,minirocket,chronaris_single_scale_lag,29,simulation_g1_to_g2_ablation__seed_29,validation,brier_score,0.7244604599667044,lower,available,,False
model_independent_aviation_simulation,simulated_future_workload_classification,minirocket,chronaris_single_scale_lag,29,simulation_g1_to_g2_ablation__seed_29,validation,ece_10_bins,0.30117255470578164,lower,available,,False
model_independent_aviation_simulation,simulated_future_workload_regression,minirocket,chronaris_single_scale_lag,29,simulation_g1_to_g2_ablation__seed_29,validation,mae,0.11272433772683144,lower,available,,False
model_independent_aviation_simulation,simulated_future_workload_regression,minirocket,chronaris_single_scale_lag,29,simulation_g1_to_g2_ablation__seed_29,validation,rmse,0.145677027031312,lower,available,,False
model_independent_aviation_simulation,simulated_future_workload_regression,minirocket,chronaris_single_scale_lag,29,simulation_g1_to_g2_ablation__seed_29,validation,spearman,0.7005697232772653,higher,available,,False
model_independent_aviation_simulation,simulated_maneuver_state_segmentation,causal_tcn_raw,chronaris_single_scale_lag,29,simulation_g1_to_g2_ablation__seed_29,validation,frame_macro_f1,0.6046155620043262,higher,available,,False
model_independent_aviation_simulation,simulated_maneuver_state_segmentation,causal_tcn_raw,chronaris_single_scale_lag,29,simulation_g1_to_g2_ablation__seed_29,validation,segmental_f1_iou_0.10,0.6048257162227751,higher,available,,False
model_independent_aviation_simulation,simulated_maneuver_state_segmentation,causal_tcn_raw,chronaris_single_scale_lag,29,simulation_g1_to_g2_ablation__seed_29,validation,segmental_f1_iou_0.25,0.522670296751179,higher,available,,False
model_independent_aviation_simulation,simulated_maneuver_state_segmentation,causal_tcn_raw,chronaris_single_scale_lag,29,simulation_g1_to_g2_ablation__seed_29,validation,segmental_f1_iou_0.50,0.36160559552103666,higher,available,,False
model_independent_aviation_simulation,simulated_maneuver_state_segmentation,causal_tcn_raw,chronaris_single_scale_lag,29,simulation_g1_to_g2_ablation__seed_29,validation,boundary_f1_1s,0.25792402042402046,higher,available,,False
model_independent_aviation_simulation,simulated_maneuver_state_segmentation,causal_tcn_raw,chronaris_single_scale_lag,29,simulation_g1_to_g2_ablation__seed_29,validation,boundary_f1_2s,0.3572417166167166,higher,available,,False
model_independent_aviation_simulation,simulated_maneuver_state_segmentation,causal_tcn_raw,chronaris_single_scale_lag,29,simulation_g1_to_g2_ablation__seed_29,validation,edit_score,0.5163875476375477,higher,available,,False
model_independent_aviation_simulation,simulated_maneuver_state_segmentation,causal_tcn_raw,chronaris_single_scale_lag,29,simulation_g1_to_g2_ablation__seed_29,validation,boundary_detection_delay_s,2.958131067961165,lower,available,,False
model_independent_aviation_simulation,simulated_maneuver_state_segmentation,causal_tcn_duration,chronaris_single_scale_lag,29,simulation_g1_to_g2_ablation__seed_29,validation,frame_macro_f1,0.6491067877883042,higher,available,,False
model_independent_aviation_simulation,simulated_maneuver_state_segmentation,causal_tcn_duration,chronaris_single_scale_lag,29,simulation_g1_to_g2_ablation__seed_29,validation,segmental_f1_iou_0.10,0.795647710813152,higher,available,,False
model_independent_aviation_simulation,simulated_maneuver_state_segmentation,causal_tcn_duration,chronaris_single_scale_lag,29,simulation_g1_to_g2_ablation__seed_29,validation,segmental_f1_iou_0.25,0.7270253031282442,higher,available,,False
model_independent_aviation_simulation,simulated_maneuver_state_segmentation,causal_tcn_duration,chronaris_single_scale_lag,29,simulation_g1_to_g2_ablation__seed_29,validation,segmental_f1_iou_0.50,0.5618045115287763,higher,available,,False
model_independent_aviation_simulation,simulated_maneuver_state_segmentation,causal_tcn_duration,chronaris_single_scale_lag,29,simulation_g1_to_g2_ablation__seed_29,validation,boundary_f1_1s,0.29208603896103896,higher,available,,False
model_independent_aviation_simulation,simulated_maneuver_state_segmentation,causal_tcn_duration,chronaris_single_scale_lag,29,simulation_g1_to_g2_ablation__seed_29,validation,boundary_f1_2s,0.4278213684463685,higher,available,,False
model_independent_aviation_simulation,simulated_maneuver_state_segmentation,causal_tcn_duration,chronaris_single_scale_lag,29,simulation_g1_to_g2_ablation__seed_29,validation,edit_score,0.7288134319384318,higher,available,,False
model_independent_aviation_simulation,simulated_maneuver_state_segmentation,causal_tcn_duration,chronaris_single_scale_lag,29,simulation_g1_to_g2_ablation__seed_29,validation,boundary_detection_delay_s,3.2291666666666665,lower,available,,False
model_independent_aviation_simulation,simulated_future_workload_classification,linear,chronaris_single_scale_lag,29,simulation_g1_to_g2_ablation__seed_29,held_out,macro_f1,0.5140827596152172,higher,available,,False
model_independent_aviation_simulation,simulated_future_workload_classification,linear,chronaris_single_scale_lag,29,simulation_g1_to_g2_ablation__seed_29,held_out,balanced_accuracy,0.5263328544000406,higher,available,,False
model_independent_aviation_simulation,simulated_future_workload_classification,linear,chronaris_single_scale_lag,29,simulation_g1_to_g2_ablation__seed_29,held_out,macro_auprc,0.5396714059505645,higher,available,,False
model_independent_aviation_simulation,simulated_future_workload_classification,linear,chronaris_single_scale_lag,29,simulation_g1_to_g2_ablation__seed_29,held_out,brier_score,0.5371247312270345,lower,available,,False
model_independent_aviation_simulation,simulated_future_workload_classification,linear,chronaris_single_scale_lag,29,simulation_g1_to_g2_ablation__seed_29,held_out,ece_10_bins,0.10947512829926315,lower,available,,False
model_independent_aviation_simulation,simulated_future_workload_regression,linear,chronaris_single_scale_lag,29,simulation_g1_to_g2_ablation__seed_29,held_out,mae,0.15062902914360166,lower,available,,False
model_independent_aviation_simulation,simulated_future_workload_regression,linear,chronaris_single_scale_lag,29,simulation_g1_to_g2_ablation__seed_29,held_out,rmse,0.19021066075413212,lower,available,,False
model_independent_aviation_simulation,simulated_future_workload_regression,linear,chronaris_single_scale_lag,29,simulation_g1_to_g2_ablation__seed_29,held_out,spearman,0.607768378764152,higher,available,,False
model_independent_aviation_simulation,simulated_future_workload_classification,minirocket,chronaris_single_scale_lag,29,simulation_g1_to_g2_ablation__seed_29,held_out,macro_f1,0.44609759738002025,higher,available,,False
model_independent_aviation_simulation,simulated_future_workload_classification,minirocket,chronaris_single_scale_lag,29,simulation_g1_to_g2_ablation__seed_29,held_out,balanced_accuracy,0.46452926791019794,higher,available,,False
model_independent_aviation_simulation,simulated_future_workload_classification,minirocket,chronaris_single_scale_lag,29,simulation_g1_to_g2_ablation__seed_29,held_out,macro_auprc,0.4932215957970582,higher,available,,False
model_independent_aviation_simulation,simulated_future_workload_classification,minirocket,chronaris_single_scale_lag,29,simulation_g1_to_g2_ablation__seed_29,held_out,brier_score,0.7171178436666445,lower,available,,False
model_independent_aviation_simulation,simulated_future_workload_classification,minirocket,chronaris_single_scale_lag,29,simulation_g1_to_g2_ablation__seed_29,held_out,ece_10_bins,0.2919804931585225,lower,available,,False
model_independent_aviation_simulation,simulated_future_workload_regression,minirocket,chronaris_single_scale_lag,29,simulation_g1_to_g2_ablation__seed_29,held_out,mae,0.20475446914012232,lower,available,,False
model_independent_aviation_simulation,simulated_future_workload_regression,minirocket,chronaris_single_scale_lag,29,simulation_g1_to_g2_ablation__seed_29,held_out,rmse,0.2377275584189762,lower,available,,False
model_independent_aviation_simulation,simulated_future_workload_regression,minirocket,chronaris_single_scale_lag,29,simulation_g1_to_g2_ablation__seed_29,held_out,spearman,0.5260493779541349,higher,available,,False
model_independent_aviation_simulation,simulated_maneuver_state_segmentation,causal_tcn_raw,chronaris_single_scale_lag,29,simulation_g1_to_g2_ablation__seed_29,held_out,frame_macro_f1,0.36095861859751144,higher,available,,False
model_independent_aviation_simulation,simulated_maneuver_state_segmentation,causal_tcn_raw,chronaris_single_scale_lag,29,simulation_g1_to_g2_ablation__seed_29,held_out,segmental_f1_iou_0.10,0.45053198824924284,higher,available,,False
model_independent_aviation_simulation,simulated_maneuver_state_segmentation,causal_tcn_raw,chronaris_single_scale_lag,29,simulation_g1_to_g2_ablation__seed_29,held_out,segmental_f1_iou_0.25,0.37206921052000297,higher,available,,False
model_independent_aviation_simulation,simulated_maneuver_state_segmentation,causal_tcn_raw,chronaris_single_scale_lag,29,simulation_g1_to_g2_ablation__seed_29,held_out,segmental_f1_iou_0.50,0.2547176014128792,higher,available,,False
model_independent_aviation_simulation,simulated_maneuver_state_segmentation,causal_tcn_raw,chronaris_single_scale_lag,29,simulation_g1_to_g2_ablation__seed_29,held_out,boundary_f1_1s,0.2289973071345585,higher,available,,False
model_independent_aviation_simulation,simulated_maneuver_state_segmentation,causal_tcn_raw,chronaris_single_scale_lag,29,simulation_g1_to_g2_ablation__seed_29,held_out,boundary_f1_2s,0.30983994007423094,higher,available,,False
model_independent_aviation_simulation,simulated_maneuver_state_segmentation,causal_tcn_raw,chronaris_single_scale_lag,29,simulation_g1_to_g2_ablation__seed_29,held_out,edit_score,0.48401916482532775,higher,available,,False
model_independent_aviation_simulation,simulated_maneuver_state_segmentation,causal_tcn_raw,chronaris_single_scale_lag,29,simulation_g1_to_g2_ablation__seed_29,held_out,boundary_detection_delay_s,2.306592987804878,lower,available,,False
model_independent_aviation_simulation,simulated_maneuver_state_segmentation,causal_tcn_duration,chronaris_single_scale_lag,29,simulation_g1_to_g2_ablation__seed_29,held_out,frame_macro_f1,0.38136498527454965,higher,available,,False
model_independent_aviation_simulation,simulated_maneuver_state_segmentation,causal_tcn_duration,chronaris_single_scale_lag,29,simulation_g1_to_g2_ablation__seed_29,held_out,segmental_f1_iou_0.10,0.538017900509435,higher,available,,False
model_independent_aviation_simulation,simulated_maneuver_state_segmentation,causal_tcn_duration,chronaris_single_scale_lag,29,simulation_g1_to_g2_ablation__seed_29,held_out,segmental_f1_iou_0.25,0.4681608608611318,higher,available,,False
model_independent_aviation_simulation,simulated_maneuver_state_segmentation,causal_tcn_duration,chronaris_single_scale_lag,29,simulation_g1_to_g2_ablation__seed_29,held_out,segmental_f1_iou_0.50,0.3460774969748461,higher,available,,False
model_independent_aviation_simulation,simulated_maneuver_state_segmentation,causal_tcn_duration,chronaris_single_scale_lag,29,simulation_g1_to_g2_ablation__seed_29,held_out,boundary_f1_1s,0.19165553085831724,higher,available,,False
model_independent_aviation_simulation,simulated_maneuver_state_segmentation,causal_tcn_duration,chronaris_single_scale_lag,29,simulation_g1_to_g2_ablation__seed_29,held_out,boundary_f1_2s,0.27596276219050986,higher,available,,False
model_independent_aviation_simulation,simulated_maneuver_state_segmentation,causal_tcn_duration,chronaris_single_scale_lag,29,simulation_g1_to_g2_ablation__seed_29,held_out,edit_score,0.5404214853433603,higher,available,,False
model_independent_aviation_simulation,simulated_maneuver_state_segmentation,causal_tcn_duration,chronaris_single_scale_lag,29,simulation_g1_to_g2_ablation__seed_29,held_out,boundary_detection_delay_s,2.178125,lower,available,,False
model_independent_aviation_simulation,simulated_future_workload_classification,linear,chronaris_no_continuous_evolution,43,simulation_g1_to_g2_ablation__seed_43,validation,macro_f1,0.563918191036835,higher,available,,False
model_independent_aviation_simulation,simulated_future_workload_classification,linear,chronaris_no_continuous_evolution,43,simulation_g1_to_g2_ablation__seed_43,validation,balanced_accuracy,0.5627439563520303,higher,available,,False
model_independent_aviation_simulation,simulated_future_workload_classification,linear,chronaris_no_continuous_evolution,43,simulation_g1_to_g2_ablation__seed_43,validation,macro_auprc,0.5622926050466428,higher,available,,False
model_independent_aviation_simulation,simulated_future_workload_classification,linear,chronaris_no_continuous_evolution,43,simulation_g1_to_g2_ablation__seed_43,validation,brier_score,0.5557746272315013,lower,available,,False
model_independent_aviation_simulation,simulated_future_workload_classification,linear,chronaris_no_continuous_evolution,43,simulation_g1_to_g2_ablation__seed_43,validation,ece_10_bins,0.11799949037965023,lower,available,,False
model_independent_aviation_simulation,simulated_future_workload_regression,linear,chronaris_no_continuous_evolution,43,simulation_g1_to_g2_ablation__seed_43,validation,mae,0.11631946669270594,lower,available,,False
model_independent_aviation_simulation,simulated_future_workload_regression,linear,chronaris_no_continuous_evolution,43,simulation_g1_to_g2_ablation__seed_43,validation,rmse,0.14959981225417304,lower,available,,False
model_independent_aviation_simulation,simulated_future_workload_regression,linear,chronaris_no_continuous_evolution,43,simulation_g1_to_g2_ablation__seed_43,validation,spearman,0.6562805208898536,higher,available,,False
model_independent_aviation_simulation,simulated_future_workload_classification,minirocket,chronaris_no_continuous_evolution,43,simulation_g1_to_g2_ablation__seed_43,validation,macro_f1,0.602309863339275,higher,available,,False
model_independent_aviation_simulation,simulated_future_workload_classification,minirocket,chronaris_no_continuous_evolution,43,simulation_g1_to_g2_ablation__seed_43,validation,balanced_accuracy,0.6087209678462833,higher,available,,False
model_independent_aviation_simulation,simulated_future_workload_classification,minirocket,chronaris_no_continuous_evolution,43,simulation_g1_to_g2_ablation__seed_43,validation,macro_auprc,0.6181405524491751,higher,available,,False
model_independent_aviation_simulation,simulated_future_workload_classification,minirocket,chronaris_no_continuous_evolution,43,simulation_g1_to_g2_ablation__seed_43,validation,brier_score,0.6306411665655682,lower,available,,False
model_independent_aviation_simulation,simulated_future_workload_classification,minirocket,chronaris_no_continuous_evolution,43,simulation_g1_to_g2_ablation__seed_43,validation,ece_10_bins,0.2703533660475856,lower,available,,False
model_independent_aviation_simulation,simulated_future_workload_regression,minirocket,chronaris_no_continuous_evolution,43,simulation_g1_to_g2_ablation__seed_43,validation,mae,0.10578150674700737,lower,available,,False
model_independent_aviation_simulation,simulated_future_workload_regression,minirocket,chronaris_no_continuous_evolution,43,simulation_g1_to_g2_ablation__seed_43,validation,rmse,0.1330340611100967,lower,available,,False
model_independent_aviation_simulation,simulated_future_workload_regression,minirocket,chronaris_no_continuous_evolution,43,simulation_g1_to_g2_ablation__seed_43,validation,spearman,0.7553199787074723,higher,available,,False
model_independent_aviation_simulation,simulated_maneuver_state_segmentation,causal_tcn_raw,chronaris_no_continuous_evolution,43,simulation_g1_to_g2_ablation__seed_43,validation,frame_macro_f1,0.6007693045389901,higher,available,,False
model_independent_aviation_simulation,simulated_maneuver_state_segmentation,causal_tcn_raw,chronaris_no_continuous_evolution,43,simulation_g1_to_g2_ablation__seed_43,validation,segmental_f1_iou_0.10,0.6139684678747179,higher,available,,False
model_independent_aviation_simulation,simulated_maneuver_state_segmentation,causal_tcn_raw,chronaris_no_continuous_evolution,43,simulation_g1_to_g2_ablation__seed_43,validation,segmental_f1_iou_0.25,0.5379787746975248,higher,available,,False
model_independent_aviation_simulation,simulated_maneuver_state_segmentation,causal_tcn_raw,chronaris_no_continuous_evolution,43,simulation_g1_to_g2_ablation__seed_43,validation,segmental_f1_iou_0.50,0.38811986624486633,higher,available,,False
model_independent_aviation_simulation,simulated_maneuver_state_segmentation,causal_tcn_raw,chronaris_no_continuous_evolution,43,simulation_g1_to_g2_ablation__seed_43,validation,boundary_f1_1s,0.2610705845080845,higher,available,,False
model_independent_aviation_simulation,simulated_maneuver_state_segmentation,causal_tcn_raw,chronaris_no_continuous_evolution,43,simulation_g1_to_g2_ablation__seed_43,validation,boundary_f1_2s,0.3670526811151811,higher,available,,False
model_independent_aviation_simulation,simulated_maneuver_state_segmentation,causal_tcn_raw,chronaris_no_continuous_evolution,43,simulation_g1_to_g2_ablation__seed_43,validation,edit_score,0.5294218223905724,higher,available,,False
model_independent_aviation_simulation,simulated_maneuver_state_segmentation,causal_tcn_raw,chronaris_no_continuous_evolution,43,simulation_g1_to_g2_ablation__seed_43,validation,boundary_detection_delay_s,2.6577524038461537,lower,available,,False
model_independent_aviation_simulation,simulated_maneuver_state_segmentation,causal_tcn_duration,chronaris_no_continuous_evolution,43,simulation_g1_to_g2_ablation__seed_43,validation,frame_macro_f1,0.6434527149260283,higher,available,,False
model_independent_aviation_simulation,simulated_maneuver_state_segmentation,causal_tcn_duration,chronaris_no_continuous_evolution,43,simulation_g1_to_g2_ablation__seed_43,validation,segmental_f1_iou_0.10,0.7212047212047211,higher,available,,False
model_independent_aviation_simulation,simulated_maneuver_state_segmentation,causal_tcn_duration,chronaris_no_continuous_evolution,43,simulation_g1_to_g2_ablation__seed_43,validation,segmental_f1_iou_0.25,0.6608214123839123,higher,available,,False
model_independent_aviation_simulation,simulated_maneuver_state_segmentation,causal_tcn_duration,chronaris_no_continuous_evolution,43,simulation_g1_to_g2_ablation__seed_43,validation,segmental_f1_iou_0.50,0.509166816979317,higher,available,,False
model_independent_aviation_simulation,simulated_maneuver_state_segmentation,causal_tcn_duration,chronaris_no_continuous_evolution,43,simulation_g1_to_g2_ablation__seed_43,validation,boundary_f1_1s,0.29693576099826097,higher,available,,False
model_independent_aviation_simulation,simulated_maneuver_state_segmentation,causal_tcn_duration,chronaris_no_continuous_evolution,43,simulation_g1_to_g2_ablation__seed_43,validation,boundary_f1_2s,0.4489952755577756,higher,available,,False
model_independent_aviation_simulation,simulated_maneuver_state_segmentation,causal_tcn_duration,chronaris_no_continuous_evolution,43,simulation_g1_to_g2_ablation__seed_43,validation,edit_score,0.6771314333814334,higher,available,,False
model_independent_aviation_simulation,simulated_maneuver_state_segmentation,causal_tcn_duration,chronaris_no_continuous_evolution,43,simulation_g1_to_g2_ablation__seed_43,validation,boundary_detection_delay_s,3.0646135265700485,lower,available,,False
model_independent_aviation_simulation,simulated_future_workload_classification,linear,chronaris_no_continuous_evolution,43,simulation_g1_to_g2_ablation__seed_43,held_out,macro_f1,0.47813135716361527,higher,available,,False
model_independent_aviation_simulation,simulated_future_workload_classification,linear,chronaris_no_continuous_evolution,43,simulation_g1_to_g2_ablation__seed_43,held_out,balanced_accuracy,0.4740146901132063,higher,available,,False
model_independent_aviation_simulation,simulated_future_workload_classification,linear,chronaris_no_continuous_evolution,43,simulation_g1_to_g2_ablation__seed_43,held_out,macro_auprc,0.555007283280507,higher,available,,False
model_independent_aviation_simulation,simulated_future_workload_classification,linear,chronaris_no_continuous_evolution,43,simulation_g1_to_g2_ablation__seed_43,held_out,brier_score,0.5082048493065814,lower,available,,False
model_independent_aviation_simulation,simulated_future_workload_classification,linear,chronaris_no_continuous_evolution,43,simulation_g1_to_g2_ablation__seed_43,held_out,ece_10_bins,0.09622390601117158,lower,available,,False
model_independent_aviation_simulation,simulated_future_workload_regression,linear,chronaris_no_continuous_evolution,43,simulation_g1_to_g2_ablation__seed_43,held_out,mae,0.15047205006703734,lower,available,,False
model_independent_aviation_simulation,simulated_future_workload_regression,linear,chronaris_no_continuous_evolution,43,simulation_g1_to_g2_ablation__seed_43,held_out,rmse,0.18595328988919824,lower,available,,False
model_independent_aviation_simulation,simulated_future_workload_regression,linear,chronaris_no_continuous_evolution,43,simulation_g1_to_g2_ablation__seed_43,held_out,spearman,0.6054871269494715,higher,available,,False
model_independent_aviation_simulation,simulated_future_workload_classification,minirocket,chronaris_no_continuous_evolution,43,simulation_g1_to_g2_ablation__seed_43,held_out,macro_f1,0.5387960310571885,higher,available,,False
model_independent_aviation_simulation,simulated_future_workload_classification,minirocket,chronaris_no_continuous_evolution,43,simulation_g1_to_g2_ablation__seed_43,held_out,balanced_accuracy,0.5729271300876067,higher,available,,False
model_independent_aviation_simulation,simulated_future_workload_classification,minirocket,chronaris_no_continuous_evolution,43,simulation_g1_to_g2_ablation__seed_43,held_out,macro_auprc,0.547547022836726,higher,available,,False
model_independent_aviation_simulation,simulated_future_workload_classification,minirocket,chronaris_no_continuous_evolution,43,simulation_g1_to_g2_ablation__seed_43,held_out,brier_score,0.6424641077549681,lower,available,,False
model_independent_aviation_simulation,simulated_future_workload_classification,minirocket,chronaris_no_continuous_evolution,43,simulation_g1_to_g2_ablation__seed_43,held_out,ece_10_bins,0.24268344858107452,lower,available,,False
model_independent_aviation_simulation,simulated_future_workload_regression,minirocket,chronaris_no_continuous_evolution,43,simulation_g1_to_g2_ablation__seed_43,held_out,mae,0.18789701024070382,lower,available,,False
model_independent_aviation_simulation,simulated_future_workload_regression,minirocket,chronaris_no_continuous_evolution,43,simulation_g1_to_g2_ablation__seed_43,held_out,rmse,0.2155466603388784,lower,available,,False
model_independent_aviation_simulation,simulated_future_workload_regression,minirocket,chronaris_no_continuous_evolution,43,simulation_g1_to_g2_ablation__seed_43,held_out,spearman,0.7149049838698084,higher,available,,False
model_independent_aviation_simulation,simulated_maneuver_state_segmentation,causal_tcn_raw,chronaris_no_continuous_evolution,43,simulation_g1_to_g2_ablation__seed_43,held_out,frame_macro_f1,0.46594699698425057,higher,available,,False
model_independent_aviation_simulation,simulated_maneuver_state_segmentation,causal_tcn_raw,chronaris_no_continuous_evolution,43,simulation_g1_to_g2_ablation__seed_43,held_out,segmental_f1_iou_0.10,0.5593369252848258,higher,available,,False
model_independent_aviation_simulation,simulated_maneuver_state_segmentation,causal_tcn_raw,chronaris_no_continuous_evolution,43,simulation_g1_to_g2_ablation__seed_43,held_out,segmental_f1_iou_0.25,0.44240320585739507,higher,available,,False
model_independent_aviation_simulation,simulated_maneuver_state_segmentation,causal_tcn_raw,chronaris_no_continuous_evolution,43,simulation_g1_to_g2_ablation__seed_43,held_out,segmental_f1_iou_0.50,0.2966994156102612,higher,available,,False
model_independent_aviation_simulation,simulated_maneuver_state_segmentation,causal_tcn_raw,chronaris_no_continuous_evolution,43,simulation_g1_to_g2_ablation__seed_43,held_out,boundary_f1_1s,0.21727798940574675,higher,available,,False
model_independent_aviation_simulation,simulated_maneuver_state_segmentation,causal_tcn_raw,chronaris_no_continuous_evolution,43,simulation_g1_to_g2_ablation__seed_43,held_out,boundary_f1_2s,0.32871100083875815,higher,available,,False
model_independent_aviation_simulation,simulated_maneuver_state_segmentation,causal_tcn_raw,chronaris_no_continuous_evolution,43,simulation_g1_to_g2_ablation__seed_43,held_out,edit_score,0.49812327429514935,higher,available,,False
model_independent_aviation_simulation,simulated_maneuver_state_segmentation,causal_tcn_raw,chronaris_no_continuous_evolution,43,simulation_g1_to_g2_ablation__seed_43,held_out,boundary_detection_delay_s,2.5026483050847457,lower,available,,False
model_independent_aviation_simulation,simulated_maneuver_state_segmentation,causal_tcn_duration,chronaris_no_continuous_evolution,43,simulation_g1_to_g2_ablation__seed_43,held_out,frame_macro_f1,0.4886482417145139,higher,available,,False
model_independent_aviation_simulation,simulated_maneuver_state_segmentation,causal_tcn_duration,chronaris_no_continuous_evolution,43,simulation_g1_to_g2_ablation__seed_43,held_out,segmental_f1_iou_0.10,0.677321800334813,higher,available,,False
model_independent_aviation_simulation,simulated_maneuver_state_segmentation,causal_tcn_duration,chronaris_no_continuous_evolution,43,simulation_g1_to_g2_ablation__seed_43,held_out,segmental_f1_iou_0.25,0.5480126894769891,higher,available,,False
model_independent_aviation_simulation,simulated_maneuver_state_segmentation,causal_tcn_duration,chronaris_no_continuous_evolution,43,simulation_g1_to_g2_ablation__seed_43,held_out,segmental_f1_iou_0.50,0.36361051972265207,higher,available,,False
model_independent_aviation_simulation,simulated_maneuver_state_segmentation,causal_tcn_duration,chronaris_no_continuous_evolution,43,simulation_g1_to_g2_ablation__seed_43,held_out,boundary_f1_1s,0.20265665299648464,higher,available,,False
model_independent_aviation_simulation,simulated_maneuver_state_segmentation,causal_tcn_duration,chronaris_no_continuous_evolution,43,simulation_g1_to_g2_ablation__seed_43,held_out,boundary_f1_2s,0.35299837770087383,higher,available,,False
model_independent_aviation_simulation,simulated_maneuver_state_segmentation,causal_tcn_duration,chronaris_no_continuous_evolution,43,simulation_g1_to_g2_ablation__seed_43,held_out,edit_score,0.6793461312992563,higher,available,,False
model_independent_aviation_simulation,simulated_maneuver_state_segmentation,causal_tcn_duration,chronaris_no_continuous_evolution,43,simulation_g1_to_g2_ablation__seed_43,held_out,boundary_detection_delay_s,2.662206744868035,lower,available,,False
model_independent_aviation_simulation,simulated_future_workload_classification,linear,chronaris_no_physics,43,simulation_g1_to_g2_ablation__seed_43,validation,macro_f1,0.5511909099601264,higher,available,,False
model_independent_aviation_simulation,simulated_future_workload_classification,linear,chronaris_no_physics,43,simulation_g1_to_g2_ablation__seed_43,validation,balanced_accuracy,0.5532121368959048,higher,available,,False
model_independent_aviation_simulation,simulated_future_workload_classification,linear,chronaris_no_physics,43,simulation_g1_to_g2_ablation__seed_43,validation,macro_auprc,0.581699142114693,higher,available,,False
model_independent_aviation_simulation,simulated_future_workload_classification,linear,chronaris_no_physics,43,simulation_g1_to_g2_ablation__seed_43,validation,brier_score,0.577412202452598,lower,available,,False
model_independent_aviation_simulation,simulated_future_workload_classification,linear,chronaris_no_physics,43,simulation_g1_to_g2_ablation__seed_43,validation,ece_10_bins,0.14379029532977827,lower,available,,False
model_independent_aviation_simulation,simulated_future_workload_regression,linear,chronaris_no_physics,43,simulation_g1_to_g2_ablation__seed_43,validation,mae,0.12219849073638518,lower,available,,False
model_independent_aviation_simulation,simulated_future_workload_regression,linear,chronaris_no_physics,43,simulation_g1_to_g2_ablation__seed_43,validation,rmse,0.1552531347602793,lower,available,,False
model_independent_aviation_simulation,simulated_future_workload_regression,linear,chronaris_no_physics,43,simulation_g1_to_g2_ablation__seed_43,validation,spearman,0.6305615843733045,higher,available,,False
model_independent_aviation_simulation,simulated_future_workload_classification,minirocket,chronaris_no_physics,43,simulation_g1_to_g2_ablation__seed_43,validation,macro_f1,0.594017094017094,higher,available,,False
model_independent_aviation_simulation,simulated_future_workload_classification,minirocket,chronaris_no_physics,43,simulation_g1_to_g2_ablation__seed_43,validation,balanced_accuracy,0.6059929697440211,higher,available,,False
model_independent_aviation_simulation,simulated_future_workload_classification,minirocket,chronaris_no_physics,43,simulation_g1_to_g2_ablation__seed_43,validation,macro_auprc,0.6147963563400752,higher,available,,False
model_independent_aviation_simulation,simulated_future_workload_classification,minirocket,chronaris_no_physics,43,simulation_g1_to_g2_ablation__seed_43,validation,brier_score,0.6697327054567079,lower,available,,False
model_independent_aviation_simulation,simulated_future_workload_classification,minirocket,chronaris_no_physics,43,simulation_g1_to_g2_ablation__seed_43,validation,ece_10_bins,0.28351968745162753,lower,available,,False
model_independent_aviation_simulation,simulated_future_workload_regression,minirocket,chronaris_no_physics,43,simulation_g1_to_g2_ablation__seed_43,validation,mae,0.1107275728136301,lower,available,,False
model_independent_aviation_simulation,simulated_future_workload_regression,minirocket,chronaris_no_physics,43,simulation_g1_to_g2_ablation__seed_43,validation,rmse,0.1376974956191372,lower,available,,False
model_independent_aviation_simulation,simulated_future_workload_regression,minirocket,chronaris_no_physics,43,simulation_g1_to_g2_ablation__seed_43,validation,spearman,0.7600922409115571,higher,available,,False
model_independent_aviation_simulation,simulated_maneuver_state_segmentation,causal_tcn_raw,chronaris_no_physics,43,simulation_g1_to_g2_ablation__seed_43,validation,frame_macro_f1,0.6131830028747326,higher,available,,False
model_independent_aviation_simulation,simulated_maneuver_state_segmentation,causal_tcn_raw,chronaris_no_physics,43,simulation_g1_to_g2_ablation__seed_43,validation,segmental_f1_iou_0.10,0.6012971724837807,higher,available,,False
model_independent_aviation_simulation,simulated_maneuver_state_segmentation,causal_tcn_raw,chronaris_no_physics,43,simulation_g1_to_g2_ablation__seed_43,validation,segmental_f1_iou_0.25,0.5415591218229107,higher,available,,False
model_independent_aviation_simulation,simulated_maneuver_state_segmentation,causal_tcn_raw,chronaris_no_physics,43,simulation_g1_to_g2_ablation__seed_43,validation,segmental_f1_iou_0.50,0.40074301089957637,higher,available,,False
model_independent_aviation_simulation,simulated_maneuver_state_segmentation,causal_tcn_raw,chronaris_no_physics,43,simulation_g1_to_g2_ablation__seed_43,validation,boundary_f1_1s,0.26450252408553493,higher,available,,False
model_independent_aviation_simulation,simulated_maneuver_state_segmentation,causal_tcn_raw,chronaris_no_physics,43,simulation_g1_to_g2_ablation__seed_43,validation,boundary_f1_2s,0.3668433694072239,higher,available,,False
model_independent_aviation_simulation,simulated_maneuver_state_segmentation,causal_tcn_raw,chronaris_no_physics,43,simulation_g1_to_g2_ablation__seed_43,validation,edit_score,0.500258670387347,higher,available,,False
model_independent_aviation_simulation,simulated_maneuver_state_segmentation,causal_tcn_raw,chronaris_no_physics,43,simulation_g1_to_g2_ablation__seed_43,validation,boundary_detection_delay_s,2.492451690821256,lower,available,,False
model_independent_aviation_simulation,simulated_maneuver_state_segmentation,causal_tcn_duration,chronaris_no_physics,43,simulation_g1_to_g2_ablation__seed_43,validation,frame_macro_f1,0.6554676657248576,higher,available,,False
model_independent_aviation_simulation,simulated_maneuver_state_segmentation,causal_tcn_duration,chronaris_no_physics,43,simulation_g1_to_g2_ablation__seed_43,validation,segmental_f1_iou_0.10,0.7399521196396197,higher,available,,False
model_independent_aviation_simulation,simulated_maneuver_state_segmentation,causal_tcn_duration,chronaris_no_physics,43,simulation_g1_to_g2_ablation__seed_43,validation,segmental_f1_iou_0.25,0.6772131803381803,higher,available,,False
model_independent_aviation_simulation,simulated_maneuver_state_segmentation,causal_tcn_duration,chronaris_no_physics,43,simulation_g1_to_g2_ablation__seed_43,validation,segmental_f1_iou_0.50,0.5436450123950124,higher,available,,False
model_independent_aviation_simulation,simulated_maneuver_state_segmentation,causal_tcn_duration,chronaris_no_physics,43,simulation_g1_to_g2_ablation__seed_43,validation,boundary_f1_1s,0.29708318302068304,higher,available,,False
model_independent_aviation_simulation,simulated_maneuver_state_segmentation,causal_tcn_duration,chronaris_no_physics,43,simulation_g1_to_g2_ablation__seed_43,validation,boundary_f1_2s,0.4349589646464646,higher,available,,False
model_independent_aviation_simulation,simulated_maneuver_state_segmentation,causal_tcn_duration,chronaris_no_physics,43,simulation_g1_to_g2_ablation__seed_43,validation,edit_score,0.6853339947089947,higher,available,,False
model_independent_aviation_simulation,simulated_maneuver_state_segmentation,causal_tcn_duration,chronaris_no_physics,43,simulation_g1_to_g2_ablation__seed_43,validation,boundary_detection_delay_s,2.683293269230769,lower,available,,False
model_independent_aviation_simulation,simulated_future_workload_classification,linear,chronaris_no_physics,43,simulation_g1_to_g2_ablation__seed_43,held_out,macro_f1,0.5935258838679588,higher,available,,False
model_independent_aviation_simulation,simulated_future_workload_classification,linear,chronaris_no_physics,43,simulation_g1_to_g2_ablation__seed_43,held_out,balanced_accuracy,0.5911922895978231,higher,available,,False
model_independent_aviation_simulation,simulated_future_workload_classification,linear,chronaris_no_physics,43,simulation_g1_to_g2_ablation__seed_43,held_out,macro_auprc,0.6473035162734956,higher,available,,False
model_independent_aviation_simulation,simulated_future_workload_classification,linear,chronaris_no_physics,43,simulation_g1_to_g2_ablation__seed_43,held_out,brier_score,0.4129783643722906,lower,available,,False
model_independent_aviation_simulation,simulated_future_workload_classification,linear,chronaris_no_physics,43,simulation_g1_to_g2_ablation__seed_43,held_out,ece_10_bins,0.06333864269478387,lower,available,,False
model_independent_aviation_simulation,simulated_future_workload_regression,linear,chronaris_no_physics,43,simulation_g1_to_g2_ablation__seed_43,held_out,mae,0.15752004832029343,lower,available,,False
model_independent_aviation_simulation,simulated_future_workload_regression,linear,chronaris_no_physics,43,simulation_g1_to_g2_ablation__seed_43,held_out,rmse,0.19015488597633362,lower,available,,False
model_independent_aviation_simulation,simulated_future_workload_regression,linear,chronaris_no_physics,43,simulation_g1_to_g2_ablation__seed_43,held_out,spearman,0.5810995192925674,higher,available,,False
model_independent_aviation_simulation,simulated_future_workload_classification,minirocket,chronaris_no_physics,43,simulation_g1_to_g2_ablation__seed_43,held_out,macro_f1,0.5176706133148965,higher,available,,False
model_independent_aviation_simulation,simulated_future_workload_classification,minirocket,chronaris_no_physics,43,simulation_g1_to_g2_ablation__seed_43,held_out,balanced_accuracy,0.5387427365315905,higher,available,,False
model_independent_aviation_simulation,simulated_future_workload_classification,minirocket,chronaris_no_physics,43,simulation_g1_to_g2_ablation__seed_43,held_out,macro_auprc,0.5231308410500447,higher,available,,False
model_independent_aviation_simulation,simulated_future_workload_classification,minirocket,chronaris_no_physics,43,simulation_g1_to_g2_ablation__seed_43,held_out,brier_score,0.6718352868014937,lower,available,,False
model_independent_aviation_simulation,simulated_future_workload_classification,minirocket,chronaris_no_physics,43,simulation_g1_to_g2_ablation__seed_43,held_out,ece_10_bins,0.2677861586108908,lower,available,,False
model_independent_aviation_simulation,simulated_future_workload_regression,minirocket,chronaris_no_physics,43,simulation_g1_to_g2_ablation__seed_43,held_out,mae,0.17019786794359484,lower,available,,False
model_independent_aviation_simulation,simulated_future_workload_regression,minirocket,chronaris_no_physics,43,simulation_g1_to_g2_ablation__seed_43,held_out,rmse,0.20158052374791882,lower,available,,False
model_independent_aviation_simulation,simulated_future_workload_regression,minirocket,chronaris_no_physics,43,simulation_g1_to_g2_ablation__seed_43,held_out,spearman,0.6616316926999266,higher,available,,False
model_independent_aviation_simulation,simulated_maneuver_state_segmentation,causal_tcn_raw,chronaris_no_physics,43,simulation_g1_to_g2_ablation__seed_43,held_out,frame_macro_f1,0.47193609204933196,higher,available,,False
model_independent_aviation_simulation,simulated_maneuver_state_segmentation,causal_tcn_raw,chronaris_no_physics,43,simulation_g1_to_g2_ablation__seed_43,held_out,segmental_f1_iou_0.10,0.5086179780258728,higher,available,,False
model_independent_aviation_simulation,simulated_maneuver_state_segmentation,causal_tcn_raw,chronaris_no_physics,43,simulation_g1_to_g2_ablation__seed_43,held_out,segmental_f1_iou_0.25,0.3950095194193492,higher,available,,False
model_independent_aviation_simulation,simulated_maneuver_state_segmentation,causal_tcn_raw,chronaris_no_physics,43,simulation_g1_to_g2_ablation__seed_43,held_out,segmental_f1_iou_0.50,0.2718596199355197,higher,available,,False
model_independent_aviation_simulation,simulated_maneuver_state_segmentation,causal_tcn_raw,chronaris_no_physics,43,simulation_g1_to_g2_ablation__seed_43,held_out,boundary_f1_1s,0.22289480479423396,higher,available,,False
model_independent_aviation_simulation,simulated_maneuver_state_segmentation,causal_tcn_raw,chronaris_no_physics,43,simulation_g1_to_g2_ablation__seed_43,held_out,boundary_f1_2s,0.337135530707754,higher,available,,False
model_independent_aviation_simulation,simulated_maneuver_state_segmentation,causal_tcn_raw,chronaris_no_physics,43,simulation_g1_to_g2_ablation__seed_43,held_out,edit_score,0.46423498064078367,higher,available,,False
model_independent_aviation_simulation,simulated_maneuver_state_segmentation,causal_tcn_raw,chronaris_no_physics,43,simulation_g1_to_g2_ablation__seed_43,held_out,boundary_detection_delay_s,2.2369791666666665,lower,available,,False
model_independent_aviation_simulation,simulated_maneuver_state_segmentation,causal_tcn_duration,chronaris_no_physics,43,simulation_g1_to_g2_ablation__seed_43,held_out,frame_macro_f1,0.49406607221695004,higher,available,,False
model_independent_aviation_simulation,simulated_maneuver_state_segmentation,causal_tcn_duration,chronaris_no_physics,43,simulation_g1_to_g2_ablation__seed_43,held_out,segmental_f1_iou_0.10,0.646849750499615,higher,available,,False
model_independent_aviation_simulation,simulated_maneuver_state_segmentation,causal_tcn_duration,chronaris_no_physics,43,simulation_g1_to_g2_ablation__seed_43,held_out,segmental_f1_iou_0.25,0.5264725079075409,higher,available,,False
model_independent_aviation_simulation,simulated_maneuver_state_segmentation,causal_tcn_duration,chronaris_no_physics,43,simulation_g1_to_g2_ablation__seed_43,held_out,segmental_f1_iou_0.50,0.3790352625262165,higher,available,,False
model_independent_aviation_simulation,simulated_maneuver_state_segmentation,causal_tcn_duration,chronaris_no_physics,43,simulation_g1_to_g2_ablation__seed_43,held_out,boundary_f1_1s,0.23220238197260257,higher,available,,False
model_independent_aviation_simulation,simulated_maneuver_state_segmentation,causal_tcn_duration,chronaris_no_physics,43,simulation_g1_to_g2_ablation__seed_43,held_out,boundary_f1_2s,0.37854760639687113,higher,available,,False
model_independent_aviation_simulation,simulated_maneuver_state_segmentation,causal_tcn_duration,chronaris_no_physics,43,simulation_g1_to_g2_ablation__seed_43,held_out,edit_score,0.62702818737975,higher,available,,False
model_independent_aviation_simulation,simulated_maneuver_state_segmentation,causal_tcn_duration,chronaris_no_physics,43,simulation_g1_to_g2_ablation__seed_43,held_out,boundary_detection_delay_s,2.6122485632183907,lower,available,,False
model_independent_aviation_simulation,simulated_future_workload_classification,linear,chronaris_no_causal_mask,43,simulation_g1_to_g2_ablation__seed_43,validation,macro_f1,0.5249358974358974,higher,available,,False
model_independent_aviation_simulation,simulated_future_workload_classification,linear,chronaris_no_causal_mask,43,simulation_g1_to_g2_ablation__seed_43,validation,balanced_accuracy,0.5289728494101917,higher,available,,False
model_independent_aviation_simulation,simulated_future_workload_classification,linear,chronaris_no_causal_mask,43,simulation_g1_to_g2_ablation__seed_43,validation,macro_auprc,0.5629114020502889,higher,available,,False
model_independent_aviation_simulation,simulated_future_workload_classification,linear,chronaris_no_causal_mask,43,simulation_g1_to_g2_ablation__seed_43,validation,brier_score,0.5742099296971114,lower,available,,False
model_independent_aviation_simulation,simulated_future_workload_classification,linear,chronaris_no_causal_mask,43,simulation_g1_to_g2_ablation__seed_43,validation,ece_10_bins,0.14819810710087697,lower,available,,False
model_independent_aviation_simulation,simulated_future_workload_regression,linear,chronaris_no_causal_mask,43,simulation_g1_to_g2_ablation__seed_43,validation,mae,0.13502529511849085,lower,available,,False
model_independent_aviation_simulation,simulated_future_workload_regression,linear,chronaris_no_causal_mask,43,simulation_g1_to_g2_ablation__seed_43,validation,rmse,0.1652308005326976,lower,available,,False
model_independent_aviation_simulation,simulated_future_workload_regression,linear,chronaris_no_causal_mask,43,simulation_g1_to_g2_ablation__seed_43,validation,spearman,0.602685838307108,higher,available,,False
model_independent_aviation_simulation,simulated_future_workload_classification,minirocket,chronaris_no_causal_mask,43,simulation_g1_to_g2_ablation__seed_43,validation,macro_f1,0.5888823721081786,higher,available,,False
model_independent_aviation_simulation,simulated_future_workload_classification,minirocket,chronaris_no_causal_mask,43,simulation_g1_to_g2_ablation__seed_43,validation,balanced_accuracy,0.5924608052446573,higher,available,,False
model_independent_aviation_simulation,simulated_future_workload_classification,minirocket,chronaris_no_causal_mask,43,simulation_g1_to_g2_ablation__seed_43,validation,macro_auprc,0.6158098385435663,higher,available,,False
model_independent_aviation_simulation,simulated_future_workload_classification,minirocket,chronaris_no_causal_mask,43,simulation_g1_to_g2_ablation__seed_43,validation,brier_score,0.6309589140355468,lower,available,,False
model_independent_aviation_simulation,simulated_future_workload_classification,minirocket,chronaris_no_causal_mask,43,simulation_g1_to_g2_ablation__seed_43,validation,ece_10_bins,0.29649317262105856,lower,available,,False
model_independent_aviation_simulation,simulated_future_workload_regression,minirocket,chronaris_no_causal_mask,43,simulation_g1_to_g2_ablation__seed_43,validation,mae,0.11381563978890578,lower,available,,False
model_independent_aviation_simulation,simulated_future_workload_regression,minirocket,chronaris_no_causal_mask,43,simulation_g1_to_g2_ablation__seed_43,validation,rmse,0.14673172577364424,lower,available,,False
model_independent_aviation_simulation,simulated_future_workload_regression,minirocket,chronaris_no_causal_mask,43,simulation_g1_to_g2_ablation__seed_43,validation,spearman,0.7059685295713509,higher,available,,False
model_independent_aviation_simulation,simulated_maneuver_state_segmentation,causal_tcn_raw,chronaris_no_causal_mask,43,simulation_g1_to_g2_ablation__seed_43,validation,frame_macro_f1,0.6145619332555575,higher,available,,False
model_independent_aviation_simulation,simulated_maneuver_state_segmentation,causal_tcn_raw,chronaris_no_causal_mask,43,simulation_g1_to_g2_ablation__seed_43,validation,segmental_f1_iou_0.10,0.6056675350792998,higher,available,,False
model_independent_aviation_simulation,simulated_maneuver_state_segmentation,causal_tcn_raw,chronaris_no_causal_mask,43,simulation_g1_to_g2_ablation__seed_43,validation,segmental_f1_iou_0.25,0.5261076767051032,higher,available,,False
model_independent_aviation_simulation,simulated_maneuver_state_segmentation,causal_tcn_raw,chronaris_no_causal_mask,43,simulation_g1_to_g2_ablation__seed_43,validation,segmental_f1_iou_0.50,0.36815206171823817,higher,available,,False
model_independent_aviation_simulation,simulated_maneuver_state_segmentation,causal_tcn_raw,chronaris_no_causal_mask,43,simulation_g1_to_g2_ablation__seed_43,validation,boundary_f1_1s,0.2641347078847079,higher,available,,False
model_independent_aviation_simulation,simulated_maneuver_state_segmentation,causal_tcn_raw,chronaris_no_causal_mask,43,simulation_g1_to_g2_ablation__seed_43,validation,boundary_f1_2s,0.3514444467569468,higher,available,,False
model_independent_aviation_simulation,simulated_maneuver_state_segmentation,causal_tcn_raw,chronaris_no_causal_mask,43,simulation_g1_to_g2_ablation__seed_43,validation,edit_score,0.49777095011470013,higher,available,,False
model_independent_aviation_simulation,simulated_maneuver_state_segmentation,causal_tcn_raw,chronaris_no_causal_mask,43,simulation_g1_to_g2_ablation__seed_43,validation,boundary_detection_delay_s,2.799170616113744,lower,available,,False
model_independent_aviation_simulation,simulated_maneuver_state_segmentation,causal_tcn_duration,chronaris_no_causal_mask,43,simulation_g1_to_g2_ablation__seed_43,validation,frame_macro_f1,0.6520216860528396,higher,available,,False
model_independent_aviation_simulation,simulated_maneuver_state_segmentation,causal_tcn_duration,chronaris_no_causal_mask,43,simulation_g1_to_g2_ablation__seed_43,validation,segmental_f1_iou_0.10,0.7448321932696933,higher,available,,False
model_independent_aviation_simulation,simulated_maneuver_state_segmentation,causal_tcn_duration,chronaris_no_causal_mask,43,simulation_g1_to_g2_ablation__seed_43,validation,segmental_f1_iou_0.25,0.6831716894216894,higher,available,,False
model_independent_aviation_simulation,simulated_maneuver_state_segmentation,causal_tcn_duration,chronaris_no_causal_mask,43,simulation_g1_to_g2_ablation__seed_43,validation,segmental_f1_iou_0.50,0.5128101065601066,higher,available,,False
model_independent_aviation_simulation,simulated_maneuver_state_segmentation,causal_tcn_duration,chronaris_no_causal_mask,43,simulation_g1_to_g2_ablation__seed_43,validation,boundary_f1_1s,0.2866006967569468,higher,available,,False
model_independent_aviation_simulation,simulated_maneuver_state_segmentation,causal_tcn_duration,chronaris_no_causal_mask,43,simulation_g1_to_g2_ablation__seed_43,validation,boundary_f1_2s,0.4302018872331372,higher,available,,False
model_independent_aviation_simulation,simulated_maneuver_state_segmentation,causal_tcn_duration,chronaris_no_causal_mask,43,simulation_g1_to_g2_ablation__seed_43,validation,edit_score,0.7045026154401155,higher,available,,False
model_independent_aviation_simulation,simulated_maneuver_state_segmentation,causal_tcn_duration,chronaris_no_causal_mask,43,simulation_g1_to_g2_ablation__seed_43,validation,boundary_detection_delay_s,2.9560406698564594,lower,available,,False
model_independent_aviation_simulation,simulated_future_workload_classification,linear,chronaris_no_causal_mask,43,simulation_g1_to_g2_ablation__seed_43,held_out,macro_f1,0.46528417434850183,higher,available,,False
model_independent_aviation_simulation,simulated_future_workload_classification,linear,chronaris_no_causal_mask,43,simulation_g1_to_g2_ablation__seed_43,held_out,balanced_accuracy,0.47454236440466047,higher,available,,False
model_independent_aviation_simulation,simulated_future_workload_classification,linear,chronaris_no_causal_mask,43,simulation_g1_to_g2_ablation__seed_43,held_out,macro_auprc,0.5284705126624064,higher,available,,False
model_independent_aviation_simulation,simulated_future_workload_classification,linear,chronaris_no_causal_mask,43,simulation_g1_to_g2_ablation__seed_43,held_out,brier_score,0.5458310238285994,lower,available,,False
model_independent_aviation_simulation,simulated_future_workload_classification,linear,chronaris_no_causal_mask,43,simulation_g1_to_g2_ablation__seed_43,held_out,ece_10_bins,0.10960760142553792,lower,available,,False
model_independent_aviation_simulation,simulated_future_workload_regression,linear,chronaris_no_causal_mask,43,simulation_g1_to_g2_ablation__seed_43,held_out,mae,0.16139664920046926,lower,available,,False
model_independent_aviation_simulation,simulated_future_workload_regression,linear,chronaris_no_causal_mask,43,simulation_g1_to_g2_ablation__seed_43,held_out,rmse,0.19829469250441162,lower,available,,False
model_independent_aviation_simulation,simulated_future_workload_regression,linear,chronaris_no_causal_mask,43,simulation_g1_to_g2_ablation__seed_43,held_out,spearman,0.5396656791980584,higher,available,,False
model_independent_aviation_simulation,simulated_future_workload_classification,minirocket,chronaris_no_causal_mask,43,simulation_g1_to_g2_ablation__seed_43,held_out,macro_f1,0.49737001417990195,higher,available,,False
model_independent_aviation_simulation,simulated_future_workload_classification,minirocket,chronaris_no_causal_mask,43,simulation_g1_to_g2_ablation__seed_43,held_out,balanced_accuracy,0.5091611886022354,higher,available,,False
model_independent_aviation_simulation,simulated_future_workload_classification,minirocket,chronaris_no_causal_mask,43,simulation_g1_to_g2_ablation__seed_43,held_out,macro_auprc,0.5004283631068076,higher,available,,False
model_independent_aviation_simulation,simulated_future_workload_classification,minirocket,chronaris_no_causal_mask,43,simulation_g1_to_g2_ablation__seed_43,held_out,brier_score,0.6704882397616704,lower,available,,False
model_independent_aviation_simulation,simulated_future_workload_classification,minirocket,chronaris_no_causal_mask,43,simulation_g1_to_g2_ablation__seed_43,held_out,ece_10_bins,0.2661903183933068,lower,available,,False
model_independent_aviation_simulation,simulated_future_workload_regression,minirocket,chronaris_no_causal_mask,43,simulation_g1_to_g2_ablation__seed_43,held_out,mae,0.17200930245841542,lower,available,,False
model_independent_aviation_simulation,simulated_future_workload_regression,minirocket,chronaris_no_causal_mask,43,simulation_g1_to_g2_ablation__seed_43,held_out,rmse,0.20768496525811894,lower,available,,False
model_independent_aviation_simulation,simulated_future_workload_regression,minirocket,chronaris_no_causal_mask,43,simulation_g1_to_g2_ablation__seed_43,held_out,spearman,0.6144663239844383,higher,available,,False
model_independent_aviation_simulation,simulated_maneuver_state_segmentation,causal_tcn_raw,chronaris_no_causal_mask,43,simulation_g1_to_g2_ablation__seed_43,held_out,frame_macro_f1,0.3995498639822644,higher,available,,False
model_independent_aviation_simulation,simulated_maneuver_state_segmentation,causal_tcn_raw,chronaris_no_causal_mask,43,simulation_g1_to_g2_ablation__seed_43,held_out,segmental_f1_iou_0.10,0.45790592191641927,higher,available,,False
model_independent_aviation_simulation,simulated_maneuver_state_segmentation,causal_tcn_raw,chronaris_no_causal_mask,43,simulation_g1_to_g2_ablation__seed_43,held_out,segmental_f1_iou_0.25,0.3739289299648723,higher,available,,False
model_independent_aviation_simulation,simulated_maneuver_state_segmentation,causal_tcn_raw,chronaris_no_causal_mask,43,simulation_g1_to_g2_ablation__seed_43,held_out,segmental_f1_iou_0.50,0.2597488055281205,higher,available,,False
model_independent_aviation_simulation,simulated_maneuver_state_segmentation,causal_tcn_raw,chronaris_no_causal_mask,43,simulation_g1_to_g2_ablation__seed_43,held_out,boundary_f1_1s,0.2440646637289439,higher,available,,False
model_independent_aviation_simulation,simulated_maneuver_state_segmentation,causal_tcn_raw,chronaris_no_causal_mask,43,simulation_g1_to_g2_ablation__seed_43,held_out,boundary_f1_2s,0.3546623542668918,higher,available,,False
model_independent_aviation_simulation,simulated_maneuver_state_segmentation,causal_tcn_raw,chronaris_no_causal_mask,43,simulation_g1_to_g2_ablation__seed_43,held_out,edit_score,0.4396407930645063,higher,available,,False
model_independent_aviation_simulation,simulated_maneuver_state_segmentation,causal_tcn_raw,chronaris_no_causal_mask,43,simulation_g1_to_g2_ablation__seed_43,held_out,boundary_detection_delay_s,1.6807909604519775,lower,available,,False
model_independent_aviation_simulation,simulated_maneuver_state_segmentation,causal_tcn_duration,chronaris_no_causal_mask,43,simulation_g1_to_g2_ablation__seed_43,held_out,frame_macro_f1,0.42157325270872975,higher,available,,False
model_independent_aviation_simulation,simulated_maneuver_state_segmentation,causal_tcn_duration,chronaris_no_causal_mask,43,simulation_g1_to_g2_ablation__seed_43,held_out,segmental_f1_iou_0.10,0.5738544585753371,higher,available,,False
model_independent_aviation_simulation,simulated_maneuver_state_segmentation,causal_tcn_duration,chronaris_no_causal_mask,43,simulation_g1_to_g2_ablation__seed_43,held_out,segmental_f1_iou_0.25,0.48874031231568,higher,available,,False
model_independent_aviation_simulation,simulated_maneuver_state_segmentation,causal_tcn_duration,chronaris_no_causal_mask,43,simulation_g1_to_g2_ablation__seed_43,held_out,segmental_f1_iou_0.50,0.3745879877543481,higher,available,,False
model_independent_aviation_simulation,simulated_maneuver_state_segmentation,causal_tcn_duration,chronaris_no_causal_mask,43,simulation_g1_to_g2_ablation__seed_43,held_out,boundary_f1_1s,0.26481882227214076,higher,available,,False
model_independent_aviation_simulation,simulated_maneuver_state_segmentation,causal_tcn_duration,chronaris_no_causal_mask,43,simulation_g1_to_g2_ablation__seed_43,held_out,boundary_f1_2s,0.39445385522809095,higher,available,,False
model_independent_aviation_simulation,simulated_maneuver_state_segmentation,causal_tcn_duration,chronaris_no_causal_mask,43,simulation_g1_to_g2_ablation__seed_43,held_out,edit_score,0.5872005670833796,higher,available,,False
model_independent_aviation_simulation,simulated_maneuver_state_segmentation,causal_tcn_duration,chronaris_no_causal_mask,43,simulation_g1_to_g2_ablation__seed_43,held_out,boundary_detection_delay_s,1.8401759530791788,lower,available,,False
model_independent_aviation_simulation,simulated_future_workload_classification,linear,chronaris_single_scale_lag,43,simulation_g1_to_g2_ablation__seed_43,validation,macro_f1,0.5914529914529915,higher,available,,False
model_independent_aviation_simulation,simulated_future_workload_classification,linear,chronaris_single_scale_lag,43,simulation_g1_to_g2_ablation__seed_43,validation,balanced_accuracy,0.6005154083371073,higher,available,,False
model_independent_aviation_simulation,simulated_future_workload_classification,linear,chronaris_single_scale_lag,43,simulation_g1_to_g2_ablation__seed_43,validation,macro_auprc,0.5912000575034907,higher,available,,False
model_independent_aviation_simulation,simulated_future_workload_classification,linear,chronaris_single_scale_lag,43,simulation_g1_to_g2_ablation__seed_43,validation,brier_score,0.5798553177406199,lower,available,,False
model_independent_aviation_simulation,simulated_future_workload_classification,linear,chronaris_single_scale_lag,43,simulation_g1_to_g2_ablation__seed_43,validation,ece_10_bins,0.20461151652228818,lower,available,,False
model_independent_aviation_simulation,simulated_future_workload_regression,linear,chronaris_single_scale_lag,43,simulation_g1_to_g2_ablation__seed_43,validation,mae,0.11663574011375506,lower,available,,False
model_independent_aviation_simulation,simulated_future_workload_regression,linear,chronaris_single_scale_lag,43,simulation_g1_to_g2_ablation__seed_43,validation,rmse,0.14807657167365226,lower,available,,False
model_independent_aviation_simulation,simulated_future_workload_regression,linear,chronaris_single_scale_lag,43,simulation_g1_to_g2_ablation__seed_43,validation,spearman,0.652685838307108,higher,available,,False
model_independent_aviation_simulation,simulated_future_workload_classification,minirocket,chronaris_single_scale_lag,43,simulation_g1_to_g2_ablation__seed_43,validation,macro_f1,0.6557575757575758,higher,available,,False
model_independent_aviation_simulation,simulated_future_workload_classification,minirocket,chronaris_single_scale_lag,43,simulation_g1_to_g2_ablation__seed_43,validation,balanced_accuracy,0.667518492161049,higher,available,,False
model_independent_aviation_simulation,simulated_future_workload_classification,minirocket,chronaris_single_scale_lag,43,simulation_g1_to_g2_ablation__seed_43,validation,macro_auprc,0.6278171736553739,higher,available,,False
model_independent_aviation_simulation,simulated_future_workload_classification,minirocket,chronaris_single_scale_lag,43,simulation_g1_to_g2_ablation__seed_43,validation,brier_score,0.5950717797850776,lower,available,,False
model_independent_aviation_simulation,simulated_future_workload_classification,minirocket,chronaris_single_scale_lag,43,simulation_g1_to_g2_ablation__seed_43,validation,ece_10_bins,0.28341917981892106,lower,available,,False
model_independent_aviation_simulation,simulated_future_workload_regression,minirocket,chronaris_single_scale_lag,43,simulation_g1_to_g2_ablation__seed_43,validation,mae,0.10281809357305367,lower,available,,False
model_independent_aviation_simulation,simulated_future_workload_regression,minirocket,chronaris_single_scale_lag,43,simulation_g1_to_g2_ablation__seed_43,validation,rmse,0.134877895654239,lower,available,,False
model_independent_aviation_simulation,simulated_future_workload_regression,minirocket,chronaris_single_scale_lag,43,simulation_g1_to_g2_ablation__seed_43,validation,spearman,0.725244167118828,higher,available,,False
model_independent_aviation_simulation,simulated_maneuver_state_segmentation,causal_tcn_raw,chronaris_single_scale_lag,43,simulation_g1_to_g2_ablation__seed_43,validation,frame_macro_f1,0.5885809110134054,higher,available,,False
model_independent_aviation_simulation,simulated_maneuver_state_segmentation,causal_tcn_raw,chronaris_single_scale_lag,43,simulation_g1_to_g2_ablation__seed_43,validation,segmental_f1_iou_0.10,0.5730933749557975,higher,available,,False
model_independent_aviation_simulation,simulated_maneuver_state_segmentation,causal_tcn_raw,chronaris_single_scale_lag,43,simulation_g1_to_g2_ablation__seed_43,validation,segmental_f1_iou_0.25,0.5001436501557438,higher,available,,False
model_independent_aviation_simulation,simulated_maneuver_state_segmentation,causal_tcn_raw,chronaris_single_scale_lag,43,simulation_g1_to_g2_ablation__seed_43,validation,segmental_f1_iou_0.50,0.35107250751842467,higher,available,,False
model_independent_aviation_simulation,simulated_maneuver_state_segmentation,causal_tcn_raw,chronaris_single_scale_lag,43,simulation_g1_to_g2_ablation__seed_43,validation,boundary_f1_1s,0.2560629657257947,higher,available,,False
model_independent_aviation_simulation,simulated_maneuver_state_segmentation,causal_tcn_raw,chronaris_single_scale_lag,43,simulation_g1_to_g2_ablation__seed_43,validation,boundary_f1_2s,0.34846035206909826,higher,available,,False
model_independent_aviation_simulation,simulated_maneuver_state_segmentation,causal_tcn_raw,chronaris_single_scale_lag,43,simulation_g1_to_g2_ablation__seed_43,validation,edit_score,0.49683607004379066,higher,available,,False
model_independent_aviation_simulation,simulated_maneuver_state_segmentation,causal_tcn_raw,chronaris_single_scale_lag,43,simulation_g1_to_g2_ablation__seed_43,validation,boundary_detection_delay_s,2.972524154589372,lower,available,,False
model_independent_aviation_simulation,simulated_maneuver_state_segmentation,causal_tcn_duration,chronaris_single_scale_lag,43,simulation_g1_to_g2_ablation__seed_43,validation,frame_macro_f1,0.6262784285146898,higher,available,,False
model_independent_aviation_simulation,simulated_maneuver_state_segmentation,causal_tcn_duration,chronaris_single_scale_lag,43,simulation_g1_to_g2_ablation__seed_43,validation,segmental_f1_iou_0.10,0.7626623512652925,higher,available,,False
model_independent_aviation_simulation,simulated_maneuver_state_segmentation,causal_tcn_duration,chronaris_single_scale_lag,43,simulation_g1_to_g2_ablation__seed_43,validation,segmental_f1_iou_0.25,0.6821362631105278,higher,available,,False
model_independent_aviation_simulation,simulated_maneuver_state_segmentation,causal_tcn_duration,chronaris_single_scale_lag,43,simulation_g1_to_g2_ablation__seed_43,validation,segmental_f1_iou_0.50,0.5342087276829924,higher,available,,False
model_independent_aviation_simulation,simulated_maneuver_state_segmentation,causal_tcn_duration,chronaris_single_scale_lag,43,simulation_g1_to_g2_ablation__seed_43,validation,boundary_f1_1s,0.28519345238095234,higher,available,,False
model_independent_aviation_simulation,simulated_maneuver_state_segmentation,causal_tcn_duration,chronaris_single_scale_lag,43,simulation_g1_to_g2_ablation__seed_43,validation,boundary_f1_2s,0.4196879509379509,higher,available,,False
model_independent_aviation_simulation,simulated_maneuver_state_segmentation,causal_tcn_duration,chronaris_single_scale_lag,43,simulation_g1_to_g2_ablation__seed_43,validation,edit_score,0.7422310906685906,higher,available,,False
model_independent_aviation_simulation,simulated_maneuver_state_segmentation,causal_tcn_duration,chronaris_single_scale_lag,43,simulation_g1_to_g2_ablation__seed_43,validation,boundary_detection_delay_s,3.336890243902439,lower,available,,False
model_independent_aviation_simulation,simulated_future_workload_classification,linear,chronaris_single_scale_lag,43,simulation_g1_to_g2_ablation__seed_43,held_out,macro_f1,0.48756695876178174,higher,available,,False
model_independent_aviation_simulation,simulated_future_workload_classification,linear,chronaris_single_scale_lag,43,simulation_g1_to_g2_ablation__seed_43,held_out,balanced_accuracy,0.48297031885089914,higher,available,,False
model_independent_aviation_simulation,simulated_future_workload_classification,linear,chronaris_single_scale_lag,43,simulation_g1_to_g2_ablation__seed_43,held_out,macro_auprc,0.5234991192942403,higher,available,,False
model_independent_aviation_simulation,simulated_future_workload_classification,linear,chronaris_single_scale_lag,43,simulation_g1_to_g2_ablation__seed_43,held_out,brier_score,0.5269276750831099,lower,available,,False
model_independent_aviation_simulation,simulated_future_workload_classification,linear,chronaris_single_scale_lag,43,simulation_g1_to_g2_ablation__seed_43,held_out,ece_10_bins,0.118775990286958,lower,available,,False
model_independent_aviation_simulation,simulated_future_workload_regression,linear,chronaris_single_scale_lag,43,simulation_g1_to_g2_ablation__seed_43,held_out,mae,0.14994133496657014,lower,available,,False
model_independent_aviation_simulation,simulated_future_workload_regression,linear,chronaris_single_scale_lag,43,simulation_g1_to_g2_ablation__seed_43,held_out,rmse,0.19227281472954993,lower,available,,False
model_independent_aviation_simulation,simulated_future_workload_regression,linear,chronaris_single_scale_lag,43,simulation_g1_to_g2_ablation__seed_43,held_out,spearman,0.5791480359490542,higher,available,,False
model_independent_aviation_simulation,simulated_future_workload_classification,minirocket,chronaris_single_scale_lag,43,simulation_g1_to_g2_ablation__seed_43,held_out,macro_f1,0.4815854532011737,higher,available,,False
model_independent_aviation_simulation,simulated_future_workload_classification,minirocket,chronaris_single_scale_lag,43,simulation_g1_to_g2_ablation__seed_43,held_out,balanced_accuracy,0.4862953026392191,higher,available,,False
model_independent_aviation_simulation,simulated_future_workload_classification,minirocket,chronaris_single_scale_lag,43,simulation_g1_to_g2_ablation__seed_43,held_out,macro_auprc,0.512287778828053,higher,available,,False
model_independent_aviation_simulation,simulated_future_workload_classification,minirocket,chronaris_single_scale_lag,43,simulation_g1_to_g2_ablation__seed_43,held_out,brier_score,0.6062595367632937,lower,available,,False
model_independent_aviation_simulation,simulated_future_workload_classification,minirocket,chronaris_single_scale_lag,43,simulation_g1_to_g2_ablation__seed_43,held_out,ece_10_bins,0.23883057893005996,lower,available,,False
model_independent_aviation_simulation,simulated_future_workload_regression,minirocket,chronaris_single_scale_lag,43,simulation_g1_to_g2_ablation__seed_43,held_out,mae,0.17473118348668018,lower,available,,False
model_independent_aviation_simulation,simulated_future_workload_regression,minirocket,chronaris_single_scale_lag,43,simulation_g1_to_g2_ablation__seed_43,held_out,rmse,0.2067056861247985,lower,available,,False
model_independent_aviation_simulation,simulated_future_workload_regression,minirocket,chronaris_single_scale_lag,43,simulation_g1_to_g2_ablation__seed_43,held_out,spearman,0.5395020665632634,higher,available,,False
model_independent_aviation_simulation,simulated_maneuver_state_segmentation,causal_tcn_raw,chronaris_single_scale_lag,43,simulation_g1_to_g2_ablation__seed_43,held_out,frame_macro_f1,0.4046136542430177,higher,available,,False
model_independent_aviation_simulation,simulated_maneuver_state_segmentation,causal_tcn_raw,chronaris_single_scale_lag,43,simulation_g1_to_g2_ablation__seed_43,held_out,segmental_f1_iou_0.10,0.47670957308873324,higher,available,,False
model_independent_aviation_simulation,simulated_maneuver_state_segmentation,causal_tcn_raw,chronaris_single_scale_lag,43,simulation_g1_to_g2_ablation__seed_43,held_out,segmental_f1_iou_0.25,0.3927016926303401,higher,available,,False
model_independent_aviation_simulation,simulated_maneuver_state_segmentation,causal_tcn_raw,chronaris_single_scale_lag,43,simulation_g1_to_g2_ablation__seed_43,held_out,segmental_f1_iou_0.50,0.29018014932657926,higher,available,,False
model_independent_aviation_simulation,simulated_maneuver_state_segmentation,causal_tcn_raw,chronaris_single_scale_lag,43,simulation_g1_to_g2_ablation__seed_43,held_out,boundary_f1_1s,0.21407959891415773,higher,available,,False
model_independent_aviation_simulation,simulated_maneuver_state_segmentation,causal_tcn_raw,chronaris_single_scale_lag,43,simulation_g1_to_g2_ablation__seed_43,held_out,boundary_f1_2s,0.34543549536656154,higher,available,,False
model_independent_aviation_simulation,simulated_maneuver_state_segmentation,causal_tcn_raw,chronaris_single_scale_lag,43,simulation_g1_to_g2_ablation__seed_43,held_out,edit_score,0.4404028263403263,higher,available,,False
model_independent_aviation_simulation,simulated_maneuver_state_segmentation,causal_tcn_raw,chronaris_single_scale_lag,43,simulation_g1_to_g2_ablation__seed_43,held_out,boundary_detection_delay_s,2.2526041666666665,lower,available,,False
model_independent_aviation_simulation,simulated_maneuver_state_segmentation,causal_tcn_duration,chronaris_single_scale_lag,43,simulation_g1_to_g2_ablation__seed_43,held_out,frame_macro_f1,0.4257636149193448,higher,available,,False
model_independent_aviation_simulation,simulated_maneuver_state_segmentation,causal_tcn_duration,chronaris_single_scale_lag,43,simulation_g1_to_g2_ablation__seed_43,held_out,segmental_f1_iou_0.10,0.575380319195625,higher,available,,False
model_independent_aviation_simulation,simulated_maneuver_state_segmentation,causal_tcn_duration,chronaris_single_scale_lag,43,simulation_g1_to_g2_ablation__seed_43,held_out,segmental_f1_iou_0.25,0.4871146293202698,higher,available,,False
model_independent_aviation_simulation,simulated_maneuver_state_segmentation,causal_tcn_duration,chronaris_single_scale_lag,43,simulation_g1_to_g2_ablation__seed_43,held_out,segmental_f1_iou_0.50,0.37532709852998164,higher,available,,False
model_independent_aviation_simulation,simulated_maneuver_state_segmentation,causal_tcn_duration,chronaris_single_scale_lag,43,simulation_g1_to_g2_ablation__seed_43,held_out,boundary_f1_1s,0.17526991492984142,higher,available,,False
model_independent_aviation_simulation,simulated_maneuver_state_segmentation,causal_tcn_duration,chronaris_single_scale_lag,43,simulation_g1_to_g2_ablation__seed_43,held_out,boundary_f1_2s,0.3032766389384037,higher,available,,False
model_independent_aviation_simulation,simulated_maneuver_state_segmentation,causal_tcn_duration,chronaris_single_scale_lag,43,simulation_g1_to_g2_ablation__seed_43,held_out,edit_score,0.5609942285723536,higher,available,,False
model_independent_aviation_simulation,simulated_maneuver_state_segmentation,causal_tcn_duration,chronaris_single_scale_lag,43,simulation_g1_to_g2_ablation__seed_43,held_out,boundary_detection_delay_s,2.4639423076923075,lower,available,,False
