2026-07-02 02:13:12,463 INFO chronaris.pipelines.stage_i.public.deep_baseline: stage_i_deep_baseline observer start run_id=no_target_transform__seed42 run_root=/home/wangminan/projects/chronaris/docs/artifacts/assets/stage_i_public_fusion_ablation/20260701T-stage-i-public-fusion-ablation-r1/confirm/nasa_csm/no_target_transform__seed42
2026-07-02 02:13:13,583 INFO chronaris.pipelines.stage_i.public.deep_baseline_runtime: deep_train fold_start dataset=nasa_csm model=chronaris_public_fusion track=objective group=benchmark_only seed=42 fold=001/017 split_group=subject_10 task=classification train_count=1364 epochs=20 batch_size=128
2026-07-02 02:13:13,583 INFO chronaris.pipelines.stage_i.public.deep_baseline_runtime: deep_train epoch_start dataset=nasa_csm model=chronaris_public_fusion track=objective group=benchmark_only seed=42 fold=001/017 epoch=001/020 batch_count=11
2026-07-02 02:13:13,609 INFO chronaris.pipelines.stage_i.public.deep_baseline_runtime: deep_train batch dataset=nasa_csm model=chronaris_public_fusion track=objective group=benchmark_only seed=42 fold=001/017 epoch=001/020 batch=001/011 loss=1.111953 elapsed_s=0.0 status=running
2026-07-02 02:13:13,820 INFO chronaris.pipelines.stage_i.public.deep_baseline_runtime: deep_train batch dataset=nasa_csm model=chronaris_public_fusion track=objective group=benchmark_only seed=42 fold=001/017 epoch=001/020 batch=011/011 loss=1.056311 elapsed_s=0.2 status=running
2026-07-02 02:13:13,820 INFO chronaris.pipelines.stage_i.public.deep_baseline_runtime: deep_train epoch_done dataset=nasa_csm model=chronaris_public_fusion track=objective group=benchmark_only seed=42 fold=001/017 epoch=001/020 train_loss=1.086341 elapsed_s=0.2
2026-07-02 02:13:13,853 INFO chronaris.pipelines.stage_i.public.deep_baseline_runtime: deep_train epoch_start dataset=nasa_csm model=chronaris_public_fusion track=objective group=benchmark_only seed=42 fold=001/017 epoch=002/020 batch_count=11
2026-07-02 02:13:13,869 INFO chronaris.pipelines.stage_i.public.deep_baseline_runtime: deep_train batch dataset=nasa_csm model=chronaris_public_fusion track=objective group=benchmark_only seed=42 fold=001/017 epoch=002/020 batch=001/011 loss=1.073972 elapsed_s=0.3 status=running
2026-07-02 02:13:13,998 INFO chronaris.pipelines.stage_i.public.deep_baseline_runtime: deep_train batch dataset=nasa_csm model=chronaris_public_fusion track=objective group=benchmark_only seed=42 fold=001/017 epoch=002/020 batch=011/011 loss=1.012619 elapsed_s=0.4 status=running
2026-07-02 02:13:13,999 INFO chronaris.pipelines.stage_i.public.deep_baseline_runtime: deep_train epoch_done dataset=nasa_csm model=chronaris_public_fusion track=objective group=benchmark_only seed=42 fold=001/017 epoch=002/020 train_loss=1.040702 elapsed_s=0.1
2026-07-02 02:13:14,032 INFO chronaris.pipelines.stage_i.public.deep_baseline_runtime: deep_train epoch_start dataset=nasa_csm model=chronaris_public_fusion track=objective group=benchmark_only seed=42 fold=001/017 epoch=003/020 batch_count=11
2026-07-02 02:13:14,054 INFO chronaris.pipelines.stage_i.public.deep_baseline_runtime: deep_train batch dataset=nasa_csm model=chronaris_public_fusion track=objective group=benchmark_only seed=42 fold=001/017 epoch=003/020 batch=001/011 loss=1.080809 elapsed_s=0.5 status=running
2026-07-02 02:13:14,181 INFO chronaris.pipelines.stage_i.public.deep_baseline_runtime: deep_train batch dataset=nasa_csm model=chronaris_public_fusion track=objective group=benchmark_only seed=42 fold=001/017 epoch=003/020 batch=011/011 loss=0.930531 elapsed_s=0.6 status=running
2026-07-02 02:13:14,182 INFO chronaris.pipelines.stage_i.public.deep_baseline_runtime: deep_train epoch_done dataset=nasa_csm model=chronaris_public_fusion track=objective group=benchmark_only seed=42 fold=001/017 epoch=003/020 train_loss=0.969281 elapsed_s=0.2
2026-07-02 02:13:14,215 INFO chronaris.pipelines.stage_i.public.deep_baseline_runtime: deep_train epoch_start dataset=nasa_csm model=chronaris_public_fusion track=objective group=benchmark_only seed=42 fold=001/017 epoch=004/020 batch_count=11
2026-07-02 02:13:14,297 INFO chronaris.pipelines.stage_i.public.deep_baseline_runtime: deep_train batch dataset=nasa_csm model=chronaris_public_fusion track=objective group=benchmark_only seed=42 fold=001/017 epoch=004/020 batch=001/011 loss=0.869270 elapsed_s=0.7 status=running
2026-07-02 02:13:14,481 INFO chronaris.pipelines.stage_i.public.deep_baseline_runtime: deep_train batch dataset=nasa_csm model=chronaris_public_fusion track=objective group=benchmark_only seed=42 fold=001/017 epoch=004/020 batch=011/011 loss=0.842714 elapsed_s=0.9 status=running
2026-07-02 02:13:14,481 INFO chronaris.pipelines.stage_i.public.deep_baseline_runtime: deep_train epoch_done dataset=nasa_csm model=chronaris_public_fusion track=objective group=benchmark_only seed=42 fold=001/017 epoch=004/020 train_loss=0.807751 elapsed_s=0.3
2026-07-02 02:13:14,516 INFO chronaris.pipelines.stage_i.public.deep_baseline_runtime: deep_train epoch_start dataset=nasa_csm model=chronaris_public_fusion track=objective group=benchmark_only seed=42 fold=001/017 epoch=005/020 batch_count=11
2026-07-02 02:13:14,645 INFO chronaris.pipelines.stage_i.public.deep_baseline_runtime: deep_train batch dataset=nasa_csm model=chronaris_public_fusion track=objective group=benchmark_only seed=42 fold=001/017 epoch=005/020 batch=001/011 loss=0.794710 elapsed_s=1.1 status=running
2026-07-02 02:13:14,775 INFO chronaris.pipelines.stage_i.public.deep_baseline_runtime: deep_train batch dataset=nasa_csm model=chronaris_public_fusion track=objective group=benchmark_only seed=42 fold=001/017 epoch=005/020 batch=011/011 loss=0.685382 elapsed_s=1.2 status=running
2026-07-02 02:13:14,776 INFO chronaris.pipelines.stage_i.public.deep_baseline_runtime: deep_train epoch_done dataset=nasa_csm model=chronaris_public_fusion track=objective group=benchmark_only seed=42 fold=001/017 epoch=005/020 train_loss=0.650548 elapsed_s=0.3
2026-07-02 02:13:14,809 INFO chronaris.pipelines.stage_i.public.deep_baseline_runtime: deep_train epoch_start dataset=nasa_csm model=chronaris_public_fusion track=objective group=benchmark_only seed=42 fold=001/017 epoch=006/020 batch_count=11
2026-07-02 02:13:14,830 INFO chronaris.pipelines.stage_i.public.deep_baseline_runtime: deep_train batch dataset=nasa_csm model=chronaris_public_fusion track=objective group=benchmark_only seed=42 fold=001/017 epoch=006/020 batch=001/011 loss=0.517443 elapsed_s=1.2 status=running
2026-07-02 02:13:14,960 INFO chronaris.pipelines.stage_i.public.deep_baseline_runtime: deep_train batch dataset=nasa_csm model=chronaris_public_fusion track=objective group=benchmark_only seed=42 fold=001/017 epoch=006/020 batch=011/011 loss=0.465362 elapsed_s=1.4 status=running
2026-07-02 02:13:14,961 INFO chronaris.pipelines.stage_i.public.deep_baseline_runtime: deep_train epoch_done dataset=nasa_csm model=chronaris_public_fusion track=objective group=benchmark_only seed=42 fold=001/017 epoch=006/020 train_loss=0.541558 elapsed_s=0.2
2026-07-02 02:13:14,995 INFO chronaris.pipelines.stage_i.public.deep_baseline_runtime: deep_train epoch_start dataset=nasa_csm model=chronaris_public_fusion track=objective group=benchmark_only seed=42 fold=001/017 epoch=007/020 batch_count=11
2026-07-02 02:13:15,012 INFO chronaris.pipelines.stage_i.public.deep_baseline_runtime: deep_train batch dataset=nasa_csm model=chronaris_public_fusion track=objective group=benchmark_only seed=42 fold=001/017 epoch=007/020 batch=001/011 loss=0.462598 elapsed_s=1.4 status=running
2026-07-02 02:13:15,145 INFO chronaris.pipelines.stage_i.public.deep_baseline_runtime: deep_train batch dataset=nasa_csm model=chronaris_public_fusion track=objective group=benchmark_only seed=42 fold=001/017 epoch=007/020 batch=011/011 loss=0.457344 elapsed_s=1.6 status=running
2026-07-02 02:13:15,146 INFO chronaris.pipelines.stage_i.public.deep_baseline_runtime: deep_train epoch_done dataset=nasa_csm model=chronaris_public_fusion track=objective group=benchmark_only seed=42 fold=001/017 epoch=007/020 train_loss=0.412144 elapsed_s=0.2
2026-07-02 02:13:15,181 INFO chronaris.pipelines.stage_i.public.deep_baseline_runtime: deep_train epoch_start dataset=nasa_csm model=chronaris_public_fusion track=objective group=benchmark_only seed=42 fold=001/017 epoch=008/020 batch_count=11
2026-07-02 02:13:15,202 INFO chronaris.pipelines.stage_i.public.deep_baseline_runtime: deep_train batch dataset=nasa_csm model=chronaris_public_fusion track=objective group=benchmark_only seed=42 fold=001/017 epoch=008/020 batch=001/011 loss=0.408256 elapsed_s=1.6 status=running
2026-07-02 02:13:15,332 INFO chronaris.pipelines.stage_i.public.deep_baseline_runtime: deep_train batch dataset=nasa_csm model=chronaris_public_fusion track=objective group=benchmark_only seed=42 fold=001/017 epoch=008/020 batch=011/011 loss=0.311282 elapsed_s=1.7 status=running
2026-07-02 02:13:15,333 INFO chronaris.pipelines.stage_i.public.deep_baseline_runtime: deep_train epoch_done dataset=nasa_csm model=chronaris_public_fusion track=objective group=benchmark_only seed=42 fold=001/017 epoch=008/020 train_loss=0.337497 elapsed_s=0.2
2026-07-02 02:13:15,365 INFO chronaris.pipelines.stage_i.public.deep_baseline_runtime: deep_train epoch_start dataset=nasa_csm model=chronaris_public_fusion track=objective group=benchmark_only seed=42 fold=001/017 epoch=009/020 batch_count=11
2026-07-02 02:13:15,389 INFO chronaris.pipelines.stage_i.public.deep_baseline_runtime: deep_train batch dataset=nasa_csm model=chronaris_public_fusion track=objective group=benchmark_only seed=42 fold=001/017 epoch=009/020 batch=001/011 loss=0.271429 elapsed_s=1.8 status=running
2026-07-02 02:13:15,518 INFO chronaris.pipelines.stage_i.public.deep_baseline_runtime: deep_train batch dataset=nasa_csm model=chronaris_public_fusion track=objective group=benchmark_only seed=42 fold=001/017 epoch=009/020 batch=011/011 loss=0.287679 elapsed_s=1.9 status=running
2026-07-02 02:13:15,519 INFO chronaris.pipelines.stage_i.public.deep_baseline_runtime: deep_train epoch_done dataset=nasa_csm model=chronaris_public_fusion track=objective group=benchmark_only seed=42 fold=001/017 epoch=009/020 train_loss=0.305228 elapsed_s=0.2
2026-07-02 02:13:15,552 INFO chronaris.pipelines.stage_i.public.deep_baseline_runtime: deep_train epoch_start dataset=nasa_csm model=chronaris_public_fusion track=objective group=benchmark_only seed=42 fold=001/017 epoch=010/020 batch_count=11
2026-07-02 02:13:15,597 INFO chronaris.pipelines.stage_i.public.deep_baseline_runtime: deep_train batch dataset=nasa_csm model=chronaris_public_fusion track=objective group=benchmark_only seed=42 fold=001/017 epoch=010/020 batch=001/011 loss=0.227210 elapsed_s=2.0 status=running
2026-07-02 02:13:15,724 INFO chronaris.pipelines.stage_i.public.deep_baseline_runtime: deep_train batch dataset=nasa_csm model=chronaris_public_fusion track=objective group=benchmark_only seed=42 fold=001/017 epoch=010/020 batch=011/011 loss=0.274058 elapsed_s=2.1 status=running
2026-07-02 02:13:15,725 INFO chronaris.pipelines.stage_i.public.deep_baseline_runtime: deep_train epoch_done dataset=nasa_csm model=chronaris_public_fusion track=objective group=benchmark_only seed=42 fold=001/017 epoch=010/020 train_loss=0.257840 elapsed_s=0.2
2026-07-02 02:13:15,763 INFO chronaris.pipelines.stage_i.public.deep_baseline_runtime: deep_train epoch_start dataset=nasa_csm model=chronaris_public_fusion track=objective group=benchmark_only seed=42 fold=001/017 epoch=011/020 batch_count=11
2026-07-02 02:13:15,798 INFO chronaris.pipelines.stage_i.public.deep_baseline_runtime: deep_train batch dataset=nasa_csm model=chronaris_public_fusion track=objective group=benchmark_only seed=42 fold=001/017 epoch=011/020 batch=001/011 loss=0.307106 elapsed_s=2.2 status=running
2026-07-02 02:13:15,938 INFO chronaris.pipelines.stage_i.public.deep_baseline_runtime: deep_train batch dataset=nasa_csm model=chronaris_public_fusion track=objective group=benchmark_only seed=42 fold=001/017 epoch=011/020 batch=011/011 loss=0.266065 elapsed_s=2.4 status=running
2026-07-02 02:13:15,939 INFO chronaris.pipelines.stage_i.public.deep_baseline_runtime: deep_train epoch_done dataset=nasa_csm model=chronaris_public_fusion track=objective group=benchmark_only seed=42 fold=001/017 epoch=011/020 train_loss=0.215059 elapsed_s=0.2
2026-07-02 02:13:15,972 INFO chronaris.pipelines.stage_i.public.deep_baseline_runtime: deep_train epoch_start dataset=nasa_csm model=chronaris_public_fusion track=objective group=benchmark_only seed=42 fold=001/017 epoch=012/020 batch_count=11
2026-07-02 02:13:16,035 INFO chronaris.pipelines.stage_i.public.deep_baseline_runtime: deep_train batch dataset=nasa_csm model=chronaris_public_fusion track=objective group=benchmark_only seed=42 fold=001/017 epoch=012/020 batch=001/011 loss=0.203747 elapsed_s=2.5 status=running
2026-07-02 02:13:16,168 INFO chronaris.pipelines.stage_i.public.deep_baseline_runtime: deep_train batch dataset=nasa_csm model=chronaris_public_fusion track=objective group=benchmark_only seed=42 fold=001/017 epoch=012/020 batch=011/011 loss=0.215498 elapsed_s=2.6 status=running
2026-07-02 02:13:16,170 INFO chronaris.pipelines.stage_i.public.deep_baseline_runtime: deep_train epoch_done dataset=nasa_csm model=chronaris_public_fusion track=objective group=benchmark_only seed=42 fold=001/017 epoch=012/020 train_loss=0.138437 elapsed_s=0.2
2026-07-02 02:13:16,206 INFO chronaris.pipelines.stage_i.public.deep_baseline_runtime: deep_train epoch_start dataset=nasa_csm model=chronaris_public_fusion track=objective group=benchmark_only seed=42 fold=001/017 epoch=013/020 batch_count=11
2026-07-02 02:13:16,226 INFO chronaris.pipelines.stage_i.public.deep_baseline_runtime: deep_train batch dataset=nasa_csm model=chronaris_public_fusion track=objective group=benchmark_only seed=42 fold=001/017 epoch=013/020 batch=001/011 loss=0.122557 elapsed_s=2.6 status=running
2026-07-02 02:13:16,354 INFO chronaris.pipelines.stage_i.public.deep_baseline_runtime: deep_train batch dataset=nasa_csm model=chronaris_public_fusion track=objective group=benchmark_only seed=42 fold=001/017 epoch=013/020 batch=011/011 loss=0.110053 elapsed_s=2.8 status=running
2026-07-02 02:13:16,355 INFO chronaris.pipelines.stage_i.public.deep_baseline_runtime: deep_train epoch_done dataset=nasa_csm model=chronaris_public_fusion track=objective group=benchmark_only seed=42 fold=001/017 epoch=013/020 train_loss=0.141197 elapsed_s=0.1
2026-07-02 02:13:16,389 INFO chronaris.pipelines.stage_i.public.deep_baseline_runtime: deep_train epoch_start dataset=nasa_csm model=chronaris_public_fusion track=objective group=benchmark_only seed=42 fold=001/017 epoch=014/020 batch_count=11
2026-07-02 02:13:16,412 INFO chronaris.pipelines.stage_i.public.deep_baseline_runtime: deep_train batch dataset=nasa_csm model=chronaris_public_fusion track=objective group=benchmark_only seed=42 fold=001/017 epoch=014/020 batch=001/011 loss=0.051768 elapsed_s=2.8 status=running
2026-07-02 02:13:16,541 INFO chronaris.pipelines.stage_i.public.deep_baseline_runtime: deep_train batch dataset=nasa_csm model=chronaris_public_fusion track=objective group=benchmark_only seed=42 fold=001/017 epoch=014/020 batch=011/011 loss=0.077512 elapsed_s=3.0 status=running
2026-07-02 02:13:16,542 INFO chronaris.pipelines.stage_i.public.deep_baseline_runtime: deep_train epoch_done dataset=nasa_csm model=chronaris_public_fusion track=objective group=benchmark_only seed=42 fold=001/017 epoch=014/020 train_loss=0.085041 elapsed_s=0.2
2026-07-02 02:13:16,580 INFO chronaris.pipelines.stage_i.public.deep_baseline_runtime: deep_train epoch_start dataset=nasa_csm model=chronaris_public_fusion track=objective group=benchmark_only seed=42 fold=001/017 epoch=015/020 batch_count=11
2026-07-02 02:13:16,602 INFO chronaris.pipelines.stage_i.public.deep_baseline_runtime: deep_train batch dataset=nasa_csm model=chronaris_public_fusion track=objective group=benchmark_only seed=42 fold=001/017 epoch=015/020 batch=001/011 loss=0.069302 elapsed_s=3.0 status=running
2026-07-02 02:13:16,737 INFO chronaris.pipelines.stage_i.public.deep_baseline_runtime: deep_train batch dataset=nasa_csm model=chronaris_public_fusion track=objective group=benchmark_only seed=42 fold=001/017 epoch=015/020 batch=011/011 loss=0.096184 elapsed_s=3.2 status=running
2026-07-02 02:13:16,739 INFO chronaris.pipelines.stage_i.public.deep_baseline_runtime: deep_train epoch_done dataset=nasa_csm model=chronaris_public_fusion track=objective group=benchmark_only seed=42 fold=001/017 epoch=015/020 train_loss=0.091103 elapsed_s=0.2
2026-07-02 02:13:16,774 INFO chronaris.pipelines.stage_i.public.deep_baseline_runtime: deep_train epoch_start dataset=nasa_csm model=chronaris_public_fusion track=objective group=benchmark_only seed=42 fold=001/017 epoch=016/020 batch_count=11
2026-07-02 02:13:16,796 INFO chronaris.pipelines.stage_i.public.deep_baseline_runtime: deep_train batch dataset=nasa_csm model=chronaris_public_fusion track=objective group=benchmark_only seed=42 fold=001/017 epoch=016/020 batch=001/011 loss=0.127838 elapsed_s=3.2 status=running
2026-07-02 02:13:16,925 INFO chronaris.pipelines.stage_i.public.deep_baseline_runtime: deep_train batch dataset=nasa_csm model=chronaris_public_fusion track=objective group=benchmark_only seed=42 fold=001/017 epoch=016/020 batch=011/011 loss=0.124182 elapsed_s=3.3 status=running
2026-07-02 02:13:16,927 INFO chronaris.pipelines.stage_i.public.deep_baseline_runtime: deep_train epoch_done dataset=nasa_csm model=chronaris_public_fusion track=objective group=benchmark_only seed=42 fold=001/017 epoch=016/020 train_loss=0.083607 elapsed_s=0.2
2026-07-02 02:13:16,960 INFO chronaris.pipelines.stage_i.public.deep_baseline_runtime: deep_train epoch_start dataset=nasa_csm model=chronaris_public_fusion track=objective group=benchmark_only seed=42 fold=001/017 epoch=017/020 batch_count=11
2026-07-02 02:13:16,988 INFO chronaris.pipelines.stage_i.public.deep_baseline_runtime: deep_train batch dataset=nasa_csm model=chronaris_public_fusion track=objective group=benchmark_only seed=42 fold=001/017 epoch=017/020 batch=001/011 loss=0.125906 elapsed_s=3.4 status=running
2026-07-02 02:13:17,123 INFO chronaris.pipelines.stage_i.public.deep_baseline_runtime: deep_train batch dataset=nasa_csm model=chronaris_public_fusion track=objective group=benchmark_only seed=42 fold=001/017 epoch=017/020 batch=011/011 loss=0.051462 elapsed_s=3.5 status=running
2026-07-02 02:13:17,125 INFO chronaris.pipelines.stage_i.public.deep_baseline_runtime: deep_train epoch_done dataset=nasa_csm model=chronaris_public_fusion track=objective group=benchmark_only seed=42 fold=001/017 epoch=017/020 train_loss=0.070028 elapsed_s=0.2
2026-07-02 02:13:17,158 INFO chronaris.pipelines.stage_i.public.deep_baseline_runtime: deep_train epoch_start dataset=nasa_csm model=chronaris_public_fusion track=objective group=benchmark_only seed=42 fold=001/017 epoch=018/020 batch_count=11
2026-07-02 02:13:17,199 INFO chronaris.pipelines.stage_i.public.deep_baseline_runtime: deep_train batch dataset=nasa_csm model=chronaris_public_fusion track=objective group=benchmark_only seed=42 fold=001/017 epoch=018/020 batch=001/011 loss=0.059294 elapsed_s=3.6 status=running
2026-07-02 02:13:17,389 INFO chronaris.pipelines.stage_i.public.deep_baseline_runtime: deep_train batch dataset=nasa_csm model=chronaris_public_fusion track=objective group=benchmark_only seed=42 fold=001/017 epoch=018/020 batch=011/011 loss=0.038680 elapsed_s=3.8 status=running
2026-07-02 02:13:17,390 INFO chronaris.pipelines.stage_i.public.deep_baseline_runtime: deep_train epoch_done dataset=nasa_csm model=chronaris_public_fusion track=objective group=benchmark_only seed=42 fold=001/017 epoch=018/020 train_loss=0.067435 elapsed_s=0.2
2026-07-02 02:13:17,423 INFO chronaris.pipelines.stage_i.public.deep_baseline_runtime: deep_train epoch_start dataset=nasa_csm model=chronaris_public_fusion track=objective group=benchmark_only seed=42 fold=001/017 epoch=019/020 batch_count=11
2026-07-02 02:13:17,452 INFO chronaris.pipelines.stage_i.public.deep_baseline_runtime: deep_train batch dataset=nasa_csm model=chronaris_public_fusion track=objective group=benchmark_only seed=42 fold=001/017 epoch=019/020 batch=001/011 loss=0.081947 elapsed_s=3.9 status=running
2026-07-02 02:13:17,586 INFO chronaris.pipelines.stage_i.public.deep_baseline_runtime: deep_train batch dataset=nasa_csm model=chronaris_public_fusion track=objective group=benchmark_only seed=42 fold=001/017 epoch=019/020 batch=011/011 loss=0.033748 elapsed_s=4.0 status=running
2026-07-02 02:13:17,588 INFO chronaris.pipelines.stage_i.public.deep_baseline_runtime: deep_train epoch_done dataset=nasa_csm model=chronaris_public_fusion track=objective group=benchmark_only seed=42 fold=001/017 epoch=019/020 train_loss=0.062749 elapsed_s=0.2
2026-07-02 02:13:17,634 INFO chronaris.pipelines.stage_i.public.deep_baseline_runtime: deep_train epoch_start dataset=nasa_csm model=chronaris_public_fusion track=objective group=benchmark_only seed=42 fold=001/017 epoch=020/020 batch_count=11
2026-07-02 02:13:17,664 INFO chronaris.pipelines.stage_i.public.deep_baseline_runtime: deep_train batch dataset=nasa_csm model=chronaris_public_fusion track=objective group=benchmark_only seed=42 fold=001/017 epoch=020/020 batch=001/011 loss=0.072467 elapsed_s=4.1 status=running
2026-07-02 02:13:17,859 INFO chronaris.pipelines.stage_i.public.deep_baseline_runtime: deep_train batch dataset=nasa_csm model=chronaris_public_fusion track=objective group=benchmark_only seed=42 fold=001/017 epoch=020/020 batch=011/011 loss=0.048952 elapsed_s=4.3 status=running
2026-07-02 02:13:17,861 INFO chronaris.pipelines.stage_i.public.deep_baseline_runtime: deep_train epoch_done dataset=nasa_csm model=chronaris_public_fusion track=objective group=benchmark_only seed=42 fold=001/017 epoch=020/020 train_loss=0.062868 elapsed_s=0.2
2026-07-02 02:13:17,899 INFO chronaris.pipelines.stage_i.public.deep_baseline_runtime: deep_train fold_done dataset=nasa_csm model=chronaris_public_fusion track=objective group=benchmark_only seed=42 fold=001/017 elapsed_s=4.3
2026-07-02 02:13:18,196 INFO chronaris.pipelines.stage_i.public.deep_baseline_runtime: deep_train fold_start dataset=nasa_csm model=chronaris_public_fusion track=objective group=benchmark_only seed=42 fold=002/017 split_group=subject_11 task=classification train_count=1366 epochs=20 batch_size=128
2026-07-02 02:13:18,198 INFO chronaris.pipelines.stage_i.public.deep_baseline_runtime: deep_train epoch_start dataset=nasa_csm model=chronaris_public_fusion track=objective group=benchmark_only seed=42 fold=002/017 epoch=001/020 batch_count=11
2026-07-02 02:13:18,219 INFO chronaris.pipelines.stage_i.public.deep_baseline_runtime: deep_train batch dataset=nasa_csm model=chronaris_public_fusion track=objective group=benchmark_only seed=42 fold=002/017 epoch=001/020 batch=001/011 loss=1.101318 elapsed_s=0.0 status=running
2026-07-02 02:13:18,346 INFO chronaris.pipelines.stage_i.public.deep_baseline_runtime: deep_train batch dataset=nasa_csm model=chronaris_public_fusion track=objective group=benchmark_only seed=42 fold=002/017 epoch=001/020 batch=011/011 loss=1.043532 elapsed_s=0.1 status=running
2026-07-02 02:13:18,348 INFO chronaris.pipelines.stage_i.public.deep_baseline_runtime: deep_train epoch_done dataset=nasa_csm model=chronaris_public_fusion track=objective group=benchmark_only seed=42 fold=002/017 epoch=001/020 train_loss=1.091297 elapsed_s=0.2
2026-07-02 02:13:18,380 INFO chronaris.pipelines.stage_i.public.deep_baseline_runtime: deep_train epoch_start dataset=nasa_csm model=chronaris_public_fusion track=objective group=benchmark_only seed=42 fold=002/017 epoch=002/020 batch_count=11
2026-07-02 02:13:18,462 INFO chronaris.pipelines.stage_i.public.deep_baseline_runtime: deep_train batch dataset=nasa_csm model=chronaris_public_fusion track=objective group=benchmark_only seed=42 fold=002/017 epoch=002/020 batch=001/011 loss=1.056870 elapsed_s=0.3 status=running
2026-07-02 02:13:18,595 INFO chronaris.pipelines.stage_i.public.deep_baseline_runtime: deep_train batch dataset=nasa_csm model=chronaris_public_fusion track=objective group=benchmark_only seed=42 fold=002/017 epoch=002/020 batch=011/011 loss=1.056995 elapsed_s=0.4 status=running
2026-07-02 02:13:18,597 INFO chronaris.pipelines.stage_i.public.deep_baseline_runtime: deep_train epoch_done dataset=nasa_csm model=chronaris_public_fusion track=objective group=benchmark_only seed=42 fold=002/017 epoch=002/020 train_loss=1.044676 elapsed_s=0.2
2026-07-02 02:13:18,649 INFO chronaris.pipelines.stage_i.public.deep_baseline_runtime: deep_train epoch_start dataset=nasa_csm model=chronaris_public_fusion track=objective group=benchmark_only seed=42 fold=002/017 epoch=003/020 batch_count=11
2026-07-02 02:13:18,758 INFO chronaris.pipelines.stage_i.public.deep_baseline_runtime: deep_train batch dataset=nasa_csm model=chronaris_public_fusion track=objective group=benchmark_only seed=42 fold=002/017 epoch=003/020 batch=001/011 loss=1.042609 elapsed_s=0.6 status=running
2026-07-02 02:13:18,908 INFO chronaris.pipelines.stage_i.public.deep_baseline_runtime: deep_train batch dataset=nasa_csm model=chronaris_public_fusion track=objective group=benchmark_only seed=42 fold=002/017 epoch=003/020 batch=011/011 loss=0.958300 elapsed_s=0.7 status=running
2026-07-02 02:13:18,910 INFO chronaris.pipelines.stage_i.public.deep_baseline_runtime: deep_train epoch_done dataset=nasa_csm model=chronaris_public_fusion track=objective group=benchmark_only seed=42 fold=002/017 epoch=003/020 train_loss=0.978785 elapsed_s=0.3
2026-07-02 02:13:18,944 INFO chronaris.pipelines.stage_i.public.deep_baseline_runtime: deep_train epoch_start dataset=nasa_csm model=chronaris_public_fusion track=objective group=benchmark_only seed=42 fold=002/017 epoch=004/020 batch_count=11
2026-07-02 02:13:18,965 INFO chronaris.pipelines.stage_i.public.deep_baseline_runtime: deep_train batch dataset=nasa_csm model=chronaris_public_fusion track=objective group=benchmark_only seed=42 fold=002/017 epoch=004/020 batch=001/011 loss=0.853940 elapsed_s=0.8 status=running
2026-07-02 02:13:19,102 INFO chronaris.pipelines.stage_i.public.deep_baseline_runtime: deep_train batch dataset=nasa_csm model=chronaris_public_fusion track=objective group=benchmark_only seed=42 fold=002/017 epoch=004/020 batch=011/011 loss=0.656959 elapsed_s=0.9 status=running
2026-07-02 02:13:19,104 INFO chronaris.pipelines.stage_i.public.deep_baseline_runtime: deep_train epoch_done dataset=nasa_csm model=chronaris_public_fusion track=objective group=benchmark_only seed=42 fold=002/017 epoch=004/020 train_loss=0.797964 elapsed_s=0.2
2026-07-02 02:13:19,141 INFO chronaris.pipelines.stage_i.public.deep_baseline_runtime: deep_train epoch_start dataset=nasa_csm model=chronaris_public_fusion track=objective group=benchmark_only seed=42 fold=002/017 epoch=005/020 batch_count=11
2026-07-02 02:13:19,225 INFO chronaris.pipelines.stage_i.public.deep_baseline_runtime: deep_train batch dataset=nasa_csm model=chronaris_public_fusion track=objective group=benchmark_only seed=42 fold=002/017 epoch=005/020 batch=001/011 loss=0.746770 elapsed_s=1.0 status=running
2026-07-02 02:13:19,381 INFO chronaris.pipelines.stage_i.public.deep_baseline_runtime: deep_train batch dataset=nasa_csm model=chronaris_public_fusion track=objective group=benchmark_only seed=42 fold=002/017 epoch=005/020 batch=011/011 loss=0.684803 elapsed_s=1.2 status=running
2026-07-02 02:13:19,383 INFO chronaris.pipelines.stage_i.public.deep_baseline_runtime: deep_train epoch_done dataset=nasa_csm model=chronaris_public_fusion track=objective group=benchmark_only seed=42 fold=002/017 epoch=005/020 train_loss=0.668998 elapsed_s=0.2
2026-07-02 02:13:19,418 INFO chronaris.pipelines.stage_i.public.deep_baseline_runtime: deep_train epoch_start dataset=nasa_csm model=chronaris_public_fusion track=objective group=benchmark_only seed=42 fold=002/017 epoch=006/020 batch_count=11
2026-07-02 02:13:19,474 INFO chronaris.pipelines.stage_i.public.deep_baseline_runtime: deep_train batch dataset=nasa_csm model=chronaris_public_fusion track=objective group=benchmark_only seed=42 fold=002/017 epoch=006/020 batch=001/011 loss=0.523108 elapsed_s=1.3 status=running
2026-07-02 02:13:19,651 INFO chronaris.pipelines.stage_i.public.deep_baseline_runtime: deep_train batch dataset=nasa_csm model=chronaris_public_fusion track=objective group=benchmark_only seed=42 fold=002/017 epoch=006/020 batch=011/011 loss=0.515451 elapsed_s=1.5 status=running
2026-07-02 02:13:19,654 INFO chronaris.pipelines.stage_i.public.deep_baseline_runtime: deep_train epoch_done dataset=nasa_csm model=chronaris_public_fusion track=objective group=benchmark_only seed=42 fold=002/017 epoch=006/020 train_loss=0.511034 elapsed_s=0.2
2026-07-02 02:13:19,689 INFO chronaris.pipelines.stage_i.public.deep_baseline_runtime: deep_train epoch_start dataset=nasa_csm model=chronaris_public_fusion track=objective group=benchmark_only seed=42 fold=002/017 epoch=007/020 batch_count=11
2026-07-02 02:13:19,724 INFO chronaris.pipelines.stage_i.public.deep_baseline_runtime: deep_train batch dataset=nasa_csm model=chronaris_public_fusion track=objective group=benchmark_only seed=42 fold=002/017 epoch=007/020 batch=001/011 loss=0.470783 elapsed_s=1.5 status=running
2026-07-02 02:13:19,950 INFO chronaris.pipelines.stage_i.public.deep_baseline_runtime: deep_train batch dataset=nasa_csm model=chronaris_public_fusion track=objective group=benchmark_only seed=42 fold=002/017 epoch=007/020 batch=011/011 loss=0.363470 elapsed_s=1.8 status=running
2026-07-02 02:13:19,953 INFO chronaris.pipelines.stage_i.public.deep_baseline_runtime: deep_train epoch_done dataset=nasa_csm model=chronaris_public_fusion track=objective group=benchmark_only seed=42 fold=002/017 epoch=007/020 train_loss=0.451894 elapsed_s=0.3
2026-07-02 02:13:19,989 INFO chronaris.pipelines.stage_i.public.deep_baseline_runtime: deep_train epoch_start dataset=nasa_csm model=chronaris_public_fusion track=objective group=benchmark_only seed=42 fold=002/017 epoch=008/020 batch_count=11
2026-07-02 02:13:20,026 INFO chronaris.pipelines.stage_i.public.deep_baseline_runtime: deep_train batch dataset=nasa_csm model=chronaris_public_fusion track=objective group=benchmark_only seed=42 fold=002/017 epoch=008/020 batch=001/011 loss=0.530776 elapsed_s=1.8 status=running
2026-07-02 02:13:20,186 INFO chronaris.pipelines.stage_i.public.deep_baseline_runtime: deep_train batch dataset=nasa_csm model=chronaris_public_fusion track=objective group=benchmark_only seed=42 fold=002/017 epoch=008/020 batch=011/011 loss=0.192346 elapsed_s=2.0 status=running
2026-07-02 02:13:20,189 INFO chronaris.pipelines.stage_i.public.deep_baseline_runtime: deep_train epoch_done dataset=nasa_csm model=chronaris_public_fusion track=objective group=benchmark_only seed=42 fold=002/017 epoch=008/020 train_loss=0.322374 elapsed_s=0.2
2026-07-02 02:13:20,223 INFO chronaris.pipelines.stage_i.public.deep_baseline_runtime: deep_train epoch_start dataset=nasa_csm model=chronaris_public_fusion track=objective group=benchmark_only seed=42 fold=002/017 epoch=009/020 batch_count=11
2026-07-02 02:13:20,263 INFO chronaris.pipelines.stage_i.public.deep_baseline_runtime: deep_train batch dataset=nasa_csm model=chronaris_public_fusion track=objective group=benchmark_only seed=42 fold=002/017 epoch=009/020 batch=001/011 loss=0.221341 elapsed_s=2.1 status=running
2026-07-02 02:13:20,431 INFO chronaris.pipelines.stage_i.public.deep_baseline_runtime: deep_train batch dataset=nasa_csm model=chronaris_public_fusion track=objective group=benchmark_only seed=42 fold=002/017 epoch=009/020 batch=011/011 loss=0.202927 elapsed_s=2.2 status=running
2026-07-02 02:13:20,434 INFO chronaris.pipelines.stage_i.public.deep_baseline_runtime: deep_train epoch_done dataset=nasa_csm model=chronaris_public_fusion track=objective group=benchmark_only seed=42 fold=002/017 epoch=009/020 train_loss=0.243760 elapsed_s=0.2
2026-07-02 02:13:20,469 INFO chronaris.pipelines.stage_i.public.deep_baseline_runtime: deep_train epoch_start dataset=nasa_csm model=chronaris_public_fusion track=objective group=benchmark_only seed=42 fold=002/017 epoch=010/020 batch_count=11
2026-07-02 02:13:20,505 INFO chronaris.pipelines.stage_i.public.deep_baseline_runtime: deep_train batch dataset=nasa_csm model=chronaris_public_fusion track=objective group=benchmark_only seed=42 fold=002/017 epoch=010/020 batch=001/011 loss=0.207397 elapsed_s=2.3 status=running
2026-07-02 02:13:20,638 INFO chronaris.pipelines.stage_i.public.deep_baseline_runtime: deep_train batch dataset=nasa_csm model=chronaris_public_fusion track=objective group=benchmark_only seed=42 fold=002/017 epoch=010/020 batch=011/011 loss=0.112088 elapsed_s=2.4 status=running
2026-07-02 02:13:20,641 INFO chronaris.pipelines.stage_i.public.deep_baseline_runtime: deep_train epoch_done dataset=nasa_csm model=chronaris_public_fusion track=objective group=benchmark_only seed=42 fold=002/017 epoch=010/020 train_loss=0.168031 elapsed_s=0.2
2026-07-02 02:13:20,677 INFO chronaris.pipelines.stage_i.public.deep_baseline_runtime: deep_train epoch_start dataset=nasa_csm model=chronaris_public_fusion track=objective group=benchmark_only seed=42 fold=002/017 epoch=011/020 batch_count=11
2026-07-02 02:13:20,703 INFO chronaris.pipelines.stage_i.public.deep_baseline_runtime: deep_train batch dataset=nasa_csm model=chronaris_public_fusion track=objective group=benchmark_only seed=42 fold=002/017 epoch=011/020 batch=001/011 loss=0.208109 elapsed_s=2.5 status=running
2026-07-02 02:13:20,833 INFO chronaris.pipelines.stage_i.public.deep_baseline_runtime: deep_train batch dataset=nasa_csm model=chronaris_public_fusion track=objective group=benchmark_only seed=42 fold=002/017 epoch=011/020 batch=011/011 loss=0.160883 elapsed_s=2.6 status=running
2026-07-02 02:13:20,836 INFO chronaris.pipelines.stage_i.public.deep_baseline_runtime: deep_train epoch_done dataset=nasa_csm model=chronaris_public_fusion track=objective group=benchmark_only seed=42 fold=002/017 epoch=011/020 train_loss=0.169150 elapsed_s=0.2
2026-07-02 02:13:20,871 INFO chronaris.pipelines.stage_i.public.deep_baseline_runtime: deep_train epoch_start dataset=nasa_csm model=chronaris_public_fusion track=objective group=benchmark_only seed=42 fold=002/017 epoch=012/020 batch_count=11
2026-07-02 02:13:20,911 INFO chronaris.pipelines.stage_i.public.deep_baseline_runtime: deep_train batch dataset=nasa_csm model=chronaris_public_fusion track=objective group=benchmark_only seed=42 fold=002/017 epoch=012/020 batch=001/011 loss=0.137039 elapsed_s=2.7 status=running
2026-07-02 02:13:21,042 INFO chronaris.pipelines.stage_i.public.deep_baseline_runtime: deep_train batch dataset=nasa_csm model=chronaris_public_fusion track=objective group=benchmark_only seed=42 fold=002/017 epoch=012/020 batch=011/011 loss=0.094060 elapsed_s=2.8 status=running
2026-07-02 02:13:21,045 INFO chronaris.pipelines.stage_i.public.deep_baseline_runtime: deep_train epoch_done dataset=nasa_csm model=chronaris_public_fusion track=objective group=benchmark_only seed=42 fold=002/017 epoch=012/020 train_loss=0.106704 elapsed_s=0.2
2026-07-02 02:13:21,080 INFO chronaris.pipelines.stage_i.public.deep_baseline_runtime: deep_train epoch_start dataset=nasa_csm model=chronaris_public_fusion track=objective group=benchmark_only seed=42 fold=002/017 epoch=013/020 batch_count=11
2026-07-02 02:13:21,110 INFO chronaris.pipelines.stage_i.public.deep_baseline_runtime: deep_train batch dataset=nasa_csm model=chronaris_public_fusion track=objective group=benchmark_only seed=42 fold=002/017 epoch=013/020 batch=001/011 loss=0.074550 elapsed_s=2.9 status=running
2026-07-02 02:13:21,327 INFO chronaris.pipelines.stage_i.public.deep_baseline_runtime: deep_train batch dataset=nasa_csm model=chronaris_public_fusion track=objective group=benchmark_only seed=42 fold=002/017 epoch=013/020 batch=011/011 loss=0.099022 elapsed_s=3.1 status=running
2026-07-02 02:13:21,330 INFO chronaris.pipelines.stage_i.public.deep_baseline_runtime: deep_train epoch_done dataset=nasa_csm model=chronaris_public_fusion track=objective group=benchmark_only seed=42 fold=002/017 epoch=013/020 train_loss=0.129349 elapsed_s=0.3
2026-07-02 02:13:21,367 INFO chronaris.pipelines.stage_i.public.deep_baseline_runtime: deep_train epoch_start dataset=nasa_csm model=chronaris_public_fusion track=objective group=benchmark_only seed=42 fold=002/017 epoch=014/020 batch_count=11
2026-07-02 02:13:21,388 INFO chronaris.pipelines.stage_i.public.deep_baseline_runtime: deep_train batch dataset=nasa_csm model=chronaris_public_fusion track=objective group=benchmark_only seed=42 fold=002/017 epoch=014/020 batch=001/011 loss=0.052898 elapsed_s=3.2 status=running
2026-07-02 02:13:21,523 INFO chronaris.pipelines.stage_i.public.deep_baseline_runtime: deep_train batch dataset=nasa_csm model=chronaris_public_fusion track=objective group=benchmark_only seed=42 fold=002/017 epoch=014/020 batch=011/011 loss=0.044831 elapsed_s=3.3 status=running
2026-07-02 02:13:21,526 INFO chronaris.pipelines.stage_i.public.deep_baseline_runtime: deep_train epoch_done dataset=nasa_csm model=chronaris_public_fusion track=objective group=benchmark_only seed=42 fold=002/017 epoch=014/020 train_loss=0.060991 elapsed_s=0.2
2026-07-02 02:13:21,562 INFO chronaris.pipelines.stage_i.public.deep_baseline_runtime: deep_train epoch_start dataset=nasa_csm model=chronaris_public_fusion track=objective group=benchmark_only seed=42 fold=002/017 epoch=015/020 batch_count=11
2026-07-02 02:13:21,577 INFO chronaris.pipelines.stage_i.public.deep_baseline_runtime: deep_train batch dataset=nasa_csm model=chronaris_public_fusion track=objective group=benchmark_only seed=42 fold=002/017 epoch=015/020 batch=001/011 loss=0.089740 elapsed_s=3.4 status=running
2026-07-02 02:13:21,712 INFO chronaris.pipelines.stage_i.public.deep_baseline_runtime: deep_train batch dataset=nasa_csm model=chronaris_public_fusion track=objective group=benchmark_only seed=42 fold=002/017 epoch=015/020 batch=011/011 loss=0.122131 elapsed_s=3.5 status=running
2026-07-02 02:13:21,715 INFO chronaris.pipelines.stage_i.public.deep_baseline_runtime: deep_train epoch_done dataset=nasa_csm model=chronaris_public_fusion track=objective group=benchmark_only seed=42 fold=002/017 epoch=015/020 train_loss=0.084166 elapsed_s=0.2
2026-07-02 02:13:21,751 INFO chronaris.pipelines.stage_i.public.deep_baseline_runtime: deep_train epoch_start dataset=nasa_csm model=chronaris_public_fusion track=objective group=benchmark_only seed=42 fold=002/017 epoch=016/020 batch_count=11
2026-07-02 02:13:21,780 INFO chronaris.pipelines.stage_i.public.deep_baseline_runtime: deep_train batch dataset=nasa_csm model=chronaris_public_fusion track=objective group=benchmark_only seed=42 fold=002/017 epoch=016/020 batch=001/011 loss=0.075527 elapsed_s=3.6 status=running
2026-07-02 02:13:21,914 INFO chronaris.pipelines.stage_i.public.deep_baseline_runtime: deep_train batch dataset=nasa_csm model=chronaris_public_fusion track=objective group=benchmark_only seed=42 fold=002/017 epoch=016/020 batch=011/011 loss=0.095486 elapsed_s=3.7 status=running
2026-07-02 02:13:21,917 INFO chronaris.pipelines.stage_i.public.deep_baseline_runtime: deep_train epoch_done dataset=nasa_csm model=chronaris_public_fusion track=objective group=benchmark_only seed=42 fold=002/017 epoch=016/020 train_loss=0.072929 elapsed_s=0.2
2026-07-02 02:13:21,952 INFO chronaris.pipelines.stage_i.public.deep_baseline_runtime: deep_train epoch_start dataset=nasa_csm model=chronaris_public_fusion track=objective group=benchmark_only seed=42 fold=002/017 epoch=017/020 batch_count=11
2026-07-02 02:13:21,978 INFO chronaris.pipelines.stage_i.public.deep_baseline_runtime: deep_train batch dataset=nasa_csm model=chronaris_public_fusion track=objective group=benchmark_only seed=42 fold=002/017 epoch=017/020 batch=001/011 loss=0.067129 elapsed_s=3.8 status=running
2026-07-02 02:13:22,115 INFO chronaris.pipelines.stage_i.public.deep_baseline_runtime: deep_train batch dataset=nasa_csm model=chronaris_public_fusion track=objective group=benchmark_only seed=42 fold=002/017 epoch=017/020 batch=011/011 loss=0.098838 elapsed_s=3.9 status=running
2026-07-02 02:13:22,118 INFO chronaris.pipelines.stage_i.public.deep_baseline_runtime: deep_train epoch_done dataset=nasa_csm model=chronaris_public_fusion track=objective group=benchmark_only seed=42 fold=002/017 epoch=017/020 train_loss=0.081616 elapsed_s=0.2
2026-07-02 02:13:22,152 INFO chronaris.pipelines.stage_i.public.deep_baseline_runtime: deep_train epoch_start dataset=nasa_csm model=chronaris_public_fusion track=objective group=benchmark_only seed=42 fold=002/017 epoch=018/020 batch_count=11
2026-07-02 02:13:22,172 INFO chronaris.pipelines.stage_i.public.deep_baseline_runtime: deep_train batch dataset=nasa_csm model=chronaris_public_fusion track=objective group=benchmark_only seed=42 fold=002/017 epoch=018/020 batch=001/011 loss=0.084100 elapsed_s=4.0 status=running
2026-07-02 02:13:22,306 INFO chronaris.pipelines.stage_i.public.deep_baseline_runtime: deep_train batch dataset=nasa_csm model=chronaris_public_fusion track=objective group=benchmark_only seed=42 fold=002/017 epoch=018/020 batch=011/011 loss=0.017910 elapsed_s=4.1 status=running
2026-07-02 02:13:22,310 INFO chronaris.pipelines.stage_i.public.deep_baseline_runtime: deep_train epoch_done dataset=nasa_csm model=chronaris_public_fusion track=objective group=benchmark_only seed=42 fold=002/017 epoch=018/020 train_loss=0.055609 elapsed_s=0.2
2026-07-02 02:13:22,347 INFO chronaris.pipelines.stage_i.public.deep_baseline_runtime: deep_train epoch_start dataset=nasa_csm model=chronaris_public_fusion track=objective group=benchmark_only seed=42 fold=002/017 epoch=019/020 batch_count=11
2026-07-02 02:13:22,367 INFO chronaris.pipelines.stage_i.public.deep_baseline_runtime: deep_train batch dataset=nasa_csm model=chronaris_public_fusion track=objective group=benchmark_only seed=42 fold=002/017 epoch=019/020 batch=001/011 loss=0.035198 elapsed_s=4.2 status=running
2026-07-02 02:13:22,500 INFO chronaris.pipelines.stage_i.public.deep_baseline_runtime: deep_train batch dataset=nasa_csm model=chronaris_public_fusion track=objective group=benchmark_only seed=42 fold=002/017 epoch=019/020 batch=011/011 loss=0.047190 elapsed_s=4.3 status=running
2026-07-02 02:13:22,503 INFO chronaris.pipelines.stage_i.public.deep_baseline_runtime: deep_train epoch_done dataset=nasa_csm model=chronaris_public_fusion track=objective group=benchmark_only seed=42 fold=002/017 epoch=019/020 train_loss=0.035669 elapsed_s=0.2
2026-07-02 02:13:22,538 INFO chronaris.pipelines.stage_i.public.deep_baseline_runtime: deep_train epoch_start dataset=nasa_csm model=chronaris_public_fusion track=objective group=benchmark_only seed=42 fold=002/017 epoch=020/020 batch_count=11
2026-07-02 02:13:22,559 INFO chronaris.pipelines.stage_i.public.deep_baseline_runtime: deep_train batch dataset=nasa_csm model=chronaris_public_fusion track=objective group=benchmark_only seed=42 fold=002/017 epoch=020/020 batch=001/011 loss=0.103758 elapsed_s=4.4 status=running
2026-07-02 02:13:22,739 INFO chronaris.pipelines.stage_i.public.deep_baseline_runtime: deep_train batch dataset=nasa_csm model=chronaris_public_fusion track=objective group=benchmark_only seed=42 fold=002/017 epoch=020/020 batch=011/011 loss=0.011083 elapsed_s=4.5 status=running
2026-07-02 02:13:22,742 INFO chronaris.pipelines.stage_i.public.deep_baseline_runtime: deep_train epoch_done dataset=nasa_csm model=chronaris_public_fusion track=objective group=benchmark_only seed=42 fold=002/017 epoch=020/020 train_loss=0.037901 elapsed_s=0.2
2026-07-02 02:13:22,778 INFO chronaris.pipelines.stage_i.public.deep_baseline_runtime: deep_train fold_done dataset=nasa_csm model=chronaris_public_fusion track=objective group=benchmark_only seed=42 fold=002/017 elapsed_s=4.6
2026-07-02 02:13:23,062 INFO chronaris.pipelines.stage_i.public.deep_baseline_runtime: deep_train fold_start dataset=nasa_csm model=chronaris_public_fusion track=objective group=benchmark_only seed=42 fold=003/017 split_group=subject_12 task=classification train_count=1365 epochs=20 batch_size=128
2026-07-02 02:13:23,065 INFO chronaris.pipelines.stage_i.public.deep_baseline_runtime: deep_train epoch_start dataset=nasa_csm model=chronaris_public_fusion track=objective group=benchmark_only seed=42 fold=003/017 epoch=001/020 batch_count=11
2026-07-02 02:13:23,097 INFO chronaris.pipelines.stage_i.public.deep_baseline_runtime: deep_train batch dataset=nasa_csm model=chronaris_public_fusion track=objective group=benchmark_only seed=42 fold=003/017 epoch=001/020 batch=001/011 loss=1.101822 elapsed_s=0.0 status=running
2026-07-02 02:13:23,232 INFO chronaris.pipelines.stage_i.public.deep_baseline_runtime: deep_train batch dataset=nasa_csm model=chronaris_public_fusion track=objective group=benchmark_only seed=42 fold=003/017 epoch=001/020 batch=011/011 loss=1.016672 elapsed_s=0.2 status=running
2026-07-02 02:13:23,235 INFO chronaris.pipelines.stage_i.public.deep_baseline_runtime: deep_train epoch_done dataset=nasa_csm model=chronaris_public_fusion track=objective group=benchmark_only seed=42 fold=003/017 epoch=001/020 train_loss=1.079254 elapsed_s=0.2
2026-07-02 02:13:23,268 INFO chronaris.pipelines.stage_i.public.deep_baseline_runtime: deep_train epoch_start dataset=nasa_csm model=chronaris_public_fusion track=objective group=benchmark_only seed=42 fold=003/017 epoch=002/020 batch_count=11
2026-07-02 02:13:23,286 INFO chronaris.pipelines.stage_i.public.deep_baseline_runtime: deep_train batch dataset=nasa_csm model=chronaris_public_fusion track=objective group=benchmark_only seed=42 fold=003/017 epoch=002/020 batch=001/011 loss=1.079685 elapsed_s=0.2 status=running
2026-07-02 02:13:23,453 INFO chronaris.pipelines.stage_i.public.deep_baseline_runtime: deep_train batch dataset=nasa_csm model=chronaris_public_fusion track=objective group=benchmark_only seed=42 fold=003/017 epoch=002/020 batch=011/011 loss=1.030507 elapsed_s=0.4 status=running
2026-07-02 02:13:23,456 INFO chronaris.pipelines.stage_i.public.deep_baseline_runtime: deep_train epoch_done dataset=nasa_csm model=chronaris_public_fusion track=objective group=benchmark_only seed=42 fold=003/017 epoch=002/020 train_loss=1.032750 elapsed_s=0.2
2026-07-02 02:13:23,492 INFO chronaris.pipelines.stage_i.public.deep_baseline_runtime: deep_train epoch_start dataset=nasa_csm model=chronaris_public_fusion track=objective group=benchmark_only seed=42 fold=003/017 epoch=003/020 batch_count=11
2026-07-02 02:13:23,510 INFO chronaris.pipelines.stage_i.public.deep_baseline_runtime: deep_train batch dataset=nasa_csm model=chronaris_public_fusion track=objective group=benchmark_only seed=42 fold=003/017 epoch=003/020 batch=001/011 loss=1.051933 elapsed_s=0.4 status=running
2026-07-02 02:13:23,641 INFO chronaris.pipelines.stage_i.public.deep_baseline_runtime: deep_train batch dataset=nasa_csm model=chronaris_public_fusion track=objective group=benchmark_only seed=42 fold=003/017 epoch=003/020 batch=011/011 loss=0.895329 elapsed_s=0.6 status=running
2026-07-02 02:13:23,645 INFO chronaris.pipelines.stage_i.public.deep_baseline_runtime: deep_train epoch_done dataset=nasa_csm model=chronaris_public_fusion track=objective group=benchmark_only seed=42 fold=003/017 epoch=003/020 train_loss=0.957952 elapsed_s=0.2
2026-07-02 02:13:23,681 INFO chronaris.pipelines.stage_i.public.deep_baseline_runtime: deep_train epoch_start dataset=nasa_csm model=chronaris_public_fusion track=objective group=benchmark_only seed=42 fold=003/017 epoch=004/020 batch_count=11
2026-07-02 02:13:23,705 INFO chronaris.pipelines.stage_i.public.deep_baseline_runtime: deep_train batch dataset=nasa_csm model=chronaris_public_fusion track=objective group=benchmark_only seed=42 fold=003/017 epoch=004/020 batch=001/011 loss=0.838939 elapsed_s=0.6 status=running
2026-07-02 02:13:23,838 INFO chronaris.pipelines.stage_i.public.deep_baseline_runtime: deep_train batch dataset=nasa_csm model=chronaris_public_fusion track=objective group=benchmark_only seed=42 fold=003/017 epoch=004/020 batch=011/011 loss=0.705768 elapsed_s=0.8 status=running
2026-07-02 02:13:23,842 INFO chronaris.pipelines.stage_i.public.deep_baseline_runtime: deep_train epoch_done dataset=nasa_csm model=chronaris_public_fusion track=objective group=benchmark_only seed=42 fold=003/017 epoch=004/020 train_loss=0.756376 elapsed_s=0.2
2026-07-02 02:13:23,877 INFO chronaris.pipelines.stage_i.public.deep_baseline_runtime: deep_train epoch_start dataset=nasa_csm model=chronaris_public_fusion track=objective group=benchmark_only seed=42 fold=003/017 epoch=005/020 batch_count=11
2026-07-02 02:13:23,899 INFO chronaris.pipelines.stage_i.public.deep_baseline_runtime: deep_train batch dataset=nasa_csm model=chronaris_public_fusion track=objective group=benchmark_only seed=42 fold=003/017 epoch=005/020 batch=001/011 loss=0.623838 elapsed_s=0.8 status=running
2026-07-02 02:13:24,028 INFO chronaris.pipelines.stage_i.public.deep_baseline_runtime: deep_train batch dataset=nasa_csm model=chronaris_public_fusion track=objective group=benchmark_only seed=42 fold=003/017 epoch=005/020 batch=011/011 loss=0.663145 elapsed_s=1.0 status=running
2026-07-02 02:13:24,032 INFO chronaris.pipelines.stage_i.public.deep_baseline_runtime: deep_train epoch_done dataset=nasa_csm model=chronaris_public_fusion track=objective group=benchmark_only seed=42 fold=003/017 epoch=005/020 train_loss=0.620406 elapsed_s=0.2
2026-07-02 02:13:24,069 INFO chronaris.pipelines.stage_i.public.deep_baseline_runtime: deep_train epoch_start dataset=nasa_csm model=chronaris_public_fusion track=objective group=benchmark_only seed=42 fold=003/017 epoch=006/020 batch_count=11
2026-07-02 02:13:24,088 INFO chronaris.pipelines.stage_i.public.deep_baseline_runtime: deep_train batch dataset=nasa_csm model=chronaris_public_fusion track=objective group=benchmark_only seed=42 fold=003/017 epoch=006/020 batch=001/011 loss=0.489884 elapsed_s=1.0 status=running
2026-07-02 02:13:24,220 INFO chronaris.pipelines.stage_i.public.deep_baseline_runtime: deep_train batch dataset=nasa_csm model=chronaris_public_fusion track=objective group=benchmark_only seed=42 fold=003/017 epoch=006/020 batch=011/011 loss=0.429964 elapsed_s=1.2 status=running
2026-07-02 02:13:24,223 INFO chronaris.pipelines.stage_i.public.deep_baseline_runtime: deep_train epoch_done dataset=nasa_csm model=chronaris_public_fusion track=objective group=benchmark_only seed=42 fold=003/017 epoch=006/020 train_loss=0.496904 elapsed_s=0.2
2026-07-02 02:13:24,259 INFO chronaris.pipelines.stage_i.public.deep_baseline_runtime: deep_train epoch_start dataset=nasa_csm model=chronaris_public_fusion track=objective group=benchmark_only seed=42 fold=003/017 epoch=007/020 batch_count=11
2026-07-02 02:13:24,300 INFO chronaris.pipelines.stage_i.public.deep_baseline_runtime: deep_train batch dataset=nasa_csm model=chronaris_public_fusion track=objective group=benchmark_only seed=42 fold=003/017 epoch=007/020 batch=001/011 loss=0.457712 elapsed_s=1.2 status=running
2026-07-02 02:13:24,466 INFO chronaris.pipelines.stage_i.public.deep_baseline_runtime: deep_train batch dataset=nasa_csm model=chronaris_public_fusion track=objective group=benchmark_only seed=42 fold=003/017 epoch=007/020 batch=011/011 loss=0.419930 elapsed_s=1.4 status=running
2026-07-02 02:13:24,469 INFO chronaris.pipelines.stage_i.public.deep_baseline_runtime: deep_train epoch_done dataset=nasa_csm model=chronaris_public_fusion track=objective group=benchmark_only seed=42 fold=003/017 epoch=007/020 train_loss=0.434295 elapsed_s=0.2
2026-07-02 02:13:24,505 INFO chronaris.pipelines.stage_i.public.deep_baseline_runtime: deep_train epoch_start dataset=nasa_csm model=chronaris_public_fusion track=objective group=benchmark_only seed=42 fold=003/017 epoch=008/020 batch_count=11
2026-07-02 02:13:24,523 INFO chronaris.pipelines.stage_i.public.deep_baseline_runtime: deep_train batch dataset=nasa_csm model=chronaris_public_fusion track=objective group=benchmark_only seed=42 fold=003/017 epoch=008/020 batch=001/011 loss=0.364583 elapsed_s=1.5 status=running
2026-07-02 02:13:24,656 INFO chronaris.pipelines.stage_i.public.deep_baseline_runtime: deep_train batch dataset=nasa_csm model=chronaris_public_fusion track=objective group=benchmark_only seed=42 fold=003/017 epoch=008/020 batch=011/011 loss=0.249121 elapsed_s=1.6 status=running
2026-07-02 02:13:24,660 INFO chronaris.pipelines.stage_i.public.deep_baseline_runtime: deep_train epoch_done dataset=nasa_csm model=chronaris_public_fusion track=objective group=benchmark_only seed=42 fold=003/017 epoch=008/020 train_loss=0.324840 elapsed_s=0.2
2026-07-02 02:13:24,697 INFO chronaris.pipelines.stage_i.public.deep_baseline_runtime: deep_train epoch_start dataset=nasa_csm model=chronaris_public_fusion track=objective group=benchmark_only seed=42 fold=003/017 epoch=009/020 batch_count=11
2026-07-02 02:13:24,731 INFO chronaris.pipelines.stage_i.public.deep_baseline_runtime: deep_train batch dataset=nasa_csm model=chronaris_public_fusion track=objective group=benchmark_only seed=42 fold=003/017 epoch=009/020 batch=001/011 loss=0.274722 elapsed_s=1.7 status=running
2026-07-02 02:13:24,901 INFO chronaris.pipelines.stage_i.public.deep_baseline_runtime: deep_train batch dataset=nasa_csm model=chronaris_public_fusion track=objective group=benchmark_only seed=42 fold=003/017 epoch=009/020 batch=011/011 loss=0.317107 elapsed_s=1.8 status=running
2026-07-02 02:13:24,906 INFO chronaris.pipelines.stage_i.public.deep_baseline_runtime: deep_train epoch_done dataset=nasa_csm model=chronaris_public_fusion track=objective group=benchmark_only seed=42 fold=003/017 epoch=009/020 train_loss=0.281382 elapsed_s=0.2
2026-07-02 02:13:24,942 INFO chronaris.pipelines.stage_i.public.deep_baseline_runtime: deep_train epoch_start dataset=nasa_csm model=chronaris_public_fusion track=objective group=benchmark_only seed=42 fold=003/017 epoch=010/020 batch_count=11
2026-07-02 02:13:24,961 INFO chronaris.pipelines.stage_i.public.deep_baseline_runtime: deep_train batch dataset=nasa_csm model=chronaris_public_fusion track=objective group=benchmark_only seed=42 fold=003/017 epoch=010/020 batch=001/011 loss=0.316901 elapsed_s=1.9 status=running
2026-07-02 02:13:25,095 INFO chronaris.pipelines.stage_i.public.deep_baseline_runtime: deep_train batch dataset=nasa_csm model=chronaris_public_fusion track=objective group=benchmark_only seed=42 fold=003/017 epoch=010/020 batch=011/011 loss=0.264936 elapsed_s=2.0 status=running
2026-07-02 02:13:25,099 INFO chronaris.pipelines.stage_i.public.deep_baseline_runtime: deep_train epoch_done dataset=nasa_csm model=chronaris_public_fusion track=objective group=benchmark_only seed=42 fold=003/017 epoch=010/020 train_loss=0.217682 elapsed_s=0.2
2026-07-02 02:13:25,136 INFO chronaris.pipelines.stage_i.public.deep_baseline_runtime: deep_train epoch_start dataset=nasa_csm model=chronaris_public_fusion track=objective group=benchmark_only seed=42 fold=003/017 epoch=011/020 batch_count=11
2026-07-02 02:13:25,164 INFO chronaris.pipelines.stage_i.public.deep_baseline_runtime: deep_train batch dataset=nasa_csm model=chronaris_public_fusion track=objective group=benchmark_only seed=42 fold=003/017 epoch=011/020 batch=001/011 loss=0.281513 elapsed_s=2.1 status=running
2026-07-02 02:13:25,300 INFO chronaris.pipelines.stage_i.public.deep_baseline_runtime: deep_train batch dataset=nasa_csm model=chronaris_public_fusion track=objective group=benchmark_only seed=42 fold=003/017 epoch=011/020 batch=011/011 loss=0.162787 elapsed_s=2.2 status=running
2026-07-02 02:13:25,304 INFO chronaris.pipelines.stage_i.public.deep_baseline_runtime: deep_train epoch_done dataset=nasa_csm model=chronaris_public_fusion track=objective group=benchmark_only seed=42 fold=003/017 epoch=011/020 train_loss=0.186802 elapsed_s=0.2
2026-07-02 02:13:25,341 INFO chronaris.pipelines.stage_i.public.deep_baseline_runtime: deep_train epoch_start dataset=nasa_csm model=chronaris_public_fusion track=objective group=benchmark_only seed=42 fold=003/017 epoch=012/020 batch_count=11
2026-07-02 02:13:25,365 INFO chronaris.pipelines.stage_i.public.deep_baseline_runtime: deep_train batch dataset=nasa_csm model=chronaris_public_fusion track=objective group=benchmark_only seed=42 fold=003/017 epoch=012/020 batch=001/011 loss=0.125846 elapsed_s=2.3 status=running
2026-07-02 02:13:25,503 INFO chronaris.pipelines.stage_i.public.deep_baseline_runtime: deep_train batch dataset=nasa_csm model=chronaris_public_fusion track=objective group=benchmark_only seed=42 fold=003/017 epoch=012/020 batch=011/011 loss=0.105990 elapsed_s=2.4 status=running
2026-07-02 02:13:25,508 INFO chronaris.pipelines.stage_i.public.deep_baseline_runtime: deep_train epoch_done dataset=nasa_csm model=chronaris_public_fusion track=objective group=benchmark_only seed=42 fold=003/017 epoch=012/020 train_loss=0.146242 elapsed_s=0.2
2026-07-02 02:13:25,545 INFO chronaris.pipelines.stage_i.public.deep_baseline_runtime: deep_train epoch_start dataset=nasa_csm model=chronaris_public_fusion track=objective group=benchmark_only seed=42 fold=003/017 epoch=013/020 batch_count=11
2026-07-02 02:13:25,568 INFO chronaris.pipelines.stage_i.public.deep_baseline_runtime: deep_train batch dataset=nasa_csm model=chronaris_public_fusion track=objective group=benchmark_only seed=42 fold=003/017 epoch=013/020 batch=001/011 loss=0.203458 elapsed_s=2.5 status=running
2026-07-02 02:13:25,704 INFO chronaris.pipelines.stage_i.public.deep_baseline_runtime: deep_train batch dataset=nasa_csm model=chronaris_public_fusion track=objective group=benchmark_only seed=42 fold=003/017 epoch=013/020 batch=011/011 loss=0.075549 elapsed_s=2.6 status=running
2026-07-02 02:13:25,708 INFO chronaris.pipelines.stage_i.public.deep_baseline_runtime: deep_train epoch_done dataset=nasa_csm model=chronaris_public_fusion track=objective group=benchmark_only seed=42 fold=003/017 epoch=013/020 train_loss=0.120724 elapsed_s=0.2
2026-07-02 02:13:25,748 INFO chronaris.pipelines.stage_i.public.deep_baseline_runtime: deep_train epoch_start dataset=nasa_csm model=chronaris_public_fusion track=objective group=benchmark_only seed=42 fold=003/017 epoch=014/020 batch_count=11
2026-07-02 02:13:25,827 INFO chronaris.pipelines.stage_i.public.deep_baseline_runtime: deep_train batch dataset=nasa_csm model=chronaris_public_fusion track=objective group=benchmark_only seed=42 fold=003/017 epoch=014/020 batch=001/011 loss=0.067001 elapsed_s=2.8 status=running
2026-07-02 02:13:25,980 INFO chronaris.pipelines.stage_i.public.deep_baseline_runtime: deep_train batch dataset=nasa_csm model=chronaris_public_fusion track=objective group=benchmark_only seed=42 fold=003/017 epoch=014/020 batch=011/011 loss=0.131496 elapsed_s=2.9 status=running
2026-07-02 02:13:25,984 INFO chronaris.pipelines.stage_i.public.deep_baseline_runtime: deep_train epoch_done dataset=nasa_csm model=chronaris_public_fusion track=objective group=benchmark_only seed=42 fold=003/017 epoch=014/020 train_loss=0.094257 elapsed_s=0.2
2026-07-02 02:13:26,020 INFO chronaris.pipelines.stage_i.public.deep_baseline_runtime: deep_train epoch_start dataset=nasa_csm model=chronaris_public_fusion track=objective group=benchmark_only seed=42 fold=003/017 epoch=015/020 batch_count=11
2026-07-02 02:13:26,043 INFO chronaris.pipelines.stage_i.public.deep_baseline_runtime: deep_train batch dataset=nasa_csm model=chronaris_public_fusion track=objective group=benchmark_only seed=42 fold=003/017 epoch=015/020 batch=001/011 loss=0.213503 elapsed_s=3.0 status=running
2026-07-02 02:13:26,178 INFO chronaris.pipelines.stage_i.public.deep_baseline_runtime: deep_train batch dataset=nasa_csm model=chronaris_public_fusion track=objective group=benchmark_only seed=42 fold=003/017 epoch=015/020 batch=011/011 loss=0.030276 elapsed_s=3.1 status=running
2026-07-02 02:13:26,182 INFO chronaris.pipelines.stage_i.public.deep_baseline_runtime: deep_train epoch_done dataset=nasa_csm model=chronaris_public_fusion track=objective group=benchmark_only seed=42 fold=003/017 epoch=015/020 train_loss=0.101249 elapsed_s=0.2
2026-07-02 02:13:26,219 INFO chronaris.pipelines.stage_i.public.deep_baseline_runtime: deep_train epoch_start dataset=nasa_csm model=chronaris_public_fusion track=objective group=benchmark_only seed=42 fold=003/017 epoch=016/020 batch_count=11
2026-07-02 02:13:26,238 INFO chronaris.pipelines.stage_i.public.deep_baseline_runtime: deep_train batch dataset=nasa_csm model=chronaris_public_fusion track=objective group=benchmark_only seed=42 fold=003/017 epoch=016/020 batch=001/011 loss=0.043318 elapsed_s=3.2 status=running
2026-07-02 02:13:26,371 INFO chronaris.pipelines.stage_i.public.deep_baseline_runtime: deep_train batch dataset=nasa_csm model=chronaris_public_fusion track=objective group=benchmark_only seed=42 fold=003/017 epoch=016/020 batch=011/011 loss=0.036315 elapsed_s=3.3 status=running
2026-07-02 02:13:26,375 INFO chronaris.pipelines.stage_i.public.deep_baseline_runtime: deep_train epoch_done dataset=nasa_csm model=chronaris_public_fusion track=objective group=benchmark_only seed=42 fold=003/017 epoch=016/020 train_loss=0.047966 elapsed_s=0.2
2026-07-02 02:13:26,413 INFO chronaris.pipelines.stage_i.public.deep_baseline_runtime: deep_train epoch_start dataset=nasa_csm model=chronaris_public_fusion track=objective group=benchmark_only seed=42 fold=003/017 epoch=017/020 batch_count=11
2026-07-02 02:13:26,440 INFO chronaris.pipelines.stage_i.public.deep_baseline_runtime: deep_train batch dataset=nasa_csm model=chronaris_public_fusion track=objective group=benchmark_only seed=42 fold=003/017 epoch=017/020 batch=001/011 loss=0.042320 elapsed_s=3.4 status=running
2026-07-02 02:13:26,574 INFO chronaris.pipelines.stage_i.public.deep_baseline_runtime: deep_train batch dataset=nasa_csm model=chronaris_public_fusion track=objective group=benchmark_only seed=42 fold=003/017 epoch=017/020 batch=011/011 loss=0.096848 elapsed_s=3.5 status=running
2026-07-02 02:13:26,578 INFO chronaris.pipelines.stage_i.public.deep_baseline_runtime: deep_train epoch_done dataset=nasa_csm model=chronaris_public_fusion track=objective group=benchmark_only seed=42 fold=003/017 epoch=017/020 train_loss=0.060704 elapsed_s=0.2
2026-07-02 02:13:26,613 INFO chronaris.pipelines.stage_i.public.deep_baseline_runtime: deep_train epoch_start dataset=nasa_csm model=chronaris_public_fusion track=objective group=benchmark_only seed=42 fold=003/017 epoch=018/020 batch_count=11
2026-07-02 02:13:26,656 INFO chronaris.pipelines.stage_i.public.deep_baseline_runtime: deep_train batch dataset=nasa_csm model=chronaris_public_fusion track=objective group=benchmark_only seed=42 fold=003/017 epoch=018/020 batch=001/011 loss=0.010167 elapsed_s=3.6 status=running
2026-07-02 02:13:26,791 INFO chronaris.pipelines.stage_i.public.deep_baseline_runtime: deep_train batch dataset=nasa_csm model=chronaris_public_fusion track=objective group=benchmark_only seed=42 fold=003/017 epoch=018/020 batch=011/011 loss=0.113581 elapsed_s=3.7 status=running
2026-07-02 02:13:26,794 INFO chronaris.pipelines.stage_i.public.deep_baseline_runtime: deep_train epoch_done dataset=nasa_csm model=chronaris_public_fusion track=objective group=benchmark_only seed=42 fold=003/017 epoch=018/020 train_loss=0.076065 elapsed_s=0.2
2026-07-02 02:13:26,830 INFO chronaris.pipelines.stage_i.public.deep_baseline_runtime: deep_train epoch_start dataset=nasa_csm model=chronaris_public_fusion track=objective group=benchmark_only seed=42 fold=003/017 epoch=019/020 batch_count=11
2026-07-02 02:13:26,858 INFO chronaris.pipelines.stage_i.public.deep_baseline_runtime: deep_train batch dataset=nasa_csm model=chronaris_public_fusion track=objective group=benchmark_only seed=42 fold=003/017 epoch=019/020 batch=001/011 loss=0.045215 elapsed_s=3.8 status=running
2026-07-02 02:13:26,990 INFO chronaris.pipelines.stage_i.public.deep_baseline_runtime: deep_train batch dataset=nasa_csm model=chronaris_public_fusion track=objective group=benchmark_only seed=42 fold=003/017 epoch=019/020 batch=011/011 loss=0.025538 elapsed_s=3.9 status=running
2026-07-02 02:13:26,994 INFO chronaris.pipelines.stage_i.public.deep_baseline_runtime: deep_train epoch_done dataset=nasa_csm model=chronaris_public_fusion track=objective group=benchmark_only seed=42 fold=003/017 epoch=019/020 train_loss=0.042148 elapsed_s=0.2
2026-07-02 02:13:27,032 INFO chronaris.pipelines.stage_i.public.deep_baseline_runtime: deep_train epoch_start dataset=nasa_csm model=chronaris_public_fusion track=objective group=benchmark_only seed=42 fold=003/017 epoch=020/020 batch_count=11
2026-07-02 02:13:27,052 INFO chronaris.pipelines.stage_i.public.deep_baseline_runtime: deep_train batch dataset=nasa_csm model=chronaris_public_fusion track=objective group=benchmark_only seed=42 fold=003/017 epoch=020/020 batch=001/011 loss=0.048752 elapsed_s=4.0 status=running
2026-07-02 02:13:27,186 INFO chronaris.pipelines.stage_i.public.deep_baseline_runtime: deep_train batch dataset=nasa_csm model=chronaris_public_fusion track=objective group=benchmark_only seed=42 fold=003/017 epoch=020/020 batch=011/011 loss=0.064473 elapsed_s=4.1 status=running
2026-07-02 02:13:27,190 INFO chronaris.pipelines.stage_i.public.deep_baseline_runtime: deep_train epoch_done dataset=nasa_csm model=chronaris_public_fusion track=objective group=benchmark_only seed=42 fold=003/017 epoch=020/020 train_loss=0.034713 elapsed_s=0.2
2026-07-02 02:13:27,227 INFO chronaris.pipelines.stage_i.public.deep_baseline_runtime: deep_train fold_done dataset=nasa_csm model=chronaris_public_fusion track=objective group=benchmark_only seed=42 fold=003/017 elapsed_s=4.2
2026-07-02 02:13:27,519 INFO chronaris.pipelines.stage_i.public.deep_baseline_runtime: deep_train fold_start dataset=nasa_csm model=chronaris_public_fusion track=objective group=benchmark_only seed=42 fold=004/017 split_group=subject_13 task=classification train_count=1365 epochs=20 batch_size=128
2026-07-02 02:13:27,523 INFO chronaris.pipelines.stage_i.public.deep_baseline_runtime: deep_train epoch_start dataset=nasa_csm model=chronaris_public_fusion track=objective group=benchmark_only seed=42 fold=004/017 epoch=001/020 batch_count=11
2026-07-02 02:13:27,558 INFO chronaris.pipelines.stage_i.public.deep_baseline_runtime: deep_train batch dataset=nasa_csm model=chronaris_public_fusion track=objective group=benchmark_only seed=42 fold=004/017 epoch=001/020 batch=001/011 loss=1.105881 elapsed_s=0.0 status=running
2026-07-02 02:13:27,688 INFO chronaris.pipelines.stage_i.public.deep_baseline_runtime: deep_train batch dataset=nasa_csm model=chronaris_public_fusion track=objective group=benchmark_only seed=42 fold=004/017 epoch=001/020 batch=011/011 loss=1.034366 elapsed_s=0.2 status=running
2026-07-02 02:13:27,692 INFO chronaris.pipelines.stage_i.public.deep_baseline_runtime: deep_train epoch_done dataset=nasa_csm model=chronaris_public_fusion track=objective group=benchmark_only seed=42 fold=004/017 epoch=001/020 train_loss=1.086741 elapsed_s=0.2
2026-07-02 02:13:27,727 INFO chronaris.pipelines.stage_i.public.deep_baseline_runtime: deep_train epoch_start dataset=nasa_csm model=chronaris_public_fusion track=objective group=benchmark_only seed=42 fold=004/017 epoch=002/020 batch_count=11
2026-07-02 02:13:27,813 INFO chronaris.pipelines.stage_i.public.deep_baseline_runtime: deep_train batch dataset=nasa_csm model=chronaris_public_fusion track=objective group=benchmark_only seed=42 fold=004/017 epoch=002/020 batch=001/011 loss=1.082852 elapsed_s=0.3 status=running
2026-07-02 02:13:27,988 INFO chronaris.pipelines.stage_i.public.deep_baseline_runtime: deep_train batch dataset=nasa_csm model=chronaris_public_fusion track=objective group=benchmark_only seed=42 fold=004/017 epoch=002/020 batch=011/011 loss=1.002435 elapsed_s=0.5 status=running
2026-07-02 02:13:27,992 INFO chronaris.pipelines.stage_i.public.deep_baseline_runtime: deep_train epoch_done dataset=nasa_csm model=chronaris_public_fusion track=objective group=benchmark_only seed=42 fold=004/017 epoch=002/020 train_loss=1.041629 elapsed_s=0.3
2026-07-02 02:13:28,027 INFO chronaris.pipelines.stage_i.public.deep_baseline_runtime: deep_train epoch_start dataset=nasa_csm model=chronaris_public_fusion track=objective group=benchmark_only seed=42 fold=004/017 epoch=003/020 batch_count=11
2026-07-02 02:13:28,052 INFO chronaris.pipelines.stage_i.public.deep_baseline_runtime: deep_train batch dataset=nasa_csm model=chronaris_public_fusion track=objective group=benchmark_only seed=42 fold=004/017 epoch=003/020 batch=001/011 loss=1.044013 elapsed_s=0.5 status=running
2026-07-02 02:13:28,208 INFO chronaris.pipelines.stage_i.public.deep_baseline_runtime: deep_train batch dataset=nasa_csm model=chronaris_public_fusion track=objective group=benchmark_only seed=42 fold=004/017 epoch=003/020 batch=011/011 loss=0.871465 elapsed_s=0.7 status=running
2026-07-02 02:13:28,213 INFO chronaris.pipelines.stage_i.public.deep_baseline_runtime: deep_train epoch_done dataset=nasa_csm model=chronaris_public_fusion track=objective group=benchmark_only seed=42 fold=004/017 epoch=003/020 train_loss=0.965788 elapsed_s=0.2
2026-07-02 02:13:28,250 INFO chronaris.pipelines.stage_i.public.deep_baseline_runtime: deep_train epoch_start dataset=nasa_csm model=chronaris_public_fusion track=objective group=benchmark_only seed=42 fold=004/017 epoch=004/020 batch_count=11
2026-07-02 02:13:28,319 INFO chronaris.pipelines.stage_i.public.deep_baseline_runtime: deep_train batch dataset=nasa_csm model=chronaris_public_fusion track=objective group=benchmark_only seed=42 fold=004/017 epoch=004/020 batch=001/011 loss=0.880266 elapsed_s=0.8 status=running
2026-07-02 02:13:28,462 INFO chronaris.pipelines.stage_i.public.deep_baseline_runtime: deep_train batch dataset=nasa_csm model=chronaris_public_fusion track=objective group=benchmark_only seed=42 fold=004/017 epoch=004/020 batch=011/011 loss=0.771662 elapsed_s=0.9 status=running
2026-07-02 02:13:28,466 INFO chronaris.pipelines.stage_i.public.deep_baseline_runtime: deep_train epoch_done dataset=nasa_csm model=chronaris_public_fusion track=objective group=benchmark_only seed=42 fold=004/017 epoch=004/020 train_loss=0.796712 elapsed_s=0.2
2026-07-02 02:13:28,502 INFO chronaris.pipelines.stage_i.public.deep_baseline_runtime: deep_train epoch_start dataset=nasa_csm model=chronaris_public_fusion track=objective group=benchmark_only seed=42 fold=004/017 epoch=005/020 batch_count=11
2026-07-02 02:13:28,518 INFO chronaris.pipelines.stage_i.public.deep_baseline_runtime: deep_train batch dataset=nasa_csm model=chronaris_public_fusion track=objective group=benchmark_only seed=42 fold=004/017 epoch=005/020 batch=001/011 loss=0.647108 elapsed_s=1.0 status=running
2026-07-02 02:13:28,653 INFO chronaris.pipelines.stage_i.public.deep_baseline_runtime: deep_train batch dataset=nasa_csm model=chronaris_public_fusion track=objective group=benchmark_only seed=42 fold=004/017 epoch=005/020 batch=011/011 loss=0.685187 elapsed_s=1.1 status=running
2026-07-02 02:13:28,657 INFO chronaris.pipelines.stage_i.public.deep_baseline_runtime: deep_train epoch_done dataset=nasa_csm model=chronaris_public_fusion track=objective group=benchmark_only seed=42 fold=004/017 epoch=005/020 train_loss=0.649559 elapsed_s=0.2
2026-07-02 02:13:28,696 INFO chronaris.pipelines.stage_i.public.deep_baseline_runtime: deep_train epoch_start dataset=nasa_csm model=chronaris_public_fusion track=objective group=benchmark_only seed=42 fold=004/017 epoch=006/020 batch_count=11
2026-07-02 02:13:28,722 INFO chronaris.pipelines.stage_i.public.deep_baseline_runtime: deep_train batch dataset=nasa_csm model=chronaris_public_fusion track=objective group=benchmark_only seed=42 fold=004/017 epoch=006/020 batch=001/011 loss=0.499442 elapsed_s=1.2 status=running
2026-07-02 02:13:28,885 INFO chronaris.pipelines.stage_i.public.deep_baseline_runtime: deep_train batch dataset=nasa_csm model=chronaris_public_fusion track=objective group=benchmark_only seed=42 fold=004/017 epoch=006/020 batch=011/011 loss=0.345172 elapsed_s=1.4 status=running
2026-07-02 02:13:28,889 INFO chronaris.pipelines.stage_i.public.deep_baseline_runtime: deep_train epoch_done dataset=nasa_csm model=chronaris_public_fusion track=objective group=benchmark_only seed=42 fold=004/017 epoch=006/020 train_loss=0.497068 elapsed_s=0.2
2026-07-02 02:13:28,925 INFO chronaris.pipelines.stage_i.public.deep_baseline_runtime: deep_train epoch_start dataset=nasa_csm model=chronaris_public_fusion track=objective group=benchmark_only seed=42 fold=004/017 epoch=007/020 batch_count=11
2026-07-02 02:13:28,979 INFO chronaris.pipelines.stage_i.public.deep_baseline_runtime: deep_train batch dataset=nasa_csm model=chronaris_public_fusion track=objective group=benchmark_only seed=42 fold=004/017 epoch=007/020 batch=001/011 loss=0.440662 elapsed_s=1.5 status=running
2026-07-02 02:13:29,155 INFO chronaris.pipelines.stage_i.public.deep_baseline_runtime: deep_train batch dataset=nasa_csm model=chronaris_public_fusion track=objective group=benchmark_only seed=42 fold=004/017 epoch=007/020 batch=011/011 loss=0.461666 elapsed_s=1.6 status=running
2026-07-02 02:13:29,159 INFO chronaris.pipelines.stage_i.public.deep_baseline_runtime: deep_train epoch_done dataset=nasa_csm model=chronaris_public_fusion track=objective group=benchmark_only seed=42 fold=004/017 epoch=007/020 train_loss=0.391017 elapsed_s=0.2
2026-07-02 02:13:29,196 INFO chronaris.pipelines.stage_i.public.deep_baseline_runtime: deep_train epoch_start dataset=nasa_csm model=chronaris_public_fusion track=objective group=benchmark_only seed=42 fold=004/017 epoch=008/020 batch_count=11
2026-07-02 02:13:29,233 INFO chronaris.pipelines.stage_i.public.deep_baseline_runtime: deep_train batch dataset=nasa_csm model=chronaris_public_fusion track=objective group=benchmark_only seed=42 fold=004/017 epoch=008/020 batch=001/011 loss=0.337125 elapsed_s=1.7 status=running
2026-07-02 02:13:29,373 INFO chronaris.pipelines.stage_i.public.deep_baseline_runtime: deep_train batch dataset=nasa_csm model=chronaris_public_fusion track=objective group=benchmark_only seed=42 fold=004/017 epoch=008/020 batch=011/011 loss=0.219943 elapsed_s=1.9 status=running
2026-07-02 02:13:29,377 INFO chronaris.pipelines.stage_i.public.deep_baseline_runtime: deep_train epoch_done dataset=nasa_csm model=chronaris_public_fusion track=objective group=benchmark_only seed=42 fold=004/017 epoch=008/020 train_loss=0.319743 elapsed_s=0.2
2026-07-02 02:13:29,412 INFO chronaris.pipelines.stage_i.public.deep_baseline_runtime: deep_train epoch_start dataset=nasa_csm model=chronaris_public_fusion track=objective group=benchmark_only seed=42 fold=004/017 epoch=009/020 batch_count=11
2026-07-02 02:13:29,442 INFO chronaris.pipelines.stage_i.public.deep_baseline_runtime: deep_train batch dataset=nasa_csm model=chronaris_public_fusion track=objective group=benchmark_only seed=42 fold=004/017 epoch=009/020 batch=001/011 loss=0.256997 elapsed_s=1.9 status=running
2026-07-02 02:13:29,626 INFO chronaris.pipelines.stage_i.public.deep_baseline_runtime: deep_train batch dataset=nasa_csm model=chronaris_public_fusion track=objective group=benchmark_only seed=42 fold=004/017 epoch=009/020 batch=011/011 loss=0.348095 elapsed_s=2.1 status=running
2026-07-02 02:13:29,630 INFO chronaris.pipelines.stage_i.public.deep_baseline_runtime: deep_train epoch_done dataset=nasa_csm model=chronaris_public_fusion track=objective group=benchmark_only seed=42 fold=004/017 epoch=009/020 train_loss=0.280613 elapsed_s=0.2
2026-07-02 02:13:29,667 INFO chronaris.pipelines.stage_i.public.deep_baseline_runtime: deep_train epoch_start dataset=nasa_csm model=chronaris_public_fusion track=objective group=benchmark_only seed=42 fold=004/017 epoch=010/020 batch_count=11
2026-07-02 02:13:29,712 INFO chronaris.pipelines.stage_i.public.deep_baseline_runtime: deep_train batch dataset=nasa_csm model=chronaris_public_fusion track=objective group=benchmark_only seed=42 fold=004/017 epoch=010/020 batch=001/011 loss=0.238230 elapsed_s=2.2 status=running
2026-07-02 02:13:29,860 INFO chronaris.pipelines.stage_i.public.deep_baseline_runtime: deep_train batch dataset=nasa_csm model=chronaris_public_fusion track=objective group=benchmark_only seed=42 fold=004/017 epoch=010/020 batch=011/011 loss=0.258479 elapsed_s=2.3 status=running
2026-07-02 02:13:29,864 INFO chronaris.pipelines.stage_i.public.deep_baseline_runtime: deep_train epoch_done dataset=nasa_csm model=chronaris_public_fusion track=objective group=benchmark_only seed=42 fold=004/017 epoch=010/020 train_loss=0.211656 elapsed_s=0.2
2026-07-02 02:13:29,900 INFO chronaris.pipelines.stage_i.public.deep_baseline_runtime: deep_train epoch_start dataset=nasa_csm model=chronaris_public_fusion track=objective group=benchmark_only seed=42 fold=004/017 epoch=011/020 batch_count=11
2026-07-02 02:13:29,925 INFO chronaris.pipelines.stage_i.public.deep_baseline_runtime: deep_train batch dataset=nasa_csm model=chronaris_public_fusion track=objective group=benchmark_only seed=42 fold=004/017 epoch=011/020 batch=001/011 loss=0.239226 elapsed_s=2.4 status=running
2026-07-02 02:13:30,058 INFO chronaris.pipelines.stage_i.public.deep_baseline_runtime: deep_train batch dataset=nasa_csm model=chronaris_public_fusion track=objective group=benchmark_only seed=42 fold=004/017 epoch=011/020 batch=011/011 loss=0.144611 elapsed_s=2.5 status=running
2026-07-02 02:13:30,062 INFO chronaris.pipelines.stage_i.public.deep_baseline_runtime: deep_train epoch_done dataset=nasa_csm model=chronaris_public_fusion track=objective group=benchmark_only seed=42 fold=004/017 epoch=011/020 train_loss=0.192544 elapsed_s=0.2
2026-07-02 02:13:30,098 INFO chronaris.pipelines.stage_i.public.deep_baseline_runtime: deep_train epoch_start dataset=nasa_csm model=chronaris_public_fusion track=objective group=benchmark_only seed=42 fold=004/017 epoch=012/020 batch_count=11
2026-07-02 02:13:30,118 INFO chronaris.pipelines.stage_i.public.deep_baseline_runtime: deep_train batch dataset=nasa_csm model=chronaris_public_fusion track=objective group=benchmark_only seed=42 fold=004/017 epoch=012/020 batch=001/011 loss=0.197636 elapsed_s=2.6 status=running
2026-07-02 02:13:30,256 INFO chronaris.pipelines.stage_i.public.deep_baseline_runtime: deep_train batch dataset=nasa_csm model=chronaris_public_fusion track=objective group=benchmark_only seed=42 fold=004/017 epoch=012/020 batch=011/011 loss=0.105076 elapsed_s=2.7 status=running
2026-07-02 02:13:30,260 INFO chronaris.pipelines.stage_i.public.deep_baseline_runtime: deep_train epoch_done dataset=nasa_csm model=chronaris_public_fusion track=objective group=benchmark_only seed=42 fold=004/017 epoch=012/020 train_loss=0.140958 elapsed_s=0.2
2026-07-02 02:13:30,295 INFO chronaris.pipelines.stage_i.public.deep_baseline_runtime: deep_train epoch_start dataset=nasa_csm model=chronaris_public_fusion track=objective group=benchmark_only seed=42 fold=004/017 epoch=013/020 batch_count=11
2026-07-02 02:13:30,350 INFO chronaris.pipelines.stage_i.public.deep_baseline_runtime: deep_train batch dataset=nasa_csm model=chronaris_public_fusion track=objective group=benchmark_only seed=42 fold=004/017 epoch=013/020 batch=001/011 loss=0.085660 elapsed_s=2.8 status=running
2026-07-02 02:13:30,481 INFO chronaris.pipelines.stage_i.public.deep_baseline_runtime: deep_train batch dataset=nasa_csm model=chronaris_public_fusion track=objective group=benchmark_only seed=42 fold=004/017 epoch=013/020 batch=011/011 loss=0.167292 elapsed_s=3.0 status=running
2026-07-02 02:13:30,520 INFO chronaris.pipelines.stage_i.public.deep_baseline_runtime: deep_train epoch_done dataset=nasa_csm model=chronaris_public_fusion track=objective group=benchmark_only seed=42 fold=004/017 epoch=013/020 train_loss=0.136862 elapsed_s=0.2
2026-07-02 02:13:30,556 INFO chronaris.pipelines.stage_i.public.deep_baseline_runtime: deep_train epoch_start dataset=nasa_csm model=chronaris_public_fusion track=objective group=benchmark_only seed=42 fold=004/017 epoch=014/020 batch_count=11
2026-07-02 02:13:30,591 INFO chronaris.pipelines.stage_i.public.deep_baseline_runtime: deep_train batch dataset=nasa_csm model=chronaris_public_fusion track=objective group=benchmark_only seed=42 fold=004/017 epoch=014/020 batch=001/011 loss=0.089751 elapsed_s=3.1 status=running
2026-07-02 02:13:30,822 INFO chronaris.pipelines.stage_i.public.deep_baseline_runtime: deep_train batch dataset=nasa_csm model=chronaris_public_fusion track=objective group=benchmark_only seed=42 fold=004/017 epoch=014/020 batch=011/011 loss=0.092254 elapsed_s=3.3 status=running
2026-07-02 02:13:30,826 INFO chronaris.pipelines.stage_i.public.deep_baseline_runtime: deep_train epoch_done dataset=nasa_csm model=chronaris_public_fusion track=objective group=benchmark_only seed=42 fold=004/017 epoch=014/020 train_loss=0.109500 elapsed_s=0.3
2026-07-02 02:13:30,861 INFO chronaris.pipelines.stage_i.public.deep_baseline_runtime: deep_train epoch_start dataset=nasa_csm model=chronaris_public_fusion track=objective group=benchmark_only seed=42 fold=004/017 epoch=015/020 batch_count=11
2026-07-02 02:13:30,904 INFO chronaris.pipelines.stage_i.public.deep_baseline_runtime: deep_train batch dataset=nasa_csm model=chronaris_public_fusion track=objective group=benchmark_only seed=42 fold=004/017 epoch=015/020 batch=001/011 loss=0.103085 elapsed_s=3.4 status=running
2026-07-02 02:13:31,102 INFO chronaris.pipelines.stage_i.public.deep_baseline_runtime: deep_train batch dataset=nasa_csm model=chronaris_public_fusion track=objective group=benchmark_only seed=42 fold=004/017 epoch=015/020 batch=011/011 loss=0.102286 elapsed_s=3.6 status=running
2026-07-02 02:13:31,106 INFO chronaris.pipelines.stage_i.public.deep_baseline_runtime: deep_train epoch_done dataset=nasa_csm model=chronaris_public_fusion track=objective group=benchmark_only seed=42 fold=004/017 epoch=015/020 train_loss=0.079035 elapsed_s=0.2
2026-07-02 02:13:31,142 INFO chronaris.pipelines.stage_i.public.deep_baseline_runtime: deep_train epoch_start dataset=nasa_csm model=chronaris_public_fusion track=objective group=benchmark_only seed=42 fold=004/017 epoch=016/020 batch_count=11
2026-07-02 02:13:31,166 INFO chronaris.pipelines.stage_i.public.deep_baseline_runtime: deep_train batch dataset=nasa_csm model=chronaris_public_fusion track=objective group=benchmark_only seed=42 fold=004/017 epoch=016/020 batch=001/011 loss=0.061489 elapsed_s=3.6 status=running
2026-07-02 02:13:31,299 INFO chronaris.pipelines.stage_i.public.deep_baseline_runtime: deep_train batch dataset=nasa_csm model=chronaris_public_fusion track=objective group=benchmark_only seed=42 fold=004/017 epoch=016/020 batch=011/011 loss=0.097340 elapsed_s=3.8 status=running
2026-07-02 02:13:31,303 INFO chronaris.pipelines.stage_i.public.deep_baseline_runtime: deep_train epoch_done dataset=nasa_csm model=chronaris_public_fusion track=objective group=benchmark_only seed=42 fold=004/017 epoch=016/020 train_loss=0.059024 elapsed_s=0.2
2026-07-02 02:13:31,341 INFO chronaris.pipelines.stage_i.public.deep_baseline_runtime: deep_train epoch_start dataset=nasa_csm model=chronaris_public_fusion track=objective group=benchmark_only seed=42 fold=004/017 epoch=017/020 batch_count=11
2026-07-02 02:13:31,400 INFO chronaris.pipelines.stage_i.public.deep_baseline_runtime: deep_train batch dataset=nasa_csm model=chronaris_public_fusion track=objective group=benchmark_only seed=42 fold=004/017 epoch=017/020 batch=001/011 loss=0.036536 elapsed_s=3.9 status=running
2026-07-02 02:13:31,556 INFO chronaris.pipelines.stage_i.public.deep_baseline_runtime: deep_train batch dataset=nasa_csm model=chronaris_public_fusion track=objective group=benchmark_only seed=42 fold=004/017 epoch=017/020 batch=011/011 loss=0.084346 elapsed_s=4.0 status=running
2026-07-02 02:13:31,560 INFO chronaris.pipelines.stage_i.public.deep_baseline_runtime: deep_train epoch_done dataset=nasa_csm model=chronaris_public_fusion track=objective group=benchmark_only seed=42 fold=004/017 epoch=017/020 train_loss=0.083106 elapsed_s=0.2
2026-07-02 02:13:31,598 INFO chronaris.pipelines.stage_i.public.deep_baseline_runtime: deep_train epoch_start dataset=nasa_csm model=chronaris_public_fusion track=objective group=benchmark_only seed=42 fold=004/017 epoch=018/020 batch_count=11
2026-07-02 02:13:31,625 INFO chronaris.pipelines.stage_i.public.deep_baseline_runtime: deep_train batch dataset=nasa_csm model=chronaris_public_fusion track=objective group=benchmark_only seed=42 fold=004/017 epoch=018/020 batch=001/011 loss=0.025168 elapsed_s=4.1 status=running
2026-07-02 02:13:31,755 INFO chronaris.pipelines.stage_i.public.deep_baseline_runtime: deep_train batch dataset=nasa_csm model=chronaris_public_fusion track=objective group=benchmark_only seed=42 fold=004/017 epoch=018/020 batch=011/011 loss=0.036566 elapsed_s=4.2 status=running
2026-07-02 02:13:31,758 INFO chronaris.pipelines.stage_i.public.deep_baseline_runtime: deep_train epoch_done dataset=nasa_csm model=chronaris_public_fusion track=objective group=benchmark_only seed=42 fold=004/017 epoch=018/020 train_loss=0.068404 elapsed_s=0.2
2026-07-02 02:13:31,795 INFO chronaris.pipelines.stage_i.public.deep_baseline_runtime: deep_train epoch_start dataset=nasa_csm model=chronaris_public_fusion track=objective group=benchmark_only seed=42 fold=004/017 epoch=019/020 batch_count=11
2026-07-02 02:13:31,823 INFO chronaris.pipelines.stage_i.public.deep_baseline_runtime: deep_train batch dataset=nasa_csm model=chronaris_public_fusion track=objective group=benchmark_only seed=42 fold=004/017 epoch=019/020 batch=001/011 loss=0.018814 elapsed_s=4.3 status=running
2026-07-02 02:13:31,962 INFO chronaris.pipelines.stage_i.public.deep_baseline_runtime: deep_train batch dataset=nasa_csm model=chronaris_public_fusion track=objective group=benchmark_only seed=42 fold=004/017 epoch=019/020 batch=011/011 loss=0.030922 elapsed_s=4.4 status=running
2026-07-02 02:13:31,965 INFO chronaris.pipelines.stage_i.public.deep_baseline_runtime: deep_train epoch_done dataset=nasa_csm model=chronaris_public_fusion track=objective group=benchmark_only seed=42 fold=004/017 epoch=019/020 train_loss=0.052477 elapsed_s=0.2
2026-07-02 02:13:32,002 INFO chronaris.pipelines.stage_i.public.deep_baseline_runtime: deep_train epoch_start dataset=nasa_csm model=chronaris_public_fusion track=objective group=benchmark_only seed=42 fold=004/017 epoch=020/020 batch_count=11
2026-07-02 02:13:32,022 INFO chronaris.pipelines.stage_i.public.deep_baseline_runtime: deep_train batch dataset=nasa_csm model=chronaris_public_fusion track=objective group=benchmark_only seed=42 fold=004/017 epoch=020/020 batch=001/011 loss=0.035003 elapsed_s=4.5 status=running
2026-07-02 02:13:32,156 INFO chronaris.pipelines.stage_i.public.deep_baseline_runtime: deep_train batch dataset=nasa_csm model=chronaris_public_fusion track=objective group=benchmark_only seed=42 fold=004/017 epoch=020/020 batch=011/011 loss=0.104901 elapsed_s=4.6 status=running
2026-07-02 02:13:32,160 INFO chronaris.pipelines.stage_i.public.deep_baseline_runtime: deep_train epoch_done dataset=nasa_csm model=chronaris_public_fusion track=objective group=benchmark_only seed=42 fold=004/017 epoch=020/020 train_loss=0.059586 elapsed_s=0.2
2026-07-02 02:13:32,195 INFO chronaris.pipelines.stage_i.public.deep_baseline_runtime: deep_train fold_done dataset=nasa_csm model=chronaris_public_fusion track=objective group=benchmark_only seed=42 fold=004/017 elapsed_s=4.7
2026-07-02 02:13:32,488 INFO chronaris.pipelines.stage_i.public.deep_baseline_runtime: deep_train fold_start dataset=nasa_csm model=chronaris_public_fusion track=objective group=benchmark_only seed=42 fold=005/017 split_group=subject_14 task=classification train_count=1364 epochs=20 batch_size=128
2026-07-02 02:13:32,491 INFO chronaris.pipelines.stage_i.public.deep_baseline_runtime: deep_train epoch_start dataset=nasa_csm model=chronaris_public_fusion track=objective group=benchmark_only seed=42 fold=005/017 epoch=001/020 batch_count=11
2026-07-02 02:13:32,513 INFO chronaris.pipelines.stage_i.public.deep_baseline_runtime: deep_train batch dataset=nasa_csm model=chronaris_public_fusion track=objective group=benchmark_only seed=42 fold=005/017 epoch=001/020 batch=001/011 loss=1.108384 elapsed_s=0.0 status=running
2026-07-02 02:13:32,639 INFO chronaris.pipelines.stage_i.public.deep_baseline_runtime: deep_train batch dataset=nasa_csm model=chronaris_public_fusion track=objective group=benchmark_only seed=42 fold=005/017 epoch=001/020 batch=011/011 loss=1.035347 elapsed_s=0.1 status=running
2026-07-02 02:13:32,643 INFO chronaris.pipelines.stage_i.public.deep_baseline_runtime: deep_train epoch_done dataset=nasa_csm model=chronaris_public_fusion track=objective group=benchmark_only seed=42 fold=005/017 epoch=001/020 train_loss=1.087098 elapsed_s=0.2
2026-07-02 02:13:32,676 INFO chronaris.pipelines.stage_i.public.deep_baseline_runtime: deep_train epoch_start dataset=nasa_csm model=chronaris_public_fusion track=objective group=benchmark_only seed=42 fold=005/017 epoch=002/020 batch_count=11
2026-07-02 02:13:32,692 INFO chronaris.pipelines.stage_i.public.deep_baseline_runtime: deep_train batch dataset=nasa_csm model=chronaris_public_fusion track=objective group=benchmark_only seed=42 fold=005/017 epoch=002/020 batch=001/011 loss=1.062845 elapsed_s=0.2 status=running
2026-07-02 02:13:32,820 INFO chronaris.pipelines.stage_i.public.deep_baseline_runtime: deep_train batch dataset=nasa_csm model=chronaris_public_fusion track=objective group=benchmark_only seed=42 fold=005/017 epoch=002/020 batch=011/011 loss=1.008613 elapsed_s=0.3 status=running
2026-07-02 02:13:32,823 INFO chronaris.pipelines.stage_i.public.deep_baseline_runtime: deep_train epoch_done dataset=nasa_csm model=chronaris_public_fusion track=objective group=benchmark_only seed=42 fold=005/017 epoch=002/020 train_loss=1.037950 elapsed_s=0.1
2026-07-02 02:13:32,858 INFO chronaris.pipelines.stage_i.public.deep_baseline_runtime: deep_train epoch_start dataset=nasa_csm model=chronaris_public_fusion track=objective group=benchmark_only seed=42 fold=005/017 epoch=003/020 batch_count=11
2026-07-02 02:13:32,885 INFO chronaris.pipelines.stage_i.public.deep_baseline_runtime: deep_train batch dataset=nasa_csm model=chronaris_public_fusion track=objective group=benchmark_only seed=42 fold=005/017 epoch=003/020 batch=001/011 loss=1.018720 elapsed_s=0.4 status=running
2026-07-02 02:13:33,021 INFO chronaris.pipelines.stage_i.public.deep_baseline_runtime: deep_train batch dataset=nasa_csm model=chronaris_public_fusion track=objective group=benchmark_only seed=42 fold=005/017 epoch=003/020 batch=011/011 loss=0.928561 elapsed_s=0.5 status=running
2026-07-02 02:13:33,025 INFO chronaris.pipelines.stage_i.public.deep_baseline_runtime: deep_train epoch_done dataset=nasa_csm model=chronaris_public_fusion track=objective group=benchmark_only seed=42 fold=005/017 epoch=003/020 train_loss=0.969418 elapsed_s=0.2
2026-07-02 02:13:33,061 INFO chronaris.pipelines.stage_i.public.deep_baseline_runtime: deep_train epoch_start dataset=nasa_csm model=chronaris_public_fusion track=objective group=benchmark_only seed=42 fold=005/017 epoch=004/020 batch_count=11
2026-07-02 02:13:33,086 INFO chronaris.pipelines.stage_i.public.deep_baseline_runtime: deep_train batch dataset=nasa_csm model=chronaris_public_fusion track=objective group=benchmark_only seed=42 fold=005/017 epoch=004/020 batch=001/011 loss=0.880304 elapsed_s=0.6 status=running
2026-07-02 02:13:33,229 INFO chronaris.pipelines.stage_i.public.deep_baseline_runtime: deep_train batch dataset=nasa_csm model=chronaris_public_fusion track=objective group=benchmark_only seed=42 fold=005/017 epoch=004/020 batch=011/011 loss=0.685119 elapsed_s=0.7 status=running
2026-07-02 02:13:33,232 INFO chronaris.pipelines.stage_i.public.deep_baseline_runtime: deep_train epoch_done dataset=nasa_csm model=chronaris_public_fusion track=objective group=benchmark_only seed=42 fold=005/017 epoch=004/020 train_loss=0.785789 elapsed_s=0.2
2026-07-02 02:13:33,268 INFO chronaris.pipelines.stage_i.public.deep_baseline_runtime: deep_train epoch_start dataset=nasa_csm model=chronaris_public_fusion track=objective group=benchmark_only seed=42 fold=005/017 epoch=005/020 batch_count=11
2026-07-02 02:13:33,306 INFO chronaris.pipelines.stage_i.public.deep_baseline_runtime: deep_train batch dataset=nasa_csm model=chronaris_public_fusion track=objective group=benchmark_only seed=42 fold=005/017 epoch=005/020 batch=001/011 loss=0.684322 elapsed_s=0.8 status=running
2026-07-02 02:13:33,438 INFO chronaris.pipelines.stage_i.public.deep_baseline_runtime: deep_train batch dataset=nasa_csm model=chronaris_public_fusion track=objective group=benchmark_only seed=42 fold=005/017 epoch=005/020 batch=011/011 loss=0.602682 elapsed_s=0.9 status=running
2026-07-02 02:13:33,442 INFO chronaris.pipelines.stage_i.public.deep_baseline_runtime: deep_train epoch_done dataset=nasa_csm model=chronaris_public_fusion track=objective group=benchmark_only seed=42 fold=005/017 epoch=005/020 train_loss=0.630452 elapsed_s=0.2
2026-07-02 02:13:33,477 INFO chronaris.pipelines.stage_i.public.deep_baseline_runtime: deep_train epoch_start dataset=nasa_csm model=chronaris_public_fusion track=objective group=benchmark_only seed=42 fold=005/017 epoch=006/020 batch_count=11
2026-07-02 02:13:33,563 INFO chronaris.pipelines.stage_i.public.deep_baseline_runtime: deep_train batch dataset=nasa_csm model=chronaris_public_fusion track=objective group=benchmark_only seed=42 fold=005/017 epoch=006/020 batch=001/011 loss=0.493655 elapsed_s=1.1 status=running
2026-07-02 02:13:33,718 INFO chronaris.pipelines.stage_i.public.deep_baseline_runtime: deep_train batch dataset=nasa_csm model=chronaris_public_fusion track=objective group=benchmark_only seed=42 fold=005/017 epoch=006/020 batch=011/011 loss=0.407953 elapsed_s=1.2 status=running
2026-07-02 02:13:33,722 INFO chronaris.pipelines.stage_i.public.deep_baseline_runtime: deep_train epoch_done dataset=nasa_csm model=chronaris_public_fusion track=objective group=benchmark_only seed=42 fold=005/017 epoch=006/020 train_loss=0.502651 elapsed_s=0.2
2026-07-02 02:13:33,758 INFO chronaris.pipelines.stage_i.public.deep_baseline_runtime: deep_train epoch_start dataset=nasa_csm model=chronaris_public_fusion track=objective group=benchmark_only seed=42 fold=005/017 epoch=007/020 batch_count=11
2026-07-02 02:13:33,776 INFO chronaris.pipelines.stage_i.public.deep_baseline_runtime: deep_train batch dataset=nasa_csm model=chronaris_public_fusion track=objective group=benchmark_only seed=42 fold=005/017 epoch=007/020 batch=001/011 loss=0.505635 elapsed_s=1.3 status=running
2026-07-02 02:13:33,909 INFO chronaris.pipelines.stage_i.public.deep_baseline_runtime: deep_train batch dataset=nasa_csm model=chronaris_public_fusion track=objective group=benchmark_only seed=42 fold=005/017 epoch=007/020 batch=011/011 loss=0.501921 elapsed_s=1.4 status=running
2026-07-02 02:13:33,914 INFO chronaris.pipelines.stage_i.public.deep_baseline_runtime: deep_train epoch_done dataset=nasa_csm model=chronaris_public_fusion track=objective group=benchmark_only seed=42 fold=005/017 epoch=007/020 train_loss=0.439943 elapsed_s=0.2
2026-07-02 02:13:33,949 INFO chronaris.pipelines.stage_i.public.deep_baseline_runtime: deep_train epoch_start dataset=nasa_csm model=chronaris_public_fusion track=objective group=benchmark_only seed=42 fold=005/017 epoch=008/020 batch_count=11
2026-07-02 02:13:33,976 INFO chronaris.pipelines.stage_i.public.deep_baseline_runtime: deep_train batch dataset=nasa_csm model=chronaris_public_fusion track=objective group=benchmark_only seed=42 fold=005/017 epoch=008/020 batch=001/011 loss=0.415677 elapsed_s=1.5 status=running
2026-07-02 02:13:34,107 INFO chronaris.pipelines.stage_i.public.deep_baseline_runtime: deep_train batch dataset=nasa_csm model=chronaris_public_fusion track=objective group=benchmark_only seed=42 fold=005/017 epoch=008/020 batch=011/011 loss=0.268030 elapsed_s=1.6 status=running
2026-07-02 02:13:34,111 INFO chronaris.pipelines.stage_i.public.deep_baseline_runtime: deep_train epoch_done dataset=nasa_csm model=chronaris_public_fusion track=objective group=benchmark_only seed=42 fold=005/017 epoch=008/020 train_loss=0.347938 elapsed_s=0.2
2026-07-02 02:13:34,145 INFO chronaris.pipelines.stage_i.public.deep_baseline_runtime: deep_train epoch_start dataset=nasa_csm model=chronaris_public_fusion track=objective group=benchmark_only seed=42 fold=005/017 epoch=009/020 batch_count=11
2026-07-02 02:13:35,299 INFO chronaris.pipelines.stage_i.public.deep_baseline_runtime: deep_train batch dataset=nasa_csm model=chronaris_public_fusion track=objective group=benchmark_only seed=42 fold=005/017 epoch=009/020 batch=001/011 loss=0.255201 elapsed_s=1.7 status=running
2026-07-02 02:13:35,427 INFO chronaris.pipelines.stage_i.public.deep_baseline_runtime: deep_train batch dataset=nasa_csm model=chronaris_public_fusion track=objective group=benchmark_only seed=42 fold=005/017 epoch=009/020 batch=011/011 loss=0.325466 elapsed_s=1.8 status=running
2026-07-02 02:13:35,430 INFO chronaris.pipelines.stage_i.public.deep_baseline_runtime: deep_train epoch_done dataset=nasa_csm model=chronaris_public_fusion track=objective group=benchmark_only seed=42 fold=005/017 epoch=009/020 train_loss=0.320494 elapsed_s=0.2
2026-07-02 02:13:35,465 INFO chronaris.pipelines.stage_i.public.deep_baseline_runtime: deep_train epoch_start dataset=nasa_csm model=chronaris_public_fusion track=objective group=benchmark_only seed=42 fold=005/017 epoch=010/020 batch_count=11
2026-07-02 02:13:35,482 INFO chronaris.pipelines.stage_i.public.deep_baseline_runtime: deep_train batch dataset=nasa_csm model=chronaris_public_fusion track=objective group=benchmark_only seed=42 fold=005/017 epoch=010/020 batch=001/011 loss=0.255135 elapsed_s=1.9 status=running
2026-07-02 02:13:37,722 INFO chronaris.pipelines.stage_i.public.deep_baseline_runtime: deep_train batch dataset=nasa_csm model=chronaris_public_fusion track=objective group=benchmark_only seed=42 fold=005/017 epoch=010/020 batch=011/011 loss=0.257425 elapsed_s=2.0 status=running
2026-07-02 02:13:37,726 INFO chronaris.pipelines.stage_i.public.deep_baseline_runtime: deep_train epoch_done dataset=nasa_csm model=chronaris_public_fusion track=objective group=benchmark_only seed=42 fold=005/017 epoch=010/020 train_loss=0.252704 elapsed_s=0.2
2026-07-02 02:13:37,762 INFO chronaris.pipelines.stage_i.public.deep_baseline_runtime: deep_train epoch_start dataset=nasa_csm model=chronaris_public_fusion track=objective group=benchmark_only seed=42 fold=005/017 epoch=011/020 batch_count=11
2026-07-02 02:13:37,812 INFO chronaris.pipelines.stage_i.public.deep_baseline_runtime: deep_train batch dataset=nasa_csm model=chronaris_public_fusion track=objective group=benchmark_only seed=42 fold=005/017 epoch=011/020 batch=001/011 loss=0.272996 elapsed_s=2.1 status=running
2026-07-02 02:13:38,019 INFO chronaris.pipelines.stage_i.public.deep_baseline_runtime: deep_train batch dataset=nasa_csm model=chronaris_public_fusion track=objective group=benchmark_only seed=42 fold=005/017 epoch=011/020 batch=011/011 loss=0.133701 elapsed_s=2.3 status=running
2026-07-02 02:13:38,024 INFO chronaris.pipelines.stage_i.public.deep_baseline_runtime: deep_train epoch_done dataset=nasa_csm model=chronaris_public_fusion track=objective group=benchmark_only seed=42 fold=005/017 epoch=011/020 train_loss=0.223757 elapsed_s=0.3
2026-07-02 02:13:38,060 INFO chronaris.pipelines.stage_i.public.deep_baseline_runtime: deep_train epoch_start dataset=nasa_csm model=chronaris_public_fusion track=objective group=benchmark_only seed=42 fold=005/017 epoch=012/020 batch_count=11
2026-07-02 02:13:38,130 INFO chronaris.pipelines.stage_i.public.deep_baseline_runtime: deep_train batch dataset=nasa_csm model=chronaris_public_fusion track=objective group=benchmark_only seed=42 fold=005/017 epoch=012/020 batch=001/011 loss=0.224797 elapsed_s=2.4 status=running
2026-07-02 02:13:38,267 INFO chronaris.pipelines.stage_i.public.deep_baseline_runtime: deep_train batch dataset=nasa_csm model=chronaris_public_fusion track=objective group=benchmark_only seed=42 fold=005/017 epoch=012/020 batch=011/011 loss=0.267407 elapsed_s=2.5 status=running
2026-07-02 02:13:38,271 INFO chronaris.pipelines.stage_i.public.deep_baseline_runtime: deep_train epoch_done dataset=nasa_csm model=chronaris_public_fusion track=objective group=benchmark_only seed=42 fold=005/017 epoch=012/020 train_loss=0.146292 elapsed_s=0.2
2026-07-02 02:13:38,308 INFO chronaris.pipelines.stage_i.public.deep_baseline_runtime: deep_train epoch_start dataset=nasa_csm model=chronaris_public_fusion track=objective group=benchmark_only seed=42 fold=005/017 epoch=013/020 batch_count=11
2026-07-02 02:13:38,340 INFO chronaris.pipelines.stage_i.public.deep_baseline_runtime: deep_train batch dataset=nasa_csm model=chronaris_public_fusion track=objective group=benchmark_only seed=42 fold=005/017 epoch=013/020 batch=001/011 loss=0.105572 elapsed_s=2.6 status=running
2026-07-02 02:13:38,477 INFO chronaris.pipelines.stage_i.public.deep_baseline_runtime: deep_train batch dataset=nasa_csm model=chronaris_public_fusion track=objective group=benchmark_only seed=42 fold=005/017 epoch=013/020 batch=011/011 loss=0.158161 elapsed_s=2.7 status=running
2026-07-02 02:13:38,481 INFO chronaris.pipelines.stage_i.public.deep_baseline_runtime: deep_train epoch_done dataset=nasa_csm model=chronaris_public_fusion track=objective group=benchmark_only seed=42 fold=005/017 epoch=013/020 train_loss=0.140771 elapsed_s=0.2
2026-07-02 02:13:38,518 INFO chronaris.pipelines.stage_i.public.deep_baseline_runtime: deep_train epoch_start dataset=nasa_csm model=chronaris_public_fusion track=objective group=benchmark_only seed=42 fold=005/017 epoch=014/020 batch_count=11
2026-07-02 02:13:38,537 INFO chronaris.pipelines.stage_i.public.deep_baseline_runtime: deep_train batch dataset=nasa_csm model=chronaris_public_fusion track=objective group=benchmark_only seed=42 fold=005/017 epoch=014/020 batch=001/011 loss=0.191176 elapsed_s=2.8 status=running
2026-07-02 02:13:38,674 INFO chronaris.pipelines.stage_i.public.deep_baseline_runtime: deep_train batch dataset=nasa_csm model=chronaris_public_fusion track=objective group=benchmark_only seed=42 fold=005/017 epoch=014/020 batch=011/011 loss=0.082296 elapsed_s=2.9 status=running
2026-07-02 02:13:38,678 INFO chronaris.pipelines.stage_i.public.deep_baseline_runtime: deep_train epoch_done dataset=nasa_csm model=chronaris_public_fusion track=objective group=benchmark_only seed=42 fold=005/017 epoch=014/020 train_loss=0.141497 elapsed_s=0.2
2026-07-02 02:13:38,714 INFO chronaris.pipelines.stage_i.public.deep_baseline_runtime: deep_train epoch_start dataset=nasa_csm model=chronaris_public_fusion track=objective group=benchmark_only seed=42 fold=005/017 epoch=015/020 batch_count=11
2026-07-02 02:13:38,735 INFO chronaris.pipelines.stage_i.public.deep_baseline_runtime: deep_train batch dataset=nasa_csm model=chronaris_public_fusion track=objective group=benchmark_only seed=42 fold=005/017 epoch=015/020 batch=001/011 loss=0.146134 elapsed_s=3.0 status=running
2026-07-02 02:13:38,867 INFO chronaris.pipelines.stage_i.public.deep_baseline_runtime: deep_train batch dataset=nasa_csm model=chronaris_public_fusion track=objective group=benchmark_only seed=42 fold=005/017 epoch=015/020 batch=011/011 loss=0.108473 elapsed_s=3.1 status=running
2026-07-02 02:13:38,870 INFO chronaris.pipelines.stage_i.public.deep_baseline_runtime: deep_train epoch_done dataset=nasa_csm model=chronaris_public_fusion track=objective group=benchmark_only seed=42 fold=005/017 epoch=015/020 train_loss=0.117727 elapsed_s=0.2
2026-07-02 02:13:38,908 INFO chronaris.pipelines.stage_i.public.deep_baseline_runtime: deep_train epoch_start dataset=nasa_csm model=chronaris_public_fusion track=objective group=benchmark_only seed=42 fold=005/017 epoch=016/020 batch_count=11
2026-07-02 02:13:38,929 INFO chronaris.pipelines.stage_i.public.deep_baseline_runtime: deep_train batch dataset=nasa_csm model=chronaris_public_fusion track=objective group=benchmark_only seed=42 fold=005/017 epoch=016/020 batch=001/011 loss=0.083046 elapsed_s=3.2 status=running
2026-07-02 02:13:39,065 INFO chronaris.pipelines.stage_i.public.deep_baseline_runtime: deep_train batch dataset=nasa_csm model=chronaris_public_fusion track=objective group=benchmark_only seed=42 fold=005/017 epoch=016/020 batch=011/011 loss=0.086220 elapsed_s=3.3 status=running
2026-07-02 02:13:39,069 INFO chronaris.pipelines.stage_i.public.deep_baseline_runtime: deep_train epoch_done dataset=nasa_csm model=chronaris_public_fusion track=objective group=benchmark_only seed=42 fold=005/017 epoch=016/020 train_loss=0.075468 elapsed_s=0.2
2026-07-02 02:13:39,106 INFO chronaris.pipelines.stage_i.public.deep_baseline_runtime: deep_train epoch_start dataset=nasa_csm model=chronaris_public_fusion track=objective group=benchmark_only seed=42 fold=005/017 epoch=017/020 batch_count=11
2026-07-02 02:13:39,127 INFO chronaris.pipelines.stage_i.public.deep_baseline_runtime: deep_train batch dataset=nasa_csm model=chronaris_public_fusion track=objective group=benchmark_only seed=42 fold=005/017 epoch=017/020 batch=001/011 loss=0.117828 elapsed_s=3.4 status=running
2026-07-02 02:13:39,262 INFO chronaris.pipelines.stage_i.public.deep_baseline_runtime: deep_train batch dataset=nasa_csm model=chronaris_public_fusion track=objective group=benchmark_only seed=42 fold=005/017 epoch=017/020 batch=011/011 loss=0.073425 elapsed_s=3.5 status=running
2026-07-02 02:13:39,266 INFO chronaris.pipelines.stage_i.public.deep_baseline_runtime: deep_train epoch_done dataset=nasa_csm model=chronaris_public_fusion track=objective group=benchmark_only seed=42 fold=005/017 epoch=017/020 train_loss=0.067839 elapsed_s=0.2
2026-07-02 02:13:39,303 INFO chronaris.pipelines.stage_i.public.deep_baseline_runtime: deep_train epoch_start dataset=nasa_csm model=chronaris_public_fusion track=objective group=benchmark_only seed=42 fold=005/017 epoch=018/020 batch_count=11
2026-07-02 02:13:39,325 INFO chronaris.pipelines.stage_i.public.deep_baseline_runtime: deep_train batch dataset=nasa_csm model=chronaris_public_fusion track=objective group=benchmark_only seed=42 fold=005/017 epoch=018/020 batch=001/011 loss=0.093491 elapsed_s=3.6 status=running
2026-07-02 02:13:39,459 INFO chronaris.pipelines.stage_i.public.deep_baseline_runtime: deep_train batch dataset=nasa_csm model=chronaris_public_fusion track=objective group=benchmark_only seed=42 fold=005/017 epoch=018/020 batch=011/011 loss=0.072855 elapsed_s=3.7 status=running
2026-07-02 02:13:39,463 INFO chronaris.pipelines.stage_i.public.deep_baseline_runtime: deep_train epoch_done dataset=nasa_csm model=chronaris_public_fusion track=objective group=benchmark_only seed=42 fold=005/017 epoch=018/020 train_loss=0.073806 elapsed_s=0.2
2026-07-02 02:13:39,499 INFO chronaris.pipelines.stage_i.public.deep_baseline_runtime: deep_train epoch_start dataset=nasa_csm model=chronaris_public_fusion track=objective group=benchmark_only seed=42 fold=005/017 epoch=019/020 batch_count=11
2026-07-02 02:13:39,517 INFO chronaris.pipelines.stage_i.public.deep_baseline_runtime: deep_train batch dataset=nasa_csm model=chronaris_public_fusion track=objective group=benchmark_only seed=42 fold=005/017 epoch=019/020 batch=001/011 loss=0.030478 elapsed_s=3.8 status=running
2026-07-02 02:13:39,652 INFO chronaris.pipelines.stage_i.public.deep_baseline_runtime: deep_train batch dataset=nasa_csm model=chronaris_public_fusion track=objective group=benchmark_only seed=42 fold=005/017 epoch=019/020 batch=011/011 loss=0.043694 elapsed_s=3.9 status=running
2026-07-02 02:13:39,656 INFO chronaris.pipelines.stage_i.public.deep_baseline_runtime: deep_train epoch_done dataset=nasa_csm model=chronaris_public_fusion track=objective group=benchmark_only seed=42 fold=005/017 epoch=019/020 train_loss=0.041841 elapsed_s=0.2
2026-07-02 02:13:39,692 INFO chronaris.pipelines.stage_i.public.deep_baseline_runtime: deep_train epoch_start dataset=nasa_csm model=chronaris_public_fusion track=objective group=benchmark_only seed=42 fold=005/017 epoch=020/020 batch_count=11
2026-07-02 02:13:39,711 INFO chronaris.pipelines.stage_i.public.deep_baseline_runtime: deep_train batch dataset=nasa_csm model=chronaris_public_fusion track=objective group=benchmark_only seed=42 fold=005/017 epoch=020/020 batch=001/011 loss=0.038067 elapsed_s=4.0 status=running
2026-07-02 02:13:39,845 INFO chronaris.pipelines.stage_i.public.deep_baseline_runtime: deep_train batch dataset=nasa_csm model=chronaris_public_fusion track=objective group=benchmark_only seed=42 fold=005/017 epoch=020/020 batch=011/011 loss=0.049790 elapsed_s=4.1 status=running
2026-07-02 02:13:39,849 INFO chronaris.pipelines.stage_i.public.deep_baseline_runtime: deep_train epoch_done dataset=nasa_csm model=chronaris_public_fusion track=objective group=benchmark_only seed=42 fold=005/017 epoch=020/020 train_loss=0.057542 elapsed_s=0.2
2026-07-02 02:13:39,887 INFO chronaris.pipelines.stage_i.public.deep_baseline_runtime: deep_train fold_done dataset=nasa_csm model=chronaris_public_fusion track=objective group=benchmark_only seed=42 fold=005/017 elapsed_s=4.2
2026-07-02 02:13:40,163 INFO chronaris.pipelines.stage_i.public.deep_baseline_runtime: deep_train fold_start dataset=nasa_csm model=chronaris_public_fusion track=objective group=benchmark_only seed=42 fold=006/017 split_group=subject_17 task=classification train_count=1365 epochs=20 batch_size=128
2026-07-02 02:13:40,167 INFO chronaris.pipelines.stage_i.public.deep_baseline_runtime: deep_train epoch_start dataset=nasa_csm model=chronaris_public_fusion track=objective group=benchmark_only seed=42 fold=006/017 epoch=001/020 batch_count=11
2026-07-02 02:13:40,189 INFO chronaris.pipelines.stage_i.public.deep_baseline_runtime: deep_train batch dataset=nasa_csm model=chronaris_public_fusion track=objective group=benchmark_only seed=42 fold=006/017 epoch=001/020 batch=001/011 loss=1.103967 elapsed_s=0.0 status=running
2026-07-02 02:13:40,326 INFO chronaris.pipelines.stage_i.public.deep_baseline_runtime: deep_train batch dataset=nasa_csm model=chronaris_public_fusion track=objective group=benchmark_only seed=42 fold=006/017 epoch=001/020 batch=011/011 loss=1.022230 elapsed_s=0.2 status=running
2026-07-02 02:13:40,330 INFO chronaris.pipelines.stage_i.public.deep_baseline_runtime: deep_train epoch_done dataset=nasa_csm model=chronaris_public_fusion track=objective group=benchmark_only seed=42 fold=006/017 epoch=001/020 train_loss=1.087371 elapsed_s=0.2
2026-07-02 02:13:40,365 INFO chronaris.pipelines.stage_i.public.deep_baseline_runtime: deep_train epoch_start dataset=nasa_csm model=chronaris_public_fusion track=objective group=benchmark_only seed=42 fold=006/017 epoch=002/020 batch_count=11
2026-07-02 02:13:40,382 INFO chronaris.pipelines.stage_i.public.deep_baseline_runtime: deep_train batch dataset=nasa_csm model=chronaris_public_fusion track=objective group=benchmark_only seed=42 fold=006/017 epoch=002/020 batch=001/011 loss=1.068895 elapsed_s=0.2 status=running
2026-07-02 02:13:40,515 INFO chronaris.pipelines.stage_i.public.deep_baseline_runtime: deep_train batch dataset=nasa_csm model=chronaris_public_fusion track=objective group=benchmark_only seed=42 fold=006/017 epoch=002/020 batch=011/011 loss=1.014945 elapsed_s=0.3 status=running
2026-07-02 02:13:40,520 INFO chronaris.pipelines.stage_i.public.deep_baseline_runtime: deep_train epoch_done dataset=nasa_csm model=chronaris_public_fusion track=objective group=benchmark_only seed=42 fold=006/017 epoch=002/020 train_loss=1.036021 elapsed_s=0.2
2026-07-02 02:13:40,557 INFO chronaris.pipelines.stage_i.public.deep_baseline_runtime: deep_train epoch_start dataset=nasa_csm model=chronaris_public_fusion track=objective group=benchmark_only seed=42 fold=006/017 epoch=003/020 batch_count=11
2026-07-02 02:13:40,584 INFO chronaris.pipelines.stage_i.public.deep_baseline_runtime: deep_train batch dataset=nasa_csm model=chronaris_public_fusion track=objective group=benchmark_only seed=42 fold=006/017 epoch=003/020 batch=001/011 loss=1.058058 elapsed_s=0.4 status=running
2026-07-02 02:13:40,717 INFO chronaris.pipelines.stage_i.public.deep_baseline_runtime: deep_train batch dataset=nasa_csm model=chronaris_public_fusion track=objective group=benchmark_only seed=42 fold=006/017 epoch=003/020 batch=011/011 loss=0.887128 elapsed_s=0.6 status=running
2026-07-02 02:13:40,721 INFO chronaris.pipelines.stage_i.public.deep_baseline_runtime: deep_train epoch_done dataset=nasa_csm model=chronaris_public_fusion track=objective group=benchmark_only seed=42 fold=006/017 epoch=003/020 train_loss=0.963954 elapsed_s=0.2
2026-07-02 02:13:40,757 INFO chronaris.pipelines.stage_i.public.deep_baseline_runtime: deep_train epoch_start dataset=nasa_csm model=chronaris_public_fusion track=objective group=benchmark_only seed=42 fold=006/017 epoch=004/020 batch_count=11
2026-07-02 02:13:40,785 INFO chronaris.pipelines.stage_i.public.deep_baseline_runtime: deep_train batch dataset=nasa_csm model=chronaris_public_fusion track=objective group=benchmark_only seed=42 fold=006/017 epoch=004/020 batch=001/011 loss=0.886591 elapsed_s=0.6 status=running
2026-07-02 02:13:40,918 INFO chronaris.pipelines.stage_i.public.deep_baseline_runtime: deep_train batch dataset=nasa_csm model=chronaris_public_fusion track=objective group=benchmark_only seed=42 fold=006/017 epoch=004/020 batch=011/011 loss=0.728251 elapsed_s=0.8 status=running
2026-07-02 02:13:40,922 INFO chronaris.pipelines.stage_i.public.deep_baseline_runtime: deep_train epoch_done dataset=nasa_csm model=chronaris_public_fusion track=objective group=benchmark_only seed=42 fold=006/017 epoch=004/020 train_loss=0.760522 elapsed_s=0.2
2026-07-02 02:13:40,958 INFO chronaris.pipelines.stage_i.public.deep_baseline_runtime: deep_train epoch_start dataset=nasa_csm model=chronaris_public_fusion track=objective group=benchmark_only seed=42 fold=006/017 epoch=005/020 batch_count=11
2026-07-02 02:13:40,983 INFO chronaris.pipelines.stage_i.public.deep_baseline_runtime: deep_train batch dataset=nasa_csm model=chronaris_public_fusion track=objective group=benchmark_only seed=42 fold=006/017 epoch=005/020 batch=001/011 loss=0.593053 elapsed_s=0.8 status=running
2026-07-02 02:13:41,119 INFO chronaris.pipelines.stage_i.public.deep_baseline_runtime: deep_train batch dataset=nasa_csm model=chronaris_public_fusion track=objective group=benchmark_only seed=42 fold=006/017 epoch=005/020 batch=011/011 loss=0.653606 elapsed_s=1.0 status=running
2026-07-02 02:13:41,123 INFO chronaris.pipelines.stage_i.public.deep_baseline_runtime: deep_train epoch_done dataset=nasa_csm model=chronaris_public_fusion track=objective group=benchmark_only seed=42 fold=006/017 epoch=005/020 train_loss=0.622129 elapsed_s=0.2
2026-07-02 02:13:41,158 INFO chronaris.pipelines.stage_i.public.deep_baseline_runtime: deep_train epoch_start dataset=nasa_csm model=chronaris_public_fusion track=objective group=benchmark_only seed=42 fold=006/017 epoch=006/020 batch_count=11
2026-07-02 02:13:41,178 INFO chronaris.pipelines.stage_i.public.deep_baseline_runtime: deep_train batch dataset=nasa_csm model=chronaris_public_fusion track=objective group=benchmark_only seed=42 fold=006/017 epoch=006/020 batch=001/011 loss=0.464839 elapsed_s=1.0 status=running
2026-07-02 02:13:41,312 INFO chronaris.pipelines.stage_i.public.deep_baseline_runtime: deep_train batch dataset=nasa_csm model=chronaris_public_fusion track=objective group=benchmark_only seed=42 fold=006/017 epoch=006/020 batch=011/011 loss=0.330551 elapsed_s=1.1 status=running
2026-07-02 02:13:41,316 INFO chronaris.pipelines.stage_i.public.deep_baseline_runtime: deep_train epoch_done dataset=nasa_csm model=chronaris_public_fusion track=objective group=benchmark_only seed=42 fold=006/017 epoch=006/020 train_loss=0.488424 elapsed_s=0.2
2026-07-02 02:13:41,376 INFO chronaris.pipelines.stage_i.public.deep_baseline_runtime: deep_train epoch_start dataset=nasa_csm model=chronaris_public_fusion track=objective group=benchmark_only seed=42 fold=006/017 epoch=007/020 batch_count=11
2026-07-02 02:13:41,394 INFO chronaris.pipelines.stage_i.public.deep_baseline_runtime: deep_train batch dataset=nasa_csm model=chronaris_public_fusion track=objective group=benchmark_only seed=42 fold=006/017 epoch=007/020 batch=001/011 loss=0.434191 elapsed_s=1.2 status=running
2026-07-02 02:13:41,522 INFO chronaris.pipelines.stage_i.public.deep_baseline_runtime: deep_train batch dataset=nasa_csm model=chronaris_public_fusion track=objective group=benchmark_only seed=42 fold=006/017 epoch=007/020 batch=011/011 loss=0.408342 elapsed_s=1.4 status=running
2026-07-02 02:13:41,526 INFO chronaris.pipelines.stage_i.public.deep_baseline_runtime: deep_train epoch_done dataset=nasa_csm model=chronaris_public_fusion track=objective group=benchmark_only seed=42 fold=006/017 epoch=007/020 train_loss=0.410014 elapsed_s=0.2
2026-07-02 02:13:41,562 INFO chronaris.pipelines.stage_i.public.deep_baseline_runtime: deep_train epoch_start dataset=nasa_csm model=chronaris_public_fusion track=objective group=benchmark_only seed=42 fold=006/017 epoch=008/020 batch_count=11
2026-07-02 02:13:41,582 INFO chronaris.pipelines.stage_i.public.deep_baseline_runtime: deep_train batch dataset=nasa_csm model=chronaris_public_fusion track=objective group=benchmark_only seed=42 fold=006/017 epoch=008/020 batch=001/011 loss=0.362727 elapsed_s=1.4 status=running
2026-07-02 02:13:41,714 INFO chronaris.pipelines.stage_i.public.deep_baseline_runtime: deep_train batch dataset=nasa_csm model=chronaris_public_fusion track=objective group=benchmark_only seed=42 fold=006/017 epoch=008/020 batch=011/011 loss=0.220698 elapsed_s=1.5 status=running
2026-07-02 02:13:41,718 INFO chronaris.pipelines.stage_i.public.deep_baseline_runtime: deep_train epoch_done dataset=nasa_csm model=chronaris_public_fusion track=objective group=benchmark_only seed=42 fold=006/017 epoch=008/020 train_loss=0.315676 elapsed_s=0.2
2026-07-02 02:13:41,755 INFO chronaris.pipelines.stage_i.public.deep_baseline_runtime: deep_train epoch_start dataset=nasa_csm model=chronaris_public_fusion track=objective group=benchmark_only seed=42 fold=006/017 epoch=009/020 batch_count=11
2026-07-02 02:13:41,802 INFO chronaris.pipelines.stage_i.public.deep_baseline_runtime: deep_train batch dataset=nasa_csm model=chronaris_public_fusion track=objective group=benchmark_only seed=42 fold=006/017 epoch=009/020 batch=001/011 loss=0.234225 elapsed_s=1.6 status=running
2026-07-02 02:13:41,935 INFO chronaris.pipelines.stage_i.public.deep_baseline_runtime: deep_train batch dataset=nasa_csm model=chronaris_public_fusion track=objective group=benchmark_only seed=42 fold=006/017 epoch=009/020 batch=011/011 loss=0.347033 elapsed_s=1.8 status=running
2026-07-02 02:13:41,939 INFO chronaris.pipelines.stage_i.public.deep_baseline_runtime: deep_train epoch_done dataset=nasa_csm model=chronaris_public_fusion track=objective group=benchmark_only seed=42 fold=006/017 epoch=009/020 train_loss=0.304599 elapsed_s=0.2
2026-07-02 02:13:41,975 INFO chronaris.pipelines.stage_i.public.deep_baseline_runtime: deep_train epoch_start dataset=nasa_csm model=chronaris_public_fusion track=objective group=benchmark_only seed=42 fold=006/017 epoch=010/020 batch_count=11
2026-07-02 02:13:41,993 INFO chronaris.pipelines.stage_i.public.deep_baseline_runtime: deep_train batch dataset=nasa_csm model=chronaris_public_fusion track=objective group=benchmark_only seed=42 fold=006/017 epoch=010/020 batch=001/011 loss=0.275090 elapsed_s=1.8 status=running
2026-07-02 02:13:42,125 INFO chronaris.pipelines.stage_i.public.deep_baseline_runtime: deep_train batch dataset=nasa_csm model=chronaris_public_fusion track=objective group=benchmark_only seed=42 fold=006/017 epoch=010/020 batch=011/011 loss=0.235626 elapsed_s=2.0 status=running
2026-07-02 02:13:42,129 INFO chronaris.pipelines.stage_i.public.deep_baseline_runtime: deep_train epoch_done dataset=nasa_csm model=chronaris_public_fusion track=objective group=benchmark_only seed=42 fold=006/017 epoch=010/020 train_loss=0.212840 elapsed_s=0.2
2026-07-02 02:13:42,164 INFO chronaris.pipelines.stage_i.public.deep_baseline_runtime: deep_train epoch_start dataset=nasa_csm model=chronaris_public_fusion track=objective group=benchmark_only seed=42 fold=006/017 epoch=011/020 batch_count=11
2026-07-02 02:13:42,183 INFO chronaris.pipelines.stage_i.public.deep_baseline_runtime: deep_train batch dataset=nasa_csm model=chronaris_public_fusion track=objective group=benchmark_only seed=42 fold=006/017 epoch=011/020 batch=001/011 loss=0.375263 elapsed_s=2.0 status=running
2026-07-02 02:13:42,314 INFO chronaris.pipelines.stage_i.public.deep_baseline_runtime: deep_train batch dataset=nasa_csm model=chronaris_public_fusion track=objective group=benchmark_only seed=42 fold=006/017 epoch=011/020 batch=011/011 loss=0.176224 elapsed_s=2.1 status=running
2026-07-02 02:13:42,317 INFO chronaris.pipelines.stage_i.public.deep_baseline_runtime: deep_train epoch_done dataset=nasa_csm model=chronaris_public_fusion track=objective group=benchmark_only seed=42 fold=006/017 epoch=011/020 train_loss=0.233867 elapsed_s=0.2
2026-07-02 02:13:42,353 INFO chronaris.pipelines.stage_i.public.deep_baseline_runtime: deep_train epoch_start dataset=nasa_csm model=chronaris_public_fusion track=objective group=benchmark_only seed=42 fold=006/017 epoch=012/020 batch_count=11
2026-07-02 02:13:42,371 INFO chronaris.pipelines.stage_i.public.deep_baseline_runtime: deep_train batch dataset=nasa_csm model=chronaris_public_fusion track=objective group=benchmark_only seed=42 fold=006/017 epoch=012/020 batch=001/011 loss=0.217983 elapsed_s=2.2 status=running
2026-07-02 02:13:42,501 INFO chronaris.pipelines.stage_i.public.deep_baseline_runtime: deep_train batch dataset=nasa_csm model=chronaris_public_fusion track=objective group=benchmark_only seed=42 fold=006/017 epoch=012/020 batch=011/011 loss=0.144407 elapsed_s=2.3 status=running
2026-07-02 02:13:42,505 INFO chronaris.pipelines.stage_i.public.deep_baseline_runtime: deep_train epoch_done dataset=nasa_csm model=chronaris_public_fusion track=objective group=benchmark_only seed=42 fold=006/017 epoch=012/020 train_loss=0.155109 elapsed_s=0.2
2026-07-02 02:13:42,555 INFO chronaris.pipelines.stage_i.public.deep_baseline_runtime: deep_train epoch_start dataset=nasa_csm model=chronaris_public_fusion track=objective group=benchmark_only seed=42 fold=006/017 epoch=013/020 batch_count=11
2026-07-02 02:13:42,572 INFO chronaris.pipelines.stage_i.public.deep_baseline_runtime: deep_train batch dataset=nasa_csm model=chronaris_public_fusion track=objective group=benchmark_only seed=42 fold=006/017 epoch=013/020 batch=001/011 loss=0.067239 elapsed_s=2.4 status=running
2026-07-02 02:13:42,793 INFO chronaris.pipelines.stage_i.public.deep_baseline_runtime: deep_train batch dataset=nasa_csm model=chronaris_public_fusion track=objective group=benchmark_only seed=42 fold=006/017 epoch=013/020 batch=011/011 loss=0.191990 elapsed_s=2.6 status=running
2026-07-02 02:13:42,797 INFO chronaris.pipelines.stage_i.public.deep_baseline_runtime: deep_train epoch_done dataset=nasa_csm model=chronaris_public_fusion track=objective group=benchmark_only seed=42 fold=006/017 epoch=013/020 train_loss=0.117508 elapsed_s=0.2
2026-07-02 02:13:42,834 INFO chronaris.pipelines.stage_i.public.deep_baseline_runtime: deep_train epoch_start dataset=nasa_csm model=chronaris_public_fusion track=objective group=benchmark_only seed=42 fold=006/017 epoch=014/020 batch_count=11
2026-07-02 02:13:42,915 INFO chronaris.pipelines.stage_i.public.deep_baseline_runtime: deep_train batch dataset=nasa_csm model=chronaris_public_fusion track=objective group=benchmark_only seed=42 fold=006/017 epoch=014/020 batch=001/011 loss=0.100252 elapsed_s=2.7 status=running
2026-07-02 02:13:43,044 INFO chronaris.pipelines.stage_i.public.deep_baseline_runtime: deep_train batch dataset=nasa_csm model=chronaris_public_fusion track=objective group=benchmark_only seed=42 fold=006/017 epoch=014/020 batch=011/011 loss=0.103954 elapsed_s=2.9 status=running
2026-07-02 02:13:43,048 INFO chronaris.pipelines.stage_i.public.deep_baseline_runtime: deep_train epoch_done dataset=nasa_csm model=chronaris_public_fusion track=objective group=benchmark_only seed=42 fold=006/017 epoch=014/020 train_loss=0.095904 elapsed_s=0.2
2026-07-02 02:13:43,084 INFO chronaris.pipelines.stage_i.public.deep_baseline_runtime: deep_train epoch_start dataset=nasa_csm model=chronaris_public_fusion track=objective group=benchmark_only seed=42 fold=006/017 epoch=015/020 batch_count=11
2026-07-02 02:13:43,104 INFO chronaris.pipelines.stage_i.public.deep_baseline_runtime: deep_train batch dataset=nasa_csm model=chronaris_public_fusion track=objective group=benchmark_only seed=42 fold=006/017 epoch=015/020 batch=001/011 loss=0.065689 elapsed_s=2.9 status=running
2026-07-02 02:13:43,229 INFO chronaris.pipelines.stage_i.public.deep_baseline_runtime: deep_train batch dataset=nasa_csm model=chronaris_public_fusion track=objective group=benchmark_only seed=42 fold=006/017 epoch=015/020 batch=011/011 loss=0.062868 elapsed_s=3.1 status=running
2026-07-02 02:13:43,233 INFO chronaris.pipelines.stage_i.public.deep_baseline_runtime: deep_train epoch_done dataset=nasa_csm model=chronaris_public_fusion track=objective group=benchmark_only seed=42 fold=006/017 epoch=015/020 train_loss=0.081018 elapsed_s=0.1
2026-07-02 02:13:43,268 INFO chronaris.pipelines.stage_i.public.deep_baseline_runtime: deep_train epoch_start dataset=nasa_csm model=chronaris_public_fusion track=objective group=benchmark_only seed=42 fold=006/017 epoch=016/020 batch_count=11
2026-07-02 02:13:43,286 INFO chronaris.pipelines.stage_i.public.deep_baseline_runtime: deep_train batch dataset=nasa_csm model=chronaris_public_fusion track=objective group=benchmark_only seed=42 fold=006/017 epoch=016/020 batch=001/011 loss=0.148990 elapsed_s=3.1 status=running
2026-07-02 02:13:43,418 INFO chronaris.pipelines.stage_i.public.deep_baseline_runtime: deep_train batch dataset=nasa_csm model=chronaris_public_fusion track=objective group=benchmark_only seed=42 fold=006/017 epoch=016/020 batch=011/011 loss=0.045698 elapsed_s=3.3 status=running
2026-07-02 02:13:43,422 INFO chronaris.pipelines.stage_i.public.deep_baseline_runtime: deep_train epoch_done dataset=nasa_csm model=chronaris_public_fusion track=objective group=benchmark_only seed=42 fold=006/017 epoch=016/020 train_loss=0.065537 elapsed_s=0.2
2026-07-02 02:13:43,463 INFO chronaris.pipelines.stage_i.public.deep_baseline_runtime: deep_train epoch_start dataset=nasa_csm model=chronaris_public_fusion track=objective group=benchmark_only seed=42 fold=006/017 epoch=017/020 batch_count=11
2026-07-02 02:13:43,480 INFO chronaris.pipelines.stage_i.public.deep_baseline_runtime: deep_train batch dataset=nasa_csm model=chronaris_public_fusion track=objective group=benchmark_only seed=42 fold=006/017 epoch=017/020 batch=001/011 loss=0.019335 elapsed_s=3.3 status=running
2026-07-02 02:13:43,611 INFO chronaris.pipelines.stage_i.public.deep_baseline_runtime: deep_train batch dataset=nasa_csm model=chronaris_public_fusion track=objective group=benchmark_only seed=42 fold=006/017 epoch=017/020 batch=011/011 loss=0.054904 elapsed_s=3.4 status=running
2026-07-02 02:13:43,614 INFO chronaris.pipelines.stage_i.public.deep_baseline_runtime: deep_train epoch_done dataset=nasa_csm model=chronaris_public_fusion track=objective group=benchmark_only seed=42 fold=006/017 epoch=017/020 train_loss=0.067430 elapsed_s=0.2
2026-07-02 02:13:43,653 INFO chronaris.pipelines.stage_i.public.deep_baseline_runtime: deep_train epoch_start dataset=nasa_csm model=chronaris_public_fusion track=objective group=benchmark_only seed=42 fold=006/017 epoch=018/020 batch_count=11
2026-07-02 02:13:43,671 INFO chronaris.pipelines.stage_i.public.deep_baseline_runtime: deep_train batch dataset=nasa_csm model=chronaris_public_fusion track=objective group=benchmark_only seed=42 fold=006/017 epoch=018/020 batch=001/011 loss=0.028614 elapsed_s=3.5 status=running
2026-07-02 02:13:43,804 INFO chronaris.pipelines.stage_i.public.deep_baseline_runtime: deep_train batch dataset=nasa_csm model=chronaris_public_fusion track=objective group=benchmark_only seed=42 fold=006/017 epoch=018/020 batch=011/011 loss=0.065597 elapsed_s=3.6 status=running
2026-07-02 02:13:43,807 INFO chronaris.pipelines.stage_i.public.deep_baseline_runtime: deep_train epoch_done dataset=nasa_csm model=chronaris_public_fusion track=objective group=benchmark_only seed=42 fold=006/017 epoch=018/020 train_loss=0.064539 elapsed_s=0.2
2026-07-02 02:13:43,845 INFO chronaris.pipelines.stage_i.public.deep_baseline_runtime: deep_train epoch_start dataset=nasa_csm model=chronaris_public_fusion track=objective group=benchmark_only seed=42 fold=006/017 epoch=019/020 batch_count=11
2026-07-02 02:13:43,869 INFO chronaris.pipelines.stage_i.public.deep_baseline_runtime: deep_train batch dataset=nasa_csm model=chronaris_public_fusion track=objective group=benchmark_only seed=42 fold=006/017 epoch=019/020 batch=001/011 loss=0.010884 elapsed_s=3.7 status=running
2026-07-02 02:13:44,004 INFO chronaris.pipelines.stage_i.public.deep_baseline_runtime: deep_train batch dataset=nasa_csm model=chronaris_public_fusion track=objective group=benchmark_only seed=42 fold=006/017 epoch=019/020 batch=011/011 loss=0.038343 elapsed_s=3.8 status=running
2026-07-02 02:13:44,008 INFO chronaris.pipelines.stage_i.public.deep_baseline_runtime: deep_train epoch_done dataset=nasa_csm model=chronaris_public_fusion track=objective group=benchmark_only seed=42 fold=006/017 epoch=019/020 train_loss=0.062724 elapsed_s=0.2
2026-07-02 02:13:44,045 INFO chronaris.pipelines.stage_i.public.deep_baseline_runtime: deep_train epoch_start dataset=nasa_csm model=chronaris_public_fusion track=objective group=benchmark_only seed=42 fold=006/017 epoch=020/020 batch_count=11
2026-07-02 02:13:44,124 INFO chronaris.pipelines.stage_i.public.deep_baseline_runtime: deep_train batch dataset=nasa_csm model=chronaris_public_fusion track=objective group=benchmark_only seed=42 fold=006/017 epoch=020/020 batch=001/011 loss=0.060874 elapsed_s=4.0 status=running
2026-07-02 02:13:44,281 INFO chronaris.pipelines.stage_i.public.deep_baseline_runtime: deep_train batch dataset=nasa_csm model=chronaris_public_fusion track=objective group=benchmark_only seed=42 fold=006/017 epoch=020/020 batch=011/011 loss=0.124809 elapsed_s=4.1 status=running
2026-07-02 02:13:44,286 INFO chronaris.pipelines.stage_i.public.deep_baseline_runtime: deep_train epoch_done dataset=nasa_csm model=chronaris_public_fusion track=objective group=benchmark_only seed=42 fold=006/017 epoch=020/020 train_loss=0.048169 elapsed_s=0.2
2026-07-02 02:13:44,321 INFO chronaris.pipelines.stage_i.public.deep_baseline_runtime: deep_train fold_done dataset=nasa_csm model=chronaris_public_fusion track=objective group=benchmark_only seed=42 fold=006/017 elapsed_s=4.2
2026-07-02 02:13:44,594 INFO chronaris.pipelines.stage_i.public.deep_baseline_runtime: deep_train fold_start dataset=nasa_csm model=chronaris_public_fusion track=objective group=benchmark_only seed=42 fold=007/017 split_group=subject_18 task=classification train_count=1366 epochs=20 batch_size=128
2026-07-02 02:13:44,598 INFO chronaris.pipelines.stage_i.public.deep_baseline_runtime: deep_train epoch_start dataset=nasa_csm model=chronaris_public_fusion track=objective group=benchmark_only seed=42 fold=007/017 epoch=001/020 batch_count=11
2026-07-02 02:13:44,620 INFO chronaris.pipelines.stage_i.public.deep_baseline_runtime: deep_train batch dataset=nasa_csm model=chronaris_public_fusion track=objective group=benchmark_only seed=42 fold=007/017 epoch=001/020 batch=001/011 loss=1.103452 elapsed_s=0.0 status=running
2026-07-02 02:13:44,748 INFO chronaris.pipelines.stage_i.public.deep_baseline_runtime: deep_train batch dataset=nasa_csm model=chronaris_public_fusion track=objective group=benchmark_only seed=42 fold=007/017 epoch=001/020 batch=011/011 loss=1.052024 elapsed_s=0.2 status=running
2026-07-02 02:13:44,752 INFO chronaris.pipelines.stage_i.public.deep_baseline_runtime: deep_train epoch_done dataset=nasa_csm model=chronaris_public_fusion track=objective group=benchmark_only seed=42 fold=007/017 epoch=001/020 train_loss=1.091803 elapsed_s=0.2
2026-07-02 02:13:44,787 INFO chronaris.pipelines.stage_i.public.deep_baseline_runtime: deep_train epoch_start dataset=nasa_csm model=chronaris_public_fusion track=objective group=benchmark_only seed=42 fold=007/017 epoch=002/020 batch_count=11
2026-07-02 02:13:44,803 INFO chronaris.pipelines.stage_i.public.deep_baseline_runtime: deep_train batch dataset=nasa_csm model=chronaris_public_fusion track=objective group=benchmark_only seed=42 fold=007/017 epoch=002/020 batch=001/011 loss=1.059097 elapsed_s=0.2 status=running
2026-07-02 02:13:44,933 INFO chronaris.pipelines.stage_i.public.deep_baseline_runtime: deep_train batch dataset=nasa_csm model=chronaris_public_fusion track=objective group=benchmark_only seed=42 fold=007/017 epoch=002/020 batch=011/011 loss=1.074899 elapsed_s=0.3 status=running
2026-07-02 02:13:44,937 INFO chronaris.pipelines.stage_i.public.deep_baseline_runtime: deep_train epoch_done dataset=nasa_csm model=chronaris_public_fusion track=objective group=benchmark_only seed=42 fold=007/017 epoch=002/020 train_loss=1.042438 elapsed_s=0.2
2026-07-02 02:13:44,972 INFO chronaris.pipelines.stage_i.public.deep_baseline_runtime: deep_train epoch_start dataset=nasa_csm model=chronaris_public_fusion track=objective group=benchmark_only seed=42 fold=007/017 epoch=003/020 batch_count=11
2026-07-02 02:13:45,013 INFO chronaris.pipelines.stage_i.public.deep_baseline_runtime: deep_train batch dataset=nasa_csm model=chronaris_public_fusion track=objective group=benchmark_only seed=42 fold=007/017 epoch=003/020 batch=001/011 loss=1.048222 elapsed_s=0.4 status=running
2026-07-02 02:13:45,149 INFO chronaris.pipelines.stage_i.public.deep_baseline_runtime: deep_train batch dataset=nasa_csm model=chronaris_public_fusion track=objective group=benchmark_only seed=42 fold=007/017 epoch=003/020 batch=011/011 loss=0.870103 elapsed_s=0.6 status=running
2026-07-02 02:13:45,152 INFO chronaris.pipelines.stage_i.public.deep_baseline_runtime: deep_train epoch_done dataset=nasa_csm model=chronaris_public_fusion track=objective group=benchmark_only seed=42 fold=007/017 epoch=003/020 train_loss=0.961021 elapsed_s=0.2
2026-07-02 02:13:45,190 INFO chronaris.pipelines.stage_i.public.deep_baseline_runtime: deep_train epoch_start dataset=nasa_csm model=chronaris_public_fusion track=objective group=benchmark_only seed=42 fold=007/017 epoch=004/020 batch_count=11
2026-07-02 02:13:45,209 INFO chronaris.pipelines.stage_i.public.deep_baseline_runtime: deep_train batch dataset=nasa_csm model=chronaris_public_fusion track=objective group=benchmark_only seed=42 fold=007/017 epoch=004/020 batch=001/011 loss=0.855681 elapsed_s=0.6 status=running
2026-07-02 02:13:45,341 INFO chronaris.pipelines.stage_i.public.deep_baseline_runtime: deep_train batch dataset=nasa_csm model=chronaris_public_fusion track=objective group=benchmark_only seed=42 fold=007/017 epoch=004/020 batch=011/011 loss=0.668949 elapsed_s=0.7 status=running
2026-07-02 02:13:45,345 INFO chronaris.pipelines.stage_i.public.deep_baseline_runtime: deep_train epoch_done dataset=nasa_csm model=chronaris_public_fusion track=objective group=benchmark_only seed=42 fold=007/017 epoch=004/020 train_loss=0.740752 elapsed_s=0.2
2026-07-02 02:13:45,380 INFO chronaris.pipelines.stage_i.public.deep_baseline_runtime: deep_train epoch_start dataset=nasa_csm model=chronaris_public_fusion track=objective group=benchmark_only seed=42 fold=007/017 epoch=005/020 batch_count=11
2026-07-02 02:13:45,402 INFO chronaris.pipelines.stage_i.public.deep_baseline_runtime: deep_train batch dataset=nasa_csm model=chronaris_public_fusion track=objective group=benchmark_only seed=42 fold=007/017 epoch=005/020 batch=001/011 loss=0.650306 elapsed_s=0.8 status=running
2026-07-02 02:13:45,538 INFO chronaris.pipelines.stage_i.public.deep_baseline_runtime: deep_train batch dataset=nasa_csm model=chronaris_public_fusion track=objective group=benchmark_only seed=42 fold=007/017 epoch=005/020 batch=011/011 loss=0.511056 elapsed_s=0.9 status=running
2026-07-02 02:13:45,542 INFO chronaris.pipelines.stage_i.public.deep_baseline_runtime: deep_train epoch_done dataset=nasa_csm model=chronaris_public_fusion track=objective group=benchmark_only seed=42 fold=007/017 epoch=005/020 train_loss=0.589369 elapsed_s=0.2
2026-07-02 02:13:45,579 INFO chronaris.pipelines.stage_i.public.deep_baseline_runtime: deep_train epoch_start dataset=nasa_csm model=chronaris_public_fusion track=objective group=benchmark_only seed=42 fold=007/017 epoch=006/020 batch_count=11
2026-07-02 02:13:45,602 INFO chronaris.pipelines.stage_i.public.deep_baseline_runtime: deep_train batch dataset=nasa_csm model=chronaris_public_fusion track=objective group=benchmark_only seed=42 fold=007/017 epoch=006/020 batch=001/011 loss=0.439735 elapsed_s=1.0 status=running
2026-07-02 02:13:45,735 INFO chronaris.pipelines.stage_i.public.deep_baseline_runtime: deep_train batch dataset=nasa_csm model=chronaris_public_fusion track=objective group=benchmark_only seed=42 fold=007/017 epoch=006/020 batch=011/011 loss=0.431048 elapsed_s=1.1 status=running
2026-07-02 02:13:45,738 INFO chronaris.pipelines.stage_i.public.deep_baseline_runtime: deep_train epoch_done dataset=nasa_csm model=chronaris_public_fusion track=objective group=benchmark_only seed=42 fold=007/017 epoch=006/020 train_loss=0.505497 elapsed_s=0.2
2026-07-02 02:13:45,775 INFO chronaris.pipelines.stage_i.public.deep_baseline_runtime: deep_train epoch_start dataset=nasa_csm model=chronaris_public_fusion track=objective group=benchmark_only seed=42 fold=007/017 epoch=007/020 batch_count=11
2026-07-02 02:13:45,819 INFO chronaris.pipelines.stage_i.public.deep_baseline_runtime: deep_train batch dataset=nasa_csm model=chronaris_public_fusion track=objective group=benchmark_only seed=42 fold=007/017 epoch=007/020 batch=001/011 loss=0.514094 elapsed_s=1.2 status=running
2026-07-02 02:13:45,953 INFO chronaris.pipelines.stage_i.public.deep_baseline_runtime: deep_train batch dataset=nasa_csm model=chronaris_public_fusion track=objective group=benchmark_only seed=42 fold=007/017 epoch=007/020 batch=011/011 loss=0.530027 elapsed_s=1.4 status=running
2026-07-02 02:13:45,957 INFO chronaris.pipelines.stage_i.public.deep_baseline_runtime: deep_train epoch_done dataset=nasa_csm model=chronaris_public_fusion track=objective group=benchmark_only seed=42 fold=007/017 epoch=007/020 train_loss=0.499012 elapsed_s=0.2
2026-07-02 02:13:45,992 INFO chronaris.pipelines.stage_i.public.deep_baseline_runtime: deep_train epoch_start dataset=nasa_csm model=chronaris_public_fusion track=objective group=benchmark_only seed=42 fold=007/017 epoch=008/020 batch_count=11
2026-07-02 02:13:46,012 INFO chronaris.pipelines.stage_i.public.deep_baseline_runtime: deep_train batch dataset=nasa_csm model=chronaris_public_fusion track=objective group=benchmark_only seed=42 fold=007/017 epoch=008/020 batch=001/011 loss=0.434777 elapsed_s=1.4 status=running
2026-07-02 02:13:46,142 INFO chronaris.pipelines.stage_i.public.deep_baseline_runtime: deep_train batch dataset=nasa_csm model=chronaris_public_fusion track=objective group=benchmark_only seed=42 fold=007/017 epoch=008/020 batch=011/011 loss=0.360638 elapsed_s=1.5 status=running
2026-07-02 02:13:46,146 INFO chronaris.pipelines.stage_i.public.deep_baseline_runtime: deep_train epoch_done dataset=nasa_csm model=chronaris_public_fusion track=objective group=benchmark_only seed=42 fold=007/017 epoch=008/020 train_loss=0.412126 elapsed_s=0.2
2026-07-02 02:13:46,181 INFO chronaris.pipelines.stage_i.public.deep_baseline_runtime: deep_train epoch_start dataset=nasa_csm model=chronaris_public_fusion track=objective group=benchmark_only seed=42 fold=007/017 epoch=009/020 batch_count=11
2026-07-02 02:13:46,204 INFO chronaris.pipelines.stage_i.public.deep_baseline_runtime: deep_train batch dataset=nasa_csm model=chronaris_public_fusion track=objective group=benchmark_only seed=42 fold=007/017 epoch=009/020 batch=001/011 loss=0.380474 elapsed_s=1.6 status=running
2026-07-02 02:13:46,339 INFO chronaris.pipelines.stage_i.public.deep_baseline_runtime: deep_train batch dataset=nasa_csm model=chronaris_public_fusion track=objective group=benchmark_only seed=42 fold=007/017 epoch=009/020 batch=011/011 loss=0.235137 elapsed_s=1.7 status=running
2026-07-02 02:13:46,343 INFO chronaris.pipelines.stage_i.public.deep_baseline_runtime: deep_train epoch_done dataset=nasa_csm model=chronaris_public_fusion track=objective group=benchmark_only seed=42 fold=007/017 epoch=009/020 train_loss=0.331319 elapsed_s=0.2
2026-07-02 02:13:46,378 INFO chronaris.pipelines.stage_i.public.deep_baseline_runtime: deep_train epoch_start dataset=nasa_csm model=chronaris_public_fusion track=objective group=benchmark_only seed=42 fold=007/017 epoch=010/020 batch_count=11
2026-07-02 02:13:46,405 INFO chronaris.pipelines.stage_i.public.deep_baseline_runtime: deep_train batch dataset=nasa_csm model=chronaris_public_fusion track=objective group=benchmark_only seed=42 fold=007/017 epoch=010/020 batch=001/011 loss=0.308191 elapsed_s=1.8 status=running
2026-07-02 02:13:46,540 INFO chronaris.pipelines.stage_i.public.deep_baseline_runtime: deep_train batch dataset=nasa_csm model=chronaris_public_fusion track=objective group=benchmark_only seed=42 fold=007/017 epoch=010/020 batch=011/011 loss=0.185508 elapsed_s=1.9 status=running
2026-07-02 02:13:46,544 INFO chronaris.pipelines.stage_i.public.deep_baseline_runtime: deep_train epoch_done dataset=nasa_csm model=chronaris_public_fusion track=objective group=benchmark_only seed=42 fold=007/017 epoch=010/020 train_loss=0.220750 elapsed_s=0.2
2026-07-02 02:13:46,579 INFO chronaris.pipelines.stage_i.public.deep_baseline_runtime: deep_train epoch_start dataset=nasa_csm model=chronaris_public_fusion track=objective group=benchmark_only seed=42 fold=007/017 epoch=011/020 batch_count=11
2026-07-02 02:13:46,599 INFO chronaris.pipelines.stage_i.public.deep_baseline_runtime: deep_train batch dataset=nasa_csm model=chronaris_public_fusion track=objective group=benchmark_only seed=42 fold=007/017 epoch=011/020 batch=001/011 loss=0.255480 elapsed_s=2.0 status=running
2026-07-02 02:13:46,725 INFO chronaris.pipelines.stage_i.public.deep_baseline_runtime: deep_train batch dataset=nasa_csm model=chronaris_public_fusion track=objective group=benchmark_only seed=42 fold=007/017 epoch=011/020 batch=011/011 loss=0.154596 elapsed_s=2.1 status=running
2026-07-02 02:13:46,729 INFO chronaris.pipelines.stage_i.public.deep_baseline_runtime: deep_train epoch_done dataset=nasa_csm model=chronaris_public_fusion track=objective group=benchmark_only seed=42 fold=007/017 epoch=011/020 train_loss=0.203284 elapsed_s=0.1
2026-07-02 02:13:46,764 INFO chronaris.pipelines.stage_i.public.deep_baseline_runtime: deep_train epoch_start dataset=nasa_csm model=chronaris_public_fusion track=objective group=benchmark_only seed=42 fold=007/017 epoch=012/020 batch_count=11
2026-07-02 02:13:46,792 INFO chronaris.pipelines.stage_i.public.deep_baseline_runtime: deep_train batch dataset=nasa_csm model=chronaris_public_fusion track=objective group=benchmark_only seed=42 fold=007/017 epoch=012/020 batch=001/011 loss=0.137704 elapsed_s=2.2 status=running
2026-07-02 02:13:46,920 INFO chronaris.pipelines.stage_i.public.deep_baseline_runtime: deep_train batch dataset=nasa_csm model=chronaris_public_fusion track=objective group=benchmark_only seed=42 fold=007/017 epoch=012/020 batch=011/011 loss=0.121739 elapsed_s=2.3 status=running
2026-07-02 02:13:46,923 INFO chronaris.pipelines.stage_i.public.deep_baseline_runtime: deep_train epoch_done dataset=nasa_csm model=chronaris_public_fusion track=objective group=benchmark_only seed=42 fold=007/017 epoch=012/020 train_loss=0.211097 elapsed_s=0.2
2026-07-02 02:13:46,959 INFO chronaris.pipelines.stage_i.public.deep_baseline_runtime: deep_train epoch_start dataset=nasa_csm model=chronaris_public_fusion track=objective group=benchmark_only seed=42 fold=007/017 epoch=013/020 batch_count=11
2026-07-02 02:13:46,979 INFO chronaris.pipelines.stage_i.public.deep_baseline_runtime: deep_train batch dataset=nasa_csm model=chronaris_public_fusion track=objective group=benchmark_only seed=42 fold=007/017 epoch=013/020 batch=001/011 loss=0.278609 elapsed_s=2.4 status=running
2026-07-02 02:13:47,109 INFO chronaris.pipelines.stage_i.public.deep_baseline_runtime: deep_train batch dataset=nasa_csm model=chronaris_public_fusion track=objective group=benchmark_only seed=42 fold=007/017 epoch=013/020 batch=011/011 loss=0.148344 elapsed_s=2.5 status=running
2026-07-02 02:13:47,112 INFO chronaris.pipelines.stage_i.public.deep_baseline_runtime: deep_train epoch_done dataset=nasa_csm model=chronaris_public_fusion track=objective group=benchmark_only seed=42 fold=007/017 epoch=013/020 train_loss=0.151328 elapsed_s=0.2
2026-07-02 02:13:47,149 INFO chronaris.pipelines.stage_i.public.deep_baseline_runtime: deep_train epoch_start dataset=nasa_csm model=chronaris_public_fusion track=objective group=benchmark_only seed=42 fold=007/017 epoch=014/020 batch_count=11
2026-07-02 02:13:47,170 INFO chronaris.pipelines.stage_i.public.deep_baseline_runtime: deep_train batch dataset=nasa_csm model=chronaris_public_fusion track=objective group=benchmark_only seed=42 fold=007/017 epoch=014/020 batch=001/011 loss=0.136373 elapsed_s=2.6 status=running
2026-07-02 02:13:47,299 INFO chronaris.pipelines.stage_i.public.deep_baseline_runtime: deep_train batch dataset=nasa_csm model=chronaris_public_fusion track=objective group=benchmark_only seed=42 fold=007/017 epoch=014/020 batch=011/011 loss=0.146388 elapsed_s=2.7 status=running
2026-07-02 02:13:47,303 INFO chronaris.pipelines.stage_i.public.deep_baseline_runtime: deep_train epoch_done dataset=nasa_csm model=chronaris_public_fusion track=objective group=benchmark_only seed=42 fold=007/017 epoch=014/020 train_loss=0.119637 elapsed_s=0.2
2026-07-02 02:13:47,338 INFO chronaris.pipelines.stage_i.public.deep_baseline_runtime: deep_train epoch_start dataset=nasa_csm model=chronaris_public_fusion track=objective group=benchmark_only seed=42 fold=007/017 epoch=015/020 batch_count=11
2026-07-02 02:13:47,388 INFO chronaris.pipelines.stage_i.public.deep_baseline_runtime: deep_train batch dataset=nasa_csm model=chronaris_public_fusion track=objective group=benchmark_only seed=42 fold=007/017 epoch=015/020 batch=001/011 loss=0.159761 elapsed_s=2.8 status=running
2026-07-02 02:13:47,541 INFO chronaris.pipelines.stage_i.public.deep_baseline_runtime: deep_train batch dataset=nasa_csm model=chronaris_public_fusion track=objective group=benchmark_only seed=42 fold=007/017 epoch=015/020 batch=011/011 loss=0.120140 elapsed_s=2.9 status=running
2026-07-02 02:13:47,545 INFO chronaris.pipelines.stage_i.public.deep_baseline_runtime: deep_train epoch_done dataset=nasa_csm model=chronaris_public_fusion track=objective group=benchmark_only seed=42 fold=007/017 epoch=015/020 train_loss=0.101432 elapsed_s=0.2
2026-07-02 02:13:47,580 INFO chronaris.pipelines.stage_i.public.deep_baseline_runtime: deep_train epoch_start dataset=nasa_csm model=chronaris_public_fusion track=objective group=benchmark_only seed=42 fold=007/017 epoch=016/020 batch_count=11
2026-07-02 02:13:47,597 INFO chronaris.pipelines.stage_i.public.deep_baseline_runtime: deep_train batch dataset=nasa_csm model=chronaris_public_fusion track=objective group=benchmark_only seed=42 fold=007/017 epoch=016/020 batch=001/011 loss=0.091578 elapsed_s=3.0 status=running
2026-07-02 02:13:47,725 INFO chronaris.pipelines.stage_i.public.deep_baseline_runtime: deep_train batch dataset=nasa_csm model=chronaris_public_fusion track=objective group=benchmark_only seed=42 fold=007/017 epoch=016/020 batch=011/011 loss=0.060194 elapsed_s=3.1 status=running
2026-07-02 02:13:47,729 INFO chronaris.pipelines.stage_i.public.deep_baseline_runtime: deep_train epoch_done dataset=nasa_csm model=chronaris_public_fusion track=objective group=benchmark_only seed=42 fold=007/017 epoch=016/020 train_loss=0.072995 elapsed_s=0.2
2026-07-02 02:13:47,766 INFO chronaris.pipelines.stage_i.public.deep_baseline_runtime: deep_train epoch_start dataset=nasa_csm model=chronaris_public_fusion track=objective group=benchmark_only seed=42 fold=007/017 epoch=017/020 batch_count=11
2026-07-02 02:13:47,785 INFO chronaris.pipelines.stage_i.public.deep_baseline_runtime: deep_train batch dataset=nasa_csm model=chronaris_public_fusion track=objective group=benchmark_only seed=42 fold=007/017 epoch=017/020 batch=001/011 loss=0.096246 elapsed_s=3.2 status=running
2026-07-02 02:13:47,912 INFO chronaris.pipelines.stage_i.public.deep_baseline_runtime: deep_train batch dataset=nasa_csm model=chronaris_public_fusion track=objective group=benchmark_only seed=42 fold=007/017 epoch=017/020 batch=011/011 loss=0.059094 elapsed_s=3.3 status=running
2026-07-02 02:13:47,916 INFO chronaris.pipelines.stage_i.public.deep_baseline_runtime: deep_train epoch_done dataset=nasa_csm model=chronaris_public_fusion track=objective group=benchmark_only seed=42 fold=007/017 epoch=017/020 train_loss=0.070747 elapsed_s=0.2
2026-07-02 02:13:47,951 INFO chronaris.pipelines.stage_i.public.deep_baseline_runtime: deep_train epoch_start dataset=nasa_csm model=chronaris_public_fusion track=objective group=benchmark_only seed=42 fold=007/017 epoch=018/020 batch_count=11
2026-07-02 02:13:47,969 INFO chronaris.pipelines.stage_i.public.deep_baseline_runtime: deep_train batch dataset=nasa_csm model=chronaris_public_fusion track=objective group=benchmark_only seed=42 fold=007/017 epoch=018/020 batch=001/011 loss=0.047727 elapsed_s=3.4 status=running
2026-07-02 02:13:48,101 INFO chronaris.pipelines.stage_i.public.deep_baseline_runtime: deep_train batch dataset=nasa_csm model=chronaris_public_fusion track=objective group=benchmark_only seed=42 fold=007/017 epoch=018/020 batch=011/011 loss=0.043101 elapsed_s=3.5 status=running
2026-07-02 02:13:48,104 INFO chronaris.pipelines.stage_i.public.deep_baseline_runtime: deep_train epoch_done dataset=nasa_csm model=chronaris_public_fusion track=objective group=benchmark_only seed=42 fold=007/017 epoch=018/020 train_loss=0.077926 elapsed_s=0.2
2026-07-02 02:13:48,138 INFO chronaris.pipelines.stage_i.public.deep_baseline_runtime: deep_train epoch_start dataset=nasa_csm model=chronaris_public_fusion track=objective group=benchmark_only seed=42 fold=007/017 epoch=019/020 batch_count=11
2026-07-02 02:13:48,154 INFO chronaris.pipelines.stage_i.public.deep_baseline_runtime: deep_train batch dataset=nasa_csm model=chronaris_public_fusion track=objective group=benchmark_only seed=42 fold=007/017 epoch=019/020 batch=001/011 loss=0.073554 elapsed_s=3.6 status=running
2026-07-02 02:13:48,284 INFO chronaris.pipelines.stage_i.public.deep_baseline_runtime: deep_train batch dataset=nasa_csm model=chronaris_public_fusion track=objective group=benchmark_only seed=42 fold=007/017 epoch=019/020 batch=011/011 loss=0.118637 elapsed_s=3.7 status=running
2026-07-02 02:13:48,288 INFO chronaris.pipelines.stage_i.public.deep_baseline_runtime: deep_train epoch_done dataset=nasa_csm model=chronaris_public_fusion track=objective group=benchmark_only seed=42 fold=007/017 epoch=019/020 train_loss=0.077698 elapsed_s=0.2
2026-07-02 02:13:48,324 INFO chronaris.pipelines.stage_i.public.deep_baseline_runtime: deep_train epoch_start dataset=nasa_csm model=chronaris_public_fusion track=objective group=benchmark_only seed=42 fold=007/017 epoch=020/020 batch_count=11
2026-07-02 02:13:48,355 INFO chronaris.pipelines.stage_i.public.deep_baseline_runtime: deep_train batch dataset=nasa_csm model=chronaris_public_fusion track=objective group=benchmark_only seed=42 fold=007/017 epoch=020/020 batch=001/011 loss=0.105164 elapsed_s=3.8 status=running
2026-07-02 02:13:48,527 INFO chronaris.pipelines.stage_i.public.deep_baseline_runtime: deep_train batch dataset=nasa_csm model=chronaris_public_fusion track=objective group=benchmark_only seed=42 fold=007/017 epoch=020/020 batch=011/011 loss=0.033038 elapsed_s=3.9 status=running
2026-07-02 02:13:48,531 INFO chronaris.pipelines.stage_i.public.deep_baseline_runtime: deep_train epoch_done dataset=nasa_csm model=chronaris_public_fusion track=objective group=benchmark_only seed=42 fold=007/017 epoch=020/020 train_loss=0.045898 elapsed_s=0.2
2026-07-02 02:13:48,569 INFO chronaris.pipelines.stage_i.public.deep_baseline_runtime: deep_train fold_done dataset=nasa_csm model=chronaris_public_fusion track=objective group=benchmark_only seed=42 fold=007/017 elapsed_s=4.0
2026-07-02 02:13:48,825 INFO chronaris.pipelines.stage_i.public.deep_baseline_runtime: deep_train fold_start dataset=nasa_csm model=chronaris_public_fusion track=objective group=benchmark_only seed=42 fold=008/017 split_group=subject_19 task=classification train_count=1367 epochs=20 batch_size=128
2026-07-02 02:13:48,828 INFO chronaris.pipelines.stage_i.public.deep_baseline_runtime: deep_train epoch_start dataset=nasa_csm model=chronaris_public_fusion track=objective group=benchmark_only seed=42 fold=008/017 epoch=001/020 batch_count=11
2026-07-02 02:13:48,850 INFO chronaris.pipelines.stage_i.public.deep_baseline_runtime: deep_train batch dataset=nasa_csm model=chronaris_public_fusion track=objective group=benchmark_only seed=42 fold=008/017 epoch=001/020 batch=001/011 loss=1.094236 elapsed_s=0.0 status=running
2026-07-02 02:13:48,983 INFO chronaris.pipelines.stage_i.public.deep_baseline_runtime: deep_train batch dataset=nasa_csm model=chronaris_public_fusion track=objective group=benchmark_only seed=42 fold=008/017 epoch=001/020 batch=011/011 loss=1.054309 elapsed_s=0.2 status=running
2026-07-02 02:13:48,987 INFO chronaris.pipelines.stage_i.public.deep_baseline_runtime: deep_train epoch_done dataset=nasa_csm model=chronaris_public_fusion track=objective group=benchmark_only seed=42 fold=008/017 epoch=001/020 train_loss=1.082398 elapsed_s=0.2
2026-07-02 02:13:49,021 INFO chronaris.pipelines.stage_i.public.deep_baseline_runtime: deep_train epoch_start dataset=nasa_csm model=chronaris_public_fusion track=objective group=benchmark_only seed=42 fold=008/017 epoch=002/020 batch_count=11
2026-07-02 02:13:49,083 INFO chronaris.pipelines.stage_i.public.deep_baseline_runtime: deep_train batch dataset=nasa_csm model=chronaris_public_fusion track=objective group=benchmark_only seed=42 fold=008/017 epoch=002/020 batch=001/011 loss=1.040331 elapsed_s=0.3 status=running
2026-07-02 02:13:49,216 INFO chronaris.pipelines.stage_i.public.deep_baseline_runtime: deep_train batch dataset=nasa_csm model=chronaris_public_fusion track=objective group=benchmark_only seed=42 fold=008/017 epoch=002/020 batch=011/011 loss=1.079112 elapsed_s=0.4 status=running
2026-07-02 02:13:49,220 INFO chronaris.pipelines.stage_i.public.deep_baseline_runtime: deep_train epoch_done dataset=nasa_csm model=chronaris_public_fusion track=objective group=benchmark_only seed=42 fold=008/017 epoch=002/020 train_loss=1.029283 elapsed_s=0.2
2026-07-02 02:13:49,256 INFO chronaris.pipelines.stage_i.public.deep_baseline_runtime: deep_train epoch_start dataset=nasa_csm model=chronaris_public_fusion track=objective group=benchmark_only seed=42 fold=008/017 epoch=003/020 batch_count=11
2026-07-02 02:13:49,275 INFO chronaris.pipelines.stage_i.public.deep_baseline_runtime: deep_train batch dataset=nasa_csm model=chronaris_public_fusion track=objective group=benchmark_only seed=42 fold=008/017 epoch=003/020 batch=001/011 loss=1.029368 elapsed_s=0.4 status=running
2026-07-02 02:13:49,408 INFO chronaris.pipelines.stage_i.public.deep_baseline_runtime: deep_train batch dataset=nasa_csm model=chronaris_public_fusion track=objective group=benchmark_only seed=42 fold=008/017 epoch=003/020 batch=011/011 loss=0.910825 elapsed_s=0.6 status=running
2026-07-02 02:13:49,412 INFO chronaris.pipelines.stage_i.public.deep_baseline_runtime: deep_train epoch_done dataset=nasa_csm model=chronaris_public_fusion track=objective group=benchmark_only seed=42 fold=008/017 epoch=003/020 train_loss=0.970405 elapsed_s=0.2
2026-07-02 02:13:49,446 INFO chronaris.pipelines.stage_i.public.deep_baseline_runtime: deep_train epoch_start dataset=nasa_csm model=chronaris_public_fusion track=objective group=benchmark_only seed=42 fold=008/017 epoch=004/020 batch_count=11
2026-07-02 02:13:49,466 INFO chronaris.pipelines.stage_i.public.deep_baseline_runtime: deep_train batch dataset=nasa_csm model=chronaris_public_fusion track=objective group=benchmark_only seed=42 fold=008/017 epoch=004/020 batch=001/011 loss=0.911020 elapsed_s=0.6 status=running
2026-07-02 02:13:49,630 INFO chronaris.pipelines.stage_i.public.deep_baseline_runtime: deep_train batch dataset=nasa_csm model=chronaris_public_fusion track=objective group=benchmark_only seed=42 fold=008/017 epoch=004/020 batch=011/011 loss=0.759320 elapsed_s=0.8 status=running
2026-07-02 02:13:49,634 INFO chronaris.pipelines.stage_i.public.deep_baseline_runtime: deep_train epoch_done dataset=nasa_csm model=chronaris_public_fusion track=objective group=benchmark_only seed=42 fold=008/017 epoch=004/020 train_loss=0.790122 elapsed_s=0.2
2026-07-02 02:13:49,700 INFO chronaris.pipelines.stage_i.public.deep_baseline_runtime: deep_train epoch_start dataset=nasa_csm model=chronaris_public_fusion track=objective group=benchmark_only seed=42 fold=008/017 epoch=005/020 batch_count=11
2026-07-02 02:13:49,726 INFO chronaris.pipelines.stage_i.public.deep_baseline_runtime: deep_train batch dataset=nasa_csm model=chronaris_public_fusion track=objective group=benchmark_only seed=42 fold=008/017 epoch=005/020 batch=001/011 loss=0.682057 elapsed_s=0.9 status=running
2026-07-02 02:13:49,919 INFO chronaris.pipelines.stage_i.public.deep_baseline_runtime: deep_train batch dataset=nasa_csm model=chronaris_public_fusion track=objective group=benchmark_only seed=42 fold=008/017 epoch=005/020 batch=011/011 loss=0.639890 elapsed_s=1.1 status=running
2026-07-02 02:13:49,923 INFO chronaris.pipelines.stage_i.public.deep_baseline_runtime: deep_train epoch_done dataset=nasa_csm model=chronaris_public_fusion track=objective group=benchmark_only seed=42 fold=008/017 epoch=005/020 train_loss=0.689745 elapsed_s=0.2
2026-07-02 02:13:49,959 INFO chronaris.pipelines.stage_i.public.deep_baseline_runtime: deep_train epoch_start dataset=nasa_csm model=chronaris_public_fusion track=objective group=benchmark_only seed=42 fold=008/017 epoch=006/020 batch_count=11
2026-07-02 02:13:49,999 INFO chronaris.pipelines.stage_i.public.deep_baseline_runtime: deep_train batch dataset=nasa_csm model=chronaris_public_fusion track=objective group=benchmark_only seed=42 fold=008/017 epoch=006/020 batch=001/011 loss=0.556727 elapsed_s=1.2 status=running
2026-07-02 02:13:50,181 INFO chronaris.pipelines.stage_i.public.deep_baseline_runtime: deep_train batch dataset=nasa_csm model=chronaris_public_fusion track=objective group=benchmark_only seed=42 fold=008/017 epoch=006/020 batch=011/011 loss=0.522719 elapsed_s=1.4 status=running
2026-07-02 02:13:50,184 INFO chronaris.pipelines.stage_i.public.deep_baseline_runtime: deep_train epoch_done dataset=nasa_csm model=chronaris_public_fusion track=objective group=benchmark_only seed=42 fold=008/017 epoch=006/020 train_loss=0.539314 elapsed_s=0.2
2026-07-02 02:13:50,222 INFO chronaris.pipelines.stage_i.public.deep_baseline_runtime: deep_train epoch_start dataset=nasa_csm model=chronaris_public_fusion track=objective group=benchmark_only seed=42 fold=008/017 epoch=007/020 batch_count=11
2026-07-02 02:13:50,240 INFO chronaris.pipelines.stage_i.public.deep_baseline_runtime: deep_train batch dataset=nasa_csm model=chronaris_public_fusion track=objective group=benchmark_only seed=42 fold=008/017 epoch=007/020 batch=001/011 loss=0.609224 elapsed_s=1.4 status=running
2026-07-02 02:13:50,378 INFO chronaris.pipelines.stage_i.public.deep_baseline_runtime: deep_train batch dataset=nasa_csm model=chronaris_public_fusion track=objective group=benchmark_only seed=42 fold=008/017 epoch=007/020 batch=011/011 loss=0.488582 elapsed_s=1.5 status=running
2026-07-02 02:13:50,382 INFO chronaris.pipelines.stage_i.public.deep_baseline_runtime: deep_train epoch_done dataset=nasa_csm model=chronaris_public_fusion track=objective group=benchmark_only seed=42 fold=008/017 epoch=007/020 train_loss=0.513877 elapsed_s=0.2
2026-07-02 02:13:50,418 INFO chronaris.pipelines.stage_i.public.deep_baseline_runtime: deep_train epoch_start dataset=nasa_csm model=chronaris_public_fusion track=objective group=benchmark_only seed=42 fold=008/017 epoch=008/020 batch_count=11
2026-07-02 02:13:50,469 INFO chronaris.pipelines.stage_i.public.deep_baseline_runtime: deep_train batch dataset=nasa_csm model=chronaris_public_fusion track=objective group=benchmark_only seed=42 fold=008/017 epoch=008/020 batch=001/011 loss=0.457626 elapsed_s=1.6 status=running
2026-07-02 02:13:50,603 INFO chronaris.pipelines.stage_i.public.deep_baseline_runtime: deep_train batch dataset=nasa_csm model=chronaris_public_fusion track=objective group=benchmark_only seed=42 fold=008/017 epoch=008/020 batch=011/011 loss=0.221266 elapsed_s=1.8 status=running
2026-07-02 02:13:50,607 INFO chronaris.pipelines.stage_i.public.deep_baseline_runtime: deep_train epoch_done dataset=nasa_csm model=chronaris_public_fusion track=objective group=benchmark_only seed=42 fold=008/017 epoch=008/020 train_loss=0.383175 elapsed_s=0.2
2026-07-02 02:13:50,642 INFO chronaris.pipelines.stage_i.public.deep_baseline_runtime: deep_train epoch_start dataset=nasa_csm model=chronaris_public_fusion track=objective group=benchmark_only seed=42 fold=008/017 epoch=009/020 batch_count=11
2026-07-02 02:13:50,663 INFO chronaris.pipelines.stage_i.public.deep_baseline_runtime: deep_train batch dataset=nasa_csm model=chronaris_public_fusion track=objective group=benchmark_only seed=42 fold=008/017 epoch=009/020 batch=001/011 loss=0.286881 elapsed_s=1.8 status=running
2026-07-02 02:13:50,829 INFO chronaris.pipelines.stage_i.public.deep_baseline_runtime: deep_train batch dataset=nasa_csm model=chronaris_public_fusion track=objective group=benchmark_only seed=42 fold=008/017 epoch=009/020 batch=011/011 loss=0.293333 elapsed_s=2.0 status=running
2026-07-02 02:13:50,832 INFO chronaris.pipelines.stage_i.public.deep_baseline_runtime: deep_train epoch_done dataset=nasa_csm model=chronaris_public_fusion track=objective group=benchmark_only seed=42 fold=008/017 epoch=009/020 train_loss=0.294009 elapsed_s=0.2
2026-07-02 02:13:50,868 INFO chronaris.pipelines.stage_i.public.deep_baseline_runtime: deep_train epoch_start dataset=nasa_csm model=chronaris_public_fusion track=objective group=benchmark_only seed=42 fold=008/017 epoch=010/020 batch_count=11
2026-07-02 02:13:50,889 INFO chronaris.pipelines.stage_i.public.deep_baseline_runtime: deep_train batch dataset=nasa_csm model=chronaris_public_fusion track=objective group=benchmark_only seed=42 fold=008/017 epoch=010/020 batch=001/011 loss=0.192750 elapsed_s=2.1 status=running
2026-07-02 02:13:51,020 INFO chronaris.pipelines.stage_i.public.deep_baseline_runtime: deep_train batch dataset=nasa_csm model=chronaris_public_fusion track=objective group=benchmark_only seed=42 fold=008/017 epoch=010/020 batch=011/011 loss=0.183343 elapsed_s=2.2 status=running
2026-07-02 02:13:51,024 INFO chronaris.pipelines.stage_i.public.deep_baseline_runtime: deep_train epoch_done dataset=nasa_csm model=chronaris_public_fusion track=objective group=benchmark_only seed=42 fold=008/017 epoch=010/020 train_loss=0.206345 elapsed_s=0.2
2026-07-02 02:13:51,058 INFO chronaris.pipelines.stage_i.public.deep_baseline_runtime: deep_train epoch_start dataset=nasa_csm model=chronaris_public_fusion track=objective group=benchmark_only seed=42 fold=008/017 epoch=011/020 batch_count=11
2026-07-02 02:13:51,077 INFO chronaris.pipelines.stage_i.public.deep_baseline_runtime: deep_train batch dataset=nasa_csm model=chronaris_public_fusion track=objective group=benchmark_only seed=42 fold=008/017 epoch=011/020 batch=001/011 loss=0.229129 elapsed_s=2.2 status=running
2026-07-02 02:13:51,208 INFO chronaris.pipelines.stage_i.public.deep_baseline_runtime: deep_train batch dataset=nasa_csm model=chronaris_public_fusion track=objective group=benchmark_only seed=42 fold=008/017 epoch=011/020 batch=011/011 loss=0.120498 elapsed_s=2.4 status=running
2026-07-02 02:13:51,213 INFO chronaris.pipelines.stage_i.public.deep_baseline_runtime: deep_train epoch_done dataset=nasa_csm model=chronaris_public_fusion track=objective group=benchmark_only seed=42 fold=008/017 epoch=011/020 train_loss=0.163819 elapsed_s=0.2
2026-07-02 02:13:51,250 INFO chronaris.pipelines.stage_i.public.deep_baseline_runtime: deep_train epoch_start dataset=nasa_csm model=chronaris_public_fusion track=objective group=benchmark_only seed=42 fold=008/017 epoch=012/020 batch_count=11
2026-07-02 02:13:51,269 INFO chronaris.pipelines.stage_i.public.deep_baseline_runtime: deep_train batch dataset=nasa_csm model=chronaris_public_fusion track=objective group=benchmark_only seed=42 fold=008/017 epoch=012/020 batch=001/011 loss=0.156022 elapsed_s=2.4 status=running
2026-07-02 02:13:51,401 INFO chronaris.pipelines.stage_i.public.deep_baseline_runtime: deep_train batch dataset=nasa_csm model=chronaris_public_fusion track=objective group=benchmark_only seed=42 fold=008/017 epoch=012/020 batch=011/011 loss=0.351226 elapsed_s=2.6 status=running
2026-07-02 02:13:51,405 INFO chronaris.pipelines.stage_i.public.deep_baseline_runtime: deep_train epoch_done dataset=nasa_csm model=chronaris_public_fusion track=objective group=benchmark_only seed=42 fold=008/017 epoch=012/020 train_loss=0.197070 elapsed_s=0.2
2026-07-02 02:13:51,440 INFO chronaris.pipelines.stage_i.public.deep_baseline_runtime: deep_train epoch_start dataset=nasa_csm model=chronaris_public_fusion track=objective group=benchmark_only seed=42 fold=008/017 epoch=013/020 batch_count=11
2026-07-02 02:13:51,459 INFO chronaris.pipelines.stage_i.public.deep_baseline_runtime: deep_train batch dataset=nasa_csm model=chronaris_public_fusion track=objective group=benchmark_only seed=42 fold=008/017 epoch=013/020 batch=001/011 loss=0.132450 elapsed_s=2.6 status=running
2026-07-02 02:13:51,590 INFO chronaris.pipelines.stage_i.public.deep_baseline_runtime: deep_train batch dataset=nasa_csm model=chronaris_public_fusion track=objective group=benchmark_only seed=42 fold=008/017 epoch=013/020 batch=011/011 loss=0.136790 elapsed_s=2.8 status=running
2026-07-02 02:13:51,594 INFO chronaris.pipelines.stage_i.public.deep_baseline_runtime: deep_train epoch_done dataset=nasa_csm model=chronaris_public_fusion track=objective group=benchmark_only seed=42 fold=008/017 epoch=013/020 train_loss=0.118099 elapsed_s=0.2
2026-07-02 02:13:51,631 INFO chronaris.pipelines.stage_i.public.deep_baseline_runtime: deep_train epoch_start dataset=nasa_csm model=chronaris_public_fusion track=objective group=benchmark_only seed=42 fold=008/017 epoch=014/020 batch_count=11
2026-07-02 02:13:51,657 INFO chronaris.pipelines.stage_i.public.deep_baseline_runtime: deep_train batch dataset=nasa_csm model=chronaris_public_fusion track=objective group=benchmark_only seed=42 fold=008/017 epoch=014/020 batch=001/011 loss=0.140547 elapsed_s=2.8 status=running
2026-07-02 02:13:51,787 INFO chronaris.pipelines.stage_i.public.deep_baseline_runtime: deep_train batch dataset=nasa_csm model=chronaris_public_fusion track=objective group=benchmark_only seed=42 fold=008/017 epoch=014/020 batch=011/011 loss=0.092471 elapsed_s=3.0 status=running
2026-07-02 02:13:51,791 INFO chronaris.pipelines.stage_i.public.deep_baseline_runtime: deep_train epoch_done dataset=nasa_csm model=chronaris_public_fusion track=objective group=benchmark_only seed=42 fold=008/017 epoch=014/020 train_loss=0.108844 elapsed_s=0.2
2026-07-02 02:13:51,828 INFO chronaris.pipelines.stage_i.public.deep_baseline_runtime: deep_train epoch_start dataset=nasa_csm model=chronaris_public_fusion track=objective group=benchmark_only seed=42 fold=008/017 epoch=015/020 batch_count=11
2026-07-02 02:13:51,847 INFO chronaris.pipelines.stage_i.public.deep_baseline_runtime: deep_train batch dataset=nasa_csm model=chronaris_public_fusion track=objective group=benchmark_only seed=42 fold=008/017 epoch=015/020 batch=001/011 loss=0.099169 elapsed_s=3.0 status=running
2026-07-02 02:13:51,978 INFO chronaris.pipelines.stage_i.public.deep_baseline_runtime: deep_train batch dataset=nasa_csm model=chronaris_public_fusion track=objective group=benchmark_only seed=42 fold=008/017 epoch=015/020 batch=011/011 loss=0.101265 elapsed_s=3.2 status=running
2026-07-02 02:13:51,982 INFO chronaris.pipelines.stage_i.public.deep_baseline_runtime: deep_train epoch_done dataset=nasa_csm model=chronaris_public_fusion track=objective group=benchmark_only seed=42 fold=008/017 epoch=015/020 train_loss=0.091579 elapsed_s=0.2
2026-07-02 02:13:52,018 INFO chronaris.pipelines.stage_i.public.deep_baseline_runtime: deep_train epoch_start dataset=nasa_csm model=chronaris_public_fusion track=objective group=benchmark_only seed=42 fold=008/017 epoch=016/020 batch_count=11
2026-07-02 02:13:52,078 INFO chronaris.pipelines.stage_i.public.deep_baseline_runtime: deep_train batch dataset=nasa_csm model=chronaris_public_fusion track=objective group=benchmark_only seed=42 fold=008/017 epoch=016/020 batch=001/011 loss=0.073307 elapsed_s=3.2 status=running
2026-07-02 02:13:52,277 INFO chronaris.pipelines.stage_i.public.deep_baseline_runtime: deep_train batch dataset=nasa_csm model=chronaris_public_fusion track=objective group=benchmark_only seed=42 fold=008/017 epoch=016/020 batch=011/011 loss=0.131514 elapsed_s=3.4 status=running
2026-07-02 02:13:52,281 INFO chronaris.pipelines.stage_i.public.deep_baseline_runtime: deep_train epoch_done dataset=nasa_csm model=chronaris_public_fusion track=objective group=benchmark_only seed=42 fold=008/017 epoch=016/020 train_loss=0.087432 elapsed_s=0.3
2026-07-02 02:13:52,317 INFO chronaris.pipelines.stage_i.public.deep_baseline_runtime: deep_train epoch_start dataset=nasa_csm model=chronaris_public_fusion track=objective group=benchmark_only seed=42 fold=008/017 epoch=017/020 batch_count=11
2026-07-02 02:13:52,341 INFO chronaris.pipelines.stage_i.public.deep_baseline_runtime: deep_train batch dataset=nasa_csm model=chronaris_public_fusion track=objective group=benchmark_only seed=42 fold=008/017 epoch=017/020 batch=001/011 loss=0.018790 elapsed_s=3.5 status=running
2026-07-02 02:13:52,473 INFO chronaris.pipelines.stage_i.public.deep_baseline_runtime: deep_train batch dataset=nasa_csm model=chronaris_public_fusion track=objective group=benchmark_only seed=42 fold=008/017 epoch=017/020 batch=011/011 loss=0.039492 elapsed_s=3.6 status=running
2026-07-02 02:13:52,477 INFO chronaris.pipelines.stage_i.public.deep_baseline_runtime: deep_train epoch_done dataset=nasa_csm model=chronaris_public_fusion track=objective group=benchmark_only seed=42 fold=008/017 epoch=017/020 train_loss=0.051504 elapsed_s=0.2
2026-07-02 02:13:52,513 INFO chronaris.pipelines.stage_i.public.deep_baseline_runtime: deep_train epoch_start dataset=nasa_csm model=chronaris_public_fusion track=objective group=benchmark_only seed=42 fold=008/017 epoch=018/020 batch_count=11
2026-07-02 02:13:52,534 INFO chronaris.pipelines.stage_i.public.deep_baseline_runtime: deep_train batch dataset=nasa_csm model=chronaris_public_fusion track=objective group=benchmark_only seed=42 fold=008/017 epoch=018/020 batch=001/011 loss=0.063269 elapsed_s=3.7 status=running
2026-07-02 02:13:52,673 INFO chronaris.pipelines.stage_i.public.deep_baseline_runtime: deep_train batch dataset=nasa_csm model=chronaris_public_fusion track=objective group=benchmark_only seed=42 fold=008/017 epoch=018/020 batch=011/011 loss=0.072511 elapsed_s=3.8 status=running
2026-07-02 02:13:52,677 INFO chronaris.pipelines.stage_i.public.deep_baseline_runtime: deep_train epoch_done dataset=nasa_csm model=chronaris_public_fusion track=objective group=benchmark_only seed=42 fold=008/017 epoch=018/020 train_loss=0.052088 elapsed_s=0.2
2026-07-02 02:13:52,714 INFO chronaris.pipelines.stage_i.public.deep_baseline_runtime: deep_train epoch_start dataset=nasa_csm model=chronaris_public_fusion track=objective group=benchmark_only seed=42 fold=008/017 epoch=019/020 batch_count=11
2026-07-02 02:13:52,779 INFO chronaris.pipelines.stage_i.public.deep_baseline_runtime: deep_train batch dataset=nasa_csm model=chronaris_public_fusion track=objective group=benchmark_only seed=42 fold=008/017 epoch=019/020 batch=001/011 loss=0.058522 elapsed_s=4.0 status=running
2026-07-02 02:13:52,911 INFO chronaris.pipelines.stage_i.public.deep_baseline_runtime: deep_train batch dataset=nasa_csm model=chronaris_public_fusion track=objective group=benchmark_only seed=42 fold=008/017 epoch=019/020 batch=011/011 loss=0.068290 elapsed_s=4.1 status=running
2026-07-02 02:13:52,915 INFO chronaris.pipelines.stage_i.public.deep_baseline_runtime: deep_train epoch_done dataset=nasa_csm model=chronaris_public_fusion track=objective group=benchmark_only seed=42 fold=008/017 epoch=019/020 train_loss=0.067255 elapsed_s=0.2
2026-07-02 02:13:52,953 INFO chronaris.pipelines.stage_i.public.deep_baseline_runtime: deep_train epoch_start dataset=nasa_csm model=chronaris_public_fusion track=objective group=benchmark_only seed=42 fold=008/017 epoch=020/020 batch_count=11
2026-07-02 02:13:53,011 INFO chronaris.pipelines.stage_i.public.deep_baseline_runtime: deep_train batch dataset=nasa_csm model=chronaris_public_fusion track=objective group=benchmark_only seed=42 fold=008/017 epoch=020/020 batch=001/011 loss=0.133121 elapsed_s=4.2 status=running
2026-07-02 02:13:53,138 INFO chronaris.pipelines.stage_i.public.deep_baseline_runtime: deep_train batch dataset=nasa_csm model=chronaris_public_fusion track=objective group=benchmark_only seed=42 fold=008/017 epoch=020/020 batch=011/011 loss=0.014200 elapsed_s=4.3 status=running
2026-07-02 02:13:53,141 INFO chronaris.pipelines.stage_i.public.deep_baseline_runtime: deep_train epoch_done dataset=nasa_csm model=chronaris_public_fusion track=objective group=benchmark_only seed=42 fold=008/017 epoch=020/020 train_loss=0.056785 elapsed_s=0.2
2026-07-02 02:13:53,177 INFO chronaris.pipelines.stage_i.public.deep_baseline_runtime: deep_train fold_done dataset=nasa_csm model=chronaris_public_fusion track=objective group=benchmark_only seed=42 fold=008/017 elapsed_s=4.3
2026-07-02 02:13:53,461 INFO chronaris.pipelines.stage_i.public.deep_baseline_runtime: deep_train fold_start dataset=nasa_csm model=chronaris_public_fusion track=objective group=benchmark_only seed=42 fold=009/017 split_group=subject_21 task=classification train_count=1365 epochs=20 batch_size=128
2026-07-02 02:13:53,464 INFO chronaris.pipelines.stage_i.public.deep_baseline_runtime: deep_train epoch_start dataset=nasa_csm model=chronaris_public_fusion track=objective group=benchmark_only seed=42 fold=009/017 epoch=001/020 batch_count=11
2026-07-02 02:13:53,488 INFO chronaris.pipelines.stage_i.public.deep_baseline_runtime: deep_train batch dataset=nasa_csm model=chronaris_public_fusion track=objective group=benchmark_only seed=42 fold=009/017 epoch=001/020 batch=001/011 loss=1.101403 elapsed_s=0.0 status=running
2026-07-02 02:13:53,622 INFO chronaris.pipelines.stage_i.public.deep_baseline_runtime: deep_train batch dataset=nasa_csm model=chronaris_public_fusion track=objective group=benchmark_only seed=42 fold=009/017 epoch=001/020 batch=011/011 loss=1.016093 elapsed_s=0.2 status=running
2026-07-02 02:13:53,626 INFO chronaris.pipelines.stage_i.public.deep_baseline_runtime: deep_train epoch_done dataset=nasa_csm model=chronaris_public_fusion track=objective group=benchmark_only seed=42 fold=009/017 epoch=001/020 train_loss=1.089438 elapsed_s=0.2
2026-07-02 02:13:53,661 INFO chronaris.pipelines.stage_i.public.deep_baseline_runtime: deep_train epoch_start dataset=nasa_csm model=chronaris_public_fusion track=objective group=benchmark_only seed=42 fold=009/017 epoch=002/020 batch_count=11
2026-07-02 02:13:53,721 INFO chronaris.pipelines.stage_i.public.deep_baseline_runtime: deep_train batch dataset=nasa_csm model=chronaris_public_fusion track=objective group=benchmark_only seed=42 fold=009/017 epoch=002/020 batch=001/011 loss=1.053603 elapsed_s=0.3 status=running
2026-07-02 02:13:53,888 INFO chronaris.pipelines.stage_i.public.deep_baseline_runtime: deep_train batch dataset=nasa_csm model=chronaris_public_fusion track=objective group=benchmark_only seed=42 fold=009/017 epoch=002/020 batch=011/011 loss=1.058612 elapsed_s=0.4 status=running
2026-07-02 02:13:53,892 INFO chronaris.pipelines.stage_i.public.deep_baseline_runtime: deep_train epoch_done dataset=nasa_csm model=chronaris_public_fusion track=objective group=benchmark_only seed=42 fold=009/017 epoch=002/020 train_loss=1.043451 elapsed_s=0.2
2026-07-02 02:13:53,927 INFO chronaris.pipelines.stage_i.public.deep_baseline_runtime: deep_train epoch_start dataset=nasa_csm model=chronaris_public_fusion track=objective group=benchmark_only seed=42 fold=009/017 epoch=003/020 batch_count=11
2026-07-02 02:13:53,946 INFO chronaris.pipelines.stage_i.public.deep_baseline_runtime: deep_train batch dataset=nasa_csm model=chronaris_public_fusion track=objective group=benchmark_only seed=42 fold=009/017 epoch=003/020 batch=001/011 loss=1.049125 elapsed_s=0.5 status=running
2026-07-02 02:13:54,119 INFO chronaris.pipelines.stage_i.public.deep_baseline_runtime: deep_train batch dataset=nasa_csm model=chronaris_public_fusion track=objective group=benchmark_only seed=42 fold=009/017 epoch=003/020 batch=011/011 loss=0.935093 elapsed_s=0.7 status=running
2026-07-02 02:13:54,123 INFO chronaris.pipelines.stage_i.public.deep_baseline_runtime: deep_train epoch_done dataset=nasa_csm model=chronaris_public_fusion track=objective group=benchmark_only seed=42 fold=009/017 epoch=003/020 train_loss=0.988250 elapsed_s=0.2
2026-07-02 02:13:54,160 INFO chronaris.pipelines.stage_i.public.deep_baseline_runtime: deep_train epoch_start dataset=nasa_csm model=chronaris_public_fusion track=objective group=benchmark_only seed=42 fold=009/017 epoch=004/020 batch_count=11
2026-07-02 02:13:54,181 INFO chronaris.pipelines.stage_i.public.deep_baseline_runtime: deep_train batch dataset=nasa_csm model=chronaris_public_fusion track=objective group=benchmark_only seed=42 fold=009/017 epoch=004/020 batch=001/011 loss=0.968184 elapsed_s=0.7 status=running
2026-07-02 02:13:54,315 INFO chronaris.pipelines.stage_i.public.deep_baseline_runtime: deep_train batch dataset=nasa_csm model=chronaris_public_fusion track=objective group=benchmark_only seed=42 fold=009/017 epoch=004/020 batch=011/011 loss=0.737863 elapsed_s=0.9 status=running
2026-07-02 02:13:54,318 INFO chronaris.pipelines.stage_i.public.deep_baseline_runtime: deep_train epoch_done dataset=nasa_csm model=chronaris_public_fusion track=objective group=benchmark_only seed=42 fold=009/017 epoch=004/020 train_loss=0.835576 elapsed_s=0.2
2026-07-02 02:13:54,355 INFO chronaris.pipelines.stage_i.public.deep_baseline_runtime: deep_train epoch_start dataset=nasa_csm model=chronaris_public_fusion track=objective group=benchmark_only seed=42 fold=009/017 epoch=005/020 batch_count=11
2026-07-02 02:13:54,376 INFO chronaris.pipelines.stage_i.public.deep_baseline_runtime: deep_train batch dataset=nasa_csm model=chronaris_public_fusion track=objective group=benchmark_only seed=42 fold=009/017 epoch=005/020 batch=001/011 loss=0.742141 elapsed_s=0.9 status=running
2026-07-02 02:13:54,509 INFO chronaris.pipelines.stage_i.public.deep_baseline_runtime: deep_train batch dataset=nasa_csm model=chronaris_public_fusion track=objective group=benchmark_only seed=42 fold=009/017 epoch=005/020 batch=011/011 loss=0.651072 elapsed_s=1.0 status=running
2026-07-02 02:13:54,513 INFO chronaris.pipelines.stage_i.public.deep_baseline_runtime: deep_train epoch_done dataset=nasa_csm model=chronaris_public_fusion track=objective group=benchmark_only seed=42 fold=009/017 epoch=005/020 train_loss=0.682403 elapsed_s=0.2
2026-07-02 02:13:54,550 ERROR chronaris.pipelines.stage_i.public.deep_baseline: stage_i_deep_baseline failed run_id=no_target_transform__seed42
Traceback (most recent call last):
  File "/home/wangminan/projects/chronaris/src/chronaris/pipelines/stage_i/public/deep_baseline.py", line 172, in run_stage_i_deep_baseline
    initial_progress={
                       
  File "/home/wangminan/projects/chronaris/src/chronaris/pipelines/stage_i/public/deep_baseline.py", line 346, in _run_public_deep_baseline
    track="objective",
                       
  File "/home/wangminan/projects/chronaris/src/chronaris/pipelines/stage_i/public/deep_baseline.py", line 413, in _run_public_track
    def _run_public_track(
                           
  File "/home/wangminan/projects/chronaris/src/chronaris/pipelines/stage_i/public/deep_baseline_runtime.py", line 92, in _fit_predict_classification
    else None
              
  File "/home/wangminan/projects/chronaris/src/chronaris/pipelines/stage_i/public/deep_baseline_runtime.py", line 545, in _train_model
    snapshot = gpu_runtime_snapshot() if config.profile_gpu else {}
  File "/home/wangminan/projects/chronaris/src/chronaris/pipelines/stage_i/public/deep_baseline_runtime.py", line 608, in _write_training_progress
    fold_count,
  File "/home/wangminan/env/anaconda3/envs/chronaris/lib/python3.11/json/__init__.py", line 346, in loads
    return _default_decoder.decode(s)
           ^^^^^^^^^^^^^^^^^^^^^^^^^^
  File "/home/wangminan/env/anaconda3/envs/chronaris/lib/python3.11/json/decoder.py", line 337, in decode
    obj, end = self.raw_decode(s, idx=_w(s, 0).end())
               ^^^^^^^^^^^^^^^^^^^^^^^^^^^^^^^^^^^^^^
  File "/home/wangminan/env/anaconda3/envs/chronaris/lib/python3.11/json/decoder.py", line 353, in raw_decode
    obj, end = self.scan_once(s, idx)
               ^^^^^^^^^^^^^^^^^^^^^^
KeyboardInterrupt
