dataset,task,consumer,method,seed,fold,role,metric,value,direction,status,reason,smoke_only
model_independent_aviation_simulation,simulated_future_workload_classification,linear,physiology_only,17,simulation_g1_to_g2_clean_locked__seed_17,validation,macro_f1,0.4125468047602658,higher,available,,False
model_independent_aviation_simulation,simulated_future_workload_classification,linear,physiology_only,17,simulation_g1_to_g2_clean_locked__seed_17,validation,balanced_accuracy,0.41584179767527124,higher,available,,False
model_independent_aviation_simulation,simulated_future_workload_classification,linear,physiology_only,17,simulation_g1_to_g2_clean_locked__seed_17,validation,macro_auprc,0.42712162133104264,higher,available,,False
model_independent_aviation_simulation,simulated_future_workload_classification,linear,physiology_only,17,simulation_g1_to_g2_clean_locked__seed_17,validation,brier_score,0.7503632154525782,lower,available,,False
model_independent_aviation_simulation,simulated_future_workload_classification,linear,physiology_only,17,simulation_g1_to_g2_clean_locked__seed_17,validation,ece_10_bins,0.2308564346734339,lower,available,,False
model_independent_aviation_simulation,simulated_future_workload_regression,linear,physiology_only,17,simulation_g1_to_g2_clean_locked__seed_17,validation,mae,0.16904651559889317,lower,available,,False
model_independent_aviation_simulation,simulated_future_workload_regression,linear,physiology_only,17,simulation_g1_to_g2_clean_locked__seed_17,validation,rmse,0.20124319727008347,lower,available,,False
model_independent_aviation_simulation,simulated_future_workload_regression,linear,physiology_only,17,simulation_g1_to_g2_clean_locked__seed_17,validation,spearman,0.29230873575691807,higher,available,,False
model_independent_aviation_simulation,simulated_future_workload_classification,minirocket,physiology_only,17,simulation_g1_to_g2_clean_locked__seed_17,validation,macro_f1,0.5389255990429688,higher,available,,False
model_independent_aviation_simulation,simulated_future_workload_classification,minirocket,physiology_only,17,simulation_g1_to_g2_clean_locked__seed_17,validation,balanced_accuracy,0.5489853572275775,higher,available,,False
model_independent_aviation_simulation,simulated_future_workload_classification,minirocket,physiology_only,17,simulation_g1_to_g2_clean_locked__seed_17,validation,macro_auprc,0.5558166101052836,higher,available,,False
model_independent_aviation_simulation,simulated_future_workload_classification,minirocket,physiology_only,17,simulation_g1_to_g2_clean_locked__seed_17,validation,brier_score,0.7524337745000832,lower,available,,False
model_independent_aviation_simulation,simulated_future_workload_classification,minirocket,physiology_only,17,simulation_g1_to_g2_clean_locked__seed_17,validation,ece_10_bins,0.32128853651509415,lower,available,,False
model_independent_aviation_simulation,simulated_future_workload_regression,minirocket,physiology_only,17,simulation_g1_to_g2_clean_locked__seed_17,validation,mae,0.14475409997006258,lower,available,,False
model_independent_aviation_simulation,simulated_future_workload_regression,minirocket,physiology_only,17,simulation_g1_to_g2_clean_locked__seed_17,validation,rmse,0.19105841503115958,lower,available,,False
model_independent_aviation_simulation,simulated_future_workload_regression,minirocket,physiology_only,17,simulation_g1_to_g2_clean_locked__seed_17,validation,spearman,0.45767769940314706,higher,available,,False
model_independent_aviation_simulation,simulated_maneuver_state_segmentation,causal_tcn_raw,physiology_only,17,simulation_g1_to_g2_clean_locked__seed_17,validation,frame_macro_f1,0.35176321987018744,higher,available,,False
model_independent_aviation_simulation,simulated_maneuver_state_segmentation,causal_tcn_raw,physiology_only,17,simulation_g1_to_g2_clean_locked__seed_17,validation,segmental_f1_iou_0.10,0.40460997335997334,higher,available,,False
model_independent_aviation_simulation,simulated_maneuver_state_segmentation,causal_tcn_raw,physiology_only,17,simulation_g1_to_g2_clean_locked__seed_17,validation,segmental_f1_iou_0.25,0.3194145553520554,higher,available,,False
model_independent_aviation_simulation,simulated_maneuver_state_segmentation,causal_tcn_raw,physiology_only,17,simulation_g1_to_g2_clean_locked__seed_17,validation,segmental_f1_iou_0.50,0.19966376216376217,higher,available,,False
model_independent_aviation_simulation,simulated_maneuver_state_segmentation,causal_tcn_raw,physiology_only,17,simulation_g1_to_g2_clean_locked__seed_17,validation,boundary_f1_1s,0.13173325517075518,higher,available,,False
model_independent_aviation_simulation,simulated_maneuver_state_segmentation,causal_tcn_raw,physiology_only,17,simulation_g1_to_g2_clean_locked__seed_17,validation,boundary_f1_2s,0.20430345117845117,higher,available,,False
model_independent_aviation_simulation,simulated_maneuver_state_segmentation,causal_tcn_raw,physiology_only,17,simulation_g1_to_g2_clean_locked__seed_17,validation,edit_score,0.3671378968253968,higher,available,,False
model_independent_aviation_simulation,simulated_maneuver_state_segmentation,causal_tcn_raw,physiology_only,17,simulation_g1_to_g2_clean_locked__seed_17,validation,boundary_detection_delay_s,5.300480769230769,lower,available,,False
model_independent_aviation_simulation,simulated_maneuver_state_segmentation,causal_tcn_duration,physiology_only,17,simulation_g1_to_g2_clean_locked__seed_17,validation,frame_macro_f1,0.35315896065617414,higher,available,,False
model_independent_aviation_simulation,simulated_maneuver_state_segmentation,causal_tcn_duration,physiology_only,17,simulation_g1_to_g2_clean_locked__seed_17,validation,segmental_f1_iou_0.10,0.4526842948717949,higher,available,,False
model_independent_aviation_simulation,simulated_maneuver_state_segmentation,causal_tcn_duration,physiology_only,17,simulation_g1_to_g2_clean_locked__seed_17,validation,segmental_f1_iou_0.25,0.38399679024679023,higher,available,,False
model_independent_aviation_simulation,simulated_maneuver_state_segmentation,causal_tcn_duration,physiology_only,17,simulation_g1_to_g2_clean_locked__seed_17,validation,segmental_f1_iou_0.50,0.2495188838938839,higher,available,,False
model_independent_aviation_simulation,simulated_maneuver_state_segmentation,causal_tcn_duration,physiology_only,17,simulation_g1_to_g2_clean_locked__seed_17,validation,boundary_f1_1s,0.11534241221741222,higher,available,,False
model_independent_aviation_simulation,simulated_maneuver_state_segmentation,causal_tcn_duration,physiology_only,17,simulation_g1_to_g2_clean_locked__seed_17,validation,boundary_f1_2s,0.2287796115921116,higher,available,,False
model_independent_aviation_simulation,simulated_maneuver_state_segmentation,causal_tcn_duration,physiology_only,17,simulation_g1_to_g2_clean_locked__seed_17,validation,edit_score,0.5389384920634921,higher,available,,False
model_independent_aviation_simulation,simulated_maneuver_state_segmentation,causal_tcn_duration,physiology_only,17,simulation_g1_to_g2_clean_locked__seed_17,validation,boundary_detection_delay_s,6.59330985915493,lower,available,,False
model_independent_aviation_simulation,simulated_future_workload_classification,linear,physiology_only,17,simulation_g1_to_g2_clean_locked__seed_17,held_out,macro_f1,0.34692460317460316,higher,available,,False
model_independent_aviation_simulation,simulated_future_workload_classification,linear,physiology_only,17,simulation_g1_to_g2_clean_locked__seed_17,held_out,balanced_accuracy,0.35816793181346185,higher,available,,False
model_independent_aviation_simulation,simulated_future_workload_classification,linear,physiology_only,17,simulation_g1_to_g2_clean_locked__seed_17,held_out,macro_auprc,0.3672209364425056,higher,available,,False
model_independent_aviation_simulation,simulated_future_workload_classification,linear,physiology_only,17,simulation_g1_to_g2_clean_locked__seed_17,held_out,brier_score,0.8640413250397648,lower,available,,False
model_independent_aviation_simulation,simulated_future_workload_classification,linear,physiology_only,17,simulation_g1_to_g2_clean_locked__seed_17,held_out,ece_10_bins,0.31363299745365064,lower,available,,False
model_independent_aviation_simulation,simulated_future_workload_regression,linear,physiology_only,17,simulation_g1_to_g2_clean_locked__seed_17,held_out,mae,0.23963586070264378,lower,available,,False
model_independent_aviation_simulation,simulated_future_workload_regression,linear,physiology_only,17,simulation_g1_to_g2_clean_locked__seed_17,held_out,rmse,0.27744926875534526,lower,available,,False
model_independent_aviation_simulation,simulated_future_workload_regression,linear,physiology_only,17,simulation_g1_to_g2_clean_locked__seed_17,held_out,spearman,0.23335485164447634,higher,available,,False
model_independent_aviation_simulation,simulated_future_workload_classification,minirocket,physiology_only,17,simulation_g1_to_g2_clean_locked__seed_17,held_out,macro_f1,0.41625966625966626,higher,available,,False
model_independent_aviation_simulation,simulated_future_workload_classification,minirocket,physiology_only,17,simulation_g1_to_g2_clean_locked__seed_17,held_out,balanced_accuracy,0.4420872167194341,higher,available,,False
model_independent_aviation_simulation,simulated_future_workload_classification,minirocket,physiology_only,17,simulation_g1_to_g2_clean_locked__seed_17,held_out,macro_auprc,0.41446638686854437,higher,available,,False
model_independent_aviation_simulation,simulated_future_workload_classification,minirocket,physiology_only,17,simulation_g1_to_g2_clean_locked__seed_17,held_out,brier_score,1.0009795365057481,lower,available,,False
model_independent_aviation_simulation,simulated_future_workload_classification,minirocket,physiology_only,17,simulation_g1_to_g2_clean_locked__seed_17,held_out,ece_10_bins,0.4293951680330189,lower,available,,False
model_independent_aviation_simulation,simulated_future_workload_regression,minirocket,physiology_only,17,simulation_g1_to_g2_clean_locked__seed_17,held_out,mae,0.23109010218953094,lower,available,,False
model_independent_aviation_simulation,simulated_future_workload_regression,minirocket,physiology_only,17,simulation_g1_to_g2_clean_locked__seed_17,held_out,rmse,0.2786043548902238,lower,available,,False
model_independent_aviation_simulation,simulated_future_workload_regression,minirocket,physiology_only,17,simulation_g1_to_g2_clean_locked__seed_17,held_out,spearman,0.2767172862683047,higher,available,,False
model_independent_aviation_simulation,simulated_maneuver_state_segmentation,causal_tcn_raw,physiology_only,17,simulation_g1_to_g2_clean_locked__seed_17,held_out,frame_macro_f1,0.26651199514421425,higher,available,,False
model_independent_aviation_simulation,simulated_maneuver_state_segmentation,causal_tcn_raw,physiology_only,17,simulation_g1_to_g2_clean_locked__seed_17,held_out,segmental_f1_iou_0.10,0.3270912194226339,higher,available,,False
model_independent_aviation_simulation,simulated_maneuver_state_segmentation,causal_tcn_raw,physiology_only,17,simulation_g1_to_g2_clean_locked__seed_17,held_out,segmental_f1_iou_0.25,0.25488877442002444,higher,available,,False
model_independent_aviation_simulation,simulated_maneuver_state_segmentation,causal_tcn_raw,physiology_only,17,simulation_g1_to_g2_clean_locked__seed_17,held_out,segmental_f1_iou_0.50,0.13106549122174124,higher,available,,False
model_independent_aviation_simulation,simulated_maneuver_state_segmentation,causal_tcn_raw,physiology_only,17,simulation_g1_to_g2_clean_locked__seed_17,held_out,boundary_f1_1s,0.12592314072093483,higher,available,,False
model_independent_aviation_simulation,simulated_maneuver_state_segmentation,causal_tcn_raw,physiology_only,17,simulation_g1_to_g2_clean_locked__seed_17,held_out,boundary_f1_2s,0.18261678408737234,higher,available,,False
model_independent_aviation_simulation,simulated_maneuver_state_segmentation,causal_tcn_raw,physiology_only,17,simulation_g1_to_g2_clean_locked__seed_17,held_out,edit_score,0.32059151785714285,higher,available,,False
model_independent_aviation_simulation,simulated_maneuver_state_segmentation,causal_tcn_raw,physiology_only,17,simulation_g1_to_g2_clean_locked__seed_17,held_out,boundary_detection_delay_s,5.681195175438597,lower,available,,False
model_independent_aviation_simulation,simulated_maneuver_state_segmentation,causal_tcn_duration,physiology_only,17,simulation_g1_to_g2_clean_locked__seed_17,held_out,frame_macro_f1,0.27900040045168967,higher,available,,False
model_independent_aviation_simulation,simulated_maneuver_state_segmentation,causal_tcn_duration,physiology_only,17,simulation_g1_to_g2_clean_locked__seed_17,held_out,segmental_f1_iou_0.10,0.4046558705795838,higher,available,,False
model_independent_aviation_simulation,simulated_maneuver_state_segmentation,causal_tcn_duration,physiology_only,17,simulation_g1_to_g2_clean_locked__seed_17,held_out,segmental_f1_iou_0.25,0.3002047185181376,higher,available,,False
model_independent_aviation_simulation,simulated_maneuver_state_segmentation,causal_tcn_duration,physiology_only,17,simulation_g1_to_g2_clean_locked__seed_17,held_out,segmental_f1_iou_0.50,0.16730040792540793,higher,available,,False
model_independent_aviation_simulation,simulated_maneuver_state_segmentation,causal_tcn_duration,physiology_only,17,simulation_g1_to_g2_clean_locked__seed_17,held_out,boundary_f1_1s,0.14677752802752803,higher,available,,False
model_independent_aviation_simulation,simulated_maneuver_state_segmentation,causal_tcn_duration,physiology_only,17,simulation_g1_to_g2_clean_locked__seed_17,held_out,boundary_f1_2s,0.19704968064343067,higher,available,,False
model_independent_aviation_simulation,simulated_maneuver_state_segmentation,causal_tcn_duration,physiology_only,17,simulation_g1_to_g2_clean_locked__seed_17,held_out,edit_score,0.5404003259472009,higher,available,,False
model_independent_aviation_simulation,simulated_maneuver_state_segmentation,causal_tcn_duration,physiology_only,17,simulation_g1_to_g2_clean_locked__seed_17,held_out,boundary_detection_delay_s,7.476585014409222,lower,available,,False
model_independent_aviation_simulation,simulated_future_workload_classification,linear,vehicle_only,17,simulation_g1_to_g2_clean_locked__seed_17,validation,macro_f1,0.5606509955907546,higher,available,,False
model_independent_aviation_simulation,simulated_future_workload_classification,linear,vehicle_only,17,simulation_g1_to_g2_clean_locked__seed_17,validation,balanced_accuracy,0.5805029005197214,higher,available,,False
model_independent_aviation_simulation,simulated_future_workload_classification,linear,vehicle_only,17,simulation_g1_to_g2_clean_locked__seed_17,validation,macro_auprc,0.5658764425324582,higher,available,,False
model_independent_aviation_simulation,simulated_future_workload_classification,linear,vehicle_only,17,simulation_g1_to_g2_clean_locked__seed_17,validation,brier_score,0.5482571983384216,lower,available,,False
model_independent_aviation_simulation,simulated_future_workload_classification,linear,vehicle_only,17,simulation_g1_to_g2_clean_locked__seed_17,validation,ece_10_bins,0.12400970178454677,lower,available,,False
model_independent_aviation_simulation,simulated_future_workload_regression,linear,vehicle_only,17,simulation_g1_to_g2_clean_locked__seed_17,validation,mae,0.12875545335312685,lower,available,,False
model_independent_aviation_simulation,simulated_future_workload_regression,linear,vehicle_only,17,simulation_g1_to_g2_clean_locked__seed_17,validation,rmse,0.15685684871784697,lower,available,,False
model_independent_aviation_simulation,simulated_future_workload_regression,linear,vehicle_only,17,simulation_g1_to_g2_clean_locked__seed_17,validation,spearman,0.6138090070537168,higher,available,,False
model_independent_aviation_simulation,simulated_future_workload_classification,minirocket,vehicle_only,17,simulation_g1_to_g2_clean_locked__seed_17,validation,macro_f1,0.6043290043290043,higher,available,,False
model_independent_aviation_simulation,simulated_future_workload_classification,minirocket,vehicle_only,17,simulation_g1_to_g2_clean_locked__seed_17,validation,balanced_accuracy,0.6167000927303703,higher,available,,False
model_independent_aviation_simulation,simulated_future_workload_classification,minirocket,vehicle_only,17,simulation_g1_to_g2_clean_locked__seed_17,validation,macro_auprc,0.6099438326613242,higher,available,,False
model_independent_aviation_simulation,simulated_future_workload_classification,minirocket,vehicle_only,17,simulation_g1_to_g2_clean_locked__seed_17,validation,brier_score,0.6985422708282818,lower,available,,False
model_independent_aviation_simulation,simulated_future_workload_classification,minirocket,vehicle_only,17,simulation_g1_to_g2_clean_locked__seed_17,validation,ece_10_bins,0.3246840209424833,lower,available,,False
model_independent_aviation_simulation,simulated_future_workload_regression,minirocket,vehicle_only,17,simulation_g1_to_g2_clean_locked__seed_17,validation,mae,0.10619057963291804,lower,available,,False
model_independent_aviation_simulation,simulated_future_workload_regression,minirocket,vehicle_only,17,simulation_g1_to_g2_clean_locked__seed_17,validation,rmse,0.13684582107121018,lower,available,,False
model_independent_aviation_simulation,simulated_future_workload_regression,minirocket,vehicle_only,17,simulation_g1_to_g2_clean_locked__seed_17,validation,spearman,0.7445876288659793,higher,available,,False
model_independent_aviation_simulation,simulated_maneuver_state_segmentation,causal_tcn_raw,vehicle_only,17,simulation_g1_to_g2_clean_locked__seed_17,validation,frame_macro_f1,0.6162629247830167,higher,available,,False
model_independent_aviation_simulation,simulated_maneuver_state_segmentation,causal_tcn_raw,vehicle_only,17,simulation_g1_to_g2_clean_locked__seed_17,validation,segmental_f1_iou_0.10,0.6338192401853392,higher,available,,False
model_independent_aviation_simulation,simulated_maneuver_state_segmentation,causal_tcn_raw,vehicle_only,17,simulation_g1_to_g2_clean_locked__seed_17,validation,segmental_f1_iou_0.25,0.5699364730735667,higher,available,,False
model_independent_aviation_simulation,simulated_maneuver_state_segmentation,causal_tcn_raw,vehicle_only,17,simulation_g1_to_g2_clean_locked__seed_17,validation,segmental_f1_iou_0.50,0.4241249661286426,higher,available,,False
model_independent_aviation_simulation,simulated_maneuver_state_segmentation,causal_tcn_raw,vehicle_only,17,simulation_g1_to_g2_clean_locked__seed_17,validation,boundary_f1_1s,0.27649040559257276,higher,available,,False
model_independent_aviation_simulation,simulated_maneuver_state_segmentation,causal_tcn_raw,vehicle_only,17,simulation_g1_to_g2_clean_locked__seed_17,validation,boundary_f1_2s,0.3515073629286091,higher,available,,False
model_independent_aviation_simulation,simulated_maneuver_state_segmentation,causal_tcn_raw,vehicle_only,17,simulation_g1_to_g2_clean_locked__seed_17,validation,edit_score,0.5161674407768159,higher,available,,False
model_independent_aviation_simulation,simulated_maneuver_state_segmentation,causal_tcn_raw,vehicle_only,17,simulation_g1_to_g2_clean_locked__seed_17,validation,boundary_detection_delay_s,2.4005681818181817,lower,available,,False
model_independent_aviation_simulation,simulated_maneuver_state_segmentation,causal_tcn_duration,vehicle_only,17,simulation_g1_to_g2_clean_locked__seed_17,validation,frame_macro_f1,0.6638432824290027,higher,available,,False
model_independent_aviation_simulation,simulated_maneuver_state_segmentation,causal_tcn_duration,vehicle_only,17,simulation_g1_to_g2_clean_locked__seed_17,validation,segmental_f1_iou_0.10,0.7697324666074666,higher,available,,False
model_independent_aviation_simulation,simulated_maneuver_state_segmentation,causal_tcn_duration,vehicle_only,17,simulation_g1_to_g2_clean_locked__seed_17,validation,segmental_f1_iou_0.25,0.7150813885188884,higher,available,,False
model_independent_aviation_simulation,simulated_maneuver_state_segmentation,causal_tcn_duration,vehicle_only,17,simulation_g1_to_g2_clean_locked__seed_17,validation,segmental_f1_iou_0.50,0.573897052022052,higher,available,,False
model_independent_aviation_simulation,simulated_maneuver_state_segmentation,causal_tcn_duration,vehicle_only,17,simulation_g1_to_g2_clean_locked__seed_17,validation,boundary_f1_1s,0.3338794307544308,higher,available,,False
model_independent_aviation_simulation,simulated_maneuver_state_segmentation,causal_tcn_duration,vehicle_only,17,simulation_g1_to_g2_clean_locked__seed_17,validation,boundary_f1_2s,0.45448249666999657,higher,available,,False
model_independent_aviation_simulation,simulated_maneuver_state_segmentation,causal_tcn_duration,vehicle_only,17,simulation_g1_to_g2_clean_locked__seed_17,validation,edit_score,0.7162863756613757,higher,available,,False
model_independent_aviation_simulation,simulated_maneuver_state_segmentation,causal_tcn_duration,vehicle_only,17,simulation_g1_to_g2_clean_locked__seed_17,validation,boundary_detection_delay_s,2.6436237373737375,lower,available,,False
model_independent_aviation_simulation,simulated_future_workload_classification,linear,vehicle_only,17,simulation_g1_to_g2_clean_locked__seed_17,held_out,macro_f1,0.46412326597607095,higher,available,,False
model_independent_aviation_simulation,simulated_future_workload_classification,linear,vehicle_only,17,simulation_g1_to_g2_clean_locked__seed_17,held_out,balanced_accuracy,0.45905756100041956,higher,available,,False
model_independent_aviation_simulation,simulated_future_workload_classification,linear,vehicle_only,17,simulation_g1_to_g2_clean_locked__seed_17,held_out,macro_auprc,0.513421580061551,higher,available,,False
model_independent_aviation_simulation,simulated_future_workload_classification,linear,vehicle_only,17,simulation_g1_to_g2_clean_locked__seed_17,held_out,brier_score,0.5421072216395331,lower,available,,False
model_independent_aviation_simulation,simulated_future_workload_classification,linear,vehicle_only,17,simulation_g1_to_g2_clean_locked__seed_17,held_out,ece_10_bins,0.13158100629868014,lower,available,,False
model_independent_aviation_simulation,simulated_future_workload_regression,linear,vehicle_only,17,simulation_g1_to_g2_clean_locked__seed_17,held_out,mae,0.20778780104592443,lower,available,,False
model_independent_aviation_simulation,simulated_future_workload_regression,linear,vehicle_only,17,simulation_g1_to_g2_clean_locked__seed_17,held_out,rmse,0.23464129386994045,lower,available,,False
model_independent_aviation_simulation,simulated_future_workload_regression,linear,vehicle_only,17,simulation_g1_to_g2_clean_locked__seed_17,held_out,spearman,0.4360717538893362,higher,available,,False
model_independent_aviation_simulation,simulated_future_workload_classification,minirocket,vehicle_only,17,simulation_g1_to_g2_clean_locked__seed_17,held_out,macro_f1,0.4486316945032541,higher,available,,False
model_independent_aviation_simulation,simulated_future_workload_classification,minirocket,vehicle_only,17,simulation_g1_to_g2_clean_locked__seed_17,held_out,balanced_accuracy,0.4650760147664035,higher,available,,False
model_independent_aviation_simulation,simulated_future_workload_classification,minirocket,vehicle_only,17,simulation_g1_to_g2_clean_locked__seed_17,held_out,macro_auprc,0.5067310184297013,higher,available,,False
model_independent_aviation_simulation,simulated_future_workload_classification,minirocket,vehicle_only,17,simulation_g1_to_g2_clean_locked__seed_17,held_out,brier_score,0.7035864782380953,lower,available,,False
model_independent_aviation_simulation,simulated_future_workload_classification,minirocket,vehicle_only,17,simulation_g1_to_g2_clean_locked__seed_17,held_out,ece_10_bins,0.334938999274798,lower,available,,False
model_independent_aviation_simulation,simulated_future_workload_regression,minirocket,vehicle_only,17,simulation_g1_to_g2_clean_locked__seed_17,held_out,mae,0.1714714391467472,lower,available,,False
model_independent_aviation_simulation,simulated_future_workload_regression,minirocket,vehicle_only,17,simulation_g1_to_g2_clean_locked__seed_17,held_out,rmse,0.20374820351826087,lower,available,,False
model_independent_aviation_simulation,simulated_future_workload_regression,minirocket,vehicle_only,17,simulation_g1_to_g2_clean_locked__seed_17,held_out,spearman,0.5897489478563673,higher,available,,False
model_independent_aviation_simulation,simulated_maneuver_state_segmentation,causal_tcn_raw,vehicle_only,17,simulation_g1_to_g2_clean_locked__seed_17,held_out,frame_macro_f1,0.31431063749968885,higher,available,,False
model_independent_aviation_simulation,simulated_maneuver_state_segmentation,causal_tcn_raw,vehicle_only,17,simulation_g1_to_g2_clean_locked__seed_17,held_out,segmental_f1_iou_0.10,0.3801929665138353,higher,available,,False
model_independent_aviation_simulation,simulated_maneuver_state_segmentation,causal_tcn_raw,vehicle_only,17,simulation_g1_to_g2_clean_locked__seed_17,held_out,segmental_f1_iou_0.25,0.2587253181365991,higher,available,,False
model_independent_aviation_simulation,simulated_maneuver_state_segmentation,causal_tcn_raw,vehicle_only,17,simulation_g1_to_g2_clean_locked__seed_17,held_out,segmental_f1_iou_0.50,0.15772783986309527,higher,available,,False
model_independent_aviation_simulation,simulated_maneuver_state_segmentation,causal_tcn_raw,vehicle_only,17,simulation_g1_to_g2_clean_locked__seed_17,held_out,boundary_f1_1s,0.2144067539143004,higher,available,,False
model_independent_aviation_simulation,simulated_maneuver_state_segmentation,causal_tcn_raw,vehicle_only,17,simulation_g1_to_g2_clean_locked__seed_17,held_out,boundary_f1_2s,0.31672611591946925,higher,available,,False
model_independent_aviation_simulation,simulated_maneuver_state_segmentation,causal_tcn_raw,vehicle_only,17,simulation_g1_to_g2_clean_locked__seed_17,held_out,edit_score,0.41045155994604526,higher,available,,False
model_independent_aviation_simulation,simulated_maneuver_state_segmentation,causal_tcn_raw,vehicle_only,17,simulation_g1_to_g2_clean_locked__seed_17,held_out,boundary_detection_delay_s,2.0925,lower,available,,False
model_independent_aviation_simulation,simulated_maneuver_state_segmentation,causal_tcn_duration,vehicle_only,17,simulation_g1_to_g2_clean_locked__seed_17,held_out,frame_macro_f1,0.3381171412888935,higher,available,,False
model_independent_aviation_simulation,simulated_maneuver_state_segmentation,causal_tcn_duration,vehicle_only,17,simulation_g1_to_g2_clean_locked__seed_17,held_out,segmental_f1_iou_0.10,0.500934602237562,higher,available,,False
model_independent_aviation_simulation,simulated_maneuver_state_segmentation,causal_tcn_duration,vehicle_only,17,simulation_g1_to_g2_clean_locked__seed_17,held_out,segmental_f1_iou_0.25,0.39094856050883525,higher,available,,False
model_independent_aviation_simulation,simulated_maneuver_state_segmentation,causal_tcn_duration,vehicle_only,17,simulation_g1_to_g2_clean_locked__seed_17,held_out,segmental_f1_iou_0.50,0.28550397955873963,higher,available,,False
model_independent_aviation_simulation,simulated_maneuver_state_segmentation,causal_tcn_duration,vehicle_only,17,simulation_g1_to_g2_clean_locked__seed_17,held_out,boundary_f1_1s,0.20939140565567615,higher,available,,False
model_independent_aviation_simulation,simulated_maneuver_state_segmentation,causal_tcn_duration,vehicle_only,17,simulation_g1_to_g2_clean_locked__seed_17,held_out,boundary_f1_2s,0.3409026313849262,higher,available,,False
model_independent_aviation_simulation,simulated_maneuver_state_segmentation,causal_tcn_duration,vehicle_only,17,simulation_g1_to_g2_clean_locked__seed_17,held_out,edit_score,0.5285524660524661,higher,available,,False
model_independent_aviation_simulation,simulated_maneuver_state_segmentation,causal_tcn_duration,vehicle_only,17,simulation_g1_to_g2_clean_locked__seed_17,held_out,boundary_detection_delay_s,2.3410247093023258,lower,available,,False
model_independent_aviation_simulation,simulated_future_workload_classification,linear,naive_time_sync,17,simulation_g1_to_g2_clean_locked__seed_17,validation,macro_f1,0.3261358524516419,higher,available,,False
model_independent_aviation_simulation,simulated_future_workload_classification,linear,naive_time_sync,17,simulation_g1_to_g2_clean_locked__seed_17,validation,balanced_accuracy,0.32467490457397946,higher,available,,False
model_independent_aviation_simulation,simulated_future_workload_classification,linear,naive_time_sync,17,simulation_g1_to_g2_clean_locked__seed_17,validation,macro_auprc,0.3755157101397206,higher,available,,False
model_independent_aviation_simulation,simulated_future_workload_classification,linear,naive_time_sync,17,simulation_g1_to_g2_clean_locked__seed_17,validation,brier_score,0.8645261244804945,lower,available,,False
model_independent_aviation_simulation,simulated_future_workload_classification,linear,naive_time_sync,17,simulation_g1_to_g2_clean_locked__seed_17,validation,ece_10_bins,0.330372554556431,lower,available,,False
model_independent_aviation_simulation,simulated_future_workload_regression,linear,naive_time_sync,17,simulation_g1_to_g2_clean_locked__seed_17,validation,mae,0.16935599129647017,lower,available,,False
model_independent_aviation_simulation,simulated_future_workload_regression,linear,naive_time_sync,17,simulation_g1_to_g2_clean_locked__seed_17,validation,rmse,0.1989367401410429,lower,available,,False
model_independent_aviation_simulation,simulated_future_workload_regression,linear,naive_time_sync,17,simulation_g1_to_g2_clean_locked__seed_17,validation,spearman,0.30699945740640255,higher,available,,False
model_independent_aviation_simulation,simulated_future_workload_classification,minirocket,naive_time_sync,17,simulation_g1_to_g2_clean_locked__seed_17,validation,macro_f1,0.5880114933682239,higher,available,,False
model_independent_aviation_simulation,simulated_future_workload_classification,minirocket,naive_time_sync,17,simulation_g1_to_g2_clean_locked__seed_17,validation,balanced_accuracy,0.5890211554635439,higher,available,,False
model_independent_aviation_simulation,simulated_future_workload_classification,minirocket,naive_time_sync,17,simulation_g1_to_g2_clean_locked__seed_17,validation,macro_auprc,0.600915491162751,higher,available,,False
model_independent_aviation_simulation,simulated_future_workload_classification,minirocket,naive_time_sync,17,simulation_g1_to_g2_clean_locked__seed_17,validation,brier_score,0.6931758322570031,lower,available,,False
model_independent_aviation_simulation,simulated_future_workload_classification,minirocket,naive_time_sync,17,simulation_g1_to_g2_clean_locked__seed_17,validation,ece_10_bins,0.3185950297090644,lower,available,,False
model_independent_aviation_simulation,simulated_future_workload_regression,minirocket,naive_time_sync,17,simulation_g1_to_g2_clean_locked__seed_17,validation,mae,0.09650645839671294,lower,available,,False
model_independent_aviation_simulation,simulated_future_workload_regression,minirocket,naive_time_sync,17,simulation_g1_to_g2_clean_locked__seed_17,validation,rmse,0.12226442727471565,lower,available,,False
model_independent_aviation_simulation,simulated_future_workload_regression,minirocket,naive_time_sync,17,simulation_g1_to_g2_clean_locked__seed_17,validation,spearman,0.8107026587086271,higher,available,,False
model_independent_aviation_simulation,simulated_maneuver_state_segmentation,causal_tcn_raw,naive_time_sync,17,simulation_g1_to_g2_clean_locked__seed_17,validation,frame_macro_f1,0.6771668541506957,higher,available,,False
model_independent_aviation_simulation,simulated_maneuver_state_segmentation,causal_tcn_raw,naive_time_sync,17,simulation_g1_to_g2_clean_locked__seed_17,validation,segmental_f1_iou_0.10,0.6063135533549199,higher,available,,False
model_independent_aviation_simulation,simulated_maneuver_state_segmentation,causal_tcn_raw,naive_time_sync,17,simulation_g1_to_g2_clean_locked__seed_17,validation,segmental_f1_iou_0.25,0.5706841684868044,higher,available,,False
model_independent_aviation_simulation,simulated_maneuver_state_segmentation,causal_tcn_raw,naive_time_sync,17,simulation_g1_to_g2_clean_locked__seed_17,validation,segmental_f1_iou_0.50,0.43211567288674324,higher,available,,False
model_independent_aviation_simulation,simulated_maneuver_state_segmentation,causal_tcn_raw,naive_time_sync,17,simulation_g1_to_g2_clean_locked__seed_17,validation,boundary_f1_1s,0.27493351215777684,higher,available,,False
model_independent_aviation_simulation,simulated_maneuver_state_segmentation,causal_tcn_raw,naive_time_sync,17,simulation_g1_to_g2_clean_locked__seed_17,validation,boundary_f1_2s,0.39918611141037613,higher,available,,False
model_independent_aviation_simulation,simulated_maneuver_state_segmentation,causal_tcn_raw,naive_time_sync,17,simulation_g1_to_g2_clean_locked__seed_17,validation,edit_score,0.4925275899782479,higher,available,,False
model_independent_aviation_simulation,simulated_maneuver_state_segmentation,causal_tcn_raw,naive_time_sync,17,simulation_g1_to_g2_clean_locked__seed_17,validation,boundary_detection_delay_s,2.298240291262136,lower,available,,False
model_independent_aviation_simulation,simulated_maneuver_state_segmentation,causal_tcn_duration,naive_time_sync,17,simulation_g1_to_g2_clean_locked__seed_17,validation,frame_macro_f1,0.7203540764145133,higher,available,,False
model_independent_aviation_simulation,simulated_maneuver_state_segmentation,causal_tcn_duration,naive_time_sync,17,simulation_g1_to_g2_clean_locked__seed_17,validation,segmental_f1_iou_0.10,0.7882582953717822,higher,available,,False
model_independent_aviation_simulation,simulated_maneuver_state_segmentation,causal_tcn_duration,naive_time_sync,17,simulation_g1_to_g2_clean_locked__seed_17,validation,segmental_f1_iou_0.25,0.7508286243483612,higher,available,,False
model_independent_aviation_simulation,simulated_maneuver_state_segmentation,causal_tcn_duration,naive_time_sync,17,simulation_g1_to_g2_clean_locked__seed_17,validation,segmental_f1_iou_0.50,0.6176021681778261,higher,available,,False
model_independent_aviation_simulation,simulated_maneuver_state_segmentation,causal_tcn_duration,naive_time_sync,17,simulation_g1_to_g2_clean_locked__seed_17,validation,boundary_f1_1s,0.31485057734090244,higher,available,,False
model_independent_aviation_simulation,simulated_maneuver_state_segmentation,causal_tcn_duration,naive_time_sync,17,simulation_g1_to_g2_clean_locked__seed_17,validation,boundary_f1_2s,0.4949673525863541,higher,available,,False
model_independent_aviation_simulation,simulated_maneuver_state_segmentation,causal_tcn_duration,naive_time_sync,17,simulation_g1_to_g2_clean_locked__seed_17,validation,edit_score,0.7254291137103638,higher,available,,False
model_independent_aviation_simulation,simulated_maneuver_state_segmentation,causal_tcn_duration,naive_time_sync,17,simulation_g1_to_g2_clean_locked__seed_17,validation,boundary_detection_delay_s,2.5923645320197046,lower,available,,False
model_independent_aviation_simulation,simulated_future_workload_classification,linear,naive_time_sync,17,simulation_g1_to_g2_clean_locked__seed_17,held_out,macro_f1,0.3445376318626199,higher,available,,False
model_independent_aviation_simulation,simulated_future_workload_classification,linear,naive_time_sync,17,simulation_g1_to_g2_clean_locked__seed_17,held_out,balanced_accuracy,0.35385329383193254,higher,available,,False
model_independent_aviation_simulation,simulated_future_workload_classification,linear,naive_time_sync,17,simulation_g1_to_g2_clean_locked__seed_17,held_out,macro_auprc,0.34416488996146,higher,available,,False
model_independent_aviation_simulation,simulated_future_workload_classification,linear,naive_time_sync,17,simulation_g1_to_g2_clean_locked__seed_17,held_out,brier_score,0.7614004385626707,lower,available,,False
model_independent_aviation_simulation,simulated_future_workload_classification,linear,naive_time_sync,17,simulation_g1_to_g2_clean_locked__seed_17,held_out,ece_10_bins,0.2650376308098245,lower,available,,False
model_independent_aviation_simulation,simulated_future_workload_regression,linear,naive_time_sync,17,simulation_g1_to_g2_clean_locked__seed_17,held_out,mae,0.2587157486317058,lower,available,,False
model_independent_aviation_simulation,simulated_future_workload_regression,linear,naive_time_sync,17,simulation_g1_to_g2_clean_locked__seed_17,held_out,rmse,0.2953386475702778,lower,available,,False
model_independent_aviation_simulation,simulated_future_workload_regression,linear,naive_time_sync,17,simulation_g1_to_g2_clean_locked__seed_17,held_out,spearman,0.1140490269922802,higher,available,,False
model_independent_aviation_simulation,simulated_future_workload_classification,minirocket,naive_time_sync,17,simulation_g1_to_g2_clean_locked__seed_17,held_out,macro_f1,0.3912903335050811,higher,available,,False
model_independent_aviation_simulation,simulated_future_workload_classification,minirocket,naive_time_sync,17,simulation_g1_to_g2_clean_locked__seed_17,held_out,balanced_accuracy,0.39152160921586326,higher,available,,False
model_independent_aviation_simulation,simulated_future_workload_classification,minirocket,naive_time_sync,17,simulation_g1_to_g2_clean_locked__seed_17,held_out,macro_auprc,0.44489845676208245,higher,available,,False
model_independent_aviation_simulation,simulated_future_workload_classification,minirocket,naive_time_sync,17,simulation_g1_to_g2_clean_locked__seed_17,held_out,brier_score,0.7429307329288305,lower,available,,False
model_independent_aviation_simulation,simulated_future_workload_classification,minirocket,naive_time_sync,17,simulation_g1_to_g2_clean_locked__seed_17,held_out,ece_10_bins,0.28243257111350084,lower,available,,False
model_independent_aviation_simulation,simulated_future_workload_regression,minirocket,naive_time_sync,17,simulation_g1_to_g2_clean_locked__seed_17,held_out,mae,0.15459241795664033,lower,available,,False
model_independent_aviation_simulation,simulated_future_workload_regression,minirocket,naive_time_sync,17,simulation_g1_to_g2_clean_locked__seed_17,held_out,rmse,0.18964578173531926,lower,available,,False
model_independent_aviation_simulation,simulated_future_workload_regression,minirocket,naive_time_sync,17,simulation_g1_to_g2_clean_locked__seed_17,held_out,spearman,0.5702578509692867,higher,available,,False
model_independent_aviation_simulation,simulated_maneuver_state_segmentation,causal_tcn_raw,naive_time_sync,17,simulation_g1_to_g2_clean_locked__seed_17,held_out,frame_macro_f1,0.38123910859325355,higher,available,,False
model_independent_aviation_simulation,simulated_maneuver_state_segmentation,causal_tcn_raw,naive_time_sync,17,simulation_g1_to_g2_clean_locked__seed_17,held_out,segmental_f1_iou_0.10,0.4241021890847427,higher,available,,False
model_independent_aviation_simulation,simulated_maneuver_state_segmentation,causal_tcn_raw,naive_time_sync,17,simulation_g1_to_g2_clean_locked__seed_17,held_out,segmental_f1_iou_0.25,0.3301869530254737,higher,available,,False
model_independent_aviation_simulation,simulated_maneuver_state_segmentation,causal_tcn_raw,naive_time_sync,17,simulation_g1_to_g2_clean_locked__seed_17,held_out,segmental_f1_iou_0.50,0.2089308920144476,higher,available,,False
model_independent_aviation_simulation,simulated_maneuver_state_segmentation,causal_tcn_raw,naive_time_sync,17,simulation_g1_to_g2_clean_locked__seed_17,held_out,boundary_f1_1s,0.24208126247373832,higher,available,,False
model_independent_aviation_simulation,simulated_maneuver_state_segmentation,causal_tcn_raw,naive_time_sync,17,simulation_g1_to_g2_clean_locked__seed_17,held_out,boundary_f1_2s,0.3166331740488339,higher,available,,False
model_independent_aviation_simulation,simulated_maneuver_state_segmentation,causal_tcn_raw,naive_time_sync,17,simulation_g1_to_g2_clean_locked__seed_17,held_out,edit_score,0.38892693695359454,higher,available,,False
model_independent_aviation_simulation,simulated_maneuver_state_segmentation,causal_tcn_raw,naive_time_sync,17,simulation_g1_to_g2_clean_locked__seed_17,held_out,boundary_detection_delay_s,2.144922879177378,lower,available,,False
model_independent_aviation_simulation,simulated_maneuver_state_segmentation,causal_tcn_duration,naive_time_sync,17,simulation_g1_to_g2_clean_locked__seed_17,held_out,frame_macro_f1,0.406169823834146,higher,available,,False
model_independent_aviation_simulation,simulated_maneuver_state_segmentation,causal_tcn_duration,naive_time_sync,17,simulation_g1_to_g2_clean_locked__seed_17,held_out,segmental_f1_iou_0.10,0.5085171613043277,higher,available,,False
model_independent_aviation_simulation,simulated_maneuver_state_segmentation,causal_tcn_duration,naive_time_sync,17,simulation_g1_to_g2_clean_locked__seed_17,held_out,segmental_f1_iou_0.25,0.42666167855069664,higher,available,,False
model_independent_aviation_simulation,simulated_maneuver_state_segmentation,causal_tcn_duration,naive_time_sync,17,simulation_g1_to_g2_clean_locked__seed_17,held_out,segmental_f1_iou_0.50,0.3064133360612425,higher,available,,False
model_independent_aviation_simulation,simulated_maneuver_state_segmentation,causal_tcn_duration,naive_time_sync,17,simulation_g1_to_g2_clean_locked__seed_17,held_out,boundary_f1_1s,0.21863346008372045,higher,available,,False
model_independent_aviation_simulation,simulated_maneuver_state_segmentation,causal_tcn_duration,naive_time_sync,17,simulation_g1_to_g2_clean_locked__seed_17,held_out,boundary_f1_2s,0.3042365182246685,higher,available,,False
model_independent_aviation_simulation,simulated_maneuver_state_segmentation,causal_tcn_duration,naive_time_sync,17,simulation_g1_to_g2_clean_locked__seed_17,held_out,edit_score,0.48517313048381644,higher,available,,False
model_independent_aviation_simulation,simulated_maneuver_state_segmentation,causal_tcn_duration,naive_time_sync,17,simulation_g1_to_g2_clean_locked__seed_17,held_out,boundary_detection_delay_s,2.593503937007874,lower,available,,False
model_independent_aviation_simulation,simulated_future_workload_classification,linear,mult,17,simulation_g1_to_g2_clean_locked__seed_17,validation,macro_f1,0.4881035896091748,higher,available,,False
model_independent_aviation_simulation,simulated_future_workload_classification,linear,mult,17,simulation_g1_to_g2_clean_locked__seed_17,validation,balanced_accuracy,0.4875353130189127,higher,available,,False
model_independent_aviation_simulation,simulated_future_workload_classification,linear,mult,17,simulation_g1_to_g2_clean_locked__seed_17,validation,macro_auprc,0.48525329125953726,higher,available,,False
model_independent_aviation_simulation,simulated_future_workload_classification,linear,mult,17,simulation_g1_to_g2_clean_locked__seed_17,validation,brier_score,0.7101054503611229,lower,available,,False
model_independent_aviation_simulation,simulated_future_workload_classification,linear,mult,17,simulation_g1_to_g2_clean_locked__seed_17,validation,ece_10_bins,0.2375235192134227,lower,available,,False
model_independent_aviation_simulation,simulated_future_workload_regression,linear,mult,17,simulation_g1_to_g2_clean_locked__seed_17,validation,mae,0.12987194334467253,lower,available,,False
model_independent_aviation_simulation,simulated_future_workload_regression,linear,mult,17,simulation_g1_to_g2_clean_locked__seed_17,validation,rmse,0.1644511506451874,lower,available,,False
model_independent_aviation_simulation,simulated_future_workload_regression,linear,mult,17,simulation_g1_to_g2_clean_locked__seed_17,validation,spearman,0.5863266413456322,higher,available,,False
model_independent_aviation_simulation,simulated_future_workload_classification,minirocket,mult,17,simulation_g1_to_g2_clean_locked__seed_17,validation,macro_f1,0.6078416078416078,higher,available,,False
model_independent_aviation_simulation,simulated_future_workload_classification,minirocket,mult,17,simulation_g1_to_g2_clean_locked__seed_17,validation,balanced_accuracy,0.6120851394190335,higher,available,,False
model_independent_aviation_simulation,simulated_future_workload_classification,minirocket,mult,17,simulation_g1_to_g2_clean_locked__seed_17,validation,macro_auprc,0.6561905291236094,higher,available,,False
model_independent_aviation_simulation,simulated_future_workload_classification,minirocket,mult,17,simulation_g1_to_g2_clean_locked__seed_17,validation,brier_score,0.6038352063968745,lower,available,,False
model_independent_aviation_simulation,simulated_future_workload_classification,minirocket,mult,17,simulation_g1_to_g2_clean_locked__seed_17,validation,ece_10_bins,0.2609394507608906,lower,available,,False
model_independent_aviation_simulation,simulated_future_workload_regression,minirocket,mult,17,simulation_g1_to_g2_clean_locked__seed_17,validation,mae,0.10526557452976704,lower,available,,False
model_independent_aviation_simulation,simulated_future_workload_regression,minirocket,mult,17,simulation_g1_to_g2_clean_locked__seed_17,validation,rmse,0.13067686241415907,lower,available,,False
model_independent_aviation_simulation,simulated_future_workload_regression,minirocket,mult,17,simulation_g1_to_g2_clean_locked__seed_17,validation,spearman,0.7685838307107976,higher,available,,False
model_independent_aviation_simulation,simulated_maneuver_state_segmentation,causal_tcn_raw,mult,17,simulation_g1_to_g2_clean_locked__seed_17,validation,frame_macro_f1,0.643303567550628,higher,available,,False
model_independent_aviation_simulation,simulated_maneuver_state_segmentation,causal_tcn_raw,mult,17,simulation_g1_to_g2_clean_locked__seed_17,validation,segmental_f1_iou_0.10,0.6247400520983145,higher,available,,False
model_independent_aviation_simulation,simulated_maneuver_state_segmentation,causal_tcn_raw,mult,17,simulation_g1_to_g2_clean_locked__seed_17,validation,segmental_f1_iou_0.25,0.5786569600133841,higher,available,,False
model_independent_aviation_simulation,simulated_maneuver_state_segmentation,causal_tcn_raw,mult,17,simulation_g1_to_g2_clean_locked__seed_17,validation,segmental_f1_iou_0.50,0.40978117393800445,higher,available,,False
model_independent_aviation_simulation,simulated_maneuver_state_segmentation,causal_tcn_raw,mult,17,simulation_g1_to_g2_clean_locked__seed_17,validation,boundary_f1_1s,0.3099619674987322,higher,available,,False
model_independent_aviation_simulation,simulated_maneuver_state_segmentation,causal_tcn_raw,mult,17,simulation_g1_to_g2_clean_locked__seed_17,validation,boundary_f1_2s,0.41346147724824195,higher,available,,False
model_independent_aviation_simulation,simulated_maneuver_state_segmentation,causal_tcn_raw,mult,17,simulation_g1_to_g2_clean_locked__seed_17,validation,edit_score,0.5102755462130463,higher,available,,False
model_independent_aviation_simulation,simulated_maneuver_state_segmentation,causal_tcn_raw,mult,17,simulation_g1_to_g2_clean_locked__seed_17,validation,boundary_detection_delay_s,2.6473214285714284,lower,available,,False
model_independent_aviation_simulation,simulated_maneuver_state_segmentation,causal_tcn_duration,mult,17,simulation_g1_to_g2_clean_locked__seed_17,validation,frame_macro_f1,0.6898604650833937,higher,available,,False
model_independent_aviation_simulation,simulated_maneuver_state_segmentation,causal_tcn_duration,mult,17,simulation_g1_to_g2_clean_locked__seed_17,validation,segmental_f1_iou_0.10,0.7776157010773884,higher,available,,False
model_independent_aviation_simulation,simulated_maneuver_state_segmentation,causal_tcn_duration,mult,17,simulation_g1_to_g2_clean_locked__seed_17,validation,segmental_f1_iou_0.25,0.7265613734605608,higher,available,,False
model_independent_aviation_simulation,simulated_maneuver_state_segmentation,causal_tcn_duration,mult,17,simulation_g1_to_g2_clean_locked__seed_17,validation,segmental_f1_iou_0.50,0.5845973993613313,higher,available,,False
model_independent_aviation_simulation,simulated_maneuver_state_segmentation,causal_tcn_duration,mult,17,simulation_g1_to_g2_clean_locked__seed_17,validation,boundary_f1_1s,0.3330481813937696,higher,available,,False
model_independent_aviation_simulation,simulated_maneuver_state_segmentation,causal_tcn_duration,mult,17,simulation_g1_to_g2_clean_locked__seed_17,validation,boundary_f1_2s,0.4795162762074527,higher,available,,False
model_independent_aviation_simulation,simulated_maneuver_state_segmentation,causal_tcn_duration,mult,17,simulation_g1_to_g2_clean_locked__seed_17,validation,edit_score,0.6989645337301588,higher,available,,False
model_independent_aviation_simulation,simulated_maneuver_state_segmentation,causal_tcn_duration,mult,17,simulation_g1_to_g2_clean_locked__seed_17,validation,boundary_detection_delay_s,3.0129716981132075,lower,available,,False
model_independent_aviation_simulation,simulated_future_workload_classification,linear,mult,17,simulation_g1_to_g2_clean_locked__seed_17,held_out,macro_f1,0.3987929475116183,higher,available,,False
model_independent_aviation_simulation,simulated_future_workload_classification,linear,mult,17,simulation_g1_to_g2_clean_locked__seed_17,held_out,balanced_accuracy,0.4010896791994609,higher,available,,False
model_independent_aviation_simulation,simulated_future_workload_classification,linear,mult,17,simulation_g1_to_g2_clean_locked__seed_17,held_out,macro_auprc,0.46207389757921447,higher,available,,False
model_independent_aviation_simulation,simulated_future_workload_classification,linear,mult,17,simulation_g1_to_g2_clean_locked__seed_17,held_out,brier_score,0.6078234669245622,lower,available,,False
model_independent_aviation_simulation,simulated_future_workload_classification,linear,mult,17,simulation_g1_to_g2_clean_locked__seed_17,held_out,ece_10_bins,0.22308630417277775,lower,available,,False
model_independent_aviation_simulation,simulated_future_workload_regression,linear,mult,17,simulation_g1_to_g2_clean_locked__seed_17,held_out,mae,0.2103620533210536,lower,available,,False
model_independent_aviation_simulation,simulated_future_workload_regression,linear,mult,17,simulation_g1_to_g2_clean_locked__seed_17,held_out,rmse,0.26138491212853643,lower,available,,False
model_independent_aviation_simulation,simulated_future_workload_regression,linear,mult,17,simulation_g1_to_g2_clean_locked__seed_17,held_out,spearman,0.35470371489696234,higher,available,,False
model_independent_aviation_simulation,simulated_future_workload_classification,minirocket,mult,17,simulation_g1_to_g2_clean_locked__seed_17,held_out,macro_f1,0.5245380480788698,higher,available,,False
model_independent_aviation_simulation,simulated_future_workload_classification,minirocket,mult,17,simulation_g1_to_g2_clean_locked__seed_17,held_out,balanced_accuracy,0.5602671854404279,higher,available,,False
model_independent_aviation_simulation,simulated_future_workload_classification,minirocket,mult,17,simulation_g1_to_g2_clean_locked__seed_17,held_out,macro_auprc,0.5662037628536041,higher,available,,False
model_independent_aviation_simulation,simulated_future_workload_classification,minirocket,mult,17,simulation_g1_to_g2_clean_locked__seed_17,held_out,brier_score,0.5521169812308453,lower,available,,False
model_independent_aviation_simulation,simulated_future_workload_classification,minirocket,mult,17,simulation_g1_to_g2_clean_locked__seed_17,held_out,ece_10_bins,0.20048533533343382,lower,available,,False
model_independent_aviation_simulation,simulated_future_workload_regression,minirocket,mult,17,simulation_g1_to_g2_clean_locked__seed_17,held_out,mae,0.16375883373742303,lower,available,,False
model_independent_aviation_simulation,simulated_future_workload_regression,minirocket,mult,17,simulation_g1_to_g2_clean_locked__seed_17,held_out,rmse,0.2035384976509268,lower,available,,False
model_independent_aviation_simulation,simulated_future_workload_regression,minirocket,mult,17,simulation_g1_to_g2_clean_locked__seed_17,held_out,spearman,0.6233344678838708,higher,available,,False
model_independent_aviation_simulation,simulated_maneuver_state_segmentation,causal_tcn_raw,mult,17,simulation_g1_to_g2_clean_locked__seed_17,held_out,frame_macro_f1,0.4385200006326337,higher,available,,False
model_independent_aviation_simulation,simulated_maneuver_state_segmentation,causal_tcn_raw,mult,17,simulation_g1_to_g2_clean_locked__seed_17,held_out,segmental_f1_iou_0.10,0.48111968848109526,higher,available,,False
model_independent_aviation_simulation,simulated_maneuver_state_segmentation,causal_tcn_raw,mult,17,simulation_g1_to_g2_clean_locked__seed_17,held_out,segmental_f1_iou_0.25,0.41478014401534136,higher,available,,False
model_independent_aviation_simulation,simulated_maneuver_state_segmentation,causal_tcn_raw,mult,17,simulation_g1_to_g2_clean_locked__seed_17,held_out,segmental_f1_iou_0.50,0.31077666734352105,higher,available,,False
model_independent_aviation_simulation,simulated_maneuver_state_segmentation,causal_tcn_raw,mult,17,simulation_g1_to_g2_clean_locked__seed_17,held_out,boundary_f1_1s,0.3228192780122927,higher,available,,False
model_independent_aviation_simulation,simulated_maneuver_state_segmentation,causal_tcn_raw,mult,17,simulation_g1_to_g2_clean_locked__seed_17,held_out,boundary_f1_2s,0.39196251307924107,higher,available,,False
model_independent_aviation_simulation,simulated_maneuver_state_segmentation,causal_tcn_raw,mult,17,simulation_g1_to_g2_clean_locked__seed_17,held_out,edit_score,0.47854156838531847,higher,available,,False
model_independent_aviation_simulation,simulated_maneuver_state_segmentation,causal_tcn_raw,mult,17,simulation_g1_to_g2_clean_locked__seed_17,held_out,boundary_detection_delay_s,1.3715277777777777,lower,available,,False
model_independent_aviation_simulation,simulated_maneuver_state_segmentation,causal_tcn_duration,mult,17,simulation_g1_to_g2_clean_locked__seed_17,held_out,frame_macro_f1,0.4548153404620817,higher,available,,False
model_independent_aviation_simulation,simulated_maneuver_state_segmentation,causal_tcn_duration,mult,17,simulation_g1_to_g2_clean_locked__seed_17,held_out,segmental_f1_iou_0.10,0.5869780169465629,higher,available,,False
model_independent_aviation_simulation,simulated_maneuver_state_segmentation,causal_tcn_duration,mult,17,simulation_g1_to_g2_clean_locked__seed_17,held_out,segmental_f1_iou_0.25,0.5071067871611982,higher,available,,False
model_independent_aviation_simulation,simulated_maneuver_state_segmentation,causal_tcn_duration,mult,17,simulation_g1_to_g2_clean_locked__seed_17,held_out,segmental_f1_iou_0.50,0.40286478560141115,higher,available,,False
model_independent_aviation_simulation,simulated_maneuver_state_segmentation,causal_tcn_duration,mult,17,simulation_g1_to_g2_clean_locked__seed_17,held_out,boundary_f1_1s,0.34014327865188926,higher,available,,False
model_independent_aviation_simulation,simulated_maneuver_state_segmentation,causal_tcn_duration,mult,17,simulation_g1_to_g2_clean_locked__seed_17,held_out,boundary_f1_2s,0.4387383355020739,higher,available,,False
model_independent_aviation_simulation,simulated_maneuver_state_segmentation,causal_tcn_duration,mult,17,simulation_g1_to_g2_clean_locked__seed_17,held_out,edit_score,0.5877513545482296,higher,available,,False
model_independent_aviation_simulation,simulated_maneuver_state_segmentation,causal_tcn_duration,mult,17,simulation_g1_to_g2_clean_locked__seed_17,held_out,boundary_detection_delay_s,1.5554577464788732,lower,available,,False
model_independent_aviation_simulation,simulated_future_workload_classification,linear,contiformer,17,simulation_g1_to_g2_clean_locked__seed_17,validation,macro_f1,0.5321637426900585,higher,available,,False
model_independent_aviation_simulation,simulated_future_workload_classification,linear,contiformer,17,simulation_g1_to_g2_clean_locked__seed_17,validation,balanced_accuracy,0.5268594595760282,higher,available,,False
model_independent_aviation_simulation,simulated_future_workload_classification,linear,contiformer,17,simulation_g1_to_g2_clean_locked__seed_17,validation,macro_auprc,0.5777345971520212,higher,available,,False
model_independent_aviation_simulation,simulated_future_workload_classification,linear,contiformer,17,simulation_g1_to_g2_clean_locked__seed_17,validation,brier_score,0.6392105694699184,lower,available,,False
model_independent_aviation_simulation,simulated_future_workload_classification,linear,contiformer,17,simulation_g1_to_g2_clean_locked__seed_17,validation,ece_10_bins,0.19151938920037215,lower,available,,False
model_independent_aviation_simulation,simulated_future_workload_regression,linear,contiformer,17,simulation_g1_to_g2_clean_locked__seed_17,validation,mae,0.12957586472233137,lower,available,,False
model_independent_aviation_simulation,simulated_future_workload_regression,linear,contiformer,17,simulation_g1_to_g2_clean_locked__seed_17,validation,rmse,0.16214447012612357,lower,available,,False
model_independent_aviation_simulation,simulated_future_workload_regression,linear,contiformer,17,simulation_g1_to_g2_clean_locked__seed_17,validation,spearman,0.5784725990233315,higher,available,,False
model_independent_aviation_simulation,simulated_future_workload_classification,minirocket,contiformer,17,simulation_g1_to_g2_clean_locked__seed_17,validation,macro_f1,0.5965334008097166,higher,available,,False
model_independent_aviation_simulation,simulated_future_workload_classification,minirocket,contiformer,17,simulation_g1_to_g2_clean_locked__seed_17,validation,balanced_accuracy,0.6027042763796339,higher,available,,False
model_independent_aviation_simulation,simulated_future_workload_classification,minirocket,contiformer,17,simulation_g1_to_g2_clean_locked__seed_17,validation,macro_auprc,0.597735812369466,higher,available,,False
model_independent_aviation_simulation,simulated_future_workload_classification,minirocket,contiformer,17,simulation_g1_to_g2_clean_locked__seed_17,validation,brier_score,0.691691380764864,lower,available,,False
model_independent_aviation_simulation,simulated_future_workload_classification,minirocket,contiformer,17,simulation_g1_to_g2_clean_locked__seed_17,validation,ece_10_bins,0.3246365925320417,lower,available,,False
model_independent_aviation_simulation,simulated_future_workload_regression,minirocket,contiformer,17,simulation_g1_to_g2_clean_locked__seed_17,validation,mae,0.10216900364806254,lower,available,,False
model_independent_aviation_simulation,simulated_future_workload_regression,minirocket,contiformer,17,simulation_g1_to_g2_clean_locked__seed_17,validation,rmse,0.12933503340755587,lower,available,,False
model_independent_aviation_simulation,simulated_future_workload_regression,minirocket,contiformer,17,simulation_g1_to_g2_clean_locked__seed_17,validation,spearman,0.7577048290830167,higher,available,,False
model_independent_aviation_simulation,simulated_maneuver_state_segmentation,causal_tcn_raw,contiformer,17,simulation_g1_to_g2_clean_locked__seed_17,validation,frame_macro_f1,0.6068658202180015,higher,available,,False
model_independent_aviation_simulation,simulated_maneuver_state_segmentation,causal_tcn_raw,contiformer,17,simulation_g1_to_g2_clean_locked__seed_17,validation,segmental_f1_iou_0.10,0.6559680039459451,higher,available,,False
model_independent_aviation_simulation,simulated_maneuver_state_segmentation,causal_tcn_raw,contiformer,17,simulation_g1_to_g2_clean_locked__seed_17,validation,segmental_f1_iou_0.25,0.5853411192565604,higher,available,,False
model_independent_aviation_simulation,simulated_maneuver_state_segmentation,causal_tcn_raw,contiformer,17,simulation_g1_to_g2_clean_locked__seed_17,validation,segmental_f1_iou_0.50,0.3897706834287717,higher,available,,False
model_independent_aviation_simulation,simulated_maneuver_state_segmentation,causal_tcn_raw,contiformer,17,simulation_g1_to_g2_clean_locked__seed_17,validation,boundary_f1_1s,0.30873651811151814,higher,available,,False
model_independent_aviation_simulation,simulated_maneuver_state_segmentation,causal_tcn_raw,contiformer,17,simulation_g1_to_g2_clean_locked__seed_17,validation,boundary_f1_2s,0.37411997724497725,higher,available,,False
model_independent_aviation_simulation,simulated_maneuver_state_segmentation,causal_tcn_raw,contiformer,17,simulation_g1_to_g2_clean_locked__seed_17,validation,edit_score,0.547422513828764,higher,available,,False
model_independent_aviation_simulation,simulated_maneuver_state_segmentation,causal_tcn_raw,contiformer,17,simulation_g1_to_g2_clean_locked__seed_17,validation,boundary_detection_delay_s,2.6941747572815533,lower,available,,False
model_independent_aviation_simulation,simulated_maneuver_state_segmentation,causal_tcn_duration,contiformer,17,simulation_g1_to_g2_clean_locked__seed_17,validation,frame_macro_f1,0.6561521638869083,higher,available,,False
model_independent_aviation_simulation,simulated_maneuver_state_segmentation,causal_tcn_duration,contiformer,17,simulation_g1_to_g2_clean_locked__seed_17,validation,segmental_f1_iou_0.10,0.7906105468605468,higher,available,,False
model_independent_aviation_simulation,simulated_maneuver_state_segmentation,causal_tcn_duration,contiformer,17,simulation_g1_to_g2_clean_locked__seed_17,validation,segmental_f1_iou_0.25,0.7342535936285937,higher,available,,False
model_independent_aviation_simulation,simulated_maneuver_state_segmentation,causal_tcn_duration,contiformer,17,simulation_g1_to_g2_clean_locked__seed_17,validation,segmental_f1_iou_0.50,0.5680885087135087,higher,available,,False
model_independent_aviation_simulation,simulated_maneuver_state_segmentation,causal_tcn_duration,contiformer,17,simulation_g1_to_g2_clean_locked__seed_17,validation,boundary_f1_1s,0.3552541786916787,higher,available,,False
model_independent_aviation_simulation,simulated_maneuver_state_segmentation,causal_tcn_duration,contiformer,17,simulation_g1_to_g2_clean_locked__seed_17,validation,boundary_f1_2s,0.456172588985089,higher,available,,False
model_independent_aviation_simulation,simulated_maneuver_state_segmentation,causal_tcn_duration,contiformer,17,simulation_g1_to_g2_clean_locked__seed_17,validation,edit_score,0.7605282738095238,higher,available,,False
model_independent_aviation_simulation,simulated_maneuver_state_segmentation,causal_tcn_duration,contiformer,17,simulation_g1_to_g2_clean_locked__seed_17,validation,boundary_detection_delay_s,2.8432881773399017,lower,available,,False
model_independent_aviation_simulation,simulated_future_workload_classification,linear,contiformer,17,simulation_g1_to_g2_clean_locked__seed_17,held_out,macro_f1,0.43970825326757534,higher,available,,False
model_independent_aviation_simulation,simulated_future_workload_classification,linear,contiformer,17,simulation_g1_to_g2_clean_locked__seed_17,held_out,balanced_accuracy,0.4377280760868183,higher,available,,False
model_independent_aviation_simulation,simulated_future_workload_classification,linear,contiformer,17,simulation_g1_to_g2_clean_locked__seed_17,held_out,macro_auprc,0.4182868157251051,higher,available,,False
model_independent_aviation_simulation,simulated_future_workload_classification,linear,contiformer,17,simulation_g1_to_g2_clean_locked__seed_17,held_out,brier_score,0.6508678826703344,lower,available,,False
model_independent_aviation_simulation,simulated_future_workload_classification,linear,contiformer,17,simulation_g1_to_g2_clean_locked__seed_17,held_out,ece_10_bins,0.19836654157747913,lower,available,,False
model_independent_aviation_simulation,simulated_future_workload_regression,linear,contiformer,17,simulation_g1_to_g2_clean_locked__seed_17,held_out,mae,0.2002717824652791,lower,available,,False
model_independent_aviation_simulation,simulated_future_workload_regression,linear,contiformer,17,simulation_g1_to_g2_clean_locked__seed_17,held_out,rmse,0.23781752232115713,lower,available,,False
model_independent_aviation_simulation,simulated_future_workload_regression,linear,contiformer,17,simulation_g1_to_g2_clean_locked__seed_17,held_out,spearman,0.1956501927958905,higher,available,,False
model_independent_aviation_simulation,simulated_future_workload_classification,minirocket,contiformer,17,simulation_g1_to_g2_clean_locked__seed_17,held_out,macro_f1,0.5012421958344295,higher,available,,False
model_independent_aviation_simulation,simulated_future_workload_classification,minirocket,contiformer,17,simulation_g1_to_g2_clean_locked__seed_17,held_out,balanced_accuracy,0.5063363298451732,higher,available,,False
model_independent_aviation_simulation,simulated_future_workload_classification,minirocket,contiformer,17,simulation_g1_to_g2_clean_locked__seed_17,held_out,macro_auprc,0.5288594971542847,higher,available,,False
model_independent_aviation_simulation,simulated_future_workload_classification,minirocket,contiformer,17,simulation_g1_to_g2_clean_locked__seed_17,held_out,brier_score,0.7574443843556752,lower,available,,False
model_independent_aviation_simulation,simulated_future_workload_classification,minirocket,contiformer,17,simulation_g1_to_g2_clean_locked__seed_17,held_out,ece_10_bins,0.32529808806324045,lower,available,,False
model_independent_aviation_simulation,simulated_future_workload_regression,minirocket,contiformer,17,simulation_g1_to_g2_clean_locked__seed_17,held_out,mae,0.1669461865288516,lower,available,,False
model_independent_aviation_simulation,simulated_future_workload_regression,minirocket,contiformer,17,simulation_g1_to_g2_clean_locked__seed_17,held_out,rmse,0.20200858762672627,lower,available,,False
model_independent_aviation_simulation,simulated_future_workload_regression,minirocket,contiformer,17,simulation_g1_to_g2_clean_locked__seed_17,held_out,spearman,0.5902821724537043,higher,available,,False
model_independent_aviation_simulation,simulated_maneuver_state_segmentation,causal_tcn_raw,contiformer,17,simulation_g1_to_g2_clean_locked__seed_17,held_out,frame_macro_f1,0.311926232977395,higher,available,,False
model_independent_aviation_simulation,simulated_maneuver_state_segmentation,causal_tcn_raw,contiformer,17,simulation_g1_to_g2_clean_locked__seed_17,held_out,segmental_f1_iou_0.10,0.44725624070631814,higher,available,,False
model_independent_aviation_simulation,simulated_maneuver_state_segmentation,causal_tcn_raw,contiformer,17,simulation_g1_to_g2_clean_locked__seed_17,held_out,segmental_f1_iou_0.25,0.3117698719624029,higher,available,,False
model_independent_aviation_simulation,simulated_maneuver_state_segmentation,causal_tcn_raw,contiformer,17,simulation_g1_to_g2_clean_locked__seed_17,held_out,segmental_f1_iou_0.50,0.19128830150864787,higher,available,,False
model_independent_aviation_simulation,simulated_maneuver_state_segmentation,causal_tcn_raw,contiformer,17,simulation_g1_to_g2_clean_locked__seed_17,held_out,boundary_f1_1s,0.21687416188794864,higher,available,,False
model_independent_aviation_simulation,simulated_maneuver_state_segmentation,causal_tcn_raw,contiformer,17,simulation_g1_to_g2_clean_locked__seed_17,held_out,boundary_f1_2s,0.31494922476080567,higher,available,,False
model_independent_aviation_simulation,simulated_maneuver_state_segmentation,causal_tcn_raw,contiformer,17,simulation_g1_to_g2_clean_locked__seed_17,held_out,edit_score,0.4363800479034854,higher,available,,False
model_independent_aviation_simulation,simulated_maneuver_state_segmentation,causal_tcn_raw,contiformer,17,simulation_g1_to_g2_clean_locked__seed_17,held_out,boundary_detection_delay_s,2.7053824362606234,lower,available,,False
model_independent_aviation_simulation,simulated_maneuver_state_segmentation,causal_tcn_duration,contiformer,17,simulation_g1_to_g2_clean_locked__seed_17,held_out,frame_macro_f1,0.3266073650405788,higher,available,,False
model_independent_aviation_simulation,simulated_maneuver_state_segmentation,causal_tcn_duration,contiformer,17,simulation_g1_to_g2_clean_locked__seed_17,held_out,segmental_f1_iou_0.10,0.5217663345408604,higher,available,,False
model_independent_aviation_simulation,simulated_maneuver_state_segmentation,causal_tcn_duration,contiformer,17,simulation_g1_to_g2_clean_locked__seed_17,held_out,segmental_f1_iou_0.25,0.3851145872370234,higher,available,,False
model_independent_aviation_simulation,simulated_maneuver_state_segmentation,causal_tcn_duration,contiformer,17,simulation_g1_to_g2_clean_locked__seed_17,held_out,segmental_f1_iou_0.50,0.2716091456864,higher,available,,False
model_independent_aviation_simulation,simulated_maneuver_state_segmentation,causal_tcn_duration,contiformer,17,simulation_g1_to_g2_clean_locked__seed_17,held_out,boundary_f1_1s,0.17630919615729987,higher,available,,False
model_independent_aviation_simulation,simulated_maneuver_state_segmentation,causal_tcn_duration,contiformer,17,simulation_g1_to_g2_clean_locked__seed_17,held_out,boundary_f1_2s,0.3028552467842328,higher,available,,False
model_independent_aviation_simulation,simulated_maneuver_state_segmentation,causal_tcn_duration,contiformer,17,simulation_g1_to_g2_clean_locked__seed_17,held_out,edit_score,0.5117831782698511,higher,available,,False
model_independent_aviation_simulation,simulated_maneuver_state_segmentation,causal_tcn_duration,contiformer,17,simulation_g1_to_g2_clean_locked__seed_17,held_out,boundary_detection_delay_s,2.9603794642857144,lower,available,,False
model_independent_aviation_simulation,simulated_future_workload_classification,linear,chronaris,17,simulation_g1_to_g2_clean_locked__seed_17,validation,macro_f1,0.5039567517828387,higher,available,,False
model_independent_aviation_simulation,simulated_future_workload_classification,linear,chronaris,17,simulation_g1_to_g2_clean_locked__seed_17,validation,balanced_accuracy,0.5045071272993896,higher,available,,False
model_independent_aviation_simulation,simulated_future_workload_classification,linear,chronaris,17,simulation_g1_to_g2_clean_locked__seed_17,validation,macro_auprc,0.556458384776929,higher,available,,False
model_independent_aviation_simulation,simulated_future_workload_classification,linear,chronaris,17,simulation_g1_to_g2_clean_locked__seed_17,validation,brier_score,0.6507208123581447,lower,available,,False
model_independent_aviation_simulation,simulated_future_workload_classification,linear,chronaris,17,simulation_g1_to_g2_clean_locked__seed_17,validation,ece_10_bins,0.26586859869028745,lower,available,,False
model_independent_aviation_simulation,simulated_future_workload_regression,linear,chronaris,17,simulation_g1_to_g2_clean_locked__seed_17,validation,mae,0.12030277245988448,lower,available,,False
model_independent_aviation_simulation,simulated_future_workload_regression,linear,chronaris,17,simulation_g1_to_g2_clean_locked__seed_17,validation,rmse,0.14900604714499818,lower,available,,False
model_independent_aviation_simulation,simulated_future_workload_regression,linear,chronaris,17,simulation_g1_to_g2_clean_locked__seed_17,validation,spearman,0.6413185024416712,higher,available,,False
model_independent_aviation_simulation,simulated_future_workload_classification,minirocket,chronaris,17,simulation_g1_to_g2_clean_locked__seed_17,validation,macro_f1,0.6223185011709601,higher,available,,False
model_independent_aviation_simulation,simulated_future_workload_classification,minirocket,chronaris,17,simulation_g1_to_g2_clean_locked__seed_17,validation,balanced_accuracy,0.6249056522395463,higher,available,,False
model_independent_aviation_simulation,simulated_future_workload_classification,minirocket,chronaris,17,simulation_g1_to_g2_clean_locked__seed_17,validation,macro_auprc,0.644929489096202,higher,available,,False
model_independent_aviation_simulation,simulated_future_workload_classification,minirocket,chronaris,17,simulation_g1_to_g2_clean_locked__seed_17,validation,brier_score,0.6412320110186981,lower,available,,False
model_independent_aviation_simulation,simulated_future_workload_classification,minirocket,chronaris,17,simulation_g1_to_g2_clean_locked__seed_17,validation,ece_10_bins,0.25738141090534183,lower,available,,False
model_independent_aviation_simulation,simulated_future_workload_regression,minirocket,chronaris,17,simulation_g1_to_g2_clean_locked__seed_17,validation,mae,0.10518347689261039,lower,available,,False
model_independent_aviation_simulation,simulated_future_workload_regression,minirocket,chronaris,17,simulation_g1_to_g2_clean_locked__seed_17,validation,rmse,0.13530080328069374,lower,available,,False
model_independent_aviation_simulation,simulated_future_workload_regression,minirocket,chronaris,17,simulation_g1_to_g2_clean_locked__seed_17,validation,spearman,0.7326234400434075,higher,available,,False
model_independent_aviation_simulation,simulated_maneuver_state_segmentation,causal_tcn_raw,chronaris,17,simulation_g1_to_g2_clean_locked__seed_17,validation,frame_macro_f1,0.6347864290025225,higher,available,,False
model_independent_aviation_simulation,simulated_maneuver_state_segmentation,causal_tcn_raw,chronaris,17,simulation_g1_to_g2_clean_locked__seed_17,validation,segmental_f1_iou_0.10,0.6276536910873212,higher,available,,False
model_independent_aviation_simulation,simulated_maneuver_state_segmentation,causal_tcn_raw,chronaris,17,simulation_g1_to_g2_clean_locked__seed_17,validation,segmental_f1_iou_0.25,0.550972553364678,higher,available,,False
model_independent_aviation_simulation,simulated_maneuver_state_segmentation,causal_tcn_raw,chronaris,17,simulation_g1_to_g2_clean_locked__seed_17,validation,segmental_f1_iou_0.50,0.4199766621085313,higher,available,,False
model_independent_aviation_simulation,simulated_maneuver_state_segmentation,causal_tcn_raw,chronaris,17,simulation_g1_to_g2_clean_locked__seed_17,validation,boundary_f1_1s,0.2969366719487656,higher,available,,False
model_independent_aviation_simulation,simulated_maneuver_state_segmentation,causal_tcn_raw,chronaris,17,simulation_g1_to_g2_clean_locked__seed_17,validation,boundary_f1_2s,0.3902307706197025,higher,available,,False
model_independent_aviation_simulation,simulated_maneuver_state_segmentation,causal_tcn_raw,chronaris,17,simulation_g1_to_g2_clean_locked__seed_17,validation,edit_score,0.524461552093131,higher,available,,False
model_independent_aviation_simulation,simulated_maneuver_state_segmentation,causal_tcn_raw,chronaris,17,simulation_g1_to_g2_clean_locked__seed_17,validation,boundary_detection_delay_s,3.068871359223301,lower,available,,False
model_independent_aviation_simulation,simulated_maneuver_state_segmentation,causal_tcn_duration,chronaris,17,simulation_g1_to_g2_clean_locked__seed_17,validation,frame_macro_f1,0.6681044527051205,higher,available,,False
model_independent_aviation_simulation,simulated_maneuver_state_segmentation,causal_tcn_duration,chronaris,17,simulation_g1_to_g2_clean_locked__seed_17,validation,segmental_f1_iou_0.10,0.8014665889665888,higher,available,,False
model_independent_aviation_simulation,simulated_maneuver_state_segmentation,causal_tcn_duration,chronaris,17,simulation_g1_to_g2_clean_locked__seed_17,validation,segmental_f1_iou_0.25,0.7354658073408075,higher,available,,False
model_independent_aviation_simulation,simulated_maneuver_state_segmentation,causal_tcn_duration,chronaris,17,simulation_g1_to_g2_clean_locked__seed_17,validation,segmental_f1_iou_0.50,0.6106953231953233,higher,available,,False
model_independent_aviation_simulation,simulated_maneuver_state_segmentation,causal_tcn_duration,chronaris,17,simulation_g1_to_g2_clean_locked__seed_17,validation,boundary_f1_1s,0.36792854136604136,higher,available,,False
model_independent_aviation_simulation,simulated_maneuver_state_segmentation,causal_tcn_duration,chronaris,17,simulation_g1_to_g2_clean_locked__seed_17,validation,boundary_f1_2s,0.4849522005772006,higher,available,,False
model_independent_aviation_simulation,simulated_maneuver_state_segmentation,causal_tcn_duration,chronaris,17,simulation_g1_to_g2_clean_locked__seed_17,validation,edit_score,0.7622602513227514,higher,available,,False
model_independent_aviation_simulation,simulated_maneuver_state_segmentation,causal_tcn_duration,chronaris,17,simulation_g1_to_g2_clean_locked__seed_17,validation,boundary_detection_delay_s,3.2998143564356437,lower,available,,False
model_independent_aviation_simulation,simulated_future_workload_classification,linear,chronaris,17,simulation_g1_to_g2_clean_locked__seed_17,held_out,macro_f1,0.5098391732403841,higher,available,,False
model_independent_aviation_simulation,simulated_future_workload_classification,linear,chronaris,17,simulation_g1_to_g2_clean_locked__seed_17,held_out,balanced_accuracy,0.5083283532747593,higher,available,,False
model_independent_aviation_simulation,simulated_future_workload_classification,linear,chronaris,17,simulation_g1_to_g2_clean_locked__seed_17,held_out,macro_auprc,0.5475018413465733,higher,available,,False
model_independent_aviation_simulation,simulated_future_workload_classification,linear,chronaris,17,simulation_g1_to_g2_clean_locked__seed_17,held_out,brier_score,0.5233585393458364,lower,available,,False
model_independent_aviation_simulation,simulated_future_workload_classification,linear,chronaris,17,simulation_g1_to_g2_clean_locked__seed_17,held_out,ece_10_bins,0.154364854581423,lower,available,,False
model_independent_aviation_simulation,simulated_future_workload_regression,linear,chronaris,17,simulation_g1_to_g2_clean_locked__seed_17,held_out,mae,0.1460439901178082,lower,available,,False
model_independent_aviation_simulation,simulated_future_workload_regression,linear,chronaris,17,simulation_g1_to_g2_clean_locked__seed_17,held_out,rmse,0.18555737910250622,lower,available,,False
model_independent_aviation_simulation,simulated_future_workload_regression,linear,chronaris,17,simulation_g1_to_g2_clean_locked__seed_17,held_out,spearman,0.573988727682928,higher,available,,False
model_independent_aviation_simulation,simulated_future_workload_classification,minirocket,chronaris,17,simulation_g1_to_g2_clean_locked__seed_17,held_out,macro_f1,0.47997997997998,higher,available,,False
model_independent_aviation_simulation,simulated_future_workload_classification,minirocket,chronaris,17,simulation_g1_to_g2_clean_locked__seed_17,held_out,balanced_accuracy,0.46886509763033973,higher,available,,False
model_independent_aviation_simulation,simulated_future_workload_classification,minirocket,chronaris,17,simulation_g1_to_g2_clean_locked__seed_17,held_out,macro_auprc,0.5326510706961872,higher,available,,False
model_independent_aviation_simulation,simulated_future_workload_classification,minirocket,chronaris,17,simulation_g1_to_g2_clean_locked__seed_17,held_out,brier_score,0.5931417660649587,lower,available,,False
model_independent_aviation_simulation,simulated_future_workload_classification,minirocket,chronaris,17,simulation_g1_to_g2_clean_locked__seed_17,held_out,ece_10_bins,0.2391732614778559,lower,available,,False
model_independent_aviation_simulation,simulated_future_workload_regression,minirocket,chronaris,17,simulation_g1_to_g2_clean_locked__seed_17,held_out,mae,0.1745687002936999,lower,available,,False
model_independent_aviation_simulation,simulated_future_workload_regression,minirocket,chronaris,17,simulation_g1_to_g2_clean_locked__seed_17,held_out,rmse,0.20062858473174128,lower,available,,False
model_independent_aviation_simulation,simulated_future_workload_regression,minirocket,chronaris,17,simulation_g1_to_g2_clean_locked__seed_17,held_out,spearman,0.5874303957518889,higher,available,,False
model_independent_aviation_simulation,simulated_maneuver_state_segmentation,causal_tcn_raw,chronaris,17,simulation_g1_to_g2_clean_locked__seed_17,held_out,frame_macro_f1,0.4547082237957376,higher,available,,False
model_independent_aviation_simulation,simulated_maneuver_state_segmentation,causal_tcn_raw,chronaris,17,simulation_g1_to_g2_clean_locked__seed_17,held_out,segmental_f1_iou_0.10,0.507745439609955,higher,available,,False
model_independent_aviation_simulation,simulated_maneuver_state_segmentation,causal_tcn_raw,chronaris,17,simulation_g1_to_g2_clean_locked__seed_17,held_out,segmental_f1_iou_0.25,0.43963552749728546,higher,available,,False
model_independent_aviation_simulation,simulated_maneuver_state_segmentation,causal_tcn_raw,chronaris,17,simulation_g1_to_g2_clean_locked__seed_17,held_out,segmental_f1_iou_0.50,0.2953112391761289,higher,available,,False
model_independent_aviation_simulation,simulated_maneuver_state_segmentation,causal_tcn_raw,chronaris,17,simulation_g1_to_g2_clean_locked__seed_17,held_out,boundary_f1_1s,0.23673310362309977,higher,available,,False
model_independent_aviation_simulation,simulated_maneuver_state_segmentation,causal_tcn_raw,chronaris,17,simulation_g1_to_g2_clean_locked__seed_17,held_out,boundary_f1_2s,0.34678307861478336,higher,available,,False
model_independent_aviation_simulation,simulated_maneuver_state_segmentation,causal_tcn_raw,chronaris,17,simulation_g1_to_g2_clean_locked__seed_17,held_out,edit_score,0.528012724186897,higher,available,,False
model_independent_aviation_simulation,simulated_maneuver_state_segmentation,causal_tcn_raw,chronaris,17,simulation_g1_to_g2_clean_locked__seed_17,held_out,boundary_detection_delay_s,2.223189415041783,lower,available,,False
model_independent_aviation_simulation,simulated_maneuver_state_segmentation,causal_tcn_duration,chronaris,17,simulation_g1_to_g2_clean_locked__seed_17,held_out,frame_macro_f1,0.46893153198977655,higher,available,,False
model_independent_aviation_simulation,simulated_maneuver_state_segmentation,causal_tcn_duration,chronaris,17,simulation_g1_to_g2_clean_locked__seed_17,held_out,segmental_f1_iou_0.10,0.6222518222518223,higher,available,,False
model_independent_aviation_simulation,simulated_maneuver_state_segmentation,causal_tcn_duration,chronaris,17,simulation_g1_to_g2_clean_locked__seed_17,held_out,segmental_f1_iou_0.25,0.5563456568281936,higher,available,,False
model_independent_aviation_simulation,simulated_maneuver_state_segmentation,causal_tcn_duration,chronaris,17,simulation_g1_to_g2_clean_locked__seed_17,held_out,segmental_f1_iou_0.50,0.41863263370616305,higher,available,,False
model_independent_aviation_simulation,simulated_maneuver_state_segmentation,causal_tcn_duration,chronaris,17,simulation_g1_to_g2_clean_locked__seed_17,held_out,boundary_f1_1s,0.23026855271921062,higher,available,,False
model_independent_aviation_simulation,simulated_maneuver_state_segmentation,causal_tcn_duration,chronaris,17,simulation_g1_to_g2_clean_locked__seed_17,held_out,boundary_f1_2s,0.3612606219925299,higher,available,,False
model_independent_aviation_simulation,simulated_maneuver_state_segmentation,causal_tcn_duration,chronaris,17,simulation_g1_to_g2_clean_locked__seed_17,held_out,edit_score,0.5951520918317793,higher,available,,False
model_independent_aviation_simulation,simulated_maneuver_state_segmentation,causal_tcn_duration,chronaris,17,simulation_g1_to_g2_clean_locked__seed_17,held_out,boundary_detection_delay_s,2.402173913043478,lower,available,,False
model_independent_aviation_simulation,simulated_future_workload_classification,linear,physiology_only,29,simulation_g1_to_g2_clean_locked__seed_29,validation,macro_f1,0.35214970695178355,higher,available,,False
model_independent_aviation_simulation,simulated_future_workload_classification,linear,physiology_only,29,simulation_g1_to_g2_clean_locked__seed_29,validation,balanced_accuracy,0.3676759181384917,higher,available,,False
model_independent_aviation_simulation,simulated_future_workload_classification,linear,physiology_only,29,simulation_g1_to_g2_clean_locked__seed_29,validation,macro_auprc,0.3969270089312706,higher,available,,False
model_independent_aviation_simulation,simulated_future_workload_classification,linear,physiology_only,29,simulation_g1_to_g2_clean_locked__seed_29,validation,brier_score,0.8105100013523568,lower,available,,False
model_independent_aviation_simulation,simulated_future_workload_classification,linear,physiology_only,29,simulation_g1_to_g2_clean_locked__seed_29,validation,ece_10_bins,0.30170220557284105,lower,available,,False
model_independent_aviation_simulation,simulated_future_workload_regression,linear,physiology_only,29,simulation_g1_to_g2_clean_locked__seed_29,validation,mae,0.17207406957944235,lower,available,,False
model_independent_aviation_simulation,simulated_future_workload_regression,linear,physiology_only,29,simulation_g1_to_g2_clean_locked__seed_29,validation,rmse,0.2027707896179125,lower,available,,False
model_independent_aviation_simulation,simulated_future_workload_regression,linear,physiology_only,29,simulation_g1_to_g2_clean_locked__seed_29,validation,spearman,0.2843326098752035,higher,available,,False
model_independent_aviation_simulation,simulated_future_workload_classification,minirocket,physiology_only,29,simulation_g1_to_g2_clean_locked__seed_29,validation,macro_f1,0.43022486772486773,higher,available,,False
model_independent_aviation_simulation,simulated_future_workload_classification,minirocket,physiology_only,29,simulation_g1_to_g2_clean_locked__seed_29,validation,balanced_accuracy,0.4427336050548834,higher,available,,False
model_independent_aviation_simulation,simulated_future_workload_classification,minirocket,physiology_only,29,simulation_g1_to_g2_clean_locked__seed_29,validation,macro_auprc,0.5201529998668983,higher,available,,False
model_independent_aviation_simulation,simulated_future_workload_classification,minirocket,physiology_only,29,simulation_g1_to_g2_clean_locked__seed_29,validation,brier_score,0.7872482871997059,lower,available,,False
model_independent_aviation_simulation,simulated_future_workload_classification,minirocket,physiology_only,29,simulation_g1_to_g2_clean_locked__seed_29,validation,ece_10_bins,0.3726661302326366,lower,available,,False
model_independent_aviation_simulation,simulated_future_workload_regression,minirocket,physiology_only,29,simulation_g1_to_g2_clean_locked__seed_29,validation,mae,0.15587815766533217,lower,available,,False
model_independent_aviation_simulation,simulated_future_workload_regression,minirocket,physiology_only,29,simulation_g1_to_g2_clean_locked__seed_29,validation,rmse,0.20728840877430857,lower,available,,False
model_independent_aviation_simulation,simulated_future_workload_regression,minirocket,physiology_only,29,simulation_g1_to_g2_clean_locked__seed_29,validation,spearman,0.363903960933261,higher,available,,False
model_independent_aviation_simulation,simulated_maneuver_state_segmentation,causal_tcn_raw,physiology_only,29,simulation_g1_to_g2_clean_locked__seed_29,validation,frame_macro_f1,0.3220287538961416,higher,available,,False
model_independent_aviation_simulation,simulated_maneuver_state_segmentation,causal_tcn_raw,physiology_only,29,simulation_g1_to_g2_clean_locked__seed_29,validation,segmental_f1_iou_0.10,0.4147497467809968,higher,available,,False
model_independent_aviation_simulation,simulated_maneuver_state_segmentation,causal_tcn_raw,physiology_only,29,simulation_g1_to_g2_clean_locked__seed_29,validation,segmental_f1_iou_0.25,0.32631682553557556,higher,available,,False
model_independent_aviation_simulation,simulated_maneuver_state_segmentation,causal_tcn_raw,physiology_only,29,simulation_g1_to_g2_clean_locked__seed_29,validation,segmental_f1_iou_0.50,0.17641528032153034,higher,available,,False
model_independent_aviation_simulation,simulated_maneuver_state_segmentation,causal_tcn_raw,physiology_only,29,simulation_g1_to_g2_clean_locked__seed_29,validation,boundary_f1_1s,0.11285624098124099,higher,available,,False
model_independent_aviation_simulation,simulated_maneuver_state_segmentation,causal_tcn_raw,physiology_only,29,simulation_g1_to_g2_clean_locked__seed_29,validation,boundary_f1_2s,0.18570000601250602,higher,available,,False
model_independent_aviation_simulation,simulated_maneuver_state_segmentation,causal_tcn_raw,physiology_only,29,simulation_g1_to_g2_clean_locked__seed_29,validation,edit_score,0.4053819444444445,higher,available,,False
model_independent_aviation_simulation,simulated_maneuver_state_segmentation,causal_tcn_raw,physiology_only,29,simulation_g1_to_g2_clean_locked__seed_29,validation,boundary_detection_delay_s,6.504708904109589,lower,available,,False
model_independent_aviation_simulation,simulated_maneuver_state_segmentation,causal_tcn_duration,physiology_only,29,simulation_g1_to_g2_clean_locked__seed_29,validation,frame_macro_f1,0.32936756029563535,higher,available,,False
model_independent_aviation_simulation,simulated_maneuver_state_segmentation,causal_tcn_duration,physiology_only,29,simulation_g1_to_g2_clean_locked__seed_29,validation,segmental_f1_iou_0.10,0.3680952727827728,higher,available,,False
model_independent_aviation_simulation,simulated_maneuver_state_segmentation,causal_tcn_duration,physiology_only,29,simulation_g1_to_g2_clean_locked__seed_29,validation,segmental_f1_iou_0.25,0.2834841084841085,higher,available,,False
model_independent_aviation_simulation,simulated_maneuver_state_segmentation,causal_tcn_duration,physiology_only,29,simulation_g1_to_g2_clean_locked__seed_29,validation,segmental_f1_iou_0.50,0.17763058700558698,higher,available,,False
model_independent_aviation_simulation,simulated_maneuver_state_segmentation,causal_tcn_duration,physiology_only,29,simulation_g1_to_g2_clean_locked__seed_29,validation,boundary_f1_1s,0.12596997909497912,higher,available,,False
model_independent_aviation_simulation,simulated_maneuver_state_segmentation,causal_tcn_duration,physiology_only,29,simulation_g1_to_g2_clean_locked__seed_29,validation,boundary_f1_2s,0.20442190910940913,higher,available,,False
model_independent_aviation_simulation,simulated_maneuver_state_segmentation,causal_tcn_duration,physiology_only,29,simulation_g1_to_g2_clean_locked__seed_29,validation,edit_score,0.4843708664021164,higher,available,,False
model_independent_aviation_simulation,simulated_maneuver_state_segmentation,causal_tcn_duration,physiology_only,29,simulation_g1_to_g2_clean_locked__seed_29,validation,boundary_detection_delay_s,5.162213740458015,lower,available,,False
model_independent_aviation_simulation,simulated_future_workload_classification,linear,physiology_only,29,simulation_g1_to_g2_clean_locked__seed_29,held_out,macro_f1,0.3307741847795021,higher,available,,False
model_independent_aviation_simulation,simulated_future_workload_classification,linear,physiology_only,29,simulation_g1_to_g2_clean_locked__seed_29,held_out,balanced_accuracy,0.32757765712614595,higher,available,,False
model_independent_aviation_simulation,simulated_future_workload_classification,linear,physiology_only,29,simulation_g1_to_g2_clean_locked__seed_29,held_out,macro_auprc,0.3410222953980451,higher,available,,False
model_independent_aviation_simulation,simulated_future_workload_classification,linear,physiology_only,29,simulation_g1_to_g2_clean_locked__seed_29,held_out,brier_score,0.867125247093013,lower,available,,False
model_independent_aviation_simulation,simulated_future_workload_classification,linear,physiology_only,29,simulation_g1_to_g2_clean_locked__seed_29,held_out,ece_10_bins,0.2836363547450141,lower,available,,False
model_independent_aviation_simulation,simulated_future_workload_regression,linear,physiology_only,29,simulation_g1_to_g2_clean_locked__seed_29,held_out,mae,0.2409812480521699,lower,available,,False
model_independent_aviation_simulation,simulated_future_workload_regression,linear,physiology_only,29,simulation_g1_to_g2_clean_locked__seed_29,held_out,rmse,0.2792435063593307,lower,available,,False
model_independent_aviation_simulation,simulated_future_workload_regression,linear,physiology_only,29,simulation_g1_to_g2_clean_locked__seed_29,held_out,spearman,0.22199437019946208,higher,available,,False
model_independent_aviation_simulation,simulated_future_workload_classification,minirocket,physiology_only,29,simulation_g1_to_g2_clean_locked__seed_29,held_out,macro_f1,0.43490025657776393,higher,available,,False
model_independent_aviation_simulation,simulated_future_workload_classification,minirocket,physiology_only,29,simulation_g1_to_g2_clean_locked__seed_29,held_out,balanced_accuracy,0.4619904976244061,higher,available,,False
model_independent_aviation_simulation,simulated_future_workload_classification,minirocket,physiology_only,29,simulation_g1_to_g2_clean_locked__seed_29,held_out,macro_auprc,0.4468339370932917,higher,available,,False
model_independent_aviation_simulation,simulated_future_workload_classification,minirocket,physiology_only,29,simulation_g1_to_g2_clean_locked__seed_29,held_out,brier_score,0.8136660444559695,lower,available,,False
model_independent_aviation_simulation,simulated_future_workload_classification,minirocket,physiology_only,29,simulation_g1_to_g2_clean_locked__seed_29,held_out,ece_10_bins,0.3043426195773212,lower,available,,False
model_independent_aviation_simulation,simulated_future_workload_regression,minirocket,physiology_only,29,simulation_g1_to_g2_clean_locked__seed_29,held_out,mae,0.20869088095302382,lower,available,,False
model_independent_aviation_simulation,simulated_future_workload_regression,minirocket,physiology_only,29,simulation_g1_to_g2_clean_locked__seed_29,held_out,rmse,0.2534173306575443,lower,available,,False
model_independent_aviation_simulation,simulated_future_workload_regression,minirocket,physiology_only,29,simulation_g1_to_g2_clean_locked__seed_29,held_out,spearman,0.41433077134035956,higher,available,,False
model_independent_aviation_simulation,simulated_maneuver_state_segmentation,causal_tcn_raw,physiology_only,29,simulation_g1_to_g2_clean_locked__seed_29,held_out,frame_macro_f1,0.31497060538658017,higher,available,,False
model_independent_aviation_simulation,simulated_maneuver_state_segmentation,causal_tcn_raw,physiology_only,29,simulation_g1_to_g2_clean_locked__seed_29,held_out,segmental_f1_iou_0.10,0.3943441107503607,higher,available,,False
model_independent_aviation_simulation,simulated_maneuver_state_segmentation,causal_tcn_raw,physiology_only,29,simulation_g1_to_g2_clean_locked__seed_29,held_out,segmental_f1_iou_0.25,0.2964428511303512,higher,available,,False
model_independent_aviation_simulation,simulated_maneuver_state_segmentation,causal_tcn_raw,physiology_only,29,simulation_g1_to_g2_clean_locked__seed_29,held_out,segmental_f1_iou_0.50,0.15613914442039442,higher,available,,False
model_independent_aviation_simulation,simulated_maneuver_state_segmentation,causal_tcn_raw,physiology_only,29,simulation_g1_to_g2_clean_locked__seed_29,held_out,boundary_f1_1s,0.14771348443223445,higher,available,,False
model_independent_aviation_simulation,simulated_maneuver_state_segmentation,causal_tcn_raw,physiology_only,29,simulation_g1_to_g2_clean_locked__seed_29,held_out,boundary_f1_2s,0.21652898606023607,higher,available,,False
model_independent_aviation_simulation,simulated_maneuver_state_segmentation,causal_tcn_raw,physiology_only,29,simulation_g1_to_g2_clean_locked__seed_29,held_out,edit_score,0.3714896359427609,higher,available,,False
model_independent_aviation_simulation,simulated_maneuver_state_segmentation,causal_tcn_raw,physiology_only,29,simulation_g1_to_g2_clean_locked__seed_29,held_out,boundary_detection_delay_s,6.004704301075269,lower,available,,False
model_independent_aviation_simulation,simulated_maneuver_state_segmentation,causal_tcn_duration,physiology_only,29,simulation_g1_to_g2_clean_locked__seed_29,held_out,frame_macro_f1,0.32482924105307653,higher,available,,False
model_independent_aviation_simulation,simulated_maneuver_state_segmentation,causal_tcn_duration,physiology_only,29,simulation_g1_to_g2_clean_locked__seed_29,held_out,segmental_f1_iou_0.10,0.3941153260546643,higher,available,,False
model_independent_aviation_simulation,simulated_maneuver_state_segmentation,causal_tcn_duration,physiology_only,29,simulation_g1_to_g2_clean_locked__seed_29,held_out,segmental_f1_iou_0.25,0.313039568852988,higher,available,,False
model_independent_aviation_simulation,simulated_maneuver_state_segmentation,causal_tcn_duration,physiology_only,29,simulation_g1_to_g2_clean_locked__seed_29,held_out,segmental_f1_iou_0.50,0.17061743233618235,higher,available,,False
model_independent_aviation_simulation,simulated_maneuver_state_segmentation,causal_tcn_duration,physiology_only,29,simulation_g1_to_g2_clean_locked__seed_29,held_out,boundary_f1_1s,0.1366634811947312,higher,available,,False
model_independent_aviation_simulation,simulated_maneuver_state_segmentation,causal_tcn_duration,physiology_only,29,simulation_g1_to_g2_clean_locked__seed_29,held_out,boundary_f1_2s,0.21319201631701634,higher,available,,False
model_independent_aviation_simulation,simulated_maneuver_state_segmentation,causal_tcn_duration,physiology_only,29,simulation_g1_to_g2_clean_locked__seed_29,held_out,edit_score,0.5204421013014763,higher,available,,False
model_independent_aviation_simulation,simulated_maneuver_state_segmentation,causal_tcn_duration,physiology_only,29,simulation_g1_to_g2_clean_locked__seed_29,held_out,boundary_detection_delay_s,5.365010245901639,lower,available,,False
model_independent_aviation_simulation,simulated_future_workload_classification,linear,vehicle_only,29,simulation_g1_to_g2_clean_locked__seed_29,validation,macro_f1,0.6106798457087753,higher,available,,False
model_independent_aviation_simulation,simulated_future_workload_classification,linear,vehicle_only,29,simulation_g1_to_g2_clean_locked__seed_29,validation,balanced_accuracy,0.6155247892001466,higher,available,,False
model_independent_aviation_simulation,simulated_future_workload_classification,linear,vehicle_only,29,simulation_g1_to_g2_clean_locked__seed_29,validation,macro_auprc,0.6343967188090837,higher,available,,False
model_independent_aviation_simulation,simulated_future_workload_classification,linear,vehicle_only,29,simulation_g1_to_g2_clean_locked__seed_29,validation,brier_score,0.49915227142244983,lower,available,,False
model_independent_aviation_simulation,simulated_future_workload_classification,linear,vehicle_only,29,simulation_g1_to_g2_clean_locked__seed_29,validation,ece_10_bins,0.0885728121878889,lower,available,,False
model_independent_aviation_simulation,simulated_future_workload_regression,linear,vehicle_only,29,simulation_g1_to_g2_clean_locked__seed_29,validation,mae,0.1246535126119852,lower,available,,False
model_independent_aviation_simulation,simulated_future_workload_regression,linear,vehicle_only,29,simulation_g1_to_g2_clean_locked__seed_29,validation,rmse,0.15080776299014773,lower,available,,False
model_independent_aviation_simulation,simulated_future_workload_regression,linear,vehicle_only,29,simulation_g1_to_g2_clean_locked__seed_29,validation,spearman,0.6160472056429734,higher,available,,False
model_independent_aviation_simulation,simulated_future_workload_classification,minirocket,vehicle_only,29,simulation_g1_to_g2_clean_locked__seed_29,validation,macro_f1,0.5767611599869664,higher,available,,False
model_independent_aviation_simulation,simulated_future_workload_classification,minirocket,vehicle_only,29,simulation_g1_to_g2_clean_locked__seed_29,validation,balanced_accuracy,0.5796402924241444,higher,available,,False
model_independent_aviation_simulation,simulated_future_workload_classification,minirocket,vehicle_only,29,simulation_g1_to_g2_clean_locked__seed_29,validation,macro_auprc,0.5975129633664464,higher,available,,False
model_independent_aviation_simulation,simulated_future_workload_classification,minirocket,vehicle_only,29,simulation_g1_to_g2_clean_locked__seed_29,validation,brier_score,0.6587937450639445,lower,available,,False
model_independent_aviation_simulation,simulated_future_workload_classification,minirocket,vehicle_only,29,simulation_g1_to_g2_clean_locked__seed_29,validation,ece_10_bins,0.28050107295496324,lower,available,,False
model_independent_aviation_simulation,simulated_future_workload_regression,minirocket,vehicle_only,29,simulation_g1_to_g2_clean_locked__seed_29,validation,mae,0.11051400595655043,lower,available,,False
model_independent_aviation_simulation,simulated_future_workload_regression,minirocket,vehicle_only,29,simulation_g1_to_g2_clean_locked__seed_29,validation,rmse,0.13919964033668464,lower,available,,False
model_independent_aviation_simulation,simulated_future_workload_regression,minirocket,vehicle_only,29,simulation_g1_to_g2_clean_locked__seed_29,validation,spearman,0.723412913727618,higher,available,,False
model_independent_aviation_simulation,simulated_maneuver_state_segmentation,causal_tcn_raw,vehicle_only,29,simulation_g1_to_g2_clean_locked__seed_29,validation,frame_macro_f1,0.6215264499248443,higher,available,,False
model_independent_aviation_simulation,simulated_maneuver_state_segmentation,causal_tcn_raw,vehicle_only,29,simulation_g1_to_g2_clean_locked__seed_29,validation,segmental_f1_iou_0.10,0.6581330233807013,higher,available,,False
model_independent_aviation_simulation,simulated_maneuver_state_segmentation,causal_tcn_raw,vehicle_only,29,simulation_g1_to_g2_clean_locked__seed_29,validation,segmental_f1_iou_0.25,0.602010134938734,higher,available,,False
model_independent_aviation_simulation,simulated_maneuver_state_segmentation,causal_tcn_raw,vehicle_only,29,simulation_g1_to_g2_clean_locked__seed_29,validation,segmental_f1_iou_0.50,0.44197225829869025,higher,available,,False
model_independent_aviation_simulation,simulated_maneuver_state_segmentation,causal_tcn_raw,vehicle_only,29,simulation_g1_to_g2_clean_locked__seed_29,validation,boundary_f1_1s,0.2851121271158036,higher,available,,False
model_independent_aviation_simulation,simulated_maneuver_state_segmentation,causal_tcn_raw,vehicle_only,29,simulation_g1_to_g2_clean_locked__seed_29,validation,boundary_f1_2s,0.3968305013341779,higher,available,,False
model_independent_aviation_simulation,simulated_maneuver_state_segmentation,causal_tcn_raw,vehicle_only,29,simulation_g1_to_g2_clean_locked__seed_29,validation,edit_score,0.5473381508537759,higher,available,,False
model_independent_aviation_simulation,simulated_maneuver_state_segmentation,causal_tcn_raw,vehicle_only,29,simulation_g1_to_g2_clean_locked__seed_29,validation,boundary_detection_delay_s,2.330266497461929,lower,available,,False
model_independent_aviation_simulation,simulated_maneuver_state_segmentation,causal_tcn_duration,vehicle_only,29,simulation_g1_to_g2_clean_locked__seed_29,validation,frame_macro_f1,0.6608930884980849,higher,available,,False
model_independent_aviation_simulation,simulated_maneuver_state_segmentation,causal_tcn_duration,vehicle_only,29,simulation_g1_to_g2_clean_locked__seed_29,validation,segmental_f1_iou_0.10,0.7827135827135828,higher,available,,False
model_independent_aviation_simulation,simulated_maneuver_state_segmentation,causal_tcn_duration,vehicle_only,29,simulation_g1_to_g2_clean_locked__seed_29,validation,segmental_f1_iou_0.25,0.7392506798756799,higher,available,,False
model_independent_aviation_simulation,simulated_maneuver_state_segmentation,causal_tcn_duration,vehicle_only,29,simulation_g1_to_g2_clean_locked__seed_29,validation,segmental_f1_iou_0.50,0.5735474883912384,higher,available,,False
model_independent_aviation_simulation,simulated_maneuver_state_segmentation,causal_tcn_duration,vehicle_only,29,simulation_g1_to_g2_clean_locked__seed_29,validation,boundary_f1_1s,0.29819549663299666,higher,available,,False
model_independent_aviation_simulation,simulated_maneuver_state_segmentation,causal_tcn_duration,vehicle_only,29,simulation_g1_to_g2_clean_locked__seed_29,validation,boundary_f1_2s,0.4292643698893699,higher,available,,False
model_independent_aviation_simulation,simulated_maneuver_state_segmentation,causal_tcn_duration,vehicle_only,29,simulation_g1_to_g2_clean_locked__seed_29,validation,edit_score,0.7374608898046399,higher,available,,False
model_independent_aviation_simulation,simulated_maneuver_state_segmentation,causal_tcn_duration,vehicle_only,29,simulation_g1_to_g2_clean_locked__seed_29,validation,boundary_detection_delay_s,2.650582901554404,lower,available,,False
model_independent_aviation_simulation,simulated_future_workload_classification,linear,vehicle_only,29,simulation_g1_to_g2_clean_locked__seed_29,held_out,macro_f1,0.5158030669077086,higher,available,,False
model_independent_aviation_simulation,simulated_future_workload_classification,linear,vehicle_only,29,simulation_g1_to_g2_clean_locked__seed_29,held_out,balanced_accuracy,0.5306665649463214,higher,available,,False
model_independent_aviation_simulation,simulated_future_workload_classification,linear,vehicle_only,29,simulation_g1_to_g2_clean_locked__seed_29,held_out,macro_auprc,0.5270615011956921,higher,available,,False
model_independent_aviation_simulation,simulated_future_workload_classification,linear,vehicle_only,29,simulation_g1_to_g2_clean_locked__seed_29,held_out,brier_score,0.5705114051773453,lower,available,,False
model_independent_aviation_simulation,simulated_future_workload_classification,linear,vehicle_only,29,simulation_g1_to_g2_clean_locked__seed_29,held_out,ece_10_bins,0.12567718495996139,lower,available,,False
model_independent_aviation_simulation,simulated_future_workload_regression,linear,vehicle_only,29,simulation_g1_to_g2_clean_locked__seed_29,held_out,mae,0.1691272653018435,lower,available,,False
model_independent_aviation_simulation,simulated_future_workload_regression,linear,vehicle_only,29,simulation_g1_to_g2_clean_locked__seed_29,held_out,rmse,0.1978167453084703,lower,available,,False
model_independent_aviation_simulation,simulated_future_workload_regression,linear,vehicle_only,29,simulation_g1_to_g2_clean_locked__seed_29,held_out,spearman,0.6279062965856812,higher,available,,False
model_independent_aviation_simulation,simulated_future_workload_classification,minirocket,vehicle_only,29,simulation_g1_to_g2_clean_locked__seed_29,held_out,macro_f1,0.364252677147414,higher,available,,False
model_independent_aviation_simulation,simulated_future_workload_classification,minirocket,vehicle_only,29,simulation_g1_to_g2_clean_locked__seed_29,held_out,balanced_accuracy,0.39673265774070643,higher,available,,False
model_independent_aviation_simulation,simulated_future_workload_classification,minirocket,vehicle_only,29,simulation_g1_to_g2_clean_locked__seed_29,held_out,macro_auprc,0.4435615448624238,higher,available,,False
model_independent_aviation_simulation,simulated_future_workload_classification,minirocket,vehicle_only,29,simulation_g1_to_g2_clean_locked__seed_29,held_out,brier_score,0.8565234342536779,lower,available,,False
model_independent_aviation_simulation,simulated_future_workload_classification,minirocket,vehicle_only,29,simulation_g1_to_g2_clean_locked__seed_29,held_out,ece_10_bins,0.36529903795361174,lower,available,,False
model_independent_aviation_simulation,simulated_future_workload_regression,minirocket,vehicle_only,29,simulation_g1_to_g2_clean_locked__seed_29,held_out,mae,0.24184109658623734,lower,available,,False
model_independent_aviation_simulation,simulated_future_workload_regression,minirocket,vehicle_only,29,simulation_g1_to_g2_clean_locked__seed_29,held_out,rmse,0.277307442183323,lower,available,,False
model_independent_aviation_simulation,simulated_future_workload_regression,minirocket,vehicle_only,29,simulation_g1_to_g2_clean_locked__seed_29,held_out,spearman,0.40054153238919166,higher,available,,False
model_independent_aviation_simulation,simulated_maneuver_state_segmentation,causal_tcn_raw,vehicle_only,29,simulation_g1_to_g2_clean_locked__seed_29,held_out,frame_macro_f1,0.31044761401928,higher,available,,False
model_independent_aviation_simulation,simulated_maneuver_state_segmentation,causal_tcn_raw,vehicle_only,29,simulation_g1_to_g2_clean_locked__seed_29,held_out,segmental_f1_iou_0.10,0.3994275205877857,higher,available,,False
model_independent_aviation_simulation,simulated_maneuver_state_segmentation,causal_tcn_raw,vehicle_only,29,simulation_g1_to_g2_clean_locked__seed_29,held_out,segmental_f1_iou_0.25,0.3216227886893521,higher,available,,False
model_independent_aviation_simulation,simulated_maneuver_state_segmentation,causal_tcn_raw,vehicle_only,29,simulation_g1_to_g2_clean_locked__seed_29,held_out,segmental_f1_iou_0.50,0.2059493901369385,higher,available,,False
model_independent_aviation_simulation,simulated_maneuver_state_segmentation,causal_tcn_raw,vehicle_only,29,simulation_g1_to_g2_clean_locked__seed_29,held_out,boundary_f1_1s,0.25531204736167973,higher,available,,False
model_independent_aviation_simulation,simulated_maneuver_state_segmentation,causal_tcn_raw,vehicle_only,29,simulation_g1_to_g2_clean_locked__seed_29,held_out,boundary_f1_2s,0.3445377658153393,higher,available,,False
model_independent_aviation_simulation,simulated_maneuver_state_segmentation,causal_tcn_raw,vehicle_only,29,simulation_g1_to_g2_clean_locked__seed_29,held_out,edit_score,0.3834993999056499,higher,available,,False
model_independent_aviation_simulation,simulated_maneuver_state_segmentation,causal_tcn_raw,vehicle_only,29,simulation_g1_to_g2_clean_locked__seed_29,held_out,boundary_detection_delay_s,1.9075342465753424,lower,available,,False
model_independent_aviation_simulation,simulated_maneuver_state_segmentation,causal_tcn_duration,vehicle_only,29,simulation_g1_to_g2_clean_locked__seed_29,held_out,frame_macro_f1,0.3522430957339434,higher,available,,False
model_independent_aviation_simulation,simulated_maneuver_state_segmentation,causal_tcn_duration,vehicle_only,29,simulation_g1_to_g2_clean_locked__seed_29,held_out,segmental_f1_iou_0.10,0.5087215346358148,higher,available,,False
model_independent_aviation_simulation,simulated_maneuver_state_segmentation,causal_tcn_duration,vehicle_only,29,simulation_g1_to_g2_clean_locked__seed_29,held_out,segmental_f1_iou_0.25,0.4282976027920881,higher,available,,False
model_independent_aviation_simulation,simulated_maneuver_state_segmentation,causal_tcn_duration,vehicle_only,29,simulation_g1_to_g2_clean_locked__seed_29,held_out,segmental_f1_iou_0.50,0.3287101897625795,higher,available,,False
model_independent_aviation_simulation,simulated_maneuver_state_segmentation,causal_tcn_duration,vehicle_only,29,simulation_g1_to_g2_clean_locked__seed_29,held_out,boundary_f1_1s,0.20259791208175496,higher,available,,False
model_independent_aviation_simulation,simulated_maneuver_state_segmentation,causal_tcn_duration,vehicle_only,29,simulation_g1_to_g2_clean_locked__seed_29,held_out,boundary_f1_2s,0.3141406095982334,higher,available,,False
model_independent_aviation_simulation,simulated_maneuver_state_segmentation,causal_tcn_duration,vehicle_only,29,simulation_g1_to_g2_clean_locked__seed_29,held_out,edit_score,0.49263583638583636,higher,available,,False
model_independent_aviation_simulation,simulated_maneuver_state_segmentation,causal_tcn_duration,vehicle_only,29,simulation_g1_to_g2_clean_locked__seed_29,held_out,boundary_detection_delay_s,2.308407738095238,lower,available,,False
model_independent_aviation_simulation,simulated_future_workload_classification,linear,naive_time_sync,29,simulation_g1_to_g2_clean_locked__seed_29,validation,macro_f1,0.3261358524516419,higher,available,,False
model_independent_aviation_simulation,simulated_future_workload_classification,linear,naive_time_sync,29,simulation_g1_to_g2_clean_locked__seed_29,validation,balanced_accuracy,0.32467490457397946,higher,available,,False
model_independent_aviation_simulation,simulated_future_workload_classification,linear,naive_time_sync,29,simulation_g1_to_g2_clean_locked__seed_29,validation,macro_auprc,0.3755157101397206,higher,available,,False
model_independent_aviation_simulation,simulated_future_workload_classification,linear,naive_time_sync,29,simulation_g1_to_g2_clean_locked__seed_29,validation,brier_score,0.8645261244804945,lower,available,,False
model_independent_aviation_simulation,simulated_future_workload_classification,linear,naive_time_sync,29,simulation_g1_to_g2_clean_locked__seed_29,validation,ece_10_bins,0.330372554556431,lower,available,,False
model_independent_aviation_simulation,simulated_future_workload_regression,linear,naive_time_sync,29,simulation_g1_to_g2_clean_locked__seed_29,validation,mae,0.16935599129647017,lower,available,,False
model_independent_aviation_simulation,simulated_future_workload_regression,linear,naive_time_sync,29,simulation_g1_to_g2_clean_locked__seed_29,validation,rmse,0.1989367401410429,lower,available,,False
model_independent_aviation_simulation,simulated_future_workload_regression,linear,naive_time_sync,29,simulation_g1_to_g2_clean_locked__seed_29,validation,spearman,0.30699945740640255,higher,available,,False
model_independent_aviation_simulation,simulated_future_workload_classification,minirocket,naive_time_sync,29,simulation_g1_to_g2_clean_locked__seed_29,validation,macro_f1,0.5406403019015981,higher,available,,False
model_independent_aviation_simulation,simulated_future_workload_classification,minirocket,naive_time_sync,29,simulation_g1_to_g2_clean_locked__seed_29,validation,balanced_accuracy,0.5390653641284423,higher,available,,False
model_independent_aviation_simulation,simulated_future_workload_classification,minirocket,naive_time_sync,29,simulation_g1_to_g2_clean_locked__seed_29,validation,macro_auprc,0.5815003474949175,higher,available,,False
model_independent_aviation_simulation,simulated_future_workload_classification,minirocket,naive_time_sync,29,simulation_g1_to_g2_clean_locked__seed_29,validation,brier_score,0.7331590056291821,lower,available,,False
model_independent_aviation_simulation,simulated_future_workload_classification,minirocket,naive_time_sync,29,simulation_g1_to_g2_clean_locked__seed_29,validation,ece_10_bins,0.34457761504434004,lower,available,,False
model_independent_aviation_simulation,simulated_future_workload_regression,minirocket,naive_time_sync,29,simulation_g1_to_g2_clean_locked__seed_29,validation,mae,0.10915883568425973,lower,available,,False
model_independent_aviation_simulation,simulated_future_workload_regression,minirocket,naive_time_sync,29,simulation_g1_to_g2_clean_locked__seed_29,validation,rmse,0.1355215639482083,lower,available,,False
model_independent_aviation_simulation,simulated_future_workload_regression,minirocket,naive_time_sync,29,simulation_g1_to_g2_clean_locked__seed_29,validation,spearman,0.7415355398806294,higher,available,,False
model_independent_aviation_simulation,simulated_maneuver_state_segmentation,causal_tcn_raw,naive_time_sync,29,simulation_g1_to_g2_clean_locked__seed_29,validation,frame_macro_f1,0.6838662011434986,higher,available,,False
model_independent_aviation_simulation,simulated_maneuver_state_segmentation,causal_tcn_raw,naive_time_sync,29,simulation_g1_to_g2_clean_locked__seed_29,validation,segmental_f1_iou_0.10,0.5943449625459106,higher,available,,False
model_independent_aviation_simulation,simulated_maneuver_state_segmentation,causal_tcn_raw,naive_time_sync,29,simulation_g1_to_g2_clean_locked__seed_29,validation,segmental_f1_iou_0.25,0.5653070754996065,higher,available,,False
model_independent_aviation_simulation,simulated_maneuver_state_segmentation,causal_tcn_raw,naive_time_sync,29,simulation_g1_to_g2_clean_locked__seed_29,validation,segmental_f1_iou_0.50,0.4445730288803045,higher,available,,False
model_independent_aviation_simulation,simulated_maneuver_state_segmentation,causal_tcn_raw,naive_time_sync,29,simulation_g1_to_g2_clean_locked__seed_29,validation,boundary_f1_1s,0.3122494734868961,higher,available,,False
model_independent_aviation_simulation,simulated_maneuver_state_segmentation,causal_tcn_raw,naive_time_sync,29,simulation_g1_to_g2_clean_locked__seed_29,validation,boundary_f1_2s,0.41115762552004803,higher,available,,False
model_independent_aviation_simulation,simulated_maneuver_state_segmentation,causal_tcn_raw,naive_time_sync,29,simulation_g1_to_g2_clean_locked__seed_29,validation,edit_score,0.4893430065305065,higher,available,,False
model_independent_aviation_simulation,simulated_maneuver_state_segmentation,causal_tcn_raw,naive_time_sync,29,simulation_g1_to_g2_clean_locked__seed_29,validation,boundary_detection_delay_s,2.29115099009901,lower,available,,False
model_independent_aviation_simulation,simulated_maneuver_state_segmentation,causal_tcn_duration,naive_time_sync,29,simulation_g1_to_g2_clean_locked__seed_29,validation,frame_macro_f1,0.7271619328474785,higher,available,,False
model_independent_aviation_simulation,simulated_maneuver_state_segmentation,causal_tcn_duration,naive_time_sync,29,simulation_g1_to_g2_clean_locked__seed_29,validation,segmental_f1_iou_0.10,0.7732630217005217,higher,available,,False
model_independent_aviation_simulation,simulated_maneuver_state_segmentation,causal_tcn_duration,naive_time_sync,29,simulation_g1_to_g2_clean_locked__seed_29,validation,segmental_f1_iou_0.25,0.7402193292818292,higher,available,,False
model_independent_aviation_simulation,simulated_maneuver_state_segmentation,causal_tcn_duration,naive_time_sync,29,simulation_g1_to_g2_clean_locked__seed_29,validation,segmental_f1_iou_0.50,0.6251570767195767,higher,available,,False
model_independent_aviation_simulation,simulated_maneuver_state_segmentation,causal_tcn_duration,naive_time_sync,29,simulation_g1_to_g2_clean_locked__seed_29,validation,boundary_f1_1s,0.34971155184970976,higher,available,,False
model_independent_aviation_simulation,simulated_maneuver_state_segmentation,causal_tcn_duration,naive_time_sync,29,simulation_g1_to_g2_clean_locked__seed_29,validation,boundary_f1_2s,0.5049234300056669,higher,available,,False
model_independent_aviation_simulation,simulated_maneuver_state_segmentation,causal_tcn_duration,naive_time_sync,29,simulation_g1_to_g2_clean_locked__seed_29,validation,edit_score,0.7075865974303475,higher,available,,False
model_independent_aviation_simulation,simulated_maneuver_state_segmentation,causal_tcn_duration,naive_time_sync,29,simulation_g1_to_g2_clean_locked__seed_29,validation,boundary_detection_delay_s,2.5643844221105527,lower,available,,False
model_independent_aviation_simulation,simulated_future_workload_classification,linear,naive_time_sync,29,simulation_g1_to_g2_clean_locked__seed_29,held_out,macro_f1,0.3445376318626199,higher,available,,False
model_independent_aviation_simulation,simulated_future_workload_classification,linear,naive_time_sync,29,simulation_g1_to_g2_clean_locked__seed_29,held_out,balanced_accuracy,0.35385329383193254,higher,available,,False
model_independent_aviation_simulation,simulated_future_workload_classification,linear,naive_time_sync,29,simulation_g1_to_g2_clean_locked__seed_29,held_out,macro_auprc,0.34416488996146,higher,available,,False
model_independent_aviation_simulation,simulated_future_workload_classification,linear,naive_time_sync,29,simulation_g1_to_g2_clean_locked__seed_29,held_out,brier_score,0.7614004385626707,lower,available,,False
model_independent_aviation_simulation,simulated_future_workload_classification,linear,naive_time_sync,29,simulation_g1_to_g2_clean_locked__seed_29,held_out,ece_10_bins,0.2650376308098245,lower,available,,False
model_independent_aviation_simulation,simulated_future_workload_regression,linear,naive_time_sync,29,simulation_g1_to_g2_clean_locked__seed_29,held_out,mae,0.2587157486317058,lower,available,,False
model_independent_aviation_simulation,simulated_future_workload_regression,linear,naive_time_sync,29,simulation_g1_to_g2_clean_locked__seed_29,held_out,rmse,0.2953386475702778,lower,available,,False
model_independent_aviation_simulation,simulated_future_workload_regression,linear,naive_time_sync,29,simulation_g1_to_g2_clean_locked__seed_29,held_out,spearman,0.1140490269922802,higher,available,,False
model_independent_aviation_simulation,simulated_future_workload_classification,minirocket,naive_time_sync,29,simulation_g1_to_g2_clean_locked__seed_29,held_out,macro_f1,0.4015973241675854,higher,available,,False
model_independent_aviation_simulation,simulated_future_workload_classification,minirocket,naive_time_sync,29,simulation_g1_to_g2_clean_locked__seed_29,held_out,balanced_accuracy,0.42148037009252315,higher,available,,False
model_independent_aviation_simulation,simulated_future_workload_classification,minirocket,naive_time_sync,29,simulation_g1_to_g2_clean_locked__seed_29,held_out,macro_auprc,0.4333608358659807,higher,available,,False
model_independent_aviation_simulation,simulated_future_workload_classification,minirocket,naive_time_sync,29,simulation_g1_to_g2_clean_locked__seed_29,held_out,brier_score,0.8797191786170367,lower,available,,False
model_independent_aviation_simulation,simulated_future_workload_classification,minirocket,naive_time_sync,29,simulation_g1_to_g2_clean_locked__seed_29,held_out,ece_10_bins,0.34889032220403593,lower,available,,False
model_independent_aviation_simulation,simulated_future_workload_regression,minirocket,naive_time_sync,29,simulation_g1_to_g2_clean_locked__seed_29,held_out,mae,0.23233881515140334,lower,available,,False
model_independent_aviation_simulation,simulated_future_workload_regression,minirocket,naive_time_sync,29,simulation_g1_to_g2_clean_locked__seed_29,held_out,rmse,0.2719203853305488,lower,available,,False
model_independent_aviation_simulation,simulated_future_workload_regression,minirocket,naive_time_sync,29,simulation_g1_to_g2_clean_locked__seed_29,held_out,spearman,0.27981417665933384,higher,available,,False
model_independent_aviation_simulation,simulated_maneuver_state_segmentation,causal_tcn_raw,naive_time_sync,29,simulation_g1_to_g2_clean_locked__seed_29,held_out,frame_macro_f1,0.36372168620632467,higher,available,,False
model_independent_aviation_simulation,simulated_maneuver_state_segmentation,causal_tcn_raw,naive_time_sync,29,simulation_g1_to_g2_clean_locked__seed_29,held_out,segmental_f1_iou_0.10,0.40807910595454205,higher,available,,False
model_independent_aviation_simulation,simulated_maneuver_state_segmentation,causal_tcn_raw,naive_time_sync,29,simulation_g1_to_g2_clean_locked__seed_29,held_out,segmental_f1_iou_0.25,0.31239677153293766,higher,available,,False
model_independent_aviation_simulation,simulated_maneuver_state_segmentation,causal_tcn_raw,naive_time_sync,29,simulation_g1_to_g2_clean_locked__seed_29,held_out,segmental_f1_iou_0.50,0.19480910024969833,higher,available,,False
model_independent_aviation_simulation,simulated_maneuver_state_segmentation,causal_tcn_raw,naive_time_sync,29,simulation_g1_to_g2_clean_locked__seed_29,held_out,boundary_f1_1s,0.2344100314886676,higher,available,,False
model_independent_aviation_simulation,simulated_maneuver_state_segmentation,causal_tcn_raw,naive_time_sync,29,simulation_g1_to_g2_clean_locked__seed_29,held_out,boundary_f1_2s,0.3108284292451808,higher,available,,False
model_independent_aviation_simulation,simulated_maneuver_state_segmentation,causal_tcn_raw,naive_time_sync,29,simulation_g1_to_g2_clean_locked__seed_29,held_out,edit_score,0.3813906272258885,higher,available,,False
model_independent_aviation_simulation,simulated_maneuver_state_segmentation,causal_tcn_raw,naive_time_sync,29,simulation_g1_to_g2_clean_locked__seed_29,held_out,boundary_detection_delay_s,2.0594394329896906,lower,available,,False
model_independent_aviation_simulation,simulated_maneuver_state_segmentation,causal_tcn_duration,naive_time_sync,29,simulation_g1_to_g2_clean_locked__seed_29,held_out,frame_macro_f1,0.4056166909706862,higher,available,,False
model_independent_aviation_simulation,simulated_maneuver_state_segmentation,causal_tcn_duration,naive_time_sync,29,simulation_g1_to_g2_clean_locked__seed_29,held_out,segmental_f1_iou_0.10,0.5347764110225305,higher,available,,False
model_independent_aviation_simulation,simulated_maneuver_state_segmentation,causal_tcn_duration,naive_time_sync,29,simulation_g1_to_g2_clean_locked__seed_29,held_out,segmental_f1_iou_0.25,0.4343701410739686,higher,available,,False
model_independent_aviation_simulation,simulated_maneuver_state_segmentation,causal_tcn_duration,naive_time_sync,29,simulation_g1_to_g2_clean_locked__seed_29,held_out,segmental_f1_iou_0.50,0.3193461673023399,higher,available,,False
model_independent_aviation_simulation,simulated_maneuver_state_segmentation,causal_tcn_duration,naive_time_sync,29,simulation_g1_to_g2_clean_locked__seed_29,held_out,boundary_f1_1s,0.25856922463322424,higher,available,,False
model_independent_aviation_simulation,simulated_maneuver_state_segmentation,causal_tcn_duration,naive_time_sync,29,simulation_g1_to_g2_clean_locked__seed_29,held_out,boundary_f1_2s,0.3424694219537486,higher,available,,False
model_independent_aviation_simulation,simulated_maneuver_state_segmentation,causal_tcn_duration,naive_time_sync,29,simulation_g1_to_g2_clean_locked__seed_29,held_out,edit_score,0.545071623977874,higher,available,,False
model_independent_aviation_simulation,simulated_maneuver_state_segmentation,causal_tcn_duration,naive_time_sync,29,simulation_g1_to_g2_clean_locked__seed_29,held_out,boundary_detection_delay_s,2.59244109947644,lower,available,,False
model_independent_aviation_simulation,simulated_future_workload_classification,linear,mult,29,simulation_g1_to_g2_clean_locked__seed_29,validation,macro_f1,0.40884507114015306,higher,available,,False
model_independent_aviation_simulation,simulated_future_workload_classification,linear,mult,29,simulation_g1_to_g2_clean_locked__seed_29,validation,balanced_accuracy,0.405059196480559,higher,available,,False
model_independent_aviation_simulation,simulated_future_workload_classification,linear,mult,29,simulation_g1_to_g2_clean_locked__seed_29,validation,macro_auprc,0.49378719055841586,higher,available,,False
model_independent_aviation_simulation,simulated_future_workload_classification,linear,mult,29,simulation_g1_to_g2_clean_locked__seed_29,validation,brier_score,0.7268555270004354,lower,available,,False
model_independent_aviation_simulation,simulated_future_workload_classification,linear,mult,29,simulation_g1_to_g2_clean_locked__seed_29,validation,ece_10_bins,0.25539324813920206,lower,available,,False
model_independent_aviation_simulation,simulated_future_workload_regression,linear,mult,29,simulation_g1_to_g2_clean_locked__seed_29,validation,mae,0.1325948890298605,lower,available,,False
model_independent_aviation_simulation,simulated_future_workload_regression,linear,mult,29,simulation_g1_to_g2_clean_locked__seed_29,validation,rmse,0.16023262753492695,lower,available,,False
model_independent_aviation_simulation,simulated_future_workload_regression,linear,mult,29,simulation_g1_to_g2_clean_locked__seed_29,validation,spearman,0.6182718393922951,higher,available,,False
model_independent_aviation_simulation,simulated_future_workload_classification,minirocket,mult,29,simulation_g1_to_g2_clean_locked__seed_29,validation,macro_f1,0.5647247692260194,higher,available,,False
model_independent_aviation_simulation,simulated_future_workload_classification,minirocket,mult,29,simulation_g1_to_g2_clean_locked__seed_29,validation,balanced_accuracy,0.564706389769468,higher,available,,False
model_independent_aviation_simulation,simulated_future_workload_classification,minirocket,mult,29,simulation_g1_to_g2_clean_locked__seed_29,validation,macro_auprc,0.5910196564060967,higher,available,,False
model_independent_aviation_simulation,simulated_future_workload_classification,minirocket,mult,29,simulation_g1_to_g2_clean_locked__seed_29,validation,brier_score,0.7016940622461902,lower,available,,False
model_independent_aviation_simulation,simulated_future_workload_classification,minirocket,mult,29,simulation_g1_to_g2_clean_locked__seed_29,validation,ece_10_bins,0.32231633892023537,lower,available,,False
model_independent_aviation_simulation,simulated_future_workload_regression,minirocket,mult,29,simulation_g1_to_g2_clean_locked__seed_29,validation,mae,0.11557503044605255,lower,available,,False
model_independent_aviation_simulation,simulated_future_workload_regression,minirocket,mult,29,simulation_g1_to_g2_clean_locked__seed_29,validation,rmse,0.14365814947654917,lower,available,,False
model_independent_aviation_simulation,simulated_future_workload_regression,minirocket,mult,29,simulation_g1_to_g2_clean_locked__seed_29,validation,spearman,0.6980059685295713,higher,available,,False
model_independent_aviation_simulation,simulated_maneuver_state_segmentation,causal_tcn_raw,mult,29,simulation_g1_to_g2_clean_locked__seed_29,validation,frame_macro_f1,0.6564828984289853,higher,available,,False
model_independent_aviation_simulation,simulated_maneuver_state_segmentation,causal_tcn_raw,mult,29,simulation_g1_to_g2_clean_locked__seed_29,validation,segmental_f1_iou_0.10,0.6219357260064496,higher,available,,False
model_independent_aviation_simulation,simulated_maneuver_state_segmentation,causal_tcn_raw,mult,29,simulation_g1_to_g2_clean_locked__seed_29,validation,segmental_f1_iou_0.25,0.5823319483270141,higher,available,,False
model_independent_aviation_simulation,simulated_maneuver_state_segmentation,causal_tcn_raw,mult,29,simulation_g1_to_g2_clean_locked__seed_29,validation,segmental_f1_iou_0.50,0.43648953081518876,higher,available,,False
model_independent_aviation_simulation,simulated_maneuver_state_segmentation,causal_tcn_raw,mult,29,simulation_g1_to_g2_clean_locked__seed_29,validation,boundary_f1_1s,0.2977414334031981,higher,available,,False
model_independent_aviation_simulation,simulated_maneuver_state_segmentation,causal_tcn_raw,mult,29,simulation_g1_to_g2_clean_locked__seed_29,validation,boundary_f1_2s,0.4136936813866961,higher,available,,False
model_independent_aviation_simulation,simulated_maneuver_state_segmentation,causal_tcn_raw,mult,29,simulation_g1_to_g2_clean_locked__seed_29,validation,edit_score,0.5124223084241467,higher,available,,False
model_independent_aviation_simulation,simulated_maneuver_state_segmentation,causal_tcn_raw,mult,29,simulation_g1_to_g2_clean_locked__seed_29,validation,boundary_detection_delay_s,2.6303317535545023,lower,available,,False
model_independent_aviation_simulation,simulated_maneuver_state_segmentation,causal_tcn_duration,mult,29,simulation_g1_to_g2_clean_locked__seed_29,validation,frame_macro_f1,0.6948630324700041,higher,available,,False
model_independent_aviation_simulation,simulated_maneuver_state_segmentation,causal_tcn_duration,mult,29,simulation_g1_to_g2_clean_locked__seed_29,validation,segmental_f1_iou_0.10,0.776074851074851,higher,available,,False
model_independent_aviation_simulation,simulated_maneuver_state_segmentation,causal_tcn_duration,mult,29,simulation_g1_to_g2_clean_locked__seed_29,validation,segmental_f1_iou_0.25,0.7307315947940948,higher,available,,False
model_independent_aviation_simulation,simulated_maneuver_state_segmentation,causal_tcn_duration,mult,29,simulation_g1_to_g2_clean_locked__seed_29,validation,segmental_f1_iou_0.50,0.5853292540792541,higher,available,,False
model_independent_aviation_simulation,simulated_maneuver_state_segmentation,causal_tcn_duration,mult,29,simulation_g1_to_g2_clean_locked__seed_29,validation,boundary_f1_1s,0.34698819698819694,higher,available,,False
model_independent_aviation_simulation,simulated_maneuver_state_segmentation,causal_tcn_duration,mult,29,simulation_g1_to_g2_clean_locked__seed_29,validation,boundary_f1_2s,0.47929038554038556,higher,available,,False
model_independent_aviation_simulation,simulated_maneuver_state_segmentation,causal_tcn_duration,mult,29,simulation_g1_to_g2_clean_locked__seed_29,validation,edit_score,0.6906141023328524,higher,available,,False
model_independent_aviation_simulation,simulated_maneuver_state_segmentation,causal_tcn_duration,mult,29,simulation_g1_to_g2_clean_locked__seed_29,validation,boundary_detection_delay_s,2.783536585365854,lower,available,,False
model_independent_aviation_simulation,simulated_future_workload_classification,linear,mult,29,simulation_g1_to_g2_clean_locked__seed_29,held_out,macro_f1,0.44383589566033205,higher,available,,False
model_independent_aviation_simulation,simulated_future_workload_classification,linear,mult,29,simulation_g1_to_g2_clean_locked__seed_29,held_out,balanced_accuracy,0.4443398985339555,higher,available,,False
model_independent_aviation_simulation,simulated_future_workload_classification,linear,mult,29,simulation_g1_to_g2_clean_locked__seed_29,held_out,macro_auprc,0.4715290158329715,higher,available,,False
model_independent_aviation_simulation,simulated_future_workload_classification,linear,mult,29,simulation_g1_to_g2_clean_locked__seed_29,held_out,brier_score,0.6373989987746252,lower,available,,False
model_independent_aviation_simulation,simulated_future_workload_classification,linear,mult,29,simulation_g1_to_g2_clean_locked__seed_29,held_out,ece_10_bins,0.1856780862466107,lower,available,,False
model_independent_aviation_simulation,simulated_future_workload_regression,linear,mult,29,simulation_g1_to_g2_clean_locked__seed_29,held_out,mae,0.15611279786874852,lower,available,,False
model_independent_aviation_simulation,simulated_future_workload_regression,linear,mult,29,simulation_g1_to_g2_clean_locked__seed_29,held_out,rmse,0.2000495570157107,lower,available,,False
model_independent_aviation_simulation,simulated_future_workload_regression,linear,mult,29,simulation_g1_to_g2_clean_locked__seed_29,held_out,spearman,0.55569802194025,higher,available,,False
model_independent_aviation_simulation,simulated_future_workload_classification,minirocket,mult,29,simulation_g1_to_g2_clean_locked__seed_29,held_out,macro_f1,0.5153553819188493,higher,available,,False
model_independent_aviation_simulation,simulated_future_workload_classification,minirocket,mult,29,simulation_g1_to_g2_clean_locked__seed_29,held_out,balanced_accuracy,0.5746118733073099,higher,available,,False
model_independent_aviation_simulation,simulated_future_workload_classification,minirocket,mult,29,simulation_g1_to_g2_clean_locked__seed_29,held_out,macro_auprc,0.6084948673290871,higher,available,,False
model_independent_aviation_simulation,simulated_future_workload_classification,minirocket,mult,29,simulation_g1_to_g2_clean_locked__seed_29,held_out,brier_score,0.6522307029054247,lower,available,,False
model_independent_aviation_simulation,simulated_future_workload_classification,minirocket,mult,29,simulation_g1_to_g2_clean_locked__seed_29,held_out,ece_10_bins,0.23763759147479574,lower,available,,False
model_independent_aviation_simulation,simulated_future_workload_regression,minirocket,mult,29,simulation_g1_to_g2_clean_locked__seed_29,held_out,mae,0.15799833570296565,lower,available,,False
model_independent_aviation_simulation,simulated_future_workload_regression,minirocket,mult,29,simulation_g1_to_g2_clean_locked__seed_29,held_out,rmse,0.1932103087732525,lower,available,,False
model_independent_aviation_simulation,simulated_future_workload_regression,minirocket,mult,29,simulation_g1_to_g2_clean_locked__seed_29,held_out,spearman,0.701170847619478,higher,available,,False
model_independent_aviation_simulation,simulated_maneuver_state_segmentation,causal_tcn_raw,mult,29,simulation_g1_to_g2_clean_locked__seed_29,held_out,frame_macro_f1,0.4253166280098129,higher,available,,False
model_independent_aviation_simulation,simulated_maneuver_state_segmentation,causal_tcn_raw,mult,29,simulation_g1_to_g2_clean_locked__seed_29,held_out,segmental_f1_iou_0.10,0.4804234752945569,higher,available,,False
model_independent_aviation_simulation,simulated_maneuver_state_segmentation,causal_tcn_raw,mult,29,simulation_g1_to_g2_clean_locked__seed_29,held_out,segmental_f1_iou_0.25,0.4134454276409578,higher,available,,False
model_independent_aviation_simulation,simulated_maneuver_state_segmentation,causal_tcn_raw,mult,29,simulation_g1_to_g2_clean_locked__seed_29,held_out,segmental_f1_iou_0.50,0.29802682294700483,higher,available,,False
model_independent_aviation_simulation,simulated_maneuver_state_segmentation,causal_tcn_raw,mult,29,simulation_g1_to_g2_clean_locked__seed_29,held_out,boundary_f1_1s,0.29468630918659944,higher,available,,False
model_independent_aviation_simulation,simulated_maneuver_state_segmentation,causal_tcn_raw,mult,29,simulation_g1_to_g2_clean_locked__seed_29,held_out,boundary_f1_2s,0.3644572066918719,higher,available,,False
model_independent_aviation_simulation,simulated_maneuver_state_segmentation,causal_tcn_raw,mult,29,simulation_g1_to_g2_clean_locked__seed_29,held_out,edit_score,0.5116972205050282,higher,available,,False
model_independent_aviation_simulation,simulated_maneuver_state_segmentation,causal_tcn_raw,mult,29,simulation_g1_to_g2_clean_locked__seed_29,held_out,boundary_detection_delay_s,1.6399793388429753,lower,available,,False
model_independent_aviation_simulation,simulated_maneuver_state_segmentation,causal_tcn_duration,mult,29,simulation_g1_to_g2_clean_locked__seed_29,held_out,frame_macro_f1,0.4464242165850273,higher,available,,False
model_independent_aviation_simulation,simulated_maneuver_state_segmentation,causal_tcn_duration,mult,29,simulation_g1_to_g2_clean_locked__seed_29,held_out,segmental_f1_iou_0.10,0.5566788097897706,higher,available,,False
model_independent_aviation_simulation,simulated_maneuver_state_segmentation,causal_tcn_duration,mult,29,simulation_g1_to_g2_clean_locked__seed_29,held_out,segmental_f1_iou_0.25,0.49182148068490866,higher,available,,False
model_independent_aviation_simulation,simulated_maneuver_state_segmentation,causal_tcn_duration,mult,29,simulation_g1_to_g2_clean_locked__seed_29,held_out,segmental_f1_iou_0.50,0.3809273874606945,higher,available,,False
model_independent_aviation_simulation,simulated_maneuver_state_segmentation,causal_tcn_duration,mult,29,simulation_g1_to_g2_clean_locked__seed_29,held_out,boundary_f1_1s,0.29780922766603884,higher,available,,False
model_independent_aviation_simulation,simulated_maneuver_state_segmentation,causal_tcn_duration,mult,29,simulation_g1_to_g2_clean_locked__seed_29,held_out,boundary_f1_2s,0.38555624578022024,higher,available,,False
model_independent_aviation_simulation,simulated_maneuver_state_segmentation,causal_tcn_duration,mult,29,simulation_g1_to_g2_clean_locked__seed_29,held_out,edit_score,0.539320531898657,higher,available,,False
model_independent_aviation_simulation,simulated_maneuver_state_segmentation,causal_tcn_duration,mult,29,simulation_g1_to_g2_clean_locked__seed_29,held_out,boundary_detection_delay_s,1.8900070621468927,lower,available,,False
model_independent_aviation_simulation,simulated_future_workload_classification,linear,contiformer,29,simulation_g1_to_g2_clean_locked__seed_29,validation,macro_f1,0.563055066736645,higher,available,,False
model_independent_aviation_simulation,simulated_future_workload_classification,linear,contiformer,29,simulation_g1_to_g2_clean_locked__seed_29,validation,balanced_accuracy,0.5613422181967178,higher,available,,False
model_independent_aviation_simulation,simulated_future_workload_classification,linear,contiformer,29,simulation_g1_to_g2_clean_locked__seed_29,validation,macro_auprc,0.6041622227723538,higher,available,,False
model_independent_aviation_simulation,simulated_future_workload_classification,linear,contiformer,29,simulation_g1_to_g2_clean_locked__seed_29,validation,brier_score,0.6042840295796938,lower,available,,False
model_independent_aviation_simulation,simulated_future_workload_classification,linear,contiformer,29,simulation_g1_to_g2_clean_locked__seed_29,validation,ece_10_bins,0.21000897501659077,lower,available,,False
model_independent_aviation_simulation,simulated_future_workload_regression,linear,contiformer,29,simulation_g1_to_g2_clean_locked__seed_29,validation,mae,0.12212723679840565,lower,available,,False
model_independent_aviation_simulation,simulated_future_workload_regression,linear,contiformer,29,simulation_g1_to_g2_clean_locked__seed_29,validation,rmse,0.15267600806381543,lower,available,,False
model_independent_aviation_simulation,simulated_future_workload_regression,linear,contiformer,29,simulation_g1_to_g2_clean_locked__seed_29,validation,spearman,0.6182854042322301,higher,available,,False
model_independent_aviation_simulation,simulated_future_workload_classification,minirocket,contiformer,29,simulation_g1_to_g2_clean_locked__seed_29,validation,macro_f1,0.6350598719019772,higher,available,,False
model_independent_aviation_simulation,simulated_future_workload_classification,minirocket,contiformer,29,simulation_g1_to_g2_clean_locked__seed_29,validation,balanced_accuracy,0.6410903366328093,higher,available,,False
model_independent_aviation_simulation,simulated_future_workload_classification,minirocket,contiformer,29,simulation_g1_to_g2_clean_locked__seed_29,validation,macro_auprc,0.6098156677490523,higher,available,,False
model_independent_aviation_simulation,simulated_future_workload_classification,minirocket,contiformer,29,simulation_g1_to_g2_clean_locked__seed_29,validation,brier_score,0.6321293510003912,lower,available,,False
model_independent_aviation_simulation,simulated_future_workload_classification,minirocket,contiformer,29,simulation_g1_to_g2_clean_locked__seed_29,validation,ece_10_bins,0.27617264985101625,lower,available,,False
model_independent_aviation_simulation,simulated_future_workload_regression,minirocket,contiformer,29,simulation_g1_to_g2_clean_locked__seed_29,validation,mae,0.09445267170667648,lower,available,,False
model_independent_aviation_simulation,simulated_future_workload_regression,minirocket,contiformer,29,simulation_g1_to_g2_clean_locked__seed_29,validation,rmse,0.12126099327623148,lower,available,,False
model_independent_aviation_simulation,simulated_future_workload_regression,minirocket,contiformer,29,simulation_g1_to_g2_clean_locked__seed_29,validation,spearman,0.7906538252848616,higher,available,,False
model_independent_aviation_simulation,simulated_maneuver_state_segmentation,causal_tcn_raw,contiformer,29,simulation_g1_to_g2_clean_locked__seed_29,validation,frame_macro_f1,0.6327821646512634,higher,available,,False
model_independent_aviation_simulation,simulated_maneuver_state_segmentation,causal_tcn_raw,contiformer,29,simulation_g1_to_g2_clean_locked__seed_29,validation,segmental_f1_iou_0.10,0.6848563915659504,higher,available,,False
model_independent_aviation_simulation,simulated_maneuver_state_segmentation,causal_tcn_raw,contiformer,29,simulation_g1_to_g2_clean_locked__seed_29,validation,segmental_f1_iou_0.25,0.6130732387166211,higher,available,,False
model_independent_aviation_simulation,simulated_maneuver_state_segmentation,causal_tcn_raw,contiformer,29,simulation_g1_to_g2_clean_locked__seed_29,validation,segmental_f1_iou_0.50,0.4310231078153872,higher,available,,False
model_independent_aviation_simulation,simulated_maneuver_state_segmentation,causal_tcn_raw,contiformer,29,simulation_g1_to_g2_clean_locked__seed_29,validation,boundary_f1_1s,0.27566166472416476,higher,available,,False
model_independent_aviation_simulation,simulated_maneuver_state_segmentation,causal_tcn_raw,contiformer,29,simulation_g1_to_g2_clean_locked__seed_29,validation,boundary_f1_2s,0.3862676675176675,higher,available,,False
model_independent_aviation_simulation,simulated_maneuver_state_segmentation,causal_tcn_raw,contiformer,29,simulation_g1_to_g2_clean_locked__seed_29,validation,edit_score,0.584517797017797,higher,available,,False
model_independent_aviation_simulation,simulated_maneuver_state_segmentation,causal_tcn_raw,contiformer,29,simulation_g1_to_g2_clean_locked__seed_29,validation,boundary_detection_delay_s,2.6960495283018866,lower,available,,False
model_independent_aviation_simulation,simulated_maneuver_state_segmentation,causal_tcn_duration,contiformer,29,simulation_g1_to_g2_clean_locked__seed_29,validation,frame_macro_f1,0.6831345850141486,higher,available,,False
model_independent_aviation_simulation,simulated_maneuver_state_segmentation,causal_tcn_duration,contiformer,29,simulation_g1_to_g2_clean_locked__seed_29,validation,segmental_f1_iou_0.10,0.8438168891293891,higher,available,,False
model_independent_aviation_simulation,simulated_maneuver_state_segmentation,causal_tcn_duration,contiformer,29,simulation_g1_to_g2_clean_locked__seed_29,validation,segmental_f1_iou_0.25,0.7722710738335739,higher,available,,False
model_independent_aviation_simulation,simulated_maneuver_state_segmentation,causal_tcn_duration,contiformer,29,simulation_g1_to_g2_clean_locked__seed_29,validation,segmental_f1_iou_0.50,0.6023163179413179,higher,available,,False
model_independent_aviation_simulation,simulated_maneuver_state_segmentation,causal_tcn_duration,contiformer,29,simulation_g1_to_g2_clean_locked__seed_29,validation,boundary_f1_1s,0.32562003968253966,higher,available,,False
model_independent_aviation_simulation,simulated_maneuver_state_segmentation,causal_tcn_duration,contiformer,29,simulation_g1_to_g2_clean_locked__seed_29,validation,boundary_f1_2s,0.49124503968253963,higher,available,,False
model_independent_aviation_simulation,simulated_maneuver_state_segmentation,causal_tcn_duration,contiformer,29,simulation_g1_to_g2_clean_locked__seed_29,validation,edit_score,0.7898809523809524,higher,available,,False
model_independent_aviation_simulation,simulated_maneuver_state_segmentation,causal_tcn_duration,contiformer,29,simulation_g1_to_g2_clean_locked__seed_29,validation,boundary_detection_delay_s,2.8110119047619047,lower,available,,False
model_independent_aviation_simulation,simulated_future_workload_classification,linear,contiformer,29,simulation_g1_to_g2_clean_locked__seed_29,held_out,macro_f1,0.44518002322880373,higher,available,,False
model_independent_aviation_simulation,simulated_future_workload_classification,linear,contiformer,29,simulation_g1_to_g2_clean_locked__seed_29,held_out,balanced_accuracy,0.47228968259013904,higher,available,,False
model_independent_aviation_simulation,simulated_future_workload_classification,linear,contiformer,29,simulation_g1_to_g2_clean_locked__seed_29,held_out,macro_auprc,0.5061463839972098,higher,available,,False
model_independent_aviation_simulation,simulated_future_workload_classification,linear,contiformer,29,simulation_g1_to_g2_clean_locked__seed_29,held_out,brier_score,0.6843796461662404,lower,available,,False
model_independent_aviation_simulation,simulated_future_workload_classification,linear,contiformer,29,simulation_g1_to_g2_clean_locked__seed_29,held_out,ece_10_bins,0.20663964134351534,lower,available,,False
model_independent_aviation_simulation,simulated_future_workload_regression,linear,contiformer,29,simulation_g1_to_g2_clean_locked__seed_29,held_out,mae,0.17934646410867572,lower,available,,False
model_independent_aviation_simulation,simulated_future_workload_regression,linear,contiformer,29,simulation_g1_to_g2_clean_locked__seed_29,held_out,rmse,0.20931305512956652,lower,available,,False
model_independent_aviation_simulation,simulated_future_workload_regression,linear,contiformer,29,simulation_g1_to_g2_clean_locked__seed_29,held_out,spearman,0.5890029420604108,higher,available,,False
model_independent_aviation_simulation,simulated_future_workload_classification,minirocket,contiformer,29,simulation_g1_to_g2_clean_locked__seed_29,held_out,macro_f1,0.41419129840991126,higher,available,,False
model_independent_aviation_simulation,simulated_future_workload_classification,minirocket,contiformer,29,simulation_g1_to_g2_clean_locked__seed_29,held_out,balanced_accuracy,0.4131371826007349,higher,available,,False
model_independent_aviation_simulation,simulated_future_workload_classification,minirocket,contiformer,29,simulation_g1_to_g2_clean_locked__seed_29,held_out,macro_auprc,0.5035022929554419,higher,available,,False
model_independent_aviation_simulation,simulated_future_workload_classification,minirocket,contiformer,29,simulation_g1_to_g2_clean_locked__seed_29,held_out,brier_score,0.7554158607783426,lower,available,,False
model_independent_aviation_simulation,simulated_future_workload_classification,minirocket,contiformer,29,simulation_g1_to_g2_clean_locked__seed_29,held_out,ece_10_bins,0.3505472610071667,lower,available,,False
model_independent_aviation_simulation,simulated_future_workload_regression,minirocket,contiformer,29,simulation_g1_to_g2_clean_locked__seed_29,held_out,mae,0.15898123305911818,lower,available,,False
model_independent_aviation_simulation,simulated_future_workload_regression,minirocket,contiformer,29,simulation_g1_to_g2_clean_locked__seed_29,held_out,rmse,0.18880546694617165,lower,available,,False
model_independent_aviation_simulation,simulated_future_workload_regression,minirocket,contiformer,29,simulation_g1_to_g2_clean_locked__seed_29,held_out,spearman,0.6036628036848144,higher,available,,False
model_independent_aviation_simulation,simulated_maneuver_state_segmentation,causal_tcn_raw,contiformer,29,simulation_g1_to_g2_clean_locked__seed_29,held_out,frame_macro_f1,0.3262466313244722,higher,available,,False
model_independent_aviation_simulation,simulated_maneuver_state_segmentation,causal_tcn_raw,contiformer,29,simulation_g1_to_g2_clean_locked__seed_29,held_out,segmental_f1_iou_0.10,0.43467556636940347,higher,available,,False
model_independent_aviation_simulation,simulated_maneuver_state_segmentation,causal_tcn_raw,contiformer,29,simulation_g1_to_g2_clean_locked__seed_29,held_out,segmental_f1_iou_0.25,0.3604657560612476,higher,available,,False
model_independent_aviation_simulation,simulated_maneuver_state_segmentation,causal_tcn_raw,contiformer,29,simulation_g1_to_g2_clean_locked__seed_29,held_out,segmental_f1_iou_0.50,0.24768682196966832,higher,available,,False
model_independent_aviation_simulation,simulated_maneuver_state_segmentation,causal_tcn_raw,contiformer,29,simulation_g1_to_g2_clean_locked__seed_29,held_out,boundary_f1_1s,0.27736890691974864,higher,available,,False
model_independent_aviation_simulation,simulated_maneuver_state_segmentation,causal_tcn_raw,contiformer,29,simulation_g1_to_g2_clean_locked__seed_29,held_out,boundary_f1_2s,0.367465721189357,higher,available,,False
model_independent_aviation_simulation,simulated_maneuver_state_segmentation,causal_tcn_raw,contiformer,29,simulation_g1_to_g2_clean_locked__seed_29,held_out,edit_score,0.4492747920482296,higher,available,,False
model_independent_aviation_simulation,simulated_maneuver_state_segmentation,causal_tcn_raw,contiformer,29,simulation_g1_to_g2_clean_locked__seed_29,held_out,boundary_detection_delay_s,2.0591359773371103,lower,available,,False
model_independent_aviation_simulation,simulated_maneuver_state_segmentation,causal_tcn_duration,contiformer,29,simulation_g1_to_g2_clean_locked__seed_29,held_out,frame_macro_f1,0.33818982335962416,higher,available,,False
model_independent_aviation_simulation,simulated_maneuver_state_segmentation,causal_tcn_duration,contiformer,29,simulation_g1_to_g2_clean_locked__seed_29,held_out,segmental_f1_iou_0.10,0.4980513250008219,higher,available,,False
model_independent_aviation_simulation,simulated_maneuver_state_segmentation,causal_tcn_duration,contiformer,29,simulation_g1_to_g2_clean_locked__seed_29,held_out,segmental_f1_iou_0.25,0.42782870334752116,higher,available,,False
model_independent_aviation_simulation,simulated_maneuver_state_segmentation,causal_tcn_duration,contiformer,29,simulation_g1_to_g2_clean_locked__seed_29,held_out,segmental_f1_iou_0.50,0.3122282401246701,higher,available,,False
model_independent_aviation_simulation,simulated_maneuver_state_segmentation,causal_tcn_duration,contiformer,29,simulation_g1_to_g2_clean_locked__seed_29,held_out,boundary_f1_1s,0.2654561857650577,higher,available,,False
model_independent_aviation_simulation,simulated_maneuver_state_segmentation,causal_tcn_duration,contiformer,29,simulation_g1_to_g2_clean_locked__seed_29,held_out,boundary_f1_2s,0.357840679281517,higher,available,,False
model_independent_aviation_simulation,simulated_maneuver_state_segmentation,causal_tcn_duration,contiformer,29,simulation_g1_to_g2_clean_locked__seed_29,held_out,edit_score,0.5073059391418767,higher,available,,False
model_independent_aviation_simulation,simulated_maneuver_state_segmentation,causal_tcn_duration,contiformer,29,simulation_g1_to_g2_clean_locked__seed_29,held_out,boundary_detection_delay_s,2.1630434782608696,lower,available,,False
model_independent_aviation_simulation,simulated_future_workload_classification,linear,chronaris,29,simulation_g1_to_g2_clean_locked__seed_29,validation,macro_f1,0.5538377744260097,higher,available,,False
model_independent_aviation_simulation,simulated_future_workload_classification,linear,chronaris,29,simulation_g1_to_g2_clean_locked__seed_29,validation,balanced_accuracy,0.5667443013952687,higher,available,,False
model_independent_aviation_simulation,simulated_future_workload_classification,linear,chronaris,29,simulation_g1_to_g2_clean_locked__seed_29,validation,macro_auprc,0.5606372194480972,higher,available,,False
model_independent_aviation_simulation,simulated_future_workload_classification,linear,chronaris,29,simulation_g1_to_g2_clean_locked__seed_29,validation,brier_score,0.6191738673902208,lower,available,,False
model_independent_aviation_simulation,simulated_future_workload_classification,linear,chronaris,29,simulation_g1_to_g2_clean_locked__seed_29,validation,ece_10_bins,0.16796536687300256,lower,available,,False
model_independent_aviation_simulation,simulated_future_workload_regression,linear,chronaris,29,simulation_g1_to_g2_clean_locked__seed_29,validation,mae,0.12598050137360892,lower,available,,False
model_independent_aviation_simulation,simulated_future_workload_regression,linear,chronaris,29,simulation_g1_to_g2_clean_locked__seed_29,validation,rmse,0.16246852053799116,lower,available,,False
model_independent_aviation_simulation,simulated_future_workload_regression,linear,chronaris,29,simulation_g1_to_g2_clean_locked__seed_29,validation,spearman,0.5989419424850786,higher,available,,False
model_independent_aviation_simulation,simulated_future_workload_classification,minirocket,chronaris,29,simulation_g1_to_g2_clean_locked__seed_29,validation,macro_f1,0.6060145121714139,higher,available,,False
model_independent_aviation_simulation,simulated_future_workload_classification,minirocket,chronaris,29,simulation_g1_to_g2_clean_locked__seed_29,validation,balanced_accuracy,0.6120851394190335,higher,available,,False
model_independent_aviation_simulation,simulated_future_workload_classification,minirocket,chronaris,29,simulation_g1_to_g2_clean_locked__seed_29,validation,macro_auprc,0.5776831903209748,higher,available,,False
model_independent_aviation_simulation,simulated_future_workload_classification,minirocket,chronaris,29,simulation_g1_to_g2_clean_locked__seed_29,validation,brier_score,0.6629118153360165,lower,available,,False
model_independent_aviation_simulation,simulated_future_workload_classification,minirocket,chronaris,29,simulation_g1_to_g2_clean_locked__seed_29,validation,ece_10_bins,0.30197792333758566,lower,available,,False
model_independent_aviation_simulation,simulated_future_workload_regression,minirocket,chronaris,29,simulation_g1_to_g2_clean_locked__seed_29,validation,mae,0.11146100300053756,lower,available,,False
model_independent_aviation_simulation,simulated_future_workload_regression,minirocket,chronaris,29,simulation_g1_to_g2_clean_locked__seed_29,validation,rmse,0.13935289397225076,lower,available,,False
model_independent_aviation_simulation,simulated_future_workload_regression,minirocket,chronaris,29,simulation_g1_to_g2_clean_locked__seed_29,validation,spearman,0.7119370591427021,higher,available,,False
model_independent_aviation_simulation,simulated_maneuver_state_segmentation,causal_tcn_raw,chronaris,29,simulation_g1_to_g2_clean_locked__seed_29,validation,frame_macro_f1,0.6251998744611817,higher,available,,False
model_independent_aviation_simulation,simulated_maneuver_state_segmentation,causal_tcn_raw,chronaris,29,simulation_g1_to_g2_clean_locked__seed_29,validation,segmental_f1_iou_0.10,0.6376964011614747,higher,available,,False
model_independent_aviation_simulation,simulated_maneuver_state_segmentation,causal_tcn_raw,chronaris,29,simulation_g1_to_g2_clean_locked__seed_29,validation,segmental_f1_iou_0.25,0.5642230488737842,higher,available,,False
model_independent_aviation_simulation,simulated_maneuver_state_segmentation,causal_tcn_raw,chronaris,29,simulation_g1_to_g2_clean_locked__seed_29,validation,segmental_f1_iou_0.50,0.4026666773449861,higher,available,,False
model_independent_aviation_simulation,simulated_maneuver_state_segmentation,causal_tcn_raw,chronaris,29,simulation_g1_to_g2_clean_locked__seed_29,validation,boundary_f1_1s,0.2735564204314204,higher,available,,False
model_independent_aviation_simulation,simulated_maneuver_state_segmentation,causal_tcn_raw,chronaris,29,simulation_g1_to_g2_clean_locked__seed_29,validation,boundary_f1_2s,0.352452004014504,higher,available,,False
model_independent_aviation_simulation,simulated_maneuver_state_segmentation,causal_tcn_raw,chronaris,29,simulation_g1_to_g2_clean_locked__seed_29,validation,edit_score,0.5678214725089724,higher,available,,False
model_independent_aviation_simulation,simulated_maneuver_state_segmentation,causal_tcn_raw,chronaris,29,simulation_g1_to_g2_clean_locked__seed_29,validation,boundary_detection_delay_s,2.8348214285714284,lower,available,,False
model_independent_aviation_simulation,simulated_maneuver_state_segmentation,causal_tcn_duration,chronaris,29,simulation_g1_to_g2_clean_locked__seed_29,validation,frame_macro_f1,0.662625641497776,higher,available,,False
model_independent_aviation_simulation,simulated_maneuver_state_segmentation,causal_tcn_duration,chronaris,29,simulation_g1_to_g2_clean_locked__seed_29,validation,segmental_f1_iou_0.10,0.7769094909719909,higher,available,,False
model_independent_aviation_simulation,simulated_maneuver_state_segmentation,causal_tcn_duration,chronaris,29,simulation_g1_to_g2_clean_locked__seed_29,validation,segmental_f1_iou_0.25,0.7156382968882968,higher,available,,False
model_independent_aviation_simulation,simulated_maneuver_state_segmentation,causal_tcn_duration,chronaris,29,simulation_g1_to_g2_clean_locked__seed_29,validation,segmental_f1_iou_0.50,0.5724886224886224,higher,available,,False
model_independent_aviation_simulation,simulated_maneuver_state_segmentation,causal_tcn_duration,chronaris,29,simulation_g1_to_g2_clean_locked__seed_29,validation,boundary_f1_1s,0.3247536606911607,higher,available,,False
model_independent_aviation_simulation,simulated_maneuver_state_segmentation,causal_tcn_duration,chronaris,29,simulation_g1_to_g2_clean_locked__seed_29,validation,boundary_f1_2s,0.4305546883671884,higher,available,,False
model_independent_aviation_simulation,simulated_maneuver_state_segmentation,causal_tcn_duration,chronaris,29,simulation_g1_to_g2_clean_locked__seed_29,validation,edit_score,0.7267996182058681,higher,available,,False
model_independent_aviation_simulation,simulated_maneuver_state_segmentation,causal_tcn_duration,chronaris,29,simulation_g1_to_g2_clean_locked__seed_29,validation,boundary_detection_delay_s,3.1050857843137254,lower,available,,False
model_independent_aviation_simulation,simulated_future_workload_classification,linear,chronaris,29,simulation_g1_to_g2_clean_locked__seed_29,held_out,macro_f1,0.4497300944669366,higher,available,,False
model_independent_aviation_simulation,simulated_future_workload_classification,linear,chronaris,29,simulation_g1_to_g2_clean_locked__seed_29,held_out,balanced_accuracy,0.4442297014931699,higher,available,,False
model_independent_aviation_simulation,simulated_future_workload_classification,linear,chronaris,29,simulation_g1_to_g2_clean_locked__seed_29,held_out,macro_auprc,0.5062199052021757,higher,available,,False
model_independent_aviation_simulation,simulated_future_workload_classification,linear,chronaris,29,simulation_g1_to_g2_clean_locked__seed_29,held_out,brier_score,0.5495428798444814,lower,available,,False
model_independent_aviation_simulation,simulated_future_workload_classification,linear,chronaris,29,simulation_g1_to_g2_clean_locked__seed_29,held_out,ece_10_bins,0.15362747119048037,lower,available,,False
model_independent_aviation_simulation,simulated_future_workload_regression,linear,chronaris,29,simulation_g1_to_g2_clean_locked__seed_29,held_out,mae,0.1710568593504528,lower,available,,False
model_independent_aviation_simulation,simulated_future_workload_regression,linear,chronaris,29,simulation_g1_to_g2_clean_locked__seed_29,held_out,rmse,0.2113946678002734,lower,available,,False
model_independent_aviation_simulation,simulated_future_workload_regression,linear,chronaris,29,simulation_g1_to_g2_clean_locked__seed_29,held_out,spearman,0.5019042221809168,higher,available,,False
model_independent_aviation_simulation,simulated_future_workload_classification,minirocket,chronaris,29,simulation_g1_to_g2_clean_locked__seed_29,held_out,macro_f1,0.48993610245027625,higher,available,,False
model_independent_aviation_simulation,simulated_future_workload_classification,minirocket,chronaris,29,simulation_g1_to_g2_clean_locked__seed_29,held_out,balanced_accuracy,0.5063829516701209,higher,available,,False
model_independent_aviation_simulation,simulated_future_workload_classification,minirocket,chronaris,29,simulation_g1_to_g2_clean_locked__seed_29,held_out,macro_auprc,0.5216068095570886,higher,available,,False
model_independent_aviation_simulation,simulated_future_workload_classification,minirocket,chronaris,29,simulation_g1_to_g2_clean_locked__seed_29,held_out,brier_score,0.6668910251071857,lower,available,,False
model_independent_aviation_simulation,simulated_future_workload_classification,minirocket,chronaris,29,simulation_g1_to_g2_clean_locked__seed_29,held_out,ece_10_bins,0.26546488604939283,lower,available,,False
model_independent_aviation_simulation,simulated_future_workload_regression,minirocket,chronaris,29,simulation_g1_to_g2_clean_locked__seed_29,held_out,mae,0.18589421811824045,lower,available,,False
model_independent_aviation_simulation,simulated_future_workload_regression,minirocket,chronaris,29,simulation_g1_to_g2_clean_locked__seed_29,held_out,rmse,0.22181994335215158,lower,available,,False
model_independent_aviation_simulation,simulated_future_workload_regression,minirocket,chronaris,29,simulation_g1_to_g2_clean_locked__seed_29,held_out,spearman,0.5185435423661822,higher,available,,False
model_independent_aviation_simulation,simulated_maneuver_state_segmentation,causal_tcn_raw,chronaris,29,simulation_g1_to_g2_clean_locked__seed_29,held_out,frame_macro_f1,0.42613046992823567,higher,available,,False
model_independent_aviation_simulation,simulated_maneuver_state_segmentation,causal_tcn_raw,chronaris,29,simulation_g1_to_g2_clean_locked__seed_29,held_out,segmental_f1_iou_0.10,0.49170883271510535,higher,available,,False
model_independent_aviation_simulation,simulated_maneuver_state_segmentation,causal_tcn_raw,chronaris,29,simulation_g1_to_g2_clean_locked__seed_29,held_out,segmental_f1_iou_0.25,0.4102852125353576,higher,available,,False
model_independent_aviation_simulation,simulated_maneuver_state_segmentation,causal_tcn_raw,chronaris,29,simulation_g1_to_g2_clean_locked__seed_29,held_out,segmental_f1_iou_0.50,0.28741683918614064,higher,available,,False
model_independent_aviation_simulation,simulated_maneuver_state_segmentation,causal_tcn_raw,chronaris,29,simulation_g1_to_g2_clean_locked__seed_29,held_out,boundary_f1_1s,0.21361173014953128,higher,available,,False
model_independent_aviation_simulation,simulated_maneuver_state_segmentation,causal_tcn_raw,chronaris,29,simulation_g1_to_g2_clean_locked__seed_29,held_out,boundary_f1_2s,0.35403155338185455,higher,available,,False
model_independent_aviation_simulation,simulated_maneuver_state_segmentation,causal_tcn_raw,chronaris,29,simulation_g1_to_g2_clean_locked__seed_29,held_out,edit_score,0.512428484705776,higher,available,,False
model_independent_aviation_simulation,simulated_maneuver_state_segmentation,causal_tcn_raw,chronaris,29,simulation_g1_to_g2_clean_locked__seed_29,held_out,boundary_detection_delay_s,2.1480855855855854,lower,available,,False
model_independent_aviation_simulation,simulated_maneuver_state_segmentation,causal_tcn_duration,chronaris,29,simulation_g1_to_g2_clean_locked__seed_29,held_out,frame_macro_f1,0.443548118997888,higher,available,,False
model_independent_aviation_simulation,simulated_maneuver_state_segmentation,causal_tcn_duration,chronaris,29,simulation_g1_to_g2_clean_locked__seed_29,held_out,segmental_f1_iou_0.10,0.6054105344546521,higher,available,,False
model_independent_aviation_simulation,simulated_maneuver_state_segmentation,causal_tcn_duration,chronaris,29,simulation_g1_to_g2_clean_locked__seed_29,held_out,segmental_f1_iou_0.25,0.505661702812438,higher,available,,False
model_independent_aviation_simulation,simulated_maneuver_state_segmentation,causal_tcn_duration,chronaris,29,simulation_g1_to_g2_clean_locked__seed_29,held_out,segmental_f1_iou_0.50,0.3729401725725255,higher,available,,False
model_independent_aviation_simulation,simulated_maneuver_state_segmentation,causal_tcn_duration,chronaris,29,simulation_g1_to_g2_clean_locked__seed_29,held_out,boundary_f1_1s,0.18903968990317677,higher,available,,False
model_independent_aviation_simulation,simulated_maneuver_state_segmentation,causal_tcn_duration,chronaris,29,simulation_g1_to_g2_clean_locked__seed_29,held_out,boundary_f1_2s,0.34007929357435945,higher,available,,False
model_independent_aviation_simulation,simulated_maneuver_state_segmentation,causal_tcn_duration,chronaris,29,simulation_g1_to_g2_clean_locked__seed_29,held_out,edit_score,0.6118186934593185,higher,available,,False
model_independent_aviation_simulation,simulated_maneuver_state_segmentation,causal_tcn_duration,chronaris,29,simulation_g1_to_g2_clean_locked__seed_29,held_out,boundary_detection_delay_s,2.2357315112540195,lower,available,,False
model_independent_aviation_simulation,simulated_future_workload_classification,linear,physiology_only,43,simulation_g1_to_g2_clean_locked__seed_43,validation,macro_f1,0.3997718200354541,higher,available,,False
model_independent_aviation_simulation,simulated_future_workload_classification,linear,physiology_only,43,simulation_g1_to_g2_clean_locked__seed_43,validation,balanced_accuracy,0.40302128485475835,higher,available,,False
model_independent_aviation_simulation,simulated_future_workload_classification,linear,physiology_only,43,simulation_g1_to_g2_clean_locked__seed_43,validation,macro_auprc,0.42876763688614483,higher,available,,False
model_independent_aviation_simulation,simulated_future_workload_classification,linear,physiology_only,43,simulation_g1_to_g2_clean_locked__seed_43,validation,brier_score,0.7422697266929575,lower,available,,False
model_independent_aviation_simulation,simulated_future_workload_classification,linear,physiology_only,43,simulation_g1_to_g2_clean_locked__seed_43,validation,ece_10_bins,0.2642427499847931,lower,available,,False
model_independent_aviation_simulation,simulated_future_workload_regression,linear,physiology_only,43,simulation_g1_to_g2_clean_locked__seed_43,validation,mae,0.1679661658902963,lower,available,,False
model_independent_aviation_simulation,simulated_future_workload_regression,linear,physiology_only,43,simulation_g1_to_g2_clean_locked__seed_43,validation,rmse,0.19841692024160376,lower,available,,False
model_independent_aviation_simulation,simulated_future_workload_regression,linear,physiology_only,43,simulation_g1_to_g2_clean_locked__seed_43,validation,spearman,0.31770211611502985,higher,available,,False
model_independent_aviation_simulation,simulated_future_workload_classification,minirocket,physiology_only,43,simulation_g1_to_g2_clean_locked__seed_43,validation,macro_f1,0.5433489827856025,higher,available,,False
model_independent_aviation_simulation,simulated_future_workload_classification,minirocket,physiology_only,43,simulation_g1_to_g2_clean_locked__seed_43,validation,balanced_accuracy,0.5516378771214768,higher,available,,False
model_independent_aviation_simulation,simulated_future_workload_classification,minirocket,physiology_only,43,simulation_g1_to_g2_clean_locked__seed_43,validation,macro_auprc,0.5422002345337161,higher,available,,False
model_independent_aviation_simulation,simulated_future_workload_classification,minirocket,physiology_only,43,simulation_g1_to_g2_clean_locked__seed_43,validation,brier_score,0.7886364417925925,lower,available,,False
model_independent_aviation_simulation,simulated_future_workload_classification,minirocket,physiology_only,43,simulation_g1_to_g2_clean_locked__seed_43,validation,ece_10_bins,0.3255837300085044,lower,available,,False
model_independent_aviation_simulation,simulated_future_workload_regression,minirocket,physiology_only,43,simulation_g1_to_g2_clean_locked__seed_43,validation,mae,0.1662489790469408,lower,available,,False
model_independent_aviation_simulation,simulated_future_workload_regression,minirocket,physiology_only,43,simulation_g1_to_g2_clean_locked__seed_43,validation,rmse,0.20801188687769329,lower,available,,False
model_independent_aviation_simulation,simulated_future_workload_regression,minirocket,physiology_only,43,simulation_g1_to_g2_clean_locked__seed_43,validation,spearman,0.382202930005426,higher,available,,False
model_independent_aviation_simulation,simulated_maneuver_state_segmentation,causal_tcn_raw,physiology_only,43,simulation_g1_to_g2_clean_locked__seed_43,validation,frame_macro_f1,0.3351369747440054,higher,available,,False
model_independent_aviation_simulation,simulated_maneuver_state_segmentation,causal_tcn_raw,physiology_only,43,simulation_g1_to_g2_clean_locked__seed_43,validation,segmental_f1_iou_0.10,0.4550732253857254,higher,available,,False
model_independent_aviation_simulation,simulated_maneuver_state_segmentation,causal_tcn_raw,physiology_only,43,simulation_g1_to_g2_clean_locked__seed_43,validation,segmental_f1_iou_0.25,0.35955254236504236,higher,available,,False
model_independent_aviation_simulation,simulated_maneuver_state_segmentation,causal_tcn_raw,physiology_only,43,simulation_g1_to_g2_clean_locked__seed_43,validation,segmental_f1_iou_0.50,0.21443145974395975,higher,available,,False
model_independent_aviation_simulation,simulated_maneuver_state_segmentation,causal_tcn_raw,physiology_only,43,simulation_g1_to_g2_clean_locked__seed_43,validation,boundary_f1_1s,0.15462512025012026,higher,available,,False
model_independent_aviation_simulation,simulated_maneuver_state_segmentation,causal_tcn_raw,physiology_only,43,simulation_g1_to_g2_clean_locked__seed_43,validation,boundary_f1_2s,0.24483751202501203,higher,available,,False
model_independent_aviation_simulation,simulated_maneuver_state_segmentation,causal_tcn_raw,physiology_only,43,simulation_g1_to_g2_clean_locked__seed_43,validation,edit_score,0.4746569113756614,higher,available,,False
model_independent_aviation_simulation,simulated_maneuver_state_segmentation,causal_tcn_raw,physiology_only,43,simulation_g1_to_g2_clean_locked__seed_43,validation,boundary_detection_delay_s,4.608883647798742,lower,available,,False
model_independent_aviation_simulation,simulated_maneuver_state_segmentation,causal_tcn_duration,physiology_only,43,simulation_g1_to_g2_clean_locked__seed_43,validation,frame_macro_f1,0.3528329358798761,higher,available,,False
model_independent_aviation_simulation,simulated_maneuver_state_segmentation,causal_tcn_duration,physiology_only,43,simulation_g1_to_g2_clean_locked__seed_43,validation,segmental_f1_iou_0.10,0.5200275419025419,higher,available,,False
model_independent_aviation_simulation,simulated_maneuver_state_segmentation,causal_tcn_duration,physiology_only,43,simulation_g1_to_g2_clean_locked__seed_43,validation,segmental_f1_iou_0.25,0.42922742766492766,higher,available,,False
model_independent_aviation_simulation,simulated_maneuver_state_segmentation,causal_tcn_duration,physiology_only,43,simulation_g1_to_g2_clean_locked__seed_43,validation,segmental_f1_iou_0.50,0.2559198613886114,higher,available,,False
model_independent_aviation_simulation,simulated_maneuver_state_segmentation,causal_tcn_duration,physiology_only,43,simulation_g1_to_g2_clean_locked__seed_43,validation,boundary_f1_1s,0.14144443519443517,higher,available,,False
model_independent_aviation_simulation,simulated_maneuver_state_segmentation,causal_tcn_duration,physiology_only,43,simulation_g1_to_g2_clean_locked__seed_43,validation,boundary_f1_2s,0.23766106578606574,higher,available,,False
model_independent_aviation_simulation,simulated_maneuver_state_segmentation,causal_tcn_duration,physiology_only,43,simulation_g1_to_g2_clean_locked__seed_43,validation,edit_score,0.5906898656898657,higher,available,,False
model_independent_aviation_simulation,simulated_maneuver_state_segmentation,causal_tcn_duration,physiology_only,43,simulation_g1_to_g2_clean_locked__seed_43,validation,boundary_detection_delay_s,4.983552631578948,lower,available,,False
model_independent_aviation_simulation,simulated_future_workload_classification,linear,physiology_only,43,simulation_g1_to_g2_clean_locked__seed_43,held_out,macro_f1,0.3243913309933701,higher,available,,False
model_independent_aviation_simulation,simulated_future_workload_classification,linear,physiology_only,43,simulation_g1_to_g2_clean_locked__seed_43,held_out,balanced_accuracy,0.3491656812508212,higher,available,,False
model_independent_aviation_simulation,simulated_future_workload_classification,linear,physiology_only,43,simulation_g1_to_g2_clean_locked__seed_43,held_out,macro_auprc,0.3922265852906121,higher,available,,False
model_independent_aviation_simulation,simulated_future_workload_classification,linear,physiology_only,43,simulation_g1_to_g2_clean_locked__seed_43,held_out,brier_score,0.7547659846208035,lower,available,,False
model_independent_aviation_simulation,simulated_future_workload_classification,linear,physiology_only,43,simulation_g1_to_g2_clean_locked__seed_43,held_out,ece_10_bins,0.2547394065947671,lower,available,,False
model_independent_aviation_simulation,simulated_future_workload_regression,linear,physiology_only,43,simulation_g1_to_g2_clean_locked__seed_43,held_out,mae,0.23962749990945062,lower,available,,False
model_independent_aviation_simulation,simulated_future_workload_regression,linear,physiology_only,43,simulation_g1_to_g2_clean_locked__seed_43,held_out,rmse,0.27715186833090855,lower,available,,False
model_independent_aviation_simulation,simulated_future_workload_regression,linear,physiology_only,43,simulation_g1_to_g2_clean_locked__seed_43,held_out,spearman,0.2269180084527747,higher,available,,False
model_independent_aviation_simulation,simulated_future_workload_classification,minirocket,physiology_only,43,simulation_g1_to_g2_clean_locked__seed_43,held_out,macro_f1,0.3957315970338216,higher,available,,False
model_independent_aviation_simulation,simulated_future_workload_classification,minirocket,physiology_only,43,simulation_g1_to_g2_clean_locked__seed_43,held_out,balanced_accuracy,0.41722930732683167,higher,available,,False
model_independent_aviation_simulation,simulated_future_workload_classification,minirocket,physiology_only,43,simulation_g1_to_g2_clean_locked__seed_43,held_out,macro_auprc,0.4513248549973672,higher,available,,False
model_independent_aviation_simulation,simulated_future_workload_classification,minirocket,physiology_only,43,simulation_g1_to_g2_clean_locked__seed_43,held_out,brier_score,0.9107802543057014,lower,available,,False
model_independent_aviation_simulation,simulated_future_workload_classification,minirocket,physiology_only,43,simulation_g1_to_g2_clean_locked__seed_43,held_out,ece_10_bins,0.38624687280615366,lower,available,,False
model_independent_aviation_simulation,simulated_future_workload_regression,minirocket,physiology_only,43,simulation_g1_to_g2_clean_locked__seed_43,held_out,mae,0.22229331405833364,lower,available,,False
model_independent_aviation_simulation,simulated_future_workload_regression,minirocket,physiology_only,43,simulation_g1_to_g2_clean_locked__seed_43,held_out,rmse,0.26718811601048775,lower,available,,False
model_independent_aviation_simulation,simulated_future_workload_regression,minirocket,physiology_only,43,simulation_g1_to_g2_clean_locked__seed_43,held_out,spearman,0.3803086683754498,higher,available,,False
model_independent_aviation_simulation,simulated_maneuver_state_segmentation,causal_tcn_raw,physiology_only,43,simulation_g1_to_g2_clean_locked__seed_43,held_out,frame_macro_f1,0.33970454669677863,higher,available,,False
model_independent_aviation_simulation,simulated_maneuver_state_segmentation,causal_tcn_raw,physiology_only,43,simulation_g1_to_g2_clean_locked__seed_43,held_out,segmental_f1_iou_0.10,0.471896275021275,higher,available,,False
model_independent_aviation_simulation,simulated_maneuver_state_segmentation,causal_tcn_raw,physiology_only,43,simulation_g1_to_g2_clean_locked__seed_43,held_out,segmental_f1_iou_0.25,0.3744378306878307,higher,available,,False
model_independent_aviation_simulation,simulated_maneuver_state_segmentation,causal_tcn_raw,physiology_only,43,simulation_g1_to_g2_clean_locked__seed_43,held_out,segmental_f1_iou_0.50,0.17141391594516597,higher,available,,False
model_independent_aviation_simulation,simulated_maneuver_state_segmentation,causal_tcn_raw,physiology_only,43,simulation_g1_to_g2_clean_locked__seed_43,held_out,boundary_f1_1s,0.16402628043253045,higher,available,,False
model_independent_aviation_simulation,simulated_maneuver_state_segmentation,causal_tcn_raw,physiology_only,43,simulation_g1_to_g2_clean_locked__seed_43,held_out,boundary_f1_2s,0.2508277023902024,higher,available,,False
model_independent_aviation_simulation,simulated_maneuver_state_segmentation,causal_tcn_raw,physiology_only,43,simulation_g1_to_g2_clean_locked__seed_43,held_out,edit_score,0.4761827726671477,higher,available,,False
model_independent_aviation_simulation,simulated_maneuver_state_segmentation,causal_tcn_raw,physiology_only,43,simulation_g1_to_g2_clean_locked__seed_43,held_out,boundary_detection_delay_s,4.916158536585366,lower,available,,False
model_independent_aviation_simulation,simulated_maneuver_state_segmentation,causal_tcn_duration,physiology_only,43,simulation_g1_to_g2_clean_locked__seed_43,held_out,frame_macro_f1,0.35330627501428263,higher,available,,False
model_independent_aviation_simulation,simulated_maneuver_state_segmentation,causal_tcn_duration,physiology_only,43,simulation_g1_to_g2_clean_locked__seed_43,held_out,segmental_f1_iou_0.10,0.5008559004652754,higher,available,,False
model_independent_aviation_simulation,simulated_maneuver_state_segmentation,causal_tcn_duration,physiology_only,43,simulation_g1_to_g2_clean_locked__seed_43,held_out,segmental_f1_iou_0.25,0.38355115659803163,higher,available,,False
model_independent_aviation_simulation,simulated_maneuver_state_segmentation,causal_tcn_duration,physiology_only,43,simulation_g1_to_g2_clean_locked__seed_43,held_out,segmental_f1_iou_0.50,0.21016873751248752,higher,available,,False
model_independent_aviation_simulation,simulated_maneuver_state_segmentation,causal_tcn_duration,physiology_only,43,simulation_g1_to_g2_clean_locked__seed_43,held_out,boundary_f1_1s,0.16182327510452513,higher,available,,False
model_independent_aviation_simulation,simulated_maneuver_state_segmentation,causal_tcn_duration,physiology_only,43,simulation_g1_to_g2_clean_locked__seed_43,held_out,boundary_f1_2s,0.27351809070559074,higher,available,,False
model_independent_aviation_simulation,simulated_maneuver_state_segmentation,causal_tcn_duration,physiology_only,43,simulation_g1_to_g2_clean_locked__seed_43,held_out,edit_score,0.5801553481240981,higher,available,,False
model_independent_aviation_simulation,simulated_maneuver_state_segmentation,causal_tcn_duration,physiology_only,43,simulation_g1_to_g2_clean_locked__seed_43,held_out,boundary_detection_delay_s,4.698401162790698,lower,available,,False
model_independent_aviation_simulation,simulated_future_workload_classification,linear,vehicle_only,43,simulation_g1_to_g2_clean_locked__seed_43,validation,macro_f1,0.6143292043710531,higher,available,,False
model_independent_aviation_simulation,simulated_future_workload_classification,linear,vehicle_only,43,simulation_g1_to_g2_clean_locked__seed_43,validation,balanced_accuracy,0.6203661771365724,higher,available,,False
model_independent_aviation_simulation,simulated_future_workload_classification,linear,vehicle_only,43,simulation_g1_to_g2_clean_locked__seed_43,validation,macro_auprc,0.6149178824140104,higher,available,,False
model_independent_aviation_simulation,simulated_future_workload_classification,linear,vehicle_only,43,simulation_g1_to_g2_clean_locked__seed_43,validation,brier_score,0.4858588529269728,lower,available,,False
model_independent_aviation_simulation,simulated_future_workload_classification,linear,vehicle_only,43,simulation_g1_to_g2_clean_locked__seed_43,validation,ece_10_bins,0.06503907045648129,lower,available,,False
model_independent_aviation_simulation,simulated_future_workload_regression,linear,vehicle_only,43,simulation_g1_to_g2_clean_locked__seed_43,validation,mae,0.11985397866616647,lower,available,,False
model_independent_aviation_simulation,simulated_future_workload_regression,linear,vehicle_only,43,simulation_g1_to_g2_clean_locked__seed_43,validation,rmse,0.14677565468138917,lower,available,,False
model_independent_aviation_simulation,simulated_future_workload_regression,linear,vehicle_only,43,simulation_g1_to_g2_clean_locked__seed_43,validation,spearman,0.6161557243624525,higher,available,,False
model_independent_aviation_simulation,simulated_future_workload_classification,minirocket,vehicle_only,43,simulation_g1_to_g2_clean_locked__seed_43,validation,macro_f1,0.5629989931876724,higher,available,,False
model_independent_aviation_simulation,simulated_future_workload_classification,minirocket,vehicle_only,43,simulation_g1_to_g2_clean_locked__seed_43,validation,balanced_accuracy,0.573548122749132,higher,available,,False
model_independent_aviation_simulation,simulated_future_workload_classification,minirocket,vehicle_only,43,simulation_g1_to_g2_clean_locked__seed_43,validation,macro_auprc,0.5911578638269998,higher,available,,False
model_independent_aviation_simulation,simulated_future_workload_classification,minirocket,vehicle_only,43,simulation_g1_to_g2_clean_locked__seed_43,validation,brier_score,0.6720969918512245,lower,available,,False
model_independent_aviation_simulation,simulated_future_workload_classification,minirocket,vehicle_only,43,simulation_g1_to_g2_clean_locked__seed_43,validation,ece_10_bins,0.31833889033567825,lower,available,,False
model_independent_aviation_simulation,simulated_future_workload_regression,minirocket,vehicle_only,43,simulation_g1_to_g2_clean_locked__seed_43,validation,mae,0.10091105258713166,lower,available,,False
model_independent_aviation_simulation,simulated_future_workload_regression,minirocket,vehicle_only,43,simulation_g1_to_g2_clean_locked__seed_43,validation,rmse,0.12968524086667968,lower,available,,False
model_independent_aviation_simulation,simulated_future_workload_regression,minirocket,vehicle_only,43,simulation_g1_to_g2_clean_locked__seed_43,validation,spearman,0.7581389039609332,higher,available,,False
model_independent_aviation_simulation,simulated_maneuver_state_segmentation,causal_tcn_raw,vehicle_only,43,simulation_g1_to_g2_clean_locked__seed_43,validation,frame_macro_f1,0.6273444456869561,higher,available,,False
model_independent_aviation_simulation,simulated_maneuver_state_segmentation,causal_tcn_raw,vehicle_only,43,simulation_g1_to_g2_clean_locked__seed_43,validation,segmental_f1_iou_0.10,0.6569031662781663,higher,available,,False
model_independent_aviation_simulation,simulated_maneuver_state_segmentation,causal_tcn_raw,vehicle_only,43,simulation_g1_to_g2_clean_locked__seed_43,validation,segmental_f1_iou_0.25,0.5981994278869278,higher,available,,False
model_independent_aviation_simulation,simulated_maneuver_state_segmentation,causal_tcn_raw,vehicle_only,43,simulation_g1_to_g2_clean_locked__seed_43,validation,segmental_f1_iou_0.50,0.4293068621193621,higher,available,,False
model_independent_aviation_simulation,simulated_maneuver_state_segmentation,causal_tcn_raw,vehicle_only,43,simulation_g1_to_g2_clean_locked__seed_43,validation,boundary_f1_1s,0.2913564444814445,higher,available,,False
model_independent_aviation_simulation,simulated_maneuver_state_segmentation,causal_tcn_raw,vehicle_only,43,simulation_g1_to_g2_clean_locked__seed_43,validation,boundary_f1_2s,0.37716814435564433,higher,available,,False
model_independent_aviation_simulation,simulated_maneuver_state_segmentation,causal_tcn_raw,vehicle_only,43,simulation_g1_to_g2_clean_locked__seed_43,validation,edit_score,0.543078854016354,higher,available,,False
model_independent_aviation_simulation,simulated_maneuver_state_segmentation,causal_tcn_raw,vehicle_only,43,simulation_g1_to_g2_clean_locked__seed_43,validation,boundary_detection_delay_s,2.4590412621359223,lower,available,,False
model_independent_aviation_simulation,simulated_maneuver_state_segmentation,causal_tcn_duration,vehicle_only,43,simulation_g1_to_g2_clean_locked__seed_43,validation,frame_macro_f1,0.6811498784365144,higher,available,,False
model_independent_aviation_simulation,simulated_maneuver_state_segmentation,causal_tcn_duration,vehicle_only,43,simulation_g1_to_g2_clean_locked__seed_43,validation,segmental_f1_iou_0.10,0.8222947191697191,higher,available,,False
model_independent_aviation_simulation,simulated_maneuver_state_segmentation,causal_tcn_duration,vehicle_only,43,simulation_g1_to_g2_clean_locked__seed_43,validation,segmental_f1_iou_0.25,0.7838342213342213,higher,available,,False
model_independent_aviation_simulation,simulated_maneuver_state_segmentation,causal_tcn_duration,vehicle_only,43,simulation_g1_to_g2_clean_locked__seed_43,validation,segmental_f1_iou_0.50,0.6421911421911423,higher,available,,False
model_independent_aviation_simulation,simulated_maneuver_state_segmentation,causal_tcn_duration,vehicle_only,43,simulation_g1_to_g2_clean_locked__seed_43,validation,boundary_f1_1s,0.32716825998076,higher,available,,False
model_independent_aviation_simulation,simulated_maneuver_state_segmentation,causal_tcn_duration,vehicle_only,43,simulation_g1_to_g2_clean_locked__seed_43,validation,boundary_f1_2s,0.45495580808080804,higher,available,,False
model_independent_aviation_simulation,simulated_maneuver_state_segmentation,causal_tcn_duration,vehicle_only,43,simulation_g1_to_g2_clean_locked__seed_43,validation,edit_score,0.7745411706349207,higher,available,,False
model_independent_aviation_simulation,simulated_maneuver_state_segmentation,causal_tcn_duration,vehicle_only,43,simulation_g1_to_g2_clean_locked__seed_43,validation,boundary_detection_delay_s,2.4752475247524752,lower,available,,False
model_independent_aviation_simulation,simulated_future_workload_classification,linear,vehicle_only,43,simulation_g1_to_g2_clean_locked__seed_43,held_out,macro_f1,0.513710816281496,higher,available,,False
model_independent_aviation_simulation,simulated_future_workload_classification,linear,vehicle_only,43,simulation_g1_to_g2_clean_locked__seed_43,held_out,balanced_accuracy,0.5208781008811525,higher,available,,False
model_independent_aviation_simulation,simulated_future_workload_classification,linear,vehicle_only,43,simulation_g1_to_g2_clean_locked__seed_43,held_out,macro_auprc,0.5420210460448197,higher,available,,False
model_independent_aviation_simulation,simulated_future_workload_classification,linear,vehicle_only,43,simulation_g1_to_g2_clean_locked__seed_43,held_out,brier_score,0.4944866898662794,lower,available,,False
model_independent_aviation_simulation,simulated_future_workload_classification,linear,vehicle_only,43,simulation_g1_to_g2_clean_locked__seed_43,held_out,ece_10_bins,0.11720873380212025,lower,available,,False
model_independent_aviation_simulation,simulated_future_workload_regression,linear,vehicle_only,43,simulation_g1_to_g2_clean_locked__seed_43,held_out,mae,0.18192581521968046,lower,available,,False
model_independent_aviation_simulation,simulated_future_workload_regression,linear,vehicle_only,43,simulation_g1_to_g2_clean_locked__seed_43,held_out,rmse,0.21055972217354701,lower,available,,False
model_independent_aviation_simulation,simulated_future_workload_regression,linear,vehicle_only,43,simulation_g1_to_g2_clean_locked__seed_43,held_out,spearman,0.5379964912296058,higher,available,,False
model_independent_aviation_simulation,simulated_future_workload_classification,minirocket,vehicle_only,43,simulation_g1_to_g2_clean_locked__seed_43,held_out,macro_f1,0.5236111111111111,higher,available,,False
model_independent_aviation_simulation,simulated_future_workload_classification,minirocket,vehicle_only,43,simulation_g1_to_g2_clean_locked__seed_43,held_out,balanced_accuracy,0.5431696907277668,higher,available,,False
model_independent_aviation_simulation,simulated_future_workload_classification,minirocket,vehicle_only,43,simulation_g1_to_g2_clean_locked__seed_43,held_out,macro_auprc,0.5503552182507819,higher,available,,False
model_independent_aviation_simulation,simulated_future_workload_classification,minirocket,vehicle_only,43,simulation_g1_to_g2_clean_locked__seed_43,held_out,brier_score,0.6182725551773045,lower,available,,False
model_independent_aviation_simulation,simulated_future_workload_classification,minirocket,vehicle_only,43,simulation_g1_to_g2_clean_locked__seed_43,held_out,ece_10_bins,0.25283536143843055,lower,available,,False
model_independent_aviation_simulation,simulated_future_workload_regression,minirocket,vehicle_only,43,simulation_g1_to_g2_clean_locked__seed_43,held_out,mae,0.175051422479252,lower,available,,False
model_independent_aviation_simulation,simulated_future_workload_regression,minirocket,vehicle_only,43,simulation_g1_to_g2_clean_locked__seed_43,held_out,rmse,0.20723156578832558,lower,available,,False
model_independent_aviation_simulation,simulated_future_workload_regression,minirocket,vehicle_only,43,simulation_g1_to_g2_clean_locked__seed_43,held_out,spearman,0.6106888219085498,higher,available,,False
model_independent_aviation_simulation,simulated_maneuver_state_segmentation,causal_tcn_raw,vehicle_only,43,simulation_g1_to_g2_clean_locked__seed_43,held_out,frame_macro_f1,0.3244207602419077,higher,available,,False
model_independent_aviation_simulation,simulated_maneuver_state_segmentation,causal_tcn_raw,vehicle_only,43,simulation_g1_to_g2_clean_locked__seed_43,held_out,segmental_f1_iou_0.10,0.40746185596345236,higher,available,,False
model_independent_aviation_simulation,simulated_maneuver_state_segmentation,causal_tcn_raw,vehicle_only,43,simulation_g1_to_g2_clean_locked__seed_43,held_out,segmental_f1_iou_0.25,0.34586446154751105,higher,available,,False
model_independent_aviation_simulation,simulated_maneuver_state_segmentation,causal_tcn_raw,vehicle_only,43,simulation_g1_to_g2_clean_locked__seed_43,held_out,segmental_f1_iou_0.50,0.24395815496458875,higher,available,,False
model_independent_aviation_simulation,simulated_maneuver_state_segmentation,causal_tcn_raw,vehicle_only,43,simulation_g1_to_g2_clean_locked__seed_43,held_out,boundary_f1_1s,0.28602748690185803,higher,available,,False
model_independent_aviation_simulation,simulated_maneuver_state_segmentation,causal_tcn_raw,vehicle_only,43,simulation_g1_to_g2_clean_locked__seed_43,held_out,boundary_f1_2s,0.4017161470298564,higher,available,,False
model_independent_aviation_simulation,simulated_maneuver_state_segmentation,causal_tcn_raw,vehicle_only,43,simulation_g1_to_g2_clean_locked__seed_43,held_out,edit_score,0.3911969468610093,higher,available,,False
model_independent_aviation_simulation,simulated_maneuver_state_segmentation,causal_tcn_raw,vehicle_only,43,simulation_g1_to_g2_clean_locked__seed_43,held_out,boundary_detection_delay_s,1.830472797927461,lower,available,,False
model_independent_aviation_simulation,simulated_maneuver_state_segmentation,causal_tcn_duration,vehicle_only,43,simulation_g1_to_g2_clean_locked__seed_43,held_out,frame_macro_f1,0.35755925624577467,higher,available,,False
model_independent_aviation_simulation,simulated_maneuver_state_segmentation,causal_tcn_duration,vehicle_only,43,simulation_g1_to_g2_clean_locked__seed_43,held_out,segmental_f1_iou_0.10,0.49578057020128424,higher,available,,False
model_independent_aviation_simulation,simulated_maneuver_state_segmentation,causal_tcn_duration,vehicle_only,43,simulation_g1_to_g2_clean_locked__seed_43,held_out,segmental_f1_iou_0.25,0.4438918239590646,higher,available,,False
model_independent_aviation_simulation,simulated_maneuver_state_segmentation,causal_tcn_duration,vehicle_only,43,simulation_g1_to_g2_clean_locked__seed_43,held_out,segmental_f1_iou_0.50,0.3432246831954166,higher,available,,False
model_independent_aviation_simulation,simulated_maneuver_state_segmentation,causal_tcn_duration,vehicle_only,43,simulation_g1_to_g2_clean_locked__seed_43,held_out,boundary_f1_1s,0.2646157381669185,higher,available,,False
model_independent_aviation_simulation,simulated_maneuver_state_segmentation,causal_tcn_duration,vehicle_only,43,simulation_g1_to_g2_clean_locked__seed_43,held_out,boundary_f1_2s,0.36894896934564114,higher,available,,False
model_independent_aviation_simulation,simulated_maneuver_state_segmentation,causal_tcn_duration,vehicle_only,43,simulation_g1_to_g2_clean_locked__seed_43,held_out,edit_score,0.5142917773777148,higher,available,,False
model_independent_aviation_simulation,simulated_maneuver_state_segmentation,causal_tcn_duration,vehicle_only,43,simulation_g1_to_g2_clean_locked__seed_43,held_out,boundary_detection_delay_s,1.7702414772727273,lower,available,,False
model_independent_aviation_simulation,simulated_future_workload_classification,linear,naive_time_sync,43,simulation_g1_to_g2_clean_locked__seed_43,validation,macro_f1,0.3261358524516419,higher,available,,False
model_independent_aviation_simulation,simulated_future_workload_classification,linear,naive_time_sync,43,simulation_g1_to_g2_clean_locked__seed_43,validation,balanced_accuracy,0.32467490457397946,higher,available,,False
model_independent_aviation_simulation,simulated_future_workload_classification,linear,naive_time_sync,43,simulation_g1_to_g2_clean_locked__seed_43,validation,macro_auprc,0.3755157101397206,higher,available,,False
model_independent_aviation_simulation,simulated_future_workload_classification,linear,naive_time_sync,43,simulation_g1_to_g2_clean_locked__seed_43,validation,brier_score,0.8645261244804945,lower,available,,False
model_independent_aviation_simulation,simulated_future_workload_classification,linear,naive_time_sync,43,simulation_g1_to_g2_clean_locked__seed_43,validation,ece_10_bins,0.330372554556431,lower,available,,False
model_independent_aviation_simulation,simulated_future_workload_regression,linear,naive_time_sync,43,simulation_g1_to_g2_clean_locked__seed_43,validation,mae,0.16935599129647017,lower,available,,False
model_independent_aviation_simulation,simulated_future_workload_regression,linear,naive_time_sync,43,simulation_g1_to_g2_clean_locked__seed_43,validation,rmse,0.1989367401410429,lower,available,,False
model_independent_aviation_simulation,simulated_future_workload_regression,linear,naive_time_sync,43,simulation_g1_to_g2_clean_locked__seed_43,validation,spearman,0.30699945740640255,higher,available,,False
model_independent_aviation_simulation,simulated_future_workload_classification,minirocket,naive_time_sync,43,simulation_g1_to_g2_clean_locked__seed_43,validation,macro_f1,0.587037037037037,higher,available,,False
model_independent_aviation_simulation,simulated_future_workload_classification,minirocket,naive_time_sync,43,simulation_g1_to_g2_clean_locked__seed_43,validation,balanced_accuracy,0.5856569838907938,higher,available,,False
model_independent_aviation_simulation,simulated_future_workload_classification,minirocket,naive_time_sync,43,simulation_g1_to_g2_clean_locked__seed_43,validation,macro_auprc,0.5867762601246914,higher,available,,False
model_independent_aviation_simulation,simulated_future_workload_classification,minirocket,naive_time_sync,43,simulation_g1_to_g2_clean_locked__seed_43,validation,brier_score,0.6808722843525546,lower,available,,False
model_independent_aviation_simulation,simulated_future_workload_classification,minirocket,naive_time_sync,43,simulation_g1_to_g2_clean_locked__seed_43,validation,ece_10_bins,0.2879192698699513,lower,available,,False
model_independent_aviation_simulation,simulated_future_workload_regression,minirocket,naive_time_sync,43,simulation_g1_to_g2_clean_locked__seed_43,validation,mae,0.10015833377838135,lower,available,,False
model_independent_aviation_simulation,simulated_future_workload_regression,minirocket,naive_time_sync,43,simulation_g1_to_g2_clean_locked__seed_43,validation,rmse,0.12829685032499133,lower,available,,False
model_independent_aviation_simulation,simulated_future_workload_regression,minirocket,naive_time_sync,43,simulation_g1_to_g2_clean_locked__seed_43,validation,spearman,0.7607704829083017,higher,available,,False
model_independent_aviation_simulation,simulated_maneuver_state_segmentation,causal_tcn_raw,naive_time_sync,43,simulation_g1_to_g2_clean_locked__seed_43,validation,frame_macro_f1,0.6764908339244243,higher,available,,False
model_independent_aviation_simulation,simulated_maneuver_state_segmentation,causal_tcn_raw,naive_time_sync,43,simulation_g1_to_g2_clean_locked__seed_43,validation,segmental_f1_iou_0.10,0.609016649665837,higher,available,,False
model_independent_aviation_simulation,simulated_maneuver_state_segmentation,causal_tcn_raw,naive_time_sync,43,simulation_g1_to_g2_clean_locked__seed_43,validation,segmental_f1_iou_0.25,0.5822161931778805,higher,available,,False
model_independent_aviation_simulation,simulated_maneuver_state_segmentation,causal_tcn_raw,naive_time_sync,43,simulation_g1_to_g2_clean_locked__seed_43,validation,segmental_f1_iou_0.50,0.44982312758048054,higher,available,,False
model_independent_aviation_simulation,simulated_maneuver_state_segmentation,causal_tcn_raw,naive_time_sync,43,simulation_g1_to_g2_clean_locked__seed_43,validation,boundary_f1_1s,0.3057972303038093,higher,available,,False
model_independent_aviation_simulation,simulated_maneuver_state_segmentation,causal_tcn_raw,naive_time_sync,43,simulation_g1_to_g2_clean_locked__seed_43,validation,boundary_f1_2s,0.4014144398916071,higher,available,,False
model_independent_aviation_simulation,simulated_maneuver_state_segmentation,causal_tcn_raw,naive_time_sync,43,simulation_g1_to_g2_clean_locked__seed_43,validation,edit_score,0.5028797140699715,higher,available,,False
model_independent_aviation_simulation,simulated_maneuver_state_segmentation,causal_tcn_raw,naive_time_sync,43,simulation_g1_to_g2_clean_locked__seed_43,validation,boundary_detection_delay_s,2.487623762376238,lower,available,,False
model_independent_aviation_simulation,simulated_maneuver_state_segmentation,causal_tcn_duration,naive_time_sync,43,simulation_g1_to_g2_clean_locked__seed_43,validation,frame_macro_f1,0.7059189925224358,higher,available,,False
model_independent_aviation_simulation,simulated_maneuver_state_segmentation,causal_tcn_duration,naive_time_sync,43,simulation_g1_to_g2_clean_locked__seed_43,validation,segmental_f1_iou_0.10,0.7278990429290353,higher,available,,False
model_independent_aviation_simulation,simulated_maneuver_state_segmentation,causal_tcn_duration,naive_time_sync,43,simulation_g1_to_g2_clean_locked__seed_43,validation,segmental_f1_iou_0.25,0.6861019328753462,higher,available,,False
model_independent_aviation_simulation,simulated_maneuver_state_segmentation,causal_tcn_duration,naive_time_sync,43,simulation_g1_to_g2_clean_locked__seed_43,validation,segmental_f1_iou_0.50,0.5596046271839615,higher,available,,False
model_independent_aviation_simulation,simulated_maneuver_state_segmentation,causal_tcn_duration,naive_time_sync,43,simulation_g1_to_g2_clean_locked__seed_43,validation,boundary_f1_1s,0.32654935525001316,higher,available,,False
model_independent_aviation_simulation,simulated_maneuver_state_segmentation,causal_tcn_duration,naive_time_sync,43,simulation_g1_to_g2_clean_locked__seed_43,validation,boundary_f1_2s,0.474947982658896,higher,available,,False
model_independent_aviation_simulation,simulated_maneuver_state_segmentation,causal_tcn_duration,naive_time_sync,43,simulation_g1_to_g2_clean_locked__seed_43,validation,edit_score,0.6570872414622414,higher,available,,False
model_independent_aviation_simulation,simulated_maneuver_state_segmentation,causal_tcn_duration,naive_time_sync,43,simulation_g1_to_g2_clean_locked__seed_43,validation,boundary_detection_delay_s,2.821969696969697,lower,available,,False
model_independent_aviation_simulation,simulated_future_workload_classification,linear,naive_time_sync,43,simulation_g1_to_g2_clean_locked__seed_43,held_out,macro_f1,0.3445376318626199,higher,available,,False
model_independent_aviation_simulation,simulated_future_workload_classification,linear,naive_time_sync,43,simulation_g1_to_g2_clean_locked__seed_43,held_out,balanced_accuracy,0.35385329383193254,higher,available,,False
model_independent_aviation_simulation,simulated_future_workload_classification,linear,naive_time_sync,43,simulation_g1_to_g2_clean_locked__seed_43,held_out,macro_auprc,0.34416488996146,higher,available,,False
model_independent_aviation_simulation,simulated_future_workload_classification,linear,naive_time_sync,43,simulation_g1_to_g2_clean_locked__seed_43,held_out,brier_score,0.7614004385626707,lower,available,,False
model_independent_aviation_simulation,simulated_future_workload_classification,linear,naive_time_sync,43,simulation_g1_to_g2_clean_locked__seed_43,held_out,ece_10_bins,0.2650376308098245,lower,available,,False
model_independent_aviation_simulation,simulated_future_workload_regression,linear,naive_time_sync,43,simulation_g1_to_g2_clean_locked__seed_43,held_out,mae,0.2587157486317058,lower,available,,False
model_independent_aviation_simulation,simulated_future_workload_regression,linear,naive_time_sync,43,simulation_g1_to_g2_clean_locked__seed_43,held_out,rmse,0.2953386475702778,lower,available,,False
model_independent_aviation_simulation,simulated_future_workload_regression,linear,naive_time_sync,43,simulation_g1_to_g2_clean_locked__seed_43,held_out,spearman,0.1140490269922802,higher,available,,False
model_independent_aviation_simulation,simulated_future_workload_classification,minirocket,naive_time_sync,43,simulation_g1_to_g2_clean_locked__seed_43,held_out,macro_f1,0.4961489182829095,higher,available,,False
model_independent_aviation_simulation,simulated_future_workload_classification,minirocket,naive_time_sync,43,simulation_g1_to_g2_clean_locked__seed_43,held_out,balanced_accuracy,0.5088094057412658,higher,available,,False
model_independent_aviation_simulation,simulated_future_workload_classification,minirocket,naive_time_sync,43,simulation_g1_to_g2_clean_locked__seed_43,held_out,macro_auprc,0.44571128407823307,higher,available,,False
model_independent_aviation_simulation,simulated_future_workload_classification,minirocket,naive_time_sync,43,simulation_g1_to_g2_clean_locked__seed_43,held_out,brier_score,0.7641111103580075,lower,available,,False
model_independent_aviation_simulation,simulated_future_workload_classification,minirocket,naive_time_sync,43,simulation_g1_to_g2_clean_locked__seed_43,held_out,ece_10_bins,0.3419010472631567,lower,available,,False
model_independent_aviation_simulation,simulated_future_workload_regression,minirocket,naive_time_sync,43,simulation_g1_to_g2_clean_locked__seed_43,held_out,mae,0.22043837032591304,lower,available,,False
model_independent_aviation_simulation,simulated_future_workload_regression,minirocket,naive_time_sync,43,simulation_g1_to_g2_clean_locked__seed_43,held_out,rmse,0.27048749924157184,lower,available,,False
model_independent_aviation_simulation,simulated_future_workload_regression,minirocket,naive_time_sync,43,simulation_g1_to_g2_clean_locked__seed_43,held_out,spearman,0.3122322485589865,higher,available,,False
model_independent_aviation_simulation,simulated_maneuver_state_segmentation,causal_tcn_raw,naive_time_sync,43,simulation_g1_to_g2_clean_locked__seed_43,held_out,frame_macro_f1,0.37435702471319127,higher,available,,False
model_independent_aviation_simulation,simulated_maneuver_state_segmentation,causal_tcn_raw,naive_time_sync,43,simulation_g1_to_g2_clean_locked__seed_43,held_out,segmental_f1_iou_0.10,0.4332856616561312,higher,available,,False
model_independent_aviation_simulation,simulated_maneuver_state_segmentation,causal_tcn_raw,naive_time_sync,43,simulation_g1_to_g2_clean_locked__seed_43,held_out,segmental_f1_iou_0.25,0.31651087982548726,higher,available,,False
model_independent_aviation_simulation,simulated_maneuver_state_segmentation,causal_tcn_raw,naive_time_sync,43,simulation_g1_to_g2_clean_locked__seed_43,held_out,segmental_f1_iou_0.50,0.20342953329568284,higher,available,,False
model_independent_aviation_simulation,simulated_maneuver_state_segmentation,causal_tcn_raw,naive_time_sync,43,simulation_g1_to_g2_clean_locked__seed_43,held_out,boundary_f1_1s,0.24382565409676668,higher,available,,False
model_independent_aviation_simulation,simulated_maneuver_state_segmentation,causal_tcn_raw,naive_time_sync,43,simulation_g1_to_g2_clean_locked__seed_43,held_out,boundary_f1_2s,0.30562927758527797,higher,available,,False
model_independent_aviation_simulation,simulated_maneuver_state_segmentation,causal_tcn_raw,naive_time_sync,43,simulation_g1_to_g2_clean_locked__seed_43,held_out,edit_score,0.3833664953225176,higher,available,,False
model_independent_aviation_simulation,simulated_maneuver_state_segmentation,causal_tcn_raw,naive_time_sync,43,simulation_g1_to_g2_clean_locked__seed_43,held_out,boundary_detection_delay_s,2.4269786432160805,lower,available,,False
model_independent_aviation_simulation,simulated_maneuver_state_segmentation,causal_tcn_duration,naive_time_sync,43,simulation_g1_to_g2_clean_locked__seed_43,held_out,frame_macro_f1,0.4039693129337187,higher,available,,False
model_independent_aviation_simulation,simulated_maneuver_state_segmentation,causal_tcn_duration,naive_time_sync,43,simulation_g1_to_g2_clean_locked__seed_43,held_out,segmental_f1_iou_0.10,0.543827378374564,higher,available,,False
model_independent_aviation_simulation,simulated_maneuver_state_segmentation,causal_tcn_duration,naive_time_sync,43,simulation_g1_to_g2_clean_locked__seed_43,held_out,segmental_f1_iou_0.25,0.4319518963837961,higher,available,,False
model_independent_aviation_simulation,simulated_maneuver_state_segmentation,causal_tcn_duration,naive_time_sync,43,simulation_g1_to_g2_clean_locked__seed_43,held_out,segmental_f1_iou_0.50,0.2871009548883702,higher,available,,False
model_independent_aviation_simulation,simulated_maneuver_state_segmentation,causal_tcn_duration,naive_time_sync,43,simulation_g1_to_g2_clean_locked__seed_43,held_out,boundary_f1_1s,0.22059769733942527,higher,available,,False
model_independent_aviation_simulation,simulated_maneuver_state_segmentation,causal_tcn_duration,naive_time_sync,43,simulation_g1_to_g2_clean_locked__seed_43,held_out,boundary_f1_2s,0.3192829414665715,higher,available,,False
model_independent_aviation_simulation,simulated_maneuver_state_segmentation,causal_tcn_duration,naive_time_sync,43,simulation_g1_to_g2_clean_locked__seed_43,held_out,edit_score,0.5322044721516229,higher,available,,False
model_independent_aviation_simulation,simulated_maneuver_state_segmentation,causal_tcn_duration,naive_time_sync,43,simulation_g1_to_g2_clean_locked__seed_43,held_out,boundary_detection_delay_s,2.844633676092545,lower,available,,False
model_independent_aviation_simulation,simulated_future_workload_classification,linear,mult,43,simulation_g1_to_g2_clean_locked__seed_43,validation,macro_f1,0.39780671507579135,higher,available,,False
model_independent_aviation_simulation,simulated_future_workload_classification,linear,mult,43,simulation_g1_to_g2_clean_locked__seed_43,validation,balanced_accuracy,0.39238964007677213,higher,available,,False
model_independent_aviation_simulation,simulated_future_workload_classification,linear,mult,43,simulation_g1_to_g2_clean_locked__seed_43,validation,macro_auprc,0.4484217435472055,higher,available,,False
model_independent_aviation_simulation,simulated_future_workload_classification,linear,mult,43,simulation_g1_to_g2_clean_locked__seed_43,validation,brier_score,0.6491810361516859,lower,available,,False
model_independent_aviation_simulation,simulated_future_workload_classification,linear,mult,43,simulation_g1_to_g2_clean_locked__seed_43,validation,ece_10_bins,0.14308771702221482,lower,available,,False
model_independent_aviation_simulation,simulated_future_workload_regression,linear,mult,43,simulation_g1_to_g2_clean_locked__seed_43,validation,mae,0.14008044761916003,lower,available,,False
model_independent_aviation_simulation,simulated_future_workload_regression,linear,mult,43,simulation_g1_to_g2_clean_locked__seed_43,validation,rmse,0.17138286055881571,lower,available,,False
model_independent_aviation_simulation,simulated_future_workload_regression,linear,mult,43,simulation_g1_to_g2_clean_locked__seed_43,validation,spearman,0.5519804666304937,higher,available,,False
model_independent_aviation_simulation,simulated_future_workload_classification,minirocket,mult,43,simulation_g1_to_g2_clean_locked__seed_43,validation,macro_f1,0.5932842859837767,higher,available,,False
model_independent_aviation_simulation,simulated_future_workload_classification,minirocket,mult,43,simulation_g1_to_g2_clean_locked__seed_43,validation,balanced_accuracy,0.5959004550257704,higher,available,,False
model_independent_aviation_simulation,simulated_future_workload_classification,minirocket,mult,43,simulation_g1_to_g2_clean_locked__seed_43,validation,macro_auprc,0.5811467241978933,higher,available,,False
model_independent_aviation_simulation,simulated_future_workload_classification,minirocket,mult,43,simulation_g1_to_g2_clean_locked__seed_43,validation,brier_score,0.6732032645020632,lower,available,,False
model_independent_aviation_simulation,simulated_future_workload_classification,minirocket,mult,43,simulation_g1_to_g2_clean_locked__seed_43,validation,ece_10_bins,0.3107130984561335,lower,available,,False
model_independent_aviation_simulation,simulated_future_workload_regression,minirocket,mult,43,simulation_g1_to_g2_clean_locked__seed_43,validation,mae,0.09764249933262666,lower,available,,False
model_independent_aviation_simulation,simulated_future_workload_regression,minirocket,mult,43,simulation_g1_to_g2_clean_locked__seed_43,validation,rmse,0.12295497045607327,lower,available,,False
model_independent_aviation_simulation,simulated_future_workload_regression,minirocket,mult,43,simulation_g1_to_g2_clean_locked__seed_43,validation,spearman,0.7751899077590885,higher,available,,False
model_independent_aviation_simulation,simulated_maneuver_state_segmentation,causal_tcn_raw,mult,43,simulation_g1_to_g2_clean_locked__seed_43,validation,frame_macro_f1,0.6483554309170022,higher,available,,False
model_independent_aviation_simulation,simulated_maneuver_state_segmentation,causal_tcn_raw,mult,43,simulation_g1_to_g2_clean_locked__seed_43,validation,segmental_f1_iou_0.10,0.6340035016046045,higher,available,,False
model_independent_aviation_simulation,simulated_maneuver_state_segmentation,causal_tcn_raw,mult,43,simulation_g1_to_g2_clean_locked__seed_43,validation,segmental_f1_iou_0.25,0.5804241731171879,higher,available,,False
model_independent_aviation_simulation,simulated_maneuver_state_segmentation,causal_tcn_raw,mult,43,simulation_g1_to_g2_clean_locked__seed_43,validation,segmental_f1_iou_0.50,0.4211668913874796,higher,available,,False
model_independent_aviation_simulation,simulated_maneuver_state_segmentation,causal_tcn_raw,mult,43,simulation_g1_to_g2_clean_locked__seed_43,validation,boundary_f1_1s,0.31216116059866056,higher,available,,False
model_independent_aviation_simulation,simulated_maneuver_state_segmentation,causal_tcn_raw,mult,43,simulation_g1_to_g2_clean_locked__seed_43,validation,boundary_f1_2s,0.4107935467310467,higher,available,,False
model_independent_aviation_simulation,simulated_maneuver_state_segmentation,causal_tcn_raw,mult,43,simulation_g1_to_g2_clean_locked__seed_43,validation,edit_score,0.523918355949606,higher,available,,False
model_independent_aviation_simulation,simulated_maneuver_state_segmentation,causal_tcn_raw,mult,43,simulation_g1_to_g2_clean_locked__seed_43,validation,boundary_detection_delay_s,2.7628504672897196,lower,available,,False
model_independent_aviation_simulation,simulated_maneuver_state_segmentation,causal_tcn_duration,mult,43,simulation_g1_to_g2_clean_locked__seed_43,validation,frame_macro_f1,0.6984692194434626,higher,available,,False
model_independent_aviation_simulation,simulated_maneuver_state_segmentation,causal_tcn_duration,mult,43,simulation_g1_to_g2_clean_locked__seed_43,validation,segmental_f1_iou_0.10,0.7969890063640065,higher,available,,False
model_independent_aviation_simulation,simulated_maneuver_state_segmentation,causal_tcn_duration,mult,43,simulation_g1_to_g2_clean_locked__seed_43,validation,segmental_f1_iou_0.25,0.737971287971288,higher,available,,False
model_independent_aviation_simulation,simulated_maneuver_state_segmentation,causal_tcn_duration,mult,43,simulation_g1_to_g2_clean_locked__seed_43,validation,segmental_f1_iou_0.50,0.590175912050912,higher,available,,False
model_independent_aviation_simulation,simulated_maneuver_state_segmentation,causal_tcn_duration,mult,43,simulation_g1_to_g2_clean_locked__seed_43,validation,boundary_f1_1s,0.3504019707144707,higher,available,,False
model_independent_aviation_simulation,simulated_maneuver_state_segmentation,causal_tcn_duration,mult,43,simulation_g1_to_g2_clean_locked__seed_43,validation,boundary_f1_2s,0.47799035455285455,higher,available,,False
model_independent_aviation_simulation,simulated_maneuver_state_segmentation,causal_tcn_duration,mult,43,simulation_g1_to_g2_clean_locked__seed_43,validation,edit_score,0.7263779912217413,higher,available,,False
model_independent_aviation_simulation,simulated_maneuver_state_segmentation,causal_tcn_duration,mult,43,simulation_g1_to_g2_clean_locked__seed_43,validation,boundary_detection_delay_s,3.0277122641509435,lower,available,,False
model_independent_aviation_simulation,simulated_future_workload_classification,linear,mult,43,simulation_g1_to_g2_clean_locked__seed_43,held_out,macro_f1,0.3494423158790975,higher,available,,False
model_independent_aviation_simulation,simulated_future_workload_classification,linear,mult,43,simulation_g1_to_g2_clean_locked__seed_43,held_out,balanced_accuracy,0.38578500557342715,higher,available,,False
model_independent_aviation_simulation,simulated_future_workload_classification,linear,mult,43,simulation_g1_to_g2_clean_locked__seed_43,held_out,macro_auprc,0.4172232135765232,higher,available,,False
model_independent_aviation_simulation,simulated_future_workload_classification,linear,mult,43,simulation_g1_to_g2_clean_locked__seed_43,held_out,brier_score,0.7497262688077803,lower,available,,False
model_independent_aviation_simulation,simulated_future_workload_classification,linear,mult,43,simulation_g1_to_g2_clean_locked__seed_43,held_out,ece_10_bins,0.19177048636953575,lower,available,,False
model_independent_aviation_simulation,simulated_future_workload_regression,linear,mult,43,simulation_g1_to_g2_clean_locked__seed_43,held_out,mae,0.17367636567602554,lower,available,,False
model_independent_aviation_simulation,simulated_future_workload_regression,linear,mult,43,simulation_g1_to_g2_clean_locked__seed_43,held_out,rmse,0.21927876030187332,lower,available,,False
model_independent_aviation_simulation,simulated_future_workload_regression,linear,mult,43,simulation_g1_to_g2_clean_locked__seed_43,held_out,spearman,0.3586134634548614,higher,available,,False
model_independent_aviation_simulation,simulated_future_workload_classification,minirocket,mult,43,simulation_g1_to_g2_clean_locked__seed_43,held_out,macro_f1,0.5174283454610579,higher,available,,False
model_independent_aviation_simulation,simulated_future_workload_classification,minirocket,mult,43,simulation_g1_to_g2_clean_locked__seed_43,held_out,balanced_accuracy,0.5677584650399888,higher,available,,False
model_independent_aviation_simulation,simulated_future_workload_classification,minirocket,mult,43,simulation_g1_to_g2_clean_locked__seed_43,held_out,macro_auprc,0.5848899138531761,higher,available,,False
model_independent_aviation_simulation,simulated_future_workload_classification,minirocket,mult,43,simulation_g1_to_g2_clean_locked__seed_43,held_out,brier_score,0.5782577941397307,lower,available,,False
model_independent_aviation_simulation,simulated_future_workload_classification,minirocket,mult,43,simulation_g1_to_g2_clean_locked__seed_43,held_out,ece_10_bins,0.23225662644752182,lower,available,,False
model_independent_aviation_simulation,simulated_future_workload_regression,minirocket,mult,43,simulation_g1_to_g2_clean_locked__seed_43,held_out,mae,0.16306714449698725,lower,available,,False
model_independent_aviation_simulation,simulated_future_workload_regression,minirocket,mult,43,simulation_g1_to_g2_clean_locked__seed_43,held_out,rmse,0.1968261471531176,lower,available,,False
model_independent_aviation_simulation,simulated_future_workload_regression,minirocket,mult,43,simulation_g1_to_g2_clean_locked__seed_43,held_out,spearman,0.724067291418328,higher,available,,False
model_independent_aviation_simulation,simulated_maneuver_state_segmentation,causal_tcn_raw,mult,43,simulation_g1_to_g2_clean_locked__seed_43,held_out,frame_macro_f1,0.39880656663243486,higher,available,,False
model_independent_aviation_simulation,simulated_maneuver_state_segmentation,causal_tcn_raw,mult,43,simulation_g1_to_g2_clean_locked__seed_43,held_out,segmental_f1_iou_0.10,0.4666491673583287,higher,available,,False
model_independent_aviation_simulation,simulated_maneuver_state_segmentation,causal_tcn_raw,mult,43,simulation_g1_to_g2_clean_locked__seed_43,held_out,segmental_f1_iou_0.25,0.39514949750686595,higher,available,,False
model_independent_aviation_simulation,simulated_maneuver_state_segmentation,causal_tcn_raw,mult,43,simulation_g1_to_g2_clean_locked__seed_43,held_out,segmental_f1_iou_0.50,0.27334067555502345,higher,available,,False
model_independent_aviation_simulation,simulated_maneuver_state_segmentation,causal_tcn_raw,mult,43,simulation_g1_to_g2_clean_locked__seed_43,held_out,boundary_f1_1s,0.30321581520546304,higher,available,,False
model_independent_aviation_simulation,simulated_maneuver_state_segmentation,causal_tcn_raw,mult,43,simulation_g1_to_g2_clean_locked__seed_43,held_out,boundary_f1_2s,0.36265543836896397,higher,available,,False
model_independent_aviation_simulation,simulated_maneuver_state_segmentation,causal_tcn_raw,mult,43,simulation_g1_to_g2_clean_locked__seed_43,held_out,edit_score,0.46393240261576657,higher,available,,False
model_independent_aviation_simulation,simulated_maneuver_state_segmentation,causal_tcn_raw,mult,43,simulation_g1_to_g2_clean_locked__seed_43,held_out,boundary_detection_delay_s,1.66875,lower,available,,False
model_independent_aviation_simulation,simulated_maneuver_state_segmentation,causal_tcn_duration,mult,43,simulation_g1_to_g2_clean_locked__seed_43,held_out,frame_macro_f1,0.42371952347650665,higher,available,,False
model_independent_aviation_simulation,simulated_maneuver_state_segmentation,causal_tcn_duration,mult,43,simulation_g1_to_g2_clean_locked__seed_43,held_out,segmental_f1_iou_0.10,0.5361025940057965,higher,available,,False
model_independent_aviation_simulation,simulated_maneuver_state_segmentation,causal_tcn_duration,mult,43,simulation_g1_to_g2_clean_locked__seed_43,held_out,segmental_f1_iou_0.25,0.46742133000477626,higher,available,,False
model_independent_aviation_simulation,simulated_maneuver_state_segmentation,causal_tcn_duration,mult,43,simulation_g1_to_g2_clean_locked__seed_43,held_out,segmental_f1_iou_0.50,0.3511580271025414,higher,available,,False
model_independent_aviation_simulation,simulated_maneuver_state_segmentation,causal_tcn_duration,mult,43,simulation_g1_to_g2_clean_locked__seed_43,held_out,boundary_f1_1s,0.3085228707749509,higher,available,,False
model_independent_aviation_simulation,simulated_maneuver_state_segmentation,causal_tcn_duration,mult,43,simulation_g1_to_g2_clean_locked__seed_43,held_out,boundary_f1_2s,0.37590718615534796,higher,available,,False
model_independent_aviation_simulation,simulated_maneuver_state_segmentation,causal_tcn_duration,mult,43,simulation_g1_to_g2_clean_locked__seed_43,held_out,edit_score,0.5404242123107014,higher,available,,False
model_independent_aviation_simulation,simulated_maneuver_state_segmentation,causal_tcn_duration,mult,43,simulation_g1_to_g2_clean_locked__seed_43,held_out,boundary_detection_delay_s,1.8050508720930232,lower,available,,False
model_independent_aviation_simulation,simulated_future_workload_classification,linear,contiformer,43,simulation_g1_to_g2_clean_locked__seed_43,validation,macro_f1,0.5644444444444444,higher,available,,False
model_independent_aviation_simulation,simulated_future_workload_classification,linear,contiformer,43,simulation_g1_to_g2_clean_locked__seed_43,validation,balanced_accuracy,0.5579780466239675,higher,available,,False
model_independent_aviation_simulation,simulated_future_workload_classification,linear,contiformer,43,simulation_g1_to_g2_clean_locked__seed_43,validation,macro_auprc,0.6112751324743869,higher,available,,False
model_independent_aviation_simulation,simulated_future_workload_classification,linear,contiformer,43,simulation_g1_to_g2_clean_locked__seed_43,validation,brier_score,0.6323363013239376,lower,available,,False
model_independent_aviation_simulation,simulated_future_workload_classification,linear,contiformer,43,simulation_g1_to_g2_clean_locked__seed_43,validation,ece_10_bins,0.2034304301583943,lower,available,,False
model_independent_aviation_simulation,simulated_future_workload_regression,linear,contiformer,43,simulation_g1_to_g2_clean_locked__seed_43,validation,mae,0.12381918790439765,lower,available,,False
model_independent_aviation_simulation,simulated_future_workload_regression,linear,contiformer,43,simulation_g1_to_g2_clean_locked__seed_43,validation,rmse,0.15483815219246788,lower,available,,False
model_independent_aviation_simulation,simulated_future_workload_regression,linear,contiformer,43,simulation_g1_to_g2_clean_locked__seed_43,validation,spearman,0.6201573521432447,higher,available,,False
model_independent_aviation_simulation,simulated_future_workload_classification,minirocket,contiformer,43,simulation_g1_to_g2_clean_locked__seed_43,validation,macro_f1,0.6116016262090517,higher,available,,False
model_independent_aviation_simulation,simulated_future_workload_classification,minirocket,contiformer,43,simulation_g1_to_g2_clean_locked__seed_43,validation,balanced_accuracy,0.6155247892001466,higher,available,,False
model_independent_aviation_simulation,simulated_future_workload_classification,minirocket,contiformer,43,simulation_g1_to_g2_clean_locked__seed_43,validation,macro_auprc,0.6138771568399564,higher,available,,False
model_independent_aviation_simulation,simulated_future_workload_classification,minirocket,contiformer,43,simulation_g1_to_g2_clean_locked__seed_43,validation,brier_score,0.6613664536549794,lower,available,,False
model_independent_aviation_simulation,simulated_future_workload_classification,minirocket,contiformer,43,simulation_g1_to_g2_clean_locked__seed_43,validation,ece_10_bins,0.3079916656187394,lower,available,,False
model_independent_aviation_simulation,simulated_future_workload_regression,minirocket,contiformer,43,simulation_g1_to_g2_clean_locked__seed_43,validation,mae,0.09190213059385617,lower,available,,False
model_independent_aviation_simulation,simulated_future_workload_regression,minirocket,contiformer,43,simulation_g1_to_g2_clean_locked__seed_43,validation,rmse,0.11600771609509977,lower,available,,False
model_independent_aviation_simulation,simulated_future_workload_regression,minirocket,contiformer,43,simulation_g1_to_g2_clean_locked__seed_43,validation,spearman,0.8096717308735757,higher,available,,False
model_independent_aviation_simulation,simulated_maneuver_state_segmentation,causal_tcn_raw,contiformer,43,simulation_g1_to_g2_clean_locked__seed_43,validation,frame_macro_f1,0.6266606215566629,higher,available,,False
model_independent_aviation_simulation,simulated_maneuver_state_segmentation,causal_tcn_raw,contiformer,43,simulation_g1_to_g2_clean_locked__seed_43,validation,segmental_f1_iou_0.10,0.6502993823306323,higher,available,,False
model_independent_aviation_simulation,simulated_maneuver_state_segmentation,causal_tcn_raw,contiformer,43,simulation_g1_to_g2_clean_locked__seed_43,validation,segmental_f1_iou_0.25,0.5770400028212528,higher,available,,False
model_independent_aviation_simulation,simulated_maneuver_state_segmentation,causal_tcn_raw,contiformer,43,simulation_g1_to_g2_clean_locked__seed_43,validation,segmental_f1_iou_0.50,0.4286191817441818,higher,available,,False
model_independent_aviation_simulation,simulated_maneuver_state_segmentation,causal_tcn_raw,contiformer,43,simulation_g1_to_g2_clean_locked__seed_43,validation,boundary_f1_1s,0.2811105561105561,higher,available,,False
model_independent_aviation_simulation,simulated_maneuver_state_segmentation,causal_tcn_raw,contiformer,43,simulation_g1_to_g2_clean_locked__seed_43,validation,boundary_f1_2s,0.3725807178932179,higher,available,,False
model_independent_aviation_simulation,simulated_maneuver_state_segmentation,causal_tcn_raw,contiformer,43,simulation_g1_to_g2_clean_locked__seed_43,validation,edit_score,0.5511551527176527,higher,available,,False
model_independent_aviation_simulation,simulated_maneuver_state_segmentation,causal_tcn_raw,contiformer,43,simulation_g1_to_g2_clean_locked__seed_43,validation,boundary_detection_delay_s,2.6987257281553396,lower,available,,False
model_independent_aviation_simulation,simulated_maneuver_state_segmentation,causal_tcn_duration,contiformer,43,simulation_g1_to_g2_clean_locked__seed_43,validation,frame_macro_f1,0.6589008028199469,higher,available,,False
model_independent_aviation_simulation,simulated_maneuver_state_segmentation,causal_tcn_duration,contiformer,43,simulation_g1_to_g2_clean_locked__seed_43,validation,segmental_f1_iou_0.10,0.8064972643097642,higher,available,,False
model_independent_aviation_simulation,simulated_maneuver_state_segmentation,causal_tcn_duration,contiformer,43,simulation_g1_to_g2_clean_locked__seed_43,validation,segmental_f1_iou_0.25,0.7234390031265031,higher,available,,False
model_independent_aviation_simulation,simulated_maneuver_state_segmentation,causal_tcn_duration,contiformer,43,simulation_g1_to_g2_clean_locked__seed_43,validation,segmental_f1_iou_0.50,0.5610472282347282,higher,available,,False
model_independent_aviation_simulation,simulated_maneuver_state_segmentation,causal_tcn_duration,contiformer,43,simulation_g1_to_g2_clean_locked__seed_43,validation,boundary_f1_1s,0.3047123015873016,higher,available,,False
model_independent_aviation_simulation,simulated_maneuver_state_segmentation,causal_tcn_duration,contiformer,43,simulation_g1_to_g2_clean_locked__seed_43,validation,boundary_f1_2s,0.4159887566137566,higher,available,,False
model_independent_aviation_simulation,simulated_maneuver_state_segmentation,causal_tcn_duration,contiformer,43,simulation_g1_to_g2_clean_locked__seed_43,validation,edit_score,0.7597594246031747,higher,available,,False
model_independent_aviation_simulation,simulated_maneuver_state_segmentation,causal_tcn_duration,contiformer,43,simulation_g1_to_g2_clean_locked__seed_43,validation,boundary_detection_delay_s,3.0652573529411766,lower,available,,False
model_independent_aviation_simulation,simulated_future_workload_classification,linear,contiformer,43,simulation_g1_to_g2_clean_locked__seed_43,held_out,macro_f1,0.41540811845159675,higher,available,,False
model_independent_aviation_simulation,simulated_future_workload_classification,linear,contiformer,43,simulation_g1_to_g2_clean_locked__seed_43,held_out,balanced_accuracy,0.4100262353724024,higher,available,,False
model_independent_aviation_simulation,simulated_future_workload_classification,linear,contiformer,43,simulation_g1_to_g2_clean_locked__seed_43,held_out,macro_auprc,0.44201852225799554,higher,available,,False
model_independent_aviation_simulation,simulated_future_workload_classification,linear,contiformer,43,simulation_g1_to_g2_clean_locked__seed_43,held_out,brier_score,0.6846071806015054,lower,available,,False
model_independent_aviation_simulation,simulated_future_workload_classification,linear,contiformer,43,simulation_g1_to_g2_clean_locked__seed_43,held_out,ece_10_bins,0.25751221280824854,lower,available,,False
model_independent_aviation_simulation,simulated_future_workload_regression,linear,contiformer,43,simulation_g1_to_g2_clean_locked__seed_43,held_out,mae,0.19068291364237666,lower,available,,False
model_independent_aviation_simulation,simulated_future_workload_regression,linear,contiformer,43,simulation_g1_to_g2_clean_locked__seed_43,held_out,rmse,0.2224440415704334,lower,available,,False
model_independent_aviation_simulation,simulated_future_workload_regression,linear,contiformer,43,simulation_g1_to_g2_clean_locked__seed_43,held_out,spearman,0.44663197457141535,higher,available,,False
model_independent_aviation_simulation,simulated_future_workload_classification,minirocket,contiformer,43,simulation_g1_to_g2_clean_locked__seed_43,held_out,macro_f1,0.46971848530144494,higher,available,,False
model_independent_aviation_simulation,simulated_future_workload_classification,minirocket,contiformer,43,simulation_g1_to_g2_clean_locked__seed_43,held_out,balanced_accuracy,0.47730152877202353,higher,available,,False
model_independent_aviation_simulation,simulated_future_workload_classification,minirocket,contiformer,43,simulation_g1_to_g2_clean_locked__seed_43,held_out,macro_auprc,0.5402328005630358,higher,available,,False
model_independent_aviation_simulation,simulated_future_workload_classification,minirocket,contiformer,43,simulation_g1_to_g2_clean_locked__seed_43,held_out,brier_score,0.7402896861430861,lower,available,,False
model_independent_aviation_simulation,simulated_future_workload_classification,minirocket,contiformer,43,simulation_g1_to_g2_clean_locked__seed_43,held_out,ece_10_bins,0.3512307167665531,lower,available,,False
model_independent_aviation_simulation,simulated_future_workload_regression,minirocket,contiformer,43,simulation_g1_to_g2_clean_locked__seed_43,held_out,mae,0.15669282355035344,lower,available,,False
model_independent_aviation_simulation,simulated_future_workload_regression,minirocket,contiformer,43,simulation_g1_to_g2_clean_locked__seed_43,held_out,rmse,0.1894919707550965,lower,available,,False
model_independent_aviation_simulation,simulated_future_workload_regression,minirocket,contiformer,43,simulation_g1_to_g2_clean_locked__seed_43,held_out,spearman,0.5886265482269964,higher,available,,False
model_independent_aviation_simulation,simulated_maneuver_state_segmentation,causal_tcn_raw,contiformer,43,simulation_g1_to_g2_clean_locked__seed_43,held_out,frame_macro_f1,0.38665871275618413,higher,available,,False
model_independent_aviation_simulation,simulated_maneuver_state_segmentation,causal_tcn_raw,contiformer,43,simulation_g1_to_g2_clean_locked__seed_43,held_out,segmental_f1_iou_0.10,0.4795541480417158,higher,available,,False
model_independent_aviation_simulation,simulated_maneuver_state_segmentation,causal_tcn_raw,contiformer,43,simulation_g1_to_g2_clean_locked__seed_43,held_out,segmental_f1_iou_0.25,0.39563700801728086,higher,available,,False
model_independent_aviation_simulation,simulated_maneuver_state_segmentation,causal_tcn_raw,contiformer,43,simulation_g1_to_g2_clean_locked__seed_43,held_out,segmental_f1_iou_0.50,0.2782003845773679,higher,available,,False
model_independent_aviation_simulation,simulated_maneuver_state_segmentation,causal_tcn_raw,contiformer,43,simulation_g1_to_g2_clean_locked__seed_43,held_out,boundary_f1_1s,0.26920148546986783,higher,available,,False
model_independent_aviation_simulation,simulated_maneuver_state_segmentation,causal_tcn_raw,contiformer,43,simulation_g1_to_g2_clean_locked__seed_43,held_out,boundary_f1_2s,0.3610233627007524,higher,available,,False
model_independent_aviation_simulation,simulated_maneuver_state_segmentation,causal_tcn_raw,contiformer,43,simulation_g1_to_g2_clean_locked__seed_43,held_out,edit_score,0.4436981276825027,higher,available,,False
model_independent_aviation_simulation,simulated_maneuver_state_segmentation,causal_tcn_raw,contiformer,43,simulation_g1_to_g2_clean_locked__seed_43,held_out,boundary_detection_delay_s,2.2306629834254146,lower,available,,False
model_independent_aviation_simulation,simulated_maneuver_state_segmentation,causal_tcn_duration,contiformer,43,simulation_g1_to_g2_clean_locked__seed_43,held_out,frame_macro_f1,0.40338227079906713,higher,available,,False
model_independent_aviation_simulation,simulated_maneuver_state_segmentation,causal_tcn_duration,contiformer,43,simulation_g1_to_g2_clean_locked__seed_43,held_out,segmental_f1_iou_0.10,0.5681135568543657,higher,available,,False
model_independent_aviation_simulation,simulated_maneuver_state_segmentation,causal_tcn_duration,contiformer,43,simulation_g1_to_g2_clean_locked__seed_43,held_out,segmental_f1_iou_0.25,0.4717772568186171,higher,available,,False
model_independent_aviation_simulation,simulated_maneuver_state_segmentation,causal_tcn_duration,contiformer,43,simulation_g1_to_g2_clean_locked__seed_43,held_out,segmental_f1_iou_0.50,0.35172968541534716,higher,available,,False
model_independent_aviation_simulation,simulated_maneuver_state_segmentation,causal_tcn_duration,contiformer,43,simulation_g1_to_g2_clean_locked__seed_43,held_out,boundary_f1_1s,0.24352407613098404,higher,available,,False
model_independent_aviation_simulation,simulated_maneuver_state_segmentation,causal_tcn_duration,contiformer,43,simulation_g1_to_g2_clean_locked__seed_43,held_out,boundary_f1_2s,0.3808123741511899,higher,available,,False
model_independent_aviation_simulation,simulated_maneuver_state_segmentation,causal_tcn_duration,contiformer,43,simulation_g1_to_g2_clean_locked__seed_43,held_out,edit_score,0.5557158553252304,higher,available,,False
model_independent_aviation_simulation,simulated_maneuver_state_segmentation,causal_tcn_duration,contiformer,43,simulation_g1_to_g2_clean_locked__seed_43,held_out,boundary_detection_delay_s,2.1866096866096867,lower,available,,False
model_independent_aviation_simulation,simulated_future_workload_classification,linear,chronaris,43,simulation_g1_to_g2_clean_locked__seed_43,validation,macro_f1,0.5802403786274755,higher,available,,False
model_independent_aviation_simulation,simulated_future_workload_classification,linear,chronaris,43,simulation_g1_to_g2_clean_locked__seed_43,validation,balanced_accuracy,0.5822928123180436,higher,available,,False
model_independent_aviation_simulation,simulated_future_workload_classification,linear,chronaris,43,simulation_g1_to_g2_clean_locked__seed_43,validation,macro_auprc,0.5920155490886863,higher,available,,False
model_independent_aviation_simulation,simulated_future_workload_classification,linear,chronaris,43,simulation_g1_to_g2_clean_locked__seed_43,validation,brier_score,0.5689718372876106,lower,available,,False
model_independent_aviation_simulation,simulated_future_workload_classification,linear,chronaris,43,simulation_g1_to_g2_clean_locked__seed_43,validation,ece_10_bins,0.1501800213346291,lower,available,,False
model_independent_aviation_simulation,simulated_future_workload_regression,linear,chronaris,43,simulation_g1_to_g2_clean_locked__seed_43,validation,mae,0.11886093920717637,lower,available,,False
model_independent_aviation_simulation,simulated_future_workload_regression,linear,chronaris,43,simulation_g1_to_g2_clean_locked__seed_43,validation,rmse,0.15137269545841678,lower,available,,False
model_independent_aviation_simulation,simulated_future_workload_regression,linear,chronaris,43,simulation_g1_to_g2_clean_locked__seed_43,validation,spearman,0.6506511123168747,higher,available,,False
model_independent_aviation_simulation,simulated_future_workload_classification,minirocket,chronaris,43,simulation_g1_to_g2_clean_locked__seed_43,validation,macro_f1,0.5758297713311378,higher,available,,False
model_independent_aviation_simulation,simulated_future_workload_classification,minirocket,chronaris,43,simulation_g1_to_g2_clean_locked__seed_43,validation,balanced_accuracy,0.589732807142395,higher,available,,False
model_independent_aviation_simulation,simulated_future_workload_classification,minirocket,chronaris,43,simulation_g1_to_g2_clean_locked__seed_43,validation,macro_auprc,0.5868581095929019,higher,available,,False
model_independent_aviation_simulation,simulated_future_workload_classification,minirocket,chronaris,43,simulation_g1_to_g2_clean_locked__seed_43,validation,brier_score,0.6693787796677052,lower,available,,False
model_independent_aviation_simulation,simulated_future_workload_classification,minirocket,chronaris,43,simulation_g1_to_g2_clean_locked__seed_43,validation,ece_10_bins,0.28352434392588743,lower,available,,False
model_independent_aviation_simulation,simulated_future_workload_regression,minirocket,chronaris,43,simulation_g1_to_g2_clean_locked__seed_43,validation,mae,0.11062554394205411,lower,available,,False
model_independent_aviation_simulation,simulated_future_workload_regression,minirocket,chronaris,43,simulation_g1_to_g2_clean_locked__seed_43,validation,rmse,0.13901125421374333,lower,available,,False
model_independent_aviation_simulation,simulated_future_workload_regression,minirocket,chronaris,43,simulation_g1_to_g2_clean_locked__seed_43,validation,spearman,0.7545984807379273,higher,available,,False
model_independent_aviation_simulation,simulated_maneuver_state_segmentation,causal_tcn_raw,chronaris,43,simulation_g1_to_g2_clean_locked__seed_43,validation,frame_macro_f1,0.6081058662498795,higher,available,,False
model_independent_aviation_simulation,simulated_maneuver_state_segmentation,causal_tcn_raw,chronaris,43,simulation_g1_to_g2_clean_locked__seed_43,validation,segmental_f1_iou_0.10,0.61386499905753,higher,available,,False
model_independent_aviation_simulation,simulated_maneuver_state_segmentation,causal_tcn_raw,chronaris,43,simulation_g1_to_g2_clean_locked__seed_43,validation,segmental_f1_iou_0.25,0.5505625845602626,higher,available,,False
model_independent_aviation_simulation,simulated_maneuver_state_segmentation,causal_tcn_raw,chronaris,43,simulation_g1_to_g2_clean_locked__seed_43,validation,segmental_f1_iou_0.50,0.39818659135125856,higher,available,,False
model_independent_aviation_simulation,simulated_maneuver_state_segmentation,causal_tcn_raw,chronaris,43,simulation_g1_to_g2_clean_locked__seed_43,validation,boundary_f1_1s,0.2632901990438755,higher,available,,False
model_independent_aviation_simulation,simulated_maneuver_state_segmentation,causal_tcn_raw,chronaris,43,simulation_g1_to_g2_clean_locked__seed_43,validation,boundary_f1_2s,0.3580367719154484,higher,available,,False
model_independent_aviation_simulation,simulated_maneuver_state_segmentation,causal_tcn_raw,chronaris,43,simulation_g1_to_g2_clean_locked__seed_43,validation,edit_score,0.5101053026834277,higher,available,,False
model_independent_aviation_simulation,simulated_maneuver_state_segmentation,causal_tcn_raw,chronaris,43,simulation_g1_to_g2_clean_locked__seed_43,validation,boundary_detection_delay_s,2.5538277511961724,lower,available,,False
model_independent_aviation_simulation,simulated_maneuver_state_segmentation,causal_tcn_duration,chronaris,43,simulation_g1_to_g2_clean_locked__seed_43,validation,frame_macro_f1,0.6467001906036381,higher,available,,False
model_independent_aviation_simulation,simulated_maneuver_state_segmentation,causal_tcn_duration,chronaris,43,simulation_g1_to_g2_clean_locked__seed_43,validation,segmental_f1_iou_0.10,0.749297693047693,higher,available,,False
model_independent_aviation_simulation,simulated_maneuver_state_segmentation,causal_tcn_duration,chronaris,43,simulation_g1_to_g2_clean_locked__seed_43,validation,segmental_f1_iou_0.25,0.6843989922114923,higher,available,,False
model_independent_aviation_simulation,simulated_maneuver_state_segmentation,causal_tcn_duration,chronaris,43,simulation_g1_to_g2_clean_locked__seed_43,validation,segmental_f1_iou_0.50,0.5494947182447182,higher,available,,False
model_independent_aviation_simulation,simulated_maneuver_state_segmentation,causal_tcn_duration,chronaris,43,simulation_g1_to_g2_clean_locked__seed_43,validation,boundary_f1_1s,0.29439484126984133,higher,available,,False
model_independent_aviation_simulation,simulated_maneuver_state_segmentation,causal_tcn_duration,chronaris,43,simulation_g1_to_g2_clean_locked__seed_43,validation,boundary_f1_2s,0.4258462602212602,higher,available,,False
model_independent_aviation_simulation,simulated_maneuver_state_segmentation,causal_tcn_duration,chronaris,43,simulation_g1_to_g2_clean_locked__seed_43,validation,edit_score,0.7083043981481482,higher,available,,False
model_independent_aviation_simulation,simulated_maneuver_state_segmentation,causal_tcn_duration,chronaris,43,simulation_g1_to_g2_clean_locked__seed_43,validation,boundary_detection_delay_s,2.828791469194313,lower,available,,False
model_independent_aviation_simulation,simulated_future_workload_classification,linear,chronaris,43,simulation_g1_to_g2_clean_locked__seed_43,held_out,macro_f1,0.5732850241545894,higher,available,,False
model_independent_aviation_simulation,simulated_future_workload_classification,linear,chronaris,43,simulation_g1_to_g2_clean_locked__seed_43,held_out,balanced_accuracy,0.5626576135559312,higher,available,,False
model_independent_aviation_simulation,simulated_future_workload_classification,linear,chronaris,43,simulation_g1_to_g2_clean_locked__seed_43,held_out,macro_auprc,0.6062605983209517,higher,available,,False
model_independent_aviation_simulation,simulated_future_workload_classification,linear,chronaris,43,simulation_g1_to_g2_clean_locked__seed_43,held_out,brier_score,0.4513237615998445,lower,available,,False
model_independent_aviation_simulation,simulated_future_workload_classification,linear,chronaris,43,simulation_g1_to_g2_clean_locked__seed_43,held_out,ece_10_bins,0.04226874822927128,lower,available,,False
model_independent_aviation_simulation,simulated_future_workload_regression,linear,chronaris,43,simulation_g1_to_g2_clean_locked__seed_43,held_out,mae,0.14721405925229192,lower,available,,False
model_independent_aviation_simulation,simulated_future_workload_regression,linear,chronaris,43,simulation_g1_to_g2_clean_locked__seed_43,held_out,rmse,0.18137411422689306,lower,available,,False
model_independent_aviation_simulation,simulated_future_workload_regression,linear,chronaris,43,simulation_g1_to_g2_clean_locked__seed_43,held_out,spearman,0.6006736940978342,higher,available,,False
model_independent_aviation_simulation,simulated_future_workload_classification,minirocket,chronaris,43,simulation_g1_to_g2_clean_locked__seed_43,held_out,macro_f1,0.4960729912901846,higher,available,,False
model_independent_aviation_simulation,simulated_future_workload_classification,minirocket,chronaris,43,simulation_g1_to_g2_clean_locked__seed_43,held_out,balanced_accuracy,0.5020852670794818,higher,available,,False
model_independent_aviation_simulation,simulated_future_workload_classification,minirocket,chronaris,43,simulation_g1_to_g2_clean_locked__seed_43,held_out,macro_auprc,0.5291449883276015,higher,available,,False
model_independent_aviation_simulation,simulated_future_workload_classification,minirocket,chronaris,43,simulation_g1_to_g2_clean_locked__seed_43,held_out,brier_score,0.6629042071113399,lower,available,,False
model_independent_aviation_simulation,simulated_future_workload_classification,minirocket,chronaris,43,simulation_g1_to_g2_clean_locked__seed_43,held_out,ece_10_bins,0.28978568016006295,lower,available,,False
model_independent_aviation_simulation,simulated_future_workload_regression,minirocket,chronaris,43,simulation_g1_to_g2_clean_locked__seed_43,held_out,mae,0.15602757316082716,lower,available,,False
model_independent_aviation_simulation,simulated_future_workload_regression,minirocket,chronaris,43,simulation_g1_to_g2_clean_locked__seed_43,held_out,rmse,0.18918240474956144,lower,available,,False
model_independent_aviation_simulation,simulated_future_workload_regression,minirocket,chronaris,43,simulation_g1_to_g2_clean_locked__seed_43,held_out,spearman,0.6571064893603633,higher,available,,False
model_independent_aviation_simulation,simulated_maneuver_state_segmentation,causal_tcn_raw,chronaris,43,simulation_g1_to_g2_clean_locked__seed_43,held_out,frame_macro_f1,0.4715834379092632,higher,available,,False
model_independent_aviation_simulation,simulated_maneuver_state_segmentation,causal_tcn_raw,chronaris,43,simulation_g1_to_g2_clean_locked__seed_43,held_out,segmental_f1_iou_0.10,0.5138137334119718,higher,available,,False
model_independent_aviation_simulation,simulated_maneuver_state_segmentation,causal_tcn_raw,chronaris,43,simulation_g1_to_g2_clean_locked__seed_43,held_out,segmental_f1_iou_0.25,0.4097454933273074,higher,available,,False
model_independent_aviation_simulation,simulated_maneuver_state_segmentation,causal_tcn_raw,chronaris,43,simulation_g1_to_g2_clean_locked__seed_43,held_out,segmental_f1_iou_0.50,0.2654902610325404,higher,available,,False
model_independent_aviation_simulation,simulated_maneuver_state_segmentation,causal_tcn_raw,chronaris,43,simulation_g1_to_g2_clean_locked__seed_43,held_out,boundary_f1_1s,0.21595659685709032,higher,available,,False
model_independent_aviation_simulation,simulated_maneuver_state_segmentation,causal_tcn_raw,chronaris,43,simulation_g1_to_g2_clean_locked__seed_43,held_out,boundary_f1_2s,0.3292310683346868,higher,available,,False
model_independent_aviation_simulation,simulated_maneuver_state_segmentation,causal_tcn_raw,chronaris,43,simulation_g1_to_g2_clean_locked__seed_43,held_out,edit_score,0.44929130780282095,higher,available,,False
model_independent_aviation_simulation,simulated_maneuver_state_segmentation,causal_tcn_raw,chronaris,43,simulation_g1_to_g2_clean_locked__seed_43,held_out,boundary_detection_delay_s,2.2266713091922004,lower,available,,False
model_independent_aviation_simulation,simulated_maneuver_state_segmentation,causal_tcn_duration,chronaris,43,simulation_g1_to_g2_clean_locked__seed_43,held_out,frame_macro_f1,0.49364318375253485,higher,available,,False
model_independent_aviation_simulation,simulated_maneuver_state_segmentation,causal_tcn_duration,chronaris,43,simulation_g1_to_g2_clean_locked__seed_43,held_out,segmental_f1_iou_0.10,0.6463281979547943,higher,available,,False
model_independent_aviation_simulation,simulated_maneuver_state_segmentation,causal_tcn_duration,chronaris,43,simulation_g1_to_g2_clean_locked__seed_43,held_out,segmental_f1_iou_0.25,0.5337108990492795,higher,available,,False
model_independent_aviation_simulation,simulated_maneuver_state_segmentation,causal_tcn_duration,chronaris,43,simulation_g1_to_g2_clean_locked__seed_43,held_out,segmental_f1_iou_0.50,0.36467055100472284,higher,available,,False
model_independent_aviation_simulation,simulated_maneuver_state_segmentation,causal_tcn_duration,chronaris,43,simulation_g1_to_g2_clean_locked__seed_43,held_out,boundary_f1_1s,0.2413698206159023,higher,available,,False
model_independent_aviation_simulation,simulated_maneuver_state_segmentation,causal_tcn_duration,chronaris,43,simulation_g1_to_g2_clean_locked__seed_43,held_out,boundary_f1_2s,0.37708389866139475,higher,available,,False
model_independent_aviation_simulation,simulated_maneuver_state_segmentation,causal_tcn_duration,chronaris,43,simulation_g1_to_g2_clean_locked__seed_43,held_out,edit_score,0.624726271991897,higher,available,,False
model_independent_aviation_simulation,simulated_maneuver_state_segmentation,causal_tcn_duration,chronaris,43,simulation_g1_to_g2_clean_locked__seed_43,held_out,boundary_detection_delay_s,2.5090579710144927,lower,available,,False
