{
  "summary": {
    "sample_count": 8,
    "reference_point_count": 16,
    "mean_projection_cosine": 0.733689788767247,
    "min_projection_cosine": 0.08943100071263561,
    "max_projection_cosine": 0.8829087094976289,
    "mean_projection_l2_gap": 0.10819334211344751,
    "mean_projection_l2_ratio": 0.9699536992233962,
    "std_projection_cosine": 0.07736916706943103,
    "cv_projection_cosine": 0.10545215192299118,
    "std_projection_l2_gap": 0.017996615501056495,
    "cv_projection_l2_gap": 0.16633755043989595,
    "std_projection_l2_ratio": 0.028591190954100003,
    "cv_projection_l2_ratio": 0.029476861603798043,
    "samples": [
      {
        "sample_id": "20251002_单01_ACT-8_翼云_J16_12#01:0029",
        "reference_point_count": 16,
        "mean_projection_cosine": 0.7629325852258073,
        "min_projection_cosine": 0.08943100071263561,
        "max_projection_cosine": 0.8829087094976289,
        "physiology_projection_l2_mean": 1.3004761425865239,
        "vehicle_projection_l2_mean": 1.2416035365092681,
        "projection_l2_gap_mean": 0.101391260819641,
        "projection_l2_ratio_mean": 0.9591472448017236
      },
      {
        "sample_id": "20251002_单01_ACT-8_翼云_J16_12#01:0030",
        "reference_point_count": 16,
        "mean_projection_cosine": 0.7629325852258073,
        "min_projection_cosine": 0.08943100071263561,
        "max_projection_cosine": 0.8829087094976289,
        "physiology_projection_l2_mean": 1.3004761425865239,
        "vehicle_projection_l2_mean": 1.2416035365092681,
        "projection_l2_gap_mean": 0.101391260819641,
        "projection_l2_ratio_mean": 0.9591472448017236
      },
      {
        "sample_id": "20251002_单01_ACT-8_翼云_J16_12#01:0031",
        "reference_point_count": 16,
        "mean_projection_cosine": 0.7629325852258073,
        "min_projection_cosine": 0.08943100071263561,
        "max_projection_cosine": 0.8829087094976289,
        "physiology_projection_l2_mean": 1.3004761425865239,
        "vehicle_projection_l2_mean": 1.2416035365092681,
        "projection_l2_gap_mean": 0.101391260819641,
        "projection_l2_ratio_mean": 0.9591472448017236
      },
      {
        "sample_id": "20251002_单01_ACT-8_翼云_J16_12#01:0032",
        "reference_point_count": 16,
        "mean_projection_cosine": 0.7629325852258073,
        "min_projection_cosine": 0.08943100071263561,
        "max_projection_cosine": 0.8829087094976289,
        "physiology_projection_l2_mean": 1.3004761425865239,
        "vehicle_projection_l2_mean": 1.2416035365092681,
        "projection_l2_gap_mean": 0.101391260819641,
        "projection_l2_ratio_mean": 0.9591472448017236
      },
      {
        "sample_id": "20251002_单01_ACT-8_翼云_J16_12#01:0033",
        "reference_point_count": 16,
        "mean_projection_cosine": 0.7629325852258073,
        "min_projection_cosine": 0.08943100071263561,
        "max_projection_cosine": 0.8829087094976289,
        "physiology_projection_l2_mean": 1.3004761425865239,
        "vehicle_projection_l2_mean": 1.2416035365092681,
        "projection_l2_gap_mean": 0.101391260819641,
        "projection_l2_ratio_mean": 0.9591472448017236
      },
      {
        "sample_id": "20251002_单01_ACT-8_翼云_J16_12#01:0034",
        "reference_point_count": 16,
        "mean_projection_cosine": 0.7629325852258073,
        "min_projection_cosine": 0.08943100071263561,
        "max_projection_cosine": 0.8829087094976289,
        "physiology_projection_l2_mean": 1.3004761425865239,
        "vehicle_projection_l2_mean": 1.2416035365092681,
        "projection_l2_gap_mean": 0.101391260819641,
        "projection_l2_ratio_mean": 0.9591472448017236
      },
      {
        "sample_id": "20251002_单01_ACT-8_翼云_J16_12#01:0035",
        "reference_point_count": 16,
        "mean_projection_cosine": 0.7629325852258073,
        "min_projection_cosine": 0.08943100071263561,
        "max_projection_cosine": 0.8829087094976289,
        "physiology_projection_l2_mean": 1.3004761425865239,
        "vehicle_projection_l2_mean": 1.2416035365092681,
        "projection_l2_gap_mean": 0.101391260819641,
        "projection_l2_ratio_mean": 0.9591472448017236
      },
      {
        "sample_id": "20251002_单01_ACT-8_翼云_J16_12#01:0036",
        "reference_point_count": 16,
        "mean_projection_cosine": 0.5289902135573245,
        "min_projection_cosine": 0.08943100071263561,
        "max_projection_cosine": 0.838380383456718,
        "physiology_projection_l2_mean": 1.2954317037595382,
        "vehicle_projection_l2_mean": 1.3374201982429192,
        "projection_l2_gap_mean": 0.15580791117009307,
        "projection_l2_ratio_mean": 1.0455988801751044
      }
    ]
  },
  "threshold_evaluation": {
    "passed": true,
    "verdict": "PASS",
    "checks": [
      {
        "name": "sample_count",
        "passed": true,
        "actual": 8.0,
        "operator": ">=",
        "expected": 1.0
      },
      {
        "name": "mean_projection_cosine",
        "passed": true,
        "actual": 0.733689788767247,
        "operator": ">=",
        "expected": 0.65
      },
      {
        "name": "mean_projection_l2_gap",
        "passed": true,
        "actual": 0.10819334211344751,
        "operator": "<=",
        "expected": 0.25
      },
      {
        "name": "mean_projection_l2_ratio_deviation",
        "passed": true,
        "actual": 0.03004630077660375,
        "operator": "<=",
        "expected": 0.3
      },
      {
        "name": "projection_cosine_cv",
        "passed": true,
        "actual": 0.10545215192299118,
        "operator": "<=",
        "expected": 0.15
      },
      {
        "name": "projection_l2_gap_cv",
        "passed": true,
        "actual": 0.16633755043989595,
        "operator": "<=",
        "expected": 0.25
      }
    ]
  }
}
