fold_id,task_slug,role,context_id,class_target,continuous_target,binary_target,status,fit_sample_hash,threshold_scope
leave_one_view_out__fold01,maneuver_intensity_classification,train,20251002_单01_ACT-8_翼云_J16_12#01__pilot_10035::context_end_0005,0,,-1,completed,175a6f0149428fea1c5eb5c953b1554a4ae8a1e13a6134e77a39be5bc1b0bca6,inner_train_nested
leave_one_view_out__fold01,maneuver_intensity_classification,train,20251002_单01_ACT-8_翼云_J16_12#01__pilot_10035::context_end_0006,0,,-1,completed,175a6f0149428fea1c5eb5c953b1554a4ae8a1e13a6134e77a39be5bc1b0bca6,inner_train_nested
leave_one_view_out__fold01,maneuver_intensity_classification,train,20251002_单01_ACT-8_翼云_J16_12#01__pilot_10035::context_end_0007,0,,-1,completed,175a6f0149428fea1c5eb5c953b1554a4ae8a1e13a6134e77a39be5bc1b0bca6,inner_train_nested
leave_one_view_out__fold01,maneuver_intensity_classification,train,20251002_单01_ACT-8_翼云_J16_12#01__pilot_10035::context_end_0008,1,,-1,completed,175a6f0149428fea1c5eb5c953b1554a4ae8a1e13a6134e77a39be5bc1b0bca6,inner_train_nested
leave_one_view_out__fold01,maneuver_intensity_classification,train,20251002_单01_ACT-8_翼云_J16_12#01__pilot_10035::context_end_0009,2,,-1,completed,175a6f0149428fea1c5eb5c953b1554a4ae8a1e13a6134e77a39be5bc1b0bca6,inner_train_nested
leave_one_view_out__fold01,maneuver_intensity_classification,train,20251002_单01_ACT-8_翼云_J16_12#01__pilot_10035::context_end_0010,1,,-1,completed,175a6f0149428fea1c5eb5c953b1554a4ae8a1e13a6134e77a39be5bc1b0bca6,inner_train_nested
leave_one_view_out__fold01,maneuver_intensity_classification,train,20251002_单01_ACT-8_翼云_J16_12#01__pilot_10035::context_end_0011,1,,-1,completed,175a6f0149428fea1c5eb5c953b1554a4ae8a1e13a6134e77a39be5bc1b0bca6,inner_train_nested
leave_one_view_out__fold01,maneuver_intensity_classification,train,20251002_单01_ACT-8_翼云_J16_12#01__pilot_10035::context_end_0012,0,,-1,completed,175a6f0149428fea1c5eb5c953b1554a4ae8a1e13a6134e77a39be5bc1b0bca6,inner_train_nested
leave_one_view_out__fold01,maneuver_intensity_classification,train,20251002_单01_ACT-8_翼云_J16_12#01__pilot_10035::context_end_0013,0,,-1,completed,175a6f0149428fea1c5eb5c953b1554a4ae8a1e13a6134e77a39be5bc1b0bca6,inner_train_nested
leave_one_view_out__fold01,maneuver_intensity_classification,train,20251002_单01_ACT-8_翼云_J16_12#01__pilot_10035::context_end_0014,1,,-1,completed,175a6f0149428fea1c5eb5c953b1554a4ae8a1e13a6134e77a39be5bc1b0bca6,inner_train_nested
leave_one_view_out__fold01,maneuver_intensity_classification,train,20251002_单01_ACT-8_翼云_J16_12#01__pilot_10035::context_end_0015,0,,-1,completed,175a6f0149428fea1c5eb5c953b1554a4ae8a1e13a6134e77a39be5bc1b0bca6,inner_train_nested
leave_one_view_out__fold01,maneuver_intensity_classification,train,20251002_单01_ACT-8_翼云_J16_12#01__pilot_10035::context_end_0016,1,,-1,completed,175a6f0149428fea1c5eb5c953b1554a4ae8a1e13a6134e77a39be5bc1b0bca6,inner_train_nested
leave_one_view_out__fold01,maneuver_intensity_classification,train,20251002_单01_ACT-8_翼云_J16_12#01__pilot_10035::context_end_0017,2,,-1,completed,175a6f0149428fea1c5eb5c953b1554a4ae8a1e13a6134e77a39be5bc1b0bca6,inner_train_nested
leave_one_view_out__fold01,maneuver_intensity_classification,train,20251002_单01_ACT-8_翼云_J16_12#01__pilot_10035::context_end_0018,1,,-1,completed,175a6f0149428fea1c5eb5c953b1554a4ae8a1e13a6134e77a39be5bc1b0bca6,inner_train_nested
leave_one_view_out__fold01,maneuver_intensity_classification,train,20251002_单01_ACT-8_翼云_J16_12#01__pilot_10035::context_end_0019,0,,-1,completed,175a6f0149428fea1c5eb5c953b1554a4ae8a1e13a6134e77a39be5bc1b0bca6,inner_train_nested
leave_one_view_out__fold01,maneuver_intensity_classification,train,20251002_单01_ACT-8_翼云_J16_12#01__pilot_10035::context_end_0020,2,,-1,completed,175a6f0149428fea1c5eb5c953b1554a4ae8a1e13a6134e77a39be5bc1b0bca6,inner_train_nested
leave_one_view_out__fold01,maneuver_intensity_classification,train,20251002_单01_ACT-8_翼云_J16_12#01__pilot_10035::context_end_0021,2,,-1,completed,175a6f0149428fea1c5eb5c953b1554a4ae8a1e13a6134e77a39be5bc1b0bca6,inner_train_nested
leave_one_view_out__fold01,maneuver_intensity_classification,train,20251002_单01_ACT-8_翼云_J16_12#01__pilot_10035::context_end_0022,2,,-1,completed,175a6f0149428fea1c5eb5c953b1554a4ae8a1e13a6134e77a39be5bc1b0bca6,inner_train_nested
leave_one_view_out__fold01,maneuver_intensity_classification,train,20251002_单01_ACT-8_翼云_J16_12#01__pilot_10035::context_end_0023,1,,-1,completed,175a6f0149428fea1c5eb5c953b1554a4ae8a1e13a6134e77a39be5bc1b0bca6,inner_train_nested
leave_one_view_out__fold01,maneuver_intensity_classification,train,20251002_单01_ACT-8_翼云_J16_12#01__pilot_10035::context_end_0024,2,,-1,completed,175a6f0149428fea1c5eb5c953b1554a4ae8a1e13a6134e77a39be5bc1b0bca6,inner_train_nested
leave_one_view_out__fold01,maneuver_intensity_classification,train,20251002_单01_ACT-8_翼云_J16_12#01__pilot_10035::context_end_0025,1,,-1,completed,175a6f0149428fea1c5eb5c953b1554a4ae8a1e13a6134e77a39be5bc1b0bca6,inner_train_nested
leave_one_view_out__fold01,maneuver_intensity_classification,train,20251002_单01_ACT-8_翼云_J16_12#01__pilot_10035::context_end_0026,0,,-1,completed,175a6f0149428fea1c5eb5c953b1554a4ae8a1e13a6134e77a39be5bc1b0bca6,inner_train_nested
leave_one_view_out__fold01,maneuver_intensity_classification,train,20251002_单01_ACT-8_翼云_J16_12#01__pilot_10035::context_end_0027,0,,-1,completed,175a6f0149428fea1c5eb5c953b1554a4ae8a1e13a6134e77a39be5bc1b0bca6,inner_train_nested
leave_one_view_out__fold01,maneuver_intensity_classification,train,20251002_单01_ACT-8_翼云_J16_12#01__pilot_10035::context_end_0028,2,,-1,completed,175a6f0149428fea1c5eb5c953b1554a4ae8a1e13a6134e77a39be5bc1b0bca6,inner_train_nested
leave_one_view_out__fold01,maneuver_intensity_classification,train,20251002_单01_ACT-8_翼云_J16_12#01__pilot_10035::context_end_0029,2,,-1,completed,175a6f0149428fea1c5eb5c953b1554a4ae8a1e13a6134e77a39be5bc1b0bca6,inner_train_nested
leave_one_view_out__fold01,maneuver_intensity_classification,train,20251002_单01_ACT-8_翼云_J16_12#01__pilot_10035::context_end_0030,2,,-1,completed,175a6f0149428fea1c5eb5c953b1554a4ae8a1e13a6134e77a39be5bc1b0bca6,inner_train_nested
leave_one_view_out__fold01,maneuver_intensity_classification,train,20251002_单01_ACT-8_翼云_J16_12#01__pilot_10035::context_end_0031,1,,-1,completed,175a6f0149428fea1c5eb5c953b1554a4ae8a1e13a6134e77a39be5bc1b0bca6,inner_train_nested
leave_one_view_out__fold01,maneuver_intensity_classification,train,20251002_单01_ACT-8_翼云_J16_12#01__pilot_10035::context_end_0032,1,,-1,completed,175a6f0149428fea1c5eb5c953b1554a4ae8a1e13a6134e77a39be5bc1b0bca6,inner_train_nested
leave_one_view_out__fold01,maneuver_intensity_classification,train,20251002_单01_ACT-8_翼云_J16_12#01__pilot_10035::context_end_0033,2,,-1,completed,175a6f0149428fea1c5eb5c953b1554a4ae8a1e13a6134e77a39be5bc1b0bca6,inner_train_nested
leave_one_view_out__fold01,maneuver_intensity_classification,train,20251002_单01_ACT-8_翼云_J16_12#01__pilot_10035::context_end_0034,0,,-1,completed,175a6f0149428fea1c5eb5c953b1554a4ae8a1e13a6134e77a39be5bc1b0bca6,inner_train_nested
leave_one_view_out__fold01,maneuver_intensity_classification,train,20251002_单01_ACT-8_翼云_J16_12#01__pilot_10035::context_end_0035,0,,-1,completed,175a6f0149428fea1c5eb5c953b1554a4ae8a1e13a6134e77a39be5bc1b0bca6,inner_train_nested
leave_one_view_out__fold01,maneuver_intensity_classification,validation,20251005_四01_ACT-4_云_J20_22#01__pilot_10033::context_end_0005,0,,-1,completed,175a6f0149428fea1c5eb5c953b1554a4ae8a1e13a6134e77a39be5bc1b0bca6,inner_train_nested
leave_one_view_out__fold01,maneuver_intensity_classification,validation,20251005_四01_ACT-4_云_J20_22#01__pilot_10033::context_end_0006,0,,-1,completed,175a6f0149428fea1c5eb5c953b1554a4ae8a1e13a6134e77a39be5bc1b0bca6,inner_train_nested
leave_one_view_out__fold01,maneuver_intensity_classification,validation,20251005_四01_ACT-4_云_J20_22#01__pilot_10033::context_end_0007,0,,-1,completed,175a6f0149428fea1c5eb5c953b1554a4ae8a1e13a6134e77a39be5bc1b0bca6,inner_train_nested
leave_one_view_out__fold01,maneuver_intensity_classification,validation,20251005_四01_ACT-4_云_J20_22#01__pilot_10033::context_end_0008,1,,-1,completed,175a6f0149428fea1c5eb5c953b1554a4ae8a1e13a6134e77a39be5bc1b0bca6,inner_train_nested
leave_one_view_out__fold01,maneuver_intensity_classification,validation,20251005_四01_ACT-4_云_J20_22#01__pilot_10033::context_end_0009,2,,-1,completed,175a6f0149428fea1c5eb5c953b1554a4ae8a1e13a6134e77a39be5bc1b0bca6,inner_train_nested
leave_one_view_out__fold01,maneuver_intensity_classification,validation,20251005_四01_ACT-4_云_J20_22#01__pilot_10033::context_end_0010,1,,-1,completed,175a6f0149428fea1c5eb5c953b1554a4ae8a1e13a6134e77a39be5bc1b0bca6,inner_train_nested
leave_one_view_out__fold01,maneuver_intensity_classification,validation,20251005_四01_ACT-4_云_J20_22#01__pilot_10033::context_end_0011,1,,-1,completed,175a6f0149428fea1c5eb5c953b1554a4ae8a1e13a6134e77a39be5bc1b0bca6,inner_train_nested
leave_one_view_out__fold01,maneuver_intensity_classification,validation,20251005_四01_ACT-4_云_J20_22#01__pilot_10033::context_end_0012,0,,-1,completed,175a6f0149428fea1c5eb5c953b1554a4ae8a1e13a6134e77a39be5bc1b0bca6,inner_train_nested
leave_one_view_out__fold01,maneuver_intensity_classification,validation,20251005_四01_ACT-4_云_J20_22#01__pilot_10033::context_end_0013,0,,-1,completed,175a6f0149428fea1c5eb5c953b1554a4ae8a1e13a6134e77a39be5bc1b0bca6,inner_train_nested
leave_one_view_out__fold01,maneuver_intensity_classification,validation,20251005_四01_ACT-4_云_J20_22#01__pilot_10033::context_end_0014,1,,-1,completed,175a6f0149428fea1c5eb5c953b1554a4ae8a1e13a6134e77a39be5bc1b0bca6,inner_train_nested
leave_one_view_out__fold01,maneuver_intensity_classification,validation,20251005_四01_ACT-4_云_J20_22#01__pilot_10033::context_end_0015,0,,-1,completed,175a6f0149428fea1c5eb5c953b1554a4ae8a1e13a6134e77a39be5bc1b0bca6,inner_train_nested
leave_one_view_out__fold01,maneuver_intensity_classification,validation,20251005_四01_ACT-4_云_J20_22#01__pilot_10033::context_end_0016,1,,-1,completed,175a6f0149428fea1c5eb5c953b1554a4ae8a1e13a6134e77a39be5bc1b0bca6,inner_train_nested
leave_one_view_out__fold01,maneuver_intensity_classification,validation,20251005_四01_ACT-4_云_J20_22#01__pilot_10033::context_end_0017,2,,-1,completed,175a6f0149428fea1c5eb5c953b1554a4ae8a1e13a6134e77a39be5bc1b0bca6,inner_train_nested
leave_one_view_out__fold01,maneuver_intensity_classification,validation,20251005_四01_ACT-4_云_J20_22#01__pilot_10033::context_end_0018,1,,-1,completed,175a6f0149428fea1c5eb5c953b1554a4ae8a1e13a6134e77a39be5bc1b0bca6,inner_train_nested
leave_one_view_out__fold01,maneuver_intensity_classification,validation,20251005_四01_ACT-4_云_J20_22#01__pilot_10033::context_end_0019,0,,-1,completed,175a6f0149428fea1c5eb5c953b1554a4ae8a1e13a6134e77a39be5bc1b0bca6,inner_train_nested
leave_one_view_out__fold01,maneuver_intensity_classification,validation,20251005_四01_ACT-4_云_J20_22#01__pilot_10033::context_end_0020,2,,-1,completed,175a6f0149428fea1c5eb5c953b1554a4ae8a1e13a6134e77a39be5bc1b0bca6,inner_train_nested
leave_one_view_out__fold01,maneuver_intensity_classification,validation,20251005_四01_ACT-4_云_J20_22#01__pilot_10033::context_end_0021,2,,-1,completed,175a6f0149428fea1c5eb5c953b1554a4ae8a1e13a6134e77a39be5bc1b0bca6,inner_train_nested
leave_one_view_out__fold01,maneuver_intensity_classification,validation,20251005_四01_ACT-4_云_J20_22#01__pilot_10033::context_end_0022,2,,-1,completed,175a6f0149428fea1c5eb5c953b1554a4ae8a1e13a6134e77a39be5bc1b0bca6,inner_train_nested
leave_one_view_out__fold01,maneuver_intensity_classification,validation,20251005_四01_ACT-4_云_J20_22#01__pilot_10033::context_end_0023,1,,-1,completed,175a6f0149428fea1c5eb5c953b1554a4ae8a1e13a6134e77a39be5bc1b0bca6,inner_train_nested
leave_one_view_out__fold01,maneuver_intensity_classification,validation,20251005_四01_ACT-4_云_J20_22#01__pilot_10033::context_end_0024,2,,-1,completed,175a6f0149428fea1c5eb5c953b1554a4ae8a1e13a6134e77a39be5bc1b0bca6,inner_train_nested
leave_one_view_out__fold01,maneuver_intensity_classification,validation,20251005_四01_ACT-4_云_J20_22#01__pilot_10033::context_end_0025,1,,-1,completed,175a6f0149428fea1c5eb5c953b1554a4ae8a1e13a6134e77a39be5bc1b0bca6,inner_train_nested
leave_one_view_out__fold01,maneuver_intensity_classification,validation,20251005_四01_ACT-4_云_J20_22#01__pilot_10033::context_end_0026,0,,-1,completed,175a6f0149428fea1c5eb5c953b1554a4ae8a1e13a6134e77a39be5bc1b0bca6,inner_train_nested
leave_one_view_out__fold01,maneuver_intensity_classification,validation,20251005_四01_ACT-4_云_J20_22#01__pilot_10033::context_end_0027,0,,-1,completed,175a6f0149428fea1c5eb5c953b1554a4ae8a1e13a6134e77a39be5bc1b0bca6,inner_train_nested
leave_one_view_out__fold01,maneuver_intensity_classification,validation,20251005_四01_ACT-4_云_J20_22#01__pilot_10033::context_end_0028,2,,-1,completed,175a6f0149428fea1c5eb5c953b1554a4ae8a1e13a6134e77a39be5bc1b0bca6,inner_train_nested
leave_one_view_out__fold01,maneuver_intensity_classification,validation,20251005_四01_ACT-4_云_J20_22#01__pilot_10033::context_end_0029,2,,-1,completed,175a6f0149428fea1c5eb5c953b1554a4ae8a1e13a6134e77a39be5bc1b0bca6,inner_train_nested
leave_one_view_out__fold01,maneuver_intensity_classification,validation,20251005_四01_ACT-4_云_J20_22#01__pilot_10033::context_end_0030,2,,-1,completed,175a6f0149428fea1c5eb5c953b1554a4ae8a1e13a6134e77a39be5bc1b0bca6,inner_train_nested
leave_one_view_out__fold01,maneuver_intensity_classification,validation,20251005_四01_ACT-4_云_J20_22#01__pilot_10033::context_end_0031,1,,-1,completed,175a6f0149428fea1c5eb5c953b1554a4ae8a1e13a6134e77a39be5bc1b0bca6,inner_train_nested
leave_one_view_out__fold01,maneuver_intensity_classification,validation,20251005_四01_ACT-4_云_J20_22#01__pilot_10033::context_end_0032,1,,-1,completed,175a6f0149428fea1c5eb5c953b1554a4ae8a1e13a6134e77a39be5bc1b0bca6,inner_train_nested
leave_one_view_out__fold01,maneuver_intensity_classification,validation,20251005_四01_ACT-4_云_J20_22#01__pilot_10033::context_end_0033,2,,-1,completed,175a6f0149428fea1c5eb5c953b1554a4ae8a1e13a6134e77a39be5bc1b0bca6,inner_train_nested
leave_one_view_out__fold01,maneuver_intensity_classification,validation,20251005_四01_ACT-4_云_J20_22#01__pilot_10033::context_end_0034,0,,-1,completed,175a6f0149428fea1c5eb5c953b1554a4ae8a1e13a6134e77a39be5bc1b0bca6,inner_train_nested
leave_one_view_out__fold01,maneuver_intensity_classification,validation,20251005_四01_ACT-4_云_J20_22#01__pilot_10033::context_end_0035,0,,-1,completed,175a6f0149428fea1c5eb5c953b1554a4ae8a1e13a6134e77a39be5bc1b0bca6,inner_train_nested
leave_one_view_out__fold01,maneuver_intensity_classification,held_out,20251002_单01_ACT-8_翼云_J16_12#01__pilot_10033::context_end_0005,0,,-1,completed,175a6f0149428fea1c5eb5c953b1554a4ae8a1e13a6134e77a39be5bc1b0bca6,inner_train_nested
leave_one_view_out__fold01,maneuver_intensity_classification,held_out,20251002_单01_ACT-8_翼云_J16_12#01__pilot_10033::context_end_0006,0,,-1,completed,175a6f0149428fea1c5eb5c953b1554a4ae8a1e13a6134e77a39be5bc1b0bca6,inner_train_nested
leave_one_view_out__fold01,maneuver_intensity_classification,held_out,20251002_单01_ACT-8_翼云_J16_12#01__pilot_10033::context_end_0007,0,,-1,completed,175a6f0149428fea1c5eb5c953b1554a4ae8a1e13a6134e77a39be5bc1b0bca6,inner_train_nested
leave_one_view_out__fold01,maneuver_intensity_classification,held_out,20251002_单01_ACT-8_翼云_J16_12#01__pilot_10033::context_end_0008,1,,-1,completed,175a6f0149428fea1c5eb5c953b1554a4ae8a1e13a6134e77a39be5bc1b0bca6,inner_train_nested
leave_one_view_out__fold01,maneuver_intensity_classification,held_out,20251002_单01_ACT-8_翼云_J16_12#01__pilot_10033::context_end_0009,2,,-1,completed,175a6f0149428fea1c5eb5c953b1554a4ae8a1e13a6134e77a39be5bc1b0bca6,inner_train_nested
leave_one_view_out__fold01,maneuver_intensity_classification,held_out,20251002_单01_ACT-8_翼云_J16_12#01__pilot_10033::context_end_0010,1,,-1,completed,175a6f0149428fea1c5eb5c953b1554a4ae8a1e13a6134e77a39be5bc1b0bca6,inner_train_nested
leave_one_view_out__fold01,maneuver_intensity_classification,held_out,20251002_单01_ACT-8_翼云_J16_12#01__pilot_10033::context_end_0011,1,,-1,completed,175a6f0149428fea1c5eb5c953b1554a4ae8a1e13a6134e77a39be5bc1b0bca6,inner_train_nested
leave_one_view_out__fold01,maneuver_intensity_classification,held_out,20251002_单01_ACT-8_翼云_J16_12#01__pilot_10033::context_end_0012,0,,-1,completed,175a6f0149428fea1c5eb5c953b1554a4ae8a1e13a6134e77a39be5bc1b0bca6,inner_train_nested
leave_one_view_out__fold01,maneuver_intensity_classification,held_out,20251002_单01_ACT-8_翼云_J16_12#01__pilot_10033::context_end_0013,0,,-1,completed,175a6f0149428fea1c5eb5c953b1554a4ae8a1e13a6134e77a39be5bc1b0bca6,inner_train_nested
leave_one_view_out__fold01,maneuver_intensity_classification,held_out,20251002_单01_ACT-8_翼云_J16_12#01__pilot_10033::context_end_0014,1,,-1,completed,175a6f0149428fea1c5eb5c953b1554a4ae8a1e13a6134e77a39be5bc1b0bca6,inner_train_nested
leave_one_view_out__fold01,maneuver_intensity_classification,held_out,20251002_单01_ACT-8_翼云_J16_12#01__pilot_10033::context_end_0015,0,,-1,completed,175a6f0149428fea1c5eb5c953b1554a4ae8a1e13a6134e77a39be5bc1b0bca6,inner_train_nested
leave_one_view_out__fold01,maneuver_intensity_classification,held_out,20251002_单01_ACT-8_翼云_J16_12#01__pilot_10033::context_end_0016,1,,-1,completed,175a6f0149428fea1c5eb5c953b1554a4ae8a1e13a6134e77a39be5bc1b0bca6,inner_train_nested
leave_one_view_out__fold01,maneuver_intensity_classification,held_out,20251002_单01_ACT-8_翼云_J16_12#01__pilot_10033::context_end_0017,2,,-1,completed,175a6f0149428fea1c5eb5c953b1554a4ae8a1e13a6134e77a39be5bc1b0bca6,inner_train_nested
leave_one_view_out__fold01,maneuver_intensity_classification,held_out,20251002_单01_ACT-8_翼云_J16_12#01__pilot_10033::context_end_0018,1,,-1,completed,175a6f0149428fea1c5eb5c953b1554a4ae8a1e13a6134e77a39be5bc1b0bca6,inner_train_nested
leave_one_view_out__fold01,maneuver_intensity_classification,held_out,20251002_单01_ACT-8_翼云_J16_12#01__pilot_10033::context_end_0019,0,,-1,completed,175a6f0149428fea1c5eb5c953b1554a4ae8a1e13a6134e77a39be5bc1b0bca6,inner_train_nested
leave_one_view_out__fold01,maneuver_intensity_classification,held_out,20251002_单01_ACT-8_翼云_J16_12#01__pilot_10033::context_end_0020,2,,-1,completed,175a6f0149428fea1c5eb5c953b1554a4ae8a1e13a6134e77a39be5bc1b0bca6,inner_train_nested
leave_one_view_out__fold01,maneuver_intensity_classification,held_out,20251002_单01_ACT-8_翼云_J16_12#01__pilot_10033::context_end_0021,2,,-1,completed,175a6f0149428fea1c5eb5c953b1554a4ae8a1e13a6134e77a39be5bc1b0bca6,inner_train_nested
leave_one_view_out__fold01,maneuver_intensity_classification,held_out,20251002_单01_ACT-8_翼云_J16_12#01__pilot_10033::context_end_0022,2,,-1,completed,175a6f0149428fea1c5eb5c953b1554a4ae8a1e13a6134e77a39be5bc1b0bca6,inner_train_nested
leave_one_view_out__fold01,maneuver_intensity_classification,held_out,20251002_单01_ACT-8_翼云_J16_12#01__pilot_10033::context_end_0023,1,,-1,completed,175a6f0149428fea1c5eb5c953b1554a4ae8a1e13a6134e77a39be5bc1b0bca6,inner_train_nested
leave_one_view_out__fold01,maneuver_intensity_classification,held_out,20251002_单01_ACT-8_翼云_J16_12#01__pilot_10033::context_end_0024,2,,-1,completed,175a6f0149428fea1c5eb5c953b1554a4ae8a1e13a6134e77a39be5bc1b0bca6,inner_train_nested
leave_one_view_out__fold01,maneuver_intensity_classification,held_out,20251002_单01_ACT-8_翼云_J16_12#01__pilot_10033::context_end_0025,1,,-1,completed,175a6f0149428fea1c5eb5c953b1554a4ae8a1e13a6134e77a39be5bc1b0bca6,inner_train_nested
leave_one_view_out__fold01,maneuver_intensity_classification,held_out,20251002_单01_ACT-8_翼云_J16_12#01__pilot_10033::context_end_0026,0,,-1,completed,175a6f0149428fea1c5eb5c953b1554a4ae8a1e13a6134e77a39be5bc1b0bca6,inner_train_nested
leave_one_view_out__fold01,maneuver_intensity_classification,held_out,20251002_单01_ACT-8_翼云_J16_12#01__pilot_10033::context_end_0027,0,,-1,completed,175a6f0149428fea1c5eb5c953b1554a4ae8a1e13a6134e77a39be5bc1b0bca6,inner_train_nested
leave_one_view_out__fold01,maneuver_intensity_classification,held_out,20251002_单01_ACT-8_翼云_J16_12#01__pilot_10033::context_end_0028,2,,-1,completed,175a6f0149428fea1c5eb5c953b1554a4ae8a1e13a6134e77a39be5bc1b0bca6,inner_train_nested
leave_one_view_out__fold01,maneuver_intensity_classification,held_out,20251002_单01_ACT-8_翼云_J16_12#01__pilot_10033::context_end_0029,2,,-1,completed,175a6f0149428fea1c5eb5c953b1554a4ae8a1e13a6134e77a39be5bc1b0bca6,inner_train_nested
leave_one_view_out__fold01,maneuver_intensity_classification,held_out,20251002_单01_ACT-8_翼云_J16_12#01__pilot_10033::context_end_0030,2,,-1,completed,175a6f0149428fea1c5eb5c953b1554a4ae8a1e13a6134e77a39be5bc1b0bca6,inner_train_nested
leave_one_view_out__fold01,maneuver_intensity_classification,held_out,20251002_单01_ACT-8_翼云_J16_12#01__pilot_10033::context_end_0031,1,,-1,completed,175a6f0149428fea1c5eb5c953b1554a4ae8a1e13a6134e77a39be5bc1b0bca6,inner_train_nested
leave_one_view_out__fold01,maneuver_intensity_classification,held_out,20251002_单01_ACT-8_翼云_J16_12#01__pilot_10033::context_end_0032,1,,-1,completed,175a6f0149428fea1c5eb5c953b1554a4ae8a1e13a6134e77a39be5bc1b0bca6,inner_train_nested
leave_one_view_out__fold01,maneuver_intensity_classification,held_out,20251002_单01_ACT-8_翼云_J16_12#01__pilot_10033::context_end_0033,2,,-1,completed,175a6f0149428fea1c5eb5c953b1554a4ae8a1e13a6134e77a39be5bc1b0bca6,inner_train_nested
leave_one_view_out__fold01,maneuver_intensity_classification,held_out,20251002_单01_ACT-8_翼云_J16_12#01__pilot_10033::context_end_0034,0,,-1,completed,175a6f0149428fea1c5eb5c953b1554a4ae8a1e13a6134e77a39be5bc1b0bca6,inner_train_nested
leave_one_view_out__fold01,maneuver_intensity_classification,held_out,20251002_单01_ACT-8_翼云_J16_12#01__pilot_10033::context_end_0035,0,,-1,completed,175a6f0149428fea1c5eb5c953b1554a4ae8a1e13a6134e77a39be5bc1b0bca6,inner_train_nested
leave_one_view_out__fold01,physiology_response_prediction,train,20251002_单01_ACT-8_翼云_J16_12#01__pilot_10035::context_end_0005,-1,0.8635750305773612,0,completed,a543ef8fac3cd781c371d66da92d9df7c89e1fc22b0f90ae094a1a3a5e0e220b,inner_train_nested
leave_one_view_out__fold01,physiology_response_prediction,train,20251002_单01_ACT-8_翼云_J16_12#01__pilot_10035::context_end_0006,-1,3.0495731442892136,1,completed,a543ef8fac3cd781c371d66da92d9df7c89e1fc22b0f90ae094a1a3a5e0e220b,inner_train_nested
leave_one_view_out__fold01,physiology_response_prediction,train,20251002_单01_ACT-8_翼云_J16_12#01__pilot_10035::context_end_0007,-1,0.8313899431469067,0,completed,a543ef8fac3cd781c371d66da92d9df7c89e1fc22b0f90ae094a1a3a5e0e220b,inner_train_nested
leave_one_view_out__fold01,physiology_response_prediction,train,20251002_单01_ACT-8_翼云_J16_12#01__pilot_10035::context_end_0008,-1,1.2857467822337532,1,completed,a543ef8fac3cd781c371d66da92d9df7c89e1fc22b0f90ae094a1a3a5e0e220b,inner_train_nested
leave_one_view_out__fold01,physiology_response_prediction,train,20251002_单01_ACT-8_翼云_J16_12#01__pilot_10035::context_end_0009,-1,0.47649763976317916,0,completed,a543ef8fac3cd781c371d66da92d9df7c89e1fc22b0f90ae094a1a3a5e0e220b,inner_train_nested
leave_one_view_out__fold01,physiology_response_prediction,train,20251002_单01_ACT-8_翼云_J16_12#01__pilot_10035::context_end_0010,-1,1.1654230500003986,1,completed,a543ef8fac3cd781c371d66da92d9df7c89e1fc22b0f90ae094a1a3a5e0e220b,inner_train_nested
leave_one_view_out__fold01,physiology_response_prediction,train,20251002_单01_ACT-8_翼云_J16_12#01__pilot_10035::context_end_0011,-1,0.3817053706322261,0,completed,a543ef8fac3cd781c371d66da92d9df7c89e1fc22b0f90ae094a1a3a5e0e220b,inner_train_nested
leave_one_view_out__fold01,physiology_response_prediction,train,20251002_单01_ACT-8_翼云_J16_12#01__pilot_10035::context_end_0012,-1,0.590310197928596,0,completed,a543ef8fac3cd781c371d66da92d9df7c89e1fc22b0f90ae094a1a3a5e0e220b,inner_train_nested
leave_one_view_out__fold01,physiology_response_prediction,train,20251002_单01_ACT-8_翼云_J16_12#01__pilot_10035::context_end_0013,-1,1.0381369725945768,0,completed,a543ef8fac3cd781c371d66da92d9df7c89e1fc22b0f90ae094a1a3a5e0e220b,inner_train_nested
leave_one_view_out__fold01,physiology_response_prediction,train,20251002_单01_ACT-8_翼云_J16_12#01__pilot_10035::context_end_0014,-1,0.8883355394748619,0,completed,a543ef8fac3cd781c371d66da92d9df7c89e1fc22b0f90ae094a1a3a5e0e220b,inner_train_nested
leave_one_view_out__fold01,physiology_response_prediction,train,20251002_单01_ACT-8_翼云_J16_12#01__pilot_10035::context_end_0015,-1,0.8623015596137994,0,completed,a543ef8fac3cd781c371d66da92d9df7c89e1fc22b0f90ae094a1a3a5e0e220b,inner_train_nested
leave_one_view_out__fold01,physiology_response_prediction,train,20251002_单01_ACT-8_翼云_J16_12#01__pilot_10035::context_end_0016,-1,0.8514293245082786,0,completed,a543ef8fac3cd781c371d66da92d9df7c89e1fc22b0f90ae094a1a3a5e0e220b,inner_train_nested
leave_one_view_out__fold01,physiology_response_prediction,train,20251002_单01_ACT-8_翼云_J16_12#01__pilot_10035::context_end_0017,-1,0.8572705372581992,0,completed,a543ef8fac3cd781c371d66da92d9df7c89e1fc22b0f90ae094a1a3a5e0e220b,inner_train_nested
leave_one_view_out__fold01,physiology_response_prediction,train,20251002_单01_ACT-8_翼云_J16_12#01__pilot_10035::context_end_0018,-1,0.5925286598093085,0,completed,a543ef8fac3cd781c371d66da92d9df7c89e1fc22b0f90ae094a1a3a5e0e220b,inner_train_nested
leave_one_view_out__fold01,physiology_response_prediction,train,20251002_单01_ACT-8_翼云_J16_12#01__pilot_10035::context_end_0019,-1,0.5984150749463377,0,completed,a543ef8fac3cd781c371d66da92d9df7c89e1fc22b0f90ae094a1a3a5e0e220b,inner_train_nested
leave_one_view_out__fold01,physiology_response_prediction,train,20251002_单01_ACT-8_翼云_J16_12#01__pilot_10035::context_end_0020,-1,0.6716528326215592,0,completed,a543ef8fac3cd781c371d66da92d9df7c89e1fc22b0f90ae094a1a3a5e0e220b,inner_train_nested
leave_one_view_out__fold01,physiology_response_prediction,train,20251002_单01_ACT-8_翼云_J16_12#01__pilot_10035::context_end_0021,-1,0.7798486425501922,0,completed,a543ef8fac3cd781c371d66da92d9df7c89e1fc22b0f90ae094a1a3a5e0e220b,inner_train_nested
leave_one_view_out__fold01,physiology_response_prediction,train,20251002_单01_ACT-8_翼云_J16_12#01__pilot_10035::context_end_0022,-1,0.839377088312061,0,completed,a543ef8fac3cd781c371d66da92d9df7c89e1fc22b0f90ae094a1a3a5e0e220b,inner_train_nested
leave_one_view_out__fold01,physiology_response_prediction,train,20251002_单01_ACT-8_翼云_J16_12#01__pilot_10035::context_end_0023,-1,0.6278279684992046,0,completed,a543ef8fac3cd781c371d66da92d9df7c89e1fc22b0f90ae094a1a3a5e0e220b,inner_train_nested
leave_one_view_out__fold01,physiology_response_prediction,train,20251002_单01_ACT-8_翼云_J16_12#01__pilot_10035::context_end_0024,-1,0.918960159472839,0,completed,a543ef8fac3cd781c371d66da92d9df7c89e1fc22b0f90ae094a1a3a5e0e220b,inner_train_nested
leave_one_view_out__fold01,physiology_response_prediction,train,20251002_单01_ACT-8_翼云_J16_12#01__pilot_10035::context_end_0025,-1,2.4133057572814565,1,completed,a543ef8fac3cd781c371d66da92d9df7c89e1fc22b0f90ae094a1a3a5e0e220b,inner_train_nested
leave_one_view_out__fold01,physiology_response_prediction,train,20251002_单01_ACT-8_翼云_J16_12#01__pilot_10035::context_end_0026,-1,0.5325482113733362,0,completed,a543ef8fac3cd781c371d66da92d9df7c89e1fc22b0f90ae094a1a3a5e0e220b,inner_train_nested
leave_one_view_out__fold01,physiology_response_prediction,train,20251002_单01_ACT-8_翼云_J16_12#01__pilot_10035::context_end_0027,-1,2.0652990128151303,1,completed,a543ef8fac3cd781c371d66da92d9df7c89e1fc22b0f90ae094a1a3a5e0e220b,inner_train_nested
leave_one_view_out__fold01,physiology_response_prediction,train,20251002_单01_ACT-8_翼云_J16_12#01__pilot_10035::context_end_0028,-1,1.6100528452276563,1,completed,a543ef8fac3cd781c371d66da92d9df7c89e1fc22b0f90ae094a1a3a5e0e220b,inner_train_nested
leave_one_view_out__fold01,physiology_response_prediction,train,20251002_单01_ACT-8_翼云_J16_12#01__pilot_10035::context_end_0029,-1,3.2806020821588606,1,completed,a543ef8fac3cd781c371d66da92d9df7c89e1fc22b0f90ae094a1a3a5e0e220b,inner_train_nested
leave_one_view_out__fold01,physiology_response_prediction,train,20251002_单01_ACT-8_翼云_J16_12#01__pilot_10035::context_end_0030,-1,0.5622635635529666,0,completed,a543ef8fac3cd781c371d66da92d9df7c89e1fc22b0f90ae094a1a3a5e0e220b,inner_train_nested
leave_one_view_out__fold01,physiology_response_prediction,train,20251002_单01_ACT-8_翼云_J16_12#01__pilot_10035::context_end_0031,-1,1.1392313922277129,0,completed,a543ef8fac3cd781c371d66da92d9df7c89e1fc22b0f90ae094a1a3a5e0e220b,inner_train_nested
leave_one_view_out__fold01,physiology_response_prediction,train,20251002_单01_ACT-8_翼云_J16_12#01__pilot_10035::context_end_0032,-1,0.49034712526636937,0,completed,a543ef8fac3cd781c371d66da92d9df7c89e1fc22b0f90ae094a1a3a5e0e220b,inner_train_nested
leave_one_view_out__fold01,physiology_response_prediction,train,20251002_单01_ACT-8_翼云_J16_12#01__pilot_10035::context_end_0033,-1,1.3854543022974324,1,completed,a543ef8fac3cd781c371d66da92d9df7c89e1fc22b0f90ae094a1a3a5e0e220b,inner_train_nested
leave_one_view_out__fold01,physiology_response_prediction,train,20251002_单01_ACT-8_翼云_J16_12#01__pilot_10035::context_end_0034,-1,1.1647276533296287,0,completed,a543ef8fac3cd781c371d66da92d9df7c89e1fc22b0f90ae094a1a3a5e0e220b,inner_train_nested
leave_one_view_out__fold01,physiology_response_prediction,train,20251002_单01_ACT-8_翼云_J16_12#01__pilot_10035::context_end_0035,-1,,-1,unavailable,a543ef8fac3cd781c371d66da92d9df7c89e1fc22b0f90ae094a1a3a5e0e220b,inner_train_nested
leave_one_view_out__fold01,physiology_response_prediction,validation,20251005_四01_ACT-4_云_J20_22#01__pilot_10033::context_end_0005,-1,2.966653798923963,1,completed,a543ef8fac3cd781c371d66da92d9df7c89e1fc22b0f90ae094a1a3a5e0e220b,inner_train_nested
leave_one_view_out__fold01,physiology_response_prediction,validation,20251005_四01_ACT-4_云_J20_22#01__pilot_10033::context_end_0006,-1,2.858380095480484,1,completed,a543ef8fac3cd781c371d66da92d9df7c89e1fc22b0f90ae094a1a3a5e0e220b,inner_train_nested
leave_one_view_out__fold01,physiology_response_prediction,validation,20251005_四01_ACT-4_云_J20_22#01__pilot_10033::context_end_0007,-1,0.6384139654415582,0,completed,a543ef8fac3cd781c371d66da92d9df7c89e1fc22b0f90ae094a1a3a5e0e220b,inner_train_nested
leave_one_view_out__fold01,physiology_response_prediction,validation,20251005_四01_ACT-4_云_J20_22#01__pilot_10033::context_end_0008,-1,3.0340605053764786,1,completed,a543ef8fac3cd781c371d66da92d9df7c89e1fc22b0f90ae094a1a3a5e0e220b,inner_train_nested
leave_one_view_out__fold01,physiology_response_prediction,validation,20251005_四01_ACT-4_云_J20_22#01__pilot_10033::context_end_0009,-1,0.5675572344131853,0,completed,a543ef8fac3cd781c371d66da92d9df7c89e1fc22b0f90ae094a1a3a5e0e220b,inner_train_nested
leave_one_view_out__fold01,physiology_response_prediction,validation,20251005_四01_ACT-4_云_J20_22#01__pilot_10033::context_end_0010,-1,1.9873686455644617,1,completed,a543ef8fac3cd781c371d66da92d9df7c89e1fc22b0f90ae094a1a3a5e0e220b,inner_train_nested
leave_one_view_out__fold01,physiology_response_prediction,validation,20251005_四01_ACT-4_云_J20_22#01__pilot_10033::context_end_0011,-1,1.7954175953942375,1,completed,a543ef8fac3cd781c371d66da92d9df7c89e1fc22b0f90ae094a1a3a5e0e220b,inner_train_nested
leave_one_view_out__fold01,physiology_response_prediction,validation,20251005_四01_ACT-4_云_J20_22#01__pilot_10033::context_end_0012,-1,0.6224954718139076,0,completed,a543ef8fac3cd781c371d66da92d9df7c89e1fc22b0f90ae094a1a3a5e0e220b,inner_train_nested
leave_one_view_out__fold01,physiology_response_prediction,validation,20251005_四01_ACT-4_云_J20_22#01__pilot_10033::context_end_0013,-1,0.9960110388876771,0,completed,a543ef8fac3cd781c371d66da92d9df7c89e1fc22b0f90ae094a1a3a5e0e220b,inner_train_nested
leave_one_view_out__fold01,physiology_response_prediction,validation,20251005_四01_ACT-4_云_J20_22#01__pilot_10033::context_end_0014,-1,1.0590290942706,0,completed,a543ef8fac3cd781c371d66da92d9df7c89e1fc22b0f90ae094a1a3a5e0e220b,inner_train_nested
leave_one_view_out__fold01,physiology_response_prediction,validation,20251005_四01_ACT-4_云_J20_22#01__pilot_10033::context_end_0015,-1,0.27673862957213474,0,completed,a543ef8fac3cd781c371d66da92d9df7c89e1fc22b0f90ae094a1a3a5e0e220b,inner_train_nested
leave_one_view_out__fold01,physiology_response_prediction,validation,20251005_四01_ACT-4_云_J20_22#01__pilot_10033::context_end_0016,-1,1.7132187551135127,1,completed,a543ef8fac3cd781c371d66da92d9df7c89e1fc22b0f90ae094a1a3a5e0e220b,inner_train_nested
leave_one_view_out__fold01,physiology_response_prediction,validation,20251005_四01_ACT-4_云_J20_22#01__pilot_10033::context_end_0017,-1,1.186007086969136,1,completed,a543ef8fac3cd781c371d66da92d9df7c89e1fc22b0f90ae094a1a3a5e0e220b,inner_train_nested
leave_one_view_out__fold01,physiology_response_prediction,validation,20251005_四01_ACT-4_云_J20_22#01__pilot_10033::context_end_0018,-1,1.1555865631514877,0,completed,a543ef8fac3cd781c371d66da92d9df7c89e1fc22b0f90ae094a1a3a5e0e220b,inner_train_nested
leave_one_view_out__fold01,physiology_response_prediction,validation,20251005_四01_ACT-4_云_J20_22#01__pilot_10033::context_end_0019,-1,0.619868118456944,0,completed,a543ef8fac3cd781c371d66da92d9df7c89e1fc22b0f90ae094a1a3a5e0e220b,inner_train_nested
leave_one_view_out__fold01,physiology_response_prediction,validation,20251005_四01_ACT-4_云_J20_22#01__pilot_10033::context_end_0020,-1,2.376099386518226,1,completed,a543ef8fac3cd781c371d66da92d9df7c89e1fc22b0f90ae094a1a3a5e0e220b,inner_train_nested
leave_one_view_out__fold01,physiology_response_prediction,validation,20251005_四01_ACT-4_云_J20_22#01__pilot_10033::context_end_0021,-1,0.8869682367169578,0,completed,a543ef8fac3cd781c371d66da92d9df7c89e1fc22b0f90ae094a1a3a5e0e220b,inner_train_nested
leave_one_view_out__fold01,physiology_response_prediction,validation,20251005_四01_ACT-4_云_J20_22#01__pilot_10033::context_end_0022,-1,0.6899371213572187,0,completed,a543ef8fac3cd781c371d66da92d9df7c89e1fc22b0f90ae094a1a3a5e0e220b,inner_train_nested
leave_one_view_out__fold01,physiology_response_prediction,validation,20251005_四01_ACT-4_云_J20_22#01__pilot_10033::context_end_0023,-1,1.0637030467230024,0,completed,a543ef8fac3cd781c371d66da92d9df7c89e1fc22b0f90ae094a1a3a5e0e220b,inner_train_nested
leave_one_view_out__fold01,physiology_response_prediction,validation,20251005_四01_ACT-4_云_J20_22#01__pilot_10033::context_end_0024,-1,0.34400879980104765,0,completed,a543ef8fac3cd781c371d66da92d9df7c89e1fc22b0f90ae094a1a3a5e0e220b,inner_train_nested
leave_one_view_out__fold01,physiology_response_prediction,validation,20251005_四01_ACT-4_云_J20_22#01__pilot_10033::context_end_0025,-1,0.5601726139368615,0,completed,a543ef8fac3cd781c371d66da92d9df7c89e1fc22b0f90ae094a1a3a5e0e220b,inner_train_nested
leave_one_view_out__fold01,physiology_response_prediction,validation,20251005_四01_ACT-4_云_J20_22#01__pilot_10033::context_end_0026,-1,0.6700735403384431,0,completed,a543ef8fac3cd781c371d66da92d9df7c89e1fc22b0f90ae094a1a3a5e0e220b,inner_train_nested
leave_one_view_out__fold01,physiology_response_prediction,validation,20251005_四01_ACT-4_云_J20_22#01__pilot_10033::context_end_0027,-1,0.36991435496009034,0,completed,a543ef8fac3cd781c371d66da92d9df7c89e1fc22b0f90ae094a1a3a5e0e220b,inner_train_nested
leave_one_view_out__fold01,physiology_response_prediction,validation,20251005_四01_ACT-4_云_J20_22#01__pilot_10033::context_end_0028,-1,1.7008711604709168,1,completed,a543ef8fac3cd781c371d66da92d9df7c89e1fc22b0f90ae094a1a3a5e0e220b,inner_train_nested
leave_one_view_out__fold01,physiology_response_prediction,validation,20251005_四01_ACT-4_云_J20_22#01__pilot_10033::context_end_0029,-1,1.7829408347380904,1,completed,a543ef8fac3cd781c371d66da92d9df7c89e1fc22b0f90ae094a1a3a5e0e220b,inner_train_nested
leave_one_view_out__fold01,physiology_response_prediction,validation,20251005_四01_ACT-4_云_J20_22#01__pilot_10033::context_end_0030,-1,1.0255263611038528,0,completed,a543ef8fac3cd781c371d66da92d9df7c89e1fc22b0f90ae094a1a3a5e0e220b,inner_train_nested
leave_one_view_out__fold01,physiology_response_prediction,validation,20251005_四01_ACT-4_云_J20_22#01__pilot_10033::context_end_0031,-1,1.519804089657818,1,completed,a543ef8fac3cd781c371d66da92d9df7c89e1fc22b0f90ae094a1a3a5e0e220b,inner_train_nested
leave_one_view_out__fold01,physiology_response_prediction,validation,20251005_四01_ACT-4_云_J20_22#01__pilot_10033::context_end_0032,-1,0.8975650900367199,0,completed,a543ef8fac3cd781c371d66da92d9df7c89e1fc22b0f90ae094a1a3a5e0e220b,inner_train_nested
leave_one_view_out__fold01,physiology_response_prediction,validation,20251005_四01_ACT-4_云_J20_22#01__pilot_10033::context_end_0033,-1,1.6776330858846287,1,completed,a543ef8fac3cd781c371d66da92d9df7c89e1fc22b0f90ae094a1a3a5e0e220b,inner_train_nested
leave_one_view_out__fold01,physiology_response_prediction,validation,20251005_四01_ACT-4_云_J20_22#01__pilot_10033::context_end_0034,-1,1.679332532013082,1,completed,a543ef8fac3cd781c371d66da92d9df7c89e1fc22b0f90ae094a1a3a5e0e220b,inner_train_nested
leave_one_view_out__fold01,physiology_response_prediction,validation,20251005_四01_ACT-4_云_J20_22#01__pilot_10033::context_end_0035,-1,,-1,unavailable,a543ef8fac3cd781c371d66da92d9df7c89e1fc22b0f90ae094a1a3a5e0e220b,inner_train_nested
leave_one_view_out__fold01,physiology_response_prediction,held_out,20251002_单01_ACT-8_翼云_J16_12#01__pilot_10033::context_end_0005,-1,0.8635750305773612,0,completed,a543ef8fac3cd781c371d66da92d9df7c89e1fc22b0f90ae094a1a3a5e0e220b,inner_train_nested
leave_one_view_out__fold01,physiology_response_prediction,held_out,20251002_单01_ACT-8_翼云_J16_12#01__pilot_10033::context_end_0006,-1,3.0495731442892136,1,completed,a543ef8fac3cd781c371d66da92d9df7c89e1fc22b0f90ae094a1a3a5e0e220b,inner_train_nested
leave_one_view_out__fold01,physiology_response_prediction,held_out,20251002_单01_ACT-8_翼云_J16_12#01__pilot_10033::context_end_0007,-1,0.8313899431469067,0,completed,a543ef8fac3cd781c371d66da92d9df7c89e1fc22b0f90ae094a1a3a5e0e220b,inner_train_nested
leave_one_view_out__fold01,physiology_response_prediction,held_out,20251002_单01_ACT-8_翼云_J16_12#01__pilot_10033::context_end_0008,-1,1.2857467822337532,1,completed,a543ef8fac3cd781c371d66da92d9df7c89e1fc22b0f90ae094a1a3a5e0e220b,inner_train_nested
leave_one_view_out__fold01,physiology_response_prediction,held_out,20251002_单01_ACT-8_翼云_J16_12#01__pilot_10033::context_end_0009,-1,0.47649763976317916,0,completed,a543ef8fac3cd781c371d66da92d9df7c89e1fc22b0f90ae094a1a3a5e0e220b,inner_train_nested
leave_one_view_out__fold01,physiology_response_prediction,held_out,20251002_单01_ACT-8_翼云_J16_12#01__pilot_10033::context_end_0010,-1,1.1654230500003986,1,completed,a543ef8fac3cd781c371d66da92d9df7c89e1fc22b0f90ae094a1a3a5e0e220b,inner_train_nested
leave_one_view_out__fold01,physiology_response_prediction,held_out,20251002_单01_ACT-8_翼云_J16_12#01__pilot_10033::context_end_0011,-1,0.3817053706322261,0,completed,a543ef8fac3cd781c371d66da92d9df7c89e1fc22b0f90ae094a1a3a5e0e220b,inner_train_nested
leave_one_view_out__fold01,physiology_response_prediction,held_out,20251002_单01_ACT-8_翼云_J16_12#01__pilot_10033::context_end_0012,-1,0.590310197928596,0,completed,a543ef8fac3cd781c371d66da92d9df7c89e1fc22b0f90ae094a1a3a5e0e220b,inner_train_nested
leave_one_view_out__fold01,physiology_response_prediction,held_out,20251002_单01_ACT-8_翼云_J16_12#01__pilot_10033::context_end_0013,-1,1.0381369725945768,0,completed,a543ef8fac3cd781c371d66da92d9df7c89e1fc22b0f90ae094a1a3a5e0e220b,inner_train_nested
leave_one_view_out__fold01,physiology_response_prediction,held_out,20251002_单01_ACT-8_翼云_J16_12#01__pilot_10033::context_end_0014,-1,0.8883355394748619,0,completed,a543ef8fac3cd781c371d66da92d9df7c89e1fc22b0f90ae094a1a3a5e0e220b,inner_train_nested
leave_one_view_out__fold01,physiology_response_prediction,held_out,20251002_单01_ACT-8_翼云_J16_12#01__pilot_10033::context_end_0015,-1,0.8623015596137994,0,completed,a543ef8fac3cd781c371d66da92d9df7c89e1fc22b0f90ae094a1a3a5e0e220b,inner_train_nested
leave_one_view_out__fold01,physiology_response_prediction,held_out,20251002_单01_ACT-8_翼云_J16_12#01__pilot_10033::context_end_0016,-1,0.8514293245082786,0,completed,a543ef8fac3cd781c371d66da92d9df7c89e1fc22b0f90ae094a1a3a5e0e220b,inner_train_nested
leave_one_view_out__fold01,physiology_response_prediction,held_out,20251002_单01_ACT-8_翼云_J16_12#01__pilot_10033::context_end_0017,-1,0.8572705372581992,0,completed,a543ef8fac3cd781c371d66da92d9df7c89e1fc22b0f90ae094a1a3a5e0e220b,inner_train_nested
leave_one_view_out__fold01,physiology_response_prediction,held_out,20251002_单01_ACT-8_翼云_J16_12#01__pilot_10033::context_end_0018,-1,0.5925286598093085,0,completed,a543ef8fac3cd781c371d66da92d9df7c89e1fc22b0f90ae094a1a3a5e0e220b,inner_train_nested
leave_one_view_out__fold01,physiology_response_prediction,held_out,20251002_单01_ACT-8_翼云_J16_12#01__pilot_10033::context_end_0019,-1,0.5984150749463377,0,completed,a543ef8fac3cd781c371d66da92d9df7c89e1fc22b0f90ae094a1a3a5e0e220b,inner_train_nested
leave_one_view_out__fold01,physiology_response_prediction,held_out,20251002_单01_ACT-8_翼云_J16_12#01__pilot_10033::context_end_0020,-1,0.6716528326215592,0,completed,a543ef8fac3cd781c371d66da92d9df7c89e1fc22b0f90ae094a1a3a5e0e220b,inner_train_nested
leave_one_view_out__fold01,physiology_response_prediction,held_out,20251002_单01_ACT-8_翼云_J16_12#01__pilot_10033::context_end_0021,-1,0.7798486425501922,0,completed,a543ef8fac3cd781c371d66da92d9df7c89e1fc22b0f90ae094a1a3a5e0e220b,inner_train_nested
leave_one_view_out__fold01,physiology_response_prediction,held_out,20251002_单01_ACT-8_翼云_J16_12#01__pilot_10033::context_end_0022,-1,0.839377088312061,0,completed,a543ef8fac3cd781c371d66da92d9df7c89e1fc22b0f90ae094a1a3a5e0e220b,inner_train_nested
leave_one_view_out__fold01,physiology_response_prediction,held_out,20251002_单01_ACT-8_翼云_J16_12#01__pilot_10033::context_end_0023,-1,0.6278279684992046,0,completed,a543ef8fac3cd781c371d66da92d9df7c89e1fc22b0f90ae094a1a3a5e0e220b,inner_train_nested
leave_one_view_out__fold01,physiology_response_prediction,held_out,20251002_单01_ACT-8_翼云_J16_12#01__pilot_10033::context_end_0024,-1,0.918960159472839,0,completed,a543ef8fac3cd781c371d66da92d9df7c89e1fc22b0f90ae094a1a3a5e0e220b,inner_train_nested
leave_one_view_out__fold01,physiology_response_prediction,held_out,20251002_单01_ACT-8_翼云_J16_12#01__pilot_10033::context_end_0025,-1,2.4133057572814565,1,completed,a543ef8fac3cd781c371d66da92d9df7c89e1fc22b0f90ae094a1a3a5e0e220b,inner_train_nested
leave_one_view_out__fold01,physiology_response_prediction,held_out,20251002_单01_ACT-8_翼云_J16_12#01__pilot_10033::context_end_0026,-1,0.5325482113733362,0,completed,a543ef8fac3cd781c371d66da92d9df7c89e1fc22b0f90ae094a1a3a5e0e220b,inner_train_nested
leave_one_view_out__fold01,physiology_response_prediction,held_out,20251002_单01_ACT-8_翼云_J16_12#01__pilot_10033::context_end_0027,-1,2.0652990128151303,1,completed,a543ef8fac3cd781c371d66da92d9df7c89e1fc22b0f90ae094a1a3a5e0e220b,inner_train_nested
leave_one_view_out__fold01,physiology_response_prediction,held_out,20251002_单01_ACT-8_翼云_J16_12#01__pilot_10033::context_end_0028,-1,1.6100528452276563,1,completed,a543ef8fac3cd781c371d66da92d9df7c89e1fc22b0f90ae094a1a3a5e0e220b,inner_train_nested
leave_one_view_out__fold01,physiology_response_prediction,held_out,20251002_单01_ACT-8_翼云_J16_12#01__pilot_10033::context_end_0029,-1,3.2806020821588606,1,completed,a543ef8fac3cd781c371d66da92d9df7c89e1fc22b0f90ae094a1a3a5e0e220b,inner_train_nested
leave_one_view_out__fold01,physiology_response_prediction,held_out,20251002_单01_ACT-8_翼云_J16_12#01__pilot_10033::context_end_0030,-1,0.5622635635529666,0,completed,a543ef8fac3cd781c371d66da92d9df7c89e1fc22b0f90ae094a1a3a5e0e220b,inner_train_nested
leave_one_view_out__fold01,physiology_response_prediction,held_out,20251002_单01_ACT-8_翼云_J16_12#01__pilot_10033::context_end_0031,-1,1.1392313922277129,0,completed,a543ef8fac3cd781c371d66da92d9df7c89e1fc22b0f90ae094a1a3a5e0e220b,inner_train_nested
leave_one_view_out__fold01,physiology_response_prediction,held_out,20251002_单01_ACT-8_翼云_J16_12#01__pilot_10033::context_end_0032,-1,0.49034712526636937,0,completed,a543ef8fac3cd781c371d66da92d9df7c89e1fc22b0f90ae094a1a3a5e0e220b,inner_train_nested
leave_one_view_out__fold01,physiology_response_prediction,held_out,20251002_单01_ACT-8_翼云_J16_12#01__pilot_10033::context_end_0033,-1,1.3854543022974324,1,completed,a543ef8fac3cd781c371d66da92d9df7c89e1fc22b0f90ae094a1a3a5e0e220b,inner_train_nested
leave_one_view_out__fold01,physiology_response_prediction,held_out,20251002_单01_ACT-8_翼云_J16_12#01__pilot_10033::context_end_0034,-1,1.1647276533296287,0,completed,a543ef8fac3cd781c371d66da92d9df7c89e1fc22b0f90ae094a1a3a5e0e220b,inner_train_nested
leave_one_view_out__fold01,physiology_response_prediction,held_out,20251002_单01_ACT-8_翼云_J16_12#01__pilot_10033::context_end_0035,-1,,-1,unavailable,a543ef8fac3cd781c371d66da92d9df7c89e1fc22b0f90ae094a1a3a5e0e220b,inner_train_nested
leave_one_view_out__fold02,maneuver_intensity_classification,train,20251002_单01_ACT-8_翼云_J16_12#01__pilot_10033::context_end_0005,0,,-1,completed,5b4ac4adb8770f564dd7c67bebeb0b086c3ea7c29140b6ae67e2691e20af465d,inner_train_nested
leave_one_view_out__fold02,maneuver_intensity_classification,train,20251002_单01_ACT-8_翼云_J16_12#01__pilot_10033::context_end_0006,0,,-1,completed,5b4ac4adb8770f564dd7c67bebeb0b086c3ea7c29140b6ae67e2691e20af465d,inner_train_nested
leave_one_view_out__fold02,maneuver_intensity_classification,train,20251002_单01_ACT-8_翼云_J16_12#01__pilot_10033::context_end_0007,0,,-1,completed,5b4ac4adb8770f564dd7c67bebeb0b086c3ea7c29140b6ae67e2691e20af465d,inner_train_nested
leave_one_view_out__fold02,maneuver_intensity_classification,train,20251002_单01_ACT-8_翼云_J16_12#01__pilot_10033::context_end_0008,1,,-1,completed,5b4ac4adb8770f564dd7c67bebeb0b086c3ea7c29140b6ae67e2691e20af465d,inner_train_nested
leave_one_view_out__fold02,maneuver_intensity_classification,train,20251002_单01_ACT-8_翼云_J16_12#01__pilot_10033::context_end_0009,2,,-1,completed,5b4ac4adb8770f564dd7c67bebeb0b086c3ea7c29140b6ae67e2691e20af465d,inner_train_nested
leave_one_view_out__fold02,maneuver_intensity_classification,train,20251002_单01_ACT-8_翼云_J16_12#01__pilot_10033::context_end_0010,1,,-1,completed,5b4ac4adb8770f564dd7c67bebeb0b086c3ea7c29140b6ae67e2691e20af465d,inner_train_nested
leave_one_view_out__fold02,maneuver_intensity_classification,train,20251002_单01_ACT-8_翼云_J16_12#01__pilot_10033::context_end_0011,1,,-1,completed,5b4ac4adb8770f564dd7c67bebeb0b086c3ea7c29140b6ae67e2691e20af465d,inner_train_nested
leave_one_view_out__fold02,maneuver_intensity_classification,train,20251002_单01_ACT-8_翼云_J16_12#01__pilot_10033::context_end_0012,0,,-1,completed,5b4ac4adb8770f564dd7c67bebeb0b086c3ea7c29140b6ae67e2691e20af465d,inner_train_nested
leave_one_view_out__fold02,maneuver_intensity_classification,train,20251002_单01_ACT-8_翼云_J16_12#01__pilot_10033::context_end_0013,0,,-1,completed,5b4ac4adb8770f564dd7c67bebeb0b086c3ea7c29140b6ae67e2691e20af465d,inner_train_nested
leave_one_view_out__fold02,maneuver_intensity_classification,train,20251002_单01_ACT-8_翼云_J16_12#01__pilot_10033::context_end_0014,1,,-1,completed,5b4ac4adb8770f564dd7c67bebeb0b086c3ea7c29140b6ae67e2691e20af465d,inner_train_nested
leave_one_view_out__fold02,maneuver_intensity_classification,train,20251002_单01_ACT-8_翼云_J16_12#01__pilot_10033::context_end_0015,0,,-1,completed,5b4ac4adb8770f564dd7c67bebeb0b086c3ea7c29140b6ae67e2691e20af465d,inner_train_nested
leave_one_view_out__fold02,maneuver_intensity_classification,train,20251002_单01_ACT-8_翼云_J16_12#01__pilot_10033::context_end_0016,1,,-1,completed,5b4ac4adb8770f564dd7c67bebeb0b086c3ea7c29140b6ae67e2691e20af465d,inner_train_nested
leave_one_view_out__fold02,maneuver_intensity_classification,train,20251002_单01_ACT-8_翼云_J16_12#01__pilot_10033::context_end_0017,2,,-1,completed,5b4ac4adb8770f564dd7c67bebeb0b086c3ea7c29140b6ae67e2691e20af465d,inner_train_nested
leave_one_view_out__fold02,maneuver_intensity_classification,train,20251002_单01_ACT-8_翼云_J16_12#01__pilot_10033::context_end_0018,1,,-1,completed,5b4ac4adb8770f564dd7c67bebeb0b086c3ea7c29140b6ae67e2691e20af465d,inner_train_nested
leave_one_view_out__fold02,maneuver_intensity_classification,train,20251002_单01_ACT-8_翼云_J16_12#01__pilot_10033::context_end_0019,0,,-1,completed,5b4ac4adb8770f564dd7c67bebeb0b086c3ea7c29140b6ae67e2691e20af465d,inner_train_nested
leave_one_view_out__fold02,maneuver_intensity_classification,train,20251002_单01_ACT-8_翼云_J16_12#01__pilot_10033::context_end_0020,2,,-1,completed,5b4ac4adb8770f564dd7c67bebeb0b086c3ea7c29140b6ae67e2691e20af465d,inner_train_nested
leave_one_view_out__fold02,maneuver_intensity_classification,train,20251002_单01_ACT-8_翼云_J16_12#01__pilot_10033::context_end_0021,2,,-1,completed,5b4ac4adb8770f564dd7c67bebeb0b086c3ea7c29140b6ae67e2691e20af465d,inner_train_nested
leave_one_view_out__fold02,maneuver_intensity_classification,train,20251002_单01_ACT-8_翼云_J16_12#01__pilot_10033::context_end_0022,2,,-1,completed,5b4ac4adb8770f564dd7c67bebeb0b086c3ea7c29140b6ae67e2691e20af465d,inner_train_nested
leave_one_view_out__fold02,maneuver_intensity_classification,train,20251002_单01_ACT-8_翼云_J16_12#01__pilot_10033::context_end_0023,1,,-1,completed,5b4ac4adb8770f564dd7c67bebeb0b086c3ea7c29140b6ae67e2691e20af465d,inner_train_nested
leave_one_view_out__fold02,maneuver_intensity_classification,train,20251002_单01_ACT-8_翼云_J16_12#01__pilot_10033::context_end_0024,2,,-1,completed,5b4ac4adb8770f564dd7c67bebeb0b086c3ea7c29140b6ae67e2691e20af465d,inner_train_nested
leave_one_view_out__fold02,maneuver_intensity_classification,train,20251002_单01_ACT-8_翼云_J16_12#01__pilot_10033::context_end_0025,1,,-1,completed,5b4ac4adb8770f564dd7c67bebeb0b086c3ea7c29140b6ae67e2691e20af465d,inner_train_nested
leave_one_view_out__fold02,maneuver_intensity_classification,train,20251002_单01_ACT-8_翼云_J16_12#01__pilot_10033::context_end_0026,0,,-1,completed,5b4ac4adb8770f564dd7c67bebeb0b086c3ea7c29140b6ae67e2691e20af465d,inner_train_nested
leave_one_view_out__fold02,maneuver_intensity_classification,train,20251002_单01_ACT-8_翼云_J16_12#01__pilot_10033::context_end_0027,0,,-1,completed,5b4ac4adb8770f564dd7c67bebeb0b086c3ea7c29140b6ae67e2691e20af465d,inner_train_nested
leave_one_view_out__fold02,maneuver_intensity_classification,train,20251002_单01_ACT-8_翼云_J16_12#01__pilot_10033::context_end_0028,2,,-1,completed,5b4ac4adb8770f564dd7c67bebeb0b086c3ea7c29140b6ae67e2691e20af465d,inner_train_nested
leave_one_view_out__fold02,maneuver_intensity_classification,train,20251002_单01_ACT-8_翼云_J16_12#01__pilot_10033::context_end_0029,2,,-1,completed,5b4ac4adb8770f564dd7c67bebeb0b086c3ea7c29140b6ae67e2691e20af465d,inner_train_nested
leave_one_view_out__fold02,maneuver_intensity_classification,train,20251002_单01_ACT-8_翼云_J16_12#01__pilot_10033::context_end_0030,2,,-1,completed,5b4ac4adb8770f564dd7c67bebeb0b086c3ea7c29140b6ae67e2691e20af465d,inner_train_nested
leave_one_view_out__fold02,maneuver_intensity_classification,train,20251002_单01_ACT-8_翼云_J16_12#01__pilot_10033::context_end_0031,1,,-1,completed,5b4ac4adb8770f564dd7c67bebeb0b086c3ea7c29140b6ae67e2691e20af465d,inner_train_nested
leave_one_view_out__fold02,maneuver_intensity_classification,train,20251002_单01_ACT-8_翼云_J16_12#01__pilot_10033::context_end_0032,1,,-1,completed,5b4ac4adb8770f564dd7c67bebeb0b086c3ea7c29140b6ae67e2691e20af465d,inner_train_nested
leave_one_view_out__fold02,maneuver_intensity_classification,train,20251002_单01_ACT-8_翼云_J16_12#01__pilot_10033::context_end_0033,2,,-1,completed,5b4ac4adb8770f564dd7c67bebeb0b086c3ea7c29140b6ae67e2691e20af465d,inner_train_nested
leave_one_view_out__fold02,maneuver_intensity_classification,train,20251002_单01_ACT-8_翼云_J16_12#01__pilot_10033::context_end_0034,0,,-1,completed,5b4ac4adb8770f564dd7c67bebeb0b086c3ea7c29140b6ae67e2691e20af465d,inner_train_nested
leave_one_view_out__fold02,maneuver_intensity_classification,train,20251002_单01_ACT-8_翼云_J16_12#01__pilot_10033::context_end_0035,0,,-1,completed,5b4ac4adb8770f564dd7c67bebeb0b086c3ea7c29140b6ae67e2691e20af465d,inner_train_nested
leave_one_view_out__fold02,maneuver_intensity_classification,validation,20251005_四01_ACT-4_云_J20_22#01__pilot_10033::context_end_0005,0,,-1,completed,5b4ac4adb8770f564dd7c67bebeb0b086c3ea7c29140b6ae67e2691e20af465d,inner_train_nested
leave_one_view_out__fold02,maneuver_intensity_classification,validation,20251005_四01_ACT-4_云_J20_22#01__pilot_10033::context_end_0006,0,,-1,completed,5b4ac4adb8770f564dd7c67bebeb0b086c3ea7c29140b6ae67e2691e20af465d,inner_train_nested
leave_one_view_out__fold02,maneuver_intensity_classification,validation,20251005_四01_ACT-4_云_J20_22#01__pilot_10033::context_end_0007,0,,-1,completed,5b4ac4adb8770f564dd7c67bebeb0b086c3ea7c29140b6ae67e2691e20af465d,inner_train_nested
leave_one_view_out__fold02,maneuver_intensity_classification,validation,20251005_四01_ACT-4_云_J20_22#01__pilot_10033::context_end_0008,1,,-1,completed,5b4ac4adb8770f564dd7c67bebeb0b086c3ea7c29140b6ae67e2691e20af465d,inner_train_nested
leave_one_view_out__fold02,maneuver_intensity_classification,validation,20251005_四01_ACT-4_云_J20_22#01__pilot_10033::context_end_0009,2,,-1,completed,5b4ac4adb8770f564dd7c67bebeb0b086c3ea7c29140b6ae67e2691e20af465d,inner_train_nested
leave_one_view_out__fold02,maneuver_intensity_classification,validation,20251005_四01_ACT-4_云_J20_22#01__pilot_10033::context_end_0010,1,,-1,completed,5b4ac4adb8770f564dd7c67bebeb0b086c3ea7c29140b6ae67e2691e20af465d,inner_train_nested
leave_one_view_out__fold02,maneuver_intensity_classification,validation,20251005_四01_ACT-4_云_J20_22#01__pilot_10033::context_end_0011,1,,-1,completed,5b4ac4adb8770f564dd7c67bebeb0b086c3ea7c29140b6ae67e2691e20af465d,inner_train_nested
leave_one_view_out__fold02,maneuver_intensity_classification,validation,20251005_四01_ACT-4_云_J20_22#01__pilot_10033::context_end_0012,0,,-1,completed,5b4ac4adb8770f564dd7c67bebeb0b086c3ea7c29140b6ae67e2691e20af465d,inner_train_nested
leave_one_view_out__fold02,maneuver_intensity_classification,validation,20251005_四01_ACT-4_云_J20_22#01__pilot_10033::context_end_0013,0,,-1,completed,5b4ac4adb8770f564dd7c67bebeb0b086c3ea7c29140b6ae67e2691e20af465d,inner_train_nested
leave_one_view_out__fold02,maneuver_intensity_classification,validation,20251005_四01_ACT-4_云_J20_22#01__pilot_10033::context_end_0014,1,,-1,completed,5b4ac4adb8770f564dd7c67bebeb0b086c3ea7c29140b6ae67e2691e20af465d,inner_train_nested
leave_one_view_out__fold02,maneuver_intensity_classification,validation,20251005_四01_ACT-4_云_J20_22#01__pilot_10033::context_end_0015,0,,-1,completed,5b4ac4adb8770f564dd7c67bebeb0b086c3ea7c29140b6ae67e2691e20af465d,inner_train_nested
leave_one_view_out__fold02,maneuver_intensity_classification,validation,20251005_四01_ACT-4_云_J20_22#01__pilot_10033::context_end_0016,1,,-1,completed,5b4ac4adb8770f564dd7c67bebeb0b086c3ea7c29140b6ae67e2691e20af465d,inner_train_nested
leave_one_view_out__fold02,maneuver_intensity_classification,validation,20251005_四01_ACT-4_云_J20_22#01__pilot_10033::context_end_0017,2,,-1,completed,5b4ac4adb8770f564dd7c67bebeb0b086c3ea7c29140b6ae67e2691e20af465d,inner_train_nested
leave_one_view_out__fold02,maneuver_intensity_classification,validation,20251005_四01_ACT-4_云_J20_22#01__pilot_10033::context_end_0018,1,,-1,completed,5b4ac4adb8770f564dd7c67bebeb0b086c3ea7c29140b6ae67e2691e20af465d,inner_train_nested
leave_one_view_out__fold02,maneuver_intensity_classification,validation,20251005_四01_ACT-4_云_J20_22#01__pilot_10033::context_end_0019,0,,-1,completed,5b4ac4adb8770f564dd7c67bebeb0b086c3ea7c29140b6ae67e2691e20af465d,inner_train_nested
leave_one_view_out__fold02,maneuver_intensity_classification,validation,20251005_四01_ACT-4_云_J20_22#01__pilot_10033::context_end_0020,2,,-1,completed,5b4ac4adb8770f564dd7c67bebeb0b086c3ea7c29140b6ae67e2691e20af465d,inner_train_nested
leave_one_view_out__fold02,maneuver_intensity_classification,validation,20251005_四01_ACT-4_云_J20_22#01__pilot_10033::context_end_0021,2,,-1,completed,5b4ac4adb8770f564dd7c67bebeb0b086c3ea7c29140b6ae67e2691e20af465d,inner_train_nested
leave_one_view_out__fold02,maneuver_intensity_classification,validation,20251005_四01_ACT-4_云_J20_22#01__pilot_10033::context_end_0022,2,,-1,completed,5b4ac4adb8770f564dd7c67bebeb0b086c3ea7c29140b6ae67e2691e20af465d,inner_train_nested
leave_one_view_out__fold02,maneuver_intensity_classification,validation,20251005_四01_ACT-4_云_J20_22#01__pilot_10033::context_end_0023,1,,-1,completed,5b4ac4adb8770f564dd7c67bebeb0b086c3ea7c29140b6ae67e2691e20af465d,inner_train_nested
leave_one_view_out__fold02,maneuver_intensity_classification,validation,20251005_四01_ACT-4_云_J20_22#01__pilot_10033::context_end_0024,2,,-1,completed,5b4ac4adb8770f564dd7c67bebeb0b086c3ea7c29140b6ae67e2691e20af465d,inner_train_nested
leave_one_view_out__fold02,maneuver_intensity_classification,validation,20251005_四01_ACT-4_云_J20_22#01__pilot_10033::context_end_0025,1,,-1,completed,5b4ac4adb8770f564dd7c67bebeb0b086c3ea7c29140b6ae67e2691e20af465d,inner_train_nested
leave_one_view_out__fold02,maneuver_intensity_classification,validation,20251005_四01_ACT-4_云_J20_22#01__pilot_10033::context_end_0026,0,,-1,completed,5b4ac4adb8770f564dd7c67bebeb0b086c3ea7c29140b6ae67e2691e20af465d,inner_train_nested
leave_one_view_out__fold02,maneuver_intensity_classification,validation,20251005_四01_ACT-4_云_J20_22#01__pilot_10033::context_end_0027,0,,-1,completed,5b4ac4adb8770f564dd7c67bebeb0b086c3ea7c29140b6ae67e2691e20af465d,inner_train_nested
leave_one_view_out__fold02,maneuver_intensity_classification,validation,20251005_四01_ACT-4_云_J20_22#01__pilot_10033::context_end_0028,2,,-1,completed,5b4ac4adb8770f564dd7c67bebeb0b086c3ea7c29140b6ae67e2691e20af465d,inner_train_nested
leave_one_view_out__fold02,maneuver_intensity_classification,validation,20251005_四01_ACT-4_云_J20_22#01__pilot_10033::context_end_0029,2,,-1,completed,5b4ac4adb8770f564dd7c67bebeb0b086c3ea7c29140b6ae67e2691e20af465d,inner_train_nested
leave_one_view_out__fold02,maneuver_intensity_classification,validation,20251005_四01_ACT-4_云_J20_22#01__pilot_10033::context_end_0030,2,,-1,completed,5b4ac4adb8770f564dd7c67bebeb0b086c3ea7c29140b6ae67e2691e20af465d,inner_train_nested
leave_one_view_out__fold02,maneuver_intensity_classification,validation,20251005_四01_ACT-4_云_J20_22#01__pilot_10033::context_end_0031,1,,-1,completed,5b4ac4adb8770f564dd7c67bebeb0b086c3ea7c29140b6ae67e2691e20af465d,inner_train_nested
leave_one_view_out__fold02,maneuver_intensity_classification,validation,20251005_四01_ACT-4_云_J20_22#01__pilot_10033::context_end_0032,1,,-1,completed,5b4ac4adb8770f564dd7c67bebeb0b086c3ea7c29140b6ae67e2691e20af465d,inner_train_nested
leave_one_view_out__fold02,maneuver_intensity_classification,validation,20251005_四01_ACT-4_云_J20_22#01__pilot_10033::context_end_0033,2,,-1,completed,5b4ac4adb8770f564dd7c67bebeb0b086c3ea7c29140b6ae67e2691e20af465d,inner_train_nested
leave_one_view_out__fold02,maneuver_intensity_classification,validation,20251005_四01_ACT-4_云_J20_22#01__pilot_10033::context_end_0034,0,,-1,completed,5b4ac4adb8770f564dd7c67bebeb0b086c3ea7c29140b6ae67e2691e20af465d,inner_train_nested
leave_one_view_out__fold02,maneuver_intensity_classification,validation,20251005_四01_ACT-4_云_J20_22#01__pilot_10033::context_end_0035,0,,-1,completed,5b4ac4adb8770f564dd7c67bebeb0b086c3ea7c29140b6ae67e2691e20af465d,inner_train_nested
leave_one_view_out__fold02,maneuver_intensity_classification,held_out,20251002_单01_ACT-8_翼云_J16_12#01__pilot_10035::context_end_0005,0,,-1,completed,5b4ac4adb8770f564dd7c67bebeb0b086c3ea7c29140b6ae67e2691e20af465d,inner_train_nested
leave_one_view_out__fold02,maneuver_intensity_classification,held_out,20251002_单01_ACT-8_翼云_J16_12#01__pilot_10035::context_end_0006,0,,-1,completed,5b4ac4adb8770f564dd7c67bebeb0b086c3ea7c29140b6ae67e2691e20af465d,inner_train_nested
leave_one_view_out__fold02,maneuver_intensity_classification,held_out,20251002_单01_ACT-8_翼云_J16_12#01__pilot_10035::context_end_0007,0,,-1,completed,5b4ac4adb8770f564dd7c67bebeb0b086c3ea7c29140b6ae67e2691e20af465d,inner_train_nested
leave_one_view_out__fold02,maneuver_intensity_classification,held_out,20251002_单01_ACT-8_翼云_J16_12#01__pilot_10035::context_end_0008,1,,-1,completed,5b4ac4adb8770f564dd7c67bebeb0b086c3ea7c29140b6ae67e2691e20af465d,inner_train_nested
leave_one_view_out__fold02,maneuver_intensity_classification,held_out,20251002_单01_ACT-8_翼云_J16_12#01__pilot_10035::context_end_0009,2,,-1,completed,5b4ac4adb8770f564dd7c67bebeb0b086c3ea7c29140b6ae67e2691e20af465d,inner_train_nested
leave_one_view_out__fold02,maneuver_intensity_classification,held_out,20251002_单01_ACT-8_翼云_J16_12#01__pilot_10035::context_end_0010,1,,-1,completed,5b4ac4adb8770f564dd7c67bebeb0b086c3ea7c29140b6ae67e2691e20af465d,inner_train_nested
leave_one_view_out__fold02,maneuver_intensity_classification,held_out,20251002_单01_ACT-8_翼云_J16_12#01__pilot_10035::context_end_0011,1,,-1,completed,5b4ac4adb8770f564dd7c67bebeb0b086c3ea7c29140b6ae67e2691e20af465d,inner_train_nested
leave_one_view_out__fold02,maneuver_intensity_classification,held_out,20251002_单01_ACT-8_翼云_J16_12#01__pilot_10035::context_end_0012,0,,-1,completed,5b4ac4adb8770f564dd7c67bebeb0b086c3ea7c29140b6ae67e2691e20af465d,inner_train_nested
leave_one_view_out__fold02,maneuver_intensity_classification,held_out,20251002_单01_ACT-8_翼云_J16_12#01__pilot_10035::context_end_0013,0,,-1,completed,5b4ac4adb8770f564dd7c67bebeb0b086c3ea7c29140b6ae67e2691e20af465d,inner_train_nested
leave_one_view_out__fold02,maneuver_intensity_classification,held_out,20251002_单01_ACT-8_翼云_J16_12#01__pilot_10035::context_end_0014,1,,-1,completed,5b4ac4adb8770f564dd7c67bebeb0b086c3ea7c29140b6ae67e2691e20af465d,inner_train_nested
leave_one_view_out__fold02,maneuver_intensity_classification,held_out,20251002_单01_ACT-8_翼云_J16_12#01__pilot_10035::context_end_0015,0,,-1,completed,5b4ac4adb8770f564dd7c67bebeb0b086c3ea7c29140b6ae67e2691e20af465d,inner_train_nested
leave_one_view_out__fold02,maneuver_intensity_classification,held_out,20251002_单01_ACT-8_翼云_J16_12#01__pilot_10035::context_end_0016,1,,-1,completed,5b4ac4adb8770f564dd7c67bebeb0b086c3ea7c29140b6ae67e2691e20af465d,inner_train_nested
leave_one_view_out__fold02,maneuver_intensity_classification,held_out,20251002_单01_ACT-8_翼云_J16_12#01__pilot_10035::context_end_0017,2,,-1,completed,5b4ac4adb8770f564dd7c67bebeb0b086c3ea7c29140b6ae67e2691e20af465d,inner_train_nested
leave_one_view_out__fold02,maneuver_intensity_classification,held_out,20251002_单01_ACT-8_翼云_J16_12#01__pilot_10035::context_end_0018,1,,-1,completed,5b4ac4adb8770f564dd7c67bebeb0b086c3ea7c29140b6ae67e2691e20af465d,inner_train_nested
leave_one_view_out__fold02,maneuver_intensity_classification,held_out,20251002_单01_ACT-8_翼云_J16_12#01__pilot_10035::context_end_0019,0,,-1,completed,5b4ac4adb8770f564dd7c67bebeb0b086c3ea7c29140b6ae67e2691e20af465d,inner_train_nested
leave_one_view_out__fold02,maneuver_intensity_classification,held_out,20251002_单01_ACT-8_翼云_J16_12#01__pilot_10035::context_end_0020,2,,-1,completed,5b4ac4adb8770f564dd7c67bebeb0b086c3ea7c29140b6ae67e2691e20af465d,inner_train_nested
leave_one_view_out__fold02,maneuver_intensity_classification,held_out,20251002_单01_ACT-8_翼云_J16_12#01__pilot_10035::context_end_0021,2,,-1,completed,5b4ac4adb8770f564dd7c67bebeb0b086c3ea7c29140b6ae67e2691e20af465d,inner_train_nested
leave_one_view_out__fold02,maneuver_intensity_classification,held_out,20251002_单01_ACT-8_翼云_J16_12#01__pilot_10035::context_end_0022,2,,-1,completed,5b4ac4adb8770f564dd7c67bebeb0b086c3ea7c29140b6ae67e2691e20af465d,inner_train_nested
leave_one_view_out__fold02,maneuver_intensity_classification,held_out,20251002_单01_ACT-8_翼云_J16_12#01__pilot_10035::context_end_0023,1,,-1,completed,5b4ac4adb8770f564dd7c67bebeb0b086c3ea7c29140b6ae67e2691e20af465d,inner_train_nested
leave_one_view_out__fold02,maneuver_intensity_classification,held_out,20251002_单01_ACT-8_翼云_J16_12#01__pilot_10035::context_end_0024,2,,-1,completed,5b4ac4adb8770f564dd7c67bebeb0b086c3ea7c29140b6ae67e2691e20af465d,inner_train_nested
leave_one_view_out__fold02,maneuver_intensity_classification,held_out,20251002_单01_ACT-8_翼云_J16_12#01__pilot_10035::context_end_0025,1,,-1,completed,5b4ac4adb8770f564dd7c67bebeb0b086c3ea7c29140b6ae67e2691e20af465d,inner_train_nested
leave_one_view_out__fold02,maneuver_intensity_classification,held_out,20251002_单01_ACT-8_翼云_J16_12#01__pilot_10035::context_end_0026,0,,-1,completed,5b4ac4adb8770f564dd7c67bebeb0b086c3ea7c29140b6ae67e2691e20af465d,inner_train_nested
leave_one_view_out__fold02,maneuver_intensity_classification,held_out,20251002_单01_ACT-8_翼云_J16_12#01__pilot_10035::context_end_0027,0,,-1,completed,5b4ac4adb8770f564dd7c67bebeb0b086c3ea7c29140b6ae67e2691e20af465d,inner_train_nested
leave_one_view_out__fold02,maneuver_intensity_classification,held_out,20251002_单01_ACT-8_翼云_J16_12#01__pilot_10035::context_end_0028,2,,-1,completed,5b4ac4adb8770f564dd7c67bebeb0b086c3ea7c29140b6ae67e2691e20af465d,inner_train_nested
leave_one_view_out__fold02,maneuver_intensity_classification,held_out,20251002_单01_ACT-8_翼云_J16_12#01__pilot_10035::context_end_0029,2,,-1,completed,5b4ac4adb8770f564dd7c67bebeb0b086c3ea7c29140b6ae67e2691e20af465d,inner_train_nested
leave_one_view_out__fold02,maneuver_intensity_classification,held_out,20251002_单01_ACT-8_翼云_J16_12#01__pilot_10035::context_end_0030,2,,-1,completed,5b4ac4adb8770f564dd7c67bebeb0b086c3ea7c29140b6ae67e2691e20af465d,inner_train_nested
leave_one_view_out__fold02,maneuver_intensity_classification,held_out,20251002_单01_ACT-8_翼云_J16_12#01__pilot_10035::context_end_0031,1,,-1,completed,5b4ac4adb8770f564dd7c67bebeb0b086c3ea7c29140b6ae67e2691e20af465d,inner_train_nested
leave_one_view_out__fold02,maneuver_intensity_classification,held_out,20251002_单01_ACT-8_翼云_J16_12#01__pilot_10035::context_end_0032,1,,-1,completed,5b4ac4adb8770f564dd7c67bebeb0b086c3ea7c29140b6ae67e2691e20af465d,inner_train_nested
leave_one_view_out__fold02,maneuver_intensity_classification,held_out,20251002_单01_ACT-8_翼云_J16_12#01__pilot_10035::context_end_0033,2,,-1,completed,5b4ac4adb8770f564dd7c67bebeb0b086c3ea7c29140b6ae67e2691e20af465d,inner_train_nested
leave_one_view_out__fold02,maneuver_intensity_classification,held_out,20251002_单01_ACT-8_翼云_J16_12#01__pilot_10035::context_end_0034,0,,-1,completed,5b4ac4adb8770f564dd7c67bebeb0b086c3ea7c29140b6ae67e2691e20af465d,inner_train_nested
leave_one_view_out__fold02,maneuver_intensity_classification,held_out,20251002_单01_ACT-8_翼云_J16_12#01__pilot_10035::context_end_0035,0,,-1,completed,5b4ac4adb8770f564dd7c67bebeb0b086c3ea7c29140b6ae67e2691e20af465d,inner_train_nested
leave_one_view_out__fold02,physiology_response_prediction,train,20251002_单01_ACT-8_翼云_J16_12#01__pilot_10033::context_end_0005,-1,0.8635750305773612,0,completed,7d177919a5a2e1d637fd9ea53fb8a1b89de9fd81bee0fa4fb68009d25ae595c4,inner_train_nested
leave_one_view_out__fold02,physiology_response_prediction,train,20251002_单01_ACT-8_翼云_J16_12#01__pilot_10033::context_end_0006,-1,3.0495731442892136,1,completed,7d177919a5a2e1d637fd9ea53fb8a1b89de9fd81bee0fa4fb68009d25ae595c4,inner_train_nested
leave_one_view_out__fold02,physiology_response_prediction,train,20251002_单01_ACT-8_翼云_J16_12#01__pilot_10033::context_end_0007,-1,0.8313899431469067,0,completed,7d177919a5a2e1d637fd9ea53fb8a1b89de9fd81bee0fa4fb68009d25ae595c4,inner_train_nested
leave_one_view_out__fold02,physiology_response_prediction,train,20251002_单01_ACT-8_翼云_J16_12#01__pilot_10033::context_end_0008,-1,1.2857467822337532,1,completed,7d177919a5a2e1d637fd9ea53fb8a1b89de9fd81bee0fa4fb68009d25ae595c4,inner_train_nested
leave_one_view_out__fold02,physiology_response_prediction,train,20251002_单01_ACT-8_翼云_J16_12#01__pilot_10033::context_end_0009,-1,0.47649763976317916,0,completed,7d177919a5a2e1d637fd9ea53fb8a1b89de9fd81bee0fa4fb68009d25ae595c4,inner_train_nested
leave_one_view_out__fold02,physiology_response_prediction,train,20251002_单01_ACT-8_翼云_J16_12#01__pilot_10033::context_end_0010,-1,1.1654230500003986,1,completed,7d177919a5a2e1d637fd9ea53fb8a1b89de9fd81bee0fa4fb68009d25ae595c4,inner_train_nested
leave_one_view_out__fold02,physiology_response_prediction,train,20251002_单01_ACT-8_翼云_J16_12#01__pilot_10033::context_end_0011,-1,0.3817053706322261,0,completed,7d177919a5a2e1d637fd9ea53fb8a1b89de9fd81bee0fa4fb68009d25ae595c4,inner_train_nested
leave_one_view_out__fold02,physiology_response_prediction,train,20251002_单01_ACT-8_翼云_J16_12#01__pilot_10033::context_end_0012,-1,0.590310197928596,0,completed,7d177919a5a2e1d637fd9ea53fb8a1b89de9fd81bee0fa4fb68009d25ae595c4,inner_train_nested
leave_one_view_out__fold02,physiology_response_prediction,train,20251002_单01_ACT-8_翼云_J16_12#01__pilot_10033::context_end_0013,-1,1.0381369725945768,0,completed,7d177919a5a2e1d637fd9ea53fb8a1b89de9fd81bee0fa4fb68009d25ae595c4,inner_train_nested
leave_one_view_out__fold02,physiology_response_prediction,train,20251002_单01_ACT-8_翼云_J16_12#01__pilot_10033::context_end_0014,-1,0.8883355394748619,0,completed,7d177919a5a2e1d637fd9ea53fb8a1b89de9fd81bee0fa4fb68009d25ae595c4,inner_train_nested
leave_one_view_out__fold02,physiology_response_prediction,train,20251002_单01_ACT-8_翼云_J16_12#01__pilot_10033::context_end_0015,-1,0.8623015596137994,0,completed,7d177919a5a2e1d637fd9ea53fb8a1b89de9fd81bee0fa4fb68009d25ae595c4,inner_train_nested
leave_one_view_out__fold02,physiology_response_prediction,train,20251002_单01_ACT-8_翼云_J16_12#01__pilot_10033::context_end_0016,-1,0.8514293245082786,0,completed,7d177919a5a2e1d637fd9ea53fb8a1b89de9fd81bee0fa4fb68009d25ae595c4,inner_train_nested
leave_one_view_out__fold02,physiology_response_prediction,train,20251002_单01_ACT-8_翼云_J16_12#01__pilot_10033::context_end_0017,-1,0.8572705372581992,0,completed,7d177919a5a2e1d637fd9ea53fb8a1b89de9fd81bee0fa4fb68009d25ae595c4,inner_train_nested
leave_one_view_out__fold02,physiology_response_prediction,train,20251002_单01_ACT-8_翼云_J16_12#01__pilot_10033::context_end_0018,-1,0.5925286598093085,0,completed,7d177919a5a2e1d637fd9ea53fb8a1b89de9fd81bee0fa4fb68009d25ae595c4,inner_train_nested
leave_one_view_out__fold02,physiology_response_prediction,train,20251002_单01_ACT-8_翼云_J16_12#01__pilot_10033::context_end_0019,-1,0.5984150749463377,0,completed,7d177919a5a2e1d637fd9ea53fb8a1b89de9fd81bee0fa4fb68009d25ae595c4,inner_train_nested
leave_one_view_out__fold02,physiology_response_prediction,train,20251002_单01_ACT-8_翼云_J16_12#01__pilot_10033::context_end_0020,-1,0.6716528326215592,0,completed,7d177919a5a2e1d637fd9ea53fb8a1b89de9fd81bee0fa4fb68009d25ae595c4,inner_train_nested
leave_one_view_out__fold02,physiology_response_prediction,train,20251002_单01_ACT-8_翼云_J16_12#01__pilot_10033::context_end_0021,-1,0.7798486425501922,0,completed,7d177919a5a2e1d637fd9ea53fb8a1b89de9fd81bee0fa4fb68009d25ae595c4,inner_train_nested
leave_one_view_out__fold02,physiology_response_prediction,train,20251002_单01_ACT-8_翼云_J16_12#01__pilot_10033::context_end_0022,-1,0.839377088312061,0,completed,7d177919a5a2e1d637fd9ea53fb8a1b89de9fd81bee0fa4fb68009d25ae595c4,inner_train_nested
leave_one_view_out__fold02,physiology_response_prediction,train,20251002_单01_ACT-8_翼云_J16_12#01__pilot_10033::context_end_0023,-1,0.6278279684992046,0,completed,7d177919a5a2e1d637fd9ea53fb8a1b89de9fd81bee0fa4fb68009d25ae595c4,inner_train_nested
leave_one_view_out__fold02,physiology_response_prediction,train,20251002_单01_ACT-8_翼云_J16_12#01__pilot_10033::context_end_0024,-1,0.918960159472839,0,completed,7d177919a5a2e1d637fd9ea53fb8a1b89de9fd81bee0fa4fb68009d25ae595c4,inner_train_nested
leave_one_view_out__fold02,physiology_response_prediction,train,20251002_单01_ACT-8_翼云_J16_12#01__pilot_10033::context_end_0025,-1,2.4133057572814565,1,completed,7d177919a5a2e1d637fd9ea53fb8a1b89de9fd81bee0fa4fb68009d25ae595c4,inner_train_nested
leave_one_view_out__fold02,physiology_response_prediction,train,20251002_单01_ACT-8_翼云_J16_12#01__pilot_10033::context_end_0026,-1,0.5325482113733362,0,completed,7d177919a5a2e1d637fd9ea53fb8a1b89de9fd81bee0fa4fb68009d25ae595c4,inner_train_nested
leave_one_view_out__fold02,physiology_response_prediction,train,20251002_单01_ACT-8_翼云_J16_12#01__pilot_10033::context_end_0027,-1,2.0652990128151303,1,completed,7d177919a5a2e1d637fd9ea53fb8a1b89de9fd81bee0fa4fb68009d25ae595c4,inner_train_nested
leave_one_view_out__fold02,physiology_response_prediction,train,20251002_单01_ACT-8_翼云_J16_12#01__pilot_10033::context_end_0028,-1,1.6100528452276563,1,completed,7d177919a5a2e1d637fd9ea53fb8a1b89de9fd81bee0fa4fb68009d25ae595c4,inner_train_nested
leave_one_view_out__fold02,physiology_response_prediction,train,20251002_单01_ACT-8_翼云_J16_12#01__pilot_10033::context_end_0029,-1,3.2806020821588606,1,completed,7d177919a5a2e1d637fd9ea53fb8a1b89de9fd81bee0fa4fb68009d25ae595c4,inner_train_nested
leave_one_view_out__fold02,physiology_response_prediction,train,20251002_单01_ACT-8_翼云_J16_12#01__pilot_10033::context_end_0030,-1,0.5622635635529666,0,completed,7d177919a5a2e1d637fd9ea53fb8a1b89de9fd81bee0fa4fb68009d25ae595c4,inner_train_nested
leave_one_view_out__fold02,physiology_response_prediction,train,20251002_单01_ACT-8_翼云_J16_12#01__pilot_10033::context_end_0031,-1,1.1392313922277129,0,completed,7d177919a5a2e1d637fd9ea53fb8a1b89de9fd81bee0fa4fb68009d25ae595c4,inner_train_nested
leave_one_view_out__fold02,physiology_response_prediction,train,20251002_单01_ACT-8_翼云_J16_12#01__pilot_10033::context_end_0032,-1,0.49034712526636937,0,completed,7d177919a5a2e1d637fd9ea53fb8a1b89de9fd81bee0fa4fb68009d25ae595c4,inner_train_nested
leave_one_view_out__fold02,physiology_response_prediction,train,20251002_单01_ACT-8_翼云_J16_12#01__pilot_10033::context_end_0033,-1,1.3854543022974324,1,completed,7d177919a5a2e1d637fd9ea53fb8a1b89de9fd81bee0fa4fb68009d25ae595c4,inner_train_nested
leave_one_view_out__fold02,physiology_response_prediction,train,20251002_单01_ACT-8_翼云_J16_12#01__pilot_10033::context_end_0034,-1,1.1647276533296287,0,completed,7d177919a5a2e1d637fd9ea53fb8a1b89de9fd81bee0fa4fb68009d25ae595c4,inner_train_nested
leave_one_view_out__fold02,physiology_response_prediction,train,20251002_单01_ACT-8_翼云_J16_12#01__pilot_10033::context_end_0035,-1,,-1,unavailable,7d177919a5a2e1d637fd9ea53fb8a1b89de9fd81bee0fa4fb68009d25ae595c4,inner_train_nested
leave_one_view_out__fold02,physiology_response_prediction,validation,20251005_四01_ACT-4_云_J20_22#01__pilot_10033::context_end_0005,-1,2.966653798923963,1,completed,7d177919a5a2e1d637fd9ea53fb8a1b89de9fd81bee0fa4fb68009d25ae595c4,inner_train_nested
leave_one_view_out__fold02,physiology_response_prediction,validation,20251005_四01_ACT-4_云_J20_22#01__pilot_10033::context_end_0006,-1,2.858380095480484,1,completed,7d177919a5a2e1d637fd9ea53fb8a1b89de9fd81bee0fa4fb68009d25ae595c4,inner_train_nested
leave_one_view_out__fold02,physiology_response_prediction,validation,20251005_四01_ACT-4_云_J20_22#01__pilot_10033::context_end_0007,-1,0.6384139654415582,0,completed,7d177919a5a2e1d637fd9ea53fb8a1b89de9fd81bee0fa4fb68009d25ae595c4,inner_train_nested
leave_one_view_out__fold02,physiology_response_prediction,validation,20251005_四01_ACT-4_云_J20_22#01__pilot_10033::context_end_0008,-1,3.0340605053764786,1,completed,7d177919a5a2e1d637fd9ea53fb8a1b89de9fd81bee0fa4fb68009d25ae595c4,inner_train_nested
leave_one_view_out__fold02,physiology_response_prediction,validation,20251005_四01_ACT-4_云_J20_22#01__pilot_10033::context_end_0009,-1,0.5675572344131853,0,completed,7d177919a5a2e1d637fd9ea53fb8a1b89de9fd81bee0fa4fb68009d25ae595c4,inner_train_nested
leave_one_view_out__fold02,physiology_response_prediction,validation,20251005_四01_ACT-4_云_J20_22#01__pilot_10033::context_end_0010,-1,1.9873686455644617,1,completed,7d177919a5a2e1d637fd9ea53fb8a1b89de9fd81bee0fa4fb68009d25ae595c4,inner_train_nested
leave_one_view_out__fold02,physiology_response_prediction,validation,20251005_四01_ACT-4_云_J20_22#01__pilot_10033::context_end_0011,-1,1.7954175953942375,1,completed,7d177919a5a2e1d637fd9ea53fb8a1b89de9fd81bee0fa4fb68009d25ae595c4,inner_train_nested
leave_one_view_out__fold02,physiology_response_prediction,validation,20251005_四01_ACT-4_云_J20_22#01__pilot_10033::context_end_0012,-1,0.6224954718139076,0,completed,7d177919a5a2e1d637fd9ea53fb8a1b89de9fd81bee0fa4fb68009d25ae595c4,inner_train_nested
leave_one_view_out__fold02,physiology_response_prediction,validation,20251005_四01_ACT-4_云_J20_22#01__pilot_10033::context_end_0013,-1,0.9960110388876771,0,completed,7d177919a5a2e1d637fd9ea53fb8a1b89de9fd81bee0fa4fb68009d25ae595c4,inner_train_nested
leave_one_view_out__fold02,physiology_response_prediction,validation,20251005_四01_ACT-4_云_J20_22#01__pilot_10033::context_end_0014,-1,1.0590290942706,0,completed,7d177919a5a2e1d637fd9ea53fb8a1b89de9fd81bee0fa4fb68009d25ae595c4,inner_train_nested
leave_one_view_out__fold02,physiology_response_prediction,validation,20251005_四01_ACT-4_云_J20_22#01__pilot_10033::context_end_0015,-1,0.27673862957213474,0,completed,7d177919a5a2e1d637fd9ea53fb8a1b89de9fd81bee0fa4fb68009d25ae595c4,inner_train_nested
leave_one_view_out__fold02,physiology_response_prediction,validation,20251005_四01_ACT-4_云_J20_22#01__pilot_10033::context_end_0016,-1,1.7132187551135127,1,completed,7d177919a5a2e1d637fd9ea53fb8a1b89de9fd81bee0fa4fb68009d25ae595c4,inner_train_nested
leave_one_view_out__fold02,physiology_response_prediction,validation,20251005_四01_ACT-4_云_J20_22#01__pilot_10033::context_end_0017,-1,1.186007086969136,1,completed,7d177919a5a2e1d637fd9ea53fb8a1b89de9fd81bee0fa4fb68009d25ae595c4,inner_train_nested
leave_one_view_out__fold02,physiology_response_prediction,validation,20251005_四01_ACT-4_云_J20_22#01__pilot_10033::context_end_0018,-1,1.1555865631514877,0,completed,7d177919a5a2e1d637fd9ea53fb8a1b89de9fd81bee0fa4fb68009d25ae595c4,inner_train_nested
leave_one_view_out__fold02,physiology_response_prediction,validation,20251005_四01_ACT-4_云_J20_22#01__pilot_10033::context_end_0019,-1,0.619868118456944,0,completed,7d177919a5a2e1d637fd9ea53fb8a1b89de9fd81bee0fa4fb68009d25ae595c4,inner_train_nested
leave_one_view_out__fold02,physiology_response_prediction,validation,20251005_四01_ACT-4_云_J20_22#01__pilot_10033::context_end_0020,-1,2.376099386518226,1,completed,7d177919a5a2e1d637fd9ea53fb8a1b89de9fd81bee0fa4fb68009d25ae595c4,inner_train_nested
leave_one_view_out__fold02,physiology_response_prediction,validation,20251005_四01_ACT-4_云_J20_22#01__pilot_10033::context_end_0021,-1,0.8869682367169578,0,completed,7d177919a5a2e1d637fd9ea53fb8a1b89de9fd81bee0fa4fb68009d25ae595c4,inner_train_nested
leave_one_view_out__fold02,physiology_response_prediction,validation,20251005_四01_ACT-4_云_J20_22#01__pilot_10033::context_end_0022,-1,0.6899371213572187,0,completed,7d177919a5a2e1d637fd9ea53fb8a1b89de9fd81bee0fa4fb68009d25ae595c4,inner_train_nested
leave_one_view_out__fold02,physiology_response_prediction,validation,20251005_四01_ACT-4_云_J20_22#01__pilot_10033::context_end_0023,-1,1.0637030467230024,0,completed,7d177919a5a2e1d637fd9ea53fb8a1b89de9fd81bee0fa4fb68009d25ae595c4,inner_train_nested
leave_one_view_out__fold02,physiology_response_prediction,validation,20251005_四01_ACT-4_云_J20_22#01__pilot_10033::context_end_0024,-1,0.34400879980104765,0,completed,7d177919a5a2e1d637fd9ea53fb8a1b89de9fd81bee0fa4fb68009d25ae595c4,inner_train_nested
leave_one_view_out__fold02,physiology_response_prediction,validation,20251005_四01_ACT-4_云_J20_22#01__pilot_10033::context_end_0025,-1,0.5601726139368615,0,completed,7d177919a5a2e1d637fd9ea53fb8a1b89de9fd81bee0fa4fb68009d25ae595c4,inner_train_nested
leave_one_view_out__fold02,physiology_response_prediction,validation,20251005_四01_ACT-4_云_J20_22#01__pilot_10033::context_end_0026,-1,0.6700735403384431,0,completed,7d177919a5a2e1d637fd9ea53fb8a1b89de9fd81bee0fa4fb68009d25ae595c4,inner_train_nested
leave_one_view_out__fold02,physiology_response_prediction,validation,20251005_四01_ACT-4_云_J20_22#01__pilot_10033::context_end_0027,-1,0.36991435496009034,0,completed,7d177919a5a2e1d637fd9ea53fb8a1b89de9fd81bee0fa4fb68009d25ae595c4,inner_train_nested
leave_one_view_out__fold02,physiology_response_prediction,validation,20251005_四01_ACT-4_云_J20_22#01__pilot_10033::context_end_0028,-1,1.7008711604709168,1,completed,7d177919a5a2e1d637fd9ea53fb8a1b89de9fd81bee0fa4fb68009d25ae595c4,inner_train_nested
leave_one_view_out__fold02,physiology_response_prediction,validation,20251005_四01_ACT-4_云_J20_22#01__pilot_10033::context_end_0029,-1,1.7829408347380904,1,completed,7d177919a5a2e1d637fd9ea53fb8a1b89de9fd81bee0fa4fb68009d25ae595c4,inner_train_nested
leave_one_view_out__fold02,physiology_response_prediction,validation,20251005_四01_ACT-4_云_J20_22#01__pilot_10033::context_end_0030,-1,1.0255263611038528,0,completed,7d177919a5a2e1d637fd9ea53fb8a1b89de9fd81bee0fa4fb68009d25ae595c4,inner_train_nested
leave_one_view_out__fold02,physiology_response_prediction,validation,20251005_四01_ACT-4_云_J20_22#01__pilot_10033::context_end_0031,-1,1.519804089657818,1,completed,7d177919a5a2e1d637fd9ea53fb8a1b89de9fd81bee0fa4fb68009d25ae595c4,inner_train_nested
leave_one_view_out__fold02,physiology_response_prediction,validation,20251005_四01_ACT-4_云_J20_22#01__pilot_10033::context_end_0032,-1,0.8975650900367199,0,completed,7d177919a5a2e1d637fd9ea53fb8a1b89de9fd81bee0fa4fb68009d25ae595c4,inner_train_nested
leave_one_view_out__fold02,physiology_response_prediction,validation,20251005_四01_ACT-4_云_J20_22#01__pilot_10033::context_end_0033,-1,1.6776330858846287,1,completed,7d177919a5a2e1d637fd9ea53fb8a1b89de9fd81bee0fa4fb68009d25ae595c4,inner_train_nested
leave_one_view_out__fold02,physiology_response_prediction,validation,20251005_四01_ACT-4_云_J20_22#01__pilot_10033::context_end_0034,-1,1.679332532013082,1,completed,7d177919a5a2e1d637fd9ea53fb8a1b89de9fd81bee0fa4fb68009d25ae595c4,inner_train_nested
leave_one_view_out__fold02,physiology_response_prediction,validation,20251005_四01_ACT-4_云_J20_22#01__pilot_10033::context_end_0035,-1,,-1,unavailable,7d177919a5a2e1d637fd9ea53fb8a1b89de9fd81bee0fa4fb68009d25ae595c4,inner_train_nested
leave_one_view_out__fold02,physiology_response_prediction,held_out,20251002_单01_ACT-8_翼云_J16_12#01__pilot_10035::context_end_0005,-1,0.8635750305773612,0,completed,7d177919a5a2e1d637fd9ea53fb8a1b89de9fd81bee0fa4fb68009d25ae595c4,inner_train_nested
leave_one_view_out__fold02,physiology_response_prediction,held_out,20251002_单01_ACT-8_翼云_J16_12#01__pilot_10035::context_end_0006,-1,3.0495731442892136,1,completed,7d177919a5a2e1d637fd9ea53fb8a1b89de9fd81bee0fa4fb68009d25ae595c4,inner_train_nested
leave_one_view_out__fold02,physiology_response_prediction,held_out,20251002_单01_ACT-8_翼云_J16_12#01__pilot_10035::context_end_0007,-1,0.8313899431469067,0,completed,7d177919a5a2e1d637fd9ea53fb8a1b89de9fd81bee0fa4fb68009d25ae595c4,inner_train_nested
leave_one_view_out__fold02,physiology_response_prediction,held_out,20251002_单01_ACT-8_翼云_J16_12#01__pilot_10035::context_end_0008,-1,1.2857467822337532,1,completed,7d177919a5a2e1d637fd9ea53fb8a1b89de9fd81bee0fa4fb68009d25ae595c4,inner_train_nested
leave_one_view_out__fold02,physiology_response_prediction,held_out,20251002_单01_ACT-8_翼云_J16_12#01__pilot_10035::context_end_0009,-1,0.47649763976317916,0,completed,7d177919a5a2e1d637fd9ea53fb8a1b89de9fd81bee0fa4fb68009d25ae595c4,inner_train_nested
leave_one_view_out__fold02,physiology_response_prediction,held_out,20251002_单01_ACT-8_翼云_J16_12#01__pilot_10035::context_end_0010,-1,1.1654230500003986,1,completed,7d177919a5a2e1d637fd9ea53fb8a1b89de9fd81bee0fa4fb68009d25ae595c4,inner_train_nested
leave_one_view_out__fold02,physiology_response_prediction,held_out,20251002_单01_ACT-8_翼云_J16_12#01__pilot_10035::context_end_0011,-1,0.3817053706322261,0,completed,7d177919a5a2e1d637fd9ea53fb8a1b89de9fd81bee0fa4fb68009d25ae595c4,inner_train_nested
leave_one_view_out__fold02,physiology_response_prediction,held_out,20251002_单01_ACT-8_翼云_J16_12#01__pilot_10035::context_end_0012,-1,0.590310197928596,0,completed,7d177919a5a2e1d637fd9ea53fb8a1b89de9fd81bee0fa4fb68009d25ae595c4,inner_train_nested
leave_one_view_out__fold02,physiology_response_prediction,held_out,20251002_单01_ACT-8_翼云_J16_12#01__pilot_10035::context_end_0013,-1,1.0381369725945768,0,completed,7d177919a5a2e1d637fd9ea53fb8a1b89de9fd81bee0fa4fb68009d25ae595c4,inner_train_nested
leave_one_view_out__fold02,physiology_response_prediction,held_out,20251002_单01_ACT-8_翼云_J16_12#01__pilot_10035::context_end_0014,-1,0.8883355394748619,0,completed,7d177919a5a2e1d637fd9ea53fb8a1b89de9fd81bee0fa4fb68009d25ae595c4,inner_train_nested
leave_one_view_out__fold02,physiology_response_prediction,held_out,20251002_单01_ACT-8_翼云_J16_12#01__pilot_10035::context_end_0015,-1,0.8623015596137994,0,completed,7d177919a5a2e1d637fd9ea53fb8a1b89de9fd81bee0fa4fb68009d25ae595c4,inner_train_nested
leave_one_view_out__fold02,physiology_response_prediction,held_out,20251002_单01_ACT-8_翼云_J16_12#01__pilot_10035::context_end_0016,-1,0.8514293245082786,0,completed,7d177919a5a2e1d637fd9ea53fb8a1b89de9fd81bee0fa4fb68009d25ae595c4,inner_train_nested
leave_one_view_out__fold02,physiology_response_prediction,held_out,20251002_单01_ACT-8_翼云_J16_12#01__pilot_10035::context_end_0017,-1,0.8572705372581992,0,completed,7d177919a5a2e1d637fd9ea53fb8a1b89de9fd81bee0fa4fb68009d25ae595c4,inner_train_nested
leave_one_view_out__fold02,physiology_response_prediction,held_out,20251002_单01_ACT-8_翼云_J16_12#01__pilot_10035::context_end_0018,-1,0.5925286598093085,0,completed,7d177919a5a2e1d637fd9ea53fb8a1b89de9fd81bee0fa4fb68009d25ae595c4,inner_train_nested
leave_one_view_out__fold02,physiology_response_prediction,held_out,20251002_单01_ACT-8_翼云_J16_12#01__pilot_10035::context_end_0019,-1,0.5984150749463377,0,completed,7d177919a5a2e1d637fd9ea53fb8a1b89de9fd81bee0fa4fb68009d25ae595c4,inner_train_nested
leave_one_view_out__fold02,physiology_response_prediction,held_out,20251002_单01_ACT-8_翼云_J16_12#01__pilot_10035::context_end_0020,-1,0.6716528326215592,0,completed,7d177919a5a2e1d637fd9ea53fb8a1b89de9fd81bee0fa4fb68009d25ae595c4,inner_train_nested
leave_one_view_out__fold02,physiology_response_prediction,held_out,20251002_单01_ACT-8_翼云_J16_12#01__pilot_10035::context_end_0021,-1,0.7798486425501922,0,completed,7d177919a5a2e1d637fd9ea53fb8a1b89de9fd81bee0fa4fb68009d25ae595c4,inner_train_nested
leave_one_view_out__fold02,physiology_response_prediction,held_out,20251002_单01_ACT-8_翼云_J16_12#01__pilot_10035::context_end_0022,-1,0.839377088312061,0,completed,7d177919a5a2e1d637fd9ea53fb8a1b89de9fd81bee0fa4fb68009d25ae595c4,inner_train_nested
leave_one_view_out__fold02,physiology_response_prediction,held_out,20251002_单01_ACT-8_翼云_J16_12#01__pilot_10035::context_end_0023,-1,0.6278279684992046,0,completed,7d177919a5a2e1d637fd9ea53fb8a1b89de9fd81bee0fa4fb68009d25ae595c4,inner_train_nested
leave_one_view_out__fold02,physiology_response_prediction,held_out,20251002_单01_ACT-8_翼云_J16_12#01__pilot_10035::context_end_0024,-1,0.918960159472839,0,completed,7d177919a5a2e1d637fd9ea53fb8a1b89de9fd81bee0fa4fb68009d25ae595c4,inner_train_nested
leave_one_view_out__fold02,physiology_response_prediction,held_out,20251002_单01_ACT-8_翼云_J16_12#01__pilot_10035::context_end_0025,-1,2.4133057572814565,1,completed,7d177919a5a2e1d637fd9ea53fb8a1b89de9fd81bee0fa4fb68009d25ae595c4,inner_train_nested
leave_one_view_out__fold02,physiology_response_prediction,held_out,20251002_单01_ACT-8_翼云_J16_12#01__pilot_10035::context_end_0026,-1,0.5325482113733362,0,completed,7d177919a5a2e1d637fd9ea53fb8a1b89de9fd81bee0fa4fb68009d25ae595c4,inner_train_nested
leave_one_view_out__fold02,physiology_response_prediction,held_out,20251002_单01_ACT-8_翼云_J16_12#01__pilot_10035::context_end_0027,-1,2.0652990128151303,1,completed,7d177919a5a2e1d637fd9ea53fb8a1b89de9fd81bee0fa4fb68009d25ae595c4,inner_train_nested
leave_one_view_out__fold02,physiology_response_prediction,held_out,20251002_单01_ACT-8_翼云_J16_12#01__pilot_10035::context_end_0028,-1,1.6100528452276563,1,completed,7d177919a5a2e1d637fd9ea53fb8a1b89de9fd81bee0fa4fb68009d25ae595c4,inner_train_nested
leave_one_view_out__fold02,physiology_response_prediction,held_out,20251002_单01_ACT-8_翼云_J16_12#01__pilot_10035::context_end_0029,-1,3.2806020821588606,1,completed,7d177919a5a2e1d637fd9ea53fb8a1b89de9fd81bee0fa4fb68009d25ae595c4,inner_train_nested
leave_one_view_out__fold02,physiology_response_prediction,held_out,20251002_单01_ACT-8_翼云_J16_12#01__pilot_10035::context_end_0030,-1,0.5622635635529666,0,completed,7d177919a5a2e1d637fd9ea53fb8a1b89de9fd81bee0fa4fb68009d25ae595c4,inner_train_nested
leave_one_view_out__fold02,physiology_response_prediction,held_out,20251002_单01_ACT-8_翼云_J16_12#01__pilot_10035::context_end_0031,-1,1.1392313922277129,0,completed,7d177919a5a2e1d637fd9ea53fb8a1b89de9fd81bee0fa4fb68009d25ae595c4,inner_train_nested
leave_one_view_out__fold02,physiology_response_prediction,held_out,20251002_单01_ACT-8_翼云_J16_12#01__pilot_10035::context_end_0032,-1,0.49034712526636937,0,completed,7d177919a5a2e1d637fd9ea53fb8a1b89de9fd81bee0fa4fb68009d25ae595c4,inner_train_nested
leave_one_view_out__fold02,physiology_response_prediction,held_out,20251002_单01_ACT-8_翼云_J16_12#01__pilot_10035::context_end_0033,-1,1.3854543022974324,1,completed,7d177919a5a2e1d637fd9ea53fb8a1b89de9fd81bee0fa4fb68009d25ae595c4,inner_train_nested
leave_one_view_out__fold02,physiology_response_prediction,held_out,20251002_单01_ACT-8_翼云_J16_12#01__pilot_10035::context_end_0034,-1,1.1647276533296287,0,completed,7d177919a5a2e1d637fd9ea53fb8a1b89de9fd81bee0fa4fb68009d25ae595c4,inner_train_nested
leave_one_view_out__fold02,physiology_response_prediction,held_out,20251002_单01_ACT-8_翼云_J16_12#01__pilot_10035::context_end_0035,-1,,-1,unavailable,7d177919a5a2e1d637fd9ea53fb8a1b89de9fd81bee0fa4fb68009d25ae595c4,inner_train_nested
leave_one_view_out__fold03,maneuver_intensity_classification,train,20251002_单01_ACT-8_翼云_J16_12#01__pilot_10033::context_end_0005,0,,-1,completed,2bc909a887dd4e4b016b68ac3e025b1b2c166ac31ae8d02c148e3e729ac2d073,inner_train_nested
leave_one_view_out__fold03,maneuver_intensity_classification,train,20251002_单01_ACT-8_翼云_J16_12#01__pilot_10033::context_end_0006,0,,-1,completed,2bc909a887dd4e4b016b68ac3e025b1b2c166ac31ae8d02c148e3e729ac2d073,inner_train_nested
leave_one_view_out__fold03,maneuver_intensity_classification,train,20251002_单01_ACT-8_翼云_J16_12#01__pilot_10033::context_end_0007,0,,-1,completed,2bc909a887dd4e4b016b68ac3e025b1b2c166ac31ae8d02c148e3e729ac2d073,inner_train_nested
leave_one_view_out__fold03,maneuver_intensity_classification,train,20251002_单01_ACT-8_翼云_J16_12#01__pilot_10033::context_end_0008,0,,-1,completed,2bc909a887dd4e4b016b68ac3e025b1b2c166ac31ae8d02c148e3e729ac2d073,inner_train_nested
leave_one_view_out__fold03,maneuver_intensity_classification,train,20251002_单01_ACT-8_翼云_J16_12#01__pilot_10033::context_end_0009,2,,-1,completed,2bc909a887dd4e4b016b68ac3e025b1b2c166ac31ae8d02c148e3e729ac2d073,inner_train_nested
leave_one_view_out__fold03,maneuver_intensity_classification,train,20251002_单01_ACT-8_翼云_J16_12#01__pilot_10033::context_end_0010,1,,-1,completed,2bc909a887dd4e4b016b68ac3e025b1b2c166ac31ae8d02c148e3e729ac2d073,inner_train_nested
leave_one_view_out__fold03,maneuver_intensity_classification,train,20251002_单01_ACT-8_翼云_J16_12#01__pilot_10033::context_end_0011,0,,-1,completed,2bc909a887dd4e4b016b68ac3e025b1b2c166ac31ae8d02c148e3e729ac2d073,inner_train_nested
leave_one_view_out__fold03,maneuver_intensity_classification,train,20251002_单01_ACT-8_翼云_J16_12#01__pilot_10033::context_end_0012,0,,-1,completed,2bc909a887dd4e4b016b68ac3e025b1b2c166ac31ae8d02c148e3e729ac2d073,inner_train_nested
leave_one_view_out__fold03,maneuver_intensity_classification,train,20251002_单01_ACT-8_翼云_J16_12#01__pilot_10033::context_end_0013,0,,-1,completed,2bc909a887dd4e4b016b68ac3e025b1b2c166ac31ae8d02c148e3e729ac2d073,inner_train_nested
leave_one_view_out__fold03,maneuver_intensity_classification,train,20251002_单01_ACT-8_翼云_J16_12#01__pilot_10033::context_end_0014,1,,-1,completed,2bc909a887dd4e4b016b68ac3e025b1b2c166ac31ae8d02c148e3e729ac2d073,inner_train_nested
leave_one_view_out__fold03,maneuver_intensity_classification,train,20251002_单01_ACT-8_翼云_J16_12#01__pilot_10033::context_end_0015,1,,-1,completed,2bc909a887dd4e4b016b68ac3e025b1b2c166ac31ae8d02c148e3e729ac2d073,inner_train_nested
leave_one_view_out__fold03,maneuver_intensity_classification,train,20251002_单01_ACT-8_翼云_J16_12#01__pilot_10033::context_end_0016,1,,-1,completed,2bc909a887dd4e4b016b68ac3e025b1b2c166ac31ae8d02c148e3e729ac2d073,inner_train_nested
leave_one_view_out__fold03,maneuver_intensity_classification,train,20251002_单01_ACT-8_翼云_J16_12#01__pilot_10033::context_end_0017,2,,-1,completed,2bc909a887dd4e4b016b68ac3e025b1b2c166ac31ae8d02c148e3e729ac2d073,inner_train_nested
leave_one_view_out__fold03,maneuver_intensity_classification,train,20251002_单01_ACT-8_翼云_J16_12#01__pilot_10033::context_end_0018,2,,-1,completed,2bc909a887dd4e4b016b68ac3e025b1b2c166ac31ae8d02c148e3e729ac2d073,inner_train_nested
leave_one_view_out__fold03,maneuver_intensity_classification,train,20251002_单01_ACT-8_翼云_J16_12#01__pilot_10033::context_end_0019,1,,-1,completed,2bc909a887dd4e4b016b68ac3e025b1b2c166ac31ae8d02c148e3e729ac2d073,inner_train_nested
leave_one_view_out__fold03,maneuver_intensity_classification,train,20251002_单01_ACT-8_翼云_J16_12#01__pilot_10033::context_end_0020,2,,-1,completed,2bc909a887dd4e4b016b68ac3e025b1b2c166ac31ae8d02c148e3e729ac2d073,inner_train_nested
leave_one_view_out__fold03,maneuver_intensity_classification,train,20251002_单01_ACT-8_翼云_J16_12#01__pilot_10033::context_end_0021,2,,-1,completed,2bc909a887dd4e4b016b68ac3e025b1b2c166ac31ae8d02c148e3e729ac2d073,inner_train_nested
leave_one_view_out__fold03,maneuver_intensity_classification,train,20251002_单01_ACT-8_翼云_J16_12#01__pilot_10033::context_end_0022,2,,-1,completed,2bc909a887dd4e4b016b68ac3e025b1b2c166ac31ae8d02c148e3e729ac2d073,inner_train_nested
leave_one_view_out__fold03,maneuver_intensity_classification,train,20251002_单01_ACT-8_翼云_J16_12#01__pilot_10033::context_end_0023,1,,-1,completed,2bc909a887dd4e4b016b68ac3e025b1b2c166ac31ae8d02c148e3e729ac2d073,inner_train_nested
leave_one_view_out__fold03,maneuver_intensity_classification,train,20251002_单01_ACT-8_翼云_J16_12#01__pilot_10035::context_end_0005,0,,-1,completed,2bc909a887dd4e4b016b68ac3e025b1b2c166ac31ae8d02c148e3e729ac2d073,inner_train_nested
leave_one_view_out__fold03,maneuver_intensity_classification,train,20251002_单01_ACT-8_翼云_J16_12#01__pilot_10035::context_end_0006,0,,-1,completed,2bc909a887dd4e4b016b68ac3e025b1b2c166ac31ae8d02c148e3e729ac2d073,inner_train_nested
leave_one_view_out__fold03,maneuver_intensity_classification,train,20251002_单01_ACT-8_翼云_J16_12#01__pilot_10035::context_end_0007,0,,-1,completed,2bc909a887dd4e4b016b68ac3e025b1b2c166ac31ae8d02c148e3e729ac2d073,inner_train_nested
leave_one_view_out__fold03,maneuver_intensity_classification,train,20251002_单01_ACT-8_翼云_J16_12#01__pilot_10035::context_end_0008,0,,-1,completed,2bc909a887dd4e4b016b68ac3e025b1b2c166ac31ae8d02c148e3e729ac2d073,inner_train_nested
leave_one_view_out__fold03,maneuver_intensity_classification,train,20251002_单01_ACT-8_翼云_J16_12#01__pilot_10035::context_end_0009,2,,-1,completed,2bc909a887dd4e4b016b68ac3e025b1b2c166ac31ae8d02c148e3e729ac2d073,inner_train_nested
leave_one_view_out__fold03,maneuver_intensity_classification,train,20251002_单01_ACT-8_翼云_J16_12#01__pilot_10035::context_end_0010,1,,-1,completed,2bc909a887dd4e4b016b68ac3e025b1b2c166ac31ae8d02c148e3e729ac2d073,inner_train_nested
leave_one_view_out__fold03,maneuver_intensity_classification,train,20251002_单01_ACT-8_翼云_J16_12#01__pilot_10035::context_end_0011,0,,-1,completed,2bc909a887dd4e4b016b68ac3e025b1b2c166ac31ae8d02c148e3e729ac2d073,inner_train_nested
leave_one_view_out__fold03,maneuver_intensity_classification,train,20251002_单01_ACT-8_翼云_J16_12#01__pilot_10035::context_end_0012,0,,-1,completed,2bc909a887dd4e4b016b68ac3e025b1b2c166ac31ae8d02c148e3e729ac2d073,inner_train_nested
leave_one_view_out__fold03,maneuver_intensity_classification,train,20251002_单01_ACT-8_翼云_J16_12#01__pilot_10035::context_end_0013,0,,-1,completed,2bc909a887dd4e4b016b68ac3e025b1b2c166ac31ae8d02c148e3e729ac2d073,inner_train_nested
leave_one_view_out__fold03,maneuver_intensity_classification,train,20251002_单01_ACT-8_翼云_J16_12#01__pilot_10035::context_end_0014,1,,-1,completed,2bc909a887dd4e4b016b68ac3e025b1b2c166ac31ae8d02c148e3e729ac2d073,inner_train_nested
leave_one_view_out__fold03,maneuver_intensity_classification,train,20251002_单01_ACT-8_翼云_J16_12#01__pilot_10035::context_end_0015,1,,-1,completed,2bc909a887dd4e4b016b68ac3e025b1b2c166ac31ae8d02c148e3e729ac2d073,inner_train_nested
leave_one_view_out__fold03,maneuver_intensity_classification,train,20251002_单01_ACT-8_翼云_J16_12#01__pilot_10035::context_end_0016,1,,-1,completed,2bc909a887dd4e4b016b68ac3e025b1b2c166ac31ae8d02c148e3e729ac2d073,inner_train_nested
leave_one_view_out__fold03,maneuver_intensity_classification,train,20251002_单01_ACT-8_翼云_J16_12#01__pilot_10035::context_end_0017,2,,-1,completed,2bc909a887dd4e4b016b68ac3e025b1b2c166ac31ae8d02c148e3e729ac2d073,inner_train_nested
leave_one_view_out__fold03,maneuver_intensity_classification,train,20251002_单01_ACT-8_翼云_J16_12#01__pilot_10035::context_end_0018,2,,-1,completed,2bc909a887dd4e4b016b68ac3e025b1b2c166ac31ae8d02c148e3e729ac2d073,inner_train_nested
leave_one_view_out__fold03,maneuver_intensity_classification,train,20251002_单01_ACT-8_翼云_J16_12#01__pilot_10035::context_end_0019,1,,-1,completed,2bc909a887dd4e4b016b68ac3e025b1b2c166ac31ae8d02c148e3e729ac2d073,inner_train_nested
leave_one_view_out__fold03,maneuver_intensity_classification,train,20251002_单01_ACT-8_翼云_J16_12#01__pilot_10035::context_end_0020,2,,-1,completed,2bc909a887dd4e4b016b68ac3e025b1b2c166ac31ae8d02c148e3e729ac2d073,inner_train_nested
leave_one_view_out__fold03,maneuver_intensity_classification,train,20251002_单01_ACT-8_翼云_J16_12#01__pilot_10035::context_end_0021,2,,-1,completed,2bc909a887dd4e4b016b68ac3e025b1b2c166ac31ae8d02c148e3e729ac2d073,inner_train_nested
leave_one_view_out__fold03,maneuver_intensity_classification,train,20251002_单01_ACT-8_翼云_J16_12#01__pilot_10035::context_end_0022,2,,-1,completed,2bc909a887dd4e4b016b68ac3e025b1b2c166ac31ae8d02c148e3e729ac2d073,inner_train_nested
leave_one_view_out__fold03,maneuver_intensity_classification,train,20251002_单01_ACT-8_翼云_J16_12#01__pilot_10035::context_end_0023,1,,-1,completed,2bc909a887dd4e4b016b68ac3e025b1b2c166ac31ae8d02c148e3e729ac2d073,inner_train_nested
leave_one_view_out__fold03,maneuver_intensity_classification,validation,20251002_单01_ACT-8_翼云_J16_12#01__pilot_10033::context_end_0029,2,,-1,completed,2bc909a887dd4e4b016b68ac3e025b1b2c166ac31ae8d02c148e3e729ac2d073,inner_train_nested
leave_one_view_out__fold03,maneuver_intensity_classification,validation,20251002_单01_ACT-8_翼云_J16_12#01__pilot_10033::context_end_0030,2,,-1,completed,2bc909a887dd4e4b016b68ac3e025b1b2c166ac31ae8d02c148e3e729ac2d073,inner_train_nested
leave_one_view_out__fold03,maneuver_intensity_classification,validation,20251002_单01_ACT-8_翼云_J16_12#01__pilot_10033::context_end_0031,1,,-1,completed,2bc909a887dd4e4b016b68ac3e025b1b2c166ac31ae8d02c148e3e729ac2d073,inner_train_nested
leave_one_view_out__fold03,maneuver_intensity_classification,validation,20251002_单01_ACT-8_翼云_J16_12#01__pilot_10033::context_end_0032,1,,-1,completed,2bc909a887dd4e4b016b68ac3e025b1b2c166ac31ae8d02c148e3e729ac2d073,inner_train_nested
leave_one_view_out__fold03,maneuver_intensity_classification,validation,20251002_单01_ACT-8_翼云_J16_12#01__pilot_10033::context_end_0033,2,,-1,completed,2bc909a887dd4e4b016b68ac3e025b1b2c166ac31ae8d02c148e3e729ac2d073,inner_train_nested
leave_one_view_out__fold03,maneuver_intensity_classification,validation,20251002_单01_ACT-8_翼云_J16_12#01__pilot_10033::context_end_0034,1,,-1,completed,2bc909a887dd4e4b016b68ac3e025b1b2c166ac31ae8d02c148e3e729ac2d073,inner_train_nested
leave_one_view_out__fold03,maneuver_intensity_classification,validation,20251002_单01_ACT-8_翼云_J16_12#01__pilot_10033::context_end_0035,1,,-1,completed,2bc909a887dd4e4b016b68ac3e025b1b2c166ac31ae8d02c148e3e729ac2d073,inner_train_nested
leave_one_view_out__fold03,maneuver_intensity_classification,validation,20251002_单01_ACT-8_翼云_J16_12#01__pilot_10035::context_end_0029,2,,-1,completed,2bc909a887dd4e4b016b68ac3e025b1b2c166ac31ae8d02c148e3e729ac2d073,inner_train_nested
leave_one_view_out__fold03,maneuver_intensity_classification,validation,20251002_单01_ACT-8_翼云_J16_12#01__pilot_10035::context_end_0030,2,,-1,completed,2bc909a887dd4e4b016b68ac3e025b1b2c166ac31ae8d02c148e3e729ac2d073,inner_train_nested
leave_one_view_out__fold03,maneuver_intensity_classification,validation,20251002_单01_ACT-8_翼云_J16_12#01__pilot_10035::context_end_0031,1,,-1,completed,2bc909a887dd4e4b016b68ac3e025b1b2c166ac31ae8d02c148e3e729ac2d073,inner_train_nested
leave_one_view_out__fold03,maneuver_intensity_classification,validation,20251002_单01_ACT-8_翼云_J16_12#01__pilot_10035::context_end_0032,1,,-1,completed,2bc909a887dd4e4b016b68ac3e025b1b2c166ac31ae8d02c148e3e729ac2d073,inner_train_nested
leave_one_view_out__fold03,maneuver_intensity_classification,validation,20251002_单01_ACT-8_翼云_J16_12#01__pilot_10035::context_end_0033,2,,-1,completed,2bc909a887dd4e4b016b68ac3e025b1b2c166ac31ae8d02c148e3e729ac2d073,inner_train_nested
leave_one_view_out__fold03,maneuver_intensity_classification,validation,20251002_单01_ACT-8_翼云_J16_12#01__pilot_10035::context_end_0034,1,,-1,completed,2bc909a887dd4e4b016b68ac3e025b1b2c166ac31ae8d02c148e3e729ac2d073,inner_train_nested
leave_one_view_out__fold03,maneuver_intensity_classification,validation,20251002_单01_ACT-8_翼云_J16_12#01__pilot_10035::context_end_0035,1,,-1,completed,2bc909a887dd4e4b016b68ac3e025b1b2c166ac31ae8d02c148e3e729ac2d073,inner_train_nested
leave_one_view_out__fold03,maneuver_intensity_classification,held_out,20251005_四01_ACT-4_云_J20_22#01__pilot_10033::context_end_0005,0,,-1,completed,2bc909a887dd4e4b016b68ac3e025b1b2c166ac31ae8d02c148e3e729ac2d073,inner_train_nested
leave_one_view_out__fold03,maneuver_intensity_classification,held_out,20251005_四01_ACT-4_云_J20_22#01__pilot_10033::context_end_0006,0,,-1,completed,2bc909a887dd4e4b016b68ac3e025b1b2c166ac31ae8d02c148e3e729ac2d073,inner_train_nested
leave_one_view_out__fold03,maneuver_intensity_classification,held_out,20251005_四01_ACT-4_云_J20_22#01__pilot_10033::context_end_0007,0,,-1,completed,2bc909a887dd4e4b016b68ac3e025b1b2c166ac31ae8d02c148e3e729ac2d073,inner_train_nested
leave_one_view_out__fold03,maneuver_intensity_classification,held_out,20251005_四01_ACT-4_云_J20_22#01__pilot_10033::context_end_0008,0,,-1,completed,2bc909a887dd4e4b016b68ac3e025b1b2c166ac31ae8d02c148e3e729ac2d073,inner_train_nested
leave_one_view_out__fold03,maneuver_intensity_classification,held_out,20251005_四01_ACT-4_云_J20_22#01__pilot_10033::context_end_0009,2,,-1,completed,2bc909a887dd4e4b016b68ac3e025b1b2c166ac31ae8d02c148e3e729ac2d073,inner_train_nested
leave_one_view_out__fold03,maneuver_intensity_classification,held_out,20251005_四01_ACT-4_云_J20_22#01__pilot_10033::context_end_0010,1,,-1,completed,2bc909a887dd4e4b016b68ac3e025b1b2c166ac31ae8d02c148e3e729ac2d073,inner_train_nested
leave_one_view_out__fold03,maneuver_intensity_classification,held_out,20251005_四01_ACT-4_云_J20_22#01__pilot_10033::context_end_0011,0,,-1,completed,2bc909a887dd4e4b016b68ac3e025b1b2c166ac31ae8d02c148e3e729ac2d073,inner_train_nested
leave_one_view_out__fold03,maneuver_intensity_classification,held_out,20251005_四01_ACT-4_云_J20_22#01__pilot_10033::context_end_0012,0,,-1,completed,2bc909a887dd4e4b016b68ac3e025b1b2c166ac31ae8d02c148e3e729ac2d073,inner_train_nested
leave_one_view_out__fold03,maneuver_intensity_classification,held_out,20251005_四01_ACT-4_云_J20_22#01__pilot_10033::context_end_0013,0,,-1,completed,2bc909a887dd4e4b016b68ac3e025b1b2c166ac31ae8d02c148e3e729ac2d073,inner_train_nested
leave_one_view_out__fold03,maneuver_intensity_classification,held_out,20251005_四01_ACT-4_云_J20_22#01__pilot_10033::context_end_0014,1,,-1,completed,2bc909a887dd4e4b016b68ac3e025b1b2c166ac31ae8d02c148e3e729ac2d073,inner_train_nested
leave_one_view_out__fold03,maneuver_intensity_classification,held_out,20251005_四01_ACT-4_云_J20_22#01__pilot_10033::context_end_0015,1,,-1,completed,2bc909a887dd4e4b016b68ac3e025b1b2c166ac31ae8d02c148e3e729ac2d073,inner_train_nested
leave_one_view_out__fold03,maneuver_intensity_classification,held_out,20251005_四01_ACT-4_云_J20_22#01__pilot_10033::context_end_0016,1,,-1,completed,2bc909a887dd4e4b016b68ac3e025b1b2c166ac31ae8d02c148e3e729ac2d073,inner_train_nested
leave_one_view_out__fold03,maneuver_intensity_classification,held_out,20251005_四01_ACT-4_云_J20_22#01__pilot_10033::context_end_0017,2,,-1,completed,2bc909a887dd4e4b016b68ac3e025b1b2c166ac31ae8d02c148e3e729ac2d073,inner_train_nested
leave_one_view_out__fold03,maneuver_intensity_classification,held_out,20251005_四01_ACT-4_云_J20_22#01__pilot_10033::context_end_0018,2,,-1,completed,2bc909a887dd4e4b016b68ac3e025b1b2c166ac31ae8d02c148e3e729ac2d073,inner_train_nested
leave_one_view_out__fold03,maneuver_intensity_classification,held_out,20251005_四01_ACT-4_云_J20_22#01__pilot_10033::context_end_0019,1,,-1,completed,2bc909a887dd4e4b016b68ac3e025b1b2c166ac31ae8d02c148e3e729ac2d073,inner_train_nested
leave_one_view_out__fold03,maneuver_intensity_classification,held_out,20251005_四01_ACT-4_云_J20_22#01__pilot_10033::context_end_0020,2,,-1,completed,2bc909a887dd4e4b016b68ac3e025b1b2c166ac31ae8d02c148e3e729ac2d073,inner_train_nested
leave_one_view_out__fold03,maneuver_intensity_classification,held_out,20251005_四01_ACT-4_云_J20_22#01__pilot_10033::context_end_0021,2,,-1,completed,2bc909a887dd4e4b016b68ac3e025b1b2c166ac31ae8d02c148e3e729ac2d073,inner_train_nested
leave_one_view_out__fold03,maneuver_intensity_classification,held_out,20251005_四01_ACT-4_云_J20_22#01__pilot_10033::context_end_0022,2,,-1,completed,2bc909a887dd4e4b016b68ac3e025b1b2c166ac31ae8d02c148e3e729ac2d073,inner_train_nested
leave_one_view_out__fold03,maneuver_intensity_classification,held_out,20251005_四01_ACT-4_云_J20_22#01__pilot_10033::context_end_0023,1,,-1,completed,2bc909a887dd4e4b016b68ac3e025b1b2c166ac31ae8d02c148e3e729ac2d073,inner_train_nested
leave_one_view_out__fold03,maneuver_intensity_classification,held_out,20251005_四01_ACT-4_云_J20_22#01__pilot_10033::context_end_0024,2,,-1,completed,2bc909a887dd4e4b016b68ac3e025b1b2c166ac31ae8d02c148e3e729ac2d073,inner_train_nested
leave_one_view_out__fold03,maneuver_intensity_classification,held_out,20251005_四01_ACT-4_云_J20_22#01__pilot_10033::context_end_0025,2,,-1,completed,2bc909a887dd4e4b016b68ac3e025b1b2c166ac31ae8d02c148e3e729ac2d073,inner_train_nested
leave_one_view_out__fold03,maneuver_intensity_classification,held_out,20251005_四01_ACT-4_云_J20_22#01__pilot_10033::context_end_0026,1,,-1,completed,2bc909a887dd4e4b016b68ac3e025b1b2c166ac31ae8d02c148e3e729ac2d073,inner_train_nested
leave_one_view_out__fold03,maneuver_intensity_classification,held_out,20251005_四01_ACT-4_云_J20_22#01__pilot_10033::context_end_0027,1,,-1,completed,2bc909a887dd4e4b016b68ac3e025b1b2c166ac31ae8d02c148e3e729ac2d073,inner_train_nested
leave_one_view_out__fold03,maneuver_intensity_classification,held_out,20251005_四01_ACT-4_云_J20_22#01__pilot_10033::context_end_0028,2,,-1,completed,2bc909a887dd4e4b016b68ac3e025b1b2c166ac31ae8d02c148e3e729ac2d073,inner_train_nested
leave_one_view_out__fold03,maneuver_intensity_classification,held_out,20251005_四01_ACT-4_云_J20_22#01__pilot_10033::context_end_0029,2,,-1,completed,2bc909a887dd4e4b016b68ac3e025b1b2c166ac31ae8d02c148e3e729ac2d073,inner_train_nested
leave_one_view_out__fold03,maneuver_intensity_classification,held_out,20251005_四01_ACT-4_云_J20_22#01__pilot_10033::context_end_0030,2,,-1,completed,2bc909a887dd4e4b016b68ac3e025b1b2c166ac31ae8d02c148e3e729ac2d073,inner_train_nested
leave_one_view_out__fold03,maneuver_intensity_classification,held_out,20251005_四01_ACT-4_云_J20_22#01__pilot_10033::context_end_0031,1,,-1,completed,2bc909a887dd4e4b016b68ac3e025b1b2c166ac31ae8d02c148e3e729ac2d073,inner_train_nested
leave_one_view_out__fold03,maneuver_intensity_classification,held_out,20251005_四01_ACT-4_云_J20_22#01__pilot_10033::context_end_0032,1,,-1,completed,2bc909a887dd4e4b016b68ac3e025b1b2c166ac31ae8d02c148e3e729ac2d073,inner_train_nested
leave_one_view_out__fold03,maneuver_intensity_classification,held_out,20251005_四01_ACT-4_云_J20_22#01__pilot_10033::context_end_0033,2,,-1,completed,2bc909a887dd4e4b016b68ac3e025b1b2c166ac31ae8d02c148e3e729ac2d073,inner_train_nested
leave_one_view_out__fold03,maneuver_intensity_classification,held_out,20251005_四01_ACT-4_云_J20_22#01__pilot_10033::context_end_0034,1,,-1,completed,2bc909a887dd4e4b016b68ac3e025b1b2c166ac31ae8d02c148e3e729ac2d073,inner_train_nested
leave_one_view_out__fold03,maneuver_intensity_classification,held_out,20251005_四01_ACT-4_云_J20_22#01__pilot_10033::context_end_0035,1,,-1,completed,2bc909a887dd4e4b016b68ac3e025b1b2c166ac31ae8d02c148e3e729ac2d073,inner_train_nested
leave_one_view_out__fold03,physiology_response_prediction,train,20251002_单01_ACT-8_翼云_J16_12#01__pilot_10033::context_end_0005,-1,0.9308819582569211,0,completed,2bc909a887dd4e4b016b68ac3e025b1b2c166ac31ae8d02c148e3e729ac2d073,inner_train_nested
leave_one_view_out__fold03,physiology_response_prediction,train,20251002_单01_ACT-8_翼云_J16_12#01__pilot_10033::context_end_0006,-1,3.3027253778367025,1,completed,2bc909a887dd4e4b016b68ac3e025b1b2c166ac31ae8d02c148e3e729ac2d073,inner_train_nested
leave_one_view_out__fold03,physiology_response_prediction,train,20251002_单01_ACT-8_翼云_J16_12#01__pilot_10033::context_end_0007,-1,0.9208825934606991,0,completed,2bc909a887dd4e4b016b68ac3e025b1b2c166ac31ae8d02c148e3e729ac2d073,inner_train_nested
leave_one_view_out__fold03,physiology_response_prediction,train,20251002_单01_ACT-8_翼云_J16_12#01__pilot_10033::context_end_0008,-1,1.4059319982338334,1,completed,2bc909a887dd4e4b016b68ac3e025b1b2c166ac31ae8d02c148e3e729ac2d073,inner_train_nested
leave_one_view_out__fold03,physiology_response_prediction,train,20251002_单01_ACT-8_翼云_J16_12#01__pilot_10033::context_end_0009,-1,0.49441718626025233,0,completed,2bc909a887dd4e4b016b68ac3e025b1b2c166ac31ae8d02c148e3e729ac2d073,inner_train_nested
leave_one_view_out__fold03,physiology_response_prediction,train,20251002_单01_ACT-8_翼云_J16_12#01__pilot_10033::context_end_0010,-1,1.2997320312379943,1,completed,2bc909a887dd4e4b016b68ac3e025b1b2c166ac31ae8d02c148e3e729ac2d073,inner_train_nested
leave_one_view_out__fold03,physiology_response_prediction,train,20251002_单01_ACT-8_翼云_J16_12#01__pilot_10033::context_end_0011,-1,0.3944545064848812,0,completed,2bc909a887dd4e4b016b68ac3e025b1b2c166ac31ae8d02c148e3e729ac2d073,inner_train_nested
leave_one_view_out__fold03,physiology_response_prediction,train,20251002_单01_ACT-8_翼云_J16_12#01__pilot_10033::context_end_0012,-1,0.6271196350281406,0,completed,2bc909a887dd4e4b016b68ac3e025b1b2c166ac31ae8d02c148e3e729ac2d073,inner_train_nested
leave_one_view_out__fold03,physiology_response_prediction,train,20251002_单01_ACT-8_翼云_J16_12#01__pilot_10033::context_end_0013,-1,1.1155433633632894,1,completed,2bc909a887dd4e4b016b68ac3e025b1b2c166ac31ae8d02c148e3e729ac2d073,inner_train_nested
leave_one_view_out__fold03,physiology_response_prediction,train,20251002_单01_ACT-8_翼云_J16_12#01__pilot_10033::context_end_0014,-1,0.9356537341314877,1,completed,2bc909a887dd4e4b016b68ac3e025b1b2c166ac31ae8d02c148e3e729ac2d073,inner_train_nested
leave_one_view_out__fold03,physiology_response_prediction,train,20251002_单01_ACT-8_翼云_J16_12#01__pilot_10033::context_end_0015,-1,0.9213100018852335,0,completed,2bc909a887dd4e4b016b68ac3e025b1b2c166ac31ae8d02c148e3e729ac2d073,inner_train_nested
leave_one_view_out__fold03,physiology_response_prediction,train,20251002_单01_ACT-8_翼云_J16_12#01__pilot_10033::context_end_0016,-1,0.909745949165334,0,completed,2bc909a887dd4e4b016b68ac3e025b1b2c166ac31ae8d02c148e3e729ac2d073,inner_train_nested
leave_one_view_out__fold03,physiology_response_prediction,train,20251002_单01_ACT-8_翼云_J16_12#01__pilot_10033::context_end_0017,-1,0.8937437651426695,0,completed,2bc909a887dd4e4b016b68ac3e025b1b2c166ac31ae8d02c148e3e729ac2d073,inner_train_nested
leave_one_view_out__fold03,physiology_response_prediction,train,20251002_单01_ACT-8_翼云_J16_12#01__pilot_10033::context_end_0018,-1,0.6002675051181521,0,completed,2bc909a887dd4e4b016b68ac3e025b1b2c166ac31ae8d02c148e3e729ac2d073,inner_train_nested
leave_one_view_out__fold03,physiology_response_prediction,train,20251002_单01_ACT-8_翼云_J16_12#01__pilot_10033::context_end_0019,-1,0.6364912064326392,0,completed,2bc909a887dd4e4b016b68ac3e025b1b2c166ac31ae8d02c148e3e729ac2d073,inner_train_nested
leave_one_view_out__fold03,physiology_response_prediction,train,20251002_单01_ACT-8_翼云_J16_12#01__pilot_10033::context_end_0020,-1,0.7365789098009167,0,completed,2bc909a887dd4e4b016b68ac3e025b1b2c166ac31ae8d02c148e3e729ac2d073,inner_train_nested
leave_one_view_out__fold03,physiology_response_prediction,train,20251002_单01_ACT-8_翼云_J16_12#01__pilot_10033::context_end_0021,-1,0.8637659842059452,0,completed,2bc909a887dd4e4b016b68ac3e025b1b2c166ac31ae8d02c148e3e729ac2d073,inner_train_nested
leave_one_view_out__fold03,physiology_response_prediction,train,20251002_单01_ACT-8_翼云_J16_12#01__pilot_10033::context_end_0022,-1,0.895802978621067,0,completed,2bc909a887dd4e4b016b68ac3e025b1b2c166ac31ae8d02c148e3e729ac2d073,inner_train_nested
leave_one_view_out__fold03,physiology_response_prediction,train,20251002_单01_ACT-8_翼云_J16_12#01__pilot_10033::context_end_0023,-1,0.6403162524874341,0,completed,2bc909a887dd4e4b016b68ac3e025b1b2c166ac31ae8d02c148e3e729ac2d073,inner_train_nested
leave_one_view_out__fold03,physiology_response_prediction,train,20251002_单01_ACT-8_翼云_J16_12#01__pilot_10035::context_end_0005,-1,0.9308819582569211,0,completed,2bc909a887dd4e4b016b68ac3e025b1b2c166ac31ae8d02c148e3e729ac2d073,inner_train_nested
leave_one_view_out__fold03,physiology_response_prediction,train,20251002_单01_ACT-8_翼云_J16_12#01__pilot_10035::context_end_0006,-1,3.3027253778367025,1,completed,2bc909a887dd4e4b016b68ac3e025b1b2c166ac31ae8d02c148e3e729ac2d073,inner_train_nested
leave_one_view_out__fold03,physiology_response_prediction,train,20251002_单01_ACT-8_翼云_J16_12#01__pilot_10035::context_end_0007,-1,0.9208825934606991,0,completed,2bc909a887dd4e4b016b68ac3e025b1b2c166ac31ae8d02c148e3e729ac2d073,inner_train_nested
leave_one_view_out__fold03,physiology_response_prediction,train,20251002_单01_ACT-8_翼云_J16_12#01__pilot_10035::context_end_0008,-1,1.4059319982338334,1,completed,2bc909a887dd4e4b016b68ac3e025b1b2c166ac31ae8d02c148e3e729ac2d073,inner_train_nested
leave_one_view_out__fold03,physiology_response_prediction,train,20251002_单01_ACT-8_翼云_J16_12#01__pilot_10035::context_end_0009,-1,0.49441718626025233,0,completed,2bc909a887dd4e4b016b68ac3e025b1b2c166ac31ae8d02c148e3e729ac2d073,inner_train_nested
leave_one_view_out__fold03,physiology_response_prediction,train,20251002_单01_ACT-8_翼云_J16_12#01__pilot_10035::context_end_0010,-1,1.2997320312379943,1,completed,2bc909a887dd4e4b016b68ac3e025b1b2c166ac31ae8d02c148e3e729ac2d073,inner_train_nested
leave_one_view_out__fold03,physiology_response_prediction,train,20251002_单01_ACT-8_翼云_J16_12#01__pilot_10035::context_end_0011,-1,0.3944545064848812,0,completed,2bc909a887dd4e4b016b68ac3e025b1b2c166ac31ae8d02c148e3e729ac2d073,inner_train_nested
leave_one_view_out__fold03,physiology_response_prediction,train,20251002_单01_ACT-8_翼云_J16_12#01__pilot_10035::context_end_0012,-1,0.6271196350281406,0,completed,2bc909a887dd4e4b016b68ac3e025b1b2c166ac31ae8d02c148e3e729ac2d073,inner_train_nested
leave_one_view_out__fold03,physiology_response_prediction,train,20251002_单01_ACT-8_翼云_J16_12#01__pilot_10035::context_end_0013,-1,1.1155433633632894,1,completed,2bc909a887dd4e4b016b68ac3e025b1b2c166ac31ae8d02c148e3e729ac2d073,inner_train_nested
leave_one_view_out__fold03,physiology_response_prediction,train,20251002_单01_ACT-8_翼云_J16_12#01__pilot_10035::context_end_0014,-1,0.9356537341314877,1,completed,2bc909a887dd4e4b016b68ac3e025b1b2c166ac31ae8d02c148e3e729ac2d073,inner_train_nested
leave_one_view_out__fold03,physiology_response_prediction,train,20251002_单01_ACT-8_翼云_J16_12#01__pilot_10035::context_end_0015,-1,0.9213100018852335,0,completed,2bc909a887dd4e4b016b68ac3e025b1b2c166ac31ae8d02c148e3e729ac2d073,inner_train_nested
leave_one_view_out__fold03,physiology_response_prediction,train,20251002_单01_ACT-8_翼云_J16_12#01__pilot_10035::context_end_0016,-1,0.909745949165334,0,completed,2bc909a887dd4e4b016b68ac3e025b1b2c166ac31ae8d02c148e3e729ac2d073,inner_train_nested
leave_one_view_out__fold03,physiology_response_prediction,train,20251002_单01_ACT-8_翼云_J16_12#01__pilot_10035::context_end_0017,-1,0.8937437651426695,0,completed,2bc909a887dd4e4b016b68ac3e025b1b2c166ac31ae8d02c148e3e729ac2d073,inner_train_nested
leave_one_view_out__fold03,physiology_response_prediction,train,20251002_单01_ACT-8_翼云_J16_12#01__pilot_10035::context_end_0018,-1,0.6002675051181521,0,completed,2bc909a887dd4e4b016b68ac3e025b1b2c166ac31ae8d02c148e3e729ac2d073,inner_train_nested
leave_one_view_out__fold03,physiology_response_prediction,train,20251002_单01_ACT-8_翼云_J16_12#01__pilot_10035::context_end_0019,-1,0.6364912064326392,0,completed,2bc909a887dd4e4b016b68ac3e025b1b2c166ac31ae8d02c148e3e729ac2d073,inner_train_nested
leave_one_view_out__fold03,physiology_response_prediction,train,20251002_单01_ACT-8_翼云_J16_12#01__pilot_10035::context_end_0020,-1,0.7365789098009167,0,completed,2bc909a887dd4e4b016b68ac3e025b1b2c166ac31ae8d02c148e3e729ac2d073,inner_train_nested
leave_one_view_out__fold03,physiology_response_prediction,train,20251002_单01_ACT-8_翼云_J16_12#01__pilot_10035::context_end_0021,-1,0.8637659842059452,0,completed,2bc909a887dd4e4b016b68ac3e025b1b2c166ac31ae8d02c148e3e729ac2d073,inner_train_nested
leave_one_view_out__fold03,physiology_response_prediction,train,20251002_单01_ACT-8_翼云_J16_12#01__pilot_10035::context_end_0022,-1,0.895802978621067,0,completed,2bc909a887dd4e4b016b68ac3e025b1b2c166ac31ae8d02c148e3e729ac2d073,inner_train_nested
leave_one_view_out__fold03,physiology_response_prediction,train,20251002_单01_ACT-8_翼云_J16_12#01__pilot_10035::context_end_0023,-1,0.6403162524874341,0,completed,2bc909a887dd4e4b016b68ac3e025b1b2c166ac31ae8d02c148e3e729ac2d073,inner_train_nested
leave_one_view_out__fold03,physiology_response_prediction,validation,20251002_单01_ACT-8_翼云_J16_12#01__pilot_10033::context_end_0029,-1,3.4982112269359713,1,completed,2bc909a887dd4e4b016b68ac3e025b1b2c166ac31ae8d02c148e3e729ac2d073,inner_train_nested
leave_one_view_out__fold03,physiology_response_prediction,validation,20251002_单01_ACT-8_翼云_J16_12#01__pilot_10033::context_end_0030,-1,0.5808748971875641,0,completed,2bc909a887dd4e4b016b68ac3e025b1b2c166ac31ae8d02c148e3e729ac2d073,inner_train_nested
leave_one_view_out__fold03,physiology_response_prediction,validation,20251002_单01_ACT-8_翼云_J16_12#01__pilot_10033::context_end_0031,-1,1.266586972161354,1,completed,2bc909a887dd4e4b016b68ac3e025b1b2c166ac31ae8d02c148e3e729ac2d073,inner_train_nested
leave_one_view_out__fold03,physiology_response_prediction,validation,20251002_单01_ACT-8_翼云_J16_12#01__pilot_10033::context_end_0032,-1,0.5341809298100102,0,completed,2bc909a887dd4e4b016b68ac3e025b1b2c166ac31ae8d02c148e3e729ac2d073,inner_train_nested
leave_one_view_out__fold03,physiology_response_prediction,validation,20251002_单01_ACT-8_翼云_J16_12#01__pilot_10033::context_end_0033,-1,1.504753540366558,1,completed,2bc909a887dd4e4b016b68ac3e025b1b2c166ac31ae8d02c148e3e729ac2d073,inner_train_nested
leave_one_view_out__fold03,physiology_response_prediction,validation,20251002_单01_ACT-8_翼云_J16_12#01__pilot_10033::context_end_0034,-1,1.2767094929997092,1,completed,2bc909a887dd4e4b016b68ac3e025b1b2c166ac31ae8d02c148e3e729ac2d073,inner_train_nested
leave_one_view_out__fold03,physiology_response_prediction,validation,20251002_单01_ACT-8_翼云_J16_12#01__pilot_10033::context_end_0035,-1,,-1,unavailable,2bc909a887dd4e4b016b68ac3e025b1b2c166ac31ae8d02c148e3e729ac2d073,inner_train_nested
leave_one_view_out__fold03,physiology_response_prediction,validation,20251002_单01_ACT-8_翼云_J16_12#01__pilot_10035::context_end_0029,-1,3.4982112269359713,1,completed,2bc909a887dd4e4b016b68ac3e025b1b2c166ac31ae8d02c148e3e729ac2d073,inner_train_nested
leave_one_view_out__fold03,physiology_response_prediction,validation,20251002_单01_ACT-8_翼云_J16_12#01__pilot_10035::context_end_0030,-1,0.5808748971875641,0,completed,2bc909a887dd4e4b016b68ac3e025b1b2c166ac31ae8d02c148e3e729ac2d073,inner_train_nested
leave_one_view_out__fold03,physiology_response_prediction,validation,20251002_单01_ACT-8_翼云_J16_12#01__pilot_10035::context_end_0031,-1,1.266586972161354,1,completed,2bc909a887dd4e4b016b68ac3e025b1b2c166ac31ae8d02c148e3e729ac2d073,inner_train_nested
leave_one_view_out__fold03,physiology_response_prediction,validation,20251002_单01_ACT-8_翼云_J16_12#01__pilot_10035::context_end_0032,-1,0.5341809298100102,0,completed,2bc909a887dd4e4b016b68ac3e025b1b2c166ac31ae8d02c148e3e729ac2d073,inner_train_nested
leave_one_view_out__fold03,physiology_response_prediction,validation,20251002_单01_ACT-8_翼云_J16_12#01__pilot_10035::context_end_0033,-1,1.504753540366558,1,completed,2bc909a887dd4e4b016b68ac3e025b1b2c166ac31ae8d02c148e3e729ac2d073,inner_train_nested
leave_one_view_out__fold03,physiology_response_prediction,validation,20251002_单01_ACT-8_翼云_J16_12#01__pilot_10035::context_end_0034,-1,1.2767094929997092,1,completed,2bc909a887dd4e4b016b68ac3e025b1b2c166ac31ae8d02c148e3e729ac2d073,inner_train_nested
leave_one_view_out__fold03,physiology_response_prediction,validation,20251002_单01_ACT-8_翼云_J16_12#01__pilot_10035::context_end_0035,-1,,-1,unavailable,2bc909a887dd4e4b016b68ac3e025b1b2c166ac31ae8d02c148e3e729ac2d073,inner_train_nested
leave_one_view_out__fold03,physiology_response_prediction,held_out,20251005_四01_ACT-4_云_J20_22#01__pilot_10033::context_end_0005,-1,3.260261848590907,1,completed,2bc909a887dd4e4b016b68ac3e025b1b2c166ac31ae8d02c148e3e729ac2d073,inner_train_nested
leave_one_view_out__fold03,physiology_response_prediction,held_out,20251005_四01_ACT-4_云_J20_22#01__pilot_10033::context_end_0006,-1,3.118265816685033,1,completed,2bc909a887dd4e4b016b68ac3e025b1b2c166ac31ae8d02c148e3e729ac2d073,inner_train_nested
leave_one_view_out__fold03,physiology_response_prediction,held_out,20251005_四01_ACT-4_云_J20_22#01__pilot_10033::context_end_0007,-1,0.6813071526742035,0,completed,2bc909a887dd4e4b016b68ac3e025b1b2c166ac31ae8d02c148e3e729ac2d073,inner_train_nested
leave_one_view_out__fold03,physiology_response_prediction,held_out,20251005_四01_ACT-4_云_J20_22#01__pilot_10033::context_end_0008,-1,3.3279805437634518,1,completed,2bc909a887dd4e4b016b68ac3e025b1b2c166ac31ae8d02c148e3e729ac2d073,inner_train_nested
leave_one_view_out__fold03,physiology_response_prediction,held_out,20251005_四01_ACT-4_云_J20_22#01__pilot_10033::context_end_0009,-1,0.5967688546826077,0,completed,2bc909a887dd4e4b016b68ac3e025b1b2c166ac31ae8d02c148e3e729ac2d073,inner_train_nested
leave_one_view_out__fold03,physiology_response_prediction,held_out,20251005_四01_ACT-4_云_J20_22#01__pilot_10033::context_end_0010,-1,2.1737307367516396,1,completed,2bc909a887dd4e4b016b68ac3e025b1b2c166ac31ae8d02c148e3e729ac2d073,inner_train_nested
leave_one_view_out__fold03,physiology_response_prediction,held_out,20251005_四01_ACT-4_云_J20_22#01__pilot_10033::context_end_0011,-1,1.9541880828538793,1,completed,2bc909a887dd4e4b016b68ac3e025b1b2c166ac31ae8d02c148e3e729ac2d073,inner_train_nested
leave_one_view_out__fold03,physiology_response_prediction,held_out,20251005_四01_ACT-4_云_J20_22#01__pilot_10033::context_end_0012,-1,0.6716363765633665,0,completed,2bc909a887dd4e4b016b68ac3e025b1b2c166ac31ae8d02c148e3e729ac2d073,inner_train_nested
leave_one_view_out__fold03,physiology_response_prediction,held_out,20251005_四01_ACT-4_云_J20_22#01__pilot_10033::context_end_0013,-1,1.0868871641931273,1,completed,2bc909a887dd4e4b016b68ac3e025b1b2c166ac31ae8d02c148e3e729ac2d073,inner_train_nested
leave_one_view_out__fold03,physiology_response_prediction,held_out,20251005_四01_ACT-4_云_J20_22#01__pilot_10033::context_end_0014,-1,1.14715387331278,1,completed,2bc909a887dd4e4b016b68ac3e025b1b2c166ac31ae8d02c148e3e729ac2d073,inner_train_nested
leave_one_view_out__fold03,physiology_response_prediction,held_out,20251005_四01_ACT-4_云_J20_22#01__pilot_10033::context_end_0015,-1,0.29493715198961384,0,completed,2bc909a887dd4e4b016b68ac3e025b1b2c166ac31ae8d02c148e3e729ac2d073,inner_train_nested
leave_one_view_out__fold03,physiology_response_prediction,held_out,20251005_四01_ACT-4_云_J20_22#01__pilot_10033::context_end_0016,-1,1.8533589930477206,1,completed,2bc909a887dd4e4b016b68ac3e025b1b2c166ac31ae8d02c148e3e729ac2d073,inner_train_nested
leave_one_view_out__fold03,physiology_response_prediction,held_out,20251005_四01_ACT-4_云_J20_22#01__pilot_10033::context_end_0017,-1,1.2956927203411184,1,completed,2bc909a887dd4e4b016b68ac3e025b1b2c166ac31ae8d02c148e3e729ac2d073,inner_train_nested
leave_one_view_out__fold03,physiology_response_prediction,held_out,20251005_四01_ACT-4_云_J20_22#01__pilot_10033::context_end_0018,-1,1.2774536628655795,1,completed,2bc909a887dd4e4b016b68ac3e025b1b2c166ac31ae8d02c148e3e729ac2d073,inner_train_nested
leave_one_view_out__fold03,physiology_response_prediction,held_out,20251005_四01_ACT-4_云_J20_22#01__pilot_10033::context_end_0019,-1,0.6826680514585481,0,completed,2bc909a887dd4e4b016b68ac3e025b1b2c166ac31ae8d02c148e3e729ac2d073,inner_train_nested
leave_one_view_out__fold03,physiology_response_prediction,held_out,20251005_四01_ACT-4_云_J20_22#01__pilot_10033::context_end_0020,-1,2.5958723932932184,1,completed,2bc909a887dd4e4b016b68ac3e025b1b2c166ac31ae8d02c148e3e729ac2d073,inner_train_nested
leave_one_view_out__fold03,physiology_response_prediction,held_out,20251005_四01_ACT-4_云_J20_22#01__pilot_10033::context_end_0021,-1,0.9575439749103719,1,completed,2bc909a887dd4e4b016b68ac3e025b1b2c166ac31ae8d02c148e3e729ac2d073,inner_train_nested
leave_one_view_out__fold03,physiology_response_prediction,held_out,20251005_四01_ACT-4_云_J20_22#01__pilot_10033::context_end_0022,-1,0.7142766362874563,0,completed,2bc909a887dd4e4b016b68ac3e025b1b2c166ac31ae8d02c148e3e729ac2d073,inner_train_nested
leave_one_view_out__fold03,physiology_response_prediction,held_out,20251005_四01_ACT-4_云_J20_22#01__pilot_10033::context_end_0023,-1,1.1614101562261645,1,completed,2bc909a887dd4e4b016b68ac3e025b1b2c166ac31ae8d02c148e3e729ac2d073,inner_train_nested
leave_one_view_out__fold03,physiology_response_prediction,held_out,20251005_四01_ACT-4_云_J20_22#01__pilot_10033::context_end_0024,-1,0.3733340996697201,0,completed,2bc909a887dd4e4b016b68ac3e025b1b2c166ac31ae8d02c148e3e729ac2d073,inner_train_nested
leave_one_view_out__fold03,physiology_response_prediction,held_out,20251005_四01_ACT-4_云_J20_22#01__pilot_10033::context_end_0025,-1,0.6117555223713759,0,completed,2bc909a887dd4e4b016b68ac3e025b1b2c166ac31ae8d02c148e3e729ac2d073,inner_train_nested
leave_one_view_out__fold03,physiology_response_prediction,held_out,20251005_四01_ACT-4_云_J20_22#01__pilot_10033::context_end_0026,-1,0.722863338691067,0,completed,2bc909a887dd4e4b016b68ac3e025b1b2c166ac31ae8d02c148e3e729ac2d073,inner_train_nested
leave_one_view_out__fold03,physiology_response_prediction,held_out,20251005_四01_ACT-4_云_J20_22#01__pilot_10033::context_end_0027,-1,0.3907453777809882,0,completed,2bc909a887dd4e4b016b68ac3e025b1b2c166ac31ae8d02c148e3e729ac2d073,inner_train_nested
leave_one_view_out__fold03,physiology_response_prediction,held_out,20251005_四01_ACT-4_云_J20_22#01__pilot_10033::context_end_0028,-1,1.8757350661683183,1,completed,2bc909a887dd4e4b016b68ac3e025b1b2c166ac31ae8d02c148e3e729ac2d073,inner_train_nested
leave_one_view_out__fold03,physiology_response_prediction,held_out,20251005_四01_ACT-4_云_J20_22#01__pilot_10033::context_end_0029,-1,1.9297934392084337,1,completed,2bc909a887dd4e4b016b68ac3e025b1b2c166ac31ae8d02c148e3e729ac2d073,inner_train_nested
leave_one_view_out__fold03,physiology_response_prediction,held_out,20251005_四01_ACT-4_云_J20_22#01__pilot_10033::context_end_0030,-1,1.0928515666010639,1,completed,2bc909a887dd4e4b016b68ac3e025b1b2c166ac31ae8d02c148e3e729ac2d073,inner_train_nested
leave_one_view_out__fold03,physiology_response_prediction,held_out,20251005_四01_ACT-4_云_J20_22#01__pilot_10033::context_end_0031,-1,1.6340325149034043,1,completed,2bc909a887dd4e4b016b68ac3e025b1b2c166ac31ae8d02c148e3e729ac2d073,inner_train_nested
leave_one_view_out__fold03,physiology_response_prediction,held_out,20251005_四01_ACT-4_云_J20_22#01__pilot_10033::context_end_0032,-1,0.9719050453392327,1,completed,2bc909a887dd4e4b016b68ac3e025b1b2c166ac31ae8d02c148e3e729ac2d073,inner_train_nested
leave_one_view_out__fold03,physiology_response_prediction,held_out,20251005_四01_ACT-4_云_J20_22#01__pilot_10033::context_end_0033,-1,1.8398778973283862,1,completed,2bc909a887dd4e4b016b68ac3e025b1b2c166ac31ae8d02c148e3e729ac2d073,inner_train_nested
leave_one_view_out__fold03,physiology_response_prediction,held_out,20251005_四01_ACT-4_云_J20_22#01__pilot_10033::context_end_0034,-1,1.8282870139348886,1,completed,2bc909a887dd4e4b016b68ac3e025b1b2c166ac31ae8d02c148e3e729ac2d073,inner_train_nested
leave_one_view_out__fold03,physiology_response_prediction,held_out,20251005_四01_ACT-4_云_J20_22#01__pilot_10033::context_end_0035,-1,,-1,unavailable,2bc909a887dd4e4b016b68ac3e025b1b2c166ac31ae8d02c148e3e729ac2d073,inner_train_nested
leave_one_sortie_out__fold01,maneuver_intensity_classification,train,20251005_四01_ACT-4_云_J20_22#01__pilot_10033::context_end_0005,0,,-1,completed,ce1c09269685f2de858cbb6711e5ac41db51f3910311fb546fe448825ac4986a,inner_train_nested
leave_one_sortie_out__fold01,maneuver_intensity_classification,train,20251005_四01_ACT-4_云_J20_22#01__pilot_10033::context_end_0006,0,,-1,completed,ce1c09269685f2de858cbb6711e5ac41db51f3910311fb546fe448825ac4986a,inner_train_nested
leave_one_sortie_out__fold01,maneuver_intensity_classification,train,20251005_四01_ACT-4_云_J20_22#01__pilot_10033::context_end_0007,0,,-1,completed,ce1c09269685f2de858cbb6711e5ac41db51f3910311fb546fe448825ac4986a,inner_train_nested
leave_one_sortie_out__fold01,maneuver_intensity_classification,train,20251005_四01_ACT-4_云_J20_22#01__pilot_10033::context_end_0008,0,,-1,completed,ce1c09269685f2de858cbb6711e5ac41db51f3910311fb546fe448825ac4986a,inner_train_nested
leave_one_sortie_out__fold01,maneuver_intensity_classification,train,20251005_四01_ACT-4_云_J20_22#01__pilot_10033::context_end_0009,2,,-1,completed,ce1c09269685f2de858cbb6711e5ac41db51f3910311fb546fe448825ac4986a,inner_train_nested
leave_one_sortie_out__fold01,maneuver_intensity_classification,train,20251005_四01_ACT-4_云_J20_22#01__pilot_10033::context_end_0010,1,,-1,completed,ce1c09269685f2de858cbb6711e5ac41db51f3910311fb546fe448825ac4986a,inner_train_nested
leave_one_sortie_out__fold01,maneuver_intensity_classification,train,20251005_四01_ACT-4_云_J20_22#01__pilot_10033::context_end_0011,0,,-1,completed,ce1c09269685f2de858cbb6711e5ac41db51f3910311fb546fe448825ac4986a,inner_train_nested
leave_one_sortie_out__fold01,maneuver_intensity_classification,train,20251005_四01_ACT-4_云_J20_22#01__pilot_10033::context_end_0012,0,,-1,completed,ce1c09269685f2de858cbb6711e5ac41db51f3910311fb546fe448825ac4986a,inner_train_nested
leave_one_sortie_out__fold01,maneuver_intensity_classification,train,20251005_四01_ACT-4_云_J20_22#01__pilot_10033::context_end_0013,0,,-1,completed,ce1c09269685f2de858cbb6711e5ac41db51f3910311fb546fe448825ac4986a,inner_train_nested
leave_one_sortie_out__fold01,maneuver_intensity_classification,train,20251005_四01_ACT-4_云_J20_22#01__pilot_10033::context_end_0014,1,,-1,completed,ce1c09269685f2de858cbb6711e5ac41db51f3910311fb546fe448825ac4986a,inner_train_nested
leave_one_sortie_out__fold01,maneuver_intensity_classification,train,20251005_四01_ACT-4_云_J20_22#01__pilot_10033::context_end_0015,1,,-1,completed,ce1c09269685f2de858cbb6711e5ac41db51f3910311fb546fe448825ac4986a,inner_train_nested
leave_one_sortie_out__fold01,maneuver_intensity_classification,train,20251005_四01_ACT-4_云_J20_22#01__pilot_10033::context_end_0016,1,,-1,completed,ce1c09269685f2de858cbb6711e5ac41db51f3910311fb546fe448825ac4986a,inner_train_nested
leave_one_sortie_out__fold01,maneuver_intensity_classification,train,20251005_四01_ACT-4_云_J20_22#01__pilot_10033::context_end_0017,2,,-1,completed,ce1c09269685f2de858cbb6711e5ac41db51f3910311fb546fe448825ac4986a,inner_train_nested
leave_one_sortie_out__fold01,maneuver_intensity_classification,train,20251005_四01_ACT-4_云_J20_22#01__pilot_10033::context_end_0018,2,,-1,completed,ce1c09269685f2de858cbb6711e5ac41db51f3910311fb546fe448825ac4986a,inner_train_nested
leave_one_sortie_out__fold01,maneuver_intensity_classification,train,20251005_四01_ACT-4_云_J20_22#01__pilot_10033::context_end_0019,1,,-1,completed,ce1c09269685f2de858cbb6711e5ac41db51f3910311fb546fe448825ac4986a,inner_train_nested
leave_one_sortie_out__fold01,maneuver_intensity_classification,train,20251005_四01_ACT-4_云_J20_22#01__pilot_10033::context_end_0020,2,,-1,completed,ce1c09269685f2de858cbb6711e5ac41db51f3910311fb546fe448825ac4986a,inner_train_nested
leave_one_sortie_out__fold01,maneuver_intensity_classification,train,20251005_四01_ACT-4_云_J20_22#01__pilot_10033::context_end_0021,2,,-1,completed,ce1c09269685f2de858cbb6711e5ac41db51f3910311fb546fe448825ac4986a,inner_train_nested
leave_one_sortie_out__fold01,maneuver_intensity_classification,train,20251005_四01_ACT-4_云_J20_22#01__pilot_10033::context_end_0022,2,,-1,completed,ce1c09269685f2de858cbb6711e5ac41db51f3910311fb546fe448825ac4986a,inner_train_nested
leave_one_sortie_out__fold01,maneuver_intensity_classification,train,20251005_四01_ACT-4_云_J20_22#01__pilot_10033::context_end_0023,1,,-1,completed,ce1c09269685f2de858cbb6711e5ac41db51f3910311fb546fe448825ac4986a,inner_train_nested
leave_one_sortie_out__fold01,maneuver_intensity_classification,validation,20251005_四01_ACT-4_云_J20_22#01__pilot_10033::context_end_0029,2,,-1,completed,ce1c09269685f2de858cbb6711e5ac41db51f3910311fb546fe448825ac4986a,inner_train_nested
leave_one_sortie_out__fold01,maneuver_intensity_classification,validation,20251005_四01_ACT-4_云_J20_22#01__pilot_10033::context_end_0030,2,,-1,completed,ce1c09269685f2de858cbb6711e5ac41db51f3910311fb546fe448825ac4986a,inner_train_nested
leave_one_sortie_out__fold01,maneuver_intensity_classification,validation,20251005_四01_ACT-4_云_J20_22#01__pilot_10033::context_end_0031,1,,-1,completed,ce1c09269685f2de858cbb6711e5ac41db51f3910311fb546fe448825ac4986a,inner_train_nested
leave_one_sortie_out__fold01,maneuver_intensity_classification,validation,20251005_四01_ACT-4_云_J20_22#01__pilot_10033::context_end_0032,1,,-1,completed,ce1c09269685f2de858cbb6711e5ac41db51f3910311fb546fe448825ac4986a,inner_train_nested
leave_one_sortie_out__fold01,maneuver_intensity_classification,validation,20251005_四01_ACT-4_云_J20_22#01__pilot_10033::context_end_0033,2,,-1,completed,ce1c09269685f2de858cbb6711e5ac41db51f3910311fb546fe448825ac4986a,inner_train_nested
leave_one_sortie_out__fold01,maneuver_intensity_classification,validation,20251005_四01_ACT-4_云_J20_22#01__pilot_10033::context_end_0034,1,,-1,completed,ce1c09269685f2de858cbb6711e5ac41db51f3910311fb546fe448825ac4986a,inner_train_nested
leave_one_sortie_out__fold01,maneuver_intensity_classification,validation,20251005_四01_ACT-4_云_J20_22#01__pilot_10033::context_end_0035,1,,-1,completed,ce1c09269685f2de858cbb6711e5ac41db51f3910311fb546fe448825ac4986a,inner_train_nested
leave_one_sortie_out__fold01,maneuver_intensity_classification,held_out,20251002_单01_ACT-8_翼云_J16_12#01__pilot_10033::context_end_0005,0,,-1,completed,ce1c09269685f2de858cbb6711e5ac41db51f3910311fb546fe448825ac4986a,inner_train_nested
leave_one_sortie_out__fold01,maneuver_intensity_classification,held_out,20251002_单01_ACT-8_翼云_J16_12#01__pilot_10033::context_end_0006,0,,-1,completed,ce1c09269685f2de858cbb6711e5ac41db51f3910311fb546fe448825ac4986a,inner_train_nested
leave_one_sortie_out__fold01,maneuver_intensity_classification,held_out,20251002_单01_ACT-8_翼云_J16_12#01__pilot_10033::context_end_0007,0,,-1,completed,ce1c09269685f2de858cbb6711e5ac41db51f3910311fb546fe448825ac4986a,inner_train_nested
leave_one_sortie_out__fold01,maneuver_intensity_classification,held_out,20251002_单01_ACT-8_翼云_J16_12#01__pilot_10033::context_end_0008,0,,-1,completed,ce1c09269685f2de858cbb6711e5ac41db51f3910311fb546fe448825ac4986a,inner_train_nested
leave_one_sortie_out__fold01,maneuver_intensity_classification,held_out,20251002_单01_ACT-8_翼云_J16_12#01__pilot_10033::context_end_0009,2,,-1,completed,ce1c09269685f2de858cbb6711e5ac41db51f3910311fb546fe448825ac4986a,inner_train_nested
leave_one_sortie_out__fold01,maneuver_intensity_classification,held_out,20251002_单01_ACT-8_翼云_J16_12#01__pilot_10033::context_end_0010,1,,-1,completed,ce1c09269685f2de858cbb6711e5ac41db51f3910311fb546fe448825ac4986a,inner_train_nested
leave_one_sortie_out__fold01,maneuver_intensity_classification,held_out,20251002_单01_ACT-8_翼云_J16_12#01__pilot_10033::context_end_0011,0,,-1,completed,ce1c09269685f2de858cbb6711e5ac41db51f3910311fb546fe448825ac4986a,inner_train_nested
leave_one_sortie_out__fold01,maneuver_intensity_classification,held_out,20251002_单01_ACT-8_翼云_J16_12#01__pilot_10033::context_end_0012,0,,-1,completed,ce1c09269685f2de858cbb6711e5ac41db51f3910311fb546fe448825ac4986a,inner_train_nested
leave_one_sortie_out__fold01,maneuver_intensity_classification,held_out,20251002_单01_ACT-8_翼云_J16_12#01__pilot_10033::context_end_0013,0,,-1,completed,ce1c09269685f2de858cbb6711e5ac41db51f3910311fb546fe448825ac4986a,inner_train_nested
leave_one_sortie_out__fold01,maneuver_intensity_classification,held_out,20251002_单01_ACT-8_翼云_J16_12#01__pilot_10033::context_end_0014,1,,-1,completed,ce1c09269685f2de858cbb6711e5ac41db51f3910311fb546fe448825ac4986a,inner_train_nested
leave_one_sortie_out__fold01,maneuver_intensity_classification,held_out,20251002_单01_ACT-8_翼云_J16_12#01__pilot_10033::context_end_0015,1,,-1,completed,ce1c09269685f2de858cbb6711e5ac41db51f3910311fb546fe448825ac4986a,inner_train_nested
leave_one_sortie_out__fold01,maneuver_intensity_classification,held_out,20251002_单01_ACT-8_翼云_J16_12#01__pilot_10033::context_end_0016,1,,-1,completed,ce1c09269685f2de858cbb6711e5ac41db51f3910311fb546fe448825ac4986a,inner_train_nested
leave_one_sortie_out__fold01,maneuver_intensity_classification,held_out,20251002_单01_ACT-8_翼云_J16_12#01__pilot_10033::context_end_0017,2,,-1,completed,ce1c09269685f2de858cbb6711e5ac41db51f3910311fb546fe448825ac4986a,inner_train_nested
leave_one_sortie_out__fold01,maneuver_intensity_classification,held_out,20251002_单01_ACT-8_翼云_J16_12#01__pilot_10033::context_end_0018,2,,-1,completed,ce1c09269685f2de858cbb6711e5ac41db51f3910311fb546fe448825ac4986a,inner_train_nested
leave_one_sortie_out__fold01,maneuver_intensity_classification,held_out,20251002_单01_ACT-8_翼云_J16_12#01__pilot_10033::context_end_0019,1,,-1,completed,ce1c09269685f2de858cbb6711e5ac41db51f3910311fb546fe448825ac4986a,inner_train_nested
leave_one_sortie_out__fold01,maneuver_intensity_classification,held_out,20251002_单01_ACT-8_翼云_J16_12#01__pilot_10033::context_end_0020,2,,-1,completed,ce1c09269685f2de858cbb6711e5ac41db51f3910311fb546fe448825ac4986a,inner_train_nested
leave_one_sortie_out__fold01,maneuver_intensity_classification,held_out,20251002_单01_ACT-8_翼云_J16_12#01__pilot_10033::context_end_0021,2,,-1,completed,ce1c09269685f2de858cbb6711e5ac41db51f3910311fb546fe448825ac4986a,inner_train_nested
leave_one_sortie_out__fold01,maneuver_intensity_classification,held_out,20251002_单01_ACT-8_翼云_J16_12#01__pilot_10033::context_end_0022,2,,-1,completed,ce1c09269685f2de858cbb6711e5ac41db51f3910311fb546fe448825ac4986a,inner_train_nested
leave_one_sortie_out__fold01,maneuver_intensity_classification,held_out,20251002_单01_ACT-8_翼云_J16_12#01__pilot_10033::context_end_0023,1,,-1,completed,ce1c09269685f2de858cbb6711e5ac41db51f3910311fb546fe448825ac4986a,inner_train_nested
leave_one_sortie_out__fold01,maneuver_intensity_classification,held_out,20251002_单01_ACT-8_翼云_J16_12#01__pilot_10033::context_end_0024,2,,-1,completed,ce1c09269685f2de858cbb6711e5ac41db51f3910311fb546fe448825ac4986a,inner_train_nested
leave_one_sortie_out__fold01,maneuver_intensity_classification,held_out,20251002_单01_ACT-8_翼云_J16_12#01__pilot_10033::context_end_0025,2,,-1,completed,ce1c09269685f2de858cbb6711e5ac41db51f3910311fb546fe448825ac4986a,inner_train_nested
leave_one_sortie_out__fold01,maneuver_intensity_classification,held_out,20251002_单01_ACT-8_翼云_J16_12#01__pilot_10033::context_end_0026,1,,-1,completed,ce1c09269685f2de858cbb6711e5ac41db51f3910311fb546fe448825ac4986a,inner_train_nested
leave_one_sortie_out__fold01,maneuver_intensity_classification,held_out,20251002_单01_ACT-8_翼云_J16_12#01__pilot_10033::context_end_0027,1,,-1,completed,ce1c09269685f2de858cbb6711e5ac41db51f3910311fb546fe448825ac4986a,inner_train_nested
leave_one_sortie_out__fold01,maneuver_intensity_classification,held_out,20251002_单01_ACT-8_翼云_J16_12#01__pilot_10033::context_end_0028,2,,-1,completed,ce1c09269685f2de858cbb6711e5ac41db51f3910311fb546fe448825ac4986a,inner_train_nested
leave_one_sortie_out__fold01,maneuver_intensity_classification,held_out,20251002_单01_ACT-8_翼云_J16_12#01__pilot_10033::context_end_0029,2,,-1,completed,ce1c09269685f2de858cbb6711e5ac41db51f3910311fb546fe448825ac4986a,inner_train_nested
leave_one_sortie_out__fold01,maneuver_intensity_classification,held_out,20251002_单01_ACT-8_翼云_J16_12#01__pilot_10033::context_end_0030,2,,-1,completed,ce1c09269685f2de858cbb6711e5ac41db51f3910311fb546fe448825ac4986a,inner_train_nested
leave_one_sortie_out__fold01,maneuver_intensity_classification,held_out,20251002_单01_ACT-8_翼云_J16_12#01__pilot_10033::context_end_0031,1,,-1,completed,ce1c09269685f2de858cbb6711e5ac41db51f3910311fb546fe448825ac4986a,inner_train_nested
leave_one_sortie_out__fold01,maneuver_intensity_classification,held_out,20251002_单01_ACT-8_翼云_J16_12#01__pilot_10033::context_end_0032,1,,-1,completed,ce1c09269685f2de858cbb6711e5ac41db51f3910311fb546fe448825ac4986a,inner_train_nested
leave_one_sortie_out__fold01,maneuver_intensity_classification,held_out,20251002_单01_ACT-8_翼云_J16_12#01__pilot_10033::context_end_0033,2,,-1,completed,ce1c09269685f2de858cbb6711e5ac41db51f3910311fb546fe448825ac4986a,inner_train_nested
leave_one_sortie_out__fold01,maneuver_intensity_classification,held_out,20251002_单01_ACT-8_翼云_J16_12#01__pilot_10033::context_end_0034,1,,-1,completed,ce1c09269685f2de858cbb6711e5ac41db51f3910311fb546fe448825ac4986a,inner_train_nested
leave_one_sortie_out__fold01,maneuver_intensity_classification,held_out,20251002_单01_ACT-8_翼云_J16_12#01__pilot_10033::context_end_0035,1,,-1,completed,ce1c09269685f2de858cbb6711e5ac41db51f3910311fb546fe448825ac4986a,inner_train_nested
leave_one_sortie_out__fold01,maneuver_intensity_classification,held_out,20251002_单01_ACT-8_翼云_J16_12#01__pilot_10035::context_end_0005,0,,-1,completed,ce1c09269685f2de858cbb6711e5ac41db51f3910311fb546fe448825ac4986a,inner_train_nested
leave_one_sortie_out__fold01,maneuver_intensity_classification,held_out,20251002_单01_ACT-8_翼云_J16_12#01__pilot_10035::context_end_0006,0,,-1,completed,ce1c09269685f2de858cbb6711e5ac41db51f3910311fb546fe448825ac4986a,inner_train_nested
leave_one_sortie_out__fold01,maneuver_intensity_classification,held_out,20251002_单01_ACT-8_翼云_J16_12#01__pilot_10035::context_end_0007,0,,-1,completed,ce1c09269685f2de858cbb6711e5ac41db51f3910311fb546fe448825ac4986a,inner_train_nested
leave_one_sortie_out__fold01,maneuver_intensity_classification,held_out,20251002_单01_ACT-8_翼云_J16_12#01__pilot_10035::context_end_0008,0,,-1,completed,ce1c09269685f2de858cbb6711e5ac41db51f3910311fb546fe448825ac4986a,inner_train_nested
leave_one_sortie_out__fold01,maneuver_intensity_classification,held_out,20251002_单01_ACT-8_翼云_J16_12#01__pilot_10035::context_end_0009,2,,-1,completed,ce1c09269685f2de858cbb6711e5ac41db51f3910311fb546fe448825ac4986a,inner_train_nested
leave_one_sortie_out__fold01,maneuver_intensity_classification,held_out,20251002_单01_ACT-8_翼云_J16_12#01__pilot_10035::context_end_0010,1,,-1,completed,ce1c09269685f2de858cbb6711e5ac41db51f3910311fb546fe448825ac4986a,inner_train_nested
leave_one_sortie_out__fold01,maneuver_intensity_classification,held_out,20251002_单01_ACT-8_翼云_J16_12#01__pilot_10035::context_end_0011,0,,-1,completed,ce1c09269685f2de858cbb6711e5ac41db51f3910311fb546fe448825ac4986a,inner_train_nested
leave_one_sortie_out__fold01,maneuver_intensity_classification,held_out,20251002_单01_ACT-8_翼云_J16_12#01__pilot_10035::context_end_0012,0,,-1,completed,ce1c09269685f2de858cbb6711e5ac41db51f3910311fb546fe448825ac4986a,inner_train_nested
leave_one_sortie_out__fold01,maneuver_intensity_classification,held_out,20251002_单01_ACT-8_翼云_J16_12#01__pilot_10035::context_end_0013,0,,-1,completed,ce1c09269685f2de858cbb6711e5ac41db51f3910311fb546fe448825ac4986a,inner_train_nested
leave_one_sortie_out__fold01,maneuver_intensity_classification,held_out,20251002_单01_ACT-8_翼云_J16_12#01__pilot_10035::context_end_0014,1,,-1,completed,ce1c09269685f2de858cbb6711e5ac41db51f3910311fb546fe448825ac4986a,inner_train_nested
leave_one_sortie_out__fold01,maneuver_intensity_classification,held_out,20251002_单01_ACT-8_翼云_J16_12#01__pilot_10035::context_end_0015,1,,-1,completed,ce1c09269685f2de858cbb6711e5ac41db51f3910311fb546fe448825ac4986a,inner_train_nested
leave_one_sortie_out__fold01,maneuver_intensity_classification,held_out,20251002_单01_ACT-8_翼云_J16_12#01__pilot_10035::context_end_0016,1,,-1,completed,ce1c09269685f2de858cbb6711e5ac41db51f3910311fb546fe448825ac4986a,inner_train_nested
leave_one_sortie_out__fold01,maneuver_intensity_classification,held_out,20251002_单01_ACT-8_翼云_J16_12#01__pilot_10035::context_end_0017,2,,-1,completed,ce1c09269685f2de858cbb6711e5ac41db51f3910311fb546fe448825ac4986a,inner_train_nested
leave_one_sortie_out__fold01,maneuver_intensity_classification,held_out,20251002_单01_ACT-8_翼云_J16_12#01__pilot_10035::context_end_0018,2,,-1,completed,ce1c09269685f2de858cbb6711e5ac41db51f3910311fb546fe448825ac4986a,inner_train_nested
leave_one_sortie_out__fold01,maneuver_intensity_classification,held_out,20251002_单01_ACT-8_翼云_J16_12#01__pilot_10035::context_end_0019,1,,-1,completed,ce1c09269685f2de858cbb6711e5ac41db51f3910311fb546fe448825ac4986a,inner_train_nested
leave_one_sortie_out__fold01,maneuver_intensity_classification,held_out,20251002_单01_ACT-8_翼云_J16_12#01__pilot_10035::context_end_0020,2,,-1,completed,ce1c09269685f2de858cbb6711e5ac41db51f3910311fb546fe448825ac4986a,inner_train_nested
leave_one_sortie_out__fold01,maneuver_intensity_classification,held_out,20251002_单01_ACT-8_翼云_J16_12#01__pilot_10035::context_end_0021,2,,-1,completed,ce1c09269685f2de858cbb6711e5ac41db51f3910311fb546fe448825ac4986a,inner_train_nested
leave_one_sortie_out__fold01,maneuver_intensity_classification,held_out,20251002_单01_ACT-8_翼云_J16_12#01__pilot_10035::context_end_0022,2,,-1,completed,ce1c09269685f2de858cbb6711e5ac41db51f3910311fb546fe448825ac4986a,inner_train_nested
leave_one_sortie_out__fold01,maneuver_intensity_classification,held_out,20251002_单01_ACT-8_翼云_J16_12#01__pilot_10035::context_end_0023,1,,-1,completed,ce1c09269685f2de858cbb6711e5ac41db51f3910311fb546fe448825ac4986a,inner_train_nested
leave_one_sortie_out__fold01,maneuver_intensity_classification,held_out,20251002_单01_ACT-8_翼云_J16_12#01__pilot_10035::context_end_0024,2,,-1,completed,ce1c09269685f2de858cbb6711e5ac41db51f3910311fb546fe448825ac4986a,inner_train_nested
leave_one_sortie_out__fold01,maneuver_intensity_classification,held_out,20251002_单01_ACT-8_翼云_J16_12#01__pilot_10035::context_end_0025,2,,-1,completed,ce1c09269685f2de858cbb6711e5ac41db51f3910311fb546fe448825ac4986a,inner_train_nested
leave_one_sortie_out__fold01,maneuver_intensity_classification,held_out,20251002_单01_ACT-8_翼云_J16_12#01__pilot_10035::context_end_0026,1,,-1,completed,ce1c09269685f2de858cbb6711e5ac41db51f3910311fb546fe448825ac4986a,inner_train_nested
leave_one_sortie_out__fold01,maneuver_intensity_classification,held_out,20251002_单01_ACT-8_翼云_J16_12#01__pilot_10035::context_end_0027,1,,-1,completed,ce1c09269685f2de858cbb6711e5ac41db51f3910311fb546fe448825ac4986a,inner_train_nested
leave_one_sortie_out__fold01,maneuver_intensity_classification,held_out,20251002_单01_ACT-8_翼云_J16_12#01__pilot_10035::context_end_0028,2,,-1,completed,ce1c09269685f2de858cbb6711e5ac41db51f3910311fb546fe448825ac4986a,inner_train_nested
leave_one_sortie_out__fold01,maneuver_intensity_classification,held_out,20251002_单01_ACT-8_翼云_J16_12#01__pilot_10035::context_end_0029,2,,-1,completed,ce1c09269685f2de858cbb6711e5ac41db51f3910311fb546fe448825ac4986a,inner_train_nested
leave_one_sortie_out__fold01,maneuver_intensity_classification,held_out,20251002_单01_ACT-8_翼云_J16_12#01__pilot_10035::context_end_0030,2,,-1,completed,ce1c09269685f2de858cbb6711e5ac41db51f3910311fb546fe448825ac4986a,inner_train_nested
leave_one_sortie_out__fold01,maneuver_intensity_classification,held_out,20251002_单01_ACT-8_翼云_J16_12#01__pilot_10035::context_end_0031,1,,-1,completed,ce1c09269685f2de858cbb6711e5ac41db51f3910311fb546fe448825ac4986a,inner_train_nested
leave_one_sortie_out__fold01,maneuver_intensity_classification,held_out,20251002_单01_ACT-8_翼云_J16_12#01__pilot_10035::context_end_0032,1,,-1,completed,ce1c09269685f2de858cbb6711e5ac41db51f3910311fb546fe448825ac4986a,inner_train_nested
leave_one_sortie_out__fold01,maneuver_intensity_classification,held_out,20251002_单01_ACT-8_翼云_J16_12#01__pilot_10035::context_end_0033,2,,-1,completed,ce1c09269685f2de858cbb6711e5ac41db51f3910311fb546fe448825ac4986a,inner_train_nested
leave_one_sortie_out__fold01,maneuver_intensity_classification,held_out,20251002_单01_ACT-8_翼云_J16_12#01__pilot_10035::context_end_0034,1,,-1,completed,ce1c09269685f2de858cbb6711e5ac41db51f3910311fb546fe448825ac4986a,inner_train_nested
leave_one_sortie_out__fold01,maneuver_intensity_classification,held_out,20251002_单01_ACT-8_翼云_J16_12#01__pilot_10035::context_end_0035,1,,-1,completed,ce1c09269685f2de858cbb6711e5ac41db51f3910311fb546fe448825ac4986a,inner_train_nested
leave_one_sortie_out__fold01,physiology_response_prediction,train,20251005_四01_ACT-4_云_J20_22#01__pilot_10033::context_end_0005,-1,1.9553727603223023,1,completed,ce1c09269685f2de858cbb6711e5ac41db51f3910311fb546fe448825ac4986a,inner_train_nested
leave_one_sortie_out__fold01,physiology_response_prediction,train,20251005_四01_ACT-4_云_J20_22#01__pilot_10033::context_end_0006,-1,2.015057826990697,1,completed,ce1c09269685f2de858cbb6711e5ac41db51f3910311fb546fe448825ac4986a,inner_train_nested
leave_one_sortie_out__fold01,physiology_response_prediction,train,20251005_四01_ACT-4_云_J20_22#01__pilot_10033::context_end_0007,-1,0.659828287773687,0,completed,ce1c09269685f2de858cbb6711e5ac41db51f3910311fb546fe448825ac4986a,inner_train_nested
leave_one_sortie_out__fold01,physiology_response_prediction,train,20251005_四01_ACT-4_云_J20_22#01__pilot_10033::context_end_0008,-1,1.9723745603207294,1,completed,ce1c09269685f2de858cbb6711e5ac41db51f3910311fb546fe448825ac4986a,inner_train_nested
leave_one_sortie_out__fold01,physiology_response_prediction,train,20251005_四01_ACT-4_云_J20_22#01__pilot_10033::context_end_0009,-1,0.4844176877875079,0,completed,ce1c09269685f2de858cbb6711e5ac41db51f3910311fb546fe448825ac4986a,inner_train_nested
leave_one_sortie_out__fold01,physiology_response_prediction,train,20251005_四01_ACT-4_云_J20_22#01__pilot_10033::context_end_0010,-1,1.3178021571801504,1,completed,ce1c09269685f2de858cbb6711e5ac41db51f3910311fb546fe448825ac4986a,inner_train_nested
leave_one_sortie_out__fold01,physiology_response_prediction,train,20251005_四01_ACT-4_云_J20_22#01__pilot_10033::context_end_0011,-1,1.1639548537824846,0,completed,ce1c09269685f2de858cbb6711e5ac41db51f3910311fb546fe448825ac4986a,inner_train_nested
leave_one_sortie_out__fold01,physiology_response_prediction,train,20251005_四01_ACT-4_云_J20_22#01__pilot_10033::context_end_0012,-1,0.4682971111523226,0,completed,ce1c09269685f2de858cbb6711e5ac41db51f3910311fb546fe448825ac4986a,inner_train_nested
leave_one_sortie_out__fold01,physiology_response_prediction,train,20251005_四01_ACT-4_云_J20_22#01__pilot_10033::context_end_0013,-1,0.7087649232610099,0,completed,ce1c09269685f2de858cbb6711e5ac41db51f3910311fb546fe448825ac4986a,inner_train_nested
leave_one_sortie_out__fold01,physiology_response_prediction,train,20251005_四01_ACT-4_云_J20_22#01__pilot_10033::context_end_0014,-1,0.7061589774419615,0,completed,ce1c09269685f2de858cbb6711e5ac41db51f3910311fb546fe448825ac4986a,inner_train_nested
leave_one_sortie_out__fold01,physiology_response_prediction,train,20251005_四01_ACT-4_云_J20_22#01__pilot_10033::context_end_0015,-1,0.24414047726847846,0,completed,ce1c09269685f2de858cbb6711e5ac41db51f3910311fb546fe448825ac4986a,inner_train_nested
leave_one_sortie_out__fold01,physiology_response_prediction,train,20251005_四01_ACT-4_云_J20_22#01__pilot_10033::context_end_0016,-1,1.1411589249551952,0,completed,ce1c09269685f2de858cbb6711e5ac41db51f3910311fb546fe448825ac4986a,inner_train_nested
leave_one_sortie_out__fold01,physiology_response_prediction,train,20251005_四01_ACT-4_云_J20_22#01__pilot_10033::context_end_0017,-1,0.7931971809565832,0,completed,ce1c09269685f2de858cbb6711e5ac41db51f3910311fb546fe448825ac4986a,inner_train_nested
leave_one_sortie_out__fold01,physiology_response_prediction,train,20251005_四01_ACT-4_云_J20_22#01__pilot_10033::context_end_0018,-1,0.7367068538706877,0,completed,ce1c09269685f2de858cbb6711e5ac41db51f3910311fb546fe448825ac4986a,inner_train_nested
leave_one_sortie_out__fold01,physiology_response_prediction,train,20251005_四01_ACT-4_云_J20_22#01__pilot_10033::context_end_0019,-1,0.3839681618276302,0,completed,ce1c09269685f2de858cbb6711e5ac41db51f3910311fb546fe448825ac4986a,inner_train_nested
leave_one_sortie_out__fold01,physiology_response_prediction,train,20251005_四01_ACT-4_云_J20_22#01__pilot_10033::context_end_0020,-1,1.5060903345879915,1,completed,ce1c09269685f2de858cbb6711e5ac41db51f3910311fb546fe448825ac4986a,inner_train_nested
leave_one_sortie_out__fold01,physiology_response_prediction,train,20251005_四01_ACT-4_云_J20_22#01__pilot_10033::context_end_0021,-1,0.6000639523617609,0,completed,ce1c09269685f2de858cbb6711e5ac41db51f3910311fb546fe448825ac4986a,inner_train_nested
leave_one_sortie_out__fold01,physiology_response_prediction,train,20251005_四01_ACT-4_云_J20_22#01__pilot_10033::context_end_0022,-1,0.47607267644675083,0,completed,ce1c09269685f2de858cbb6711e5ac41db51f3910311fb546fe448825ac4986a,inner_train_nested
leave_one_sortie_out__fold01,physiology_response_prediction,train,20251005_四01_ACT-4_云_J20_22#01__pilot_10033::context_end_0023,-1,0.822570562401126,0,completed,ce1c09269685f2de858cbb6711e5ac41db51f3910311fb546fe448825ac4986a,inner_train_nested
leave_one_sortie_out__fold01,physiology_response_prediction,validation,20251005_四01_ACT-4_云_J20_22#01__pilot_10033::context_end_0029,-1,1.1000087565829593,0,completed,ce1c09269685f2de858cbb6711e5ac41db51f3910311fb546fe448825ac4986a,inner_train_nested
leave_one_sortie_out__fold01,physiology_response_prediction,validation,20251005_四01_ACT-4_云_J20_22#01__pilot_10033::context_end_0030,-1,0.6986517616459572,0,completed,ce1c09269685f2de858cbb6711e5ac41db51f3910311fb546fe448825ac4986a,inner_train_nested
leave_one_sortie_out__fold01,physiology_response_prediction,validation,20251005_四01_ACT-4_云_J20_22#01__pilot_10033::context_end_0031,-1,1.0466391394829901,0,completed,ce1c09269685f2de858cbb6711e5ac41db51f3910311fb546fe448825ac4986a,inner_train_nested
leave_one_sortie_out__fold01,physiology_response_prediction,validation,20251005_四01_ACT-4_云_J20_22#01__pilot_10033::context_end_0032,-1,0.6023505478849973,0,completed,ce1c09269685f2de858cbb6711e5ac41db51f3910311fb546fe448825ac4986a,inner_train_nested
leave_one_sortie_out__fold01,physiology_response_prediction,validation,20251005_四01_ACT-4_云_J20_22#01__pilot_10033::context_end_0033,-1,1.0116583184703845,0,completed,ce1c09269685f2de858cbb6711e5ac41db51f3910311fb546fe448825ac4986a,inner_train_nested
leave_one_sortie_out__fold01,physiology_response_prediction,validation,20251005_四01_ACT-4_云_J20_22#01__pilot_10033::context_end_0034,-1,1.1045235896610124,0,completed,ce1c09269685f2de858cbb6711e5ac41db51f3910311fb546fe448825ac4986a,inner_train_nested
leave_one_sortie_out__fold01,physiology_response_prediction,validation,20251005_四01_ACT-4_云_J20_22#01__pilot_10033::context_end_0035,-1,,-1,unavailable,ce1c09269685f2de858cbb6711e5ac41db51f3910311fb546fe448825ac4986a,inner_train_nested
leave_one_sortie_out__fold01,physiology_response_prediction,held_out,20251002_单01_ACT-8_翼云_J16_12#01__pilot_10033::context_end_0005,-1,0.6129083039347228,0,completed,ce1c09269685f2de858cbb6711e5ac41db51f3910311fb546fe448825ac4986a,inner_train_nested
leave_one_sortie_out__fold01,physiology_response_prediction,held_out,20251002_单01_ACT-8_翼云_J16_12#01__pilot_10033::context_end_0006,-1,1.724091532449462,1,completed,ce1c09269685f2de858cbb6711e5ac41db51f3910311fb546fe448825ac4986a,inner_train_nested
leave_one_sortie_out__fold01,physiology_response_prediction,held_out,20251002_单01_ACT-8_翼云_J16_12#01__pilot_10033::context_end_0007,-1,0.5020075349121489,0,completed,ce1c09269685f2de858cbb6711e5ac41db51f3910311fb546fe448825ac4986a,inner_train_nested
leave_one_sortie_out__fold01,physiology_response_prediction,held_out,20251002_单01_ACT-8_翼云_J16_12#01__pilot_10033::context_end_0008,-1,0.8180728034746068,0,completed,ce1c09269685f2de858cbb6711e5ac41db51f3910311fb546fe448825ac4986a,inner_train_nested
leave_one_sortie_out__fold01,physiology_response_prediction,held_out,20251002_单01_ACT-8_翼云_J16_12#01__pilot_10033::context_end_0009,-1,0.3495427105111839,0,completed,ce1c09269685f2de858cbb6711e5ac41db51f3910311fb546fe448825ac4986a,inner_train_nested
leave_one_sortie_out__fold01,physiology_response_prediction,held_out,20251002_单01_ACT-8_翼云_J16_12#01__pilot_10033::context_end_0010,-1,0.6509477487156144,0,completed,ce1c09269685f2de858cbb6711e5ac41db51f3910311fb546fe448825ac4986a,inner_train_nested
leave_one_sortie_out__fold01,physiology_response_prediction,held_out,20251002_单01_ACT-8_翼云_J16_12#01__pilot_10033::context_end_0011,-1,0.27982063916009065,0,completed,ce1c09269685f2de858cbb6711e5ac41db51f3910311fb546fe448825ac4986a,inner_train_nested
leave_one_sortie_out__fold01,physiology_response_prediction,held_out,20251002_单01_ACT-8_翼云_J16_12#01__pilot_10033::context_end_0012,-1,0.48427085841174966,0,completed,ce1c09269685f2de858cbb6711e5ac41db51f3910311fb546fe448825ac4986a,inner_train_nested
leave_one_sortie_out__fold01,physiology_response_prediction,held_out,20251002_单01_ACT-8_翼云_J16_12#01__pilot_10033::context_end_0013,-1,0.6877163192524071,0,completed,ce1c09269685f2de858cbb6711e5ac41db51f3910311fb546fe448825ac4986a,inner_train_nested
leave_one_sortie_out__fold01,physiology_response_prediction,held_out,20251002_单01_ACT-8_翼云_J16_12#01__pilot_10033::context_end_0014,-1,0.6476126545493885,0,completed,ce1c09269685f2de858cbb6711e5ac41db51f3910311fb546fe448825ac4986a,inner_train_nested
leave_one_sortie_out__fold01,physiology_response_prediction,held_out,20251002_单01_ACT-8_翼云_J16_12#01__pilot_10033::context_end_0015,-1,0.5202420843208505,0,completed,ce1c09269685f2de858cbb6711e5ac41db51f3910311fb546fe448825ac4986a,inner_train_nested
leave_one_sortie_out__fold01,physiology_response_prediction,held_out,20251002_单01_ACT-8_翼云_J16_12#01__pilot_10033::context_end_0016,-1,0.5944436098598419,0,completed,ce1c09269685f2de858cbb6711e5ac41db51f3910311fb546fe448825ac4986a,inner_train_nested
leave_one_sortie_out__fold01,physiology_response_prediction,held_out,20251002_单01_ACT-8_翼云_J16_12#01__pilot_10033::context_end_0017,-1,0.545031721072105,0,completed,ce1c09269685f2de858cbb6711e5ac41db51f3910311fb546fe448825ac4986a,inner_train_nested
leave_one_sortie_out__fold01,physiology_response_prediction,held_out,20251002_单01_ACT-8_翼云_J16_12#01__pilot_10033::context_end_0018,-1,0.38869849609568297,0,completed,ce1c09269685f2de858cbb6711e5ac41db51f3910311fb546fe448825ac4986a,inner_train_nested
leave_one_sortie_out__fold01,physiology_response_prediction,held_out,20251002_单01_ACT-8_翼云_J16_12#01__pilot_10033::context_end_0019,-1,0.37470735216131024,0,completed,ce1c09269685f2de858cbb6711e5ac41db51f3910311fb546fe448825ac4986a,inner_train_nested
leave_one_sortie_out__fold01,physiology_response_prediction,held_out,20251002_单01_ACT-8_翼云_J16_12#01__pilot_10033::context_end_0020,-1,0.45006038167884893,0,completed,ce1c09269685f2de858cbb6711e5ac41db51f3910311fb546fe448825ac4986a,inner_train_nested
leave_one_sortie_out__fold01,physiology_response_prediction,held_out,20251002_单01_ACT-8_翼云_J16_12#01__pilot_10033::context_end_0021,-1,0.4654798349114224,0,completed,ce1c09269685f2de858cbb6711e5ac41db51f3910311fb546fe448825ac4986a,inner_train_nested
leave_one_sortie_out__fold01,physiology_response_prediction,held_out,20251002_单01_ACT-8_翼云_J16_12#01__pilot_10033::context_end_0022,-1,0.497973686584217,0,completed,ce1c09269685f2de858cbb6711e5ac41db51f3910311fb546fe448825ac4986a,inner_train_nested
leave_one_sortie_out__fold01,physiology_response_prediction,held_out,20251002_单01_ACT-8_翼云_J16_12#01__pilot_10033::context_end_0023,-1,0.516078776498539,0,completed,ce1c09269685f2de858cbb6711e5ac41db51f3910311fb546fe448825ac4986a,inner_train_nested
leave_one_sortie_out__fold01,physiology_response_prediction,held_out,20251002_单01_ACT-8_翼云_J16_12#01__pilot_10033::context_end_0024,-1,0.5748021821222667,0,completed,ce1c09269685f2de858cbb6711e5ac41db51f3910311fb546fe448825ac4986a,inner_train_nested
leave_one_sortie_out__fold01,physiology_response_prediction,held_out,20251002_单01_ACT-8_翼云_J16_12#01__pilot_10033::context_end_0025,-1,1.4774804654026295,1,completed,ce1c09269685f2de858cbb6711e5ac41db51f3910311fb546fe448825ac4986a,inner_train_nested
leave_one_sortie_out__fold01,physiology_response_prediction,held_out,20251002_单01_ACT-8_翼云_J16_12#01__pilot_10033::context_end_0026,-1,0.3593312091457575,0,completed,ce1c09269685f2de858cbb6711e5ac41db51f3910311fb546fe448825ac4986a,inner_train_nested
leave_one_sortie_out__fold01,physiology_response_prediction,held_out,20251002_单01_ACT-8_翼云_J16_12#01__pilot_10033::context_end_0027,-1,1.3398405122907981,1,completed,ce1c09269685f2de858cbb6711e5ac41db51f3910311fb546fe448825ac4986a,inner_train_nested
leave_one_sortie_out__fold01,physiology_response_prediction,held_out,20251002_单01_ACT-8_翼云_J16_12#01__pilot_10033::context_end_0028,-1,1.1745337886763798,0,completed,ce1c09269685f2de858cbb6711e5ac41db51f3910311fb546fe448825ac4986a,inner_train_nested
leave_one_sortie_out__fold01,physiology_response_prediction,held_out,20251002_单01_ACT-8_翼云_J16_12#01__pilot_10033::context_end_0029,-1,1.9533365123756983,1,completed,ce1c09269685f2de858cbb6711e5ac41db51f3910311fb546fe448825ac4986a,inner_train_nested
leave_one_sortie_out__fold01,physiology_response_prediction,held_out,20251002_单01_ACT-8_翼云_J16_12#01__pilot_10033::context_end_0030,-1,0.39381345619722546,0,completed,ce1c09269685f2de858cbb6711e5ac41db51f3910311fb546fe448825ac4986a,inner_train_nested
leave_one_sortie_out__fold01,physiology_response_prediction,held_out,20251002_单01_ACT-8_翼云_J16_12#01__pilot_10033::context_end_0031,-1,0.6831558216853474,0,completed,ce1c09269685f2de858cbb6711e5ac41db51f3910311fb546fe448825ac4986a,inner_train_nested
leave_one_sortie_out__fold01,physiology_response_prediction,held_out,20251002_单01_ACT-8_翼云_J16_12#01__pilot_10033::context_end_0032,-1,0.38935403575264704,0,completed,ce1c09269685f2de858cbb6711e5ac41db51f3910311fb546fe448825ac4986a,inner_train_nested
leave_one_sortie_out__fold01,physiology_response_prediction,held_out,20251002_单01_ACT-8_翼云_J16_12#01__pilot_10033::context_end_0033,-1,0.8667045600862445,0,completed,ce1c09269685f2de858cbb6711e5ac41db51f3910311fb546fe448825ac4986a,inner_train_nested
leave_one_sortie_out__fold01,physiology_response_prediction,held_out,20251002_单01_ACT-8_翼云_J16_12#01__pilot_10033::context_end_0034,-1,0.853446067588437,0,completed,ce1c09269685f2de858cbb6711e5ac41db51f3910311fb546fe448825ac4986a,inner_train_nested
leave_one_sortie_out__fold01,physiology_response_prediction,held_out,20251002_单01_ACT-8_翼云_J16_12#01__pilot_10033::context_end_0035,-1,,-1,unavailable,ce1c09269685f2de858cbb6711e5ac41db51f3910311fb546fe448825ac4986a,inner_train_nested
leave_one_sortie_out__fold01,physiology_response_prediction,held_out,20251002_单01_ACT-8_翼云_J16_12#01__pilot_10035::context_end_0005,-1,0.6129083039347228,0,completed,ce1c09269685f2de858cbb6711e5ac41db51f3910311fb546fe448825ac4986a,inner_train_nested
leave_one_sortie_out__fold01,physiology_response_prediction,held_out,20251002_单01_ACT-8_翼云_J16_12#01__pilot_10035::context_end_0006,-1,1.724091532449462,1,completed,ce1c09269685f2de858cbb6711e5ac41db51f3910311fb546fe448825ac4986a,inner_train_nested
leave_one_sortie_out__fold01,physiology_response_prediction,held_out,20251002_单01_ACT-8_翼云_J16_12#01__pilot_10035::context_end_0007,-1,0.5020075349121489,0,completed,ce1c09269685f2de858cbb6711e5ac41db51f3910311fb546fe448825ac4986a,inner_train_nested
leave_one_sortie_out__fold01,physiology_response_prediction,held_out,20251002_单01_ACT-8_翼云_J16_12#01__pilot_10035::context_end_0008,-1,0.8180728034746068,0,completed,ce1c09269685f2de858cbb6711e5ac41db51f3910311fb546fe448825ac4986a,inner_train_nested
leave_one_sortie_out__fold01,physiology_response_prediction,held_out,20251002_单01_ACT-8_翼云_J16_12#01__pilot_10035::context_end_0009,-1,0.3495427105111839,0,completed,ce1c09269685f2de858cbb6711e5ac41db51f3910311fb546fe448825ac4986a,inner_train_nested
leave_one_sortie_out__fold01,physiology_response_prediction,held_out,20251002_单01_ACT-8_翼云_J16_12#01__pilot_10035::context_end_0010,-1,0.6509477487156144,0,completed,ce1c09269685f2de858cbb6711e5ac41db51f3910311fb546fe448825ac4986a,inner_train_nested
leave_one_sortie_out__fold01,physiology_response_prediction,held_out,20251002_单01_ACT-8_翼云_J16_12#01__pilot_10035::context_end_0011,-1,0.27982063916009065,0,completed,ce1c09269685f2de858cbb6711e5ac41db51f3910311fb546fe448825ac4986a,inner_train_nested
leave_one_sortie_out__fold01,physiology_response_prediction,held_out,20251002_单01_ACT-8_翼云_J16_12#01__pilot_10035::context_end_0012,-1,0.48427085841174966,0,completed,ce1c09269685f2de858cbb6711e5ac41db51f3910311fb546fe448825ac4986a,inner_train_nested
leave_one_sortie_out__fold01,physiology_response_prediction,held_out,20251002_单01_ACT-8_翼云_J16_12#01__pilot_10035::context_end_0013,-1,0.6877163192524071,0,completed,ce1c09269685f2de858cbb6711e5ac41db51f3910311fb546fe448825ac4986a,inner_train_nested
leave_one_sortie_out__fold01,physiology_response_prediction,held_out,20251002_单01_ACT-8_翼云_J16_12#01__pilot_10035::context_end_0014,-1,0.6476126545493885,0,completed,ce1c09269685f2de858cbb6711e5ac41db51f3910311fb546fe448825ac4986a,inner_train_nested
leave_one_sortie_out__fold01,physiology_response_prediction,held_out,20251002_单01_ACT-8_翼云_J16_12#01__pilot_10035::context_end_0015,-1,0.5202420843208505,0,completed,ce1c09269685f2de858cbb6711e5ac41db51f3910311fb546fe448825ac4986a,inner_train_nested
leave_one_sortie_out__fold01,physiology_response_prediction,held_out,20251002_单01_ACT-8_翼云_J16_12#01__pilot_10035::context_end_0016,-1,0.5944436098598419,0,completed,ce1c09269685f2de858cbb6711e5ac41db51f3910311fb546fe448825ac4986a,inner_train_nested
leave_one_sortie_out__fold01,physiology_response_prediction,held_out,20251002_单01_ACT-8_翼云_J16_12#01__pilot_10035::context_end_0017,-1,0.545031721072105,0,completed,ce1c09269685f2de858cbb6711e5ac41db51f3910311fb546fe448825ac4986a,inner_train_nested
leave_one_sortie_out__fold01,physiology_response_prediction,held_out,20251002_单01_ACT-8_翼云_J16_12#01__pilot_10035::context_end_0018,-1,0.38869849609568297,0,completed,ce1c09269685f2de858cbb6711e5ac41db51f3910311fb546fe448825ac4986a,inner_train_nested
leave_one_sortie_out__fold01,physiology_response_prediction,held_out,20251002_单01_ACT-8_翼云_J16_12#01__pilot_10035::context_end_0019,-1,0.37470735216131024,0,completed,ce1c09269685f2de858cbb6711e5ac41db51f3910311fb546fe448825ac4986a,inner_train_nested
leave_one_sortie_out__fold01,physiology_response_prediction,held_out,20251002_单01_ACT-8_翼云_J16_12#01__pilot_10035::context_end_0020,-1,0.45006038167884893,0,completed,ce1c09269685f2de858cbb6711e5ac41db51f3910311fb546fe448825ac4986a,inner_train_nested
leave_one_sortie_out__fold01,physiology_response_prediction,held_out,20251002_单01_ACT-8_翼云_J16_12#01__pilot_10035::context_end_0021,-1,0.4654798349114224,0,completed,ce1c09269685f2de858cbb6711e5ac41db51f3910311fb546fe448825ac4986a,inner_train_nested
leave_one_sortie_out__fold01,physiology_response_prediction,held_out,20251002_单01_ACT-8_翼云_J16_12#01__pilot_10035::context_end_0022,-1,0.497973686584217,0,completed,ce1c09269685f2de858cbb6711e5ac41db51f3910311fb546fe448825ac4986a,inner_train_nested
leave_one_sortie_out__fold01,physiology_response_prediction,held_out,20251002_单01_ACT-8_翼云_J16_12#01__pilot_10035::context_end_0023,-1,0.516078776498539,0,completed,ce1c09269685f2de858cbb6711e5ac41db51f3910311fb546fe448825ac4986a,inner_train_nested
leave_one_sortie_out__fold01,physiology_response_prediction,held_out,20251002_单01_ACT-8_翼云_J16_12#01__pilot_10035::context_end_0024,-1,0.5748021821222667,0,completed,ce1c09269685f2de858cbb6711e5ac41db51f3910311fb546fe448825ac4986a,inner_train_nested
leave_one_sortie_out__fold01,physiology_response_prediction,held_out,20251002_单01_ACT-8_翼云_J16_12#01__pilot_10035::context_end_0025,-1,1.4774804654026295,1,completed,ce1c09269685f2de858cbb6711e5ac41db51f3910311fb546fe448825ac4986a,inner_train_nested
leave_one_sortie_out__fold01,physiology_response_prediction,held_out,20251002_单01_ACT-8_翼云_J16_12#01__pilot_10035::context_end_0026,-1,0.3593312091457575,0,completed,ce1c09269685f2de858cbb6711e5ac41db51f3910311fb546fe448825ac4986a,inner_train_nested
leave_one_sortie_out__fold01,physiology_response_prediction,held_out,20251002_单01_ACT-8_翼云_J16_12#01__pilot_10035::context_end_0027,-1,1.3398405122907981,1,completed,ce1c09269685f2de858cbb6711e5ac41db51f3910311fb546fe448825ac4986a,inner_train_nested
leave_one_sortie_out__fold01,physiology_response_prediction,held_out,20251002_单01_ACT-8_翼云_J16_12#01__pilot_10035::context_end_0028,-1,1.1745337886763798,0,completed,ce1c09269685f2de858cbb6711e5ac41db51f3910311fb546fe448825ac4986a,inner_train_nested
leave_one_sortie_out__fold01,physiology_response_prediction,held_out,20251002_单01_ACT-8_翼云_J16_12#01__pilot_10035::context_end_0029,-1,1.9533365123756983,1,completed,ce1c09269685f2de858cbb6711e5ac41db51f3910311fb546fe448825ac4986a,inner_train_nested
leave_one_sortie_out__fold01,physiology_response_prediction,held_out,20251002_单01_ACT-8_翼云_J16_12#01__pilot_10035::context_end_0030,-1,0.39381345619722546,0,completed,ce1c09269685f2de858cbb6711e5ac41db51f3910311fb546fe448825ac4986a,inner_train_nested
leave_one_sortie_out__fold01,physiology_response_prediction,held_out,20251002_单01_ACT-8_翼云_J16_12#01__pilot_10035::context_end_0031,-1,0.6831558216853474,0,completed,ce1c09269685f2de858cbb6711e5ac41db51f3910311fb546fe448825ac4986a,inner_train_nested
leave_one_sortie_out__fold01,physiology_response_prediction,held_out,20251002_单01_ACT-8_翼云_J16_12#01__pilot_10035::context_end_0032,-1,0.38935403575264704,0,completed,ce1c09269685f2de858cbb6711e5ac41db51f3910311fb546fe448825ac4986a,inner_train_nested
leave_one_sortie_out__fold01,physiology_response_prediction,held_out,20251002_单01_ACT-8_翼云_J16_12#01__pilot_10035::context_end_0033,-1,0.8667045600862445,0,completed,ce1c09269685f2de858cbb6711e5ac41db51f3910311fb546fe448825ac4986a,inner_train_nested
leave_one_sortie_out__fold01,physiology_response_prediction,held_out,20251002_单01_ACT-8_翼云_J16_12#01__pilot_10035::context_end_0034,-1,0.853446067588437,0,completed,ce1c09269685f2de858cbb6711e5ac41db51f3910311fb546fe448825ac4986a,inner_train_nested
leave_one_sortie_out__fold01,physiology_response_prediction,held_out,20251002_单01_ACT-8_翼云_J16_12#01__pilot_10035::context_end_0035,-1,,-1,unavailable,ce1c09269685f2de858cbb6711e5ac41db51f3910311fb546fe448825ac4986a,inner_train_nested
leave_one_sortie_out__fold02,maneuver_intensity_classification,train,20251002_单01_ACT-8_翼云_J16_12#01__pilot_10033::context_end_0005,0,,-1,completed,2bc909a887dd4e4b016b68ac3e025b1b2c166ac31ae8d02c148e3e729ac2d073,inner_train_nested
leave_one_sortie_out__fold02,maneuver_intensity_classification,train,20251002_单01_ACT-8_翼云_J16_12#01__pilot_10033::context_end_0006,0,,-1,completed,2bc909a887dd4e4b016b68ac3e025b1b2c166ac31ae8d02c148e3e729ac2d073,inner_train_nested
leave_one_sortie_out__fold02,maneuver_intensity_classification,train,20251002_单01_ACT-8_翼云_J16_12#01__pilot_10033::context_end_0007,0,,-1,completed,2bc909a887dd4e4b016b68ac3e025b1b2c166ac31ae8d02c148e3e729ac2d073,inner_train_nested
leave_one_sortie_out__fold02,maneuver_intensity_classification,train,20251002_单01_ACT-8_翼云_J16_12#01__pilot_10033::context_end_0008,0,,-1,completed,2bc909a887dd4e4b016b68ac3e025b1b2c166ac31ae8d02c148e3e729ac2d073,inner_train_nested
leave_one_sortie_out__fold02,maneuver_intensity_classification,train,20251002_单01_ACT-8_翼云_J16_12#01__pilot_10033::context_end_0009,2,,-1,completed,2bc909a887dd4e4b016b68ac3e025b1b2c166ac31ae8d02c148e3e729ac2d073,inner_train_nested
leave_one_sortie_out__fold02,maneuver_intensity_classification,train,20251002_单01_ACT-8_翼云_J16_12#01__pilot_10033::context_end_0010,1,,-1,completed,2bc909a887dd4e4b016b68ac3e025b1b2c166ac31ae8d02c148e3e729ac2d073,inner_train_nested
leave_one_sortie_out__fold02,maneuver_intensity_classification,train,20251002_单01_ACT-8_翼云_J16_12#01__pilot_10033::context_end_0011,0,,-1,completed,2bc909a887dd4e4b016b68ac3e025b1b2c166ac31ae8d02c148e3e729ac2d073,inner_train_nested
leave_one_sortie_out__fold02,maneuver_intensity_classification,train,20251002_单01_ACT-8_翼云_J16_12#01__pilot_10033::context_end_0012,0,,-1,completed,2bc909a887dd4e4b016b68ac3e025b1b2c166ac31ae8d02c148e3e729ac2d073,inner_train_nested
leave_one_sortie_out__fold02,maneuver_intensity_classification,train,20251002_单01_ACT-8_翼云_J16_12#01__pilot_10033::context_end_0013,0,,-1,completed,2bc909a887dd4e4b016b68ac3e025b1b2c166ac31ae8d02c148e3e729ac2d073,inner_train_nested
leave_one_sortie_out__fold02,maneuver_intensity_classification,train,20251002_单01_ACT-8_翼云_J16_12#01__pilot_10033::context_end_0014,1,,-1,completed,2bc909a887dd4e4b016b68ac3e025b1b2c166ac31ae8d02c148e3e729ac2d073,inner_train_nested
leave_one_sortie_out__fold02,maneuver_intensity_classification,train,20251002_单01_ACT-8_翼云_J16_12#01__pilot_10033::context_end_0015,1,,-1,completed,2bc909a887dd4e4b016b68ac3e025b1b2c166ac31ae8d02c148e3e729ac2d073,inner_train_nested
leave_one_sortie_out__fold02,maneuver_intensity_classification,train,20251002_单01_ACT-8_翼云_J16_12#01__pilot_10033::context_end_0016,1,,-1,completed,2bc909a887dd4e4b016b68ac3e025b1b2c166ac31ae8d02c148e3e729ac2d073,inner_train_nested
leave_one_sortie_out__fold02,maneuver_intensity_classification,train,20251002_单01_ACT-8_翼云_J16_12#01__pilot_10033::context_end_0017,2,,-1,completed,2bc909a887dd4e4b016b68ac3e025b1b2c166ac31ae8d02c148e3e729ac2d073,inner_train_nested
leave_one_sortie_out__fold02,maneuver_intensity_classification,train,20251002_单01_ACT-8_翼云_J16_12#01__pilot_10033::context_end_0018,2,,-1,completed,2bc909a887dd4e4b016b68ac3e025b1b2c166ac31ae8d02c148e3e729ac2d073,inner_train_nested
leave_one_sortie_out__fold02,maneuver_intensity_classification,train,20251002_单01_ACT-8_翼云_J16_12#01__pilot_10033::context_end_0019,1,,-1,completed,2bc909a887dd4e4b016b68ac3e025b1b2c166ac31ae8d02c148e3e729ac2d073,inner_train_nested
leave_one_sortie_out__fold02,maneuver_intensity_classification,train,20251002_单01_ACT-8_翼云_J16_12#01__pilot_10033::context_end_0020,2,,-1,completed,2bc909a887dd4e4b016b68ac3e025b1b2c166ac31ae8d02c148e3e729ac2d073,inner_train_nested
leave_one_sortie_out__fold02,maneuver_intensity_classification,train,20251002_单01_ACT-8_翼云_J16_12#01__pilot_10033::context_end_0021,2,,-1,completed,2bc909a887dd4e4b016b68ac3e025b1b2c166ac31ae8d02c148e3e729ac2d073,inner_train_nested
leave_one_sortie_out__fold02,maneuver_intensity_classification,train,20251002_单01_ACT-8_翼云_J16_12#01__pilot_10033::context_end_0022,2,,-1,completed,2bc909a887dd4e4b016b68ac3e025b1b2c166ac31ae8d02c148e3e729ac2d073,inner_train_nested
leave_one_sortie_out__fold02,maneuver_intensity_classification,train,20251002_单01_ACT-8_翼云_J16_12#01__pilot_10033::context_end_0023,1,,-1,completed,2bc909a887dd4e4b016b68ac3e025b1b2c166ac31ae8d02c148e3e729ac2d073,inner_train_nested
leave_one_sortie_out__fold02,maneuver_intensity_classification,train,20251002_单01_ACT-8_翼云_J16_12#01__pilot_10035::context_end_0005,0,,-1,completed,2bc909a887dd4e4b016b68ac3e025b1b2c166ac31ae8d02c148e3e729ac2d073,inner_train_nested
leave_one_sortie_out__fold02,maneuver_intensity_classification,train,20251002_单01_ACT-8_翼云_J16_12#01__pilot_10035::context_end_0006,0,,-1,completed,2bc909a887dd4e4b016b68ac3e025b1b2c166ac31ae8d02c148e3e729ac2d073,inner_train_nested
leave_one_sortie_out__fold02,maneuver_intensity_classification,train,20251002_单01_ACT-8_翼云_J16_12#01__pilot_10035::context_end_0007,0,,-1,completed,2bc909a887dd4e4b016b68ac3e025b1b2c166ac31ae8d02c148e3e729ac2d073,inner_train_nested
leave_one_sortie_out__fold02,maneuver_intensity_classification,train,20251002_单01_ACT-8_翼云_J16_12#01__pilot_10035::context_end_0008,0,,-1,completed,2bc909a887dd4e4b016b68ac3e025b1b2c166ac31ae8d02c148e3e729ac2d073,inner_train_nested
leave_one_sortie_out__fold02,maneuver_intensity_classification,train,20251002_单01_ACT-8_翼云_J16_12#01__pilot_10035::context_end_0009,2,,-1,completed,2bc909a887dd4e4b016b68ac3e025b1b2c166ac31ae8d02c148e3e729ac2d073,inner_train_nested
leave_one_sortie_out__fold02,maneuver_intensity_classification,train,20251002_单01_ACT-8_翼云_J16_12#01__pilot_10035::context_end_0010,1,,-1,completed,2bc909a887dd4e4b016b68ac3e025b1b2c166ac31ae8d02c148e3e729ac2d073,inner_train_nested
leave_one_sortie_out__fold02,maneuver_intensity_classification,train,20251002_单01_ACT-8_翼云_J16_12#01__pilot_10035::context_end_0011,0,,-1,completed,2bc909a887dd4e4b016b68ac3e025b1b2c166ac31ae8d02c148e3e729ac2d073,inner_train_nested
leave_one_sortie_out__fold02,maneuver_intensity_classification,train,20251002_单01_ACT-8_翼云_J16_12#01__pilot_10035::context_end_0012,0,,-1,completed,2bc909a887dd4e4b016b68ac3e025b1b2c166ac31ae8d02c148e3e729ac2d073,inner_train_nested
leave_one_sortie_out__fold02,maneuver_intensity_classification,train,20251002_单01_ACT-8_翼云_J16_12#01__pilot_10035::context_end_0013,0,,-1,completed,2bc909a887dd4e4b016b68ac3e025b1b2c166ac31ae8d02c148e3e729ac2d073,inner_train_nested
leave_one_sortie_out__fold02,maneuver_intensity_classification,train,20251002_单01_ACT-8_翼云_J16_12#01__pilot_10035::context_end_0014,1,,-1,completed,2bc909a887dd4e4b016b68ac3e025b1b2c166ac31ae8d02c148e3e729ac2d073,inner_train_nested
leave_one_sortie_out__fold02,maneuver_intensity_classification,train,20251002_单01_ACT-8_翼云_J16_12#01__pilot_10035::context_end_0015,1,,-1,completed,2bc909a887dd4e4b016b68ac3e025b1b2c166ac31ae8d02c148e3e729ac2d073,inner_train_nested
leave_one_sortie_out__fold02,maneuver_intensity_classification,train,20251002_单01_ACT-8_翼云_J16_12#01__pilot_10035::context_end_0016,1,,-1,completed,2bc909a887dd4e4b016b68ac3e025b1b2c166ac31ae8d02c148e3e729ac2d073,inner_train_nested
leave_one_sortie_out__fold02,maneuver_intensity_classification,train,20251002_单01_ACT-8_翼云_J16_12#01__pilot_10035::context_end_0017,2,,-1,completed,2bc909a887dd4e4b016b68ac3e025b1b2c166ac31ae8d02c148e3e729ac2d073,inner_train_nested
leave_one_sortie_out__fold02,maneuver_intensity_classification,train,20251002_单01_ACT-8_翼云_J16_12#01__pilot_10035::context_end_0018,2,,-1,completed,2bc909a887dd4e4b016b68ac3e025b1b2c166ac31ae8d02c148e3e729ac2d073,inner_train_nested
leave_one_sortie_out__fold02,maneuver_intensity_classification,train,20251002_单01_ACT-8_翼云_J16_12#01__pilot_10035::context_end_0019,1,,-1,completed,2bc909a887dd4e4b016b68ac3e025b1b2c166ac31ae8d02c148e3e729ac2d073,inner_train_nested
leave_one_sortie_out__fold02,maneuver_intensity_classification,train,20251002_单01_ACT-8_翼云_J16_12#01__pilot_10035::context_end_0020,2,,-1,completed,2bc909a887dd4e4b016b68ac3e025b1b2c166ac31ae8d02c148e3e729ac2d073,inner_train_nested
leave_one_sortie_out__fold02,maneuver_intensity_classification,train,20251002_单01_ACT-8_翼云_J16_12#01__pilot_10035::context_end_0021,2,,-1,completed,2bc909a887dd4e4b016b68ac3e025b1b2c166ac31ae8d02c148e3e729ac2d073,inner_train_nested
leave_one_sortie_out__fold02,maneuver_intensity_classification,train,20251002_单01_ACT-8_翼云_J16_12#01__pilot_10035::context_end_0022,2,,-1,completed,2bc909a887dd4e4b016b68ac3e025b1b2c166ac31ae8d02c148e3e729ac2d073,inner_train_nested
leave_one_sortie_out__fold02,maneuver_intensity_classification,train,20251002_单01_ACT-8_翼云_J16_12#01__pilot_10035::context_end_0023,1,,-1,completed,2bc909a887dd4e4b016b68ac3e025b1b2c166ac31ae8d02c148e3e729ac2d073,inner_train_nested
leave_one_sortie_out__fold02,maneuver_intensity_classification,validation,20251002_单01_ACT-8_翼云_J16_12#01__pilot_10033::context_end_0029,2,,-1,completed,2bc909a887dd4e4b016b68ac3e025b1b2c166ac31ae8d02c148e3e729ac2d073,inner_train_nested
leave_one_sortie_out__fold02,maneuver_intensity_classification,validation,20251002_单01_ACT-8_翼云_J16_12#01__pilot_10033::context_end_0030,2,,-1,completed,2bc909a887dd4e4b016b68ac3e025b1b2c166ac31ae8d02c148e3e729ac2d073,inner_train_nested
leave_one_sortie_out__fold02,maneuver_intensity_classification,validation,20251002_单01_ACT-8_翼云_J16_12#01__pilot_10033::context_end_0031,1,,-1,completed,2bc909a887dd4e4b016b68ac3e025b1b2c166ac31ae8d02c148e3e729ac2d073,inner_train_nested
leave_one_sortie_out__fold02,maneuver_intensity_classification,validation,20251002_单01_ACT-8_翼云_J16_12#01__pilot_10033::context_end_0032,1,,-1,completed,2bc909a887dd4e4b016b68ac3e025b1b2c166ac31ae8d02c148e3e729ac2d073,inner_train_nested
leave_one_sortie_out__fold02,maneuver_intensity_classification,validation,20251002_单01_ACT-8_翼云_J16_12#01__pilot_10033::context_end_0033,2,,-1,completed,2bc909a887dd4e4b016b68ac3e025b1b2c166ac31ae8d02c148e3e729ac2d073,inner_train_nested
leave_one_sortie_out__fold02,maneuver_intensity_classification,validation,20251002_单01_ACT-8_翼云_J16_12#01__pilot_10033::context_end_0034,1,,-1,completed,2bc909a887dd4e4b016b68ac3e025b1b2c166ac31ae8d02c148e3e729ac2d073,inner_train_nested
leave_one_sortie_out__fold02,maneuver_intensity_classification,validation,20251002_单01_ACT-8_翼云_J16_12#01__pilot_10033::context_end_0035,1,,-1,completed,2bc909a887dd4e4b016b68ac3e025b1b2c166ac31ae8d02c148e3e729ac2d073,inner_train_nested
leave_one_sortie_out__fold02,maneuver_intensity_classification,validation,20251002_单01_ACT-8_翼云_J16_12#01__pilot_10035::context_end_0029,2,,-1,completed,2bc909a887dd4e4b016b68ac3e025b1b2c166ac31ae8d02c148e3e729ac2d073,inner_train_nested
leave_one_sortie_out__fold02,maneuver_intensity_classification,validation,20251002_单01_ACT-8_翼云_J16_12#01__pilot_10035::context_end_0030,2,,-1,completed,2bc909a887dd4e4b016b68ac3e025b1b2c166ac31ae8d02c148e3e729ac2d073,inner_train_nested
leave_one_sortie_out__fold02,maneuver_intensity_classification,validation,20251002_单01_ACT-8_翼云_J16_12#01__pilot_10035::context_end_0031,1,,-1,completed,2bc909a887dd4e4b016b68ac3e025b1b2c166ac31ae8d02c148e3e729ac2d073,inner_train_nested
leave_one_sortie_out__fold02,maneuver_intensity_classification,validation,20251002_单01_ACT-8_翼云_J16_12#01__pilot_10035::context_end_0032,1,,-1,completed,2bc909a887dd4e4b016b68ac3e025b1b2c166ac31ae8d02c148e3e729ac2d073,inner_train_nested
leave_one_sortie_out__fold02,maneuver_intensity_classification,validation,20251002_单01_ACT-8_翼云_J16_12#01__pilot_10035::context_end_0033,2,,-1,completed,2bc909a887dd4e4b016b68ac3e025b1b2c166ac31ae8d02c148e3e729ac2d073,inner_train_nested
leave_one_sortie_out__fold02,maneuver_intensity_classification,validation,20251002_单01_ACT-8_翼云_J16_12#01__pilot_10035::context_end_0034,1,,-1,completed,2bc909a887dd4e4b016b68ac3e025b1b2c166ac31ae8d02c148e3e729ac2d073,inner_train_nested
leave_one_sortie_out__fold02,maneuver_intensity_classification,validation,20251002_单01_ACT-8_翼云_J16_12#01__pilot_10035::context_end_0035,1,,-1,completed,2bc909a887dd4e4b016b68ac3e025b1b2c166ac31ae8d02c148e3e729ac2d073,inner_train_nested
leave_one_sortie_out__fold02,maneuver_intensity_classification,held_out,20251005_四01_ACT-4_云_J20_22#01__pilot_10033::context_end_0005,0,,-1,completed,2bc909a887dd4e4b016b68ac3e025b1b2c166ac31ae8d02c148e3e729ac2d073,inner_train_nested
leave_one_sortie_out__fold02,maneuver_intensity_classification,held_out,20251005_四01_ACT-4_云_J20_22#01__pilot_10033::context_end_0006,0,,-1,completed,2bc909a887dd4e4b016b68ac3e025b1b2c166ac31ae8d02c148e3e729ac2d073,inner_train_nested
leave_one_sortie_out__fold02,maneuver_intensity_classification,held_out,20251005_四01_ACT-4_云_J20_22#01__pilot_10033::context_end_0007,0,,-1,completed,2bc909a887dd4e4b016b68ac3e025b1b2c166ac31ae8d02c148e3e729ac2d073,inner_train_nested
leave_one_sortie_out__fold02,maneuver_intensity_classification,held_out,20251005_四01_ACT-4_云_J20_22#01__pilot_10033::context_end_0008,0,,-1,completed,2bc909a887dd4e4b016b68ac3e025b1b2c166ac31ae8d02c148e3e729ac2d073,inner_train_nested
leave_one_sortie_out__fold02,maneuver_intensity_classification,held_out,20251005_四01_ACT-4_云_J20_22#01__pilot_10033::context_end_0009,2,,-1,completed,2bc909a887dd4e4b016b68ac3e025b1b2c166ac31ae8d02c148e3e729ac2d073,inner_train_nested
leave_one_sortie_out__fold02,maneuver_intensity_classification,held_out,20251005_四01_ACT-4_云_J20_22#01__pilot_10033::context_end_0010,1,,-1,completed,2bc909a887dd4e4b016b68ac3e025b1b2c166ac31ae8d02c148e3e729ac2d073,inner_train_nested
leave_one_sortie_out__fold02,maneuver_intensity_classification,held_out,20251005_四01_ACT-4_云_J20_22#01__pilot_10033::context_end_0011,0,,-1,completed,2bc909a887dd4e4b016b68ac3e025b1b2c166ac31ae8d02c148e3e729ac2d073,inner_train_nested
leave_one_sortie_out__fold02,maneuver_intensity_classification,held_out,20251005_四01_ACT-4_云_J20_22#01__pilot_10033::context_end_0012,0,,-1,completed,2bc909a887dd4e4b016b68ac3e025b1b2c166ac31ae8d02c148e3e729ac2d073,inner_train_nested
leave_one_sortie_out__fold02,maneuver_intensity_classification,held_out,20251005_四01_ACT-4_云_J20_22#01__pilot_10033::context_end_0013,0,,-1,completed,2bc909a887dd4e4b016b68ac3e025b1b2c166ac31ae8d02c148e3e729ac2d073,inner_train_nested
leave_one_sortie_out__fold02,maneuver_intensity_classification,held_out,20251005_四01_ACT-4_云_J20_22#01__pilot_10033::context_end_0014,1,,-1,completed,2bc909a887dd4e4b016b68ac3e025b1b2c166ac31ae8d02c148e3e729ac2d073,inner_train_nested
leave_one_sortie_out__fold02,maneuver_intensity_classification,held_out,20251005_四01_ACT-4_云_J20_22#01__pilot_10033::context_end_0015,1,,-1,completed,2bc909a887dd4e4b016b68ac3e025b1b2c166ac31ae8d02c148e3e729ac2d073,inner_train_nested
leave_one_sortie_out__fold02,maneuver_intensity_classification,held_out,20251005_四01_ACT-4_云_J20_22#01__pilot_10033::context_end_0016,1,,-1,completed,2bc909a887dd4e4b016b68ac3e025b1b2c166ac31ae8d02c148e3e729ac2d073,inner_train_nested
leave_one_sortie_out__fold02,maneuver_intensity_classification,held_out,20251005_四01_ACT-4_云_J20_22#01__pilot_10033::context_end_0017,2,,-1,completed,2bc909a887dd4e4b016b68ac3e025b1b2c166ac31ae8d02c148e3e729ac2d073,inner_train_nested
leave_one_sortie_out__fold02,maneuver_intensity_classification,held_out,20251005_四01_ACT-4_云_J20_22#01__pilot_10033::context_end_0018,2,,-1,completed,2bc909a887dd4e4b016b68ac3e025b1b2c166ac31ae8d02c148e3e729ac2d073,inner_train_nested
leave_one_sortie_out__fold02,maneuver_intensity_classification,held_out,20251005_四01_ACT-4_云_J20_22#01__pilot_10033::context_end_0019,1,,-1,completed,2bc909a887dd4e4b016b68ac3e025b1b2c166ac31ae8d02c148e3e729ac2d073,inner_train_nested
leave_one_sortie_out__fold02,maneuver_intensity_classification,held_out,20251005_四01_ACT-4_云_J20_22#01__pilot_10033::context_end_0020,2,,-1,completed,2bc909a887dd4e4b016b68ac3e025b1b2c166ac31ae8d02c148e3e729ac2d073,inner_train_nested
leave_one_sortie_out__fold02,maneuver_intensity_classification,held_out,20251005_四01_ACT-4_云_J20_22#01__pilot_10033::context_end_0021,2,,-1,completed,2bc909a887dd4e4b016b68ac3e025b1b2c166ac31ae8d02c148e3e729ac2d073,inner_train_nested
leave_one_sortie_out__fold02,maneuver_intensity_classification,held_out,20251005_四01_ACT-4_云_J20_22#01__pilot_10033::context_end_0022,2,,-1,completed,2bc909a887dd4e4b016b68ac3e025b1b2c166ac31ae8d02c148e3e729ac2d073,inner_train_nested
leave_one_sortie_out__fold02,maneuver_intensity_classification,held_out,20251005_四01_ACT-4_云_J20_22#01__pilot_10033::context_end_0023,1,,-1,completed,2bc909a887dd4e4b016b68ac3e025b1b2c166ac31ae8d02c148e3e729ac2d073,inner_train_nested
leave_one_sortie_out__fold02,maneuver_intensity_classification,held_out,20251005_四01_ACT-4_云_J20_22#01__pilot_10033::context_end_0024,2,,-1,completed,2bc909a887dd4e4b016b68ac3e025b1b2c166ac31ae8d02c148e3e729ac2d073,inner_train_nested
leave_one_sortie_out__fold02,maneuver_intensity_classification,held_out,20251005_四01_ACT-4_云_J20_22#01__pilot_10033::context_end_0025,2,,-1,completed,2bc909a887dd4e4b016b68ac3e025b1b2c166ac31ae8d02c148e3e729ac2d073,inner_train_nested
leave_one_sortie_out__fold02,maneuver_intensity_classification,held_out,20251005_四01_ACT-4_云_J20_22#01__pilot_10033::context_end_0026,1,,-1,completed,2bc909a887dd4e4b016b68ac3e025b1b2c166ac31ae8d02c148e3e729ac2d073,inner_train_nested
leave_one_sortie_out__fold02,maneuver_intensity_classification,held_out,20251005_四01_ACT-4_云_J20_22#01__pilot_10033::context_end_0027,1,,-1,completed,2bc909a887dd4e4b016b68ac3e025b1b2c166ac31ae8d02c148e3e729ac2d073,inner_train_nested
leave_one_sortie_out__fold02,maneuver_intensity_classification,held_out,20251005_四01_ACT-4_云_J20_22#01__pilot_10033::context_end_0028,2,,-1,completed,2bc909a887dd4e4b016b68ac3e025b1b2c166ac31ae8d02c148e3e729ac2d073,inner_train_nested
leave_one_sortie_out__fold02,maneuver_intensity_classification,held_out,20251005_四01_ACT-4_云_J20_22#01__pilot_10033::context_end_0029,2,,-1,completed,2bc909a887dd4e4b016b68ac3e025b1b2c166ac31ae8d02c148e3e729ac2d073,inner_train_nested
leave_one_sortie_out__fold02,maneuver_intensity_classification,held_out,20251005_四01_ACT-4_云_J20_22#01__pilot_10033::context_end_0030,2,,-1,completed,2bc909a887dd4e4b016b68ac3e025b1b2c166ac31ae8d02c148e3e729ac2d073,inner_train_nested
leave_one_sortie_out__fold02,maneuver_intensity_classification,held_out,20251005_四01_ACT-4_云_J20_22#01__pilot_10033::context_end_0031,1,,-1,completed,2bc909a887dd4e4b016b68ac3e025b1b2c166ac31ae8d02c148e3e729ac2d073,inner_train_nested
leave_one_sortie_out__fold02,maneuver_intensity_classification,held_out,20251005_四01_ACT-4_云_J20_22#01__pilot_10033::context_end_0032,1,,-1,completed,2bc909a887dd4e4b016b68ac3e025b1b2c166ac31ae8d02c148e3e729ac2d073,inner_train_nested
leave_one_sortie_out__fold02,maneuver_intensity_classification,held_out,20251005_四01_ACT-4_云_J20_22#01__pilot_10033::context_end_0033,2,,-1,completed,2bc909a887dd4e4b016b68ac3e025b1b2c166ac31ae8d02c148e3e729ac2d073,inner_train_nested
leave_one_sortie_out__fold02,maneuver_intensity_classification,held_out,20251005_四01_ACT-4_云_J20_22#01__pilot_10033::context_end_0034,1,,-1,completed,2bc909a887dd4e4b016b68ac3e025b1b2c166ac31ae8d02c148e3e729ac2d073,inner_train_nested
leave_one_sortie_out__fold02,maneuver_intensity_classification,held_out,20251005_四01_ACT-4_云_J20_22#01__pilot_10033::context_end_0035,1,,-1,completed,2bc909a887dd4e4b016b68ac3e025b1b2c166ac31ae8d02c148e3e729ac2d073,inner_train_nested
leave_one_sortie_out__fold02,physiology_response_prediction,train,20251002_单01_ACT-8_翼云_J16_12#01__pilot_10033::context_end_0005,-1,0.9308819582569211,0,completed,2bc909a887dd4e4b016b68ac3e025b1b2c166ac31ae8d02c148e3e729ac2d073,inner_train_nested
leave_one_sortie_out__fold02,physiology_response_prediction,train,20251002_单01_ACT-8_翼云_J16_12#01__pilot_10033::context_end_0006,-1,3.3027253778367025,1,completed,2bc909a887dd4e4b016b68ac3e025b1b2c166ac31ae8d02c148e3e729ac2d073,inner_train_nested
leave_one_sortie_out__fold02,physiology_response_prediction,train,20251002_单01_ACT-8_翼云_J16_12#01__pilot_10033::context_end_0007,-1,0.9208825934606991,0,completed,2bc909a887dd4e4b016b68ac3e025b1b2c166ac31ae8d02c148e3e729ac2d073,inner_train_nested
leave_one_sortie_out__fold02,physiology_response_prediction,train,20251002_单01_ACT-8_翼云_J16_12#01__pilot_10033::context_end_0008,-1,1.4059319982338334,1,completed,2bc909a887dd4e4b016b68ac3e025b1b2c166ac31ae8d02c148e3e729ac2d073,inner_train_nested
leave_one_sortie_out__fold02,physiology_response_prediction,train,20251002_单01_ACT-8_翼云_J16_12#01__pilot_10033::context_end_0009,-1,0.49441718626025233,0,completed,2bc909a887dd4e4b016b68ac3e025b1b2c166ac31ae8d02c148e3e729ac2d073,inner_train_nested
leave_one_sortie_out__fold02,physiology_response_prediction,train,20251002_单01_ACT-8_翼云_J16_12#01__pilot_10033::context_end_0010,-1,1.2997320312379943,1,completed,2bc909a887dd4e4b016b68ac3e025b1b2c166ac31ae8d02c148e3e729ac2d073,inner_train_nested
leave_one_sortie_out__fold02,physiology_response_prediction,train,20251002_单01_ACT-8_翼云_J16_12#01__pilot_10033::context_end_0011,-1,0.3944545064848812,0,completed,2bc909a887dd4e4b016b68ac3e025b1b2c166ac31ae8d02c148e3e729ac2d073,inner_train_nested
leave_one_sortie_out__fold02,physiology_response_prediction,train,20251002_单01_ACT-8_翼云_J16_12#01__pilot_10033::context_end_0012,-1,0.6271196350281406,0,completed,2bc909a887dd4e4b016b68ac3e025b1b2c166ac31ae8d02c148e3e729ac2d073,inner_train_nested
leave_one_sortie_out__fold02,physiology_response_prediction,train,20251002_单01_ACT-8_翼云_J16_12#01__pilot_10033::context_end_0013,-1,1.1155433633632894,1,completed,2bc909a887dd4e4b016b68ac3e025b1b2c166ac31ae8d02c148e3e729ac2d073,inner_train_nested
leave_one_sortie_out__fold02,physiology_response_prediction,train,20251002_单01_ACT-8_翼云_J16_12#01__pilot_10033::context_end_0014,-1,0.9356537341314877,1,completed,2bc909a887dd4e4b016b68ac3e025b1b2c166ac31ae8d02c148e3e729ac2d073,inner_train_nested
leave_one_sortie_out__fold02,physiology_response_prediction,train,20251002_单01_ACT-8_翼云_J16_12#01__pilot_10033::context_end_0015,-1,0.9213100018852335,0,completed,2bc909a887dd4e4b016b68ac3e025b1b2c166ac31ae8d02c148e3e729ac2d073,inner_train_nested
leave_one_sortie_out__fold02,physiology_response_prediction,train,20251002_单01_ACT-8_翼云_J16_12#01__pilot_10033::context_end_0016,-1,0.909745949165334,0,completed,2bc909a887dd4e4b016b68ac3e025b1b2c166ac31ae8d02c148e3e729ac2d073,inner_train_nested
leave_one_sortie_out__fold02,physiology_response_prediction,train,20251002_单01_ACT-8_翼云_J16_12#01__pilot_10033::context_end_0017,-1,0.8937437651426695,0,completed,2bc909a887dd4e4b016b68ac3e025b1b2c166ac31ae8d02c148e3e729ac2d073,inner_train_nested
leave_one_sortie_out__fold02,physiology_response_prediction,train,20251002_单01_ACT-8_翼云_J16_12#01__pilot_10033::context_end_0018,-1,0.6002675051181521,0,completed,2bc909a887dd4e4b016b68ac3e025b1b2c166ac31ae8d02c148e3e729ac2d073,inner_train_nested
leave_one_sortie_out__fold02,physiology_response_prediction,train,20251002_单01_ACT-8_翼云_J16_12#01__pilot_10033::context_end_0019,-1,0.6364912064326392,0,completed,2bc909a887dd4e4b016b68ac3e025b1b2c166ac31ae8d02c148e3e729ac2d073,inner_train_nested
leave_one_sortie_out__fold02,physiology_response_prediction,train,20251002_单01_ACT-8_翼云_J16_12#01__pilot_10033::context_end_0020,-1,0.7365789098009167,0,completed,2bc909a887dd4e4b016b68ac3e025b1b2c166ac31ae8d02c148e3e729ac2d073,inner_train_nested
leave_one_sortie_out__fold02,physiology_response_prediction,train,20251002_单01_ACT-8_翼云_J16_12#01__pilot_10033::context_end_0021,-1,0.8637659842059452,0,completed,2bc909a887dd4e4b016b68ac3e025b1b2c166ac31ae8d02c148e3e729ac2d073,inner_train_nested
leave_one_sortie_out__fold02,physiology_response_prediction,train,20251002_单01_ACT-8_翼云_J16_12#01__pilot_10033::context_end_0022,-1,0.895802978621067,0,completed,2bc909a887dd4e4b016b68ac3e025b1b2c166ac31ae8d02c148e3e729ac2d073,inner_train_nested
leave_one_sortie_out__fold02,physiology_response_prediction,train,20251002_单01_ACT-8_翼云_J16_12#01__pilot_10033::context_end_0023,-1,0.6403162524874341,0,completed,2bc909a887dd4e4b016b68ac3e025b1b2c166ac31ae8d02c148e3e729ac2d073,inner_train_nested
leave_one_sortie_out__fold02,physiology_response_prediction,train,20251002_单01_ACT-8_翼云_J16_12#01__pilot_10035::context_end_0005,-1,0.9308819582569211,0,completed,2bc909a887dd4e4b016b68ac3e025b1b2c166ac31ae8d02c148e3e729ac2d073,inner_train_nested
leave_one_sortie_out__fold02,physiology_response_prediction,train,20251002_单01_ACT-8_翼云_J16_12#01__pilot_10035::context_end_0006,-1,3.3027253778367025,1,completed,2bc909a887dd4e4b016b68ac3e025b1b2c166ac31ae8d02c148e3e729ac2d073,inner_train_nested
leave_one_sortie_out__fold02,physiology_response_prediction,train,20251002_单01_ACT-8_翼云_J16_12#01__pilot_10035::context_end_0007,-1,0.9208825934606991,0,completed,2bc909a887dd4e4b016b68ac3e025b1b2c166ac31ae8d02c148e3e729ac2d073,inner_train_nested
leave_one_sortie_out__fold02,physiology_response_prediction,train,20251002_单01_ACT-8_翼云_J16_12#01__pilot_10035::context_end_0008,-1,1.4059319982338334,1,completed,2bc909a887dd4e4b016b68ac3e025b1b2c166ac31ae8d02c148e3e729ac2d073,inner_train_nested
leave_one_sortie_out__fold02,physiology_response_prediction,train,20251002_单01_ACT-8_翼云_J16_12#01__pilot_10035::context_end_0009,-1,0.49441718626025233,0,completed,2bc909a887dd4e4b016b68ac3e025b1b2c166ac31ae8d02c148e3e729ac2d073,inner_train_nested
leave_one_sortie_out__fold02,physiology_response_prediction,train,20251002_单01_ACT-8_翼云_J16_12#01__pilot_10035::context_end_0010,-1,1.2997320312379943,1,completed,2bc909a887dd4e4b016b68ac3e025b1b2c166ac31ae8d02c148e3e729ac2d073,inner_train_nested
leave_one_sortie_out__fold02,physiology_response_prediction,train,20251002_单01_ACT-8_翼云_J16_12#01__pilot_10035::context_end_0011,-1,0.3944545064848812,0,completed,2bc909a887dd4e4b016b68ac3e025b1b2c166ac31ae8d02c148e3e729ac2d073,inner_train_nested
leave_one_sortie_out__fold02,physiology_response_prediction,train,20251002_单01_ACT-8_翼云_J16_12#01__pilot_10035::context_end_0012,-1,0.6271196350281406,0,completed,2bc909a887dd4e4b016b68ac3e025b1b2c166ac31ae8d02c148e3e729ac2d073,inner_train_nested
leave_one_sortie_out__fold02,physiology_response_prediction,train,20251002_单01_ACT-8_翼云_J16_12#01__pilot_10035::context_end_0013,-1,1.1155433633632894,1,completed,2bc909a887dd4e4b016b68ac3e025b1b2c166ac31ae8d02c148e3e729ac2d073,inner_train_nested
leave_one_sortie_out__fold02,physiology_response_prediction,train,20251002_单01_ACT-8_翼云_J16_12#01__pilot_10035::context_end_0014,-1,0.9356537341314877,1,completed,2bc909a887dd4e4b016b68ac3e025b1b2c166ac31ae8d02c148e3e729ac2d073,inner_train_nested
leave_one_sortie_out__fold02,physiology_response_prediction,train,20251002_单01_ACT-8_翼云_J16_12#01__pilot_10035::context_end_0015,-1,0.9213100018852335,0,completed,2bc909a887dd4e4b016b68ac3e025b1b2c166ac31ae8d02c148e3e729ac2d073,inner_train_nested
leave_one_sortie_out__fold02,physiology_response_prediction,train,20251002_单01_ACT-8_翼云_J16_12#01__pilot_10035::context_end_0016,-1,0.909745949165334,0,completed,2bc909a887dd4e4b016b68ac3e025b1b2c166ac31ae8d02c148e3e729ac2d073,inner_train_nested
leave_one_sortie_out__fold02,physiology_response_prediction,train,20251002_单01_ACT-8_翼云_J16_12#01__pilot_10035::context_end_0017,-1,0.8937437651426695,0,completed,2bc909a887dd4e4b016b68ac3e025b1b2c166ac31ae8d02c148e3e729ac2d073,inner_train_nested
leave_one_sortie_out__fold02,physiology_response_prediction,train,20251002_单01_ACT-8_翼云_J16_12#01__pilot_10035::context_end_0018,-1,0.6002675051181521,0,completed,2bc909a887dd4e4b016b68ac3e025b1b2c166ac31ae8d02c148e3e729ac2d073,inner_train_nested
leave_one_sortie_out__fold02,physiology_response_prediction,train,20251002_单01_ACT-8_翼云_J16_12#01__pilot_10035::context_end_0019,-1,0.6364912064326392,0,completed,2bc909a887dd4e4b016b68ac3e025b1b2c166ac31ae8d02c148e3e729ac2d073,inner_train_nested
leave_one_sortie_out__fold02,physiology_response_prediction,train,20251002_单01_ACT-8_翼云_J16_12#01__pilot_10035::context_end_0020,-1,0.7365789098009167,0,completed,2bc909a887dd4e4b016b68ac3e025b1b2c166ac31ae8d02c148e3e729ac2d073,inner_train_nested
leave_one_sortie_out__fold02,physiology_response_prediction,train,20251002_单01_ACT-8_翼云_J16_12#01__pilot_10035::context_end_0021,-1,0.8637659842059452,0,completed,2bc909a887dd4e4b016b68ac3e025b1b2c166ac31ae8d02c148e3e729ac2d073,inner_train_nested
leave_one_sortie_out__fold02,physiology_response_prediction,train,20251002_单01_ACT-8_翼云_J16_12#01__pilot_10035::context_end_0022,-1,0.895802978621067,0,completed,2bc909a887dd4e4b016b68ac3e025b1b2c166ac31ae8d02c148e3e729ac2d073,inner_train_nested
leave_one_sortie_out__fold02,physiology_response_prediction,train,20251002_单01_ACT-8_翼云_J16_12#01__pilot_10035::context_end_0023,-1,0.6403162524874341,0,completed,2bc909a887dd4e4b016b68ac3e025b1b2c166ac31ae8d02c148e3e729ac2d073,inner_train_nested
leave_one_sortie_out__fold02,physiology_response_prediction,validation,20251002_单01_ACT-8_翼云_J16_12#01__pilot_10033::context_end_0029,-1,3.4982112269359713,1,completed,2bc909a887dd4e4b016b68ac3e025b1b2c166ac31ae8d02c148e3e729ac2d073,inner_train_nested
leave_one_sortie_out__fold02,physiology_response_prediction,validation,20251002_单01_ACT-8_翼云_J16_12#01__pilot_10033::context_end_0030,-1,0.5808748971875641,0,completed,2bc909a887dd4e4b016b68ac3e025b1b2c166ac31ae8d02c148e3e729ac2d073,inner_train_nested
leave_one_sortie_out__fold02,physiology_response_prediction,validation,20251002_单01_ACT-8_翼云_J16_12#01__pilot_10033::context_end_0031,-1,1.266586972161354,1,completed,2bc909a887dd4e4b016b68ac3e025b1b2c166ac31ae8d02c148e3e729ac2d073,inner_train_nested
leave_one_sortie_out__fold02,physiology_response_prediction,validation,20251002_单01_ACT-8_翼云_J16_12#01__pilot_10033::context_end_0032,-1,0.5341809298100102,0,completed,2bc909a887dd4e4b016b68ac3e025b1b2c166ac31ae8d02c148e3e729ac2d073,inner_train_nested
leave_one_sortie_out__fold02,physiology_response_prediction,validation,20251002_单01_ACT-8_翼云_J16_12#01__pilot_10033::context_end_0033,-1,1.504753540366558,1,completed,2bc909a887dd4e4b016b68ac3e025b1b2c166ac31ae8d02c148e3e729ac2d073,inner_train_nested
leave_one_sortie_out__fold02,physiology_response_prediction,validation,20251002_单01_ACT-8_翼云_J16_12#01__pilot_10033::context_end_0034,-1,1.2767094929997092,1,completed,2bc909a887dd4e4b016b68ac3e025b1b2c166ac31ae8d02c148e3e729ac2d073,inner_train_nested
leave_one_sortie_out__fold02,physiology_response_prediction,validation,20251002_单01_ACT-8_翼云_J16_12#01__pilot_10033::context_end_0035,-1,,-1,unavailable,2bc909a887dd4e4b016b68ac3e025b1b2c166ac31ae8d02c148e3e729ac2d073,inner_train_nested
leave_one_sortie_out__fold02,physiology_response_prediction,validation,20251002_单01_ACT-8_翼云_J16_12#01__pilot_10035::context_end_0029,-1,3.4982112269359713,1,completed,2bc909a887dd4e4b016b68ac3e025b1b2c166ac31ae8d02c148e3e729ac2d073,inner_train_nested
leave_one_sortie_out__fold02,physiology_response_prediction,validation,20251002_单01_ACT-8_翼云_J16_12#01__pilot_10035::context_end_0030,-1,0.5808748971875641,0,completed,2bc909a887dd4e4b016b68ac3e025b1b2c166ac31ae8d02c148e3e729ac2d073,inner_train_nested
leave_one_sortie_out__fold02,physiology_response_prediction,validation,20251002_单01_ACT-8_翼云_J16_12#01__pilot_10035::context_end_0031,-1,1.266586972161354,1,completed,2bc909a887dd4e4b016b68ac3e025b1b2c166ac31ae8d02c148e3e729ac2d073,inner_train_nested
leave_one_sortie_out__fold02,physiology_response_prediction,validation,20251002_单01_ACT-8_翼云_J16_12#01__pilot_10035::context_end_0032,-1,0.5341809298100102,0,completed,2bc909a887dd4e4b016b68ac3e025b1b2c166ac31ae8d02c148e3e729ac2d073,inner_train_nested
leave_one_sortie_out__fold02,physiology_response_prediction,validation,20251002_单01_ACT-8_翼云_J16_12#01__pilot_10035::context_end_0033,-1,1.504753540366558,1,completed,2bc909a887dd4e4b016b68ac3e025b1b2c166ac31ae8d02c148e3e729ac2d073,inner_train_nested
leave_one_sortie_out__fold02,physiology_response_prediction,validation,20251002_单01_ACT-8_翼云_J16_12#01__pilot_10035::context_end_0034,-1,1.2767094929997092,1,completed,2bc909a887dd4e4b016b68ac3e025b1b2c166ac31ae8d02c148e3e729ac2d073,inner_train_nested
leave_one_sortie_out__fold02,physiology_response_prediction,validation,20251002_单01_ACT-8_翼云_J16_12#01__pilot_10035::context_end_0035,-1,,-1,unavailable,2bc909a887dd4e4b016b68ac3e025b1b2c166ac31ae8d02c148e3e729ac2d073,inner_train_nested
leave_one_sortie_out__fold02,physiology_response_prediction,held_out,20251005_四01_ACT-4_云_J20_22#01__pilot_10033::context_end_0005,-1,3.260261848590907,1,completed,2bc909a887dd4e4b016b68ac3e025b1b2c166ac31ae8d02c148e3e729ac2d073,inner_train_nested
leave_one_sortie_out__fold02,physiology_response_prediction,held_out,20251005_四01_ACT-4_云_J20_22#01__pilot_10033::context_end_0006,-1,3.118265816685033,1,completed,2bc909a887dd4e4b016b68ac3e025b1b2c166ac31ae8d02c148e3e729ac2d073,inner_train_nested
leave_one_sortie_out__fold02,physiology_response_prediction,held_out,20251005_四01_ACT-4_云_J20_22#01__pilot_10033::context_end_0007,-1,0.6813071526742035,0,completed,2bc909a887dd4e4b016b68ac3e025b1b2c166ac31ae8d02c148e3e729ac2d073,inner_train_nested
leave_one_sortie_out__fold02,physiology_response_prediction,held_out,20251005_四01_ACT-4_云_J20_22#01__pilot_10033::context_end_0008,-1,3.3279805437634518,1,completed,2bc909a887dd4e4b016b68ac3e025b1b2c166ac31ae8d02c148e3e729ac2d073,inner_train_nested
leave_one_sortie_out__fold02,physiology_response_prediction,held_out,20251005_四01_ACT-4_云_J20_22#01__pilot_10033::context_end_0009,-1,0.5967688546826077,0,completed,2bc909a887dd4e4b016b68ac3e025b1b2c166ac31ae8d02c148e3e729ac2d073,inner_train_nested
leave_one_sortie_out__fold02,physiology_response_prediction,held_out,20251005_四01_ACT-4_云_J20_22#01__pilot_10033::context_end_0010,-1,2.1737307367516396,1,completed,2bc909a887dd4e4b016b68ac3e025b1b2c166ac31ae8d02c148e3e729ac2d073,inner_train_nested
leave_one_sortie_out__fold02,physiology_response_prediction,held_out,20251005_四01_ACT-4_云_J20_22#01__pilot_10033::context_end_0011,-1,1.9541880828538793,1,completed,2bc909a887dd4e4b016b68ac3e025b1b2c166ac31ae8d02c148e3e729ac2d073,inner_train_nested
leave_one_sortie_out__fold02,physiology_response_prediction,held_out,20251005_四01_ACT-4_云_J20_22#01__pilot_10033::context_end_0012,-1,0.6716363765633665,0,completed,2bc909a887dd4e4b016b68ac3e025b1b2c166ac31ae8d02c148e3e729ac2d073,inner_train_nested
leave_one_sortie_out__fold02,physiology_response_prediction,held_out,20251005_四01_ACT-4_云_J20_22#01__pilot_10033::context_end_0013,-1,1.0868871641931273,1,completed,2bc909a887dd4e4b016b68ac3e025b1b2c166ac31ae8d02c148e3e729ac2d073,inner_train_nested
leave_one_sortie_out__fold02,physiology_response_prediction,held_out,20251005_四01_ACT-4_云_J20_22#01__pilot_10033::context_end_0014,-1,1.14715387331278,1,completed,2bc909a887dd4e4b016b68ac3e025b1b2c166ac31ae8d02c148e3e729ac2d073,inner_train_nested
leave_one_sortie_out__fold02,physiology_response_prediction,held_out,20251005_四01_ACT-4_云_J20_22#01__pilot_10033::context_end_0015,-1,0.29493715198961384,0,completed,2bc909a887dd4e4b016b68ac3e025b1b2c166ac31ae8d02c148e3e729ac2d073,inner_train_nested
leave_one_sortie_out__fold02,physiology_response_prediction,held_out,20251005_四01_ACT-4_云_J20_22#01__pilot_10033::context_end_0016,-1,1.8533589930477206,1,completed,2bc909a887dd4e4b016b68ac3e025b1b2c166ac31ae8d02c148e3e729ac2d073,inner_train_nested
leave_one_sortie_out__fold02,physiology_response_prediction,held_out,20251005_四01_ACT-4_云_J20_22#01__pilot_10033::context_end_0017,-1,1.2956927203411184,1,completed,2bc909a887dd4e4b016b68ac3e025b1b2c166ac31ae8d02c148e3e729ac2d073,inner_train_nested
leave_one_sortie_out__fold02,physiology_response_prediction,held_out,20251005_四01_ACT-4_云_J20_22#01__pilot_10033::context_end_0018,-1,1.2774536628655795,1,completed,2bc909a887dd4e4b016b68ac3e025b1b2c166ac31ae8d02c148e3e729ac2d073,inner_train_nested
leave_one_sortie_out__fold02,physiology_response_prediction,held_out,20251005_四01_ACT-4_云_J20_22#01__pilot_10033::context_end_0019,-1,0.6826680514585481,0,completed,2bc909a887dd4e4b016b68ac3e025b1b2c166ac31ae8d02c148e3e729ac2d073,inner_train_nested
leave_one_sortie_out__fold02,physiology_response_prediction,held_out,20251005_四01_ACT-4_云_J20_22#01__pilot_10033::context_end_0020,-1,2.5958723932932184,1,completed,2bc909a887dd4e4b016b68ac3e025b1b2c166ac31ae8d02c148e3e729ac2d073,inner_train_nested
leave_one_sortie_out__fold02,physiology_response_prediction,held_out,20251005_四01_ACT-4_云_J20_22#01__pilot_10033::context_end_0021,-1,0.9575439749103719,1,completed,2bc909a887dd4e4b016b68ac3e025b1b2c166ac31ae8d02c148e3e729ac2d073,inner_train_nested
leave_one_sortie_out__fold02,physiology_response_prediction,held_out,20251005_四01_ACT-4_云_J20_22#01__pilot_10033::context_end_0022,-1,0.7142766362874563,0,completed,2bc909a887dd4e4b016b68ac3e025b1b2c166ac31ae8d02c148e3e729ac2d073,inner_train_nested
leave_one_sortie_out__fold02,physiology_response_prediction,held_out,20251005_四01_ACT-4_云_J20_22#01__pilot_10033::context_end_0023,-1,1.1614101562261645,1,completed,2bc909a887dd4e4b016b68ac3e025b1b2c166ac31ae8d02c148e3e729ac2d073,inner_train_nested
leave_one_sortie_out__fold02,physiology_response_prediction,held_out,20251005_四01_ACT-4_云_J20_22#01__pilot_10033::context_end_0024,-1,0.3733340996697201,0,completed,2bc909a887dd4e4b016b68ac3e025b1b2c166ac31ae8d02c148e3e729ac2d073,inner_train_nested
leave_one_sortie_out__fold02,physiology_response_prediction,held_out,20251005_四01_ACT-4_云_J20_22#01__pilot_10033::context_end_0025,-1,0.6117555223713759,0,completed,2bc909a887dd4e4b016b68ac3e025b1b2c166ac31ae8d02c148e3e729ac2d073,inner_train_nested
leave_one_sortie_out__fold02,physiology_response_prediction,held_out,20251005_四01_ACT-4_云_J20_22#01__pilot_10033::context_end_0026,-1,0.722863338691067,0,completed,2bc909a887dd4e4b016b68ac3e025b1b2c166ac31ae8d02c148e3e729ac2d073,inner_train_nested
leave_one_sortie_out__fold02,physiology_response_prediction,held_out,20251005_四01_ACT-4_云_J20_22#01__pilot_10033::context_end_0027,-1,0.3907453777809882,0,completed,2bc909a887dd4e4b016b68ac3e025b1b2c166ac31ae8d02c148e3e729ac2d073,inner_train_nested
leave_one_sortie_out__fold02,physiology_response_prediction,held_out,20251005_四01_ACT-4_云_J20_22#01__pilot_10033::context_end_0028,-1,1.8757350661683183,1,completed,2bc909a887dd4e4b016b68ac3e025b1b2c166ac31ae8d02c148e3e729ac2d073,inner_train_nested
leave_one_sortie_out__fold02,physiology_response_prediction,held_out,20251005_四01_ACT-4_云_J20_22#01__pilot_10033::context_end_0029,-1,1.9297934392084337,1,completed,2bc909a887dd4e4b016b68ac3e025b1b2c166ac31ae8d02c148e3e729ac2d073,inner_train_nested
leave_one_sortie_out__fold02,physiology_response_prediction,held_out,20251005_四01_ACT-4_云_J20_22#01__pilot_10033::context_end_0030,-1,1.0928515666010639,1,completed,2bc909a887dd4e4b016b68ac3e025b1b2c166ac31ae8d02c148e3e729ac2d073,inner_train_nested
leave_one_sortie_out__fold02,physiology_response_prediction,held_out,20251005_四01_ACT-4_云_J20_22#01__pilot_10033::context_end_0031,-1,1.6340325149034043,1,completed,2bc909a887dd4e4b016b68ac3e025b1b2c166ac31ae8d02c148e3e729ac2d073,inner_train_nested
leave_one_sortie_out__fold02,physiology_response_prediction,held_out,20251005_四01_ACT-4_云_J20_22#01__pilot_10033::context_end_0032,-1,0.9719050453392327,1,completed,2bc909a887dd4e4b016b68ac3e025b1b2c166ac31ae8d02c148e3e729ac2d073,inner_train_nested
leave_one_sortie_out__fold02,physiology_response_prediction,held_out,20251005_四01_ACT-4_云_J20_22#01__pilot_10033::context_end_0033,-1,1.8398778973283862,1,completed,2bc909a887dd4e4b016b68ac3e025b1b2c166ac31ae8d02c148e3e729ac2d073,inner_train_nested
leave_one_sortie_out__fold02,physiology_response_prediction,held_out,20251005_四01_ACT-4_云_J20_22#01__pilot_10033::context_end_0034,-1,1.8282870139348886,1,completed,2bc909a887dd4e4b016b68ac3e025b1b2c166ac31ae8d02c148e3e729ac2d073,inner_train_nested
leave_one_sortie_out__fold02,physiology_response_prediction,held_out,20251005_四01_ACT-4_云_J20_22#01__pilot_10033::context_end_0035,-1,,-1,unavailable,2bc909a887dd4e4b016b68ac3e025b1b2c166ac31ae8d02c148e3e729ac2d073,inner_train_nested
