{
  "track": "objective",
  "generated_at_utc": "2026-04-29T02:51:30.057711Z",
  "primary_results": {
    "heat_the_chair": {
      "best_model_name": "logistic_regression",
      "models": {
        "logistic_regression": {
          "sample_count": 34,
          "fold_count": 17,
          "label_order": [
            0,
            1
          ],
          "macro_f1": 0.6173160173160174,
          "balanced_accuracy": 0.6176470588235294,
          "per_class_recall": {
            "0": 0.5882352941176471,
            "1": 0.6470588235294118
          },
          "confusion_matrix": [
            [
              10,
              7
            ],
            [
              6,
              11
            ]
          ]
        },
        "linear_svc": {
          "sample_count": 34,
          "fold_count": 17,
          "label_order": [
            0,
            1
          ],
          "macro_f1": 0.6173160173160174,
          "balanced_accuracy": 0.6176470588235294,
          "per_class_recall": {
            "0": 0.5882352941176471,
            "1": 0.6470588235294118
          },
          "confusion_matrix": [
            [
              10,
              7
            ],
            [
              6,
              11
            ]
          ]
        },
        "random_forest_classifier": {
          "sample_count": 34,
          "fold_count": 17,
          "label_order": [
            0,
            1
          ],
          "macro_f1": 0.5824561403508772,
          "balanced_accuracy": 0.5882352941176471,
          "per_class_recall": {
            "0": 0.7058823529411765,
            "1": 0.47058823529411764
          },
          "confusion_matrix": [
            [
              12,
              5
            ],
            [
              9,
              8
            ]
          ]
        }
      }
    },
    "n_back": {
      "best_model_name": "random_forest_classifier",
      "models": {
        "logistic_regression": {
          "sample_count": 48,
          "fold_count": 16,
          "label_order": [
            0,
            1,
            2
          ],
          "macro_f1": 0.39348480132793856,
          "balanced_accuracy": 0.3958333333333333,
          "per_class_recall": {
            "0": 0.3125,
            "1": 0.375,
            "2": 0.5
          },
          "confusion_matrix": [
            [
              5,
              6,
              5
            ],
            [
              4,
              6,
              6
            ],
            [
              2,
              6,
              8
            ]
          ]
        },
        "linear_svc": {
          "sample_count": 48,
          "fold_count": 16,
          "label_order": [
            0,
            1,
            2
          ],
          "macro_f1": 0.3699212664729907,
          "balanced_accuracy": 0.375,
          "per_class_recall": {
            "0": 0.375,
            "1": 0.25,
            "2": 0.5
          },
          "confusion_matrix": [
            [
              6,
              3,
              7
            ],
            [
              4,
              4,
              8
            ],
            [
              3,
              5,
              8
            ]
          ]
        },
        "random_forest_classifier": {
          "sample_count": 48,
          "fold_count": 16,
          "label_order": [
            0,
            1,
            2
          ],
          "macro_f1": 0.49656938044034815,
          "balanced_accuracy": 0.5,
          "per_class_recall": {
            "0": 0.4375,
            "1": 0.4375,
            "2": 0.625
          },
          "confusion_matrix": [
            [
              7,
              4,
              5
            ],
            [
              5,
              7,
              4
            ],
            [
              2,
              4,
              10
            ]
          ]
        }
      }
    }
  },
  "auxiliary_flight_summary": {
    "sample_count": 5,
    "subject_count": 2,
    "theoretical_difficulty_distribution": {
      "1": 1,
      "2": 1,
      "3": 1,
      "4": 1
    },
    "perceived_difficulty_mean": 1.5952107209665392
  }
}
