2026-07-02 01:14:36,645 INFO chronaris.pipelines.stage_i.public.deep_baseline: stage_i_deep_baseline observer start run_id=simple_dual_stream_concat__seed42 run_root=/home/wangminan/projects/chronaris/docs/artifacts/assets/stage_i_public_fusion_ablation/20260701T-stage-i-public-fusion-ablation-r1/screen/uab_workload_dataset/simple_dual_stream_concat__seed42
2026-07-02 01:14:41,536 INFO chronaris.pipelines.stage_i.public.deep_baseline_runtime: deep_train fold_start dataset=uab_workload_dataset model=chronaris_public_fusion_simple_concat track=objective group=n_back seed=42 fold=001/002 split_group=subject_01 task=classification train_count=26164 epochs=5 batch_size=128
2026-07-02 01:14:41,537 INFO chronaris.pipelines.stage_i.public.deep_baseline_runtime: deep_train epoch_start dataset=uab_workload_dataset model=chronaris_public_fusion_simple_concat track=objective group=n_back seed=42 fold=001/002 epoch=001/005 batch_count=205
2026-07-02 01:14:41,607 INFO chronaris.pipelines.stage_i.public.deep_baseline_runtime: deep_train batch dataset=uab_workload_dataset model=chronaris_public_fusion_simple_concat track=objective group=n_back seed=42 fold=001/002 epoch=001/005 batch=001/205 loss=1.117027 elapsed_s=0.1 status=running
2026-07-02 01:14:41,928 INFO chronaris.pipelines.stage_i.public.deep_baseline_runtime: deep_train batch dataset=uab_workload_dataset model=chronaris_public_fusion_simple_concat track=objective group=n_back seed=42 fold=001/002 epoch=001/005 batch=020/205 loss=1.102429 elapsed_s=0.4 status=running
2026-07-02 01:14:42,148 INFO chronaris.pipelines.stage_i.public.deep_baseline_runtime: deep_train batch dataset=uab_workload_dataset model=chronaris_public_fusion_simple_concat track=objective group=n_back seed=42 fold=001/002 epoch=001/005 batch=040/205 loss=1.110561 elapsed_s=0.6 status=running
2026-07-02 01:14:42,376 INFO chronaris.pipelines.stage_i.public.deep_baseline_runtime: deep_train batch dataset=uab_workload_dataset model=chronaris_public_fusion_simple_concat track=objective group=n_back seed=42 fold=001/002 epoch=001/005 batch=060/205 loss=1.093992 elapsed_s=0.8 status=running
2026-07-02 01:14:42,607 INFO chronaris.pipelines.stage_i.public.deep_baseline_runtime: deep_train batch dataset=uab_workload_dataset model=chronaris_public_fusion_simple_concat track=objective group=n_back seed=42 fold=001/002 epoch=001/005 batch=080/205 loss=1.098779 elapsed_s=1.1 status=running
2026-07-02 01:14:42,836 INFO chronaris.pipelines.stage_i.public.deep_baseline_runtime: deep_train batch dataset=uab_workload_dataset model=chronaris_public_fusion_simple_concat track=objective group=n_back seed=42 fold=001/002 epoch=001/005 batch=100/205 loss=1.099039 elapsed_s=1.3 status=running
2026-07-02 01:14:43,062 INFO chronaris.pipelines.stage_i.public.deep_baseline_runtime: deep_train batch dataset=uab_workload_dataset model=chronaris_public_fusion_simple_concat track=objective group=n_back seed=42 fold=001/002 epoch=001/005 batch=120/205 loss=1.102822 elapsed_s=1.5 status=running
2026-07-02 01:14:43,285 INFO chronaris.pipelines.stage_i.public.deep_baseline_runtime: deep_train batch dataset=uab_workload_dataset model=chronaris_public_fusion_simple_concat track=objective group=n_back seed=42 fold=001/002 epoch=001/005 batch=140/205 loss=1.101367 elapsed_s=1.7 status=running
2026-07-02 01:14:43,509 INFO chronaris.pipelines.stage_i.public.deep_baseline_runtime: deep_train batch dataset=uab_workload_dataset model=chronaris_public_fusion_simple_concat track=objective group=n_back seed=42 fold=001/002 epoch=001/005 batch=160/205 loss=1.105586 elapsed_s=2.0 status=running
2026-07-02 01:14:43,738 INFO chronaris.pipelines.stage_i.public.deep_baseline_runtime: deep_train batch dataset=uab_workload_dataset model=chronaris_public_fusion_simple_concat track=objective group=n_back seed=42 fold=001/002 epoch=001/005 batch=180/205 loss=1.097771 elapsed_s=2.2 status=running
2026-07-02 01:14:43,962 INFO chronaris.pipelines.stage_i.public.deep_baseline_runtime: deep_train batch dataset=uab_workload_dataset model=chronaris_public_fusion_simple_concat track=objective group=n_back seed=42 fold=001/002 epoch=001/005 batch=200/205 loss=1.102034 elapsed_s=2.4 status=running
2026-07-02 01:14:44,018 INFO chronaris.pipelines.stage_i.public.deep_baseline_runtime: deep_train batch dataset=uab_workload_dataset model=chronaris_public_fusion_simple_concat track=objective group=n_back seed=42 fold=001/002 epoch=001/005 batch=205/205 loss=1.099374 elapsed_s=2.5 status=running
2026-07-02 01:14:44,019 INFO chronaris.pipelines.stage_i.public.deep_baseline_runtime: deep_train epoch_done dataset=uab_workload_dataset model=chronaris_public_fusion_simple_concat track=objective group=n_back seed=42 fold=001/002 epoch=001/005 train_loss=1.100735 elapsed_s=2.5
2026-07-02 01:14:44,385 INFO chronaris.pipelines.stage_i.public.deep_baseline_runtime: deep_train epoch_start dataset=uab_workload_dataset model=chronaris_public_fusion_simple_concat track=objective group=n_back seed=42 fold=001/002 epoch=002/005 batch_count=205
2026-07-02 01:14:44,398 INFO chronaris.pipelines.stage_i.public.deep_baseline_runtime: deep_train batch dataset=uab_workload_dataset model=chronaris_public_fusion_simple_concat track=objective group=n_back seed=42 fold=001/002 epoch=002/005 batch=001/205 loss=1.102459 elapsed_s=2.9 status=running
2026-07-02 01:14:44,610 INFO chronaris.pipelines.stage_i.public.deep_baseline_runtime: deep_train batch dataset=uab_workload_dataset model=chronaris_public_fusion_simple_concat track=objective group=n_back seed=42 fold=001/002 epoch=002/005 batch=020/205 loss=1.097991 elapsed_s=3.1 status=running
2026-07-02 01:14:44,830 INFO chronaris.pipelines.stage_i.public.deep_baseline_runtime: deep_train batch dataset=uab_workload_dataset model=chronaris_public_fusion_simple_concat track=objective group=n_back seed=42 fold=001/002 epoch=002/005 batch=040/205 loss=1.100386 elapsed_s=3.3 status=running
2026-07-02 01:14:45,058 INFO chronaris.pipelines.stage_i.public.deep_baseline_runtime: deep_train batch dataset=uab_workload_dataset model=chronaris_public_fusion_simple_concat track=objective group=n_back seed=42 fold=001/002 epoch=002/005 batch=060/205 loss=1.092244 elapsed_s=3.5 status=running
2026-07-02 01:14:46,253 INFO chronaris.pipelines.stage_i.public.deep_baseline_runtime: deep_train batch dataset=uab_workload_dataset model=chronaris_public_fusion_simple_concat track=objective group=n_back seed=42 fold=001/002 epoch=002/005 batch=080/205 loss=1.096014 elapsed_s=3.7 status=running
2026-07-02 01:14:48,509 INFO chronaris.pipelines.stage_i.public.deep_baseline_runtime: deep_train batch dataset=uab_workload_dataset model=chronaris_public_fusion_simple_concat track=objective group=n_back seed=42 fold=001/002 epoch=002/005 batch=100/205 loss=1.084682 elapsed_s=4.0 status=running
2026-07-02 01:14:48,741 INFO chronaris.pipelines.stage_i.public.deep_baseline_runtime: deep_train batch dataset=uab_workload_dataset model=chronaris_public_fusion_simple_concat track=objective group=n_back seed=42 fold=001/002 epoch=002/005 batch=120/205 loss=1.096051 elapsed_s=4.2 status=running
2026-07-02 01:14:48,962 INFO chronaris.pipelines.stage_i.public.deep_baseline_runtime: deep_train batch dataset=uab_workload_dataset model=chronaris_public_fusion_simple_concat track=objective group=n_back seed=42 fold=001/002 epoch=002/005 batch=140/205 loss=1.093890 elapsed_s=4.4 status=running
2026-07-02 01:14:49,196 INFO chronaris.pipelines.stage_i.public.deep_baseline_runtime: deep_train batch dataset=uab_workload_dataset model=chronaris_public_fusion_simple_concat track=objective group=n_back seed=42 fold=001/002 epoch=002/005 batch=160/205 loss=1.092060 elapsed_s=4.7 status=running
2026-07-02 01:14:49,419 INFO chronaris.pipelines.stage_i.public.deep_baseline_runtime: deep_train batch dataset=uab_workload_dataset model=chronaris_public_fusion_simple_concat track=objective group=n_back seed=42 fold=001/002 epoch=002/005 batch=180/205 loss=1.106116 elapsed_s=4.9 status=running
2026-07-02 01:14:49,646 INFO chronaris.pipelines.stage_i.public.deep_baseline_runtime: deep_train batch dataset=uab_workload_dataset model=chronaris_public_fusion_simple_concat track=objective group=n_back seed=42 fold=001/002 epoch=002/005 batch=200/205 loss=1.093443 elapsed_s=5.1 status=running
2026-07-02 01:14:49,702 INFO chronaris.pipelines.stage_i.public.deep_baseline_runtime: deep_train batch dataset=uab_workload_dataset model=chronaris_public_fusion_simple_concat track=objective group=n_back seed=42 fold=001/002 epoch=002/005 batch=205/205 loss=1.072506 elapsed_s=5.2 status=running
2026-07-02 01:14:49,703 INFO chronaris.pipelines.stage_i.public.deep_baseline_runtime: deep_train epoch_done dataset=uab_workload_dataset model=chronaris_public_fusion_simple_concat track=objective group=n_back seed=42 fold=001/002 epoch=002/005 train_loss=1.097155 elapsed_s=2.3
2026-07-02 01:14:49,737 INFO chronaris.pipelines.stage_i.public.deep_baseline_runtime: deep_train epoch_start dataset=uab_workload_dataset model=chronaris_public_fusion_simple_concat track=objective group=n_back seed=42 fold=001/002 epoch=003/005 batch_count=205
2026-07-02 01:14:49,757 INFO chronaris.pipelines.stage_i.public.deep_baseline_runtime: deep_train batch dataset=uab_workload_dataset model=chronaris_public_fusion_simple_concat track=objective group=n_back seed=42 fold=001/002 epoch=003/005 batch=001/205 loss=1.090090 elapsed_s=5.2 status=running
2026-07-02 01:14:49,976 INFO chronaris.pipelines.stage_i.public.deep_baseline_runtime: deep_train batch dataset=uab_workload_dataset model=chronaris_public_fusion_simple_concat track=objective group=n_back seed=42 fold=001/002 epoch=003/005 batch=020/205 loss=1.102257 elapsed_s=5.4 status=running
2026-07-02 01:14:50,205 INFO chronaris.pipelines.stage_i.public.deep_baseline_runtime: deep_train batch dataset=uab_workload_dataset model=chronaris_public_fusion_simple_concat track=objective group=n_back seed=42 fold=001/002 epoch=003/005 batch=040/205 loss=1.092175 elapsed_s=5.7 status=running
2026-07-02 01:14:50,428 INFO chronaris.pipelines.stage_i.public.deep_baseline_runtime: deep_train batch dataset=uab_workload_dataset model=chronaris_public_fusion_simple_concat track=objective group=n_back seed=42 fold=001/002 epoch=003/005 batch=060/205 loss=1.100585 elapsed_s=5.9 status=running
2026-07-02 01:14:50,655 INFO chronaris.pipelines.stage_i.public.deep_baseline_runtime: deep_train batch dataset=uab_workload_dataset model=chronaris_public_fusion_simple_concat track=objective group=n_back seed=42 fold=001/002 epoch=003/005 batch=080/205 loss=1.090149 elapsed_s=6.1 status=running
2026-07-02 01:14:50,897 INFO chronaris.pipelines.stage_i.public.deep_baseline_runtime: deep_train batch dataset=uab_workload_dataset model=chronaris_public_fusion_simple_concat track=objective group=n_back seed=42 fold=001/002 epoch=003/005 batch=100/205 loss=1.106399 elapsed_s=6.4 status=running
2026-07-02 01:14:51,124 INFO chronaris.pipelines.stage_i.public.deep_baseline_runtime: deep_train batch dataset=uab_workload_dataset model=chronaris_public_fusion_simple_concat track=objective group=n_back seed=42 fold=001/002 epoch=003/005 batch=120/205 loss=1.091114 elapsed_s=6.6 status=running
2026-07-02 01:14:51,351 INFO chronaris.pipelines.stage_i.public.deep_baseline_runtime: deep_train batch dataset=uab_workload_dataset model=chronaris_public_fusion_simple_concat track=objective group=n_back seed=42 fold=001/002 epoch=003/005 batch=140/205 loss=1.091237 elapsed_s=6.8 status=running
2026-07-02 01:14:51,576 INFO chronaris.pipelines.stage_i.public.deep_baseline_runtime: deep_train batch dataset=uab_workload_dataset model=chronaris_public_fusion_simple_concat track=objective group=n_back seed=42 fold=001/002 epoch=003/005 batch=160/205 loss=1.098853 elapsed_s=7.0 status=running
2026-07-02 01:14:51,803 INFO chronaris.pipelines.stage_i.public.deep_baseline_runtime: deep_train batch dataset=uab_workload_dataset model=chronaris_public_fusion_simple_concat track=objective group=n_back seed=42 fold=001/002 epoch=003/005 batch=180/205 loss=1.103745 elapsed_s=7.3 status=running
2026-07-02 01:14:52,044 INFO chronaris.pipelines.stage_i.public.deep_baseline_runtime: deep_train batch dataset=uab_workload_dataset model=chronaris_public_fusion_simple_concat track=objective group=n_back seed=42 fold=001/002 epoch=003/005 batch=200/205 loss=1.093598 elapsed_s=7.5 status=running
2026-07-02 01:14:52,101 INFO chronaris.pipelines.stage_i.public.deep_baseline_runtime: deep_train batch dataset=uab_workload_dataset model=chronaris_public_fusion_simple_concat track=objective group=n_back seed=42 fold=001/002 epoch=003/005 batch=205/205 loss=1.085097 elapsed_s=7.6 status=running
2026-07-02 01:14:52,102 INFO chronaris.pipelines.stage_i.public.deep_baseline_runtime: deep_train epoch_done dataset=uab_workload_dataset model=chronaris_public_fusion_simple_concat track=objective group=n_back seed=42 fold=001/002 epoch=003/005 train_loss=1.097145 elapsed_s=2.4
2026-07-02 01:14:52,166 INFO chronaris.pipelines.stage_i.public.deep_baseline_runtime: deep_train epoch_start dataset=uab_workload_dataset model=chronaris_public_fusion_simple_concat track=objective group=n_back seed=42 fold=001/002 epoch=004/005 batch_count=205
2026-07-02 01:14:52,236 INFO chronaris.pipelines.stage_i.public.deep_baseline_runtime: deep_train batch dataset=uab_workload_dataset model=chronaris_public_fusion_simple_concat track=objective group=n_back seed=42 fold=001/002 epoch=004/005 batch=001/205 loss=1.087508 elapsed_s=7.7 status=running
2026-07-02 01:14:52,450 INFO chronaris.pipelines.stage_i.public.deep_baseline_runtime: deep_train batch dataset=uab_workload_dataset model=chronaris_public_fusion_simple_concat track=objective group=n_back seed=42 fold=001/002 epoch=004/005 batch=020/205 loss=1.098440 elapsed_s=7.9 status=running
2026-07-02 01:14:52,673 INFO chronaris.pipelines.stage_i.public.deep_baseline_runtime: deep_train batch dataset=uab_workload_dataset model=chronaris_public_fusion_simple_concat track=objective group=n_back seed=42 fold=001/002 epoch=004/005 batch=040/205 loss=1.090602 elapsed_s=8.1 status=running
2026-07-02 01:14:52,920 INFO chronaris.pipelines.stage_i.public.deep_baseline_runtime: deep_train batch dataset=uab_workload_dataset model=chronaris_public_fusion_simple_concat track=objective group=n_back seed=42 fold=001/002 epoch=004/005 batch=060/205 loss=1.099521 elapsed_s=8.4 status=running
2026-07-02 01:14:53,146 INFO chronaris.pipelines.stage_i.public.deep_baseline_runtime: deep_train batch dataset=uab_workload_dataset model=chronaris_public_fusion_simple_concat track=objective group=n_back seed=42 fold=001/002 epoch=004/005 batch=080/205 loss=1.091034 elapsed_s=8.6 status=running
2026-07-02 01:14:53,378 INFO chronaris.pipelines.stage_i.public.deep_baseline_runtime: deep_train batch dataset=uab_workload_dataset model=chronaris_public_fusion_simple_concat track=objective group=n_back seed=42 fold=001/002 epoch=004/005 batch=100/205 loss=1.096296 elapsed_s=8.8 status=running
2026-07-02 01:14:53,608 INFO chronaris.pipelines.stage_i.public.deep_baseline_runtime: deep_train batch dataset=uab_workload_dataset model=chronaris_public_fusion_simple_concat track=objective group=n_back seed=42 fold=001/002 epoch=004/005 batch=120/205 loss=1.090661 elapsed_s=9.1 status=running
2026-07-02 01:14:53,837 INFO chronaris.pipelines.stage_i.public.deep_baseline_runtime: deep_train batch dataset=uab_workload_dataset model=chronaris_public_fusion_simple_concat track=objective group=n_back seed=42 fold=001/002 epoch=004/005 batch=140/205 loss=1.094082 elapsed_s=9.3 status=running
2026-07-02 01:14:54,063 INFO chronaris.pipelines.stage_i.public.deep_baseline_runtime: deep_train batch dataset=uab_workload_dataset model=chronaris_public_fusion_simple_concat track=objective group=n_back seed=42 fold=001/002 epoch=004/005 batch=160/205 loss=1.099973 elapsed_s=9.5 status=running
2026-07-02 01:14:54,286 INFO chronaris.pipelines.stage_i.public.deep_baseline_runtime: deep_train batch dataset=uab_workload_dataset model=chronaris_public_fusion_simple_concat track=objective group=n_back seed=42 fold=001/002 epoch=004/005 batch=180/205 loss=1.091857 elapsed_s=9.8 status=running
2026-07-02 01:14:54,510 INFO chronaris.pipelines.stage_i.public.deep_baseline_runtime: deep_train batch dataset=uab_workload_dataset model=chronaris_public_fusion_simple_concat track=objective group=n_back seed=42 fold=001/002 epoch=004/005 batch=200/205 loss=1.102921 elapsed_s=10.0 status=running
2026-07-02 01:14:54,568 INFO chronaris.pipelines.stage_i.public.deep_baseline_runtime: deep_train batch dataset=uab_workload_dataset model=chronaris_public_fusion_simple_concat track=objective group=n_back seed=42 fold=001/002 epoch=004/005 batch=205/205 loss=1.094223 elapsed_s=10.0 status=running
2026-07-02 01:14:54,569 INFO chronaris.pipelines.stage_i.public.deep_baseline_runtime: deep_train epoch_done dataset=uab_workload_dataset model=chronaris_public_fusion_simple_concat track=objective group=n_back seed=42 fold=001/002 epoch=004/005 train_loss=1.097086 elapsed_s=2.4
2026-07-02 01:14:54,605 INFO chronaris.pipelines.stage_i.public.deep_baseline_runtime: deep_train epoch_start dataset=uab_workload_dataset model=chronaris_public_fusion_simple_concat track=objective group=n_back seed=42 fold=001/002 epoch=005/005 batch_count=205
2026-07-02 01:14:54,625 INFO chronaris.pipelines.stage_i.public.deep_baseline_runtime: deep_train batch dataset=uab_workload_dataset model=chronaris_public_fusion_simple_concat track=objective group=n_back seed=42 fold=001/002 epoch=005/005 batch=001/205 loss=1.099804 elapsed_s=10.1 status=running
2026-07-02 01:14:54,835 INFO chronaris.pipelines.stage_i.public.deep_baseline_runtime: deep_train batch dataset=uab_workload_dataset model=chronaris_public_fusion_simple_concat track=objective group=n_back seed=42 fold=001/002 epoch=005/005 batch=020/205 loss=1.085396 elapsed_s=10.3 status=running
2026-07-02 01:14:55,067 INFO chronaris.pipelines.stage_i.public.deep_baseline_runtime: deep_train batch dataset=uab_workload_dataset model=chronaris_public_fusion_simple_concat track=objective group=n_back seed=42 fold=001/002 epoch=005/005 batch=040/205 loss=1.096214 elapsed_s=10.5 status=running
2026-07-02 01:14:55,291 INFO chronaris.pipelines.stage_i.public.deep_baseline_runtime: deep_train batch dataset=uab_workload_dataset model=chronaris_public_fusion_simple_concat track=objective group=n_back seed=42 fold=001/002 epoch=005/005 batch=060/205 loss=1.099850 elapsed_s=10.8 status=running
2026-07-02 01:14:55,514 INFO chronaris.pipelines.stage_i.public.deep_baseline_runtime: deep_train batch dataset=uab_workload_dataset model=chronaris_public_fusion_simple_concat track=objective group=n_back seed=42 fold=001/002 epoch=005/005 batch=080/205 loss=1.095918 elapsed_s=11.0 status=running
2026-07-02 01:14:55,743 INFO chronaris.pipelines.stage_i.public.deep_baseline_runtime: deep_train batch dataset=uab_workload_dataset model=chronaris_public_fusion_simple_concat track=objective group=n_back seed=42 fold=001/002 epoch=005/005 batch=100/205 loss=1.105984 elapsed_s=11.2 status=running
2026-07-02 01:14:55,968 INFO chronaris.pipelines.stage_i.public.deep_baseline_runtime: deep_train batch dataset=uab_workload_dataset model=chronaris_public_fusion_simple_concat track=objective group=n_back seed=42 fold=001/002 epoch=005/005 batch=120/205 loss=1.096145 elapsed_s=11.4 status=running
2026-07-02 01:14:56,193 INFO chronaris.pipelines.stage_i.public.deep_baseline_runtime: deep_train batch dataset=uab_workload_dataset model=chronaris_public_fusion_simple_concat track=objective group=n_back seed=42 fold=001/002 epoch=005/005 batch=140/205 loss=1.085161 elapsed_s=11.7 status=running
2026-07-02 01:14:56,421 INFO chronaris.pipelines.stage_i.public.deep_baseline_runtime: deep_train batch dataset=uab_workload_dataset model=chronaris_public_fusion_simple_concat track=objective group=n_back seed=42 fold=001/002 epoch=005/005 batch=160/205 loss=1.093713 elapsed_s=11.9 status=running
2026-07-02 01:14:56,645 INFO chronaris.pipelines.stage_i.public.deep_baseline_runtime: deep_train batch dataset=uab_workload_dataset model=chronaris_public_fusion_simple_concat track=objective group=n_back seed=42 fold=001/002 epoch=005/005 batch=180/205 loss=1.099743 elapsed_s=12.1 status=running
2026-07-02 01:14:56,871 INFO chronaris.pipelines.stage_i.public.deep_baseline_runtime: deep_train batch dataset=uab_workload_dataset model=chronaris_public_fusion_simple_concat track=objective group=n_back seed=42 fold=001/002 epoch=005/005 batch=200/205 loss=1.084358 elapsed_s=12.3 status=running
2026-07-02 01:14:56,928 INFO chronaris.pipelines.stage_i.public.deep_baseline_runtime: deep_train batch dataset=uab_workload_dataset model=chronaris_public_fusion_simple_concat track=objective group=n_back seed=42 fold=001/002 epoch=005/005 batch=205/205 loss=1.095981 elapsed_s=12.4 status=running
2026-07-02 01:14:56,930 INFO chronaris.pipelines.stage_i.public.deep_baseline_runtime: deep_train epoch_done dataset=uab_workload_dataset model=chronaris_public_fusion_simple_concat track=objective group=n_back seed=42 fold=001/002 epoch=005/005 train_loss=1.096688 elapsed_s=2.3
2026-07-02 01:14:56,965 INFO chronaris.pipelines.stage_i.public.deep_baseline_runtime: deep_train fold_done dataset=uab_workload_dataset model=chronaris_public_fusion_simple_concat track=objective group=n_back seed=42 fold=001/002 elapsed_s=12.4
2026-07-02 01:15:00,801 INFO chronaris.pipelines.stage_i.public.deep_baseline_runtime: deep_train fold_start dataset=uab_workload_dataset model=chronaris_public_fusion_simple_concat track=objective group=n_back seed=42 fold=002/002 split_group=subject_02 task=classification train_count=26176 epochs=5 batch_size=128
2026-07-02 01:15:00,804 INFO chronaris.pipelines.stage_i.public.deep_baseline_runtime: deep_train epoch_start dataset=uab_workload_dataset model=chronaris_public_fusion_simple_concat track=objective group=n_back seed=42 fold=002/002 epoch=001/005 batch_count=205
2026-07-02 01:15:00,826 INFO chronaris.pipelines.stage_i.public.deep_baseline_runtime: deep_train batch dataset=uab_workload_dataset model=chronaris_public_fusion_simple_concat track=objective group=n_back seed=42 fold=002/002 epoch=001/005 batch=001/205 loss=1.099935 elapsed_s=0.0 status=running
2026-07-02 01:15:01,112 INFO chronaris.pipelines.stage_i.public.deep_baseline_runtime: deep_train batch dataset=uab_workload_dataset model=chronaris_public_fusion_simple_concat track=objective group=n_back seed=42 fold=002/002 epoch=001/005 batch=020/205 loss=1.099526 elapsed_s=0.3 status=running
2026-07-02 01:15:01,338 INFO chronaris.pipelines.stage_i.public.deep_baseline_runtime: deep_train batch dataset=uab_workload_dataset model=chronaris_public_fusion_simple_concat track=objective group=n_back seed=42 fold=002/002 epoch=001/005 batch=040/205 loss=1.083847 elapsed_s=0.5 status=running
2026-07-02 01:15:01,562 INFO chronaris.pipelines.stage_i.public.deep_baseline_runtime: deep_train batch dataset=uab_workload_dataset model=chronaris_public_fusion_simple_concat track=objective group=n_back seed=42 fold=002/002 epoch=001/005 batch=060/205 loss=1.102026 elapsed_s=0.8 status=running
2026-07-02 01:15:01,784 INFO chronaris.pipelines.stage_i.public.deep_baseline_runtime: deep_train batch dataset=uab_workload_dataset model=chronaris_public_fusion_simple_concat track=objective group=n_back seed=42 fold=002/002 epoch=001/005 batch=080/205 loss=1.100920 elapsed_s=1.0 status=running
2026-07-02 01:15:02,012 INFO chronaris.pipelines.stage_i.public.deep_baseline_runtime: deep_train batch dataset=uab_workload_dataset model=chronaris_public_fusion_simple_concat track=objective group=n_back seed=42 fold=002/002 epoch=001/005 batch=100/205 loss=1.092223 elapsed_s=1.2 status=running
2026-07-02 01:15:02,236 INFO chronaris.pipelines.stage_i.public.deep_baseline_runtime: deep_train batch dataset=uab_workload_dataset model=chronaris_public_fusion_simple_concat track=objective group=n_back seed=42 fold=002/002 epoch=001/005 batch=120/205 loss=1.090966 elapsed_s=1.4 status=running
2026-07-02 01:15:02,457 INFO chronaris.pipelines.stage_i.public.deep_baseline_runtime: deep_train batch dataset=uab_workload_dataset model=chronaris_public_fusion_simple_concat track=objective group=n_back seed=42 fold=002/002 epoch=001/005 batch=140/205 loss=1.103117 elapsed_s=1.7 status=running
2026-07-02 01:15:02,698 INFO chronaris.pipelines.stage_i.public.deep_baseline_runtime: deep_train batch dataset=uab_workload_dataset model=chronaris_public_fusion_simple_concat track=objective group=n_back seed=42 fold=002/002 epoch=001/005 batch=160/205 loss=1.107540 elapsed_s=1.9 status=running
2026-07-02 01:15:02,924 INFO chronaris.pipelines.stage_i.public.deep_baseline_runtime: deep_train batch dataset=uab_workload_dataset model=chronaris_public_fusion_simple_concat track=objective group=n_back seed=42 fold=002/002 epoch=001/005 batch=180/205 loss=1.101241 elapsed_s=2.1 status=running
2026-07-02 01:15:03,148 INFO chronaris.pipelines.stage_i.public.deep_baseline_runtime: deep_train batch dataset=uab_workload_dataset model=chronaris_public_fusion_simple_concat track=objective group=n_back seed=42 fold=002/002 epoch=001/005 batch=200/205 loss=1.096471 elapsed_s=2.3 status=running
2026-07-02 01:15:03,208 INFO chronaris.pipelines.stage_i.public.deep_baseline_runtime: deep_train batch dataset=uab_workload_dataset model=chronaris_public_fusion_simple_concat track=objective group=n_back seed=42 fold=002/002 epoch=001/005 batch=205/205 loss=1.089795 elapsed_s=2.4 status=running
2026-07-02 01:15:03,210 INFO chronaris.pipelines.stage_i.public.deep_baseline_runtime: deep_train epoch_done dataset=uab_workload_dataset model=chronaris_public_fusion_simple_concat track=objective group=n_back seed=42 fold=002/002 epoch=001/005 train_loss=1.100304 elapsed_s=2.4
2026-07-02 01:15:03,247 INFO chronaris.pipelines.stage_i.public.deep_baseline_runtime: deep_train epoch_start dataset=uab_workload_dataset model=chronaris_public_fusion_simple_concat track=objective group=n_back seed=42 fold=002/002 epoch=002/005 batch_count=205
2026-07-02 01:15:03,266 INFO chronaris.pipelines.stage_i.public.deep_baseline_runtime: deep_train batch dataset=uab_workload_dataset model=chronaris_public_fusion_simple_concat track=objective group=n_back seed=42 fold=002/002 epoch=002/005 batch=001/205 loss=1.091231 elapsed_s=2.5 status=running
2026-07-02 01:15:03,473 INFO chronaris.pipelines.stage_i.public.deep_baseline_runtime: deep_train batch dataset=uab_workload_dataset model=chronaris_public_fusion_simple_concat track=objective group=n_back seed=42 fold=002/002 epoch=002/005 batch=020/205 loss=1.099657 elapsed_s=2.7 status=running
2026-07-02 01:15:03,701 INFO chronaris.pipelines.stage_i.public.deep_baseline_runtime: deep_train batch dataset=uab_workload_dataset model=chronaris_public_fusion_simple_concat track=objective group=n_back seed=42 fold=002/002 epoch=002/005 batch=040/205 loss=1.101692 elapsed_s=2.9 status=running
2026-07-02 01:15:03,925 INFO chronaris.pipelines.stage_i.public.deep_baseline_runtime: deep_train batch dataset=uab_workload_dataset model=chronaris_public_fusion_simple_concat track=objective group=n_back seed=42 fold=002/002 epoch=002/005 batch=060/205 loss=1.093873 elapsed_s=3.1 status=running
2026-07-02 01:15:04,145 INFO chronaris.pipelines.stage_i.public.deep_baseline_runtime: deep_train batch dataset=uab_workload_dataset model=chronaris_public_fusion_simple_concat track=objective group=n_back seed=42 fold=002/002 epoch=002/005 batch=080/205 loss=1.101195 elapsed_s=3.3 status=running
2026-07-02 01:15:04,366 INFO chronaris.pipelines.stage_i.public.deep_baseline_runtime: deep_train batch dataset=uab_workload_dataset model=chronaris_public_fusion_simple_concat track=objective group=n_back seed=42 fold=002/002 epoch=002/005 batch=100/205 loss=1.085033 elapsed_s=3.6 status=running
2026-07-02 01:15:04,593 INFO chronaris.pipelines.stage_i.public.deep_baseline_runtime: deep_train batch dataset=uab_workload_dataset model=chronaris_public_fusion_simple_concat track=objective group=n_back seed=42 fold=002/002 epoch=002/005 batch=120/205 loss=1.092887 elapsed_s=3.8 status=running
2026-07-02 01:15:04,815 INFO chronaris.pipelines.stage_i.public.deep_baseline_runtime: deep_train batch dataset=uab_workload_dataset model=chronaris_public_fusion_simple_concat track=objective group=n_back seed=42 fold=002/002 epoch=002/005 batch=140/205 loss=1.102858 elapsed_s=4.0 status=running
2026-07-02 01:15:05,037 INFO chronaris.pipelines.stage_i.public.deep_baseline_runtime: deep_train batch dataset=uab_workload_dataset model=chronaris_public_fusion_simple_concat track=objective group=n_back seed=42 fold=002/002 epoch=002/005 batch=160/205 loss=1.094382 elapsed_s=4.2 status=running
2026-07-02 01:15:05,259 INFO chronaris.pipelines.stage_i.public.deep_baseline_runtime: deep_train batch dataset=uab_workload_dataset model=chronaris_public_fusion_simple_concat track=objective group=n_back seed=42 fold=002/002 epoch=002/005 batch=180/205 loss=1.099751 elapsed_s=4.5 status=running
2026-07-02 01:15:05,486 INFO chronaris.pipelines.stage_i.public.deep_baseline_runtime: deep_train batch dataset=uab_workload_dataset model=chronaris_public_fusion_simple_concat track=objective group=n_back seed=42 fold=002/002 epoch=002/005 batch=200/205 loss=1.094544 elapsed_s=4.7 status=running
2026-07-02 01:15:05,547 INFO chronaris.pipelines.stage_i.public.deep_baseline_runtime: deep_train batch dataset=uab_workload_dataset model=chronaris_public_fusion_simple_concat track=objective group=n_back seed=42 fold=002/002 epoch=002/005 batch=205/205 loss=1.080413 elapsed_s=4.7 status=running
2026-07-02 01:15:05,549 INFO chronaris.pipelines.stage_i.public.deep_baseline_runtime: deep_train epoch_done dataset=uab_workload_dataset model=chronaris_public_fusion_simple_concat track=objective group=n_back seed=42 fold=002/002 epoch=002/005 train_loss=1.097869 elapsed_s=2.3
2026-07-02 01:15:05,590 INFO chronaris.pipelines.stage_i.public.deep_baseline_runtime: deep_train epoch_start dataset=uab_workload_dataset model=chronaris_public_fusion_simple_concat track=objective group=n_back seed=42 fold=002/002 epoch=003/005 batch_count=205
2026-07-02 01:15:05,604 INFO chronaris.pipelines.stage_i.public.deep_baseline_runtime: deep_train batch dataset=uab_workload_dataset model=chronaris_public_fusion_simple_concat track=objective group=n_back seed=42 fold=002/002 epoch=003/005 batch=001/205 loss=1.095027 elapsed_s=4.8 status=running
2026-07-02 01:15:05,817 INFO chronaris.pipelines.stage_i.public.deep_baseline_runtime: deep_train batch dataset=uab_workload_dataset model=chronaris_public_fusion_simple_concat track=objective group=n_back seed=42 fold=002/002 epoch=003/005 batch=020/205 loss=1.100583 elapsed_s=5.0 status=running
2026-07-02 01:15:06,038 INFO chronaris.pipelines.stage_i.public.deep_baseline_runtime: deep_train batch dataset=uab_workload_dataset model=chronaris_public_fusion_simple_concat track=objective group=n_back seed=42 fold=002/002 epoch=003/005 batch=040/205 loss=1.104383 elapsed_s=5.2 status=running
2026-07-02 01:15:06,257 INFO chronaris.pipelines.stage_i.public.deep_baseline_runtime: deep_train batch dataset=uab_workload_dataset model=chronaris_public_fusion_simple_concat track=objective group=n_back seed=42 fold=002/002 epoch=003/005 batch=060/205 loss=1.094633 elapsed_s=5.5 status=running
2026-07-02 01:15:06,482 INFO chronaris.pipelines.stage_i.public.deep_baseline_runtime: deep_train batch dataset=uab_workload_dataset model=chronaris_public_fusion_simple_concat track=objective group=n_back seed=42 fold=002/002 epoch=003/005 batch=080/205 loss=1.092858 elapsed_s=5.7 status=running
2026-07-02 01:15:06,704 INFO chronaris.pipelines.stage_i.public.deep_baseline_runtime: deep_train batch dataset=uab_workload_dataset model=chronaris_public_fusion_simple_concat track=objective group=n_back seed=42 fold=002/002 epoch=003/005 batch=100/205 loss=1.099698 elapsed_s=5.9 status=running
2026-07-02 01:15:06,924 INFO chronaris.pipelines.stage_i.public.deep_baseline_runtime: deep_train batch dataset=uab_workload_dataset model=chronaris_public_fusion_simple_concat track=objective group=n_back seed=42 fold=002/002 epoch=003/005 batch=120/205 loss=1.090006 elapsed_s=6.1 status=running
2026-07-02 01:15:07,145 INFO chronaris.pipelines.stage_i.public.deep_baseline_runtime: deep_train batch dataset=uab_workload_dataset model=chronaris_public_fusion_simple_concat track=objective group=n_back seed=42 fold=002/002 epoch=003/005 batch=140/205 loss=1.093319 elapsed_s=6.3 status=running
2026-07-02 01:15:07,383 INFO chronaris.pipelines.stage_i.public.deep_baseline_runtime: deep_train batch dataset=uab_workload_dataset model=chronaris_public_fusion_simple_concat track=objective group=n_back seed=42 fold=002/002 epoch=003/005 batch=160/205 loss=1.097025 elapsed_s=6.6 status=running
2026-07-02 01:15:07,605 INFO chronaris.pipelines.stage_i.public.deep_baseline_runtime: deep_train batch dataset=uab_workload_dataset model=chronaris_public_fusion_simple_concat track=objective group=n_back seed=42 fold=002/002 epoch=003/005 batch=180/205 loss=1.097983 elapsed_s=6.8 status=running
2026-07-02 01:15:07,831 INFO chronaris.pipelines.stage_i.public.deep_baseline_runtime: deep_train batch dataset=uab_workload_dataset model=chronaris_public_fusion_simple_concat track=objective group=n_back seed=42 fold=002/002 epoch=003/005 batch=200/205 loss=1.096838 elapsed_s=7.0 status=running
2026-07-02 01:15:07,890 INFO chronaris.pipelines.stage_i.public.deep_baseline_runtime: deep_train batch dataset=uab_workload_dataset model=chronaris_public_fusion_simple_concat track=objective group=n_back seed=42 fold=002/002 epoch=003/005 batch=205/205 loss=1.087393 elapsed_s=7.1 status=running
2026-07-02 01:15:07,893 INFO chronaris.pipelines.stage_i.public.deep_baseline_runtime: deep_train epoch_done dataset=uab_workload_dataset model=chronaris_public_fusion_simple_concat track=objective group=n_back seed=42 fold=002/002 epoch=003/005 train_loss=1.097605 elapsed_s=2.3
2026-07-02 01:15:07,930 INFO chronaris.pipelines.stage_i.public.deep_baseline_runtime: deep_train epoch_start dataset=uab_workload_dataset model=chronaris_public_fusion_simple_concat track=objective group=n_back seed=42 fold=002/002 epoch=004/005 batch_count=205
2026-07-02 01:15:07,944 INFO chronaris.pipelines.stage_i.public.deep_baseline_runtime: deep_train batch dataset=uab_workload_dataset model=chronaris_public_fusion_simple_concat track=objective group=n_back seed=42 fold=002/002 epoch=004/005 batch=001/205 loss=1.101415 elapsed_s=7.1 status=running
2026-07-02 01:15:08,153 INFO chronaris.pipelines.stage_i.public.deep_baseline_runtime: deep_train batch dataset=uab_workload_dataset model=chronaris_public_fusion_simple_concat track=objective group=n_back seed=42 fold=002/002 epoch=004/005 batch=020/205 loss=1.093671 elapsed_s=7.3 status=running
2026-07-02 01:15:08,371 INFO chronaris.pipelines.stage_i.public.deep_baseline_runtime: deep_train batch dataset=uab_workload_dataset model=chronaris_public_fusion_simple_concat track=objective group=n_back seed=42 fold=002/002 epoch=004/005 batch=040/205 loss=1.095241 elapsed_s=7.6 status=running
2026-07-02 01:15:08,589 INFO chronaris.pipelines.stage_i.public.deep_baseline_runtime: deep_train batch dataset=uab_workload_dataset model=chronaris_public_fusion_simple_concat track=objective group=n_back seed=42 fold=002/002 epoch=004/005 batch=060/205 loss=1.098922 elapsed_s=7.8 status=running
2026-07-02 01:15:08,820 INFO chronaris.pipelines.stage_i.public.deep_baseline_runtime: deep_train batch dataset=uab_workload_dataset model=chronaris_public_fusion_simple_concat track=objective group=n_back seed=42 fold=002/002 epoch=004/005 batch=080/205 loss=1.106196 elapsed_s=8.0 status=running
2026-07-02 01:15:09,040 INFO chronaris.pipelines.stage_i.public.deep_baseline_runtime: deep_train batch dataset=uab_workload_dataset model=chronaris_public_fusion_simple_concat track=objective group=n_back seed=42 fold=002/002 epoch=004/005 batch=100/205 loss=1.102193 elapsed_s=8.2 status=running
2026-07-02 01:15:09,260 INFO chronaris.pipelines.stage_i.public.deep_baseline_runtime: deep_train batch dataset=uab_workload_dataset model=chronaris_public_fusion_simple_concat track=objective group=n_back seed=42 fold=002/002 epoch=004/005 batch=120/205 loss=1.088172 elapsed_s=8.5 status=running
2026-07-02 01:15:09,486 INFO chronaris.pipelines.stage_i.public.deep_baseline_runtime: deep_train batch dataset=uab_workload_dataset model=chronaris_public_fusion_simple_concat track=objective group=n_back seed=42 fold=002/002 epoch=004/005 batch=140/205 loss=1.093753 elapsed_s=8.7 status=running
2026-07-02 01:15:09,710 INFO chronaris.pipelines.stage_i.public.deep_baseline_runtime: deep_train batch dataset=uab_workload_dataset model=chronaris_public_fusion_simple_concat track=objective group=n_back seed=42 fold=002/002 epoch=004/005 batch=160/205 loss=1.095718 elapsed_s=8.9 status=running
2026-07-02 01:15:09,933 INFO chronaris.pipelines.stage_i.public.deep_baseline_runtime: deep_train batch dataset=uab_workload_dataset model=chronaris_public_fusion_simple_concat track=objective group=n_back seed=42 fold=002/002 epoch=004/005 batch=180/205 loss=1.097438 elapsed_s=9.1 status=running
2026-07-02 01:15:10,163 INFO chronaris.pipelines.stage_i.public.deep_baseline_runtime: deep_train batch dataset=uab_workload_dataset model=chronaris_public_fusion_simple_concat track=objective group=n_back seed=42 fold=002/002 epoch=004/005 batch=200/205 loss=1.108101 elapsed_s=9.4 status=running
2026-07-02 01:15:10,220 INFO chronaris.pipelines.stage_i.public.deep_baseline_runtime: deep_train batch dataset=uab_workload_dataset model=chronaris_public_fusion_simple_concat track=objective group=n_back seed=42 fold=002/002 epoch=004/005 batch=205/205 loss=1.099887 elapsed_s=9.4 status=running
2026-07-02 01:15:10,223 INFO chronaris.pipelines.stage_i.public.deep_baseline_runtime: deep_train epoch_done dataset=uab_workload_dataset model=chronaris_public_fusion_simple_concat track=objective group=n_back seed=42 fold=002/002 epoch=004/005 train_loss=1.097386 elapsed_s=2.3
2026-07-02 01:15:10,258 INFO chronaris.pipelines.stage_i.public.deep_baseline_runtime: deep_train epoch_start dataset=uab_workload_dataset model=chronaris_public_fusion_simple_concat track=objective group=n_back seed=42 fold=002/002 epoch=005/005 batch_count=205
2026-07-02 01:15:10,276 INFO chronaris.pipelines.stage_i.public.deep_baseline_runtime: deep_train batch dataset=uab_workload_dataset model=chronaris_public_fusion_simple_concat track=objective group=n_back seed=42 fold=002/002 epoch=005/005 batch=001/205 loss=1.086778 elapsed_s=9.5 status=running
2026-07-02 01:15:10,539 INFO chronaris.pipelines.stage_i.public.deep_baseline_runtime: deep_train batch dataset=uab_workload_dataset model=chronaris_public_fusion_simple_concat track=objective group=n_back seed=42 fold=002/002 epoch=005/005 batch=020/205 loss=1.090254 elapsed_s=9.7 status=running
2026-07-02 01:15:10,761 INFO chronaris.pipelines.stage_i.public.deep_baseline_runtime: deep_train batch dataset=uab_workload_dataset model=chronaris_public_fusion_simple_concat track=objective group=n_back seed=42 fold=002/002 epoch=005/005 batch=040/205 loss=1.108843 elapsed_s=10.0 status=running
2026-07-02 01:15:10,987 INFO chronaris.pipelines.stage_i.public.deep_baseline_runtime: deep_train batch dataset=uab_workload_dataset model=chronaris_public_fusion_simple_concat track=objective group=n_back seed=42 fold=002/002 epoch=005/005 batch=060/205 loss=1.097667 elapsed_s=10.2 status=running
2026-07-02 01:15:11,215 INFO chronaris.pipelines.stage_i.public.deep_baseline_runtime: deep_train batch dataset=uab_workload_dataset model=chronaris_public_fusion_simple_concat track=objective group=n_back seed=42 fold=002/002 epoch=005/005 batch=080/205 loss=1.100987 elapsed_s=10.4 status=running
2026-07-02 01:15:11,446 INFO chronaris.pipelines.stage_i.public.deep_baseline_runtime: deep_train batch dataset=uab_workload_dataset model=chronaris_public_fusion_simple_concat track=objective group=n_back seed=42 fold=002/002 epoch=005/005 batch=100/205 loss=1.102879 elapsed_s=10.6 status=running
2026-07-02 01:15:11,676 INFO chronaris.pipelines.stage_i.public.deep_baseline_runtime: deep_train batch dataset=uab_workload_dataset model=chronaris_public_fusion_simple_concat track=objective group=n_back seed=42 fold=002/002 epoch=005/005 batch=120/205 loss=1.094232 elapsed_s=10.9 status=running
2026-07-02 01:15:11,901 INFO chronaris.pipelines.stage_i.public.deep_baseline_runtime: deep_train batch dataset=uab_workload_dataset model=chronaris_public_fusion_simple_concat track=objective group=n_back seed=42 fold=002/002 epoch=005/005 batch=140/205 loss=1.087655 elapsed_s=11.1 status=running
2026-07-02 01:15:12,131 INFO chronaris.pipelines.stage_i.public.deep_baseline_runtime: deep_train batch dataset=uab_workload_dataset model=chronaris_public_fusion_simple_concat track=objective group=n_back seed=42 fold=002/002 epoch=005/005 batch=160/205 loss=1.099038 elapsed_s=11.3 status=running
2026-07-02 01:15:12,355 INFO chronaris.pipelines.stage_i.public.deep_baseline_runtime: deep_train batch dataset=uab_workload_dataset model=chronaris_public_fusion_simple_concat track=objective group=n_back seed=42 fold=002/002 epoch=005/005 batch=180/205 loss=1.100590 elapsed_s=11.6 status=running
2026-07-02 01:15:12,581 INFO chronaris.pipelines.stage_i.public.deep_baseline_runtime: deep_train batch dataset=uab_workload_dataset model=chronaris_public_fusion_simple_concat track=objective group=n_back seed=42 fold=002/002 epoch=005/005 batch=200/205 loss=1.080802 elapsed_s=11.8 status=running
2026-07-02 01:15:12,641 INFO chronaris.pipelines.stage_i.public.deep_baseline_runtime: deep_train batch dataset=uab_workload_dataset model=chronaris_public_fusion_simple_concat track=objective group=n_back seed=42 fold=002/002 epoch=005/005 batch=205/205 loss=1.104140 elapsed_s=11.8 status=running
2026-07-02 01:15:12,645 INFO chronaris.pipelines.stage_i.public.deep_baseline_runtime: deep_train epoch_done dataset=uab_workload_dataset model=chronaris_public_fusion_simple_concat track=objective group=n_back seed=42 fold=002/002 epoch=005/005 train_loss=1.096790 elapsed_s=2.4
2026-07-02 01:15:12,678 INFO chronaris.pipelines.stage_i.public.deep_baseline_runtime: deep_train fold_done dataset=uab_workload_dataset model=chronaris_public_fusion_simple_concat track=objective group=n_back seed=42 fold=002/002 elapsed_s=11.9
2026-07-02 01:15:15,862 INFO chronaris.pipelines.stage_i.public.deep_baseline_runtime: deep_train fold_start dataset=uab_workload_dataset model=chronaris_public_fusion_simple_concat track=objective group=heat_the_chair seed=42 fold=001/002 split_group=subject_01 task=classification train_count=5116 epochs=5 batch_size=128
2026-07-02 01:15:15,865 INFO chronaris.pipelines.stage_i.public.deep_baseline_runtime: deep_train epoch_start dataset=uab_workload_dataset model=chronaris_public_fusion_simple_concat track=objective group=heat_the_chair seed=42 fold=001/002 epoch=001/005 batch_count=40
2026-07-02 01:15:15,891 INFO chronaris.pipelines.stage_i.public.deep_baseline_runtime: deep_train batch dataset=uab_workload_dataset model=chronaris_public_fusion_simple_concat track=objective group=heat_the_chair seed=42 fold=001/002 epoch=001/005 batch=001/040 loss=0.703742 elapsed_s=0.0 status=running
2026-07-02 01:15:16,196 INFO chronaris.pipelines.stage_i.public.deep_baseline_runtime: deep_train batch dataset=uab_workload_dataset model=chronaris_public_fusion_simple_concat track=objective group=heat_the_chair seed=42 fold=001/002 epoch=001/005 batch=020/040 loss=0.700251 elapsed_s=0.3 status=running
2026-07-02 01:15:16,420 INFO chronaris.pipelines.stage_i.public.deep_baseline_runtime: deep_train batch dataset=uab_workload_dataset model=chronaris_public_fusion_simple_concat track=objective group=heat_the_chair seed=42 fold=001/002 epoch=001/005 batch=040/040 loss=0.678774 elapsed_s=0.6 status=running
2026-07-02 01:15:16,423 INFO chronaris.pipelines.stage_i.public.deep_baseline_runtime: deep_train epoch_done dataset=uab_workload_dataset model=chronaris_public_fusion_simple_concat track=objective group=heat_the_chair seed=42 fold=001/002 epoch=001/005 train_loss=0.690525 elapsed_s=0.6
2026-07-02 01:15:16,458 INFO chronaris.pipelines.stage_i.public.deep_baseline_runtime: deep_train epoch_start dataset=uab_workload_dataset model=chronaris_public_fusion_simple_concat track=objective group=heat_the_chair seed=42 fold=001/002 epoch=002/005 batch_count=40
2026-07-02 01:15:16,473 INFO chronaris.pipelines.stage_i.public.deep_baseline_runtime: deep_train batch dataset=uab_workload_dataset model=chronaris_public_fusion_simple_concat track=objective group=heat_the_chair seed=42 fold=001/002 epoch=002/005 batch=001/040 loss=0.679316 elapsed_s=0.6 status=running
2026-07-02 01:15:16,689 INFO chronaris.pipelines.stage_i.public.deep_baseline_runtime: deep_train batch dataset=uab_workload_dataset model=chronaris_public_fusion_simple_concat track=objective group=heat_the_chair seed=42 fold=001/002 epoch=002/005 batch=020/040 loss=0.690917 elapsed_s=0.8 status=running
2026-07-02 01:15:16,916 INFO chronaris.pipelines.stage_i.public.deep_baseline_runtime: deep_train batch dataset=uab_workload_dataset model=chronaris_public_fusion_simple_concat track=objective group=heat_the_chair seed=42 fold=001/002 epoch=002/005 batch=040/040 loss=0.677085 elapsed_s=1.1 status=running
2026-07-02 01:15:16,920 INFO chronaris.pipelines.stage_i.public.deep_baseline_runtime: deep_train epoch_done dataset=uab_workload_dataset model=chronaris_public_fusion_simple_concat track=objective group=heat_the_chair seed=42 fold=001/002 epoch=002/005 train_loss=0.687196 elapsed_s=0.5
2026-07-02 01:15:16,955 INFO chronaris.pipelines.stage_i.public.deep_baseline_runtime: deep_train epoch_start dataset=uab_workload_dataset model=chronaris_public_fusion_simple_concat track=objective group=heat_the_chair seed=42 fold=001/002 epoch=003/005 batch_count=40
2026-07-02 01:15:17,024 INFO chronaris.pipelines.stage_i.public.deep_baseline_runtime: deep_train batch dataset=uab_workload_dataset model=chronaris_public_fusion_simple_concat track=objective group=heat_the_chair seed=42 fold=001/002 epoch=003/005 batch=001/040 loss=0.684717 elapsed_s=1.2 status=running
2026-07-02 01:15:17,244 INFO chronaris.pipelines.stage_i.public.deep_baseline_runtime: deep_train batch dataset=uab_workload_dataset model=chronaris_public_fusion_simple_concat track=objective group=heat_the_chair seed=42 fold=001/002 epoch=003/005 batch=020/040 loss=0.671685 elapsed_s=1.4 status=running
2026-07-02 01:15:17,472 INFO chronaris.pipelines.stage_i.public.deep_baseline_runtime: deep_train batch dataset=uab_workload_dataset model=chronaris_public_fusion_simple_concat track=objective group=heat_the_chair seed=42 fold=001/002 epoch=003/005 batch=040/040 loss=0.696628 elapsed_s=1.6 status=running
2026-07-02 01:15:17,475 INFO chronaris.pipelines.stage_i.public.deep_baseline_runtime: deep_train epoch_done dataset=uab_workload_dataset model=chronaris_public_fusion_simple_concat track=objective group=heat_the_chair seed=42 fold=001/002 epoch=003/005 train_loss=0.685393 elapsed_s=0.5
2026-07-02 01:15:17,511 INFO chronaris.pipelines.stage_i.public.deep_baseline_runtime: deep_train epoch_start dataset=uab_workload_dataset model=chronaris_public_fusion_simple_concat track=objective group=heat_the_chair seed=42 fold=001/002 epoch=004/005 batch_count=40
2026-07-02 01:15:17,529 INFO chronaris.pipelines.stage_i.public.deep_baseline_runtime: deep_train batch dataset=uab_workload_dataset model=chronaris_public_fusion_simple_concat track=objective group=heat_the_chair seed=42 fold=001/002 epoch=004/005 batch=001/040 loss=0.681220 elapsed_s=1.7 status=running
2026-07-02 01:15:17,746 INFO chronaris.pipelines.stage_i.public.deep_baseline_runtime: deep_train batch dataset=uab_workload_dataset model=chronaris_public_fusion_simple_concat track=objective group=heat_the_chair seed=42 fold=001/002 epoch=004/005 batch=020/040 loss=0.680470 elapsed_s=1.9 status=running
2026-07-02 01:15:17,981 INFO chronaris.pipelines.stage_i.public.deep_baseline_runtime: deep_train batch dataset=uab_workload_dataset model=chronaris_public_fusion_simple_concat track=objective group=heat_the_chair seed=42 fold=001/002 epoch=004/005 batch=040/040 loss=0.702449 elapsed_s=2.1 status=running
2026-07-02 01:15:17,984 INFO chronaris.pipelines.stage_i.public.deep_baseline_runtime: deep_train epoch_done dataset=uab_workload_dataset model=chronaris_public_fusion_simple_concat track=objective group=heat_the_chair seed=42 fold=001/002 epoch=004/005 train_loss=0.685546 elapsed_s=0.5
2026-07-02 01:15:18,021 INFO chronaris.pipelines.stage_i.public.deep_baseline_runtime: deep_train epoch_start dataset=uab_workload_dataset model=chronaris_public_fusion_simple_concat track=objective group=heat_the_chair seed=42 fold=001/002 epoch=005/005 batch_count=40
2026-07-02 01:15:18,041 INFO chronaris.pipelines.stage_i.public.deep_baseline_runtime: deep_train batch dataset=uab_workload_dataset model=chronaris_public_fusion_simple_concat track=objective group=heat_the_chair seed=42 fold=001/002 epoch=005/005 batch=001/040 loss=0.680523 elapsed_s=2.2 status=running
2026-07-02 01:15:19,229 INFO chronaris.pipelines.stage_i.public.deep_baseline_runtime: deep_train batch dataset=uab_workload_dataset model=chronaris_public_fusion_simple_concat track=objective group=heat_the_chair seed=42 fold=001/002 epoch=005/005 batch=020/040 loss=0.684543 elapsed_s=2.5 status=running
2026-07-02 01:15:21,470 INFO chronaris.pipelines.stage_i.public.deep_baseline_runtime: deep_train batch dataset=uab_workload_dataset model=chronaris_public_fusion_simple_concat track=objective group=heat_the_chair seed=42 fold=001/002 epoch=005/005 batch=040/040 loss=0.690404 elapsed_s=2.7 status=running
2026-07-02 01:15:21,474 INFO chronaris.pipelines.stage_i.public.deep_baseline_runtime: deep_train epoch_done dataset=uab_workload_dataset model=chronaris_public_fusion_simple_concat track=objective group=heat_the_chair seed=42 fold=001/002 epoch=005/005 train_loss=0.683508 elapsed_s=0.6
2026-07-02 01:15:21,514 INFO chronaris.pipelines.stage_i.public.deep_baseline_runtime: deep_train fold_done dataset=uab_workload_dataset model=chronaris_public_fusion_simple_concat track=objective group=heat_the_chair seed=42 fold=001/002 elapsed_s=2.7
2026-07-02 01:15:23,067 INFO chronaris.pipelines.stage_i.public.deep_baseline_runtime: deep_train fold_start dataset=uab_workload_dataset model=chronaris_public_fusion_simple_concat track=objective group=heat_the_chair seed=42 fold=002/002 split_group=subject_02 task=classification train_count=5126 epochs=5 batch_size=128
2026-07-02 01:15:23,071 INFO chronaris.pipelines.stage_i.public.deep_baseline_runtime: deep_train epoch_start dataset=uab_workload_dataset model=chronaris_public_fusion_simple_concat track=objective group=heat_the_chair seed=42 fold=002/002 epoch=001/005 batch_count=41
2026-07-02 01:15:23,091 INFO chronaris.pipelines.stage_i.public.deep_baseline_runtime: deep_train batch dataset=uab_workload_dataset model=chronaris_public_fusion_simple_concat track=objective group=heat_the_chair seed=42 fold=002/002 epoch=001/005 batch=001/041 loss=0.698857 elapsed_s=0.0 status=running
2026-07-02 01:15:23,305 INFO chronaris.pipelines.stage_i.public.deep_baseline_runtime: deep_train batch dataset=uab_workload_dataset model=chronaris_public_fusion_simple_concat track=objective group=heat_the_chair seed=42 fold=002/002 epoch=001/005 batch=020/041 loss=0.708651 elapsed_s=0.2 status=running
2026-07-02 01:15:23,532 INFO chronaris.pipelines.stage_i.public.deep_baseline_runtime: deep_train batch dataset=uab_workload_dataset model=chronaris_public_fusion_simple_concat track=objective group=heat_the_chair seed=42 fold=002/002 epoch=001/005 batch=040/041 loss=0.681233 elapsed_s=0.5 status=running
2026-07-02 01:15:23,545 INFO chronaris.pipelines.stage_i.public.deep_baseline_runtime: deep_train batch dataset=uab_workload_dataset model=chronaris_public_fusion_simple_concat track=objective group=heat_the_chair seed=42 fold=002/002 epoch=001/005 batch=041/041 loss=0.634839 elapsed_s=0.5 status=running
2026-07-02 01:15:23,548 INFO chronaris.pipelines.stage_i.public.deep_baseline_runtime: deep_train epoch_done dataset=uab_workload_dataset model=chronaris_public_fusion_simple_concat track=objective group=heat_the_chair seed=42 fold=002/002 epoch=001/005 train_loss=0.686845 elapsed_s=0.5
2026-07-02 01:15:23,582 INFO chronaris.pipelines.stage_i.public.deep_baseline_runtime: deep_train epoch_start dataset=uab_workload_dataset model=chronaris_public_fusion_simple_concat track=objective group=heat_the_chair seed=42 fold=002/002 epoch=002/005 batch_count=41
2026-07-02 01:15:23,597 INFO chronaris.pipelines.stage_i.public.deep_baseline_runtime: deep_train batch dataset=uab_workload_dataset model=chronaris_public_fusion_simple_concat track=objective group=heat_the_chair seed=42 fold=002/002 epoch=002/005 batch=001/041 loss=0.678870 elapsed_s=0.5 status=running
2026-07-02 01:15:23,813 INFO chronaris.pipelines.stage_i.public.deep_baseline_runtime: deep_train batch dataset=uab_workload_dataset model=chronaris_public_fusion_simple_concat track=objective group=heat_the_chair seed=42 fold=002/002 epoch=002/005 batch=020/041 loss=0.676074 elapsed_s=0.7 status=running
2026-07-02 01:15:24,049 INFO chronaris.pipelines.stage_i.public.deep_baseline_runtime: deep_train batch dataset=uab_workload_dataset model=chronaris_public_fusion_simple_concat track=objective group=heat_the_chair seed=42 fold=002/002 epoch=002/005 batch=040/041 loss=0.691495 elapsed_s=1.0 status=running
2026-07-02 01:15:24,063 INFO chronaris.pipelines.stage_i.public.deep_baseline_runtime: deep_train batch dataset=uab_workload_dataset model=chronaris_public_fusion_simple_concat track=objective group=heat_the_chair seed=42 fold=002/002 epoch=002/005 batch=041/041 loss=0.640337 elapsed_s=1.0 status=running
2026-07-02 01:15:24,067 INFO chronaris.pipelines.stage_i.public.deep_baseline_runtime: deep_train epoch_done dataset=uab_workload_dataset model=chronaris_public_fusion_simple_concat track=objective group=heat_the_chair seed=42 fold=002/002 epoch=002/005 train_loss=0.684410 elapsed_s=0.5
2026-07-02 01:15:24,104 INFO chronaris.pipelines.stage_i.public.deep_baseline_runtime: deep_train epoch_start dataset=uab_workload_dataset model=chronaris_public_fusion_simple_concat track=objective group=heat_the_chair seed=42 fold=002/002 epoch=003/005 batch_count=41
2026-07-02 01:15:24,123 INFO chronaris.pipelines.stage_i.public.deep_baseline_runtime: deep_train batch dataset=uab_workload_dataset model=chronaris_public_fusion_simple_concat track=objective group=heat_the_chair seed=42 fold=002/002 epoch=003/005 batch=001/041 loss=0.663167 elapsed_s=1.1 status=running
2026-07-02 01:15:24,341 INFO chronaris.pipelines.stage_i.public.deep_baseline_runtime: deep_train batch dataset=uab_workload_dataset model=chronaris_public_fusion_simple_concat track=objective group=heat_the_chair seed=42 fold=002/002 epoch=003/005 batch=020/041 loss=0.658391 elapsed_s=1.3 status=running
2026-07-02 01:15:24,566 INFO chronaris.pipelines.stage_i.public.deep_baseline_runtime: deep_train batch dataset=uab_workload_dataset model=chronaris_public_fusion_simple_concat track=objective group=heat_the_chair seed=42 fold=002/002 epoch=003/005 batch=040/041 loss=0.689611 elapsed_s=1.5 status=running
2026-07-02 01:15:24,581 INFO chronaris.pipelines.stage_i.public.deep_baseline_runtime: deep_train batch dataset=uab_workload_dataset model=chronaris_public_fusion_simple_concat track=objective group=heat_the_chair seed=42 fold=002/002 epoch=003/005 batch=041/041 loss=0.718697 elapsed_s=1.5 status=running
2026-07-02 01:15:24,585 INFO chronaris.pipelines.stage_i.public.deep_baseline_runtime: deep_train epoch_done dataset=uab_workload_dataset model=chronaris_public_fusion_simple_concat track=objective group=heat_the_chair seed=42 fold=002/002 epoch=003/005 train_loss=0.685684 elapsed_s=0.5
2026-07-02 01:15:24,623 INFO chronaris.pipelines.stage_i.public.deep_baseline_runtime: deep_train epoch_start dataset=uab_workload_dataset model=chronaris_public_fusion_simple_concat track=objective group=heat_the_chair seed=42 fold=002/002 epoch=004/005 batch_count=41
2026-07-02 01:15:24,639 INFO chronaris.pipelines.stage_i.public.deep_baseline_runtime: deep_train batch dataset=uab_workload_dataset model=chronaris_public_fusion_simple_concat track=objective group=heat_the_chair seed=42 fold=002/002 epoch=004/005 batch=001/041 loss=0.679139 elapsed_s=1.6 status=running
2026-07-02 01:15:24,855 INFO chronaris.pipelines.stage_i.public.deep_baseline_runtime: deep_train batch dataset=uab_workload_dataset model=chronaris_public_fusion_simple_concat track=objective group=heat_the_chair seed=42 fold=002/002 epoch=004/005 batch=020/041 loss=0.683013 elapsed_s=1.8 status=running
2026-07-02 01:15:25,078 INFO chronaris.pipelines.stage_i.public.deep_baseline_runtime: deep_train batch dataset=uab_workload_dataset model=chronaris_public_fusion_simple_concat track=objective group=heat_the_chair seed=42 fold=002/002 epoch=004/005 batch=040/041 loss=0.697608 elapsed_s=2.0 status=running
2026-07-02 01:15:25,095 INFO chronaris.pipelines.stage_i.public.deep_baseline_runtime: deep_train batch dataset=uab_workload_dataset model=chronaris_public_fusion_simple_concat track=objective group=heat_the_chair seed=42 fold=002/002 epoch=004/005 batch=041/041 loss=0.807217 elapsed_s=2.0 status=running
2026-07-02 01:15:25,099 INFO chronaris.pipelines.stage_i.public.deep_baseline_runtime: deep_train epoch_done dataset=uab_workload_dataset model=chronaris_public_fusion_simple_concat track=objective group=heat_the_chair seed=42 fold=002/002 epoch=004/005 train_loss=0.686795 elapsed_s=0.5
2026-07-02 01:15:25,137 INFO chronaris.pipelines.stage_i.public.deep_baseline_runtime: deep_train epoch_start dataset=uab_workload_dataset model=chronaris_public_fusion_simple_concat track=objective group=heat_the_chair seed=42 fold=002/002 epoch=005/005 batch_count=41
2026-07-02 01:15:25,154 INFO chronaris.pipelines.stage_i.public.deep_baseline_runtime: deep_train batch dataset=uab_workload_dataset model=chronaris_public_fusion_simple_concat track=objective group=heat_the_chair seed=42 fold=002/002 epoch=005/005 batch=001/041 loss=0.687772 elapsed_s=2.1 status=running
2026-07-02 01:15:25,374 INFO chronaris.pipelines.stage_i.public.deep_baseline_runtime: deep_train batch dataset=uab_workload_dataset model=chronaris_public_fusion_simple_concat track=objective group=heat_the_chair seed=42 fold=002/002 epoch=005/005 batch=020/041 loss=0.674453 elapsed_s=2.3 status=running
2026-07-02 01:15:25,599 INFO chronaris.pipelines.stage_i.public.deep_baseline_runtime: deep_train batch dataset=uab_workload_dataset model=chronaris_public_fusion_simple_concat track=objective group=heat_the_chair seed=42 fold=002/002 epoch=005/005 batch=040/041 loss=0.691497 elapsed_s=2.5 status=running
2026-07-02 01:15:25,614 INFO chronaris.pipelines.stage_i.public.deep_baseline_runtime: deep_train batch dataset=uab_workload_dataset model=chronaris_public_fusion_simple_concat track=objective group=heat_the_chair seed=42 fold=002/002 epoch=005/005 batch=041/041 loss=0.659012 elapsed_s=2.5 status=running
2026-07-02 01:15:25,618 INFO chronaris.pipelines.stage_i.public.deep_baseline_runtime: deep_train epoch_done dataset=uab_workload_dataset model=chronaris_public_fusion_simple_concat track=objective group=heat_the_chair seed=42 fold=002/002 epoch=005/005 train_loss=0.683879 elapsed_s=0.5
2026-07-02 01:15:25,654 INFO chronaris.pipelines.stage_i.public.deep_baseline_runtime: deep_train fold_done dataset=uab_workload_dataset model=chronaris_public_fusion_simple_concat track=objective group=heat_the_chair seed=42 fold=002/002 elapsed_s=2.6
2026-07-02 01:15:28,296 INFO chronaris.pipelines.stage_i.public.deep_baseline_runtime: deep_train fold_start dataset=uab_workload_dataset model=chronaris_public_fusion_simple_concat track=subjective group=n_back seed=42 fold=001/002 split_group=subject_01 task=regression train_count=26164 epochs=5 batch_size=128
2026-07-02 01:15:28,300 INFO chronaris.pipelines.stage_i.public.deep_baseline_runtime: deep_train epoch_start dataset=uab_workload_dataset model=chronaris_public_fusion_simple_concat track=subjective group=n_back seed=42 fold=001/002 epoch=001/005 batch_count=205
2026-07-02 01:15:28,333 INFO chronaris.pipelines.stage_i.public.deep_baseline_runtime: deep_train batch dataset=uab_workload_dataset model=chronaris_public_fusion_simple_concat track=subjective group=n_back seed=42 fold=001/002 epoch=001/005 batch=001/205 loss=0.405574 elapsed_s=0.0 status=running
2026-07-02 01:15:28,637 INFO chronaris.pipelines.stage_i.public.deep_baseline_runtime: deep_train batch dataset=uab_workload_dataset model=chronaris_public_fusion_simple_concat track=subjective group=n_back seed=42 fold=001/002 epoch=001/005 batch=020/205 loss=0.432557 elapsed_s=0.3 status=running
2026-07-02 01:15:28,859 INFO chronaris.pipelines.stage_i.public.deep_baseline_runtime: deep_train batch dataset=uab_workload_dataset model=chronaris_public_fusion_simple_concat track=subjective group=n_back seed=42 fold=001/002 epoch=001/005 batch=040/205 loss=0.477088 elapsed_s=0.6 status=running
2026-07-02 01:15:29,091 INFO chronaris.pipelines.stage_i.public.deep_baseline_runtime: deep_train batch dataset=uab_workload_dataset model=chronaris_public_fusion_simple_concat track=subjective group=n_back seed=42 fold=001/002 epoch=001/005 batch=060/205 loss=0.416263 elapsed_s=0.8 status=running
2026-07-02 01:15:29,320 INFO chronaris.pipelines.stage_i.public.deep_baseline_runtime: deep_train batch dataset=uab_workload_dataset model=chronaris_public_fusion_simple_concat track=subjective group=n_back seed=42 fold=001/002 epoch=001/005 batch=080/205 loss=0.457706 elapsed_s=1.0 status=running
2026-07-02 01:15:29,554 INFO chronaris.pipelines.stage_i.public.deep_baseline_runtime: deep_train batch dataset=uab_workload_dataset model=chronaris_public_fusion_simple_concat track=subjective group=n_back seed=42 fold=001/002 epoch=001/005 batch=100/205 loss=0.478669 elapsed_s=1.3 status=running
2026-07-02 01:15:29,780 INFO chronaris.pipelines.stage_i.public.deep_baseline_runtime: deep_train batch dataset=uab_workload_dataset model=chronaris_public_fusion_simple_concat track=subjective group=n_back seed=42 fold=001/002 epoch=001/005 batch=120/205 loss=0.464994 elapsed_s=1.5 status=running
2026-07-02 01:15:30,007 INFO chronaris.pipelines.stage_i.public.deep_baseline_runtime: deep_train batch dataset=uab_workload_dataset model=chronaris_public_fusion_simple_concat track=subjective group=n_back seed=42 fold=001/002 epoch=001/005 batch=140/205 loss=0.435191 elapsed_s=1.7 status=running
2026-07-02 01:15:30,233 INFO chronaris.pipelines.stage_i.public.deep_baseline_runtime: deep_train batch dataset=uab_workload_dataset model=chronaris_public_fusion_simple_concat track=subjective group=n_back seed=42 fold=001/002 epoch=001/005 batch=160/205 loss=0.470464 elapsed_s=1.9 status=running
2026-07-02 01:15:30,458 INFO chronaris.pipelines.stage_i.public.deep_baseline_runtime: deep_train batch dataset=uab_workload_dataset model=chronaris_public_fusion_simple_concat track=subjective group=n_back seed=42 fold=001/002 epoch=001/005 batch=180/205 loss=0.464823 elapsed_s=2.2 status=running
2026-07-02 01:15:30,677 INFO chronaris.pipelines.stage_i.public.deep_baseline_runtime: deep_train batch dataset=uab_workload_dataset model=chronaris_public_fusion_simple_concat track=subjective group=n_back seed=42 fold=001/002 epoch=001/005 batch=200/205 loss=0.404785 elapsed_s=2.4 status=running
2026-07-02 01:15:30,737 INFO chronaris.pipelines.stage_i.public.deep_baseline_runtime: deep_train batch dataset=uab_workload_dataset model=chronaris_public_fusion_simple_concat track=subjective group=n_back seed=42 fold=001/002 epoch=001/005 batch=205/205 loss=0.539983 elapsed_s=2.4 status=running
2026-07-02 01:15:30,741 INFO chronaris.pipelines.stage_i.public.deep_baseline_runtime: deep_train epoch_done dataset=uab_workload_dataset model=chronaris_public_fusion_simple_concat track=subjective group=n_back seed=42 fold=001/002 epoch=001/005 train_loss=0.429458 elapsed_s=2.4
2026-07-02 01:15:30,777 INFO chronaris.pipelines.stage_i.public.deep_baseline_runtime: deep_train epoch_start dataset=uab_workload_dataset model=chronaris_public_fusion_simple_concat track=subjective group=n_back seed=42 fold=001/002 epoch=002/005 batch_count=205
2026-07-02 01:15:30,797 INFO chronaris.pipelines.stage_i.public.deep_baseline_runtime: deep_train batch dataset=uab_workload_dataset model=chronaris_public_fusion_simple_concat track=subjective group=n_back seed=42 fold=001/002 epoch=002/005 batch=001/205 loss=0.390576 elapsed_s=2.5 status=running
2026-07-02 01:15:31,009 INFO chronaris.pipelines.stage_i.public.deep_baseline_runtime: deep_train batch dataset=uab_workload_dataset model=chronaris_public_fusion_simple_concat track=subjective group=n_back seed=42 fold=001/002 epoch=002/005 batch=020/205 loss=0.393561 elapsed_s=2.7 status=running
2026-07-02 01:15:31,239 INFO chronaris.pipelines.stage_i.public.deep_baseline_runtime: deep_train batch dataset=uab_workload_dataset model=chronaris_public_fusion_simple_concat track=subjective group=n_back seed=42 fold=001/002 epoch=002/005 batch=040/205 loss=0.427229 elapsed_s=2.9 status=running
2026-07-02 01:15:31,462 INFO chronaris.pipelines.stage_i.public.deep_baseline_runtime: deep_train batch dataset=uab_workload_dataset model=chronaris_public_fusion_simple_concat track=subjective group=n_back seed=42 fold=001/002 epoch=002/005 batch=060/205 loss=0.476382 elapsed_s=3.2 status=running
2026-07-02 01:15:31,689 INFO chronaris.pipelines.stage_i.public.deep_baseline_runtime: deep_train batch dataset=uab_workload_dataset model=chronaris_public_fusion_simple_concat track=subjective group=n_back seed=42 fold=001/002 epoch=002/005 batch=080/205 loss=0.431056 elapsed_s=3.4 status=running
2026-07-02 01:15:31,911 INFO chronaris.pipelines.stage_i.public.deep_baseline_runtime: deep_train batch dataset=uab_workload_dataset model=chronaris_public_fusion_simple_concat track=subjective group=n_back seed=42 fold=001/002 epoch=002/005 batch=100/205 loss=0.394675 elapsed_s=3.6 status=running
2026-07-02 01:15:32,130 INFO chronaris.pipelines.stage_i.public.deep_baseline_runtime: deep_train batch dataset=uab_workload_dataset model=chronaris_public_fusion_simple_concat track=subjective group=n_back seed=42 fold=001/002 epoch=002/005 batch=120/205 loss=0.392626 elapsed_s=3.8 status=running
2026-07-02 01:15:32,362 INFO chronaris.pipelines.stage_i.public.deep_baseline_runtime: deep_train batch dataset=uab_workload_dataset model=chronaris_public_fusion_simple_concat track=subjective group=n_back seed=42 fold=001/002 epoch=002/005 batch=140/205 loss=0.362467 elapsed_s=4.1 status=running
2026-07-02 01:15:32,590 INFO chronaris.pipelines.stage_i.public.deep_baseline_runtime: deep_train batch dataset=uab_workload_dataset model=chronaris_public_fusion_simple_concat track=subjective group=n_back seed=42 fold=001/002 epoch=002/005 batch=160/205 loss=0.394513 elapsed_s=4.3 status=running
2026-07-02 01:15:32,814 INFO chronaris.pipelines.stage_i.public.deep_baseline_runtime: deep_train batch dataset=uab_workload_dataset model=chronaris_public_fusion_simple_concat track=subjective group=n_back seed=42 fold=001/002 epoch=002/005 batch=180/205 loss=0.362162 elapsed_s=4.5 status=running
2026-07-02 01:15:33,036 INFO chronaris.pipelines.stage_i.public.deep_baseline_runtime: deep_train batch dataset=uab_workload_dataset model=chronaris_public_fusion_simple_concat track=subjective group=n_back seed=42 fold=001/002 epoch=002/005 batch=200/205 loss=0.458613 elapsed_s=4.7 status=running
2026-07-02 01:15:33,102 INFO chronaris.pipelines.stage_i.public.deep_baseline_runtime: deep_train batch dataset=uab_workload_dataset model=chronaris_public_fusion_simple_concat track=subjective group=n_back seed=42 fold=001/002 epoch=002/005 batch=205/205 loss=0.468179 elapsed_s=4.8 status=running
2026-07-02 01:15:33,107 INFO chronaris.pipelines.stage_i.public.deep_baseline_runtime: deep_train epoch_done dataset=uab_workload_dataset model=chronaris_public_fusion_simple_concat track=subjective group=n_back seed=42 fold=001/002 epoch=002/005 train_loss=0.419879 elapsed_s=2.3
2026-07-02 01:15:33,144 INFO chronaris.pipelines.stage_i.public.deep_baseline_runtime: deep_train epoch_start dataset=uab_workload_dataset model=chronaris_public_fusion_simple_concat track=subjective group=n_back seed=42 fold=001/002 epoch=003/005 batch_count=205
2026-07-02 01:15:33,162 INFO chronaris.pipelines.stage_i.public.deep_baseline_runtime: deep_train batch dataset=uab_workload_dataset model=chronaris_public_fusion_simple_concat track=subjective group=n_back seed=42 fold=001/002 epoch=003/005 batch=001/205 loss=0.407678 elapsed_s=4.9 status=running
2026-07-02 01:15:33,371 INFO chronaris.pipelines.stage_i.public.deep_baseline_runtime: deep_train batch dataset=uab_workload_dataset model=chronaris_public_fusion_simple_concat track=subjective group=n_back seed=42 fold=001/002 epoch=003/005 batch=020/205 loss=0.509758 elapsed_s=5.1 status=running
2026-07-02 01:15:33,600 INFO chronaris.pipelines.stage_i.public.deep_baseline_runtime: deep_train batch dataset=uab_workload_dataset model=chronaris_public_fusion_simple_concat track=subjective group=n_back seed=42 fold=001/002 epoch=003/005 batch=040/205 loss=0.397018 elapsed_s=5.3 status=running
2026-07-02 01:15:33,827 INFO chronaris.pipelines.stage_i.public.deep_baseline_runtime: deep_train batch dataset=uab_workload_dataset model=chronaris_public_fusion_simple_concat track=subjective group=n_back seed=42 fold=001/002 epoch=003/005 batch=060/205 loss=0.410566 elapsed_s=5.5 status=running
2026-07-02 01:15:34,056 INFO chronaris.pipelines.stage_i.public.deep_baseline_runtime: deep_train batch dataset=uab_workload_dataset model=chronaris_public_fusion_simple_concat track=subjective group=n_back seed=42 fold=001/002 epoch=003/005 batch=080/205 loss=0.467440 elapsed_s=5.8 status=running
2026-07-02 01:15:34,280 INFO chronaris.pipelines.stage_i.public.deep_baseline_runtime: deep_train batch dataset=uab_workload_dataset model=chronaris_public_fusion_simple_concat track=subjective group=n_back seed=42 fold=001/002 epoch=003/005 batch=100/205 loss=0.377200 elapsed_s=6.0 status=running
2026-07-02 01:15:34,510 INFO chronaris.pipelines.stage_i.public.deep_baseline_runtime: deep_train batch dataset=uab_workload_dataset model=chronaris_public_fusion_simple_concat track=subjective group=n_back seed=42 fold=001/002 epoch=003/005 batch=120/205 loss=0.344341 elapsed_s=6.2 status=running
2026-07-02 01:15:34,730 INFO chronaris.pipelines.stage_i.public.deep_baseline_runtime: deep_train batch dataset=uab_workload_dataset model=chronaris_public_fusion_simple_concat track=subjective group=n_back seed=42 fold=001/002 epoch=003/005 batch=140/205 loss=0.390538 elapsed_s=6.4 status=running
2026-07-02 01:15:34,959 INFO chronaris.pipelines.stage_i.public.deep_baseline_runtime: deep_train batch dataset=uab_workload_dataset model=chronaris_public_fusion_simple_concat track=subjective group=n_back seed=42 fold=001/002 epoch=003/005 batch=160/205 loss=0.454790 elapsed_s=6.7 status=running
2026-07-02 01:15:35,189 INFO chronaris.pipelines.stage_i.public.deep_baseline_runtime: deep_train batch dataset=uab_workload_dataset model=chronaris_public_fusion_simple_concat track=subjective group=n_back seed=42 fold=001/002 epoch=003/005 batch=180/205 loss=0.430107 elapsed_s=6.9 status=running
2026-07-02 01:15:35,417 INFO chronaris.pipelines.stage_i.public.deep_baseline_runtime: deep_train batch dataset=uab_workload_dataset model=chronaris_public_fusion_simple_concat track=subjective group=n_back seed=42 fold=001/002 epoch=003/005 batch=200/205 loss=0.408260 elapsed_s=7.1 status=running
2026-07-02 01:15:35,480 INFO chronaris.pipelines.stage_i.public.deep_baseline_runtime: deep_train batch dataset=uab_workload_dataset model=chronaris_public_fusion_simple_concat track=subjective group=n_back seed=42 fold=001/002 epoch=003/005 batch=205/205 loss=0.455527 elapsed_s=7.2 status=running
2026-07-02 01:15:35,484 INFO chronaris.pipelines.stage_i.public.deep_baseline_runtime: deep_train epoch_done dataset=uab_workload_dataset model=chronaris_public_fusion_simple_concat track=subjective group=n_back seed=42 fold=001/002 epoch=003/005 train_loss=0.410471 elapsed_s=2.3
2026-07-02 01:15:35,526 INFO chronaris.pipelines.stage_i.public.deep_baseline_runtime: deep_train epoch_start dataset=uab_workload_dataset model=chronaris_public_fusion_simple_concat track=subjective group=n_back seed=42 fold=001/002 epoch=004/005 batch_count=205
2026-07-02 01:15:35,542 INFO chronaris.pipelines.stage_i.public.deep_baseline_runtime: deep_train batch dataset=uab_workload_dataset model=chronaris_public_fusion_simple_concat track=subjective group=n_back seed=42 fold=001/002 epoch=004/005 batch=001/205 loss=0.361177 elapsed_s=7.2 status=running
2026-07-02 01:15:35,754 INFO chronaris.pipelines.stage_i.public.deep_baseline_runtime: deep_train batch dataset=uab_workload_dataset model=chronaris_public_fusion_simple_concat track=subjective group=n_back seed=42 fold=001/002 epoch=004/005 batch=020/205 loss=0.385811 elapsed_s=7.5 status=running
2026-07-02 01:15:35,977 INFO chronaris.pipelines.stage_i.public.deep_baseline_runtime: deep_train batch dataset=uab_workload_dataset model=chronaris_public_fusion_simple_concat track=subjective group=n_back seed=42 fold=001/002 epoch=004/005 batch=040/205 loss=0.389666 elapsed_s=7.7 status=running
2026-07-02 01:15:36,198 INFO chronaris.pipelines.stage_i.public.deep_baseline_runtime: deep_train batch dataset=uab_workload_dataset model=chronaris_public_fusion_simple_concat track=subjective group=n_back seed=42 fold=001/002 epoch=004/005 batch=060/205 loss=0.352602 elapsed_s=7.9 status=running
2026-07-02 01:15:36,426 INFO chronaris.pipelines.stage_i.public.deep_baseline_runtime: deep_train batch dataset=uab_workload_dataset model=chronaris_public_fusion_simple_concat track=subjective group=n_back seed=42 fold=001/002 epoch=004/005 batch=080/205 loss=0.397484 elapsed_s=8.1 status=running
2026-07-02 01:15:36,648 INFO chronaris.pipelines.stage_i.public.deep_baseline_runtime: deep_train batch dataset=uab_workload_dataset model=chronaris_public_fusion_simple_concat track=subjective group=n_back seed=42 fold=001/002 epoch=004/005 batch=100/205 loss=0.397906 elapsed_s=8.3 status=running
2026-07-02 01:15:36,875 INFO chronaris.pipelines.stage_i.public.deep_baseline_runtime: deep_train batch dataset=uab_workload_dataset model=chronaris_public_fusion_simple_concat track=subjective group=n_back seed=42 fold=001/002 epoch=004/005 batch=120/205 loss=0.475535 elapsed_s=8.6 status=running
2026-07-02 01:15:37,097 INFO chronaris.pipelines.stage_i.public.deep_baseline_runtime: deep_train batch dataset=uab_workload_dataset model=chronaris_public_fusion_simple_concat track=subjective group=n_back seed=42 fold=001/002 epoch=004/005 batch=140/205 loss=0.389727 elapsed_s=8.8 status=running
2026-07-02 01:15:37,339 INFO chronaris.pipelines.stage_i.public.deep_baseline_runtime: deep_train batch dataset=uab_workload_dataset model=chronaris_public_fusion_simple_concat track=subjective group=n_back seed=42 fold=001/002 epoch=004/005 batch=160/205 loss=0.381707 elapsed_s=9.0 status=running
2026-07-02 01:15:37,566 INFO chronaris.pipelines.stage_i.public.deep_baseline_runtime: deep_train batch dataset=uab_workload_dataset model=chronaris_public_fusion_simple_concat track=subjective group=n_back seed=42 fold=001/002 epoch=004/005 batch=180/205 loss=0.451054 elapsed_s=9.3 status=running
2026-07-02 01:15:37,808 INFO chronaris.pipelines.stage_i.public.deep_baseline_runtime: deep_train batch dataset=uab_workload_dataset model=chronaris_public_fusion_simple_concat track=subjective group=n_back seed=42 fold=001/002 epoch=004/005 batch=200/205 loss=0.327450 elapsed_s=9.5 status=running
2026-07-02 01:15:37,870 INFO chronaris.pipelines.stage_i.public.deep_baseline_runtime: deep_train batch dataset=uab_workload_dataset model=chronaris_public_fusion_simple_concat track=subjective group=n_back seed=42 fold=001/002 epoch=004/005 batch=205/205 loss=0.338055 elapsed_s=9.6 status=running
2026-07-02 01:15:37,874 INFO chronaris.pipelines.stage_i.public.deep_baseline_runtime: deep_train epoch_done dataset=uab_workload_dataset model=chronaris_public_fusion_simple_concat track=subjective group=n_back seed=42 fold=001/002 epoch=004/005 train_loss=0.397268 elapsed_s=2.3
2026-07-02 01:15:37,912 INFO chronaris.pipelines.stage_i.public.deep_baseline_runtime: deep_train epoch_start dataset=uab_workload_dataset model=chronaris_public_fusion_simple_concat track=subjective group=n_back seed=42 fold=001/002 epoch=005/005 batch_count=205
2026-07-02 01:15:37,930 INFO chronaris.pipelines.stage_i.public.deep_baseline_runtime: deep_train batch dataset=uab_workload_dataset model=chronaris_public_fusion_simple_concat track=subjective group=n_back seed=42 fold=001/002 epoch=005/005 batch=001/205 loss=0.350279 elapsed_s=9.6 status=running
2026-07-02 01:15:38,149 INFO chronaris.pipelines.stage_i.public.deep_baseline_runtime: deep_train batch dataset=uab_workload_dataset model=chronaris_public_fusion_simple_concat track=subjective group=n_back seed=42 fold=001/002 epoch=005/005 batch=020/205 loss=0.340983 elapsed_s=9.8 status=running
2026-07-02 01:15:38,380 INFO chronaris.pipelines.stage_i.public.deep_baseline_runtime: deep_train batch dataset=uab_workload_dataset model=chronaris_public_fusion_simple_concat track=subjective group=n_back seed=42 fold=001/002 epoch=005/005 batch=040/205 loss=0.487006 elapsed_s=10.1 status=running
2026-07-02 01:15:38,610 INFO chronaris.pipelines.stage_i.public.deep_baseline_runtime: deep_train batch dataset=uab_workload_dataset model=chronaris_public_fusion_simple_concat track=subjective group=n_back seed=42 fold=001/002 epoch=005/005 batch=060/205 loss=0.361230 elapsed_s=10.3 status=running
2026-07-02 01:15:38,835 INFO chronaris.pipelines.stage_i.public.deep_baseline_runtime: deep_train batch dataset=uab_workload_dataset model=chronaris_public_fusion_simple_concat track=subjective group=n_back seed=42 fold=001/002 epoch=005/005 batch=080/205 loss=0.374025 elapsed_s=10.5 status=running
2026-07-02 01:15:39,067 INFO chronaris.pipelines.stage_i.public.deep_baseline_runtime: deep_train batch dataset=uab_workload_dataset model=chronaris_public_fusion_simple_concat track=subjective group=n_back seed=42 fold=001/002 epoch=005/005 batch=100/205 loss=0.385561 elapsed_s=10.8 status=running
2026-07-02 01:15:39,307 INFO chronaris.pipelines.stage_i.public.deep_baseline_runtime: deep_train batch dataset=uab_workload_dataset model=chronaris_public_fusion_simple_concat track=subjective group=n_back seed=42 fold=001/002 epoch=005/005 batch=120/205 loss=0.408109 elapsed_s=11.0 status=running
2026-07-02 01:15:39,539 INFO chronaris.pipelines.stage_i.public.deep_baseline_runtime: deep_train batch dataset=uab_workload_dataset model=chronaris_public_fusion_simple_concat track=subjective group=n_back seed=42 fold=001/002 epoch=005/005 batch=140/205 loss=0.363584 elapsed_s=11.2 status=running
2026-07-02 01:15:39,769 INFO chronaris.pipelines.stage_i.public.deep_baseline_runtime: deep_train batch dataset=uab_workload_dataset model=chronaris_public_fusion_simple_concat track=subjective group=n_back seed=42 fold=001/002 epoch=005/005 batch=160/205 loss=0.334579 elapsed_s=11.5 status=running
2026-07-02 01:15:39,994 INFO chronaris.pipelines.stage_i.public.deep_baseline_runtime: deep_train batch dataset=uab_workload_dataset model=chronaris_public_fusion_simple_concat track=subjective group=n_back seed=42 fold=001/002 epoch=005/005 batch=180/205 loss=0.434559 elapsed_s=11.7 status=running
2026-07-02 01:15:40,220 INFO chronaris.pipelines.stage_i.public.deep_baseline_runtime: deep_train batch dataset=uab_workload_dataset model=chronaris_public_fusion_simple_concat track=subjective group=n_back seed=42 fold=001/002 epoch=005/005 batch=200/205 loss=0.329136 elapsed_s=11.9 status=running
2026-07-02 01:15:40,282 INFO chronaris.pipelines.stage_i.public.deep_baseline_runtime: deep_train batch dataset=uab_workload_dataset model=chronaris_public_fusion_simple_concat track=subjective group=n_back seed=42 fold=001/002 epoch=005/005 batch=205/205 loss=0.320198 elapsed_s=12.0 status=running
2026-07-02 01:15:40,286 INFO chronaris.pipelines.stage_i.public.deep_baseline_runtime: deep_train epoch_done dataset=uab_workload_dataset model=chronaris_public_fusion_simple_concat track=subjective group=n_back seed=42 fold=001/002 epoch=005/005 train_loss=0.382027 elapsed_s=2.4
2026-07-02 01:15:40,322 INFO chronaris.pipelines.stage_i.public.deep_baseline_runtime: deep_train fold_done dataset=uab_workload_dataset model=chronaris_public_fusion_simple_concat track=subjective group=n_back seed=42 fold=001/002 elapsed_s=12.0
2026-07-02 01:15:44,367 INFO chronaris.pipelines.stage_i.public.deep_baseline_runtime: deep_train fold_start dataset=uab_workload_dataset model=chronaris_public_fusion_simple_concat track=subjective group=n_back seed=42 fold=002/002 split_group=subject_02 task=regression train_count=26176 epochs=5 batch_size=128
2026-07-02 01:15:44,371 INFO chronaris.pipelines.stage_i.public.deep_baseline_runtime: deep_train epoch_start dataset=uab_workload_dataset model=chronaris_public_fusion_simple_concat track=subjective group=n_back seed=42 fold=002/002 epoch=001/005 batch_count=205
2026-07-02 01:15:44,395 INFO chronaris.pipelines.stage_i.public.deep_baseline_runtime: deep_train batch dataset=uab_workload_dataset model=chronaris_public_fusion_simple_concat track=subjective group=n_back seed=42 fold=002/002 epoch=001/005 batch=001/205 loss=0.358300 elapsed_s=0.0 status=running
2026-07-02 01:15:44,823 INFO chronaris.pipelines.stage_i.public.deep_baseline_runtime: deep_train batch dataset=uab_workload_dataset model=chronaris_public_fusion_simple_concat track=subjective group=n_back seed=42 fold=002/002 epoch=001/005 batch=020/205 loss=0.439151 elapsed_s=0.5 status=running
2026-07-02 01:15:45,074 INFO chronaris.pipelines.stage_i.public.deep_baseline_runtime: deep_train batch dataset=uab_workload_dataset model=chronaris_public_fusion_simple_concat track=subjective group=n_back seed=42 fold=002/002 epoch=001/005 batch=040/205 loss=0.405995 elapsed_s=0.7 status=running
2026-07-02 01:15:45,357 INFO chronaris.pipelines.stage_i.public.deep_baseline_runtime: deep_train batch dataset=uab_workload_dataset model=chronaris_public_fusion_simple_concat track=subjective group=n_back seed=42 fold=002/002 epoch=001/005 batch=060/205 loss=0.446449 elapsed_s=1.0 status=running
2026-07-02 01:15:45,579 INFO chronaris.pipelines.stage_i.public.deep_baseline_runtime: deep_train batch dataset=uab_workload_dataset model=chronaris_public_fusion_simple_concat track=subjective group=n_back seed=42 fold=002/002 epoch=001/005 batch=080/205 loss=0.457154 elapsed_s=1.2 status=running
2026-07-02 01:15:45,814 INFO chronaris.pipelines.stage_i.public.deep_baseline_runtime: deep_train batch dataset=uab_workload_dataset model=chronaris_public_fusion_simple_concat track=subjective group=n_back seed=42 fold=002/002 epoch=001/005 batch=100/205 loss=0.475264 elapsed_s=1.4 status=running
2026-07-02 01:15:46,047 INFO chronaris.pipelines.stage_i.public.deep_baseline_runtime: deep_train batch dataset=uab_workload_dataset model=chronaris_public_fusion_simple_concat track=subjective group=n_back seed=42 fold=002/002 epoch=001/005 batch=120/205 loss=0.447635 elapsed_s=1.7 status=running
2026-07-02 01:15:46,276 INFO chronaris.pipelines.stage_i.public.deep_baseline_runtime: deep_train batch dataset=uab_workload_dataset model=chronaris_public_fusion_simple_concat track=subjective group=n_back seed=42 fold=002/002 epoch=001/005 batch=140/205 loss=0.394670 elapsed_s=1.9 status=running
2026-07-02 01:15:46,499 INFO chronaris.pipelines.stage_i.public.deep_baseline_runtime: deep_train batch dataset=uab_workload_dataset model=chronaris_public_fusion_simple_concat track=subjective group=n_back seed=42 fold=002/002 epoch=001/005 batch=160/205 loss=0.445850 elapsed_s=2.1 status=running
2026-07-02 01:15:46,740 INFO chronaris.pipelines.stage_i.public.deep_baseline_runtime: deep_train batch dataset=uab_workload_dataset model=chronaris_public_fusion_simple_concat track=subjective group=n_back seed=42 fold=002/002 epoch=001/005 batch=180/205 loss=0.457474 elapsed_s=2.4 status=running
2026-07-02 01:15:46,970 INFO chronaris.pipelines.stage_i.public.deep_baseline_runtime: deep_train batch dataset=uab_workload_dataset model=chronaris_public_fusion_simple_concat track=subjective group=n_back seed=42 fold=002/002 epoch=001/005 batch=200/205 loss=0.378270 elapsed_s=2.6 status=running
2026-07-02 01:15:47,031 INFO chronaris.pipelines.stage_i.public.deep_baseline_runtime: deep_train batch dataset=uab_workload_dataset model=chronaris_public_fusion_simple_concat track=subjective group=n_back seed=42 fold=002/002 epoch=001/005 batch=205/205 loss=0.437279 elapsed_s=2.7 status=running
2026-07-02 01:15:47,036 INFO chronaris.pipelines.stage_i.public.deep_baseline_runtime: deep_train epoch_done dataset=uab_workload_dataset model=chronaris_public_fusion_simple_concat track=subjective group=n_back seed=42 fold=002/002 epoch=001/005 train_loss=0.423952 elapsed_s=2.7
2026-07-02 01:15:47,072 INFO chronaris.pipelines.stage_i.public.deep_baseline_runtime: deep_train epoch_start dataset=uab_workload_dataset model=chronaris_public_fusion_simple_concat track=subjective group=n_back seed=42 fold=002/002 epoch=002/005 batch_count=205
2026-07-02 01:15:47,087 INFO chronaris.pipelines.stage_i.public.deep_baseline_runtime: deep_train batch dataset=uab_workload_dataset model=chronaris_public_fusion_simple_concat track=subjective group=n_back seed=42 fold=002/002 epoch=002/005 batch=001/205 loss=0.394139 elapsed_s=2.7 status=running
2026-07-02 01:15:47,305 INFO chronaris.pipelines.stage_i.public.deep_baseline_runtime: deep_train batch dataset=uab_workload_dataset model=chronaris_public_fusion_simple_concat track=subjective group=n_back seed=42 fold=002/002 epoch=002/005 batch=020/205 loss=0.408526 elapsed_s=2.9 status=running
2026-07-02 01:15:47,529 INFO chronaris.pipelines.stage_i.public.deep_baseline_runtime: deep_train batch dataset=uab_workload_dataset model=chronaris_public_fusion_simple_concat track=subjective group=n_back seed=42 fold=002/002 epoch=002/005 batch=040/205 loss=0.384619 elapsed_s=3.2 status=running
2026-07-02 01:15:47,760 INFO chronaris.pipelines.stage_i.public.deep_baseline_runtime: deep_train batch dataset=uab_workload_dataset model=chronaris_public_fusion_simple_concat track=subjective group=n_back seed=42 fold=002/002 epoch=002/005 batch=060/205 loss=0.422661 elapsed_s=3.4 status=running
2026-07-02 01:15:47,991 INFO chronaris.pipelines.stage_i.public.deep_baseline_runtime: deep_train batch dataset=uab_workload_dataset model=chronaris_public_fusion_simple_concat track=subjective group=n_back seed=42 fold=002/002 epoch=002/005 batch=080/205 loss=0.457728 elapsed_s=3.6 status=running
2026-07-02 01:15:48,216 INFO chronaris.pipelines.stage_i.public.deep_baseline_runtime: deep_train batch dataset=uab_workload_dataset model=chronaris_public_fusion_simple_concat track=subjective group=n_back seed=42 fold=002/002 epoch=002/005 batch=100/205 loss=0.399556 elapsed_s=3.8 status=running
2026-07-02 01:15:48,442 INFO chronaris.pipelines.stage_i.public.deep_baseline_runtime: deep_train batch dataset=uab_workload_dataset model=chronaris_public_fusion_simple_concat track=subjective group=n_back seed=42 fold=002/002 epoch=002/005 batch=120/205 loss=0.358447 elapsed_s=4.1 status=running
2026-07-02 01:15:48,664 INFO chronaris.pipelines.stage_i.public.deep_baseline_runtime: deep_train batch dataset=uab_workload_dataset model=chronaris_public_fusion_simple_concat track=subjective group=n_back seed=42 fold=002/002 epoch=002/005 batch=140/205 loss=0.379643 elapsed_s=4.3 status=running
2026-07-02 01:15:48,893 INFO chronaris.pipelines.stage_i.public.deep_baseline_runtime: deep_train batch dataset=uab_workload_dataset model=chronaris_public_fusion_simple_concat track=subjective group=n_back seed=42 fold=002/002 epoch=002/005 batch=160/205 loss=0.392052 elapsed_s=4.5 status=running
2026-07-02 01:15:49,120 INFO chronaris.pipelines.stage_i.public.deep_baseline_runtime: deep_train batch dataset=uab_workload_dataset model=chronaris_public_fusion_simple_concat track=subjective group=n_back seed=42 fold=002/002 epoch=002/005 batch=180/205 loss=0.380519 elapsed_s=4.7 status=running
2026-07-02 01:15:49,350 INFO chronaris.pipelines.stage_i.public.deep_baseline_runtime: deep_train batch dataset=uab_workload_dataset model=chronaris_public_fusion_simple_concat track=subjective group=n_back seed=42 fold=002/002 epoch=002/005 batch=200/205 loss=0.463691 elapsed_s=5.0 status=running
2026-07-02 01:15:49,412 INFO chronaris.pipelines.stage_i.public.deep_baseline_runtime: deep_train batch dataset=uab_workload_dataset model=chronaris_public_fusion_simple_concat track=subjective group=n_back seed=42 fold=002/002 epoch=002/005 batch=205/205 loss=0.491241 elapsed_s=5.0 status=running
2026-07-02 01:15:49,416 INFO chronaris.pipelines.stage_i.public.deep_baseline_runtime: deep_train epoch_done dataset=uab_workload_dataset model=chronaris_public_fusion_simple_concat track=subjective group=n_back seed=42 fold=002/002 epoch=002/005 train_loss=0.419344 elapsed_s=2.3
2026-07-02 01:15:49,452 INFO chronaris.pipelines.stage_i.public.deep_baseline_runtime: deep_train epoch_start dataset=uab_workload_dataset model=chronaris_public_fusion_simple_concat track=subjective group=n_back seed=42 fold=002/002 epoch=003/005 batch_count=205
2026-07-02 01:15:49,478 INFO chronaris.pipelines.stage_i.public.deep_baseline_runtime: deep_train batch dataset=uab_workload_dataset model=chronaris_public_fusion_simple_concat track=subjective group=n_back seed=42 fold=002/002 epoch=003/005 batch=001/205 loss=0.355235 elapsed_s=5.1 status=running
2026-07-02 01:15:49,706 INFO chronaris.pipelines.stage_i.public.deep_baseline_runtime: deep_train batch dataset=uab_workload_dataset model=chronaris_public_fusion_simple_concat track=subjective group=n_back seed=42 fold=002/002 epoch=003/005 batch=020/205 loss=0.459097 elapsed_s=5.3 status=running
2026-07-02 01:15:49,941 INFO chronaris.pipelines.stage_i.public.deep_baseline_runtime: deep_train batch dataset=uab_workload_dataset model=chronaris_public_fusion_simple_concat track=subjective group=n_back seed=42 fold=002/002 epoch=003/005 batch=040/205 loss=0.451295 elapsed_s=5.6 status=running
2026-07-02 01:15:50,166 INFO chronaris.pipelines.stage_i.public.deep_baseline_runtime: deep_train batch dataset=uab_workload_dataset model=chronaris_public_fusion_simple_concat track=subjective group=n_back seed=42 fold=002/002 epoch=003/005 batch=060/205 loss=0.415718 elapsed_s=5.8 status=running
2026-07-02 01:15:50,393 INFO chronaris.pipelines.stage_i.public.deep_baseline_runtime: deep_train batch dataset=uab_workload_dataset model=chronaris_public_fusion_simple_concat track=subjective group=n_back seed=42 fold=002/002 epoch=003/005 batch=080/205 loss=0.466942 elapsed_s=6.0 status=running
2026-07-02 01:15:50,616 INFO chronaris.pipelines.stage_i.public.deep_baseline_runtime: deep_train batch dataset=uab_workload_dataset model=chronaris_public_fusion_simple_concat track=subjective group=n_back seed=42 fold=002/002 epoch=003/005 batch=100/205 loss=0.408964 elapsed_s=6.2 status=running
2026-07-02 01:15:50,845 INFO chronaris.pipelines.stage_i.public.deep_baseline_runtime: deep_train batch dataset=uab_workload_dataset model=chronaris_public_fusion_simple_concat track=subjective group=n_back seed=42 fold=002/002 epoch=003/005 batch=120/205 loss=0.423505 elapsed_s=6.5 status=running
2026-07-02 01:15:52,060 INFO chronaris.pipelines.stage_i.public.deep_baseline_runtime: deep_train batch dataset=uab_workload_dataset model=chronaris_public_fusion_simple_concat track=subjective group=n_back seed=42 fold=002/002 epoch=003/005 batch=140/205 loss=0.372791 elapsed_s=6.7 status=running
2026-07-02 01:15:54,303 INFO chronaris.pipelines.stage_i.public.deep_baseline_runtime: deep_train batch dataset=uab_workload_dataset model=chronaris_public_fusion_simple_concat track=subjective group=n_back seed=42 fold=002/002 epoch=003/005 batch=160/205 loss=0.483855 elapsed_s=6.9 status=running
2026-07-02 01:15:54,541 INFO chronaris.pipelines.stage_i.public.deep_baseline_runtime: deep_train batch dataset=uab_workload_dataset model=chronaris_public_fusion_simple_concat track=subjective group=n_back seed=42 fold=002/002 epoch=003/005 batch=180/205 loss=0.422483 elapsed_s=7.2 status=running
2026-07-02 01:15:54,771 INFO chronaris.pipelines.stage_i.public.deep_baseline_runtime: deep_train batch dataset=uab_workload_dataset model=chronaris_public_fusion_simple_concat track=subjective group=n_back seed=42 fold=002/002 epoch=003/005 batch=200/205 loss=0.388341 elapsed_s=7.4 status=running
2026-07-02 01:15:54,835 INFO chronaris.pipelines.stage_i.public.deep_baseline_runtime: deep_train batch dataset=uab_workload_dataset model=chronaris_public_fusion_simple_concat track=subjective group=n_back seed=42 fold=002/002 epoch=003/005 batch=205/205 loss=0.520071 elapsed_s=7.5 status=running
2026-07-02 01:15:54,839 INFO chronaris.pipelines.stage_i.public.deep_baseline_runtime: deep_train epoch_done dataset=uab_workload_dataset model=chronaris_public_fusion_simple_concat track=subjective group=n_back seed=42 fold=002/002 epoch=003/005 train_loss=0.416680 elapsed_s=2.4
2026-07-02 01:15:54,877 INFO chronaris.pipelines.stage_i.public.deep_baseline_runtime: deep_train epoch_start dataset=uab_workload_dataset model=chronaris_public_fusion_simple_concat track=subjective group=n_back seed=42 fold=002/002 epoch=004/005 batch_count=205
2026-07-02 01:15:54,894 INFO chronaris.pipelines.stage_i.public.deep_baseline_runtime: deep_train batch dataset=uab_workload_dataset model=chronaris_public_fusion_simple_concat track=subjective group=n_back seed=42 fold=002/002 epoch=004/005 batch=001/205 loss=0.448323 elapsed_s=7.5 status=running
2026-07-02 01:15:55,106 INFO chronaris.pipelines.stage_i.public.deep_baseline_runtime: deep_train batch dataset=uab_workload_dataset model=chronaris_public_fusion_simple_concat track=subjective group=n_back seed=42 fold=002/002 epoch=004/005 batch=020/205 loss=0.502633 elapsed_s=7.7 status=running
2026-07-02 01:15:55,344 INFO chronaris.pipelines.stage_i.public.deep_baseline_runtime: deep_train batch dataset=uab_workload_dataset model=chronaris_public_fusion_simple_concat track=subjective group=n_back seed=42 fold=002/002 epoch=004/005 batch=040/205 loss=0.440646 elapsed_s=8.0 status=running
2026-07-02 01:15:55,577 INFO chronaris.pipelines.stage_i.public.deep_baseline_runtime: deep_train batch dataset=uab_workload_dataset model=chronaris_public_fusion_simple_concat track=subjective group=n_back seed=42 fold=002/002 epoch=004/005 batch=060/205 loss=0.377966 elapsed_s=8.2 status=running
2026-07-02 01:15:55,808 INFO chronaris.pipelines.stage_i.public.deep_baseline_runtime: deep_train batch dataset=uab_workload_dataset model=chronaris_public_fusion_simple_concat track=subjective group=n_back seed=42 fold=002/002 epoch=004/005 batch=080/205 loss=0.409582 elapsed_s=8.4 status=running
2026-07-02 01:15:56,048 INFO chronaris.pipelines.stage_i.public.deep_baseline_runtime: deep_train batch dataset=uab_workload_dataset model=chronaris_public_fusion_simple_concat track=subjective group=n_back seed=42 fold=002/002 epoch=004/005 batch=100/205 loss=0.414348 elapsed_s=8.7 status=running
2026-07-02 01:15:56,284 INFO chronaris.pipelines.stage_i.public.deep_baseline_runtime: deep_train batch dataset=uab_workload_dataset model=chronaris_public_fusion_simple_concat track=subjective group=n_back seed=42 fold=002/002 epoch=004/005 batch=120/205 loss=0.467417 elapsed_s=8.9 status=running
2026-07-02 01:15:56,510 INFO chronaris.pipelines.stage_i.public.deep_baseline_runtime: deep_train batch dataset=uab_workload_dataset model=chronaris_public_fusion_simple_concat track=subjective group=n_back seed=42 fold=002/002 epoch=004/005 batch=140/205 loss=0.394230 elapsed_s=9.1 status=running
2026-07-02 01:15:56,737 INFO chronaris.pipelines.stage_i.public.deep_baseline_runtime: deep_train batch dataset=uab_workload_dataset model=chronaris_public_fusion_simple_concat track=subjective group=n_back seed=42 fold=002/002 epoch=004/005 batch=160/205 loss=0.384041 elapsed_s=9.4 status=running
2026-07-02 01:15:56,976 INFO chronaris.pipelines.stage_i.public.deep_baseline_runtime: deep_train batch dataset=uab_workload_dataset model=chronaris_public_fusion_simple_concat track=subjective group=n_back seed=42 fold=002/002 epoch=004/005 batch=180/205 loss=0.470347 elapsed_s=9.6 status=running
2026-07-02 01:15:57,208 INFO chronaris.pipelines.stage_i.public.deep_baseline_runtime: deep_train batch dataset=uab_workload_dataset model=chronaris_public_fusion_simple_concat track=subjective group=n_back seed=42 fold=002/002 epoch=004/005 batch=200/205 loss=0.362948 elapsed_s=9.8 status=running
2026-07-02 01:15:57,273 INFO chronaris.pipelines.stage_i.public.deep_baseline_runtime: deep_train batch dataset=uab_workload_dataset model=chronaris_public_fusion_simple_concat track=subjective group=n_back seed=42 fold=002/002 epoch=004/005 batch=205/205 loss=0.350755 elapsed_s=9.9 status=running
2026-07-02 01:15:57,277 INFO chronaris.pipelines.stage_i.public.deep_baseline_runtime: deep_train epoch_done dataset=uab_workload_dataset model=chronaris_public_fusion_simple_concat track=subjective group=n_back seed=42 fold=002/002 epoch=004/005 train_loss=0.414140 elapsed_s=2.4
2026-07-02 01:15:57,315 INFO chronaris.pipelines.stage_i.public.deep_baseline_runtime: deep_train epoch_start dataset=uab_workload_dataset model=chronaris_public_fusion_simple_concat track=subjective group=n_back seed=42 fold=002/002 epoch=005/005 batch_count=205
2026-07-02 01:15:57,353 INFO chronaris.pipelines.stage_i.public.deep_baseline_runtime: deep_train batch dataset=uab_workload_dataset model=chronaris_public_fusion_simple_concat track=subjective group=n_back seed=42 fold=002/002 epoch=005/005 batch=001/205 loss=0.343630 elapsed_s=10.0 status=running
2026-07-02 01:15:57,571 INFO chronaris.pipelines.stage_i.public.deep_baseline_runtime: deep_train batch dataset=uab_workload_dataset model=chronaris_public_fusion_simple_concat track=subjective group=n_back seed=42 fold=002/002 epoch=005/005 batch=020/205 loss=0.445140 elapsed_s=10.2 status=running
2026-07-02 01:15:57,800 INFO chronaris.pipelines.stage_i.public.deep_baseline_runtime: deep_train batch dataset=uab_workload_dataset model=chronaris_public_fusion_simple_concat track=subjective group=n_back seed=42 fold=002/002 epoch=005/005 batch=040/205 loss=0.431956 elapsed_s=10.4 status=running
2026-07-02 01:15:58,038 INFO chronaris.pipelines.stage_i.public.deep_baseline_runtime: deep_train batch dataset=uab_workload_dataset model=chronaris_public_fusion_simple_concat track=subjective group=n_back seed=42 fold=002/002 epoch=005/005 batch=060/205 loss=0.521583 elapsed_s=10.7 status=running
2026-07-02 01:15:58,269 INFO chronaris.pipelines.stage_i.public.deep_baseline_runtime: deep_train batch dataset=uab_workload_dataset model=chronaris_public_fusion_simple_concat track=subjective group=n_back seed=42 fold=002/002 epoch=005/005 batch=080/205 loss=0.485528 elapsed_s=10.9 status=running
2026-07-02 01:15:58,499 INFO chronaris.pipelines.stage_i.public.deep_baseline_runtime: deep_train batch dataset=uab_workload_dataset model=chronaris_public_fusion_simple_concat track=subjective group=n_back seed=42 fold=002/002 epoch=005/005 batch=100/205 loss=0.433525 elapsed_s=11.1 status=running
2026-07-02 01:15:58,735 INFO chronaris.pipelines.stage_i.public.deep_baseline_runtime: deep_train batch dataset=uab_workload_dataset model=chronaris_public_fusion_simple_concat track=subjective group=n_back seed=42 fold=002/002 epoch=005/005 batch=120/205 loss=0.428274 elapsed_s=11.4 status=running
2026-07-02 01:15:58,976 INFO chronaris.pipelines.stage_i.public.deep_baseline_runtime: deep_train batch dataset=uab_workload_dataset model=chronaris_public_fusion_simple_concat track=subjective group=n_back seed=42 fold=002/002 epoch=005/005 batch=140/205 loss=0.389733 elapsed_s=11.6 status=running
2026-07-02 01:15:59,202 INFO chronaris.pipelines.stage_i.public.deep_baseline_runtime: deep_train batch dataset=uab_workload_dataset model=chronaris_public_fusion_simple_concat track=subjective group=n_back seed=42 fold=002/002 epoch=005/005 batch=160/205 loss=0.367122 elapsed_s=11.8 status=running
2026-07-02 01:15:59,435 INFO chronaris.pipelines.stage_i.public.deep_baseline_runtime: deep_train batch dataset=uab_workload_dataset model=chronaris_public_fusion_simple_concat track=subjective group=n_back seed=42 fold=002/002 epoch=005/005 batch=180/205 loss=0.436299 elapsed_s=12.1 status=running
2026-07-02 01:15:59,661 INFO chronaris.pipelines.stage_i.public.deep_baseline_runtime: deep_train batch dataset=uab_workload_dataset model=chronaris_public_fusion_simple_concat track=subjective group=n_back seed=42 fold=002/002 epoch=005/005 batch=200/205 loss=0.390943 elapsed_s=12.3 status=running
2026-07-02 01:15:59,723 INFO chronaris.pipelines.stage_i.public.deep_baseline_runtime: deep_train batch dataset=uab_workload_dataset model=chronaris_public_fusion_simple_concat track=subjective group=n_back seed=42 fold=002/002 epoch=005/005 batch=205/205 loss=0.388210 elapsed_s=12.4 status=running
2026-07-02 01:15:59,728 INFO chronaris.pipelines.stage_i.public.deep_baseline_runtime: deep_train epoch_done dataset=uab_workload_dataset model=chronaris_public_fusion_simple_concat track=subjective group=n_back seed=42 fold=002/002 epoch=005/005 train_loss=0.412033 elapsed_s=2.4
2026-07-02 01:15:59,764 INFO chronaris.pipelines.stage_i.public.deep_baseline_runtime: deep_train fold_done dataset=uab_workload_dataset model=chronaris_public_fusion_simple_concat track=subjective group=n_back seed=42 fold=002/002 elapsed_s=12.4
2026-07-02 01:16:02,865 INFO chronaris.pipelines.stage_i.public.deep_baseline_runtime: deep_train fold_start dataset=uab_workload_dataset model=chronaris_public_fusion_simple_concat track=subjective group=heat_the_chair seed=42 fold=001/002 split_group=subject_01 task=regression train_count=5116 epochs=5 batch_size=128
2026-07-02 01:16:02,870 INFO chronaris.pipelines.stage_i.public.deep_baseline_runtime: deep_train epoch_start dataset=uab_workload_dataset model=chronaris_public_fusion_simple_concat track=subjective group=heat_the_chair seed=42 fold=001/002 epoch=001/005 batch_count=40
2026-07-02 01:16:02,895 INFO chronaris.pipelines.stage_i.public.deep_baseline_runtime: deep_train batch dataset=uab_workload_dataset model=chronaris_public_fusion_simple_concat track=subjective group=heat_the_chair seed=42 fold=001/002 epoch=001/005 batch=001/040 loss=0.488617 elapsed_s=0.0 status=running
2026-07-02 01:16:03,225 INFO chronaris.pipelines.stage_i.public.deep_baseline_runtime: deep_train batch dataset=uab_workload_dataset model=chronaris_public_fusion_simple_concat track=subjective group=heat_the_chair seed=42 fold=001/002 epoch=001/005 batch=020/040 loss=0.469194 elapsed_s=0.4 status=running
2026-07-02 01:16:03,454 INFO chronaris.pipelines.stage_i.public.deep_baseline_runtime: deep_train batch dataset=uab_workload_dataset model=chronaris_public_fusion_simple_concat track=subjective group=heat_the_chair seed=42 fold=001/002 epoch=001/005 batch=040/040 loss=0.312624 elapsed_s=0.6 status=running
2026-07-02 01:16:03,458 INFO chronaris.pipelines.stage_i.public.deep_baseline_runtime: deep_train epoch_done dataset=uab_workload_dataset model=chronaris_public_fusion_simple_concat track=subjective group=heat_the_chair seed=42 fold=001/002 epoch=001/005 train_loss=0.420239 elapsed_s=0.6
2026-07-02 01:16:03,493 INFO chronaris.pipelines.stage_i.public.deep_baseline_runtime: deep_train epoch_start dataset=uab_workload_dataset model=chronaris_public_fusion_simple_concat track=subjective group=heat_the_chair seed=42 fold=001/002 epoch=002/005 batch_count=40
2026-07-02 01:16:03,508 INFO chronaris.pipelines.stage_i.public.deep_baseline_runtime: deep_train batch dataset=uab_workload_dataset model=chronaris_public_fusion_simple_concat track=subjective group=heat_the_chair seed=42 fold=001/002 epoch=002/005 batch=001/040 loss=0.367799 elapsed_s=0.6 status=running
2026-07-02 01:16:03,721 INFO chronaris.pipelines.stage_i.public.deep_baseline_runtime: deep_train batch dataset=uab_workload_dataset model=chronaris_public_fusion_simple_concat track=subjective group=heat_the_chair seed=42 fold=001/002 epoch=002/005 batch=020/040 loss=0.402475 elapsed_s=0.9 status=running
2026-07-02 01:16:03,949 INFO chronaris.pipelines.stage_i.public.deep_baseline_runtime: deep_train batch dataset=uab_workload_dataset model=chronaris_public_fusion_simple_concat track=subjective group=heat_the_chair seed=42 fold=001/002 epoch=002/005 batch=040/040 loss=0.451444 elapsed_s=1.1 status=running
2026-07-02 01:16:03,953 INFO chronaris.pipelines.stage_i.public.deep_baseline_runtime: deep_train epoch_done dataset=uab_workload_dataset model=chronaris_public_fusion_simple_concat track=subjective group=heat_the_chair seed=42 fold=001/002 epoch=002/005 train_loss=0.411801 elapsed_s=0.5
2026-07-02 01:16:03,990 INFO chronaris.pipelines.stage_i.public.deep_baseline_runtime: deep_train epoch_start dataset=uab_workload_dataset model=chronaris_public_fusion_simple_concat track=subjective group=heat_the_chair seed=42 fold=001/002 epoch=003/005 batch_count=40
2026-07-02 01:16:04,009 INFO chronaris.pipelines.stage_i.public.deep_baseline_runtime: deep_train batch dataset=uab_workload_dataset model=chronaris_public_fusion_simple_concat track=subjective group=heat_the_chair seed=42 fold=001/002 epoch=003/005 batch=001/040 loss=0.429036 elapsed_s=1.1 status=running
2026-07-02 01:16:04,222 INFO chronaris.pipelines.stage_i.public.deep_baseline_runtime: deep_train batch dataset=uab_workload_dataset model=chronaris_public_fusion_simple_concat track=subjective group=heat_the_chair seed=42 fold=001/002 epoch=003/005 batch=020/040 loss=0.449717 elapsed_s=1.4 status=running
2026-07-02 01:16:04,449 INFO chronaris.pipelines.stage_i.public.deep_baseline_runtime: deep_train batch dataset=uab_workload_dataset model=chronaris_public_fusion_simple_concat track=subjective group=heat_the_chair seed=42 fold=001/002 epoch=003/005 batch=040/040 loss=0.404679 elapsed_s=1.6 status=running
2026-07-02 01:16:04,453 INFO chronaris.pipelines.stage_i.public.deep_baseline_runtime: deep_train epoch_done dataset=uab_workload_dataset model=chronaris_public_fusion_simple_concat track=subjective group=heat_the_chair seed=42 fold=001/002 epoch=003/005 train_loss=0.410805 elapsed_s=0.5
2026-07-02 01:16:04,489 INFO chronaris.pipelines.stage_i.public.deep_baseline_runtime: deep_train epoch_start dataset=uab_workload_dataset model=chronaris_public_fusion_simple_concat track=subjective group=heat_the_chair seed=42 fold=001/002 epoch=004/005 batch_count=40
2026-07-02 01:16:04,506 INFO chronaris.pipelines.stage_i.public.deep_baseline_runtime: deep_train batch dataset=uab_workload_dataset model=chronaris_public_fusion_simple_concat track=subjective group=heat_the_chair seed=42 fold=001/002 epoch=004/005 batch=001/040 loss=0.451823 elapsed_s=1.6 status=running
2026-07-02 01:16:04,716 INFO chronaris.pipelines.stage_i.public.deep_baseline_runtime: deep_train batch dataset=uab_workload_dataset model=chronaris_public_fusion_simple_concat track=subjective group=heat_the_chair seed=42 fold=001/002 epoch=004/005 batch=020/040 loss=0.380524 elapsed_s=1.8 status=running
2026-07-02 01:16:04,936 INFO chronaris.pipelines.stage_i.public.deep_baseline_runtime: deep_train batch dataset=uab_workload_dataset model=chronaris_public_fusion_simple_concat track=subjective group=heat_the_chair seed=42 fold=001/002 epoch=004/005 batch=040/040 loss=0.385332 elapsed_s=2.1 status=running
2026-07-02 01:16:04,940 INFO chronaris.pipelines.stage_i.public.deep_baseline_runtime: deep_train epoch_done dataset=uab_workload_dataset model=chronaris_public_fusion_simple_concat track=subjective group=heat_the_chair seed=42 fold=001/002 epoch=004/005 train_loss=0.411169 elapsed_s=0.5
2026-07-02 01:16:04,975 INFO chronaris.pipelines.stage_i.public.deep_baseline_runtime: deep_train epoch_start dataset=uab_workload_dataset model=chronaris_public_fusion_simple_concat track=subjective group=heat_the_chair seed=42 fold=001/002 epoch=005/005 batch_count=40
2026-07-02 01:16:04,992 INFO chronaris.pipelines.stage_i.public.deep_baseline_runtime: deep_train batch dataset=uab_workload_dataset model=chronaris_public_fusion_simple_concat track=subjective group=heat_the_chair seed=42 fold=001/002 epoch=005/005 batch=001/040 loss=0.325992 elapsed_s=2.1 status=running
2026-07-02 01:16:05,202 INFO chronaris.pipelines.stage_i.public.deep_baseline_runtime: deep_train batch dataset=uab_workload_dataset model=chronaris_public_fusion_simple_concat track=subjective group=heat_the_chair seed=42 fold=001/002 epoch=005/005 batch=020/040 loss=0.429933 elapsed_s=2.3 status=running
2026-07-02 01:16:05,433 INFO chronaris.pipelines.stage_i.public.deep_baseline_runtime: deep_train batch dataset=uab_workload_dataset model=chronaris_public_fusion_simple_concat track=subjective group=heat_the_chair seed=42 fold=001/002 epoch=005/005 batch=040/040 loss=0.428418 elapsed_s=2.6 status=running
2026-07-02 01:16:05,437 INFO chronaris.pipelines.stage_i.public.deep_baseline_runtime: deep_train epoch_done dataset=uab_workload_dataset model=chronaris_public_fusion_simple_concat track=subjective group=heat_the_chair seed=42 fold=001/002 epoch=005/005 train_loss=0.411279 elapsed_s=0.5
2026-07-02 01:16:05,483 INFO chronaris.pipelines.stage_i.public.deep_baseline_runtime: deep_train fold_done dataset=uab_workload_dataset model=chronaris_public_fusion_simple_concat track=subjective group=heat_the_chair seed=42 fold=001/002 elapsed_s=2.6
2026-07-02 01:16:06,982 INFO chronaris.pipelines.stage_i.public.deep_baseline_runtime: deep_train fold_start dataset=uab_workload_dataset model=chronaris_public_fusion_simple_concat track=subjective group=heat_the_chair seed=42 fold=002/002 split_group=subject_02 task=regression train_count=5126 epochs=5 batch_size=128
2026-07-02 01:16:06,987 INFO chronaris.pipelines.stage_i.public.deep_baseline_runtime: deep_train epoch_start dataset=uab_workload_dataset model=chronaris_public_fusion_simple_concat track=subjective group=heat_the_chair seed=42 fold=002/002 epoch=001/005 batch_count=41
2026-07-02 01:16:07,006 INFO chronaris.pipelines.stage_i.public.deep_baseline_runtime: deep_train batch dataset=uab_workload_dataset model=chronaris_public_fusion_simple_concat track=subjective group=heat_the_chair seed=42 fold=002/002 epoch=001/005 batch=001/041 loss=0.374391 elapsed_s=0.0 status=running
2026-07-02 01:16:07,216 INFO chronaris.pipelines.stage_i.public.deep_baseline_runtime: deep_train batch dataset=uab_workload_dataset model=chronaris_public_fusion_simple_concat track=subjective group=heat_the_chair seed=42 fold=002/002 epoch=001/005 batch=020/041 loss=0.491904 elapsed_s=0.2 status=running
2026-07-02 01:16:07,447 INFO chronaris.pipelines.stage_i.public.deep_baseline_runtime: deep_train batch dataset=uab_workload_dataset model=chronaris_public_fusion_simple_concat track=subjective group=heat_the_chair seed=42 fold=002/002 epoch=001/005 batch=040/041 loss=0.344065 elapsed_s=0.5 status=running
2026-07-02 01:16:07,463 INFO chronaris.pipelines.stage_i.public.deep_baseline_runtime: deep_train batch dataset=uab_workload_dataset model=chronaris_public_fusion_simple_concat track=subjective group=heat_the_chair seed=42 fold=002/002 epoch=001/005 batch=041/041 loss=0.313428 elapsed_s=0.5 status=running
2026-07-02 01:16:07,467 INFO chronaris.pipelines.stage_i.public.deep_baseline_runtime: deep_train epoch_done dataset=uab_workload_dataset model=chronaris_public_fusion_simple_concat track=subjective group=heat_the_chair seed=42 fold=002/002 epoch=001/005 train_loss=0.425955 elapsed_s=0.5
2026-07-02 01:16:07,502 INFO chronaris.pipelines.stage_i.public.deep_baseline_runtime: deep_train epoch_start dataset=uab_workload_dataset model=chronaris_public_fusion_simple_concat track=subjective group=heat_the_chair seed=42 fold=002/002 epoch=002/005 batch_count=41
2026-07-02 01:16:07,518 INFO chronaris.pipelines.stage_i.public.deep_baseline_runtime: deep_train batch dataset=uab_workload_dataset model=chronaris_public_fusion_simple_concat track=subjective group=heat_the_chair seed=42 fold=002/002 epoch=002/005 batch=001/041 loss=0.377203 elapsed_s=0.5 status=running
2026-07-02 01:16:07,732 INFO chronaris.pipelines.stage_i.public.deep_baseline_runtime: deep_train batch dataset=uab_workload_dataset model=chronaris_public_fusion_simple_concat track=subjective group=heat_the_chair seed=42 fold=002/002 epoch=002/005 batch=020/041 loss=0.415192 elapsed_s=0.7 status=running
2026-07-02 01:16:07,957 INFO chronaris.pipelines.stage_i.public.deep_baseline_runtime: deep_train batch dataset=uab_workload_dataset model=chronaris_public_fusion_simple_concat track=subjective group=heat_the_chair seed=42 fold=002/002 epoch=002/005 batch=040/041 loss=0.462514 elapsed_s=1.0 status=running
2026-07-02 01:16:07,972 INFO chronaris.pipelines.stage_i.public.deep_baseline_runtime: deep_train batch dataset=uab_workload_dataset model=chronaris_public_fusion_simple_concat track=subjective group=heat_the_chair seed=42 fold=002/002 epoch=002/005 batch=041/041 loss=0.608016 elapsed_s=1.0 status=running
2026-07-02 01:16:07,976 INFO chronaris.pipelines.stage_i.public.deep_baseline_runtime: deep_train epoch_done dataset=uab_workload_dataset model=chronaris_public_fusion_simple_concat track=subjective group=heat_the_chair seed=42 fold=002/002 epoch=002/005 train_loss=0.429769 elapsed_s=0.5
2026-07-02 01:16:08,014 INFO chronaris.pipelines.stage_i.public.deep_baseline_runtime: deep_train epoch_start dataset=uab_workload_dataset model=chronaris_public_fusion_simple_concat track=subjective group=heat_the_chair seed=42 fold=002/002 epoch=003/005 batch_count=41
2026-07-02 01:16:08,030 INFO chronaris.pipelines.stage_i.public.deep_baseline_runtime: deep_train batch dataset=uab_workload_dataset model=chronaris_public_fusion_simple_concat track=subjective group=heat_the_chair seed=42 fold=002/002 epoch=003/005 batch=001/041 loss=0.371230 elapsed_s=1.0 status=running
2026-07-02 01:16:08,243 INFO chronaris.pipelines.stage_i.public.deep_baseline_runtime: deep_train batch dataset=uab_workload_dataset model=chronaris_public_fusion_simple_concat track=subjective group=heat_the_chair seed=42 fold=002/002 epoch=003/005 batch=020/041 loss=0.394575 elapsed_s=1.3 status=running
2026-07-02 01:16:08,463 INFO chronaris.pipelines.stage_i.public.deep_baseline_runtime: deep_train batch dataset=uab_workload_dataset model=chronaris_public_fusion_simple_concat track=subjective group=heat_the_chair seed=42 fold=002/002 epoch=003/005 batch=040/041 loss=0.431652 elapsed_s=1.5 status=running
2026-07-02 01:16:08,478 INFO chronaris.pipelines.stage_i.public.deep_baseline_runtime: deep_train batch dataset=uab_workload_dataset model=chronaris_public_fusion_simple_concat track=subjective group=heat_the_chair seed=42 fold=002/002 epoch=003/005 batch=041/041 loss=0.310557 elapsed_s=1.5 status=running
2026-07-02 01:16:08,483 INFO chronaris.pipelines.stage_i.public.deep_baseline_runtime: deep_train epoch_done dataset=uab_workload_dataset model=chronaris_public_fusion_simple_concat track=subjective group=heat_the_chair seed=42 fold=002/002 epoch=003/005 train_loss=0.419922 elapsed_s=0.5
2026-07-02 01:16:08,522 INFO chronaris.pipelines.stage_i.public.deep_baseline_runtime: deep_train epoch_start dataset=uab_workload_dataset model=chronaris_public_fusion_simple_concat track=subjective group=heat_the_chair seed=42 fold=002/002 epoch=004/005 batch_count=41
2026-07-02 01:16:08,548 INFO chronaris.pipelines.stage_i.public.deep_baseline_runtime: deep_train batch dataset=uab_workload_dataset model=chronaris_public_fusion_simple_concat track=subjective group=heat_the_chair seed=42 fold=002/002 epoch=004/005 batch=001/041 loss=0.397027 elapsed_s=1.6 status=running
2026-07-02 01:16:08,767 INFO chronaris.pipelines.stage_i.public.deep_baseline_runtime: deep_train batch dataset=uab_workload_dataset model=chronaris_public_fusion_simple_concat track=subjective group=heat_the_chair seed=42 fold=002/002 epoch=004/005 batch=020/041 loss=0.349113 elapsed_s=1.8 status=running
2026-07-02 01:16:08,989 INFO chronaris.pipelines.stage_i.public.deep_baseline_runtime: deep_train batch dataset=uab_workload_dataset model=chronaris_public_fusion_simple_concat track=subjective group=heat_the_chair seed=42 fold=002/002 epoch=004/005 batch=040/041 loss=0.354309 elapsed_s=2.0 status=running
2026-07-02 01:16:09,005 INFO chronaris.pipelines.stage_i.public.deep_baseline_runtime: deep_train batch dataset=uab_workload_dataset model=chronaris_public_fusion_simple_concat track=subjective group=heat_the_chair seed=42 fold=002/002 epoch=004/005 batch=041/041 loss=0.340613 elapsed_s=2.0 status=running
2026-07-02 01:16:09,009 INFO chronaris.pipelines.stage_i.public.deep_baseline_runtime: deep_train epoch_done dataset=uab_workload_dataset model=chronaris_public_fusion_simple_concat track=subjective group=heat_the_chair seed=42 fold=002/002 epoch=004/005 train_loss=0.420946 elapsed_s=0.5
2026-07-02 01:16:09,045 INFO chronaris.pipelines.stage_i.public.deep_baseline_runtime: deep_train epoch_start dataset=uab_workload_dataset model=chronaris_public_fusion_simple_concat track=subjective group=heat_the_chair seed=42 fold=002/002 epoch=005/005 batch_count=41
2026-07-02 01:16:09,062 INFO chronaris.pipelines.stage_i.public.deep_baseline_runtime: deep_train batch dataset=uab_workload_dataset model=chronaris_public_fusion_simple_concat track=subjective group=heat_the_chair seed=42 fold=002/002 epoch=005/005 batch=001/041 loss=0.344632 elapsed_s=2.1 status=running
2026-07-02 01:16:09,271 INFO chronaris.pipelines.stage_i.public.deep_baseline_runtime: deep_train batch dataset=uab_workload_dataset model=chronaris_public_fusion_simple_concat track=subjective group=heat_the_chair seed=42 fold=002/002 epoch=005/005 batch=020/041 loss=0.378168 elapsed_s=2.3 status=running
2026-07-02 01:16:09,557 INFO chronaris.pipelines.stage_i.public.deep_baseline_runtime: deep_train batch dataset=uab_workload_dataset model=chronaris_public_fusion_simple_concat track=subjective group=heat_the_chair seed=42 fold=002/002 epoch=005/005 batch=040/041 loss=0.458425 elapsed_s=2.6 status=running
2026-07-02 01:16:09,575 INFO chronaris.pipelines.stage_i.public.deep_baseline_runtime: deep_train batch dataset=uab_workload_dataset model=chronaris_public_fusion_simple_concat track=subjective group=heat_the_chair seed=42 fold=002/002 epoch=005/005 batch=041/041 loss=0.279429 elapsed_s=2.6 status=running
2026-07-02 01:16:09,580 INFO chronaris.pipelines.stage_i.public.deep_baseline_runtime: deep_train epoch_done dataset=uab_workload_dataset model=chronaris_public_fusion_simple_concat track=subjective group=heat_the_chair seed=42 fold=002/002 epoch=005/005 train_loss=0.418757 elapsed_s=0.5
2026-07-02 01:16:09,617 INFO chronaris.pipelines.stage_i.public.deep_baseline_runtime: deep_train fold_done dataset=uab_workload_dataset model=chronaris_public_fusion_simple_concat track=subjective group=heat_the_chair seed=42 fold=002/002 elapsed_s=2.6
