method_name,epoch,step,batch_sample_ids,augmentation_ids,gradient_norm_before_clip,continuous_alignment_weight,physical_consistency_weight,causal_direction_weight,term_name,weight,status,count,raw_loss,weighted_loss,reason
physiology_only,1,1,['20251002_单01_ACT-8_翼云_J16_12#01__pilot_10033::context_end_0005'],['7bfd2cdd4e63251892163a99953ad2c8cf3c2770bc5819d6a13e86a9fb944241'],0.33151280879974365,0.0,0.0,0.0,masked_reconstruction,1.0,active,75067,1.687670111656189,1.687670111656189,
physiology_only,1,1,['20251002_单01_ACT-8_翼云_J16_12#01__pilot_10033::context_end_0005'],['7bfd2cdd4e63251892163a99953ad2c8cf3c2770bc5819d6a13e86a9fb944241'],0.33151280879974365,0.0,0.0,0.0,short_horizon_prediction,0.5,active,91690,2.3789455890655518,1.1894727945327759,
physiology_only,1,1,['20251002_单01_ACT-8_翼云_J16_12#01__pilot_10033::context_end_0005'],['7bfd2cdd4e63251892163a99953ad2c8cf3c2770bc5819d6a13e86a9fb944241'],0.33151280879974365,0.0,0.0,0.0,lag_discrimination,0.2,active,2,0.7067269086837769,0.14134538173675537,
physiology_only,1,2,['20251002_单01_ACT-8_翼云_J16_12#01__pilot_10033::context_end_0006'],['a24138b5173920cbec062c9a1285b462ae67230f10ea19653b5b57164013228a'],0.27762120962142944,0.0,0.0,0.0,masked_reconstruction,1.0,active,60040,0.963407576084137,0.963407576084137,
physiology_only,1,2,['20251002_单01_ACT-8_翼云_J16_12#01__pilot_10033::context_end_0006'],['a24138b5173920cbec062c9a1285b462ae67230f10ea19653b5b57164013228a'],0.27762120962142944,0.0,0.0,0.0,short_horizon_prediction,0.5,active,90517,2.4840502738952637,1.2420251369476318,
physiology_only,1,2,['20251002_单01_ACT-8_翼云_J16_12#01__pilot_10033::context_end_0006'],['a24138b5173920cbec062c9a1285b462ae67230f10ea19653b5b57164013228a'],0.27762120962142944,0.0,0.0,0.0,lag_discrimination,0.2,active,2,0.6954889297485352,0.13909779489040375,
physiology_only,1,3,['20251002_单01_ACT-8_翼云_J16_12#01__pilot_10033::context_end_0007'],['804f17089cde0e4242c046aa0ed3f5d9c98e81789e68e60a3aa65e9e3e6cccef'],0.25327202677726746,0.0,0.0,0.0,masked_reconstruction,1.0,active,58903,1.2507436275482178,1.2507436275482178,
physiology_only,1,3,['20251002_单01_ACT-8_翼云_J16_12#01__pilot_10033::context_end_0007'],['804f17089cde0e4242c046aa0ed3f5d9c98e81789e68e60a3aa65e9e3e6cccef'],0.25327202677726746,0.0,0.0,0.0,short_horizon_prediction,0.5,active,78958,2.857644557952881,1.4288222789764404,
physiology_only,1,3,['20251002_单01_ACT-8_翼云_J16_12#01__pilot_10033::context_end_0007'],['804f17089cde0e4242c046aa0ed3f5d9c98e81789e68e60a3aa65e9e3e6cccef'],0.25327202677726746,0.0,0.0,0.0,lag_discrimination,0.2,active,2,0.6916459798812866,0.13832919299602509,
physiology_only,1,4,['20251002_单01_ACT-8_翼云_J16_12#01__pilot_10033::context_end_0008'],['3f5b887a4755c6de92070b01142e77b63ce19532ba0e6a9c6ab9f03e61f188b1'],0.23781901597976685,0.0,0.0,0.0,masked_reconstruction,1.0,active,61632,1.9441478252410889,1.9441478252410889,
physiology_only,1,4,['20251002_单01_ACT-8_翼云_J16_12#01__pilot_10033::context_end_0008'],['3f5b887a4755c6de92070b01142e77b63ce19532ba0e6a9c6ab9f03e61f188b1'],0.23781901597976685,0.0,0.0,0.0,short_horizon_prediction,0.5,active,82572,2.4243998527526855,1.2121999263763428,
physiology_only,1,4,['20251002_单01_ACT-8_翼云_J16_12#01__pilot_10033::context_end_0008'],['3f5b887a4755c6de92070b01142e77b63ce19532ba0e6a9c6ab9f03e61f188b1'],0.23781901597976685,0.0,0.0,0.0,lag_discrimination,0.2,active,2,0.6980251669883728,0.13960503041744232,
physiology_only,1,5,['20251002_单01_ACT-8_翼云_J16_12#01__pilot_10033::context_end_0009'],['43ed3680fa0799eb7331993402052cae0dbc35d1f6f7929ee99dc8d018a71194'],0.2234746664762497,0.0,0.0,0.0,masked_reconstruction,1.0,active,61307,1.4583091735839844,1.4583091735839844,
physiology_only,1,5,['20251002_单01_ACT-8_翼云_J16_12#01__pilot_10033::context_end_0009'],['43ed3680fa0799eb7331993402052cae0dbc35d1f6f7929ee99dc8d018a71194'],0.2234746664762497,0.0,0.0,0.0,short_horizon_prediction,0.5,active,86536,2.7504453659057617,1.3752226829528809,
physiology_only,1,5,['20251002_单01_ACT-8_翼云_J16_12#01__pilot_10033::context_end_0009'],['43ed3680fa0799eb7331993402052cae0dbc35d1f6f7929ee99dc8d018a71194'],0.2234746664762497,0.0,0.0,0.0,lag_discrimination,0.2,active,2,0.6975574493408203,0.13951149582862854,
physiology_only,1,6,['20251002_单01_ACT-8_翼云_J16_12#01__pilot_10033::context_end_0010'],['334ae0d3ce6d464d23202dd375438d1ba94f5dc200d03b23807654068e1cfc42'],0.20499342679977417,0.0,0.0,0.0,masked_reconstruction,1.0,active,67324,1.9053739309310913,1.9053739309310913,
physiology_only,1,6,['20251002_单01_ACT-8_翼云_J16_12#01__pilot_10033::context_end_0010'],['334ae0d3ce6d464d23202dd375438d1ba94f5dc200d03b23807654068e1cfc42'],0.20499342679977417,0.0,0.0,0.0,short_horizon_prediction,0.5,active,90012,1.6120305061340332,0.8060152530670166,
physiology_only,1,6,['20251002_单01_ACT-8_翼云_J16_12#01__pilot_10033::context_end_0010'],['334ae0d3ce6d464d23202dd375438d1ba94f5dc200d03b23807654068e1cfc42'],0.20499342679977417,0.0,0.0,0.0,lag_discrimination,0.2,active,2,0.6944471597671509,0.13888943195343018,
physiology_only,1,7,['20251002_单01_ACT-8_翼云_J16_12#01__pilot_10033::context_end_0011'],['3734b63f8c03bc4cf097dbaf30183eaa7898c35f94964c0bfe697e82f14c2695'],0.2034958451986313,0.0,0.0,0.0,masked_reconstruction,1.0,active,57615,0.579897940158844,0.579897940158844,
physiology_only,1,7,['20251002_单01_ACT-8_翼云_J16_12#01__pilot_10033::context_end_0011'],['3734b63f8c03bc4cf097dbaf30183eaa7898c35f94964c0bfe697e82f14c2695'],0.2034958451986313,0.0,0.0,0.0,short_horizon_prediction,0.5,active,78561,1.7130268812179565,0.8565134406089783,
physiology_only,1,7,['20251002_单01_ACT-8_翼云_J16_12#01__pilot_10033::context_end_0011'],['3734b63f8c03bc4cf097dbaf30183eaa7898c35f94964c0bfe697e82f14c2695'],0.2034958451986313,0.0,0.0,0.0,lag_discrimination,0.2,active,2,0.6972867846488953,0.1394573599100113,
physiology_only,1,8,['20251002_单01_ACT-8_翼云_J16_12#01__pilot_10033::context_end_0012'],['5eae51158a387c5b628b23f443cbe49c63750fa1f30d6a1ec12fa35c19e1ae5b'],0.17979119718074799,0.0,0.0,0.0,masked_reconstruction,1.0,active,69297,1.0509661436080933,1.0509661436080933,
physiology_only,1,8,['20251002_单01_ACT-8_翼云_J16_12#01__pilot_10033::context_end_0012'],['5eae51158a387c5b628b23f443cbe49c63750fa1f30d6a1ec12fa35c19e1ae5b'],0.17979119718074799,0.0,0.0,0.0,short_horizon_prediction,0.5,active,82527,1.6836955547332764,0.8418477773666382,
physiology_only,1,8,['20251002_单01_ACT-8_翼云_J16_12#01__pilot_10033::context_end_0012'],['5eae51158a387c5b628b23f443cbe49c63750fa1f30d6a1ec12fa35c19e1ae5b'],0.17979119718074799,0.0,0.0,0.0,lag_discrimination,0.2,active,2,0.6938418745994568,0.13876837491989136,
physiology_only,1,9,['20251002_单01_ACT-8_翼云_J16_12#01__pilot_10033::context_end_0013'],['d5980e39489c98b9726f45ec767bcc529c5a8674429c6a6cd9b60d1a02814d63'],0.17971938848495483,0.0,0.0,0.0,masked_reconstruction,1.0,active,49675,0.9749067425727844,0.9749067425727844,
physiology_only,1,9,['20251002_单01_ACT-8_翼云_J16_12#01__pilot_10033::context_end_0013'],['d5980e39489c98b9726f45ec767bcc529c5a8674429c6a6cd9b60d1a02814d63'],0.17971938848495483,0.0,0.0,0.0,short_horizon_prediction,0.5,active,86089,1.7636773586273193,0.8818386793136597,
physiology_only,1,9,['20251002_单01_ACT-8_翼云_J16_12#01__pilot_10033::context_end_0013'],['d5980e39489c98b9726f45ec767bcc529c5a8674429c6a6cd9b60d1a02814d63'],0.17971938848495483,0.0,0.0,0.0,lag_discrimination,0.2,active,2,0.6849817037582397,0.1369963437318802,
physiology_only,1,10,['20251002_单01_ACT-8_翼云_J16_12#01__pilot_10033::context_end_0014'],['7b52b6a9b504ad9dfc9b8fb09a53350427e0938fbe1d362cb163cc880e824d9e'],0.1776510328054428,0.0,0.0,0.0,masked_reconstruction,1.0,active,73898,1.0466067790985107,1.0466067790985107,
physiology_only,1,10,['20251002_单01_ACT-8_翼云_J16_12#01__pilot_10033::context_end_0014'],['7b52b6a9b504ad9dfc9b8fb09a53350427e0938fbe1d362cb163cc880e824d9e'],0.1776510328054428,0.0,0.0,0.0,short_horizon_prediction,0.5,active,89483,1.698834776878357,0.8494173884391785,
physiology_only,1,10,['20251002_单01_ACT-8_翼云_J16_12#01__pilot_10033::context_end_0014'],['7b52b6a9b504ad9dfc9b8fb09a53350427e0938fbe1d362cb163cc880e824d9e'],0.1776510328054428,0.0,0.0,0.0,lag_discrimination,0.2,active,2,0.6887317895889282,0.13774636387825012,
physiology_only,1,11,['20251002_单01_ACT-8_翼云_J16_12#01__pilot_10033::context_end_0015'],['d78e8d18fc45b9ae4c8cb3ee77e0fe70c7d4fbc814de26d0b09fa40f5807abc2'],0.1716446727514267,0.0,0.0,0.0,masked_reconstruction,1.0,active,57740,0.9324806928634644,0.9324806928634644,
physiology_only,1,11,['20251002_单01_ACT-8_翼云_J16_12#01__pilot_10033::context_end_0015'],['d78e8d18fc45b9ae4c8cb3ee77e0fe70c7d4fbc814de26d0b09fa40f5807abc2'],0.1716446727514267,0.0,0.0,0.0,short_horizon_prediction,0.5,active,78417,1.4926862716674805,0.7463431358337402,
physiology_only,1,11,['20251002_单01_ACT-8_翼云_J16_12#01__pilot_10033::context_end_0015'],['d78e8d18fc45b9ae4c8cb3ee77e0fe70c7d4fbc814de26d0b09fa40f5807abc2'],0.1716446727514267,0.0,0.0,0.0,lag_discrimination,0.2,active,2,0.6876453161239624,0.13752906024456024,
physiology_only,1,12,['20251002_单01_ACT-8_翼云_J16_12#01__pilot_10033::context_end_0016'],['7ed379e782ece8dee2db32bb559c73b9cbbd5ef10978d1e3b01f1dedddcdcbf4'],0.007344904821366072,0.0,0.0,0.0,masked_reconstruction,1.0,active,60432,0.8049408197402954,0.8049408197402954,
physiology_only,1,12,['20251002_单01_ACT-8_翼云_J16_12#01__pilot_10033::context_end_0016'],['7ed379e782ece8dee2db32bb559c73b9cbbd5ef10978d1e3b01f1dedddcdcbf4'],0.007344904821366072,0.0,0.0,0.0,short_horizon_prediction,0.5,active,81988,1.4933725595474243,0.7466862797737122,
physiology_only,1,12,['20251002_单01_ACT-8_翼云_J16_12#01__pilot_10033::context_end_0016'],['7ed379e782ece8dee2db32bb559c73b9cbbd5ef10978d1e3b01f1dedddcdcbf4'],0.007344904821366072,0.0,0.0,0.0,lag_discrimination,0.2,active,2,0.6943020820617676,0.13886041939258575,
physiology_only,1,13,['20251002_单01_ACT-8_翼云_J16_12#01__pilot_10033::context_end_0017'],['5890eb6f6a253a132286ab05a46fb23594a002c15c639fd06b95cf3d38e2d294'],0.17502331733703613,0.0,0.0,0.0,masked_reconstruction,1.0,active,59565,0.47410354018211365,0.47410354018211365,
physiology_only,1,13,['20251002_单01_ACT-8_翼云_J16_12#01__pilot_10033::context_end_0017'],['5890eb6f6a253a132286ab05a46fb23594a002c15c639fd06b95cf3d38e2d294'],0.17502331733703613,0.0,0.0,0.0,short_horizon_prediction,0.5,active,85508,2.1135544776916504,1.0567772388458252,
physiology_only,1,13,['20251002_单01_ACT-8_翼云_J16_12#01__pilot_10033::context_end_0017'],['5890eb6f6a253a132286ab05a46fb23594a002c15c639fd06b95cf3d38e2d294'],0.17502331733703613,0.0,0.0,0.0,lag_discrimination,0.2,active,2,0.6906613111495972,0.1381322592496872,
physiology_only,1,14,['20251002_单01_ACT-8_翼云_J16_12#01__pilot_10033::context_end_0018'],['459cf75a090eb70511626486853e479a501e1c5873b86ab7da54c15c4a09c848'],0.007700655609369278,0.0,0.0,0.0,masked_reconstruction,1.0,active,57167,1.7280158996582031,1.7280158996582031,
physiology_only,1,14,['20251002_单01_ACT-8_翼云_J16_12#01__pilot_10033::context_end_0018'],['459cf75a090eb70511626486853e479a501e1c5873b86ab7da54c15c4a09c848'],0.007700655609369278,0.0,0.0,0.0,short_horizon_prediction,0.5,active,89108,1.7055407762527466,0.8527703881263733,
physiology_only,1,14,['20251002_单01_ACT-8_翼云_J16_12#01__pilot_10033::context_end_0018'],['459cf75a090eb70511626486853e479a501e1c5873b86ab7da54c15c4a09c848'],0.007700655609369278,0.0,0.0,0.0,lag_discrimination,0.2,active,2,0.6943024396896362,0.13886049389839172,
physiology_only,1,15,['20251002_单01_ACT-8_翼云_J16_12#01__pilot_10033::context_end_0019'],['168465844e6117f2be29585c34fe20fccf3ec38846a4bff514a899934455ced8'],0.1834450662136078,0.0,0.0,0.0,masked_reconstruction,1.0,active,58380,0.4098234474658966,0.4098234474658966,
physiology_only,1,15,['20251002_单01_ACT-8_翼云_J16_12#01__pilot_10033::context_end_0019'],['168465844e6117f2be29585c34fe20fccf3ec38846a4bff514a899934455ced8'],0.1834450662136078,0.0,0.0,0.0,short_horizon_prediction,0.5,active,70573,2.0610995292663574,1.0305497646331787,
physiology_only,1,15,['20251002_单01_ACT-8_翼云_J16_12#01__pilot_10033::context_end_0019'],['168465844e6117f2be29585c34fe20fccf3ec38846a4bff514a899934455ced8'],0.1834450662136078,0.0,0.0,0.0,lag_discrimination,0.2,active,2,0.6921532154083252,0.1384306401014328,
physiology_only,1,16,['20251002_单01_ACT-8_翼云_J16_12#01__pilot_10033::context_end_0020'],['a6e53cd425f38157b197cbccebff0e6e2b35780420fba0e04dc32d9b09e5c3aa'],0.17196935415267944,0.0,0.0,0.0,masked_reconstruction,1.0,active,58635,0.7672336101531982,0.7672336101531982,
physiology_only,1,16,['20251002_单01_ACT-8_翼云_J16_12#01__pilot_10033::context_end_0020'],['a6e53cd425f38157b197cbccebff0e6e2b35780420fba0e04dc32d9b09e5c3aa'],0.17196935415267944,0.0,0.0,0.0,short_horizon_prediction,0.5,active,70564,2.2457406520843506,1.1228703260421753,
physiology_only,1,16,['20251002_单01_ACT-8_翼云_J16_12#01__pilot_10033::context_end_0020'],['a6e53cd425f38157b197cbccebff0e6e2b35780420fba0e04dc32d9b09e5c3aa'],0.17196935415267944,0.0,0.0,0.0,lag_discrimination,0.2,active,2,0.6945322751998901,0.13890646398067474,
physiology_only,1,17,['20251002_单01_ACT-8_翼云_J16_12#01__pilot_10033::context_end_0021'],['c23e0cee1452903eeef5a6e80a236c0effcd8d2dbf661db4ba406ac7316a1507'],0.1602649837732315,0.0,0.0,0.0,masked_reconstruction,1.0,active,61001,0.539122998714447,0.539122998714447,
physiology_only,1,17,['20251002_单01_ACT-8_翼云_J16_12#01__pilot_10033::context_end_0021'],['c23e0cee1452903eeef5a6e80a236c0effcd8d2dbf661db4ba406ac7316a1507'],0.1602649837732315,0.0,0.0,0.0,short_horizon_prediction,0.5,active,70593,2.777989149093628,1.388994574546814,
physiology_only,1,17,['20251002_单01_ACT-8_翼云_J16_12#01__pilot_10033::context_end_0021'],['c23e0cee1452903eeef5a6e80a236c0effcd8d2dbf661db4ba406ac7316a1507'],0.1602649837732315,0.0,0.0,0.0,lag_discrimination,0.2,active,2,0.6971532702445984,0.13943065702915192,
physiology_only,1,18,['20251002_单01_ACT-8_翼云_J16_12#01__pilot_10033::context_end_0022'],['76d2403475081b74d016a4ea02b948e27c6c2d197dfefb7349969907169d7924'],0.16513477265834808,0.0,0.0,0.0,masked_reconstruction,1.0,active,59530,0.8235462307929993,0.8235462307929993,
physiology_only,1,18,['20251002_单01_ACT-8_翼云_J16_12#01__pilot_10033::context_end_0022'],['76d2403475081b74d016a4ea02b948e27c6c2d197dfefb7349969907169d7924'],0.16513477265834808,0.0,0.0,0.0,short_horizon_prediction,0.5,active,70632,2.777409076690674,1.388704538345337,
physiology_only,1,18,['20251002_单01_ACT-8_翼云_J16_12#01__pilot_10033::context_end_0022'],['76d2403475081b74d016a4ea02b948e27c6c2d197dfefb7349969907169d7924'],0.16513477265834808,0.0,0.0,0.0,lag_discrimination,0.2,active,2,0.6999175548553467,0.13998351991176605,
physiology_only,1,19,['20251002_单01_ACT-8_翼云_J16_12#01__pilot_10033::context_end_0023'],['a79e40fe89e0990cafb6da8cf31e5252209aa2cb14102f7c65c849a4a8de4c2c'],0.15253588557243347,0.0,0.0,0.0,masked_reconstruction,1.0,active,54404,1.3442550897598267,1.3442550897598267,
physiology_only,1,19,['20251002_单01_ACT-8_翼云_J16_12#01__pilot_10033::context_end_0023'],['a79e40fe89e0990cafb6da8cf31e5252209aa2cb14102f7c65c849a4a8de4c2c'],0.15253588557243347,0.0,0.0,0.0,short_horizon_prediction,0.5,active,70596,2.5337202548980713,1.2668601274490356,
physiology_only,1,19,['20251002_单01_ACT-8_翼云_J16_12#01__pilot_10033::context_end_0023'],['a79e40fe89e0990cafb6da8cf31e5252209aa2cb14102f7c65c849a4a8de4c2c'],0.15253588557243347,0.0,0.0,0.0,lag_discrimination,0.2,active,2,0.6957858800888062,0.13915717601776123,
physiology_only,1,20,['20251002_单01_ACT-8_翼云_J16_12#01__pilot_10035::context_end_0005'],['eea17df4d6cdbc9879557a5f725d292ce25bd415605721bd6ea58db6d6d1e444'],0.16251377761363983,0.0,0.0,0.0,masked_reconstruction,1.0,active,60939,1.243777871131897,1.243777871131897,
physiology_only,1,20,['20251002_单01_ACT-8_翼云_J16_12#01__pilot_10035::context_end_0005'],['eea17df4d6cdbc9879557a5f725d292ce25bd415605721bd6ea58db6d6d1e444'],0.16251377761363983,0.0,0.0,0.0,short_horizon_prediction,0.5,active,91690,2.290877103805542,1.145438551902771,
physiology_only,1,20,['20251002_单01_ACT-8_翼云_J16_12#01__pilot_10035::context_end_0005'],['eea17df4d6cdbc9879557a5f725d292ce25bd415605721bd6ea58db6d6d1e444'],0.16251377761363983,0.0,0.0,0.0,lag_discrimination,0.2,active,2,0.6945600509643555,0.13891200721263885,
physiology_only,1,21,['20251002_单01_ACT-8_翼云_J16_12#01__pilot_10035::context_end_0006'],['109cb29ec2bd3c6afd412184cea8b9ca66b380db4649931d96c7b8c250e1a9a2'],0.15463420748710632,0.0,0.0,0.0,masked_reconstruction,1.0,active,65597,1.3815865516662598,1.3815865516662598,
physiology_only,1,21,['20251002_单01_ACT-8_翼云_J16_12#01__pilot_10035::context_end_0006'],['109cb29ec2bd3c6afd412184cea8b9ca66b380db4649931d96c7b8c250e1a9a2'],0.15463420748710632,0.0,0.0,0.0,short_horizon_prediction,0.5,active,90517,2.4002444744110107,1.2001222372055054,
physiology_only,1,21,['20251002_单01_ACT-8_翼云_J16_12#01__pilot_10035::context_end_0006'],['109cb29ec2bd3c6afd412184cea8b9ca66b380db4649931d96c7b8c250e1a9a2'],0.15463420748710632,0.0,0.0,0.0,lag_discrimination,0.2,active,2,0.6940832138061523,0.13881663978099823,
physiology_only,1,22,['20251002_单01_ACT-8_翼云_J16_12#01__pilot_10035::context_end_0007'],['54b13ea6f14babf2ce2257ba2c79d4c7ef9cf017fc0ec42085f1618d6d68b6a0'],0.15033788979053497,0.0,0.0,0.0,masked_reconstruction,1.0,active,59824,1.7760604619979858,1.7760604619979858,
physiology_only,1,22,['20251002_单01_ACT-8_翼云_J16_12#01__pilot_10035::context_end_0007'],['54b13ea6f14babf2ce2257ba2c79d4c7ef9cf017fc0ec42085f1618d6d68b6a0'],0.15033788979053497,0.0,0.0,0.0,short_horizon_prediction,0.5,active,78958,2.774423122406006,1.387211561203003,
physiology_only,1,22,['20251002_单01_ACT-8_翼云_J16_12#01__pilot_10035::context_end_0007'],['54b13ea6f14babf2ce2257ba2c79d4c7ef9cf017fc0ec42085f1618d6d68b6a0'],0.15033788979053497,0.0,0.0,0.0,lag_discrimination,0.2,active,2,0.6944935321807861,0.13889871537685394,
physiology_only,1,23,['20251002_单01_ACT-8_翼云_J16_12#01__pilot_10035::context_end_0008'],['880137135556805d1ac5a2f6febca4fa4908d807c33d0a3fb001cb70fa961f2b'],0.1382857859134674,0.0,0.0,0.0,masked_reconstruction,1.0,active,74139,1.2206175327301025,1.2206175327301025,
physiology_only,1,23,['20251002_单01_ACT-8_翼云_J16_12#01__pilot_10035::context_end_0008'],['880137135556805d1ac5a2f6febca4fa4908d807c33d0a3fb001cb70fa961f2b'],0.1382857859134674,0.0,0.0,0.0,short_horizon_prediction,0.5,active,82572,2.3447630405426025,1.1723815202713013,
physiology_only,1,23,['20251002_单01_ACT-8_翼云_J16_12#01__pilot_10035::context_end_0008'],['880137135556805d1ac5a2f6febca4fa4908d807c33d0a3fb001cb70fa961f2b'],0.1382857859134674,0.0,0.0,0.0,lag_discrimination,0.2,active,2,0.6938488483428955,0.13876977562904358,
physiology_only,1,24,['20251002_单01_ACT-8_翼云_J16_12#01__pilot_10035::context_end_0009'],['a1073a503127e49afc6f72b0e39753eb9f92937a44c99190b219f209f31bfa33'],0.1239427849650383,0.0,0.0,0.0,masked_reconstruction,1.0,active,56719,0.8933799862861633,0.8933799862861633,
physiology_only,1,24,['20251002_单01_ACT-8_翼云_J16_12#01__pilot_10035::context_end_0009'],['a1073a503127e49afc6f72b0e39753eb9f92937a44c99190b219f209f31bfa33'],0.1239427849650383,0.0,0.0,0.0,short_horizon_prediction,0.5,active,86536,2.676584482192993,1.3382922410964966,
physiology_only,1,24,['20251002_单01_ACT-8_翼云_J16_12#01__pilot_10035::context_end_0009'],['a1073a503127e49afc6f72b0e39753eb9f92937a44c99190b219f209f31bfa33'],0.1239427849650383,0.0,0.0,0.0,lag_discrimination,0.2,active,2,0.6875772476196289,0.13751545548439026,
physiology_only,1,25,['20251002_单01_ACT-8_翼云_J16_12#01__pilot_10035::context_end_0010'],['c25671c3158cabe9d7af0b8ea3dbdec60f64c8790e3e277d27551052d610b16c'],0.11490046232938766,0.0,0.0,0.0,masked_reconstruction,1.0,active,53080,0.30458587408065796,0.30458587408065796,
physiology_only,1,25,['20251002_单01_ACT-8_翼云_J16_12#01__pilot_10035::context_end_0010'],['c25671c3158cabe9d7af0b8ea3dbdec60f64c8790e3e277d27551052d610b16c'],0.11490046232938766,0.0,0.0,0.0,short_horizon_prediction,0.5,active,90012,1.54158616065979,0.770793080329895,
physiology_only,1,25,['20251002_单01_ACT-8_翼云_J16_12#01__pilot_10035::context_end_0010'],['c25671c3158cabe9d7af0b8ea3dbdec60f64c8790e3e277d27551052d610b16c'],0.11490046232938766,0.0,0.0,0.0,lag_discrimination,0.2,active,2,0.6894130706787109,0.13788262009620667,
physiology_only,1,26,['20251002_单01_ACT-8_翼云_J16_12#01__pilot_10035::context_end_0011'],['eb55e42d9743a7d412f70a6ebd1d4b941aa1cba72505273a8aa842d2934ad1ef'],0.10833724588155746,0.0,0.0,0.0,masked_reconstruction,1.0,active,57082,0.6598726511001587,0.6598726511001587,
physiology_only,1,26,['20251002_单01_ACT-8_翼云_J16_12#01__pilot_10035::context_end_0011'],['eb55e42d9743a7d412f70a6ebd1d4b941aa1cba72505273a8aa842d2934ad1ef'],0.10833724588155746,0.0,0.0,0.0,short_horizon_prediction,0.5,active,78561,1.6427546739578247,0.8213773369789124,
physiology_only,1,26,['20251002_单01_ACT-8_翼云_J16_12#01__pilot_10035::context_end_0011'],['eb55e42d9743a7d412f70a6ebd1d4b941aa1cba72505273a8aa842d2934ad1ef'],0.10833724588155746,0.0,0.0,0.0,lag_discrimination,0.2,active,2,0.6891718506813049,0.137834370136261,
physiology_only,1,27,['20251002_单01_ACT-8_翼云_J16_12#01__pilot_10035::context_end_0012'],['5a6b693cd2cd5c137436419d27b10f0ca44899c5c1c01f174a6ba4c95b1c5b90'],0.006663339212536812,0.0,0.0,0.0,masked_reconstruction,1.0,active,71804,0.3235883116722107,0.3235883116722107,
physiology_only,1,27,['20251002_单01_ACT-8_翼云_J16_12#01__pilot_10035::context_end_0012'],['5a6b693cd2cd5c137436419d27b10f0ca44899c5c1c01f174a6ba4c95b1c5b90'],0.006663339212536812,0.0,0.0,0.0,short_horizon_prediction,0.5,active,82527,1.5734775066375732,0.7867387533187866,
physiology_only,1,27,['20251002_单01_ACT-8_翼云_J16_12#01__pilot_10035::context_end_0012'],['5a6b693cd2cd5c137436419d27b10f0ca44899c5c1c01f174a6ba4c95b1c5b90'],0.006663339212536812,0.0,0.0,0.0,lag_discrimination,0.2,active,2,0.6942393779754639,0.13884787261486053,
physiology_only,1,28,['20251002_单01_ACT-8_翼云_J16_12#01__pilot_10035::context_end_0013'],['fe4f8b9905702602ef350ee7b1d5491293899b5e669767046fc9f830a8584a0d'],0.1024145632982254,0.0,0.0,0.0,masked_reconstruction,1.0,active,59405,0.4941663444042206,0.4941663444042206,
physiology_only,1,28,['20251002_单01_ACT-8_翼云_J16_12#01__pilot_10035::context_end_0013'],['fe4f8b9905702602ef350ee7b1d5491293899b5e669767046fc9f830a8584a0d'],0.1024145632982254,0.0,0.0,0.0,short_horizon_prediction,0.5,active,86089,1.6991742849349976,0.8495871424674988,
physiology_only,1,28,['20251002_单01_ACT-8_翼云_J16_12#01__pilot_10035::context_end_0013'],['fe4f8b9905702602ef350ee7b1d5491293899b5e669767046fc9f830a8584a0d'],0.1024145632982254,0.0,0.0,0.0,lag_discrimination,0.2,active,2,0.6916002035140991,0.13832004368305206,
physiology_only,1,29,['20251002_单01_ACT-8_翼云_J16_12#01__pilot_10035::context_end_0014'],['091c1f29075270a1e28e6f94f5ec114d38d5eb82100dc3052afe41aa9e7b591f'],0.10111331194639206,0.0,0.0,0.0,masked_reconstruction,1.0,active,74883,0.7993552088737488,0.7993552088737488,
physiology_only,1,29,['20251002_单01_ACT-8_翼云_J16_12#01__pilot_10035::context_end_0014'],['091c1f29075270a1e28e6f94f5ec114d38d5eb82100dc3052afe41aa9e7b591f'],0.10111331194639206,0.0,0.0,0.0,short_horizon_prediction,0.5,active,89483,1.6365575790405273,0.8182787895202637,
physiology_only,1,29,['20251002_单01_ACT-8_翼云_J16_12#01__pilot_10035::context_end_0014'],['091c1f29075270a1e28e6f94f5ec114d38d5eb82100dc3052afe41aa9e7b591f'],0.10111331194639206,0.0,0.0,0.0,lag_discrimination,0.2,active,2,0.6905876994132996,0.13811753690242767,
physiology_only,1,30,['20251002_单01_ACT-8_翼云_J16_12#01__pilot_10035::context_end_0015'],['11fe10a6eddc630e8924891330262b4df1a15a43093f74d57f620acadda78231'],0.10380829870700836,0.0,0.0,0.0,masked_reconstruction,1.0,active,50108,0.3177427649497986,0.3177427649497986,
physiology_only,1,30,['20251002_单01_ACT-8_翼云_J16_12#01__pilot_10035::context_end_0015'],['11fe10a6eddc630e8924891330262b4df1a15a43093f74d57f620acadda78231'],0.10380829870700836,0.0,0.0,0.0,short_horizon_prediction,0.5,active,78417,1.4328324794769287,0.7164162397384644,
physiology_only,1,30,['20251002_单01_ACT-8_翼云_J16_12#01__pilot_10035::context_end_0015'],['11fe10a6eddc630e8924891330262b4df1a15a43093f74d57f620acadda78231'],0.10380829870700836,0.0,0.0,0.0,lag_discrimination,0.2,active,2,0.695328414440155,0.139065682888031,
physiology_only,1,31,['20251002_单01_ACT-8_翼云_J16_12#01__pilot_10035::context_end_0016'],['2981b292ee6fb0ccd64f1ab45cc33c8e17173d302204cb349d28455a46753979'],0.10341384261846542,0.0,0.0,0.0,masked_reconstruction,1.0,active,58151,0.9390628933906555,0.9390628933906555,
physiology_only,1,31,['20251002_单01_ACT-8_翼云_J16_12#01__pilot_10035::context_end_0016'],['2981b292ee6fb0ccd64f1ab45cc33c8e17173d302204cb349d28455a46753979'],0.10341384261846542,0.0,0.0,0.0,short_horizon_prediction,0.5,active,81988,1.5294263362884521,0.7647131681442261,
physiology_only,1,31,['20251002_单01_ACT-8_翼云_J16_12#01__pilot_10035::context_end_0016'],['2981b292ee6fb0ccd64f1ab45cc33c8e17173d302204cb349d28455a46753979'],0.10341384261846542,0.0,0.0,0.0,lag_discrimination,0.2,active,2,0.6964741349220276,0.13929483294487,
physiology_only,1,32,['20251002_单01_ACT-8_翼云_J16_12#01__pilot_10035::context_end_0017'],['84e74617f13293837d23cb606a685b8c5e85d2e8c9eb428d8640eb734625ea79'],0.09733330458402634,0.0,0.0,0.0,masked_reconstruction,1.0,active,52550,1.5101096630096436,1.5101096630096436,
physiology_only,1,32,['20251002_单01_ACT-8_翼云_J16_12#01__pilot_10035::context_end_0017'],['84e74617f13293837d23cb606a685b8c5e85d2e8c9eb428d8640eb734625ea79'],0.09733330458402634,0.0,0.0,0.0,short_horizon_prediction,0.5,active,85508,2.057318687438965,1.0286593437194824,
physiology_only,1,32,['20251002_单01_ACT-8_翼云_J16_12#01__pilot_10035::context_end_0017'],['84e74617f13293837d23cb606a685b8c5e85d2e8c9eb428d8640eb734625ea79'],0.09733330458402634,0.0,0.0,0.0,lag_discrimination,0.2,active,2,0.6911848783493042,0.13823698461055756,
physiology_only,1,33,['20251002_单01_ACT-8_翼云_J16_12#01__pilot_10035::context_end_0018'],['bee23e71f018e7f246a604d288b9b657cf272b78c74b10018890a8a64f76c395'],0.09625520557165146,0.0,0.0,0.0,masked_reconstruction,1.0,active,60468,0.8293474912643433,0.8293474912643433,
physiology_only,1,33,['20251002_单01_ACT-8_翼云_J16_12#01__pilot_10035::context_end_0018'],['bee23e71f018e7f246a604d288b9b657cf272b78c74b10018890a8a64f76c395'],0.09625520557165146,0.0,0.0,0.0,short_horizon_prediction,0.5,active,89108,1.737851619720459,0.8689258098602295,
physiology_only,1,33,['20251002_单01_ACT-8_翼云_J16_12#01__pilot_10035::context_end_0018'],['bee23e71f018e7f246a604d288b9b657cf272b78c74b10018890a8a64f76c395'],0.09625520557165146,0.0,0.0,0.0,lag_discrimination,0.2,active,2,0.6950761079788208,0.13901522755622864,
physiology_only,1,34,['20251002_单01_ACT-8_翼云_J16_12#01__pilot_10035::context_end_0019'],['552dc9c66475dacc96366fa516835da7e0a073ce4e27d58376f28207652f35b8'],0.09947773814201355,0.0,0.0,0.0,masked_reconstruction,1.0,active,55569,0.903103232383728,0.903103232383728,
physiology_only,1,34,['20251002_单01_ACT-8_翼云_J16_12#01__pilot_10035::context_end_0019'],['552dc9c66475dacc96366fa516835da7e0a073ce4e27d58376f28207652f35b8'],0.09947773814201355,0.0,0.0,0.0,short_horizon_prediction,0.5,active,70573,2.005321979522705,1.0026609897613525,
physiology_only,1,34,['20251002_单01_ACT-8_翼云_J16_12#01__pilot_10035::context_end_0019'],['552dc9c66475dacc96366fa516835da7e0a073ce4e27d58376f28207652f35b8'],0.09947773814201355,0.0,0.0,0.0,lag_discrimination,0.2,active,2,0.689789354801178,0.1379578709602356,
physiology_only,1,35,['20251002_单01_ACT-8_翼云_J16_12#01__pilot_10035::context_end_0020'],['49b4b0e0e12b36e0a1c90ab2919ec1b67d374413c994753fca0ad4cb0c261b06'],0.10540510714054108,0.0,0.0,0.0,masked_reconstruction,1.0,active,61632,1.2329035997390747,1.2329035997390747,
physiology_only,1,35,['20251002_单01_ACT-8_翼云_J16_12#01__pilot_10035::context_end_0020'],['49b4b0e0e12b36e0a1c90ab2919ec1b67d374413c994753fca0ad4cb0c261b06'],0.10540510714054108,0.0,0.0,0.0,short_horizon_prediction,0.5,active,70564,2.1906256675720215,1.0953128337860107,
physiology_only,1,35,['20251002_单01_ACT-8_翼云_J16_12#01__pilot_10035::context_end_0020'],['49b4b0e0e12b36e0a1c90ab2919ec1b67d374413c994753fca0ad4cb0c261b06'],0.10540510714054108,0.0,0.0,0.0,lag_discrimination,0.2,active,2,0.6877720355987549,0.13755440711975098,
physiology_only,1,36,['20251002_单01_ACT-8_翼云_J16_12#01__pilot_10035::context_end_0021'],['a1e797223951ee19e55627bf59c436d5c6444a08645a397aabfa4975553f1dc9'],0.10663000494241714,0.0,0.0,0.0,masked_reconstruction,1.0,active,54272,1.2356290817260742,1.2356290817260742,
physiology_only,1,36,['20251002_单01_ACT-8_翼云_J16_12#01__pilot_10035::context_end_0021'],['a1e797223951ee19e55627bf59c436d5c6444a08645a397aabfa4975553f1dc9'],0.10663000494241714,0.0,0.0,0.0,short_horizon_prediction,0.5,active,70593,2.724912643432617,1.3624563217163086,
physiology_only,1,36,['20251002_单01_ACT-8_翼云_J16_12#01__pilot_10035::context_end_0021'],['a1e797223951ee19e55627bf59c436d5c6444a08645a397aabfa4975553f1dc9'],0.10663000494241714,0.0,0.0,0.0,lag_discrimination,0.2,active,2,0.6924434900283813,0.13848869502544403,
physiology_only,1,37,['20251002_单01_ACT-8_翼云_J16_12#01__pilot_10035::context_end_0022'],['5151b5ce85b60ff4611bdb6bc277a6c011d81793502be0f650acbe1d4ee3d73b'],0.11117444932460785,0.0,0.0,0.0,masked_reconstruction,1.0,active,54898,0.2996896803379059,0.2996896803379059,
physiology_only,1,37,['20251002_单01_ACT-8_翼云_J16_12#01__pilot_10035::context_end_0022'],['5151b5ce85b60ff4611bdb6bc277a6c011d81793502be0f650acbe1d4ee3d73b'],0.11117444932460785,0.0,0.0,0.0,short_horizon_prediction,0.5,active,70632,2.7261431217193604,1.3630715608596802,
physiology_only,1,37,['20251002_单01_ACT-8_翼云_J16_12#01__pilot_10035::context_end_0022'],['5151b5ce85b60ff4611bdb6bc277a6c011d81793502be0f650acbe1d4ee3d73b'],0.11117444932460785,0.0,0.0,0.0,lag_discrimination,0.2,active,2,0.6931338310241699,0.13862676918506622,
physiology_only,1,38,['20251002_单01_ACT-8_翼云_J16_12#01__pilot_10035::context_end_0023'],['4be21067ce9ef81ae6e765f0c4745bc2e84341f7a043644b8b33f3882689abc2'],0.1057431548833847,0.0,0.0,0.0,masked_reconstruction,1.0,active,53624,1.3236700296401978,1.3236700296401978,
physiology_only,1,38,['20251002_单01_ACT-8_翼云_J16_12#01__pilot_10035::context_end_0023'],['4be21067ce9ef81ae6e765f0c4745bc2e84341f7a043644b8b33f3882689abc2'],0.1057431548833847,0.0,0.0,0.0,short_horizon_prediction,0.5,active,70596,2.4850075244903564,1.2425037622451782,
physiology_only,1,38,['20251002_单01_ACT-8_翼云_J16_12#01__pilot_10035::context_end_0023'],['4be21067ce9ef81ae6e765f0c4745bc2e84341f7a043644b8b33f3882689abc2'],0.1057431548833847,0.0,0.0,0.0,lag_discrimination,0.2,active,2,0.6993484497070312,0.13986968994140625,
vehicle_only,1,1,['20251002_单01_ACT-8_翼云_J16_12#01__pilot_10033::context_end_0005'],['7bfd2cdd4e63251892163a99953ad2c8cf3c2770bc5819d6a13e86a9fb944241'],2.7253081798553467,0.0,0.0,0.0,masked_reconstruction,1.0,active,75067,1.698364019393921,1.698364019393921,
vehicle_only,1,1,['20251002_单01_ACT-8_翼云_J16_12#01__pilot_10033::context_end_0005'],['7bfd2cdd4e63251892163a99953ad2c8cf3c2770bc5819d6a13e86a9fb944241'],2.7253081798553467,0.0,0.0,0.0,short_horizon_prediction,0.5,active,91690,2.369523286819458,1.184761643409729,
vehicle_only,1,1,['20251002_单01_ACT-8_翼云_J16_12#01__pilot_10033::context_end_0005'],['7bfd2cdd4e63251892163a99953ad2c8cf3c2770bc5819d6a13e86a9fb944241'],2.7253081798553467,0.0,0.0,0.0,lag_discrimination,0.2,active,2,0.8621158003807068,0.17242316901683807,
vehicle_only,1,2,['20251002_单01_ACT-8_翼云_J16_12#01__pilot_10033::context_end_0006'],['a24138b5173920cbec062c9a1285b462ae67230f10ea19653b5b57164013228a'],0.5710372924804688,0.0,0.0,0.0,masked_reconstruction,1.0,active,60040,0.97431880235672,0.97431880235672,
vehicle_only,1,2,['20251002_单01_ACT-8_翼云_J16_12#01__pilot_10033::context_end_0006'],['a24138b5173920cbec062c9a1285b462ae67230f10ea19653b5b57164013228a'],0.5710372924804688,0.0,0.0,0.0,short_horizon_prediction,0.5,active,90517,2.480130672454834,1.240065336227417,
vehicle_only,1,2,['20251002_单01_ACT-8_翼云_J16_12#01__pilot_10033::context_end_0006'],['a24138b5173920cbec062c9a1285b462ae67230f10ea19653b5b57164013228a'],0.5710372924804688,0.0,0.0,0.0,lag_discrimination,0.2,active,2,0.7096530199050903,0.14193060994148254,
vehicle_only,1,3,['20251002_单01_ACT-8_翼云_J16_12#01__pilot_10033::context_end_0007'],['804f17089cde0e4242c046aa0ed3f5d9c98e81789e68e60a3aa65e9e3e6cccef'],0.4287616014480591,0.0,0.0,0.0,masked_reconstruction,1.0,active,58903,1.2636953592300415,1.2636953592300415,
vehicle_only,1,3,['20251002_单01_ACT-8_翼云_J16_12#01__pilot_10033::context_end_0007'],['804f17089cde0e4242c046aa0ed3f5d9c98e81789e68e60a3aa65e9e3e6cccef'],0.4287616014480591,0.0,0.0,0.0,short_horizon_prediction,0.5,active,78958,2.8561761379241943,1.4280880689620972,
vehicle_only,1,3,['20251002_单01_ACT-8_翼云_J16_12#01__pilot_10033::context_end_0007'],['804f17089cde0e4242c046aa0ed3f5d9c98e81789e68e60a3aa65e9e3e6cccef'],0.4287616014480591,0.0,0.0,0.0,lag_discrimination,0.2,active,2,0.7074655294418335,0.14149311184883118,
vehicle_only,1,4,['20251002_单01_ACT-8_翼云_J16_12#01__pilot_10033::context_end_0008'],['3f5b887a4755c6de92070b01142e77b63ce19532ba0e6a9c6ab9f03e61f188b1'],0.617093563079834,0.0,0.0,0.0,masked_reconstruction,1.0,active,61632,1.9578359127044678,1.9578359127044678,
vehicle_only,1,4,['20251002_单01_ACT-8_翼云_J16_12#01__pilot_10033::context_end_0008'],['3f5b887a4755c6de92070b01142e77b63ce19532ba0e6a9c6ab9f03e61f188b1'],0.617093563079834,0.0,0.0,0.0,short_horizon_prediction,0.5,active,82572,2.4283623695373535,1.2141811847686768,
vehicle_only,1,4,['20251002_单01_ACT-8_翼云_J16_12#01__pilot_10033::context_end_0008'],['3f5b887a4755c6de92070b01142e77b63ce19532ba0e6a9c6ab9f03e61f188b1'],0.617093563079834,0.0,0.0,0.0,lag_discrimination,0.2,active,2,0.6272236108779907,0.12544472515583038,
vehicle_only,1,5,['20251002_单01_ACT-8_翼云_J16_12#01__pilot_10033::context_end_0009'],['43ed3680fa0799eb7331993402052cae0dbc35d1f6f7929ee99dc8d018a71194'],1.6858795881271362,0.0,0.0,0.0,masked_reconstruction,1.0,active,61307,1.473619818687439,1.473619818687439,
vehicle_only,1,5,['20251002_单01_ACT-8_翼云_J16_12#01__pilot_10033::context_end_0009'],['43ed3680fa0799eb7331993402052cae0dbc35d1f6f7929ee99dc8d018a71194'],1.6858795881271362,0.0,0.0,0.0,short_horizon_prediction,0.5,active,86536,2.7569236755371094,1.3784618377685547,
vehicle_only,1,5,['20251002_单01_ACT-8_翼云_J16_12#01__pilot_10033::context_end_0009'],['43ed3680fa0799eb7331993402052cae0dbc35d1f6f7929ee99dc8d018a71194'],1.6858795881271362,0.0,0.0,0.0,lag_discrimination,0.2,active,2,0.7745320796966553,0.15490642189979553,
vehicle_only,1,6,['20251002_单01_ACT-8_翼云_J16_12#01__pilot_10033::context_end_0010'],['334ae0d3ce6d464d23202dd375438d1ba94f5dc200d03b23807654068e1cfc42'],0.37776169180870056,0.0,0.0,0.0,masked_reconstruction,1.0,active,67324,1.9135154485702515,1.9135154485702515,
vehicle_only,1,6,['20251002_单01_ACT-8_翼云_J16_12#01__pilot_10033::context_end_0010'],['334ae0d3ce6d464d23202dd375438d1ba94f5dc200d03b23807654068e1cfc42'],0.37776169180870056,0.0,0.0,0.0,short_horizon_prediction,0.5,active,90012,1.6184542179107666,0.8092271089553833,
vehicle_only,1,6,['20251002_单01_ACT-8_翼云_J16_12#01__pilot_10033::context_end_0010'],['334ae0d3ce6d464d23202dd375438d1ba94f5dc200d03b23807654068e1cfc42'],0.37776169180870056,0.0,0.0,0.0,lag_discrimination,0.2,active,2,0.5796669125556946,0.1159333810210228,
vehicle_only,1,7,['20251002_单01_ACT-8_翼云_J16_12#01__pilot_10033::context_end_0011'],['3734b63f8c03bc4cf097dbaf30183eaa7898c35f94964c0bfe697e82f14c2695'],0.3005600869655609,0.0,0.0,0.0,masked_reconstruction,1.0,active,57615,0.5931482911109924,0.5931482911109924,
vehicle_only,1,7,['20251002_单01_ACT-8_翼云_J16_12#01__pilot_10033::context_end_0011'],['3734b63f8c03bc4cf097dbaf30183eaa7898c35f94964c0bfe697e82f14c2695'],0.3005600869655609,0.0,0.0,0.0,short_horizon_prediction,0.5,active,78561,1.7189172506332397,0.8594586253166199,
vehicle_only,1,7,['20251002_单01_ACT-8_翼云_J16_12#01__pilot_10033::context_end_0011'],['3734b63f8c03bc4cf097dbaf30183eaa7898c35f94964c0bfe697e82f14c2695'],0.3005600869655609,0.0,0.0,0.0,lag_discrimination,0.2,active,2,0.5562742352485657,0.11125484853982925,
vehicle_only,1,8,['20251002_单01_ACT-8_翼云_J16_12#01__pilot_10033::context_end_0012'],['5eae51158a387c5b628b23f443cbe49c63750fa1f30d6a1ec12fa35c19e1ae5b'],0.2904635965824127,0.0,0.0,0.0,masked_reconstruction,1.0,active,69297,1.0579345226287842,1.0579345226287842,
vehicle_only,1,8,['20251002_单01_ACT-8_翼云_J16_12#01__pilot_10033::context_end_0012'],['5eae51158a387c5b628b23f443cbe49c63750fa1f30d6a1ec12fa35c19e1ae5b'],0.2904635965824127,0.0,0.0,0.0,short_horizon_prediction,0.5,active,82527,1.690413475036621,0.8452067375183105,
vehicle_only,1,8,['20251002_单01_ACT-8_翼云_J16_12#01__pilot_10033::context_end_0012'],['5eae51158a387c5b628b23f443cbe49c63750fa1f30d6a1ec12fa35c19e1ae5b'],0.2904635965824127,0.0,0.0,0.0,lag_discrimination,0.2,active,2,0.7049262523651123,0.14098525047302246,
vehicle_only,1,9,['20251002_单01_ACT-8_翼云_J16_12#01__pilot_10033::context_end_0013'],['d5980e39489c98b9726f45ec767bcc529c5a8674429c6a6cd9b60d1a02814d63'],0.4506022036075592,0.0,0.0,0.0,masked_reconstruction,1.0,active,49675,0.9895390868186951,0.9895390868186951,
vehicle_only,1,9,['20251002_单01_ACT-8_翼云_J16_12#01__pilot_10033::context_end_0013'],['d5980e39489c98b9726f45ec767bcc529c5a8674429c6a6cd9b60d1a02814d63'],0.4506022036075592,0.0,0.0,0.0,short_horizon_prediction,0.5,active,86089,1.7743693590164185,0.8871846795082092,
vehicle_only,1,9,['20251002_单01_ACT-8_翼云_J16_12#01__pilot_10033::context_end_0013'],['d5980e39489c98b9726f45ec767bcc529c5a8674429c6a6cd9b60d1a02814d63'],0.4506022036075592,0.0,0.0,0.0,lag_discrimination,0.2,active,2,0.7213723659515381,0.14427447319030762,
vehicle_only,1,10,['20251002_单01_ACT-8_翼云_J16_12#01__pilot_10033::context_end_0014'],['7b52b6a9b504ad9dfc9b8fb09a53350427e0938fbe1d362cb163cc880e824d9e'],0.2703402638435364,0.0,0.0,0.0,masked_reconstruction,1.0,active,73898,1.0528546571731567,1.0528546571731567,
vehicle_only,1,10,['20251002_单01_ACT-8_翼云_J16_12#01__pilot_10033::context_end_0014'],['7b52b6a9b504ad9dfc9b8fb09a53350427e0938fbe1d362cb163cc880e824d9e'],0.2703402638435364,0.0,0.0,0.0,short_horizon_prediction,0.5,active,89483,1.7080358266830444,0.8540179133415222,
vehicle_only,1,10,['20251002_单01_ACT-8_翼云_J16_12#01__pilot_10033::context_end_0014'],['7b52b6a9b504ad9dfc9b8fb09a53350427e0938fbe1d362cb163cc880e824d9e'],0.2703402638435364,0.0,0.0,0.0,lag_discrimination,0.2,active,2,0.6811083555221558,0.13622167706489563,
vehicle_only,1,11,['20251002_单01_ACT-8_翼云_J16_12#01__pilot_10033::context_end_0015'],['d78e8d18fc45b9ae4c8cb3ee77e0fe70c7d4fbc814de26d0b09fa40f5807abc2'],0.27006494998931885,0.0,0.0,0.0,masked_reconstruction,1.0,active,57740,0.9454367160797119,0.9454367160797119,
vehicle_only,1,11,['20251002_单01_ACT-8_翼云_J16_12#01__pilot_10033::context_end_0015'],['d78e8d18fc45b9ae4c8cb3ee77e0fe70c7d4fbc814de26d0b09fa40f5807abc2'],0.27006494998931885,0.0,0.0,0.0,short_horizon_prediction,0.5,active,78417,1.5032641887664795,0.7516320943832397,
vehicle_only,1,11,['20251002_单01_ACT-8_翼云_J16_12#01__pilot_10033::context_end_0015'],['d78e8d18fc45b9ae4c8cb3ee77e0fe70c7d4fbc814de26d0b09fa40f5807abc2'],0.27006494998931885,0.0,0.0,0.0,lag_discrimination,0.2,active,2,0.691807746887207,0.13836155831813812,
vehicle_only,1,12,['20251002_单01_ACT-8_翼云_J16_12#01__pilot_10033::context_end_0016'],['7ed379e782ece8dee2db32bb559c73b9cbbd5ef10978d1e3b01f1dedddcdcbf4'],0.40906697511672974,0.0,0.0,0.0,masked_reconstruction,1.0,active,60432,0.9019784927368164,0.9019784927368164,
vehicle_only,1,12,['20251002_单01_ACT-8_翼云_J16_12#01__pilot_10033::context_end_0016'],['7ed379e782ece8dee2db32bb559c73b9cbbd5ef10978d1e3b01f1dedddcdcbf4'],0.40906697511672974,0.0,0.0,0.0,short_horizon_prediction,0.5,active,81988,1.5970646142959595,0.7985323071479797,
vehicle_only,1,12,['20251002_单01_ACT-8_翼云_J16_12#01__pilot_10033::context_end_0016'],['7ed379e782ece8dee2db32bb559c73b9cbbd5ef10978d1e3b01f1dedddcdcbf4'],0.40906697511672974,0.0,0.0,0.0,lag_discrimination,0.2,active,2,0.5827121138572693,0.11654242128133774,
vehicle_only,1,13,['20251002_单01_ACT-8_翼云_J16_12#01__pilot_10033::context_end_0017'],['5890eb6f6a253a132286ab05a46fb23594a002c15c639fd06b95cf3d38e2d294'],0.7250471115112305,0.0,0.0,0.0,masked_reconstruction,1.0,active,59565,0.4931000769138336,0.4931000769138336,
vehicle_only,1,13,['20251002_单01_ACT-8_翼云_J16_12#01__pilot_10033::context_end_0017'],['5890eb6f6a253a132286ab05a46fb23594a002c15c639fd06b95cf3d38e2d294'],0.7250471115112305,0.0,0.0,0.0,short_horizon_prediction,0.5,active,85508,2.1250998973846436,1.0625499486923218,
vehicle_only,1,13,['20251002_单01_ACT-8_翼云_J16_12#01__pilot_10033::context_end_0017'],['5890eb6f6a253a132286ab05a46fb23594a002c15c639fd06b95cf3d38e2d294'],0.7250471115112305,0.0,0.0,0.0,lag_discrimination,0.2,active,2,0.5886233448982239,0.11772467195987701,
vehicle_only,1,14,['20251002_单01_ACT-8_翼云_J16_12#01__pilot_10033::context_end_0018'],['459cf75a090eb70511626486853e479a501e1c5873b86ab7da54c15c4a09c848'],0.19075635075569153,0.0,0.0,0.0,masked_reconstruction,1.0,active,57167,1.8138104677200317,1.8138104677200317,
vehicle_only,1,14,['20251002_单01_ACT-8_翼云_J16_12#01__pilot_10033::context_end_0018'],['459cf75a090eb70511626486853e479a501e1c5873b86ab7da54c15c4a09c848'],0.19075635075569153,0.0,0.0,0.0,short_horizon_prediction,0.5,active,89108,1.7985718250274658,0.8992859125137329,
vehicle_only,1,14,['20251002_单01_ACT-8_翼云_J16_12#01__pilot_10033::context_end_0018'],['459cf75a090eb70511626486853e479a501e1c5873b86ab7da54c15c4a09c848'],0.19075635075569153,0.0,0.0,0.0,lag_discrimination,0.2,active,2,0.6200571060180664,0.12401141971349716,
vehicle_only,1,15,['20251002_单01_ACT-8_翼云_J16_12#01__pilot_10033::context_end_0019'],['168465844e6117f2be29585c34fe20fccf3ec38846a4bff514a899934455ced8'],0.39451608061790466,0.0,0.0,0.0,masked_reconstruction,1.0,active,58380,0.4290340840816498,0.4290340840816498,
vehicle_only,1,15,['20251002_单01_ACT-8_翼云_J16_12#01__pilot_10033::context_end_0019'],['168465844e6117f2be29585c34fe20fccf3ec38846a4bff514a899934455ced8'],0.39451608061790466,0.0,0.0,0.0,short_horizon_prediction,0.5,active,70573,2.0716135501861572,1.0358067750930786,
vehicle_only,1,15,['20251002_单01_ACT-8_翼云_J16_12#01__pilot_10033::context_end_0019'],['168465844e6117f2be29585c34fe20fccf3ec38846a4bff514a899934455ced8'],0.39451608061790466,0.0,0.0,0.0,lag_discrimination,0.2,active,2,0.6044621467590332,0.12089242786169052,
vehicle_only,1,16,['20251002_单01_ACT-8_翼云_J16_12#01__pilot_10033::context_end_0020'],['a6e53cd425f38157b197cbccebff0e6e2b35780420fba0e04dc32d9b09e5c3aa'],0.613298773765564,0.0,0.0,0.0,masked_reconstruction,1.0,active,58635,0.7845098972320557,0.7845098972320557,
vehicle_only,1,16,['20251002_单01_ACT-8_翼云_J16_12#01__pilot_10033::context_end_0020'],['a6e53cd425f38157b197cbccebff0e6e2b35780420fba0e04dc32d9b09e5c3aa'],0.613298773765564,0.0,0.0,0.0,short_horizon_prediction,0.5,active,70564,2.256673812866211,1.1283369064331055,
vehicle_only,1,16,['20251002_单01_ACT-8_翼云_J16_12#01__pilot_10033::context_end_0020'],['a6e53cd425f38157b197cbccebff0e6e2b35780420fba0e04dc32d9b09e5c3aa'],0.613298773765564,0.0,0.0,0.0,lag_discrimination,0.2,active,2,0.6554787755012512,0.131095752120018,
vehicle_only,1,17,['20251002_单01_ACT-8_翼云_J16_12#01__pilot_10033::context_end_0021'],['c23e0cee1452903eeef5a6e80a236c0effcd8d2dbf661db4ba406ac7316a1507'],0.4849279820919037,0.0,0.0,0.0,masked_reconstruction,1.0,active,61001,0.5553605556488037,0.5553605556488037,
vehicle_only,1,17,['20251002_单01_ACT-8_翼云_J16_12#01__pilot_10033::context_end_0021'],['c23e0cee1452903eeef5a6e80a236c0effcd8d2dbf661db4ba406ac7316a1507'],0.4849279820919037,0.0,0.0,0.0,short_horizon_prediction,0.5,active,70593,2.787951707839966,1.393975853919983,
vehicle_only,1,17,['20251002_单01_ACT-8_翼云_J16_12#01__pilot_10033::context_end_0021'],['c23e0cee1452903eeef5a6e80a236c0effcd8d2dbf661db4ba406ac7316a1507'],0.4849279820919037,0.0,0.0,0.0,lag_discrimination,0.2,active,2,0.6055814027786255,0.1211162805557251,
vehicle_only,1,18,['20251002_单01_ACT-8_翼云_J16_12#01__pilot_10033::context_end_0022'],['76d2403475081b74d016a4ea02b948e27c6c2d197dfefb7349969907169d7924'],0.35231244564056396,0.0,0.0,0.0,masked_reconstruction,1.0,active,59530,0.8361554145812988,0.8361554145812988,
vehicle_only,1,18,['20251002_单01_ACT-8_翼云_J16_12#01__pilot_10033::context_end_0022'],['76d2403475081b74d016a4ea02b948e27c6c2d197dfefb7349969907169d7924'],0.35231244564056396,0.0,0.0,0.0,short_horizon_prediction,0.5,active,70632,2.7860476970672607,1.3930238485336304,
vehicle_only,1,18,['20251002_单01_ACT-8_翼云_J16_12#01__pilot_10033::context_end_0022'],['76d2403475081b74d016a4ea02b948e27c6c2d197dfefb7349969907169d7924'],0.35231244564056396,0.0,0.0,0.0,lag_discrimination,0.2,active,2,0.7000676393508911,0.14001353085041046,
vehicle_only,1,19,['20251002_单01_ACT-8_翼云_J16_12#01__pilot_10033::context_end_0023'],['a79e40fe89e0990cafb6da8cf31e5252209aa2cb14102f7c65c849a4a8de4c2c'],0.302071750164032,0.0,0.0,0.0,masked_reconstruction,1.0,active,54404,1.3556638956069946,1.3556638956069946,
vehicle_only,1,19,['20251002_单01_ACT-8_翼云_J16_12#01__pilot_10033::context_end_0023'],['a79e40fe89e0990cafb6da8cf31e5252209aa2cb14102f7c65c849a4a8de4c2c'],0.302071750164032,0.0,0.0,0.0,short_horizon_prediction,0.5,active,70596,2.5425193309783936,1.2712596654891968,
vehicle_only,1,19,['20251002_单01_ACT-8_翼云_J16_12#01__pilot_10033::context_end_0023'],['a79e40fe89e0990cafb6da8cf31e5252209aa2cb14102f7c65c849a4a8de4c2c'],0.302071750164032,0.0,0.0,0.0,lag_discrimination,0.2,active,2,0.5837904214859009,0.1167580857872963,
vehicle_only,1,20,['20251002_单01_ACT-8_翼云_J16_12#01__pilot_10035::context_end_0005'],['eea17df4d6cdbc9879557a5f725d292ce25bd415605721bd6ea58db6d6d1e444'],0.6030830144882202,0.0,0.0,0.0,masked_reconstruction,1.0,active,60939,1.2686467170715332,1.2686467170715332,
vehicle_only,1,20,['20251002_单01_ACT-8_翼云_J16_12#01__pilot_10035::context_end_0005'],['eea17df4d6cdbc9879557a5f725d292ce25bd415605721bd6ea58db6d6d1e444'],0.6030830144882202,0.0,0.0,0.0,short_horizon_prediction,0.5,active,91690,2.3071558475494385,1.1535779237747192,
vehicle_only,1,20,['20251002_单01_ACT-8_翼云_J16_12#01__pilot_10035::context_end_0005'],['eea17df4d6cdbc9879557a5f725d292ce25bd415605721bd6ea58db6d6d1e444'],0.6030830144882202,0.0,0.0,0.0,lag_discrimination,0.2,active,2,0.6672674417495728,0.13345348834991455,
vehicle_only,1,21,['20251002_单01_ACT-8_翼云_J16_12#01__pilot_10035::context_end_0006'],['109cb29ec2bd3c6afd412184cea8b9ca66b380db4649931d96c7b8c250e1a9a2'],0.5502170920372009,0.0,0.0,0.0,masked_reconstruction,1.0,active,65597,1.3927987813949585,1.3927987813949585,
vehicle_only,1,21,['20251002_单01_ACT-8_翼云_J16_12#01__pilot_10035::context_end_0006'],['109cb29ec2bd3c6afd412184cea8b9ca66b380db4649931d96c7b8c250e1a9a2'],0.5502170920372009,0.0,0.0,0.0,short_horizon_prediction,0.5,active,90517,2.4100546836853027,1.2050273418426514,
vehicle_only,1,21,['20251002_单01_ACT-8_翼云_J16_12#01__pilot_10035::context_end_0006'],['109cb29ec2bd3c6afd412184cea8b9ca66b380db4649931d96c7b8c250e1a9a2'],0.5502170920372009,0.0,0.0,0.0,lag_discrimination,0.2,active,2,0.6268336772918701,0.12536673247814178,
vehicle_only,1,22,['20251002_单01_ACT-8_翼云_J16_12#01__pilot_10035::context_end_0007'],['54b13ea6f14babf2ce2257ba2c79d4c7ef9cf017fc0ec42085f1618d6d68b6a0'],0.26891541481018066,0.0,0.0,0.0,masked_reconstruction,1.0,active,59824,1.791811466217041,1.791811466217041,
vehicle_only,1,22,['20251002_单01_ACT-8_翼云_J16_12#01__pilot_10035::context_end_0007'],['54b13ea6f14babf2ce2257ba2c79d4c7ef9cf017fc0ec42085f1618d6d68b6a0'],0.26891541481018066,0.0,0.0,0.0,short_horizon_prediction,0.5,active,78958,2.7863569259643555,1.3931784629821777,
vehicle_only,1,22,['20251002_单01_ACT-8_翼云_J16_12#01__pilot_10035::context_end_0007'],['54b13ea6f14babf2ce2257ba2c79d4c7ef9cf017fc0ec42085f1618d6d68b6a0'],0.26891541481018066,0.0,0.0,0.0,lag_discrimination,0.2,active,2,0.5670117139816284,0.1134023442864418,
vehicle_only,1,23,['20251002_单01_ACT-8_翼云_J16_12#01__pilot_10035::context_end_0008'],['880137135556805d1ac5a2f6febca4fa4908d807c33d0a3fb001cb70fa961f2b'],0.23829443752765656,0.0,0.0,0.0,masked_reconstruction,1.0,active,74139,1.228636622428894,1.228636622428894,
vehicle_only,1,23,['20251002_单01_ACT-8_翼云_J16_12#01__pilot_10035::context_end_0008'],['880137135556805d1ac5a2f6febca4fa4908d807c33d0a3fb001cb70fa961f2b'],0.23829443752765656,0.0,0.0,0.0,short_horizon_prediction,0.5,active,82572,2.3553898334503174,1.1776949167251587,
vehicle_only,1,23,['20251002_单01_ACT-8_翼云_J16_12#01__pilot_10035::context_end_0008'],['880137135556805d1ac5a2f6febca4fa4908d807c33d0a3fb001cb70fa961f2b'],0.23829443752765656,0.0,0.0,0.0,lag_discrimination,0.2,active,2,0.5563745498657227,0.11127491295337677,
vehicle_only,1,24,['20251002_单01_ACT-8_翼云_J16_12#01__pilot_10035::context_end_0009'],['a1073a503127e49afc6f72b0e39753eb9f92937a44c99190b219f209f31bfa33'],1.1810948848724365,0.0,0.0,0.0,masked_reconstruction,1.0,active,56719,0.9103547930717468,0.9103547930717468,
vehicle_only,1,24,['20251002_单01_ACT-8_翼云_J16_12#01__pilot_10035::context_end_0009'],['a1073a503127e49afc6f72b0e39753eb9f92937a44c99190b219f209f31bfa33'],1.1810948848724365,0.0,0.0,0.0,short_horizon_prediction,0.5,active,86536,2.689093589782715,1.3445467948913574,
vehicle_only,1,24,['20251002_单01_ACT-8_翼云_J16_12#01__pilot_10035::context_end_0009'],['a1073a503127e49afc6f72b0e39753eb9f92937a44c99190b219f209f31bfa33'],1.1810948848724365,0.0,0.0,0.0,lag_discrimination,0.2,active,2,0.7761472463607788,0.15522944927215576,
vehicle_only,1,25,['20251002_单01_ACT-8_翼云_J16_12#01__pilot_10035::context_end_0010'],['c25671c3158cabe9d7af0b8ea3dbdec60f64c8790e3e277d27551052d610b16c'],0.2622680366039276,0.0,0.0,0.0,masked_reconstruction,1.0,active,53080,0.3198225200176239,0.3198225200176239,
vehicle_only,1,25,['20251002_单01_ACT-8_翼云_J16_12#01__pilot_10035::context_end_0010'],['c25671c3158cabe9d7af0b8ea3dbdec60f64c8790e3e277d27551052d610b16c'],0.2622680366039276,0.0,0.0,0.0,short_horizon_prediction,0.5,active,90012,1.5555552244186401,0.7777776122093201,
vehicle_only,1,25,['20251002_单01_ACT-8_翼云_J16_12#01__pilot_10035::context_end_0010'],['c25671c3158cabe9d7af0b8ea3dbdec60f64c8790e3e277d27551052d610b16c'],0.2622680366039276,0.0,0.0,0.0,lag_discrimination,0.2,active,2,0.5133193135261536,0.10266386717557907,
vehicle_only,1,26,['20251002_单01_ACT-8_翼云_J16_12#01__pilot_10035::context_end_0011'],['eb55e42d9743a7d412f70a6ebd1d4b941aa1cba72505273a8aa842d2934ad1ef'],0.16462276875972748,0.0,0.0,0.0,masked_reconstruction,1.0,active,57082,0.6740294098854065,0.6740294098854065,
vehicle_only,1,26,['20251002_单01_ACT-8_翼云_J16_12#01__pilot_10035::context_end_0011'],['eb55e42d9743a7d412f70a6ebd1d4b941aa1cba72505273a8aa842d2934ad1ef'],0.16462276875972748,0.0,0.0,0.0,short_horizon_prediction,0.5,active,78561,1.6540682315826416,0.8270341157913208,
vehicle_only,1,26,['20251002_单01_ACT-8_翼云_J16_12#01__pilot_10035::context_end_0011'],['eb55e42d9743a7d412f70a6ebd1d4b941aa1cba72505273a8aa842d2934ad1ef'],0.16462276875972748,0.0,0.0,0.0,lag_discrimination,0.2,active,2,0.6777940988540649,0.1355588287115097,
vehicle_only,1,27,['20251002_单01_ACT-8_翼云_J16_12#01__pilot_10035::context_end_0012'],['5a6b693cd2cd5c137436419d27b10f0ca44899c5c1c01f174a6ba4c95b1c5b90'],0.35453954339027405,0.0,0.0,0.0,masked_reconstruction,1.0,active,71804,0.38031303882598877,0.38031303882598877,
vehicle_only,1,27,['20251002_单01_ACT-8_翼云_J16_12#01__pilot_10035::context_end_0012'],['5a6b693cd2cd5c137436419d27b10f0ca44899c5c1c01f174a6ba4c95b1c5b90'],0.35453954339027405,0.0,0.0,0.0,short_horizon_prediction,0.5,active,82527,1.6307878494262695,0.8153939247131348,
vehicle_only,1,27,['20251002_单01_ACT-8_翼云_J16_12#01__pilot_10035::context_end_0012'],['5a6b693cd2cd5c137436419d27b10f0ca44899c5c1c01f174a6ba4c95b1c5b90'],0.35453954339027405,0.0,0.0,0.0,lag_discrimination,0.2,active,2,0.6376239061355591,0.12752477824687958,
vehicle_only,1,28,['20251002_单01_ACT-8_翼云_J16_12#01__pilot_10035::context_end_0013'],['fe4f8b9905702602ef350ee7b1d5491293899b5e669767046fc9f830a8584a0d'],0.1865268051624298,0.0,0.0,0.0,masked_reconstruction,1.0,active,59405,0.5090866088867188,0.5090866088867188,
vehicle_only,1,28,['20251002_单01_ACT-8_翼云_J16_12#01__pilot_10035::context_end_0013'],['fe4f8b9905702602ef350ee7b1d5491293899b5e669767046fc9f830a8584a0d'],0.1865268051624298,0.0,0.0,0.0,short_horizon_prediction,0.5,active,86089,1.7146317958831787,0.8573158979415894,
vehicle_only,1,28,['20251002_单01_ACT-8_翼云_J16_12#01__pilot_10035::context_end_0013'],['fe4f8b9905702602ef350ee7b1d5491293899b5e669767046fc9f830a8584a0d'],0.1865268051624298,0.0,0.0,0.0,lag_discrimination,0.2,active,2,0.6709592938423157,0.1341918557882309,
vehicle_only,1,29,['20251002_单01_ACT-8_翼云_J16_12#01__pilot_10035::context_end_0014'],['091c1f29075270a1e28e6f94f5ec114d38d5eb82100dc3052afe41aa9e7b591f'],0.4868788719177246,0.0,0.0,0.0,masked_reconstruction,1.0,active,74883,0.8116737008094788,0.8116737008094788,
vehicle_only,1,29,['20251002_单01_ACT-8_翼云_J16_12#01__pilot_10035::context_end_0014'],['091c1f29075270a1e28e6f94f5ec114d38d5eb82100dc3052afe41aa9e7b591f'],0.4868788719177246,0.0,0.0,0.0,short_horizon_prediction,0.5,active,89483,1.6508140563964844,0.8254070281982422,
vehicle_only,1,29,['20251002_单01_ACT-8_翼云_J16_12#01__pilot_10035::context_end_0014'],['091c1f29075270a1e28e6f94f5ec114d38d5eb82100dc3052afe41aa9e7b591f'],0.4868788719177246,0.0,0.0,0.0,lag_discrimination,0.2,active,2,0.707381546497345,0.1414763182401657,
vehicle_only,1,30,['20251002_单01_ACT-8_翼云_J16_12#01__pilot_10035::context_end_0015'],['11fe10a6eddc630e8924891330262b4df1a15a43093f74d57f620acadda78231'],0.47659099102020264,0.0,0.0,0.0,masked_reconstruction,1.0,active,50108,0.33509641885757446,0.33509641885757446,
vehicle_only,1,30,['20251002_单01_ACT-8_翼云_J16_12#01__pilot_10035::context_end_0015'],['11fe10a6eddc630e8924891330262b4df1a15a43093f74d57f620acadda78231'],0.47659099102020264,0.0,0.0,0.0,short_horizon_prediction,0.5,active,78417,1.4459317922592163,0.7229658961296082,
vehicle_only,1,30,['20251002_单01_ACT-8_翼云_J16_12#01__pilot_10035::context_end_0015'],['11fe10a6eddc630e8924891330262b4df1a15a43093f74d57f620acadda78231'],0.47659099102020264,0.0,0.0,0.0,lag_discrimination,0.2,active,2,0.648317277431488,0.12966345250606537,
vehicle_only,1,31,['20251002_单01_ACT-8_翼云_J16_12#01__pilot_10035::context_end_0016'],['2981b292ee6fb0ccd64f1ab45cc33c8e17173d302204cb349d28455a46753979'],0.3727388083934784,0.0,0.0,0.0,masked_reconstruction,1.0,active,58151,0.9527368545532227,0.9527368545532227,
vehicle_only,1,31,['20251002_单01_ACT-8_翼云_J16_12#01__pilot_10035::context_end_0016'],['2981b292ee6fb0ccd64f1ab45cc33c8e17173d302204cb349d28455a46753979'],0.3727388083934784,0.0,0.0,0.0,short_horizon_prediction,0.5,active,81988,1.5408817529678345,0.7704408764839172,
vehicle_only,1,31,['20251002_单01_ACT-8_翼云_J16_12#01__pilot_10035::context_end_0016'],['2981b292ee6fb0ccd64f1ab45cc33c8e17173d302204cb349d28455a46753979'],0.3727388083934784,0.0,0.0,0.0,lag_discrimination,0.2,active,2,0.5946633815765381,0.11893267929553986,
vehicle_only,1,32,['20251002_单01_ACT-8_翼云_J16_12#01__pilot_10035::context_end_0017'],['84e74617f13293837d23cb606a685b8c5e85d2e8c9eb428d8640eb734625ea79'],0.3439124524593353,0.0,0.0,0.0,masked_reconstruction,1.0,active,52550,1.5212305784225464,1.5212305784225464,
vehicle_only,1,32,['20251002_单01_ACT-8_翼云_J16_12#01__pilot_10035::context_end_0017'],['84e74617f13293837d23cb606a685b8c5e85d2e8c9eb428d8640eb734625ea79'],0.3439124524593353,0.0,0.0,0.0,short_horizon_prediction,0.5,active,85508,2.0660347938537598,1.0330173969268799,
vehicle_only,1,32,['20251002_单01_ACT-8_翼云_J16_12#01__pilot_10035::context_end_0017'],['84e74617f13293837d23cb606a685b8c5e85d2e8c9eb428d8640eb734625ea79'],0.3439124524593353,0.0,0.0,0.0,lag_discrimination,0.2,active,2,0.5407139658927917,0.10814279317855835,
vehicle_only,1,33,['20251002_单01_ACT-8_翼云_J16_12#01__pilot_10035::context_end_0018'],['bee23e71f018e7f246a604d288b9b657cf272b78c74b10018890a8a64f76c395'],0.23736442625522614,0.0,0.0,0.0,masked_reconstruction,1.0,active,60468,0.846007764339447,0.846007764339447,
vehicle_only,1,33,['20251002_单01_ACT-8_翼云_J16_12#01__pilot_10035::context_end_0018'],['bee23e71f018e7f246a604d288b9b657cf272b78c74b10018890a8a64f76c395'],0.23736442625522614,0.0,0.0,0.0,short_horizon_prediction,0.5,active,89108,1.7506179809570312,0.8753089904785156,
vehicle_only,1,33,['20251002_单01_ACT-8_翼云_J16_12#01__pilot_10035::context_end_0018'],['bee23e71f018e7f246a604d288b9b657cf272b78c74b10018890a8a64f76c395'],0.23736442625522614,0.0,0.0,0.0,lag_discrimination,0.2,active,2,0.5719749331474304,0.11439498513936996,
vehicle_only,1,34,['20251002_单01_ACT-8_翼云_J16_12#01__pilot_10035::context_end_0019'],['552dc9c66475dacc96366fa516835da7e0a073ce4e27d58376f28207652f35b8'],0.1781163513660431,0.0,0.0,0.0,masked_reconstruction,1.0,active,55569,0.9144429564476013,0.9144429564476013,
vehicle_only,1,34,['20251002_单01_ACT-8_翼云_J16_12#01__pilot_10035::context_end_0019'],['552dc9c66475dacc96366fa516835da7e0a073ce4e27d58376f28207652f35b8'],0.1781163513660431,0.0,0.0,0.0,short_horizon_prediction,0.5,active,70573,2.0122885704040527,1.0061442852020264,
vehicle_only,1,34,['20251002_单01_ACT-8_翼云_J16_12#01__pilot_10035::context_end_0019'],['552dc9c66475dacc96366fa516835da7e0a073ce4e27d58376f28207652f35b8'],0.1781163513660431,0.0,0.0,0.0,lag_discrimination,0.2,active,2,0.5786410570144653,0.1157282143831253,
vehicle_only,1,35,['20251002_单01_ACT-8_翼云_J16_12#01__pilot_10035::context_end_0020'],['49b4b0e0e12b36e0a1c90ab2919ec1b67d374413c994753fca0ad4cb0c261b06'],1.291306972503662,0.0,0.0,0.0,masked_reconstruction,1.0,active,61632,1.2470613718032837,1.2470613718032837,
vehicle_only,1,35,['20251002_单01_ACT-8_翼云_J16_12#01__pilot_10035::context_end_0020'],['49b4b0e0e12b36e0a1c90ab2919ec1b67d374413c994753fca0ad4cb0c261b06'],1.291306972503662,0.0,0.0,0.0,short_horizon_prediction,0.5,active,70564,2.201197624206543,1.1005988121032715,
vehicle_only,1,35,['20251002_单01_ACT-8_翼云_J16_12#01__pilot_10035::context_end_0020'],['49b4b0e0e12b36e0a1c90ab2919ec1b67d374413c994753fca0ad4cb0c261b06'],1.291306972503662,0.0,0.0,0.0,lag_discrimination,0.2,active,2,0.6925181746482849,0.13850364089012146,
vehicle_only,1,36,['20251002_单01_ACT-8_翼云_J16_12#01__pilot_10035::context_end_0021'],['a1e797223951ee19e55627bf59c436d5c6444a08645a397aabfa4975553f1dc9'],0.1964779794216156,0.0,0.0,0.0,masked_reconstruction,1.0,active,54272,1.2460687160491943,1.2460687160491943,
vehicle_only,1,36,['20251002_单01_ACT-8_翼云_J16_12#01__pilot_10035::context_end_0021'],['a1e797223951ee19e55627bf59c436d5c6444a08645a397aabfa4975553f1dc9'],0.1964779794216156,0.0,0.0,0.0,short_horizon_prediction,0.5,active,70593,2.7340211868286133,1.3670105934143066,
vehicle_only,1,36,['20251002_单01_ACT-8_翼云_J16_12#01__pilot_10035::context_end_0021'],['a1e797223951ee19e55627bf59c436d5c6444a08645a397aabfa4975553f1dc9'],0.1964779794216156,0.0,0.0,0.0,lag_discrimination,0.2,active,2,0.5969773530960083,0.11939547210931778,
vehicle_only,1,37,['20251002_单01_ACT-8_翼云_J16_12#01__pilot_10035::context_end_0022'],['5151b5ce85b60ff4611bdb6bc277a6c011d81793502be0f650acbe1d4ee3d73b'],0.23200416564941406,0.0,0.0,0.0,masked_reconstruction,1.0,active,54898,0.3133852779865265,0.3133852779865265,
vehicle_only,1,37,['20251002_单01_ACT-8_翼云_J16_12#01__pilot_10035::context_end_0022'],['5151b5ce85b60ff4611bdb6bc277a6c011d81793502be0f650acbe1d4ee3d73b'],0.23200416564941406,0.0,0.0,0.0,short_horizon_prediction,0.5,active,70632,2.73711895942688,1.36855947971344,
vehicle_only,1,37,['20251002_单01_ACT-8_翼云_J16_12#01__pilot_10035::context_end_0022'],['5151b5ce85b60ff4611bdb6bc277a6c011d81793502be0f650acbe1d4ee3d73b'],0.23200416564941406,0.0,0.0,0.0,lag_discrimination,0.2,active,2,0.5867161750793457,0.1173432394862175,
vehicle_only,1,38,['20251002_单01_ACT-8_翼云_J16_12#01__pilot_10035::context_end_0023'],['4be21067ce9ef81ae6e765f0c4745bc2e84341f7a043644b8b33f3882689abc2'],0.22192350029945374,0.0,0.0,0.0,masked_reconstruction,1.0,active,53624,1.3358603715896606,1.3358603715896606,
vehicle_only,1,38,['20251002_单01_ACT-8_翼云_J16_12#01__pilot_10035::context_end_0023'],['4be21067ce9ef81ae6e765f0c4745bc2e84341f7a043644b8b33f3882689abc2'],0.22192350029945374,0.0,0.0,0.0,short_horizon_prediction,0.5,active,70596,2.4968514442443848,1.2484257221221924,
vehicle_only,1,38,['20251002_单01_ACT-8_翼云_J16_12#01__pilot_10035::context_end_0023'],['4be21067ce9ef81ae6e765f0c4745bc2e84341f7a043644b8b33f3882689abc2'],0.22192350029945374,0.0,0.0,0.0,lag_discrimination,0.2,active,2,0.5076646208763123,0.10153292864561081,
mult,1,1,['20251002_单01_ACT-8_翼云_J16_12#01__pilot_10033::context_end_0005'],['7bfd2cdd4e63251892163a99953ad2c8cf3c2770bc5819d6a13e86a9fb944241'],60402.55078125,0.0,0.0,0.0,masked_reconstruction,1.0,active,75067,1.5904980897903442,1.5904980897903442,
mult,1,1,['20251002_单01_ACT-8_翼云_J16_12#01__pilot_10033::context_end_0005'],['7bfd2cdd4e63251892163a99953ad2c8cf3c2770bc5819d6a13e86a9fb944241'],60402.55078125,0.0,0.0,0.0,short_horizon_prediction,0.5,active,91690,2.2820465564727783,1.1410232782363892,
mult,1,1,['20251002_单01_ACT-8_翼云_J16_12#01__pilot_10033::context_end_0005'],['7bfd2cdd4e63251892163a99953ad2c8cf3c2770bc5819d6a13e86a9fb944241'],60402.55078125,0.0,0.0,0.0,lag_discrimination,0.2,active,2,0.4607531428337097,0.09215062856674194,
mult,1,2,['20251002_单01_ACT-8_翼云_J16_12#01__pilot_10033::context_end_0006'],['a24138b5173920cbec062c9a1285b462ae67230f10ea19653b5b57164013228a'],2.3634772300720215,0.0,0.0,0.0,masked_reconstruction,1.0,active,60040,0.8670210838317871,0.8670210838317871,
mult,1,2,['20251002_单01_ACT-8_翼云_J16_12#01__pilot_10033::context_end_0006'],['a24138b5173920cbec062c9a1285b462ae67230f10ea19653b5b57164013228a'],2.3634772300720215,0.0,0.0,0.0,short_horizon_prediction,0.5,active,90517,2.392381429672241,1.1961907148361206,
mult,1,2,['20251002_单01_ACT-8_翼云_J16_12#01__pilot_10033::context_end_0006'],['a24138b5173920cbec062c9a1285b462ae67230f10ea19653b5b57164013228a'],2.3634772300720215,0.0,0.0,0.0,lag_discrimination,0.2,active,2,0.9341626763343811,0.18683253228664398,
mult,1,3,['20251002_单01_ACT-8_翼云_J16_12#01__pilot_10033::context_end_0007'],['804f17089cde0e4242c046aa0ed3f5d9c98e81789e68e60a3aa65e9e3e6cccef'],0.9046811461448669,0.0,0.0,0.0,masked_reconstruction,1.0,active,58903,1.1525405645370483,1.1525405645370483,
mult,1,3,['20251002_单01_ACT-8_翼云_J16_12#01__pilot_10033::context_end_0007'],['804f17089cde0e4242c046aa0ed3f5d9c98e81789e68e60a3aa65e9e3e6cccef'],0.9046811461448669,0.0,0.0,0.0,short_horizon_prediction,0.5,active,78958,2.7568483352661133,1.3784241676330566,
mult,1,3,['20251002_单01_ACT-8_翼云_J16_12#01__pilot_10033::context_end_0007'],['804f17089cde0e4242c046aa0ed3f5d9c98e81789e68e60a3aa65e9e3e6cccef'],0.9046811461448669,0.0,0.0,0.0,lag_discrimination,0.2,active,2,0.8125233054161072,0.1625046581029892,
mult,1,4,['20251002_单01_ACT-8_翼云_J16_12#01__pilot_10033::context_end_0008'],['3f5b887a4755c6de92070b01142e77b63ce19532ba0e6a9c6ab9f03e61f188b1'],1.1889679431915283,0.0,0.0,0.0,masked_reconstruction,1.0,active,61632,1.849324345588684,1.849324345588684,
mult,1,4,['20251002_单01_ACT-8_翼云_J16_12#01__pilot_10033::context_end_0008'],['3f5b887a4755c6de92070b01142e77b63ce19532ba0e6a9c6ab9f03e61f188b1'],1.1889679431915283,0.0,0.0,0.0,short_horizon_prediction,0.5,active,82572,2.326345920562744,1.163172960281372,
mult,1,4,['20251002_单01_ACT-8_翼云_J16_12#01__pilot_10033::context_end_0008'],['3f5b887a4755c6de92070b01142e77b63ce19532ba0e6a9c6ab9f03e61f188b1'],1.1889679431915283,0.0,0.0,0.0,lag_discrimination,0.2,active,2,0.6277428865432739,0.1255485862493515,
mult,1,5,['20251002_单01_ACT-8_翼云_J16_12#01__pilot_10033::context_end_0009'],['43ed3680fa0799eb7331993402052cae0dbc35d1f6f7929ee99dc8d018a71194'],1.5689899921417236,0.0,0.0,0.0,masked_reconstruction,1.0,active,61307,1.3678745031356812,1.3678745031356812,
mult,1,5,['20251002_单01_ACT-8_翼云_J16_12#01__pilot_10033::context_end_0009'],['43ed3680fa0799eb7331993402052cae0dbc35d1f6f7929ee99dc8d018a71194'],1.5689899921417236,0.0,0.0,0.0,short_horizon_prediction,0.5,active,86536,2.656486749649048,1.328243374824524,
mult,1,5,['20251002_单01_ACT-8_翼云_J16_12#01__pilot_10033::context_end_0009'],['43ed3680fa0799eb7331993402052cae0dbc35d1f6f7929ee99dc8d018a71194'],1.5689899921417236,0.0,0.0,0.0,lag_discrimination,0.2,active,2,0.7104300856590271,0.14208601415157318,
mult,1,6,['20251002_单01_ACT-8_翼云_J16_12#01__pilot_10033::context_end_0010'],['334ae0d3ce6d464d23202dd375438d1ba94f5dc200d03b23807654068e1cfc42'],1.4253545999526978,0.0,0.0,0.0,masked_reconstruction,1.0,active,67324,1.811730980873108,1.811730980873108,
mult,1,6,['20251002_单01_ACT-8_翼云_J16_12#01__pilot_10033::context_end_0010'],['334ae0d3ce6d464d23202dd375438d1ba94f5dc200d03b23807654068e1cfc42'],1.4253545999526978,0.0,0.0,0.0,short_horizon_prediction,0.5,active,90012,1.5155264139175415,0.7577632069587708,
mult,1,6,['20251002_单01_ACT-8_翼云_J16_12#01__pilot_10033::context_end_0010'],['334ae0d3ce6d464d23202dd375438d1ba94f5dc200d03b23807654068e1cfc42'],1.4253545999526978,0.0,0.0,0.0,lag_discrimination,0.2,active,2,0.5442546010017395,0.10885091871023178,
mult,1,7,['20251002_单01_ACT-8_翼云_J16_12#01__pilot_10033::context_end_0011'],['3734b63f8c03bc4cf097dbaf30183eaa7898c35f94964c0bfe697e82f14c2695'],1.595320463180542,0.0,0.0,0.0,masked_reconstruction,1.0,active,57615,0.49369850754737854,0.49369850754737854,
mult,1,7,['20251002_单01_ACT-8_翼云_J16_12#01__pilot_10033::context_end_0011'],['3734b63f8c03bc4cf097dbaf30183eaa7898c35f94964c0bfe697e82f14c2695'],1.595320463180542,0.0,0.0,0.0,short_horizon_prediction,0.5,active,78561,1.6191327571868896,0.8095663785934448,
mult,1,7,['20251002_单01_ACT-8_翼云_J16_12#01__pilot_10033::context_end_0011'],['3734b63f8c03bc4cf097dbaf30183eaa7898c35f94964c0bfe697e82f14c2695'],1.595320463180542,0.0,0.0,0.0,lag_discrimination,0.2,active,2,0.4893609583377838,0.09787219017744064,
mult,1,8,['20251002_单01_ACT-8_翼云_J16_12#01__pilot_10033::context_end_0012'],['5eae51158a387c5b628b23f443cbe49c63750fa1f30d6a1ec12fa35c19e1ae5b'],2.215684652328491,0.0,0.0,0.0,masked_reconstruction,1.0,active,69297,0.9617413282394409,0.9617413282394409,
mult,1,8,['20251002_单01_ACT-8_翼云_J16_12#01__pilot_10033::context_end_0012'],['5eae51158a387c5b628b23f443cbe49c63750fa1f30d6a1ec12fa35c19e1ae5b'],2.215684652328491,0.0,0.0,0.0,short_horizon_prediction,0.5,active,82527,1.5945929288864136,0.7972964644432068,
mult,1,8,['20251002_单01_ACT-8_翼云_J16_12#01__pilot_10033::context_end_0012'],['5eae51158a387c5b628b23f443cbe49c63750fa1f30d6a1ec12fa35c19e1ae5b'],2.215684652328491,0.0,0.0,0.0,lag_discrimination,0.2,active,2,0.770626425743103,0.15412528812885284,
mult,1,9,['20251002_单01_ACT-8_翼云_J16_12#01__pilot_10033::context_end_0013'],['d5980e39489c98b9726f45ec767bcc529c5a8674429c6a6cd9b60d1a02814d63'],2.9288570880889893,0.0,0.0,0.0,masked_reconstruction,1.0,active,49675,0.8987916111946106,0.8987916111946106,
mult,1,9,['20251002_单01_ACT-8_翼云_J16_12#01__pilot_10033::context_end_0013'],['d5980e39489c98b9726f45ec767bcc529c5a8674429c6a6cd9b60d1a02814d63'],2.9288570880889893,0.0,0.0,0.0,short_horizon_prediction,0.5,active,86089,1.6801313161849976,0.8400656580924988,
mult,1,9,['20251002_单01_ACT-8_翼云_J16_12#01__pilot_10033::context_end_0013'],['d5980e39489c98b9726f45ec767bcc529c5a8674429c6a6cd9b60d1a02814d63'],2.9288570880889893,0.0,0.0,0.0,lag_discrimination,0.2,active,2,0.9714362621307373,0.1942872554063797,
mult,1,10,['20251002_单01_ACT-8_翼云_J16_12#01__pilot_10033::context_end_0014'],['7b52b6a9b504ad9dfc9b8fb09a53350427e0938fbe1d362cb163cc880e824d9e'],0.5654871463775635,0.0,0.0,0.0,masked_reconstruction,1.0,active,73898,0.9638956785202026,0.9638956785202026,
mult,1,10,['20251002_单01_ACT-8_翼云_J16_12#01__pilot_10033::context_end_0014'],['7b52b6a9b504ad9dfc9b8fb09a53350427e0938fbe1d362cb163cc880e824d9e'],0.5654871463775635,0.0,0.0,0.0,short_horizon_prediction,0.5,active,89483,1.6183230876922607,0.8091615438461304,
mult,1,10,['20251002_单01_ACT-8_翼云_J16_12#01__pilot_10033::context_end_0014'],['7b52b6a9b504ad9dfc9b8fb09a53350427e0938fbe1d362cb163cc880e824d9e'],0.5654871463775635,0.0,0.0,0.0,lag_discrimination,0.2,active,2,0.648859977722168,0.12977199256420135,
mult,1,11,['20251002_单01_ACT-8_翼云_J16_12#01__pilot_10033::context_end_0015'],['d78e8d18fc45b9ae4c8cb3ee77e0fe70c7d4fbc814de26d0b09fa40f5807abc2'],0.67686527967453,0.0,0.0,0.0,masked_reconstruction,1.0,active,57740,0.865249752998352,0.865249752998352,
mult,1,11,['20251002_单01_ACT-8_翼云_J16_12#01__pilot_10033::context_end_0015'],['d78e8d18fc45b9ae4c8cb3ee77e0fe70c7d4fbc814de26d0b09fa40f5807abc2'],0.67686527967453,0.0,0.0,0.0,short_horizon_prediction,0.5,active,78417,1.4163997173309326,0.7081998586654663,
mult,1,11,['20251002_单01_ACT-8_翼云_J16_12#01__pilot_10033::context_end_0015'],['d78e8d18fc45b9ae4c8cb3ee77e0fe70c7d4fbc814de26d0b09fa40f5807abc2'],0.67686527967453,0.0,0.0,0.0,lag_discrimination,0.2,active,2,0.7149714827537537,0.14299429953098297,
mult,1,12,['20251002_单01_ACT-8_翼云_J16_12#01__pilot_10033::context_end_0016'],['7ed379e782ece8dee2db32bb559c73b9cbbd5ef10978d1e3b01f1dedddcdcbf4'],1.5332520008087158,0.0,0.0,0.0,masked_reconstruction,1.0,active,60432,0.8441035747528076,0.8441035747528076,
mult,1,12,['20251002_单01_ACT-8_翼云_J16_12#01__pilot_10033::context_end_0016'],['7ed379e782ece8dee2db32bb559c73b9cbbd5ef10978d1e3b01f1dedddcdcbf4'],1.5332520008087158,0.0,0.0,0.0,short_horizon_prediction,0.5,active,81988,1.5312026739120483,0.7656013369560242,
mult,1,12,['20251002_单01_ACT-8_翼云_J16_12#01__pilot_10033::context_end_0016'],['7ed379e782ece8dee2db32bb559c73b9cbbd5ef10978d1e3b01f1dedddcdcbf4'],1.5332520008087158,0.0,0.0,0.0,lag_discrimination,0.2,active,2,0.7309386730194092,0.14618773758411407,
mult,1,13,['20251002_单01_ACT-8_翼云_J16_12#01__pilot_10033::context_end_0017'],['5890eb6f6a253a132286ab05a46fb23594a002c15c639fd06b95cf3d38e2d294'],3.236154794692993,0.0,0.0,0.0,masked_reconstruction,1.0,active,59565,0.41544249653816223,0.41544249653816223,
mult,1,13,['20251002_单01_ACT-8_翼云_J16_12#01__pilot_10033::context_end_0017'],['5890eb6f6a253a132286ab05a46fb23594a002c15c639fd06b95cf3d38e2d294'],3.236154794692993,0.0,0.0,0.0,short_horizon_prediction,0.5,active,85508,2.045114755630493,1.0225573778152466,
mult,1,13,['20251002_单01_ACT-8_翼云_J16_12#01__pilot_10033::context_end_0017'],['5890eb6f6a253a132286ab05a46fb23594a002c15c639fd06b95cf3d38e2d294'],3.236154794692993,0.0,0.0,0.0,lag_discrimination,0.2,active,2,0.7152667045593262,0.143053337931633,
mult,1,14,['20251002_单01_ACT-8_翼云_J16_12#01__pilot_10033::context_end_0018'],['459cf75a090eb70511626486853e479a501e1c5873b86ab7da54c15c4a09c848'],1.6766383647918701,0.0,0.0,0.0,masked_reconstruction,1.0,active,57167,1.7570098638534546,1.7570098638534546,
mult,1,14,['20251002_单01_ACT-8_翼云_J16_12#01__pilot_10033::context_end_0018'],['459cf75a090eb70511626486853e479a501e1c5873b86ab7da54c15c4a09c848'],1.6766383647918701,0.0,0.0,0.0,short_horizon_prediction,0.5,active,89108,1.7334330081939697,0.8667165040969849,
mult,1,14,['20251002_单01_ACT-8_翼云_J16_12#01__pilot_10033::context_end_0018'],['459cf75a090eb70511626486853e479a501e1c5873b86ab7da54c15c4a09c848'],1.6766383647918701,0.0,0.0,0.0,lag_discrimination,0.2,active,2,0.6821799874305725,0.13643600046634674,
mult,1,15,['20251002_单01_ACT-8_翼云_J16_12#01__pilot_10033::context_end_0019'],['168465844e6117f2be29585c34fe20fccf3ec38846a4bff514a899934455ced8'],2.98934268951416,0.0,0.0,0.0,masked_reconstruction,1.0,active,58380,0.3558010756969452,0.3558010756969452,
mult,1,15,['20251002_单01_ACT-8_翼云_J16_12#01__pilot_10033::context_end_0019'],['168465844e6117f2be29585c34fe20fccf3ec38846a4bff514a899934455ced8'],2.98934268951416,0.0,0.0,0.0,short_horizon_prediction,0.5,active,70573,1.9958374500274658,0.9979187250137329,
mult,1,15,['20251002_单01_ACT-8_翼云_J16_12#01__pilot_10033::context_end_0019'],['168465844e6117f2be29585c34fe20fccf3ec38846a4bff514a899934455ced8'],2.98934268951416,0.0,0.0,0.0,lag_discrimination,0.2,active,2,0.9233313202857971,0.18466626107692719,
mult,1,16,['20251002_单01_ACT-8_翼云_J16_12#01__pilot_10033::context_end_0020'],['a6e53cd425f38157b197cbccebff0e6e2b35780420fba0e04dc32d9b09e5c3aa'],2.701627016067505,0.0,0.0,0.0,masked_reconstruction,1.0,active,58635,0.7140066623687744,0.7140066623687744,
mult,1,16,['20251002_单01_ACT-8_翼云_J16_12#01__pilot_10033::context_end_0020'],['a6e53cd425f38157b197cbccebff0e6e2b35780420fba0e04dc32d9b09e5c3aa'],2.701627016067505,0.0,0.0,0.0,short_horizon_prediction,0.5,active,70564,2.184553623199463,1.0922768115997314,
mult,1,16,['20251002_单01_ACT-8_翼云_J16_12#01__pilot_10033::context_end_0020'],['a6e53cd425f38157b197cbccebff0e6e2b35780420fba0e04dc32d9b09e5c3aa'],2.701627016067505,0.0,0.0,0.0,lag_discrimination,0.2,active,2,0.8406919836997986,0.16813839972019196,
mult,1,17,['20251002_单01_ACT-8_翼云_J16_12#01__pilot_10033::context_end_0021'],['c23e0cee1452903eeef5a6e80a236c0effcd8d2dbf661db4ba406ac7316a1507'],2.4741508960723877,0.0,0.0,0.0,masked_reconstruction,1.0,active,61001,0.4895022511482239,0.4895022511482239,
mult,1,17,['20251002_单01_ACT-8_翼云_J16_12#01__pilot_10033::context_end_0021'],['c23e0cee1452903eeef5a6e80a236c0effcd8d2dbf661db4ba406ac7316a1507'],2.4741508960723877,0.0,0.0,0.0,short_horizon_prediction,0.5,active,70593,2.720024585723877,1.3600122928619385,
mult,1,17,['20251002_单01_ACT-8_翼云_J16_12#01__pilot_10033::context_end_0021'],['c23e0cee1452903eeef5a6e80a236c0effcd8d2dbf661db4ba406ac7316a1507'],2.4741508960723877,0.0,0.0,0.0,lag_discrimination,0.2,active,2,0.7264906167984009,0.14529812335968018,
mult,1,18,['20251002_单01_ACT-8_翼云_J16_12#01__pilot_10033::context_end_0022'],['76d2403475081b74d016a4ea02b948e27c6c2d197dfefb7349969907169d7924'],0.7786647081375122,0.0,0.0,0.0,masked_reconstruction,1.0,active,59530,0.7767295837402344,0.7767295837402344,
mult,1,18,['20251002_单01_ACT-8_翼云_J16_12#01__pilot_10033::context_end_0022'],['76d2403475081b74d016a4ea02b948e27c6c2d197dfefb7349969907169d7924'],0.7786647081375122,0.0,0.0,0.0,short_horizon_prediction,0.5,active,70632,2.7228710651397705,1.3614355325698853,
mult,1,18,['20251002_单01_ACT-8_翼云_J16_12#01__pilot_10033::context_end_0022'],['76d2403475081b74d016a4ea02b948e27c6c2d197dfefb7349969907169d7924'],0.7786647081375122,0.0,0.0,0.0,lag_discrimination,0.2,active,2,0.5601853728294373,0.11203707754611969,
mult,1,19,['20251002_单01_ACT-8_翼云_J16_12#01__pilot_10033::context_end_0023'],['a79e40fe89e0990cafb6da8cf31e5252209aa2cb14102f7c65c849a4a8de4c2c'],1.2888987064361572,0.0,0.0,0.0,masked_reconstruction,1.0,active,54404,1.3027836084365845,1.3027836084365845,
mult,1,19,['20251002_单01_ACT-8_翼云_J16_12#01__pilot_10033::context_end_0023'],['a79e40fe89e0990cafb6da8cf31e5252209aa2cb14102f7c65c849a4a8de4c2c'],1.2888987064361572,0.0,0.0,0.0,short_horizon_prediction,0.5,active,70596,2.482353925704956,1.241176962852478,
mult,1,19,['20251002_单01_ACT-8_翼云_J16_12#01__pilot_10033::context_end_0023'],['a79e40fe89e0990cafb6da8cf31e5252209aa2cb14102f7c65c849a4a8de4c2c'],1.2888987064361572,0.0,0.0,0.0,lag_discrimination,0.2,active,2,0.57975172996521,0.11595034599304199,
mult,1,20,['20251002_单01_ACT-8_翼云_J16_12#01__pilot_10035::context_end_0005'],['eea17df4d6cdbc9879557a5f725d292ce25bd415605721bd6ea58db6d6d1e444'],1.8008488416671753,0.0,0.0,0.0,masked_reconstruction,1.0,active,60939,1.2147938013076782,1.2147938013076782,
mult,1,20,['20251002_单01_ACT-8_翼云_J16_12#01__pilot_10035::context_end_0005'],['eea17df4d6cdbc9879557a5f725d292ce25bd415605721bd6ea58db6d6d1e444'],1.8008488416671753,0.0,0.0,0.0,short_horizon_prediction,0.5,active,91690,2.249025821685791,1.1245129108428955,
mult,1,20,['20251002_单01_ACT-8_翼云_J16_12#01__pilot_10035::context_end_0005'],['eea17df4d6cdbc9879557a5f725d292ce25bd415605721bd6ea58db6d6d1e444'],1.8008488416671753,0.0,0.0,0.0,lag_discrimination,0.2,active,2,0.6708287596702576,0.13416574895381927,
mult,1,21,['20251002_单01_ACT-8_翼云_J16_12#01__pilot_10035::context_end_0006'],['109cb29ec2bd3c6afd412184cea8b9ca66b380db4649931d96c7b8c250e1a9a2'],0.955262303352356,0.0,0.0,0.0,masked_reconstruction,1.0,active,65597,1.3447409868240356,1.3447409868240356,
mult,1,21,['20251002_单01_ACT-8_翼云_J16_12#01__pilot_10035::context_end_0006'],['109cb29ec2bd3c6afd412184cea8b9ca66b380db4649931d96c7b8c250e1a9a2'],0.955262303352356,0.0,0.0,0.0,short_horizon_prediction,0.5,active,90517,2.356696605682373,1.1783483028411865,
mult,1,21,['20251002_单01_ACT-8_翼云_J16_12#01__pilot_10035::context_end_0006'],['109cb29ec2bd3c6afd412184cea8b9ca66b380db4649931d96c7b8c250e1a9a2'],0.955262303352356,0.0,0.0,0.0,lag_discrimination,0.2,active,2,0.45773547887802124,0.09154709428548813,
mult,1,22,['20251002_单01_ACT-8_翼云_J16_12#01__pilot_10035::context_end_0007'],['54b13ea6f14babf2ce2257ba2c79d4c7ef9cf017fc0ec42085f1618d6d68b6a0'],0.8102266192436218,0.0,0.0,0.0,masked_reconstruction,1.0,active,59824,1.7433077096939087,1.7433077096939087,
mult,1,22,['20251002_单01_ACT-8_翼云_J16_12#01__pilot_10035::context_end_0007'],['54b13ea6f14babf2ce2257ba2c79d4c7ef9cf017fc0ec42085f1618d6d68b6a0'],0.8102266192436218,0.0,0.0,0.0,short_horizon_prediction,0.5,active,78958,2.732243061065674,1.366121530532837,
mult,1,22,['20251002_单01_ACT-8_翼云_J16_12#01__pilot_10035::context_end_0007'],['54b13ea6f14babf2ce2257ba2c79d4c7ef9cf017fc0ec42085f1618d6d68b6a0'],0.8102266192436218,0.0,0.0,0.0,lag_discrimination,0.2,active,2,0.39198341965675354,0.07839668542146683,
mult,1,23,['20251002_单01_ACT-8_翼云_J16_12#01__pilot_10035::context_end_0008'],['880137135556805d1ac5a2f6febca4fa4908d807c33d0a3fb001cb70fa961f2b'],2.620244264602661,0.0,0.0,0.0,masked_reconstruction,1.0,active,74139,1.176452875137329,1.176452875137329,
mult,1,23,['20251002_单01_ACT-8_翼云_J16_12#01__pilot_10035::context_end_0008'],['880137135556805d1ac5a2f6febca4fa4908d807c33d0a3fb001cb70fa961f2b'],2.620244264602661,0.0,0.0,0.0,short_horizon_prediction,0.5,active,82572,2.3023767471313477,1.1511883735656738,
mult,1,23,['20251002_单01_ACT-8_翼云_J16_12#01__pilot_10035::context_end_0008'],['880137135556805d1ac5a2f6febca4fa4908d807c33d0a3fb001cb70fa961f2b'],2.620244264602661,0.0,0.0,0.0,lag_discrimination,0.2,active,2,0.3458566665649414,0.06917133182287216,
mult,1,24,['20251002_单01_ACT-8_翼云_J16_12#01__pilot_10035::context_end_0009'],['a1073a503127e49afc6f72b0e39753eb9f92937a44c99190b219f209f31bfa33'],2.426715135574341,0.0,0.0,0.0,masked_reconstruction,1.0,active,56719,0.8635227084159851,0.8635227084159851,
mult,1,24,['20251002_单01_ACT-8_翼云_J16_12#01__pilot_10035::context_end_0009'],['a1073a503127e49afc6f72b0e39753eb9f92937a44c99190b219f209f31bfa33'],2.426715135574341,0.0,0.0,0.0,short_horizon_prediction,0.5,active,86536,2.6383588314056396,1.3191794157028198,
mult,1,24,['20251002_单01_ACT-8_翼云_J16_12#01__pilot_10035::context_end_0009'],['a1073a503127e49afc6f72b0e39753eb9f92937a44c99190b219f209f31bfa33'],2.426715135574341,0.0,0.0,0.0,lag_discrimination,0.2,active,2,0.4739941954612732,0.09479884058237076,
mult,1,25,['20251002_单01_ACT-8_翼云_J16_12#01__pilot_10035::context_end_0010'],['c25671c3158cabe9d7af0b8ea3dbdec60f64c8790e3e277d27551052d610b16c'],0.5929136276245117,0.0,0.0,0.0,masked_reconstruction,1.0,active,53080,0.27697357535362244,0.27697357535362244,
mult,1,25,['20251002_单01_ACT-8_翼云_J16_12#01__pilot_10035::context_end_0010'],['c25671c3158cabe9d7af0b8ea3dbdec60f64c8790e3e277d27551052d610b16c'],0.5929136276245117,0.0,0.0,0.0,short_horizon_prediction,0.5,active,90012,1.5042532682418823,0.7521266341209412,
mult,1,25,['20251002_单01_ACT-8_翼云_J16_12#01__pilot_10035::context_end_0010'],['c25671c3158cabe9d7af0b8ea3dbdec60f64c8790e3e277d27551052d610b16c'],0.5929136276245117,0.0,0.0,0.0,lag_discrimination,0.2,active,2,0.10621865838766098,0.021243732422590256,
mult,1,26,['20251002_单01_ACT-8_翼云_J16_12#01__pilot_10035::context_end_0011'],['eb55e42d9743a7d412f70a6ebd1d4b941aa1cba72505273a8aa842d2934ad1ef'],5.448378086090088,0.0,0.0,0.0,masked_reconstruction,1.0,active,57082,0.6343976855278015,0.6343976855278015,
mult,1,26,['20251002_单01_ACT-8_翼云_J16_12#01__pilot_10035::context_end_0011'],['eb55e42d9743a7d412f70a6ebd1d4b941aa1cba72505273a8aa842d2934ad1ef'],5.448378086090088,0.0,0.0,0.0,short_horizon_prediction,0.5,active,78561,1.6085697412490845,0.8042848706245422,
mult,1,26,['20251002_单01_ACT-8_翼云_J16_12#01__pilot_10035::context_end_0011'],['eb55e42d9743a7d412f70a6ebd1d4b941aa1cba72505273a8aa842d2934ad1ef'],5.448378086090088,0.0,0.0,0.0,lag_discrimination,0.2,active,2,1.187537431716919,0.23750749230384827,
mult,1,27,['20251002_单01_ACT-8_翼云_J16_12#01__pilot_10035::context_end_0012'],['5a6b693cd2cd5c137436419d27b10f0ca44899c5c1c01f174a6ba4c95b1c5b90'],1.1485085487365723,0.0,0.0,0.0,masked_reconstruction,1.0,active,71804,0.3433606028556824,0.3433606028556824,
mult,1,27,['20251002_单01_ACT-8_翼云_J16_12#01__pilot_10035::context_end_0012'],['5a6b693cd2cd5c137436419d27b10f0ca44899c5c1c01f174a6ba4c95b1c5b90'],1.1485085487365723,0.0,0.0,0.0,short_horizon_prediction,0.5,active,82527,1.5934330224990845,0.7967165112495422,
mult,1,27,['20251002_单01_ACT-8_翼云_J16_12#01__pilot_10035::context_end_0012'],['5a6b693cd2cd5c137436419d27b10f0ca44899c5c1c01f174a6ba4c95b1c5b90'],1.1485085487365723,0.0,0.0,0.0,lag_discrimination,0.2,active,2,0.46016210317611694,0.09203242510557175,
mult,1,28,['20251002_单01_ACT-8_翼云_J16_12#01__pilot_10035::context_end_0013'],['fe4f8b9905702602ef350ee7b1d5491293899b5e669767046fc9f830a8584a0d'],3.9479572772979736,0.0,0.0,0.0,masked_reconstruction,1.0,active,59405,0.47551146149635315,0.47551146149635315,
mult,1,28,['20251002_单01_ACT-8_翼云_J16_12#01__pilot_10035::context_end_0013'],['fe4f8b9905702602ef350ee7b1d5491293899b5e669767046fc9f830a8584a0d'],3.9479572772979736,0.0,0.0,0.0,short_horizon_prediction,0.5,active,86089,1.6727055311203003,0.8363527655601501,
mult,1,28,['20251002_单01_ACT-8_翼云_J16_12#01__pilot_10035::context_end_0013'],['fe4f8b9905702602ef350ee7b1d5491293899b5e669767046fc9f830a8584a0d'],3.9479572772979736,0.0,0.0,0.0,lag_discrimination,0.2,active,2,0.8828246593475342,0.17656493186950684,
mult,1,29,['20251002_单01_ACT-8_翼云_J16_12#01__pilot_10035::context_end_0014'],['091c1f29075270a1e28e6f94f5ec114d38d5eb82100dc3052afe41aa9e7b591f'],2.266376495361328,0.0,0.0,0.0,masked_reconstruction,1.0,active,74883,0.7710058093070984,0.7710058093070984,
mult,1,29,['20251002_单01_ACT-8_翼云_J16_12#01__pilot_10035::context_end_0014'],['091c1f29075270a1e28e6f94f5ec114d38d5eb82100dc3052afe41aa9e7b591f'],2.266376495361328,0.0,0.0,0.0,short_horizon_prediction,0.5,active,89483,1.6121371984481812,0.8060685992240906,
mult,1,29,['20251002_单01_ACT-8_翼云_J16_12#01__pilot_10035::context_end_0014'],['091c1f29075270a1e28e6f94f5ec114d38d5eb82100dc3052afe41aa9e7b591f'],2.266376495361328,0.0,0.0,0.0,lag_discrimination,0.2,active,2,0.8086036443710327,0.16172073781490326,
mult,1,30,['20251002_单01_ACT-8_翼云_J16_12#01__pilot_10035::context_end_0015'],['11fe10a6eddc630e8924891330262b4df1a15a43093f74d57f620acadda78231'],0.8072603940963745,0.0,0.0,0.0,masked_reconstruction,1.0,active,50108,0.30367419123649597,0.30367419123649597,
mult,1,30,['20251002_单01_ACT-8_翼云_J16_12#01__pilot_10035::context_end_0015'],['11fe10a6eddc630e8924891330262b4df1a15a43093f74d57f620acadda78231'],0.8072603940963745,0.0,0.0,0.0,short_horizon_prediction,0.5,active,78417,1.411713719367981,0.7058568596839905,
mult,1,30,['20251002_单01_ACT-8_翼云_J16_12#01__pilot_10035::context_end_0015'],['11fe10a6eddc630e8924891330262b4df1a15a43093f74d57f620acadda78231'],0.8072603940963745,0.0,0.0,0.0,lag_discrimination,0.2,active,2,0.35140201449394226,0.07028040289878845,
mult,1,31,['20251002_单01_ACT-8_翼云_J16_12#01__pilot_10035::context_end_0016'],['2981b292ee6fb0ccd64f1ab45cc33c8e17173d302204cb349d28455a46753979'],1.2709966897964478,0.0,0.0,0.0,masked_reconstruction,1.0,active,58151,0.9257319569587708,0.9257319569587708,
mult,1,31,['20251002_单01_ACT-8_翼云_J16_12#01__pilot_10035::context_end_0016'],['2981b292ee6fb0ccd64f1ab45cc33c8e17173d302204cb349d28455a46753979'],1.2709966897964478,0.0,0.0,0.0,short_horizon_prediction,0.5,active,81988,1.5101029872894287,0.7550514936447144,
mult,1,31,['20251002_单01_ACT-8_翼云_J16_12#01__pilot_10035::context_end_0016'],['2981b292ee6fb0ccd64f1ab45cc33c8e17173d302204cb349d28455a46753979'],1.2709966897964478,0.0,0.0,0.0,lag_discrimination,0.2,active,2,0.42721256613731384,0.08544251322746277,
mult,1,32,['20251002_单01_ACT-8_翼云_J16_12#01__pilot_10035::context_end_0017'],['84e74617f13293837d23cb606a685b8c5e85d2e8c9eb428d8640eb734625ea79'],1.926129698753357,0.0,0.0,0.0,masked_reconstruction,1.0,active,52550,1.4986684322357178,1.4986684322357178,
mult,1,32,['20251002_单01_ACT-8_翼云_J16_12#01__pilot_10035::context_end_0017'],['84e74617f13293837d23cb606a685b8c5e85d2e8c9eb428d8640eb734625ea79'],1.926129698753357,0.0,0.0,0.0,short_horizon_prediction,0.5,active,85508,2.039358139038086,1.019679069519043,
mult,1,32,['20251002_单01_ACT-8_翼云_J16_12#01__pilot_10035::context_end_0017'],['84e74617f13293837d23cb606a685b8c5e85d2e8c9eb428d8640eb734625ea79'],1.926129698753357,0.0,0.0,0.0,lag_discrimination,0.2,active,2,0.34743714332580566,0.06948743015527725,
mult,1,33,['20251002_单01_ACT-8_翼云_J16_12#01__pilot_10035::context_end_0018'],['bee23e71f018e7f246a604d288b9b657cf272b78c74b10018890a8a64f76c395'],0.9479255676269531,0.0,0.0,0.0,masked_reconstruction,1.0,active,60468,0.8180169463157654,0.8180169463157654,
mult,1,33,['20251002_单01_ACT-8_翼云_J16_12#01__pilot_10035::context_end_0018'],['bee23e71f018e7f246a604d288b9b657cf272b78c74b10018890a8a64f76c395'],0.9479255676269531,0.0,0.0,0.0,short_horizon_prediction,0.5,active,89108,1.7206515073776245,0.8603257536888123,
mult,1,33,['20251002_单01_ACT-8_翼云_J16_12#01__pilot_10035::context_end_0018'],['bee23e71f018e7f246a604d288b9b657cf272b78c74b10018890a8a64f76c395'],0.9479255676269531,0.0,0.0,0.0,lag_discrimination,0.2,active,2,0.48518598079681396,0.09703719615936279,
mult,1,34,['20251002_单01_ACT-8_翼云_J16_12#01__pilot_10035::context_end_0019'],['552dc9c66475dacc96366fa516835da7e0a073ce4e27d58376f28207652f35b8'],1.3486021757125854,0.0,0.0,0.0,masked_reconstruction,1.0,active,55569,0.8929494619369507,0.8929494619369507,
mult,1,34,['20251002_单01_ACT-8_翼云_J16_12#01__pilot_10035::context_end_0019'],['552dc9c66475dacc96366fa516835da7e0a073ce4e27d58376f28207652f35b8'],1.3486021757125854,0.0,0.0,0.0,short_horizon_prediction,0.5,active,70573,1.9883575439453125,0.9941787719726562,
mult,1,34,['20251002_单01_ACT-8_翼云_J16_12#01__pilot_10035::context_end_0019'],['552dc9c66475dacc96366fa516835da7e0a073ce4e27d58376f28207652f35b8'],1.3486021757125854,0.0,0.0,0.0,lag_discrimination,0.2,active,2,0.3676533102989197,0.0735306665301323,
mult,1,35,['20251002_单01_ACT-8_翼云_J16_12#01__pilot_10035::context_end_0020'],['49b4b0e0e12b36e0a1c90ab2919ec1b67d374413c994753fca0ad4cb0c261b06'],1.8331941366195679,0.0,0.0,0.0,masked_reconstruction,1.0,active,61632,1.2223567962646484,1.2223567962646484,
mult,1,35,['20251002_单01_ACT-8_翼云_J16_12#01__pilot_10035::context_end_0020'],['49b4b0e0e12b36e0a1c90ab2919ec1b67d374413c994753fca0ad4cb0c261b06'],1.8331941366195679,0.0,0.0,0.0,short_horizon_prediction,0.5,active,70564,2.1754634380340576,1.0877317190170288,
mult,1,35,['20251002_单01_ACT-8_翼云_J16_12#01__pilot_10035::context_end_0020'],['49b4b0e0e12b36e0a1c90ab2919ec1b67d374413c994753fca0ad4cb0c261b06'],1.8331941366195679,0.0,0.0,0.0,lag_discrimination,0.2,active,2,0.5867339372634888,0.11734678596258163,
mult,1,36,['20251002_单01_ACT-8_翼云_J16_12#01__pilot_10035::context_end_0021'],['a1e797223951ee19e55627bf59c436d5c6444a08645a397aabfa4975553f1dc9'],1.7564483880996704,0.0,0.0,0.0,masked_reconstruction,1.0,active,54272,1.2258185148239136,1.2258185148239136,
mult,1,36,['20251002_单01_ACT-8_翼云_J16_12#01__pilot_10035::context_end_0021'],['a1e797223951ee19e55627bf59c436d5c6444a08645a397aabfa4975553f1dc9'],1.7564483880996704,0.0,0.0,0.0,short_horizon_prediction,0.5,active,70593,2.7105557918548584,1.3552778959274292,
mult,1,36,['20251002_单01_ACT-8_翼云_J16_12#01__pilot_10035::context_end_0021'],['a1e797223951ee19e55627bf59c436d5c6444a08645a397aabfa4975553f1dc9'],1.7564483880996704,0.0,0.0,0.0,lag_discrimination,0.2,active,2,0.28020745515823364,0.05604149028658867,
mult,1,37,['20251002_单01_ACT-8_翼云_J16_12#01__pilot_10035::context_end_0022'],['5151b5ce85b60ff4611bdb6bc277a6c011d81793502be0f650acbe1d4ee3d73b'],1.988985538482666,0.0,0.0,0.0,masked_reconstruction,1.0,active,54898,0.2909375727176666,0.2909375727176666,
mult,1,37,['20251002_单01_ACT-8_翼云_J16_12#01__pilot_10035::context_end_0022'],['5151b5ce85b60ff4611bdb6bc277a6c011d81793502be0f650acbe1d4ee3d73b'],1.988985538482666,0.0,0.0,0.0,short_horizon_prediction,0.5,active,70632,2.711782217025757,1.3558911085128784,
mult,1,37,['20251002_单01_ACT-8_翼云_J16_12#01__pilot_10035::context_end_0022'],['5151b5ce85b60ff4611bdb6bc277a6c011d81793502be0f650acbe1d4ee3d73b'],1.988985538482666,0.0,0.0,0.0,lag_discrimination,0.2,active,2,0.25592246651649475,0.05118449404835701,
mult,1,38,['20251002_单01_ACT-8_翼云_J16_12#01__pilot_10035::context_end_0023'],['4be21067ce9ef81ae6e765f0c4745bc2e84341f7a043644b8b33f3882689abc2'],1.129083275794983,0.0,0.0,0.0,masked_reconstruction,1.0,active,53624,1.3152251243591309,1.3152251243591309,
mult,1,38,['20251002_单01_ACT-8_翼云_J16_12#01__pilot_10035::context_end_0023'],['4be21067ce9ef81ae6e765f0c4745bc2e84341f7a043644b8b33f3882689abc2'],1.129083275794983,0.0,0.0,0.0,short_horizon_prediction,0.5,active,70596,2.472472667694092,1.236236333847046,
mult,1,38,['20251002_单01_ACT-8_翼云_J16_12#01__pilot_10035::context_end_0023'],['4be21067ce9ef81ae6e765f0c4745bc2e84341f7a043644b8b33f3882689abc2'],1.129083275794983,0.0,0.0,0.0,lag_discrimination,0.2,active,2,0.10307800024747849,0.020615600049495697,
contiformer,1,1,['20251002_单01_ACT-8_翼云_J16_12#01__pilot_10033::context_end_0005'],['7bfd2cdd4e63251892163a99953ad2c8cf3c2770bc5819d6a13e86a9fb944241'],2.5027761459350586,0.0,0.0,0.0,masked_reconstruction,1.0,active,75067,1.6927623748779297,1.6927623748779297,
contiformer,1,1,['20251002_单01_ACT-8_翼云_J16_12#01__pilot_10033::context_end_0005'],['7bfd2cdd4e63251892163a99953ad2c8cf3c2770bc5819d6a13e86a9fb944241'],2.5027761459350586,0.0,0.0,0.0,short_horizon_prediction,0.5,active,91690,2.377272129058838,1.188636064529419,
contiformer,1,1,['20251002_单01_ACT-8_翼云_J16_12#01__pilot_10033::context_end_0005'],['7bfd2cdd4e63251892163a99953ad2c8cf3c2770bc5819d6a13e86a9fb944241'],2.5027761459350586,0.0,0.0,0.0,lag_discrimination,0.2,active,2,0.6004891395568848,0.12009783089160919,
contiformer,1,2,['20251002_单01_ACT-8_翼云_J16_12#01__pilot_10033::context_end_0006'],['a24138b5173920cbec062c9a1285b462ae67230f10ea19653b5b57164013228a'],1.1244217157363892,0.0,0.0,0.0,masked_reconstruction,1.0,active,60040,0.97068190574646,0.97068190574646,
contiformer,1,2,['20251002_单01_ACT-8_翼云_J16_12#01__pilot_10033::context_end_0006'],['a24138b5173920cbec062c9a1285b462ae67230f10ea19653b5b57164013228a'],1.1244217157363892,0.0,0.0,0.0,short_horizon_prediction,0.5,active,90517,2.493238925933838,1.246619462966919,
contiformer,1,2,['20251002_单01_ACT-8_翼云_J16_12#01__pilot_10033::context_end_0006'],['a24138b5173920cbec062c9a1285b462ae67230f10ea19653b5b57164013228a'],1.1244217157363892,0.0,0.0,0.0,lag_discrimination,0.2,active,2,0.7491168975830078,0.1498233824968338,
contiformer,1,3,['20251002_单01_ACT-8_翼云_J16_12#01__pilot_10033::context_end_0007'],['804f17089cde0e4242c046aa0ed3f5d9c98e81789e68e60a3aa65e9e3e6cccef'],0.6135348677635193,0.0,0.0,0.0,masked_reconstruction,1.0,active,58903,1.2612591981887817,1.2612591981887817,
contiformer,1,3,['20251002_单01_ACT-8_翼云_J16_12#01__pilot_10033::context_end_0007'],['804f17089cde0e4242c046aa0ed3f5d9c98e81789e68e60a3aa65e9e3e6cccef'],0.6135348677635193,0.0,0.0,0.0,short_horizon_prediction,0.5,active,78958,2.8645524978637695,1.4322762489318848,
contiformer,1,3,['20251002_单01_ACT-8_翼云_J16_12#01__pilot_10033::context_end_0007'],['804f17089cde0e4242c046aa0ed3f5d9c98e81789e68e60a3aa65e9e3e6cccef'],0.6135348677635193,0.0,0.0,0.0,lag_discrimination,0.2,active,2,0.7510380744934082,0.15020762383937836,
contiformer,1,4,['20251002_单01_ACT-8_翼云_J16_12#01__pilot_10033::context_end_0008'],['3f5b887a4755c6de92070b01142e77b63ce19532ba0e6a9c6ab9f03e61f188b1'],0.5061806440353394,0.0,0.0,0.0,masked_reconstruction,1.0,active,61632,1.954422950744629,1.954422950744629,
contiformer,1,4,['20251002_单01_ACT-8_翼云_J16_12#01__pilot_10033::context_end_0008'],['3f5b887a4755c6de92070b01142e77b63ce19532ba0e6a9c6ab9f03e61f188b1'],0.5061806440353394,0.0,0.0,0.0,short_horizon_prediction,0.5,active,82572,2.433986186981201,1.2169930934906006,
contiformer,1,4,['20251002_单01_ACT-8_翼云_J16_12#01__pilot_10033::context_end_0008'],['3f5b887a4755c6de92070b01142e77b63ce19532ba0e6a9c6ab9f03e61f188b1'],0.5061806440353394,0.0,0.0,0.0,lag_discrimination,0.2,active,2,0.6868611574172974,0.1373722404241562,
contiformer,1,5,['20251002_单01_ACT-8_翼云_J16_12#01__pilot_10033::context_end_0009'],['43ed3680fa0799eb7331993402052cae0dbc35d1f6f7929ee99dc8d018a71194'],1.4777415990829468,0.0,0.0,0.0,masked_reconstruction,1.0,active,61307,1.4710993766784668,1.4710993766784668,
contiformer,1,5,['20251002_单01_ACT-8_翼云_J16_12#01__pilot_10033::context_end_0009'],['43ed3680fa0799eb7331993402052cae0dbc35d1f6f7929ee99dc8d018a71194'],1.4777415990829468,0.0,0.0,0.0,short_horizon_prediction,0.5,active,86536,2.7638072967529297,1.3819036483764648,
contiformer,1,5,['20251002_单01_ACT-8_翼云_J16_12#01__pilot_10033::context_end_0009'],['43ed3680fa0799eb7331993402052cae0dbc35d1f6f7929ee99dc8d018a71194'],1.4777415990829468,0.0,0.0,0.0,lag_discrimination,0.2,active,2,0.6971514821052551,0.13943029940128326,
contiformer,1,6,['20251002_单01_ACT-8_翼云_J16_12#01__pilot_10033::context_end_0010'],['334ae0d3ce6d464d23202dd375438d1ba94f5dc200d03b23807654068e1cfc42'],0.5920583605766296,0.0,0.0,0.0,masked_reconstruction,1.0,active,67324,1.9157397747039795,1.9157397747039795,
contiformer,1,6,['20251002_单01_ACT-8_翼云_J16_12#01__pilot_10033::context_end_0010'],['334ae0d3ce6d464d23202dd375438d1ba94f5dc200d03b23807654068e1cfc42'],0.5920583605766296,0.0,0.0,0.0,short_horizon_prediction,0.5,active,90012,1.6255728006362915,0.8127864003181458,
contiformer,1,6,['20251002_单01_ACT-8_翼云_J16_12#01__pilot_10033::context_end_0010'],['334ae0d3ce6d464d23202dd375438d1ba94f5dc200d03b23807654068e1cfc42'],0.5920583605766296,0.0,0.0,0.0,lag_discrimination,0.2,active,2,0.6201964616775513,0.12403929233551025,
contiformer,1,7,['20251002_单01_ACT-8_翼云_J16_12#01__pilot_10033::context_end_0011'],['3734b63f8c03bc4cf097dbaf30183eaa7898c35f94964c0bfe697e82f14c2695'],0.45995891094207764,0.0,0.0,0.0,masked_reconstruction,1.0,active,57615,0.594484269618988,0.594484269618988,
contiformer,1,7,['20251002_单01_ACT-8_翼云_J16_12#01__pilot_10033::context_end_0011'],['3734b63f8c03bc4cf097dbaf30183eaa7898c35f94964c0bfe697e82f14c2695'],0.45995891094207764,0.0,0.0,0.0,short_horizon_prediction,0.5,active,78561,1.72452974319458,0.86226487159729,
contiformer,1,7,['20251002_单01_ACT-8_翼云_J16_12#01__pilot_10033::context_end_0011'],['3734b63f8c03bc4cf097dbaf30183eaa7898c35f94964c0bfe697e82f14c2695'],0.45995891094207764,0.0,0.0,0.0,lag_discrimination,0.2,active,2,0.5782168507575989,0.11564337462186813,
contiformer,1,8,['20251002_单01_ACT-8_翼云_J16_12#01__pilot_10033::context_end_0012'],['5eae51158a387c5b628b23f443cbe49c63750fa1f30d6a1ec12fa35c19e1ae5b'],0.5014278292655945,0.0,0.0,0.0,masked_reconstruction,1.0,active,69297,1.0595803260803223,1.0595803260803223,
contiformer,1,8,['20251002_单01_ACT-8_翼云_J16_12#01__pilot_10033::context_end_0012'],['5eae51158a387c5b628b23f443cbe49c63750fa1f30d6a1ec12fa35c19e1ae5b'],0.5014278292655945,0.0,0.0,0.0,short_horizon_prediction,0.5,active,82527,1.6971752643585205,0.8485876321792603,
contiformer,1,8,['20251002_单01_ACT-8_翼云_J16_12#01__pilot_10033::context_end_0012'],['5eae51158a387c5b628b23f443cbe49c63750fa1f30d6a1ec12fa35c19e1ae5b'],0.5014278292655945,0.0,0.0,0.0,lag_discrimination,0.2,active,2,0.7474873661994934,0.14949747920036316,
contiformer,1,9,['20251002_单01_ACT-8_翼云_J16_12#01__pilot_10033::context_end_0013'],['d5980e39489c98b9726f45ec767bcc529c5a8674429c6a6cd9b60d1a02814d63'],0.7025254368782043,0.0,0.0,0.0,masked_reconstruction,1.0,active,49675,0.9882546663284302,0.9882546663284302,
contiformer,1,9,['20251002_单01_ACT-8_翼云_J16_12#01__pilot_10033::context_end_0013'],['d5980e39489c98b9726f45ec767bcc529c5a8674429c6a6cd9b60d1a02814d63'],0.7025254368782043,0.0,0.0,0.0,short_horizon_prediction,0.5,active,86089,1.7800695896148682,0.8900347948074341,
contiformer,1,9,['20251002_单01_ACT-8_翼云_J16_12#01__pilot_10033::context_end_0013'],['d5980e39489c98b9726f45ec767bcc529c5a8674429c6a6cd9b60d1a02814d63'],0.7025254368782043,0.0,0.0,0.0,lag_discrimination,0.2,active,2,0.790591835975647,0.1581183671951294,
contiformer,1,10,['20251002_单01_ACT-8_翼云_J16_12#01__pilot_10033::context_end_0014'],['7b52b6a9b504ad9dfc9b8fb09a53350427e0938fbe1d362cb163cc880e824d9e'],0.27215084433555603,0.0,0.0,0.0,masked_reconstruction,1.0,active,73898,1.0524537563323975,1.0524537563323975,
contiformer,1,10,['20251002_单01_ACT-8_翼云_J16_12#01__pilot_10033::context_end_0014'],['7b52b6a9b504ad9dfc9b8fb09a53350427e0938fbe1d362cb163cc880e824d9e'],0.27215084433555603,0.0,0.0,0.0,short_horizon_prediction,0.5,active,89483,1.7144066095352173,0.8572033047676086,
contiformer,1,10,['20251002_单01_ACT-8_翼云_J16_12#01__pilot_10033::context_end_0014'],['7b52b6a9b504ad9dfc9b8fb09a53350427e0938fbe1d362cb163cc880e824d9e'],0.27215084433555603,0.0,0.0,0.0,lag_discrimination,0.2,active,2,0.6706011295318604,0.13412022590637207,
contiformer,1,11,['20251002_单01_ACT-8_翼云_J16_12#01__pilot_10033::context_end_0015'],['d78e8d18fc45b9ae4c8cb3ee77e0fe70c7d4fbc814de26d0b09fa40f5807abc2'],0.3156428933143616,0.0,0.0,0.0,masked_reconstruction,1.0,active,57740,0.9464702606201172,0.9464702606201172,
contiformer,1,11,['20251002_单01_ACT-8_翼云_J16_12#01__pilot_10033::context_end_0015'],['d78e8d18fc45b9ae4c8cb3ee77e0fe70c7d4fbc814de26d0b09fa40f5807abc2'],0.3156428933143616,0.0,0.0,0.0,short_horizon_prediction,0.5,active,78417,1.5049855709075928,0.7524927854537964,
contiformer,1,11,['20251002_单01_ACT-8_翼云_J16_12#01__pilot_10033::context_end_0015'],['d78e8d18fc45b9ae4c8cb3ee77e0fe70c7d4fbc814de26d0b09fa40f5807abc2'],0.3156428933143616,0.0,0.0,0.0,lag_discrimination,0.2,active,2,0.7093299627304077,0.14186599850654602,
contiformer,1,12,['20251002_单01_ACT-8_翼云_J16_12#01__pilot_10033::context_end_0016'],['7ed379e782ece8dee2db32bb559c73b9cbbd5ef10978d1e3b01f1dedddcdcbf4'],0.2959636449813843,0.0,0.0,0.0,masked_reconstruction,1.0,active,60432,0.9040994644165039,0.9040994644165039,
contiformer,1,12,['20251002_单01_ACT-8_翼云_J16_12#01__pilot_10033::context_end_0016'],['7ed379e782ece8dee2db32bb559c73b9cbbd5ef10978d1e3b01f1dedddcdcbf4'],0.2959636449813843,0.0,0.0,0.0,short_horizon_prediction,0.5,active,81988,1.5998148918151855,0.7999074459075928,
contiformer,1,12,['20251002_单01_ACT-8_翼云_J16_12#01__pilot_10033::context_end_0016'],['7ed379e782ece8dee2db32bb559c73b9cbbd5ef10978d1e3b01f1dedddcdcbf4'],0.2959636449813843,0.0,0.0,0.0,lag_discrimination,0.2,active,2,0.6076411008834839,0.12152822315692902,
contiformer,1,13,['20251002_单01_ACT-8_翼云_J16_12#01__pilot_10033::context_end_0017'],['5890eb6f6a253a132286ab05a46fb23594a002c15c639fd06b95cf3d38e2d294'],0.8789891600608826,0.0,0.0,0.0,masked_reconstruction,1.0,active,59565,0.4883580505847931,0.4883580505847931,
contiformer,1,13,['20251002_单01_ACT-8_翼云_J16_12#01__pilot_10033::context_end_0017'],['5890eb6f6a253a132286ab05a46fb23594a002c15c639fd06b95cf3d38e2d294'],0.8789891600608826,0.0,0.0,0.0,short_horizon_prediction,0.5,active,85508,2.1298446655273438,1.0649223327636719,
contiformer,1,13,['20251002_单01_ACT-8_翼云_J16_12#01__pilot_10033::context_end_0017'],['5890eb6f6a253a132286ab05a46fb23594a002c15c639fd06b95cf3d38e2d294'],0.8789891600608826,0.0,0.0,0.0,lag_discrimination,0.2,active,2,0.5303641557693481,0.10607283562421799,
contiformer,1,14,['20251002_单01_ACT-8_翼云_J16_12#01__pilot_10033::context_end_0018'],['459cf75a090eb70511626486853e479a501e1c5873b86ab7da54c15c4a09c848'],0.21667885780334473,0.0,0.0,0.0,masked_reconstruction,1.0,active,57167,1.816664695739746,1.816664695739746,
contiformer,1,14,['20251002_单01_ACT-8_翼云_J16_12#01__pilot_10033::context_end_0018'],['459cf75a090eb70511626486853e479a501e1c5873b86ab7da54c15c4a09c848'],0.21667885780334473,0.0,0.0,0.0,short_horizon_prediction,0.5,active,89108,1.8033709526062012,0.9016854763031006,
contiformer,1,14,['20251002_单01_ACT-8_翼云_J16_12#01__pilot_10033::context_end_0018'],['459cf75a090eb70511626486853e479a501e1c5873b86ab7da54c15c4a09c848'],0.21667885780334473,0.0,0.0,0.0,lag_discrimination,0.2,active,2,0.6424210071563721,0.12848420441150665,
contiformer,1,15,['20251002_单01_ACT-8_翼云_J16_12#01__pilot_10033::context_end_0019'],['168465844e6117f2be29585c34fe20fccf3ec38846a4bff514a899934455ced8'],0.5207851529121399,0.0,0.0,0.0,masked_reconstruction,1.0,active,58380,0.4255237877368927,0.4255237877368927,
contiformer,1,15,['20251002_单01_ACT-8_翼云_J16_12#01__pilot_10033::context_end_0019'],['168465844e6117f2be29585c34fe20fccf3ec38846a4bff514a899934455ced8'],0.5207851529121399,0.0,0.0,0.0,short_horizon_prediction,0.5,active,70573,2.0730581283569336,1.0365290641784668,
contiformer,1,15,['20251002_单01_ACT-8_翼云_J16_12#01__pilot_10033::context_end_0019'],['168465844e6117f2be29585c34fe20fccf3ec38846a4bff514a899934455ced8'],0.5207851529121399,0.0,0.0,0.0,lag_discrimination,0.2,active,2,0.6406522989273071,0.1281304657459259,
contiformer,1,16,['20251002_单01_ACT-8_翼云_J16_12#01__pilot_10033::context_end_0020'],['a6e53cd425f38157b197cbccebff0e6e2b35780420fba0e04dc32d9b09e5c3aa'],0.8316294550895691,0.0,0.0,0.0,masked_reconstruction,1.0,active,58635,0.7816066741943359,0.7816066741943359,
contiformer,1,16,['20251002_单01_ACT-8_翼云_J16_12#01__pilot_10033::context_end_0020'],['a6e53cd425f38157b197cbccebff0e6e2b35780420fba0e04dc32d9b09e5c3aa'],0.8316294550895691,0.0,0.0,0.0,short_horizon_prediction,0.5,active,70564,2.2583765983581543,1.1291882991790771,
contiformer,1,16,['20251002_单01_ACT-8_翼云_J16_12#01__pilot_10033::context_end_0020'],['a6e53cd425f38157b197cbccebff0e6e2b35780420fba0e04dc32d9b09e5c3aa'],0.8316294550895691,0.0,0.0,0.0,lag_discrimination,0.2,active,2,0.688604474067688,0.13772089779376984,
contiformer,1,17,['20251002_单01_ACT-8_翼云_J16_12#01__pilot_10033::context_end_0021'],['c23e0cee1452903eeef5a6e80a236c0effcd8d2dbf661db4ba406ac7316a1507'],0.9483700394630432,0.0,0.0,0.0,masked_reconstruction,1.0,active,61001,0.5524964332580566,0.5524964332580566,
contiformer,1,17,['20251002_单01_ACT-8_翼云_J16_12#01__pilot_10033::context_end_0021'],['c23e0cee1452903eeef5a6e80a236c0effcd8d2dbf661db4ba406ac7316a1507'],0.9483700394630432,0.0,0.0,0.0,short_horizon_prediction,0.5,active,70593,2.788533926010132,1.394266963005066,
contiformer,1,17,['20251002_单01_ACT-8_翼云_J16_12#01__pilot_10033::context_end_0021'],['c23e0cee1452903eeef5a6e80a236c0effcd8d2dbf661db4ba406ac7316a1507'],0.9483700394630432,0.0,0.0,0.0,lag_discrimination,0.2,active,2,0.5781761407852173,0.1156352311372757,
contiformer,1,18,['20251002_单01_ACT-8_翼云_J16_12#01__pilot_10033::context_end_0022'],['76d2403475081b74d016a4ea02b948e27c6c2d197dfefb7349969907169d7924'],0.42159590125083923,0.0,0.0,0.0,masked_reconstruction,1.0,active,59530,0.8358575701713562,0.8358575701713562,
contiformer,1,18,['20251002_单01_ACT-8_翼云_J16_12#01__pilot_10033::context_end_0022'],['76d2403475081b74d016a4ea02b948e27c6c2d197dfefb7349969907169d7924'],0.42159590125083923,0.0,0.0,0.0,short_horizon_prediction,0.5,active,70632,2.785829544067383,1.3929147720336914,
contiformer,1,18,['20251002_单01_ACT-8_翼云_J16_12#01__pilot_10033::context_end_0022'],['76d2403475081b74d016a4ea02b948e27c6c2d197dfefb7349969907169d7924'],0.42159590125083923,0.0,0.0,0.0,lag_discrimination,0.2,active,2,0.665136456489563,0.13302730023860931,
contiformer,1,19,['20251002_单01_ACT-8_翼云_J16_12#01__pilot_10033::context_end_0023'],['a79e40fe89e0990cafb6da8cf31e5252209aa2cb14102f7c65c849a4a8de4c2c'],0.3039166331291199,0.0,0.0,0.0,masked_reconstruction,1.0,active,54404,1.3587483167648315,1.3587483167648315,
contiformer,1,19,['20251002_单01_ACT-8_翼云_J16_12#01__pilot_10033::context_end_0023'],['a79e40fe89e0990cafb6da8cf31e5252209aa2cb14102f7c65c849a4a8de4c2c'],0.3039166331291199,0.0,0.0,0.0,short_horizon_prediction,0.5,active,70596,2.541027545928955,1.2705137729644775,
contiformer,1,19,['20251002_单01_ACT-8_翼云_J16_12#01__pilot_10033::context_end_0023'],['a79e40fe89e0990cafb6da8cf31e5252209aa2cb14102f7c65c849a4a8de4c2c'],0.3039166331291199,0.0,0.0,0.0,lag_discrimination,0.2,active,2,0.5216397047042847,0.10432793945074081,
contiformer,1,20,['20251002_单01_ACT-8_翼云_J16_12#01__pilot_10035::context_end_0005'],['eea17df4d6cdbc9879557a5f725d292ce25bd415605721bd6ea58db6d6d1e444'],0.5333655476570129,0.0,0.0,0.0,masked_reconstruction,1.0,active,60939,1.2627816200256348,1.2627816200256348,
contiformer,1,20,['20251002_单01_ACT-8_翼云_J16_12#01__pilot_10035::context_end_0005'],['eea17df4d6cdbc9879557a5f725d292ce25bd415605721bd6ea58db6d6d1e444'],0.5333655476570129,0.0,0.0,0.0,short_horizon_prediction,0.5,active,91690,2.3115475177764893,1.1557737588882446,
contiformer,1,20,['20251002_单01_ACT-8_翼云_J16_12#01__pilot_10035::context_end_0005'],['eea17df4d6cdbc9879557a5f725d292ce25bd415605721bd6ea58db6d6d1e444'],0.5333655476570129,0.0,0.0,0.0,lag_discrimination,0.2,active,2,0.6050803661346436,0.12101607769727707,
contiformer,1,21,['20251002_单01_ACT-8_翼云_J16_12#01__pilot_10035::context_end_0006'],['109cb29ec2bd3c6afd412184cea8b9ca66b380db4649931d96c7b8c250e1a9a2'],0.25923845171928406,0.0,0.0,0.0,masked_reconstruction,1.0,active,65597,1.3892641067504883,1.3892641067504883,
contiformer,1,21,['20251002_单01_ACT-8_翼云_J16_12#01__pilot_10035::context_end_0006'],['109cb29ec2bd3c6afd412184cea8b9ca66b380db4649931d96c7b8c250e1a9a2'],0.25923845171928406,0.0,0.0,0.0,short_horizon_prediction,0.5,active,90517,2.4115970134735107,1.2057985067367554,
contiformer,1,21,['20251002_单01_ACT-8_翼云_J16_12#01__pilot_10035::context_end_0006'],['109cb29ec2bd3c6afd412184cea8b9ca66b380db4649931d96c7b8c250e1a9a2'],0.25923845171928406,0.0,0.0,0.0,lag_discrimination,0.2,active,2,0.500801682472229,0.10016033798456192,
contiformer,1,22,['20251002_单01_ACT-8_翼云_J16_12#01__pilot_10035::context_end_0007'],['54b13ea6f14babf2ce2257ba2c79d4c7ef9cf017fc0ec42085f1618d6d68b6a0'],0.2858327329158783,0.0,0.0,0.0,masked_reconstruction,1.0,active,59824,1.7865774631500244,1.7865774631500244,
contiformer,1,22,['20251002_单01_ACT-8_翼云_J16_12#01__pilot_10035::context_end_0007'],['54b13ea6f14babf2ce2257ba2c79d4c7ef9cf017fc0ec42085f1618d6d68b6a0'],0.2858327329158783,0.0,0.0,0.0,short_horizon_prediction,0.5,active,78958,2.7831032276153564,1.3915516138076782,
contiformer,1,22,['20251002_单01_ACT-8_翼云_J16_12#01__pilot_10035::context_end_0007'],['54b13ea6f14babf2ce2257ba2c79d4c7ef9cf017fc0ec42085f1618d6d68b6a0'],0.2858327329158783,0.0,0.0,0.0,lag_discrimination,0.2,active,2,0.4729579985141754,0.09459160268306732,
contiformer,1,23,['20251002_单01_ACT-8_翼云_J16_12#01__pilot_10035::context_end_0008'],['880137135556805d1ac5a2f6febca4fa4908d807c33d0a3fb001cb70fa961f2b'],0.37365099787712097,0.0,0.0,0.0,masked_reconstruction,1.0,active,74139,1.2276079654693604,1.2276079654693604,
contiformer,1,23,['20251002_单01_ACT-8_翼云_J16_12#01__pilot_10035::context_end_0008'],['880137135556805d1ac5a2f6febca4fa4908d807c33d0a3fb001cb70fa961f2b'],0.37365099787712097,0.0,0.0,0.0,short_horizon_prediction,0.5,active,82572,2.3545589447021484,1.1772794723510742,
contiformer,1,23,['20251002_单01_ACT-8_翼云_J16_12#01__pilot_10035::context_end_0008'],['880137135556805d1ac5a2f6febca4fa4908d807c33d0a3fb001cb70fa961f2b'],0.37365099787712097,0.0,0.0,0.0,lag_discrimination,0.2,active,2,0.42527249455451965,0.08505450189113617,
contiformer,1,24,['20251002_单01_ACT-8_翼云_J16_12#01__pilot_10035::context_end_0009'],['a1073a503127e49afc6f72b0e39753eb9f92937a44c99190b219f209f31bfa33'],1.1658374071121216,0.0,0.0,0.0,masked_reconstruction,1.0,active,56719,0.907734751701355,0.907734751701355,
contiformer,1,24,['20251002_单01_ACT-8_翼云_J16_12#01__pilot_10035::context_end_0009'],['a1073a503127e49afc6f72b0e39753eb9f92937a44c99190b219f209f31bfa33'],1.1658374071121216,0.0,0.0,0.0,short_horizon_prediction,0.5,active,86536,2.691021203994751,1.3455106019973755,
contiformer,1,24,['20251002_单01_ACT-8_翼云_J16_12#01__pilot_10035::context_end_0009'],['a1073a503127e49afc6f72b0e39753eb9f92937a44c99190b219f209f31bfa33'],1.1658374071121216,0.0,0.0,0.0,lag_discrimination,0.2,active,2,0.689587414264679,0.13791748881340027,
contiformer,1,25,['20251002_单01_ACT-8_翼云_J16_12#01__pilot_10035::context_end_0010'],['c25671c3158cabe9d7af0b8ea3dbdec60f64c8790e3e277d27551052d610b16c'],0.3210119307041168,0.0,0.0,0.0,masked_reconstruction,1.0,active,53080,0.31811633706092834,0.31811633706092834,
contiformer,1,25,['20251002_单01_ACT-8_翼云_J16_12#01__pilot_10035::context_end_0010'],['c25671c3158cabe9d7af0b8ea3dbdec60f64c8790e3e277d27551052d610b16c'],0.3210119307041168,0.0,0.0,0.0,short_horizon_prediction,0.5,active,90012,1.5583109855651855,0.7791554927825928,
contiformer,1,25,['20251002_单01_ACT-8_翼云_J16_12#01__pilot_10035::context_end_0010'],['c25671c3158cabe9d7af0b8ea3dbdec60f64c8790e3e277d27551052d610b16c'],0.3210119307041168,0.0,0.0,0.0,lag_discrimination,0.2,active,2,0.3497571349143982,0.06995142996311188,
contiformer,1,26,['20251002_单01_ACT-8_翼云_J16_12#01__pilot_10035::context_end_0011'],['eb55e42d9743a7d412f70a6ebd1d4b941aa1cba72505273a8aa842d2934ad1ef'],0.49081119894981384,0.0,0.0,0.0,masked_reconstruction,1.0,active,57082,0.6731196641921997,0.6731196641921997,
contiformer,1,26,['20251002_单01_ACT-8_翼云_J16_12#01__pilot_10035::context_end_0011'],['eb55e42d9743a7d412f70a6ebd1d4b941aa1cba72505273a8aa842d2934ad1ef'],0.49081119894981384,0.0,0.0,0.0,short_horizon_prediction,0.5,active,78561,1.6531548500061035,0.8265774250030518,
contiformer,1,26,['20251002_单01_ACT-8_翼云_J16_12#01__pilot_10035::context_end_0011'],['eb55e42d9743a7d412f70a6ebd1d4b941aa1cba72505273a8aa842d2934ad1ef'],0.49081119894981384,0.0,0.0,0.0,lag_discrimination,0.2,active,2,0.741758406162262,0.14835168421268463,
contiformer,1,27,['20251002_单01_ACT-8_翼云_J16_12#01__pilot_10035::context_end_0012'],['5a6b693cd2cd5c137436419d27b10f0ca44899c5c1c01f174a6ba4c95b1c5b90'],0.2736172378063202,0.0,0.0,0.0,masked_reconstruction,1.0,active,71804,0.38103702664375305,0.38103702664375305,
contiformer,1,27,['20251002_单01_ACT-8_翼云_J16_12#01__pilot_10035::context_end_0012'],['5a6b693cd2cd5c137436419d27b10f0ca44899c5c1c01f174a6ba4c95b1c5b90'],0.2736172378063202,0.0,0.0,0.0,short_horizon_prediction,0.5,active,82527,1.630781650543213,0.8153908252716064,
contiformer,1,27,['20251002_单01_ACT-8_翼云_J16_12#01__pilot_10035::context_end_0012'],['5a6b693cd2cd5c137436419d27b10f0ca44899c5c1c01f174a6ba4c95b1c5b90'],0.2736172378063202,0.0,0.0,0.0,lag_discrimination,0.2,active,2,0.6287276744842529,0.12574553489685059,
contiformer,1,28,['20251002_单01_ACT-8_翼云_J16_12#01__pilot_10035::context_end_0013'],['fe4f8b9905702602ef350ee7b1d5491293899b5e669767046fc9f830a8584a0d'],0.5616036057472229,0.0,0.0,0.0,masked_reconstruction,1.0,active,59405,0.5080146789550781,0.5080146789550781,
contiformer,1,28,['20251002_单01_ACT-8_翼云_J16_12#01__pilot_10035::context_end_0013'],['fe4f8b9905702602ef350ee7b1d5491293899b5e669767046fc9f830a8584a0d'],0.5616036057472229,0.0,0.0,0.0,short_horizon_prediction,0.5,active,86089,1.7148284912109375,0.8574142456054688,
contiformer,1,28,['20251002_单01_ACT-8_翼云_J16_12#01__pilot_10035::context_end_0013'],['fe4f8b9905702602ef350ee7b1d5491293899b5e669767046fc9f830a8584a0d'],0.5616036057472229,0.0,0.0,0.0,lag_discrimination,0.2,active,2,0.7184101939201355,0.14368204772472382,
contiformer,1,29,['20251002_单01_ACT-8_翼云_J16_12#01__pilot_10035::context_end_0014'],['091c1f29075270a1e28e6f94f5ec114d38d5eb82100dc3052afe41aa9e7b591f'],0.28251874446868896,0.0,0.0,0.0,masked_reconstruction,1.0,active,74883,0.8112059235572815,0.8112059235572815,
contiformer,1,29,['20251002_单01_ACT-8_翼云_J16_12#01__pilot_10035::context_end_0014'],['091c1f29075270a1e28e6f94f5ec114d38d5eb82100dc3052afe41aa9e7b591f'],0.28251874446868896,0.0,0.0,0.0,short_horizon_prediction,0.5,active,89483,1.650481104850769,0.8252405524253845,
contiformer,1,29,['20251002_单01_ACT-8_翼云_J16_12#01__pilot_10035::context_end_0014'],['091c1f29075270a1e28e6f94f5ec114d38d5eb82100dc3052afe41aa9e7b591f'],0.28251874446868896,0.0,0.0,0.0,lag_discrimination,0.2,active,2,0.705110490322113,0.14102210104465485,
contiformer,1,30,['20251002_单01_ACT-8_翼云_J16_12#01__pilot_10035::context_end_0015'],['11fe10a6eddc630e8924891330262b4df1a15a43093f74d57f620acadda78231'],0.4222660958766937,0.0,0.0,0.0,masked_reconstruction,1.0,active,50108,0.33372828364372253,0.33372828364372253,
contiformer,1,30,['20251002_单01_ACT-8_翼云_J16_12#01__pilot_10035::context_end_0015'],['11fe10a6eddc630e8924891330262b4df1a15a43093f74d57f620acadda78231'],0.4222660958766937,0.0,0.0,0.0,short_horizon_prediction,0.5,active,78417,1.4419498443603516,0.7209749221801758,
contiformer,1,30,['20251002_单01_ACT-8_翼云_J16_12#01__pilot_10035::context_end_0015'],['11fe10a6eddc630e8924891330262b4df1a15a43093f74d57f620acadda78231'],0.4222660958766937,0.0,0.0,0.0,lag_discrimination,0.2,active,2,0.46257928013801575,0.09251585602760315,
contiformer,1,31,['20251002_单01_ACT-8_翼云_J16_12#01__pilot_10035::context_end_0016'],['2981b292ee6fb0ccd64f1ab45cc33c8e17173d302204cb349d28455a46753979'],0.5021792650222778,0.0,0.0,0.0,masked_reconstruction,1.0,active,58151,0.950329065322876,0.950329065322876,
contiformer,1,31,['20251002_单01_ACT-8_翼云_J16_12#01__pilot_10035::context_end_0016'],['2981b292ee6fb0ccd64f1ab45cc33c8e17173d302204cb349d28455a46753979'],0.5021792650222778,0.0,0.0,0.0,short_horizon_prediction,0.5,active,81988,1.5387262105941772,0.7693631052970886,
contiformer,1,31,['20251002_单01_ACT-8_翼云_J16_12#01__pilot_10035::context_end_0016'],['2981b292ee6fb0ccd64f1ab45cc33c8e17173d302204cb349d28455a46753979'],0.5021792650222778,0.0,0.0,0.0,lag_discrimination,0.2,active,2,0.4503573775291443,0.09007147699594498,
contiformer,1,32,['20251002_单01_ACT-8_翼云_J16_12#01__pilot_10035::context_end_0017'],['84e74617f13293837d23cb606a685b8c5e85d2e8c9eb428d8640eb734625ea79'],0.5502742528915405,0.0,0.0,0.0,masked_reconstruction,1.0,active,52550,1.5195823907852173,1.5195823907852173,
contiformer,1,32,['20251002_单01_ACT-8_翼云_J16_12#01__pilot_10035::context_end_0017'],['84e74617f13293837d23cb606a685b8c5e85d2e8c9eb428d8640eb734625ea79'],0.5502742528915405,0.0,0.0,0.0,short_horizon_prediction,0.5,active,85508,2.0656700134277344,1.0328350067138672,
contiformer,1,32,['20251002_单01_ACT-8_翼云_J16_12#01__pilot_10035::context_end_0017'],['84e74617f13293837d23cb606a685b8c5e85d2e8c9eb428d8640eb734625ea79'],0.5502742528915405,0.0,0.0,0.0,lag_discrimination,0.2,active,2,0.3672318160533905,0.0734463632106781,
contiformer,1,33,['20251002_单01_ACT-8_翼云_J16_12#01__pilot_10035::context_end_0018'],['bee23e71f018e7f246a604d288b9b657cf272b78c74b10018890a8a64f76c395'],0.29406243562698364,0.0,0.0,0.0,masked_reconstruction,1.0,active,60468,0.8407849669456482,0.8407849669456482,
contiformer,1,33,['20251002_单01_ACT-8_翼云_J16_12#01__pilot_10035::context_end_0018'],['bee23e71f018e7f246a604d288b9b657cf272b78c74b10018890a8a64f76c395'],0.29406243562698364,0.0,0.0,0.0,short_horizon_prediction,0.5,active,89108,1.7512307167053223,0.8756153583526611,
contiformer,1,33,['20251002_单01_ACT-8_翼云_J16_12#01__pilot_10035::context_end_0018'],['bee23e71f018e7f246a604d288b9b657cf272b78c74b10018890a8a64f76c395'],0.29406243562698364,0.0,0.0,0.0,lag_discrimination,0.2,active,2,0.5984819531440735,0.11969639360904694,
contiformer,1,34,['20251002_单01_ACT-8_翼云_J16_12#01__pilot_10035::context_end_0019'],['552dc9c66475dacc96366fa516835da7e0a073ce4e27d58376f28207652f35b8'],0.37170836329460144,0.0,0.0,0.0,masked_reconstruction,1.0,active,55569,0.9128578901290894,0.9128578901290894,
contiformer,1,34,['20251002_单01_ACT-8_翼云_J16_12#01__pilot_10035::context_end_0019'],['552dc9c66475dacc96366fa516835da7e0a073ce4e27d58376f28207652f35b8'],0.37170836329460144,0.0,0.0,0.0,short_horizon_prediction,0.5,active,70573,2.010889768600464,1.005444884300232,
contiformer,1,34,['20251002_单01_ACT-8_翼云_J16_12#01__pilot_10035::context_end_0019'],['552dc9c66475dacc96366fa516835da7e0a073ce4e27d58376f28207652f35b8'],0.37170836329460144,0.0,0.0,0.0,lag_discrimination,0.2,active,2,0.4362599849700928,0.08725199848413467,
contiformer,1,35,['20251002_单01_ACT-8_翼云_J16_12#01__pilot_10035::context_end_0020'],['49b4b0e0e12b36e0a1c90ab2919ec1b67d374413c994753fca0ad4cb0c261b06'],1.1268270015716553,0.0,0.0,0.0,masked_reconstruction,1.0,active,61632,1.2443134784698486,1.2443134784698486,
contiformer,1,35,['20251002_单01_ACT-8_翼云_J16_12#01__pilot_10035::context_end_0020'],['49b4b0e0e12b36e0a1c90ab2919ec1b67d374413c994753fca0ad4cb0c261b06'],1.1268270015716553,0.0,0.0,0.0,short_horizon_prediction,0.5,active,70564,2.199618339538574,1.099809169769287,
contiformer,1,35,['20251002_单01_ACT-8_翼云_J16_12#01__pilot_10035::context_end_0020'],['49b4b0e0e12b36e0a1c90ab2919ec1b67d374413c994753fca0ad4cb0c261b06'],1.1268270015716553,0.0,0.0,0.0,lag_discrimination,0.2,active,2,0.6969406604766846,0.13938812911510468,
contiformer,1,36,['20251002_单01_ACT-8_翼云_J16_12#01__pilot_10035::context_end_0021'],['a1e797223951ee19e55627bf59c436d5c6444a08645a397aabfa4975553f1dc9'],0.40255266427993774,0.0,0.0,0.0,masked_reconstruction,1.0,active,54272,1.246227502822876,1.246227502822876,
contiformer,1,36,['20251002_单01_ACT-8_翼云_J16_12#01__pilot_10035::context_end_0021'],['a1e797223951ee19e55627bf59c436d5c6444a08645a397aabfa4975553f1dc9'],0.40255266427993774,0.0,0.0,0.0,short_horizon_prediction,0.5,active,70593,2.7327346801757812,1.3663673400878906,
contiformer,1,36,['20251002_单01_ACT-8_翼云_J16_12#01__pilot_10035::context_end_0021'],['a1e797223951ee19e55627bf59c436d5c6444a08645a397aabfa4975553f1dc9'],0.40255266427993774,0.0,0.0,0.0,lag_discrimination,0.2,active,2,0.4406181573867798,0.0881236344575882,
contiformer,1,37,['20251002_单01_ACT-8_翼云_J16_12#01__pilot_10035::context_end_0022'],['5151b5ce85b60ff4611bdb6bc277a6c011d81793502be0f650acbe1d4ee3d73b'],0.3638955056667328,0.0,0.0,0.0,masked_reconstruction,1.0,active,54898,0.31239306926727295,0.31239306926727295,
contiformer,1,37,['20251002_单01_ACT-8_翼云_J16_12#01__pilot_10035::context_end_0022'],['5151b5ce85b60ff4611bdb6bc277a6c011d81793502be0f650acbe1d4ee3d73b'],0.3638955056667328,0.0,0.0,0.0,short_horizon_prediction,0.5,active,70632,2.735912799835205,1.3679563999176025,
contiformer,1,37,['20251002_单01_ACT-8_翼云_J16_12#01__pilot_10035::context_end_0022'],['5151b5ce85b60ff4611bdb6bc277a6c011d81793502be0f650acbe1d4ee3d73b'],0.3638955056667328,0.0,0.0,0.0,lag_discrimination,0.2,active,2,0.41205137968063354,0.08241027593612671,
contiformer,1,38,['20251002_单01_ACT-8_翼云_J16_12#01__pilot_10035::context_end_0023'],['4be21067ce9ef81ae6e765f0c4745bc2e84341f7a043644b8b33f3882689abc2'],0.4979369640350342,0.0,0.0,0.0,masked_reconstruction,1.0,active,53624,1.3368432521820068,1.3368432521820068,
contiformer,1,38,['20251002_单01_ACT-8_翼云_J16_12#01__pilot_10035::context_end_0023'],['4be21067ce9ef81ae6e765f0c4745bc2e84341f7a043644b8b33f3882689abc2'],0.4979369640350342,0.0,0.0,0.0,short_horizon_prediction,0.5,active,70596,2.4950294494628906,1.2475147247314453,
contiformer,1,38,['20251002_单01_ACT-8_翼云_J16_12#01__pilot_10035::context_end_0023'],['4be21067ce9ef81ae6e765f0c4745bc2e84341f7a043644b8b33f3882689abc2'],0.4979369640350342,0.0,0.0,0.0,lag_discrimination,0.2,active,2,0.31578564643859863,0.06315713375806808,
chronaris,1,1,['20251002_单01_ACT-8_翼云_J16_12#01__pilot_10033::context_end_0005'],['7bfd2cdd4e63251892163a99953ad2c8cf3c2770bc5819d6a13e86a9fb944241'],1.0244566202163696,0.0,0.0,0.0,masked_reconstruction,1.0,active,75067,1.5805484056472778,1.5805484056472778,
chronaris,1,1,['20251002_单01_ACT-8_翼云_J16_12#01__pilot_10033::context_end_0005'],['7bfd2cdd4e63251892163a99953ad2c8cf3c2770bc5819d6a13e86a9fb944241'],1.0244566202163696,0.0,0.0,0.0,short_horizon_prediction,0.5,active,91690,2.2734813690185547,1.1367406845092773,
chronaris,1,1,['20251002_单01_ACT-8_翼云_J16_12#01__pilot_10033::context_end_0005'],['7bfd2cdd4e63251892163a99953ad2c8cf3c2770bc5819d6a13e86a9fb944241'],1.0244566202163696,0.0,0.0,0.0,lag_discrimination,0.2,active,2,0.6813555955886841,0.13627111911773682,
chronaris,1,2,['20251002_单01_ACT-8_翼云_J16_12#01__pilot_10033::context_end_0006'],['a24138b5173920cbec062c9a1285b462ae67230f10ea19653b5b57164013228a'],1.0917106866836548,0.0,0.0,0.0,masked_reconstruction,1.0,active,60040,0.8462085723876953,0.8462085723876953,
chronaris,1,2,['20251002_单01_ACT-8_翼云_J16_12#01__pilot_10033::context_end_0006'],['a24138b5173920cbec062c9a1285b462ae67230f10ea19653b5b57164013228a'],1.0917106866836548,0.0,0.0,0.0,short_horizon_prediction,0.5,active,90517,2.369439125061035,1.1847195625305176,
chronaris,1,2,['20251002_单01_ACT-8_翼云_J16_12#01__pilot_10033::context_end_0006'],['a24138b5173920cbec062c9a1285b462ae67230f10ea19653b5b57164013228a'],1.0917106866836548,0.0,0.0,0.0,lag_discrimination,0.2,active,2,0.6636978983879089,0.1327395886182785,
chronaris,1,3,['20251002_单01_ACT-8_翼云_J16_12#01__pilot_10033::context_end_0007'],['804f17089cde0e4242c046aa0ed3f5d9c98e81789e68e60a3aa65e9e3e6cccef'],1.025376319885254,0.0,0.0,0.0,masked_reconstruction,1.0,active,58903,1.1353380680084229,1.1353380680084229,
chronaris,1,3,['20251002_单01_ACT-8_翼云_J16_12#01__pilot_10033::context_end_0007'],['804f17089cde0e4242c046aa0ed3f5d9c98e81789e68e60a3aa65e9e3e6cccef'],1.025376319885254,0.0,0.0,0.0,short_horizon_prediction,0.5,active,78958,2.739950656890869,1.3699753284454346,
chronaris,1,3,['20251002_单01_ACT-8_翼云_J16_12#01__pilot_10033::context_end_0007'],['804f17089cde0e4242c046aa0ed3f5d9c98e81789e68e60a3aa65e9e3e6cccef'],1.025376319885254,0.0,0.0,0.0,lag_discrimination,0.2,active,2,0.4825497269630432,0.09650994837284088,
chronaris,1,4,['20251002_单01_ACT-8_翼云_J16_12#01__pilot_10033::context_end_0008'],['3f5b887a4755c6de92070b01142e77b63ce19532ba0e6a9c6ab9f03e61f188b1'],2.459218740463257,0.0,0.0,0.0,masked_reconstruction,1.0,active,61632,1.8324942588806152,1.8324942588806152,
chronaris,1,4,['20251002_单01_ACT-8_翼云_J16_12#01__pilot_10033::context_end_0008'],['3f5b887a4755c6de92070b01142e77b63ce19532ba0e6a9c6ab9f03e61f188b1'],2.459218740463257,0.0,0.0,0.0,short_horizon_prediction,0.5,active,82572,2.3089993000030518,1.1544996500015259,
chronaris,1,4,['20251002_单01_ACT-8_翼云_J16_12#01__pilot_10033::context_end_0008'],['3f5b887a4755c6de92070b01142e77b63ce19532ba0e6a9c6ab9f03e61f188b1'],2.459218740463257,0.0,0.0,0.0,lag_discrimination,0.2,active,2,0.8984729051589966,0.17969457805156708,
chronaris,1,5,['20251002_单01_ACT-8_翼云_J16_12#01__pilot_10033::context_end_0009'],['43ed3680fa0799eb7331993402052cae0dbc35d1f6f7929ee99dc8d018a71194'],1.290338158607483,0.0,0.0,0.0,masked_reconstruction,1.0,active,61307,1.3531057834625244,1.3531057834625244,
chronaris,1,5,['20251002_单01_ACT-8_翼云_J16_12#01__pilot_10033::context_end_0009'],['43ed3680fa0799eb7331993402052cae0dbc35d1f6f7929ee99dc8d018a71194'],1.290338158607483,0.0,0.0,0.0,short_horizon_prediction,0.5,active,86536,2.641632080078125,1.3208160400390625,
chronaris,1,5,['20251002_单01_ACT-8_翼云_J16_12#01__pilot_10033::context_end_0009'],['43ed3680fa0799eb7331993402052cae0dbc35d1f6f7929ee99dc8d018a71194'],1.290338158607483,0.0,0.0,0.0,lag_discrimination,0.2,active,2,0.36767274141311646,0.07353454828262329,
chronaris,1,6,['20251002_单01_ACT-8_翼云_J16_12#01__pilot_10033::context_end_0010'],['334ae0d3ce6d464d23202dd375438d1ba94f5dc200d03b23807654068e1cfc42'],1.8620707988739014,0.0,0.0,0.0,masked_reconstruction,1.0,active,67324,1.8057963848114014,1.8057963848114014,
chronaris,1,6,['20251002_单01_ACT-8_翼云_J16_12#01__pilot_10033::context_end_0010'],['334ae0d3ce6d464d23202dd375438d1ba94f5dc200d03b23807654068e1cfc42'],1.8620707988739014,0.0,0.0,0.0,short_horizon_prediction,0.5,active,90012,1.5096718072891235,0.7548359036445618,
chronaris,1,6,['20251002_单01_ACT-8_翼云_J16_12#01__pilot_10033::context_end_0010'],['334ae0d3ce6d464d23202dd375438d1ba94f5dc200d03b23807654068e1cfc42'],1.8620707988739014,0.0,0.0,0.0,lag_discrimination,0.2,active,2,1.1146892309188843,0.22293785214424133,
chronaris,1,7,['20251002_单01_ACT-8_翼云_J16_12#01__pilot_10033::context_end_0011'],['3734b63f8c03bc4cf097dbaf30183eaa7898c35f94964c0bfe697e82f14c2695'],0.7272295355796814,0.0,0.0,0.0,masked_reconstruction,1.0,active,57615,0.4854898452758789,0.4854898452758789,
chronaris,1,7,['20251002_单01_ACT-8_翼云_J16_12#01__pilot_10033::context_end_0011'],['3734b63f8c03bc4cf097dbaf30183eaa7898c35f94964c0bfe697e82f14c2695'],0.7272295355796814,0.0,0.0,0.0,short_horizon_prediction,0.5,active,78561,1.6111189126968384,0.8055594563484192,
chronaris,1,7,['20251002_单01_ACT-8_翼云_J16_12#01__pilot_10033::context_end_0011'],['3734b63f8c03bc4cf097dbaf30183eaa7898c35f94964c0bfe697e82f14c2695'],0.7272295355796814,0.0,0.0,0.0,lag_discrimination,0.2,active,2,0.8660458326339722,0.17320917546749115,
chronaris,1,8,['20251002_单01_ACT-8_翼云_J16_12#01__pilot_10033::context_end_0012'],['5eae51158a387c5b628b23f443cbe49c63750fa1f30d6a1ec12fa35c19e1ae5b'],2.8816559314727783,0.0,0.0,0.0,masked_reconstruction,1.0,active,69297,0.9566349983215332,0.9566349983215332,
chronaris,1,8,['20251002_单01_ACT-8_翼云_J16_12#01__pilot_10033::context_end_0012'],['5eae51158a387c5b628b23f443cbe49c63750fa1f30d6a1ec12fa35c19e1ae5b'],2.8816559314727783,0.0,0.0,0.0,short_horizon_prediction,0.5,active,82527,1.5898873805999756,0.7949436902999878,
chronaris,1,8,['20251002_单01_ACT-8_翼云_J16_12#01__pilot_10033::context_end_0012'],['5eae51158a387c5b628b23f443cbe49c63750fa1f30d6a1ec12fa35c19e1ae5b'],2.8816559314727783,0.0,0.0,0.0,lag_discrimination,0.2,active,2,0.6431795954704285,0.1286359280347824,
chronaris,1,9,['20251002_单01_ACT-8_翼云_J16_12#01__pilot_10033::context_end_0013'],['d5980e39489c98b9726f45ec767bcc529c5a8674429c6a6cd9b60d1a02814d63'],1.5796916484832764,0.0,0.0,0.0,masked_reconstruction,1.0,active,49675,0.8884940147399902,0.8884940147399902,
chronaris,1,9,['20251002_单01_ACT-8_翼云_J16_12#01__pilot_10033::context_end_0013'],['d5980e39489c98b9726f45ec767bcc529c5a8674429c6a6cd9b60d1a02814d63'],1.5796916484832764,0.0,0.0,0.0,short_horizon_prediction,0.5,active,86089,1.6715255975723267,0.8357627987861633,
chronaris,1,9,['20251002_单01_ACT-8_翼云_J16_12#01__pilot_10033::context_end_0013'],['d5980e39489c98b9726f45ec767bcc529c5a8674429c6a6cd9b60d1a02814d63'],1.5796916484832764,0.0,0.0,0.0,lag_discrimination,0.2,active,2,0.5399470329284668,0.10798940807580948,
chronaris,1,10,['20251002_单01_ACT-8_翼云_J16_12#01__pilot_10033::context_end_0014'],['7b52b6a9b504ad9dfc9b8fb09a53350427e0938fbe1d362cb163cc880e824d9e'],1.1035841703414917,0.0,0.0,0.0,masked_reconstruction,1.0,active,73898,0.9585027694702148,0.9585027694702148,
chronaris,1,10,['20251002_单01_ACT-8_翼云_J16_12#01__pilot_10033::context_end_0014'],['7b52b6a9b504ad9dfc9b8fb09a53350427e0938fbe1d362cb163cc880e824d9e'],1.1035841703414917,0.0,0.0,0.0,short_horizon_prediction,0.5,active,89483,1.6144468784332275,0.8072234392166138,
chronaris,1,10,['20251002_单01_ACT-8_翼云_J16_12#01__pilot_10033::context_end_0014'],['7b52b6a9b504ad9dfc9b8fb09a53350427e0938fbe1d362cb163cc880e824d9e'],1.1035841703414917,0.0,0.0,0.0,lag_discrimination,0.2,active,2,0.684782862663269,0.1369565725326538,
chronaris,1,11,['20251002_单01_ACT-8_翼云_J16_12#01__pilot_10033::context_end_0015'],['d78e8d18fc45b9ae4c8cb3ee77e0fe70c7d4fbc814de26d0b09fa40f5807abc2'],0.9373772144317627,0.0,0.0,0.0,masked_reconstruction,1.0,active,57740,0.8546188473701477,0.8546188473701477,
chronaris,1,11,['20251002_单01_ACT-8_翼云_J16_12#01__pilot_10033::context_end_0015'],['d78e8d18fc45b9ae4c8cb3ee77e0fe70c7d4fbc814de26d0b09fa40f5807abc2'],0.9373772144317627,0.0,0.0,0.0,short_horizon_prediction,0.5,active,78417,1.408009648323059,0.7040048241615295,
chronaris,1,11,['20251002_单01_ACT-8_翼云_J16_12#01__pilot_10033::context_end_0015'],['d78e8d18fc45b9ae4c8cb3ee77e0fe70c7d4fbc814de26d0b09fa40f5807abc2'],0.9373772144317627,0.0,0.0,0.0,lag_discrimination,0.2,active,2,0.31256723403930664,0.06251344829797745,
chronaris,1,12,['20251002_单01_ACT-8_翼云_J16_12#01__pilot_10033::context_end_0016'],['7ed379e782ece8dee2db32bb559c73b9cbbd5ef10978d1e3b01f1dedddcdcbf4'],1.2490416765213013,0.0,0.0,0.0,masked_reconstruction,1.0,active,60432,0.8437409996986389,0.8437409996986389,
chronaris,1,12,['20251002_单01_ACT-8_翼云_J16_12#01__pilot_10033::context_end_0016'],['7ed379e782ece8dee2db32bb559c73b9cbbd5ef10978d1e3b01f1dedddcdcbf4'],1.2490416765213013,0.0,0.0,0.0,short_horizon_prediction,0.5,active,81988,1.5347349643707275,0.7673674821853638,
chronaris,1,12,['20251002_单01_ACT-8_翼云_J16_12#01__pilot_10033::context_end_0016'],['7ed379e782ece8dee2db32bb559c73b9cbbd5ef10978d1e3b01f1dedddcdcbf4'],1.2490416765213013,0.0,0.0,0.0,lag_discrimination,0.2,active,2,0.81216961145401,0.162433922290802,
chronaris,1,13,['20251002_单01_ACT-8_翼云_J16_12#01__pilot_10033::context_end_0017'],['5890eb6f6a253a132286ab05a46fb23594a002c15c639fd06b95cf3d38e2d294'],1.0919307470321655,0.0,0.0,0.0,masked_reconstruction,1.0,active,59565,0.40349915623664856,0.40349915623664856,
chronaris,1,13,['20251002_单01_ACT-8_翼云_J16_12#01__pilot_10033::context_end_0017'],['5890eb6f6a253a132286ab05a46fb23594a002c15c639fd06b95cf3d38e2d294'],1.0919307470321655,0.0,0.0,0.0,short_horizon_prediction,0.5,active,85508,2.036194324493408,1.018097162246704,
chronaris,1,13,['20251002_单01_ACT-8_翼云_J16_12#01__pilot_10033::context_end_0017'],['5890eb6f6a253a132286ab05a46fb23594a002c15c639fd06b95cf3d38e2d294'],1.0919307470321655,0.0,0.0,0.0,lag_discrimination,0.2,active,2,0.6036838293075562,0.12073677033185959,
chronaris,1,14,['20251002_单01_ACT-8_翼云_J16_12#01__pilot_10033::context_end_0018'],['459cf75a090eb70511626486853e479a501e1c5873b86ab7da54c15c4a09c848'],0.8580754399299622,0.0,0.0,0.0,masked_reconstruction,1.0,active,57167,1.7631795406341553,1.7631795406341553,
chronaris,1,14,['20251002_单01_ACT-8_翼云_J16_12#01__pilot_10033::context_end_0018'],['459cf75a090eb70511626486853e479a501e1c5873b86ab7da54c15c4a09c848'],0.8580754399299622,0.0,0.0,0.0,short_horizon_prediction,0.5,active,89108,1.7435126304626465,0.8717563152313232,
chronaris,1,14,['20251002_单01_ACT-8_翼云_J16_12#01__pilot_10033::context_end_0018'],['459cf75a090eb70511626486853e479a501e1c5873b86ab7da54c15c4a09c848'],0.8580754399299622,0.0,0.0,0.0,lag_discrimination,0.2,active,2,0.7090504169464111,0.1418100893497467,
chronaris,1,15,['20251002_单01_ACT-8_翼云_J16_12#01__pilot_10033::context_end_0019'],['168465844e6117f2be29585c34fe20fccf3ec38846a4bff514a899934455ced8'],1.6469944715499878,0.0,0.0,0.0,masked_reconstruction,1.0,active,58380,0.34144285321235657,0.34144285321235657,
chronaris,1,15,['20251002_单01_ACT-8_翼云_J16_12#01__pilot_10033::context_end_0019'],['168465844e6117f2be29585c34fe20fccf3ec38846a4bff514a899934455ced8'],1.6469944715499878,0.0,0.0,0.0,short_horizon_prediction,0.5,active,70573,1.9840681552886963,0.9920340776443481,
chronaris,1,15,['20251002_单01_ACT-8_翼云_J16_12#01__pilot_10033::context_end_0019'],['168465844e6117f2be29585c34fe20fccf3ec38846a4bff514a899934455ced8'],1.6469944715499878,0.0,0.0,0.0,lag_discrimination,0.2,active,2,0.28245553374290466,0.05649110674858093,
chronaris,1,16,['20251002_单01_ACT-8_翼云_J16_12#01__pilot_10033::context_end_0020'],['a6e53cd425f38157b197cbccebff0e6e2b35780420fba0e04dc32d9b09e5c3aa'],1.851366639137268,0.0,0.0,0.0,masked_reconstruction,1.0,active,58635,0.7005148530006409,0.7005148530006409,
chronaris,1,16,['20251002_单01_ACT-8_翼云_J16_12#01__pilot_10033::context_end_0020'],['a6e53cd425f38157b197cbccebff0e6e2b35780420fba0e04dc32d9b09e5c3aa'],1.851366639137268,0.0,0.0,0.0,short_horizon_prediction,0.5,active,70564,2.1736419200897217,1.0868209600448608,
chronaris,1,16,['20251002_单01_ACT-8_翼云_J16_12#01__pilot_10033::context_end_0020'],['a6e53cd425f38157b197cbccebff0e6e2b35780420fba0e04dc32d9b09e5c3aa'],1.851366639137268,0.0,0.0,0.0,lag_discrimination,0.2,active,2,0.271337628364563,0.0542675256729126,
chronaris,1,17,['20251002_单01_ACT-8_翼云_J16_12#01__pilot_10033::context_end_0021'],['c23e0cee1452903eeef5a6e80a236c0effcd8d2dbf661db4ba406ac7316a1507'],1.3961787223815918,0.0,0.0,0.0,masked_reconstruction,1.0,active,61001,0.4765070080757141,0.4765070080757141,
chronaris,1,17,['20251002_单01_ACT-8_翼云_J16_12#01__pilot_10033::context_end_0021'],['c23e0cee1452903eeef5a6e80a236c0effcd8d2dbf661db4ba406ac7316a1507'],1.3961787223815918,0.0,0.0,0.0,short_horizon_prediction,0.5,active,70593,2.7082009315490723,1.3541004657745361,
chronaris,1,17,['20251002_单01_ACT-8_翼云_J16_12#01__pilot_10033::context_end_0021'],['c23e0cee1452903eeef5a6e80a236c0effcd8d2dbf661db4ba406ac7316a1507'],1.3961787223815918,0.0,0.0,0.0,lag_discrimination,0.2,active,2,0.558060348033905,0.11161207407712936,
chronaris,1,18,['20251002_单01_ACT-8_翼云_J16_12#01__pilot_10033::context_end_0022'],['76d2403475081b74d016a4ea02b948e27c6c2d197dfefb7349969907169d7924'],1.0418142080307007,0.0,0.0,0.0,masked_reconstruction,1.0,active,59530,0.7617558836936951,0.7617558836936951,
chronaris,1,18,['20251002_单01_ACT-8_翼云_J16_12#01__pilot_10033::context_end_0022'],['76d2403475081b74d016a4ea02b948e27c6c2d197dfefb7349969907169d7924'],1.0418142080307007,0.0,0.0,0.0,short_horizon_prediction,0.5,active,70632,2.709970235824585,1.3549851179122925,
chronaris,1,18,['20251002_单01_ACT-8_翼云_J16_12#01__pilot_10033::context_end_0022'],['76d2403475081b74d016a4ea02b948e27c6c2d197dfefb7349969907169d7924'],1.0418142080307007,0.0,0.0,0.0,lag_discrimination,0.2,active,2,0.1961841732263565,0.03923683613538742,
chronaris,1,19,['20251002_单01_ACT-8_翼云_J16_12#01__pilot_10033::context_end_0023'],['a79e40fe89e0990cafb6da8cf31e5252209aa2cb14102f7c65c849a4a8de4c2c'],3.843494415283203,0.0,0.0,0.0,masked_reconstruction,1.0,active,54404,1.2895363569259644,1.2895363569259644,
chronaris,1,19,['20251002_单01_ACT-8_翼云_J16_12#01__pilot_10033::context_end_0023'],['a79e40fe89e0990cafb6da8cf31e5252209aa2cb14102f7c65c849a4a8de4c2c'],3.843494415283203,0.0,0.0,0.0,short_horizon_prediction,0.5,active,70596,2.469679355621338,1.234839677810669,
chronaris,1,19,['20251002_单01_ACT-8_翼云_J16_12#01__pilot_10033::context_end_0023'],['a79e40fe89e0990cafb6da8cf31e5252209aa2cb14102f7c65c849a4a8de4c2c'],3.843494415283203,0.0,0.0,0.0,lag_discrimination,0.2,active,2,0.8366224765777588,0.167324498295784,
chronaris,1,20,['20251002_单01_ACT-8_翼云_J16_12#01__pilot_10035::context_end_0005'],['eea17df4d6cdbc9879557a5f725d292ce25bd415605721bd6ea58db6d6d1e444'],1.8666636943817139,0.0,0.0,0.0,masked_reconstruction,1.0,active,60939,1.208655595779419,1.208655595779419,
chronaris,1,20,['20251002_单01_ACT-8_翼云_J16_12#01__pilot_10035::context_end_0005'],['eea17df4d6cdbc9879557a5f725d292ce25bd415605721bd6ea58db6d6d1e444'],1.8666636943817139,0.0,0.0,0.0,short_horizon_prediction,0.5,active,91690,2.2411742210388184,1.1205871105194092,
chronaris,1,20,['20251002_单01_ACT-8_翼云_J16_12#01__pilot_10035::context_end_0005'],['eea17df4d6cdbc9879557a5f725d292ce25bd415605721bd6ea58db6d6d1e444'],1.8666636943817139,0.0,0.0,0.0,lag_discrimination,0.2,active,2,0.327258825302124,0.06545176357030869,
chronaris,1,21,['20251002_单01_ACT-8_翼云_J16_12#01__pilot_10035::context_end_0006'],['109cb29ec2bd3c6afd412184cea8b9ca66b380db4649931d96c7b8c250e1a9a2'],2.946056842803955,0.0,0.0,0.0,masked_reconstruction,1.0,active,65597,1.3399546146392822,1.3399546146392822,
chronaris,1,21,['20251002_单01_ACT-8_翼云_J16_12#01__pilot_10035::context_end_0006'],['109cb29ec2bd3c6afd412184cea8b9ca66b380db4649931d96c7b8c250e1a9a2'],2.946056842803955,0.0,0.0,0.0,short_horizon_prediction,0.5,active,90517,2.350491762161255,1.1752458810806274,
chronaris,1,21,['20251002_单01_ACT-8_翼云_J16_12#01__pilot_10035::context_end_0006'],['109cb29ec2bd3c6afd412184cea8b9ca66b380db4649931d96c7b8c250e1a9a2'],2.946056842803955,0.0,0.0,0.0,lag_discrimination,0.2,active,2,0.8597384691238403,0.17194770276546478,
chronaris,1,22,['20251002_单01_ACT-8_翼云_J16_12#01__pilot_10035::context_end_0007'],['54b13ea6f14babf2ce2257ba2c79d4c7ef9cf017fc0ec42085f1618d6d68b6a0'],2.7844512462615967,0.0,0.0,0.0,masked_reconstruction,1.0,active,59824,1.7385644912719727,1.7385644912719727,
chronaris,1,22,['20251002_单01_ACT-8_翼云_J16_12#01__pilot_10035::context_end_0007'],['54b13ea6f14babf2ce2257ba2c79d4c7ef9cf017fc0ec42085f1618d6d68b6a0'],2.7844512462615967,0.0,0.0,0.0,short_horizon_prediction,0.5,active,78958,2.725980043411255,1.3629900217056274,
chronaris,1,22,['20251002_单01_ACT-8_翼云_J16_12#01__pilot_10035::context_end_0007'],['54b13ea6f14babf2ce2257ba2c79d4c7ef9cf017fc0ec42085f1618d6d68b6a0'],2.7844512462615967,0.0,0.0,0.0,lag_discrimination,0.2,active,2,0.7883351445198059,0.15766702592372894,
chronaris,1,23,['20251002_单01_ACT-8_翼云_J16_12#01__pilot_10035::context_end_0008'],['880137135556805d1ac5a2f6febca4fa4908d807c33d0a3fb001cb70fa961f2b'],1.4019889831542969,0.0,0.0,0.0,masked_reconstruction,1.0,active,74139,1.178007960319519,1.178007960319519,
chronaris,1,23,['20251002_单01_ACT-8_翼云_J16_12#01__pilot_10035::context_end_0008'],['880137135556805d1ac5a2f6febca4fa4908d807c33d0a3fb001cb70fa961f2b'],1.4019889831542969,0.0,0.0,0.0,short_horizon_prediction,0.5,active,82572,2.3027453422546387,1.1513726711273193,
chronaris,1,23,['20251002_单01_ACT-8_翼云_J16_12#01__pilot_10035::context_end_0008'],['880137135556805d1ac5a2f6febca4fa4908d807c33d0a3fb001cb70fa961f2b'],1.4019889831542969,0.0,0.0,0.0,lag_discrimination,0.2,active,2,0.7041946649551392,0.14083893597126007,
chronaris,1,24,['20251002_单01_ACT-8_翼云_J16_12#01__pilot_10035::context_end_0009'],['a1073a503127e49afc6f72b0e39753eb9f92937a44c99190b219f209f31bfa33'],3.2959141731262207,0.0,0.0,0.0,masked_reconstruction,1.0,active,56719,0.8600361347198486,0.8600361347198486,
chronaris,1,24,['20251002_单01_ACT-8_翼云_J16_12#01__pilot_10035::context_end_0009'],['a1073a503127e49afc6f72b0e39753eb9f92937a44c99190b219f209f31bfa33'],3.2959141731262207,0.0,0.0,0.0,short_horizon_prediction,0.5,active,86536,2.6344377994537354,1.3172188997268677,
chronaris,1,24,['20251002_单01_ACT-8_翼云_J16_12#01__pilot_10035::context_end_0009'],['a1073a503127e49afc6f72b0e39753eb9f92937a44c99190b219f209f31bfa33'],3.2959141731262207,0.0,0.0,0.0,lag_discrimination,0.2,active,2,0.4006747007369995,0.08013494312763214,
chronaris,1,25,['20251002_单01_ACT-8_翼云_J16_12#01__pilot_10035::context_end_0010'],['c25671c3158cabe9d7af0b8ea3dbdec60f64c8790e3e277d27551052d610b16c'],2.271503210067749,0.0,0.0,0.0,masked_reconstruction,1.0,active,53080,0.27261340618133545,0.27261340618133545,
chronaris,1,25,['20251002_单01_ACT-8_翼云_J16_12#01__pilot_10035::context_end_0010'],['c25671c3158cabe9d7af0b8ea3dbdec60f64c8790e3e277d27551052d610b16c'],2.271503210067749,0.0,0.0,0.0,short_horizon_prediction,0.5,active,90012,1.4998003244400024,0.7499001622200012,
chronaris,1,25,['20251002_单01_ACT-8_翼云_J16_12#01__pilot_10035::context_end_0010'],['c25671c3158cabe9d7af0b8ea3dbdec60f64c8790e3e277d27551052d610b16c'],2.271503210067749,0.0,0.0,0.0,lag_discrimination,0.2,active,2,0.5098282694816589,0.10196565836668015,
chronaris,1,26,['20251002_单01_ACT-8_翼云_J16_12#01__pilot_10035::context_end_0011'],['eb55e42d9743a7d412f70a6ebd1d4b941aa1cba72505273a8aa842d2934ad1ef'],2.4629974365234375,0.0,0.0,0.0,masked_reconstruction,1.0,active,57082,0.6304930448532104,0.6304930448532104,
chronaris,1,26,['20251002_单01_ACT-8_翼云_J16_12#01__pilot_10035::context_end_0011'],['eb55e42d9743a7d412f70a6ebd1d4b941aa1cba72505273a8aa842d2934ad1ef'],2.4629974365234375,0.0,0.0,0.0,short_horizon_prediction,0.5,active,78561,1.6044386625289917,0.8022193312644958,
chronaris,1,26,['20251002_单01_ACT-8_翼云_J16_12#01__pilot_10035::context_end_0011'],['eb55e42d9743a7d412f70a6ebd1d4b941aa1cba72505273a8aa842d2934ad1ef'],2.4629974365234375,0.0,0.0,0.0,lag_discrimination,0.2,active,2,0.43657219409942627,0.08731444180011749,
chronaris,1,27,['20251002_单01_ACT-8_翼云_J16_12#01__pilot_10035::context_end_0012'],['5a6b693cd2cd5c137436419d27b10f0ca44899c5c1c01f174a6ba4c95b1c5b90'],2.1502692699432373,0.0,0.0,0.0,masked_reconstruction,1.0,active,71804,0.3429335057735443,0.3429335057735443,
chronaris,1,27,['20251002_单01_ACT-8_翼云_J16_12#01__pilot_10035::context_end_0012'],['5a6b693cd2cd5c137436419d27b10f0ca44899c5c1c01f174a6ba4c95b1c5b90'],2.1502692699432373,0.0,0.0,0.0,short_horizon_prediction,0.5,active,82527,1.5941578149795532,0.7970789074897766,
chronaris,1,27,['20251002_单01_ACT-8_翼云_J16_12#01__pilot_10035::context_end_0012'],['5a6b693cd2cd5c137436419d27b10f0ca44899c5c1c01f174a6ba4c95b1c5b90'],2.1502692699432373,0.0,0.0,0.0,lag_discrimination,0.2,active,2,0.5917301177978516,0.11834602802991867,
chronaris,1,28,['20251002_单01_ACT-8_翼云_J16_12#01__pilot_10035::context_end_0013'],['fe4f8b9905702602ef350ee7b1d5491293899b5e669767046fc9f830a8584a0d'],2.222978353500366,0.0,0.0,0.0,masked_reconstruction,1.0,active,59405,0.46766582131385803,0.46766582131385803,
chronaris,1,28,['20251002_单01_ACT-8_翼云_J16_12#01__pilot_10035::context_end_0013'],['fe4f8b9905702602ef350ee7b1d5491293899b5e669767046fc9f830a8584a0d'],2.222978353500366,0.0,0.0,0.0,short_horizon_prediction,0.5,active,86089,1.6656584739685059,0.8328292369842529,
chronaris,1,28,['20251002_单01_ACT-8_翼云_J16_12#01__pilot_10035::context_end_0013'],['fe4f8b9905702602ef350ee7b1d5491293899b5e669767046fc9f830a8584a0d'],2.222978353500366,0.0,0.0,0.0,lag_discrimination,0.2,active,2,0.38351088762283325,0.07670217752456665,
chronaris,1,29,['20251002_单01_ACT-8_翼云_J16_12#01__pilot_10035::context_end_0014'],['091c1f29075270a1e28e6f94f5ec114d38d5eb82100dc3052afe41aa9e7b591f'],3.580460786819458,0.0,0.0,0.0,masked_reconstruction,1.0,active,74883,0.7613482475280762,0.7613482475280762,
chronaris,1,29,['20251002_单01_ACT-8_翼云_J16_12#01__pilot_10035::context_end_0014'],['091c1f29075270a1e28e6f94f5ec114d38d5eb82100dc3052afe41aa9e7b591f'],3.580460786819458,0.0,0.0,0.0,short_horizon_prediction,0.5,active,89483,1.6032706499099731,0.8016353249549866,
chronaris,1,29,['20251002_单01_ACT-8_翼云_J16_12#01__pilot_10035::context_end_0014'],['091c1f29075270a1e28e6f94f5ec114d38d5eb82100dc3052afe41aa9e7b591f'],3.580460786819458,0.0,0.0,0.0,lag_discrimination,0.2,active,2,0.394705593585968,0.07894112169742584,
chronaris,1,30,['20251002_单01_ACT-8_翼云_J16_12#01__pilot_10035::context_end_0015'],['11fe10a6eddc630e8924891330262b4df1a15a43093f74d57f620acadda78231'],5.035654067993164,0.0,0.0,0.0,masked_reconstruction,1.0,active,50108,0.29361721873283386,0.29361721873283386,
chronaris,1,30,['20251002_单01_ACT-8_翼云_J16_12#01__pilot_10035::context_end_0015'],['11fe10a6eddc630e8924891330262b4df1a15a43093f74d57f620acadda78231'],5.035654067993164,0.0,0.0,0.0,short_horizon_prediction,0.5,active,78417,1.4016474485397339,0.7008237242698669,
chronaris,1,30,['20251002_单01_ACT-8_翼云_J16_12#01__pilot_10035::context_end_0015'],['11fe10a6eddc630e8924891330262b4df1a15a43093f74d57f620acadda78231'],5.035654067993164,0.0,0.0,0.0,lag_discrimination,0.2,active,2,0.6908488869667053,0.1381697803735733,
chronaris,1,31,['20251002_单01_ACT-8_翼云_J16_12#01__pilot_10035::context_end_0016'],['2981b292ee6fb0ccd64f1ab45cc33c8e17173d302204cb349d28455a46753979'],3.049039363861084,0.0,0.0,0.0,masked_reconstruction,1.0,active,58151,0.913944661617279,0.913944661617279,
chronaris,1,31,['20251002_单01_ACT-8_翼云_J16_12#01__pilot_10035::context_end_0016'],['2981b292ee6fb0ccd64f1ab45cc33c8e17173d302204cb349d28455a46753979'],3.049039363861084,0.0,0.0,0.0,short_horizon_prediction,0.5,active,81988,1.499017357826233,0.7495086789131165,
chronaris,1,31,['20251002_单01_ACT-8_翼云_J16_12#01__pilot_10035::context_end_0016'],['2981b292ee6fb0ccd64f1ab45cc33c8e17173d302204cb349d28455a46753979'],3.049039363861084,0.0,0.0,0.0,lag_discrimination,0.2,active,2,0.4712235927581787,0.09424471855163574,
chronaris,1,32,['20251002_单01_ACT-8_翼云_J16_12#01__pilot_10035::context_end_0017'],['84e74617f13293837d23cb606a685b8c5e85d2e8c9eb428d8640eb734625ea79'],5.830254077911377,0.0,0.0,0.0,masked_reconstruction,1.0,active,52550,1.4916677474975586,1.4916677474975586,
chronaris,1,32,['20251002_单01_ACT-8_翼云_J16_12#01__pilot_10035::context_end_0017'],['84e74617f13293837d23cb606a685b8c5e85d2e8c9eb428d8640eb734625ea79'],5.830254077911377,0.0,0.0,0.0,short_horizon_prediction,0.5,active,85508,2.0318729877471924,1.0159364938735962,
chronaris,1,32,['20251002_单01_ACT-8_翼云_J16_12#01__pilot_10035::context_end_0017'],['84e74617f13293837d23cb606a685b8c5e85d2e8c9eb428d8640eb734625ea79'],5.830254077911377,0.0,0.0,0.0,lag_discrimination,0.2,active,2,0.5730518102645874,0.11461036652326584,
chronaris,1,33,['20251002_单01_ACT-8_翼云_J16_12#01__pilot_10035::context_end_0018'],['bee23e71f018e7f246a604d288b9b657cf272b78c74b10018890a8a64f76c395'],5.089046478271484,0.0,0.0,0.0,masked_reconstruction,1.0,active,60468,0.8093536496162415,0.8093536496162415,
chronaris,1,33,['20251002_单01_ACT-8_翼云_J16_12#01__pilot_10035::context_end_0018'],['bee23e71f018e7f246a604d288b9b657cf272b78c74b10018890a8a64f76c395'],5.089046478271484,0.0,0.0,0.0,short_horizon_prediction,0.5,active,89108,1.7111914157867432,0.8555957078933716,
chronaris,1,33,['20251002_单01_ACT-8_翼云_J16_12#01__pilot_10035::context_end_0018'],['bee23e71f018e7f246a604d288b9b657cf272b78c74b10018890a8a64f76c395'],5.089046478271484,0.0,0.0,0.0,lag_discrimination,0.2,active,2,0.5461145639419556,0.109222911298275,
chronaris,1,34,['20251002_单01_ACT-8_翼云_J16_12#01__pilot_10035::context_end_0019'],['552dc9c66475dacc96366fa516835da7e0a073ce4e27d58376f28207652f35b8'],4.692600727081299,0.0,0.0,0.0,masked_reconstruction,1.0,active,55569,0.8853543400764465,0.8853543400764465,
chronaris,1,34,['20251002_单01_ACT-8_翼云_J16_12#01__pilot_10035::context_end_0019'],['552dc9c66475dacc96366fa516835da7e0a073ce4e27d58376f28207652f35b8'],4.692600727081299,0.0,0.0,0.0,short_horizon_prediction,0.5,active,70573,1.9810125827789307,0.9905062913894653,
chronaris,1,34,['20251002_单01_ACT-8_翼云_J16_12#01__pilot_10035::context_end_0019'],['552dc9c66475dacc96366fa516835da7e0a073ce4e27d58376f28207652f35b8'],4.692600727081299,0.0,0.0,0.0,lag_discrimination,0.2,active,2,0.5400638580322266,0.10801277309656143,
chronaris,1,35,['20251002_单01_ACT-8_翼云_J16_12#01__pilot_10035::context_end_0020'],['49b4b0e0e12b36e0a1c90ab2919ec1b67d374413c994753fca0ad4cb0c261b06'],5.537662506103516,0.0,0.0,0.0,masked_reconstruction,1.0,active,61632,1.2181435823440552,1.2181435823440552,
chronaris,1,35,['20251002_单01_ACT-8_翼云_J16_12#01__pilot_10035::context_end_0020'],['49b4b0e0e12b36e0a1c90ab2919ec1b67d374413c994753fca0ad4cb0c261b06'],5.537662506103516,0.0,0.0,0.0,short_horizon_prediction,0.5,active,70564,2.1717236042022705,1.0858618021011353,
chronaris,1,35,['20251002_单01_ACT-8_翼云_J16_12#01__pilot_10035::context_end_0020'],['49b4b0e0e12b36e0a1c90ab2919ec1b67d374413c994753fca0ad4cb0c261b06'],5.537662506103516,0.0,0.0,0.0,lag_discrimination,0.2,active,2,0.5466737151145935,0.10933474451303482,
chronaris,1,36,['20251002_单01_ACT-8_翼云_J16_12#01__pilot_10035::context_end_0021'],['a1e797223951ee19e55627bf59c436d5c6444a08645a397aabfa4975553f1dc9'],3.0498058795928955,0.0,0.0,0.0,masked_reconstruction,1.0,active,54272,1.2221691608428955,1.2221691608428955,
chronaris,1,36,['20251002_单01_ACT-8_翼云_J16_12#01__pilot_10035::context_end_0021'],['a1e797223951ee19e55627bf59c436d5c6444a08645a397aabfa4975553f1dc9'],3.0498058795928955,0.0,0.0,0.0,short_horizon_prediction,0.5,active,70593,2.7059543132781982,1.3529771566390991,
chronaris,1,36,['20251002_单01_ACT-8_翼云_J16_12#01__pilot_10035::context_end_0021'],['a1e797223951ee19e55627bf59c436d5c6444a08645a397aabfa4975553f1dc9'],3.0498058795928955,0.0,0.0,0.0,lag_discrimination,0.2,active,2,0.41342470049858093,0.0826849415898323,
chronaris,1,37,['20251002_单01_ACT-8_翼云_J16_12#01__pilot_10035::context_end_0022'],['5151b5ce85b60ff4611bdb6bc277a6c011d81793502be0f650acbe1d4ee3d73b'],5.722283840179443,0.0,0.0,0.0,masked_reconstruction,1.0,active,54898,0.28544309735298157,0.28544309735298157,
chronaris,1,37,['20251002_单01_ACT-8_翼云_J16_12#01__pilot_10035::context_end_0022'],['5151b5ce85b60ff4611bdb6bc277a6c011d81793502be0f650acbe1d4ee3d73b'],5.722283840179443,0.0,0.0,0.0,short_horizon_prediction,0.5,active,70632,2.7070722579956055,1.3535361289978027,
chronaris,1,37,['20251002_单01_ACT-8_翼云_J16_12#01__pilot_10035::context_end_0022'],['5151b5ce85b60ff4611bdb6bc277a6c011d81793502be0f650acbe1d4ee3d73b'],5.722283840179443,0.0,0.0,0.0,lag_discrimination,0.2,active,2,0.7480658888816833,0.1496131867170334,
chronaris,1,38,['20251002_单01_ACT-8_翼云_J16_12#01__pilot_10035::context_end_0023'],['4be21067ce9ef81ae6e765f0c4745bc2e84341f7a043644b8b33f3882689abc2'],1.392943263053894,0.0,0.0,0.0,masked_reconstruction,1.0,active,53624,1.3126698732376099,1.3126698732376099,
chronaris,1,38,['20251002_单01_ACT-8_翼云_J16_12#01__pilot_10035::context_end_0023'],['4be21067ce9ef81ae6e765f0c4745bc2e84341f7a043644b8b33f3882689abc2'],1.392943263053894,0.0,0.0,0.0,short_horizon_prediction,0.5,active,70596,2.469956636428833,1.2349783182144165,
chronaris,1,38,['20251002_单01_ACT-8_翼云_J16_12#01__pilot_10035::context_end_0023'],['4be21067ce9ef81ae6e765f0c4745bc2e84341f7a043644b8b33f3882689abc2'],1.392943263053894,0.0,0.0,0.0,lag_discrimination,0.2,active,2,0.19678360223770142,0.039356719702482224,
