2026-07-02 00:58:28,038 INFO chronaris.pipelines.stage_i.public.deep_baseline: stage_i_deep_baseline observer start run_id=full__seed42 run_root=/home/wangminan/projects/chronaris/docs/artifacts/assets/stage_i_public_fusion_ablation/20260701T-stage-i-public-fusion-ablation-r1/screen/uab_workload_dataset/full__seed42
2026-07-02 00:58:36,778 INFO chronaris.pipelines.stage_i.public.deep_baseline_runtime: deep_train fold_start dataset=uab_workload_dataset model=chronaris_public_fusion track=objective group=n_back seed=42 fold=001/002 split_group=subject_01 task=classification train_count=26164 epochs=5 batch_size=128
2026-07-02 00:58:36,779 INFO chronaris.pipelines.stage_i.public.deep_baseline_runtime: deep_train epoch_start dataset=uab_workload_dataset model=chronaris_public_fusion track=objective group=n_back seed=42 fold=001/002 epoch=001/005 batch_count=205
2026-07-02 00:58:36,825 INFO chronaris.pipelines.stage_i.public.deep_baseline_runtime: deep_train batch dataset=uab_workload_dataset model=chronaris_public_fusion track=objective group=n_back seed=42 fold=001/002 epoch=001/005 batch=001/205 loss=1.110140 elapsed_s=0.0 status=running
2026-07-02 00:58:37,255 INFO chronaris.pipelines.stage_i.public.deep_baseline_runtime: deep_train batch dataset=uab_workload_dataset model=chronaris_public_fusion track=objective group=n_back seed=42 fold=001/002 epoch=001/005 batch=020/205 loss=1.090231 elapsed_s=0.5 status=running
2026-07-02 00:58:37,514 INFO chronaris.pipelines.stage_i.public.deep_baseline_runtime: deep_train batch dataset=uab_workload_dataset model=chronaris_public_fusion track=objective group=n_back seed=42 fold=001/002 epoch=001/005 batch=040/205 loss=1.112129 elapsed_s=0.7 status=running
2026-07-02 00:58:37,815 INFO chronaris.pipelines.stage_i.public.deep_baseline_runtime: deep_train batch dataset=uab_workload_dataset model=chronaris_public_fusion track=objective group=n_back seed=42 fold=001/002 epoch=001/005 batch=060/205 loss=1.098355 elapsed_s=1.0 status=running
2026-07-02 00:58:38,077 INFO chronaris.pipelines.stage_i.public.deep_baseline_runtime: deep_train batch dataset=uab_workload_dataset model=chronaris_public_fusion track=objective group=n_back seed=42 fold=001/002 epoch=001/005 batch=080/205 loss=1.108509 elapsed_s=1.3 status=running
2026-07-02 00:58:38,334 INFO chronaris.pipelines.stage_i.public.deep_baseline_runtime: deep_train batch dataset=uab_workload_dataset model=chronaris_public_fusion track=objective group=n_back seed=42 fold=001/002 epoch=001/005 batch=100/205 loss=1.099143 elapsed_s=1.6 status=running
2026-07-02 00:58:38,595 INFO chronaris.pipelines.stage_i.public.deep_baseline_runtime: deep_train batch dataset=uab_workload_dataset model=chronaris_public_fusion track=objective group=n_back seed=42 fold=001/002 epoch=001/005 batch=120/205 loss=1.099552 elapsed_s=1.8 status=running
2026-07-02 00:58:38,853 INFO chronaris.pipelines.stage_i.public.deep_baseline_runtime: deep_train batch dataset=uab_workload_dataset model=chronaris_public_fusion track=objective group=n_back seed=42 fold=001/002 epoch=001/005 batch=140/205 loss=1.094443 elapsed_s=2.1 status=running
2026-07-02 00:58:39,116 INFO chronaris.pipelines.stage_i.public.deep_baseline_runtime: deep_train batch dataset=uab_workload_dataset model=chronaris_public_fusion track=objective group=n_back seed=42 fold=001/002 epoch=001/005 batch=160/205 loss=1.106776 elapsed_s=2.3 status=running
2026-07-02 00:58:39,374 INFO chronaris.pipelines.stage_i.public.deep_baseline_runtime: deep_train batch dataset=uab_workload_dataset model=chronaris_public_fusion track=objective group=n_back seed=42 fold=001/002 epoch=001/005 batch=180/205 loss=1.099004 elapsed_s=2.6 status=running
2026-07-02 00:58:39,627 INFO chronaris.pipelines.stage_i.public.deep_baseline_runtime: deep_train batch dataset=uab_workload_dataset model=chronaris_public_fusion track=objective group=n_back seed=42 fold=001/002 epoch=001/005 batch=200/205 loss=1.098224 elapsed_s=2.8 status=running
2026-07-02 00:58:39,693 INFO chronaris.pipelines.stage_i.public.deep_baseline_runtime: deep_train batch dataset=uab_workload_dataset model=chronaris_public_fusion track=objective group=n_back seed=42 fold=001/002 epoch=001/005 batch=205/205 loss=1.099769 elapsed_s=2.9 status=running
2026-07-02 00:58:39,694 INFO chronaris.pipelines.stage_i.public.deep_baseline_runtime: deep_train epoch_done dataset=uab_workload_dataset model=chronaris_public_fusion track=objective group=n_back seed=42 fold=001/002 epoch=001/005 train_loss=1.101339 elapsed_s=2.9
2026-07-02 00:58:39,726 INFO chronaris.pipelines.stage_i.public.deep_baseline_runtime: deep_train epoch_start dataset=uab_workload_dataset model=chronaris_public_fusion track=objective group=n_back seed=42 fold=001/002 epoch=002/005 batch_count=205
2026-07-02 00:58:39,741 INFO chronaris.pipelines.stage_i.public.deep_baseline_runtime: deep_train batch dataset=uab_workload_dataset model=chronaris_public_fusion track=objective group=n_back seed=42 fold=001/002 epoch=002/005 batch=001/205 loss=1.098207 elapsed_s=3.0 status=running
2026-07-02 00:58:39,990 INFO chronaris.pipelines.stage_i.public.deep_baseline_runtime: deep_train batch dataset=uab_workload_dataset model=chronaris_public_fusion track=objective group=n_back seed=42 fold=001/002 epoch=002/005 batch=020/205 loss=1.101283 elapsed_s=3.2 status=running
2026-07-02 00:58:40,251 INFO chronaris.pipelines.stage_i.public.deep_baseline_runtime: deep_train batch dataset=uab_workload_dataset model=chronaris_public_fusion track=objective group=n_back seed=42 fold=001/002 epoch=002/005 batch=040/205 loss=1.104079 elapsed_s=3.5 status=running
2026-07-02 00:58:40,512 INFO chronaris.pipelines.stage_i.public.deep_baseline_runtime: deep_train batch dataset=uab_workload_dataset model=chronaris_public_fusion track=objective group=n_back seed=42 fold=001/002 epoch=002/005 batch=060/205 loss=1.096950 elapsed_s=3.7 status=running
2026-07-02 00:58:40,771 INFO chronaris.pipelines.stage_i.public.deep_baseline_runtime: deep_train batch dataset=uab_workload_dataset model=chronaris_public_fusion track=objective group=n_back seed=42 fold=001/002 epoch=002/005 batch=080/205 loss=1.097085 elapsed_s=4.0 status=running
2026-07-02 00:58:41,036 INFO chronaris.pipelines.stage_i.public.deep_baseline_runtime: deep_train batch dataset=uab_workload_dataset model=chronaris_public_fusion track=objective group=n_back seed=42 fold=001/002 epoch=002/005 batch=100/205 loss=1.082596 elapsed_s=4.3 status=running
2026-07-02 00:58:41,306 INFO chronaris.pipelines.stage_i.public.deep_baseline_runtime: deep_train batch dataset=uab_workload_dataset model=chronaris_public_fusion track=objective group=n_back seed=42 fold=001/002 epoch=002/005 batch=120/205 loss=1.097320 elapsed_s=4.5 status=running
2026-07-02 00:58:41,565 INFO chronaris.pipelines.stage_i.public.deep_baseline_runtime: deep_train batch dataset=uab_workload_dataset model=chronaris_public_fusion track=objective group=n_back seed=42 fold=001/002 epoch=002/005 batch=140/205 loss=1.094511 elapsed_s=4.8 status=running
2026-07-02 00:58:41,829 INFO chronaris.pipelines.stage_i.public.deep_baseline_runtime: deep_train batch dataset=uab_workload_dataset model=chronaris_public_fusion track=objective group=n_back seed=42 fold=001/002 epoch=002/005 batch=160/205 loss=1.092693 elapsed_s=5.1 status=running
2026-07-02 00:58:42,092 INFO chronaris.pipelines.stage_i.public.deep_baseline_runtime: deep_train batch dataset=uab_workload_dataset model=chronaris_public_fusion track=objective group=n_back seed=42 fold=001/002 epoch=002/005 batch=180/205 loss=1.102658 elapsed_s=5.3 status=running
2026-07-02 00:58:42,361 INFO chronaris.pipelines.stage_i.public.deep_baseline_runtime: deep_train batch dataset=uab_workload_dataset model=chronaris_public_fusion track=objective group=n_back seed=42 fold=001/002 epoch=002/005 batch=200/205 loss=1.098979 elapsed_s=5.6 status=running
2026-07-02 00:58:42,432 INFO chronaris.pipelines.stage_i.public.deep_baseline_runtime: deep_train batch dataset=uab_workload_dataset model=chronaris_public_fusion track=objective group=n_back seed=42 fold=001/002 epoch=002/005 batch=205/205 loss=1.068181 elapsed_s=5.7 status=running
2026-07-02 00:58:42,433 INFO chronaris.pipelines.stage_i.public.deep_baseline_runtime: deep_train epoch_done dataset=uab_workload_dataset model=chronaris_public_fusion track=objective group=n_back seed=42 fold=001/002 epoch=002/005 train_loss=1.097048 elapsed_s=2.7
2026-07-02 00:58:42,468 INFO chronaris.pipelines.stage_i.public.deep_baseline_runtime: deep_train epoch_start dataset=uab_workload_dataset model=chronaris_public_fusion track=objective group=n_back seed=42 fold=001/002 epoch=003/005 batch_count=205
2026-07-02 00:58:42,490 INFO chronaris.pipelines.stage_i.public.deep_baseline_runtime: deep_train batch dataset=uab_workload_dataset model=chronaris_public_fusion track=objective group=n_back seed=42 fold=001/002 epoch=003/005 batch=001/205 loss=1.088526 elapsed_s=5.7 status=running
2026-07-02 00:58:42,748 INFO chronaris.pipelines.stage_i.public.deep_baseline_runtime: deep_train batch dataset=uab_workload_dataset model=chronaris_public_fusion track=objective group=n_back seed=42 fold=001/002 epoch=003/005 batch=020/205 loss=1.106137 elapsed_s=6.0 status=running
2026-07-02 00:58:43,022 INFO chronaris.pipelines.stage_i.public.deep_baseline_runtime: deep_train batch dataset=uab_workload_dataset model=chronaris_public_fusion track=objective group=n_back seed=42 fold=001/002 epoch=003/005 batch=040/205 loss=1.097707 elapsed_s=6.2 status=running
2026-07-02 00:58:43,286 INFO chronaris.pipelines.stage_i.public.deep_baseline_runtime: deep_train batch dataset=uab_workload_dataset model=chronaris_public_fusion track=objective group=n_back seed=42 fold=001/002 epoch=003/005 batch=060/205 loss=1.099731 elapsed_s=6.5 status=running
2026-07-02 00:58:43,549 INFO chronaris.pipelines.stage_i.public.deep_baseline_runtime: deep_train batch dataset=uab_workload_dataset model=chronaris_public_fusion track=objective group=n_back seed=42 fold=001/002 epoch=003/005 batch=080/205 loss=1.089894 elapsed_s=6.8 status=running
2026-07-02 00:58:43,815 INFO chronaris.pipelines.stage_i.public.deep_baseline_runtime: deep_train batch dataset=uab_workload_dataset model=chronaris_public_fusion track=objective group=n_back seed=42 fold=001/002 epoch=003/005 batch=100/205 loss=1.102214 elapsed_s=7.0 status=running
2026-07-02 00:58:44,081 INFO chronaris.pipelines.stage_i.public.deep_baseline_runtime: deep_train batch dataset=uab_workload_dataset model=chronaris_public_fusion track=objective group=n_back seed=42 fold=001/002 epoch=003/005 batch=120/205 loss=1.093429 elapsed_s=7.3 status=running
2026-07-02 00:58:44,350 INFO chronaris.pipelines.stage_i.public.deep_baseline_runtime: deep_train batch dataset=uab_workload_dataset model=chronaris_public_fusion track=objective group=n_back seed=42 fold=001/002 epoch=003/005 batch=140/205 loss=1.089605 elapsed_s=7.6 status=running
2026-07-02 00:58:44,615 INFO chronaris.pipelines.stage_i.public.deep_baseline_runtime: deep_train batch dataset=uab_workload_dataset model=chronaris_public_fusion track=objective group=n_back seed=42 fold=001/002 epoch=003/005 batch=160/205 loss=1.098933 elapsed_s=7.8 status=running
2026-07-02 00:58:44,878 INFO chronaris.pipelines.stage_i.public.deep_baseline_runtime: deep_train batch dataset=uab_workload_dataset model=chronaris_public_fusion track=objective group=n_back seed=42 fold=001/002 epoch=003/005 batch=180/205 loss=1.099548 elapsed_s=8.1 status=running
2026-07-02 00:58:45,147 INFO chronaris.pipelines.stage_i.public.deep_baseline_runtime: deep_train batch dataset=uab_workload_dataset model=chronaris_public_fusion track=objective group=n_back seed=42 fold=001/002 epoch=003/005 batch=200/205 loss=1.093689 elapsed_s=8.4 status=running
2026-07-02 00:58:45,214 INFO chronaris.pipelines.stage_i.public.deep_baseline_runtime: deep_train batch dataset=uab_workload_dataset model=chronaris_public_fusion track=objective group=n_back seed=42 fold=001/002 epoch=003/005 batch=205/205 loss=1.085425 elapsed_s=8.4 status=running
2026-07-02 00:58:45,216 INFO chronaris.pipelines.stage_i.public.deep_baseline_runtime: deep_train epoch_done dataset=uab_workload_dataset model=chronaris_public_fusion track=objective group=n_back seed=42 fold=001/002 epoch=003/005 train_loss=1.097305 elapsed_s=2.7
2026-07-02 00:58:45,252 INFO chronaris.pipelines.stage_i.public.deep_baseline_runtime: deep_train epoch_start dataset=uab_workload_dataset model=chronaris_public_fusion track=objective group=n_back seed=42 fold=001/002 epoch=004/005 batch_count=205
2026-07-02 00:58:45,269 INFO chronaris.pipelines.stage_i.public.deep_baseline_runtime: deep_train batch dataset=uab_workload_dataset model=chronaris_public_fusion track=objective group=n_back seed=42 fold=001/002 epoch=004/005 batch=001/205 loss=1.085069 elapsed_s=8.5 status=running
2026-07-02 00:58:45,520 INFO chronaris.pipelines.stage_i.public.deep_baseline_runtime: deep_train batch dataset=uab_workload_dataset model=chronaris_public_fusion track=objective group=n_back seed=42 fold=001/002 epoch=004/005 batch=020/205 loss=1.096884 elapsed_s=8.7 status=running
2026-07-02 00:58:45,780 INFO chronaris.pipelines.stage_i.public.deep_baseline_runtime: deep_train batch dataset=uab_workload_dataset model=chronaris_public_fusion track=objective group=n_back seed=42 fold=001/002 epoch=004/005 batch=040/205 loss=1.089391 elapsed_s=9.0 status=running
2026-07-02 00:58:46,041 INFO chronaris.pipelines.stage_i.public.deep_baseline_runtime: deep_train batch dataset=uab_workload_dataset model=chronaris_public_fusion track=objective group=n_back seed=42 fold=001/002 epoch=004/005 batch=060/205 loss=1.097938 elapsed_s=9.3 status=running
2026-07-02 00:58:46,315 INFO chronaris.pipelines.stage_i.public.deep_baseline_runtime: deep_train batch dataset=uab_workload_dataset model=chronaris_public_fusion track=objective group=n_back seed=42 fold=001/002 epoch=004/005 batch=080/205 loss=1.096348 elapsed_s=9.5 status=running
2026-07-02 00:58:46,573 INFO chronaris.pipelines.stage_i.public.deep_baseline_runtime: deep_train batch dataset=uab_workload_dataset model=chronaris_public_fusion track=objective group=n_back seed=42 fold=001/002 epoch=004/005 batch=100/205 loss=1.094786 elapsed_s=9.8 status=running
2026-07-02 00:58:46,843 INFO chronaris.pipelines.stage_i.public.deep_baseline_runtime: deep_train batch dataset=uab_workload_dataset model=chronaris_public_fusion track=objective group=n_back seed=42 fold=001/002 epoch=004/005 batch=120/205 loss=1.087704 elapsed_s=10.1 status=running
2026-07-02 00:58:47,120 INFO chronaris.pipelines.stage_i.public.deep_baseline_runtime: deep_train batch dataset=uab_workload_dataset model=chronaris_public_fusion track=objective group=n_back seed=42 fold=001/002 epoch=004/005 batch=140/205 loss=1.096637 elapsed_s=10.3 status=running
2026-07-02 00:58:47,389 INFO chronaris.pipelines.stage_i.public.deep_baseline_runtime: deep_train batch dataset=uab_workload_dataset model=chronaris_public_fusion track=objective group=n_back seed=42 fold=001/002 epoch=004/005 batch=160/205 loss=1.099088 elapsed_s=10.6 status=running
2026-07-02 00:58:47,655 INFO chronaris.pipelines.stage_i.public.deep_baseline_runtime: deep_train batch dataset=uab_workload_dataset model=chronaris_public_fusion track=objective group=n_back seed=42 fold=001/002 epoch=004/005 batch=180/205 loss=1.085299 elapsed_s=10.9 status=running
2026-07-02 00:58:47,928 INFO chronaris.pipelines.stage_i.public.deep_baseline_runtime: deep_train batch dataset=uab_workload_dataset model=chronaris_public_fusion track=objective group=n_back seed=42 fold=001/002 epoch=004/005 batch=200/205 loss=1.091482 elapsed_s=11.2 status=running
2026-07-02 00:58:47,996 INFO chronaris.pipelines.stage_i.public.deep_baseline_runtime: deep_train batch dataset=uab_workload_dataset model=chronaris_public_fusion track=objective group=n_back seed=42 fold=001/002 epoch=004/005 batch=205/205 loss=1.085428 elapsed_s=11.2 status=running
2026-07-02 00:58:47,998 INFO chronaris.pipelines.stage_i.public.deep_baseline_runtime: deep_train epoch_done dataset=uab_workload_dataset model=chronaris_public_fusion track=objective group=n_back seed=42 fold=001/002 epoch=004/005 train_loss=1.095930 elapsed_s=2.7
2026-07-02 00:58:48,048 INFO chronaris.pipelines.stage_i.public.deep_baseline_runtime: deep_train epoch_start dataset=uab_workload_dataset model=chronaris_public_fusion track=objective group=n_back seed=42 fold=001/002 epoch=005/005 batch_count=205
2026-07-02 00:58:48,076 INFO chronaris.pipelines.stage_i.public.deep_baseline_runtime: deep_train batch dataset=uab_workload_dataset model=chronaris_public_fusion track=objective group=n_back seed=42 fold=001/002 epoch=005/005 batch=001/205 loss=1.089161 elapsed_s=11.3 status=running
2026-07-02 00:58:48,329 INFO chronaris.pipelines.stage_i.public.deep_baseline_runtime: deep_train batch dataset=uab_workload_dataset model=chronaris_public_fusion track=objective group=n_back seed=42 fold=001/002 epoch=005/005 batch=020/205 loss=1.064845 elapsed_s=11.6 status=running
2026-07-02 00:58:49,655 INFO chronaris.pipelines.stage_i.public.deep_baseline_runtime: deep_train batch dataset=uab_workload_dataset model=chronaris_public_fusion track=objective group=n_back seed=42 fold=001/002 epoch=005/005 batch=040/205 loss=1.105742 elapsed_s=11.8 status=running
2026-07-02 00:58:51,928 INFO chronaris.pipelines.stage_i.public.deep_baseline_runtime: deep_train batch dataset=uab_workload_dataset model=chronaris_public_fusion track=objective group=n_back seed=42 fold=001/002 epoch=005/005 batch=060/205 loss=1.079868 elapsed_s=12.1 status=running
2026-07-02 00:58:52,205 INFO chronaris.pipelines.stage_i.public.deep_baseline_runtime: deep_train batch dataset=uab_workload_dataset model=chronaris_public_fusion track=objective group=n_back seed=42 fold=001/002 epoch=005/005 batch=080/205 loss=1.070847 elapsed_s=12.4 status=running
2026-07-02 00:58:52,480 INFO chronaris.pipelines.stage_i.public.deep_baseline_runtime: deep_train batch dataset=uab_workload_dataset model=chronaris_public_fusion track=objective group=n_back seed=42 fold=001/002 epoch=005/005 batch=100/205 loss=1.098815 elapsed_s=12.6 status=running
2026-07-02 00:58:52,760 INFO chronaris.pipelines.stage_i.public.deep_baseline_runtime: deep_train batch dataset=uab_workload_dataset model=chronaris_public_fusion track=objective group=n_back seed=42 fold=001/002 epoch=005/005 batch=120/205 loss=1.090079 elapsed_s=12.9 status=running
2026-07-02 00:58:53,039 INFO chronaris.pipelines.stage_i.public.deep_baseline_runtime: deep_train batch dataset=uab_workload_dataset model=chronaris_public_fusion track=objective group=n_back seed=42 fold=001/002 epoch=005/005 batch=140/205 loss=1.078139 elapsed_s=13.2 status=running
2026-07-02 00:58:53,309 INFO chronaris.pipelines.stage_i.public.deep_baseline_runtime: deep_train batch dataset=uab_workload_dataset model=chronaris_public_fusion track=objective group=n_back seed=42 fold=001/002 epoch=005/005 batch=160/205 loss=1.092516 elapsed_s=13.5 status=running
2026-07-02 00:58:53,586 INFO chronaris.pipelines.stage_i.public.deep_baseline_runtime: deep_train batch dataset=uab_workload_dataset model=chronaris_public_fusion track=objective group=n_back seed=42 fold=001/002 epoch=005/005 batch=180/205 loss=1.066641 elapsed_s=13.7 status=running
2026-07-02 00:58:53,851 INFO chronaris.pipelines.stage_i.public.deep_baseline_runtime: deep_train batch dataset=uab_workload_dataset model=chronaris_public_fusion track=objective group=n_back seed=42 fold=001/002 epoch=005/005 batch=200/205 loss=1.084707 elapsed_s=14.0 status=running
2026-07-02 00:58:53,918 INFO chronaris.pipelines.stage_i.public.deep_baseline_runtime: deep_train batch dataset=uab_workload_dataset model=chronaris_public_fusion track=objective group=n_back seed=42 fold=001/002 epoch=005/005 batch=205/205 loss=1.082022 elapsed_s=14.1 status=running
2026-07-02 00:58:53,920 INFO chronaris.pipelines.stage_i.public.deep_baseline_runtime: deep_train epoch_done dataset=uab_workload_dataset model=chronaris_public_fusion track=objective group=n_back seed=42 fold=001/002 epoch=005/005 train_loss=1.089928 elapsed_s=2.8
2026-07-02 00:58:53,955 INFO chronaris.pipelines.stage_i.public.deep_baseline_runtime: deep_train fold_done dataset=uab_workload_dataset model=chronaris_public_fusion track=objective group=n_back seed=42 fold=001/002 elapsed_s=14.1
2026-07-02 00:58:57,781 INFO chronaris.pipelines.stage_i.public.deep_baseline_runtime: deep_train fold_start dataset=uab_workload_dataset model=chronaris_public_fusion track=objective group=n_back seed=42 fold=002/002 split_group=subject_02 task=classification train_count=26176 epochs=5 batch_size=128
2026-07-02 00:58:57,783 INFO chronaris.pipelines.stage_i.public.deep_baseline_runtime: deep_train epoch_start dataset=uab_workload_dataset model=chronaris_public_fusion track=objective group=n_back seed=42 fold=002/002 epoch=001/005 batch_count=205
2026-07-02 00:58:57,801 INFO chronaris.pipelines.stage_i.public.deep_baseline_runtime: deep_train batch dataset=uab_workload_dataset model=chronaris_public_fusion track=objective group=n_back seed=42 fold=002/002 epoch=001/005 batch=001/205 loss=1.113539 elapsed_s=0.0 status=running
2026-07-02 00:58:58,056 INFO chronaris.pipelines.stage_i.public.deep_baseline_runtime: deep_train batch dataset=uab_workload_dataset model=chronaris_public_fusion track=objective group=n_back seed=42 fold=002/002 epoch=001/005 batch=020/205 loss=1.089932 elapsed_s=0.3 status=running
2026-07-02 00:58:58,314 INFO chronaris.pipelines.stage_i.public.deep_baseline_runtime: deep_train batch dataset=uab_workload_dataset model=chronaris_public_fusion track=objective group=n_back seed=42 fold=002/002 epoch=001/005 batch=040/205 loss=1.090199 elapsed_s=0.5 status=running
2026-07-02 00:58:58,578 INFO chronaris.pipelines.stage_i.public.deep_baseline_runtime: deep_train batch dataset=uab_workload_dataset model=chronaris_public_fusion track=objective group=n_back seed=42 fold=002/002 epoch=001/005 batch=060/205 loss=1.117282 elapsed_s=0.8 status=running
2026-07-02 00:58:58,839 INFO chronaris.pipelines.stage_i.public.deep_baseline_runtime: deep_train batch dataset=uab_workload_dataset model=chronaris_public_fusion track=objective group=n_back seed=42 fold=002/002 epoch=001/005 batch=080/205 loss=1.109328 elapsed_s=1.1 status=running
2026-07-02 00:58:59,103 INFO chronaris.pipelines.stage_i.public.deep_baseline_runtime: deep_train batch dataset=uab_workload_dataset model=chronaris_public_fusion track=objective group=n_back seed=42 fold=002/002 epoch=001/005 batch=100/205 loss=1.086800 elapsed_s=1.3 status=running
2026-07-02 00:58:59,371 INFO chronaris.pipelines.stage_i.public.deep_baseline_runtime: deep_train batch dataset=uab_workload_dataset model=chronaris_public_fusion track=objective group=n_back seed=42 fold=002/002 epoch=001/005 batch=120/205 loss=1.096347 elapsed_s=1.6 status=running
2026-07-02 00:58:59,638 INFO chronaris.pipelines.stage_i.public.deep_baseline_runtime: deep_train batch dataset=uab_workload_dataset model=chronaris_public_fusion track=objective group=n_back seed=42 fold=002/002 epoch=001/005 batch=140/205 loss=1.102482 elapsed_s=1.9 status=running
2026-07-02 00:58:59,903 INFO chronaris.pipelines.stage_i.public.deep_baseline_runtime: deep_train batch dataset=uab_workload_dataset model=chronaris_public_fusion track=objective group=n_back seed=42 fold=002/002 epoch=001/005 batch=160/205 loss=1.105788 elapsed_s=2.1 status=running
2026-07-02 00:59:00,170 INFO chronaris.pipelines.stage_i.public.deep_baseline_runtime: deep_train batch dataset=uab_workload_dataset model=chronaris_public_fusion track=objective group=n_back seed=42 fold=002/002 epoch=001/005 batch=180/205 loss=1.098255 elapsed_s=2.4 status=running
2026-07-02 00:59:00,443 INFO chronaris.pipelines.stage_i.public.deep_baseline_runtime: deep_train batch dataset=uab_workload_dataset model=chronaris_public_fusion track=objective group=n_back seed=42 fold=002/002 epoch=001/005 batch=200/205 loss=1.097154 elapsed_s=2.7 status=running
2026-07-02 00:59:00,512 INFO chronaris.pipelines.stage_i.public.deep_baseline_runtime: deep_train batch dataset=uab_workload_dataset model=chronaris_public_fusion track=objective group=n_back seed=42 fold=002/002 epoch=001/005 batch=205/205 loss=1.098621 elapsed_s=2.7 status=running
2026-07-02 00:59:00,513 INFO chronaris.pipelines.stage_i.public.deep_baseline_runtime: deep_train epoch_done dataset=uab_workload_dataset model=chronaris_public_fusion track=objective group=n_back seed=42 fold=002/002 epoch=001/005 train_loss=1.100750 elapsed_s=2.7
2026-07-02 00:59:00,547 INFO chronaris.pipelines.stage_i.public.deep_baseline_runtime: deep_train epoch_start dataset=uab_workload_dataset model=chronaris_public_fusion track=objective group=n_back seed=42 fold=002/002 epoch=002/005 batch_count=205
2026-07-02 00:59:00,562 INFO chronaris.pipelines.stage_i.public.deep_baseline_runtime: deep_train batch dataset=uab_workload_dataset model=chronaris_public_fusion track=objective group=n_back seed=42 fold=002/002 epoch=002/005 batch=001/205 loss=1.088003 elapsed_s=2.8 status=running
2026-07-02 00:59:00,817 INFO chronaris.pipelines.stage_i.public.deep_baseline_runtime: deep_train batch dataset=uab_workload_dataset model=chronaris_public_fusion track=objective group=n_back seed=42 fold=002/002 epoch=002/005 batch=020/205 loss=1.104226 elapsed_s=3.0 status=running
2026-07-02 00:59:01,084 INFO chronaris.pipelines.stage_i.public.deep_baseline_runtime: deep_train batch dataset=uab_workload_dataset model=chronaris_public_fusion track=objective group=n_back seed=42 fold=002/002 epoch=002/005 batch=040/205 loss=1.101019 elapsed_s=3.3 status=running
2026-07-02 00:59:01,369 INFO chronaris.pipelines.stage_i.public.deep_baseline_runtime: deep_train batch dataset=uab_workload_dataset model=chronaris_public_fusion track=objective group=n_back seed=42 fold=002/002 epoch=002/005 batch=060/205 loss=1.094586 elapsed_s=3.6 status=running
2026-07-02 00:59:01,635 INFO chronaris.pipelines.stage_i.public.deep_baseline_runtime: deep_train batch dataset=uab_workload_dataset model=chronaris_public_fusion track=objective group=n_back seed=42 fold=002/002 epoch=002/005 batch=080/205 loss=1.096686 elapsed_s=3.9 status=running
2026-07-02 00:59:01,904 INFO chronaris.pipelines.stage_i.public.deep_baseline_runtime: deep_train batch dataset=uab_workload_dataset model=chronaris_public_fusion track=objective group=n_back seed=42 fold=002/002 epoch=002/005 batch=100/205 loss=1.089641 elapsed_s=4.1 status=running
2026-07-02 00:59:02,173 INFO chronaris.pipelines.stage_i.public.deep_baseline_runtime: deep_train batch dataset=uab_workload_dataset model=chronaris_public_fusion track=objective group=n_back seed=42 fold=002/002 epoch=002/005 batch=120/205 loss=1.093998 elapsed_s=4.4 status=running
2026-07-02 00:59:02,441 INFO chronaris.pipelines.stage_i.public.deep_baseline_runtime: deep_train batch dataset=uab_workload_dataset model=chronaris_public_fusion track=objective group=n_back seed=42 fold=002/002 epoch=002/005 batch=140/205 loss=1.110847 elapsed_s=4.7 status=running
2026-07-02 00:59:02,708 INFO chronaris.pipelines.stage_i.public.deep_baseline_runtime: deep_train batch dataset=uab_workload_dataset model=chronaris_public_fusion track=objective group=n_back seed=42 fold=002/002 epoch=002/005 batch=160/205 loss=1.095096 elapsed_s=4.9 status=running
2026-07-02 00:59:02,971 INFO chronaris.pipelines.stage_i.public.deep_baseline_runtime: deep_train batch dataset=uab_workload_dataset model=chronaris_public_fusion track=objective group=n_back seed=42 fold=002/002 epoch=002/005 batch=180/205 loss=1.099460 elapsed_s=5.2 status=running
2026-07-02 00:59:03,235 INFO chronaris.pipelines.stage_i.public.deep_baseline_runtime: deep_train batch dataset=uab_workload_dataset model=chronaris_public_fusion track=objective group=n_back seed=42 fold=002/002 epoch=002/005 batch=200/205 loss=1.098024 elapsed_s=5.5 status=running
2026-07-02 00:59:03,303 INFO chronaris.pipelines.stage_i.public.deep_baseline_runtime: deep_train batch dataset=uab_workload_dataset model=chronaris_public_fusion track=objective group=n_back seed=42 fold=002/002 epoch=002/005 batch=205/205 loss=1.080230 elapsed_s=5.5 status=running
2026-07-02 00:59:03,305 INFO chronaris.pipelines.stage_i.public.deep_baseline_runtime: deep_train epoch_done dataset=uab_workload_dataset model=chronaris_public_fusion track=objective group=n_back seed=42 fold=002/002 epoch=002/005 train_loss=1.097759 elapsed_s=2.8
2026-07-02 00:59:03,340 INFO chronaris.pipelines.stage_i.public.deep_baseline_runtime: deep_train epoch_start dataset=uab_workload_dataset model=chronaris_public_fusion track=objective group=n_back seed=42 fold=002/002 epoch=003/005 batch_count=205
2026-07-02 00:59:03,361 INFO chronaris.pipelines.stage_i.public.deep_baseline_runtime: deep_train batch dataset=uab_workload_dataset model=chronaris_public_fusion track=objective group=n_back seed=42 fold=002/002 epoch=003/005 batch=001/205 loss=1.101484 elapsed_s=5.6 status=running
2026-07-02 00:59:03,617 INFO chronaris.pipelines.stage_i.public.deep_baseline_runtime: deep_train batch dataset=uab_workload_dataset model=chronaris_public_fusion track=objective group=n_back seed=42 fold=002/002 epoch=003/005 batch=020/205 loss=1.105435 elapsed_s=5.8 status=running
2026-07-02 00:59:03,877 INFO chronaris.pipelines.stage_i.public.deep_baseline_runtime: deep_train batch dataset=uab_workload_dataset model=chronaris_public_fusion track=objective group=n_back seed=42 fold=002/002 epoch=003/005 batch=040/205 loss=1.107156 elapsed_s=6.1 status=running
2026-07-02 00:59:04,147 INFO chronaris.pipelines.stage_i.public.deep_baseline_runtime: deep_train batch dataset=uab_workload_dataset model=chronaris_public_fusion track=objective group=n_back seed=42 fold=002/002 epoch=003/005 batch=060/205 loss=1.093741 elapsed_s=6.4 status=running
2026-07-02 00:59:04,408 INFO chronaris.pipelines.stage_i.public.deep_baseline_runtime: deep_train batch dataset=uab_workload_dataset model=chronaris_public_fusion track=objective group=n_back seed=42 fold=002/002 epoch=003/005 batch=080/205 loss=1.089901 elapsed_s=6.6 status=running
2026-07-02 00:59:04,675 INFO chronaris.pipelines.stage_i.public.deep_baseline_runtime: deep_train batch dataset=uab_workload_dataset model=chronaris_public_fusion track=objective group=n_back seed=42 fold=002/002 epoch=003/005 batch=100/205 loss=1.099317 elapsed_s=6.9 status=running
2026-07-02 00:59:04,941 INFO chronaris.pipelines.stage_i.public.deep_baseline_runtime: deep_train batch dataset=uab_workload_dataset model=chronaris_public_fusion track=objective group=n_back seed=42 fold=002/002 epoch=003/005 batch=120/205 loss=1.091555 elapsed_s=7.2 status=running
2026-07-02 00:59:05,203 INFO chronaris.pipelines.stage_i.public.deep_baseline_runtime: deep_train batch dataset=uab_workload_dataset model=chronaris_public_fusion track=objective group=n_back seed=42 fold=002/002 epoch=003/005 batch=140/205 loss=1.090910 elapsed_s=7.4 status=running
2026-07-02 00:59:05,472 INFO chronaris.pipelines.stage_i.public.deep_baseline_runtime: deep_train batch dataset=uab_workload_dataset model=chronaris_public_fusion track=objective group=n_back seed=42 fold=002/002 epoch=003/005 batch=160/205 loss=1.093980 elapsed_s=7.7 status=running
2026-07-02 00:59:05,738 INFO chronaris.pipelines.stage_i.public.deep_baseline_runtime: deep_train batch dataset=uab_workload_dataset model=chronaris_public_fusion track=objective group=n_back seed=42 fold=002/002 epoch=003/005 batch=180/205 loss=1.095297 elapsed_s=8.0 status=running
2026-07-02 00:59:05,999 INFO chronaris.pipelines.stage_i.public.deep_baseline_runtime: deep_train batch dataset=uab_workload_dataset model=chronaris_public_fusion track=objective group=n_back seed=42 fold=002/002 epoch=003/005 batch=200/205 loss=1.098059 elapsed_s=8.2 status=running
2026-07-02 00:59:06,068 INFO chronaris.pipelines.stage_i.public.deep_baseline_runtime: deep_train batch dataset=uab_workload_dataset model=chronaris_public_fusion track=objective group=n_back seed=42 fold=002/002 epoch=003/005 batch=205/205 loss=1.088791 elapsed_s=8.3 status=running
2026-07-02 00:59:06,071 INFO chronaris.pipelines.stage_i.public.deep_baseline_runtime: deep_train epoch_done dataset=uab_workload_dataset model=chronaris_public_fusion track=objective group=n_back seed=42 fold=002/002 epoch=003/005 train_loss=1.097763 elapsed_s=2.7
2026-07-02 00:59:06,106 INFO chronaris.pipelines.stage_i.public.deep_baseline_runtime: deep_train epoch_start dataset=uab_workload_dataset model=chronaris_public_fusion track=objective group=n_back seed=42 fold=002/002 epoch=004/005 batch_count=205
2026-07-02 00:59:06,127 INFO chronaris.pipelines.stage_i.public.deep_baseline_runtime: deep_train batch dataset=uab_workload_dataset model=chronaris_public_fusion track=objective group=n_back seed=42 fold=002/002 epoch=004/005 batch=001/205 loss=1.098395 elapsed_s=8.3 status=running
2026-07-02 00:59:06,381 INFO chronaris.pipelines.stage_i.public.deep_baseline_runtime: deep_train batch dataset=uab_workload_dataset model=chronaris_public_fusion track=objective group=n_back seed=42 fold=002/002 epoch=004/005 batch=020/205 loss=1.093107 elapsed_s=8.6 status=running
2026-07-02 00:59:06,645 INFO chronaris.pipelines.stage_i.public.deep_baseline_runtime: deep_train batch dataset=uab_workload_dataset model=chronaris_public_fusion track=objective group=n_back seed=42 fold=002/002 epoch=004/005 batch=040/205 loss=1.089911 elapsed_s=8.9 status=running
2026-07-02 00:59:06,912 INFO chronaris.pipelines.stage_i.public.deep_baseline_runtime: deep_train batch dataset=uab_workload_dataset model=chronaris_public_fusion track=objective group=n_back seed=42 fold=002/002 epoch=004/005 batch=060/205 loss=1.098236 elapsed_s=9.1 status=running
2026-07-02 00:59:07,177 INFO chronaris.pipelines.stage_i.public.deep_baseline_runtime: deep_train batch dataset=uab_workload_dataset model=chronaris_public_fusion track=objective group=n_back seed=42 fold=002/002 epoch=004/005 batch=080/205 loss=1.102057 elapsed_s=9.4 status=running
2026-07-02 00:59:07,437 INFO chronaris.pipelines.stage_i.public.deep_baseline_runtime: deep_train batch dataset=uab_workload_dataset model=chronaris_public_fusion track=objective group=n_back seed=42 fold=002/002 epoch=004/005 batch=100/205 loss=1.099897 elapsed_s=9.7 status=running
2026-07-02 00:59:07,694 INFO chronaris.pipelines.stage_i.public.deep_baseline_runtime: deep_train batch dataset=uab_workload_dataset model=chronaris_public_fusion track=objective group=n_back seed=42 fold=002/002 epoch=004/005 batch=120/205 loss=1.091234 elapsed_s=9.9 status=running
2026-07-02 00:59:07,954 INFO chronaris.pipelines.stage_i.public.deep_baseline_runtime: deep_train batch dataset=uab_workload_dataset model=chronaris_public_fusion track=objective group=n_back seed=42 fold=002/002 epoch=004/005 batch=140/205 loss=1.095485 elapsed_s=10.2 status=running
2026-07-02 00:59:08,217 INFO chronaris.pipelines.stage_i.public.deep_baseline_runtime: deep_train batch dataset=uab_workload_dataset model=chronaris_public_fusion track=objective group=n_back seed=42 fold=002/002 epoch=004/005 batch=160/205 loss=1.088153 elapsed_s=10.4 status=running
2026-07-02 00:59:08,477 INFO chronaris.pipelines.stage_i.public.deep_baseline_runtime: deep_train batch dataset=uab_workload_dataset model=chronaris_public_fusion track=objective group=n_back seed=42 fold=002/002 epoch=004/005 batch=180/205 loss=1.102516 elapsed_s=10.7 status=running
2026-07-02 00:59:08,743 INFO chronaris.pipelines.stage_i.public.deep_baseline_runtime: deep_train batch dataset=uab_workload_dataset model=chronaris_public_fusion track=objective group=n_back seed=42 fold=002/002 epoch=004/005 batch=200/205 loss=1.101201 elapsed_s=11.0 status=running
2026-07-02 00:59:08,810 INFO chronaris.pipelines.stage_i.public.deep_baseline_runtime: deep_train batch dataset=uab_workload_dataset model=chronaris_public_fusion track=objective group=n_back seed=42 fold=002/002 epoch=004/005 batch=205/205 loss=1.101364 elapsed_s=11.0 status=running
2026-07-02 00:59:08,812 INFO chronaris.pipelines.stage_i.public.deep_baseline_runtime: deep_train epoch_done dataset=uab_workload_dataset model=chronaris_public_fusion track=objective group=n_back seed=42 fold=002/002 epoch=004/005 train_loss=1.097336 elapsed_s=2.7
2026-07-02 00:59:08,855 INFO chronaris.pipelines.stage_i.public.deep_baseline_runtime: deep_train epoch_start dataset=uab_workload_dataset model=chronaris_public_fusion track=objective group=n_back seed=42 fold=002/002 epoch=005/005 batch_count=205
2026-07-02 00:59:08,930 INFO chronaris.pipelines.stage_i.public.deep_baseline_runtime: deep_train batch dataset=uab_workload_dataset model=chronaris_public_fusion track=objective group=n_back seed=42 fold=002/002 epoch=005/005 batch=001/205 loss=1.089214 elapsed_s=11.1 status=running
2026-07-02 00:59:09,186 INFO chronaris.pipelines.stage_i.public.deep_baseline_runtime: deep_train batch dataset=uab_workload_dataset model=chronaris_public_fusion track=objective group=n_back seed=42 fold=002/002 epoch=005/005 batch=020/205 loss=1.091587 elapsed_s=11.4 status=running
2026-07-02 00:59:09,448 INFO chronaris.pipelines.stage_i.public.deep_baseline_runtime: deep_train batch dataset=uab_workload_dataset model=chronaris_public_fusion track=objective group=n_back seed=42 fold=002/002 epoch=005/005 batch=040/205 loss=1.103240 elapsed_s=11.7 status=running
2026-07-02 00:59:09,709 INFO chronaris.pipelines.stage_i.public.deep_baseline_runtime: deep_train batch dataset=uab_workload_dataset model=chronaris_public_fusion track=objective group=n_back seed=42 fold=002/002 epoch=005/005 batch=060/205 loss=1.091118 elapsed_s=11.9 status=running
2026-07-02 00:59:09,971 INFO chronaris.pipelines.stage_i.public.deep_baseline_runtime: deep_train batch dataset=uab_workload_dataset model=chronaris_public_fusion track=objective group=n_back seed=42 fold=002/002 epoch=005/005 batch=080/205 loss=1.099224 elapsed_s=12.2 status=running
2026-07-02 00:59:10,237 INFO chronaris.pipelines.stage_i.public.deep_baseline_runtime: deep_train batch dataset=uab_workload_dataset model=chronaris_public_fusion track=objective group=n_back seed=42 fold=002/002 epoch=005/005 batch=100/205 loss=1.102727 elapsed_s=12.5 status=running
2026-07-02 00:59:10,510 INFO chronaris.pipelines.stage_i.public.deep_baseline_runtime: deep_train batch dataset=uab_workload_dataset model=chronaris_public_fusion track=objective group=n_back seed=42 fold=002/002 epoch=005/005 batch=120/205 loss=1.098943 elapsed_s=12.7 status=running
2026-07-02 00:59:10,780 INFO chronaris.pipelines.stage_i.public.deep_baseline_runtime: deep_train batch dataset=uab_workload_dataset model=chronaris_public_fusion track=objective group=n_back seed=42 fold=002/002 epoch=005/005 batch=140/205 loss=1.087539 elapsed_s=13.0 status=running
2026-07-02 00:59:11,055 INFO chronaris.pipelines.stage_i.public.deep_baseline_runtime: deep_train batch dataset=uab_workload_dataset model=chronaris_public_fusion track=objective group=n_back seed=42 fold=002/002 epoch=005/005 batch=160/205 loss=1.097430 elapsed_s=13.3 status=running
2026-07-02 00:59:11,318 INFO chronaris.pipelines.stage_i.public.deep_baseline_runtime: deep_train batch dataset=uab_workload_dataset model=chronaris_public_fusion track=objective group=n_back seed=42 fold=002/002 epoch=005/005 batch=180/205 loss=1.096430 elapsed_s=13.5 status=running
2026-07-02 00:59:11,582 INFO chronaris.pipelines.stage_i.public.deep_baseline_runtime: deep_train batch dataset=uab_workload_dataset model=chronaris_public_fusion track=objective group=n_back seed=42 fold=002/002 epoch=005/005 batch=200/205 loss=1.080866 elapsed_s=13.8 status=running
2026-07-02 00:59:11,796 INFO chronaris.pipelines.stage_i.public.deep_baseline_runtime: deep_train batch dataset=uab_workload_dataset model=chronaris_public_fusion track=objective group=n_back seed=42 fold=002/002 epoch=005/005 batch=205/205 loss=1.112313 elapsed_s=14.0 status=running
2026-07-02 00:59:11,802 INFO chronaris.pipelines.stage_i.public.deep_baseline_runtime: deep_train epoch_done dataset=uab_workload_dataset model=chronaris_public_fusion track=objective group=n_back seed=42 fold=002/002 epoch=005/005 train_loss=1.096763 elapsed_s=2.9
2026-07-02 00:59:11,838 INFO chronaris.pipelines.stage_i.public.deep_baseline_runtime: deep_train fold_done dataset=uab_workload_dataset model=chronaris_public_fusion track=objective group=n_back seed=42 fold=002/002 elapsed_s=14.1
2026-07-02 00:59:14,715 INFO chronaris.pipelines.stage_i.public.deep_baseline_runtime: deep_train fold_start dataset=uab_workload_dataset model=chronaris_public_fusion track=objective group=heat_the_chair seed=42 fold=001/002 split_group=subject_01 task=classification train_count=5116 epochs=5 batch_size=128
2026-07-02 00:59:14,718 INFO chronaris.pipelines.stage_i.public.deep_baseline_runtime: deep_train epoch_start dataset=uab_workload_dataset model=chronaris_public_fusion track=objective group=heat_the_chair seed=42 fold=001/002 epoch=001/005 batch_count=40
2026-07-02 00:59:14,740 INFO chronaris.pipelines.stage_i.public.deep_baseline_runtime: deep_train batch dataset=uab_workload_dataset model=chronaris_public_fusion track=objective group=heat_the_chair seed=42 fold=001/002 epoch=001/005 batch=001/040 loss=0.697430 elapsed_s=0.0 status=running
2026-07-02 00:59:14,992 INFO chronaris.pipelines.stage_i.public.deep_baseline_runtime: deep_train batch dataset=uab_workload_dataset model=chronaris_public_fusion track=objective group=heat_the_chair seed=42 fold=001/002 epoch=001/005 batch=020/040 loss=0.709094 elapsed_s=0.3 status=running
2026-07-02 00:59:15,268 INFO chronaris.pipelines.stage_i.public.deep_baseline_runtime: deep_train batch dataset=uab_workload_dataset model=chronaris_public_fusion track=objective group=heat_the_chair seed=42 fold=001/002 epoch=001/005 batch=040/040 loss=0.685693 elapsed_s=0.5 status=running
2026-07-02 00:59:15,271 INFO chronaris.pipelines.stage_i.public.deep_baseline_runtime: deep_train epoch_done dataset=uab_workload_dataset model=chronaris_public_fusion track=objective group=heat_the_chair seed=42 fold=001/002 epoch=001/005 train_loss=0.689350 elapsed_s=0.6
2026-07-02 00:59:15,305 INFO chronaris.pipelines.stage_i.public.deep_baseline_runtime: deep_train epoch_start dataset=uab_workload_dataset model=chronaris_public_fusion track=objective group=heat_the_chair seed=42 fold=001/002 epoch=002/005 batch_count=40
2026-07-02 00:59:15,325 INFO chronaris.pipelines.stage_i.public.deep_baseline_runtime: deep_train batch dataset=uab_workload_dataset model=chronaris_public_fusion track=objective group=heat_the_chair seed=42 fold=001/002 epoch=002/005 batch=001/040 loss=0.676795 elapsed_s=0.6 status=running
2026-07-02 00:59:15,575 INFO chronaris.pipelines.stage_i.public.deep_baseline_runtime: deep_train batch dataset=uab_workload_dataset model=chronaris_public_fusion track=objective group=heat_the_chair seed=42 fold=001/002 epoch=002/005 batch=020/040 loss=0.691582 elapsed_s=0.9 status=running
2026-07-02 00:59:15,841 INFO chronaris.pipelines.stage_i.public.deep_baseline_runtime: deep_train batch dataset=uab_workload_dataset model=chronaris_public_fusion track=objective group=heat_the_chair seed=42 fold=001/002 epoch=002/005 batch=040/040 loss=0.674049 elapsed_s=1.1 status=running
2026-07-02 00:59:15,844 INFO chronaris.pipelines.stage_i.public.deep_baseline_runtime: deep_train epoch_done dataset=uab_workload_dataset model=chronaris_public_fusion track=objective group=heat_the_chair seed=42 fold=001/002 epoch=002/005 train_loss=0.686900 elapsed_s=0.5
2026-07-02 00:59:15,887 INFO chronaris.pipelines.stage_i.public.deep_baseline_runtime: deep_train epoch_start dataset=uab_workload_dataset model=chronaris_public_fusion track=objective group=heat_the_chair seed=42 fold=001/002 epoch=003/005 batch_count=40
2026-07-02 00:59:15,969 INFO chronaris.pipelines.stage_i.public.deep_baseline_runtime: deep_train batch dataset=uab_workload_dataset model=chronaris_public_fusion track=objective group=heat_the_chair seed=42 fold=001/002 epoch=003/005 batch=001/040 loss=0.683904 elapsed_s=1.3 status=running
2026-07-02 00:59:16,258 INFO chronaris.pipelines.stage_i.public.deep_baseline_runtime: deep_train batch dataset=uab_workload_dataset model=chronaris_public_fusion track=objective group=heat_the_chair seed=42 fold=001/002 epoch=003/005 batch=020/040 loss=0.667938 elapsed_s=1.5 status=running
2026-07-02 00:59:16,523 INFO chronaris.pipelines.stage_i.public.deep_baseline_runtime: deep_train batch dataset=uab_workload_dataset model=chronaris_public_fusion track=objective group=heat_the_chair seed=42 fold=001/002 epoch=003/005 batch=040/040 loss=0.702673 elapsed_s=1.8 status=running
2026-07-02 00:59:16,526 INFO chronaris.pipelines.stage_i.public.deep_baseline_runtime: deep_train epoch_done dataset=uab_workload_dataset model=chronaris_public_fusion track=objective group=heat_the_chair seed=42 fold=001/002 epoch=003/005 train_loss=0.684132 elapsed_s=0.6
2026-07-02 00:59:16,562 INFO chronaris.pipelines.stage_i.public.deep_baseline_runtime: deep_train epoch_start dataset=uab_workload_dataset model=chronaris_public_fusion track=objective group=heat_the_chair seed=42 fold=001/002 epoch=004/005 batch_count=40
2026-07-02 00:59:16,587 INFO chronaris.pipelines.stage_i.public.deep_baseline_runtime: deep_train batch dataset=uab_workload_dataset model=chronaris_public_fusion track=objective group=heat_the_chair seed=42 fold=001/002 epoch=004/005 batch=001/040 loss=0.673049 elapsed_s=1.9 status=running
2026-07-02 00:59:16,839 INFO chronaris.pipelines.stage_i.public.deep_baseline_runtime: deep_train batch dataset=uab_workload_dataset model=chronaris_public_fusion track=objective group=heat_the_chair seed=42 fold=001/002 epoch=004/005 batch=020/040 loss=0.687406 elapsed_s=2.1 status=running
2026-07-02 00:59:17,110 INFO chronaris.pipelines.stage_i.public.deep_baseline_runtime: deep_train batch dataset=uab_workload_dataset model=chronaris_public_fusion track=objective group=heat_the_chair seed=42 fold=001/002 epoch=004/005 batch=040/040 loss=0.704299 elapsed_s=2.4 status=running
2026-07-02 00:59:17,113 INFO chronaris.pipelines.stage_i.public.deep_baseline_runtime: deep_train epoch_done dataset=uab_workload_dataset model=chronaris_public_fusion track=objective group=heat_the_chair seed=42 fold=001/002 epoch=004/005 train_loss=0.686093 elapsed_s=0.6
2026-07-02 00:59:17,159 INFO chronaris.pipelines.stage_i.public.deep_baseline_runtime: deep_train epoch_start dataset=uab_workload_dataset model=chronaris_public_fusion track=objective group=heat_the_chair seed=42 fold=001/002 epoch=005/005 batch_count=40
2026-07-02 00:59:17,180 INFO chronaris.pipelines.stage_i.public.deep_baseline_runtime: deep_train batch dataset=uab_workload_dataset model=chronaris_public_fusion track=objective group=heat_the_chair seed=42 fold=001/002 epoch=005/005 batch=001/040 loss=0.682169 elapsed_s=2.5 status=running
2026-07-02 00:59:17,433 INFO chronaris.pipelines.stage_i.public.deep_baseline_runtime: deep_train batch dataset=uab_workload_dataset model=chronaris_public_fusion track=objective group=heat_the_chair seed=42 fold=001/002 epoch=005/005 batch=020/040 loss=0.676609 elapsed_s=2.7 status=running
2026-07-02 00:59:17,708 INFO chronaris.pipelines.stage_i.public.deep_baseline_runtime: deep_train batch dataset=uab_workload_dataset model=chronaris_public_fusion track=objective group=heat_the_chair seed=42 fold=001/002 epoch=005/005 batch=040/040 loss=0.692820 elapsed_s=3.0 status=running
2026-07-02 00:59:17,711 INFO chronaris.pipelines.stage_i.public.deep_baseline_runtime: deep_train epoch_done dataset=uab_workload_dataset model=chronaris_public_fusion track=objective group=heat_the_chair seed=42 fold=001/002 epoch=005/005 train_loss=0.684261 elapsed_s=0.6
2026-07-02 00:59:17,747 INFO chronaris.pipelines.stage_i.public.deep_baseline_runtime: deep_train fold_done dataset=uab_workload_dataset model=chronaris_public_fusion track=objective group=heat_the_chair seed=42 fold=001/002 elapsed_s=3.0
2026-07-02 00:59:19,226 INFO chronaris.pipelines.stage_i.public.deep_baseline_runtime: deep_train fold_start dataset=uab_workload_dataset model=chronaris_public_fusion track=objective group=heat_the_chair seed=42 fold=002/002 split_group=subject_02 task=classification train_count=5126 epochs=5 batch_size=128
2026-07-02 00:59:19,229 INFO chronaris.pipelines.stage_i.public.deep_baseline_runtime: deep_train epoch_start dataset=uab_workload_dataset model=chronaris_public_fusion track=objective group=heat_the_chair seed=42 fold=002/002 epoch=001/005 batch_count=41
2026-07-02 00:59:19,251 INFO chronaris.pipelines.stage_i.public.deep_baseline_runtime: deep_train batch dataset=uab_workload_dataset model=chronaris_public_fusion track=objective group=heat_the_chair seed=42 fold=002/002 epoch=001/005 batch=001/041 loss=0.703897 elapsed_s=0.0 status=running
2026-07-02 00:59:19,509 INFO chronaris.pipelines.stage_i.public.deep_baseline_runtime: deep_train batch dataset=uab_workload_dataset model=chronaris_public_fusion track=objective group=heat_the_chair seed=42 fold=002/002 epoch=001/005 batch=020/041 loss=0.730397 elapsed_s=0.3 status=running
2026-07-02 00:59:19,781 INFO chronaris.pipelines.stage_i.public.deep_baseline_runtime: deep_train batch dataset=uab_workload_dataset model=chronaris_public_fusion track=objective group=heat_the_chair seed=42 fold=002/002 epoch=001/005 batch=040/041 loss=0.685966 elapsed_s=0.6 status=running
2026-07-02 00:59:19,799 INFO chronaris.pipelines.stage_i.public.deep_baseline_runtime: deep_train batch dataset=uab_workload_dataset model=chronaris_public_fusion track=objective group=heat_the_chair seed=42 fold=002/002 epoch=001/005 batch=041/041 loss=0.648840 elapsed_s=0.6 status=running
2026-07-02 00:59:19,810 INFO chronaris.pipelines.stage_i.public.deep_baseline_runtime: deep_train epoch_done dataset=uab_workload_dataset model=chronaris_public_fusion track=objective group=heat_the_chair seed=42 fold=002/002 epoch=001/005 train_loss=0.692830 elapsed_s=0.6
2026-07-02 00:59:19,847 INFO chronaris.pipelines.stage_i.public.deep_baseline_runtime: deep_train epoch_start dataset=uab_workload_dataset model=chronaris_public_fusion track=objective group=heat_the_chair seed=42 fold=002/002 epoch=002/005 batch_count=41
2026-07-02 00:59:19,877 INFO chronaris.pipelines.stage_i.public.deep_baseline_runtime: deep_train batch dataset=uab_workload_dataset model=chronaris_public_fusion track=objective group=heat_the_chair seed=42 fold=002/002 epoch=002/005 batch=001/041 loss=0.684269 elapsed_s=0.6 status=running
2026-07-02 00:59:20,160 INFO chronaris.pipelines.stage_i.public.deep_baseline_runtime: deep_train batch dataset=uab_workload_dataset model=chronaris_public_fusion track=objective group=heat_the_chair seed=42 fold=002/002 epoch=002/005 batch=020/041 loss=0.679726 elapsed_s=0.9 status=running
2026-07-02 00:59:20,430 INFO chronaris.pipelines.stage_i.public.deep_baseline_runtime: deep_train batch dataset=uab_workload_dataset model=chronaris_public_fusion track=objective group=heat_the_chair seed=42 fold=002/002 epoch=002/005 batch=040/041 loss=0.696902 elapsed_s=1.2 status=running
2026-07-02 00:59:20,447 INFO chronaris.pipelines.stage_i.public.deep_baseline_runtime: deep_train batch dataset=uab_workload_dataset model=chronaris_public_fusion track=objective group=heat_the_chair seed=42 fold=002/002 epoch=002/005 batch=041/041 loss=0.631006 elapsed_s=1.2 status=running
2026-07-02 00:59:20,450 INFO chronaris.pipelines.stage_i.public.deep_baseline_runtime: deep_train epoch_done dataset=uab_workload_dataset model=chronaris_public_fusion track=objective group=heat_the_chair seed=42 fold=002/002 epoch=002/005 train_loss=0.684680 elapsed_s=0.6
2026-07-02 00:59:20,486 INFO chronaris.pipelines.stage_i.public.deep_baseline_runtime: deep_train epoch_start dataset=uab_workload_dataset model=chronaris_public_fusion track=objective group=heat_the_chair seed=42 fold=002/002 epoch=003/005 batch_count=41
2026-07-02 00:59:20,506 INFO chronaris.pipelines.stage_i.public.deep_baseline_runtime: deep_train batch dataset=uab_workload_dataset model=chronaris_public_fusion track=objective group=heat_the_chair seed=42 fold=002/002 epoch=003/005 batch=001/041 loss=0.666382 elapsed_s=1.3 status=running
2026-07-02 00:59:20,760 INFO chronaris.pipelines.stage_i.public.deep_baseline_runtime: deep_train batch dataset=uab_workload_dataset model=chronaris_public_fusion track=objective group=heat_the_chair seed=42 fold=002/002 epoch=003/005 batch=020/041 loss=0.652476 elapsed_s=1.5 status=running
2026-07-02 00:59:21,030 INFO chronaris.pipelines.stage_i.public.deep_baseline_runtime: deep_train batch dataset=uab_workload_dataset model=chronaris_public_fusion track=objective group=heat_the_chair seed=42 fold=002/002 epoch=003/005 batch=040/041 loss=0.681093 elapsed_s=1.8 status=running
2026-07-02 00:59:21,047 INFO chronaris.pipelines.stage_i.public.deep_baseline_runtime: deep_train batch dataset=uab_workload_dataset model=chronaris_public_fusion track=objective group=heat_the_chair seed=42 fold=002/002 epoch=003/005 batch=041/041 loss=0.728274 elapsed_s=1.8 status=running
2026-07-02 00:59:21,069 INFO chronaris.pipelines.stage_i.public.deep_baseline_runtime: deep_train epoch_done dataset=uab_workload_dataset model=chronaris_public_fusion track=objective group=heat_the_chair seed=42 fold=002/002 epoch=003/005 train_loss=0.685512 elapsed_s=0.6
2026-07-02 00:59:21,106 INFO chronaris.pipelines.stage_i.public.deep_baseline_runtime: deep_train epoch_start dataset=uab_workload_dataset model=chronaris_public_fusion track=objective group=heat_the_chair seed=42 fold=002/002 epoch=004/005 batch_count=41
2026-07-02 00:59:21,207 INFO chronaris.pipelines.stage_i.public.deep_baseline_runtime: deep_train batch dataset=uab_workload_dataset model=chronaris_public_fusion track=objective group=heat_the_chair seed=42 fold=002/002 epoch=004/005 batch=001/041 loss=0.675122 elapsed_s=2.0 status=running
2026-07-02 00:59:22,644 INFO chronaris.pipelines.stage_i.public.deep_baseline_runtime: deep_train batch dataset=uab_workload_dataset model=chronaris_public_fusion track=objective group=heat_the_chair seed=42 fold=002/002 epoch=004/005 batch=020/041 loss=0.678129 elapsed_s=2.3 status=running
2026-07-02 00:59:24,920 INFO chronaris.pipelines.stage_i.public.deep_baseline_runtime: deep_train batch dataset=uab_workload_dataset model=chronaris_public_fusion track=objective group=heat_the_chair seed=42 fold=002/002 epoch=004/005 batch=040/041 loss=0.696662 elapsed_s=2.6 status=running
2026-07-02 00:59:24,937 INFO chronaris.pipelines.stage_i.public.deep_baseline_runtime: deep_train batch dataset=uab_workload_dataset model=chronaris_public_fusion track=objective group=heat_the_chair seed=42 fold=002/002 epoch=004/005 batch=041/041 loss=0.803475 elapsed_s=2.6 status=running
2026-07-02 00:59:24,944 INFO chronaris.pipelines.stage_i.public.deep_baseline_runtime: deep_train epoch_done dataset=uab_workload_dataset model=chronaris_public_fusion track=objective group=heat_the_chair seed=42 fold=002/002 epoch=004/005 train_loss=0.686515 elapsed_s=0.7
2026-07-02 00:59:24,980 INFO chronaris.pipelines.stage_i.public.deep_baseline_runtime: deep_train epoch_start dataset=uab_workload_dataset model=chronaris_public_fusion track=objective group=heat_the_chair seed=42 fold=002/002 epoch=005/005 batch_count=41
2026-07-02 00:59:25,001 INFO chronaris.pipelines.stage_i.public.deep_baseline_runtime: deep_train batch dataset=uab_workload_dataset model=chronaris_public_fusion track=objective group=heat_the_chair seed=42 fold=002/002 epoch=005/005 batch=001/041 loss=0.685801 elapsed_s=2.7 status=running
2026-07-02 00:59:25,249 INFO chronaris.pipelines.stage_i.public.deep_baseline_runtime: deep_train batch dataset=uab_workload_dataset model=chronaris_public_fusion track=objective group=heat_the_chair seed=42 fold=002/002 epoch=005/005 batch=020/041 loss=0.665809 elapsed_s=2.9 status=running
2026-07-02 00:59:25,527 INFO chronaris.pipelines.stage_i.public.deep_baseline_runtime: deep_train batch dataset=uab_workload_dataset model=chronaris_public_fusion track=objective group=heat_the_chair seed=42 fold=002/002 epoch=005/005 batch=040/041 loss=0.690454 elapsed_s=3.2 status=running
2026-07-02 00:59:25,545 INFO chronaris.pipelines.stage_i.public.deep_baseline_runtime: deep_train batch dataset=uab_workload_dataset model=chronaris_public_fusion track=objective group=heat_the_chair seed=42 fold=002/002 epoch=005/005 batch=041/041 loss=0.657838 elapsed_s=3.2 status=running
2026-07-02 00:59:25,549 INFO chronaris.pipelines.stage_i.public.deep_baseline_runtime: deep_train epoch_done dataset=uab_workload_dataset model=chronaris_public_fusion track=objective group=heat_the_chair seed=42 fold=002/002 epoch=005/005 train_loss=0.684511 elapsed_s=0.6
2026-07-02 00:59:25,586 INFO chronaris.pipelines.stage_i.public.deep_baseline_runtime: deep_train fold_done dataset=uab_workload_dataset model=chronaris_public_fusion track=objective group=heat_the_chair seed=42 fold=002/002 elapsed_s=3.3
2026-07-02 00:59:28,308 INFO chronaris.pipelines.stage_i.public.deep_baseline_runtime: deep_train fold_start dataset=uab_workload_dataset model=chronaris_public_fusion track=subjective group=n_back seed=42 fold=001/002 split_group=subject_01 task=regression train_count=26164 epochs=5 batch_size=128
2026-07-02 00:59:28,313 INFO chronaris.pipelines.stage_i.public.deep_baseline_runtime: deep_train epoch_start dataset=uab_workload_dataset model=chronaris_public_fusion track=subjective group=n_back seed=42 fold=001/002 epoch=001/005 batch_count=205
2026-07-02 00:59:28,390 INFO chronaris.pipelines.stage_i.public.deep_baseline_runtime: deep_train batch dataset=uab_workload_dataset model=chronaris_public_fusion track=subjective group=n_back seed=42 fold=001/002 epoch=001/005 batch=001/205 loss=0.421308 elapsed_s=0.1 status=running
2026-07-02 00:59:28,745 INFO chronaris.pipelines.stage_i.public.deep_baseline_runtime: deep_train batch dataset=uab_workload_dataset model=chronaris_public_fusion track=subjective group=n_back seed=42 fold=001/002 epoch=001/005 batch=020/205 loss=0.423747 elapsed_s=0.4 status=running
2026-07-02 00:59:29,013 INFO chronaris.pipelines.stage_i.public.deep_baseline_runtime: deep_train batch dataset=uab_workload_dataset model=chronaris_public_fusion track=subjective group=n_back seed=42 fold=001/002 epoch=001/005 batch=040/205 loss=0.467482 elapsed_s=0.7 status=running
2026-07-02 00:59:29,282 INFO chronaris.pipelines.stage_i.public.deep_baseline_runtime: deep_train batch dataset=uab_workload_dataset model=chronaris_public_fusion track=subjective group=n_back seed=42 fold=001/002 epoch=001/005 batch=060/205 loss=0.419819 elapsed_s=1.0 status=running
2026-07-02 00:59:29,554 INFO chronaris.pipelines.stage_i.public.deep_baseline_runtime: deep_train batch dataset=uab_workload_dataset model=chronaris_public_fusion track=subjective group=n_back seed=42 fold=001/002 epoch=001/005 batch=080/205 loss=0.461819 elapsed_s=1.2 status=running
2026-07-02 00:59:29,824 INFO chronaris.pipelines.stage_i.public.deep_baseline_runtime: deep_train batch dataset=uab_workload_dataset model=chronaris_public_fusion track=subjective group=n_back seed=42 fold=001/002 epoch=001/005 batch=100/205 loss=0.477562 elapsed_s=1.5 status=running
2026-07-02 00:59:30,096 INFO chronaris.pipelines.stage_i.public.deep_baseline_runtime: deep_train batch dataset=uab_workload_dataset model=chronaris_public_fusion track=subjective group=n_back seed=42 fold=001/002 epoch=001/005 batch=120/205 loss=0.476404 elapsed_s=1.8 status=running
2026-07-02 00:59:30,364 INFO chronaris.pipelines.stage_i.public.deep_baseline_runtime: deep_train batch dataset=uab_workload_dataset model=chronaris_public_fusion track=subjective group=n_back seed=42 fold=001/002 epoch=001/005 batch=140/205 loss=0.429080 elapsed_s=2.1 status=running
2026-07-02 00:59:30,643 INFO chronaris.pipelines.stage_i.public.deep_baseline_runtime: deep_train batch dataset=uab_workload_dataset model=chronaris_public_fusion track=subjective group=n_back seed=42 fold=001/002 epoch=001/005 batch=160/205 loss=0.468998 elapsed_s=2.3 status=running
2026-07-02 00:59:30,916 INFO chronaris.pipelines.stage_i.public.deep_baseline_runtime: deep_train batch dataset=uab_workload_dataset model=chronaris_public_fusion track=subjective group=n_back seed=42 fold=001/002 epoch=001/005 batch=180/205 loss=0.465306 elapsed_s=2.6 status=running
2026-07-02 00:59:31,190 INFO chronaris.pipelines.stage_i.public.deep_baseline_runtime: deep_train batch dataset=uab_workload_dataset model=chronaris_public_fusion track=subjective group=n_back seed=42 fold=001/002 epoch=001/005 batch=200/205 loss=0.406662 elapsed_s=2.9 status=running
2026-07-02 00:59:31,288 INFO chronaris.pipelines.stage_i.public.deep_baseline_runtime: deep_train batch dataset=uab_workload_dataset model=chronaris_public_fusion track=subjective group=n_back seed=42 fold=001/002 epoch=001/005 batch=205/205 loss=0.540383 elapsed_s=3.0 status=running
2026-07-02 00:59:31,292 INFO chronaris.pipelines.stage_i.public.deep_baseline_runtime: deep_train epoch_done dataset=uab_workload_dataset model=chronaris_public_fusion track=subjective group=n_back seed=42 fold=001/002 epoch=001/005 train_loss=0.428988 elapsed_s=3.0
2026-07-02 00:59:31,327 INFO chronaris.pipelines.stage_i.public.deep_baseline_runtime: deep_train epoch_start dataset=uab_workload_dataset model=chronaris_public_fusion track=subjective group=n_back seed=42 fold=001/002 epoch=002/005 batch_count=205
2026-07-02 00:59:31,382 INFO chronaris.pipelines.stage_i.public.deep_baseline_runtime: deep_train batch dataset=uab_workload_dataset model=chronaris_public_fusion track=subjective group=n_back seed=42 fold=001/002 epoch=002/005 batch=001/205 loss=0.389317 elapsed_s=3.1 status=running
2026-07-02 00:59:31,644 INFO chronaris.pipelines.stage_i.public.deep_baseline_runtime: deep_train batch dataset=uab_workload_dataset model=chronaris_public_fusion track=subjective group=n_back seed=42 fold=001/002 epoch=002/005 batch=020/205 loss=0.393771 elapsed_s=3.3 status=running
2026-07-02 00:59:31,926 INFO chronaris.pipelines.stage_i.public.deep_baseline_runtime: deep_train batch dataset=uab_workload_dataset model=chronaris_public_fusion track=subjective group=n_back seed=42 fold=001/002 epoch=002/005 batch=040/205 loss=0.431464 elapsed_s=3.6 status=running
2026-07-02 00:59:32,209 INFO chronaris.pipelines.stage_i.public.deep_baseline_runtime: deep_train batch dataset=uab_workload_dataset model=chronaris_public_fusion track=subjective group=n_back seed=42 fold=001/002 epoch=002/005 batch=060/205 loss=0.475649 elapsed_s=3.9 status=running
2026-07-02 00:59:32,491 INFO chronaris.pipelines.stage_i.public.deep_baseline_runtime: deep_train batch dataset=uab_workload_dataset model=chronaris_public_fusion track=subjective group=n_back seed=42 fold=001/002 epoch=002/005 batch=080/205 loss=0.429240 elapsed_s=4.2 status=running
2026-07-02 00:59:32,778 INFO chronaris.pipelines.stage_i.public.deep_baseline_runtime: deep_train batch dataset=uab_workload_dataset model=chronaris_public_fusion track=subjective group=n_back seed=42 fold=001/002 epoch=002/005 batch=100/205 loss=0.392939 elapsed_s=4.5 status=running
2026-07-02 00:59:33,061 INFO chronaris.pipelines.stage_i.public.deep_baseline_runtime: deep_train batch dataset=uab_workload_dataset model=chronaris_public_fusion track=subjective group=n_back seed=42 fold=001/002 epoch=002/005 batch=120/205 loss=0.393688 elapsed_s=4.7 status=running
2026-07-02 00:59:33,349 INFO chronaris.pipelines.stage_i.public.deep_baseline_runtime: deep_train batch dataset=uab_workload_dataset model=chronaris_public_fusion track=subjective group=n_back seed=42 fold=001/002 epoch=002/005 batch=140/205 loss=0.360231 elapsed_s=5.0 status=running
2026-07-02 00:59:33,628 INFO chronaris.pipelines.stage_i.public.deep_baseline_runtime: deep_train batch dataset=uab_workload_dataset model=chronaris_public_fusion track=subjective group=n_back seed=42 fold=001/002 epoch=002/005 batch=160/205 loss=0.377197 elapsed_s=5.3 status=running
2026-07-02 00:59:33,901 INFO chronaris.pipelines.stage_i.public.deep_baseline_runtime: deep_train batch dataset=uab_workload_dataset model=chronaris_public_fusion track=subjective group=n_back seed=42 fold=001/002 epoch=002/005 batch=180/205 loss=0.360305 elapsed_s=5.6 status=running
2026-07-02 00:59:34,175 INFO chronaris.pipelines.stage_i.public.deep_baseline_runtime: deep_train batch dataset=uab_workload_dataset model=chronaris_public_fusion track=subjective group=n_back seed=42 fold=001/002 epoch=002/005 batch=200/205 loss=0.460340 elapsed_s=5.9 status=running
2026-07-02 00:59:34,249 INFO chronaris.pipelines.stage_i.public.deep_baseline_runtime: deep_train batch dataset=uab_workload_dataset model=chronaris_public_fusion track=subjective group=n_back seed=42 fold=001/002 epoch=002/005 batch=205/205 loss=0.466876 elapsed_s=5.9 status=running
2026-07-02 00:59:34,253 INFO chronaris.pipelines.stage_i.public.deep_baseline_runtime: deep_train epoch_done dataset=uab_workload_dataset model=chronaris_public_fusion track=subjective group=n_back seed=42 fold=001/002 epoch=002/005 train_loss=0.418416 elapsed_s=2.9
2026-07-02 00:59:34,289 INFO chronaris.pipelines.stage_i.public.deep_baseline_runtime: deep_train epoch_start dataset=uab_workload_dataset model=chronaris_public_fusion track=subjective group=n_back seed=42 fold=001/002 epoch=003/005 batch_count=205
2026-07-02 00:59:34,365 INFO chronaris.pipelines.stage_i.public.deep_baseline_runtime: deep_train batch dataset=uab_workload_dataset model=chronaris_public_fusion track=subjective group=n_back seed=42 fold=001/002 epoch=003/005 batch=001/205 loss=0.407148 elapsed_s=6.1 status=running
2026-07-02 00:59:34,681 INFO chronaris.pipelines.stage_i.public.deep_baseline_runtime: deep_train batch dataset=uab_workload_dataset model=chronaris_public_fusion track=subjective group=n_back seed=42 fold=001/002 epoch=003/005 batch=020/205 loss=0.512011 elapsed_s=6.4 status=running
2026-07-02 00:59:34,948 INFO chronaris.pipelines.stage_i.public.deep_baseline_runtime: deep_train batch dataset=uab_workload_dataset model=chronaris_public_fusion track=subjective group=n_back seed=42 fold=001/002 epoch=003/005 batch=040/205 loss=0.402288 elapsed_s=6.6 status=running
2026-07-02 00:59:35,213 INFO chronaris.pipelines.stage_i.public.deep_baseline_runtime: deep_train batch dataset=uab_workload_dataset model=chronaris_public_fusion track=subjective group=n_back seed=42 fold=001/002 epoch=003/005 batch=060/205 loss=0.410158 elapsed_s=6.9 status=running
2026-07-02 00:59:35,483 INFO chronaris.pipelines.stage_i.public.deep_baseline_runtime: deep_train batch dataset=uab_workload_dataset model=chronaris_public_fusion track=subjective group=n_back seed=42 fold=001/002 epoch=003/005 batch=080/205 loss=0.470026 elapsed_s=7.2 status=running
2026-07-02 00:59:35,746 INFO chronaris.pipelines.stage_i.public.deep_baseline_runtime: deep_train batch dataset=uab_workload_dataset model=chronaris_public_fusion track=subjective group=n_back seed=42 fold=001/002 epoch=003/005 batch=100/205 loss=0.381260 elapsed_s=7.4 status=running
2026-07-02 00:59:36,008 INFO chronaris.pipelines.stage_i.public.deep_baseline_runtime: deep_train batch dataset=uab_workload_dataset model=chronaris_public_fusion track=subjective group=n_back seed=42 fold=001/002 epoch=003/005 batch=120/205 loss=0.413393 elapsed_s=7.7 status=running
2026-07-02 00:59:36,274 INFO chronaris.pipelines.stage_i.public.deep_baseline_runtime: deep_train batch dataset=uab_workload_dataset model=chronaris_public_fusion track=subjective group=n_back seed=42 fold=001/002 epoch=003/005 batch=140/205 loss=0.388493 elapsed_s=8.0 status=running
2026-07-02 00:59:36,538 INFO chronaris.pipelines.stage_i.public.deep_baseline_runtime: deep_train batch dataset=uab_workload_dataset model=chronaris_public_fusion track=subjective group=n_back seed=42 fold=001/002 epoch=003/005 batch=160/205 loss=0.457261 elapsed_s=8.2 status=running
2026-07-02 00:59:36,816 INFO chronaris.pipelines.stage_i.public.deep_baseline_runtime: deep_train batch dataset=uab_workload_dataset model=chronaris_public_fusion track=subjective group=n_back seed=42 fold=001/002 epoch=003/005 batch=180/205 loss=0.424785 elapsed_s=8.5 status=running
2026-07-02 00:59:37,083 INFO chronaris.pipelines.stage_i.public.deep_baseline_runtime: deep_train batch dataset=uab_workload_dataset model=chronaris_public_fusion track=subjective group=n_back seed=42 fold=001/002 epoch=003/005 batch=200/205 loss=0.389006 elapsed_s=8.8 status=running
2026-07-02 00:59:37,155 INFO chronaris.pipelines.stage_i.public.deep_baseline_runtime: deep_train batch dataset=uab_workload_dataset model=chronaris_public_fusion track=subjective group=n_back seed=42 fold=001/002 epoch=003/005 batch=205/205 loss=0.459963 elapsed_s=8.8 status=running
2026-07-02 00:59:37,160 INFO chronaris.pipelines.stage_i.public.deep_baseline_runtime: deep_train epoch_done dataset=uab_workload_dataset model=chronaris_public_fusion track=subjective group=n_back seed=42 fold=001/002 epoch=003/005 train_loss=0.419374 elapsed_s=2.9
2026-07-02 00:59:37,200 INFO chronaris.pipelines.stage_i.public.deep_baseline_runtime: deep_train epoch_start dataset=uab_workload_dataset model=chronaris_public_fusion track=subjective group=n_back seed=42 fold=001/002 epoch=004/005 batch_count=205
2026-07-02 00:59:37,223 INFO chronaris.pipelines.stage_i.public.deep_baseline_runtime: deep_train batch dataset=uab_workload_dataset model=chronaris_public_fusion track=subjective group=n_back seed=42 fold=001/002 epoch=004/005 batch=001/205 loss=0.368072 elapsed_s=8.9 status=running
2026-07-02 00:59:37,477 INFO chronaris.pipelines.stage_i.public.deep_baseline_runtime: deep_train batch dataset=uab_workload_dataset model=chronaris_public_fusion track=subjective group=n_back seed=42 fold=001/002 epoch=004/005 batch=020/205 loss=0.407749 elapsed_s=9.2 status=running
2026-07-02 00:59:37,737 INFO chronaris.pipelines.stage_i.public.deep_baseline_runtime: deep_train batch dataset=uab_workload_dataset model=chronaris_public_fusion track=subjective group=n_back seed=42 fold=001/002 epoch=004/005 batch=040/205 loss=0.408147 elapsed_s=9.4 status=running
2026-07-02 00:59:38,001 INFO chronaris.pipelines.stage_i.public.deep_baseline_runtime: deep_train batch dataset=uab_workload_dataset model=chronaris_public_fusion track=subjective group=n_back seed=42 fold=001/002 epoch=004/005 batch=060/205 loss=0.353936 elapsed_s=9.7 status=running
2026-07-02 00:59:38,274 INFO chronaris.pipelines.stage_i.public.deep_baseline_runtime: deep_train batch dataset=uab_workload_dataset model=chronaris_public_fusion track=subjective group=n_back seed=42 fold=001/002 epoch=004/005 batch=080/205 loss=0.427798 elapsed_s=10.0 status=running
2026-07-02 00:59:38,545 INFO chronaris.pipelines.stage_i.public.deep_baseline_runtime: deep_train batch dataset=uab_workload_dataset model=chronaris_public_fusion track=subjective group=n_back seed=42 fold=001/002 epoch=004/005 batch=100/205 loss=0.395046 elapsed_s=10.2 status=running
2026-07-02 00:59:38,819 INFO chronaris.pipelines.stage_i.public.deep_baseline_runtime: deep_train batch dataset=uab_workload_dataset model=chronaris_public_fusion track=subjective group=n_back seed=42 fold=001/002 epoch=004/005 batch=120/205 loss=0.490769 elapsed_s=10.5 status=running
2026-07-02 00:59:39,087 INFO chronaris.pipelines.stage_i.public.deep_baseline_runtime: deep_train batch dataset=uab_workload_dataset model=chronaris_public_fusion track=subjective group=n_back seed=42 fold=001/002 epoch=004/005 batch=140/205 loss=0.419038 elapsed_s=10.8 status=running
2026-07-02 00:59:39,352 INFO chronaris.pipelines.stage_i.public.deep_baseline_runtime: deep_train batch dataset=uab_workload_dataset model=chronaris_public_fusion track=subjective group=n_back seed=42 fold=001/002 epoch=004/005 batch=160/205 loss=0.389829 elapsed_s=11.0 status=running
2026-07-02 00:59:39,617 INFO chronaris.pipelines.stage_i.public.deep_baseline_runtime: deep_train batch dataset=uab_workload_dataset model=chronaris_public_fusion track=subjective group=n_back seed=42 fold=001/002 epoch=004/005 batch=180/205 loss=0.441157 elapsed_s=11.3 status=running
2026-07-02 00:59:39,878 INFO chronaris.pipelines.stage_i.public.deep_baseline_runtime: deep_train batch dataset=uab_workload_dataset model=chronaris_public_fusion track=subjective group=n_back seed=42 fold=001/002 epoch=004/005 batch=200/205 loss=0.356335 elapsed_s=11.6 status=running
2026-07-02 00:59:39,946 INFO chronaris.pipelines.stage_i.public.deep_baseline_runtime: deep_train batch dataset=uab_workload_dataset model=chronaris_public_fusion track=subjective group=n_back seed=42 fold=001/002 epoch=004/005 batch=205/205 loss=0.388429 elapsed_s=11.6 status=running
2026-07-02 00:59:39,950 INFO chronaris.pipelines.stage_i.public.deep_baseline_runtime: deep_train epoch_done dataset=uab_workload_dataset model=chronaris_public_fusion track=subjective group=n_back seed=42 fold=001/002 epoch=004/005 train_loss=0.417462 elapsed_s=2.8
2026-07-02 00:59:39,987 INFO chronaris.pipelines.stage_i.public.deep_baseline_runtime: deep_train epoch_start dataset=uab_workload_dataset model=chronaris_public_fusion track=subjective group=n_back seed=42 fold=001/002 epoch=005/005 batch_count=205
2026-07-02 00:59:40,006 INFO chronaris.pipelines.stage_i.public.deep_baseline_runtime: deep_train batch dataset=uab_workload_dataset model=chronaris_public_fusion track=subjective group=n_back seed=42 fold=001/002 epoch=005/005 batch=001/205 loss=0.380183 elapsed_s=11.7 status=running
2026-07-02 00:59:40,256 INFO chronaris.pipelines.stage_i.public.deep_baseline_runtime: deep_train batch dataset=uab_workload_dataset model=chronaris_public_fusion track=subjective group=n_back seed=42 fold=001/002 epoch=005/005 batch=020/205 loss=0.363506 elapsed_s=11.9 status=running
2026-07-02 00:59:40,522 INFO chronaris.pipelines.stage_i.public.deep_baseline_runtime: deep_train batch dataset=uab_workload_dataset model=chronaris_public_fusion track=subjective group=n_back seed=42 fold=001/002 epoch=005/005 batch=040/205 loss=0.491620 elapsed_s=12.2 status=running
2026-07-02 00:59:40,787 INFO chronaris.pipelines.stage_i.public.deep_baseline_runtime: deep_train batch dataset=uab_workload_dataset model=chronaris_public_fusion track=subjective group=n_back seed=42 fold=001/002 epoch=005/005 batch=060/205 loss=0.406059 elapsed_s=12.5 status=running
2026-07-02 00:59:41,063 INFO chronaris.pipelines.stage_i.public.deep_baseline_runtime: deep_train batch dataset=uab_workload_dataset model=chronaris_public_fusion track=subjective group=n_back seed=42 fold=001/002 epoch=005/005 batch=080/205 loss=0.445527 elapsed_s=12.8 status=running
2026-07-02 00:59:41,325 INFO chronaris.pipelines.stage_i.public.deep_baseline_runtime: deep_train batch dataset=uab_workload_dataset model=chronaris_public_fusion track=subjective group=n_back seed=42 fold=001/002 epoch=005/005 batch=100/205 loss=0.422637 elapsed_s=13.0 status=running
2026-07-02 00:59:41,590 INFO chronaris.pipelines.stage_i.public.deep_baseline_runtime: deep_train batch dataset=uab_workload_dataset model=chronaris_public_fusion track=subjective group=n_back seed=42 fold=001/002 epoch=005/005 batch=120/205 loss=0.441138 elapsed_s=13.3 status=running
2026-07-02 00:59:41,856 INFO chronaris.pipelines.stage_i.public.deep_baseline_runtime: deep_train batch dataset=uab_workload_dataset model=chronaris_public_fusion track=subjective group=n_back seed=42 fold=001/002 epoch=005/005 batch=140/205 loss=0.371409 elapsed_s=13.5 status=running
2026-07-02 00:59:42,126 INFO chronaris.pipelines.stage_i.public.deep_baseline_runtime: deep_train batch dataset=uab_workload_dataset model=chronaris_public_fusion track=subjective group=n_back seed=42 fold=001/002 epoch=005/005 batch=160/205 loss=0.360780 elapsed_s=13.8 status=running
2026-07-02 00:59:42,389 INFO chronaris.pipelines.stage_i.public.deep_baseline_runtime: deep_train batch dataset=uab_workload_dataset model=chronaris_public_fusion track=subjective group=n_back seed=42 fold=001/002 epoch=005/005 batch=180/205 loss=0.464193 elapsed_s=14.1 status=running
2026-07-02 00:59:42,652 INFO chronaris.pipelines.stage_i.public.deep_baseline_runtime: deep_train batch dataset=uab_workload_dataset model=chronaris_public_fusion track=subjective group=n_back seed=42 fold=001/002 epoch=005/005 batch=200/205 loss=0.395330 elapsed_s=14.3 status=running
2026-07-02 00:59:42,722 INFO chronaris.pipelines.stage_i.public.deep_baseline_runtime: deep_train batch dataset=uab_workload_dataset model=chronaris_public_fusion track=subjective group=n_back seed=42 fold=001/002 epoch=005/005 batch=205/205 loss=0.382561 elapsed_s=14.4 status=running
2026-07-02 00:59:42,726 INFO chronaris.pipelines.stage_i.public.deep_baseline_runtime: deep_train epoch_done dataset=uab_workload_dataset model=chronaris_public_fusion track=subjective group=n_back seed=42 fold=001/002 epoch=005/005 train_loss=0.412901 elapsed_s=2.7
2026-07-02 00:59:42,763 INFO chronaris.pipelines.stage_i.public.deep_baseline_runtime: deep_train fold_done dataset=uab_workload_dataset model=chronaris_public_fusion track=subjective group=n_back seed=42 fold=001/002 elapsed_s=14.5
2026-07-02 00:59:46,347 INFO chronaris.pipelines.stage_i.public.deep_baseline_runtime: deep_train fold_start dataset=uab_workload_dataset model=chronaris_public_fusion track=subjective group=n_back seed=42 fold=002/002 split_group=subject_02 task=regression train_count=26176 epochs=5 batch_size=128
2026-07-02 00:59:46,351 INFO chronaris.pipelines.stage_i.public.deep_baseline_runtime: deep_train epoch_start dataset=uab_workload_dataset model=chronaris_public_fusion track=subjective group=n_back seed=42 fold=002/002 epoch=001/005 batch_count=205
2026-07-02 00:59:46,395 INFO chronaris.pipelines.stage_i.public.deep_baseline_runtime: deep_train batch dataset=uab_workload_dataset model=chronaris_public_fusion track=subjective group=n_back seed=42 fold=002/002 epoch=001/005 batch=001/205 loss=0.358463 elapsed_s=0.0 status=running
2026-07-02 00:59:46,778 INFO chronaris.pipelines.stage_i.public.deep_baseline_runtime: deep_train batch dataset=uab_workload_dataset model=chronaris_public_fusion track=subjective group=n_back seed=42 fold=002/002 epoch=001/005 batch=020/205 loss=0.442844 elapsed_s=0.4 status=running
2026-07-02 00:59:47,044 INFO chronaris.pipelines.stage_i.public.deep_baseline_runtime: deep_train batch dataset=uab_workload_dataset model=chronaris_public_fusion track=subjective group=n_back seed=42 fold=002/002 epoch=001/005 batch=040/205 loss=0.409387 elapsed_s=0.7 status=running
2026-07-02 00:59:47,309 INFO chronaris.pipelines.stage_i.public.deep_baseline_runtime: deep_train batch dataset=uab_workload_dataset model=chronaris_public_fusion track=subjective group=n_back seed=42 fold=002/002 epoch=001/005 batch=060/205 loss=0.449918 elapsed_s=1.0 status=running
2026-07-02 00:59:47,580 INFO chronaris.pipelines.stage_i.public.deep_baseline_runtime: deep_train batch dataset=uab_workload_dataset model=chronaris_public_fusion track=subjective group=n_back seed=42 fold=002/002 epoch=001/005 batch=080/205 loss=0.491588 elapsed_s=1.2 status=running
2026-07-02 00:59:47,845 INFO chronaris.pipelines.stage_i.public.deep_baseline_runtime: deep_train batch dataset=uab_workload_dataset model=chronaris_public_fusion track=subjective group=n_back seed=42 fold=002/002 epoch=001/005 batch=100/205 loss=0.460418 elapsed_s=1.5 status=running
2026-07-02 00:59:48,116 INFO chronaris.pipelines.stage_i.public.deep_baseline_runtime: deep_train batch dataset=uab_workload_dataset model=chronaris_public_fusion track=subjective group=n_back seed=42 fold=002/002 epoch=001/005 batch=120/205 loss=0.467217 elapsed_s=1.8 status=running
2026-07-02 00:59:48,395 INFO chronaris.pipelines.stage_i.public.deep_baseline_runtime: deep_train batch dataset=uab_workload_dataset model=chronaris_public_fusion track=subjective group=n_back seed=42 fold=002/002 epoch=001/005 batch=140/205 loss=0.392267 elapsed_s=2.0 status=running
2026-07-02 00:59:48,654 INFO chronaris.pipelines.stage_i.public.deep_baseline_runtime: deep_train batch dataset=uab_workload_dataset model=chronaris_public_fusion track=subjective group=n_back seed=42 fold=002/002 epoch=001/005 batch=160/205 loss=0.441326 elapsed_s=2.3 status=running
2026-07-02 00:59:48,914 INFO chronaris.pipelines.stage_i.public.deep_baseline_runtime: deep_train batch dataset=uab_workload_dataset model=chronaris_public_fusion track=subjective group=n_back seed=42 fold=002/002 epoch=001/005 batch=180/205 loss=0.460501 elapsed_s=2.6 status=running
2026-07-02 00:59:49,189 INFO chronaris.pipelines.stage_i.public.deep_baseline_runtime: deep_train batch dataset=uab_workload_dataset model=chronaris_public_fusion track=subjective group=n_back seed=42 fold=002/002 epoch=001/005 batch=200/205 loss=0.385797 elapsed_s=2.8 status=running
2026-07-02 00:59:49,259 INFO chronaris.pipelines.stage_i.public.deep_baseline_runtime: deep_train batch dataset=uab_workload_dataset model=chronaris_public_fusion track=subjective group=n_back seed=42 fold=002/002 epoch=001/005 batch=205/205 loss=0.434040 elapsed_s=2.9 status=running
2026-07-02 00:59:49,264 INFO chronaris.pipelines.stage_i.public.deep_baseline_runtime: deep_train epoch_done dataset=uab_workload_dataset model=chronaris_public_fusion track=subjective group=n_back seed=42 fold=002/002 epoch=001/005 train_loss=0.427135 elapsed_s=2.9
2026-07-02 00:59:49,300 INFO chronaris.pipelines.stage_i.public.deep_baseline_runtime: deep_train epoch_start dataset=uab_workload_dataset model=chronaris_public_fusion track=subjective group=n_back seed=42 fold=002/002 epoch=002/005 batch_count=205
2026-07-02 00:59:49,362 INFO chronaris.pipelines.stage_i.public.deep_baseline_runtime: deep_train batch dataset=uab_workload_dataset model=chronaris_public_fusion track=subjective group=n_back seed=42 fold=002/002 epoch=002/005 batch=001/205 loss=0.389757 elapsed_s=3.0 status=running
2026-07-02 00:59:49,615 INFO chronaris.pipelines.stage_i.public.deep_baseline_runtime: deep_train batch dataset=uab_workload_dataset model=chronaris_public_fusion track=subjective group=n_back seed=42 fold=002/002 epoch=002/005 batch=020/205 loss=0.409890 elapsed_s=3.3 status=running
2026-07-02 00:59:49,873 INFO chronaris.pipelines.stage_i.public.deep_baseline_runtime: deep_train batch dataset=uab_workload_dataset model=chronaris_public_fusion track=subjective group=n_back seed=42 fold=002/002 epoch=002/005 batch=040/205 loss=0.377678 elapsed_s=3.5 status=running
2026-07-02 00:59:50,144 INFO chronaris.pipelines.stage_i.public.deep_baseline_runtime: deep_train batch dataset=uab_workload_dataset model=chronaris_public_fusion track=subjective group=n_back seed=42 fold=002/002 epoch=002/005 batch=060/205 loss=0.422163 elapsed_s=3.8 status=running
2026-07-02 00:59:50,411 INFO chronaris.pipelines.stage_i.public.deep_baseline_runtime: deep_train batch dataset=uab_workload_dataset model=chronaris_public_fusion track=subjective group=n_back seed=42 fold=002/002 epoch=002/005 batch=080/205 loss=0.447067 elapsed_s=4.1 status=running
2026-07-02 00:59:50,677 INFO chronaris.pipelines.stage_i.public.deep_baseline_runtime: deep_train batch dataset=uab_workload_dataset model=chronaris_public_fusion track=subjective group=n_back seed=42 fold=002/002 epoch=002/005 batch=100/205 loss=0.402879 elapsed_s=4.3 status=running
2026-07-02 00:59:50,942 INFO chronaris.pipelines.stage_i.public.deep_baseline_runtime: deep_train batch dataset=uab_workload_dataset model=chronaris_public_fusion track=subjective group=n_back seed=42 fold=002/002 epoch=002/005 batch=120/205 loss=0.361785 elapsed_s=4.6 status=running
2026-07-02 00:59:51,210 INFO chronaris.pipelines.stage_i.public.deep_baseline_runtime: deep_train batch dataset=uab_workload_dataset model=chronaris_public_fusion track=subjective group=n_back seed=42 fold=002/002 epoch=002/005 batch=140/205 loss=0.380663 elapsed_s=4.9 status=running
2026-07-02 00:59:51,473 INFO chronaris.pipelines.stage_i.public.deep_baseline_runtime: deep_train batch dataset=uab_workload_dataset model=chronaris_public_fusion track=subjective group=n_back seed=42 fold=002/002 epoch=002/005 batch=160/205 loss=0.379323 elapsed_s=5.1 status=running
2026-07-02 00:59:51,732 INFO chronaris.pipelines.stage_i.public.deep_baseline_runtime: deep_train batch dataset=uab_workload_dataset model=chronaris_public_fusion track=subjective group=n_back seed=42 fold=002/002 epoch=002/005 batch=180/205 loss=0.381844 elapsed_s=5.4 status=running
2026-07-02 00:59:51,993 INFO chronaris.pipelines.stage_i.public.deep_baseline_runtime: deep_train batch dataset=uab_workload_dataset model=chronaris_public_fusion track=subjective group=n_back seed=42 fold=002/002 epoch=002/005 batch=200/205 loss=0.460742 elapsed_s=5.6 status=running
2026-07-02 00:59:52,061 INFO chronaris.pipelines.stage_i.public.deep_baseline_runtime: deep_train batch dataset=uab_workload_dataset model=chronaris_public_fusion track=subjective group=n_back seed=42 fold=002/002 epoch=002/005 batch=205/205 loss=0.496309 elapsed_s=5.7 status=running
2026-07-02 00:59:52,065 INFO chronaris.pipelines.stage_i.public.deep_baseline_runtime: deep_train epoch_done dataset=uab_workload_dataset model=chronaris_public_fusion track=subjective group=n_back seed=42 fold=002/002 epoch=002/005 train_loss=0.419210 elapsed_s=2.8
2026-07-02 00:59:52,104 INFO chronaris.pipelines.stage_i.public.deep_baseline_runtime: deep_train epoch_start dataset=uab_workload_dataset model=chronaris_public_fusion track=subjective group=n_back seed=42 fold=002/002 epoch=003/005 batch_count=205
2026-07-02 00:59:52,123 INFO chronaris.pipelines.stage_i.public.deep_baseline_runtime: deep_train batch dataset=uab_workload_dataset model=chronaris_public_fusion track=subjective group=n_back seed=42 fold=002/002 epoch=003/005 batch=001/205 loss=0.354879 elapsed_s=5.8 status=running
2026-07-02 00:59:52,377 INFO chronaris.pipelines.stage_i.public.deep_baseline_runtime: deep_train batch dataset=uab_workload_dataset model=chronaris_public_fusion track=subjective group=n_back seed=42 fold=002/002 epoch=003/005 batch=020/205 loss=0.456107 elapsed_s=6.0 status=running
2026-07-02 00:59:52,645 INFO chronaris.pipelines.stage_i.public.deep_baseline_runtime: deep_train batch dataset=uab_workload_dataset model=chronaris_public_fusion track=subjective group=n_back seed=42 fold=002/002 epoch=003/005 batch=040/205 loss=0.455822 elapsed_s=6.3 status=running
2026-07-02 00:59:52,922 INFO chronaris.pipelines.stage_i.public.deep_baseline_runtime: deep_train batch dataset=uab_workload_dataset model=chronaris_public_fusion track=subjective group=n_back seed=42 fold=002/002 epoch=003/005 batch=060/205 loss=0.418194 elapsed_s=6.6 status=running
2026-07-02 00:59:53,210 INFO chronaris.pipelines.stage_i.public.deep_baseline_runtime: deep_train batch dataset=uab_workload_dataset model=chronaris_public_fusion track=subjective group=n_back seed=42 fold=002/002 epoch=003/005 batch=080/205 loss=0.470163 elapsed_s=6.9 status=running
2026-07-02 00:59:53,481 INFO chronaris.pipelines.stage_i.public.deep_baseline_runtime: deep_train batch dataset=uab_workload_dataset model=chronaris_public_fusion track=subjective group=n_back seed=42 fold=002/002 epoch=003/005 batch=100/205 loss=0.403708 elapsed_s=7.1 status=running
2026-07-02 00:59:53,750 INFO chronaris.pipelines.stage_i.public.deep_baseline_runtime: deep_train batch dataset=uab_workload_dataset model=chronaris_public_fusion track=subjective group=n_back seed=42 fold=002/002 epoch=003/005 batch=120/205 loss=0.422518 elapsed_s=7.4 status=running
2026-07-02 00:59:54,027 INFO chronaris.pipelines.stage_i.public.deep_baseline_runtime: deep_train batch dataset=uab_workload_dataset model=chronaris_public_fusion track=subjective group=n_back seed=42 fold=002/002 epoch=003/005 batch=140/205 loss=0.379425 elapsed_s=7.7 status=running
2026-07-02 00:59:54,302 INFO chronaris.pipelines.stage_i.public.deep_baseline_runtime: deep_train batch dataset=uab_workload_dataset model=chronaris_public_fusion track=subjective group=n_back seed=42 fold=002/002 epoch=003/005 batch=160/205 loss=0.477391 elapsed_s=8.0 status=running
2026-07-02 00:59:54,580 INFO chronaris.pipelines.stage_i.public.deep_baseline_runtime: deep_train batch dataset=uab_workload_dataset model=chronaris_public_fusion track=subjective group=n_back seed=42 fold=002/002 epoch=003/005 batch=180/205 loss=0.423546 elapsed_s=8.2 status=running
2026-07-02 00:59:58,006 INFO chronaris.pipelines.stage_i.public.deep_baseline_runtime: deep_train batch dataset=uab_workload_dataset model=chronaris_public_fusion track=subjective group=n_back seed=42 fold=002/002 epoch=003/005 batch=200/205 loss=0.391245 elapsed_s=8.5 status=running
2026-07-02 00:59:58,078 INFO chronaris.pipelines.stage_i.public.deep_baseline_runtime: deep_train batch dataset=uab_workload_dataset model=chronaris_public_fusion track=subjective group=n_back seed=42 fold=002/002 epoch=003/005 batch=205/205 loss=0.520606 elapsed_s=8.6 status=running
2026-07-02 00:59:58,082 INFO chronaris.pipelines.stage_i.public.deep_baseline_runtime: deep_train epoch_done dataset=uab_workload_dataset model=chronaris_public_fusion track=subjective group=n_back seed=42 fold=002/002 epoch=003/005 train_loss=0.417407 elapsed_s=2.8
2026-07-02 00:59:58,122 INFO chronaris.pipelines.stage_i.public.deep_baseline_runtime: deep_train epoch_start dataset=uab_workload_dataset model=chronaris_public_fusion track=subjective group=n_back seed=42 fold=002/002 epoch=004/005 batch_count=205
2026-07-02 00:59:58,142 INFO chronaris.pipelines.stage_i.public.deep_baseline_runtime: deep_train batch dataset=uab_workload_dataset model=chronaris_public_fusion track=subjective group=n_back seed=42 fold=002/002 epoch=004/005 batch=001/205 loss=0.450098 elapsed_s=8.6 status=running
2026-07-02 00:59:58,415 INFO chronaris.pipelines.stage_i.public.deep_baseline_runtime: deep_train batch dataset=uab_workload_dataset model=chronaris_public_fusion track=subjective group=n_back seed=42 fold=002/002 epoch=004/005 batch=020/205 loss=0.510913 elapsed_s=8.9 status=running
2026-07-02 00:59:58,690 INFO chronaris.pipelines.stage_i.public.deep_baseline_runtime: deep_train batch dataset=uab_workload_dataset model=chronaris_public_fusion track=subjective group=n_back seed=42 fold=002/002 epoch=004/005 batch=040/205 loss=0.435399 elapsed_s=9.2 status=running
2026-07-02 00:59:58,968 INFO chronaris.pipelines.stage_i.public.deep_baseline_runtime: deep_train batch dataset=uab_workload_dataset model=chronaris_public_fusion track=subjective group=n_back seed=42 fold=002/002 epoch=004/005 batch=060/205 loss=0.385343 elapsed_s=9.5 status=running
2026-07-02 00:59:59,240 INFO chronaris.pipelines.stage_i.public.deep_baseline_runtime: deep_train batch dataset=uab_workload_dataset model=chronaris_public_fusion track=subjective group=n_back seed=42 fold=002/002 epoch=004/005 batch=080/205 loss=0.415583 elapsed_s=9.7 status=running
2026-07-02 00:59:59,509 INFO chronaris.pipelines.stage_i.public.deep_baseline_runtime: deep_train batch dataset=uab_workload_dataset model=chronaris_public_fusion track=subjective group=n_back seed=42 fold=002/002 epoch=004/005 batch=100/205 loss=0.416022 elapsed_s=10.0 status=running
2026-07-02 00:59:59,778 INFO chronaris.pipelines.stage_i.public.deep_baseline_runtime: deep_train batch dataset=uab_workload_dataset model=chronaris_public_fusion track=subjective group=n_back seed=42 fold=002/002 epoch=004/005 batch=120/205 loss=0.466650 elapsed_s=10.3 status=running
2026-07-02 01:00:00,058 INFO chronaris.pipelines.stage_i.public.deep_baseline_runtime: deep_train batch dataset=uab_workload_dataset model=chronaris_public_fusion track=subjective group=n_back seed=42 fold=002/002 epoch=004/005 batch=140/205 loss=0.392091 elapsed_s=10.6 status=running
2026-07-02 01:00:00,334 INFO chronaris.pipelines.stage_i.public.deep_baseline_runtime: deep_train batch dataset=uab_workload_dataset model=chronaris_public_fusion track=subjective group=n_back seed=42 fold=002/002 epoch=004/005 batch=160/205 loss=0.378506 elapsed_s=10.8 status=running
2026-07-02 01:00:00,620 INFO chronaris.pipelines.stage_i.public.deep_baseline_runtime: deep_train batch dataset=uab_workload_dataset model=chronaris_public_fusion track=subjective group=n_back seed=42 fold=002/002 epoch=004/005 batch=180/205 loss=0.470681 elapsed_s=11.1 status=running
2026-07-02 01:00:00,895 INFO chronaris.pipelines.stage_i.public.deep_baseline_runtime: deep_train batch dataset=uab_workload_dataset model=chronaris_public_fusion track=subjective group=n_back seed=42 fold=002/002 epoch=004/005 batch=200/205 loss=0.357772 elapsed_s=11.4 status=running
2026-07-02 01:00:00,967 INFO chronaris.pipelines.stage_i.public.deep_baseline_runtime: deep_train batch dataset=uab_workload_dataset model=chronaris_public_fusion track=subjective group=n_back seed=42 fold=002/002 epoch=004/005 batch=205/205 loss=0.380847 elapsed_s=11.5 status=running
2026-07-02 01:00:00,971 INFO chronaris.pipelines.stage_i.public.deep_baseline_runtime: deep_train epoch_done dataset=uab_workload_dataset model=chronaris_public_fusion track=subjective group=n_back seed=42 fold=002/002 epoch=004/005 train_loss=0.417299 elapsed_s=2.8
2026-07-02 01:00:01,009 INFO chronaris.pipelines.stage_i.public.deep_baseline_runtime: deep_train epoch_start dataset=uab_workload_dataset model=chronaris_public_fusion track=subjective group=n_back seed=42 fold=002/002 epoch=005/005 batch_count=205
2026-07-02 01:00:01,036 INFO chronaris.pipelines.stage_i.public.deep_baseline_runtime: deep_train batch dataset=uab_workload_dataset model=chronaris_public_fusion track=subjective group=n_back seed=42 fold=002/002 epoch=005/005 batch=001/205 loss=0.331406 elapsed_s=11.5 status=running
2026-07-02 01:00:01,299 INFO chronaris.pipelines.stage_i.public.deep_baseline_runtime: deep_train batch dataset=uab_workload_dataset model=chronaris_public_fusion track=subjective group=n_back seed=42 fold=002/002 epoch=005/005 batch=020/205 loss=0.453622 elapsed_s=11.8 status=running
2026-07-02 01:00:01,570 INFO chronaris.pipelines.stage_i.public.deep_baseline_runtime: deep_train batch dataset=uab_workload_dataset model=chronaris_public_fusion track=subjective group=n_back seed=42 fold=002/002 epoch=005/005 batch=040/205 loss=0.436751 elapsed_s=12.1 status=running
2026-07-02 01:00:01,849 INFO chronaris.pipelines.stage_i.public.deep_baseline_runtime: deep_train batch dataset=uab_workload_dataset model=chronaris_public_fusion track=subjective group=n_back seed=42 fold=002/002 epoch=005/005 batch=060/205 loss=0.527520 elapsed_s=12.4 status=running
2026-07-02 01:00:02,123 INFO chronaris.pipelines.stage_i.public.deep_baseline_runtime: deep_train batch dataset=uab_workload_dataset model=chronaris_public_fusion track=subjective group=n_back seed=42 fold=002/002 epoch=005/005 batch=080/205 loss=0.493483 elapsed_s=12.6 status=running
2026-07-02 01:00:02,403 INFO chronaris.pipelines.stage_i.public.deep_baseline_runtime: deep_train batch dataset=uab_workload_dataset model=chronaris_public_fusion track=subjective group=n_back seed=42 fold=002/002 epoch=005/005 batch=100/205 loss=0.444746 elapsed_s=12.9 status=running
2026-07-02 01:00:02,693 INFO chronaris.pipelines.stage_i.public.deep_baseline_runtime: deep_train batch dataset=uab_workload_dataset model=chronaris_public_fusion track=subjective group=n_back seed=42 fold=002/002 epoch=005/005 batch=120/205 loss=0.419000 elapsed_s=13.2 status=running
2026-07-02 01:00:02,970 INFO chronaris.pipelines.stage_i.public.deep_baseline_runtime: deep_train batch dataset=uab_workload_dataset model=chronaris_public_fusion track=subjective group=n_back seed=42 fold=002/002 epoch=005/005 batch=140/205 loss=0.397993 elapsed_s=13.5 status=running
2026-07-02 01:00:03,249 INFO chronaris.pipelines.stage_i.public.deep_baseline_runtime: deep_train batch dataset=uab_workload_dataset model=chronaris_public_fusion track=subjective group=n_back seed=42 fold=002/002 epoch=005/005 batch=160/205 loss=0.374564 elapsed_s=13.8 status=running
2026-07-02 01:00:03,523 INFO chronaris.pipelines.stage_i.public.deep_baseline_runtime: deep_train batch dataset=uab_workload_dataset model=chronaris_public_fusion track=subjective group=n_back seed=42 fold=002/002 epoch=005/005 batch=180/205 loss=0.439372 elapsed_s=14.0 status=running
2026-07-02 01:00:03,800 INFO chronaris.pipelines.stage_i.public.deep_baseline_runtime: deep_train batch dataset=uab_workload_dataset model=chronaris_public_fusion track=subjective group=n_back seed=42 fold=002/002 epoch=005/005 batch=200/205 loss=0.399659 elapsed_s=14.3 status=running
2026-07-02 01:00:03,870 INFO chronaris.pipelines.stage_i.public.deep_baseline_runtime: deep_train batch dataset=uab_workload_dataset model=chronaris_public_fusion track=subjective group=n_back seed=42 fold=002/002 epoch=005/005 batch=205/205 loss=0.405952 elapsed_s=14.4 status=running
2026-07-02 01:00:03,875 INFO chronaris.pipelines.stage_i.public.deep_baseline_runtime: deep_train epoch_done dataset=uab_workload_dataset model=chronaris_public_fusion track=subjective group=n_back seed=42 fold=002/002 epoch=005/005 train_loss=0.415450 elapsed_s=2.9
2026-07-02 01:00:03,915 INFO chronaris.pipelines.stage_i.public.deep_baseline_runtime: deep_train fold_done dataset=uab_workload_dataset model=chronaris_public_fusion track=subjective group=n_back seed=42 fold=002/002 elapsed_s=14.4
2026-07-02 01:00:06,954 INFO chronaris.pipelines.stage_i.public.deep_baseline_runtime: deep_train fold_start dataset=uab_workload_dataset model=chronaris_public_fusion track=subjective group=heat_the_chair seed=42 fold=001/002 split_group=subject_01 task=regression train_count=5116 epochs=5 batch_size=128
2026-07-02 01:00:06,959 INFO chronaris.pipelines.stage_i.public.deep_baseline_runtime: deep_train epoch_start dataset=uab_workload_dataset model=chronaris_public_fusion track=subjective group=heat_the_chair seed=42 fold=001/002 epoch=001/005 batch_count=40
2026-07-02 01:00:06,988 INFO chronaris.pipelines.stage_i.public.deep_baseline_runtime: deep_train batch dataset=uab_workload_dataset model=chronaris_public_fusion track=subjective group=heat_the_chair seed=42 fold=001/002 epoch=001/005 batch=001/040 loss=0.483869 elapsed_s=0.0 status=running
2026-07-02 01:00:07,373 INFO chronaris.pipelines.stage_i.public.deep_baseline_runtime: deep_train batch dataset=uab_workload_dataset model=chronaris_public_fusion track=subjective group=heat_the_chair seed=42 fold=001/002 epoch=001/005 batch=020/040 loss=0.463804 elapsed_s=0.4 status=running
2026-07-02 01:00:07,645 INFO chronaris.pipelines.stage_i.public.deep_baseline_runtime: deep_train batch dataset=uab_workload_dataset model=chronaris_public_fusion track=subjective group=heat_the_chair seed=42 fold=001/002 epoch=001/005 batch=040/040 loss=0.326225 elapsed_s=0.7 status=running
2026-07-02 01:00:07,650 INFO chronaris.pipelines.stage_i.public.deep_baseline_runtime: deep_train epoch_done dataset=uab_workload_dataset model=chronaris_public_fusion track=subjective group=heat_the_chair seed=42 fold=001/002 epoch=001/005 train_loss=0.416802 elapsed_s=0.7
2026-07-02 01:00:07,684 INFO chronaris.pipelines.stage_i.public.deep_baseline_runtime: deep_train epoch_start dataset=uab_workload_dataset model=chronaris_public_fusion track=subjective group=heat_the_chair seed=42 fold=001/002 epoch=002/005 batch_count=40
2026-07-02 01:00:07,751 INFO chronaris.pipelines.stage_i.public.deep_baseline_runtime: deep_train batch dataset=uab_workload_dataset model=chronaris_public_fusion track=subjective group=heat_the_chair seed=42 fold=001/002 epoch=002/005 batch=001/040 loss=0.359853 elapsed_s=0.8 status=running
2026-07-02 01:00:08,004 INFO chronaris.pipelines.stage_i.public.deep_baseline_runtime: deep_train batch dataset=uab_workload_dataset model=chronaris_public_fusion track=subjective group=heat_the_chair seed=42 fold=001/002 epoch=002/005 batch=020/040 loss=0.407504 elapsed_s=1.0 status=running
2026-07-02 01:00:08,273 INFO chronaris.pipelines.stage_i.public.deep_baseline_runtime: deep_train batch dataset=uab_workload_dataset model=chronaris_public_fusion track=subjective group=heat_the_chair seed=42 fold=001/002 epoch=002/005 batch=040/040 loss=0.448698 elapsed_s=1.3 status=running
2026-07-02 01:00:08,277 INFO chronaris.pipelines.stage_i.public.deep_baseline_runtime: deep_train epoch_done dataset=uab_workload_dataset model=chronaris_public_fusion track=subjective group=heat_the_chair seed=42 fold=001/002 epoch=002/005 train_loss=0.411746 elapsed_s=0.6
2026-07-02 01:00:08,315 INFO chronaris.pipelines.stage_i.public.deep_baseline_runtime: deep_train epoch_start dataset=uab_workload_dataset model=chronaris_public_fusion track=subjective group=heat_the_chair seed=42 fold=001/002 epoch=003/005 batch_count=40
2026-07-02 01:00:08,335 INFO chronaris.pipelines.stage_i.public.deep_baseline_runtime: deep_train batch dataset=uab_workload_dataset model=chronaris_public_fusion track=subjective group=heat_the_chair seed=42 fold=001/002 epoch=003/005 batch=001/040 loss=0.429233 elapsed_s=1.4 status=running
2026-07-02 01:00:08,589 INFO chronaris.pipelines.stage_i.public.deep_baseline_runtime: deep_train batch dataset=uab_workload_dataset model=chronaris_public_fusion track=subjective group=heat_the_chair seed=42 fold=001/002 epoch=003/005 batch=020/040 loss=0.452292 elapsed_s=1.6 status=running
2026-07-02 01:00:08,862 INFO chronaris.pipelines.stage_i.public.deep_baseline_runtime: deep_train batch dataset=uab_workload_dataset model=chronaris_public_fusion track=subjective group=heat_the_chair seed=42 fold=001/002 epoch=003/005 batch=040/040 loss=0.401108 elapsed_s=1.9 status=running
2026-07-02 01:00:08,867 INFO chronaris.pipelines.stage_i.public.deep_baseline_runtime: deep_train epoch_done dataset=uab_workload_dataset model=chronaris_public_fusion track=subjective group=heat_the_chair seed=42 fold=001/002 epoch=003/005 train_loss=0.410800 elapsed_s=0.6
2026-07-02 01:00:08,907 INFO chronaris.pipelines.stage_i.public.deep_baseline_runtime: deep_train epoch_start dataset=uab_workload_dataset model=chronaris_public_fusion track=subjective group=heat_the_chair seed=42 fold=001/002 epoch=004/005 batch_count=40
2026-07-02 01:00:08,928 INFO chronaris.pipelines.stage_i.public.deep_baseline_runtime: deep_train batch dataset=uab_workload_dataset model=chronaris_public_fusion track=subjective group=heat_the_chair seed=42 fold=001/002 epoch=004/005 batch=001/040 loss=0.448899 elapsed_s=2.0 status=running
2026-07-02 01:00:09,181 INFO chronaris.pipelines.stage_i.public.deep_baseline_runtime: deep_train batch dataset=uab_workload_dataset model=chronaris_public_fusion track=subjective group=heat_the_chair seed=42 fold=001/002 epoch=004/005 batch=020/040 loss=0.377858 elapsed_s=2.2 status=running
2026-07-02 01:00:09,449 INFO chronaris.pipelines.stage_i.public.deep_baseline_runtime: deep_train batch dataset=uab_workload_dataset model=chronaris_public_fusion track=subjective group=heat_the_chair seed=42 fold=001/002 epoch=004/005 batch=040/040 loss=0.387239 elapsed_s=2.5 status=running
2026-07-02 01:00:09,453 INFO chronaris.pipelines.stage_i.public.deep_baseline_runtime: deep_train epoch_done dataset=uab_workload_dataset model=chronaris_public_fusion track=subjective group=heat_the_chair seed=42 fold=001/002 epoch=004/005 train_loss=0.411395 elapsed_s=0.5
2026-07-02 01:00:09,489 INFO chronaris.pipelines.stage_i.public.deep_baseline_runtime: deep_train epoch_start dataset=uab_workload_dataset model=chronaris_public_fusion track=subjective group=heat_the_chair seed=42 fold=001/002 epoch=005/005 batch_count=40
2026-07-02 01:00:09,508 INFO chronaris.pipelines.stage_i.public.deep_baseline_runtime: deep_train batch dataset=uab_workload_dataset model=chronaris_public_fusion track=subjective group=heat_the_chair seed=42 fold=001/002 epoch=005/005 batch=001/040 loss=0.327953 elapsed_s=2.5 status=running
2026-07-02 01:00:09,760 INFO chronaris.pipelines.stage_i.public.deep_baseline_runtime: deep_train batch dataset=uab_workload_dataset model=chronaris_public_fusion track=subjective group=heat_the_chair seed=42 fold=001/002 epoch=005/005 batch=020/040 loss=0.427539 elapsed_s=2.8 status=running
2026-07-02 01:00:10,028 INFO chronaris.pipelines.stage_i.public.deep_baseline_runtime: deep_train batch dataset=uab_workload_dataset model=chronaris_public_fusion track=subjective group=heat_the_chair seed=42 fold=001/002 epoch=005/005 batch=040/040 loss=0.428671 elapsed_s=3.1 status=running
2026-07-02 01:00:10,032 INFO chronaris.pipelines.stage_i.public.deep_baseline_runtime: deep_train epoch_done dataset=uab_workload_dataset model=chronaris_public_fusion track=subjective group=heat_the_chair seed=42 fold=001/002 epoch=005/005 train_loss=0.411330 elapsed_s=0.5
2026-07-02 01:00:10,070 INFO chronaris.pipelines.stage_i.public.deep_baseline_runtime: deep_train fold_done dataset=uab_workload_dataset model=chronaris_public_fusion track=subjective group=heat_the_chair seed=42 fold=001/002 elapsed_s=3.1
2026-07-02 01:00:11,534 INFO chronaris.pipelines.stage_i.public.deep_baseline_runtime: deep_train fold_start dataset=uab_workload_dataset model=chronaris_public_fusion track=subjective group=heat_the_chair seed=42 fold=002/002 split_group=subject_02 task=regression train_count=5126 epochs=5 batch_size=128
2026-07-02 01:00:11,539 INFO chronaris.pipelines.stage_i.public.deep_baseline_runtime: deep_train epoch_start dataset=uab_workload_dataset model=chronaris_public_fusion track=subjective group=heat_the_chair seed=42 fold=002/002 epoch=001/005 batch_count=41
2026-07-02 01:00:11,562 INFO chronaris.pipelines.stage_i.public.deep_baseline_runtime: deep_train batch dataset=uab_workload_dataset model=chronaris_public_fusion track=subjective group=heat_the_chair seed=42 fold=002/002 epoch=001/005 batch=001/041 loss=0.384458 elapsed_s=0.0 status=running
2026-07-02 01:00:11,817 INFO chronaris.pipelines.stage_i.public.deep_baseline_runtime: deep_train batch dataset=uab_workload_dataset model=chronaris_public_fusion track=subjective group=heat_the_chair seed=42 fold=002/002 epoch=001/005 batch=020/041 loss=0.477446 elapsed_s=0.3 status=running
2026-07-02 01:00:12,080 INFO chronaris.pipelines.stage_i.public.deep_baseline_runtime: deep_train batch dataset=uab_workload_dataset model=chronaris_public_fusion track=subjective group=heat_the_chair seed=42 fold=002/002 epoch=001/005 batch=040/041 loss=0.338119 elapsed_s=0.5 status=running
2026-07-02 01:00:12,097 INFO chronaris.pipelines.stage_i.public.deep_baseline_runtime: deep_train batch dataset=uab_workload_dataset model=chronaris_public_fusion track=subjective group=heat_the_chair seed=42 fold=002/002 epoch=001/005 batch=041/041 loss=0.306562 elapsed_s=0.6 status=running
2026-07-02 01:00:12,101 INFO chronaris.pipelines.stage_i.public.deep_baseline_runtime: deep_train epoch_done dataset=uab_workload_dataset model=chronaris_public_fusion track=subjective group=heat_the_chair seed=42 fold=002/002 epoch=001/005 train_loss=0.424762 elapsed_s=0.6
2026-07-02 01:00:12,135 INFO chronaris.pipelines.stage_i.public.deep_baseline_runtime: deep_train epoch_start dataset=uab_workload_dataset model=chronaris_public_fusion track=subjective group=heat_the_chair seed=42 fold=002/002 epoch=002/005 batch_count=41
2026-07-02 01:00:12,152 INFO chronaris.pipelines.stage_i.public.deep_baseline_runtime: deep_train batch dataset=uab_workload_dataset model=chronaris_public_fusion track=subjective group=heat_the_chair seed=42 fold=002/002 epoch=002/005 batch=001/041 loss=0.371023 elapsed_s=0.6 status=running
2026-07-02 01:00:12,406 INFO chronaris.pipelines.stage_i.public.deep_baseline_runtime: deep_train batch dataset=uab_workload_dataset model=chronaris_public_fusion track=subjective group=heat_the_chair seed=42 fold=002/002 epoch=002/005 batch=020/041 loss=0.413932 elapsed_s=0.9 status=running
2026-07-02 01:00:12,670 INFO chronaris.pipelines.stage_i.public.deep_baseline_runtime: deep_train batch dataset=uab_workload_dataset model=chronaris_public_fusion track=subjective group=heat_the_chair seed=42 fold=002/002 epoch=002/005 batch=040/041 loss=0.461200 elapsed_s=1.1 status=running
2026-07-02 01:00:12,687 INFO chronaris.pipelines.stage_i.public.deep_baseline_runtime: deep_train batch dataset=uab_workload_dataset model=chronaris_public_fusion track=subjective group=heat_the_chair seed=42 fold=002/002 epoch=002/005 batch=041/041 loss=0.604023 elapsed_s=1.1 status=running
2026-07-02 01:00:12,691 INFO chronaris.pipelines.stage_i.public.deep_baseline_runtime: deep_train epoch_done dataset=uab_workload_dataset model=chronaris_public_fusion track=subjective group=heat_the_chair seed=42 fold=002/002 epoch=002/005 train_loss=0.431279 elapsed_s=0.6
2026-07-02 01:00:12,727 INFO chronaris.pipelines.stage_i.public.deep_baseline_runtime: deep_train epoch_start dataset=uab_workload_dataset model=chronaris_public_fusion track=subjective group=heat_the_chair seed=42 fold=002/002 epoch=003/005 batch_count=41
2026-07-02 01:00:12,746 INFO chronaris.pipelines.stage_i.public.deep_baseline_runtime: deep_train batch dataset=uab_workload_dataset model=chronaris_public_fusion track=subjective group=heat_the_chair seed=42 fold=002/002 epoch=003/005 batch=001/041 loss=0.372119 elapsed_s=1.2 status=running
2026-07-02 01:00:13,028 INFO chronaris.pipelines.stage_i.public.deep_baseline_runtime: deep_train batch dataset=uab_workload_dataset model=chronaris_public_fusion track=subjective group=heat_the_chair seed=42 fold=002/002 epoch=003/005 batch=020/041 loss=0.392175 elapsed_s=1.5 status=running
2026-07-02 01:00:13,292 INFO chronaris.pipelines.stage_i.public.deep_baseline_runtime: deep_train batch dataset=uab_workload_dataset model=chronaris_public_fusion track=subjective group=heat_the_chair seed=42 fold=002/002 epoch=003/005 batch=040/041 loss=0.428622 elapsed_s=1.8 status=running
2026-07-02 01:00:13,310 INFO chronaris.pipelines.stage_i.public.deep_baseline_runtime: deep_train batch dataset=uab_workload_dataset model=chronaris_public_fusion track=subjective group=heat_the_chair seed=42 fold=002/002 epoch=003/005 batch=041/041 loss=0.324503 elapsed_s=1.8 status=running
2026-07-02 01:00:13,315 INFO chronaris.pipelines.stage_i.public.deep_baseline_runtime: deep_train epoch_done dataset=uab_workload_dataset model=chronaris_public_fusion track=subjective group=heat_the_chair seed=42 fold=002/002 epoch=003/005 train_loss=0.420433 elapsed_s=0.6
2026-07-02 01:00:13,353 INFO chronaris.pipelines.stage_i.public.deep_baseline_runtime: deep_train epoch_start dataset=uab_workload_dataset model=chronaris_public_fusion track=subjective group=heat_the_chair seed=42 fold=002/002 epoch=004/005 batch_count=41
2026-07-02 01:00:13,372 INFO chronaris.pipelines.stage_i.public.deep_baseline_runtime: deep_train batch dataset=uab_workload_dataset model=chronaris_public_fusion track=subjective group=heat_the_chair seed=42 fold=002/002 epoch=004/005 batch=001/041 loss=0.389556 elapsed_s=1.8 status=running
2026-07-02 01:00:13,622 INFO chronaris.pipelines.stage_i.public.deep_baseline_runtime: deep_train batch dataset=uab_workload_dataset model=chronaris_public_fusion track=subjective group=heat_the_chair seed=42 fold=002/002 epoch=004/005 batch=020/041 loss=0.349249 elapsed_s=2.1 status=running
2026-07-02 01:00:13,885 INFO chronaris.pipelines.stage_i.public.deep_baseline_runtime: deep_train batch dataset=uab_workload_dataset model=chronaris_public_fusion track=subjective group=heat_the_chair seed=42 fold=002/002 epoch=004/005 batch=040/041 loss=0.359587 elapsed_s=2.3 status=running
2026-07-02 01:00:13,903 INFO chronaris.pipelines.stage_i.public.deep_baseline_runtime: deep_train batch dataset=uab_workload_dataset model=chronaris_public_fusion track=subjective group=heat_the_chair seed=42 fold=002/002 epoch=004/005 batch=041/041 loss=0.366008 elapsed_s=2.4 status=running
2026-07-02 01:00:13,908 INFO chronaris.pipelines.stage_i.public.deep_baseline_runtime: deep_train epoch_done dataset=uab_workload_dataset model=chronaris_public_fusion track=subjective group=heat_the_chair seed=42 fold=002/002 epoch=004/005 train_loss=0.421693 elapsed_s=0.6
2026-07-02 01:00:13,945 INFO chronaris.pipelines.stage_i.public.deep_baseline_runtime: deep_train epoch_start dataset=uab_workload_dataset model=chronaris_public_fusion track=subjective group=heat_the_chair seed=42 fold=002/002 epoch=005/005 batch_count=41
2026-07-02 01:00:14,008 INFO chronaris.pipelines.stage_i.public.deep_baseline_runtime: deep_train batch dataset=uab_workload_dataset model=chronaris_public_fusion track=subjective group=heat_the_chair seed=42 fold=002/002 epoch=005/005 batch=001/041 loss=0.343162 elapsed_s=2.5 status=running
2026-07-02 01:00:14,262 INFO chronaris.pipelines.stage_i.public.deep_baseline_runtime: deep_train batch dataset=uab_workload_dataset model=chronaris_public_fusion track=subjective group=heat_the_chair seed=42 fold=002/002 epoch=005/005 batch=020/041 loss=0.380463 elapsed_s=2.7 status=running
2026-07-02 01:00:14,526 INFO chronaris.pipelines.stage_i.public.deep_baseline_runtime: deep_train batch dataset=uab_workload_dataset model=chronaris_public_fusion track=subjective group=heat_the_chair seed=42 fold=002/002 epoch=005/005 batch=040/041 loss=0.455216 elapsed_s=3.0 status=running
2026-07-02 01:00:14,544 INFO chronaris.pipelines.stage_i.public.deep_baseline_runtime: deep_train batch dataset=uab_workload_dataset model=chronaris_public_fusion track=subjective group=heat_the_chair seed=42 fold=002/002 epoch=005/005 batch=041/041 loss=0.267161 elapsed_s=3.0 status=running
2026-07-02 01:00:14,548 INFO chronaris.pipelines.stage_i.public.deep_baseline_runtime: deep_train epoch_done dataset=uab_workload_dataset model=chronaris_public_fusion track=subjective group=heat_the_chair seed=42 fold=002/002 epoch=005/005 train_loss=0.418858 elapsed_s=0.6
2026-07-02 01:00:14,587 INFO chronaris.pipelines.stage_i.public.deep_baseline_runtime: deep_train fold_done dataset=uab_workload_dataset model=chronaris_public_fusion track=subjective group=heat_the_chair seed=42 fold=002/002 elapsed_s=3.0
