{
  "summary": {
    "sample_count": 8,
    "reference_point_count": 16,
    "mean_projection_cosine": 0.7219025048519957,
    "min_projection_cosine": 0.1536138571181732,
    "max_projection_cosine": 0.9238585705617944,
    "mean_projection_l2_gap": 0.16206738727481018,
    "mean_projection_l2_ratio": 0.8898332622452303,
    "std_projection_cosine": 0.20385168945500048,
    "cv_projection_cosine": 0.2823811914834595,
    "std_projection_l2_gap": 0.07330426201652045,
    "cv_projection_l2_gap": 0.4523072979033209,
    "std_projection_l2_ratio": 0.04118927038829333,
    "cv_projection_l2_ratio": 0.04628875109069807,
    "samples": [
      {
        "sample_id": "20251005_四01_ACT-4_云_J20_22#01:0029",
        "reference_point_count": 16,
        "mean_projection_cosine": 0.7989512012288956,
        "min_projection_cosine": 0.18686216062164068,
        "max_projection_cosine": 0.9238585705617944,
        "physiology_projection_l2_mean": 1.249276522365669,
        "vehicle_projection_l2_mean": 1.1214865705802357,
        "projection_l2_gap_mean": 0.13436098051240572,
        "projection_l2_ratio_mean": 0.9054013431211761
      },
      {
        "sample_id": "20251005_四01_ACT-4_云_J20_22#01:0030",
        "reference_point_count": 16,
        "mean_projection_cosine": 0.7989512012288956,
        "min_projection_cosine": 0.18686216062164068,
        "max_projection_cosine": 0.9238585705617944,
        "physiology_projection_l2_mean": 1.249276522365669,
        "vehicle_projection_l2_mean": 1.1214865705802357,
        "projection_l2_gap_mean": 0.13436098051240572,
        "projection_l2_ratio_mean": 0.9054013431211761
      },
      {
        "sample_id": "20251005_四01_ACT-4_云_J20_22#01:0031",
        "reference_point_count": 16,
        "mean_projection_cosine": 0.7989512012288956,
        "min_projection_cosine": 0.18686216062164068,
        "max_projection_cosine": 0.9238585705617944,
        "physiology_projection_l2_mean": 1.249276522365669,
        "vehicle_projection_l2_mean": 1.1214865705802357,
        "projection_l2_gap_mean": 0.13436098051240572,
        "projection_l2_ratio_mean": 0.9054013431211761
      },
      {
        "sample_id": "20251005_四01_ACT-4_云_J20_22#01:0032",
        "reference_point_count": 16,
        "mean_projection_cosine": 0.7989512012288956,
        "min_projection_cosine": 0.18686216062164068,
        "max_projection_cosine": 0.9238585705617944,
        "physiology_projection_l2_mean": 1.249276522365669,
        "vehicle_projection_l2_mean": 1.1214865705802357,
        "projection_l2_gap_mean": 0.13436098051240572,
        "projection_l2_ratio_mean": 0.9054013431211761
      },
      {
        "sample_id": "20251005_四01_ACT-4_云_J20_22#01:0033",
        "reference_point_count": 16,
        "mean_projection_cosine": 0.7989512012288956,
        "min_projection_cosine": 0.18686216062164068,
        "max_projection_cosine": 0.9238585705617944,
        "physiology_projection_l2_mean": 1.249276522365669,
        "vehicle_projection_l2_mean": 1.1214865705802357,
        "projection_l2_gap_mean": 0.13436098051240572,
        "projection_l2_ratio_mean": 0.9054013431211761
      },
      {
        "sample_id": "20251005_四01_ACT-4_云_J20_22#01:0034",
        "reference_point_count": 16,
        "mean_projection_cosine": 0.7989512012288956,
        "min_projection_cosine": 0.18686216062164068,
        "max_projection_cosine": 0.9238585705617944,
        "physiology_projection_l2_mean": 1.249276522365669,
        "vehicle_projection_l2_mean": 1.1214865705802357,
        "projection_l2_gap_mean": 0.13436098051240572,
        "projection_l2_ratio_mean": 0.9054013431211761
      },
      {
        "sample_id": "20251005_四01_ACT-4_云_J20_22#01:0035",
        "reference_point_count": 16,
        "mean_projection_cosine": 0.7989512012288956,
        "min_projection_cosine": 0.18686216062164068,
        "max_projection_cosine": 0.9238585705617944,
        "physiology_projection_l2_mean": 1.249276522365669,
        "vehicle_projection_l2_mean": 1.1214865705802357,
        "projection_l2_gap_mean": 0.13436098051240572,
        "projection_l2_ratio_mean": 0.9054013431211761
      },
      {
        "sample_id": "20251005_四01_ACT-4_云_J20_22#01:0036",
        "reference_point_count": 16,
        "mean_projection_cosine": 0.1825616302136964,
        "min_projection_cosine": 0.1536138571181732,
        "max_projection_cosine": 0.22796365965619442,
        "physiology_projection_l2_mean": 1.6238382674561682,
        "vehicle_projection_l2_mean": 1.2678260328445268,
        "projection_l2_gap_mean": 0.35601223461164144,
        "projection_l2_ratio_mean": 0.7808566961136093
      }
    ]
  },
  "threshold_evaluation": {
    "passed": false,
    "verdict": "WARN",
    "checks": [
      {
        "name": "sample_count",
        "passed": true,
        "actual": 8.0,
        "operator": ">=",
        "expected": 1.0
      },
      {
        "name": "mean_projection_cosine",
        "passed": true,
        "actual": 0.7219025048519957,
        "operator": ">=",
        "expected": 0.65
      },
      {
        "name": "mean_projection_l2_gap",
        "passed": true,
        "actual": 0.16206738727481018,
        "operator": "<=",
        "expected": 0.25
      },
      {
        "name": "mean_projection_l2_ratio_deviation",
        "passed": true,
        "actual": 0.1101667377547697,
        "operator": "<=",
        "expected": 0.3
      },
      {
        "name": "projection_cosine_cv",
        "passed": false,
        "actual": 0.2823811914834595,
        "operator": "<=",
        "expected": 0.15
      },
      {
        "name": "projection_l2_gap_cv",
        "passed": false,
        "actual": 0.4523072979033209,
        "operator": "<=",
        "expected": 0.25
      }
    ]
  }
}
