seed,method_name,scenario_id,status,sample_count,checkpoint_sha256,representation_sha256,output_root,task_oracle_opened
17,physiology_only,timestamp_jitter_000ms,completed,192,f1a13dcf2f7e0e55a4b03573e6e610beed0adeb5595559c886a95a3c9b1e638c,4aa89997c62bbdabeb95c0ceda0fc544051600015187596d33b39283f10cc090,artifacts/application_evaluation/2026-07-13_chronaris-v2-sealed-confirmation-representations/representations/seed_17/physiology_only/timestamp_jitter_000ms,False
17,vehicle_only,timestamp_jitter_000ms,completed,192,c3173c7b1465574ff2d687caea9f42e5f4bbcb5088f34bc39819df0e51f21d89,7bf42af3f883f291a3328488395de8a86ee99053f6e7fb56a959aefc5a48c858,artifacts/application_evaluation/2026-07-13_chronaris-v2-sealed-confirmation-representations/representations/seed_17/vehicle_only/timestamp_jitter_000ms,False
17,naive_time_sync,timestamp_jitter_000ms,completed,192,a173a9a720a49e137ef963f46d8af5db63cd72bfefad9c568210d896b467cf92,461ce1aeba0472011cabe3c6de4d640d514cf5337ddf7c8a5efd29a03ee75f57,artifacts/application_evaluation/2026-07-13_chronaris-v2-sealed-confirmation-representations/representations/seed_17/naive_time_sync/timestamp_jitter_000ms,False
17,mult,timestamp_jitter_000ms,completed,192,5303906a85268b5f25af9e4010790f847d12484b597e07ae6fdf7c3445cc82f2,053b961de36a6317c8f52c5a3917d702fcde519562752121328f8b16677b6b49,artifacts/application_evaluation/2026-07-13_chronaris-v2-sealed-confirmation-representations/representations/seed_17/mult/timestamp_jitter_000ms,False
17,contiformer,timestamp_jitter_000ms,completed,192,1274b44c1221eadcf12051277769d56c1a9a2af930214349dde56e7c2e098ba0,231091513eacb7f6c58103d70c1a39ab8bfe02936bc11e5c2d47602f98c1776b,artifacts/application_evaluation/2026-07-13_chronaris-v2-sealed-confirmation-representations/representations/seed_17/contiformer/timestamp_jitter_000ms,False
17,chronaris,timestamp_jitter_000ms,completed,192,66d1478cd67e1ac32612f8c8facb74ea2c660d93cdbec6029afd90c4f4b572db,52b072c7057d0e259359975ab0465c0942e6afe208266378907bcc2e2c5ce56b,artifacts/application_evaluation/2026-07-13_chronaris-v2-sealed-confirmation-representations/representations/seed_17/chronaris/timestamp_jitter_000ms,False
17,physiology_only,timestamp_jitter_020ms,completed,192,f1a13dcf2f7e0e55a4b03573e6e610beed0adeb5595559c886a95a3c9b1e638c,e5cd64fdc5b6bb0b663ee70f5047556efd73fb321ac979f2241fa5d303946612,artifacts/application_evaluation/2026-07-13_chronaris-v2-sealed-confirmation-representations/representations/seed_17/physiology_only/timestamp_jitter_020ms,False
17,vehicle_only,timestamp_jitter_020ms,completed,192,c3173c7b1465574ff2d687caea9f42e5f4bbcb5088f34bc39819df0e51f21d89,f7e102af2a87213519d114250c3911ac05b28aadf3cce33585fb95c9062a1eb9,artifacts/application_evaluation/2026-07-13_chronaris-v2-sealed-confirmation-representations/representations/seed_17/vehicle_only/timestamp_jitter_020ms,False
17,naive_time_sync,timestamp_jitter_020ms,completed,192,a173a9a720a49e137ef963f46d8af5db63cd72bfefad9c568210d896b467cf92,5a77036ad3893a7003a3ae91ef1412b3f37baf1cb65e24e73c645d05dcec1926,artifacts/application_evaluation/2026-07-13_chronaris-v2-sealed-confirmation-representations/representations/seed_17/naive_time_sync/timestamp_jitter_020ms,False
17,mult,timestamp_jitter_020ms,completed,192,5303906a85268b5f25af9e4010790f847d12484b597e07ae6fdf7c3445cc82f2,2219f6d69b3d1f7069219bb735c7aea7695d32ce6caf34847d03e4774d833607,artifacts/application_evaluation/2026-07-13_chronaris-v2-sealed-confirmation-representations/representations/seed_17/mult/timestamp_jitter_020ms,False
17,contiformer,timestamp_jitter_020ms,completed,192,1274b44c1221eadcf12051277769d56c1a9a2af930214349dde56e7c2e098ba0,2c05b6d53617bc66a2ea7e2751979e15adf3aa0c13d0b4145489328b576bfbb9,artifacts/application_evaluation/2026-07-13_chronaris-v2-sealed-confirmation-representations/representations/seed_17/contiformer/timestamp_jitter_020ms,False
17,chronaris,timestamp_jitter_020ms,completed,192,66d1478cd67e1ac32612f8c8facb74ea2c660d93cdbec6029afd90c4f4b572db,1bbd964cdddda823069ef3772f1f92c79c6eb1c95e7e94103385821abc5f4537,artifacts/application_evaluation/2026-07-13_chronaris-v2-sealed-confirmation-representations/representations/seed_17/chronaris/timestamp_jitter_020ms,False
17,physiology_only,timestamp_jitter_050ms,completed,192,f1a13dcf2f7e0e55a4b03573e6e610beed0adeb5595559c886a95a3c9b1e638c,269e95ca17ef94679c1a180500df872938adf72c345cfea736cee4316189e597,artifacts/application_evaluation/2026-07-13_chronaris-v2-sealed-confirmation-representations/representations/seed_17/physiology_only/timestamp_jitter_050ms,False
17,vehicle_only,timestamp_jitter_050ms,completed,192,c3173c7b1465574ff2d687caea9f42e5f4bbcb5088f34bc39819df0e51f21d89,d58ea479ec81fb8fe00825c266eaf8f916078ae236b3f626d8230aab82791025,artifacts/application_evaluation/2026-07-13_chronaris-v2-sealed-confirmation-representations/representations/seed_17/vehicle_only/timestamp_jitter_050ms,False
17,naive_time_sync,timestamp_jitter_050ms,completed,192,a173a9a720a49e137ef963f46d8af5db63cd72bfefad9c568210d896b467cf92,d8a20ec3ef2453e801f3aea7cdee976af405dbb31a2d2a957947983ef87e6772,artifacts/application_evaluation/2026-07-13_chronaris-v2-sealed-confirmation-representations/representations/seed_17/naive_time_sync/timestamp_jitter_050ms,False
17,mult,timestamp_jitter_050ms,completed,192,5303906a85268b5f25af9e4010790f847d12484b597e07ae6fdf7c3445cc82f2,a84ada5b30cfdc56073cb834c7669a79b886f641d952498a0e6b12cafcb29fe3,artifacts/application_evaluation/2026-07-13_chronaris-v2-sealed-confirmation-representations/representations/seed_17/mult/timestamp_jitter_050ms,False
17,contiformer,timestamp_jitter_050ms,completed,192,1274b44c1221eadcf12051277769d56c1a9a2af930214349dde56e7c2e098ba0,5fc1e3e21c381376d08241ffba3e1004f585da28d7dc4b1d4e04338a82dcac6f,artifacts/application_evaluation/2026-07-13_chronaris-v2-sealed-confirmation-representations/representations/seed_17/contiformer/timestamp_jitter_050ms,False
17,chronaris,timestamp_jitter_050ms,completed,192,66d1478cd67e1ac32612f8c8facb74ea2c660d93cdbec6029afd90c4f4b572db,382bca4067b02b7991de752ccbe1807a5026a7072fd35c8031441ecc62b76203,artifacts/application_evaluation/2026-07-13_chronaris-v2-sealed-confirmation-representations/representations/seed_17/chronaris/timestamp_jitter_050ms,False
17,physiology_only,timestamp_jitter_100ms,completed,192,f1a13dcf2f7e0e55a4b03573e6e610beed0adeb5595559c886a95a3c9b1e638c,a06d87ab7a33dc817e48e8b7afe2ad36ef873f16e69613ef1559515aa854fcd2,artifacts/application_evaluation/2026-07-13_chronaris-v2-sealed-confirmation-representations/representations/seed_17/physiology_only/timestamp_jitter_100ms,False
17,vehicle_only,timestamp_jitter_100ms,completed,192,c3173c7b1465574ff2d687caea9f42e5f4bbcb5088f34bc39819df0e51f21d89,c184ae04af986b7632d7d6d806a65c30018d468160130031af141887e12f1259,artifacts/application_evaluation/2026-07-13_chronaris-v2-sealed-confirmation-representations/representations/seed_17/vehicle_only/timestamp_jitter_100ms,False
17,naive_time_sync,timestamp_jitter_100ms,completed,192,a173a9a720a49e137ef963f46d8af5db63cd72bfefad9c568210d896b467cf92,5fefa392692d3174a01e4c8bab5d53ced767e0bbd50bc8e50fae555889e1cd02,artifacts/application_evaluation/2026-07-13_chronaris-v2-sealed-confirmation-representations/representations/seed_17/naive_time_sync/timestamp_jitter_100ms,False
17,mult,timestamp_jitter_100ms,completed,192,5303906a85268b5f25af9e4010790f847d12484b597e07ae6fdf7c3445cc82f2,2ee9bf14df4e95e4af2218aa00f79cc2ba80d9bec2bcd0b0db3c35f846a27663,artifacts/application_evaluation/2026-07-13_chronaris-v2-sealed-confirmation-representations/representations/seed_17/mult/timestamp_jitter_100ms,False
17,contiformer,timestamp_jitter_100ms,completed,192,1274b44c1221eadcf12051277769d56c1a9a2af930214349dde56e7c2e098ba0,aa05323838e5c562f3aae07267220650dda017712de2edb4300e34d6c460e60a,artifacts/application_evaluation/2026-07-13_chronaris-v2-sealed-confirmation-representations/representations/seed_17/contiformer/timestamp_jitter_100ms,False
17,chronaris,timestamp_jitter_100ms,completed,192,66d1478cd67e1ac32612f8c8facb74ea2c660d93cdbec6029afd90c4f4b572db,0d75d8baf7fcf9f21e7eb83684a129e2dd2515f7f976bd1236492f56b9565e44,artifacts/application_evaluation/2026-07-13_chronaris-v2-sealed-confirmation-representations/representations/seed_17/chronaris/timestamp_jitter_100ms,False
17,physiology_only,clock_offset_+0.00s,completed,192,f1a13dcf2f7e0e55a4b03573e6e610beed0adeb5595559c886a95a3c9b1e638c,0eb832225341da0ea32c0e40aa305e5f658a1e2c87e9ee96d71e64c85315ac3e,artifacts/application_evaluation/2026-07-13_chronaris-v2-sealed-confirmation-representations/representations/seed_17/physiology_only/clock_offset_+0.00s,False
17,vehicle_only,clock_offset_+0.00s,completed,192,c3173c7b1465574ff2d687caea9f42e5f4bbcb5088f34bc39819df0e51f21d89,0bf69eb51c3adbf4bf8a13347f8054a1a2329bd19acd729a3dddf5538de1d18a,artifacts/application_evaluation/2026-07-13_chronaris-v2-sealed-confirmation-representations/representations/seed_17/vehicle_only/clock_offset_+0.00s,False
17,naive_time_sync,clock_offset_+0.00s,completed,192,a173a9a720a49e137ef963f46d8af5db63cd72bfefad9c568210d896b467cf92,610f9f33a124816f7741453086a87d82a46fe66522b71531b600a304ae73cc3a,artifacts/application_evaluation/2026-07-13_chronaris-v2-sealed-confirmation-representations/representations/seed_17/naive_time_sync/clock_offset_+0.00s,False
17,mult,clock_offset_+0.00s,completed,192,5303906a85268b5f25af9e4010790f847d12484b597e07ae6fdf7c3445cc82f2,296ee14dac8efb20ed48523592f41071279c85ab93a3440b137aa87453e836d2,artifacts/application_evaluation/2026-07-13_chronaris-v2-sealed-confirmation-representations/representations/seed_17/mult/clock_offset_+0.00s,False
17,contiformer,clock_offset_+0.00s,completed,192,1274b44c1221eadcf12051277769d56c1a9a2af930214349dde56e7c2e098ba0,35c5c4a2284f11fec989f88b0351245674c3f314796e267cba061e07ebb325f4,artifacts/application_evaluation/2026-07-13_chronaris-v2-sealed-confirmation-representations/representations/seed_17/contiformer/clock_offset_+0.00s,False
17,chronaris,clock_offset_+0.00s,completed,192,66d1478cd67e1ac32612f8c8facb74ea2c660d93cdbec6029afd90c4f4b572db,fb2745b5384a7cc0c11ea8e27729cb1942df05002e2310070f6619f85c0e0012,artifacts/application_evaluation/2026-07-13_chronaris-v2-sealed-confirmation-representations/representations/seed_17/chronaris/clock_offset_+0.00s,False
17,physiology_only,clock_offset_-0.25s,completed,192,f1a13dcf2f7e0e55a4b03573e6e610beed0adeb5595559c886a95a3c9b1e638c,e86e6214adac7c407fbf77537ece46596eb29f71019b796fb776834bd79ce98e,artifacts/application_evaluation/2026-07-13_chronaris-v2-sealed-confirmation-representations/representations/seed_17/physiology_only/clock_offset_-0.25s,False
17,vehicle_only,clock_offset_-0.25s,completed,192,c3173c7b1465574ff2d687caea9f42e5f4bbcb5088f34bc39819df0e51f21d89,76c861a8dd6489a6398d489d24f7aa368b9f66360ff083e59445f8d39a6cc388,artifacts/application_evaluation/2026-07-13_chronaris-v2-sealed-confirmation-representations/representations/seed_17/vehicle_only/clock_offset_-0.25s,False
17,naive_time_sync,clock_offset_-0.25s,completed,192,a173a9a720a49e137ef963f46d8af5db63cd72bfefad9c568210d896b467cf92,4a7cc3e711515b566d83c78b42fe7f0dd9fb0fa3fc75416c9396bc3d0b01da0e,artifacts/application_evaluation/2026-07-13_chronaris-v2-sealed-confirmation-representations/representations/seed_17/naive_time_sync/clock_offset_-0.25s,False
17,mult,clock_offset_-0.25s,completed,192,5303906a85268b5f25af9e4010790f847d12484b597e07ae6fdf7c3445cc82f2,bb68baa5c5ee58d077dea8ab7ab6fc98c04126f1610095dc3eda7672ec2610e9,artifacts/application_evaluation/2026-07-13_chronaris-v2-sealed-confirmation-representations/representations/seed_17/mult/clock_offset_-0.25s,False
17,contiformer,clock_offset_-0.25s,completed,192,1274b44c1221eadcf12051277769d56c1a9a2af930214349dde56e7c2e098ba0,6d859ef10ed1dcb6560177622e70bcbc12975455e3c3da86f8c99082bfddf147,artifacts/application_evaluation/2026-07-13_chronaris-v2-sealed-confirmation-representations/representations/seed_17/contiformer/clock_offset_-0.25s,False
17,chronaris,clock_offset_-0.25s,completed,192,66d1478cd67e1ac32612f8c8facb74ea2c660d93cdbec6029afd90c4f4b572db,25f3c37f656d7ca6cebd3a022ce30ae5eecc466c0dc7bd9bbd9159bacf83daa8,artifacts/application_evaluation/2026-07-13_chronaris-v2-sealed-confirmation-representations/representations/seed_17/chronaris/clock_offset_-0.25s,False
17,physiology_only,clock_offset_+0.25s,completed,192,f1a13dcf2f7e0e55a4b03573e6e610beed0adeb5595559c886a95a3c9b1e638c,4fe3d12df7840b7957c43cdcc4cfb6ce6f9ec76ca2d46a7c77b26033fc29f20c,artifacts/application_evaluation/2026-07-13_chronaris-v2-sealed-confirmation-representations/representations/seed_17/physiology_only/clock_offset_+0.25s,False
17,vehicle_only,clock_offset_+0.25s,completed,192,c3173c7b1465574ff2d687caea9f42e5f4bbcb5088f34bc39819df0e51f21d89,ff6829227ebc12bd31df460a4420f27ee7e86266cd71af79f381be12d021a9b5,artifacts/application_evaluation/2026-07-13_chronaris-v2-sealed-confirmation-representations/representations/seed_17/vehicle_only/clock_offset_+0.25s,False
17,naive_time_sync,clock_offset_+0.25s,completed,192,a173a9a720a49e137ef963f46d8af5db63cd72bfefad9c568210d896b467cf92,06e8b8d3a7752034883144da796272d911ae4ad561364ea6aff38c98bfab9078,artifacts/application_evaluation/2026-07-13_chronaris-v2-sealed-confirmation-representations/representations/seed_17/naive_time_sync/clock_offset_+0.25s,False
17,mult,clock_offset_+0.25s,completed,192,5303906a85268b5f25af9e4010790f847d12484b597e07ae6fdf7c3445cc82f2,f3434e2edfae9f79d1360afa4038f9ad42656025ea5e479539aa52b85298d2b6,artifacts/application_evaluation/2026-07-13_chronaris-v2-sealed-confirmation-representations/representations/seed_17/mult/clock_offset_+0.25s,False
17,contiformer,clock_offset_+0.25s,completed,192,1274b44c1221eadcf12051277769d56c1a9a2af930214349dde56e7c2e098ba0,b64f2de8f3c705e63ca56a4659da2aae30e312cb2e2d0011204a31094d358176,artifacts/application_evaluation/2026-07-13_chronaris-v2-sealed-confirmation-representations/representations/seed_17/contiformer/clock_offset_+0.25s,False
17,chronaris,clock_offset_+0.25s,completed,192,66d1478cd67e1ac32612f8c8facb74ea2c660d93cdbec6029afd90c4f4b572db,87be5823b4391076fa8032beae57847fdecc4b0a28df30e7a7371d542a7eebcd,artifacts/application_evaluation/2026-07-13_chronaris-v2-sealed-confirmation-representations/representations/seed_17/chronaris/clock_offset_+0.25s,False
17,physiology_only,clock_offset_-1.00s,completed,192,f1a13dcf2f7e0e55a4b03573e6e610beed0adeb5595559c886a95a3c9b1e638c,356cd643046002d95dd09c879293f06d2386c361c3c3cbc2ccc972bf2e1562e9,artifacts/application_evaluation/2026-07-13_chronaris-v2-sealed-confirmation-representations/representations/seed_17/physiology_only/clock_offset_-1.00s,False
17,vehicle_only,clock_offset_-1.00s,completed,192,c3173c7b1465574ff2d687caea9f42e5f4bbcb5088f34bc39819df0e51f21d89,f01673f9dfe87be75ce56d7369366016ba2ec1bfcbac084698a1264bdede3310,artifacts/application_evaluation/2026-07-13_chronaris-v2-sealed-confirmation-representations/representations/seed_17/vehicle_only/clock_offset_-1.00s,False
17,naive_time_sync,clock_offset_-1.00s,completed,192,a173a9a720a49e137ef963f46d8af5db63cd72bfefad9c568210d896b467cf92,d695361e255eb6967aadb6e2b38999f6c6b0cd8bc4013394070015e96c42a18e,artifacts/application_evaluation/2026-07-13_chronaris-v2-sealed-confirmation-representations/representations/seed_17/naive_time_sync/clock_offset_-1.00s,False
17,mult,clock_offset_-1.00s,completed,192,5303906a85268b5f25af9e4010790f847d12484b597e07ae6fdf7c3445cc82f2,25258891d00ff1298721b6c9f0d50bcd46dccdefa64c4834a5cf72bca532abef,artifacts/application_evaluation/2026-07-13_chronaris-v2-sealed-confirmation-representations/representations/seed_17/mult/clock_offset_-1.00s,False
17,contiformer,clock_offset_-1.00s,completed,192,1274b44c1221eadcf12051277769d56c1a9a2af930214349dde56e7c2e098ba0,f97fdc1f053ab4d6fe66e93d512afda22c65e61598396bbb043ca431bfc22bc4,artifacts/application_evaluation/2026-07-13_chronaris-v2-sealed-confirmation-representations/representations/seed_17/contiformer/clock_offset_-1.00s,False
17,chronaris,clock_offset_-1.00s,completed,192,66d1478cd67e1ac32612f8c8facb74ea2c660d93cdbec6029afd90c4f4b572db,81ba03d0657d8a2649906c061bab08f758365338c018c9066c94da6115298205,artifacts/application_evaluation/2026-07-13_chronaris-v2-sealed-confirmation-representations/representations/seed_17/chronaris/clock_offset_-1.00s,False
17,physiology_only,clock_offset_+1.00s,completed,192,f1a13dcf2f7e0e55a4b03573e6e610beed0adeb5595559c886a95a3c9b1e638c,4d4db795cce66c51b27d2a0a4ab7befef4b61df50bf3f5ea0e1d118bc940ad4c,artifacts/application_evaluation/2026-07-13_chronaris-v2-sealed-confirmation-representations/representations/seed_17/physiology_only/clock_offset_+1.00s,False
17,vehicle_only,clock_offset_+1.00s,completed,192,c3173c7b1465574ff2d687caea9f42e5f4bbcb5088f34bc39819df0e51f21d89,43fdeb0f86b0abe4ddb480f94e3d95c9c521a915dc1918879732c649aa72cfbf,artifacts/application_evaluation/2026-07-13_chronaris-v2-sealed-confirmation-representations/representations/seed_17/vehicle_only/clock_offset_+1.00s,False
17,naive_time_sync,clock_offset_+1.00s,completed,192,a173a9a720a49e137ef963f46d8af5db63cd72bfefad9c568210d896b467cf92,d4e9a2bff41c506397c24332129b0c695d818a9541a8d773ca639ba02cf7f63c,artifacts/application_evaluation/2026-07-13_chronaris-v2-sealed-confirmation-representations/representations/seed_17/naive_time_sync/clock_offset_+1.00s,False
17,mult,clock_offset_+1.00s,completed,192,5303906a85268b5f25af9e4010790f847d12484b597e07ae6fdf7c3445cc82f2,0523f9fd54933859b02cb2a5538f7a946395854ec15b5ecc43ffab8609a6d675,artifacts/application_evaluation/2026-07-13_chronaris-v2-sealed-confirmation-representations/representations/seed_17/mult/clock_offset_+1.00s,False
17,contiformer,clock_offset_+1.00s,completed,192,1274b44c1221eadcf12051277769d56c1a9a2af930214349dde56e7c2e098ba0,52595e099dc5a3bca77e29f196c1d1132a24b87b542222a0d0374ea8c34c3374,artifacts/application_evaluation/2026-07-13_chronaris-v2-sealed-confirmation-representations/representations/seed_17/contiformer/clock_offset_+1.00s,False
17,chronaris,clock_offset_+1.00s,completed,192,66d1478cd67e1ac32612f8c8facb74ea2c660d93cdbec6029afd90c4f4b572db,db3336cbb44ead14a0f6c630630d3056fd50719940f54ecd1800e8420485b1a1,artifacts/application_evaluation/2026-07-13_chronaris-v2-sealed-confirmation-representations/representations/seed_17/chronaris/clock_offset_+1.00s,False
17,physiology_only,clock_offset_-3.00s,completed,192,f1a13dcf2f7e0e55a4b03573e6e610beed0adeb5595559c886a95a3c9b1e638c,b228c3362f9cc0a1d80b2389bda0185383454355578f508e4e160150d4550267,artifacts/application_evaluation/2026-07-13_chronaris-v2-sealed-confirmation-representations/representations/seed_17/physiology_only/clock_offset_-3.00s,False
17,vehicle_only,clock_offset_-3.00s,completed,192,c3173c7b1465574ff2d687caea9f42e5f4bbcb5088f34bc39819df0e51f21d89,e612dfd882e97ae25163f855e0a08b71a69267f679f3780f15e295bfc4b898b9,artifacts/application_evaluation/2026-07-13_chronaris-v2-sealed-confirmation-representations/representations/seed_17/vehicle_only/clock_offset_-3.00s,False
17,naive_time_sync,clock_offset_-3.00s,completed,192,a173a9a720a49e137ef963f46d8af5db63cd72bfefad9c568210d896b467cf92,2bffde84796e4627c1c6713f94100c610477b2514ccd3fb4b8e89315a70a615d,artifacts/application_evaluation/2026-07-13_chronaris-v2-sealed-confirmation-representations/representations/seed_17/naive_time_sync/clock_offset_-3.00s,False
17,mult,clock_offset_-3.00s,completed,192,5303906a85268b5f25af9e4010790f847d12484b597e07ae6fdf7c3445cc82f2,21427302914e8b0aaa1d656e3bad5b144771dc7c8fcf1d0ba2a396b914a82427,artifacts/application_evaluation/2026-07-13_chronaris-v2-sealed-confirmation-representations/representations/seed_17/mult/clock_offset_-3.00s,False
17,contiformer,clock_offset_-3.00s,completed,192,1274b44c1221eadcf12051277769d56c1a9a2af930214349dde56e7c2e098ba0,746de9009f5d1d8d525054432dff0d34d7239cacc34421e47c1b81ac4d8709ed,artifacts/application_evaluation/2026-07-13_chronaris-v2-sealed-confirmation-representations/representations/seed_17/contiformer/clock_offset_-3.00s,False
17,chronaris,clock_offset_-3.00s,completed,192,66d1478cd67e1ac32612f8c8facb74ea2c660d93cdbec6029afd90c4f4b572db,f6110c3e01207bcfe8d6c5e82a1e15cc7c48287b7a960320f1ec7ca8836620f5,artifacts/application_evaluation/2026-07-13_chronaris-v2-sealed-confirmation-representations/representations/seed_17/chronaris/clock_offset_-3.00s,False
17,physiology_only,clock_offset_+3.00s,completed,192,f1a13dcf2f7e0e55a4b03573e6e610beed0adeb5595559c886a95a3c9b1e638c,a388e8d6017e601956ba26e70152801b89f3bf7ad9cecf34748d75f51f05c328,artifacts/application_evaluation/2026-07-13_chronaris-v2-sealed-confirmation-representations/representations/seed_17/physiology_only/clock_offset_+3.00s,False
17,vehicle_only,clock_offset_+3.00s,completed,192,c3173c7b1465574ff2d687caea9f42e5f4bbcb5088f34bc39819df0e51f21d89,cc7be603e5a35829e8670a6e9e2887906e2ea8cfa611e6d819b7082c23ec87e0,artifacts/application_evaluation/2026-07-13_chronaris-v2-sealed-confirmation-representations/representations/seed_17/vehicle_only/clock_offset_+3.00s,False
17,naive_time_sync,clock_offset_+3.00s,completed,192,a173a9a720a49e137ef963f46d8af5db63cd72bfefad9c568210d896b467cf92,637ed63167c90af4276fa2f48c3c053f5ac7ffa9e060c270a6da994eeaf8e4ef,artifacts/application_evaluation/2026-07-13_chronaris-v2-sealed-confirmation-representations/representations/seed_17/naive_time_sync/clock_offset_+3.00s,False
17,mult,clock_offset_+3.00s,completed,192,5303906a85268b5f25af9e4010790f847d12484b597e07ae6fdf7c3445cc82f2,938be1abfbe2108b69918a5640ce7e658145b45d2debd1ef3b0152e54ad3b684,artifacts/application_evaluation/2026-07-13_chronaris-v2-sealed-confirmation-representations/representations/seed_17/mult/clock_offset_+3.00s,False
17,contiformer,clock_offset_+3.00s,completed,192,1274b44c1221eadcf12051277769d56c1a9a2af930214349dde56e7c2e098ba0,62b1c954b9d53d7210d8d084aef79edd534e760720ace96b3df44a571fe5355c,artifacts/application_evaluation/2026-07-13_chronaris-v2-sealed-confirmation-representations/representations/seed_17/contiformer/clock_offset_+3.00s,False
17,chronaris,clock_offset_+3.00s,completed,192,66d1478cd67e1ac32612f8c8facb74ea2c660d93cdbec6029afd90c4f4b572db,24fa2501f1943674630b2093524a3e5a21ca0091acaed8040d3781717ed59691,artifacts/application_evaluation/2026-07-13_chronaris-v2-sealed-confirmation-representations/representations/seed_17/chronaris/clock_offset_+3.00s,False
17,physiology_only,clock_drift_+000ppm,completed,192,f1a13dcf2f7e0e55a4b03573e6e610beed0adeb5595559c886a95a3c9b1e638c,3d264d043b64d95450964fa24e0e4321fa66d5b481c3ec9f2d09574c50ef854b,artifacts/application_evaluation/2026-07-13_chronaris-v2-sealed-confirmation-representations/representations/seed_17/physiology_only/clock_drift_+000ppm,False
17,vehicle_only,clock_drift_+000ppm,completed,192,c3173c7b1465574ff2d687caea9f42e5f4bbcb5088f34bc39819df0e51f21d89,df9893512bb3004ac4418a1aeeb98148c7f99465bcd1bcd6fc7bf2778bb6a4a8,artifacts/application_evaluation/2026-07-13_chronaris-v2-sealed-confirmation-representations/representations/seed_17/vehicle_only/clock_drift_+000ppm,False
17,naive_time_sync,clock_drift_+000ppm,completed,192,a173a9a720a49e137ef963f46d8af5db63cd72bfefad9c568210d896b467cf92,3596b4ef213cb667a23a60def6bc2e626665362f89ebad9885368d1b878aa1de,artifacts/application_evaluation/2026-07-13_chronaris-v2-sealed-confirmation-representations/representations/seed_17/naive_time_sync/clock_drift_+000ppm,False
17,mult,clock_drift_+000ppm,completed,192,5303906a85268b5f25af9e4010790f847d12484b597e07ae6fdf7c3445cc82f2,1a1b90ea833f2eb9e7b2d669243184379e278d626c7766155242db01e16d001d,artifacts/application_evaluation/2026-07-13_chronaris-v2-sealed-confirmation-representations/representations/seed_17/mult/clock_drift_+000ppm,False
17,contiformer,clock_drift_+000ppm,completed,192,1274b44c1221eadcf12051277769d56c1a9a2af930214349dde56e7c2e098ba0,d71258358e163305dbf186042a722a9ab96acc19a0b9d6f7e882fb78ef27465e,artifacts/application_evaluation/2026-07-13_chronaris-v2-sealed-confirmation-representations/representations/seed_17/contiformer/clock_drift_+000ppm,False
17,chronaris,clock_drift_+000ppm,completed,192,66d1478cd67e1ac32612f8c8facb74ea2c660d93cdbec6029afd90c4f4b572db,1e619714b78ce26e2157cacc9d433120a5fdab888325b6b281e05a87bfd6111b,artifacts/application_evaluation/2026-07-13_chronaris-v2-sealed-confirmation-representations/representations/seed_17/chronaris/clock_drift_+000ppm,False
17,physiology_only,clock_drift_-050ppm,completed,192,f1a13dcf2f7e0e55a4b03573e6e610beed0adeb5595559c886a95a3c9b1e638c,209213cdb4f090952576cbee67b1c4f697f9738923d255a7d8217a438a0014a7,artifacts/application_evaluation/2026-07-13_chronaris-v2-sealed-confirmation-representations/representations/seed_17/physiology_only/clock_drift_-050ppm,False
17,vehicle_only,clock_drift_-050ppm,completed,192,c3173c7b1465574ff2d687caea9f42e5f4bbcb5088f34bc39819df0e51f21d89,c790cd27fcba2b061b32f3b086c180661e8b703ee2374c49715ed00f8964cde1,artifacts/application_evaluation/2026-07-13_chronaris-v2-sealed-confirmation-representations/representations/seed_17/vehicle_only/clock_drift_-050ppm,False
17,naive_time_sync,clock_drift_-050ppm,completed,192,a173a9a720a49e137ef963f46d8af5db63cd72bfefad9c568210d896b467cf92,a81945cd05a179963d2c60556cdcba20982c6401873f34d2cc05f9efe21fd1e2,artifacts/application_evaluation/2026-07-13_chronaris-v2-sealed-confirmation-representations/representations/seed_17/naive_time_sync/clock_drift_-050ppm,False
17,mult,clock_drift_-050ppm,completed,192,5303906a85268b5f25af9e4010790f847d12484b597e07ae6fdf7c3445cc82f2,61dc3c9f08be773e0e882d4562596fcd9cbef3eda1105d429ea23194e93022ce,artifacts/application_evaluation/2026-07-13_chronaris-v2-sealed-confirmation-representations/representations/seed_17/mult/clock_drift_-050ppm,False
17,contiformer,clock_drift_-050ppm,completed,192,1274b44c1221eadcf12051277769d56c1a9a2af930214349dde56e7c2e098ba0,0711f98d455a48d5c80fcb10c5ed32f4fbef36258c16e1c32e3f94131a3ee326,artifacts/application_evaluation/2026-07-13_chronaris-v2-sealed-confirmation-representations/representations/seed_17/contiformer/clock_drift_-050ppm,False
17,chronaris,clock_drift_-050ppm,completed,192,66d1478cd67e1ac32612f8c8facb74ea2c660d93cdbec6029afd90c4f4b572db,82019f06ba9339da134130db4278d1ec1afa7d04bd4e30a3146181f47f985b5a,artifacts/application_evaluation/2026-07-13_chronaris-v2-sealed-confirmation-representations/representations/seed_17/chronaris/clock_drift_-050ppm,False
17,physiology_only,clock_drift_+050ppm,completed,192,f1a13dcf2f7e0e55a4b03573e6e610beed0adeb5595559c886a95a3c9b1e638c,60c828ed75c336b1562a9700eb3ee2e963568f04d95e6e1924e2244317e90003,artifacts/application_evaluation/2026-07-13_chronaris-v2-sealed-confirmation-representations/representations/seed_17/physiology_only/clock_drift_+050ppm,False
17,vehicle_only,clock_drift_+050ppm,completed,192,c3173c7b1465574ff2d687caea9f42e5f4bbcb5088f34bc39819df0e51f21d89,e617fa1879b848bcc1a7d235339ac75f95059c151f06df5af4634b8beaf852ba,artifacts/application_evaluation/2026-07-13_chronaris-v2-sealed-confirmation-representations/representations/seed_17/vehicle_only/clock_drift_+050ppm,False
17,naive_time_sync,clock_drift_+050ppm,completed,192,a173a9a720a49e137ef963f46d8af5db63cd72bfefad9c568210d896b467cf92,da0779f2150ad8848ad30d0f006a8a553c295e01b4e3c604b13c5e7a1dfa89e2,artifacts/application_evaluation/2026-07-13_chronaris-v2-sealed-confirmation-representations/representations/seed_17/naive_time_sync/clock_drift_+050ppm,False
17,mult,clock_drift_+050ppm,completed,192,5303906a85268b5f25af9e4010790f847d12484b597e07ae6fdf7c3445cc82f2,c34c1db03d215c73ff822d5296abf057abd76e919ee049909863cade75de8cdd,artifacts/application_evaluation/2026-07-13_chronaris-v2-sealed-confirmation-representations/representations/seed_17/mult/clock_drift_+050ppm,False
17,contiformer,clock_drift_+050ppm,completed,192,1274b44c1221eadcf12051277769d56c1a9a2af930214349dde56e7c2e098ba0,51928787ca49ef9527718d2f6f0537b44bf04cff4b282c24342d3e57f82e1b6e,artifacts/application_evaluation/2026-07-13_chronaris-v2-sealed-confirmation-representations/representations/seed_17/contiformer/clock_drift_+050ppm,False
17,chronaris,clock_drift_+050ppm,completed,192,66d1478cd67e1ac32612f8c8facb74ea2c660d93cdbec6029afd90c4f4b572db,2aab95a6c617358f7ed8ea59d6799c69ae206e16d3fac3969c0c5ce6384a9ec5,artifacts/application_evaluation/2026-07-13_chronaris-v2-sealed-confirmation-representations/representations/seed_17/chronaris/clock_drift_+050ppm,False
17,physiology_only,clock_drift_-100ppm,completed,192,f1a13dcf2f7e0e55a4b03573e6e610beed0adeb5595559c886a95a3c9b1e638c,49c82f6d9f22bfab505ecbac7ec6d74e39e6245d3bf280bd38879a372dd7fb84,artifacts/application_evaluation/2026-07-13_chronaris-v2-sealed-confirmation-representations/representations/seed_17/physiology_only/clock_drift_-100ppm,False
17,vehicle_only,clock_drift_-100ppm,completed,192,c3173c7b1465574ff2d687caea9f42e5f4bbcb5088f34bc39819df0e51f21d89,a707ea041060177667806cbda12d0345e5b3b7a6e353687a851e8d81ffe28545,artifacts/application_evaluation/2026-07-13_chronaris-v2-sealed-confirmation-representations/representations/seed_17/vehicle_only/clock_drift_-100ppm,False
17,naive_time_sync,clock_drift_-100ppm,completed,192,a173a9a720a49e137ef963f46d8af5db63cd72bfefad9c568210d896b467cf92,292c4f4b7cff1c63589b9357dc6d31ea9900e85fac9dadfd1a2d1995230aa1d4,artifacts/application_evaluation/2026-07-13_chronaris-v2-sealed-confirmation-representations/representations/seed_17/naive_time_sync/clock_drift_-100ppm,False
17,mult,clock_drift_-100ppm,completed,192,5303906a85268b5f25af9e4010790f847d12484b597e07ae6fdf7c3445cc82f2,60b904ab0ddd4537ad905ec45a061aa7296e6352a2d53b4a72c42f6da18e761a,artifacts/application_evaluation/2026-07-13_chronaris-v2-sealed-confirmation-representations/representations/seed_17/mult/clock_drift_-100ppm,False
17,contiformer,clock_drift_-100ppm,completed,192,1274b44c1221eadcf12051277769d56c1a9a2af930214349dde56e7c2e098ba0,e73884a8aeeeba9e1fdc84b528c673f5581301933555aa0bd3af6b9927d970b2,artifacts/application_evaluation/2026-07-13_chronaris-v2-sealed-confirmation-representations/representations/seed_17/contiformer/clock_drift_-100ppm,False
17,chronaris,clock_drift_-100ppm,completed,192,66d1478cd67e1ac32612f8c8facb74ea2c660d93cdbec6029afd90c4f4b572db,34ae6c1c3033067b0b63f31bb2f2e0671ba058dc45b4dee59295b28299f32632,artifacts/application_evaluation/2026-07-13_chronaris-v2-sealed-confirmation-representations/representations/seed_17/chronaris/clock_drift_-100ppm,False
17,physiology_only,clock_drift_+100ppm,completed,192,f1a13dcf2f7e0e55a4b03573e6e610beed0adeb5595559c886a95a3c9b1e638c,3db40042fe7b1bb488f07c6d6c3e0744226fe1b670f46268033746c33e4fb925,artifacts/application_evaluation/2026-07-13_chronaris-v2-sealed-confirmation-representations/representations/seed_17/physiology_only/clock_drift_+100ppm,False
17,vehicle_only,clock_drift_+100ppm,completed,192,c3173c7b1465574ff2d687caea9f42e5f4bbcb5088f34bc39819df0e51f21d89,fac1fb747d0d3c9c8060452526b9e5e7fc85eeb016fe1f799666c3d7fb5ce7d9,artifacts/application_evaluation/2026-07-13_chronaris-v2-sealed-confirmation-representations/representations/seed_17/vehicle_only/clock_drift_+100ppm,False
17,naive_time_sync,clock_drift_+100ppm,completed,192,a173a9a720a49e137ef963f46d8af5db63cd72bfefad9c568210d896b467cf92,6df506bc48872a05a307c2c0272429b28d3461324fd81e9b817ad04047672fe0,artifacts/application_evaluation/2026-07-13_chronaris-v2-sealed-confirmation-representations/representations/seed_17/naive_time_sync/clock_drift_+100ppm,False
17,mult,clock_drift_+100ppm,completed,192,5303906a85268b5f25af9e4010790f847d12484b597e07ae6fdf7c3445cc82f2,49b3d406d342ce605c2f86a227feeb2bad4908efe2f9dcf93707bff7e553b9b6,artifacts/application_evaluation/2026-07-13_chronaris-v2-sealed-confirmation-representations/representations/seed_17/mult/clock_drift_+100ppm,False
17,contiformer,clock_drift_+100ppm,completed,192,1274b44c1221eadcf12051277769d56c1a9a2af930214349dde56e7c2e098ba0,6dcf720379061da6aaa5eca7fb6b0d47dfb079292dd5622ecd15d8448d21d6b1,artifacts/application_evaluation/2026-07-13_chronaris-v2-sealed-confirmation-representations/representations/seed_17/contiformer/clock_drift_+100ppm,False
17,chronaris,clock_drift_+100ppm,completed,192,66d1478cd67e1ac32612f8c8facb74ea2c660d93cdbec6029afd90c4f4b572db,90f12ad31c6af3242e8ddd5bf0431b7a2c5472d99191fd22b5cb47965776d06e,artifacts/application_evaluation/2026-07-13_chronaris-v2-sealed-confirmation-representations/representations/seed_17/chronaris/clock_drift_+100ppm,False
17,physiology_only,clock_drift_-250ppm,completed,192,f1a13dcf2f7e0e55a4b03573e6e610beed0adeb5595559c886a95a3c9b1e638c,8722a1a87a0c1a12833d8bf32d80a9d91af2871f06ccaaf5a4fa9e002dee2a8e,artifacts/application_evaluation/2026-07-13_chronaris-v2-sealed-confirmation-representations/representations/seed_17/physiology_only/clock_drift_-250ppm,False
17,vehicle_only,clock_drift_-250ppm,completed,192,c3173c7b1465574ff2d687caea9f42e5f4bbcb5088f34bc39819df0e51f21d89,beb7b73d9e701790d4634fb6fc39ce8a118170ccd47f9f43529c8e6273adf9a3,artifacts/application_evaluation/2026-07-13_chronaris-v2-sealed-confirmation-representations/representations/seed_17/vehicle_only/clock_drift_-250ppm,False
17,naive_time_sync,clock_drift_-250ppm,completed,192,a173a9a720a49e137ef963f46d8af5db63cd72bfefad9c568210d896b467cf92,cc2e5c8685ecf41b03cac10ea587bf982334e4515ee96e99c732b5be4d6465af,artifacts/application_evaluation/2026-07-13_chronaris-v2-sealed-confirmation-representations/representations/seed_17/naive_time_sync/clock_drift_-250ppm,False
17,mult,clock_drift_-250ppm,completed,192,5303906a85268b5f25af9e4010790f847d12484b597e07ae6fdf7c3445cc82f2,80e016f72eb60ba28fc82fbfbc4d9bc6e7c5ac5ff42619f5e713103a12b64b13,artifacts/application_evaluation/2026-07-13_chronaris-v2-sealed-confirmation-representations/representations/seed_17/mult/clock_drift_-250ppm,False
17,contiformer,clock_drift_-250ppm,completed,192,1274b44c1221eadcf12051277769d56c1a9a2af930214349dde56e7c2e098ba0,9192644eb1e85d47e2c5755b1dd48b27d29f0e690cead770f412900af08ed0b7,artifacts/application_evaluation/2026-07-13_chronaris-v2-sealed-confirmation-representations/representations/seed_17/contiformer/clock_drift_-250ppm,False
17,chronaris,clock_drift_-250ppm,completed,192,66d1478cd67e1ac32612f8c8facb74ea2c660d93cdbec6029afd90c4f4b572db,1974e9644b90ec956d0f15a8db83b2f8741257ae3f20e483e0eab5e2230da758,artifacts/application_evaluation/2026-07-13_chronaris-v2-sealed-confirmation-representations/representations/seed_17/chronaris/clock_drift_-250ppm,False
17,physiology_only,clock_drift_+250ppm,completed,192,f1a13dcf2f7e0e55a4b03573e6e610beed0adeb5595559c886a95a3c9b1e638c,9311398b7d0f3c1f305c9246f64a534cbff85139f27f58991b8804fdf8afd254,artifacts/application_evaluation/2026-07-13_chronaris-v2-sealed-confirmation-representations/representations/seed_17/physiology_only/clock_drift_+250ppm,False
17,vehicle_only,clock_drift_+250ppm,completed,192,c3173c7b1465574ff2d687caea9f42e5f4bbcb5088f34bc39819df0e51f21d89,cd8c825a3b4f9b778c6b081633852e2e38cc0ce533ddb76fb3a445b004d4a321,artifacts/application_evaluation/2026-07-13_chronaris-v2-sealed-confirmation-representations/representations/seed_17/vehicle_only/clock_drift_+250ppm,False
17,naive_time_sync,clock_drift_+250ppm,completed,192,a173a9a720a49e137ef963f46d8af5db63cd72bfefad9c568210d896b467cf92,cf166eed67958ec0b930e18d5b06e156f975141a9d0f353ca508e92a9240790e,artifacts/application_evaluation/2026-07-13_chronaris-v2-sealed-confirmation-representations/representations/seed_17/naive_time_sync/clock_drift_+250ppm,False
17,mult,clock_drift_+250ppm,completed,192,5303906a85268b5f25af9e4010790f847d12484b597e07ae6fdf7c3445cc82f2,400c2c721407155aa97b46363fc189fd4ac6c3e6c1ba481c7d6a1133996624b7,artifacts/application_evaluation/2026-07-13_chronaris-v2-sealed-confirmation-representations/representations/seed_17/mult/clock_drift_+250ppm,False
17,contiformer,clock_drift_+250ppm,completed,192,1274b44c1221eadcf12051277769d56c1a9a2af930214349dde56e7c2e098ba0,15a1d1b611fddf671cdc0aa5d49954a4ae4b42cddf161b58f2ff6abd5ea81b9d,artifacts/application_evaluation/2026-07-13_chronaris-v2-sealed-confirmation-representations/representations/seed_17/contiformer/clock_drift_+250ppm,False
17,chronaris,clock_drift_+250ppm,completed,192,66d1478cd67e1ac32612f8c8facb74ea2c660d93cdbec6029afd90c4f4b572db,56bed2afff58244ea8d158f99c9f9ce345354623164103a6b9a8e041196b9147,artifacts/application_evaluation/2026-07-13_chronaris-v2-sealed-confirmation-representations/representations/seed_17/chronaris/clock_drift_+250ppm,False
17,physiology_only,random_missing_00pct,completed,192,f1a13dcf2f7e0e55a4b03573e6e610beed0adeb5595559c886a95a3c9b1e638c,e62470e0dfc5fc70da137fbad16c203945d0fecfed838fa8b011b3db6d8e3f20,artifacts/application_evaluation/2026-07-13_chronaris-v2-sealed-confirmation-representations/representations/seed_17/physiology_only/random_missing_00pct,False
17,vehicle_only,random_missing_00pct,completed,192,c3173c7b1465574ff2d687caea9f42e5f4bbcb5088f34bc39819df0e51f21d89,15620e8afb4e18ba68538a13648f117b31ba0b846ddcb54ded1b496376243b00,artifacts/application_evaluation/2026-07-13_chronaris-v2-sealed-confirmation-representations/representations/seed_17/vehicle_only/random_missing_00pct,False
17,naive_time_sync,random_missing_00pct,completed,192,a173a9a720a49e137ef963f46d8af5db63cd72bfefad9c568210d896b467cf92,48c6fd383321a6fe1718a5d3afc925db8713e8aed121370b94fe5e52406f7794,artifacts/application_evaluation/2026-07-13_chronaris-v2-sealed-confirmation-representations/representations/seed_17/naive_time_sync/random_missing_00pct,False
17,mult,random_missing_00pct,completed,192,5303906a85268b5f25af9e4010790f847d12484b597e07ae6fdf7c3445cc82f2,a23cb1fac359747c15624cdf75d0c18ab1985e983762eee2947c99ed884fafa1,artifacts/application_evaluation/2026-07-13_chronaris-v2-sealed-confirmation-representations/representations/seed_17/mult/random_missing_00pct,False
17,contiformer,random_missing_00pct,completed,192,1274b44c1221eadcf12051277769d56c1a9a2af930214349dde56e7c2e098ba0,7f365e5466722bc0a1454b054a8cdfcc881c52fa38469c933a50d591e58f6713,artifacts/application_evaluation/2026-07-13_chronaris-v2-sealed-confirmation-representations/representations/seed_17/contiformer/random_missing_00pct,False
17,chronaris,random_missing_00pct,completed,192,66d1478cd67e1ac32612f8c8facb74ea2c660d93cdbec6029afd90c4f4b572db,76584ab2d47c0188c0d15b63f094c0b099c3b0b35adfc356aaff8252bc73c3c3,artifacts/application_evaluation/2026-07-13_chronaris-v2-sealed-confirmation-representations/representations/seed_17/chronaris/random_missing_00pct,False
17,physiology_only,random_missing_10pct,completed,192,f1a13dcf2f7e0e55a4b03573e6e610beed0adeb5595559c886a95a3c9b1e638c,ad696923fdccb5edd967a0a7e7479f3891e4c1a9160600e9beb44529e89938e4,artifacts/application_evaluation/2026-07-13_chronaris-v2-sealed-confirmation-representations/representations/seed_17/physiology_only/random_missing_10pct,False
17,vehicle_only,random_missing_10pct,completed,192,c3173c7b1465574ff2d687caea9f42e5f4bbcb5088f34bc39819df0e51f21d89,ed2c96471f351aca51153b8293ca611365e0b7f64a5997655edd00ca57acde05,artifacts/application_evaluation/2026-07-13_chronaris-v2-sealed-confirmation-representations/representations/seed_17/vehicle_only/random_missing_10pct,False
17,naive_time_sync,random_missing_10pct,completed,192,a173a9a720a49e137ef963f46d8af5db63cd72bfefad9c568210d896b467cf92,e4c8e037f64a87de881d09f413a6a30173e4ae5b1e028f514e1249be2b67e49c,artifacts/application_evaluation/2026-07-13_chronaris-v2-sealed-confirmation-representations/representations/seed_17/naive_time_sync/random_missing_10pct,False
17,mult,random_missing_10pct,completed,192,5303906a85268b5f25af9e4010790f847d12484b597e07ae6fdf7c3445cc82f2,9265ac65109a3b38897981e1d5108e47991beb94fd2450e00fad030c9425ee98,artifacts/application_evaluation/2026-07-13_chronaris-v2-sealed-confirmation-representations/representations/seed_17/mult/random_missing_10pct,False
17,contiformer,random_missing_10pct,completed,192,1274b44c1221eadcf12051277769d56c1a9a2af930214349dde56e7c2e098ba0,a32463ee7f4edeaba048947ef449db2be0a86b981704464e2c2567a12ad91d15,artifacts/application_evaluation/2026-07-13_chronaris-v2-sealed-confirmation-representations/representations/seed_17/contiformer/random_missing_10pct,False
17,chronaris,random_missing_10pct,completed,192,66d1478cd67e1ac32612f8c8facb74ea2c660d93cdbec6029afd90c4f4b572db,7df83e40ac44bf878abb4b3d0616757e92de67aaa3e945d25eee728c66384dd5,artifacts/application_evaluation/2026-07-13_chronaris-v2-sealed-confirmation-representations/representations/seed_17/chronaris/random_missing_10pct,False
17,physiology_only,random_missing_30pct,completed,192,f1a13dcf2f7e0e55a4b03573e6e610beed0adeb5595559c886a95a3c9b1e638c,14335b1318d110ed6e65b09443566c5b9938857b159af2081bb984a3b0e61144,artifacts/application_evaluation/2026-07-13_chronaris-v2-sealed-confirmation-representations/representations/seed_17/physiology_only/random_missing_30pct,False
17,vehicle_only,random_missing_30pct,completed,192,c3173c7b1465574ff2d687caea9f42e5f4bbcb5088f34bc39819df0e51f21d89,3fb4a5586b9f437069c589d6f064b6e9c507418bab5840e2d35fa294f6acba55,artifacts/application_evaluation/2026-07-13_chronaris-v2-sealed-confirmation-representations/representations/seed_17/vehicle_only/random_missing_30pct,False
17,naive_time_sync,random_missing_30pct,completed,192,a173a9a720a49e137ef963f46d8af5db63cd72bfefad9c568210d896b467cf92,a57377012c04c37360808e3651f0b70aa1dbc02fb53cbbdda2adba15d9a6f818,artifacts/application_evaluation/2026-07-13_chronaris-v2-sealed-confirmation-representations/representations/seed_17/naive_time_sync/random_missing_30pct,False
17,mult,random_missing_30pct,completed,192,5303906a85268b5f25af9e4010790f847d12484b597e07ae6fdf7c3445cc82f2,da275e86a93798355e8f4d66c12fdd5a6fd9d3465b485a753e8ad5e2e3da0ead,artifacts/application_evaluation/2026-07-13_chronaris-v2-sealed-confirmation-representations/representations/seed_17/mult/random_missing_30pct,False
17,contiformer,random_missing_30pct,completed,192,1274b44c1221eadcf12051277769d56c1a9a2af930214349dde56e7c2e098ba0,786e83b449600d83d9b897f7d55ee3ba3210b44282acc668846aec35de986375,artifacts/application_evaluation/2026-07-13_chronaris-v2-sealed-confirmation-representations/representations/seed_17/contiformer/random_missing_30pct,False
17,chronaris,random_missing_30pct,completed,192,66d1478cd67e1ac32612f8c8facb74ea2c660d93cdbec6029afd90c4f4b572db,f2d4e9a74b58aece0768e2c62d002ee7bf9fcf57e8a19ed011fd6f3a160619bd,artifacts/application_evaluation/2026-07-13_chronaris-v2-sealed-confirmation-representations/representations/seed_17/chronaris/random_missing_30pct,False
17,physiology_only,random_missing_50pct,completed,192,f1a13dcf2f7e0e55a4b03573e6e610beed0adeb5595559c886a95a3c9b1e638c,27c596eed005dee48b4f7492119e4da98bf031dbbbd8ed7f215b9d4d1074a7b0,artifacts/application_evaluation/2026-07-13_chronaris-v2-sealed-confirmation-representations/representations/seed_17/physiology_only/random_missing_50pct,False
17,vehicle_only,random_missing_50pct,completed,192,c3173c7b1465574ff2d687caea9f42e5f4bbcb5088f34bc39819df0e51f21d89,561e86873ecb1901717bb7fdef6b396d26c7312c010cb311def7cd2c656d378c,artifacts/application_evaluation/2026-07-13_chronaris-v2-sealed-confirmation-representations/representations/seed_17/vehicle_only/random_missing_50pct,False
17,naive_time_sync,random_missing_50pct,completed,192,a173a9a720a49e137ef963f46d8af5db63cd72bfefad9c568210d896b467cf92,b88aec46006c2f21fd59c7ad23e77e42cb364d29cff9c24444c128eec30fe790,artifacts/application_evaluation/2026-07-13_chronaris-v2-sealed-confirmation-representations/representations/seed_17/naive_time_sync/random_missing_50pct,False
17,mult,random_missing_50pct,completed,192,5303906a85268b5f25af9e4010790f847d12484b597e07ae6fdf7c3445cc82f2,75113c68d69f726610352e5cc88d44d126d11d6f31b493ec0cc21627f238b64b,artifacts/application_evaluation/2026-07-13_chronaris-v2-sealed-confirmation-representations/representations/seed_17/mult/random_missing_50pct,False
17,contiformer,random_missing_50pct,completed,192,1274b44c1221eadcf12051277769d56c1a9a2af930214349dde56e7c2e098ba0,ae19088f9dcfdd45c84d1b9ffcad5a6a7baa461311274bbefa33ac72a1927dde,artifacts/application_evaluation/2026-07-13_chronaris-v2-sealed-confirmation-representations/representations/seed_17/contiformer/random_missing_50pct,False
17,chronaris,random_missing_50pct,completed,192,66d1478cd67e1ac32612f8c8facb74ea2c660d93cdbec6029afd90c4f4b572db,7921eb1dc71d46727e71400b200c02aa72cd9b8191e97db5c480d26ce10cc304,artifacts/application_evaluation/2026-07-13_chronaris-v2-sealed-confirmation-representations/representations/seed_17/chronaris/random_missing_50pct,False
17,physiology_only,contiguous_gap_00s,completed,192,f1a13dcf2f7e0e55a4b03573e6e610beed0adeb5595559c886a95a3c9b1e638c,15523d12b0676ca3b2bc33d83de39270eaa4a8d51f8bb4b83d935bfba44578b1,artifacts/application_evaluation/2026-07-13_chronaris-v2-sealed-confirmation-representations/representations/seed_17/physiology_only/contiguous_gap_00s,False
17,vehicle_only,contiguous_gap_00s,completed,192,c3173c7b1465574ff2d687caea9f42e5f4bbcb5088f34bc39819df0e51f21d89,43bca8a747def75f8462a3b57028332e6fa896395fe67461b80952b66e73f41c,artifacts/application_evaluation/2026-07-13_chronaris-v2-sealed-confirmation-representations/representations/seed_17/vehicle_only/contiguous_gap_00s,False
17,naive_time_sync,contiguous_gap_00s,completed,192,a173a9a720a49e137ef963f46d8af5db63cd72bfefad9c568210d896b467cf92,605d2c166a778cad7c05eb105c65a89f6582cf97067c9c3e7278a346c003e751,artifacts/application_evaluation/2026-07-13_chronaris-v2-sealed-confirmation-representations/representations/seed_17/naive_time_sync/contiguous_gap_00s,False
17,mult,contiguous_gap_00s,completed,192,5303906a85268b5f25af9e4010790f847d12484b597e07ae6fdf7c3445cc82f2,ea7e07cbd2133947e3ab8cbe934797004d2a0f37fe27c89e04a2ac6368dc8ee0,artifacts/application_evaluation/2026-07-13_chronaris-v2-sealed-confirmation-representations/representations/seed_17/mult/contiguous_gap_00s,False
17,contiformer,contiguous_gap_00s,completed,192,1274b44c1221eadcf12051277769d56c1a9a2af930214349dde56e7c2e098ba0,6aeb1076c1bd9ff277b5ec1db498c01745ca079ffe5c157ffc36d4654953777b,artifacts/application_evaluation/2026-07-13_chronaris-v2-sealed-confirmation-representations/representations/seed_17/contiformer/contiguous_gap_00s,False
17,chronaris,contiguous_gap_00s,completed,192,66d1478cd67e1ac32612f8c8facb74ea2c660d93cdbec6029afd90c4f4b572db,e400a334abc7d95aefe3fb1fd4dda36ecd62d1467c8feb924e251cd52481fe88,artifacts/application_evaluation/2026-07-13_chronaris-v2-sealed-confirmation-representations/representations/seed_17/chronaris/contiguous_gap_00s,False
17,physiology_only,contiguous_gap_05s,completed,192,f1a13dcf2f7e0e55a4b03573e6e610beed0adeb5595559c886a95a3c9b1e638c,7e7b2ad265aa85fcf717f77a94365dd2b669c3e2f1b215d9eabf0005d7471028,artifacts/application_evaluation/2026-07-13_chronaris-v2-sealed-confirmation-representations/representations/seed_17/physiology_only/contiguous_gap_05s,False
17,vehicle_only,contiguous_gap_05s,completed,192,c3173c7b1465574ff2d687caea9f42e5f4bbcb5088f34bc39819df0e51f21d89,d299eb41186ab0cfc4e7bbf3a1fde300c81245ae16b31ed1f7cff5fec066be78,artifacts/application_evaluation/2026-07-13_chronaris-v2-sealed-confirmation-representations/representations/seed_17/vehicle_only/contiguous_gap_05s,False
17,naive_time_sync,contiguous_gap_05s,completed,192,a173a9a720a49e137ef963f46d8af5db63cd72bfefad9c568210d896b467cf92,67e8678cb4bf5d1f9b83007836e84af0ebc291e6fc9bbb05291203d5d3280bb6,artifacts/application_evaluation/2026-07-13_chronaris-v2-sealed-confirmation-representations/representations/seed_17/naive_time_sync/contiguous_gap_05s,False
17,mult,contiguous_gap_05s,completed,192,5303906a85268b5f25af9e4010790f847d12484b597e07ae6fdf7c3445cc82f2,e4e99d5d16f53d2979ca5462d5ea379ed7a0ab5d3235187ba7a7471bbd9ca2fd,artifacts/application_evaluation/2026-07-13_chronaris-v2-sealed-confirmation-representations/representations/seed_17/mult/contiguous_gap_05s,False
17,contiformer,contiguous_gap_05s,completed,192,1274b44c1221eadcf12051277769d56c1a9a2af930214349dde56e7c2e098ba0,e7890e91e69f70d7e3c8897384879a6733fe161938a1034000aa4a7743016cb2,artifacts/application_evaluation/2026-07-13_chronaris-v2-sealed-confirmation-representations/representations/seed_17/contiformer/contiguous_gap_05s,False
17,chronaris,contiguous_gap_05s,completed,192,66d1478cd67e1ac32612f8c8facb74ea2c660d93cdbec6029afd90c4f4b572db,6f866cabceabd87b7e06bf5690871f63bbe7550b6fea7cd9069e0437e5148732,artifacts/application_evaluation/2026-07-13_chronaris-v2-sealed-confirmation-representations/representations/seed_17/chronaris/contiguous_gap_05s,False
17,physiology_only,contiguous_gap_15s,completed,192,f1a13dcf2f7e0e55a4b03573e6e610beed0adeb5595559c886a95a3c9b1e638c,425f35c61ba3c5a5c04f7bae2908effb745a4afe2a24656f167991c3899c67cb,artifacts/application_evaluation/2026-07-13_chronaris-v2-sealed-confirmation-representations/representations/seed_17/physiology_only/contiguous_gap_15s,False
17,vehicle_only,contiguous_gap_15s,completed,192,c3173c7b1465574ff2d687caea9f42e5f4bbcb5088f34bc39819df0e51f21d89,17a0a891b646f54acdf5c4773528cd0e51bc01b1110e95a6ffdcaa7a50f4a608,artifacts/application_evaluation/2026-07-13_chronaris-v2-sealed-confirmation-representations/representations/seed_17/vehicle_only/contiguous_gap_15s,False
17,naive_time_sync,contiguous_gap_15s,completed,192,a173a9a720a49e137ef963f46d8af5db63cd72bfefad9c568210d896b467cf92,f41da30caa582b343b684c14a705717b2010b5cf8dc1f89fc6d2f4d430153dc9,artifacts/application_evaluation/2026-07-13_chronaris-v2-sealed-confirmation-representations/representations/seed_17/naive_time_sync/contiguous_gap_15s,False
17,mult,contiguous_gap_15s,completed,192,5303906a85268b5f25af9e4010790f847d12484b597e07ae6fdf7c3445cc82f2,1f2500fadefc9d2e0f6ae7535ccc93d7b72d49b36594e3675473071433905cab,artifacts/application_evaluation/2026-07-13_chronaris-v2-sealed-confirmation-representations/representations/seed_17/mult/contiguous_gap_15s,False
17,contiformer,contiguous_gap_15s,completed,192,1274b44c1221eadcf12051277769d56c1a9a2af930214349dde56e7c2e098ba0,2cdf9060f42773b97060370aa2469216a101d43d46a450d0986b70fe2e96022f,artifacts/application_evaluation/2026-07-13_chronaris-v2-sealed-confirmation-representations/representations/seed_17/contiformer/contiguous_gap_15s,False
17,chronaris,contiguous_gap_15s,completed,192,66d1478cd67e1ac32612f8c8facb74ea2c660d93cdbec6029afd90c4f4b572db,d742bf288ac770408cbfbab4bcee25a2d5f99fa0d031a7cbffd84ea21cabc7b4,artifacts/application_evaluation/2026-07-13_chronaris-v2-sealed-confirmation-representations/representations/seed_17/chronaris/contiguous_gap_15s,False
17,physiology_only,contiguous_gap_30s,completed,192,f1a13dcf2f7e0e55a4b03573e6e610beed0adeb5595559c886a95a3c9b1e638c,c350e6ea124672d1b16296e056adc449f3c2c5c9e92b4879838b5c543959b4f3,artifacts/application_evaluation/2026-07-13_chronaris-v2-sealed-confirmation-representations/representations/seed_17/physiology_only/contiguous_gap_30s,False
17,vehicle_only,contiguous_gap_30s,completed,192,c3173c7b1465574ff2d687caea9f42e5f4bbcb5088f34bc39819df0e51f21d89,99663e5223ee304c6c69518a5f7541ac1ef9d2091912ffa022c57bc6761c6970,artifacts/application_evaluation/2026-07-13_chronaris-v2-sealed-confirmation-representations/representations/seed_17/vehicle_only/contiguous_gap_30s,False
17,naive_time_sync,contiguous_gap_30s,completed,192,a173a9a720a49e137ef963f46d8af5db63cd72bfefad9c568210d896b467cf92,0fb3c4a218c7e7e15810e70ea624decb8fc636b9c667f9f396ac5021920dfb06,artifacts/application_evaluation/2026-07-13_chronaris-v2-sealed-confirmation-representations/representations/seed_17/naive_time_sync/contiguous_gap_30s,False
17,mult,contiguous_gap_30s,completed,192,5303906a85268b5f25af9e4010790f847d12484b597e07ae6fdf7c3445cc82f2,3580a3042a81a8ce2305e4ad802472793fd348aa4502d502b40d2ab8a7606ed1,artifacts/application_evaluation/2026-07-13_chronaris-v2-sealed-confirmation-representations/representations/seed_17/mult/contiguous_gap_30s,False
17,contiformer,contiguous_gap_30s,completed,192,1274b44c1221eadcf12051277769d56c1a9a2af930214349dde56e7c2e098ba0,c8ca0b05d7db9d716afe5da7d76a251dd284aecff9168e4dcf5acacc43c36217,artifacts/application_evaluation/2026-07-13_chronaris-v2-sealed-confirmation-representations/representations/seed_17/contiformer/contiguous_gap_30s,False
17,chronaris,contiguous_gap_30s,completed,192,66d1478cd67e1ac32612f8c8facb74ea2c660d93cdbec6029afd90c4f4b572db,a5e58b63c6cfd3b9ae6db2b3f2f4239cb5c20b80a596877678138b6c04510667,artifacts/application_evaluation/2026-07-13_chronaris-v2-sealed-confirmation-representations/representations/seed_17/chronaris/contiguous_gap_30s,False
17,physiology_only,physiology_lag_02s,completed,192,f1a13dcf2f7e0e55a4b03573e6e610beed0adeb5595559c886a95a3c9b1e638c,99b0b874277db633ef1dac807059fbfa93f7d83ac478399bc1c5eba860ff21eb,artifacts/application_evaluation/2026-07-13_chronaris-v2-sealed-confirmation-representations/representations/seed_17/physiology_only/physiology_lag_02s,False
17,vehicle_only,physiology_lag_02s,completed,192,c3173c7b1465574ff2d687caea9f42e5f4bbcb5088f34bc39819df0e51f21d89,5dd634ab703f04ea3dbddb5ac9e408631732c770b1e5ad4c448bb455d734f7b2,artifacts/application_evaluation/2026-07-13_chronaris-v2-sealed-confirmation-representations/representations/seed_17/vehicle_only/physiology_lag_02s,False
17,naive_time_sync,physiology_lag_02s,completed,192,a173a9a720a49e137ef963f46d8af5db63cd72bfefad9c568210d896b467cf92,4169e094692b5f6daf9b255a71c46be288623b6e2eb6f515fa9d2e5f2c2d29d8,artifacts/application_evaluation/2026-07-13_chronaris-v2-sealed-confirmation-representations/representations/seed_17/naive_time_sync/physiology_lag_02s,False
17,mult,physiology_lag_02s,completed,192,5303906a85268b5f25af9e4010790f847d12484b597e07ae6fdf7c3445cc82f2,557aadd2e5611f9442bd02a330e52abd03be5805eb43f5f090353f1820c09468,artifacts/application_evaluation/2026-07-13_chronaris-v2-sealed-confirmation-representations/representations/seed_17/mult/physiology_lag_02s,False
17,contiformer,physiology_lag_02s,completed,192,1274b44c1221eadcf12051277769d56c1a9a2af930214349dde56e7c2e098ba0,6990d873d9ebd979c9d87ed592ed572d4157083c177054673bb2bac0cf99ee9b,artifacts/application_evaluation/2026-07-13_chronaris-v2-sealed-confirmation-representations/representations/seed_17/contiformer/physiology_lag_02s,False
17,chronaris,physiology_lag_02s,completed,192,66d1478cd67e1ac32612f8c8facb74ea2c660d93cdbec6029afd90c4f4b572db,d07e520fbedef821afcd433e2a3d1c4ae5828e08e8a72e2ce237ed14fc572c56,artifacts/application_evaluation/2026-07-13_chronaris-v2-sealed-confirmation-representations/representations/seed_17/chronaris/physiology_lag_02s,False
17,physiology_only,physiology_lag_05s,completed,192,f1a13dcf2f7e0e55a4b03573e6e610beed0adeb5595559c886a95a3c9b1e638c,2d3f47c6b1535b2add6c1526fa5b9014bbf74ac08aed9646a4915e9bb6425b7a,artifacts/application_evaluation/2026-07-13_chronaris-v2-sealed-confirmation-representations/representations/seed_17/physiology_only/physiology_lag_05s,False
17,vehicle_only,physiology_lag_05s,completed,192,c3173c7b1465574ff2d687caea9f42e5f4bbcb5088f34bc39819df0e51f21d89,8dea58dfba3673ca1ad3fc1ae03b29dbe26db6be79fed46f19b8f413c0315cc7,artifacts/application_evaluation/2026-07-13_chronaris-v2-sealed-confirmation-representations/representations/seed_17/vehicle_only/physiology_lag_05s,False
17,naive_time_sync,physiology_lag_05s,completed,192,a173a9a720a49e137ef963f46d8af5db63cd72bfefad9c568210d896b467cf92,3cb18a83645875c9af1f51195dfa71b7a51f3be3e98122662ea6ca1d07592ced,artifacts/application_evaluation/2026-07-13_chronaris-v2-sealed-confirmation-representations/representations/seed_17/naive_time_sync/physiology_lag_05s,False
17,mult,physiology_lag_05s,completed,192,5303906a85268b5f25af9e4010790f847d12484b597e07ae6fdf7c3445cc82f2,d182be8fd9ceda457c5974326fa2cb45b3b756a287448c9678a17038f6850a46,artifacts/application_evaluation/2026-07-13_chronaris-v2-sealed-confirmation-representations/representations/seed_17/mult/physiology_lag_05s,False
17,contiformer,physiology_lag_05s,completed,192,1274b44c1221eadcf12051277769d56c1a9a2af930214349dde56e7c2e098ba0,e6b840693e157abc0a6e96957ac6ab881a8d7c080d4a5edbfdf6efbf6909962d,artifacts/application_evaluation/2026-07-13_chronaris-v2-sealed-confirmation-representations/representations/seed_17/contiformer/physiology_lag_05s,False
17,chronaris,physiology_lag_05s,completed,192,66d1478cd67e1ac32612f8c8facb74ea2c660d93cdbec6029afd90c4f4b572db,b5727dd18a4cd4c3fec204f4d8d1e54d2fd9bea31460c59cab2c593c95aa2475,artifacts/application_evaluation/2026-07-13_chronaris-v2-sealed-confirmation-representations/representations/seed_17/chronaris/physiology_lag_05s,False
17,physiology_only,physiology_lag_15s,completed,192,f1a13dcf2f7e0e55a4b03573e6e610beed0adeb5595559c886a95a3c9b1e638c,aa8d05fafe772fdde782b675cabc7de0e1d0c82991b99006e5cb653f74b16f01,artifacts/application_evaluation/2026-07-13_chronaris-v2-sealed-confirmation-representations/representations/seed_17/physiology_only/physiology_lag_15s,False
17,vehicle_only,physiology_lag_15s,completed,192,c3173c7b1465574ff2d687caea9f42e5f4bbcb5088f34bc39819df0e51f21d89,1b23534d93989ab06455a9693baad47fff501f670bdc4df1516c6f91001a93be,artifacts/application_evaluation/2026-07-13_chronaris-v2-sealed-confirmation-representations/representations/seed_17/vehicle_only/physiology_lag_15s,False
17,naive_time_sync,physiology_lag_15s,completed,192,a173a9a720a49e137ef963f46d8af5db63cd72bfefad9c568210d896b467cf92,5779b30ca860e54993efd9b1002e819a6687a64eac93cd934230559d812a6993,artifacts/application_evaluation/2026-07-13_chronaris-v2-sealed-confirmation-representations/representations/seed_17/naive_time_sync/physiology_lag_15s,False
17,mult,physiology_lag_15s,completed,192,5303906a85268b5f25af9e4010790f847d12484b597e07ae6fdf7c3445cc82f2,10adf98a28539019afe0da53345cbfee12c83c31721891aff5d99f98bd4182f9,artifacts/application_evaluation/2026-07-13_chronaris-v2-sealed-confirmation-representations/representations/seed_17/mult/physiology_lag_15s,False
17,contiformer,physiology_lag_15s,completed,192,1274b44c1221eadcf12051277769d56c1a9a2af930214349dde56e7c2e098ba0,e5931b87b5878d5af64e94d00df3ce2150801eea4fc07b69813d2902085ffc96,artifacts/application_evaluation/2026-07-13_chronaris-v2-sealed-confirmation-representations/representations/seed_17/contiformer/physiology_lag_15s,False
17,chronaris,physiology_lag_15s,completed,192,66d1478cd67e1ac32612f8c8facb74ea2c660d93cdbec6029afd90c4f4b572db,8d8cd96686bec0c1941271071107906df756c92efb12fa9dbc7b6e4d9e1830ae,artifacts/application_evaluation/2026-07-13_chronaris-v2-sealed-confirmation-representations/representations/seed_17/chronaris/physiology_lag_15s,False
17,physiology_only,physiology_lag_30s,completed,192,f1a13dcf2f7e0e55a4b03573e6e610beed0adeb5595559c886a95a3c9b1e638c,d6ae4dd4adade1e059039f0f144e91d3b2e3021cbddcd2bd8037d090c352c059,artifacts/application_evaluation/2026-07-13_chronaris-v2-sealed-confirmation-representations/representations/seed_17/physiology_only/physiology_lag_30s,False
17,vehicle_only,physiology_lag_30s,completed,192,c3173c7b1465574ff2d687caea9f42e5f4bbcb5088f34bc39819df0e51f21d89,f45a42afad37c3b765661f38f644a139a57e27f95564047e01772d2174245c5d,artifacts/application_evaluation/2026-07-13_chronaris-v2-sealed-confirmation-representations/representations/seed_17/vehicle_only/physiology_lag_30s,False
17,naive_time_sync,physiology_lag_30s,completed,192,a173a9a720a49e137ef963f46d8af5db63cd72bfefad9c568210d896b467cf92,1a1b1aef50896afe757a62478601d073bf7d01bf96d03b461a1d7b1a5ebb1e03,artifacts/application_evaluation/2026-07-13_chronaris-v2-sealed-confirmation-representations/representations/seed_17/naive_time_sync/physiology_lag_30s,False
17,mult,physiology_lag_30s,completed,192,5303906a85268b5f25af9e4010790f847d12484b597e07ae6fdf7c3445cc82f2,1a00d773ce9d079fb2907a6247f6b9e58528faec8c81e2b4af07ae0d00c732cb,artifacts/application_evaluation/2026-07-13_chronaris-v2-sealed-confirmation-representations/representations/seed_17/mult/physiology_lag_30s,False
17,contiformer,physiology_lag_30s,completed,192,1274b44c1221eadcf12051277769d56c1a9a2af930214349dde56e7c2e098ba0,b5c668b6ab4c321e59edd582c46c4cd43a27abf108d808dd47aafb0d578c13bf,artifacts/application_evaluation/2026-07-13_chronaris-v2-sealed-confirmation-representations/representations/seed_17/contiformer/physiology_lag_30s,False
17,chronaris,physiology_lag_30s,completed,192,66d1478cd67e1ac32612f8c8facb74ea2c660d93cdbec6029afd90c4f4b572db,b8e5ea7b0691087438bca31b82336dff7e83ff26b6da29edf4a373b03b05657e,artifacts/application_evaluation/2026-07-13_chronaris-v2-sealed-confirmation-representations/representations/seed_17/chronaris/physiology_lag_30s,False
17,physiology_only,observation_snr_30db,completed,192,f1a13dcf2f7e0e55a4b03573e6e610beed0adeb5595559c886a95a3c9b1e638c,e40d1946738aed2cb1f7f48cf5dc40cc8dea67bac943eb064fdb9a46c8e0430e,artifacts/application_evaluation/2026-07-13_chronaris-v2-sealed-confirmation-representations/representations/seed_17/physiology_only/observation_snr_30db,False
17,vehicle_only,observation_snr_30db,completed,192,c3173c7b1465574ff2d687caea9f42e5f4bbcb5088f34bc39819df0e51f21d89,4320c867821516129d83f913cfefc7b5a5a0c900c7bfdf41efb61bde505322f8,artifacts/application_evaluation/2026-07-13_chronaris-v2-sealed-confirmation-representations/representations/seed_17/vehicle_only/observation_snr_30db,False
17,naive_time_sync,observation_snr_30db,completed,192,a173a9a720a49e137ef963f46d8af5db63cd72bfefad9c568210d896b467cf92,2065ed32c183143f651116c00b201f75182edbf22cd6456e95f1f6811ccd61dc,artifacts/application_evaluation/2026-07-13_chronaris-v2-sealed-confirmation-representations/representations/seed_17/naive_time_sync/observation_snr_30db,False
17,mult,observation_snr_30db,completed,192,5303906a85268b5f25af9e4010790f847d12484b597e07ae6fdf7c3445cc82f2,bd9af37c610e442a9f2f40d6d4ebafdfbaa9bd0544a871a43ce836975b9caaef,artifacts/application_evaluation/2026-07-13_chronaris-v2-sealed-confirmation-representations/representations/seed_17/mult/observation_snr_30db,False
17,contiformer,observation_snr_30db,completed,192,1274b44c1221eadcf12051277769d56c1a9a2af930214349dde56e7c2e098ba0,55a5d270c612787a295bd8da56e782593ff2da680a1cc09866bafb019ace55d9,artifacts/application_evaluation/2026-07-13_chronaris-v2-sealed-confirmation-representations/representations/seed_17/contiformer/observation_snr_30db,False
17,chronaris,observation_snr_30db,completed,192,66d1478cd67e1ac32612f8c8facb74ea2c660d93cdbec6029afd90c4f4b572db,a9601184a4e63f2f9dd1179b2aa97fdfe8b4124e54efa073ac8fb580e2f62c14,artifacts/application_evaluation/2026-07-13_chronaris-v2-sealed-confirmation-representations/representations/seed_17/chronaris/observation_snr_30db,False
17,physiology_only,observation_snr_20db,completed,192,f1a13dcf2f7e0e55a4b03573e6e610beed0adeb5595559c886a95a3c9b1e638c,d63e6ad8e87a98821cc5e78e0f51723ff39cee2e476582747ce1caa1dcb714fb,artifacts/application_evaluation/2026-07-13_chronaris-v2-sealed-confirmation-representations/representations/seed_17/physiology_only/observation_snr_20db,False
17,vehicle_only,observation_snr_20db,completed,192,c3173c7b1465574ff2d687caea9f42e5f4bbcb5088f34bc39819df0e51f21d89,79b9def66545aa322af272e98f7fb7ddb16310136b09be40ab811949fe339c15,artifacts/application_evaluation/2026-07-13_chronaris-v2-sealed-confirmation-representations/representations/seed_17/vehicle_only/observation_snr_20db,False
17,naive_time_sync,observation_snr_20db,completed,192,a173a9a720a49e137ef963f46d8af5db63cd72bfefad9c568210d896b467cf92,8304b47432c13949c31b7888ddf0d07de3e5e38cdf70612257cdcb969b47713d,artifacts/application_evaluation/2026-07-13_chronaris-v2-sealed-confirmation-representations/representations/seed_17/naive_time_sync/observation_snr_20db,False
17,mult,observation_snr_20db,completed,192,5303906a85268b5f25af9e4010790f847d12484b597e07ae6fdf7c3445cc82f2,46aed2bb623e824a54d14311a63c3649bc3cbbb003d597fc2f9dab61a616503e,artifacts/application_evaluation/2026-07-13_chronaris-v2-sealed-confirmation-representations/representations/seed_17/mult/observation_snr_20db,False
17,contiformer,observation_snr_20db,completed,192,1274b44c1221eadcf12051277769d56c1a9a2af930214349dde56e7c2e098ba0,b3234746b9f81786a25533424623b75a8d32f488c34b5b9ff290c0525b51b389,artifacts/application_evaluation/2026-07-13_chronaris-v2-sealed-confirmation-representations/representations/seed_17/contiformer/observation_snr_20db,False
17,chronaris,observation_snr_20db,completed,192,66d1478cd67e1ac32612f8c8facb74ea2c660d93cdbec6029afd90c4f4b572db,4dcb0b5cb2b1167bf3defdbbf429a3bf82960065d8fcea40533be18b99e2bb74,artifacts/application_evaluation/2026-07-13_chronaris-v2-sealed-confirmation-representations/representations/seed_17/chronaris/observation_snr_20db,False
17,physiology_only,observation_snr_10db,completed,192,f1a13dcf2f7e0e55a4b03573e6e610beed0adeb5595559c886a95a3c9b1e638c,2120a7625b8ba67ecb398284c23821be224d1daa99b6638758d728a4691d8d0e,artifacts/application_evaluation/2026-07-13_chronaris-v2-sealed-confirmation-representations/representations/seed_17/physiology_only/observation_snr_10db,False
17,vehicle_only,observation_snr_10db,completed,192,c3173c7b1465574ff2d687caea9f42e5f4bbcb5088f34bc39819df0e51f21d89,f64d74c05ca7d40ab4641ac10de629217f4c305857099d3a431dc1fc3c0071c3,artifacts/application_evaluation/2026-07-13_chronaris-v2-sealed-confirmation-representations/representations/seed_17/vehicle_only/observation_snr_10db,False
17,naive_time_sync,observation_snr_10db,completed,192,a173a9a720a49e137ef963f46d8af5db63cd72bfefad9c568210d896b467cf92,4b06c67fa3b2b0de93f09a8381166abd181ca128ea3aac0bc4f301b170346318,artifacts/application_evaluation/2026-07-13_chronaris-v2-sealed-confirmation-representations/representations/seed_17/naive_time_sync/observation_snr_10db,False
17,mult,observation_snr_10db,completed,192,5303906a85268b5f25af9e4010790f847d12484b597e07ae6fdf7c3445cc82f2,904f82c854c2472b93299ba7772c60ff1137935f8fef39907a4b964c0d4c1e5e,artifacts/application_evaluation/2026-07-13_chronaris-v2-sealed-confirmation-representations/representations/seed_17/mult/observation_snr_10db,False
17,contiformer,observation_snr_10db,completed,192,1274b44c1221eadcf12051277769d56c1a9a2af930214349dde56e7c2e098ba0,2486f110751f018136e2113b1bbe2823f60fdf3abb7c854cf1b7f437bf92d3fe,artifacts/application_evaluation/2026-07-13_chronaris-v2-sealed-confirmation-representations/representations/seed_17/contiformer/observation_snr_10db,False
17,chronaris,observation_snr_10db,completed,192,66d1478cd67e1ac32612f8c8facb74ea2c660d93cdbec6029afd90c4f4b572db,cdff8e72e21e1ec93a8a8dd91d8436c5c89f747d2510f408ed2e1fa8ab051b09,artifacts/application_evaluation/2026-07-13_chronaris-v2-sealed-confirmation-representations/representations/seed_17/chronaris/observation_snr_10db,False
17,physiology_only,observation_snr_05db,completed,192,f1a13dcf2f7e0e55a4b03573e6e610beed0adeb5595559c886a95a3c9b1e638c,b1a06d0cf7efa028d8a2aee0c08f27152da7f23a83f91ad866297c2c5e09088f,artifacts/application_evaluation/2026-07-13_chronaris-v2-sealed-confirmation-representations/representations/seed_17/physiology_only/observation_snr_05db,False
17,vehicle_only,observation_snr_05db,completed,192,c3173c7b1465574ff2d687caea9f42e5f4bbcb5088f34bc39819df0e51f21d89,9fe203ce400a7bf7267924f8720b7f717e1d006385e797356cde8a00f8836c5f,artifacts/application_evaluation/2026-07-13_chronaris-v2-sealed-confirmation-representations/representations/seed_17/vehicle_only/observation_snr_05db,False
17,naive_time_sync,observation_snr_05db,completed,192,a173a9a720a49e137ef963f46d8af5db63cd72bfefad9c568210d896b467cf92,9712f46d1eac0e0dd8dbe9eb2f70de2d02ae6ef39531f3c9194f7b48a7ae6f2d,artifacts/application_evaluation/2026-07-13_chronaris-v2-sealed-confirmation-representations/representations/seed_17/naive_time_sync/observation_snr_05db,False
17,mult,observation_snr_05db,completed,192,5303906a85268b5f25af9e4010790f847d12484b597e07ae6fdf7c3445cc82f2,a856cb96ae122d16523a7f49bd3372c9ec68055824a81fe926a67d4c0d153794,artifacts/application_evaluation/2026-07-13_chronaris-v2-sealed-confirmation-representations/representations/seed_17/mult/observation_snr_05db,False
17,contiformer,observation_snr_05db,completed,192,1274b44c1221eadcf12051277769d56c1a9a2af930214349dde56e7c2e098ba0,5dda1ef05ac540925cc985553031856e36db3e4f1daaaf03ed1c6686b5cad967,artifacts/application_evaluation/2026-07-13_chronaris-v2-sealed-confirmation-representations/representations/seed_17/contiformer/observation_snr_05db,False
17,chronaris,observation_snr_05db,completed,192,66d1478cd67e1ac32612f8c8facb74ea2c660d93cdbec6029afd90c4f4b572db,aef481b5487eeb1303a61721afdd503e8215949373ce7894791787f98f3ccdd4,artifacts/application_evaluation/2026-07-13_chronaris-v2-sealed-confirmation-representations/representations/seed_17/chronaris/observation_snr_05db,False
17,physiology_only,mixed_severe,completed,192,f1a13dcf2f7e0e55a4b03573e6e610beed0adeb5595559c886a95a3c9b1e638c,242c99febb2aad575ee79d0ffb1db3d1782dd11a5a7de289b39cc8ac9a24bbd5,artifacts/application_evaluation/2026-07-13_chronaris-v2-sealed-confirmation-representations/representations/seed_17/physiology_only/mixed_severe,False
17,vehicle_only,mixed_severe,completed,192,c3173c7b1465574ff2d687caea9f42e5f4bbcb5088f34bc39819df0e51f21d89,9adaf3ec4e3e89535e4c3621dc8f0b5d96f2e49477f52b1e271d891d8052b335,artifacts/application_evaluation/2026-07-13_chronaris-v2-sealed-confirmation-representations/representations/seed_17/vehicle_only/mixed_severe,False
17,naive_time_sync,mixed_severe,completed,192,a173a9a720a49e137ef963f46d8af5db63cd72bfefad9c568210d896b467cf92,1e559a8b70673f94cd75cd0a94cb807b7d22fda349d395c07339920fe66badbc,artifacts/application_evaluation/2026-07-13_chronaris-v2-sealed-confirmation-representations/representations/seed_17/naive_time_sync/mixed_severe,False
17,mult,mixed_severe,completed,192,5303906a85268b5f25af9e4010790f847d12484b597e07ae6fdf7c3445cc82f2,f402b6edafbf79a5ef0da5eccefcd58d503b34873b95d271cf4c9ca11447250d,artifacts/application_evaluation/2026-07-13_chronaris-v2-sealed-confirmation-representations/representations/seed_17/mult/mixed_severe,False
17,contiformer,mixed_severe,completed,192,1274b44c1221eadcf12051277769d56c1a9a2af930214349dde56e7c2e098ba0,fb8144dde0e820c884f44cf501c6339b7520b8b51242d383da95649ba82080c5,artifacts/application_evaluation/2026-07-13_chronaris-v2-sealed-confirmation-representations/representations/seed_17/contiformer/mixed_severe,False
17,chronaris,mixed_severe,completed,192,66d1478cd67e1ac32612f8c8facb74ea2c660d93cdbec6029afd90c4f4b572db,843e4d6a1523af14e5e899d6e4f892ca145ee10a12e38e90c8e08f0b698160b8,artifacts/application_evaluation/2026-07-13_chronaris-v2-sealed-confirmation-representations/representations/seed_17/chronaris/mixed_severe,False
29,physiology_only,timestamp_jitter_000ms,completed,192,15b57d6c2c15699eae671637bc1f48252bf253e2c473227b2c88c684cb197e28,e9fa45212585925b6c56ae20e7adf5b946983f213c25fd55bf26d94f27c0e307,artifacts/application_evaluation/2026-07-13_chronaris-v2-sealed-confirmation-representations/representations/seed_29/physiology_only/timestamp_jitter_000ms,False
29,vehicle_only,timestamp_jitter_000ms,completed,192,13939bf62743833bb9d09739d1ed008c533eb82e65a20f9156354f79fa188acd,0f4200b742908bc05fc364c76164139b3b27f93334b938592dc6afce02673402,artifacts/application_evaluation/2026-07-13_chronaris-v2-sealed-confirmation-representations/representations/seed_29/vehicle_only/timestamp_jitter_000ms,False
29,naive_time_sync,timestamp_jitter_000ms,completed,192,a173a9a720a49e137ef963f46d8af5db63cd72bfefad9c568210d896b467cf92,461ce1aeba0472011cabe3c6de4d640d514cf5337ddf7c8a5efd29a03ee75f57,artifacts/application_evaluation/2026-07-13_chronaris-v2-sealed-confirmation-representations/representations/seed_29/naive_time_sync/timestamp_jitter_000ms,False
29,mult,timestamp_jitter_000ms,completed,192,12d22389da27f4527ca194e142ad305c23bdf3150f32ea1cc9b8a9bbb605fb24,7b4d2efb958b0f5ed28aa5e745daa8b1212278363213969a001e2960b106d5e4,artifacts/application_evaluation/2026-07-13_chronaris-v2-sealed-confirmation-representations/representations/seed_29/mult/timestamp_jitter_000ms,False
29,contiformer,timestamp_jitter_000ms,completed,192,fe4d0fddd0f34aa9d2c34e1aea7e636580c3736b645f5963a8abab54b8ab15b7,5faf127525c73a67a5ce4c575f18783ad4ef1ae4e9998d64590d819aed76bb19,artifacts/application_evaluation/2026-07-13_chronaris-v2-sealed-confirmation-representations/representations/seed_29/contiformer/timestamp_jitter_000ms,False
29,chronaris,timestamp_jitter_000ms,completed,192,bfb46a9650d3663e5638695a2892a2ac4fb548861bafa7f9d9e9359aa83bc66e,49c4176fd8d9039eb15c70e3c7a5a54aefcf3cf04b9a5357824abdb9908dc906,artifacts/application_evaluation/2026-07-13_chronaris-v2-sealed-confirmation-representations/representations/seed_29/chronaris/timestamp_jitter_000ms,False
29,physiology_only,timestamp_jitter_020ms,completed,192,15b57d6c2c15699eae671637bc1f48252bf253e2c473227b2c88c684cb197e28,74b6efb153273ecba91d6e31e1471c1abbd9cd2ef8f56a6a1e43a78bc256f745,artifacts/application_evaluation/2026-07-13_chronaris-v2-sealed-confirmation-representations/representations/seed_29/physiology_only/timestamp_jitter_020ms,False
29,vehicle_only,timestamp_jitter_020ms,completed,192,13939bf62743833bb9d09739d1ed008c533eb82e65a20f9156354f79fa188acd,f2da5a4a84a701effbe8953b2dd3d4b6d1e1d82bf75dfd8d9b4052d54c5cc59b,artifacts/application_evaluation/2026-07-13_chronaris-v2-sealed-confirmation-representations/representations/seed_29/vehicle_only/timestamp_jitter_020ms,False
29,naive_time_sync,timestamp_jitter_020ms,completed,192,a173a9a720a49e137ef963f46d8af5db63cd72bfefad9c568210d896b467cf92,5a77036ad3893a7003a3ae91ef1412b3f37baf1cb65e24e73c645d05dcec1926,artifacts/application_evaluation/2026-07-13_chronaris-v2-sealed-confirmation-representations/representations/seed_29/naive_time_sync/timestamp_jitter_020ms,False
29,mult,timestamp_jitter_020ms,completed,192,12d22389da27f4527ca194e142ad305c23bdf3150f32ea1cc9b8a9bbb605fb24,d32f031fe4aba8fccde2ae5ce81b1c55544dacff0ce913dd3a5f8d0f2914e0ae,artifacts/application_evaluation/2026-07-13_chronaris-v2-sealed-confirmation-representations/representations/seed_29/mult/timestamp_jitter_020ms,False
29,contiformer,timestamp_jitter_020ms,completed,192,fe4d0fddd0f34aa9d2c34e1aea7e636580c3736b645f5963a8abab54b8ab15b7,79a115c3b46f83d7fdbd80e058607f05c267823628ead0cbf42ee7cdce1ec8e6,artifacts/application_evaluation/2026-07-13_chronaris-v2-sealed-confirmation-representations/representations/seed_29/contiformer/timestamp_jitter_020ms,False
29,chronaris,timestamp_jitter_020ms,completed,192,bfb46a9650d3663e5638695a2892a2ac4fb548861bafa7f9d9e9359aa83bc66e,5272bf15615e1780fec742603c4d9f7932c231edf8d91b3ce2d250220c4ba22d,artifacts/application_evaluation/2026-07-13_chronaris-v2-sealed-confirmation-representations/representations/seed_29/chronaris/timestamp_jitter_020ms,False
29,physiology_only,timestamp_jitter_050ms,completed,192,15b57d6c2c15699eae671637bc1f48252bf253e2c473227b2c88c684cb197e28,1c30c1563e42abe84db2c64d45139574aa813df90069787d541353e3377cc87c,artifacts/application_evaluation/2026-07-13_chronaris-v2-sealed-confirmation-representations/representations/seed_29/physiology_only/timestamp_jitter_050ms,False
29,vehicle_only,timestamp_jitter_050ms,completed,192,13939bf62743833bb9d09739d1ed008c533eb82e65a20f9156354f79fa188acd,62c446941c21fa659110aff91a1b3cbf645dc20ad8897fb1397d3f664776ede2,artifacts/application_evaluation/2026-07-13_chronaris-v2-sealed-confirmation-representations/representations/seed_29/vehicle_only/timestamp_jitter_050ms,False
29,naive_time_sync,timestamp_jitter_050ms,completed,192,a173a9a720a49e137ef963f46d8af5db63cd72bfefad9c568210d896b467cf92,d8a20ec3ef2453e801f3aea7cdee976af405dbb31a2d2a957947983ef87e6772,artifacts/application_evaluation/2026-07-13_chronaris-v2-sealed-confirmation-representations/representations/seed_29/naive_time_sync/timestamp_jitter_050ms,False
29,mult,timestamp_jitter_050ms,completed,192,12d22389da27f4527ca194e142ad305c23bdf3150f32ea1cc9b8a9bbb605fb24,744634aa34cc6efd60448fd18e59f97e56ff93e096517d248619a64970195ada,artifacts/application_evaluation/2026-07-13_chronaris-v2-sealed-confirmation-representations/representations/seed_29/mult/timestamp_jitter_050ms,False
29,contiformer,timestamp_jitter_050ms,completed,192,fe4d0fddd0f34aa9d2c34e1aea7e636580c3736b645f5963a8abab54b8ab15b7,cc60d42bdc2616648cf5f0a1086d4518df75aa0ab790e82ed13906483b789e6d,artifacts/application_evaluation/2026-07-13_chronaris-v2-sealed-confirmation-representations/representations/seed_29/contiformer/timestamp_jitter_050ms,False
29,chronaris,timestamp_jitter_050ms,completed,192,bfb46a9650d3663e5638695a2892a2ac4fb548861bafa7f9d9e9359aa83bc66e,72f1b0b092a5c7b71a4aa16139d64f7ed7aeb0e54983bb77492b7028782abeae,artifacts/application_evaluation/2026-07-13_chronaris-v2-sealed-confirmation-representations/representations/seed_29/chronaris/timestamp_jitter_050ms,False
29,physiology_only,timestamp_jitter_100ms,completed,192,15b57d6c2c15699eae671637bc1f48252bf253e2c473227b2c88c684cb197e28,fc323a2e2c3fb762a1f9eea09d244c511c5fd3a94cb46cc7a29693b0aae4d5c1,artifacts/application_evaluation/2026-07-13_chronaris-v2-sealed-confirmation-representations/representations/seed_29/physiology_only/timestamp_jitter_100ms,False
29,vehicle_only,timestamp_jitter_100ms,completed,192,13939bf62743833bb9d09739d1ed008c533eb82e65a20f9156354f79fa188acd,94a8cf8cfd56c84e6668d91f54d43eea4f6e6a804f5e75a52aaa2f30561853d8,artifacts/application_evaluation/2026-07-13_chronaris-v2-sealed-confirmation-representations/representations/seed_29/vehicle_only/timestamp_jitter_100ms,False
29,naive_time_sync,timestamp_jitter_100ms,completed,192,a173a9a720a49e137ef963f46d8af5db63cd72bfefad9c568210d896b467cf92,5fefa392692d3174a01e4c8bab5d53ced767e0bbd50bc8e50fae555889e1cd02,artifacts/application_evaluation/2026-07-13_chronaris-v2-sealed-confirmation-representations/representations/seed_29/naive_time_sync/timestamp_jitter_100ms,False
29,mult,timestamp_jitter_100ms,completed,192,12d22389da27f4527ca194e142ad305c23bdf3150f32ea1cc9b8a9bbb605fb24,408cb6c84197587391c809d454a1ecfe6f6af34f59613226080238748b64c6f6,artifacts/application_evaluation/2026-07-13_chronaris-v2-sealed-confirmation-representations/representations/seed_29/mult/timestamp_jitter_100ms,False
29,contiformer,timestamp_jitter_100ms,completed,192,fe4d0fddd0f34aa9d2c34e1aea7e636580c3736b645f5963a8abab54b8ab15b7,c3f023e5419781859778abbec7895afabecf1bd0a9866f8fb37fdf867af29fe9,artifacts/application_evaluation/2026-07-13_chronaris-v2-sealed-confirmation-representations/representations/seed_29/contiformer/timestamp_jitter_100ms,False
29,chronaris,timestamp_jitter_100ms,completed,192,bfb46a9650d3663e5638695a2892a2ac4fb548861bafa7f9d9e9359aa83bc66e,95e3a0a1a00204813702d5e7333d687034bfe3d853bcb33cc3a720e492366d62,artifacts/application_evaluation/2026-07-13_chronaris-v2-sealed-confirmation-representations/representations/seed_29/chronaris/timestamp_jitter_100ms,False
29,physiology_only,clock_offset_+0.00s,completed,192,15b57d6c2c15699eae671637bc1f48252bf253e2c473227b2c88c684cb197e28,1b160cee6d54726bd5db35b684e339b91efa035371999008192ddcf354937bdd,artifacts/application_evaluation/2026-07-13_chronaris-v2-sealed-confirmation-representations/representations/seed_29/physiology_only/clock_offset_+0.00s,False
29,vehicle_only,clock_offset_+0.00s,completed,192,13939bf62743833bb9d09739d1ed008c533eb82e65a20f9156354f79fa188acd,9bc06393a08c7a463ab6a1c9e9b4a7f7605932b4439ec2028d263eb1adc8f699,artifacts/application_evaluation/2026-07-13_chronaris-v2-sealed-confirmation-representations/representations/seed_29/vehicle_only/clock_offset_+0.00s,False
29,naive_time_sync,clock_offset_+0.00s,completed,192,a173a9a720a49e137ef963f46d8af5db63cd72bfefad9c568210d896b467cf92,610f9f33a124816f7741453086a87d82a46fe66522b71531b600a304ae73cc3a,artifacts/application_evaluation/2026-07-13_chronaris-v2-sealed-confirmation-representations/representations/seed_29/naive_time_sync/clock_offset_+0.00s,False
29,mult,clock_offset_+0.00s,completed,192,12d22389da27f4527ca194e142ad305c23bdf3150f32ea1cc9b8a9bbb605fb24,920b56706e3d7be16776e255c6f2c355cd34ec8aa8ed063f5f4df3f17cc03336,artifacts/application_evaluation/2026-07-13_chronaris-v2-sealed-confirmation-representations/representations/seed_29/mult/clock_offset_+0.00s,False
29,contiformer,clock_offset_+0.00s,completed,192,fe4d0fddd0f34aa9d2c34e1aea7e636580c3736b645f5963a8abab54b8ab15b7,6cd33f717285332de5519e7381fa8e69ae210d2a2827b6ce316791a782e0fcde,artifacts/application_evaluation/2026-07-13_chronaris-v2-sealed-confirmation-representations/representations/seed_29/contiformer/clock_offset_+0.00s,False
29,chronaris,clock_offset_+0.00s,completed,192,bfb46a9650d3663e5638695a2892a2ac4fb548861bafa7f9d9e9359aa83bc66e,d861c9bcd0c5765077821770f73548ef9f082dba98195964b60c0bae0a695e19,artifacts/application_evaluation/2026-07-13_chronaris-v2-sealed-confirmation-representations/representations/seed_29/chronaris/clock_offset_+0.00s,False
29,physiology_only,clock_offset_-0.25s,completed,192,15b57d6c2c15699eae671637bc1f48252bf253e2c473227b2c88c684cb197e28,a9c2ec737844954fc69e0c13e343f8366548803c92d1817cde9de81a1a0b0757,artifacts/application_evaluation/2026-07-13_chronaris-v2-sealed-confirmation-representations/representations/seed_29/physiology_only/clock_offset_-0.25s,False
29,vehicle_only,clock_offset_-0.25s,completed,192,13939bf62743833bb9d09739d1ed008c533eb82e65a20f9156354f79fa188acd,0503aa320835fb6b0cb6b0f523446e173cc9e7f2f5b0ec1a4fece669b4726ffe,artifacts/application_evaluation/2026-07-13_chronaris-v2-sealed-confirmation-representations/representations/seed_29/vehicle_only/clock_offset_-0.25s,False
29,naive_time_sync,clock_offset_-0.25s,completed,192,a173a9a720a49e137ef963f46d8af5db63cd72bfefad9c568210d896b467cf92,4a7cc3e711515b566d83c78b42fe7f0dd9fb0fa3fc75416c9396bc3d0b01da0e,artifacts/application_evaluation/2026-07-13_chronaris-v2-sealed-confirmation-representations/representations/seed_29/naive_time_sync/clock_offset_-0.25s,False
29,mult,clock_offset_-0.25s,completed,192,12d22389da27f4527ca194e142ad305c23bdf3150f32ea1cc9b8a9bbb605fb24,37983195306bbbe29ddab40aa1c2b03f0b581b2d4f8153404089035d7314b491,artifacts/application_evaluation/2026-07-13_chronaris-v2-sealed-confirmation-representations/representations/seed_29/mult/clock_offset_-0.25s,False
29,contiformer,clock_offset_-0.25s,completed,192,fe4d0fddd0f34aa9d2c34e1aea7e636580c3736b645f5963a8abab54b8ab15b7,d34416943ba63a214ac0eca62e4b6b1de9800ddc6a1f4e49328376516b26dd7e,artifacts/application_evaluation/2026-07-13_chronaris-v2-sealed-confirmation-representations/representations/seed_29/contiformer/clock_offset_-0.25s,False
29,chronaris,clock_offset_-0.25s,completed,192,bfb46a9650d3663e5638695a2892a2ac4fb548861bafa7f9d9e9359aa83bc66e,35f6642dde28c45ed8ee2240ad26dcc440f955822e89707219ec987f34c4125b,artifacts/application_evaluation/2026-07-13_chronaris-v2-sealed-confirmation-representations/representations/seed_29/chronaris/clock_offset_-0.25s,False
29,physiology_only,clock_offset_+0.25s,completed,192,15b57d6c2c15699eae671637bc1f48252bf253e2c473227b2c88c684cb197e28,389fb7d0fa839c9af6b170c2d4629178fa69d628ea53a83eb83c6ccfe0a80e80,artifacts/application_evaluation/2026-07-13_chronaris-v2-sealed-confirmation-representations/representations/seed_29/physiology_only/clock_offset_+0.25s,False
29,vehicle_only,clock_offset_+0.25s,completed,192,13939bf62743833bb9d09739d1ed008c533eb82e65a20f9156354f79fa188acd,48ed112b876ffa23ae6bf451d841a82fa2eb887fc7f270cb7c4437836e57edc3,artifacts/application_evaluation/2026-07-13_chronaris-v2-sealed-confirmation-representations/representations/seed_29/vehicle_only/clock_offset_+0.25s,False
29,naive_time_sync,clock_offset_+0.25s,completed,192,a173a9a720a49e137ef963f46d8af5db63cd72bfefad9c568210d896b467cf92,06e8b8d3a7752034883144da796272d911ae4ad561364ea6aff38c98bfab9078,artifacts/application_evaluation/2026-07-13_chronaris-v2-sealed-confirmation-representations/representations/seed_29/naive_time_sync/clock_offset_+0.25s,False
29,mult,clock_offset_+0.25s,completed,192,12d22389da27f4527ca194e142ad305c23bdf3150f32ea1cc9b8a9bbb605fb24,b473c46631a5cdfc51a4be331b8ae01dd91c28cd4d8ca1efea412544369c887c,artifacts/application_evaluation/2026-07-13_chronaris-v2-sealed-confirmation-representations/representations/seed_29/mult/clock_offset_+0.25s,False
29,contiformer,clock_offset_+0.25s,completed,192,fe4d0fddd0f34aa9d2c34e1aea7e636580c3736b645f5963a8abab54b8ab15b7,bea5c23d6ad918334e833eb5b8372b2439e4a0c07ecea29f7c5f84a45748d8b7,artifacts/application_evaluation/2026-07-13_chronaris-v2-sealed-confirmation-representations/representations/seed_29/contiformer/clock_offset_+0.25s,False
29,chronaris,clock_offset_+0.25s,completed,192,bfb46a9650d3663e5638695a2892a2ac4fb548861bafa7f9d9e9359aa83bc66e,f36f0d360727b281805c7f50db2c1af19c5b7f74c3981ca7ad90f5f87cc0ed16,artifacts/application_evaluation/2026-07-13_chronaris-v2-sealed-confirmation-representations/representations/seed_29/chronaris/clock_offset_+0.25s,False
29,physiology_only,clock_offset_-1.00s,completed,192,15b57d6c2c15699eae671637bc1f48252bf253e2c473227b2c88c684cb197e28,4f2f0d0d4ae592b1480c4ee27584f73534413a78202f2a6bd2489c56216b3098,artifacts/application_evaluation/2026-07-13_chronaris-v2-sealed-confirmation-representations/representations/seed_29/physiology_only/clock_offset_-1.00s,False
29,vehicle_only,clock_offset_-1.00s,completed,192,13939bf62743833bb9d09739d1ed008c533eb82e65a20f9156354f79fa188acd,6dc2c6c1911fc7f6ec1e49f7a04ee479ce5b18c1feac022258138a17111f87d5,artifacts/application_evaluation/2026-07-13_chronaris-v2-sealed-confirmation-representations/representations/seed_29/vehicle_only/clock_offset_-1.00s,False
29,naive_time_sync,clock_offset_-1.00s,completed,192,a173a9a720a49e137ef963f46d8af5db63cd72bfefad9c568210d896b467cf92,d695361e255eb6967aadb6e2b38999f6c6b0cd8bc4013394070015e96c42a18e,artifacts/application_evaluation/2026-07-13_chronaris-v2-sealed-confirmation-representations/representations/seed_29/naive_time_sync/clock_offset_-1.00s,False
29,mult,clock_offset_-1.00s,completed,192,12d22389da27f4527ca194e142ad305c23bdf3150f32ea1cc9b8a9bbb605fb24,8898f4a24ac3f924f0d87dde9b38a319f91c7f388658bc2abc5043e3e6a35471,artifacts/application_evaluation/2026-07-13_chronaris-v2-sealed-confirmation-representations/representations/seed_29/mult/clock_offset_-1.00s,False
29,contiformer,clock_offset_-1.00s,completed,192,fe4d0fddd0f34aa9d2c34e1aea7e636580c3736b645f5963a8abab54b8ab15b7,c7c7f2fb44bb3f304ee3e2c641db9dfe2a629568c9a30d86ee25cb8b04e0c878,artifacts/application_evaluation/2026-07-13_chronaris-v2-sealed-confirmation-representations/representations/seed_29/contiformer/clock_offset_-1.00s,False
29,chronaris,clock_offset_-1.00s,completed,192,bfb46a9650d3663e5638695a2892a2ac4fb548861bafa7f9d9e9359aa83bc66e,33ffe582409647803f38594671980d3c74740c7ae4ada2361a989ab7b0b91300,artifacts/application_evaluation/2026-07-13_chronaris-v2-sealed-confirmation-representations/representations/seed_29/chronaris/clock_offset_-1.00s,False
29,physiology_only,clock_offset_+1.00s,completed,192,15b57d6c2c15699eae671637bc1f48252bf253e2c473227b2c88c684cb197e28,e0536757e60b4d50bcbd0b2a567a8b5926dcf2e8bfece0444b558b3a22387722,artifacts/application_evaluation/2026-07-13_chronaris-v2-sealed-confirmation-representations/representations/seed_29/physiology_only/clock_offset_+1.00s,False
29,vehicle_only,clock_offset_+1.00s,completed,192,13939bf62743833bb9d09739d1ed008c533eb82e65a20f9156354f79fa188acd,3dbb43d79557a754382e35e0b2dd529da6d2f98251386a5ff7548fcb54b0fff5,artifacts/application_evaluation/2026-07-13_chronaris-v2-sealed-confirmation-representations/representations/seed_29/vehicle_only/clock_offset_+1.00s,False
29,naive_time_sync,clock_offset_+1.00s,completed,192,a173a9a720a49e137ef963f46d8af5db63cd72bfefad9c568210d896b467cf92,d4e9a2bff41c506397c24332129b0c695d818a9541a8d773ca639ba02cf7f63c,artifacts/application_evaluation/2026-07-13_chronaris-v2-sealed-confirmation-representations/representations/seed_29/naive_time_sync/clock_offset_+1.00s,False
29,mult,clock_offset_+1.00s,completed,192,12d22389da27f4527ca194e142ad305c23bdf3150f32ea1cc9b8a9bbb605fb24,38b541030e507565875c6959d825edfa24da960507085578e3b32e83afeabbc9,artifacts/application_evaluation/2026-07-13_chronaris-v2-sealed-confirmation-representations/representations/seed_29/mult/clock_offset_+1.00s,False
29,contiformer,clock_offset_+1.00s,completed,192,fe4d0fddd0f34aa9d2c34e1aea7e636580c3736b645f5963a8abab54b8ab15b7,3c3689e67e627bdb12c5d451531f5ad2491eef3df15ab1a2b8b6da72825590fe,artifacts/application_evaluation/2026-07-13_chronaris-v2-sealed-confirmation-representations/representations/seed_29/contiformer/clock_offset_+1.00s,False
29,chronaris,clock_offset_+1.00s,completed,192,bfb46a9650d3663e5638695a2892a2ac4fb548861bafa7f9d9e9359aa83bc66e,7fc6b65ec0b7294091a124602a1a55f41c1f45e09eb24ff9d9c8906662f0b34a,artifacts/application_evaluation/2026-07-13_chronaris-v2-sealed-confirmation-representations/representations/seed_29/chronaris/clock_offset_+1.00s,False
29,physiology_only,clock_offset_-3.00s,completed,192,15b57d6c2c15699eae671637bc1f48252bf253e2c473227b2c88c684cb197e28,0de53b0591be05dc62fd0222b3cc42055f5a6e0f9b8039b71ae3396a2db31dff,artifacts/application_evaluation/2026-07-13_chronaris-v2-sealed-confirmation-representations/representations/seed_29/physiology_only/clock_offset_-3.00s,False
29,vehicle_only,clock_offset_-3.00s,completed,192,13939bf62743833bb9d09739d1ed008c533eb82e65a20f9156354f79fa188acd,c41c6c7df91fe739aeb5da062fa6068a15cccdecfc90a7fada4834a20da4c603,artifacts/application_evaluation/2026-07-13_chronaris-v2-sealed-confirmation-representations/representations/seed_29/vehicle_only/clock_offset_-3.00s,False
29,naive_time_sync,clock_offset_-3.00s,completed,192,a173a9a720a49e137ef963f46d8af5db63cd72bfefad9c568210d896b467cf92,2bffde84796e4627c1c6713f94100c610477b2514ccd3fb4b8e89315a70a615d,artifacts/application_evaluation/2026-07-13_chronaris-v2-sealed-confirmation-representations/representations/seed_29/naive_time_sync/clock_offset_-3.00s,False
29,mult,clock_offset_-3.00s,completed,192,12d22389da27f4527ca194e142ad305c23bdf3150f32ea1cc9b8a9bbb605fb24,7fba9d04a255bc1b8a30777b126d8bbeb43d6e8639148fe5db98ab4f5acb3242,artifacts/application_evaluation/2026-07-13_chronaris-v2-sealed-confirmation-representations/representations/seed_29/mult/clock_offset_-3.00s,False
29,contiformer,clock_offset_-3.00s,completed,192,fe4d0fddd0f34aa9d2c34e1aea7e636580c3736b645f5963a8abab54b8ab15b7,b5b0dca77a2d882a5802df476fb37d7a2b52c49df38df3997e1ff0e57d7af8fd,artifacts/application_evaluation/2026-07-13_chronaris-v2-sealed-confirmation-representations/representations/seed_29/contiformer/clock_offset_-3.00s,False
29,chronaris,clock_offset_-3.00s,completed,192,bfb46a9650d3663e5638695a2892a2ac4fb548861bafa7f9d9e9359aa83bc66e,32daaf98102ee4e3a06f04a1fc56c4b21beb48bb4ff011af72c0f0eb1c2a4d24,artifacts/application_evaluation/2026-07-13_chronaris-v2-sealed-confirmation-representations/representations/seed_29/chronaris/clock_offset_-3.00s,False
29,physiology_only,clock_offset_+3.00s,completed,192,15b57d6c2c15699eae671637bc1f48252bf253e2c473227b2c88c684cb197e28,1b4babff6a8ad91752c472d50ecabd880e8a1179c48101963ed124c22aeff044,artifacts/application_evaluation/2026-07-13_chronaris-v2-sealed-confirmation-representations/representations/seed_29/physiology_only/clock_offset_+3.00s,False
29,vehicle_only,clock_offset_+3.00s,completed,192,13939bf62743833bb9d09739d1ed008c533eb82e65a20f9156354f79fa188acd,8723797c8beb4fbc198b3cdf164f4010b459df953131f97ff1a9ca8234534a03,artifacts/application_evaluation/2026-07-13_chronaris-v2-sealed-confirmation-representations/representations/seed_29/vehicle_only/clock_offset_+3.00s,False
29,naive_time_sync,clock_offset_+3.00s,completed,192,a173a9a720a49e137ef963f46d8af5db63cd72bfefad9c568210d896b467cf92,637ed63167c90af4276fa2f48c3c053f5ac7ffa9e060c270a6da994eeaf8e4ef,artifacts/application_evaluation/2026-07-13_chronaris-v2-sealed-confirmation-representations/representations/seed_29/naive_time_sync/clock_offset_+3.00s,False
29,mult,clock_offset_+3.00s,completed,192,12d22389da27f4527ca194e142ad305c23bdf3150f32ea1cc9b8a9bbb605fb24,37101968d5e60cba487b40c46cc3264ab4585a27d25a2b14f167d1000ceab00e,artifacts/application_evaluation/2026-07-13_chronaris-v2-sealed-confirmation-representations/representations/seed_29/mult/clock_offset_+3.00s,False
29,contiformer,clock_offset_+3.00s,completed,192,fe4d0fddd0f34aa9d2c34e1aea7e636580c3736b645f5963a8abab54b8ab15b7,b35582d36b25efbe98e05fa6c8f45abec907a2ddc4872704069eb4cb40a48ab2,artifacts/application_evaluation/2026-07-13_chronaris-v2-sealed-confirmation-representations/representations/seed_29/contiformer/clock_offset_+3.00s,False
29,chronaris,clock_offset_+3.00s,completed,192,bfb46a9650d3663e5638695a2892a2ac4fb548861bafa7f9d9e9359aa83bc66e,98005bfdd525f975a510ae9b28a8c94aae634c9c1dc146828204d87a411ad2f6,artifacts/application_evaluation/2026-07-13_chronaris-v2-sealed-confirmation-representations/representations/seed_29/chronaris/clock_offset_+3.00s,False
29,physiology_only,clock_drift_+000ppm,completed,192,15b57d6c2c15699eae671637bc1f48252bf253e2c473227b2c88c684cb197e28,5ec3d5715885fe0de6fa2cd51e3b7f25261990340f338af7e1a2bdc012099b47,artifacts/application_evaluation/2026-07-13_chronaris-v2-sealed-confirmation-representations/representations/seed_29/physiology_only/clock_drift_+000ppm,False
29,vehicle_only,clock_drift_+000ppm,completed,192,13939bf62743833bb9d09739d1ed008c533eb82e65a20f9156354f79fa188acd,cd1c6033b3c0fef0815af55e90e716166b36519365e8969337f36f8d9f67d605,artifacts/application_evaluation/2026-07-13_chronaris-v2-sealed-confirmation-representations/representations/seed_29/vehicle_only/clock_drift_+000ppm,False
29,naive_time_sync,clock_drift_+000ppm,completed,192,a173a9a720a49e137ef963f46d8af5db63cd72bfefad9c568210d896b467cf92,3596b4ef213cb667a23a60def6bc2e626665362f89ebad9885368d1b878aa1de,artifacts/application_evaluation/2026-07-13_chronaris-v2-sealed-confirmation-representations/representations/seed_29/naive_time_sync/clock_drift_+000ppm,False
29,mult,clock_drift_+000ppm,completed,192,12d22389da27f4527ca194e142ad305c23bdf3150f32ea1cc9b8a9bbb605fb24,d18e5ab435a8b3f1da2e0b0898902a081a6d6bf3f31ce459f096e85201550148,artifacts/application_evaluation/2026-07-13_chronaris-v2-sealed-confirmation-representations/representations/seed_29/mult/clock_drift_+000ppm,False
29,contiformer,clock_drift_+000ppm,completed,192,fe4d0fddd0f34aa9d2c34e1aea7e636580c3736b645f5963a8abab54b8ab15b7,8e9694224e9328c092d047a86ca8881cee92737a75f7aa4456166258e2341c57,artifacts/application_evaluation/2026-07-13_chronaris-v2-sealed-confirmation-representations/representations/seed_29/contiformer/clock_drift_+000ppm,False
29,chronaris,clock_drift_+000ppm,completed,192,bfb46a9650d3663e5638695a2892a2ac4fb548861bafa7f9d9e9359aa83bc66e,ce74beb610b40a5c55a6fe7b2fa466d0815546f6250ecdc684017d0b4871bab6,artifacts/application_evaluation/2026-07-13_chronaris-v2-sealed-confirmation-representations/representations/seed_29/chronaris/clock_drift_+000ppm,False
29,physiology_only,clock_drift_-050ppm,completed,192,15b57d6c2c15699eae671637bc1f48252bf253e2c473227b2c88c684cb197e28,9fe19456b51995f63cbc33013726cb7a7d8df6a6ee7674efdaf581a060ffc8a8,artifacts/application_evaluation/2026-07-13_chronaris-v2-sealed-confirmation-representations/representations/seed_29/physiology_only/clock_drift_-050ppm,False
29,vehicle_only,clock_drift_-050ppm,completed,192,13939bf62743833bb9d09739d1ed008c533eb82e65a20f9156354f79fa188acd,354eb233b1394e38fd57b8038b7a4a6a8d611704b34616917ebe0ff873b9b41f,artifacts/application_evaluation/2026-07-13_chronaris-v2-sealed-confirmation-representations/representations/seed_29/vehicle_only/clock_drift_-050ppm,False
29,naive_time_sync,clock_drift_-050ppm,completed,192,a173a9a720a49e137ef963f46d8af5db63cd72bfefad9c568210d896b467cf92,a81945cd05a179963d2c60556cdcba20982c6401873f34d2cc05f9efe21fd1e2,artifacts/application_evaluation/2026-07-13_chronaris-v2-sealed-confirmation-representations/representations/seed_29/naive_time_sync/clock_drift_-050ppm,False
29,mult,clock_drift_-050ppm,completed,192,12d22389da27f4527ca194e142ad305c23bdf3150f32ea1cc9b8a9bbb605fb24,be56c9765cd3a9f356516f9c2ddce25489b832eceb433a368368cf79d0c1588b,artifacts/application_evaluation/2026-07-13_chronaris-v2-sealed-confirmation-representations/representations/seed_29/mult/clock_drift_-050ppm,False
29,contiformer,clock_drift_-050ppm,completed,192,fe4d0fddd0f34aa9d2c34e1aea7e636580c3736b645f5963a8abab54b8ab15b7,154e626c8cdb5df60cf3409479dbd51864b6ff16a2aa564a038212f6e515ade2,artifacts/application_evaluation/2026-07-13_chronaris-v2-sealed-confirmation-representations/representations/seed_29/contiformer/clock_drift_-050ppm,False
29,chronaris,clock_drift_-050ppm,completed,192,bfb46a9650d3663e5638695a2892a2ac4fb548861bafa7f9d9e9359aa83bc66e,f5ce7e8edf6e4ebb3dc223eacc4877d84ccea4a52e9558929adc8839f85e515a,artifacts/application_evaluation/2026-07-13_chronaris-v2-sealed-confirmation-representations/representations/seed_29/chronaris/clock_drift_-050ppm,False
29,physiology_only,clock_drift_+050ppm,completed,192,15b57d6c2c15699eae671637bc1f48252bf253e2c473227b2c88c684cb197e28,3362d8d980f6715791ba24f5916d14646097cdb604eeaca0d8f993b35b196ccd,artifacts/application_evaluation/2026-07-13_chronaris-v2-sealed-confirmation-representations/representations/seed_29/physiology_only/clock_drift_+050ppm,False
29,vehicle_only,clock_drift_+050ppm,completed,192,13939bf62743833bb9d09739d1ed008c533eb82e65a20f9156354f79fa188acd,a0c64d916e99473b26d8d1a6865c60c31f0ea2b8f2bfe7e5196a68dff24862cb,artifacts/application_evaluation/2026-07-13_chronaris-v2-sealed-confirmation-representations/representations/seed_29/vehicle_only/clock_drift_+050ppm,False
29,naive_time_sync,clock_drift_+050ppm,completed,192,a173a9a720a49e137ef963f46d8af5db63cd72bfefad9c568210d896b467cf92,da0779f2150ad8848ad30d0f006a8a553c295e01b4e3c604b13c5e7a1dfa89e2,artifacts/application_evaluation/2026-07-13_chronaris-v2-sealed-confirmation-representations/representations/seed_29/naive_time_sync/clock_drift_+050ppm,False
29,mult,clock_drift_+050ppm,completed,192,12d22389da27f4527ca194e142ad305c23bdf3150f32ea1cc9b8a9bbb605fb24,9acca1249c54843464943ccbd92cc56bb772e5cdd5d25b34692c0f2aaeb7a205,artifacts/application_evaluation/2026-07-13_chronaris-v2-sealed-confirmation-representations/representations/seed_29/mult/clock_drift_+050ppm,False
29,contiformer,clock_drift_+050ppm,completed,192,fe4d0fddd0f34aa9d2c34e1aea7e636580c3736b645f5963a8abab54b8ab15b7,da2645a1988f3769efb5fd7e2ddf94666d5865a9ad588549c2d5bf6941d58507,artifacts/application_evaluation/2026-07-13_chronaris-v2-sealed-confirmation-representations/representations/seed_29/contiformer/clock_drift_+050ppm,False
29,chronaris,clock_drift_+050ppm,completed,192,bfb46a9650d3663e5638695a2892a2ac4fb548861bafa7f9d9e9359aa83bc66e,e73369e2b6aab154bdbb0e7c8fbed25894f56f00d5f72b296af36683aa8ad878,artifacts/application_evaluation/2026-07-13_chronaris-v2-sealed-confirmation-representations/representations/seed_29/chronaris/clock_drift_+050ppm,False
29,physiology_only,clock_drift_-100ppm,completed,192,15b57d6c2c15699eae671637bc1f48252bf253e2c473227b2c88c684cb197e28,83b5e891b1c2247d96d7389d2c87a9693b534dfce1ed01ad795cff26e81ddaf8,artifacts/application_evaluation/2026-07-13_chronaris-v2-sealed-confirmation-representations/representations/seed_29/physiology_only/clock_drift_-100ppm,False
29,vehicle_only,clock_drift_-100ppm,completed,192,13939bf62743833bb9d09739d1ed008c533eb82e65a20f9156354f79fa188acd,497bf998bc5d4f1b4b5ebb92325ea4df3ff2a1306ef467cbc2cbcc921a1ae92d,artifacts/application_evaluation/2026-07-13_chronaris-v2-sealed-confirmation-representations/representations/seed_29/vehicle_only/clock_drift_-100ppm,False
29,naive_time_sync,clock_drift_-100ppm,completed,192,a173a9a720a49e137ef963f46d8af5db63cd72bfefad9c568210d896b467cf92,292c4f4b7cff1c63589b9357dc6d31ea9900e85fac9dadfd1a2d1995230aa1d4,artifacts/application_evaluation/2026-07-13_chronaris-v2-sealed-confirmation-representations/representations/seed_29/naive_time_sync/clock_drift_-100ppm,False
29,mult,clock_drift_-100ppm,completed,192,12d22389da27f4527ca194e142ad305c23bdf3150f32ea1cc9b8a9bbb605fb24,e527b1d9aaa9e98356b7ffc0ae93aab744c6444e1c5dd155be6cd55da1a92f63,artifacts/application_evaluation/2026-07-13_chronaris-v2-sealed-confirmation-representations/representations/seed_29/mult/clock_drift_-100ppm,False
29,contiformer,clock_drift_-100ppm,completed,192,fe4d0fddd0f34aa9d2c34e1aea7e636580c3736b645f5963a8abab54b8ab15b7,84fd420cba1fc0803e38df11d5e3affb8cc26952ea04b428f482ff27a77316af,artifacts/application_evaluation/2026-07-13_chronaris-v2-sealed-confirmation-representations/representations/seed_29/contiformer/clock_drift_-100ppm,False
29,chronaris,clock_drift_-100ppm,completed,192,bfb46a9650d3663e5638695a2892a2ac4fb548861bafa7f9d9e9359aa83bc66e,502a1e816fe362ded2b5626dd0728244e1326b3528c75593a503e8a4131928ad,artifacts/application_evaluation/2026-07-13_chronaris-v2-sealed-confirmation-representations/representations/seed_29/chronaris/clock_drift_-100ppm,False
29,physiology_only,clock_drift_+100ppm,completed,192,15b57d6c2c15699eae671637bc1f48252bf253e2c473227b2c88c684cb197e28,21bfa46cb93c877fb7706b0b9be67eaaf4a7c3ce1b4be40476eb334be82030b6,artifacts/application_evaluation/2026-07-13_chronaris-v2-sealed-confirmation-representations/representations/seed_29/physiology_only/clock_drift_+100ppm,False
29,vehicle_only,clock_drift_+100ppm,completed,192,13939bf62743833bb9d09739d1ed008c533eb82e65a20f9156354f79fa188acd,7ee9394584319187974a8769223512e696e3f57b76ed584f87e93e9245576f70,artifacts/application_evaluation/2026-07-13_chronaris-v2-sealed-confirmation-representations/representations/seed_29/vehicle_only/clock_drift_+100ppm,False
29,naive_time_sync,clock_drift_+100ppm,completed,192,a173a9a720a49e137ef963f46d8af5db63cd72bfefad9c568210d896b467cf92,6df506bc48872a05a307c2c0272429b28d3461324fd81e9b817ad04047672fe0,artifacts/application_evaluation/2026-07-13_chronaris-v2-sealed-confirmation-representations/representations/seed_29/naive_time_sync/clock_drift_+100ppm,False
29,mult,clock_drift_+100ppm,completed,192,12d22389da27f4527ca194e142ad305c23bdf3150f32ea1cc9b8a9bbb605fb24,13e758fc940bfb3f60ed3166d464ce989ce94b012fb004103d69fe38cec91821,artifacts/application_evaluation/2026-07-13_chronaris-v2-sealed-confirmation-representations/representations/seed_29/mult/clock_drift_+100ppm,False
29,contiformer,clock_drift_+100ppm,completed,192,fe4d0fddd0f34aa9d2c34e1aea7e636580c3736b645f5963a8abab54b8ab15b7,e26a8ad55a0a9bef13d9d97cceac5cb7322891b1ae4b0b7465f2d075c9cbb9c6,artifacts/application_evaluation/2026-07-13_chronaris-v2-sealed-confirmation-representations/representations/seed_29/contiformer/clock_drift_+100ppm,False
29,chronaris,clock_drift_+100ppm,completed,192,bfb46a9650d3663e5638695a2892a2ac4fb548861bafa7f9d9e9359aa83bc66e,d2a44d5bf2d04f12d3da93185b81641c2950df172b668e2dc9b9cc9cff361585,artifacts/application_evaluation/2026-07-13_chronaris-v2-sealed-confirmation-representations/representations/seed_29/chronaris/clock_drift_+100ppm,False
29,physiology_only,clock_drift_-250ppm,completed,192,15b57d6c2c15699eae671637bc1f48252bf253e2c473227b2c88c684cb197e28,cced1e9c8cb6a47dc3bbf5e3f9524a72516b0b314276dcc34b99b401e36d619c,artifacts/application_evaluation/2026-07-13_chronaris-v2-sealed-confirmation-representations/representations/seed_29/physiology_only/clock_drift_-250ppm,False
29,vehicle_only,clock_drift_-250ppm,completed,192,13939bf62743833bb9d09739d1ed008c533eb82e65a20f9156354f79fa188acd,c24d6fb1e2e9934f3cbdcdcb53dcb545a86773c9bf85333ed772000b3b4958e5,artifacts/application_evaluation/2026-07-13_chronaris-v2-sealed-confirmation-representations/representations/seed_29/vehicle_only/clock_drift_-250ppm,False
29,naive_time_sync,clock_drift_-250ppm,completed,192,a173a9a720a49e137ef963f46d8af5db63cd72bfefad9c568210d896b467cf92,cc2e5c8685ecf41b03cac10ea587bf982334e4515ee96e99c732b5be4d6465af,artifacts/application_evaluation/2026-07-13_chronaris-v2-sealed-confirmation-representations/representations/seed_29/naive_time_sync/clock_drift_-250ppm,False
29,mult,clock_drift_-250ppm,completed,192,12d22389da27f4527ca194e142ad305c23bdf3150f32ea1cc9b8a9bbb605fb24,a96ef4ea0d32e957f81054dc484da54bb802d36a679cfeba68b8ee9034eb8254,artifacts/application_evaluation/2026-07-13_chronaris-v2-sealed-confirmation-representations/representations/seed_29/mult/clock_drift_-250ppm,False
29,contiformer,clock_drift_-250ppm,completed,192,fe4d0fddd0f34aa9d2c34e1aea7e636580c3736b645f5963a8abab54b8ab15b7,5a57f3605b0d2c2005191dbdc851f44db180d7e014d82a0e89fe63d31efa057a,artifacts/application_evaluation/2026-07-13_chronaris-v2-sealed-confirmation-representations/representations/seed_29/contiformer/clock_drift_-250ppm,False
29,chronaris,clock_drift_-250ppm,completed,192,bfb46a9650d3663e5638695a2892a2ac4fb548861bafa7f9d9e9359aa83bc66e,6f569a8c936f11e774afda92e1ab93696f3cc63394fa01bf5202aaf697c8df64,artifacts/application_evaluation/2026-07-13_chronaris-v2-sealed-confirmation-representations/representations/seed_29/chronaris/clock_drift_-250ppm,False
29,physiology_only,clock_drift_+250ppm,completed,192,15b57d6c2c15699eae671637bc1f48252bf253e2c473227b2c88c684cb197e28,931bf5aa6891dabd3dd1fd91ef31588f10aca66852162c2dac90349c796d10ba,artifacts/application_evaluation/2026-07-13_chronaris-v2-sealed-confirmation-representations/representations/seed_29/physiology_only/clock_drift_+250ppm,False
29,vehicle_only,clock_drift_+250ppm,completed,192,13939bf62743833bb9d09739d1ed008c533eb82e65a20f9156354f79fa188acd,a273ad67a6d6c2ab19dd251b157509d426c7eabd4b8ad3d7a04e89edcd3c75a0,artifacts/application_evaluation/2026-07-13_chronaris-v2-sealed-confirmation-representations/representations/seed_29/vehicle_only/clock_drift_+250ppm,False
29,naive_time_sync,clock_drift_+250ppm,completed,192,a173a9a720a49e137ef963f46d8af5db63cd72bfefad9c568210d896b467cf92,cf166eed67958ec0b930e18d5b06e156f975141a9d0f353ca508e92a9240790e,artifacts/application_evaluation/2026-07-13_chronaris-v2-sealed-confirmation-representations/representations/seed_29/naive_time_sync/clock_drift_+250ppm,False
29,mult,clock_drift_+250ppm,completed,192,12d22389da27f4527ca194e142ad305c23bdf3150f32ea1cc9b8a9bbb605fb24,d89bbe80c10da1ab982c177eccbd444766b99da136ae85f1147f587745f71012,artifacts/application_evaluation/2026-07-13_chronaris-v2-sealed-confirmation-representations/representations/seed_29/mult/clock_drift_+250ppm,False
29,contiformer,clock_drift_+250ppm,completed,192,fe4d0fddd0f34aa9d2c34e1aea7e636580c3736b645f5963a8abab54b8ab15b7,4a06565597c384305e9bf4457988fd6ca9da5bfe954baff6f362171f0262b81d,artifacts/application_evaluation/2026-07-13_chronaris-v2-sealed-confirmation-representations/representations/seed_29/contiformer/clock_drift_+250ppm,False
29,chronaris,clock_drift_+250ppm,completed,192,bfb46a9650d3663e5638695a2892a2ac4fb548861bafa7f9d9e9359aa83bc66e,b03aacde5107b63124c05a9528497479aa3dafdd72ab3f852133b16728d1b54b,artifacts/application_evaluation/2026-07-13_chronaris-v2-sealed-confirmation-representations/representations/seed_29/chronaris/clock_drift_+250ppm,False
29,physiology_only,random_missing_00pct,completed,192,15b57d6c2c15699eae671637bc1f48252bf253e2c473227b2c88c684cb197e28,05e102cf3a346d92fe52f181d3af8950dedec20f54c410e36ea263446b12626b,artifacts/application_evaluation/2026-07-13_chronaris-v2-sealed-confirmation-representations/representations/seed_29/physiology_only/random_missing_00pct,False
29,vehicle_only,random_missing_00pct,completed,192,13939bf62743833bb9d09739d1ed008c533eb82e65a20f9156354f79fa188acd,c850638d4f8a240b356d1590fc62897e65b84358c0b8c6d8f4849720d825baf5,artifacts/application_evaluation/2026-07-13_chronaris-v2-sealed-confirmation-representations/representations/seed_29/vehicle_only/random_missing_00pct,False
29,naive_time_sync,random_missing_00pct,completed,192,a173a9a720a49e137ef963f46d8af5db63cd72bfefad9c568210d896b467cf92,48c6fd383321a6fe1718a5d3afc925db8713e8aed121370b94fe5e52406f7794,artifacts/application_evaluation/2026-07-13_chronaris-v2-sealed-confirmation-representations/representations/seed_29/naive_time_sync/random_missing_00pct,False
29,mult,random_missing_00pct,completed,192,12d22389da27f4527ca194e142ad305c23bdf3150f32ea1cc9b8a9bbb605fb24,fd0c4ee565211a5885bda02fc255a1d953d4d9f9362056537538faba5dc570e6,artifacts/application_evaluation/2026-07-13_chronaris-v2-sealed-confirmation-representations/representations/seed_29/mult/random_missing_00pct,False
29,contiformer,random_missing_00pct,completed,192,fe4d0fddd0f34aa9d2c34e1aea7e636580c3736b645f5963a8abab54b8ab15b7,76a33068fb0931a905911c210c33284d7174ae553fa35f6ddafdfa965a09efe2,artifacts/application_evaluation/2026-07-13_chronaris-v2-sealed-confirmation-representations/representations/seed_29/contiformer/random_missing_00pct,False
29,chronaris,random_missing_00pct,completed,192,bfb46a9650d3663e5638695a2892a2ac4fb548861bafa7f9d9e9359aa83bc66e,8092518efc45e7fff1c957ecdc28c7a67c6f500daf0b8a40c55c72d68bd3ff7b,artifacts/application_evaluation/2026-07-13_chronaris-v2-sealed-confirmation-representations/representations/seed_29/chronaris/random_missing_00pct,False
29,physiology_only,random_missing_10pct,completed,192,15b57d6c2c15699eae671637bc1f48252bf253e2c473227b2c88c684cb197e28,afda3b68f0069cc3c952973a3b8ff57f5550a6e0c63f15b02c5c98b37da22d0b,artifacts/application_evaluation/2026-07-13_chronaris-v2-sealed-confirmation-representations/representations/seed_29/physiology_only/random_missing_10pct,False
29,vehicle_only,random_missing_10pct,completed,192,13939bf62743833bb9d09739d1ed008c533eb82e65a20f9156354f79fa188acd,6e594c851eb2b48b686e6b218ba9fb2e6e77a08307aa0e54670c6af2689b2790,artifacts/application_evaluation/2026-07-13_chronaris-v2-sealed-confirmation-representations/representations/seed_29/vehicle_only/random_missing_10pct,False
29,naive_time_sync,random_missing_10pct,completed,192,a173a9a720a49e137ef963f46d8af5db63cd72bfefad9c568210d896b467cf92,e4c8e037f64a87de881d09f413a6a30173e4ae5b1e028f514e1249be2b67e49c,artifacts/application_evaluation/2026-07-13_chronaris-v2-sealed-confirmation-representations/representations/seed_29/naive_time_sync/random_missing_10pct,False
29,mult,random_missing_10pct,completed,192,12d22389da27f4527ca194e142ad305c23bdf3150f32ea1cc9b8a9bbb605fb24,576c2a37f52d2c1d1680d5a45f71068f10ae11885283635d3eae6b7c591496f7,artifacts/application_evaluation/2026-07-13_chronaris-v2-sealed-confirmation-representations/representations/seed_29/mult/random_missing_10pct,False
29,contiformer,random_missing_10pct,completed,192,fe4d0fddd0f34aa9d2c34e1aea7e636580c3736b645f5963a8abab54b8ab15b7,bdb123b276d476f79e219442a70bb38e0c13e80fe29fb0a9fc98f4a95ae42bee,artifacts/application_evaluation/2026-07-13_chronaris-v2-sealed-confirmation-representations/representations/seed_29/contiformer/random_missing_10pct,False
29,chronaris,random_missing_10pct,completed,192,bfb46a9650d3663e5638695a2892a2ac4fb548861bafa7f9d9e9359aa83bc66e,7cc4ae121af3e88b6d2cc58cfba022e6c848ca321f0f2ad50c6d60f7d7052b25,artifacts/application_evaluation/2026-07-13_chronaris-v2-sealed-confirmation-representations/representations/seed_29/chronaris/random_missing_10pct,False
29,physiology_only,random_missing_30pct,completed,192,15b57d6c2c15699eae671637bc1f48252bf253e2c473227b2c88c684cb197e28,2d8459a540adaa3300f3c5d25a481558de0cff87d51443f6c39b3a8e99fa048a,artifacts/application_evaluation/2026-07-13_chronaris-v2-sealed-confirmation-representations/representations/seed_29/physiology_only/random_missing_30pct,False
29,vehicle_only,random_missing_30pct,completed,192,13939bf62743833bb9d09739d1ed008c533eb82e65a20f9156354f79fa188acd,bafdf1a203133057fa489671b5f04d91ae52da229419c054c4af3bdf27c36f83,artifacts/application_evaluation/2026-07-13_chronaris-v2-sealed-confirmation-representations/representations/seed_29/vehicle_only/random_missing_30pct,False
29,naive_time_sync,random_missing_30pct,completed,192,a173a9a720a49e137ef963f46d8af5db63cd72bfefad9c568210d896b467cf92,a57377012c04c37360808e3651f0b70aa1dbc02fb53cbbdda2adba15d9a6f818,artifacts/application_evaluation/2026-07-13_chronaris-v2-sealed-confirmation-representations/representations/seed_29/naive_time_sync/random_missing_30pct,False
29,mult,random_missing_30pct,completed,192,12d22389da27f4527ca194e142ad305c23bdf3150f32ea1cc9b8a9bbb605fb24,146ded9632c45f04b439ece24afe86fa9a5b12dd0ea0a8fce1a3b455617db58b,artifacts/application_evaluation/2026-07-13_chronaris-v2-sealed-confirmation-representations/representations/seed_29/mult/random_missing_30pct,False
29,contiformer,random_missing_30pct,completed,192,fe4d0fddd0f34aa9d2c34e1aea7e636580c3736b645f5963a8abab54b8ab15b7,230e3cc0edf91c00c90e897a0783db295a6f0627cb2e608beda477d5bbd92a27,artifacts/application_evaluation/2026-07-13_chronaris-v2-sealed-confirmation-representations/representations/seed_29/contiformer/random_missing_30pct,False
29,chronaris,random_missing_30pct,completed,192,bfb46a9650d3663e5638695a2892a2ac4fb548861bafa7f9d9e9359aa83bc66e,548851debe0c7688494e9251e327bfb269db131b7d903df379373a7ea5eead3f,artifacts/application_evaluation/2026-07-13_chronaris-v2-sealed-confirmation-representations/representations/seed_29/chronaris/random_missing_30pct,False
29,physiology_only,random_missing_50pct,completed,192,15b57d6c2c15699eae671637bc1f48252bf253e2c473227b2c88c684cb197e28,1f7eefb1d38cad0a98ff247d59e359cdda71121f6662b0dd805847a72197b651,artifacts/application_evaluation/2026-07-13_chronaris-v2-sealed-confirmation-representations/representations/seed_29/physiology_only/random_missing_50pct,False
29,vehicle_only,random_missing_50pct,completed,192,13939bf62743833bb9d09739d1ed008c533eb82e65a20f9156354f79fa188acd,bf3eebf5eaa5cf045957e06ea8148274ffa53d2c29f1b4b05f419cc7eb860ad7,artifacts/application_evaluation/2026-07-13_chronaris-v2-sealed-confirmation-representations/representations/seed_29/vehicle_only/random_missing_50pct,False
29,naive_time_sync,random_missing_50pct,completed,192,a173a9a720a49e137ef963f46d8af5db63cd72bfefad9c568210d896b467cf92,b88aec46006c2f21fd59c7ad23e77e42cb364d29cff9c24444c128eec30fe790,artifacts/application_evaluation/2026-07-13_chronaris-v2-sealed-confirmation-representations/representations/seed_29/naive_time_sync/random_missing_50pct,False
29,mult,random_missing_50pct,completed,192,12d22389da27f4527ca194e142ad305c23bdf3150f32ea1cc9b8a9bbb605fb24,171db555cd718ba93e6f3cd2394798421de152ce53176728888186e0a2fb5982,artifacts/application_evaluation/2026-07-13_chronaris-v2-sealed-confirmation-representations/representations/seed_29/mult/random_missing_50pct,False
29,contiformer,random_missing_50pct,completed,192,fe4d0fddd0f34aa9d2c34e1aea7e636580c3736b645f5963a8abab54b8ab15b7,baa82d37e2f238255882a415cf11103bb2498d360a907460787f175beef9de3c,artifacts/application_evaluation/2026-07-13_chronaris-v2-sealed-confirmation-representations/representations/seed_29/contiformer/random_missing_50pct,False
29,chronaris,random_missing_50pct,completed,192,bfb46a9650d3663e5638695a2892a2ac4fb548861bafa7f9d9e9359aa83bc66e,312dc752ccc4817b7404e3d3d15f7c3b18df8ed8096d6ba8678d3648e2b32304,artifacts/application_evaluation/2026-07-13_chronaris-v2-sealed-confirmation-representations/representations/seed_29/chronaris/random_missing_50pct,False
29,physiology_only,contiguous_gap_00s,completed,192,15b57d6c2c15699eae671637bc1f48252bf253e2c473227b2c88c684cb197e28,b5221978f96dc9ec27471df9471dc4427a11578970da8722ee1c930e768cfa46,artifacts/application_evaluation/2026-07-13_chronaris-v2-sealed-confirmation-representations/representations/seed_29/physiology_only/contiguous_gap_00s,False
29,vehicle_only,contiguous_gap_00s,completed,192,13939bf62743833bb9d09739d1ed008c533eb82e65a20f9156354f79fa188acd,647780447133c4546cb3634be0f5e257fcb7338efe7a18e102fcfb9ba4e83cd7,artifacts/application_evaluation/2026-07-13_chronaris-v2-sealed-confirmation-representations/representations/seed_29/vehicle_only/contiguous_gap_00s,False
29,naive_time_sync,contiguous_gap_00s,completed,192,a173a9a720a49e137ef963f46d8af5db63cd72bfefad9c568210d896b467cf92,605d2c166a778cad7c05eb105c65a89f6582cf97067c9c3e7278a346c003e751,artifacts/application_evaluation/2026-07-13_chronaris-v2-sealed-confirmation-representations/representations/seed_29/naive_time_sync/contiguous_gap_00s,False
29,mult,contiguous_gap_00s,completed,192,12d22389da27f4527ca194e142ad305c23bdf3150f32ea1cc9b8a9bbb605fb24,edf995154716c520c2e9aaa6f53cc465fa716ea4c023f858aee04cc34eb85d6c,artifacts/application_evaluation/2026-07-13_chronaris-v2-sealed-confirmation-representations/representations/seed_29/mult/contiguous_gap_00s,False
29,contiformer,contiguous_gap_00s,completed,192,fe4d0fddd0f34aa9d2c34e1aea7e636580c3736b645f5963a8abab54b8ab15b7,ee2b8d6097a4e9ab03730c6f5dfd6685ef767f5f91226dbcc373f630773bf9f6,artifacts/application_evaluation/2026-07-13_chronaris-v2-sealed-confirmation-representations/representations/seed_29/contiformer/contiguous_gap_00s,False
29,chronaris,contiguous_gap_00s,completed,192,bfb46a9650d3663e5638695a2892a2ac4fb548861bafa7f9d9e9359aa83bc66e,9bc1834ceb6c5fa985f09ce22d7664044b265fa01cdbe7c1711dddc491fb62f0,artifacts/application_evaluation/2026-07-13_chronaris-v2-sealed-confirmation-representations/representations/seed_29/chronaris/contiguous_gap_00s,False
29,physiology_only,contiguous_gap_05s,completed,192,15b57d6c2c15699eae671637bc1f48252bf253e2c473227b2c88c684cb197e28,3a5afdd977136c81cd41a15eb442427fbd2e4f3b4462add7c8d102178343ba99,artifacts/application_evaluation/2026-07-13_chronaris-v2-sealed-confirmation-representations/representations/seed_29/physiology_only/contiguous_gap_05s,False
29,vehicle_only,contiguous_gap_05s,completed,192,13939bf62743833bb9d09739d1ed008c533eb82e65a20f9156354f79fa188acd,80fd8b6be1d06dd1979996814929531091d61ff7b2ab5c54904101e48c023b17,artifacts/application_evaluation/2026-07-13_chronaris-v2-sealed-confirmation-representations/representations/seed_29/vehicle_only/contiguous_gap_05s,False
29,naive_time_sync,contiguous_gap_05s,completed,192,a173a9a720a49e137ef963f46d8af5db63cd72bfefad9c568210d896b467cf92,67e8678cb4bf5d1f9b83007836e84af0ebc291e6fc9bbb05291203d5d3280bb6,artifacts/application_evaluation/2026-07-13_chronaris-v2-sealed-confirmation-representations/representations/seed_29/naive_time_sync/contiguous_gap_05s,False
29,mult,contiguous_gap_05s,completed,192,12d22389da27f4527ca194e142ad305c23bdf3150f32ea1cc9b8a9bbb605fb24,d7de1947568e8134f1ced2aebf2fec1eb513796ef9603f9379e05b793d8cbb4b,artifacts/application_evaluation/2026-07-13_chronaris-v2-sealed-confirmation-representations/representations/seed_29/mult/contiguous_gap_05s,False
29,contiformer,contiguous_gap_05s,completed,192,fe4d0fddd0f34aa9d2c34e1aea7e636580c3736b645f5963a8abab54b8ab15b7,751fd8276c515a6054b29a06abbd8d95d62e6012206472043753553d4e159302,artifacts/application_evaluation/2026-07-13_chronaris-v2-sealed-confirmation-representations/representations/seed_29/contiformer/contiguous_gap_05s,False
29,chronaris,contiguous_gap_05s,completed,192,bfb46a9650d3663e5638695a2892a2ac4fb548861bafa7f9d9e9359aa83bc66e,5531a7ca9fd0f58a60c74f03cd1066c1e3bf895aa09236c2d9a0c7a9263ebf32,artifacts/application_evaluation/2026-07-13_chronaris-v2-sealed-confirmation-representations/representations/seed_29/chronaris/contiguous_gap_05s,False
29,physiology_only,contiguous_gap_15s,completed,192,15b57d6c2c15699eae671637bc1f48252bf253e2c473227b2c88c684cb197e28,fec01867a3d3ce15ad3e6c75fdebaada08f3f6abd200e626504da5b2cd84adaa,artifacts/application_evaluation/2026-07-13_chronaris-v2-sealed-confirmation-representations/representations/seed_29/physiology_only/contiguous_gap_15s,False
29,vehicle_only,contiguous_gap_15s,completed,192,13939bf62743833bb9d09739d1ed008c533eb82e65a20f9156354f79fa188acd,77096477e543d7d4bdef2843b0d1a4878c66ebc9278385397ff2f59e4efcb187,artifacts/application_evaluation/2026-07-13_chronaris-v2-sealed-confirmation-representations/representations/seed_29/vehicle_only/contiguous_gap_15s,False
29,naive_time_sync,contiguous_gap_15s,completed,192,a173a9a720a49e137ef963f46d8af5db63cd72bfefad9c568210d896b467cf92,f41da30caa582b343b684c14a705717b2010b5cf8dc1f89fc6d2f4d430153dc9,artifacts/application_evaluation/2026-07-13_chronaris-v2-sealed-confirmation-representations/representations/seed_29/naive_time_sync/contiguous_gap_15s,False
29,mult,contiguous_gap_15s,completed,192,12d22389da27f4527ca194e142ad305c23bdf3150f32ea1cc9b8a9bbb605fb24,510092d86995f943bc5483104314f4f8ed5eea70f4724616464e014413148c25,artifacts/application_evaluation/2026-07-13_chronaris-v2-sealed-confirmation-representations/representations/seed_29/mult/contiguous_gap_15s,False
29,contiformer,contiguous_gap_15s,completed,192,fe4d0fddd0f34aa9d2c34e1aea7e636580c3736b645f5963a8abab54b8ab15b7,2f7a143d127949b66586ed577c6b61fc74f3a48ec6605b7b23abff3d5a6eb90c,artifacts/application_evaluation/2026-07-13_chronaris-v2-sealed-confirmation-representations/representations/seed_29/contiformer/contiguous_gap_15s,False
29,chronaris,contiguous_gap_15s,completed,192,bfb46a9650d3663e5638695a2892a2ac4fb548861bafa7f9d9e9359aa83bc66e,09a05fb2a8b0ea9f0a632a5dcd51bf4ffd991d9721fa17b5213372e114786dcf,artifacts/application_evaluation/2026-07-13_chronaris-v2-sealed-confirmation-representations/representations/seed_29/chronaris/contiguous_gap_15s,False
29,physiology_only,contiguous_gap_30s,completed,192,15b57d6c2c15699eae671637bc1f48252bf253e2c473227b2c88c684cb197e28,9a9b8ef38415c4166079f944b84fdfddd5e1ef12ca323547d2038bd6c296417c,artifacts/application_evaluation/2026-07-13_chronaris-v2-sealed-confirmation-representations/representations/seed_29/physiology_only/contiguous_gap_30s,False
29,vehicle_only,contiguous_gap_30s,completed,192,13939bf62743833bb9d09739d1ed008c533eb82e65a20f9156354f79fa188acd,549b7c8994e9a107a84714d18979afe1bb063f95fdb307e9f889388def018f74,artifacts/application_evaluation/2026-07-13_chronaris-v2-sealed-confirmation-representations/representations/seed_29/vehicle_only/contiguous_gap_30s,False
29,naive_time_sync,contiguous_gap_30s,completed,192,a173a9a720a49e137ef963f46d8af5db63cd72bfefad9c568210d896b467cf92,0fb3c4a218c7e7e15810e70ea624decb8fc636b9c667f9f396ac5021920dfb06,artifacts/application_evaluation/2026-07-13_chronaris-v2-sealed-confirmation-representations/representations/seed_29/naive_time_sync/contiguous_gap_30s,False
29,mult,contiguous_gap_30s,completed,192,12d22389da27f4527ca194e142ad305c23bdf3150f32ea1cc9b8a9bbb605fb24,be906012d4f600daaa190b4aebbf54b358575f33386b6e6be5505394823be7bf,artifacts/application_evaluation/2026-07-13_chronaris-v2-sealed-confirmation-representations/representations/seed_29/mult/contiguous_gap_30s,False
29,contiformer,contiguous_gap_30s,completed,192,fe4d0fddd0f34aa9d2c34e1aea7e636580c3736b645f5963a8abab54b8ab15b7,6dd9141141f215eace06c50b700b14eaafa6955e645adde5a63f8281ded82884,artifacts/application_evaluation/2026-07-13_chronaris-v2-sealed-confirmation-representations/representations/seed_29/contiformer/contiguous_gap_30s,False
29,chronaris,contiguous_gap_30s,completed,192,bfb46a9650d3663e5638695a2892a2ac4fb548861bafa7f9d9e9359aa83bc66e,3e934c5e35dbfea767cba86e1323b47ea010f00d4c28e14f9e490a9321b1f9ec,artifacts/application_evaluation/2026-07-13_chronaris-v2-sealed-confirmation-representations/representations/seed_29/chronaris/contiguous_gap_30s,False
29,physiology_only,physiology_lag_02s,completed,192,15b57d6c2c15699eae671637bc1f48252bf253e2c473227b2c88c684cb197e28,a4324ef6d704acb2c93269f25e0709c908bffd0eeee502cbfc99e0780bc3387c,artifacts/application_evaluation/2026-07-13_chronaris-v2-sealed-confirmation-representations/representations/seed_29/physiology_only/physiology_lag_02s,False
29,vehicle_only,physiology_lag_02s,completed,192,13939bf62743833bb9d09739d1ed008c533eb82e65a20f9156354f79fa188acd,a1460e354ccec63de1885e73a01810538278512cfb2c4f6fc487ed38bff93e36,artifacts/application_evaluation/2026-07-13_chronaris-v2-sealed-confirmation-representations/representations/seed_29/vehicle_only/physiology_lag_02s,False
29,naive_time_sync,physiology_lag_02s,completed,192,a173a9a720a49e137ef963f46d8af5db63cd72bfefad9c568210d896b467cf92,4169e094692b5f6daf9b255a71c46be288623b6e2eb6f515fa9d2e5f2c2d29d8,artifacts/application_evaluation/2026-07-13_chronaris-v2-sealed-confirmation-representations/representations/seed_29/naive_time_sync/physiology_lag_02s,False
29,mult,physiology_lag_02s,completed,192,12d22389da27f4527ca194e142ad305c23bdf3150f32ea1cc9b8a9bbb605fb24,ee987b707949f873536c9e9e860a2c950a4d201d5d77b9a5e3623f3b59b5ee31,artifacts/application_evaluation/2026-07-13_chronaris-v2-sealed-confirmation-representations/representations/seed_29/mult/physiology_lag_02s,False
29,contiformer,physiology_lag_02s,completed,192,fe4d0fddd0f34aa9d2c34e1aea7e636580c3736b645f5963a8abab54b8ab15b7,217916199037b339f5a0de97c3d5d0511b5a941190cca573b410ff052059b9a4,artifacts/application_evaluation/2026-07-13_chronaris-v2-sealed-confirmation-representations/representations/seed_29/contiformer/physiology_lag_02s,False
29,chronaris,physiology_lag_02s,completed,192,bfb46a9650d3663e5638695a2892a2ac4fb548861bafa7f9d9e9359aa83bc66e,a577ae03f769fe40beaf34ec6ab8dceb27e21a0a8b31dc4b6174aa4a5b6a56b1,artifacts/application_evaluation/2026-07-13_chronaris-v2-sealed-confirmation-representations/representations/seed_29/chronaris/physiology_lag_02s,False
29,physiology_only,physiology_lag_05s,completed,192,15b57d6c2c15699eae671637bc1f48252bf253e2c473227b2c88c684cb197e28,a660758410bd0263557f11972e7f30cbbdfb7116a0bbb808b6a70f30d62d5ddf,artifacts/application_evaluation/2026-07-13_chronaris-v2-sealed-confirmation-representations/representations/seed_29/physiology_only/physiology_lag_05s,False
29,vehicle_only,physiology_lag_05s,completed,192,13939bf62743833bb9d09739d1ed008c533eb82e65a20f9156354f79fa188acd,14d0bbb8f54e9b89c0394bc928f0c1ae50f3db41cb7bd609245e6dbd0f8ddf2a,artifacts/application_evaluation/2026-07-13_chronaris-v2-sealed-confirmation-representations/representations/seed_29/vehicle_only/physiology_lag_05s,False
29,naive_time_sync,physiology_lag_05s,completed,192,a173a9a720a49e137ef963f46d8af5db63cd72bfefad9c568210d896b467cf92,3cb18a83645875c9af1f51195dfa71b7a51f3be3e98122662ea6ca1d07592ced,artifacts/application_evaluation/2026-07-13_chronaris-v2-sealed-confirmation-representations/representations/seed_29/naive_time_sync/physiology_lag_05s,False
29,mult,physiology_lag_05s,completed,192,12d22389da27f4527ca194e142ad305c23bdf3150f32ea1cc9b8a9bbb605fb24,4ab45f368863d6860e8db05f388571500fd8a424a5691a6f2f1a694c465be932,artifacts/application_evaluation/2026-07-13_chronaris-v2-sealed-confirmation-representations/representations/seed_29/mult/physiology_lag_05s,False
29,contiformer,physiology_lag_05s,completed,192,fe4d0fddd0f34aa9d2c34e1aea7e636580c3736b645f5963a8abab54b8ab15b7,06087695777c6c291228538ace5fd090b4864c22b1789ae65b6b359ed7f7d158,artifacts/application_evaluation/2026-07-13_chronaris-v2-sealed-confirmation-representations/representations/seed_29/contiformer/physiology_lag_05s,False
29,chronaris,physiology_lag_05s,completed,192,bfb46a9650d3663e5638695a2892a2ac4fb548861bafa7f9d9e9359aa83bc66e,5c6dd32c6f781f451cc926a86261c4decc0daee63ce4692c735775c6d8fc2e21,artifacts/application_evaluation/2026-07-13_chronaris-v2-sealed-confirmation-representations/representations/seed_29/chronaris/physiology_lag_05s,False
29,physiology_only,physiology_lag_15s,completed,192,15b57d6c2c15699eae671637bc1f48252bf253e2c473227b2c88c684cb197e28,bcdaaf4b27d34544ca543cd1e23669bc2f468fb2997425a3f37624d95f2a8ed8,artifacts/application_evaluation/2026-07-13_chronaris-v2-sealed-confirmation-representations/representations/seed_29/physiology_only/physiology_lag_15s,False
29,vehicle_only,physiology_lag_15s,completed,192,13939bf62743833bb9d09739d1ed008c533eb82e65a20f9156354f79fa188acd,255aa5c33c59789246389c164e58a894212d7c2f896b00a41946bb9a7693a458,artifacts/application_evaluation/2026-07-13_chronaris-v2-sealed-confirmation-representations/representations/seed_29/vehicle_only/physiology_lag_15s,False
29,naive_time_sync,physiology_lag_15s,completed,192,a173a9a720a49e137ef963f46d8af5db63cd72bfefad9c568210d896b467cf92,5779b30ca860e54993efd9b1002e819a6687a64eac93cd934230559d812a6993,artifacts/application_evaluation/2026-07-13_chronaris-v2-sealed-confirmation-representations/representations/seed_29/naive_time_sync/physiology_lag_15s,False
29,mult,physiology_lag_15s,completed,192,12d22389da27f4527ca194e142ad305c23bdf3150f32ea1cc9b8a9bbb605fb24,0f152a75eb5da512cf6dd7038eec60dde8fd65a1b118a10063e190cd2417b2c7,artifacts/application_evaluation/2026-07-13_chronaris-v2-sealed-confirmation-representations/representations/seed_29/mult/physiology_lag_15s,False
29,contiformer,physiology_lag_15s,completed,192,fe4d0fddd0f34aa9d2c34e1aea7e636580c3736b645f5963a8abab54b8ab15b7,87b57c505b4500668087b025247fbc725997f3bf7b7224c8489bc359c1d9ef05,artifacts/application_evaluation/2026-07-13_chronaris-v2-sealed-confirmation-representations/representations/seed_29/contiformer/physiology_lag_15s,False
29,chronaris,physiology_lag_15s,completed,192,bfb46a9650d3663e5638695a2892a2ac4fb548861bafa7f9d9e9359aa83bc66e,9dc9c2d4e22bb7c7b7f1c5541775c532157c2f3e71fb4a891d3315d736acd9a8,artifacts/application_evaluation/2026-07-13_chronaris-v2-sealed-confirmation-representations/representations/seed_29/chronaris/physiology_lag_15s,False
29,physiology_only,physiology_lag_30s,completed,192,15b57d6c2c15699eae671637bc1f48252bf253e2c473227b2c88c684cb197e28,679763c3dce97c47186aa8262060ecd18bf1b696f5cfd3dc8027fafd316f9d88,artifacts/application_evaluation/2026-07-13_chronaris-v2-sealed-confirmation-representations/representations/seed_29/physiology_only/physiology_lag_30s,False
29,vehicle_only,physiology_lag_30s,completed,192,13939bf62743833bb9d09739d1ed008c533eb82e65a20f9156354f79fa188acd,721540ec14ab00f26a074696e873567af7a052ad34223e0b8af57f7469bc7284,artifacts/application_evaluation/2026-07-13_chronaris-v2-sealed-confirmation-representations/representations/seed_29/vehicle_only/physiology_lag_30s,False
29,naive_time_sync,physiology_lag_30s,completed,192,a173a9a720a49e137ef963f46d8af5db63cd72bfefad9c568210d896b467cf92,1a1b1aef50896afe757a62478601d073bf7d01bf96d03b461a1d7b1a5ebb1e03,artifacts/application_evaluation/2026-07-13_chronaris-v2-sealed-confirmation-representations/representations/seed_29/naive_time_sync/physiology_lag_30s,False
29,mult,physiology_lag_30s,completed,192,12d22389da27f4527ca194e142ad305c23bdf3150f32ea1cc9b8a9bbb605fb24,716c144c829966bf380dbab9a42be11e82762e14275c0f4390c6ec6567a1c0bb,artifacts/application_evaluation/2026-07-13_chronaris-v2-sealed-confirmation-representations/representations/seed_29/mult/physiology_lag_30s,False
29,contiformer,physiology_lag_30s,completed,192,fe4d0fddd0f34aa9d2c34e1aea7e636580c3736b645f5963a8abab54b8ab15b7,6b8f45ac68aea6c2a36d5c0c8d36cb2f3043ae08175f5e7e8830e0ec4ce262ea,artifacts/application_evaluation/2026-07-13_chronaris-v2-sealed-confirmation-representations/representations/seed_29/contiformer/physiology_lag_30s,False
29,chronaris,physiology_lag_30s,completed,192,bfb46a9650d3663e5638695a2892a2ac4fb548861bafa7f9d9e9359aa83bc66e,a231b53e82d678d194964ce48cd0fbc2a9d3b0303b927fd98584d07d66b9f878,artifacts/application_evaluation/2026-07-13_chronaris-v2-sealed-confirmation-representations/representations/seed_29/chronaris/physiology_lag_30s,False
29,physiology_only,observation_snr_30db,completed,192,15b57d6c2c15699eae671637bc1f48252bf253e2c473227b2c88c684cb197e28,adca122be4a8431bfa3b69085a5f74127266459678974b30c476448a21f25b97,artifacts/application_evaluation/2026-07-13_chronaris-v2-sealed-confirmation-representations/representations/seed_29/physiology_only/observation_snr_30db,False
29,vehicle_only,observation_snr_30db,completed,192,13939bf62743833bb9d09739d1ed008c533eb82e65a20f9156354f79fa188acd,f540718ea8fb78df57ad5d6c724591fcbe4a2cd58a79f2603a1e855bb34202e9,artifacts/application_evaluation/2026-07-13_chronaris-v2-sealed-confirmation-representations/representations/seed_29/vehicle_only/observation_snr_30db,False
29,naive_time_sync,observation_snr_30db,completed,192,a173a9a720a49e137ef963f46d8af5db63cd72bfefad9c568210d896b467cf92,2065ed32c183143f651116c00b201f75182edbf22cd6456e95f1f6811ccd61dc,artifacts/application_evaluation/2026-07-13_chronaris-v2-sealed-confirmation-representations/representations/seed_29/naive_time_sync/observation_snr_30db,False
29,mult,observation_snr_30db,completed,192,12d22389da27f4527ca194e142ad305c23bdf3150f32ea1cc9b8a9bbb605fb24,b7c13e305cee2838334499cccbd4c4b844d3f6603e8c4588c4c6ddfeae881072,artifacts/application_evaluation/2026-07-13_chronaris-v2-sealed-confirmation-representations/representations/seed_29/mult/observation_snr_30db,False
29,contiformer,observation_snr_30db,completed,192,fe4d0fddd0f34aa9d2c34e1aea7e636580c3736b645f5963a8abab54b8ab15b7,293e2894b68a11c8d92994a3788173c84a011c045a4b74f14131b3277a3bb451,artifacts/application_evaluation/2026-07-13_chronaris-v2-sealed-confirmation-representations/representations/seed_29/contiformer/observation_snr_30db,False
29,chronaris,observation_snr_30db,completed,192,bfb46a9650d3663e5638695a2892a2ac4fb548861bafa7f9d9e9359aa83bc66e,3bb07f50411f8c364797cddc03ecdafb82e5e109b40ca1b413118ef7d79fdb3c,artifacts/application_evaluation/2026-07-13_chronaris-v2-sealed-confirmation-representations/representations/seed_29/chronaris/observation_snr_30db,False
29,physiology_only,observation_snr_20db,completed,192,15b57d6c2c15699eae671637bc1f48252bf253e2c473227b2c88c684cb197e28,70656d7d437e74914de277f3e13b51de07c937ceda1f8167532196406ff9c410,artifacts/application_evaluation/2026-07-13_chronaris-v2-sealed-confirmation-representations/representations/seed_29/physiology_only/observation_snr_20db,False
29,vehicle_only,observation_snr_20db,completed,192,13939bf62743833bb9d09739d1ed008c533eb82e65a20f9156354f79fa188acd,2c41d25c4c66d9eed0151f1747ccee194927c25e9177f3e376b24ddd14f7320e,artifacts/application_evaluation/2026-07-13_chronaris-v2-sealed-confirmation-representations/representations/seed_29/vehicle_only/observation_snr_20db,False
29,naive_time_sync,observation_snr_20db,completed,192,a173a9a720a49e137ef963f46d8af5db63cd72bfefad9c568210d896b467cf92,8304b47432c13949c31b7888ddf0d07de3e5e38cdf70612257cdcb969b47713d,artifacts/application_evaluation/2026-07-13_chronaris-v2-sealed-confirmation-representations/representations/seed_29/naive_time_sync/observation_snr_20db,False
29,mult,observation_snr_20db,completed,192,12d22389da27f4527ca194e142ad305c23bdf3150f32ea1cc9b8a9bbb605fb24,0be4e02d6877bd185e5906de29f16557ce6a104d34e1da5d9e82a011012836ff,artifacts/application_evaluation/2026-07-13_chronaris-v2-sealed-confirmation-representations/representations/seed_29/mult/observation_snr_20db,False
29,contiformer,observation_snr_20db,completed,192,fe4d0fddd0f34aa9d2c34e1aea7e636580c3736b645f5963a8abab54b8ab15b7,c00464b35554e757b8da91bfd0880f4f86bfe2018d16bce27088a379416b9da4,artifacts/application_evaluation/2026-07-13_chronaris-v2-sealed-confirmation-representations/representations/seed_29/contiformer/observation_snr_20db,False
29,chronaris,observation_snr_20db,completed,192,bfb46a9650d3663e5638695a2892a2ac4fb548861bafa7f9d9e9359aa83bc66e,cdac3d7aca5cbd0e1f49b01fda63d16f3b361f9b78eada74346cc050e674ea24,artifacts/application_evaluation/2026-07-13_chronaris-v2-sealed-confirmation-representations/representations/seed_29/chronaris/observation_snr_20db,False
29,physiology_only,observation_snr_10db,completed,192,15b57d6c2c15699eae671637bc1f48252bf253e2c473227b2c88c684cb197e28,919e847385f576f4c13f9cfdb9bddf9e1e4d18b268c00ef99df33f5d87e3c9a2,artifacts/application_evaluation/2026-07-13_chronaris-v2-sealed-confirmation-representations/representations/seed_29/physiology_only/observation_snr_10db,False
29,vehicle_only,observation_snr_10db,completed,192,13939bf62743833bb9d09739d1ed008c533eb82e65a20f9156354f79fa188acd,542d638947f5bdac22a6e8a0b58df622c9c0d4147c1f6bdbebe5f92a7548e64f,artifacts/application_evaluation/2026-07-13_chronaris-v2-sealed-confirmation-representations/representations/seed_29/vehicle_only/observation_snr_10db,False
29,naive_time_sync,observation_snr_10db,completed,192,a173a9a720a49e137ef963f46d8af5db63cd72bfefad9c568210d896b467cf92,4b06c67fa3b2b0de93f09a8381166abd181ca128ea3aac0bc4f301b170346318,artifacts/application_evaluation/2026-07-13_chronaris-v2-sealed-confirmation-representations/representations/seed_29/naive_time_sync/observation_snr_10db,False
29,mult,observation_snr_10db,completed,192,12d22389da27f4527ca194e142ad305c23bdf3150f32ea1cc9b8a9bbb605fb24,be4ccd27254ae0d580c6b3b641f867c535b367443ca6acbe068d4747ab3e63a0,artifacts/application_evaluation/2026-07-13_chronaris-v2-sealed-confirmation-representations/representations/seed_29/mult/observation_snr_10db,False
29,contiformer,observation_snr_10db,completed,192,fe4d0fddd0f34aa9d2c34e1aea7e636580c3736b645f5963a8abab54b8ab15b7,ed1a29ba7999416efbe94e79928ea4c7fbbbaab8d447d08e0895f11c803a2c33,artifacts/application_evaluation/2026-07-13_chronaris-v2-sealed-confirmation-representations/representations/seed_29/contiformer/observation_snr_10db,False
29,chronaris,observation_snr_10db,completed,192,bfb46a9650d3663e5638695a2892a2ac4fb548861bafa7f9d9e9359aa83bc66e,349c573d95489f336b9a627c4f7fe024e87c4fa103d37caff812458fe4b95ca2,artifacts/application_evaluation/2026-07-13_chronaris-v2-sealed-confirmation-representations/representations/seed_29/chronaris/observation_snr_10db,False
29,physiology_only,observation_snr_05db,completed,192,15b57d6c2c15699eae671637bc1f48252bf253e2c473227b2c88c684cb197e28,44003b3f2c89fcdbe0ee87a5c36f8166ccb467c135acf225e1d24e51ceb542f9,artifacts/application_evaluation/2026-07-13_chronaris-v2-sealed-confirmation-representations/representations/seed_29/physiology_only/observation_snr_05db,False
29,vehicle_only,observation_snr_05db,completed,192,13939bf62743833bb9d09739d1ed008c533eb82e65a20f9156354f79fa188acd,bc3bbe15da2299c19b86b991c3a70f14e2dc6a17d1ebcc1835a980e9f952e881,artifacts/application_evaluation/2026-07-13_chronaris-v2-sealed-confirmation-representations/representations/seed_29/vehicle_only/observation_snr_05db,False
29,naive_time_sync,observation_snr_05db,completed,192,a173a9a720a49e137ef963f46d8af5db63cd72bfefad9c568210d896b467cf92,9712f46d1eac0e0dd8dbe9eb2f70de2d02ae6ef39531f3c9194f7b48a7ae6f2d,artifacts/application_evaluation/2026-07-13_chronaris-v2-sealed-confirmation-representations/representations/seed_29/naive_time_sync/observation_snr_05db,False
29,mult,observation_snr_05db,completed,192,12d22389da27f4527ca194e142ad305c23bdf3150f32ea1cc9b8a9bbb605fb24,62fe041b7947e4b468066fbe01352b20650b58954cb5c929564affb8cd9359d6,artifacts/application_evaluation/2026-07-13_chronaris-v2-sealed-confirmation-representations/representations/seed_29/mult/observation_snr_05db,False
29,contiformer,observation_snr_05db,completed,192,fe4d0fddd0f34aa9d2c34e1aea7e636580c3736b645f5963a8abab54b8ab15b7,674ec93aa9d1304eaa2856df849f8693afe26e81e3b542195fdd4ad996e251c6,artifacts/application_evaluation/2026-07-13_chronaris-v2-sealed-confirmation-representations/representations/seed_29/contiformer/observation_snr_05db,False
29,chronaris,observation_snr_05db,completed,192,bfb46a9650d3663e5638695a2892a2ac4fb548861bafa7f9d9e9359aa83bc66e,fe68ecd1cd8f62ceafda2c7ef34edee9a5b54ec3f72afe482adab89fa47bbf19,artifacts/application_evaluation/2026-07-13_chronaris-v2-sealed-confirmation-representations/representations/seed_29/chronaris/observation_snr_05db,False
29,physiology_only,mixed_severe,completed,192,15b57d6c2c15699eae671637bc1f48252bf253e2c473227b2c88c684cb197e28,f8dced122715243e2d7886131e0a6ed2aac0ac4efa50e018e2ea7b5884f6edce,artifacts/application_evaluation/2026-07-13_chronaris-v2-sealed-confirmation-representations/representations/seed_29/physiology_only/mixed_severe,False
29,vehicle_only,mixed_severe,completed,192,13939bf62743833bb9d09739d1ed008c533eb82e65a20f9156354f79fa188acd,c5d4581efb14ef33fcf53fef0ebd7689d5cb5d20e33ba5245deb8004cf1ab6a9,artifacts/application_evaluation/2026-07-13_chronaris-v2-sealed-confirmation-representations/representations/seed_29/vehicle_only/mixed_severe,False
29,naive_time_sync,mixed_severe,completed,192,a173a9a720a49e137ef963f46d8af5db63cd72bfefad9c568210d896b467cf92,1e559a8b70673f94cd75cd0a94cb807b7d22fda349d395c07339920fe66badbc,artifacts/application_evaluation/2026-07-13_chronaris-v2-sealed-confirmation-representations/representations/seed_29/naive_time_sync/mixed_severe,False
29,mult,mixed_severe,completed,192,12d22389da27f4527ca194e142ad305c23bdf3150f32ea1cc9b8a9bbb605fb24,b767282eb86c13d54495473551b2e503c4a5e283fed0393e1a651690bd0b85f8,artifacts/application_evaluation/2026-07-13_chronaris-v2-sealed-confirmation-representations/representations/seed_29/mult/mixed_severe,False
29,contiformer,mixed_severe,completed,192,fe4d0fddd0f34aa9d2c34e1aea7e636580c3736b645f5963a8abab54b8ab15b7,26351e71e87ff4265865fc1cd60bc0917f888971dbc6ad48636033a2f61ad541,artifacts/application_evaluation/2026-07-13_chronaris-v2-sealed-confirmation-representations/representations/seed_29/contiformer/mixed_severe,False
29,chronaris,mixed_severe,completed,192,bfb46a9650d3663e5638695a2892a2ac4fb548861bafa7f9d9e9359aa83bc66e,a19ac46f64ef848047f0b8ce17881f2c95e6b8928948a956cf57899b8f908d4e,artifacts/application_evaluation/2026-07-13_chronaris-v2-sealed-confirmation-representations/representations/seed_29/chronaris/mixed_severe,False
43,physiology_only,timestamp_jitter_000ms,completed,192,818b906cc6eeaaa9840da30e67162b3a5b28474866f76e61b9e3c0137fa5c8cb,c801e0a0b7019fcffc1ffedc26a569d91833c5c86d47ce60011816c60b33f6e0,artifacts/application_evaluation/2026-07-13_chronaris-v2-sealed-confirmation-representations/representations/seed_43/physiology_only/timestamp_jitter_000ms,False
43,vehicle_only,timestamp_jitter_000ms,completed,192,6b7b3cb8350ec24d37bd062d52369b06634c8fbf32d4c3164228ea50094a2824,0b29e68ac7329f169e854ed3e58dc1da933b9e2d6fb52e2a061a0ec25a5a3a31,artifacts/application_evaluation/2026-07-13_chronaris-v2-sealed-confirmation-representations/representations/seed_43/vehicle_only/timestamp_jitter_000ms,False
43,naive_time_sync,timestamp_jitter_000ms,completed,192,a173a9a720a49e137ef963f46d8af5db63cd72bfefad9c568210d896b467cf92,461ce1aeba0472011cabe3c6de4d640d514cf5337ddf7c8a5efd29a03ee75f57,artifacts/application_evaluation/2026-07-13_chronaris-v2-sealed-confirmation-representations/representations/seed_43/naive_time_sync/timestamp_jitter_000ms,False
43,mult,timestamp_jitter_000ms,completed,192,6873e3c0ca791937d2eb89b0a5fef58a7f15e2499dbbfa289728a30cbf1fee00,47e82686e66dc580ecac8fb53c3511147e9496600a12b239b727d294544bdfa1,artifacts/application_evaluation/2026-07-13_chronaris-v2-sealed-confirmation-representations/representations/seed_43/mult/timestamp_jitter_000ms,False
43,contiformer,timestamp_jitter_000ms,completed,192,cee99c8c8bf4139a6ed66c9fd219071937e6db6ea5275ab4101a31ae559d8d2e,8cd2b77c5ee5bbdb27735a9f5cd7b3aff7dc223732c1bf8f5a3744952f672b5b,artifacts/application_evaluation/2026-07-13_chronaris-v2-sealed-confirmation-representations/representations/seed_43/contiformer/timestamp_jitter_000ms,False
43,chronaris,timestamp_jitter_000ms,completed,192,98ffcc1a3aad4b1e62a46cfe1d87bf0ee180df367065a265d7c9e05243d6a5c5,f39b190857a8537249272bc7e290e9825f4ff29559823cd5afce684d31e09441,artifacts/application_evaluation/2026-07-13_chronaris-v2-sealed-confirmation-representations/representations/seed_43/chronaris/timestamp_jitter_000ms,False
43,physiology_only,timestamp_jitter_020ms,completed,192,818b906cc6eeaaa9840da30e67162b3a5b28474866f76e61b9e3c0137fa5c8cb,55a1d07dd94f910538fe76c9dfa0f3364e66c7af9a5ac6529914aff95cb6dbfe,artifacts/application_evaluation/2026-07-13_chronaris-v2-sealed-confirmation-representations/representations/seed_43/physiology_only/timestamp_jitter_020ms,False
43,vehicle_only,timestamp_jitter_020ms,completed,192,6b7b3cb8350ec24d37bd062d52369b06634c8fbf32d4c3164228ea50094a2824,d1f87695fbf02683d1b3cd82d6318cd5483bf988277bd92b66b69f3cd0be10b9,artifacts/application_evaluation/2026-07-13_chronaris-v2-sealed-confirmation-representations/representations/seed_43/vehicle_only/timestamp_jitter_020ms,False
43,naive_time_sync,timestamp_jitter_020ms,completed,192,a173a9a720a49e137ef963f46d8af5db63cd72bfefad9c568210d896b467cf92,5a77036ad3893a7003a3ae91ef1412b3f37baf1cb65e24e73c645d05dcec1926,artifacts/application_evaluation/2026-07-13_chronaris-v2-sealed-confirmation-representations/representations/seed_43/naive_time_sync/timestamp_jitter_020ms,False
43,mult,timestamp_jitter_020ms,completed,192,6873e3c0ca791937d2eb89b0a5fef58a7f15e2499dbbfa289728a30cbf1fee00,08162b2769eaf647e933e58dd134fb5710b0d2be82d01c87abdedc378274dec1,artifacts/application_evaluation/2026-07-13_chronaris-v2-sealed-confirmation-representations/representations/seed_43/mult/timestamp_jitter_020ms,False
43,contiformer,timestamp_jitter_020ms,completed,192,cee99c8c8bf4139a6ed66c9fd219071937e6db6ea5275ab4101a31ae559d8d2e,94be503e5a060fb00409bd2462acfa3519066b442b880aef932d119197c6001e,artifacts/application_evaluation/2026-07-13_chronaris-v2-sealed-confirmation-representations/representations/seed_43/contiformer/timestamp_jitter_020ms,False
43,chronaris,timestamp_jitter_020ms,completed,192,98ffcc1a3aad4b1e62a46cfe1d87bf0ee180df367065a265d7c9e05243d6a5c5,8fa70be3d8f8cfc90e152d64366c739ef11bf10ecaf4fb0f279b37deaec6ec36,artifacts/application_evaluation/2026-07-13_chronaris-v2-sealed-confirmation-representations/representations/seed_43/chronaris/timestamp_jitter_020ms,False
43,physiology_only,timestamp_jitter_050ms,completed,192,818b906cc6eeaaa9840da30e67162b3a5b28474866f76e61b9e3c0137fa5c8cb,96a970bcb7a97533f87f937ab3f9bd0d17a9cbc3f494dbe0ea2539eb1793275b,artifacts/application_evaluation/2026-07-13_chronaris-v2-sealed-confirmation-representations/representations/seed_43/physiology_only/timestamp_jitter_050ms,False
43,vehicle_only,timestamp_jitter_050ms,completed,192,6b7b3cb8350ec24d37bd062d52369b06634c8fbf32d4c3164228ea50094a2824,31ee12a47cf5e503b8a4039bfc3b253b6d8689e6d744ccb547342bc61b8e2d13,artifacts/application_evaluation/2026-07-13_chronaris-v2-sealed-confirmation-representations/representations/seed_43/vehicle_only/timestamp_jitter_050ms,False
43,naive_time_sync,timestamp_jitter_050ms,completed,192,a173a9a720a49e137ef963f46d8af5db63cd72bfefad9c568210d896b467cf92,d8a20ec3ef2453e801f3aea7cdee976af405dbb31a2d2a957947983ef87e6772,artifacts/application_evaluation/2026-07-13_chronaris-v2-sealed-confirmation-representations/representations/seed_43/naive_time_sync/timestamp_jitter_050ms,False
43,mult,timestamp_jitter_050ms,completed,192,6873e3c0ca791937d2eb89b0a5fef58a7f15e2499dbbfa289728a30cbf1fee00,4dedccd3668716f94133759281bbddc1323c3567f93e2891f9d4869dd1fce936,artifacts/application_evaluation/2026-07-13_chronaris-v2-sealed-confirmation-representations/representations/seed_43/mult/timestamp_jitter_050ms,False
43,contiformer,timestamp_jitter_050ms,completed,192,cee99c8c8bf4139a6ed66c9fd219071937e6db6ea5275ab4101a31ae559d8d2e,3f52c9025a9ab1fb735d71a8da8267559234e5c6fc04cf37fec3784842175955,artifacts/application_evaluation/2026-07-13_chronaris-v2-sealed-confirmation-representations/representations/seed_43/contiformer/timestamp_jitter_050ms,False
43,chronaris,timestamp_jitter_050ms,completed,192,98ffcc1a3aad4b1e62a46cfe1d87bf0ee180df367065a265d7c9e05243d6a5c5,73f929a9b5907282031aafb5f5a174801a113587ea83248c24cba926f4b02f8f,artifacts/application_evaluation/2026-07-13_chronaris-v2-sealed-confirmation-representations/representations/seed_43/chronaris/timestamp_jitter_050ms,False
43,physiology_only,timestamp_jitter_100ms,completed,192,818b906cc6eeaaa9840da30e67162b3a5b28474866f76e61b9e3c0137fa5c8cb,df0d917e1940f10297fa02dbc762e99a4a99e35d07983c4f0d3335da85ecb9a2,artifacts/application_evaluation/2026-07-13_chronaris-v2-sealed-confirmation-representations/representations/seed_43/physiology_only/timestamp_jitter_100ms,False
43,vehicle_only,timestamp_jitter_100ms,completed,192,6b7b3cb8350ec24d37bd062d52369b06634c8fbf32d4c3164228ea50094a2824,ef01a0e32c7a8cf7570702e3fc88c98d18706ce24211bc6cd864bb28426685f9,artifacts/application_evaluation/2026-07-13_chronaris-v2-sealed-confirmation-representations/representations/seed_43/vehicle_only/timestamp_jitter_100ms,False
43,naive_time_sync,timestamp_jitter_100ms,completed,192,a173a9a720a49e137ef963f46d8af5db63cd72bfefad9c568210d896b467cf92,5fefa392692d3174a01e4c8bab5d53ced767e0bbd50bc8e50fae555889e1cd02,artifacts/application_evaluation/2026-07-13_chronaris-v2-sealed-confirmation-representations/representations/seed_43/naive_time_sync/timestamp_jitter_100ms,False
43,mult,timestamp_jitter_100ms,completed,192,6873e3c0ca791937d2eb89b0a5fef58a7f15e2499dbbfa289728a30cbf1fee00,b2527b7854fd2b5acaf51cd6da55e6821627c30b6487b8db5e6cee9f8950b878,artifacts/application_evaluation/2026-07-13_chronaris-v2-sealed-confirmation-representations/representations/seed_43/mult/timestamp_jitter_100ms,False
43,contiformer,timestamp_jitter_100ms,completed,192,cee99c8c8bf4139a6ed66c9fd219071937e6db6ea5275ab4101a31ae559d8d2e,d568d27e2f0a53e278ef15e52fc4891114396ddf93dc4c129aeaefcf4201071b,artifacts/application_evaluation/2026-07-13_chronaris-v2-sealed-confirmation-representations/representations/seed_43/contiformer/timestamp_jitter_100ms,False
43,chronaris,timestamp_jitter_100ms,completed,192,98ffcc1a3aad4b1e62a46cfe1d87bf0ee180df367065a265d7c9e05243d6a5c5,60797a4228bc1e76d839d9cbb5343e3a06cde96308075132a3396904dbe7a2e3,artifacts/application_evaluation/2026-07-13_chronaris-v2-sealed-confirmation-representations/representations/seed_43/chronaris/timestamp_jitter_100ms,False
43,physiology_only,clock_offset_+0.00s,completed,192,818b906cc6eeaaa9840da30e67162b3a5b28474866f76e61b9e3c0137fa5c8cb,e751f302a68d450b9058cd8c09d340926dc09c0ce0b6eae21e0ed6ef1d355092,artifacts/application_evaluation/2026-07-13_chronaris-v2-sealed-confirmation-representations/representations/seed_43/physiology_only/clock_offset_+0.00s,False
43,vehicle_only,clock_offset_+0.00s,completed,192,6b7b3cb8350ec24d37bd062d52369b06634c8fbf32d4c3164228ea50094a2824,5459f6e169b82f1c65eaa09416aea904bbbfd97199d34ab7b2d9887c2cf50f9b,artifacts/application_evaluation/2026-07-13_chronaris-v2-sealed-confirmation-representations/representations/seed_43/vehicle_only/clock_offset_+0.00s,False
43,naive_time_sync,clock_offset_+0.00s,completed,192,a173a9a720a49e137ef963f46d8af5db63cd72bfefad9c568210d896b467cf92,610f9f33a124816f7741453086a87d82a46fe66522b71531b600a304ae73cc3a,artifacts/application_evaluation/2026-07-13_chronaris-v2-sealed-confirmation-representations/representations/seed_43/naive_time_sync/clock_offset_+0.00s,False
43,mult,clock_offset_+0.00s,completed,192,6873e3c0ca791937d2eb89b0a5fef58a7f15e2499dbbfa289728a30cbf1fee00,273f063b011a4d1b9a2aeb680fab61fa5aabcb95775adf738fed96cbcf00f96f,artifacts/application_evaluation/2026-07-13_chronaris-v2-sealed-confirmation-representations/representations/seed_43/mult/clock_offset_+0.00s,False
43,contiformer,clock_offset_+0.00s,completed,192,cee99c8c8bf4139a6ed66c9fd219071937e6db6ea5275ab4101a31ae559d8d2e,3752f13dcde99590c7def92bce3a3172d22fed3752d1dea3ba9ab83fcd35de1f,artifacts/application_evaluation/2026-07-13_chronaris-v2-sealed-confirmation-representations/representations/seed_43/contiformer/clock_offset_+0.00s,False
43,chronaris,clock_offset_+0.00s,completed,192,98ffcc1a3aad4b1e62a46cfe1d87bf0ee180df367065a265d7c9e05243d6a5c5,abf324a9046f07ea77a0b4b7acc8f77f4c5b16478e86997fee6805f273148547,artifacts/application_evaluation/2026-07-13_chronaris-v2-sealed-confirmation-representations/representations/seed_43/chronaris/clock_offset_+0.00s,False
43,physiology_only,clock_offset_-0.25s,completed,192,818b906cc6eeaaa9840da30e67162b3a5b28474866f76e61b9e3c0137fa5c8cb,d334eb895da803cbd517632ffb2477ef469abc5efba41ab0e0d2e5ae530bdc0d,artifacts/application_evaluation/2026-07-13_chronaris-v2-sealed-confirmation-representations/representations/seed_43/physiology_only/clock_offset_-0.25s,False
43,vehicle_only,clock_offset_-0.25s,completed,192,6b7b3cb8350ec24d37bd062d52369b06634c8fbf32d4c3164228ea50094a2824,d1b6c146d9ca10b1100818b17459712ff6c8f9fa3f7e255a164ef847292f153f,artifacts/application_evaluation/2026-07-13_chronaris-v2-sealed-confirmation-representations/representations/seed_43/vehicle_only/clock_offset_-0.25s,False
43,naive_time_sync,clock_offset_-0.25s,completed,192,a173a9a720a49e137ef963f46d8af5db63cd72bfefad9c568210d896b467cf92,4a7cc3e711515b566d83c78b42fe7f0dd9fb0fa3fc75416c9396bc3d0b01da0e,artifacts/application_evaluation/2026-07-13_chronaris-v2-sealed-confirmation-representations/representations/seed_43/naive_time_sync/clock_offset_-0.25s,False
43,mult,clock_offset_-0.25s,completed,192,6873e3c0ca791937d2eb89b0a5fef58a7f15e2499dbbfa289728a30cbf1fee00,7fec0120c8608586c10ff7bae5da30dc93c16ce79847834e0e330ae42b9af2f7,artifacts/application_evaluation/2026-07-13_chronaris-v2-sealed-confirmation-representations/representations/seed_43/mult/clock_offset_-0.25s,False
43,contiformer,clock_offset_-0.25s,completed,192,cee99c8c8bf4139a6ed66c9fd219071937e6db6ea5275ab4101a31ae559d8d2e,6fb0436641fd2c69447d04ae8a0550585fa87df7cfa7692c5ea0da5adde27935,artifacts/application_evaluation/2026-07-13_chronaris-v2-sealed-confirmation-representations/representations/seed_43/contiformer/clock_offset_-0.25s,False
43,chronaris,clock_offset_-0.25s,completed,192,98ffcc1a3aad4b1e62a46cfe1d87bf0ee180df367065a265d7c9e05243d6a5c5,dc43588d7c2c1104c93457f22ed0aa06ccb119cc25d6afae099d02680b509308,artifacts/application_evaluation/2026-07-13_chronaris-v2-sealed-confirmation-representations/representations/seed_43/chronaris/clock_offset_-0.25s,False
43,physiology_only,clock_offset_+0.25s,completed,192,818b906cc6eeaaa9840da30e67162b3a5b28474866f76e61b9e3c0137fa5c8cb,f9268621fb3909025e6ca69eea0294a64558c656cf82df73e65a9ef9ba944fb7,artifacts/application_evaluation/2026-07-13_chronaris-v2-sealed-confirmation-representations/representations/seed_43/physiology_only/clock_offset_+0.25s,False
43,vehicle_only,clock_offset_+0.25s,completed,192,6b7b3cb8350ec24d37bd062d52369b06634c8fbf32d4c3164228ea50094a2824,ec3a86e7eed141014a94af7e37e9783d8ae6696037637f3392dbaa62ac1b0bec,artifacts/application_evaluation/2026-07-13_chronaris-v2-sealed-confirmation-representations/representations/seed_43/vehicle_only/clock_offset_+0.25s,False
43,naive_time_sync,clock_offset_+0.25s,completed,192,a173a9a720a49e137ef963f46d8af5db63cd72bfefad9c568210d896b467cf92,06e8b8d3a7752034883144da796272d911ae4ad561364ea6aff38c98bfab9078,artifacts/application_evaluation/2026-07-13_chronaris-v2-sealed-confirmation-representations/representations/seed_43/naive_time_sync/clock_offset_+0.25s,False
43,mult,clock_offset_+0.25s,completed,192,6873e3c0ca791937d2eb89b0a5fef58a7f15e2499dbbfa289728a30cbf1fee00,3656d985f2e6765468b510b6d250a792d49396312d0becd5fe13802eccc00d46,artifacts/application_evaluation/2026-07-13_chronaris-v2-sealed-confirmation-representations/representations/seed_43/mult/clock_offset_+0.25s,False
43,contiformer,clock_offset_+0.25s,completed,192,cee99c8c8bf4139a6ed66c9fd219071937e6db6ea5275ab4101a31ae559d8d2e,091f0a3a0e3b3550519149a60b1ae714bc481080ef934429e1f81e6ac7dde389,artifacts/application_evaluation/2026-07-13_chronaris-v2-sealed-confirmation-representations/representations/seed_43/contiformer/clock_offset_+0.25s,False
43,chronaris,clock_offset_+0.25s,completed,192,98ffcc1a3aad4b1e62a46cfe1d87bf0ee180df367065a265d7c9e05243d6a5c5,2974930af32b416788ad16c44f9c70d76a85981925cada4accc7efc924d4ae76,artifacts/application_evaluation/2026-07-13_chronaris-v2-sealed-confirmation-representations/representations/seed_43/chronaris/clock_offset_+0.25s,False
43,physiology_only,clock_offset_-1.00s,completed,192,818b906cc6eeaaa9840da30e67162b3a5b28474866f76e61b9e3c0137fa5c8cb,d15e47c8788f40ef316b0c8342db9c598457b974b301ed7cb20860a396c64363,artifacts/application_evaluation/2026-07-13_chronaris-v2-sealed-confirmation-representations/representations/seed_43/physiology_only/clock_offset_-1.00s,False
43,vehicle_only,clock_offset_-1.00s,completed,192,6b7b3cb8350ec24d37bd062d52369b06634c8fbf32d4c3164228ea50094a2824,0524b23ccac8b10eb029ba3b72935311ec7666aaa9557012e704e24afd89f722,artifacts/application_evaluation/2026-07-13_chronaris-v2-sealed-confirmation-representations/representations/seed_43/vehicle_only/clock_offset_-1.00s,False
43,naive_time_sync,clock_offset_-1.00s,completed,192,a173a9a720a49e137ef963f46d8af5db63cd72bfefad9c568210d896b467cf92,d695361e255eb6967aadb6e2b38999f6c6b0cd8bc4013394070015e96c42a18e,artifacts/application_evaluation/2026-07-13_chronaris-v2-sealed-confirmation-representations/representations/seed_43/naive_time_sync/clock_offset_-1.00s,False
43,mult,clock_offset_-1.00s,completed,192,6873e3c0ca791937d2eb89b0a5fef58a7f15e2499dbbfa289728a30cbf1fee00,e8943c7ddca8b1d7b1e5c5dac19b018de310fce695f7c1272249910c7297bce9,artifacts/application_evaluation/2026-07-13_chronaris-v2-sealed-confirmation-representations/representations/seed_43/mult/clock_offset_-1.00s,False
43,contiformer,clock_offset_-1.00s,completed,192,cee99c8c8bf4139a6ed66c9fd219071937e6db6ea5275ab4101a31ae559d8d2e,7574413c17f617305f52e6829ca44a96d61ffb6c56840b0545a5ff6bc55132a5,artifacts/application_evaluation/2026-07-13_chronaris-v2-sealed-confirmation-representations/representations/seed_43/contiformer/clock_offset_-1.00s,False
43,chronaris,clock_offset_-1.00s,completed,192,98ffcc1a3aad4b1e62a46cfe1d87bf0ee180df367065a265d7c9e05243d6a5c5,1460a03468e53c7ea075e7d9eb611ea218433cba6091e93ae95e4b7588ff3d02,artifacts/application_evaluation/2026-07-13_chronaris-v2-sealed-confirmation-representations/representations/seed_43/chronaris/clock_offset_-1.00s,False
43,physiology_only,clock_offset_+1.00s,completed,192,818b906cc6eeaaa9840da30e67162b3a5b28474866f76e61b9e3c0137fa5c8cb,a4834932584bd5f4990b3d5cbdafe262d31b226e2a0d5da698aea96dc6dc68b7,artifacts/application_evaluation/2026-07-13_chronaris-v2-sealed-confirmation-representations/representations/seed_43/physiology_only/clock_offset_+1.00s,False
43,vehicle_only,clock_offset_+1.00s,completed,192,6b7b3cb8350ec24d37bd062d52369b06634c8fbf32d4c3164228ea50094a2824,e0dd7b5193fb84a0bc8aa67449967cfc5fd25d2dad2ff12ea5da84d39c8fabf3,artifacts/application_evaluation/2026-07-13_chronaris-v2-sealed-confirmation-representations/representations/seed_43/vehicle_only/clock_offset_+1.00s,False
43,naive_time_sync,clock_offset_+1.00s,completed,192,a173a9a720a49e137ef963f46d8af5db63cd72bfefad9c568210d896b467cf92,d4e9a2bff41c506397c24332129b0c695d818a9541a8d773ca639ba02cf7f63c,artifacts/application_evaluation/2026-07-13_chronaris-v2-sealed-confirmation-representations/representations/seed_43/naive_time_sync/clock_offset_+1.00s,False
43,mult,clock_offset_+1.00s,completed,192,6873e3c0ca791937d2eb89b0a5fef58a7f15e2499dbbfa289728a30cbf1fee00,ee6002eea9635fe6d936f1964b47bb3310d6ba02532f8a9b3c75c7ee4925f404,artifacts/application_evaluation/2026-07-13_chronaris-v2-sealed-confirmation-representations/representations/seed_43/mult/clock_offset_+1.00s,False
43,contiformer,clock_offset_+1.00s,completed,192,cee99c8c8bf4139a6ed66c9fd219071937e6db6ea5275ab4101a31ae559d8d2e,eee48c1eedfeb08df0e3ae67ad235473525bbccf0cd94aa5d72159d099f6a925,artifacts/application_evaluation/2026-07-13_chronaris-v2-sealed-confirmation-representations/representations/seed_43/contiformer/clock_offset_+1.00s,False
43,chronaris,clock_offset_+1.00s,completed,192,98ffcc1a3aad4b1e62a46cfe1d87bf0ee180df367065a265d7c9e05243d6a5c5,fa38ab3c1f5505d4966fd9a20898117fca29fd2b91645ef72f63168d72ae1c80,artifacts/application_evaluation/2026-07-13_chronaris-v2-sealed-confirmation-representations/representations/seed_43/chronaris/clock_offset_+1.00s,False
43,physiology_only,clock_offset_-3.00s,completed,192,818b906cc6eeaaa9840da30e67162b3a5b28474866f76e61b9e3c0137fa5c8cb,a043493239bd1bda8b8439d4727817105f27de04e3f15d28d887d0973091aa5f,artifacts/application_evaluation/2026-07-13_chronaris-v2-sealed-confirmation-representations/representations/seed_43/physiology_only/clock_offset_-3.00s,False
43,vehicle_only,clock_offset_-3.00s,completed,192,6b7b3cb8350ec24d37bd062d52369b06634c8fbf32d4c3164228ea50094a2824,49aa3d1bcfd60bbf3d73103e538c12c9dc24f5f9a08b1ddcb1a92ba4be8df19c,artifacts/application_evaluation/2026-07-13_chronaris-v2-sealed-confirmation-representations/representations/seed_43/vehicle_only/clock_offset_-3.00s,False
43,naive_time_sync,clock_offset_-3.00s,completed,192,a173a9a720a49e137ef963f46d8af5db63cd72bfefad9c568210d896b467cf92,2bffde84796e4627c1c6713f94100c610477b2514ccd3fb4b8e89315a70a615d,artifacts/application_evaluation/2026-07-13_chronaris-v2-sealed-confirmation-representations/representations/seed_43/naive_time_sync/clock_offset_-3.00s,False
43,mult,clock_offset_-3.00s,completed,192,6873e3c0ca791937d2eb89b0a5fef58a7f15e2499dbbfa289728a30cbf1fee00,c74ab2503c0303abf6cd5576266f93c11ed98aefee827b1e06fa511e34c6f458,artifacts/application_evaluation/2026-07-13_chronaris-v2-sealed-confirmation-representations/representations/seed_43/mult/clock_offset_-3.00s,False
43,contiformer,clock_offset_-3.00s,completed,192,cee99c8c8bf4139a6ed66c9fd219071937e6db6ea5275ab4101a31ae559d8d2e,30cd7624efe0eec136b366d365e7f88e23bafe81d881ba2eda8facc9352b2a35,artifacts/application_evaluation/2026-07-13_chronaris-v2-sealed-confirmation-representations/representations/seed_43/contiformer/clock_offset_-3.00s,False
43,chronaris,clock_offset_-3.00s,completed,192,98ffcc1a3aad4b1e62a46cfe1d87bf0ee180df367065a265d7c9e05243d6a5c5,5563676ea9a371f3663b8bd52ebbb58c54af60c5f344a8b652f8a0cfaa27b926,artifacts/application_evaluation/2026-07-13_chronaris-v2-sealed-confirmation-representations/representations/seed_43/chronaris/clock_offset_-3.00s,False
43,physiology_only,clock_offset_+3.00s,completed,192,818b906cc6eeaaa9840da30e67162b3a5b28474866f76e61b9e3c0137fa5c8cb,c02c26324d61b471057cd18ba8173e4a166c1e4f24f866be3c565a3f56ad3337,artifacts/application_evaluation/2026-07-13_chronaris-v2-sealed-confirmation-representations/representations/seed_43/physiology_only/clock_offset_+3.00s,False
43,vehicle_only,clock_offset_+3.00s,completed,192,6b7b3cb8350ec24d37bd062d52369b06634c8fbf32d4c3164228ea50094a2824,aa6d268c9289f3c289c875dea16b2044adb94dac57fba5210ffe70591345f338,artifacts/application_evaluation/2026-07-13_chronaris-v2-sealed-confirmation-representations/representations/seed_43/vehicle_only/clock_offset_+3.00s,False
43,naive_time_sync,clock_offset_+3.00s,completed,192,a173a9a720a49e137ef963f46d8af5db63cd72bfefad9c568210d896b467cf92,637ed63167c90af4276fa2f48c3c053f5ac7ffa9e060c270a6da994eeaf8e4ef,artifacts/application_evaluation/2026-07-13_chronaris-v2-sealed-confirmation-representations/representations/seed_43/naive_time_sync/clock_offset_+3.00s,False
43,mult,clock_offset_+3.00s,completed,192,6873e3c0ca791937d2eb89b0a5fef58a7f15e2499dbbfa289728a30cbf1fee00,5d76c2c137f6bbafc4505c3c82e9e91cf63e98dd9dab371fd3d13a9c28f940b3,artifacts/application_evaluation/2026-07-13_chronaris-v2-sealed-confirmation-representations/representations/seed_43/mult/clock_offset_+3.00s,False
43,contiformer,clock_offset_+3.00s,completed,192,cee99c8c8bf4139a6ed66c9fd219071937e6db6ea5275ab4101a31ae559d8d2e,dc283eca39968def88692fa4e62143186f97214b805bc079c180df0e157e3030,artifacts/application_evaluation/2026-07-13_chronaris-v2-sealed-confirmation-representations/representations/seed_43/contiformer/clock_offset_+3.00s,False
43,chronaris,clock_offset_+3.00s,completed,192,98ffcc1a3aad4b1e62a46cfe1d87bf0ee180df367065a265d7c9e05243d6a5c5,13cb1b9fd5406ce55cca85ad084e6108f5b4483f9b8c269eae0363e22269a600,artifacts/application_evaluation/2026-07-13_chronaris-v2-sealed-confirmation-representations/representations/seed_43/chronaris/clock_offset_+3.00s,False
43,physiology_only,clock_drift_+000ppm,completed,192,818b906cc6eeaaa9840da30e67162b3a5b28474866f76e61b9e3c0137fa5c8cb,461c2636204e3d7b5c9941caccf1c367be32a09704bf658016ad9c1dc2109581,artifacts/application_evaluation/2026-07-13_chronaris-v2-sealed-confirmation-representations/representations/seed_43/physiology_only/clock_drift_+000ppm,False
43,vehicle_only,clock_drift_+000ppm,completed,192,6b7b3cb8350ec24d37bd062d52369b06634c8fbf32d4c3164228ea50094a2824,fb9cecd670a581164b1b2de496de80d2df97e26ae207283f2961105a15775f5a,artifacts/application_evaluation/2026-07-13_chronaris-v2-sealed-confirmation-representations/representations/seed_43/vehicle_only/clock_drift_+000ppm,False
43,naive_time_sync,clock_drift_+000ppm,completed,192,a173a9a720a49e137ef963f46d8af5db63cd72bfefad9c568210d896b467cf92,3596b4ef213cb667a23a60def6bc2e626665362f89ebad9885368d1b878aa1de,artifacts/application_evaluation/2026-07-13_chronaris-v2-sealed-confirmation-representations/representations/seed_43/naive_time_sync/clock_drift_+000ppm,False
43,mult,clock_drift_+000ppm,completed,192,6873e3c0ca791937d2eb89b0a5fef58a7f15e2499dbbfa289728a30cbf1fee00,348066a5bfb54f18edb7cd8d98499f07ef7cbb6e9f11fca0178dc35ea82965b8,artifacts/application_evaluation/2026-07-13_chronaris-v2-sealed-confirmation-representations/representations/seed_43/mult/clock_drift_+000ppm,False
43,contiformer,clock_drift_+000ppm,completed,192,cee99c8c8bf4139a6ed66c9fd219071937e6db6ea5275ab4101a31ae559d8d2e,dc14bea2c6229e7fc988f4370adfe268ec2c2ed060b27b9dca10ff288a148791,artifacts/application_evaluation/2026-07-13_chronaris-v2-sealed-confirmation-representations/representations/seed_43/contiformer/clock_drift_+000ppm,False
43,chronaris,clock_drift_+000ppm,completed,192,98ffcc1a3aad4b1e62a46cfe1d87bf0ee180df367065a265d7c9e05243d6a5c5,c0fc3cfa6e5fd3f0d32dcfa6c01be1b3a99e165dbb4378fab2ee8f187d6d6eba,artifacts/application_evaluation/2026-07-13_chronaris-v2-sealed-confirmation-representations/representations/seed_43/chronaris/clock_drift_+000ppm,False
43,physiology_only,clock_drift_-050ppm,completed,192,818b906cc6eeaaa9840da30e67162b3a5b28474866f76e61b9e3c0137fa5c8cb,40cea270394d54339e629df1dac9909a4c3b608d214cb97d72894d28740314ea,artifacts/application_evaluation/2026-07-13_chronaris-v2-sealed-confirmation-representations/representations/seed_43/physiology_only/clock_drift_-050ppm,False
43,vehicle_only,clock_drift_-050ppm,completed,192,6b7b3cb8350ec24d37bd062d52369b06634c8fbf32d4c3164228ea50094a2824,da02f2d7e4cfe68583206859e715de9af471b7d4a521140e7ccdf46e97cf5a50,artifacts/application_evaluation/2026-07-13_chronaris-v2-sealed-confirmation-representations/representations/seed_43/vehicle_only/clock_drift_-050ppm,False
43,naive_time_sync,clock_drift_-050ppm,completed,192,a173a9a720a49e137ef963f46d8af5db63cd72bfefad9c568210d896b467cf92,a81945cd05a179963d2c60556cdcba20982c6401873f34d2cc05f9efe21fd1e2,artifacts/application_evaluation/2026-07-13_chronaris-v2-sealed-confirmation-representations/representations/seed_43/naive_time_sync/clock_drift_-050ppm,False
43,mult,clock_drift_-050ppm,completed,192,6873e3c0ca791937d2eb89b0a5fef58a7f15e2499dbbfa289728a30cbf1fee00,09184203cd0617f6d4958108078a4bdca49461293a4c6af08f1e53de862dc667,artifacts/application_evaluation/2026-07-13_chronaris-v2-sealed-confirmation-representations/representations/seed_43/mult/clock_drift_-050ppm,False
43,contiformer,clock_drift_-050ppm,completed,192,cee99c8c8bf4139a6ed66c9fd219071937e6db6ea5275ab4101a31ae559d8d2e,8837fdd56f3eba5ecd7c0caa13655bb32a44665e4e12706a45b57b510ee736a2,artifacts/application_evaluation/2026-07-13_chronaris-v2-sealed-confirmation-representations/representations/seed_43/contiformer/clock_drift_-050ppm,False
43,chronaris,clock_drift_-050ppm,completed,192,98ffcc1a3aad4b1e62a46cfe1d87bf0ee180df367065a265d7c9e05243d6a5c5,59d2f141a635759ae55c71d9ea5cd149faf5eac5bb47a666257543b59d0a8c3a,artifacts/application_evaluation/2026-07-13_chronaris-v2-sealed-confirmation-representations/representations/seed_43/chronaris/clock_drift_-050ppm,False
43,physiology_only,clock_drift_+050ppm,completed,192,818b906cc6eeaaa9840da30e67162b3a5b28474866f76e61b9e3c0137fa5c8cb,78a7ea6f784007cc9e072fe594ffa80998b707b494fa8fa34ca7b016be0a33d3,artifacts/application_evaluation/2026-07-13_chronaris-v2-sealed-confirmation-representations/representations/seed_43/physiology_only/clock_drift_+050ppm,False
43,vehicle_only,clock_drift_+050ppm,completed,192,6b7b3cb8350ec24d37bd062d52369b06634c8fbf32d4c3164228ea50094a2824,c04b150b9ffce2daa52392d11454ea6abde51adf81162f9f9ce6c83e95d210f5,artifacts/application_evaluation/2026-07-13_chronaris-v2-sealed-confirmation-representations/representations/seed_43/vehicle_only/clock_drift_+050ppm,False
43,naive_time_sync,clock_drift_+050ppm,completed,192,a173a9a720a49e137ef963f46d8af5db63cd72bfefad9c568210d896b467cf92,da0779f2150ad8848ad30d0f006a8a553c295e01b4e3c604b13c5e7a1dfa89e2,artifacts/application_evaluation/2026-07-13_chronaris-v2-sealed-confirmation-representations/representations/seed_43/naive_time_sync/clock_drift_+050ppm,False
43,mult,clock_drift_+050ppm,completed,192,6873e3c0ca791937d2eb89b0a5fef58a7f15e2499dbbfa289728a30cbf1fee00,8146c6b07212386a36eabfeb0e8042514a13e7f7dee44a7a691062c630964d1e,artifacts/application_evaluation/2026-07-13_chronaris-v2-sealed-confirmation-representations/representations/seed_43/mult/clock_drift_+050ppm,False
43,contiformer,clock_drift_+050ppm,completed,192,cee99c8c8bf4139a6ed66c9fd219071937e6db6ea5275ab4101a31ae559d8d2e,44da9d5ce34cc8c5351ad34ada8d72b3ed094c46c0d57304ad0520c87f1bce17,artifacts/application_evaluation/2026-07-13_chronaris-v2-sealed-confirmation-representations/representations/seed_43/contiformer/clock_drift_+050ppm,False
43,chronaris,clock_drift_+050ppm,completed,192,98ffcc1a3aad4b1e62a46cfe1d87bf0ee180df367065a265d7c9e05243d6a5c5,4971fb35e752f3183b5f46b63fcb1625546b1fe9262390a82615156c58a1f6a0,artifacts/application_evaluation/2026-07-13_chronaris-v2-sealed-confirmation-representations/representations/seed_43/chronaris/clock_drift_+050ppm,False
43,physiology_only,clock_drift_-100ppm,completed,192,818b906cc6eeaaa9840da30e67162b3a5b28474866f76e61b9e3c0137fa5c8cb,f0c05e78bbf535a67befc3781e7869380436df92d63c53ad9dd5838c1ae05ba7,artifacts/application_evaluation/2026-07-13_chronaris-v2-sealed-confirmation-representations/representations/seed_43/physiology_only/clock_drift_-100ppm,False
43,vehicle_only,clock_drift_-100ppm,completed,192,6b7b3cb8350ec24d37bd062d52369b06634c8fbf32d4c3164228ea50094a2824,3ca484355ade9181638b009a5b2979b0ca2f809df123ec990318a761d83be10c,artifacts/application_evaluation/2026-07-13_chronaris-v2-sealed-confirmation-representations/representations/seed_43/vehicle_only/clock_drift_-100ppm,False
43,naive_time_sync,clock_drift_-100ppm,completed,192,a173a9a720a49e137ef963f46d8af5db63cd72bfefad9c568210d896b467cf92,292c4f4b7cff1c63589b9357dc6d31ea9900e85fac9dadfd1a2d1995230aa1d4,artifacts/application_evaluation/2026-07-13_chronaris-v2-sealed-confirmation-representations/representations/seed_43/naive_time_sync/clock_drift_-100ppm,False
43,mult,clock_drift_-100ppm,completed,192,6873e3c0ca791937d2eb89b0a5fef58a7f15e2499dbbfa289728a30cbf1fee00,3a32b0da363f09b808b5cec30ed7c357304f95105256ff927b3f87e8cf844012,artifacts/application_evaluation/2026-07-13_chronaris-v2-sealed-confirmation-representations/representations/seed_43/mult/clock_drift_-100ppm,False
43,contiformer,clock_drift_-100ppm,completed,192,cee99c8c8bf4139a6ed66c9fd219071937e6db6ea5275ab4101a31ae559d8d2e,ec352b949ee9c4d42574e2de57f8093fb209ef4279dae367ba9e1df3e4de9029,artifacts/application_evaluation/2026-07-13_chronaris-v2-sealed-confirmation-representations/representations/seed_43/contiformer/clock_drift_-100ppm,False
43,chronaris,clock_drift_-100ppm,completed,192,98ffcc1a3aad4b1e62a46cfe1d87bf0ee180df367065a265d7c9e05243d6a5c5,44427b0cf8b9b0a0680503ef81030bd713c193c09bb5d8e119992935b078d28f,artifacts/application_evaluation/2026-07-13_chronaris-v2-sealed-confirmation-representations/representations/seed_43/chronaris/clock_drift_-100ppm,False
43,physiology_only,clock_drift_+100ppm,completed,192,818b906cc6eeaaa9840da30e67162b3a5b28474866f76e61b9e3c0137fa5c8cb,6298c41f883c0d56aa8b8dc41fe9e9f0ebbbd8b8d462da3dba9e2cc38b3630a0,artifacts/application_evaluation/2026-07-13_chronaris-v2-sealed-confirmation-representations/representations/seed_43/physiology_only/clock_drift_+100ppm,False
43,vehicle_only,clock_drift_+100ppm,completed,192,6b7b3cb8350ec24d37bd062d52369b06634c8fbf32d4c3164228ea50094a2824,c58369678af65a655439313478d096272618ca42fe2b4628aef1b4af170f8b10,artifacts/application_evaluation/2026-07-13_chronaris-v2-sealed-confirmation-representations/representations/seed_43/vehicle_only/clock_drift_+100ppm,False
43,naive_time_sync,clock_drift_+100ppm,completed,192,a173a9a720a49e137ef963f46d8af5db63cd72bfefad9c568210d896b467cf92,6df506bc48872a05a307c2c0272429b28d3461324fd81e9b817ad04047672fe0,artifacts/application_evaluation/2026-07-13_chronaris-v2-sealed-confirmation-representations/representations/seed_43/naive_time_sync/clock_drift_+100ppm,False
43,mult,clock_drift_+100ppm,completed,192,6873e3c0ca791937d2eb89b0a5fef58a7f15e2499dbbfa289728a30cbf1fee00,8c9a0cf1ca97c60db35ff8f3356dc128dbd545316166a09d2e9ec81f402dddbd,artifacts/application_evaluation/2026-07-13_chronaris-v2-sealed-confirmation-representations/representations/seed_43/mult/clock_drift_+100ppm,False
43,contiformer,clock_drift_+100ppm,completed,192,cee99c8c8bf4139a6ed66c9fd219071937e6db6ea5275ab4101a31ae559d8d2e,7180217645143fd7633238d23ed5e82b208fb76d09631b1f3d765d5f9265739f,artifacts/application_evaluation/2026-07-13_chronaris-v2-sealed-confirmation-representations/representations/seed_43/contiformer/clock_drift_+100ppm,False
43,chronaris,clock_drift_+100ppm,completed,192,98ffcc1a3aad4b1e62a46cfe1d87bf0ee180df367065a265d7c9e05243d6a5c5,8a5d76bfd86544a5471f49dec1947910c51f5dc1bdb2f4babe951fc46fcaf827,artifacts/application_evaluation/2026-07-13_chronaris-v2-sealed-confirmation-representations/representations/seed_43/chronaris/clock_drift_+100ppm,False
43,physiology_only,clock_drift_-250ppm,completed,192,818b906cc6eeaaa9840da30e67162b3a5b28474866f76e61b9e3c0137fa5c8cb,4f99b67729397b6d110fc123abb84701debb6cf83492d0e677f1d148e8fb955a,artifacts/application_evaluation/2026-07-13_chronaris-v2-sealed-confirmation-representations/representations/seed_43/physiology_only/clock_drift_-250ppm,False
43,vehicle_only,clock_drift_-250ppm,completed,192,6b7b3cb8350ec24d37bd062d52369b06634c8fbf32d4c3164228ea50094a2824,abba3c283bb7f211aa2f03f39fe31b7342dfd0a6e8994556a45a588558610902,artifacts/application_evaluation/2026-07-13_chronaris-v2-sealed-confirmation-representations/representations/seed_43/vehicle_only/clock_drift_-250ppm,False
43,naive_time_sync,clock_drift_-250ppm,completed,192,a173a9a720a49e137ef963f46d8af5db63cd72bfefad9c568210d896b467cf92,cc2e5c8685ecf41b03cac10ea587bf982334e4515ee96e99c732b5be4d6465af,artifacts/application_evaluation/2026-07-13_chronaris-v2-sealed-confirmation-representations/representations/seed_43/naive_time_sync/clock_drift_-250ppm,False
43,mult,clock_drift_-250ppm,completed,192,6873e3c0ca791937d2eb89b0a5fef58a7f15e2499dbbfa289728a30cbf1fee00,e4e5377c513fb1979ab0efa3fed5ef1e6eaffe70e0880e328e2836c5aa6cd570,artifacts/application_evaluation/2026-07-13_chronaris-v2-sealed-confirmation-representations/representations/seed_43/mult/clock_drift_-250ppm,False
43,contiformer,clock_drift_-250ppm,completed,192,cee99c8c8bf4139a6ed66c9fd219071937e6db6ea5275ab4101a31ae559d8d2e,a43d73a67ca7fe566151fc6abd79d5be92d4e0535c5ec1916038a27d6e316ccb,artifacts/application_evaluation/2026-07-13_chronaris-v2-sealed-confirmation-representations/representations/seed_43/contiformer/clock_drift_-250ppm,False
43,chronaris,clock_drift_-250ppm,completed,192,98ffcc1a3aad4b1e62a46cfe1d87bf0ee180df367065a265d7c9e05243d6a5c5,b0c4e4938c05be939814abc1f0bc67d4dc3ff090d544637acfe5041f8b989b22,artifacts/application_evaluation/2026-07-13_chronaris-v2-sealed-confirmation-representations/representations/seed_43/chronaris/clock_drift_-250ppm,False
43,physiology_only,clock_drift_+250ppm,completed,192,818b906cc6eeaaa9840da30e67162b3a5b28474866f76e61b9e3c0137fa5c8cb,6ffa57b6276c25440e1b842d0b136ffedfe91fa838f6c9422d47a150e708f2ed,artifacts/application_evaluation/2026-07-13_chronaris-v2-sealed-confirmation-representations/representations/seed_43/physiology_only/clock_drift_+250ppm,False
43,vehicle_only,clock_drift_+250ppm,completed,192,6b7b3cb8350ec24d37bd062d52369b06634c8fbf32d4c3164228ea50094a2824,922d6030e785e3e6457d8845d54ea67630e3a9fcc37fb9784dc6dc0ac3b422e6,artifacts/application_evaluation/2026-07-13_chronaris-v2-sealed-confirmation-representations/representations/seed_43/vehicle_only/clock_drift_+250ppm,False
43,naive_time_sync,clock_drift_+250ppm,completed,192,a173a9a720a49e137ef963f46d8af5db63cd72bfefad9c568210d896b467cf92,cf166eed67958ec0b930e18d5b06e156f975141a9d0f353ca508e92a9240790e,artifacts/application_evaluation/2026-07-13_chronaris-v2-sealed-confirmation-representations/representations/seed_43/naive_time_sync/clock_drift_+250ppm,False
43,mult,clock_drift_+250ppm,completed,192,6873e3c0ca791937d2eb89b0a5fef58a7f15e2499dbbfa289728a30cbf1fee00,93ae5499690ffb5eb94dcd61031df7898c1fbcccdc0c42b3f8d5f76e2e6cfc54,artifacts/application_evaluation/2026-07-13_chronaris-v2-sealed-confirmation-representations/representations/seed_43/mult/clock_drift_+250ppm,False
43,contiformer,clock_drift_+250ppm,completed,192,cee99c8c8bf4139a6ed66c9fd219071937e6db6ea5275ab4101a31ae559d8d2e,17ec14f3b158ee27fa3e10cf7519bff7d38c241390873e5880b537585bfd2f2f,artifacts/application_evaluation/2026-07-13_chronaris-v2-sealed-confirmation-representations/representations/seed_43/contiformer/clock_drift_+250ppm,False
43,chronaris,clock_drift_+250ppm,completed,192,98ffcc1a3aad4b1e62a46cfe1d87bf0ee180df367065a265d7c9e05243d6a5c5,9b65d94d07134996b42be9dcddf66a13540963dfdfc8f1f8085c3281bc351d8c,artifacts/application_evaluation/2026-07-13_chronaris-v2-sealed-confirmation-representations/representations/seed_43/chronaris/clock_drift_+250ppm,False
43,physiology_only,random_missing_00pct,completed,192,818b906cc6eeaaa9840da30e67162b3a5b28474866f76e61b9e3c0137fa5c8cb,f82c10df2ebf9b27e8d7275bc3136208c35b07c05ea1dea8b8c377036eee087a,artifacts/application_evaluation/2026-07-13_chronaris-v2-sealed-confirmation-representations/representations/seed_43/physiology_only/random_missing_00pct,False
43,vehicle_only,random_missing_00pct,completed,192,6b7b3cb8350ec24d37bd062d52369b06634c8fbf32d4c3164228ea50094a2824,e6529fee4595539d6598868c90dc2100268966b3c4feed29c9bcf6b1ecdc8377,artifacts/application_evaluation/2026-07-13_chronaris-v2-sealed-confirmation-representations/representations/seed_43/vehicle_only/random_missing_00pct,False
43,naive_time_sync,random_missing_00pct,completed,192,a173a9a720a49e137ef963f46d8af5db63cd72bfefad9c568210d896b467cf92,48c6fd383321a6fe1718a5d3afc925db8713e8aed121370b94fe5e52406f7794,artifacts/application_evaluation/2026-07-13_chronaris-v2-sealed-confirmation-representations/representations/seed_43/naive_time_sync/random_missing_00pct,False
43,mult,random_missing_00pct,completed,192,6873e3c0ca791937d2eb89b0a5fef58a7f15e2499dbbfa289728a30cbf1fee00,f26419972a0f42b6b37dd814a29ad79ed37a3a5ae9debea48a23c5f46eb7ffe9,artifacts/application_evaluation/2026-07-13_chronaris-v2-sealed-confirmation-representations/representations/seed_43/mult/random_missing_00pct,False
43,contiformer,random_missing_00pct,completed,192,cee99c8c8bf4139a6ed66c9fd219071937e6db6ea5275ab4101a31ae559d8d2e,f4e8f0e05bb95c26725c0157764e5998662e911a3e74125f3d559366d43c9ce1,artifacts/application_evaluation/2026-07-13_chronaris-v2-sealed-confirmation-representations/representations/seed_43/contiformer/random_missing_00pct,False
43,chronaris,random_missing_00pct,completed,192,98ffcc1a3aad4b1e62a46cfe1d87bf0ee180df367065a265d7c9e05243d6a5c5,a1c447372628470973f4674ee3741127208b75fbd2c3ea739f172d0365a8f61a,artifacts/application_evaluation/2026-07-13_chronaris-v2-sealed-confirmation-representations/representations/seed_43/chronaris/random_missing_00pct,False
43,physiology_only,random_missing_10pct,completed,192,818b906cc6eeaaa9840da30e67162b3a5b28474866f76e61b9e3c0137fa5c8cb,5effbd656da9071e890280839c78f312145a57cd35fa8fef1aa076b97c70103b,artifacts/application_evaluation/2026-07-13_chronaris-v2-sealed-confirmation-representations/representations/seed_43/physiology_only/random_missing_10pct,False
43,vehicle_only,random_missing_10pct,completed,192,6b7b3cb8350ec24d37bd062d52369b06634c8fbf32d4c3164228ea50094a2824,b0d188b4b3076e9f34a1af40ae07bc8a8c0314077ff6f0ccdf7178f9f0437a6c,artifacts/application_evaluation/2026-07-13_chronaris-v2-sealed-confirmation-representations/representations/seed_43/vehicle_only/random_missing_10pct,False
43,naive_time_sync,random_missing_10pct,completed,192,a173a9a720a49e137ef963f46d8af5db63cd72bfefad9c568210d896b467cf92,e4c8e037f64a87de881d09f413a6a30173e4ae5b1e028f514e1249be2b67e49c,artifacts/application_evaluation/2026-07-13_chronaris-v2-sealed-confirmation-representations/representations/seed_43/naive_time_sync/random_missing_10pct,False
43,mult,random_missing_10pct,completed,192,6873e3c0ca791937d2eb89b0a5fef58a7f15e2499dbbfa289728a30cbf1fee00,ac8713182db1f15690596671778547b5a924e93a0eacc17264ef913ed52e8a6b,artifacts/application_evaluation/2026-07-13_chronaris-v2-sealed-confirmation-representations/representations/seed_43/mult/random_missing_10pct,False
43,contiformer,random_missing_10pct,completed,192,cee99c8c8bf4139a6ed66c9fd219071937e6db6ea5275ab4101a31ae559d8d2e,9a53f10d71513aab4cf7d19c0fd0bf17f0be7411e2ae0b3d93785d86b7a4ed78,artifacts/application_evaluation/2026-07-13_chronaris-v2-sealed-confirmation-representations/representations/seed_43/contiformer/random_missing_10pct,False
43,chronaris,random_missing_10pct,completed,192,98ffcc1a3aad4b1e62a46cfe1d87bf0ee180df367065a265d7c9e05243d6a5c5,4fb32cd9196a788db3adc9db77b3cb59ef430521f4c24f48f973dbbdfc4a59d6,artifacts/application_evaluation/2026-07-13_chronaris-v2-sealed-confirmation-representations/representations/seed_43/chronaris/random_missing_10pct,False
43,physiology_only,random_missing_30pct,completed,192,818b906cc6eeaaa9840da30e67162b3a5b28474866f76e61b9e3c0137fa5c8cb,1f8d2182f3370748f34856e18f95ee271be642feced0955e0427e5a02c2ddb6d,artifacts/application_evaluation/2026-07-13_chronaris-v2-sealed-confirmation-representations/representations/seed_43/physiology_only/random_missing_30pct,False
43,vehicle_only,random_missing_30pct,completed,192,6b7b3cb8350ec24d37bd062d52369b06634c8fbf32d4c3164228ea50094a2824,70641aedfff5db8882d45209689969c7ce81d720757453150d4f811733c92730,artifacts/application_evaluation/2026-07-13_chronaris-v2-sealed-confirmation-representations/representations/seed_43/vehicle_only/random_missing_30pct,False
43,naive_time_sync,random_missing_30pct,completed,192,a173a9a720a49e137ef963f46d8af5db63cd72bfefad9c568210d896b467cf92,a57377012c04c37360808e3651f0b70aa1dbc02fb53cbbdda2adba15d9a6f818,artifacts/application_evaluation/2026-07-13_chronaris-v2-sealed-confirmation-representations/representations/seed_43/naive_time_sync/random_missing_30pct,False
43,mult,random_missing_30pct,completed,192,6873e3c0ca791937d2eb89b0a5fef58a7f15e2499dbbfa289728a30cbf1fee00,72973a9e28b89bdc0dfbcae78fd6341cce4d6d0553811936764a46e50048247f,artifacts/application_evaluation/2026-07-13_chronaris-v2-sealed-confirmation-representations/representations/seed_43/mult/random_missing_30pct,False
43,contiformer,random_missing_30pct,completed,192,cee99c8c8bf4139a6ed66c9fd219071937e6db6ea5275ab4101a31ae559d8d2e,5e30d830a1df7f6596e5a0bcac22e7bdedb119c1f2eaa0b21e434b66ff1f14ce,artifacts/application_evaluation/2026-07-13_chronaris-v2-sealed-confirmation-representations/representations/seed_43/contiformer/random_missing_30pct,False
43,chronaris,random_missing_30pct,completed,192,98ffcc1a3aad4b1e62a46cfe1d87bf0ee180df367065a265d7c9e05243d6a5c5,3d6c65e074559788703a5f25408a0745975392a2eac59ddfdc3f681889232096,artifacts/application_evaluation/2026-07-13_chronaris-v2-sealed-confirmation-representations/representations/seed_43/chronaris/random_missing_30pct,False
43,physiology_only,random_missing_50pct,completed,192,818b906cc6eeaaa9840da30e67162b3a5b28474866f76e61b9e3c0137fa5c8cb,b586a31d2db7d7b844f12f769292828d88fb79c3054221d0ddcd51bd056ea385,artifacts/application_evaluation/2026-07-13_chronaris-v2-sealed-confirmation-representations/representations/seed_43/physiology_only/random_missing_50pct,False
43,vehicle_only,random_missing_50pct,completed,192,6b7b3cb8350ec24d37bd062d52369b06634c8fbf32d4c3164228ea50094a2824,a6506a5c438b2380d211a11a2d512af100ea6f8f5dcf8d8c09140820bba3a807,artifacts/application_evaluation/2026-07-13_chronaris-v2-sealed-confirmation-representations/representations/seed_43/vehicle_only/random_missing_50pct,False
43,naive_time_sync,random_missing_50pct,completed,192,a173a9a720a49e137ef963f46d8af5db63cd72bfefad9c568210d896b467cf92,b88aec46006c2f21fd59c7ad23e77e42cb364d29cff9c24444c128eec30fe790,artifacts/application_evaluation/2026-07-13_chronaris-v2-sealed-confirmation-representations/representations/seed_43/naive_time_sync/random_missing_50pct,False
43,mult,random_missing_50pct,completed,192,6873e3c0ca791937d2eb89b0a5fef58a7f15e2499dbbfa289728a30cbf1fee00,daa6cb45628e668e153a0d0d77629dd74fb5d09eae9290682a6797b72c47b51e,artifacts/application_evaluation/2026-07-13_chronaris-v2-sealed-confirmation-representations/representations/seed_43/mult/random_missing_50pct,False
43,contiformer,random_missing_50pct,completed,192,cee99c8c8bf4139a6ed66c9fd219071937e6db6ea5275ab4101a31ae559d8d2e,e9f62e82dffc0290d7417056467813360a5354ae59cfd5de5f401bb83f8c24cd,artifacts/application_evaluation/2026-07-13_chronaris-v2-sealed-confirmation-representations/representations/seed_43/contiformer/random_missing_50pct,False
43,chronaris,random_missing_50pct,completed,192,98ffcc1a3aad4b1e62a46cfe1d87bf0ee180df367065a265d7c9e05243d6a5c5,d2f305e209ba108bae07412c528d5376cda0b0c4217f45c4a7815a3505d3f857,artifacts/application_evaluation/2026-07-13_chronaris-v2-sealed-confirmation-representations/representations/seed_43/chronaris/random_missing_50pct,False
43,physiology_only,contiguous_gap_00s,completed,192,818b906cc6eeaaa9840da30e67162b3a5b28474866f76e61b9e3c0137fa5c8cb,bfb1be37dcb47da475d5fc930db427d33575fed85dd77e21da32081a1d04e415,artifacts/application_evaluation/2026-07-13_chronaris-v2-sealed-confirmation-representations/representations/seed_43/physiology_only/contiguous_gap_00s,False
43,vehicle_only,contiguous_gap_00s,completed,192,6b7b3cb8350ec24d37bd062d52369b06634c8fbf32d4c3164228ea50094a2824,ad3842553a0f02c60730b4a8ec917d2135e9b5f506ad24f20c35e95a437a07d6,artifacts/application_evaluation/2026-07-13_chronaris-v2-sealed-confirmation-representations/representations/seed_43/vehicle_only/contiguous_gap_00s,False
43,naive_time_sync,contiguous_gap_00s,completed,192,a173a9a720a49e137ef963f46d8af5db63cd72bfefad9c568210d896b467cf92,605d2c166a778cad7c05eb105c65a89f6582cf97067c9c3e7278a346c003e751,artifacts/application_evaluation/2026-07-13_chronaris-v2-sealed-confirmation-representations/representations/seed_43/naive_time_sync/contiguous_gap_00s,False
43,mult,contiguous_gap_00s,completed,192,6873e3c0ca791937d2eb89b0a5fef58a7f15e2499dbbfa289728a30cbf1fee00,e39212352fad42cf46d4ac8b43fe39b423506792fa48341f6f0ab6ba166c63dd,artifacts/application_evaluation/2026-07-13_chronaris-v2-sealed-confirmation-representations/representations/seed_43/mult/contiguous_gap_00s,False
43,contiformer,contiguous_gap_00s,completed,192,cee99c8c8bf4139a6ed66c9fd219071937e6db6ea5275ab4101a31ae559d8d2e,df3abdbcb14ad8f0bf0ded59cb1dbe7b4855f1208f9a8fc7f6b26dc99d08c934,artifacts/application_evaluation/2026-07-13_chronaris-v2-sealed-confirmation-representations/representations/seed_43/contiformer/contiguous_gap_00s,False
43,chronaris,contiguous_gap_00s,completed,192,98ffcc1a3aad4b1e62a46cfe1d87bf0ee180df367065a265d7c9e05243d6a5c5,9f89632eb8169c9ffa8c336673f0f011c85a7a05d1fa9f3b486a5d6842483cfe,artifacts/application_evaluation/2026-07-13_chronaris-v2-sealed-confirmation-representations/representations/seed_43/chronaris/contiguous_gap_00s,False
43,physiology_only,contiguous_gap_05s,completed,192,818b906cc6eeaaa9840da30e67162b3a5b28474866f76e61b9e3c0137fa5c8cb,972942a0ee1e1447cf2c18b1265e36c65703d155943208bfe329a411d7c28960,artifacts/application_evaluation/2026-07-13_chronaris-v2-sealed-confirmation-representations/representations/seed_43/physiology_only/contiguous_gap_05s,False
43,vehicle_only,contiguous_gap_05s,completed,192,6b7b3cb8350ec24d37bd062d52369b06634c8fbf32d4c3164228ea50094a2824,69378cfd71c92360391a2d1b5741b5c2acc3e46d4f285b628c3714e7c163ba26,artifacts/application_evaluation/2026-07-13_chronaris-v2-sealed-confirmation-representations/representations/seed_43/vehicle_only/contiguous_gap_05s,False
43,naive_time_sync,contiguous_gap_05s,completed,192,a173a9a720a49e137ef963f46d8af5db63cd72bfefad9c568210d896b467cf92,67e8678cb4bf5d1f9b83007836e84af0ebc291e6fc9bbb05291203d5d3280bb6,artifacts/application_evaluation/2026-07-13_chronaris-v2-sealed-confirmation-representations/representations/seed_43/naive_time_sync/contiguous_gap_05s,False
43,mult,contiguous_gap_05s,completed,192,6873e3c0ca791937d2eb89b0a5fef58a7f15e2499dbbfa289728a30cbf1fee00,2f466b44aaca57df619d45640da05c9acd862168c5751449f2242a23f18a8b30,artifacts/application_evaluation/2026-07-13_chronaris-v2-sealed-confirmation-representations/representations/seed_43/mult/contiguous_gap_05s,False
43,contiformer,contiguous_gap_05s,completed,192,cee99c8c8bf4139a6ed66c9fd219071937e6db6ea5275ab4101a31ae559d8d2e,a0eceea401e96169abb234b1999a7c1c5c251960ee38b2d4ac21c3e7960a3392,artifacts/application_evaluation/2026-07-13_chronaris-v2-sealed-confirmation-representations/representations/seed_43/contiformer/contiguous_gap_05s,False
43,chronaris,contiguous_gap_05s,completed,192,98ffcc1a3aad4b1e62a46cfe1d87bf0ee180df367065a265d7c9e05243d6a5c5,a3dad42cc6bf64ead326626fef66f5c8a047cf5e717b24e5995dd77b6bcf4d6e,artifacts/application_evaluation/2026-07-13_chronaris-v2-sealed-confirmation-representations/representations/seed_43/chronaris/contiguous_gap_05s,False
43,physiology_only,contiguous_gap_15s,completed,192,818b906cc6eeaaa9840da30e67162b3a5b28474866f76e61b9e3c0137fa5c8cb,1bcbcda1aa70a73c08056ec9a2a2b64f5a3d0d16782b9d17e7dfd297cc5dc0d6,artifacts/application_evaluation/2026-07-13_chronaris-v2-sealed-confirmation-representations/representations/seed_43/physiology_only/contiguous_gap_15s,False
43,vehicle_only,contiguous_gap_15s,completed,192,6b7b3cb8350ec24d37bd062d52369b06634c8fbf32d4c3164228ea50094a2824,a823dc4ebabeb9e41c56edf523447042fd2d6314eb06fc0ced7af9507e09dd27,artifacts/application_evaluation/2026-07-13_chronaris-v2-sealed-confirmation-representations/representations/seed_43/vehicle_only/contiguous_gap_15s,False
43,naive_time_sync,contiguous_gap_15s,completed,192,a173a9a720a49e137ef963f46d8af5db63cd72bfefad9c568210d896b467cf92,f41da30caa582b343b684c14a705717b2010b5cf8dc1f89fc6d2f4d430153dc9,artifacts/application_evaluation/2026-07-13_chronaris-v2-sealed-confirmation-representations/representations/seed_43/naive_time_sync/contiguous_gap_15s,False
43,mult,contiguous_gap_15s,completed,192,6873e3c0ca791937d2eb89b0a5fef58a7f15e2499dbbfa289728a30cbf1fee00,131c39ef21a5a34db4a327718936a0556b387a64d76b4b5b648392cae24ff0b5,artifacts/application_evaluation/2026-07-13_chronaris-v2-sealed-confirmation-representations/representations/seed_43/mult/contiguous_gap_15s,False
43,contiformer,contiguous_gap_15s,completed,192,cee99c8c8bf4139a6ed66c9fd219071937e6db6ea5275ab4101a31ae559d8d2e,2b1e2d1df91d8b02edca8e59814c5c8c4ed1e848c2d10d2819baf58eea31ad0e,artifacts/application_evaluation/2026-07-13_chronaris-v2-sealed-confirmation-representations/representations/seed_43/contiformer/contiguous_gap_15s,False
43,chronaris,contiguous_gap_15s,completed,192,98ffcc1a3aad4b1e62a46cfe1d87bf0ee180df367065a265d7c9e05243d6a5c5,5d7f5259a15f95dccd82ca5cc8540f115097e427755ea501465313323f6acadc,artifacts/application_evaluation/2026-07-13_chronaris-v2-sealed-confirmation-representations/representations/seed_43/chronaris/contiguous_gap_15s,False
43,physiology_only,contiguous_gap_30s,completed,192,818b906cc6eeaaa9840da30e67162b3a5b28474866f76e61b9e3c0137fa5c8cb,f75b82da11b2246601b8015242d2aac0301d176dc729d4fb5914da578c9b68e8,artifacts/application_evaluation/2026-07-13_chronaris-v2-sealed-confirmation-representations/representations/seed_43/physiology_only/contiguous_gap_30s,False
43,vehicle_only,contiguous_gap_30s,completed,192,6b7b3cb8350ec24d37bd062d52369b06634c8fbf32d4c3164228ea50094a2824,2a69330bfe5b148d985044512a40599aead7641864b7f54a0164bcc4bd9b72ad,artifacts/application_evaluation/2026-07-13_chronaris-v2-sealed-confirmation-representations/representations/seed_43/vehicle_only/contiguous_gap_30s,False
43,naive_time_sync,contiguous_gap_30s,completed,192,a173a9a720a49e137ef963f46d8af5db63cd72bfefad9c568210d896b467cf92,0fb3c4a218c7e7e15810e70ea624decb8fc636b9c667f9f396ac5021920dfb06,artifacts/application_evaluation/2026-07-13_chronaris-v2-sealed-confirmation-representations/representations/seed_43/naive_time_sync/contiguous_gap_30s,False
43,mult,contiguous_gap_30s,completed,192,6873e3c0ca791937d2eb89b0a5fef58a7f15e2499dbbfa289728a30cbf1fee00,8d5bda75a32064cfd054878cfcb665c6e9e9488ceecb371af029c0c6572cd66f,artifacts/application_evaluation/2026-07-13_chronaris-v2-sealed-confirmation-representations/representations/seed_43/mult/contiguous_gap_30s,False
43,contiformer,contiguous_gap_30s,completed,192,cee99c8c8bf4139a6ed66c9fd219071937e6db6ea5275ab4101a31ae559d8d2e,1ddae26d511c15488f4bedb933168133a836d30acc260a3953ab3178afe76f21,artifacts/application_evaluation/2026-07-13_chronaris-v2-sealed-confirmation-representations/representations/seed_43/contiformer/contiguous_gap_30s,False
43,chronaris,contiguous_gap_30s,completed,192,98ffcc1a3aad4b1e62a46cfe1d87bf0ee180df367065a265d7c9e05243d6a5c5,e8bfd7a8c9b848bb867e60afd2c4adbedf9e190fe0128e11d6389e0f32ba8950,artifacts/application_evaluation/2026-07-13_chronaris-v2-sealed-confirmation-representations/representations/seed_43/chronaris/contiguous_gap_30s,False
43,physiology_only,physiology_lag_02s,completed,192,818b906cc6eeaaa9840da30e67162b3a5b28474866f76e61b9e3c0137fa5c8cb,d4c5a02c3d21b915ff5fd230d6d220842ef87c9efb9e8719a63d01871931039d,artifacts/application_evaluation/2026-07-13_chronaris-v2-sealed-confirmation-representations/representations/seed_43/physiology_only/physiology_lag_02s,False
43,vehicle_only,physiology_lag_02s,completed,192,6b7b3cb8350ec24d37bd062d52369b06634c8fbf32d4c3164228ea50094a2824,a43c69f8b466da43b4f013274888ee4be283a9d9c640e2ff14ff2ec5116d8175,artifacts/application_evaluation/2026-07-13_chronaris-v2-sealed-confirmation-representations/representations/seed_43/vehicle_only/physiology_lag_02s,False
43,naive_time_sync,physiology_lag_02s,completed,192,a173a9a720a49e137ef963f46d8af5db63cd72bfefad9c568210d896b467cf92,4169e094692b5f6daf9b255a71c46be288623b6e2eb6f515fa9d2e5f2c2d29d8,artifacts/application_evaluation/2026-07-13_chronaris-v2-sealed-confirmation-representations/representations/seed_43/naive_time_sync/physiology_lag_02s,False
43,mult,physiology_lag_02s,completed,192,6873e3c0ca791937d2eb89b0a5fef58a7f15e2499dbbfa289728a30cbf1fee00,267221a5c8bc08295a6809896fd752c14ef209d7bf9276cbfef3727a4de89034,artifacts/application_evaluation/2026-07-13_chronaris-v2-sealed-confirmation-representations/representations/seed_43/mult/physiology_lag_02s,False
43,contiformer,physiology_lag_02s,completed,192,cee99c8c8bf4139a6ed66c9fd219071937e6db6ea5275ab4101a31ae559d8d2e,16ffc57eeae31b2b8ebb32002ffbfb95167343501b4ee75b995a967f161ad090,artifacts/application_evaluation/2026-07-13_chronaris-v2-sealed-confirmation-representations/representations/seed_43/contiformer/physiology_lag_02s,False
43,chronaris,physiology_lag_02s,completed,192,98ffcc1a3aad4b1e62a46cfe1d87bf0ee180df367065a265d7c9e05243d6a5c5,329ca422165cec516add7b431a2991bf13184d43f86f940bf3ccc88b85c0654d,artifacts/application_evaluation/2026-07-13_chronaris-v2-sealed-confirmation-representations/representations/seed_43/chronaris/physiology_lag_02s,False
43,physiology_only,physiology_lag_05s,completed,192,818b906cc6eeaaa9840da30e67162b3a5b28474866f76e61b9e3c0137fa5c8cb,67a2eb1ce97496412f80a4c13069b79b1af1f82db8185e3ecd6d78f49b9c65e9,artifacts/application_evaluation/2026-07-13_chronaris-v2-sealed-confirmation-representations/representations/seed_43/physiology_only/physiology_lag_05s,False
43,vehicle_only,physiology_lag_05s,completed,192,6b7b3cb8350ec24d37bd062d52369b06634c8fbf32d4c3164228ea50094a2824,e3ef25876cd0de240f7d9ae49b287c03683e5609ad3286d79de88607d007e21c,artifacts/application_evaluation/2026-07-13_chronaris-v2-sealed-confirmation-representations/representations/seed_43/vehicle_only/physiology_lag_05s,False
43,naive_time_sync,physiology_lag_05s,completed,192,a173a9a720a49e137ef963f46d8af5db63cd72bfefad9c568210d896b467cf92,3cb18a83645875c9af1f51195dfa71b7a51f3be3e98122662ea6ca1d07592ced,artifacts/application_evaluation/2026-07-13_chronaris-v2-sealed-confirmation-representations/representations/seed_43/naive_time_sync/physiology_lag_05s,False
43,mult,physiology_lag_05s,completed,192,6873e3c0ca791937d2eb89b0a5fef58a7f15e2499dbbfa289728a30cbf1fee00,156a7dadca096a35eb3bbcf584d9a6844a5ad9a728bda742e458adc9ceb504d3,artifacts/application_evaluation/2026-07-13_chronaris-v2-sealed-confirmation-representations/representations/seed_43/mult/physiology_lag_05s,False
43,contiformer,physiology_lag_05s,completed,192,cee99c8c8bf4139a6ed66c9fd219071937e6db6ea5275ab4101a31ae559d8d2e,181132db560d7b9299e600f8f632789b630bd8cd6e4832470837d52930df4563,artifacts/application_evaluation/2026-07-13_chronaris-v2-sealed-confirmation-representations/representations/seed_43/contiformer/physiology_lag_05s,False
43,chronaris,physiology_lag_05s,completed,192,98ffcc1a3aad4b1e62a46cfe1d87bf0ee180df367065a265d7c9e05243d6a5c5,74ba267f5f7bf9446d1337069afc76e1331929e2c50fd79b1c0d77ee282c71ed,artifacts/application_evaluation/2026-07-13_chronaris-v2-sealed-confirmation-representations/representations/seed_43/chronaris/physiology_lag_05s,False
43,physiology_only,physiology_lag_15s,completed,192,818b906cc6eeaaa9840da30e67162b3a5b28474866f76e61b9e3c0137fa5c8cb,ef3b785f93e713f225764aa1a2f0176b4b23ac506c40ca537e90b60efba611da,artifacts/application_evaluation/2026-07-13_chronaris-v2-sealed-confirmation-representations/representations/seed_43/physiology_only/physiology_lag_15s,False
43,vehicle_only,physiology_lag_15s,completed,192,6b7b3cb8350ec24d37bd062d52369b06634c8fbf32d4c3164228ea50094a2824,abbc72bf17100a45b9012530cf9ab81e156690d8af969ebca99c0d8f1b1eb5d7,artifacts/application_evaluation/2026-07-13_chronaris-v2-sealed-confirmation-representations/representations/seed_43/vehicle_only/physiology_lag_15s,False
43,naive_time_sync,physiology_lag_15s,completed,192,a173a9a720a49e137ef963f46d8af5db63cd72bfefad9c568210d896b467cf92,5779b30ca860e54993efd9b1002e819a6687a64eac93cd934230559d812a6993,artifacts/application_evaluation/2026-07-13_chronaris-v2-sealed-confirmation-representations/representations/seed_43/naive_time_sync/physiology_lag_15s,False
43,mult,physiology_lag_15s,completed,192,6873e3c0ca791937d2eb89b0a5fef58a7f15e2499dbbfa289728a30cbf1fee00,b7ad73aed45e0b06ae64783b0dfad8c8aa352682b5c6877d16d1e2e3730b0196,artifacts/application_evaluation/2026-07-13_chronaris-v2-sealed-confirmation-representations/representations/seed_43/mult/physiology_lag_15s,False
43,contiformer,physiology_lag_15s,completed,192,cee99c8c8bf4139a6ed66c9fd219071937e6db6ea5275ab4101a31ae559d8d2e,8af201f3f39faa4b7cf048e4692a8b021720845191da3d1e6cacac2aa48a568a,artifacts/application_evaluation/2026-07-13_chronaris-v2-sealed-confirmation-representations/representations/seed_43/contiformer/physiology_lag_15s,False
43,chronaris,physiology_lag_15s,completed,192,98ffcc1a3aad4b1e62a46cfe1d87bf0ee180df367065a265d7c9e05243d6a5c5,053c75f0f9b2e4874d749da9408df0d1414553fe29c600b445e91f8de60d3520,artifacts/application_evaluation/2026-07-13_chronaris-v2-sealed-confirmation-representations/representations/seed_43/chronaris/physiology_lag_15s,False
43,physiology_only,physiology_lag_30s,completed,192,818b906cc6eeaaa9840da30e67162b3a5b28474866f76e61b9e3c0137fa5c8cb,ae5146a39141a235a71b507e530d4452fade7d89238fb6b503c9de523e691cc1,artifacts/application_evaluation/2026-07-13_chronaris-v2-sealed-confirmation-representations/representations/seed_43/physiology_only/physiology_lag_30s,False
43,vehicle_only,physiology_lag_30s,completed,192,6b7b3cb8350ec24d37bd062d52369b06634c8fbf32d4c3164228ea50094a2824,a1b7051f90cdd6291a8f9c2b2eacb51d95a7284eccf9af0574ceab254dd0c7b1,artifacts/application_evaluation/2026-07-13_chronaris-v2-sealed-confirmation-representations/representations/seed_43/vehicle_only/physiology_lag_30s,False
43,naive_time_sync,physiology_lag_30s,completed,192,a173a9a720a49e137ef963f46d8af5db63cd72bfefad9c568210d896b467cf92,1a1b1aef50896afe757a62478601d073bf7d01bf96d03b461a1d7b1a5ebb1e03,artifacts/application_evaluation/2026-07-13_chronaris-v2-sealed-confirmation-representations/representations/seed_43/naive_time_sync/physiology_lag_30s,False
43,mult,physiology_lag_30s,completed,192,6873e3c0ca791937d2eb89b0a5fef58a7f15e2499dbbfa289728a30cbf1fee00,65cb9c3975c532bc6e613b146f1f366d99af17dc5ca94077b303cbfbd67679bc,artifacts/application_evaluation/2026-07-13_chronaris-v2-sealed-confirmation-representations/representations/seed_43/mult/physiology_lag_30s,False
43,contiformer,physiology_lag_30s,completed,192,cee99c8c8bf4139a6ed66c9fd219071937e6db6ea5275ab4101a31ae559d8d2e,890039e88bee4987d4488783bdd235dfa2d8b7cef0a35bbe92b93ec08ad4f87b,artifacts/application_evaluation/2026-07-13_chronaris-v2-sealed-confirmation-representations/representations/seed_43/contiformer/physiology_lag_30s,False
43,chronaris,physiology_lag_30s,completed,192,98ffcc1a3aad4b1e62a46cfe1d87bf0ee180df367065a265d7c9e05243d6a5c5,a72a6d48ae257366a1998f66c3382c2548bc564e22d8b7625b0245b12b961bf1,artifacts/application_evaluation/2026-07-13_chronaris-v2-sealed-confirmation-representations/representations/seed_43/chronaris/physiology_lag_30s,False
43,physiology_only,observation_snr_30db,completed,192,818b906cc6eeaaa9840da30e67162b3a5b28474866f76e61b9e3c0137fa5c8cb,269d7d47ecde7532fc925176a4c0034177c7a3cb647efc8f7ab5c1ba3832de2a,artifacts/application_evaluation/2026-07-13_chronaris-v2-sealed-confirmation-representations/representations/seed_43/physiology_only/observation_snr_30db,False
43,vehicle_only,observation_snr_30db,completed,192,6b7b3cb8350ec24d37bd062d52369b06634c8fbf32d4c3164228ea50094a2824,5aae2f2f1fbf7140fecfe9259e0ef9522c8c8387f78c27c4e03fc3874f1794ef,artifacts/application_evaluation/2026-07-13_chronaris-v2-sealed-confirmation-representations/representations/seed_43/vehicle_only/observation_snr_30db,False
43,naive_time_sync,observation_snr_30db,completed,192,a173a9a720a49e137ef963f46d8af5db63cd72bfefad9c568210d896b467cf92,2065ed32c183143f651116c00b201f75182edbf22cd6456e95f1f6811ccd61dc,artifacts/application_evaluation/2026-07-13_chronaris-v2-sealed-confirmation-representations/representations/seed_43/naive_time_sync/observation_snr_30db,False
43,mult,observation_snr_30db,completed,192,6873e3c0ca791937d2eb89b0a5fef58a7f15e2499dbbfa289728a30cbf1fee00,ce947281480d33a70d0d1d8f5c37c41041ec4f6c288564c864392b59424f2451,artifacts/application_evaluation/2026-07-13_chronaris-v2-sealed-confirmation-representations/representations/seed_43/mult/observation_snr_30db,False
43,contiformer,observation_snr_30db,completed,192,cee99c8c8bf4139a6ed66c9fd219071937e6db6ea5275ab4101a31ae559d8d2e,44582b7f5dfad776e83d9df09c83ecf6ee6e7d6516f0b81fbbef523bb3cb5450,artifacts/application_evaluation/2026-07-13_chronaris-v2-sealed-confirmation-representations/representations/seed_43/contiformer/observation_snr_30db,False
43,chronaris,observation_snr_30db,completed,192,98ffcc1a3aad4b1e62a46cfe1d87bf0ee180df367065a265d7c9e05243d6a5c5,e963be0f31c7cba1cf9fad90caca0ee579bab9974c4308b53346538714c5d6d3,artifacts/application_evaluation/2026-07-13_chronaris-v2-sealed-confirmation-representations/representations/seed_43/chronaris/observation_snr_30db,False
43,physiology_only,observation_snr_20db,completed,192,818b906cc6eeaaa9840da30e67162b3a5b28474866f76e61b9e3c0137fa5c8cb,8360c493ff36599e99232f1e657a5dc43672cdd853bd4c37a02876983845302c,artifacts/application_evaluation/2026-07-13_chronaris-v2-sealed-confirmation-representations/representations/seed_43/physiology_only/observation_snr_20db,False
43,vehicle_only,observation_snr_20db,completed,192,6b7b3cb8350ec24d37bd062d52369b06634c8fbf32d4c3164228ea50094a2824,95d126a1d85a38b11a73f63314d4d6ab49dd2eb533206de20167193aed8bad93,artifacts/application_evaluation/2026-07-13_chronaris-v2-sealed-confirmation-representations/representations/seed_43/vehicle_only/observation_snr_20db,False
43,naive_time_sync,observation_snr_20db,completed,192,a173a9a720a49e137ef963f46d8af5db63cd72bfefad9c568210d896b467cf92,8304b47432c13949c31b7888ddf0d07de3e5e38cdf70612257cdcb969b47713d,artifacts/application_evaluation/2026-07-13_chronaris-v2-sealed-confirmation-representations/representations/seed_43/naive_time_sync/observation_snr_20db,False
43,mult,observation_snr_20db,completed,192,6873e3c0ca791937d2eb89b0a5fef58a7f15e2499dbbfa289728a30cbf1fee00,f65dc037ebd641b0b9437f984480476824be23f543bc2cc38b486f0959de5ede,artifacts/application_evaluation/2026-07-13_chronaris-v2-sealed-confirmation-representations/representations/seed_43/mult/observation_snr_20db,False
43,contiformer,observation_snr_20db,completed,192,cee99c8c8bf4139a6ed66c9fd219071937e6db6ea5275ab4101a31ae559d8d2e,f3a63f02ebe4153129aebd44c352413d62e4d78e904bccecbe09964eae8f0c19,artifacts/application_evaluation/2026-07-13_chronaris-v2-sealed-confirmation-representations/representations/seed_43/contiformer/observation_snr_20db,False
43,chronaris,observation_snr_20db,completed,192,98ffcc1a3aad4b1e62a46cfe1d87bf0ee180df367065a265d7c9e05243d6a5c5,f8887e70354f41babc6d3d5acef38f9ad46af1ca10f39a22cc14b1b10256554e,artifacts/application_evaluation/2026-07-13_chronaris-v2-sealed-confirmation-representations/representations/seed_43/chronaris/observation_snr_20db,False
43,physiology_only,observation_snr_10db,completed,192,818b906cc6eeaaa9840da30e67162b3a5b28474866f76e61b9e3c0137fa5c8cb,4204f55dc977e2afecd780a31cbf5f7866da88d08bd762d29434f3dea8f8e708,artifacts/application_evaluation/2026-07-13_chronaris-v2-sealed-confirmation-representations/representations/seed_43/physiology_only/observation_snr_10db,False
43,vehicle_only,observation_snr_10db,completed,192,6b7b3cb8350ec24d37bd062d52369b06634c8fbf32d4c3164228ea50094a2824,1f1de52252f188549d6235c6fb9405c0810ec8d7cd9620c1f0beb5ed0a013ea9,artifacts/application_evaluation/2026-07-13_chronaris-v2-sealed-confirmation-representations/representations/seed_43/vehicle_only/observation_snr_10db,False
43,naive_time_sync,observation_snr_10db,completed,192,a173a9a720a49e137ef963f46d8af5db63cd72bfefad9c568210d896b467cf92,4b06c67fa3b2b0de93f09a8381166abd181ca128ea3aac0bc4f301b170346318,artifacts/application_evaluation/2026-07-13_chronaris-v2-sealed-confirmation-representations/representations/seed_43/naive_time_sync/observation_snr_10db,False
43,mult,observation_snr_10db,completed,192,6873e3c0ca791937d2eb89b0a5fef58a7f15e2499dbbfa289728a30cbf1fee00,7d74b800203e41d4f6b6b4dfd2ec449cce5c4e5e0fdd03ddfcbc0f048b60f19b,artifacts/application_evaluation/2026-07-13_chronaris-v2-sealed-confirmation-representations/representations/seed_43/mult/observation_snr_10db,False
43,contiformer,observation_snr_10db,completed,192,cee99c8c8bf4139a6ed66c9fd219071937e6db6ea5275ab4101a31ae559d8d2e,8a122bc9559784e2d8f13bf8fa8a084f1b7f649193e8e84b082a8cf088fbbf36,artifacts/application_evaluation/2026-07-13_chronaris-v2-sealed-confirmation-representations/representations/seed_43/contiformer/observation_snr_10db,False
43,chronaris,observation_snr_10db,completed,192,98ffcc1a3aad4b1e62a46cfe1d87bf0ee180df367065a265d7c9e05243d6a5c5,9856c45e2ecbcfd16aa810289059de6dd68d5ccfd38efe88d08a34b61cffbc14,artifacts/application_evaluation/2026-07-13_chronaris-v2-sealed-confirmation-representations/representations/seed_43/chronaris/observation_snr_10db,False
43,physiology_only,observation_snr_05db,completed,192,818b906cc6eeaaa9840da30e67162b3a5b28474866f76e61b9e3c0137fa5c8cb,510b0d18d2f6b401ef534f50eaae012d589b598c29233c18c864806382af3f6b,artifacts/application_evaluation/2026-07-13_chronaris-v2-sealed-confirmation-representations/representations/seed_43/physiology_only/observation_snr_05db,False
43,vehicle_only,observation_snr_05db,completed,192,6b7b3cb8350ec24d37bd062d52369b06634c8fbf32d4c3164228ea50094a2824,c48e5a8b6ef379b722a382f37f75916b75a98dec055d2f319574bd4c35320487,artifacts/application_evaluation/2026-07-13_chronaris-v2-sealed-confirmation-representations/representations/seed_43/vehicle_only/observation_snr_05db,False
43,naive_time_sync,observation_snr_05db,completed,192,a173a9a720a49e137ef963f46d8af5db63cd72bfefad9c568210d896b467cf92,9712f46d1eac0e0dd8dbe9eb2f70de2d02ae6ef39531f3c9194f7b48a7ae6f2d,artifacts/application_evaluation/2026-07-13_chronaris-v2-sealed-confirmation-representations/representations/seed_43/naive_time_sync/observation_snr_05db,False
43,mult,observation_snr_05db,completed,192,6873e3c0ca791937d2eb89b0a5fef58a7f15e2499dbbfa289728a30cbf1fee00,fbd3ac939d13b17d1574e6ec16f9566edef331bca27a918b4c39fd1298418b47,artifacts/application_evaluation/2026-07-13_chronaris-v2-sealed-confirmation-representations/representations/seed_43/mult/observation_snr_05db,False
43,contiformer,observation_snr_05db,completed,192,cee99c8c8bf4139a6ed66c9fd219071937e6db6ea5275ab4101a31ae559d8d2e,c102797a205e007ff4368fdf8404ce13bdddf33f9663e8403f4f38c610d2fdc1,artifacts/application_evaluation/2026-07-13_chronaris-v2-sealed-confirmation-representations/representations/seed_43/contiformer/observation_snr_05db,False
43,chronaris,observation_snr_05db,completed,192,98ffcc1a3aad4b1e62a46cfe1d87bf0ee180df367065a265d7c9e05243d6a5c5,3464a324010ecef26c59fddae5567957a1b739ddf602b6c48020be0cf7ac42bb,artifacts/application_evaluation/2026-07-13_chronaris-v2-sealed-confirmation-representations/representations/seed_43/chronaris/observation_snr_05db,False
43,physiology_only,mixed_severe,completed,192,818b906cc6eeaaa9840da30e67162b3a5b28474866f76e61b9e3c0137fa5c8cb,617c0f3a2cd8796519f944d2e825e560c94ae514f21846facc6cd353b44713ba,artifacts/application_evaluation/2026-07-13_chronaris-v2-sealed-confirmation-representations/representations/seed_43/physiology_only/mixed_severe,False
43,vehicle_only,mixed_severe,completed,192,6b7b3cb8350ec24d37bd062d52369b06634c8fbf32d4c3164228ea50094a2824,cb53c47e9cec0c0cc0af45e56138c23e2c1cad522be46f169ffd47c5687b6442,artifacts/application_evaluation/2026-07-13_chronaris-v2-sealed-confirmation-representations/representations/seed_43/vehicle_only/mixed_severe,False
43,naive_time_sync,mixed_severe,completed,192,a173a9a720a49e137ef963f46d8af5db63cd72bfefad9c568210d896b467cf92,1e559a8b70673f94cd75cd0a94cb807b7d22fda349d395c07339920fe66badbc,artifacts/application_evaluation/2026-07-13_chronaris-v2-sealed-confirmation-representations/representations/seed_43/naive_time_sync/mixed_severe,False
43,mult,mixed_severe,completed,192,6873e3c0ca791937d2eb89b0a5fef58a7f15e2499dbbfa289728a30cbf1fee00,79b79a44670fd62130b6b111f9e69bdf54e21b8aff4b7fd6a224caec6a5e5fca,artifacts/application_evaluation/2026-07-13_chronaris-v2-sealed-confirmation-representations/representations/seed_43/mult/mixed_severe,False
43,contiformer,mixed_severe,completed,192,cee99c8c8bf4139a6ed66c9fd219071937e6db6ea5275ab4101a31ae559d8d2e,cf9a855992056e797b298585a3cc362868bfa85930c8e1530a2dca11ba359247,artifacts/application_evaluation/2026-07-13_chronaris-v2-sealed-confirmation-representations/representations/seed_43/contiformer/mixed_severe,False
43,chronaris,mixed_severe,completed,192,98ffcc1a3aad4b1e62a46cfe1d87bf0ee180df367065a265d7c9e05243d6a5c5,76fb63c26ccdaf164986d76ee7c6967950c61dec2797a3639462643a6c2113d0,artifacts/application_evaluation/2026-07-13_chronaris-v2-sealed-confirmation-representations/representations/seed_43/chronaris/mixed_severe,False
