split_id,outer_pool_id,main_selection,method,task,context_id,actual,prediction,outer_test_opened
leave_one_view_out__fold01__candidate_339,leave_one_view_out__fold01,True,physiology_only,future_maneuver_score,20251002_单01_ACT-8_翼云_J16_12#01__pilot_10035::context_end_0027,2.309699134735503,-2.808898943899193,False
leave_one_view_out__fold01__candidate_339,leave_one_view_out__fold01,True,physiology_only,future_maneuver_score,20251002_单01_ACT-8_翼云_J16_12#01__pilot_10035::context_end_0028,3.9745794994060035,-3.0750313250293226,False
leave_one_view_out__fold01__candidate_339,leave_one_view_out__fold01,True,physiology_only,future_maneuver_score,20251002_单01_ACT-8_翼云_J16_12#01__pilot_10035::context_end_0029,2.8383964611808703,-3.816454219602327,False
leave_one_view_out__fold01__candidate_339,leave_one_view_out__fold01,True,physiology_only,future_maneuver_score,20251002_单01_ACT-8_翼云_J16_12#01__pilot_10035::context_end_0030,1.9063843536221619,-4.098634331280272,False
leave_one_view_out__fold01__candidate_339,leave_one_view_out__fold01,True,physiology_only,future_maneuver_score,20251002_单01_ACT-8_翼云_J16_12#01__pilot_10035::context_end_0031,1.0370174431737584,-5.924765050958681,False
leave_one_view_out__fold01__candidate_339,leave_one_view_out__fold01,True,physiology_only,future_maneuver_score,20251002_单01_ACT-8_翼云_J16_12#01__pilot_10035::context_end_0032,1.2606256148107866,-8.793851121920016,False
leave_one_view_out__fold01__candidate_339,leave_one_view_out__fold01,True,physiology_only,future_maneuver_score,20251005_四01_ACT-4_云_J20_22#01__pilot_10033::context_end_0005,0.09274556023623987,8.90725327435393,False
leave_one_view_out__fold01__candidate_339,leave_one_view_out__fold01,True,physiology_only,future_maneuver_score,20251005_四01_ACT-4_云_J20_22#01__pilot_10033::context_end_0006,0.2876807167742949,7.488672997518072,False
leave_one_view_out__fold01__candidate_339,leave_one_view_out__fold01,True,physiology_only,future_maneuver_score,20251005_四01_ACT-4_云_J20_22#01__pilot_10033::context_end_0007,0.30550802486893264,6.022172843634166,False
leave_one_view_out__fold01__candidate_339,leave_one_view_out__fold01,True,physiology_only,future_maneuver_score,20251005_四01_ACT-4_云_J20_22#01__pilot_10033::context_end_0008,0.9724974900630917,6.535246466679513,False
leave_one_view_out__fold01__candidate_339,leave_one_view_out__fold01,True,physiology_only,future_maneuver_score,20251005_四01_ACT-4_云_J20_22#01__pilot_10033::context_end_0009,0.34865558551917303,5.958044554432089,False
leave_one_view_out__fold01__candidate_339,leave_one_view_out__fold01,True,physiology_only,future_maneuver_score,20251005_四01_ACT-4_云_J20_22#01__pilot_10033::context_end_0010,0.446166765777712,4.995896471727685,False
leave_one_view_out__fold01__candidate_339,leave_one_view_out__fold01,True,physiology_only,future_maneuver_trend,20251002_单01_ACT-8_翼云_J16_12#01__pilot_10035::context_end_0027,2.0,1.0,False
leave_one_view_out__fold01__candidate_339,leave_one_view_out__fold01,True,physiology_only,future_maneuver_trend,20251002_单01_ACT-8_翼云_J16_12#01__pilot_10035::context_end_0028,2.0,1.0,False
leave_one_view_out__fold01__candidate_339,leave_one_view_out__fold01,True,physiology_only,future_maneuver_trend,20251002_单01_ACT-8_翼云_J16_12#01__pilot_10035::context_end_0029,0.0,1.0,False
leave_one_view_out__fold01__candidate_339,leave_one_view_out__fold01,True,physiology_only,future_maneuver_trend,20251002_单01_ACT-8_翼云_J16_12#01__pilot_10035::context_end_0030,0.0,2.0,False
leave_one_view_out__fold01__candidate_339,leave_one_view_out__fold01,True,physiology_only,future_maneuver_trend,20251002_单01_ACT-8_翼云_J16_12#01__pilot_10035::context_end_0031,0.0,2.0,False
leave_one_view_out__fold01__candidate_339,leave_one_view_out__fold01,True,physiology_only,future_maneuver_trend,20251002_单01_ACT-8_翼云_J16_12#01__pilot_10035::context_end_0032,2.0,0.0,False
leave_one_view_out__fold01__candidate_339,leave_one_view_out__fold01,True,physiology_only,future_maneuver_trend,20251005_四01_ACT-4_云_J20_22#01__pilot_10033::context_end_0005,1.0,2.0,False
leave_one_view_out__fold01__candidate_339,leave_one_view_out__fold01,True,physiology_only,future_maneuver_trend,20251005_四01_ACT-4_云_J20_22#01__pilot_10033::context_end_0006,1.0,2.0,False
leave_one_view_out__fold01__candidate_339,leave_one_view_out__fold01,True,physiology_only,future_maneuver_trend,20251005_四01_ACT-4_云_J20_22#01__pilot_10033::context_end_0007,1.0,2.0,False
leave_one_view_out__fold01__candidate_339,leave_one_view_out__fold01,True,physiology_only,future_maneuver_trend,20251005_四01_ACT-4_云_J20_22#01__pilot_10033::context_end_0008,2.0,2.0,False
leave_one_view_out__fold01__candidate_339,leave_one_view_out__fold01,True,physiology_only,future_maneuver_trend,20251005_四01_ACT-4_云_J20_22#01__pilot_10033::context_end_0009,0.0,2.0,False
leave_one_view_out__fold01__candidate_339,leave_one_view_out__fold01,True,physiology_only,future_maneuver_trend,20251005_四01_ACT-4_云_J20_22#01__pilot_10033::context_end_0010,1.0,2.0,False
leave_one_view_out__fold01__candidate_339,leave_one_view_out__fold01,True,physiology_only,physiology_residual,20251002_单01_ACT-8_翼云_J16_12#01__pilot_10035::context_end_0027,0.17461582819834892,0.9633029420735411,False
leave_one_view_out__fold01__candidate_339,leave_one_view_out__fold01,True,physiology_only,physiology_residual,20251002_单01_ACT-8_翼云_J16_12#01__pilot_10035::context_end_0028,0.2138699807822021,0.29002910830604356,False
leave_one_view_out__fold01__candidate_339,leave_one_view_out__fold01,True,physiology_only,physiology_residual,20251002_单01_ACT-8_翼云_J16_12#01__pilot_10035::context_end_0029,0.34876616861250354,0.2575916924886922,False
leave_one_view_out__fold01__candidate_339,leave_one_view_out__fold01,True,physiology_only,physiology_residual,20251002_单01_ACT-8_翼云_J16_12#01__pilot_10035::context_end_0030,0.21941048902214738,0.7833752434780008,False
leave_one_view_out__fold01__candidate_339,leave_one_view_out__fold01,True,physiology_only,physiology_residual,20251002_单01_ACT-8_翼云_J16_12#01__pilot_10035::context_end_0031,0.37347979595114833,1.0307363867037331,False
leave_one_view_out__fold01__candidate_339,leave_one_view_out__fold01,True,physiology_only,physiology_residual,20251002_单01_ACT-8_翼云_J16_12#01__pilot_10035::context_end_0032,0.22369468497632097,1.4889795658872145,False
leave_one_view_out__fold01__candidate_339,leave_one_view_out__fold01,True,physiology_only,physiology_residual,20251005_四01_ACT-4_云_J20_22#01__pilot_10033::context_end_0005,1.425029048510407,-2.8103542295390307,False
leave_one_view_out__fold01__candidate_339,leave_one_view_out__fold01,True,physiology_only,physiology_residual,20251005_四01_ACT-4_云_J20_22#01__pilot_10033::context_end_0006,0.909721975698907,-1.0802552907400587,False
leave_one_view_out__fold01__candidate_339,leave_one_view_out__fold01,True,physiology_only,physiology_residual,20251005_四01_ACT-4_云_J20_22#01__pilot_10033::context_end_0007,0.5348438109629658,0.5906006439943494,False
leave_one_view_out__fold01__candidate_339,leave_one_view_out__fold01,True,physiology_only,physiology_residual,20251005_四01_ACT-4_云_J20_22#01__pilot_10033::context_end_0008,1.2125027893813929,1.7201748056145878,False
leave_one_view_out__fold01__candidate_339,leave_one_view_out__fold01,True,physiology_only,physiology_residual,20251005_四01_ACT-4_云_J20_22#01__pilot_10033::context_end_0009,0.8685779276924587,1.7673566319903704,False
leave_one_view_out__fold01__candidate_339,leave_one_view_out__fold01,True,physiology_only,physiology_residual,20251005_四01_ACT-4_云_J20_22#01__pilot_10033::context_end_0010,1.2113326172343422,1.659871846161958,False
leave_one_view_out__fold01__candidate_339,leave_one_view_out__fold01,True,physiology_only,high_residual_response,20251002_单01_ACT-8_翼云_J16_12#01__pilot_10035::context_end_0027,0.0,0.0012425876358393916,False
leave_one_view_out__fold01__candidate_339,leave_one_view_out__fold01,True,physiology_only,high_residual_response,20251002_单01_ACT-8_翼云_J16_12#01__pilot_10035::context_end_0028,0.0,2.4893907988048207e-05,False
leave_one_view_out__fold01__candidate_339,leave_one_view_out__fold01,True,physiology_only,high_residual_response,20251002_单01_ACT-8_翼云_J16_12#01__pilot_10035::context_end_0029,0.0,1.4762611482945153e-06,False
leave_one_view_out__fold01__candidate_339,leave_one_view_out__fold01,True,physiology_only,high_residual_response,20251002_单01_ACT-8_翼云_J16_12#01__pilot_10035::context_end_0030,0.0,1.6503874144474387e-05,False
leave_one_view_out__fold01__candidate_339,leave_one_view_out__fold01,True,physiology_only,high_residual_response,20251002_单01_ACT-8_翼云_J16_12#01__pilot_10035::context_end_0031,0.0,0.00011705676238822496,False
leave_one_view_out__fold01__candidate_339,leave_one_view_out__fold01,True,physiology_only,high_residual_response,20251002_单01_ACT-8_翼云_J16_12#01__pilot_10035::context_end_0032,0.0,8.769839360375328e-05,False
leave_one_view_out__fold01__candidate_339,leave_one_view_out__fold01,True,physiology_only,high_residual_response,20251005_四01_ACT-4_云_J20_22#01__pilot_10033::context_end_0005,1.0,1.936609019412811e-08,False
leave_one_view_out__fold01__candidate_339,leave_one_view_out__fold01,True,physiology_only,high_residual_response,20251005_四01_ACT-4_云_J20_22#01__pilot_10033::context_end_0006,0.0,0.02779123768329968,False
leave_one_view_out__fold01__candidate_339,leave_one_view_out__fold01,True,physiology_only,high_residual_response,20251005_四01_ACT-4_云_J20_22#01__pilot_10033::context_end_0007,0.0,0.9999148272586372,False
leave_one_view_out__fold01__candidate_339,leave_one_view_out__fold01,True,physiology_only,high_residual_response,20251005_四01_ACT-4_云_J20_22#01__pilot_10033::context_end_0008,1.0,0.9999998216271185,False
leave_one_view_out__fold01__candidate_339,leave_one_view_out__fold01,True,physiology_only,high_residual_response,20251005_四01_ACT-4_云_J20_22#01__pilot_10033::context_end_0009,0.0,0.9999997522541236,False
leave_one_view_out__fold01__candidate_339,leave_one_view_out__fold01,True,physiology_only,high_residual_response,20251005_四01_ACT-4_云_J20_22#01__pilot_10033::context_end_0010,1.0,0.9999974526684049,False
leave_one_view_out__fold01__candidate_339,leave_one_view_out__fold01,True,vehicle_only,future_maneuver_score,20251002_单01_ACT-8_翼云_J16_12#01__pilot_10035::context_end_0027,2.309699134735503,1.308628864233722,False
leave_one_view_out__fold01__candidate_339,leave_one_view_out__fold01,True,vehicle_only,future_maneuver_score,20251002_单01_ACT-8_翼云_J16_12#01__pilot_10035::context_end_0028,3.9745794994060035,2.033063217416482,False
leave_one_view_out__fold01__candidate_339,leave_one_view_out__fold01,True,vehicle_only,future_maneuver_score,20251002_单01_ACT-8_翼云_J16_12#01__pilot_10035::context_end_0029,2.8383964611808703,1.7859599174163256,False
leave_one_view_out__fold01__candidate_339,leave_one_view_out__fold01,True,vehicle_only,future_maneuver_score,20251002_单01_ACT-8_翼云_J16_12#01__pilot_10035::context_end_0030,1.9063843536221619,1.4671356254393917,False
leave_one_view_out__fold01__candidate_339,leave_one_view_out__fold01,True,vehicle_only,future_maneuver_score,20251002_单01_ACT-8_翼云_J16_12#01__pilot_10035::context_end_0031,1.0370174431737584,2.011837635090926,False
leave_one_view_out__fold01__candidate_339,leave_one_view_out__fold01,True,vehicle_only,future_maneuver_score,20251002_单01_ACT-8_翼云_J16_12#01__pilot_10035::context_end_0032,1.2606256148107866,1.334591589665273,False
leave_one_view_out__fold01__candidate_339,leave_one_view_out__fold01,True,vehicle_only,future_maneuver_score,20251005_四01_ACT-4_云_J20_22#01__pilot_10033::context_end_0005,0.09274556023623987,0.3682733281605236,False
leave_one_view_out__fold01__candidate_339,leave_one_view_out__fold01,True,vehicle_only,future_maneuver_score,20251005_四01_ACT-4_云_J20_22#01__pilot_10033::context_end_0006,0.2876807167742949,1.034674569135768,False
leave_one_view_out__fold01__candidate_339,leave_one_view_out__fold01,True,vehicle_only,future_maneuver_score,20251005_四01_ACT-4_云_J20_22#01__pilot_10033::context_end_0007,0.30550802486893264,1.061356372041527,False
leave_one_view_out__fold01__candidate_339,leave_one_view_out__fold01,True,vehicle_only,future_maneuver_score,20251005_四01_ACT-4_云_J20_22#01__pilot_10033::context_end_0008,0.9724974900630917,1.1467866874665391,False
leave_one_view_out__fold01__candidate_339,leave_one_view_out__fold01,True,vehicle_only,future_maneuver_score,20251005_四01_ACT-4_云_J20_22#01__pilot_10033::context_end_0009,0.34865558551917303,0.6140364118666723,False
leave_one_view_out__fold01__candidate_339,leave_one_view_out__fold01,True,vehicle_only,future_maneuver_score,20251005_四01_ACT-4_云_J20_22#01__pilot_10033::context_end_0010,0.446166765777712,0.3564157234255121,False
leave_one_view_out__fold01__candidate_339,leave_one_view_out__fold01,True,vehicle_only,future_maneuver_trend,20251002_单01_ACT-8_翼云_J16_12#01__pilot_10035::context_end_0027,2.0,2.0,False
leave_one_view_out__fold01__candidate_339,leave_one_view_out__fold01,True,vehicle_only,future_maneuver_trend,20251002_单01_ACT-8_翼云_J16_12#01__pilot_10035::context_end_0028,2.0,2.0,False
leave_one_view_out__fold01__candidate_339,leave_one_view_out__fold01,True,vehicle_only,future_maneuver_trend,20251002_单01_ACT-8_翼云_J16_12#01__pilot_10035::context_end_0029,0.0,0.0,False
leave_one_view_out__fold01__candidate_339,leave_one_view_out__fold01,True,vehicle_only,future_maneuver_trend,20251002_单01_ACT-8_翼云_J16_12#01__pilot_10035::context_end_0030,0.0,0.0,False
leave_one_view_out__fold01__candidate_339,leave_one_view_out__fold01,True,vehicle_only,future_maneuver_trend,20251002_单01_ACT-8_翼云_J16_12#01__pilot_10035::context_end_0031,0.0,2.0,False
leave_one_view_out__fold01__candidate_339,leave_one_view_out__fold01,True,vehicle_only,future_maneuver_trend,20251002_单01_ACT-8_翼云_J16_12#01__pilot_10035::context_end_0032,2.0,2.0,False
leave_one_view_out__fold01__candidate_339,leave_one_view_out__fold01,True,vehicle_only,future_maneuver_trend,20251005_四01_ACT-4_云_J20_22#01__pilot_10033::context_end_0005,1.0,1.0,False
leave_one_view_out__fold01__candidate_339,leave_one_view_out__fold01,True,vehicle_only,future_maneuver_trend,20251005_四01_ACT-4_云_J20_22#01__pilot_10033::context_end_0006,1.0,1.0,False
leave_one_view_out__fold01__candidate_339,leave_one_view_out__fold01,True,vehicle_only,future_maneuver_trend,20251005_四01_ACT-4_云_J20_22#01__pilot_10033::context_end_0007,1.0,2.0,False
leave_one_view_out__fold01__candidate_339,leave_one_view_out__fold01,True,vehicle_only,future_maneuver_trend,20251005_四01_ACT-4_云_J20_22#01__pilot_10033::context_end_0008,2.0,2.0,False
leave_one_view_out__fold01__candidate_339,leave_one_view_out__fold01,True,vehicle_only,future_maneuver_trend,20251005_四01_ACT-4_云_J20_22#01__pilot_10033::context_end_0009,0.0,0.0,False
leave_one_view_out__fold01__candidate_339,leave_one_view_out__fold01,True,vehicle_only,future_maneuver_trend,20251005_四01_ACT-4_云_J20_22#01__pilot_10033::context_end_0010,1.0,1.0,False
leave_one_view_out__fold01__candidate_339,leave_one_view_out__fold01,True,vehicle_only,physiology_residual,20251002_单01_ACT-8_翼云_J16_12#01__pilot_10035::context_end_0027,0.17461582819834892,0.6584314386943749,False
leave_one_view_out__fold01__candidate_339,leave_one_view_out__fold01,True,vehicle_only,physiology_residual,20251002_单01_ACT-8_翼云_J16_12#01__pilot_10035::context_end_0028,0.2138699807822021,0.5056342054278089,False
leave_one_view_out__fold01__candidate_339,leave_one_view_out__fold01,True,vehicle_only,physiology_residual,20251002_单01_ACT-8_翼云_J16_12#01__pilot_10035::context_end_0029,0.34876616861250354,0.6827850674152833,False
leave_one_view_out__fold01__candidate_339,leave_one_view_out__fold01,True,vehicle_only,physiology_residual,20251002_单01_ACT-8_翼云_J16_12#01__pilot_10035::context_end_0030,0.21941048902214738,0.8649775163837281,False
leave_one_view_out__fold01__candidate_339,leave_one_view_out__fold01,True,vehicle_only,physiology_residual,20251002_单01_ACT-8_翼云_J16_12#01__pilot_10035::context_end_0031,0.37347979595114833,0.5995343200081895,False
leave_one_view_out__fold01__candidate_339,leave_one_view_out__fold01,True,vehicle_only,physiology_residual,20251002_单01_ACT-8_翼云_J16_12#01__pilot_10035::context_end_0032,0.22369468497632097,0.612099955143534,False
leave_one_view_out__fold01__candidate_339,leave_one_view_out__fold01,True,vehicle_only,physiology_residual,20251005_四01_ACT-4_云_J20_22#01__pilot_10033::context_end_0005,1.425029048510407,0.015907868519469792,False
leave_one_view_out__fold01__candidate_339,leave_one_view_out__fold01,True,vehicle_only,physiology_residual,20251005_四01_ACT-4_云_J20_22#01__pilot_10033::context_end_0006,0.909721975698907,0.8008059763586659,False
leave_one_view_out__fold01__candidate_339,leave_one_view_out__fold01,True,vehicle_only,physiology_residual,20251005_四01_ACT-4_云_J20_22#01__pilot_10033::context_end_0007,0.5348438109629658,0.7956549356728053,False
leave_one_view_out__fold01__candidate_339,leave_one_view_out__fold01,True,vehicle_only,physiology_residual,20251005_四01_ACT-4_云_J20_22#01__pilot_10033::context_end_0008,1.2125027893813929,0.8766696861477745,False
leave_one_view_out__fold01__candidate_339,leave_one_view_out__fold01,True,vehicle_only,physiology_residual,20251005_四01_ACT-4_云_J20_22#01__pilot_10033::context_end_0009,0.8685779276924587,0.833985899339097,False
leave_one_view_out__fold01__candidate_339,leave_one_view_out__fold01,True,vehicle_only,physiology_residual,20251005_四01_ACT-4_云_J20_22#01__pilot_10033::context_end_0010,1.2113326172343422,1.1486084756692028,False
leave_one_view_out__fold01__candidate_339,leave_one_view_out__fold01,True,vehicle_only,high_residual_response,20251002_单01_ACT-8_翼云_J16_12#01__pilot_10035::context_end_0027,0.0,0.2860899347306116,False
leave_one_view_out__fold01__candidate_339,leave_one_view_out__fold01,True,vehicle_only,high_residual_response,20251002_单01_ACT-8_翼云_J16_12#01__pilot_10035::context_end_0028,0.0,0.12562151518052522,False
leave_one_view_out__fold01__candidate_339,leave_one_view_out__fold01,True,vehicle_only,high_residual_response,20251002_单01_ACT-8_翼云_J16_12#01__pilot_10035::context_end_0029,0.0,0.14453941365720469,False
leave_one_view_out__fold01__candidate_339,leave_one_view_out__fold01,True,vehicle_only,high_residual_response,20251002_单01_ACT-8_翼云_J16_12#01__pilot_10035::context_end_0030,0.0,0.7073987467994902,False
leave_one_view_out__fold01__candidate_339,leave_one_view_out__fold01,True,vehicle_only,high_residual_response,20251002_单01_ACT-8_翼云_J16_12#01__pilot_10035::context_end_0031,0.0,0.3368917451713827,False
leave_one_view_out__fold01__candidate_339,leave_one_view_out__fold01,True,vehicle_only,high_residual_response,20251002_单01_ACT-8_翼云_J16_12#01__pilot_10035::context_end_0032,0.0,0.39142765054010875,False
leave_one_view_out__fold01__candidate_339,leave_one_view_out__fold01,True,vehicle_only,high_residual_response,20251005_四01_ACT-4_云_J20_22#01__pilot_10033::context_end_0005,1.0,1.884458484908218e-06,False
leave_one_view_out__fold01__candidate_339,leave_one_view_out__fold01,True,vehicle_only,high_residual_response,20251005_四01_ACT-4_云_J20_22#01__pilot_10033::context_end_0006,0.0,0.23133687538848063,False
leave_one_view_out__fold01__candidate_339,leave_one_view_out__fold01,True,vehicle_only,high_residual_response,20251005_四01_ACT-4_云_J20_22#01__pilot_10033::context_end_0007,0.0,0.6798838417193457,False
leave_one_view_out__fold01__candidate_339,leave_one_view_out__fold01,True,vehicle_only,high_residual_response,20251005_四01_ACT-4_云_J20_22#01__pilot_10033::context_end_0008,1.0,0.7314165090345898,False
leave_one_view_out__fold01__candidate_339,leave_one_view_out__fold01,True,vehicle_only,high_residual_response,20251005_四01_ACT-4_云_J20_22#01__pilot_10033::context_end_0009,0.0,0.6846675866523562,False
leave_one_view_out__fold01__candidate_339,leave_one_view_out__fold01,True,vehicle_only,high_residual_response,20251005_四01_ACT-4_云_J20_22#01__pilot_10033::context_end_0010,1.0,0.8555369324800335,False
leave_one_view_out__fold01__candidate_339,leave_one_view_out__fold01,True,naive_time_sync,future_maneuver_score,20251002_单01_ACT-8_翼云_J16_12#01__pilot_10035::context_end_0027,2.309699134735503,1.2903379063087217,False
leave_one_view_out__fold01__candidate_339,leave_one_view_out__fold01,True,naive_time_sync,future_maneuver_score,20251002_单01_ACT-8_翼云_J16_12#01__pilot_10035::context_end_0028,3.9745794994060035,1.9820337754638375,False
leave_one_view_out__fold01__candidate_339,leave_one_view_out__fold01,True,naive_time_sync,future_maneuver_score,20251002_单01_ACT-8_翼云_J16_12#01__pilot_10035::context_end_0029,2.8383964611808703,1.1247848540579897,False
leave_one_view_out__fold01__candidate_339,leave_one_view_out__fold01,True,naive_time_sync,future_maneuver_score,20251002_单01_ACT-8_翼云_J16_12#01__pilot_10035::context_end_0030,1.9063843536221619,0.08187982470209687,False
leave_one_view_out__fold01__candidate_339,leave_one_view_out__fold01,True,naive_time_sync,future_maneuver_score,20251002_单01_ACT-8_翼云_J16_12#01__pilot_10035::context_end_0031,1.0370174431737584,-0.060078359125415814,False
leave_one_view_out__fold01__candidate_339,leave_one_view_out__fold01,True,naive_time_sync,future_maneuver_score,20251002_单01_ACT-8_翼云_J16_12#01__pilot_10035::context_end_0032,1.2606256148107866,-0.18052766640627105,False
leave_one_view_out__fold01__candidate_339,leave_one_view_out__fold01,True,naive_time_sync,future_maneuver_score,20251005_四01_ACT-4_云_J20_22#01__pilot_10033::context_end_0005,0.09274556023623987,2.1107957104223405,False
leave_one_view_out__fold01__candidate_339,leave_one_view_out__fold01,True,naive_time_sync,future_maneuver_score,20251005_四01_ACT-4_云_J20_22#01__pilot_10033::context_end_0006,0.2876807167742949,2.8893820942563706,False
leave_one_view_out__fold01__candidate_339,leave_one_view_out__fold01,True,naive_time_sync,future_maneuver_score,20251005_四01_ACT-4_云_J20_22#01__pilot_10033::context_end_0007,0.30550802486893264,3.1801428748615264,False
leave_one_view_out__fold01__candidate_339,leave_one_view_out__fold01,True,naive_time_sync,future_maneuver_score,20251005_四01_ACT-4_云_J20_22#01__pilot_10033::context_end_0008,0.9724974900630917,3.614812404431265,False
leave_one_view_out__fold01__candidate_339,leave_one_view_out__fold01,True,naive_time_sync,future_maneuver_score,20251005_四01_ACT-4_云_J20_22#01__pilot_10033::context_end_0009,0.34865558551917303,2.774559696462748,False
leave_one_view_out__fold01__candidate_339,leave_one_view_out__fold01,True,naive_time_sync,future_maneuver_score,20251005_四01_ACT-4_云_J20_22#01__pilot_10033::context_end_0010,0.446166765777712,2.1484030385561184,False
leave_one_view_out__fold01__candidate_339,leave_one_view_out__fold01,True,naive_time_sync,future_maneuver_trend,20251002_单01_ACT-8_翼云_J16_12#01__pilot_10035::context_end_0027,2.0,0.0,False
leave_one_view_out__fold01__candidate_339,leave_one_view_out__fold01,True,naive_time_sync,future_maneuver_trend,20251002_单01_ACT-8_翼云_J16_12#01__pilot_10035::context_end_0028,2.0,0.0,False
leave_one_view_out__fold01__candidate_339,leave_one_view_out__fold01,True,naive_time_sync,future_maneuver_trend,20251002_单01_ACT-8_翼云_J16_12#01__pilot_10035::context_end_0029,0.0,0.0,False
leave_one_view_out__fold01__candidate_339,leave_one_view_out__fold01,True,naive_time_sync,future_maneuver_trend,20251002_单01_ACT-8_翼云_J16_12#01__pilot_10035::context_end_0030,0.0,0.0,False
leave_one_view_out__fold01__candidate_339,leave_one_view_out__fold01,True,naive_time_sync,future_maneuver_trend,20251002_单01_ACT-8_翼云_J16_12#01__pilot_10035::context_end_0031,0.0,0.0,False
leave_one_view_out__fold01__candidate_339,leave_one_view_out__fold01,True,naive_time_sync,future_maneuver_trend,20251002_单01_ACT-8_翼云_J16_12#01__pilot_10035::context_end_0032,2.0,0.0,False
leave_one_view_out__fold01__candidate_339,leave_one_view_out__fold01,True,naive_time_sync,future_maneuver_trend,20251005_四01_ACT-4_云_J20_22#01__pilot_10033::context_end_0005,1.0,1.0,False
leave_one_view_out__fold01__candidate_339,leave_one_view_out__fold01,True,naive_time_sync,future_maneuver_trend,20251005_四01_ACT-4_云_J20_22#01__pilot_10033::context_end_0006,1.0,1.0,False
leave_one_view_out__fold01__candidate_339,leave_one_view_out__fold01,True,naive_time_sync,future_maneuver_trend,20251005_四01_ACT-4_云_J20_22#01__pilot_10033::context_end_0007,1.0,1.0,False
leave_one_view_out__fold01__candidate_339,leave_one_view_out__fold01,True,naive_time_sync,future_maneuver_trend,20251005_四01_ACT-4_云_J20_22#01__pilot_10033::context_end_0008,2.0,1.0,False
leave_one_view_out__fold01__candidate_339,leave_one_view_out__fold01,True,naive_time_sync,future_maneuver_trend,20251005_四01_ACT-4_云_J20_22#01__pilot_10033::context_end_0009,0.0,1.0,False
leave_one_view_out__fold01__candidate_339,leave_one_view_out__fold01,True,naive_time_sync,future_maneuver_trend,20251005_四01_ACT-4_云_J20_22#01__pilot_10033::context_end_0010,1.0,1.0,False
leave_one_view_out__fold01__candidate_339,leave_one_view_out__fold01,True,naive_time_sync,physiology_residual,20251002_单01_ACT-8_翼云_J16_12#01__pilot_10035::context_end_0027,0.17461582819834892,0.17350198081562118,False
leave_one_view_out__fold01__candidate_339,leave_one_view_out__fold01,True,naive_time_sync,physiology_residual,20251002_单01_ACT-8_翼云_J16_12#01__pilot_10035::context_end_0028,0.2138699807822021,0.09089126072259557,False
leave_one_view_out__fold01__candidate_339,leave_one_view_out__fold01,True,naive_time_sync,physiology_residual,20251002_单01_ACT-8_翼云_J16_12#01__pilot_10035::context_end_0029,0.34876616861250354,1.0650897770065961,False
leave_one_view_out__fold01__candidate_339,leave_one_view_out__fold01,True,naive_time_sync,physiology_residual,20251002_单01_ACT-8_翼云_J16_12#01__pilot_10035::context_end_0030,0.21941048902214738,1.063628147738255,False
leave_one_view_out__fold01__candidate_339,leave_one_view_out__fold01,True,naive_time_sync,physiology_residual,20251002_单01_ACT-8_翼云_J16_12#01__pilot_10035::context_end_0031,0.37347979595114833,0.2913275437139613,False
leave_one_view_out__fold01__candidate_339,leave_one_view_out__fold01,True,naive_time_sync,physiology_residual,20251002_单01_ACT-8_翼云_J16_12#01__pilot_10035::context_end_0032,0.22369468497632097,0.19162554307359725,False
leave_one_view_out__fold01__candidate_339,leave_one_view_out__fold01,True,naive_time_sync,physiology_residual,20251005_四01_ACT-4_云_J20_22#01__pilot_10033::context_end_0005,1.425029048510407,0.7840582829608665,False
leave_one_view_out__fold01__candidate_339,leave_one_view_out__fold01,True,naive_time_sync,physiology_residual,20251005_四01_ACT-4_云_J20_22#01__pilot_10033::context_end_0006,0.909721975698907,1.2236551177163562,False
leave_one_view_out__fold01__candidate_339,leave_one_view_out__fold01,True,naive_time_sync,physiology_residual,20251005_四01_ACT-4_云_J20_22#01__pilot_10033::context_end_0007,0.5348438109629658,2.7077482039362657,False
leave_one_view_out__fold01__candidate_339,leave_one_view_out__fold01,True,naive_time_sync,physiology_residual,20251005_四01_ACT-4_云_J20_22#01__pilot_10033::context_end_0008,1.2125027893813929,2.975248375337446,False
leave_one_view_out__fold01__candidate_339,leave_one_view_out__fold01,True,naive_time_sync,physiology_residual,20251005_四01_ACT-4_云_J20_22#01__pilot_10033::context_end_0009,0.8685779276924587,2.68239609016564,False
leave_one_view_out__fold01__candidate_339,leave_one_view_out__fold01,True,naive_time_sync,physiology_residual,20251005_四01_ACT-4_云_J20_22#01__pilot_10033::context_end_0010,1.2113326172343422,2.9489873232170036,False
leave_one_view_out__fold01__candidate_339,leave_one_view_out__fold01,True,naive_time_sync,high_residual_response,20251002_单01_ACT-8_翼云_J16_12#01__pilot_10035::context_end_0027,0.0,0.06891803974473658,False
leave_one_view_out__fold01__candidate_339,leave_one_view_out__fold01,True,naive_time_sync,high_residual_response,20251002_单01_ACT-8_翼云_J16_12#01__pilot_10035::context_end_0028,0.0,0.039598272917762585,False
leave_one_view_out__fold01__candidate_339,leave_one_view_out__fold01,True,naive_time_sync,high_residual_response,20251002_单01_ACT-8_翼云_J16_12#01__pilot_10035::context_end_0029,0.0,0.08165610929601283,False
leave_one_view_out__fold01__candidate_339,leave_one_view_out__fold01,True,naive_time_sync,high_residual_response,20251002_单01_ACT-8_翼云_J16_12#01__pilot_10035::context_end_0030,0.0,0.9038946597460383,False
leave_one_view_out__fold01__candidate_339,leave_one_view_out__fold01,True,naive_time_sync,high_residual_response,20251002_单01_ACT-8_翼云_J16_12#01__pilot_10035::context_end_0031,0.0,0.11860318228498488,False
leave_one_view_out__fold01__candidate_339,leave_one_view_out__fold01,True,naive_time_sync,high_residual_response,20251002_单01_ACT-8_翼云_J16_12#01__pilot_10035::context_end_0032,0.0,0.05387600784116527,False
leave_one_view_out__fold01__candidate_339,leave_one_view_out__fold01,True,naive_time_sync,high_residual_response,20251005_四01_ACT-4_云_J20_22#01__pilot_10033::context_end_0005,1.0,1.6966382808596325e-06,False
leave_one_view_out__fold01__candidate_339,leave_one_view_out__fold01,True,naive_time_sync,high_residual_response,20251005_四01_ACT-4_云_J20_22#01__pilot_10033::context_end_0006,0.0,0.0006257596353275155,False
leave_one_view_out__fold01__candidate_339,leave_one_view_out__fold01,True,naive_time_sync,high_residual_response,20251005_四01_ACT-4_云_J20_22#01__pilot_10033::context_end_0007,0.0,0.9725980848588975,False
leave_one_view_out__fold01__candidate_339,leave_one_view_out__fold01,True,naive_time_sync,high_residual_response,20251005_四01_ACT-4_云_J20_22#01__pilot_10033::context_end_0008,1.0,0.9694006380579191,False
leave_one_view_out__fold01__candidate_339,leave_one_view_out__fold01,True,naive_time_sync,high_residual_response,20251005_四01_ACT-4_云_J20_22#01__pilot_10033::context_end_0009,0.0,0.936880374278064,False
leave_one_view_out__fold01__candidate_339,leave_one_view_out__fold01,True,naive_time_sync,high_residual_response,20251005_四01_ACT-4_云_J20_22#01__pilot_10033::context_end_0010,1.0,0.9716282554853587,False
leave_one_view_out__fold01__candidate_339,leave_one_view_out__fold01,True,mult,future_maneuver_score,20251002_单01_ACT-8_翼云_J16_12#01__pilot_10035::context_end_0027,2.309699134735503,-3.818135523592848,False
leave_one_view_out__fold01__candidate_339,leave_one_view_out__fold01,True,mult,future_maneuver_score,20251002_单01_ACT-8_翼云_J16_12#01__pilot_10035::context_end_0028,3.9745794994060035,-3.806561474395968,False
leave_one_view_out__fold01__candidate_339,leave_one_view_out__fold01,True,mult,future_maneuver_score,20251002_单01_ACT-8_翼云_J16_12#01__pilot_10035::context_end_0029,2.8383964611808703,-4.528518685656934,False
leave_one_view_out__fold01__candidate_339,leave_one_view_out__fold01,True,mult,future_maneuver_score,20251002_单01_ACT-8_翼云_J16_12#01__pilot_10035::context_end_0030,1.9063843536221619,-4.895927148849278,False
leave_one_view_out__fold01__candidate_339,leave_one_view_out__fold01,True,mult,future_maneuver_score,20251002_单01_ACT-8_翼云_J16_12#01__pilot_10035::context_end_0031,1.0370174431737584,-4.59314070226415,False
leave_one_view_out__fold01__candidate_339,leave_one_view_out__fold01,True,mult,future_maneuver_score,20251002_单01_ACT-8_翼云_J16_12#01__pilot_10035::context_end_0032,1.2606256148107866,-4.360694066868362,False
leave_one_view_out__fold01__candidate_339,leave_one_view_out__fold01,True,mult,future_maneuver_score,20251005_四01_ACT-4_云_J20_22#01__pilot_10033::context_end_0005,0.09274556023623987,3.573436738739994,False
leave_one_view_out__fold01__candidate_339,leave_one_view_out__fold01,True,mult,future_maneuver_score,20251005_四01_ACT-4_云_J20_22#01__pilot_10033::context_end_0006,0.2876807167742949,3.2877890496950917,False
leave_one_view_out__fold01__candidate_339,leave_one_view_out__fold01,True,mult,future_maneuver_score,20251005_四01_ACT-4_云_J20_22#01__pilot_10033::context_end_0007,0.30550802486893264,3.2600508161948794,False
leave_one_view_out__fold01__candidate_339,leave_one_view_out__fold01,True,mult,future_maneuver_score,20251005_四01_ACT-4_云_J20_22#01__pilot_10033::context_end_0008,0.9724974900630917,2.598898876090858,False
leave_one_view_out__fold01__candidate_339,leave_one_view_out__fold01,True,mult,future_maneuver_score,20251005_四01_ACT-4_云_J20_22#01__pilot_10033::context_end_0009,0.34865558551917303,2.315809773925342,False
leave_one_view_out__fold01__candidate_339,leave_one_view_out__fold01,True,mult,future_maneuver_score,20251005_四01_ACT-4_云_J20_22#01__pilot_10033::context_end_0010,0.446166765777712,1.8480822844024134,False
leave_one_view_out__fold01__candidate_339,leave_one_view_out__fold01,True,mult,future_maneuver_trend,20251002_单01_ACT-8_翼云_J16_12#01__pilot_10035::context_end_0027,2.0,0.0,False
leave_one_view_out__fold01__candidate_339,leave_one_view_out__fold01,True,mult,future_maneuver_trend,20251002_单01_ACT-8_翼云_J16_12#01__pilot_10035::context_end_0028,2.0,0.0,False
leave_one_view_out__fold01__candidate_339,leave_one_view_out__fold01,True,mult,future_maneuver_trend,20251002_单01_ACT-8_翼云_J16_12#01__pilot_10035::context_end_0029,0.0,0.0,False
leave_one_view_out__fold01__candidate_339,leave_one_view_out__fold01,True,mult,future_maneuver_trend,20251002_单01_ACT-8_翼云_J16_12#01__pilot_10035::context_end_0030,0.0,0.0,False
leave_one_view_out__fold01__candidate_339,leave_one_view_out__fold01,True,mult,future_maneuver_trend,20251002_单01_ACT-8_翼云_J16_12#01__pilot_10035::context_end_0031,0.0,0.0,False
leave_one_view_out__fold01__candidate_339,leave_one_view_out__fold01,True,mult,future_maneuver_trend,20251002_单01_ACT-8_翼云_J16_12#01__pilot_10035::context_end_0032,2.0,0.0,False
leave_one_view_out__fold01__candidate_339,leave_one_view_out__fold01,True,mult,future_maneuver_trend,20251005_四01_ACT-4_云_J20_22#01__pilot_10033::context_end_0005,1.0,1.0,False
leave_one_view_out__fold01__candidate_339,leave_one_view_out__fold01,True,mult,future_maneuver_trend,20251005_四01_ACT-4_云_J20_22#01__pilot_10033::context_end_0006,1.0,1.0,False
leave_one_view_out__fold01__candidate_339,leave_one_view_out__fold01,True,mult,future_maneuver_trend,20251005_四01_ACT-4_云_J20_22#01__pilot_10033::context_end_0007,1.0,1.0,False
leave_one_view_out__fold01__candidate_339,leave_one_view_out__fold01,True,mult,future_maneuver_trend,20251005_四01_ACT-4_云_J20_22#01__pilot_10033::context_end_0008,2.0,1.0,False
leave_one_view_out__fold01__candidate_339,leave_one_view_out__fold01,True,mult,future_maneuver_trend,20251005_四01_ACT-4_云_J20_22#01__pilot_10033::context_end_0009,0.0,1.0,False
leave_one_view_out__fold01__candidate_339,leave_one_view_out__fold01,True,mult,future_maneuver_trend,20251005_四01_ACT-4_云_J20_22#01__pilot_10033::context_end_0010,1.0,1.0,False
leave_one_view_out__fold01__candidate_339,leave_one_view_out__fold01,True,mult,physiology_residual,20251002_单01_ACT-8_翼云_J16_12#01__pilot_10035::context_end_0027,0.17461582819834892,0.6095125924559766,False
leave_one_view_out__fold01__candidate_339,leave_one_view_out__fold01,True,mult,physiology_residual,20251002_单01_ACT-8_翼云_J16_12#01__pilot_10035::context_end_0028,0.2138699807822021,0.36557129675328953,False
leave_one_view_out__fold01__candidate_339,leave_one_view_out__fold01,True,mult,physiology_residual,20251002_单01_ACT-8_翼云_J16_12#01__pilot_10035::context_end_0029,0.34876616861250354,0.6996370947728516,False
leave_one_view_out__fold01__candidate_339,leave_one_view_out__fold01,True,mult,physiology_residual,20251002_单01_ACT-8_翼云_J16_12#01__pilot_10035::context_end_0030,0.21941048902214738,0.694227394465317,False
leave_one_view_out__fold01__candidate_339,leave_one_view_out__fold01,True,mult,physiology_residual,20251002_单01_ACT-8_翼云_J16_12#01__pilot_10035::context_end_0031,0.37347979595114833,0.20401258848336468,False
leave_one_view_out__fold01__candidate_339,leave_one_view_out__fold01,True,mult,physiology_residual,20251002_单01_ACT-8_翼云_J16_12#01__pilot_10035::context_end_0032,0.22369468497632097,0.07861587675101733,False
leave_one_view_out__fold01__candidate_339,leave_one_view_out__fold01,True,mult,physiology_residual,20251005_四01_ACT-4_云_J20_22#01__pilot_10033::context_end_0005,1.425029048510407,-0.5956320142312417,False
leave_one_view_out__fold01__candidate_339,leave_one_view_out__fold01,True,mult,physiology_residual,20251005_四01_ACT-4_云_J20_22#01__pilot_10033::context_end_0006,0.909721975698907,1.1815803025135416,False
leave_one_view_out__fold01__candidate_339,leave_one_view_out__fold01,True,mult,physiology_residual,20251005_四01_ACT-4_云_J20_22#01__pilot_10033::context_end_0007,0.5348438109629658,2.5414589073096527,False
leave_one_view_out__fold01__candidate_339,leave_one_view_out__fold01,True,mult,physiology_residual,20251005_四01_ACT-4_云_J20_22#01__pilot_10033::context_end_0008,1.2125027893813929,3.0235085721818202,False
leave_one_view_out__fold01__candidate_339,leave_one_view_out__fold01,True,mult,physiology_residual,20251005_四01_ACT-4_云_J20_22#01__pilot_10033::context_end_0009,0.8685779276924587,2.8313117642468484,False
leave_one_view_out__fold01__candidate_339,leave_one_view_out__fold01,True,mult,physiology_residual,20251005_四01_ACT-4_云_J20_22#01__pilot_10033::context_end_0010,1.2113326172343422,2.996994203699114,False
leave_one_view_out__fold01__candidate_339,leave_one_view_out__fold01,True,mult,high_residual_response,20251002_单01_ACT-8_翼云_J16_12#01__pilot_10035::context_end_0027,0.0,0.8314102201082252,False
leave_one_view_out__fold01__candidate_339,leave_one_view_out__fold01,True,mult,high_residual_response,20251002_单01_ACT-8_翼云_J16_12#01__pilot_10035::context_end_0028,0.0,0.7311989886588262,False
leave_one_view_out__fold01__candidate_339,leave_one_view_out__fold01,True,mult,high_residual_response,20251002_单01_ACT-8_翼云_J16_12#01__pilot_10035::context_end_0029,0.0,0.8861226440601179,False
leave_one_view_out__fold01__candidate_339,leave_one_view_out__fold01,True,mult,high_residual_response,20251002_单01_ACT-8_翼云_J16_12#01__pilot_10035::context_end_0030,0.0,0.9654740638824336,False
leave_one_view_out__fold01__candidate_339,leave_one_view_out__fold01,True,mult,high_residual_response,20251002_单01_ACT-8_翼云_J16_12#01__pilot_10035::context_end_0031,0.0,0.6584881111883559,False
leave_one_view_out__fold01__candidate_339,leave_one_view_out__fold01,True,mult,high_residual_response,20251002_单01_ACT-8_翼云_J16_12#01__pilot_10035::context_end_0032,0.0,0.24492558160722316,False
leave_one_view_out__fold01__candidate_339,leave_one_view_out__fold01,True,mult,high_residual_response,20251005_四01_ACT-4_云_J20_22#01__pilot_10033::context_end_0005,1.0,1.4195206107905107e-10,False
leave_one_view_out__fold01__candidate_339,leave_one_view_out__fold01,True,mult,high_residual_response,20251005_四01_ACT-4_云_J20_22#01__pilot_10033::context_end_0006,0.0,1.487758503907121e-06,False
leave_one_view_out__fold01__candidate_339,leave_one_view_out__fold01,True,mult,high_residual_response,20251005_四01_ACT-4_云_J20_22#01__pilot_10033::context_end_0007,0.0,0.000836666299109402,False
leave_one_view_out__fold01__candidate_339,leave_one_view_out__fold01,True,mult,high_residual_response,20251005_四01_ACT-4_云_J20_22#01__pilot_10033::context_end_0008,1.0,0.002905669648871602,False
leave_one_view_out__fold01__candidate_339,leave_one_view_out__fold01,True,mult,high_residual_response,20251005_四01_ACT-4_云_J20_22#01__pilot_10033::context_end_0009,0.0,0.006309061623688178,False
leave_one_view_out__fold01__candidate_339,leave_one_view_out__fold01,True,mult,high_residual_response,20251005_四01_ACT-4_云_J20_22#01__pilot_10033::context_end_0010,1.0,0.09841196983613584,False
leave_one_view_out__fold01__candidate_339,leave_one_view_out__fold01,True,contiformer,future_maneuver_score,20251002_单01_ACT-8_翼云_J16_12#01__pilot_10035::context_end_0027,2.309699134735503,1.5956832719534202,False
leave_one_view_out__fold01__candidate_339,leave_one_view_out__fold01,True,contiformer,future_maneuver_score,20251002_单01_ACT-8_翼云_J16_12#01__pilot_10035::context_end_0028,3.9745794994060035,2.0068207385758225,False
leave_one_view_out__fold01__candidate_339,leave_one_view_out__fold01,True,contiformer,future_maneuver_score,20251002_单01_ACT-8_翼云_J16_12#01__pilot_10035::context_end_0029,2.8383964611808703,1.8164513322052926,False
leave_one_view_out__fold01__candidate_339,leave_one_view_out__fold01,True,contiformer,future_maneuver_score,20251002_单01_ACT-8_翼云_J16_12#01__pilot_10035::context_end_0030,1.9063843536221619,1.7999655297320225,False
leave_one_view_out__fold01__candidate_339,leave_one_view_out__fold01,True,contiformer,future_maneuver_score,20251002_单01_ACT-8_翼云_J16_12#01__pilot_10035::context_end_0031,1.0370174431737584,2.147053187946463,False
leave_one_view_out__fold01__candidate_339,leave_one_view_out__fold01,True,contiformer,future_maneuver_score,20251002_单01_ACT-8_翼云_J16_12#01__pilot_10035::context_end_0032,1.2606256148107866,1.5836471215740882,False
leave_one_view_out__fold01__candidate_339,leave_one_view_out__fold01,True,contiformer,future_maneuver_score,20251005_四01_ACT-4_云_J20_22#01__pilot_10033::context_end_0005,0.09274556023623987,-0.3056306806017054,False
leave_one_view_out__fold01__candidate_339,leave_one_view_out__fold01,True,contiformer,future_maneuver_score,20251005_四01_ACT-4_云_J20_22#01__pilot_10033::context_end_0006,0.2876807167742949,-0.5674734748036098,False
leave_one_view_out__fold01__candidate_339,leave_one_view_out__fold01,True,contiformer,future_maneuver_score,20251005_四01_ACT-4_云_J20_22#01__pilot_10033::context_end_0007,0.30550802486893264,-0.6300607297331381,False
leave_one_view_out__fold01__candidate_339,leave_one_view_out__fold01,True,contiformer,future_maneuver_score,20251005_四01_ACT-4_云_J20_22#01__pilot_10033::context_end_0008,0.9724974900630917,-1.087721802381668,False
leave_one_view_out__fold01__candidate_339,leave_one_view_out__fold01,True,contiformer,future_maneuver_score,20251005_四01_ACT-4_云_J20_22#01__pilot_10033::context_end_0009,0.34865558551917303,-0.8504642038784079,False
leave_one_view_out__fold01__candidate_339,leave_one_view_out__fold01,True,contiformer,future_maneuver_score,20251005_四01_ACT-4_云_J20_22#01__pilot_10033::context_end_0010,0.446166765777712,-1.3090846366692288,False
leave_one_view_out__fold01__candidate_339,leave_one_view_out__fold01,True,contiformer,future_maneuver_trend,20251002_单01_ACT-8_翼云_J16_12#01__pilot_10035::context_end_0027,2.0,0.0,False
leave_one_view_out__fold01__candidate_339,leave_one_view_out__fold01,True,contiformer,future_maneuver_trend,20251002_单01_ACT-8_翼云_J16_12#01__pilot_10035::context_end_0028,2.0,2.0,False
leave_one_view_out__fold01__candidate_339,leave_one_view_out__fold01,True,contiformer,future_maneuver_trend,20251002_单01_ACT-8_翼云_J16_12#01__pilot_10035::context_end_0029,0.0,0.0,False
leave_one_view_out__fold01__candidate_339,leave_one_view_out__fold01,True,contiformer,future_maneuver_trend,20251002_单01_ACT-8_翼云_J16_12#01__pilot_10035::context_end_0030,0.0,0.0,False
leave_one_view_out__fold01__candidate_339,leave_one_view_out__fold01,True,contiformer,future_maneuver_trend,20251002_单01_ACT-8_翼云_J16_12#01__pilot_10035::context_end_0031,0.0,2.0,False
leave_one_view_out__fold01__candidate_339,leave_one_view_out__fold01,True,contiformer,future_maneuver_trend,20251002_单01_ACT-8_翼云_J16_12#01__pilot_10035::context_end_0032,2.0,2.0,False
leave_one_view_out__fold01__candidate_339,leave_one_view_out__fold01,True,contiformer,future_maneuver_trend,20251005_四01_ACT-4_云_J20_22#01__pilot_10033::context_end_0005,1.0,1.0,False
leave_one_view_out__fold01__candidate_339,leave_one_view_out__fold01,True,contiformer,future_maneuver_trend,20251005_四01_ACT-4_云_J20_22#01__pilot_10033::context_end_0006,1.0,1.0,False
leave_one_view_out__fold01__candidate_339,leave_one_view_out__fold01,True,contiformer,future_maneuver_trend,20251005_四01_ACT-4_云_J20_22#01__pilot_10033::context_end_0007,1.0,1.0,False
leave_one_view_out__fold01__candidate_339,leave_one_view_out__fold01,True,contiformer,future_maneuver_trend,20251005_四01_ACT-4_云_J20_22#01__pilot_10033::context_end_0008,2.0,1.0,False
leave_one_view_out__fold01__candidate_339,leave_one_view_out__fold01,True,contiformer,future_maneuver_trend,20251005_四01_ACT-4_云_J20_22#01__pilot_10033::context_end_0009,0.0,1.0,False
leave_one_view_out__fold01__candidate_339,leave_one_view_out__fold01,True,contiformer,future_maneuver_trend,20251005_四01_ACT-4_云_J20_22#01__pilot_10033::context_end_0010,1.0,1.0,False
leave_one_view_out__fold01__candidate_339,leave_one_view_out__fold01,True,contiformer,physiology_residual,20251002_单01_ACT-8_翼云_J16_12#01__pilot_10035::context_end_0027,0.17461582819834892,0.7383847445911895,False
leave_one_view_out__fold01__candidate_339,leave_one_view_out__fold01,True,contiformer,physiology_residual,20251002_单01_ACT-8_翼云_J16_12#01__pilot_10035::context_end_0028,0.2138699807822021,0.4458804237466026,False
leave_one_view_out__fold01__candidate_339,leave_one_view_out__fold01,True,contiformer,physiology_residual,20251002_单01_ACT-8_翼云_J16_12#01__pilot_10035::context_end_0029,0.34876616861250354,0.6260134236756014,False
leave_one_view_out__fold01__candidate_339,leave_one_view_out__fold01,True,contiformer,physiology_residual,20251002_单01_ACT-8_翼云_J16_12#01__pilot_10035::context_end_0030,0.21941048902214738,0.791011612838403,False
leave_one_view_out__fold01__candidate_339,leave_one_view_out__fold01,True,contiformer,physiology_residual,20251002_单01_ACT-8_翼云_J16_12#01__pilot_10035::context_end_0031,0.37347979595114833,0.5210620165443298,False
leave_one_view_out__fold01__candidate_339,leave_one_view_out__fold01,True,contiformer,physiology_residual,20251002_单01_ACT-8_翼云_J16_12#01__pilot_10035::context_end_0032,0.22369468497632097,0.57296234502905,False
leave_one_view_out__fold01__candidate_339,leave_one_view_out__fold01,True,contiformer,physiology_residual,20251005_四01_ACT-4_云_J20_22#01__pilot_10033::context_end_0005,1.425029048510407,0.03851174819506986,False
leave_one_view_out__fold01__candidate_339,leave_one_view_out__fold01,True,contiformer,physiology_residual,20251005_四01_ACT-4_云_J20_22#01__pilot_10033::context_end_0006,0.909721975698907,1.0805300205676143,False
leave_one_view_out__fold01__candidate_339,leave_one_view_out__fold01,True,contiformer,physiology_residual,20251005_四01_ACT-4_云_J20_22#01__pilot_10033::context_end_0007,0.5348438109629658,1.238346122471394,False
leave_one_view_out__fold01__candidate_339,leave_one_view_out__fold01,True,contiformer,physiology_residual,20251005_四01_ACT-4_云_J20_22#01__pilot_10033::context_end_0008,1.2125027893813929,1.409989632496667,False
leave_one_view_out__fold01__candidate_339,leave_one_view_out__fold01,True,contiformer,physiology_residual,20251005_四01_ACT-4_云_J20_22#01__pilot_10033::context_end_0009,0.8685779276924587,1.2124982839527092,False
leave_one_view_out__fold01__candidate_339,leave_one_view_out__fold01,True,contiformer,physiology_residual,20251005_四01_ACT-4_云_J20_22#01__pilot_10033::context_end_0010,1.2113326172343422,1.460966544344583,False
leave_one_view_out__fold01__candidate_339,leave_one_view_out__fold01,True,contiformer,high_residual_response,20251002_单01_ACT-8_翼云_J16_12#01__pilot_10035::context_end_0027,0.0,0.6827162524470266,False
leave_one_view_out__fold01__candidate_339,leave_one_view_out__fold01,True,contiformer,high_residual_response,20251002_单01_ACT-8_翼云_J16_12#01__pilot_10035::context_end_0028,0.0,0.18201687628952298,False
leave_one_view_out__fold01__candidate_339,leave_one_view_out__fold01,True,contiformer,high_residual_response,20251002_单01_ACT-8_翼云_J16_12#01__pilot_10035::context_end_0029,0.0,0.30617180727819937,False
leave_one_view_out__fold01__candidate_339,leave_one_view_out__fold01,True,contiformer,high_residual_response,20251002_单01_ACT-8_翼云_J16_12#01__pilot_10035::context_end_0030,0.0,0.6353753520762448,False
leave_one_view_out__fold01__candidate_339,leave_one_view_out__fold01,True,contiformer,high_residual_response,20251002_单01_ACT-8_翼云_J16_12#01__pilot_10035::context_end_0031,0.0,0.29946477590881676,False
leave_one_view_out__fold01__candidate_339,leave_one_view_out__fold01,True,contiformer,high_residual_response,20251002_单01_ACT-8_翼云_J16_12#01__pilot_10035::context_end_0032,0.0,0.21991194233192538,False
leave_one_view_out__fold01__candidate_339,leave_one_view_out__fold01,True,contiformer,high_residual_response,20251005_四01_ACT-4_云_J20_22#01__pilot_10033::context_end_0005,1.0,4.170657384673815e-09,False
leave_one_view_out__fold01__candidate_339,leave_one_view_out__fold01,True,contiformer,high_residual_response,20251005_四01_ACT-4_云_J20_22#01__pilot_10033::context_end_0006,0.0,0.02154130137007659,False
leave_one_view_out__fold01__candidate_339,leave_one_view_out__fold01,True,contiformer,high_residual_response,20251005_四01_ACT-4_云_J20_22#01__pilot_10033::context_end_0007,0.0,0.2665667972490866,False
leave_one_view_out__fold01__candidate_339,leave_one_view_out__fold01,True,contiformer,high_residual_response,20251005_四01_ACT-4_云_J20_22#01__pilot_10033::context_end_0008,1.0,0.4976419634490339,False
leave_one_view_out__fold01__candidate_339,leave_one_view_out__fold01,True,contiformer,high_residual_response,20251005_四01_ACT-4_云_J20_22#01__pilot_10033::context_end_0009,0.0,0.4989078885732441,False
leave_one_view_out__fold01__candidate_339,leave_one_view_out__fold01,True,contiformer,high_residual_response,20251005_四01_ACT-4_云_J20_22#01__pilot_10033::context_end_0010,1.0,0.4564979761980089,False
leave_one_view_out__fold01__candidate_339,leave_one_view_out__fold01,True,chronaris,future_maneuver_score,20251002_单01_ACT-8_翼云_J16_12#01__pilot_10035::context_end_0027,2.309699134735503,-1.2644468609316828,False
leave_one_view_out__fold01__candidate_339,leave_one_view_out__fold01,True,chronaris,future_maneuver_score,20251002_单01_ACT-8_翼云_J16_12#01__pilot_10035::context_end_0028,3.9745794994060035,-1.3168801795691438,False
leave_one_view_out__fold01__candidate_339,leave_one_view_out__fold01,True,chronaris,future_maneuver_score,20251002_单01_ACT-8_翼云_J16_12#01__pilot_10035::context_end_0029,2.8383964611808703,-1.2727359435828545,False
leave_one_view_out__fold01__candidate_339,leave_one_view_out__fold01,True,chronaris,future_maneuver_score,20251002_单01_ACT-8_翼云_J16_12#01__pilot_10035::context_end_0030,1.9063843536221619,-1.2566615728953816,False
leave_one_view_out__fold01__candidate_339,leave_one_view_out__fold01,True,chronaris,future_maneuver_score,20251002_单01_ACT-8_翼云_J16_12#01__pilot_10035::context_end_0031,1.0370174431737584,-1.2463833815596121,False
leave_one_view_out__fold01__candidate_339,leave_one_view_out__fold01,True,chronaris,future_maneuver_score,20251002_单01_ACT-8_翼云_J16_12#01__pilot_10035::context_end_0032,1.2606256148107866,-1.0979981966483048,False
leave_one_view_out__fold01__candidate_339,leave_one_view_out__fold01,True,chronaris,future_maneuver_score,20251005_四01_ACT-4_云_J20_22#01__pilot_10033::context_end_0005,0.09274556023623987,0.49750813803023386,False
leave_one_view_out__fold01__candidate_339,leave_one_view_out__fold01,True,chronaris,future_maneuver_score,20251005_四01_ACT-4_云_J20_22#01__pilot_10033::context_end_0006,0.2876807167742949,-0.09632386620940314,False
leave_one_view_out__fold01__candidate_339,leave_one_view_out__fold01,True,chronaris,future_maneuver_score,20251005_四01_ACT-4_云_J20_22#01__pilot_10033::context_end_0007,0.30550802486893264,-0.1604393738140265,False
leave_one_view_out__fold01__candidate_339,leave_one_view_out__fold01,True,chronaris,future_maneuver_score,20251005_四01_ACT-4_云_J20_22#01__pilot_10033::context_end_0008,0.9724974900630917,-0.31472732771464773,False
leave_one_view_out__fold01__candidate_339,leave_one_view_out__fold01,True,chronaris,future_maneuver_score,20251005_四01_ACT-4_云_J20_22#01__pilot_10033::context_end_0009,0.34865558551917303,-0.6290490878637857,False
leave_one_view_out__fold01__candidate_339,leave_one_view_out__fold01,True,chronaris,future_maneuver_score,20251005_四01_ACT-4_云_J20_22#01__pilot_10033::context_end_0010,0.446166765777712,-0.5944917647888933,False
leave_one_view_out__fold01__candidate_339,leave_one_view_out__fold01,True,chronaris,future_maneuver_trend,20251002_单01_ACT-8_翼云_J16_12#01__pilot_10035::context_end_0027,2.0,1.0,False
leave_one_view_out__fold01__candidate_339,leave_one_view_out__fold01,True,chronaris,future_maneuver_trend,20251002_单01_ACT-8_翼云_J16_12#01__pilot_10035::context_end_0028,2.0,1.0,False
leave_one_view_out__fold01__candidate_339,leave_one_view_out__fold01,True,chronaris,future_maneuver_trend,20251002_单01_ACT-8_翼云_J16_12#01__pilot_10035::context_end_0029,0.0,1.0,False
leave_one_view_out__fold01__candidate_339,leave_one_view_out__fold01,True,chronaris,future_maneuver_trend,20251002_单01_ACT-8_翼云_J16_12#01__pilot_10035::context_end_0030,0.0,1.0,False
leave_one_view_out__fold01__candidate_339,leave_one_view_out__fold01,True,chronaris,future_maneuver_trend,20251002_单01_ACT-8_翼云_J16_12#01__pilot_10035::context_end_0031,0.0,1.0,False
leave_one_view_out__fold01__candidate_339,leave_one_view_out__fold01,True,chronaris,future_maneuver_trend,20251002_单01_ACT-8_翼云_J16_12#01__pilot_10035::context_end_0032,2.0,0.0,False
leave_one_view_out__fold01__candidate_339,leave_one_view_out__fold01,True,chronaris,future_maneuver_trend,20251005_四01_ACT-4_云_J20_22#01__pilot_10033::context_end_0005,1.0,0.0,False
leave_one_view_out__fold01__candidate_339,leave_one_view_out__fold01,True,chronaris,future_maneuver_trend,20251005_四01_ACT-4_云_J20_22#01__pilot_10033::context_end_0006,1.0,0.0,False
leave_one_view_out__fold01__candidate_339,leave_one_view_out__fold01,True,chronaris,future_maneuver_trend,20251005_四01_ACT-4_云_J20_22#01__pilot_10033::context_end_0007,1.0,0.0,False
leave_one_view_out__fold01__candidate_339,leave_one_view_out__fold01,True,chronaris,future_maneuver_trend,20251005_四01_ACT-4_云_J20_22#01__pilot_10033::context_end_0008,2.0,0.0,False
leave_one_view_out__fold01__candidate_339,leave_one_view_out__fold01,True,chronaris,future_maneuver_trend,20251005_四01_ACT-4_云_J20_22#01__pilot_10033::context_end_0009,0.0,0.0,False
leave_one_view_out__fold01__candidate_339,leave_one_view_out__fold01,True,chronaris,future_maneuver_trend,20251005_四01_ACT-4_云_J20_22#01__pilot_10033::context_end_0010,1.0,0.0,False
leave_one_view_out__fold01__candidate_339,leave_one_view_out__fold01,True,chronaris,physiology_residual,20251002_单01_ACT-8_翼云_J16_12#01__pilot_10035::context_end_0027,0.17461582819834892,0.3020129103366954,False
leave_one_view_out__fold01__candidate_339,leave_one_view_out__fold01,True,chronaris,physiology_residual,20251002_单01_ACT-8_翼云_J16_12#01__pilot_10035::context_end_0028,0.2138699807822021,0.20472035806539257,False
leave_one_view_out__fold01__candidate_339,leave_one_view_out__fold01,True,chronaris,physiology_residual,20251002_单01_ACT-8_翼云_J16_12#01__pilot_10035::context_end_0029,0.34876616861250354,0.2795228801877854,False
leave_one_view_out__fold01__candidate_339,leave_one_view_out__fold01,True,chronaris,physiology_residual,20251002_单01_ACT-8_翼云_J16_12#01__pilot_10035::context_end_0030,0.21941048902214738,0.25163708767877213,False
leave_one_view_out__fold01__candidate_339,leave_one_view_out__fold01,True,chronaris,physiology_residual,20251002_单01_ACT-8_翼云_J16_12#01__pilot_10035::context_end_0031,0.37347979595114833,0.31910378198002065,False
leave_one_view_out__fold01__candidate_339,leave_one_view_out__fold01,True,chronaris,physiology_residual,20251002_单01_ACT-8_翼云_J16_12#01__pilot_10035::context_end_0032,0.22369468497632097,0.4637739497662657,False
leave_one_view_out__fold01__candidate_339,leave_one_view_out__fold01,True,chronaris,physiology_residual,20251005_四01_ACT-4_云_J20_22#01__pilot_10033::context_end_0005,1.425029048510407,-2.0826630369675048,False
leave_one_view_out__fold01__candidate_339,leave_one_view_out__fold01,True,chronaris,physiology_residual,20251005_四01_ACT-4_云_J20_22#01__pilot_10033::context_end_0006,0.909721975698907,-0.6799832861326913,False
leave_one_view_out__fold01__candidate_339,leave_one_view_out__fold01,True,chronaris,physiology_residual,20251005_四01_ACT-4_云_J20_22#01__pilot_10033::context_end_0007,0.5348438109629658,-0.31169989081996285,False
leave_one_view_out__fold01__candidate_339,leave_one_view_out__fold01,True,chronaris,physiology_residual,20251005_四01_ACT-4_云_J20_22#01__pilot_10033::context_end_0008,1.2125027893813929,-0.23497028205497383,False
leave_one_view_out__fold01__candidate_339,leave_one_view_out__fold01,True,chronaris,physiology_residual,20251005_四01_ACT-4_云_J20_22#01__pilot_10033::context_end_0009,0.8685779276924587,0.004448639282560896,False
leave_one_view_out__fold01__candidate_339,leave_one_view_out__fold01,True,chronaris,physiology_residual,20251005_四01_ACT-4_云_J20_22#01__pilot_10033::context_end_0010,1.2113326172343422,-0.007131595355381326,False
leave_one_view_out__fold01__candidate_339,leave_one_view_out__fold01,True,chronaris,high_residual_response,20251002_单01_ACT-8_翼云_J16_12#01__pilot_10035::context_end_0027,0.0,0.003475947957070093,False
leave_one_view_out__fold01__candidate_339,leave_one_view_out__fold01,True,chronaris,high_residual_response,20251002_单01_ACT-8_翼云_J16_12#01__pilot_10035::context_end_0028,0.0,0.0010959805261816214,False
leave_one_view_out__fold01__candidate_339,leave_one_view_out__fold01,True,chronaris,high_residual_response,20251002_单01_ACT-8_翼云_J16_12#01__pilot_10035::context_end_0029,0.0,0.0008944878824189385,False
leave_one_view_out__fold01__candidate_339,leave_one_view_out__fold01,True,chronaris,high_residual_response,20251002_单01_ACT-8_翼云_J16_12#01__pilot_10035::context_end_0030,0.0,0.0006971334067195976,False
leave_one_view_out__fold01__candidate_339,leave_one_view_out__fold01,True,chronaris,high_residual_response,20251002_单01_ACT-8_翼云_J16_12#01__pilot_10035::context_end_0031,0.0,0.00044136621246932545,False
leave_one_view_out__fold01__candidate_339,leave_one_view_out__fold01,True,chronaris,high_residual_response,20251002_单01_ACT-8_翼云_J16_12#01__pilot_10035::context_end_0032,0.0,0.0005203988909383729,False
leave_one_view_out__fold01__candidate_339,leave_one_view_out__fold01,True,chronaris,high_residual_response,20251005_四01_ACT-4_云_J20_22#01__pilot_10033::context_end_0005,1.0,3.436035248815121e-14,False
leave_one_view_out__fold01__candidate_339,leave_one_view_out__fold01,True,chronaris,high_residual_response,20251005_四01_ACT-4_云_J20_22#01__pilot_10033::context_end_0006,0.0,4.4138337745666e-10,False
leave_one_view_out__fold01__candidate_339,leave_one_view_out__fold01,True,chronaris,high_residual_response,20251005_四01_ACT-4_云_J20_22#01__pilot_10033::context_end_0007,0.0,3.7076421000368857e-09,False
leave_one_view_out__fold01__candidate_339,leave_one_view_out__fold01,True,chronaris,high_residual_response,20251005_四01_ACT-4_云_J20_22#01__pilot_10033::context_end_0008,1.0,5.711192644863884e-09,False
leave_one_view_out__fold01__candidate_339,leave_one_view_out__fold01,True,chronaris,high_residual_response,20251005_四01_ACT-4_云_J20_22#01__pilot_10033::context_end_0009,0.0,7.299302986283095e-09,False
leave_one_view_out__fold01__candidate_339,leave_one_view_out__fold01,True,chronaris,high_residual_response,20251005_四01_ACT-4_云_J20_22#01__pilot_10033::context_end_0010,1.0,1.578185616296411e-08,False
leave_one_view_out__fold01__candidate_353,leave_one_view_out__fold01,True,physiology_only,future_maneuver_score,20251002_单01_ACT-8_翼云_J16_12#01__pilot_10035::context_end_0029,3.0292348060697027,-5.291973421162542,False
leave_one_view_out__fold01__candidate_353,leave_one_view_out__fold01,True,physiology_only,future_maneuver_score,20251002_单01_ACT-8_翼云_J16_12#01__pilot_10035::context_end_0030,1.9585391910154424,-5.732320181110178,False
leave_one_view_out__fold01__candidate_353,leave_one_view_out__fold01,True,physiology_only,future_maneuver_score,20251002_单01_ACT-8_翼云_J16_12#01__pilot_10035::context_end_0031,1.1036524591486794,-8.613079647473063,False
leave_one_view_out__fold01__candidate_353,leave_one_view_out__fold01,True,physiology_only,future_maneuver_score,20251002_单01_ACT-8_翼云_J16_12#01__pilot_10035::context_end_0032,1.4075638400878334,-12.98361218961355,False
leave_one_view_out__fold01__candidate_353,leave_one_view_out__fold01,True,physiology_only,future_maneuver_score,20251002_单01_ACT-8_翼云_J16_12#01__pilot_10035::context_end_0033,1.0680971855795496,-10.851723959021202,False
leave_one_view_out__fold01__candidate_353,leave_one_view_out__fold01,True,physiology_only,future_maneuver_score,20251002_单01_ACT-8_翼云_J16_12#01__pilot_10035::context_end_0034,1.2299139539987742,-6.910022715521372,False
leave_one_view_out__fold01__candidate_353,leave_one_view_out__fold01,True,physiology_only,future_maneuver_score,20251005_四01_ACT-4_云_J20_22#01__pilot_10033::context_end_0007,0.3092851182519106,5.954717388728817,False
leave_one_view_out__fold01__candidate_353,leave_one_view_out__fold01,True,physiology_only,future_maneuver_score,20251005_四01_ACT-4_云_J20_22#01__pilot_10033::context_end_0008,1.5221963623146797,6.458456852511603,False
leave_one_view_out__fold01__candidate_353,leave_one_view_out__fold01,True,physiology_only,future_maneuver_score,20251005_四01_ACT-4_云_J20_22#01__pilot_10033::context_end_0009,0.5763863412133577,6.030968212412741,False
leave_one_view_out__fold01__candidate_353,leave_one_view_out__fold01,True,physiology_only,future_maneuver_score,20251005_四01_ACT-4_云_J20_22#01__pilot_10033::context_end_0010,0.4275630078917834,5.288918969946241,False
leave_one_view_out__fold01__candidate_353,leave_one_view_out__fold01,True,physiology_only,future_maneuver_score,20251005_四01_ACT-4_云_J20_22#01__pilot_10033::context_end_0011,0.1818763538571845,4.477212917999215,False
leave_one_view_out__fold01__candidate_353,leave_one_view_out__fold01,True,physiology_only,future_maneuver_score,20251005_四01_ACT-4_云_J20_22#01__pilot_10033::context_end_0012,0.2168650316834774,4.0751049037988025,False
leave_one_view_out__fold01__candidate_353,leave_one_view_out__fold01,True,physiology_only,future_maneuver_trend,20251002_单01_ACT-8_翼云_J16_12#01__pilot_10035::context_end_0029,0.0,1.0,False
leave_one_view_out__fold01__candidate_353,leave_one_view_out__fold01,True,physiology_only,future_maneuver_trend,20251002_单01_ACT-8_翼云_J16_12#01__pilot_10035::context_end_0030,0.0,1.0,False
leave_one_view_out__fold01__candidate_353,leave_one_view_out__fold01,True,physiology_only,future_maneuver_trend,20251002_单01_ACT-8_翼云_J16_12#01__pilot_10035::context_end_0031,0.0,1.0,False
leave_one_view_out__fold01__candidate_353,leave_one_view_out__fold01,True,physiology_only,future_maneuver_trend,20251002_单01_ACT-8_翼云_J16_12#01__pilot_10035::context_end_0032,2.0,1.0,False
leave_one_view_out__fold01__candidate_353,leave_one_view_out__fold01,True,physiology_only,future_maneuver_trend,20251002_单01_ACT-8_翼云_J16_12#01__pilot_10035::context_end_0033,0.0,1.0,False
leave_one_view_out__fold01__candidate_353,leave_one_view_out__fold01,True,physiology_only,future_maneuver_trend,20251002_单01_ACT-8_翼云_J16_12#01__pilot_10035::context_end_0034,1.0,1.0,False
leave_one_view_out__fold01__candidate_353,leave_one_view_out__fold01,True,physiology_only,future_maneuver_trend,20251005_四01_ACT-4_云_J20_22#01__pilot_10033::context_end_0007,1.0,2.0,False
leave_one_view_out__fold01__candidate_353,leave_one_view_out__fold01,True,physiology_only,future_maneuver_trend,20251005_四01_ACT-4_云_J20_22#01__pilot_10033::context_end_0008,2.0,2.0,False
leave_one_view_out__fold01__candidate_353,leave_one_view_out__fold01,True,physiology_only,future_maneuver_trend,20251005_四01_ACT-4_云_J20_22#01__pilot_10033::context_end_0009,0.0,2.0,False
leave_one_view_out__fold01__candidate_353,leave_one_view_out__fold01,True,physiology_only,future_maneuver_trend,20251005_四01_ACT-4_云_J20_22#01__pilot_10033::context_end_0010,1.0,2.0,False
leave_one_view_out__fold01__candidate_353,leave_one_view_out__fold01,True,physiology_only,future_maneuver_trend,20251005_四01_ACT-4_云_J20_22#01__pilot_10033::context_end_0011,0.0,2.0,False
leave_one_view_out__fold01__candidate_353,leave_one_view_out__fold01,True,physiology_only,future_maneuver_trend,20251005_四01_ACT-4_云_J20_22#01__pilot_10033::context_end_0012,1.0,2.0,False
leave_one_view_out__fold01__candidate_353,leave_one_view_out__fold01,True,physiology_only,physiology_residual,20251002_单01_ACT-8_翼云_J16_12#01__pilot_10035::context_end_0029,0.3967425686889836,1.4526679331106644,False
leave_one_view_out__fold01__candidate_353,leave_one_view_out__fold01,True,physiology_only,physiology_residual,20251002_单01_ACT-8_翼云_J16_12#01__pilot_10035::context_end_0030,0.3381343630202689,2.9265007503846583,False
leave_one_view_out__fold01__candidate_353,leave_one_view_out__fold01,True,physiology_only,physiology_residual,20251002_单01_ACT-8_翼云_J16_12#01__pilot_10035::context_end_0031,0.29213835092202667,3.756524761146747,False
leave_one_view_out__fold01__candidate_353,leave_one_view_out__fold01,True,physiology_only,physiology_residual,20251002_单01_ACT-8_翼云_J16_12#01__pilot_10035::context_end_0032,0.22388600680424012,4.444257932783287,False
leave_one_view_out__fold01__candidate_353,leave_one_view_out__fold01,True,physiology_only,physiology_residual,20251002_单01_ACT-8_翼云_J16_12#01__pilot_10035::context_end_0033,0.13000063848438848,1.9820275231157922,False
leave_one_view_out__fold01__candidate_353,leave_one_view_out__fold01,True,physiology_only,physiology_residual,20251002_单01_ACT-8_翼云_J16_12#01__pilot_10035::context_end_0034,0.2178508102855939,1.0609362247406668,False
leave_one_view_out__fold01__candidate_353,leave_one_view_out__fold01,True,physiology_only,physiology_residual,20251005_四01_ACT-4_云_J20_22#01__pilot_10033::context_end_0007,1.0687563207868456,-6.521522705217767,False
leave_one_view_out__fold01__candidate_353,leave_one_view_out__fold01,True,physiology_only,physiology_residual,20251005_四01_ACT-4_云_J20_22#01__pilot_10033::context_end_0008,1.2535216697253515,-7.862834677807938,False
leave_one_view_out__fold01__candidate_353,leave_one_view_out__fold01,True,physiology_only,physiology_residual,20251005_四01_ACT-4_云_J20_22#01__pilot_10033::context_end_0009,1.1513541643108118,-7.040622482454226,False
leave_one_view_out__fold01__candidate_353,leave_one_view_out__fold01,True,physiology_only,physiology_residual,20251005_四01_ACT-4_云_J20_22#01__pilot_10033::context_end_0010,1.0462867457864493,-6.1323534201105145,False
leave_one_view_out__fold01__candidate_353,leave_one_view_out__fold01,True,physiology_only,physiology_residual,20251005_四01_ACT-4_云_J20_22#01__pilot_10033::context_end_0011,0.7921648421478928,-5.015871159953108,False
leave_one_view_out__fold01__candidate_353,leave_one_view_out__fold01,True,physiology_only,physiology_residual,20251005_四01_ACT-4_云_J20_22#01__pilot_10033::context_end_0012,0.41059414698153934,-3.6377549902658233,False
leave_one_view_out__fold01__candidate_353,leave_one_view_out__fold01,True,physiology_only,high_residual_response,20251002_单01_ACT-8_翼云_J16_12#01__pilot_10035::context_end_0029,0.0,0.1851033787441931,False
leave_one_view_out__fold01__candidate_353,leave_one_view_out__fold01,True,physiology_only,high_residual_response,20251002_单01_ACT-8_翼云_J16_12#01__pilot_10035::context_end_0030,0.0,0.9949540626005621,False
leave_one_view_out__fold01__candidate_353,leave_one_view_out__fold01,True,physiology_only,high_residual_response,20251002_单01_ACT-8_翼云_J16_12#01__pilot_10035::context_end_0031,0.0,0.999966787601779,False
leave_one_view_out__fold01__candidate_353,leave_one_view_out__fold01,True,physiology_only,high_residual_response,20251002_单01_ACT-8_翼云_J16_12#01__pilot_10035::context_end_0032,0.0,0.9999998039489648,False
leave_one_view_out__fold01__candidate_353,leave_one_view_out__fold01,True,physiology_only,high_residual_response,20251002_单01_ACT-8_翼云_J16_12#01__pilot_10035::context_end_0033,0.0,0.8458670368954209,False
leave_one_view_out__fold01__candidate_353,leave_one_view_out__fold01,True,physiology_only,high_residual_response,20251002_单01_ACT-8_翼云_J16_12#01__pilot_10035::context_end_0034,0.0,0.03565259824353749,False
leave_one_view_out__fold01__candidate_353,leave_one_view_out__fold01,True,physiology_only,high_residual_response,20251005_四01_ACT-4_云_J20_22#01__pilot_10033::context_end_0007,0.0,8.03890143243356e-08,False
leave_one_view_out__fold01__candidate_353,leave_one_view_out__fold01,True,physiology_only,high_residual_response,20251005_四01_ACT-4_云_J20_22#01__pilot_10033::context_end_0008,0.0,1.697282554074787e-06,False
leave_one_view_out__fold01__candidate_353,leave_one_view_out__fold01,True,physiology_only,high_residual_response,20251005_四01_ACT-4_云_J20_22#01__pilot_10033::context_end_0009,0.0,6.675062110328458e-06,False
leave_one_view_out__fold01__candidate_353,leave_one_view_out__fold01,True,physiology_only,high_residual_response,20251005_四01_ACT-4_云_J20_22#01__pilot_10033::context_end_0010,0.0,3.106358496427133e-05,False
leave_one_view_out__fold01__candidate_353,leave_one_view_out__fold01,True,physiology_only,high_residual_response,20251005_四01_ACT-4_云_J20_22#01__pilot_10033::context_end_0011,0.0,8.923184127314621e-05,False
leave_one_view_out__fold01__candidate_353,leave_one_view_out__fold01,True,physiology_only,high_residual_response,20251005_四01_ACT-4_云_J20_22#01__pilot_10033::context_end_0012,0.0,0.000837781457307793,False
leave_one_view_out__fold01__candidate_353,leave_one_view_out__fold01,True,vehicle_only,future_maneuver_score,20251002_单01_ACT-8_翼云_J16_12#01__pilot_10035::context_end_0029,3.0292348060697027,1.7667239846407603,False
leave_one_view_out__fold01__candidate_353,leave_one_view_out__fold01,True,vehicle_only,future_maneuver_score,20251002_单01_ACT-8_翼云_J16_12#01__pilot_10035::context_end_0030,1.9585391910154424,1.4375951539434153,False
leave_one_view_out__fold01__candidate_353,leave_one_view_out__fold01,True,vehicle_only,future_maneuver_score,20251002_单01_ACT-8_翼云_J16_12#01__pilot_10035::context_end_0031,1.1036524591486794,1.9198823213321656,False
leave_one_view_out__fold01__candidate_353,leave_one_view_out__fold01,True,vehicle_only,future_maneuver_score,20251002_单01_ACT-8_翼云_J16_12#01__pilot_10035::context_end_0032,1.4075638400878334,1.5433258105406158,False
leave_one_view_out__fold01__candidate_353,leave_one_view_out__fold01,True,vehicle_only,future_maneuver_score,20251002_单01_ACT-8_翼云_J16_12#01__pilot_10035::context_end_0033,1.0680971855795496,0.9073389456642701,False
leave_one_view_out__fold01__candidate_353,leave_one_view_out__fold01,True,vehicle_only,future_maneuver_score,20251002_单01_ACT-8_翼云_J16_12#01__pilot_10035::context_end_0034,1.2299139539987742,0.6297988784820845,False
leave_one_view_out__fold01__candidate_353,leave_one_view_out__fold01,True,vehicle_only,future_maneuver_score,20251005_四01_ACT-4_云_J20_22#01__pilot_10033::context_end_0007,0.3092851182519106,1.8109934091909294,False
leave_one_view_out__fold01__candidate_353,leave_one_view_out__fold01,True,vehicle_only,future_maneuver_score,20251005_四01_ACT-4_云_J20_22#01__pilot_10033::context_end_0008,1.5221963623146797,1.4268046311205282,False
leave_one_view_out__fold01__candidate_353,leave_one_view_out__fold01,True,vehicle_only,future_maneuver_score,20251005_四01_ACT-4_云_J20_22#01__pilot_10033::context_end_0009,0.5763863412133577,0.6991900588291488,False
leave_one_view_out__fold01__candidate_353,leave_one_view_out__fold01,True,vehicle_only,future_maneuver_score,20251005_四01_ACT-4_云_J20_22#01__pilot_10033::context_end_0010,0.4275630078917834,0.32042288081716497,False
leave_one_view_out__fold01__candidate_353,leave_one_view_out__fold01,True,vehicle_only,future_maneuver_score,20251005_四01_ACT-4_云_J20_22#01__pilot_10033::context_end_0011,0.1818763538571845,1.2976213484712291,False
leave_one_view_out__fold01__candidate_353,leave_one_view_out__fold01,True,vehicle_only,future_maneuver_score,20251005_四01_ACT-4_云_J20_22#01__pilot_10033::context_end_0012,0.2168650316834774,1.1772837895887236,False
leave_one_view_out__fold01__candidate_353,leave_one_view_out__fold01,True,vehicle_only,future_maneuver_trend,20251002_单01_ACT-8_翼云_J16_12#01__pilot_10035::context_end_0029,0.0,1.0,False
leave_one_view_out__fold01__candidate_353,leave_one_view_out__fold01,True,vehicle_only,future_maneuver_trend,20251002_单01_ACT-8_翼云_J16_12#01__pilot_10035::context_end_0030,0.0,0.0,False
leave_one_view_out__fold01__candidate_353,leave_one_view_out__fold01,True,vehicle_only,future_maneuver_trend,20251002_单01_ACT-8_翼云_J16_12#01__pilot_10035::context_end_0031,0.0,0.0,False
leave_one_view_out__fold01__candidate_353,leave_one_view_out__fold01,True,vehicle_only,future_maneuver_trend,20251002_单01_ACT-8_翼云_J16_12#01__pilot_10035::context_end_0032,2.0,2.0,False
leave_one_view_out__fold01__candidate_353,leave_one_view_out__fold01,True,vehicle_only,future_maneuver_trend,20251002_单01_ACT-8_翼云_J16_12#01__pilot_10035::context_end_0033,0.0,0.0,False
leave_one_view_out__fold01__candidate_353,leave_one_view_out__fold01,True,vehicle_only,future_maneuver_trend,20251002_单01_ACT-8_翼云_J16_12#01__pilot_10035::context_end_0034,1.0,1.0,False
leave_one_view_out__fold01__candidate_353,leave_one_view_out__fold01,True,vehicle_only,future_maneuver_trend,20251005_四01_ACT-4_云_J20_22#01__pilot_10033::context_end_0007,1.0,2.0,False
leave_one_view_out__fold01__candidate_353,leave_one_view_out__fold01,True,vehicle_only,future_maneuver_trend,20251005_四01_ACT-4_云_J20_22#01__pilot_10033::context_end_0008,2.0,2.0,False
leave_one_view_out__fold01__candidate_353,leave_one_view_out__fold01,True,vehicle_only,future_maneuver_trend,20251005_四01_ACT-4_云_J20_22#01__pilot_10033::context_end_0009,0.0,0.0,False
leave_one_view_out__fold01__candidate_353,leave_one_view_out__fold01,True,vehicle_only,future_maneuver_trend,20251005_四01_ACT-4_云_J20_22#01__pilot_10033::context_end_0010,1.0,1.0,False
leave_one_view_out__fold01__candidate_353,leave_one_view_out__fold01,True,vehicle_only,future_maneuver_trend,20251005_四01_ACT-4_云_J20_22#01__pilot_10033::context_end_0011,0.0,0.0,False
leave_one_view_out__fold01__candidate_353,leave_one_view_out__fold01,True,vehicle_only,future_maneuver_trend,20251005_四01_ACT-4_云_J20_22#01__pilot_10033::context_end_0012,1.0,1.0,False
leave_one_view_out__fold01__candidate_353,leave_one_view_out__fold01,True,vehicle_only,physiology_residual,20251002_单01_ACT-8_翼云_J16_12#01__pilot_10035::context_end_0029,0.3967425686889836,0.8383914733220189,False
leave_one_view_out__fold01__candidate_353,leave_one_view_out__fold01,True,vehicle_only,physiology_residual,20251002_单01_ACT-8_翼云_J16_12#01__pilot_10035::context_end_0030,0.3381343630202689,1.1532388552938788,False
leave_one_view_out__fold01__candidate_353,leave_one_view_out__fold01,True,vehicle_only,physiology_residual,20251002_单01_ACT-8_翼云_J16_12#01__pilot_10035::context_end_0031,0.29213835092202667,1.1030199021242706,False
leave_one_view_out__fold01__candidate_353,leave_one_view_out__fold01,True,vehicle_only,physiology_residual,20251002_单01_ACT-8_翼云_J16_12#01__pilot_10035::context_end_0032,0.22388600680424012,1.059234973634021,False
leave_one_view_out__fold01__candidate_353,leave_one_view_out__fold01,True,vehicle_only,physiology_residual,20251002_单01_ACT-8_翼云_J16_12#01__pilot_10035::context_end_0033,0.13000063848438848,1.1781890454342796,False
leave_one_view_out__fold01__candidate_353,leave_one_view_out__fold01,True,vehicle_only,physiology_residual,20251002_单01_ACT-8_翼云_J16_12#01__pilot_10035::context_end_0034,0.2178508102855939,0.9294228985203454,False
leave_one_view_out__fold01__candidate_353,leave_one_view_out__fold01,True,vehicle_only,physiology_residual,20251005_四01_ACT-4_云_J20_22#01__pilot_10033::context_end_0007,1.0687563207868456,0.6903880805691194,False
leave_one_view_out__fold01__candidate_353,leave_one_view_out__fold01,True,vehicle_only,physiology_residual,20251005_四01_ACT-4_云_J20_22#01__pilot_10033::context_end_0008,1.2535216697253515,0.930168478581943,False
leave_one_view_out__fold01__candidate_353,leave_one_view_out__fold01,True,vehicle_only,physiology_residual,20251005_四01_ACT-4_云_J20_22#01__pilot_10033::context_end_0009,1.1513541643108118,1.7259763768489953,False
leave_one_view_out__fold01__candidate_353,leave_one_view_out__fold01,True,vehicle_only,physiology_residual,20251005_四01_ACT-4_云_J20_22#01__pilot_10033::context_end_0010,1.0462867457864493,1.6979719907905335,False
leave_one_view_out__fold01__candidate_353,leave_one_view_out__fold01,True,vehicle_only,physiology_residual,20251005_四01_ACT-4_云_J20_22#01__pilot_10033::context_end_0011,0.7921648421478928,1.0626633125987515,False
leave_one_view_out__fold01__candidate_353,leave_one_view_out__fold01,True,vehicle_only,physiology_residual,20251005_四01_ACT-4_云_J20_22#01__pilot_10033::context_end_0012,0.41059414698153934,0.8145490656010296,False
leave_one_view_out__fold01__candidate_353,leave_one_view_out__fold01,True,vehicle_only,high_residual_response,20251002_单01_ACT-8_翼云_J16_12#01__pilot_10035::context_end_0029,0.0,0.5378771776454692,False
leave_one_view_out__fold01__candidate_353,leave_one_view_out__fold01,True,vehicle_only,high_residual_response,20251002_单01_ACT-8_翼云_J16_12#01__pilot_10035::context_end_0030,0.0,0.48820984957337027,False
leave_one_view_out__fold01__candidate_353,leave_one_view_out__fold01,True,vehicle_only,high_residual_response,20251002_单01_ACT-8_翼云_J16_12#01__pilot_10035::context_end_0031,0.0,0.8271100552744871,False
leave_one_view_out__fold01__candidate_353,leave_one_view_out__fold01,True,vehicle_only,high_residual_response,20251002_单01_ACT-8_翼云_J16_12#01__pilot_10035::context_end_0032,0.0,0.7200149485915146,False
leave_one_view_out__fold01__candidate_353,leave_one_view_out__fold01,True,vehicle_only,high_residual_response,20251002_单01_ACT-8_翼云_J16_12#01__pilot_10035::context_end_0033,0.0,0.46223168254377517,False
leave_one_view_out__fold01__candidate_353,leave_one_view_out__fold01,True,vehicle_only,high_residual_response,20251002_单01_ACT-8_翼云_J16_12#01__pilot_10035::context_end_0034,0.0,0.1969713813562344,False
leave_one_view_out__fold01__candidate_353,leave_one_view_out__fold01,True,vehicle_only,high_residual_response,20251005_四01_ACT-4_云_J20_22#01__pilot_10033::context_end_0007,0.0,0.45536441874217365,False
leave_one_view_out__fold01__candidate_353,leave_one_view_out__fold01,True,vehicle_only,high_residual_response,20251005_四01_ACT-4_云_J20_22#01__pilot_10033::context_end_0008,0.0,0.5032071656123498,False
leave_one_view_out__fold01__candidate_353,leave_one_view_out__fold01,True,vehicle_only,high_residual_response,20251005_四01_ACT-4_云_J20_22#01__pilot_10033::context_end_0009,0.0,0.8116550975511514,False
leave_one_view_out__fold01__candidate_353,leave_one_view_out__fold01,True,vehicle_only,high_residual_response,20251005_四01_ACT-4_云_J20_22#01__pilot_10033::context_end_0010,0.0,0.7487347351820934,False
leave_one_view_out__fold01__candidate_353,leave_one_view_out__fold01,True,vehicle_only,high_residual_response,20251005_四01_ACT-4_云_J20_22#01__pilot_10033::context_end_0011,0.0,0.4659028517250365,False
leave_one_view_out__fold01__candidate_353,leave_one_view_out__fold01,True,vehicle_only,high_residual_response,20251005_四01_ACT-4_云_J20_22#01__pilot_10033::context_end_0012,0.0,0.3521692243406474,False
leave_one_view_out__fold01__candidate_353,leave_one_view_out__fold01,True,naive_time_sync,future_maneuver_score,20251002_单01_ACT-8_翼云_J16_12#01__pilot_10035::context_end_0029,3.0292348060697027,2.002320287676848,False
leave_one_view_out__fold01__candidate_353,leave_one_view_out__fold01,True,naive_time_sync,future_maneuver_score,20251002_单01_ACT-8_翼云_J16_12#01__pilot_10035::context_end_0030,1.9585391910154424,0.8262808996250731,False
leave_one_view_out__fold01__candidate_353,leave_one_view_out__fold01,True,naive_time_sync,future_maneuver_score,20251002_单01_ACT-8_翼云_J16_12#01__pilot_10035::context_end_0031,1.1036524591486794,0.5822399826940106,False
leave_one_view_out__fold01__candidate_353,leave_one_view_out__fold01,True,naive_time_sync,future_maneuver_score,20251002_单01_ACT-8_翼云_J16_12#01__pilot_10035::context_end_0032,1.4075638400878334,0.30155977800063105,False
leave_one_view_out__fold01__candidate_353,leave_one_view_out__fold01,True,naive_time_sync,future_maneuver_score,20251002_单01_ACT-8_翼云_J16_12#01__pilot_10035::context_end_0033,1.0680971855795496,-0.06668863026743588,False
leave_one_view_out__fold01__candidate_353,leave_one_view_out__fold01,True,naive_time_sync,future_maneuver_score,20251002_单01_ACT-8_翼云_J16_12#01__pilot_10035::context_end_0034,1.2299139539987742,0.18737736830209417,False
leave_one_view_out__fold01__candidate_353,leave_one_view_out__fold01,True,naive_time_sync,future_maneuver_score,20251005_四01_ACT-4_云_J20_22#01__pilot_10033::context_end_0007,0.3092851182519106,2.950082898836131,False
leave_one_view_out__fold01__candidate_353,leave_one_view_out__fold01,True,naive_time_sync,future_maneuver_score,20251005_四01_ACT-4_云_J20_22#01__pilot_10033::context_end_0008,1.5221963623146797,3.462492569076958,False
leave_one_view_out__fold01__candidate_353,leave_one_view_out__fold01,True,naive_time_sync,future_maneuver_score,20251005_四01_ACT-4_云_J20_22#01__pilot_10033::context_end_0009,0.5763863412133577,2.728153346175967,False
leave_one_view_out__fold01__candidate_353,leave_one_view_out__fold01,True,naive_time_sync,future_maneuver_score,20251005_四01_ACT-4_云_J20_22#01__pilot_10033::context_end_0010,0.4275630078917834,2.5901693065141664,False
leave_one_view_out__fold01__candidate_353,leave_one_view_out__fold01,True,naive_time_sync,future_maneuver_score,20251005_四01_ACT-4_云_J20_22#01__pilot_10033::context_end_0011,0.1818763538571845,2.1893075467261838,False
leave_one_view_out__fold01__candidate_353,leave_one_view_out__fold01,True,naive_time_sync,future_maneuver_score,20251005_四01_ACT-4_云_J20_22#01__pilot_10033::context_end_0012,0.2168650316834774,2.122395613195598,False
leave_one_view_out__fold01__candidate_353,leave_one_view_out__fold01,True,naive_time_sync,future_maneuver_trend,20251002_单01_ACT-8_翼云_J16_12#01__pilot_10035::context_end_0029,0.0,0.0,False
leave_one_view_out__fold01__candidate_353,leave_one_view_out__fold01,True,naive_time_sync,future_maneuver_trend,20251002_单01_ACT-8_翼云_J16_12#01__pilot_10035::context_end_0030,0.0,0.0,False
leave_one_view_out__fold01__candidate_353,leave_one_view_out__fold01,True,naive_time_sync,future_maneuver_trend,20251002_单01_ACT-8_翼云_J16_12#01__pilot_10035::context_end_0031,0.0,0.0,False
leave_one_view_out__fold01__candidate_353,leave_one_view_out__fold01,True,naive_time_sync,future_maneuver_trend,20251002_单01_ACT-8_翼云_J16_12#01__pilot_10035::context_end_0032,2.0,0.0,False
leave_one_view_out__fold01__candidate_353,leave_one_view_out__fold01,True,naive_time_sync,future_maneuver_trend,20251002_单01_ACT-8_翼云_J16_12#01__pilot_10035::context_end_0033,0.0,0.0,False
leave_one_view_out__fold01__candidate_353,leave_one_view_out__fold01,True,naive_time_sync,future_maneuver_trend,20251002_单01_ACT-8_翼云_J16_12#01__pilot_10035::context_end_0034,1.0,0.0,False
leave_one_view_out__fold01__candidate_353,leave_one_view_out__fold01,True,naive_time_sync,future_maneuver_trend,20251005_四01_ACT-4_云_J20_22#01__pilot_10033::context_end_0007,1.0,1.0,False
leave_one_view_out__fold01__candidate_353,leave_one_view_out__fold01,True,naive_time_sync,future_maneuver_trend,20251005_四01_ACT-4_云_J20_22#01__pilot_10033::context_end_0008,2.0,1.0,False
leave_one_view_out__fold01__candidate_353,leave_one_view_out__fold01,True,naive_time_sync,future_maneuver_trend,20251005_四01_ACT-4_云_J20_22#01__pilot_10033::context_end_0009,0.0,1.0,False
leave_one_view_out__fold01__candidate_353,leave_one_view_out__fold01,True,naive_time_sync,future_maneuver_trend,20251005_四01_ACT-4_云_J20_22#01__pilot_10033::context_end_0010,1.0,1.0,False
leave_one_view_out__fold01__candidate_353,leave_one_view_out__fold01,True,naive_time_sync,future_maneuver_trend,20251005_四01_ACT-4_云_J20_22#01__pilot_10033::context_end_0011,0.0,1.0,False
leave_one_view_out__fold01__candidate_353,leave_one_view_out__fold01,True,naive_time_sync,future_maneuver_trend,20251005_四01_ACT-4_云_J20_22#01__pilot_10033::context_end_0012,1.0,1.0,False
leave_one_view_out__fold01__candidate_353,leave_one_view_out__fold01,True,naive_time_sync,physiology_residual,20251002_单01_ACT-8_翼云_J16_12#01__pilot_10035::context_end_0029,0.3967425686889836,2.6831190658058386,False
leave_one_view_out__fold01__candidate_353,leave_one_view_out__fold01,True,naive_time_sync,physiology_residual,20251002_单01_ACT-8_翼云_J16_12#01__pilot_10035::context_end_0030,0.3381343630202689,3.0159826799481984,False
leave_one_view_out__fold01__candidate_353,leave_one_view_out__fold01,True,naive_time_sync,physiology_residual,20251002_单01_ACT-8_翼云_J16_12#01__pilot_10035::context_end_0031,0.29213835092202667,2.924835417367545,False
leave_one_view_out__fold01__candidate_353,leave_one_view_out__fold01,True,naive_time_sync,physiology_residual,20251002_单01_ACT-8_翼云_J16_12#01__pilot_10035::context_end_0032,0.22388600680424012,2.731883264707827,False
leave_one_view_out__fold01__candidate_353,leave_one_view_out__fold01,True,naive_time_sync,physiology_residual,20251002_单01_ACT-8_翼云_J16_12#01__pilot_10035::context_end_0033,0.13000063848438848,1.879410142492267,False
leave_one_view_out__fold01__candidate_353,leave_one_view_out__fold01,True,naive_time_sync,physiology_residual,20251002_单01_ACT-8_翼云_J16_12#01__pilot_10035::context_end_0034,0.2178508102855939,1.7304517666367318,False
leave_one_view_out__fold01__candidate_353,leave_one_view_out__fold01,True,naive_time_sync,physiology_residual,20251005_四01_ACT-4_云_J20_22#01__pilot_10033::context_end_0007,1.0687563207868456,-5.7554792698904995,False
leave_one_view_out__fold01__candidate_353,leave_one_view_out__fold01,True,naive_time_sync,physiology_residual,20251005_四01_ACT-4_云_J20_22#01__pilot_10033::context_end_0008,1.2535216697253515,-5.88792244599379,False
leave_one_view_out__fold01__candidate_353,leave_one_view_out__fold01,True,naive_time_sync,physiology_residual,20251005_四01_ACT-4_云_J20_22#01__pilot_10033::context_end_0009,1.1513541643108118,-3.949668591517846,False
leave_one_view_out__fold01__candidate_353,leave_one_view_out__fold01,True,naive_time_sync,physiology_residual,20251005_四01_ACT-4_云_J20_22#01__pilot_10033::context_end_0010,1.0462867457864493,-2.934568158501089,False
leave_one_view_out__fold01__candidate_353,leave_one_view_out__fold01,True,naive_time_sync,physiology_residual,20251005_四01_ACT-4_云_J20_22#01__pilot_10033::context_end_0011,0.7921648421478928,-2.8228974035963548,False
leave_one_view_out__fold01__candidate_353,leave_one_view_out__fold01,True,naive_time_sync,physiology_residual,20251005_四01_ACT-4_云_J20_22#01__pilot_10033::context_end_0012,0.41059414698153934,-3.6929960108311297,False
leave_one_view_out__fold01__candidate_353,leave_one_view_out__fold01,True,naive_time_sync,high_residual_response,20251002_单01_ACT-8_翼云_J16_12#01__pilot_10035::context_end_0029,0.0,0.9934580824091263,False
leave_one_view_out__fold01__candidate_353,leave_one_view_out__fold01,True,naive_time_sync,high_residual_response,20251002_单01_ACT-8_翼云_J16_12#01__pilot_10035::context_end_0030,0.0,0.8597805429084618,False
leave_one_view_out__fold01__candidate_353,leave_one_view_out__fold01,True,naive_time_sync,high_residual_response,20251002_单01_ACT-8_翼云_J16_12#01__pilot_10035::context_end_0031,0.0,0.9928638947059866,False
leave_one_view_out__fold01__candidate_353,leave_one_view_out__fold01,True,naive_time_sync,high_residual_response,20251002_单01_ACT-8_翼云_J16_12#01__pilot_10035::context_end_0032,0.0,0.9910588489575681,False
leave_one_view_out__fold01__candidate_353,leave_one_view_out__fold01,True,naive_time_sync,high_residual_response,20251002_单01_ACT-8_翼云_J16_12#01__pilot_10035::context_end_0033,0.0,0.3015298373418866,False
leave_one_view_out__fold01__candidate_353,leave_one_view_out__fold01,True,naive_time_sync,high_residual_response,20251002_单01_ACT-8_翼云_J16_12#01__pilot_10035::context_end_0034,0.0,0.2558689141686352,False
leave_one_view_out__fold01__candidate_353,leave_one_view_out__fold01,True,naive_time_sync,high_residual_response,20251005_四01_ACT-4_云_J20_22#01__pilot_10033::context_end_0007,0.0,2.2204535353053616e-07,False
leave_one_view_out__fold01__candidate_353,leave_one_view_out__fold01,True,naive_time_sync,high_residual_response,20251005_四01_ACT-4_云_J20_22#01__pilot_10033::context_end_0008,0.0,2.8570362120307623e-07,False
leave_one_view_out__fold01__candidate_353,leave_one_view_out__fold01,True,naive_time_sync,high_residual_response,20251005_四01_ACT-4_云_J20_22#01__pilot_10033::context_end_0009,0.0,3.223596894911513e-05,False
leave_one_view_out__fold01__candidate_353,leave_one_view_out__fold01,True,naive_time_sync,high_residual_response,20251005_四01_ACT-4_云_J20_22#01__pilot_10033::context_end_0010,0.0,0.0004998557727418375,False
leave_one_view_out__fold01__candidate_353,leave_one_view_out__fold01,True,naive_time_sync,high_residual_response,20251005_四01_ACT-4_云_J20_22#01__pilot_10033::context_end_0011,0.0,0.0008477827400686425,False
leave_one_view_out__fold01__candidate_353,leave_one_view_out__fold01,True,naive_time_sync,high_residual_response,20251005_四01_ACT-4_云_J20_22#01__pilot_10033::context_end_0012,0.0,0.00010179839224696287,False
leave_one_view_out__fold01__candidate_353,leave_one_view_out__fold01,True,mult,future_maneuver_score,20251002_单01_ACT-8_翼云_J16_12#01__pilot_10035::context_end_0029,3.0292348060697027,-2.74034854944108,False
leave_one_view_out__fold01__candidate_353,leave_one_view_out__fold01,True,mult,future_maneuver_score,20251002_单01_ACT-8_翼云_J16_12#01__pilot_10035::context_end_0030,1.9585391910154424,-2.8704683925226524,False
leave_one_view_out__fold01__candidate_353,leave_one_view_out__fold01,True,mult,future_maneuver_score,20251002_单01_ACT-8_翼云_J16_12#01__pilot_10035::context_end_0031,1.1036524591486794,-2.637523280783694,False
leave_one_view_out__fold01__candidate_353,leave_one_view_out__fold01,True,mult,future_maneuver_score,20251002_单01_ACT-8_翼云_J16_12#01__pilot_10035::context_end_0032,1.4075638400878334,-2.7021402293686227,False
leave_one_view_out__fold01__candidate_353,leave_one_view_out__fold01,True,mult,future_maneuver_score,20251002_单01_ACT-8_翼云_J16_12#01__pilot_10035::context_end_0033,1.0680971855795496,-2.7952278791324208,False
leave_one_view_out__fold01__candidate_353,leave_one_view_out__fold01,True,mult,future_maneuver_score,20251002_单01_ACT-8_翼云_J16_12#01__pilot_10035::context_end_0034,1.2299139539987742,-2.8408064413175618,False
leave_one_view_out__fold01__candidate_353,leave_one_view_out__fold01,True,mult,future_maneuver_score,20251005_四01_ACT-4_云_J20_22#01__pilot_10033::context_end_0007,0.3092851182519106,4.68226211592313,False
leave_one_view_out__fold01__candidate_353,leave_one_view_out__fold01,True,mult,future_maneuver_score,20251005_四01_ACT-4_云_J20_22#01__pilot_10033::context_end_0008,1.5221963623146797,3.744421878598053,False
leave_one_view_out__fold01__candidate_353,leave_one_view_out__fold01,True,mult,future_maneuver_score,20251005_四01_ACT-4_云_J20_22#01__pilot_10033::context_end_0009,0.5763863412133577,3.4155564529286258,False
leave_one_view_out__fold01__candidate_353,leave_one_view_out__fold01,True,mult,future_maneuver_score,20251005_四01_ACT-4_云_J20_22#01__pilot_10033::context_end_0010,0.4275630078917834,3.1856987130828323,False
leave_one_view_out__fold01__candidate_353,leave_one_view_out__fold01,True,mult,future_maneuver_score,20251005_四01_ACT-4_云_J20_22#01__pilot_10033::context_end_0011,0.1818763538571845,3.2689085864424214,False
leave_one_view_out__fold01__candidate_353,leave_one_view_out__fold01,True,mult,future_maneuver_score,20251005_四01_ACT-4_云_J20_22#01__pilot_10033::context_end_0012,0.2168650316834774,2.9086601985327247,False
leave_one_view_out__fold01__candidate_353,leave_one_view_out__fold01,True,mult,future_maneuver_trend,20251002_单01_ACT-8_翼云_J16_12#01__pilot_10035::context_end_0029,0.0,0.0,False
leave_one_view_out__fold01__candidate_353,leave_one_view_out__fold01,True,mult,future_maneuver_trend,20251002_单01_ACT-8_翼云_J16_12#01__pilot_10035::context_end_0030,0.0,0.0,False
leave_one_view_out__fold01__candidate_353,leave_one_view_out__fold01,True,mult,future_maneuver_trend,20251002_单01_ACT-8_翼云_J16_12#01__pilot_10035::context_end_0031,0.0,0.0,False
leave_one_view_out__fold01__candidate_353,leave_one_view_out__fold01,True,mult,future_maneuver_trend,20251002_单01_ACT-8_翼云_J16_12#01__pilot_10035::context_end_0032,2.0,0.0,False
leave_one_view_out__fold01__candidate_353,leave_one_view_out__fold01,True,mult,future_maneuver_trend,20251002_单01_ACT-8_翼云_J16_12#01__pilot_10035::context_end_0033,0.0,0.0,False
leave_one_view_out__fold01__candidate_353,leave_one_view_out__fold01,True,mult,future_maneuver_trend,20251002_单01_ACT-8_翼云_J16_12#01__pilot_10035::context_end_0034,1.0,1.0,False
leave_one_view_out__fold01__candidate_353,leave_one_view_out__fold01,True,mult,future_maneuver_trend,20251005_四01_ACT-4_云_J20_22#01__pilot_10033::context_end_0007,1.0,1.0,False
leave_one_view_out__fold01__candidate_353,leave_one_view_out__fold01,True,mult,future_maneuver_trend,20251005_四01_ACT-4_云_J20_22#01__pilot_10033::context_end_0008,2.0,1.0,False
leave_one_view_out__fold01__candidate_353,leave_one_view_out__fold01,True,mult,future_maneuver_trend,20251005_四01_ACT-4_云_J20_22#01__pilot_10033::context_end_0009,0.0,1.0,False
leave_one_view_out__fold01__candidate_353,leave_one_view_out__fold01,True,mult,future_maneuver_trend,20251005_四01_ACT-4_云_J20_22#01__pilot_10033::context_end_0010,1.0,1.0,False
leave_one_view_out__fold01__candidate_353,leave_one_view_out__fold01,True,mult,future_maneuver_trend,20251005_四01_ACT-4_云_J20_22#01__pilot_10033::context_end_0011,0.0,1.0,False
leave_one_view_out__fold01__candidate_353,leave_one_view_out__fold01,True,mult,future_maneuver_trend,20251005_四01_ACT-4_云_J20_22#01__pilot_10033::context_end_0012,1.0,2.0,False
leave_one_view_out__fold01__candidate_353,leave_one_view_out__fold01,True,mult,physiology_residual,20251002_单01_ACT-8_翼云_J16_12#01__pilot_10035::context_end_0029,0.3967425686889836,-0.07667831093991206,False
leave_one_view_out__fold01__candidate_353,leave_one_view_out__fold01,True,mult,physiology_residual,20251002_单01_ACT-8_翼云_J16_12#01__pilot_10035::context_end_0030,0.3381343630202689,-0.12024931718732557,False
leave_one_view_out__fold01__candidate_353,leave_one_view_out__fold01,True,mult,physiology_residual,20251002_单01_ACT-8_翼云_J16_12#01__pilot_10035::context_end_0031,0.29213835092202667,-0.08339612965953447,False
leave_one_view_out__fold01__candidate_353,leave_one_view_out__fold01,True,mult,physiology_residual,20251002_单01_ACT-8_翼云_J16_12#01__pilot_10035::context_end_0032,0.22388600680424012,-0.20520056176529433,False
leave_one_view_out__fold01__candidate_353,leave_one_view_out__fold01,True,mult,physiology_residual,20251002_单01_ACT-8_翼云_J16_12#01__pilot_10035::context_end_0033,0.13000063848438848,-0.4687394223671897,False
leave_one_view_out__fold01__candidate_353,leave_one_view_out__fold01,True,mult,physiology_residual,20251002_单01_ACT-8_翼云_J16_12#01__pilot_10035::context_end_0034,0.2178508102855939,-1.040828617688752,False
leave_one_view_out__fold01__candidate_353,leave_one_view_out__fold01,True,mult,physiology_residual,20251005_四01_ACT-4_云_J20_22#01__pilot_10033::context_end_0007,1.0687563207868456,-0.9453216648240772,False
leave_one_view_out__fold01__candidate_353,leave_one_view_out__fold01,True,mult,physiology_residual,20251005_四01_ACT-4_云_J20_22#01__pilot_10033::context_end_0008,1.2535216697253515,-1.130341798932257,False
leave_one_view_out__fold01__candidate_353,leave_one_view_out__fold01,True,mult,physiology_residual,20251005_四01_ACT-4_云_J20_22#01__pilot_10033::context_end_0009,1.1513541643108118,-0.937884893912031,False
leave_one_view_out__fold01__candidate_353,leave_one_view_out__fold01,True,mult,physiology_residual,20251005_四01_ACT-4_云_J20_22#01__pilot_10033::context_end_0010,1.0462867457864493,-0.8875799358868912,False
leave_one_view_out__fold01__candidate_353,leave_one_view_out__fold01,True,mult,physiology_residual,20251005_四01_ACT-4_云_J20_22#01__pilot_10033::context_end_0011,0.7921648421478928,-1.1581784622051574,False
leave_one_view_out__fold01__candidate_353,leave_one_view_out__fold01,True,mult,physiology_residual,20251005_四01_ACT-4_云_J20_22#01__pilot_10033::context_end_0012,0.41059414698153934,-1.1046384943240202,False
leave_one_view_out__fold01__candidate_353,leave_one_view_out__fold01,True,mult,high_residual_response,20251002_单01_ACT-8_翼云_J16_12#01__pilot_10035::context_end_0029,0.0,0.0019750522474704874,False
leave_one_view_out__fold01__candidate_353,leave_one_view_out__fold01,True,mult,high_residual_response,20251002_单01_ACT-8_翼云_J16_12#01__pilot_10035::context_end_0030,0.0,0.0007928317261631174,False
leave_one_view_out__fold01__candidate_353,leave_one_view_out__fold01,True,mult,high_residual_response,20251002_单01_ACT-8_翼云_J16_12#01__pilot_10035::context_end_0031,0.0,0.01793001893405325,False
leave_one_view_out__fold01__candidate_353,leave_one_view_out__fold01,True,mult,high_residual_response,20251002_单01_ACT-8_翼云_J16_12#01__pilot_10035::context_end_0032,0.0,0.013200841298863362,False
leave_one_view_out__fold01__candidate_353,leave_one_view_out__fold01,True,mult,high_residual_response,20251002_单01_ACT-8_翼云_J16_12#01__pilot_10035::context_end_0033,0.0,0.0030874189138531114,False
leave_one_view_out__fold01__candidate_353,leave_one_view_out__fold01,True,mult,high_residual_response,20251002_单01_ACT-8_翼云_J16_12#01__pilot_10035::context_end_0034,0.0,1.9966089432737906e-05,False
leave_one_view_out__fold01__candidate_353,leave_one_view_out__fold01,True,mult,high_residual_response,20251005_四01_ACT-4_云_J20_22#01__pilot_10033::context_end_0007,0.0,2.1255908613029585e-05,False
leave_one_view_out__fold01__candidate_353,leave_one_view_out__fold01,True,mult,high_residual_response,20251005_四01_ACT-4_云_J20_22#01__pilot_10033::context_end_0008,0.0,2.1824805728243165e-06,False
leave_one_view_out__fold01__candidate_353,leave_one_view_out__fold01,True,mult,high_residual_response,20251005_四01_ACT-4_云_J20_22#01__pilot_10033::context_end_0009,0.0,6.434256961437983e-06,False
leave_one_view_out__fold01__candidate_353,leave_one_view_out__fold01,True,mult,high_residual_response,20251005_四01_ACT-4_云_J20_22#01__pilot_10033::context_end_0010,0.0,1.6635241312167354e-06,False
leave_one_view_out__fold01__candidate_353,leave_one_view_out__fold01,True,mult,high_residual_response,20251005_四01_ACT-4_云_J20_22#01__pilot_10033::context_end_0011,0.0,1.097199440220835e-06,False
leave_one_view_out__fold01__candidate_353,leave_one_view_out__fold01,True,mult,high_residual_response,20251005_四01_ACT-4_云_J20_22#01__pilot_10033::context_end_0012,0.0,1.3812432961563605e-06,False
leave_one_view_out__fold01__candidate_353,leave_one_view_out__fold01,True,contiformer,future_maneuver_score,20251002_单01_ACT-8_翼云_J16_12#01__pilot_10035::context_end_0029,3.0292348060697027,1.919399059483576,False
leave_one_view_out__fold01__candidate_353,leave_one_view_out__fold01,True,contiformer,future_maneuver_score,20251002_单01_ACT-8_翼云_J16_12#01__pilot_10035::context_end_0030,1.9585391910154424,1.777817434582712,False
leave_one_view_out__fold01__candidate_353,leave_one_view_out__fold01,True,contiformer,future_maneuver_score,20251002_单01_ACT-8_翼云_J16_12#01__pilot_10035::context_end_0031,1.1036524591486794,1.9850518155576005,False
leave_one_view_out__fold01__candidate_353,leave_one_view_out__fold01,True,contiformer,future_maneuver_score,20251002_单01_ACT-8_翼云_J16_12#01__pilot_10035::context_end_0032,1.4075638400878334,1.515406617863383,False
leave_one_view_out__fold01__candidate_353,leave_one_view_out__fold01,True,contiformer,future_maneuver_score,20251002_单01_ACT-8_翼云_J16_12#01__pilot_10035::context_end_0033,1.0680971855795496,1.027519347994657,False
leave_one_view_out__fold01__candidate_353,leave_one_view_out__fold01,True,contiformer,future_maneuver_score,20251002_单01_ACT-8_翼云_J16_12#01__pilot_10035::context_end_0034,1.2299139539987742,0.5974227346860926,False
leave_one_view_out__fold01__candidate_353,leave_one_view_out__fold01,True,contiformer,future_maneuver_score,20251005_四01_ACT-4_云_J20_22#01__pilot_10033::context_end_0007,0.3092851182519106,0.49316203430370065,False
leave_one_view_out__fold01__candidate_353,leave_one_view_out__fold01,True,contiformer,future_maneuver_score,20251005_四01_ACT-4_云_J20_22#01__pilot_10033::context_end_0008,1.5221963623146797,0.2673984406861243,False
leave_one_view_out__fold01__candidate_353,leave_one_view_out__fold01,True,contiformer,future_maneuver_score,20251005_四01_ACT-4_云_J20_22#01__pilot_10033::context_end_0009,0.5763863412133577,0.32336584564424986,False
leave_one_view_out__fold01__candidate_353,leave_one_view_out__fold01,True,contiformer,future_maneuver_score,20251005_四01_ACT-4_云_J20_22#01__pilot_10033::context_end_0010,0.4275630078917834,-0.30976699605390867,False
leave_one_view_out__fold01__candidate_353,leave_one_view_out__fold01,True,contiformer,future_maneuver_score,20251005_四01_ACT-4_云_J20_22#01__pilot_10033::context_end_0011,0.1818763538571845,0.7607872537287309,False
leave_one_view_out__fold01__candidate_353,leave_one_view_out__fold01,True,contiformer,future_maneuver_score,20251005_四01_ACT-4_云_J20_22#01__pilot_10033::context_end_0012,0.2168650316834774,0.2706216818459347,False
leave_one_view_out__fold01__candidate_353,leave_one_view_out__fold01,True,contiformer,future_maneuver_trend,20251002_单01_ACT-8_翼云_J16_12#01__pilot_10035::context_end_0029,0.0,0.0,False
leave_one_view_out__fold01__candidate_353,leave_one_view_out__fold01,True,contiformer,future_maneuver_trend,20251002_单01_ACT-8_翼云_J16_12#01__pilot_10035::context_end_0030,0.0,0.0,False
leave_one_view_out__fold01__candidate_353,leave_one_view_out__fold01,True,contiformer,future_maneuver_trend,20251002_单01_ACT-8_翼云_J16_12#01__pilot_10035::context_end_0031,0.0,0.0,False
leave_one_view_out__fold01__candidate_353,leave_one_view_out__fold01,True,contiformer,future_maneuver_trend,20251002_单01_ACT-8_翼云_J16_12#01__pilot_10035::context_end_0032,2.0,0.0,False
leave_one_view_out__fold01__candidate_353,leave_one_view_out__fold01,True,contiformer,future_maneuver_trend,20251002_单01_ACT-8_翼云_J16_12#01__pilot_10035::context_end_0033,0.0,0.0,False
leave_one_view_out__fold01__candidate_353,leave_one_view_out__fold01,True,contiformer,future_maneuver_trend,20251002_单01_ACT-8_翼云_J16_12#01__pilot_10035::context_end_0034,1.0,1.0,False
leave_one_view_out__fold01__candidate_353,leave_one_view_out__fold01,True,contiformer,future_maneuver_trend,20251005_四01_ACT-4_云_J20_22#01__pilot_10033::context_end_0007,1.0,2.0,False
leave_one_view_out__fold01__candidate_353,leave_one_view_out__fold01,True,contiformer,future_maneuver_trend,20251005_四01_ACT-4_云_J20_22#01__pilot_10033::context_end_0008,2.0,2.0,False
leave_one_view_out__fold01__candidate_353,leave_one_view_out__fold01,True,contiformer,future_maneuver_trend,20251005_四01_ACT-4_云_J20_22#01__pilot_10033::context_end_0009,0.0,2.0,False
leave_one_view_out__fold01__candidate_353,leave_one_view_out__fold01,True,contiformer,future_maneuver_trend,20251005_四01_ACT-4_云_J20_22#01__pilot_10033::context_end_0010,1.0,1.0,False
leave_one_view_out__fold01__candidate_353,leave_one_view_out__fold01,True,contiformer,future_maneuver_trend,20251005_四01_ACT-4_云_J20_22#01__pilot_10033::context_end_0011,0.0,2.0,False
leave_one_view_out__fold01__candidate_353,leave_one_view_out__fold01,True,contiformer,future_maneuver_trend,20251005_四01_ACT-4_云_J20_22#01__pilot_10033::context_end_0012,1.0,2.0,False
leave_one_view_out__fold01__candidate_353,leave_one_view_out__fold01,True,contiformer,physiology_residual,20251002_单01_ACT-8_翼云_J16_12#01__pilot_10035::context_end_0029,0.3967425686889836,1.233170318520432,False
leave_one_view_out__fold01__candidate_353,leave_one_view_out__fold01,True,contiformer,physiology_residual,20251002_单01_ACT-8_翼云_J16_12#01__pilot_10035::context_end_0030,0.3381343630202689,1.5420353020803588,False
leave_one_view_out__fold01__candidate_353,leave_one_view_out__fold01,True,contiformer,physiology_residual,20251002_单01_ACT-8_翼云_J16_12#01__pilot_10035::context_end_0031,0.29213835092202667,1.4669700919539634,False
leave_one_view_out__fold01__candidate_353,leave_one_view_out__fold01,True,contiformer,physiology_residual,20251002_单01_ACT-8_翼云_J16_12#01__pilot_10035::context_end_0032,0.22388600680424012,1.244610767818711,False
leave_one_view_out__fold01__candidate_353,leave_one_view_out__fold01,True,contiformer,physiology_residual,20251002_单01_ACT-8_翼云_J16_12#01__pilot_10035::context_end_0033,0.13000063848438848,1.1079824777772092,False
leave_one_view_out__fold01__candidate_353,leave_one_view_out__fold01,True,contiformer,physiology_residual,20251002_单01_ACT-8_翼云_J16_12#01__pilot_10035::context_end_0034,0.2178508102855939,0.9867761211021826,False
leave_one_view_out__fold01__candidate_353,leave_one_view_out__fold01,True,contiformer,physiology_residual,20251005_四01_ACT-4_云_J20_22#01__pilot_10033::context_end_0007,1.0687563207868456,-0.6963599282613067,False
leave_one_view_out__fold01__candidate_353,leave_one_view_out__fold01,True,contiformer,physiology_residual,20251005_四01_ACT-4_云_J20_22#01__pilot_10033::context_end_0008,1.2535216697253515,0.02232227673870857,False
leave_one_view_out__fold01__candidate_353,leave_one_view_out__fold01,True,contiformer,physiology_residual,20251005_四01_ACT-4_云_J20_22#01__pilot_10033::context_end_0009,1.1513541643108118,0.7312795367214118,False
leave_one_view_out__fold01__candidate_353,leave_one_view_out__fold01,True,contiformer,physiology_residual,20251005_四01_ACT-4_云_J20_22#01__pilot_10033::context_end_0010,1.0462867457864493,0.7760555709995729,False
leave_one_view_out__fold01__candidate_353,leave_one_view_out__fold01,True,contiformer,physiology_residual,20251005_四01_ACT-4_云_J20_22#01__pilot_10033::context_end_0011,0.7921648421478928,0.47023253434100426,False
leave_one_view_out__fold01__candidate_353,leave_one_view_out__fold01,True,contiformer,physiology_residual,20251005_四01_ACT-4_云_J20_22#01__pilot_10033::context_end_0012,0.41059414698153934,0.18129952374263314,False
leave_one_view_out__fold01__candidate_353,leave_one_view_out__fold01,True,contiformer,high_residual_response,20251002_单01_ACT-8_翼云_J16_12#01__pilot_10035::context_end_0029,0.0,0.8464691760305273,False
leave_one_view_out__fold01__candidate_353,leave_one_view_out__fold01,True,contiformer,high_residual_response,20251002_单01_ACT-8_翼云_J16_12#01__pilot_10035::context_end_0030,0.0,0.9038853511904964,False
leave_one_view_out__fold01__candidate_353,leave_one_view_out__fold01,True,contiformer,high_residual_response,20251002_单01_ACT-8_翼云_J16_12#01__pilot_10035::context_end_0031,0.0,0.9727139525683849,False
leave_one_view_out__fold01__candidate_353,leave_one_view_out__fold01,True,contiformer,high_residual_response,20251002_单01_ACT-8_翼云_J16_12#01__pilot_10035::context_end_0032,0.0,0.8892260696415037,False
leave_one_view_out__fold01__candidate_353,leave_one_view_out__fold01,True,contiformer,high_residual_response,20251002_单01_ACT-8_翼云_J16_12#01__pilot_10035::context_end_0033,0.0,0.7553015460262377,False
leave_one_view_out__fold01__candidate_353,leave_one_view_out__fold01,True,contiformer,high_residual_response,20251002_单01_ACT-8_翼云_J16_12#01__pilot_10035::context_end_0034,0.0,0.2105209098415875,False
leave_one_view_out__fold01__candidate_353,leave_one_view_out__fold01,True,contiformer,high_residual_response,20251005_四01_ACT-4_云_J20_22#01__pilot_10033::context_end_0007,0.0,0.00016890741907922912,False
leave_one_view_out__fold01__candidate_353,leave_one_view_out__fold01,True,contiformer,high_residual_response,20251005_四01_ACT-4_云_J20_22#01__pilot_10033::context_end_0008,0.0,0.0006743563701909905,False
leave_one_view_out__fold01__candidate_353,leave_one_view_out__fold01,True,contiformer,high_residual_response,20251005_四01_ACT-4_云_J20_22#01__pilot_10033::context_end_0009,0.0,0.017956441516779727,False
leave_one_view_out__fold01__candidate_353,leave_one_view_out__fold01,True,contiformer,high_residual_response,20251005_四01_ACT-4_云_J20_22#01__pilot_10033::context_end_0010,0.0,0.005414891944981556,False
leave_one_view_out__fold01__candidate_353,leave_one_view_out__fold01,True,contiformer,high_residual_response,20251005_四01_ACT-4_云_J20_22#01__pilot_10033::context_end_0011,0.0,0.004933208478847363,False
leave_one_view_out__fold01__candidate_353,leave_one_view_out__fold01,True,contiformer,high_residual_response,20251005_四01_ACT-4_云_J20_22#01__pilot_10033::context_end_0012,0.0,0.0008945669654516448,False
leave_one_view_out__fold01__candidate_353,leave_one_view_out__fold01,True,chronaris,future_maneuver_score,20251002_单01_ACT-8_翼云_J16_12#01__pilot_10035::context_end_0029,3.0292348060697027,-0.2913425795356275,False
leave_one_view_out__fold01__candidate_353,leave_one_view_out__fold01,True,chronaris,future_maneuver_score,20251002_单01_ACT-8_翼云_J16_12#01__pilot_10035::context_end_0030,1.9585391910154424,-0.1935798427915667,False
leave_one_view_out__fold01__candidate_353,leave_one_view_out__fold01,True,chronaris,future_maneuver_score,20251002_单01_ACT-8_翼云_J16_12#01__pilot_10035::context_end_0031,1.1036524591486794,-0.059384588845584174,False
leave_one_view_out__fold01__candidate_353,leave_one_view_out__fold01,True,chronaris,future_maneuver_score,20251002_单01_ACT-8_翼云_J16_12#01__pilot_10035::context_end_0032,1.4075638400878334,-0.056434086893222046,False
leave_one_view_out__fold01__candidate_353,leave_one_view_out__fold01,True,chronaris,future_maneuver_score,20251002_单01_ACT-8_翼云_J16_12#01__pilot_10035::context_end_0033,1.0680971855795496,-0.19360759494332092,False
leave_one_view_out__fold01__candidate_353,leave_one_view_out__fold01,True,chronaris,future_maneuver_score,20251002_单01_ACT-8_翼云_J16_12#01__pilot_10035::context_end_0034,1.2299139539987742,-0.46535148264821324,False
leave_one_view_out__fold01__candidate_353,leave_one_view_out__fold01,True,chronaris,future_maneuver_score,20251005_四01_ACT-4_云_J20_22#01__pilot_10033::context_end_0007,0.3092851182519106,-0.26556157833999805,False
leave_one_view_out__fold01__candidate_353,leave_one_view_out__fold01,True,chronaris,future_maneuver_score,20251005_四01_ACT-4_云_J20_22#01__pilot_10033::context_end_0008,1.5221963623146797,-0.6675631040979764,False
leave_one_view_out__fold01__candidate_353,leave_one_view_out__fold01,True,chronaris,future_maneuver_score,20251005_四01_ACT-4_云_J20_22#01__pilot_10033::context_end_0009,0.5763863412133577,-0.7824387954033762,False
leave_one_view_out__fold01__candidate_353,leave_one_view_out__fold01,True,chronaris,future_maneuver_score,20251005_四01_ACT-4_云_J20_22#01__pilot_10033::context_end_0010,0.4275630078917834,-0.49343436862621326,False
leave_one_view_out__fold01__candidate_353,leave_one_view_out__fold01,True,chronaris,future_maneuver_score,20251005_四01_ACT-4_云_J20_22#01__pilot_10033::context_end_0011,0.1818763538571845,-0.3056263136591082,False
leave_one_view_out__fold01__candidate_353,leave_one_view_out__fold01,True,chronaris,future_maneuver_score,20251005_四01_ACT-4_云_J20_22#01__pilot_10033::context_end_0012,0.2168650316834774,-0.023556243039583702,False
leave_one_view_out__fold01__candidate_353,leave_one_view_out__fold01,True,chronaris,future_maneuver_trend,20251002_单01_ACT-8_翼云_J16_12#01__pilot_10035::context_end_0029,0.0,0.0,False
leave_one_view_out__fold01__candidate_353,leave_one_view_out__fold01,True,chronaris,future_maneuver_trend,20251002_单01_ACT-8_翼云_J16_12#01__pilot_10035::context_end_0030,0.0,0.0,False
leave_one_view_out__fold01__candidate_353,leave_one_view_out__fold01,True,chronaris,future_maneuver_trend,20251002_单01_ACT-8_翼云_J16_12#01__pilot_10035::context_end_0031,0.0,0.0,False
leave_one_view_out__fold01__candidate_353,leave_one_view_out__fold01,True,chronaris,future_maneuver_trend,20251002_单01_ACT-8_翼云_J16_12#01__pilot_10035::context_end_0032,2.0,0.0,False
leave_one_view_out__fold01__candidate_353,leave_one_view_out__fold01,True,chronaris,future_maneuver_trend,20251002_单01_ACT-8_翼云_J16_12#01__pilot_10035::context_end_0033,0.0,0.0,False
leave_one_view_out__fold01__candidate_353,leave_one_view_out__fold01,True,chronaris,future_maneuver_trend,20251002_单01_ACT-8_翼云_J16_12#01__pilot_10035::context_end_0034,1.0,2.0,False
leave_one_view_out__fold01__candidate_353,leave_one_view_out__fold01,True,chronaris,future_maneuver_trend,20251005_四01_ACT-4_云_J20_22#01__pilot_10033::context_end_0007,1.0,1.0,False
leave_one_view_out__fold01__candidate_353,leave_one_view_out__fold01,True,chronaris,future_maneuver_trend,20251005_四01_ACT-4_云_J20_22#01__pilot_10033::context_end_0008,2.0,1.0,False
leave_one_view_out__fold01__candidate_353,leave_one_view_out__fold01,True,chronaris,future_maneuver_trend,20251005_四01_ACT-4_云_J20_22#01__pilot_10033::context_end_0009,0.0,1.0,False
leave_one_view_out__fold01__candidate_353,leave_one_view_out__fold01,True,chronaris,future_maneuver_trend,20251005_四01_ACT-4_云_J20_22#01__pilot_10033::context_end_0010,1.0,1.0,False
leave_one_view_out__fold01__candidate_353,leave_one_view_out__fold01,True,chronaris,future_maneuver_trend,20251005_四01_ACT-4_云_J20_22#01__pilot_10033::context_end_0011,0.0,1.0,False
leave_one_view_out__fold01__candidate_353,leave_one_view_out__fold01,True,chronaris,future_maneuver_trend,20251005_四01_ACT-4_云_J20_22#01__pilot_10033::context_end_0012,1.0,1.0,False
leave_one_view_out__fold01__candidate_353,leave_one_view_out__fold01,True,chronaris,physiology_residual,20251002_单01_ACT-8_翼云_J16_12#01__pilot_10035::context_end_0029,0.3967425686889836,0.18465609616838652,False
leave_one_view_out__fold01__candidate_353,leave_one_view_out__fold01,True,chronaris,physiology_residual,20251002_单01_ACT-8_翼云_J16_12#01__pilot_10035::context_end_0030,0.3381343630202689,0.012158909077059854,False
leave_one_view_out__fold01__candidate_353,leave_one_view_out__fold01,True,chronaris,physiology_residual,20251002_单01_ACT-8_翼云_J16_12#01__pilot_10035::context_end_0031,0.29213835092202667,0.10130841152791192,False
leave_one_view_out__fold01__candidate_353,leave_one_view_out__fold01,True,chronaris,physiology_residual,20251002_单01_ACT-8_翼云_J16_12#01__pilot_10035::context_end_0032,0.22388600680424012,-0.3380343739702216,False
leave_one_view_out__fold01__candidate_353,leave_one_view_out__fold01,True,chronaris,physiology_residual,20251002_单01_ACT-8_翼云_J16_12#01__pilot_10035::context_end_0033,0.13000063848438848,-0.8817630023085761,False
leave_one_view_out__fold01__candidate_353,leave_one_view_out__fold01,True,chronaris,physiology_residual,20251002_单01_ACT-8_翼云_J16_12#01__pilot_10035::context_end_0034,0.2178508102855939,-1.719174904359191,False
leave_one_view_out__fold01__candidate_353,leave_one_view_out__fold01,True,chronaris,physiology_residual,20251005_四01_ACT-4_云_J20_22#01__pilot_10033::context_end_0007,1.0687563207868456,-13.093427798462132,False
leave_one_view_out__fold01__candidate_353,leave_one_view_out__fold01,True,chronaris,physiology_residual,20251005_四01_ACT-4_云_J20_22#01__pilot_10033::context_end_0008,1.2535216697253515,-13.352776227403309,False
leave_one_view_out__fold01__candidate_353,leave_one_view_out__fold01,True,chronaris,physiology_residual,20251005_四01_ACT-4_云_J20_22#01__pilot_10033::context_end_0009,1.1513541643108118,-12.358951897927168,False
leave_one_view_out__fold01__candidate_353,leave_one_view_out__fold01,True,chronaris,physiology_residual,20251005_四01_ACT-4_云_J20_22#01__pilot_10033::context_end_0010,1.0462867457864493,-12.164500642360839,False
leave_one_view_out__fold01__candidate_353,leave_one_view_out__fold01,True,chronaris,physiology_residual,20251005_四01_ACT-4_云_J20_22#01__pilot_10033::context_end_0011,0.7921648421478928,-11.192225437981868,False
leave_one_view_out__fold01__candidate_353,leave_one_view_out__fold01,True,chronaris,physiology_residual,20251005_四01_ACT-4_云_J20_22#01__pilot_10033::context_end_0012,0.41059414698153934,-10.05676857822123,False
leave_one_view_out__fold01__candidate_353,leave_one_view_out__fold01,True,chronaris,high_residual_response,20251002_单01_ACT-8_翼云_J16_12#01__pilot_10035::context_end_0029,0.0,0.044079579386480085,False
leave_one_view_out__fold01__candidate_353,leave_one_view_out__fold01,True,chronaris,high_residual_response,20251002_单01_ACT-8_翼云_J16_12#01__pilot_10035::context_end_0030,0.0,0.00917224717052569,False
leave_one_view_out__fold01__candidate_353,leave_one_view_out__fold01,True,chronaris,high_residual_response,20251002_单01_ACT-8_翼云_J16_12#01__pilot_10035::context_end_0031,0.0,0.00790855765768662,False
leave_one_view_out__fold01__candidate_353,leave_one_view_out__fold01,True,chronaris,high_residual_response,20251002_单01_ACT-8_翼云_J16_12#01__pilot_10035::context_end_0032,0.0,0.0002183180988902338,False
leave_one_view_out__fold01__candidate_353,leave_one_view_out__fold01,True,chronaris,high_residual_response,20251002_单01_ACT-8_翼云_J16_12#01__pilot_10035::context_end_0033,0.0,9.23630356278004e-07,False
leave_one_view_out__fold01__candidate_353,leave_one_view_out__fold01,True,chronaris,high_residual_response,20251002_单01_ACT-8_翼云_J16_12#01__pilot_10035::context_end_0034,0.0,1.6700271887219823e-09,False
leave_one_view_out__fold01__candidate_353,leave_one_view_out__fold01,True,chronaris,high_residual_response,20251005_四01_ACT-4_云_J20_22#01__pilot_10033::context_end_0007,0.0,4.696220661111734e-20,False
leave_one_view_out__fold01__candidate_353,leave_one_view_out__fold01,True,chronaris,high_residual_response,20251005_四01_ACT-4_云_J20_22#01__pilot_10033::context_end_0008,0.0,8.909088454630718e-20,False
leave_one_view_out__fold01__candidate_353,leave_one_view_out__fold01,True,chronaris,high_residual_response,20251005_四01_ACT-4_云_J20_22#01__pilot_10033::context_end_0009,0.0,7.85438722347578e-19,False
leave_one_view_out__fold01__candidate_353,leave_one_view_out__fold01,True,chronaris,high_residual_response,20251005_四01_ACT-4_云_J20_22#01__pilot_10033::context_end_0010,0.0,6.533439208928785e-19,False
leave_one_view_out__fold01__candidate_353,leave_one_view_out__fold01,True,chronaris,high_residual_response,20251005_四01_ACT-4_云_J20_22#01__pilot_10033::context_end_0011,0.0,3.298351347318889e-18,False
leave_one_view_out__fold01__candidate_353,leave_one_view_out__fold01,True,chronaris,high_residual_response,20251005_四01_ACT-4_云_J20_22#01__pilot_10033::context_end_0012,0.0,2.710887293475328e-17,False
leave_one_view_out__fold02__candidate_328,leave_one_view_out__fold02,True,physiology_only,future_maneuver_score,20251002_单01_ACT-8_翼云_J16_12#01__pilot_10033::context_end_0025,0.11720224670881636,-1.2826436908089993,False
leave_one_view_out__fold02__candidate_328,leave_one_view_out__fold02,True,physiology_only,future_maneuver_score,20251002_单01_ACT-8_翼云_J16_12#01__pilot_10033::context_end_0026,0.3930438932650127,-1.913098821051152,False
leave_one_view_out__fold02__candidate_328,leave_one_view_out__fold02,True,physiology_only,future_maneuver_score,20251002_单01_ACT-8_翼云_J16_12#01__pilot_10033::context_end_0027,2.166551683011529,-1.613977212016034,False
leave_one_view_out__fold02__candidate_328,leave_one_view_out__fold02,True,physiology_only,future_maneuver_score,20251002_单01_ACT-8_翼云_J16_12#01__pilot_10033::context_end_0028,3.9825791793715872,-2.438899180878056,False
leave_one_view_out__fold02__candidate_328,leave_one_view_out__fold02,True,physiology_only,future_maneuver_score,20251002_单01_ACT-8_翼云_J16_12#01__pilot_10033::context_end_0029,2.7977764579780278,-2.231608651972665,False
leave_one_view_out__fold02__candidate_328,leave_one_view_out__fold02,True,physiology_only,future_maneuver_score,20251002_单01_ACT-8_翼云_J16_12#01__pilot_10033::context_end_0030,1.2874196098982933,-1.9059946011988262,False
leave_one_view_out__fold02__candidate_328,leave_one_view_out__fold02,True,physiology_only,future_maneuver_score,20251005_四01_ACT-4_云_J20_22#01__pilot_10033::context_end_0009,0.35251542780931405,4.842571501077019,False
leave_one_view_out__fold02__candidate_328,leave_one_view_out__fold02,True,physiology_only,future_maneuver_score,20251005_四01_ACT-4_云_J20_22#01__pilot_10033::context_end_0010,0.3964051854795214,4.585285275209281,False
leave_one_view_out__fold02__candidate_328,leave_one_view_out__fold02,True,physiology_only,future_maneuver_score,20251005_四01_ACT-4_云_J20_22#01__pilot_10033::context_end_0011,0.16317910493228557,4.6738216728915445,False
leave_one_view_out__fold02__candidate_328,leave_one_view_out__fold02,True,physiology_only,future_maneuver_score,20251005_四01_ACT-4_云_J20_22#01__pilot_10033::context_end_0012,0.20981930431459425,5.044743197841883,False
leave_one_view_out__fold02__candidate_328,leave_one_view_out__fold02,True,physiology_only,future_maneuver_score,20251005_四01_ACT-4_云_J20_22#01__pilot_10033::context_end_0013,0.29350436621395687,5.020141532158937,False
leave_one_view_out__fold02__candidate_328,leave_one_view_out__fold02,True,physiology_only,future_maneuver_score,20251005_四01_ACT-4_云_J20_22#01__pilot_10033::context_end_0014,0.4478664256341813,4.67768070384735,False
leave_one_view_out__fold02__candidate_328,leave_one_view_out__fold02,True,physiology_only,future_maneuver_trend,20251002_单01_ACT-8_翼云_J16_12#01__pilot_10033::context_end_0025,0.0,1.0,False
leave_one_view_out__fold02__candidate_328,leave_one_view_out__fold02,True,physiology_only,future_maneuver_trend,20251002_单01_ACT-8_翼云_J16_12#01__pilot_10033::context_end_0026,2.0,1.0,False
leave_one_view_out__fold02__candidate_328,leave_one_view_out__fold02,True,physiology_only,future_maneuver_trend,20251002_单01_ACT-8_翼云_J16_12#01__pilot_10033::context_end_0027,2.0,1.0,False
leave_one_view_out__fold02__candidate_328,leave_one_view_out__fold02,True,physiology_only,future_maneuver_trend,20251002_单01_ACT-8_翼云_J16_12#01__pilot_10033::context_end_0028,2.0,1.0,False
leave_one_view_out__fold02__candidate_328,leave_one_view_out__fold02,True,physiology_only,future_maneuver_trend,20251002_单01_ACT-8_翼云_J16_12#01__pilot_10033::context_end_0029,0.0,1.0,False
leave_one_view_out__fold02__candidate_328,leave_one_view_out__fold02,True,physiology_only,future_maneuver_trend,20251002_单01_ACT-8_翼云_J16_12#01__pilot_10033::context_end_0030,0.0,1.0,False
leave_one_view_out__fold02__candidate_328,leave_one_view_out__fold02,True,physiology_only,future_maneuver_trend,20251005_四01_ACT-4_云_J20_22#01__pilot_10033::context_end_0009,0.0,2.0,False
leave_one_view_out__fold02__candidate_328,leave_one_view_out__fold02,True,physiology_only,future_maneuver_trend,20251005_四01_ACT-4_云_J20_22#01__pilot_10033::context_end_0010,1.0,2.0,False
leave_one_view_out__fold02__candidate_328,leave_one_view_out__fold02,True,physiology_only,future_maneuver_trend,20251005_四01_ACT-4_云_J20_22#01__pilot_10033::context_end_0011,0.0,2.0,False
leave_one_view_out__fold02__candidate_328,leave_one_view_out__fold02,True,physiology_only,future_maneuver_trend,20251005_四01_ACT-4_云_J20_22#01__pilot_10033::context_end_0012,1.0,2.0,False
leave_one_view_out__fold02__candidate_328,leave_one_view_out__fold02,True,physiology_only,future_maneuver_trend,20251005_四01_ACT-4_云_J20_22#01__pilot_10033::context_end_0013,1.0,2.0,False
leave_one_view_out__fold02__candidate_328,leave_one_view_out__fold02,True,physiology_only,future_maneuver_trend,20251005_四01_ACT-4_云_J20_22#01__pilot_10033::context_end_0014,1.0,2.0,False
leave_one_view_out__fold02__candidate_328,leave_one_view_out__fold02,True,physiology_only,physiology_residual,20251002_单01_ACT-8_翼云_J16_12#01__pilot_10033::context_end_0025,0.10586869951711456,1.6621942986729594,False
leave_one_view_out__fold02__candidate_328,leave_one_view_out__fold02,True,physiology_only,physiology_residual,20251002_单01_ACT-8_翼云_J16_12#01__pilot_10033::context_end_0026,0.07737322288608393,1.6214378512308059,False
leave_one_view_out__fold02__candidate_328,leave_one_view_out__fold02,True,physiology_only,physiology_residual,20251002_单01_ACT-8_翼云_J16_12#01__pilot_10033::context_end_0027,0.07221091280793739,1.615463713299222,False
leave_one_view_out__fold02__candidate_328,leave_one_view_out__fold02,True,physiology_only,physiology_residual,20251002_单01_ACT-8_翼云_J16_12#01__pilot_10033::context_end_0028,0.06789721980731668,1.5897552864223683,False
leave_one_view_out__fold02__candidate_328,leave_one_view_out__fold02,True,physiology_only,physiology_residual,20251002_单01_ACT-8_翼云_J16_12#01__pilot_10033::context_end_0029,0.042736243874166885,1.60973486486049,False
leave_one_view_out__fold02__candidate_328,leave_one_view_out__fold02,True,physiology_only,physiology_residual,20251002_单01_ACT-8_翼云_J16_12#01__pilot_10033::context_end_0030,0.06774852166648454,1.8251414900867444,False
leave_one_view_out__fold02__candidate_328,leave_one_view_out__fold02,True,physiology_only,physiology_residual,20251005_四01_ACT-4_云_J20_22#01__pilot_10033::context_end_0009,0.21877543389727594,2.263102527336596,False
leave_one_view_out__fold02__candidate_328,leave_one_view_out__fold02,True,physiology_only,physiology_residual,20251005_四01_ACT-4_云_J20_22#01__pilot_10033::context_end_0010,0.180599272812271,1.6649512119154306,False
leave_one_view_out__fold02__candidate_328,leave_one_view_out__fold02,True,physiology_only,physiology_residual,20251005_四01_ACT-4_云_J20_22#01__pilot_10033::context_end_0011,0.23010935812037722,1.004479733111724,False
leave_one_view_out__fold02__candidate_328,leave_one_view_out__fold02,True,physiology_only,physiology_residual,20251005_四01_ACT-4_云_J20_22#01__pilot_10033::context_end_0012,0.12349810096388719,0.5053704496364371,False
leave_one_view_out__fold02__candidate_328,leave_one_view_out__fold02,True,physiology_only,physiology_residual,20251005_四01_ACT-4_云_J20_22#01__pilot_10033::context_end_0013,0.11581760933761584,0.2715550846062474,False
leave_one_view_out__fold02__candidate_328,leave_one_view_out__fold02,True,physiology_only,physiology_residual,20251005_四01_ACT-4_云_J20_22#01__pilot_10033::context_end_0014,0.11833893673653861,0.09972853787241864,False
leave_one_view_out__fold02__candidate_328,leave_one_view_out__fold02,True,physiology_only,high_residual_response,20251002_单01_ACT-8_翼云_J16_12#01__pilot_10033::context_end_0025,0.0,0.9619355885544166,False
leave_one_view_out__fold02__candidate_328,leave_one_view_out__fold02,True,physiology_only,high_residual_response,20251002_单01_ACT-8_翼云_J16_12#01__pilot_10033::context_end_0026,0.0,0.9544400649175053,False
leave_one_view_out__fold02__candidate_328,leave_one_view_out__fold02,True,physiology_only,high_residual_response,20251002_单01_ACT-8_翼云_J16_12#01__pilot_10033::context_end_0027,0.0,0.9425574937637343,False
leave_one_view_out__fold02__candidate_328,leave_one_view_out__fold02,True,physiology_only,high_residual_response,20251002_单01_ACT-8_翼云_J16_12#01__pilot_10033::context_end_0028,0.0,0.9763128017998308,False
leave_one_view_out__fold02__candidate_328,leave_one_view_out__fold02,True,physiology_only,high_residual_response,20251002_单01_ACT-8_翼云_J16_12#01__pilot_10033::context_end_0029,0.0,0.9526302947951677,False
leave_one_view_out__fold02__candidate_328,leave_one_view_out__fold02,True,physiology_only,high_residual_response,20251002_单01_ACT-8_翼云_J16_12#01__pilot_10033::context_end_0030,0.0,0.9815485060032689,False
leave_one_view_out__fold02__candidate_328,leave_one_view_out__fold02,True,physiology_only,high_residual_response,20251005_四01_ACT-4_云_J20_22#01__pilot_10033::context_end_0009,0.0,5.1602602107289006e-05,False
leave_one_view_out__fold02__candidate_328,leave_one_view_out__fold02,True,physiology_only,high_residual_response,20251005_四01_ACT-4_云_J20_22#01__pilot_10033::context_end_0010,0.0,3.348454704454992e-06,False
leave_one_view_out__fold02__candidate_328,leave_one_view_out__fold02,True,physiology_only,high_residual_response,20251005_四01_ACT-4_云_J20_22#01__pilot_10033::context_end_0011,0.0,2.1033129771152594e-07,False
leave_one_view_out__fold02__candidate_328,leave_one_view_out__fold02,True,physiology_only,high_residual_response,20251005_四01_ACT-4_云_J20_22#01__pilot_10033::context_end_0012,0.0,6.746395559230901e-08,False
leave_one_view_out__fold02__candidate_328,leave_one_view_out__fold02,True,physiology_only,high_residual_response,20251005_四01_ACT-4_云_J20_22#01__pilot_10033::context_end_0013,0.0,5.323003850749447e-08,False
leave_one_view_out__fold02__candidate_328,leave_one_view_out__fold02,True,physiology_only,high_residual_response,20251005_四01_ACT-4_云_J20_22#01__pilot_10033::context_end_0014,0.0,1.3339292762962999e-07,False
leave_one_view_out__fold02__candidate_328,leave_one_view_out__fold02,True,vehicle_only,future_maneuver_score,20251002_单01_ACT-8_翼云_J16_12#01__pilot_10033::context_end_0025,0.11720224670881636,1.4625003155374041,False
leave_one_view_out__fold02__candidate_328,leave_one_view_out__fold02,True,vehicle_only,future_maneuver_score,20251002_单01_ACT-8_翼云_J16_12#01__pilot_10033::context_end_0026,0.3930438932650127,1.6252446190991932,False
leave_one_view_out__fold02__candidate_328,leave_one_view_out__fold02,True,vehicle_only,future_maneuver_score,20251002_单01_ACT-8_翼云_J16_12#01__pilot_10033::context_end_0027,2.166551683011529,2.013224132339282,False
leave_one_view_out__fold02__candidate_328,leave_one_view_out__fold02,True,vehicle_only,future_maneuver_score,20251002_单01_ACT-8_翼云_J16_12#01__pilot_10033::context_end_0028,3.9825791793715872,2.1064002962261448,False
leave_one_view_out__fold02__candidate_328,leave_one_view_out__fold02,True,vehicle_only,future_maneuver_score,20251002_单01_ACT-8_翼云_J16_12#01__pilot_10033::context_end_0029,2.7977764579780278,2.2214035149524793,False
leave_one_view_out__fold02__candidate_328,leave_one_view_out__fold02,True,vehicle_only,future_maneuver_score,20251002_单01_ACT-8_翼云_J16_12#01__pilot_10033::context_end_0030,1.2874196098982933,1.23845361259548,False
leave_one_view_out__fold02__candidate_328,leave_one_view_out__fold02,True,vehicle_only,future_maneuver_score,20251005_四01_ACT-4_云_J20_22#01__pilot_10033::context_end_0009,0.35251542780931405,0.8405016834587533,False
leave_one_view_out__fold02__candidate_328,leave_one_view_out__fold02,True,vehicle_only,future_maneuver_score,20251005_四01_ACT-4_云_J20_22#01__pilot_10033::context_end_0010,0.3964051854795214,0.14168802260303037,False
leave_one_view_out__fold02__candidate_328,leave_one_view_out__fold02,True,vehicle_only,future_maneuver_score,20251005_四01_ACT-4_云_J20_22#01__pilot_10033::context_end_0011,0.16317910493228557,0.6052406475700188,False
leave_one_view_out__fold02__candidate_328,leave_one_view_out__fold02,True,vehicle_only,future_maneuver_score,20251005_四01_ACT-4_云_J20_22#01__pilot_10033::context_end_0012,0.20981930431459425,1.2836663654773441,False
leave_one_view_out__fold02__candidate_328,leave_one_view_out__fold02,True,vehicle_only,future_maneuver_score,20251005_四01_ACT-4_云_J20_22#01__pilot_10033::context_end_0013,0.29350436621395687,0.7767571880923239,False
leave_one_view_out__fold02__candidate_328,leave_one_view_out__fold02,True,vehicle_only,future_maneuver_score,20251005_四01_ACT-4_云_J20_22#01__pilot_10033::context_end_0014,0.4478664256341813,0.9114929472985346,False
leave_one_view_out__fold02__candidate_328,leave_one_view_out__fold02,True,vehicle_only,future_maneuver_trend,20251002_单01_ACT-8_翼云_J16_12#01__pilot_10033::context_end_0025,0.0,0.0,False
leave_one_view_out__fold02__candidate_328,leave_one_view_out__fold02,True,vehicle_only,future_maneuver_trend,20251002_单01_ACT-8_翼云_J16_12#01__pilot_10033::context_end_0026,2.0,0.0,False
leave_one_view_out__fold02__candidate_328,leave_one_view_out__fold02,True,vehicle_only,future_maneuver_trend,20251002_单01_ACT-8_翼云_J16_12#01__pilot_10033::context_end_0027,2.0,0.0,False
leave_one_view_out__fold02__candidate_328,leave_one_view_out__fold02,True,vehicle_only,future_maneuver_trend,20251002_单01_ACT-8_翼云_J16_12#01__pilot_10033::context_end_0028,2.0,2.0,False
leave_one_view_out__fold02__candidate_328,leave_one_view_out__fold02,True,vehicle_only,future_maneuver_trend,20251002_单01_ACT-8_翼云_J16_12#01__pilot_10033::context_end_0029,0.0,0.0,False
leave_one_view_out__fold02__candidate_328,leave_one_view_out__fold02,True,vehicle_only,future_maneuver_trend,20251002_单01_ACT-8_翼云_J16_12#01__pilot_10033::context_end_0030,0.0,0.0,False
leave_one_view_out__fold02__candidate_328,leave_one_view_out__fold02,True,vehicle_only,future_maneuver_trend,20251005_四01_ACT-4_云_J20_22#01__pilot_10033::context_end_0009,0.0,0.0,False
leave_one_view_out__fold02__candidate_328,leave_one_view_out__fold02,True,vehicle_only,future_maneuver_trend,20251005_四01_ACT-4_云_J20_22#01__pilot_10033::context_end_0010,1.0,1.0,False
leave_one_view_out__fold02__candidate_328,leave_one_view_out__fold02,True,vehicle_only,future_maneuver_trend,20251005_四01_ACT-4_云_J20_22#01__pilot_10033::context_end_0011,0.0,0.0,False
leave_one_view_out__fold02__candidate_328,leave_one_view_out__fold02,True,vehicle_only,future_maneuver_trend,20251005_四01_ACT-4_云_J20_22#01__pilot_10033::context_end_0012,1.0,0.0,False
leave_one_view_out__fold02__candidate_328,leave_one_view_out__fold02,True,vehicle_only,future_maneuver_trend,20251005_四01_ACT-4_云_J20_22#01__pilot_10033::context_end_0013,1.0,0.0,False
leave_one_view_out__fold02__candidate_328,leave_one_view_out__fold02,True,vehicle_only,future_maneuver_trend,20251005_四01_ACT-4_云_J20_22#01__pilot_10033::context_end_0014,1.0,1.0,False
leave_one_view_out__fold02__candidate_328,leave_one_view_out__fold02,True,vehicle_only,physiology_residual,20251002_单01_ACT-8_翼云_J16_12#01__pilot_10033::context_end_0025,0.10586869951711456,0.5995703736019226,False
leave_one_view_out__fold02__candidate_328,leave_one_view_out__fold02,True,vehicle_only,physiology_residual,20251002_单01_ACT-8_翼云_J16_12#01__pilot_10033::context_end_0026,0.07737322288608393,0.4636571620992618,False
leave_one_view_out__fold02__candidate_328,leave_one_view_out__fold02,True,vehicle_only,physiology_residual,20251002_单01_ACT-8_翼云_J16_12#01__pilot_10033::context_end_0027,0.07221091280793739,0.3364779540385013,False
leave_one_view_out__fold02__candidate_328,leave_one_view_out__fold02,True,vehicle_only,physiology_residual,20251002_单01_ACT-8_翼云_J16_12#01__pilot_10033::context_end_0028,0.06789721980731668,0.4512116762642174,False
leave_one_view_out__fold02__candidate_328,leave_one_view_out__fold02,True,vehicle_only,physiology_residual,20251002_单01_ACT-8_翼云_J16_12#01__pilot_10033::context_end_0029,0.042736243874166885,0.5096311705712041,False
leave_one_view_out__fold02__candidate_328,leave_one_view_out__fold02,True,vehicle_only,physiology_residual,20251002_单01_ACT-8_翼云_J16_12#01__pilot_10033::context_end_0030,0.06774852166648454,0.5304787651128708,False
leave_one_view_out__fold02__candidate_328,leave_one_view_out__fold02,True,vehicle_only,physiology_residual,20251005_四01_ACT-4_云_J20_22#01__pilot_10033::context_end_0009,0.21877543389727594,0.8791255643515851,False
leave_one_view_out__fold02__candidate_328,leave_one_view_out__fold02,True,vehicle_only,physiology_residual,20251005_四01_ACT-4_云_J20_22#01__pilot_10033::context_end_0010,0.180599272812271,1.1898644986022786,False
leave_one_view_out__fold02__candidate_328,leave_one_view_out__fold02,True,vehicle_only,physiology_residual,20251005_四01_ACT-4_云_J20_22#01__pilot_10033::context_end_0011,0.23010935812037722,0.7638398645086768,False
leave_one_view_out__fold02__candidate_328,leave_one_view_out__fold02,True,vehicle_only,physiology_residual,20251005_四01_ACT-4_云_J20_22#01__pilot_10033::context_end_0012,0.12349810096388719,0.916056162105194,False
leave_one_view_out__fold02__candidate_328,leave_one_view_out__fold02,True,vehicle_only,physiology_residual,20251005_四01_ACT-4_云_J20_22#01__pilot_10033::context_end_0013,0.11581760933761584,1.2251851115463481,False
leave_one_view_out__fold02__candidate_328,leave_one_view_out__fold02,True,vehicle_only,physiology_residual,20251005_四01_ACT-4_云_J20_22#01__pilot_10033::context_end_0014,0.11833893673653861,1.2641634101881833,False
leave_one_view_out__fold02__candidate_328,leave_one_view_out__fold02,True,vehicle_only,high_residual_response,20251002_单01_ACT-8_翼云_J16_12#01__pilot_10033::context_end_0025,0.0,0.29960376993723703,False
leave_one_view_out__fold02__candidate_328,leave_one_view_out__fold02,True,vehicle_only,high_residual_response,20251002_单01_ACT-8_翼云_J16_12#01__pilot_10033::context_end_0026,0.0,0.0075421811554407265,False
leave_one_view_out__fold02__candidate_328,leave_one_view_out__fold02,True,vehicle_only,high_residual_response,20251002_单01_ACT-8_翼云_J16_12#01__pilot_10033::context_end_0027,0.0,0.008202023009132912,False
leave_one_view_out__fold02__candidate_328,leave_one_view_out__fold02,True,vehicle_only,high_residual_response,20251002_单01_ACT-8_翼云_J16_12#01__pilot_10033::context_end_0028,0.0,0.0625175711729627,False
leave_one_view_out__fold02__candidate_328,leave_one_view_out__fold02,True,vehicle_only,high_residual_response,20251002_单01_ACT-8_翼云_J16_12#01__pilot_10033::context_end_0029,0.0,0.013268022255053876,False
leave_one_view_out__fold02__candidate_328,leave_one_view_out__fold02,True,vehicle_only,high_residual_response,20251002_单01_ACT-8_翼云_J16_12#01__pilot_10033::context_end_0030,0.0,0.6000960844440196,False
leave_one_view_out__fold02__candidate_328,leave_one_view_out__fold02,True,vehicle_only,high_residual_response,20251005_四01_ACT-4_云_J20_22#01__pilot_10033::context_end_0009,0.0,0.11771908099497981,False
leave_one_view_out__fold02__candidate_328,leave_one_view_out__fold02,True,vehicle_only,high_residual_response,20251005_四01_ACT-4_云_J20_22#01__pilot_10033::context_end_0010,0.0,0.9254115309805794,False
leave_one_view_out__fold02__candidate_328,leave_one_view_out__fold02,True,vehicle_only,high_residual_response,20251005_四01_ACT-4_云_J20_22#01__pilot_10033::context_end_0011,0.0,0.863503708233281,False
leave_one_view_out__fold02__candidate_328,leave_one_view_out__fold02,True,vehicle_only,high_residual_response,20251005_四01_ACT-4_云_J20_22#01__pilot_10033::context_end_0012,0.0,0.3215997518630967,False
leave_one_view_out__fold02__candidate_328,leave_one_view_out__fold02,True,vehicle_only,high_residual_response,20251005_四01_ACT-4_云_J20_22#01__pilot_10033::context_end_0013,0.0,0.9794729166668434,False
leave_one_view_out__fold02__candidate_328,leave_one_view_out__fold02,True,vehicle_only,high_residual_response,20251005_四01_ACT-4_云_J20_22#01__pilot_10033::context_end_0014,0.0,0.42419159256219646,False
leave_one_view_out__fold02__candidate_328,leave_one_view_out__fold02,True,naive_time_sync,future_maneuver_score,20251002_单01_ACT-8_翼云_J16_12#01__pilot_10033::context_end_0025,0.11720224670881636,3.768377529436508,False
leave_one_view_out__fold02__candidate_328,leave_one_view_out__fold02,True,naive_time_sync,future_maneuver_score,20251002_单01_ACT-8_翼云_J16_12#01__pilot_10033::context_end_0026,0.3930438932650127,2.5027180677361,False
leave_one_view_out__fold02__candidate_328,leave_one_view_out__fold02,True,naive_time_sync,future_maneuver_score,20251002_单01_ACT-8_翼云_J16_12#01__pilot_10033::context_end_0027,2.166551683011529,2.1484801403988842,False
leave_one_view_out__fold02__candidate_328,leave_one_view_out__fold02,True,naive_time_sync,future_maneuver_score,20251002_单01_ACT-8_翼云_J16_12#01__pilot_10033::context_end_0028,3.9825791793715872,2.1544566675979424,False
leave_one_view_out__fold02__candidate_328,leave_one_view_out__fold02,True,naive_time_sync,future_maneuver_score,20251002_单01_ACT-8_翼云_J16_12#01__pilot_10033::context_end_0029,2.7977764579780278,1.298786146012319,False
leave_one_view_out__fold02__candidate_328,leave_one_view_out__fold02,True,naive_time_sync,future_maneuver_score,20251002_单01_ACT-8_翼云_J16_12#01__pilot_10033::context_end_0030,1.2874196098982933,-0.1682533645259503,False
leave_one_view_out__fold02__candidate_328,leave_one_view_out__fold02,True,naive_time_sync,future_maneuver_score,20251005_四01_ACT-4_云_J20_22#01__pilot_10033::context_end_0009,0.35251542780931405,3.694962382081682,False
leave_one_view_out__fold02__candidate_328,leave_one_view_out__fold02,True,naive_time_sync,future_maneuver_score,20251005_四01_ACT-4_云_J20_22#01__pilot_10033::context_end_0010,0.3964051854795214,3.772016442454186,False
leave_one_view_out__fold02__candidate_328,leave_one_view_out__fold02,True,naive_time_sync,future_maneuver_score,20251005_四01_ACT-4_云_J20_22#01__pilot_10033::context_end_0011,0.16317910493228557,3.666323260556606,False
leave_one_view_out__fold02__candidate_328,leave_one_view_out__fold02,True,naive_time_sync,future_maneuver_score,20251005_四01_ACT-4_云_J20_22#01__pilot_10033::context_end_0012,0.20981930431459425,3.499901896305447,False
leave_one_view_out__fold02__candidate_328,leave_one_view_out__fold02,True,naive_time_sync,future_maneuver_score,20251005_四01_ACT-4_云_J20_22#01__pilot_10033::context_end_0013,0.29350436621395687,3.2872704117115354,False
leave_one_view_out__fold02__candidate_328,leave_one_view_out__fold02,True,naive_time_sync,future_maneuver_score,20251005_四01_ACT-4_云_J20_22#01__pilot_10033::context_end_0014,0.4478664256341813,2.653062160051772,False
leave_one_view_out__fold02__candidate_328,leave_one_view_out__fold02,True,naive_time_sync,future_maneuver_trend,20251002_单01_ACT-8_翼云_J16_12#01__pilot_10033::context_end_0025,0.0,0.0,False
leave_one_view_out__fold02__candidate_328,leave_one_view_out__fold02,True,naive_time_sync,future_maneuver_trend,20251002_单01_ACT-8_翼云_J16_12#01__pilot_10033::context_end_0026,2.0,0.0,False
leave_one_view_out__fold02__candidate_328,leave_one_view_out__fold02,True,naive_time_sync,future_maneuver_trend,20251002_单01_ACT-8_翼云_J16_12#01__pilot_10033::context_end_0027,2.0,0.0,False
leave_one_view_out__fold02__candidate_328,leave_one_view_out__fold02,True,naive_time_sync,future_maneuver_trend,20251002_单01_ACT-8_翼云_J16_12#01__pilot_10033::context_end_0028,2.0,0.0,False
leave_one_view_out__fold02__candidate_328,leave_one_view_out__fold02,True,naive_time_sync,future_maneuver_trend,20251002_单01_ACT-8_翼云_J16_12#01__pilot_10033::context_end_0029,0.0,0.0,False
leave_one_view_out__fold02__candidate_328,leave_one_view_out__fold02,True,naive_time_sync,future_maneuver_trend,20251002_单01_ACT-8_翼云_J16_12#01__pilot_10033::context_end_0030,0.0,0.0,False
leave_one_view_out__fold02__candidate_328,leave_one_view_out__fold02,True,naive_time_sync,future_maneuver_trend,20251005_四01_ACT-4_云_J20_22#01__pilot_10033::context_end_0009,0.0,2.0,False
leave_one_view_out__fold02__candidate_328,leave_one_view_out__fold02,True,naive_time_sync,future_maneuver_trend,20251005_四01_ACT-4_云_J20_22#01__pilot_10033::context_end_0010,1.0,2.0,False
leave_one_view_out__fold02__candidate_328,leave_one_view_out__fold02,True,naive_time_sync,future_maneuver_trend,20251005_四01_ACT-4_云_J20_22#01__pilot_10033::context_end_0011,0.0,2.0,False
leave_one_view_out__fold02__candidate_328,leave_one_view_out__fold02,True,naive_time_sync,future_maneuver_trend,20251005_四01_ACT-4_云_J20_22#01__pilot_10033::context_end_0012,1.0,2.0,False
leave_one_view_out__fold02__candidate_328,leave_one_view_out__fold02,True,naive_time_sync,future_maneuver_trend,20251005_四01_ACT-4_云_J20_22#01__pilot_10033::context_end_0013,1.0,2.0,False
leave_one_view_out__fold02__candidate_328,leave_one_view_out__fold02,True,naive_time_sync,future_maneuver_trend,20251005_四01_ACT-4_云_J20_22#01__pilot_10033::context_end_0014,1.0,2.0,False
leave_one_view_out__fold02__candidate_328,leave_one_view_out__fold02,True,naive_time_sync,physiology_residual,20251002_单01_ACT-8_翼云_J16_12#01__pilot_10033::context_end_0025,0.10586869951711456,-0.15657921108589568,False
leave_one_view_out__fold02__candidate_328,leave_one_view_out__fold02,True,naive_time_sync,physiology_residual,20251002_单01_ACT-8_翼云_J16_12#01__pilot_10033::context_end_0026,0.07737322288608393,-0.18164138471342484,False
leave_one_view_out__fold02__candidate_328,leave_one_view_out__fold02,True,naive_time_sync,physiology_residual,20251002_单01_ACT-8_翼云_J16_12#01__pilot_10033::context_end_0027,0.07221091280793739,0.19979836963399944,False
leave_one_view_out__fold02__candidate_328,leave_one_view_out__fold02,True,naive_time_sync,physiology_residual,20251002_单01_ACT-8_翼云_J16_12#01__pilot_10033::context_end_0028,0.06789721980731668,0.010784773821491234,False
leave_one_view_out__fold02__candidate_328,leave_one_view_out__fold02,True,naive_time_sync,physiology_residual,20251002_单01_ACT-8_翼云_J16_12#01__pilot_10033::context_end_0029,0.042736243874166885,0.3316922174946656,False
leave_one_view_out__fold02__candidate_328,leave_one_view_out__fold02,True,naive_time_sync,physiology_residual,20251002_单01_ACT-8_翼云_J16_12#01__pilot_10033::context_end_0030,0.06774852166648454,0.4078755731398939,False
leave_one_view_out__fold02__candidate_328,leave_one_view_out__fold02,True,naive_time_sync,physiology_residual,20251005_四01_ACT-4_云_J20_22#01__pilot_10033::context_end_0009,0.21877543389727594,3.0395150967055864,False
leave_one_view_out__fold02__candidate_328,leave_one_view_out__fold02,True,naive_time_sync,physiology_residual,20251005_四01_ACT-4_云_J20_22#01__pilot_10033::context_end_0010,0.180599272812271,2.959302785846965,False
leave_one_view_out__fold02__candidate_328,leave_one_view_out__fold02,True,naive_time_sync,physiology_residual,20251005_四01_ACT-4_云_J20_22#01__pilot_10033::context_end_0011,0.23010935812037722,2.7819153794141203,False
leave_one_view_out__fold02__candidate_328,leave_one_view_out__fold02,True,naive_time_sync,physiology_residual,20251005_四01_ACT-4_云_J20_22#01__pilot_10033::context_end_0012,0.12349810096388719,2.7316118267249028,False
leave_one_view_out__fold02__candidate_328,leave_one_view_out__fold02,True,naive_time_sync,physiology_residual,20251005_四01_ACT-4_云_J20_22#01__pilot_10033::context_end_0013,0.11581760933761584,2.574327863601006,False
leave_one_view_out__fold02__candidate_328,leave_one_view_out__fold02,True,naive_time_sync,physiology_residual,20251005_四01_ACT-4_云_J20_22#01__pilot_10033::context_end_0014,0.11833893673653861,1.8909748742846657,False
leave_one_view_out__fold02__candidate_328,leave_one_view_out__fold02,True,naive_time_sync,high_residual_response,20251002_单01_ACT-8_翼云_J16_12#01__pilot_10033::context_end_0025,0.0,0.0021508964632463625,False
leave_one_view_out__fold02__candidate_328,leave_one_view_out__fold02,True,naive_time_sync,high_residual_response,20251002_单01_ACT-8_翼云_J16_12#01__pilot_10033::context_end_0026,0.0,3.531054793284713e-07,False
leave_one_view_out__fold02__candidate_328,leave_one_view_out__fold02,True,naive_time_sync,high_residual_response,20251002_单01_ACT-8_翼云_J16_12#01__pilot_10033::context_end_0027,0.0,0.00019887251114790398,False
leave_one_view_out__fold02__candidate_328,leave_one_view_out__fold02,True,naive_time_sync,high_residual_response,20251002_单01_ACT-8_翼云_J16_12#01__pilot_10033::context_end_0028,0.0,7.646054419886743e-05,False
leave_one_view_out__fold02__candidate_328,leave_one_view_out__fold02,True,naive_time_sync,high_residual_response,20251002_单01_ACT-8_翼云_J16_12#01__pilot_10033::context_end_0029,0.0,0.00028712585084305633,False
leave_one_view_out__fold02__candidate_328,leave_one_view_out__fold02,True,naive_time_sync,high_residual_response,20251002_单01_ACT-8_翼云_J16_12#01__pilot_10033::context_end_0030,0.0,0.00034792378608013955,False
leave_one_view_out__fold02__candidate_328,leave_one_view_out__fold02,True,naive_time_sync,high_residual_response,20251005_四01_ACT-4_云_J20_22#01__pilot_10033::context_end_0009,0.0,0.9999999834346689,False
leave_one_view_out__fold02__candidate_328,leave_one_view_out__fold02,True,naive_time_sync,high_residual_response,20251005_四01_ACT-4_云_J20_22#01__pilot_10033::context_end_0010,0.0,0.999999999602915,False
leave_one_view_out__fold02__candidate_328,leave_one_view_out__fold02,True,naive_time_sync,high_residual_response,20251005_四01_ACT-4_云_J20_22#01__pilot_10033::context_end_0011,0.0,0.9999999965058308,False
leave_one_view_out__fold02__candidate_328,leave_one_view_out__fold02,True,naive_time_sync,high_residual_response,20251005_四01_ACT-4_云_J20_22#01__pilot_10033::context_end_0012,0.0,0.9999999960976953,False
leave_one_view_out__fold02__candidate_328,leave_one_view_out__fold02,True,naive_time_sync,high_residual_response,20251005_四01_ACT-4_云_J20_22#01__pilot_10033::context_end_0013,0.0,0.9999999869637202,False
leave_one_view_out__fold02__candidate_328,leave_one_view_out__fold02,True,naive_time_sync,high_residual_response,20251005_四01_ACT-4_云_J20_22#01__pilot_10033::context_end_0014,0.0,0.9999999997414035,False
leave_one_view_out__fold02__candidate_328,leave_one_view_out__fold02,True,mult,future_maneuver_score,20251002_单01_ACT-8_翼云_J16_12#01__pilot_10033::context_end_0025,0.11720224670881636,-3.049894629438829,False
leave_one_view_out__fold02__candidate_328,leave_one_view_out__fold02,True,mult,future_maneuver_score,20251002_单01_ACT-8_翼云_J16_12#01__pilot_10033::context_end_0026,0.3930438932650127,-3.356477008741046,False
leave_one_view_out__fold02__candidate_328,leave_one_view_out__fold02,True,mult,future_maneuver_score,20251002_单01_ACT-8_翼云_J16_12#01__pilot_10033::context_end_0027,2.166551683011529,-4.0869842177745985,False
leave_one_view_out__fold02__candidate_328,leave_one_view_out__fold02,True,mult,future_maneuver_score,20251002_单01_ACT-8_翼云_J16_12#01__pilot_10033::context_end_0028,3.9825791793715872,-4.988956866518171,False
leave_one_view_out__fold02__candidate_328,leave_one_view_out__fold02,True,mult,future_maneuver_score,20251002_单01_ACT-8_翼云_J16_12#01__pilot_10033::context_end_0029,2.7977764579780278,-5.329198703853695,False
leave_one_view_out__fold02__candidate_328,leave_one_view_out__fold02,True,mult,future_maneuver_score,20251002_单01_ACT-8_翼云_J16_12#01__pilot_10033::context_end_0030,1.2874196098982933,-5.678595207454836,False
leave_one_view_out__fold02__candidate_328,leave_one_view_out__fold02,True,mult,future_maneuver_score,20251005_四01_ACT-4_云_J20_22#01__pilot_10033::context_end_0009,0.35251542780931405,10.590323362660364,False
leave_one_view_out__fold02__candidate_328,leave_one_view_out__fold02,True,mult,future_maneuver_score,20251005_四01_ACT-4_云_J20_22#01__pilot_10033::context_end_0010,0.3964051854795214,10.11800572243014,False
leave_one_view_out__fold02__candidate_328,leave_one_view_out__fold02,True,mult,future_maneuver_score,20251005_四01_ACT-4_云_J20_22#01__pilot_10033::context_end_0011,0.16317910493228557,10.235520129661271,False
leave_one_view_out__fold02__candidate_328,leave_one_view_out__fold02,True,mult,future_maneuver_score,20251005_四01_ACT-4_云_J20_22#01__pilot_10033::context_end_0012,0.20981930431459425,9.861457566910596,False
leave_one_view_out__fold02__candidate_328,leave_one_view_out__fold02,True,mult,future_maneuver_score,20251005_四01_ACT-4_云_J20_22#01__pilot_10033::context_end_0013,0.29350436621395687,9.107843159886242,False
leave_one_view_out__fold02__candidate_328,leave_one_view_out__fold02,True,mult,future_maneuver_score,20251005_四01_ACT-4_云_J20_22#01__pilot_10033::context_end_0014,0.4478664256341813,8.267739717072484,False
leave_one_view_out__fold02__candidate_328,leave_one_view_out__fold02,True,mult,future_maneuver_trend,20251002_单01_ACT-8_翼云_J16_12#01__pilot_10033::context_end_0025,0.0,1.0,False
leave_one_view_out__fold02__candidate_328,leave_one_view_out__fold02,True,mult,future_maneuver_trend,20251002_单01_ACT-8_翼云_J16_12#01__pilot_10033::context_end_0026,2.0,1.0,False
leave_one_view_out__fold02__candidate_328,leave_one_view_out__fold02,True,mult,future_maneuver_trend,20251002_单01_ACT-8_翼云_J16_12#01__pilot_10033::context_end_0027,2.0,1.0,False
leave_one_view_out__fold02__candidate_328,leave_one_view_out__fold02,True,mult,future_maneuver_trend,20251002_单01_ACT-8_翼云_J16_12#01__pilot_10033::context_end_0028,2.0,1.0,False
leave_one_view_out__fold02__candidate_328,leave_one_view_out__fold02,True,mult,future_maneuver_trend,20251002_单01_ACT-8_翼云_J16_12#01__pilot_10033::context_end_0029,0.0,1.0,False
leave_one_view_out__fold02__candidate_328,leave_one_view_out__fold02,True,mult,future_maneuver_trend,20251002_单01_ACT-8_翼云_J16_12#01__pilot_10033::context_end_0030,0.0,1.0,False
leave_one_view_out__fold02__candidate_328,leave_one_view_out__fold02,True,mult,future_maneuver_trend,20251005_四01_ACT-4_云_J20_22#01__pilot_10033::context_end_0009,0.0,2.0,False
leave_one_view_out__fold02__candidate_328,leave_one_view_out__fold02,True,mult,future_maneuver_trend,20251005_四01_ACT-4_云_J20_22#01__pilot_10033::context_end_0010,1.0,2.0,False
leave_one_view_out__fold02__candidate_328,leave_one_view_out__fold02,True,mult,future_maneuver_trend,20251005_四01_ACT-4_云_J20_22#01__pilot_10033::context_end_0011,0.0,2.0,False
leave_one_view_out__fold02__candidate_328,leave_one_view_out__fold02,True,mult,future_maneuver_trend,20251005_四01_ACT-4_云_J20_22#01__pilot_10033::context_end_0012,1.0,2.0,False
leave_one_view_out__fold02__candidate_328,leave_one_view_out__fold02,True,mult,future_maneuver_trend,20251005_四01_ACT-4_云_J20_22#01__pilot_10033::context_end_0013,1.0,2.0,False
leave_one_view_out__fold02__candidate_328,leave_one_view_out__fold02,True,mult,future_maneuver_trend,20251005_四01_ACT-4_云_J20_22#01__pilot_10033::context_end_0014,1.0,2.0,False
leave_one_view_out__fold02__candidate_328,leave_one_view_out__fold02,True,mult,physiology_residual,20251002_单01_ACT-8_翼云_J16_12#01__pilot_10033::context_end_0025,0.10586869951711456,1.3240600732658148,False
leave_one_view_out__fold02__candidate_328,leave_one_view_out__fold02,True,mult,physiology_residual,20251002_单01_ACT-8_翼云_J16_12#01__pilot_10033::context_end_0026,0.07737322288608393,1.4093946689814965,False
leave_one_view_out__fold02__candidate_328,leave_one_view_out__fold02,True,mult,physiology_residual,20251002_单01_ACT-8_翼云_J16_12#01__pilot_10033::context_end_0027,0.07221091280793739,1.7264866164314383,False
leave_one_view_out__fold02__candidate_328,leave_one_view_out__fold02,True,mult,physiology_residual,20251002_单01_ACT-8_翼云_J16_12#01__pilot_10033::context_end_0028,0.06789721980731668,1.8442857178372796,False
leave_one_view_out__fold02__candidate_328,leave_one_view_out__fold02,True,mult,physiology_residual,20251002_单01_ACT-8_翼云_J16_12#01__pilot_10033::context_end_0029,0.042736243874166885,2.0366431466524966,False
leave_one_view_out__fold02__candidate_328,leave_one_view_out__fold02,True,mult,physiology_residual,20251002_单01_ACT-8_翼云_J16_12#01__pilot_10033::context_end_0030,0.06774852166648454,2.12756495953236,False
leave_one_view_out__fold02__candidate_328,leave_one_view_out__fold02,True,mult,physiology_residual,20251005_四01_ACT-4_云_J20_22#01__pilot_10033::context_end_0009,0.21877543389727594,-0.44132810492620167,False
leave_one_view_out__fold02__candidate_328,leave_one_view_out__fold02,True,mult,physiology_residual,20251005_四01_ACT-4_云_J20_22#01__pilot_10033::context_end_0010,0.180599272812271,-0.559427134058029,False
leave_one_view_out__fold02__candidate_328,leave_one_view_out__fold02,True,mult,physiology_residual,20251005_四01_ACT-4_云_J20_22#01__pilot_10033::context_end_0011,0.23010935812037722,-0.775456317002154,False
leave_one_view_out__fold02__candidate_328,leave_one_view_out__fold02,True,mult,physiology_residual,20251005_四01_ACT-4_云_J20_22#01__pilot_10033::context_end_0012,0.12349810096388719,-0.7257070619368979,False
leave_one_view_out__fold02__candidate_328,leave_one_view_out__fold02,True,mult,physiology_residual,20251005_四01_ACT-4_云_J20_22#01__pilot_10033::context_end_0013,0.11581760933761584,-0.6564246356780943,False
leave_one_view_out__fold02__candidate_328,leave_one_view_out__fold02,True,mult,physiology_residual,20251005_四01_ACT-4_云_J20_22#01__pilot_10033::context_end_0014,0.11833893673653861,-0.40008757828338704,False
leave_one_view_out__fold02__candidate_328,leave_one_view_out__fold02,True,mult,high_residual_response,20251002_单01_ACT-8_翼云_J16_12#01__pilot_10033::context_end_0025,0.0,0.9968355022432367,False
leave_one_view_out__fold02__candidate_328,leave_one_view_out__fold02,True,mult,high_residual_response,20251002_单01_ACT-8_翼云_J16_12#01__pilot_10033::context_end_0026,0.0,0.9928613776743874,False
leave_one_view_out__fold02__candidate_328,leave_one_view_out__fold02,True,mult,high_residual_response,20251002_单01_ACT-8_翼云_J16_12#01__pilot_10033::context_end_0027,0.0,0.9990563527461186,False
leave_one_view_out__fold02__candidate_328,leave_one_view_out__fold02,True,mult,high_residual_response,20251002_单01_ACT-8_翼云_J16_12#01__pilot_10033::context_end_0028,0.0,0.9983293083560635,False
leave_one_view_out__fold02__candidate_328,leave_one_view_out__fold02,True,mult,high_residual_response,20251002_单01_ACT-8_翼云_J16_12#01__pilot_10033::context_end_0029,0.0,0.9993558833338082,False
leave_one_view_out__fold02__candidate_328,leave_one_view_out__fold02,True,mult,high_residual_response,20251002_单01_ACT-8_翼云_J16_12#01__pilot_10033::context_end_0030,0.0,0.9997897784585649,False
leave_one_view_out__fold02__candidate_328,leave_one_view_out__fold02,True,mult,high_residual_response,20251005_四01_ACT-4_云_J20_22#01__pilot_10033::context_end_0009,0.0,1.2561683941671924e-11,False
leave_one_view_out__fold02__candidate_328,leave_one_view_out__fold02,True,mult,high_residual_response,20251005_四01_ACT-4_云_J20_22#01__pilot_10033::context_end_0010,0.0,6.672327107449674e-11,False
leave_one_view_out__fold02__candidate_328,leave_one_view_out__fold02,True,mult,high_residual_response,20251005_四01_ACT-4_云_J20_22#01__pilot_10033::context_end_0011,0.0,9.573288227327245e-11,False
leave_one_view_out__fold02__candidate_328,leave_one_view_out__fold02,True,mult,high_residual_response,20251005_四01_ACT-4_云_J20_22#01__pilot_10033::context_end_0012,0.0,1.5505639153815786e-10,False
leave_one_view_out__fold02__candidate_328,leave_one_view_out__fold02,True,mult,high_residual_response,20251005_四01_ACT-4_云_J20_22#01__pilot_10033::context_end_0013,0.0,7.861328342123287e-10,False
leave_one_view_out__fold02__candidate_328,leave_one_view_out__fold02,True,mult,high_residual_response,20251005_四01_ACT-4_云_J20_22#01__pilot_10033::context_end_0014,0.0,5.615293231556104e-09,False
leave_one_view_out__fold02__candidate_328,leave_one_view_out__fold02,True,contiformer,future_maneuver_score,20251002_单01_ACT-8_翼云_J16_12#01__pilot_10033::context_end_0025,0.11720224670881636,2.129939786682008,False
leave_one_view_out__fold02__candidate_328,leave_one_view_out__fold02,True,contiformer,future_maneuver_score,20251002_单01_ACT-8_翼云_J16_12#01__pilot_10033::context_end_0026,0.3930438932650127,1.634313306932054,False
leave_one_view_out__fold02__candidate_328,leave_one_view_out__fold02,True,contiformer,future_maneuver_score,20251002_单01_ACT-8_翼云_J16_12#01__pilot_10033::context_end_0027,2.166551683011529,1.6892196952909175,False
leave_one_view_out__fold02__candidate_328,leave_one_view_out__fold02,True,contiformer,future_maneuver_score,20251002_单01_ACT-8_翼云_J16_12#01__pilot_10033::context_end_0028,3.9825791793715872,2.130162224367037,False
leave_one_view_out__fold02__candidate_328,leave_one_view_out__fold02,True,contiformer,future_maneuver_score,20251002_单01_ACT-8_翼云_J16_12#01__pilot_10033::context_end_0029,2.7977764579780278,1.698408386860932,False
leave_one_view_out__fold02__candidate_328,leave_one_view_out__fold02,True,contiformer,future_maneuver_score,20251002_单01_ACT-8_翼云_J16_12#01__pilot_10033::context_end_0030,1.2874196098982933,1.465998651736578,False
leave_one_view_out__fold02__candidate_328,leave_one_view_out__fold02,True,contiformer,future_maneuver_score,20251005_四01_ACT-4_云_J20_22#01__pilot_10033::context_end_0009,0.35251542780931405,0.2527798356098243,False
leave_one_view_out__fold02__candidate_328,leave_one_view_out__fold02,True,contiformer,future_maneuver_score,20251005_四01_ACT-4_云_J20_22#01__pilot_10033::context_end_0010,0.3964051854795214,-0.34738498916429905,False
leave_one_view_out__fold02__candidate_328,leave_one_view_out__fold02,True,contiformer,future_maneuver_score,20251005_四01_ACT-4_云_J20_22#01__pilot_10033::context_end_0011,0.16317910493228557,0.2343808312613277,False
leave_one_view_out__fold02__candidate_328,leave_one_view_out__fold02,True,contiformer,future_maneuver_score,20251005_四01_ACT-4_云_J20_22#01__pilot_10033::context_end_0012,0.20981930431459425,0.3327675258887729,False
leave_one_view_out__fold02__candidate_328,leave_one_view_out__fold02,True,contiformer,future_maneuver_score,20251005_四01_ACT-4_云_J20_22#01__pilot_10033::context_end_0013,0.29350436621395687,0.14599723034158474,False
leave_one_view_out__fold02__candidate_328,leave_one_view_out__fold02,True,contiformer,future_maneuver_score,20251005_四01_ACT-4_云_J20_22#01__pilot_10033::context_end_0014,0.4478664256341813,-0.027116352176307257,False
leave_one_view_out__fold02__candidate_328,leave_one_view_out__fold02,True,contiformer,future_maneuver_trend,20251002_单01_ACT-8_翼云_J16_12#01__pilot_10033::context_end_0025,0.0,0.0,False
leave_one_view_out__fold02__candidate_328,leave_one_view_out__fold02,True,contiformer,future_maneuver_trend,20251002_单01_ACT-8_翼云_J16_12#01__pilot_10033::context_end_0026,2.0,0.0,False
leave_one_view_out__fold02__candidate_328,leave_one_view_out__fold02,True,contiformer,future_maneuver_trend,20251002_单01_ACT-8_翼云_J16_12#01__pilot_10033::context_end_0027,2.0,0.0,False
leave_one_view_out__fold02__candidate_328,leave_one_view_out__fold02,True,contiformer,future_maneuver_trend,20251002_单01_ACT-8_翼云_J16_12#01__pilot_10033::context_end_0028,2.0,0.0,False
leave_one_view_out__fold02__candidate_328,leave_one_view_out__fold02,True,contiformer,future_maneuver_trend,20251002_单01_ACT-8_翼云_J16_12#01__pilot_10033::context_end_0029,0.0,0.0,False
leave_one_view_out__fold02__candidate_328,leave_one_view_out__fold02,True,contiformer,future_maneuver_trend,20251002_单01_ACT-8_翼云_J16_12#01__pilot_10033::context_end_0030,0.0,0.0,False
leave_one_view_out__fold02__candidate_328,leave_one_view_out__fold02,True,contiformer,future_maneuver_trend,20251005_四01_ACT-4_云_J20_22#01__pilot_10033::context_end_0009,0.0,2.0,False
leave_one_view_out__fold02__candidate_328,leave_one_view_out__fold02,True,contiformer,future_maneuver_trend,20251005_四01_ACT-4_云_J20_22#01__pilot_10033::context_end_0010,1.0,1.0,False
leave_one_view_out__fold02__candidate_328,leave_one_view_out__fold02,True,contiformer,future_maneuver_trend,20251005_四01_ACT-4_云_J20_22#01__pilot_10033::context_end_0011,0.0,2.0,False
leave_one_view_out__fold02__candidate_328,leave_one_view_out__fold02,True,contiformer,future_maneuver_trend,20251005_四01_ACT-4_云_J20_22#01__pilot_10033::context_end_0012,1.0,2.0,False
leave_one_view_out__fold02__candidate_328,leave_one_view_out__fold02,True,contiformer,future_maneuver_trend,20251005_四01_ACT-4_云_J20_22#01__pilot_10033::context_end_0013,1.0,2.0,False
leave_one_view_out__fold02__candidate_328,leave_one_view_out__fold02,True,contiformer,future_maneuver_trend,20251005_四01_ACT-4_云_J20_22#01__pilot_10033::context_end_0014,1.0,1.0,False
leave_one_view_out__fold02__candidate_328,leave_one_view_out__fold02,True,contiformer,physiology_residual,20251002_单01_ACT-8_翼云_J16_12#01__pilot_10033::context_end_0025,0.10586869951711456,0.2909637572439181,False
leave_one_view_out__fold02__candidate_328,leave_one_view_out__fold02,True,contiformer,physiology_residual,20251002_单01_ACT-8_翼云_J16_12#01__pilot_10033::context_end_0026,0.07737322288608393,0.2723687075533504,False
leave_one_view_out__fold02__candidate_328,leave_one_view_out__fold02,True,contiformer,physiology_residual,20251002_单01_ACT-8_翼云_J16_12#01__pilot_10033::context_end_0027,0.07221091280793739,0.20963440713659554,False
leave_one_view_out__fold02__candidate_328,leave_one_view_out__fold02,True,contiformer,physiology_residual,20251002_单01_ACT-8_翼云_J16_12#01__pilot_10033::context_end_0028,0.06789721980731668,0.1831614094971491,False
leave_one_view_out__fold02__candidate_328,leave_one_view_out__fold02,True,contiformer,physiology_residual,20251002_单01_ACT-8_翼云_J16_12#01__pilot_10033::context_end_0029,0.042736243874166885,0.35398737627323246,False
leave_one_view_out__fold02__candidate_328,leave_one_view_out__fold02,True,contiformer,physiology_residual,20251002_单01_ACT-8_翼云_J16_12#01__pilot_10033::context_end_0030,0.06774852166648454,0.4131864544376931,False
leave_one_view_out__fold02__candidate_328,leave_one_view_out__fold02,True,contiformer,physiology_residual,20251005_四01_ACT-4_云_J20_22#01__pilot_10033::context_end_0009,0.21877543389727594,1.3228063634930844,False
leave_one_view_out__fold02__candidate_328,leave_one_view_out__fold02,True,contiformer,physiology_residual,20251005_四01_ACT-4_云_J20_22#01__pilot_10033::context_end_0010,0.180599272812271,1.799131957846292,False
leave_one_view_out__fold02__candidate_328,leave_one_view_out__fold02,True,contiformer,physiology_residual,20251005_四01_ACT-4_云_J20_22#01__pilot_10033::context_end_0011,0.23010935812037722,1.440445115282793,False
leave_one_view_out__fold02__candidate_328,leave_one_view_out__fold02,True,contiformer,physiology_residual,20251005_四01_ACT-4_云_J20_22#01__pilot_10033::context_end_0012,0.12349810096388719,1.5114570095074635,False
leave_one_view_out__fold02__candidate_328,leave_one_view_out__fold02,True,contiformer,physiology_residual,20251005_四01_ACT-4_云_J20_22#01__pilot_10033::context_end_0013,0.11581760933761584,1.7276644222694777,False
leave_one_view_out__fold02__candidate_328,leave_one_view_out__fold02,True,contiformer,physiology_residual,20251005_四01_ACT-4_云_J20_22#01__pilot_10033::context_end_0014,0.11833893673653861,1.6453957941040798,False
leave_one_view_out__fold02__candidate_328,leave_one_view_out__fold02,True,contiformer,high_residual_response,20251002_单01_ACT-8_翼云_J16_12#01__pilot_10033::context_end_0025,0.0,0.1808235307345534,False
leave_one_view_out__fold02__candidate_328,leave_one_view_out__fold02,True,contiformer,high_residual_response,20251002_单01_ACT-8_翼云_J16_12#01__pilot_10033::context_end_0026,0.0,0.056060662122682944,False
leave_one_view_out__fold02__candidate_328,leave_one_view_out__fold02,True,contiformer,high_residual_response,20251002_单01_ACT-8_翼云_J16_12#01__pilot_10033::context_end_0027,0.0,0.11043785223643524,False
leave_one_view_out__fold02__candidate_328,leave_one_view_out__fold02,True,contiformer,high_residual_response,20251002_单01_ACT-8_翼云_J16_12#01__pilot_10033::context_end_0028,0.0,0.021491563969527866,False
leave_one_view_out__fold02__candidate_328,leave_one_view_out__fold02,True,contiformer,high_residual_response,20251002_单01_ACT-8_翼云_J16_12#01__pilot_10033::context_end_0029,0.0,0.11335373412306554,False
leave_one_view_out__fold02__candidate_328,leave_one_view_out__fold02,True,contiformer,high_residual_response,20251002_单01_ACT-8_翼云_J16_12#01__pilot_10033::context_end_0030,0.0,0.3024367435713417,False
leave_one_view_out__fold02__candidate_328,leave_one_view_out__fold02,True,contiformer,high_residual_response,20251005_四01_ACT-4_云_J20_22#01__pilot_10033::context_end_0009,0.0,0.7435063546551471,False
leave_one_view_out__fold02__candidate_328,leave_one_view_out__fold02,True,contiformer,high_residual_response,20251005_四01_ACT-4_云_J20_22#01__pilot_10033::context_end_0010,0.0,0.994360013652428,False
leave_one_view_out__fold02__candidate_328,leave_one_view_out__fold02,True,contiformer,high_residual_response,20251005_四01_ACT-4_云_J20_22#01__pilot_10033::context_end_0011,0.0,0.9883327720699627,False
leave_one_view_out__fold02__candidate_328,leave_one_view_out__fold02,True,contiformer,high_residual_response,20251005_四01_ACT-4_云_J20_22#01__pilot_10033::context_end_0012,0.0,0.9939560934122765,False
leave_one_view_out__fold02__candidate_328,leave_one_view_out__fold02,True,contiformer,high_residual_response,20251005_四01_ACT-4_云_J20_22#01__pilot_10033::context_end_0013,0.0,0.9980830224866751,False
leave_one_view_out__fold02__candidate_328,leave_one_view_out__fold02,True,contiformer,high_residual_response,20251005_四01_ACT-4_云_J20_22#01__pilot_10033::context_end_0014,0.0,0.9943062800709679,False
leave_one_view_out__fold02__candidate_328,leave_one_view_out__fold02,True,chronaris,future_maneuver_score,20251002_单01_ACT-8_翼云_J16_12#01__pilot_10033::context_end_0025,0.11720224670881636,-1.5256268700725408,False
leave_one_view_out__fold02__candidate_328,leave_one_view_out__fold02,True,chronaris,future_maneuver_score,20251002_单01_ACT-8_翼云_J16_12#01__pilot_10033::context_end_0026,0.3930438932650127,-2.2695844716147997,False
leave_one_view_out__fold02__candidate_328,leave_one_view_out__fold02,True,chronaris,future_maneuver_score,20251002_单01_ACT-8_翼云_J16_12#01__pilot_10033::context_end_0027,2.166551683011529,-3.0118387607575947,False
leave_one_view_out__fold02__candidate_328,leave_one_view_out__fold02,True,chronaris,future_maneuver_score,20251002_单01_ACT-8_翼云_J16_12#01__pilot_10033::context_end_0028,3.9825791793715872,-3.4094313192466768,False
leave_one_view_out__fold02__candidate_328,leave_one_view_out__fold02,True,chronaris,future_maneuver_score,20251002_单01_ACT-8_翼云_J16_12#01__pilot_10033::context_end_0029,2.7977764579780278,-3.564946803496251,False
leave_one_view_out__fold02__candidate_328,leave_one_view_out__fold02,True,chronaris,future_maneuver_score,20251002_单01_ACT-8_翼云_J16_12#01__pilot_10033::context_end_0030,1.2874196098982933,-3.422377286187311,False
leave_one_view_out__fold02__candidate_328,leave_one_view_out__fold02,True,chronaris,future_maneuver_score,20251005_四01_ACT-4_云_J20_22#01__pilot_10033::context_end_0009,0.35251542780931405,9.896266512493408,False
leave_one_view_out__fold02__candidate_328,leave_one_view_out__fold02,True,chronaris,future_maneuver_score,20251005_四01_ACT-4_云_J20_22#01__pilot_10033::context_end_0010,0.3964051854795214,9.672419347386612,False
leave_one_view_out__fold02__candidate_328,leave_one_view_out__fold02,True,chronaris,future_maneuver_score,20251005_四01_ACT-4_云_J20_22#01__pilot_10033::context_end_0011,0.16317910493228557,9.265912893774493,False
leave_one_view_out__fold02__candidate_328,leave_one_view_out__fold02,True,chronaris,future_maneuver_score,20251005_四01_ACT-4_云_J20_22#01__pilot_10033::context_end_0012,0.20981930431459425,8.852190037216767,False
leave_one_view_out__fold02__candidate_328,leave_one_view_out__fold02,True,chronaris,future_maneuver_score,20251005_四01_ACT-4_云_J20_22#01__pilot_10033::context_end_0013,0.29350436621395687,8.419026114574745,False
leave_one_view_out__fold02__candidate_328,leave_one_view_out__fold02,True,chronaris,future_maneuver_score,20251005_四01_ACT-4_云_J20_22#01__pilot_10033::context_end_0014,0.4478664256341813,7.780757886492983,False
leave_one_view_out__fold02__candidate_328,leave_one_view_out__fold02,True,chronaris,future_maneuver_trend,20251002_单01_ACT-8_翼云_J16_12#01__pilot_10033::context_end_0025,0.0,2.0,False
leave_one_view_out__fold02__candidate_328,leave_one_view_out__fold02,True,chronaris,future_maneuver_trend,20251002_单01_ACT-8_翼云_J16_12#01__pilot_10033::context_end_0026,2.0,2.0,False
leave_one_view_out__fold02__candidate_328,leave_one_view_out__fold02,True,chronaris,future_maneuver_trend,20251002_单01_ACT-8_翼云_J16_12#01__pilot_10033::context_end_0027,2.0,2.0,False
leave_one_view_out__fold02__candidate_328,leave_one_view_out__fold02,True,chronaris,future_maneuver_trend,20251002_单01_ACT-8_翼云_J16_12#01__pilot_10033::context_end_0028,2.0,2.0,False
leave_one_view_out__fold02__candidate_328,leave_one_view_out__fold02,True,chronaris,future_maneuver_trend,20251002_单01_ACT-8_翼云_J16_12#01__pilot_10033::context_end_0029,0.0,2.0,False
leave_one_view_out__fold02__candidate_328,leave_one_view_out__fold02,True,chronaris,future_maneuver_trend,20251002_单01_ACT-8_翼云_J16_12#01__pilot_10033::context_end_0030,0.0,2.0,False
leave_one_view_out__fold02__candidate_328,leave_one_view_out__fold02,True,chronaris,future_maneuver_trend,20251005_四01_ACT-4_云_J20_22#01__pilot_10033::context_end_0009,0.0,1.0,False
leave_one_view_out__fold02__candidate_328,leave_one_view_out__fold02,True,chronaris,future_maneuver_trend,20251005_四01_ACT-4_云_J20_22#01__pilot_10033::context_end_0010,1.0,1.0,False
leave_one_view_out__fold02__candidate_328,leave_one_view_out__fold02,True,chronaris,future_maneuver_trend,20251005_四01_ACT-4_云_J20_22#01__pilot_10033::context_end_0011,0.0,1.0,False
leave_one_view_out__fold02__candidate_328,leave_one_view_out__fold02,True,chronaris,future_maneuver_trend,20251005_四01_ACT-4_云_J20_22#01__pilot_10033::context_end_0012,1.0,1.0,False
leave_one_view_out__fold02__candidate_328,leave_one_view_out__fold02,True,chronaris,future_maneuver_trend,20251005_四01_ACT-4_云_J20_22#01__pilot_10033::context_end_0013,1.0,1.0,False
leave_one_view_out__fold02__candidate_328,leave_one_view_out__fold02,True,chronaris,future_maneuver_trend,20251005_四01_ACT-4_云_J20_22#01__pilot_10033::context_end_0014,1.0,1.0,False
leave_one_view_out__fold02__candidate_328,leave_one_view_out__fold02,True,chronaris,physiology_residual,20251002_单01_ACT-8_翼云_J16_12#01__pilot_10033::context_end_0025,0.10586869951711456,1.3136217069218374,False
leave_one_view_out__fold02__candidate_328,leave_one_view_out__fold02,True,chronaris,physiology_residual,20251002_单01_ACT-8_翼云_J16_12#01__pilot_10033::context_end_0026,0.07737322288608393,1.4653510379158532,False
leave_one_view_out__fold02__candidate_328,leave_one_view_out__fold02,True,chronaris,physiology_residual,20251002_单01_ACT-8_翼云_J16_12#01__pilot_10033::context_end_0027,0.07221091280793739,1.450891196085501,False
leave_one_view_out__fold02__candidate_328,leave_one_view_out__fold02,True,chronaris,physiology_residual,20251002_单01_ACT-8_翼云_J16_12#01__pilot_10033::context_end_0028,0.06789721980731668,1.5667503359920913,False
leave_one_view_out__fold02__candidate_328,leave_one_view_out__fold02,True,chronaris,physiology_residual,20251002_单01_ACT-8_翼云_J16_12#01__pilot_10033::context_end_0029,0.042736243874166885,1.6439583856661903,False
leave_one_view_out__fold02__candidate_328,leave_one_view_out__fold02,True,chronaris,physiology_residual,20251002_单01_ACT-8_翼云_J16_12#01__pilot_10033::context_end_0030,0.06774852166648454,1.6027400539563679,False
leave_one_view_out__fold02__candidate_328,leave_one_view_out__fold02,True,chronaris,physiology_residual,20251005_四01_ACT-4_云_J20_22#01__pilot_10033::context_end_0009,0.21877543389727594,-0.8615994910227451,False
leave_one_view_out__fold02__candidate_328,leave_one_view_out__fold02,True,chronaris,physiology_residual,20251005_四01_ACT-4_云_J20_22#01__pilot_10033::context_end_0010,0.180599272812271,-0.8433924794466425,False
leave_one_view_out__fold02__candidate_328,leave_one_view_out__fold02,True,chronaris,physiology_residual,20251005_四01_ACT-4_云_J20_22#01__pilot_10033::context_end_0011,0.23010935812037722,-0.7701104874512816,False
leave_one_view_out__fold02__candidate_328,leave_one_view_out__fold02,True,chronaris,physiology_residual,20251005_四01_ACT-4_云_J20_22#01__pilot_10033::context_end_0012,0.12349810096388719,-0.7384063064116435,False
leave_one_view_out__fold02__candidate_328,leave_one_view_out__fold02,True,chronaris,physiology_residual,20251005_四01_ACT-4_云_J20_22#01__pilot_10033::context_end_0013,0.11581760933761584,-0.6473202273051157,False
leave_one_view_out__fold02__candidate_328,leave_one_view_out__fold02,True,chronaris,physiology_residual,20251005_四01_ACT-4_云_J20_22#01__pilot_10033::context_end_0014,0.11833893673653861,-0.5709314065678885,False
leave_one_view_out__fold02__candidate_328,leave_one_view_out__fold02,True,chronaris,high_residual_response,20251002_单01_ACT-8_翼云_J16_12#01__pilot_10033::context_end_0025,0.0,0.998446123370873,False
leave_one_view_out__fold02__candidate_328,leave_one_view_out__fold02,True,chronaris,high_residual_response,20251002_单01_ACT-8_翼云_J16_12#01__pilot_10033::context_end_0026,0.0,0.9854596107671623,False
leave_one_view_out__fold02__candidate_328,leave_one_view_out__fold02,True,chronaris,high_residual_response,20251002_单01_ACT-8_翼云_J16_12#01__pilot_10033::context_end_0027,0.0,0.9708845010681063,False
leave_one_view_out__fold02__candidate_328,leave_one_view_out__fold02,True,chronaris,high_residual_response,20251002_单01_ACT-8_翼云_J16_12#01__pilot_10033::context_end_0028,0.0,0.9766005123721073,False
leave_one_view_out__fold02__candidate_328,leave_one_view_out__fold02,True,chronaris,high_residual_response,20251002_单01_ACT-8_翼云_J16_12#01__pilot_10033::context_end_0029,0.0,0.9746491103710827,False
leave_one_view_out__fold02__candidate_328,leave_one_view_out__fold02,True,chronaris,high_residual_response,20251002_单01_ACT-8_翼云_J16_12#01__pilot_10033::context_end_0030,0.0,0.9890351729156349,False
leave_one_view_out__fold02__candidate_328,leave_one_view_out__fold02,True,chronaris,high_residual_response,20251005_四01_ACT-4_云_J20_22#01__pilot_10033::context_end_0009,0.0,8.483738361357803e-07,False
leave_one_view_out__fold02__candidate_328,leave_one_view_out__fold02,True,chronaris,high_residual_response,20251005_四01_ACT-4_云_J20_22#01__pilot_10033::context_end_0010,0.0,1.7983979234696172e-05,False
leave_one_view_out__fold02__candidate_328,leave_one_view_out__fold02,True,chronaris,high_residual_response,20251005_四01_ACT-4_云_J20_22#01__pilot_10033::context_end_0011,0.0,4.172562823538665e-05,False
leave_one_view_out__fold02__candidate_328,leave_one_view_out__fold02,True,chronaris,high_residual_response,20251005_四01_ACT-4_云_J20_22#01__pilot_10033::context_end_0012,0.0,6.635186252181001e-05,False
leave_one_view_out__fold02__candidate_328,leave_one_view_out__fold02,True,chronaris,high_residual_response,20251005_四01_ACT-4_云_J20_22#01__pilot_10033::context_end_0013,0.0,0.00012918016171412143,False
leave_one_view_out__fold02__candidate_328,leave_one_view_out__fold02,True,chronaris,high_residual_response,20251005_四01_ACT-4_云_J20_22#01__pilot_10033::context_end_0014,0.0,0.00010880369526323938,False
leave_one_view_out__fold02__candidate_329,leave_one_view_out__fold02,True,physiology_only,future_maneuver_score,20251002_单01_ACT-8_翼云_J16_12#01__pilot_10033::context_end_0025,0.7018431948499302,-0.6352129410263696,False
leave_one_view_out__fold02__candidate_329,leave_one_view_out__fold02,True,physiology_only,future_maneuver_score,20251002_单01_ACT-8_翼云_J16_12#01__pilot_10033::context_end_0026,1.1465368665351534,-0.9060748315781277,False
leave_one_view_out__fold02__candidate_329,leave_one_view_out__fold02,True,physiology_only,future_maneuver_score,20251002_单01_ACT-8_翼云_J16_12#01__pilot_10033::context_end_0027,3.69461776492709,-0.935590934597569,False
leave_one_view_out__fold02__candidate_329,leave_one_view_out__fold02,True,physiology_only,future_maneuver_score,20251002_单01_ACT-8_翼云_J16_12#01__pilot_10033::context_end_0028,5.298788464007011,-1.2773245964192417,False
leave_one_view_out__fold02__candidate_329,leave_one_view_out__fold02,True,physiology_only,future_maneuver_score,20251002_单01_ACT-8_翼云_J16_12#01__pilot_10033::context_end_0029,4.016373600419931,-1.4645431228185362,False
leave_one_view_out__fold02__candidate_329,leave_one_view_out__fold02,True,physiology_only,future_maneuver_score,20251002_单01_ACT-8_翼云_J16_12#01__pilot_10033::context_end_0030,2.034935597764422,-1.416689511527867,False
leave_one_view_out__fold02__candidate_329,leave_one_view_out__fold02,True,physiology_only,future_maneuver_score,20251005_四01_ACT-4_云_J20_22#01__pilot_10033::context_end_0011,0.3188893488603487,4.262063312059686,False
leave_one_view_out__fold02__candidate_329,leave_one_view_out__fold02,True,physiology_only,future_maneuver_score,20251005_四01_ACT-4_云_J20_22#01__pilot_10033::context_end_0012,0.373439355495022,4.454044054171964,False
leave_one_view_out__fold02__candidate_329,leave_one_view_out__fold02,True,physiology_only,future_maneuver_score,20251005_四01_ACT-4_云_J20_22#01__pilot_10033::context_end_0013,0.8024263449100729,4.483407874149626,False
leave_one_view_out__fold02__candidate_329,leave_one_view_out__fold02,True,physiology_only,future_maneuver_score,20251005_四01_ACT-4_云_J20_22#01__pilot_10033::context_end_0014,1.2460243031018547,4.330342899108963,False
leave_one_view_out__fold02__candidate_329,leave_one_view_out__fold02,True,physiology_only,future_maneuver_score,20251005_四01_ACT-4_云_J20_22#01__pilot_10033::context_end_0015,1.5479491713146747,4.225812625379916,False
leave_one_view_out__fold02__candidate_329,leave_one_view_out__fold02,True,physiology_only,future_maneuver_score,20251005_四01_ACT-4_云_J20_22#01__pilot_10033::context_end_0016,2.133364320975689,3.9978507619987176,False
leave_one_view_out__fold02__candidate_329,leave_one_view_out__fold02,True,physiology_only,future_maneuver_trend,20251002_单01_ACT-8_翼云_J16_12#01__pilot_10033::context_end_0025,0.0,2.0,False
leave_one_view_out__fold02__candidate_329,leave_one_view_out__fold02,True,physiology_only,future_maneuver_trend,20251002_单01_ACT-8_翼云_J16_12#01__pilot_10033::context_end_0026,2.0,1.0,False
leave_one_view_out__fold02__candidate_329,leave_one_view_out__fold02,True,physiology_only,future_maneuver_trend,20251002_单01_ACT-8_翼云_J16_12#01__pilot_10033::context_end_0027,2.0,1.0,False
leave_one_view_out__fold02__candidate_329,leave_one_view_out__fold02,True,physiology_only,future_maneuver_trend,20251002_单01_ACT-8_翼云_J16_12#01__pilot_10033::context_end_0028,2.0,1.0,False
leave_one_view_out__fold02__candidate_329,leave_one_view_out__fold02,True,physiology_only,future_maneuver_trend,20251002_单01_ACT-8_翼云_J16_12#01__pilot_10033::context_end_0029,0.0,1.0,False
leave_one_view_out__fold02__candidate_329,leave_one_view_out__fold02,True,physiology_only,future_maneuver_trend,20251002_单01_ACT-8_翼云_J16_12#01__pilot_10033::context_end_0030,0.0,1.0,False
leave_one_view_out__fold02__candidate_329,leave_one_view_out__fold02,True,physiology_only,future_maneuver_trend,20251005_四01_ACT-4_云_J20_22#01__pilot_10033::context_end_0011,0.0,2.0,False
leave_one_view_out__fold02__candidate_329,leave_one_view_out__fold02,True,physiology_only,future_maneuver_trend,20251005_四01_ACT-4_云_J20_22#01__pilot_10033::context_end_0012,1.0,2.0,False
leave_one_view_out__fold02__candidate_329,leave_one_view_out__fold02,True,physiology_only,future_maneuver_trend,20251005_四01_ACT-4_云_J20_22#01__pilot_10033::context_end_0013,2.0,2.0,False
leave_one_view_out__fold02__candidate_329,leave_one_view_out__fold02,True,physiology_only,future_maneuver_trend,20251005_四01_ACT-4_云_J20_22#01__pilot_10033::context_end_0014,2.0,2.0,False
leave_one_view_out__fold02__candidate_329,leave_one_view_out__fold02,True,physiology_only,future_maneuver_trend,20251005_四01_ACT-4_云_J20_22#01__pilot_10033::context_end_0015,2.0,2.0,False
leave_one_view_out__fold02__candidate_329,leave_one_view_out__fold02,True,physiology_only,future_maneuver_trend,20251005_四01_ACT-4_云_J20_22#01__pilot_10033::context_end_0016,2.0,2.0,False
leave_one_view_out__fold02__candidate_329,leave_one_view_out__fold02,True,physiology_only,physiology_residual,20251002_单01_ACT-8_翼云_J16_12#01__pilot_10033::context_end_0025,0.2513007799632184,0.9274628999957272,False
leave_one_view_out__fold02__candidate_329,leave_one_view_out__fold02,True,physiology_only,physiology_residual,20251002_单01_ACT-8_翼云_J16_12#01__pilot_10033::context_end_0026,0.14268788283299225,0.9781112150384303,False
leave_one_view_out__fold02__candidate_329,leave_one_view_out__fold02,True,physiology_only,physiology_residual,20251002_单01_ACT-8_翼云_J16_12#01__pilot_10033::context_end_0027,0.10828024142183408,0.8402247732122077,False
leave_one_view_out__fold02__candidate_329,leave_one_view_out__fold02,True,physiology_only,physiology_residual,20251002_单01_ACT-8_翼云_J16_12#01__pilot_10033::context_end_0028,0.06083870598732186,0.8775155197921501,False
leave_one_view_out__fold02__candidate_329,leave_one_view_out__fold02,True,physiology_only,physiology_residual,20251002_单01_ACT-8_翼云_J16_12#01__pilot_10033::context_end_0029,0.13992970919070155,0.6088232949467027,False
leave_one_view_out__fold02__candidate_329,leave_one_view_out__fold02,True,physiology_only,physiology_residual,20251002_单01_ACT-8_翼云_J16_12#01__pilot_10033::context_end_0030,0.09110016299191621,0.6194238578062966,False
leave_one_view_out__fold02__candidate_329,leave_one_view_out__fold02,True,physiology_only,physiology_residual,20251005_四01_ACT-4_云_J20_22#01__pilot_10033::context_end_0011,0.69519471256262,1.30931415079259,False
leave_one_view_out__fold02__candidate_329,leave_one_view_out__fold02,True,physiology_only,physiology_residual,20251005_四01_ACT-4_云_J20_22#01__pilot_10033::context_end_0012,0.21218682559190774,1.1022223946085874,False
leave_one_view_out__fold02__candidate_329,leave_one_view_out__fold02,True,physiology_only,physiology_residual,20251005_四01_ACT-4_云_J20_22#01__pilot_10033::context_end_0013,0.14674608878624673,0.9941345536565417,False
leave_one_view_out__fold02__candidate_329,leave_one_view_out__fold02,True,physiology_only,physiology_residual,20251005_四01_ACT-4_云_J20_22#01__pilot_10033::context_end_0014,0.13257325164425196,0.99489244427865,False
leave_one_view_out__fold02__candidate_329,leave_one_view_out__fold02,True,physiology_only,physiology_residual,20251005_四01_ACT-4_云_J20_22#01__pilot_10033::context_end_0015,0.0862556380430142,0.9025257735305094,False
leave_one_view_out__fold02__candidate_329,leave_one_view_out__fold02,True,physiology_only,physiology_residual,20251005_四01_ACT-4_云_J20_22#01__pilot_10033::context_end_0016,0.18702718794279447,0.9218494222725886,False
leave_one_view_out__fold02__candidate_329,leave_one_view_out__fold02,True,physiology_only,high_residual_response,20251002_单01_ACT-8_翼云_J16_12#01__pilot_10033::context_end_0025,0.0,0.9999299373821043,False
leave_one_view_out__fold02__candidate_329,leave_one_view_out__fold02,True,physiology_only,high_residual_response,20251002_单01_ACT-8_翼云_J16_12#01__pilot_10033::context_end_0026,0.0,0.999994498719627,False
leave_one_view_out__fold02__candidate_329,leave_one_view_out__fold02,True,physiology_only,high_residual_response,20251002_单01_ACT-8_翼云_J16_12#01__pilot_10033::context_end_0027,0.0,0.9989961552207135,False
leave_one_view_out__fold02__candidate_329,leave_one_view_out__fold02,True,physiology_only,high_residual_response,20251002_单01_ACT-8_翼云_J16_12#01__pilot_10033::context_end_0028,0.0,0.9999899542135644,False
leave_one_view_out__fold02__candidate_329,leave_one_view_out__fold02,True,physiology_only,high_residual_response,20251002_单01_ACT-8_翼云_J16_12#01__pilot_10033::context_end_0029,0.0,0.9961601681565417,False
leave_one_view_out__fold02__candidate_329,leave_one_view_out__fold02,True,physiology_only,high_residual_response,20251002_单01_ACT-8_翼云_J16_12#01__pilot_10033::context_end_0030,0.0,0.932370441498786,False
leave_one_view_out__fold02__candidate_329,leave_one_view_out__fold02,True,physiology_only,high_residual_response,20251005_四01_ACT-4_云_J20_22#01__pilot_10033::context_end_0011,0.0,0.0027782251513679803,False
leave_one_view_out__fold02__candidate_329,leave_one_view_out__fold02,True,physiology_only,high_residual_response,20251005_四01_ACT-4_云_J20_22#01__pilot_10033::context_end_0012,0.0,0.0005150246272095399,False
leave_one_view_out__fold02__candidate_329,leave_one_view_out__fold02,True,physiology_only,high_residual_response,20251005_四01_ACT-4_云_J20_22#01__pilot_10033::context_end_0013,0.0,2.74835634198198e-05,False
leave_one_view_out__fold02__candidate_329,leave_one_view_out__fold02,True,physiology_only,high_residual_response,20251005_四01_ACT-4_云_J20_22#01__pilot_10033::context_end_0014,0.0,3.5424153647686444e-05,False
leave_one_view_out__fold02__candidate_329,leave_one_view_out__fold02,True,physiology_only,high_residual_response,20251005_四01_ACT-4_云_J20_22#01__pilot_10033::context_end_0015,0.0,7.622335364217444e-06,False
leave_one_view_out__fold02__candidate_329,leave_one_view_out__fold02,True,physiology_only,high_residual_response,20251005_四01_ACT-4_云_J20_22#01__pilot_10033::context_end_0016,0.0,3.678024358890735e-05,False
leave_one_view_out__fold02__candidate_329,leave_one_view_out__fold02,True,vehicle_only,future_maneuver_score,20251002_单01_ACT-8_翼云_J16_12#01__pilot_10033::context_end_0025,0.7018431948499302,1.0799686596908007,False
leave_one_view_out__fold02__candidate_329,leave_one_view_out__fold02,True,vehicle_only,future_maneuver_score,20251002_单01_ACT-8_翼云_J16_12#01__pilot_10033::context_end_0026,1.1465368665351534,0.9397127623962993,False
leave_one_view_out__fold02__candidate_329,leave_one_view_out__fold02,True,vehicle_only,future_maneuver_score,20251002_单01_ACT-8_翼云_J16_12#01__pilot_10033::context_end_0027,3.69461776492709,1.152064348899455,False
leave_one_view_out__fold02__candidate_329,leave_one_view_out__fold02,True,vehicle_only,future_maneuver_score,20251002_单01_ACT-8_翼云_J16_12#01__pilot_10033::context_end_0028,5.298788464007011,1.4091791643883362,False
leave_one_view_out__fold02__candidate_329,leave_one_view_out__fold02,True,vehicle_only,future_maneuver_score,20251002_单01_ACT-8_翼云_J16_12#01__pilot_10033::context_end_0029,4.016373600419931,1.072321590203025,False
leave_one_view_out__fold02__candidate_329,leave_one_view_out__fold02,True,vehicle_only,future_maneuver_score,20251002_单01_ACT-8_翼云_J16_12#01__pilot_10033::context_end_0030,2.034935597764422,1.4725576806785559,False
leave_one_view_out__fold02__candidate_329,leave_one_view_out__fold02,True,vehicle_only,future_maneuver_score,20251005_四01_ACT-4_云_J20_22#01__pilot_10033::context_end_0011,0.3188893488603487,0.9558334436269714,False
leave_one_view_out__fold02__candidate_329,leave_one_view_out__fold02,True,vehicle_only,future_maneuver_score,20251005_四01_ACT-4_云_J20_22#01__pilot_10033::context_end_0012,0.373439355495022,0.4487347633330988,False
leave_one_view_out__fold02__candidate_329,leave_one_view_out__fold02,True,vehicle_only,future_maneuver_score,20251005_四01_ACT-4_云_J20_22#01__pilot_10033::context_end_0013,0.8024263449100729,0.4356674535225501,False
leave_one_view_out__fold02__candidate_329,leave_one_view_out__fold02,True,vehicle_only,future_maneuver_score,20251005_四01_ACT-4_云_J20_22#01__pilot_10033::context_end_0014,1.2460243031018547,0.06531112844937892,False
leave_one_view_out__fold02__candidate_329,leave_one_view_out__fold02,True,vehicle_only,future_maneuver_score,20251005_四01_ACT-4_云_J20_22#01__pilot_10033::context_end_0015,1.5479491713146747,0.2522234551417438,False
leave_one_view_out__fold02__candidate_329,leave_one_view_out__fold02,True,vehicle_only,future_maneuver_score,20251005_四01_ACT-4_云_J20_22#01__pilot_10033::context_end_0016,2.133364320975689,0.4229178717515415,False
leave_one_view_out__fold02__candidate_329,leave_one_view_out__fold02,True,vehicle_only,future_maneuver_trend,20251002_单01_ACT-8_翼云_J16_12#01__pilot_10033::context_end_0025,0.0,0.0,False
leave_one_view_out__fold02__candidate_329,leave_one_view_out__fold02,True,vehicle_only,future_maneuver_trend,20251002_单01_ACT-8_翼云_J16_12#01__pilot_10033::context_end_0026,2.0,0.0,False
leave_one_view_out__fold02__candidate_329,leave_one_view_out__fold02,True,vehicle_only,future_maneuver_trend,20251002_单01_ACT-8_翼云_J16_12#01__pilot_10033::context_end_0027,2.0,1.0,False
leave_one_view_out__fold02__candidate_329,leave_one_view_out__fold02,True,vehicle_only,future_maneuver_trend,20251002_单01_ACT-8_翼云_J16_12#01__pilot_10033::context_end_0028,2.0,0.0,False
leave_one_view_out__fold02__candidate_329,leave_one_view_out__fold02,True,vehicle_only,future_maneuver_trend,20251002_单01_ACT-8_翼云_J16_12#01__pilot_10033::context_end_0029,0.0,0.0,False
leave_one_view_out__fold02__candidate_329,leave_one_view_out__fold02,True,vehicle_only,future_maneuver_trend,20251002_单01_ACT-8_翼云_J16_12#01__pilot_10033::context_end_0030,0.0,0.0,False
leave_one_view_out__fold02__candidate_329,leave_one_view_out__fold02,True,vehicle_only,future_maneuver_trend,20251005_四01_ACT-4_云_J20_22#01__pilot_10033::context_end_0011,0.0,0.0,False
leave_one_view_out__fold02__candidate_329,leave_one_view_out__fold02,True,vehicle_only,future_maneuver_trend,20251005_四01_ACT-4_云_J20_22#01__pilot_10033::context_end_0012,1.0,1.0,False
leave_one_view_out__fold02__candidate_329,leave_one_view_out__fold02,True,vehicle_only,future_maneuver_trend,20251005_四01_ACT-4_云_J20_22#01__pilot_10033::context_end_0013,2.0,0.0,False
leave_one_view_out__fold02__candidate_329,leave_one_view_out__fold02,True,vehicle_only,future_maneuver_trend,20251005_四01_ACT-4_云_J20_22#01__pilot_10033::context_end_0014,2.0,1.0,False
leave_one_view_out__fold02__candidate_329,leave_one_view_out__fold02,True,vehicle_only,future_maneuver_trend,20251005_四01_ACT-4_云_J20_22#01__pilot_10033::context_end_0015,2.0,1.0,False
leave_one_view_out__fold02__candidate_329,leave_one_view_out__fold02,True,vehicle_only,future_maneuver_trend,20251005_四01_ACT-4_云_J20_22#01__pilot_10033::context_end_0016,2.0,1.0,False
leave_one_view_out__fold02__candidate_329,leave_one_view_out__fold02,True,vehicle_only,physiology_residual,20251002_单01_ACT-8_翼云_J16_12#01__pilot_10033::context_end_0025,0.2513007799632184,1.0256457390406146,False
leave_one_view_out__fold02__candidate_329,leave_one_view_out__fold02,True,vehicle_only,physiology_residual,20251002_单01_ACT-8_翼云_J16_12#01__pilot_10033::context_end_0026,0.14268788283299225,0.978072740927431,False
leave_one_view_out__fold02__candidate_329,leave_one_view_out__fold02,True,vehicle_only,physiology_residual,20251002_单01_ACT-8_翼云_J16_12#01__pilot_10033::context_end_0027,0.10828024142183408,1.0021895282687188,False
leave_one_view_out__fold02__candidate_329,leave_one_view_out__fold02,True,vehicle_only,physiology_residual,20251002_单01_ACT-8_翼云_J16_12#01__pilot_10033::context_end_0028,0.06083870598732186,1.0635496538413554,False
leave_one_view_out__fold02__candidate_329,leave_one_view_out__fold02,True,vehicle_only,physiology_residual,20251002_单01_ACT-8_翼云_J16_12#01__pilot_10033::context_end_0029,0.13992970919070155,1.1099177729346055,False
leave_one_view_out__fold02__candidate_329,leave_one_view_out__fold02,True,vehicle_only,physiology_residual,20251002_单01_ACT-8_翼云_J16_12#01__pilot_10033::context_end_0030,0.09110016299191621,1.0603890919177497,False
leave_one_view_out__fold02__candidate_329,leave_one_view_out__fold02,True,vehicle_only,physiology_residual,20251005_四01_ACT-4_云_J20_22#01__pilot_10033::context_end_0011,0.69519471256262,0.9816599317455529,False
leave_one_view_out__fold02__candidate_329,leave_one_view_out__fold02,True,vehicle_only,physiology_residual,20251005_四01_ACT-4_云_J20_22#01__pilot_10033::context_end_0012,0.21218682559190774,1.0449305092665384,False
leave_one_view_out__fold02__candidate_329,leave_one_view_out__fold02,True,vehicle_only,physiology_residual,20251005_四01_ACT-4_云_J20_22#01__pilot_10033::context_end_0013,0.14674608878624673,1.1121044444000818,False
leave_one_view_out__fold02__candidate_329,leave_one_view_out__fold02,True,vehicle_only,physiology_residual,20251005_四01_ACT-4_云_J20_22#01__pilot_10033::context_end_0014,0.13257325164425196,1.1349667141648694,False
leave_one_view_out__fold02__candidate_329,leave_one_view_out__fold02,True,vehicle_only,physiology_residual,20251005_四01_ACT-4_云_J20_22#01__pilot_10033::context_end_0015,0.0862556380430142,0.9902869240223264,False
leave_one_view_out__fold02__candidate_329,leave_one_view_out__fold02,True,vehicle_only,physiology_residual,20251005_四01_ACT-4_云_J20_22#01__pilot_10033::context_end_0016,0.18702718794279447,1.0160183710983859,False
leave_one_view_out__fold02__candidate_329,leave_one_view_out__fold02,True,vehicle_only,high_residual_response,20251002_单01_ACT-8_翼云_J16_12#01__pilot_10033::context_end_0025,0.0,0.08306055695040578,False
leave_one_view_out__fold02__candidate_329,leave_one_view_out__fold02,True,vehicle_only,high_residual_response,20251002_单01_ACT-8_翼云_J16_12#01__pilot_10033::context_end_0026,0.0,0.07208806121662163,False
leave_one_view_out__fold02__candidate_329,leave_one_view_out__fold02,True,vehicle_only,high_residual_response,20251002_单01_ACT-8_翼云_J16_12#01__pilot_10033::context_end_0027,0.0,0.09474345295688989,False
leave_one_view_out__fold02__candidate_329,leave_one_view_out__fold02,True,vehicle_only,high_residual_response,20251002_单01_ACT-8_翼云_J16_12#01__pilot_10033::context_end_0028,0.0,0.06657964351184087,False
leave_one_view_out__fold02__candidate_329,leave_one_view_out__fold02,True,vehicle_only,high_residual_response,20251002_单01_ACT-8_翼云_J16_12#01__pilot_10033::context_end_0029,0.0,0.46270423429585056,False
leave_one_view_out__fold02__candidate_329,leave_one_view_out__fold02,True,vehicle_only,high_residual_response,20251002_单01_ACT-8_翼云_J16_12#01__pilot_10033::context_end_0030,0.0,0.30339336522387683,False
leave_one_view_out__fold02__candidate_329,leave_one_view_out__fold02,True,vehicle_only,high_residual_response,20251005_四01_ACT-4_云_J20_22#01__pilot_10033::context_end_0011,0.0,0.06870501945398803,False
leave_one_view_out__fold02__candidate_329,leave_one_view_out__fold02,True,vehicle_only,high_residual_response,20251005_四01_ACT-4_云_J20_22#01__pilot_10033::context_end_0012,0.0,0.10543679417603112,False
leave_one_view_out__fold02__candidate_329,leave_one_view_out__fold02,True,vehicle_only,high_residual_response,20251005_四01_ACT-4_云_J20_22#01__pilot_10033::context_end_0013,0.0,0.10802764056816276,False
leave_one_view_out__fold02__candidate_329,leave_one_view_out__fold02,True,vehicle_only,high_residual_response,20251005_四01_ACT-4_云_J20_22#01__pilot_10033::context_end_0014,0.0,0.39869917874514277,False
leave_one_view_out__fold02__candidate_329,leave_one_view_out__fold02,True,vehicle_only,high_residual_response,20251005_四01_ACT-4_云_J20_22#01__pilot_10033::context_end_0015,0.0,0.3211458850634761,False
leave_one_view_out__fold02__candidate_329,leave_one_view_out__fold02,True,vehicle_only,high_residual_response,20251005_四01_ACT-4_云_J20_22#01__pilot_10033::context_end_0016,0.0,0.33202553952425135,False
leave_one_view_out__fold02__candidate_329,leave_one_view_out__fold02,True,naive_time_sync,future_maneuver_score,20251002_单01_ACT-8_翼云_J16_12#01__pilot_10033::context_end_0025,0.7018431948499302,3.419157556632374,False
leave_one_view_out__fold02__candidate_329,leave_one_view_out__fold02,True,naive_time_sync,future_maneuver_score,20251002_单01_ACT-8_翼云_J16_12#01__pilot_10033::context_end_0026,1.1465368665351534,3.002551821626117,False
leave_one_view_out__fold02__candidate_329,leave_one_view_out__fold02,True,naive_time_sync,future_maneuver_score,20251002_单01_ACT-8_翼云_J16_12#01__pilot_10033::context_end_0027,3.69461776492709,2.4987176813542504,False
leave_one_view_out__fold02__candidate_329,leave_one_view_out__fold02,True,naive_time_sync,future_maneuver_score,20251002_单01_ACT-8_翼云_J16_12#01__pilot_10033::context_end_0028,5.298788464007011,2.0331200152862645,False
leave_one_view_out__fold02__candidate_329,leave_one_view_out__fold02,True,naive_time_sync,future_maneuver_score,20251002_单01_ACT-8_翼云_J16_12#01__pilot_10033::context_end_0029,4.016373600419931,2.2441054994040535,False
leave_one_view_out__fold02__candidate_329,leave_one_view_out__fold02,True,naive_time_sync,future_maneuver_score,20251002_单01_ACT-8_翼云_J16_12#01__pilot_10033::context_end_0030,2.034935597764422,1.4213965331792942,False
leave_one_view_out__fold02__candidate_329,leave_one_view_out__fold02,True,naive_time_sync,future_maneuver_score,20251005_四01_ACT-4_云_J20_22#01__pilot_10033::context_end_0011,0.3188893488603487,1.4606850093395005,False
leave_one_view_out__fold02__candidate_329,leave_one_view_out__fold02,True,naive_time_sync,future_maneuver_score,20251005_四01_ACT-4_云_J20_22#01__pilot_10033::context_end_0012,0.373439355495022,1.7843656282294824,False
leave_one_view_out__fold02__candidate_329,leave_one_view_out__fold02,True,naive_time_sync,future_maneuver_score,20251005_四01_ACT-4_云_J20_22#01__pilot_10033::context_end_0013,0.8024263449100729,2.019791171799533,False
leave_one_view_out__fold02__candidate_329,leave_one_view_out__fold02,True,naive_time_sync,future_maneuver_score,20251005_四01_ACT-4_云_J20_22#01__pilot_10033::context_end_0014,1.2460243031018547,1.7797049005223167,False
leave_one_view_out__fold02__candidate_329,leave_one_view_out__fold02,True,naive_time_sync,future_maneuver_score,20251005_四01_ACT-4_云_J20_22#01__pilot_10033::context_end_0015,1.5479491713146747,-0.07493553300600442,False
leave_one_view_out__fold02__candidate_329,leave_one_view_out__fold02,True,naive_time_sync,future_maneuver_score,20251005_四01_ACT-4_云_J20_22#01__pilot_10033::context_end_0016,2.133364320975689,-0.996783141429781,False
leave_one_view_out__fold02__candidate_329,leave_one_view_out__fold02,True,naive_time_sync,future_maneuver_trend,20251002_单01_ACT-8_翼云_J16_12#01__pilot_10033::context_end_0025,0.0,0.0,False
leave_one_view_out__fold02__candidate_329,leave_one_view_out__fold02,True,naive_time_sync,future_maneuver_trend,20251002_单01_ACT-8_翼云_J16_12#01__pilot_10033::context_end_0026,2.0,0.0,False
leave_one_view_out__fold02__candidate_329,leave_one_view_out__fold02,True,naive_time_sync,future_maneuver_trend,20251002_单01_ACT-8_翼云_J16_12#01__pilot_10033::context_end_0027,2.0,0.0,False
leave_one_view_out__fold02__candidate_329,leave_one_view_out__fold02,True,naive_time_sync,future_maneuver_trend,20251002_单01_ACT-8_翼云_J16_12#01__pilot_10033::context_end_0028,2.0,0.0,False
leave_one_view_out__fold02__candidate_329,leave_one_view_out__fold02,True,naive_time_sync,future_maneuver_trend,20251002_单01_ACT-8_翼云_J16_12#01__pilot_10033::context_end_0029,0.0,2.0,False
leave_one_view_out__fold02__candidate_329,leave_one_view_out__fold02,True,naive_time_sync,future_maneuver_trend,20251002_单01_ACT-8_翼云_J16_12#01__pilot_10033::context_end_0030,0.0,2.0,False
leave_one_view_out__fold02__candidate_329,leave_one_view_out__fold02,True,naive_time_sync,future_maneuver_trend,20251005_四01_ACT-4_云_J20_22#01__pilot_10033::context_end_0011,0.0,0.0,False
leave_one_view_out__fold02__candidate_329,leave_one_view_out__fold02,True,naive_time_sync,future_maneuver_trend,20251005_四01_ACT-4_云_J20_22#01__pilot_10033::context_end_0012,1.0,0.0,False
leave_one_view_out__fold02__candidate_329,leave_one_view_out__fold02,True,naive_time_sync,future_maneuver_trend,20251005_四01_ACT-4_云_J20_22#01__pilot_10033::context_end_0013,2.0,0.0,False
leave_one_view_out__fold02__candidate_329,leave_one_view_out__fold02,True,naive_time_sync,future_maneuver_trend,20251005_四01_ACT-4_云_J20_22#01__pilot_10033::context_end_0014,2.0,0.0,False
leave_one_view_out__fold02__candidate_329,leave_one_view_out__fold02,True,naive_time_sync,future_maneuver_trend,20251005_四01_ACT-4_云_J20_22#01__pilot_10033::context_end_0015,2.0,0.0,False
leave_one_view_out__fold02__candidate_329,leave_one_view_out__fold02,True,naive_time_sync,future_maneuver_trend,20251005_四01_ACT-4_云_J20_22#01__pilot_10033::context_end_0016,2.0,0.0,False
leave_one_view_out__fold02__candidate_329,leave_one_view_out__fold02,True,naive_time_sync,physiology_residual,20251002_单01_ACT-8_翼云_J16_12#01__pilot_10033::context_end_0025,0.2513007799632184,1.2825730060998541,False
leave_one_view_out__fold02__candidate_329,leave_one_view_out__fold02,True,naive_time_sync,physiology_residual,20251002_单01_ACT-8_翼云_J16_12#01__pilot_10033::context_end_0026,0.14268788283299225,1.1431109367108538,False
leave_one_view_out__fold02__candidate_329,leave_one_view_out__fold02,True,naive_time_sync,physiology_residual,20251002_单01_ACT-8_翼云_J16_12#01__pilot_10033::context_end_0027,0.10828024142183408,1.0818275849636598,False
leave_one_view_out__fold02__candidate_329,leave_one_view_out__fold02,True,naive_time_sync,physiology_residual,20251002_单01_ACT-8_翼云_J16_12#01__pilot_10033::context_end_0028,0.06083870598732186,1.1907418920817383,False
leave_one_view_out__fold02__candidate_329,leave_one_view_out__fold02,True,naive_time_sync,physiology_residual,20251002_单01_ACT-8_翼云_J16_12#01__pilot_10033::context_end_0029,0.13992970919070155,1.1994619752370608,False
leave_one_view_out__fold02__candidate_329,leave_one_view_out__fold02,True,naive_time_sync,physiology_residual,20251002_单01_ACT-8_翼云_J16_12#01__pilot_10033::context_end_0030,0.09110016299191621,1.0804095072540845,False
leave_one_view_out__fold02__candidate_329,leave_one_view_out__fold02,True,naive_time_sync,physiology_residual,20251005_四01_ACT-4_云_J20_22#01__pilot_10033::context_end_0011,0.69519471256262,1.225764916716949,False
leave_one_view_out__fold02__candidate_329,leave_one_view_out__fold02,True,naive_time_sync,physiology_residual,20251005_四01_ACT-4_云_J20_22#01__pilot_10033::context_end_0012,0.21218682559190774,1.3211416176692705,False
leave_one_view_out__fold02__candidate_329,leave_one_view_out__fold02,True,naive_time_sync,physiology_residual,20251005_四01_ACT-4_云_J20_22#01__pilot_10033::context_end_0013,0.14674608878624673,1.3992908064236733,False
leave_one_view_out__fold02__candidate_329,leave_one_view_out__fold02,True,naive_time_sync,physiology_residual,20251005_四01_ACT-4_云_J20_22#01__pilot_10033::context_end_0014,0.13257325164425196,1.361150086857016,False
leave_one_view_out__fold02__candidate_329,leave_one_view_out__fold02,True,naive_time_sync,physiology_residual,20251005_四01_ACT-4_云_J20_22#01__pilot_10033::context_end_0015,0.0862556380430142,1.501432926684617,False
leave_one_view_out__fold02__candidate_329,leave_one_view_out__fold02,True,naive_time_sync,physiology_residual,20251005_四01_ACT-4_云_J20_22#01__pilot_10033::context_end_0016,0.18702718794279447,1.47106491307644,False
leave_one_view_out__fold02__candidate_329,leave_one_view_out__fold02,True,naive_time_sync,high_residual_response,20251002_单01_ACT-8_翼云_J16_12#01__pilot_10033::context_end_0025,0.0,7.62937853967173e-06,False
leave_one_view_out__fold02__candidate_329,leave_one_view_out__fold02,True,naive_time_sync,high_residual_response,20251002_单01_ACT-8_翼云_J16_12#01__pilot_10033::context_end_0026,0.0,4.686866519909722e-06,False
leave_one_view_out__fold02__candidate_329,leave_one_view_out__fold02,True,naive_time_sync,high_residual_response,20251002_单01_ACT-8_翼云_J16_12#01__pilot_10033::context_end_0027,0.0,5.539173993143205e-05,False
leave_one_view_out__fold02__candidate_329,leave_one_view_out__fold02,True,naive_time_sync,high_residual_response,20251002_单01_ACT-8_翼云_J16_12#01__pilot_10033::context_end_0028,0.0,0.0007486838155025015,False
leave_one_view_out__fold02__candidate_329,leave_one_view_out__fold02,True,naive_time_sync,high_residual_response,20251002_单01_ACT-8_翼云_J16_12#01__pilot_10033::context_end_0029,0.0,0.27309029673098006,False
leave_one_view_out__fold02__candidate_329,leave_one_view_out__fold02,True,naive_time_sync,high_residual_response,20251002_单01_ACT-8_翼云_J16_12#01__pilot_10033::context_end_0030,0.0,0.08533995009529281,False
leave_one_view_out__fold02__candidate_329,leave_one_view_out__fold02,True,naive_time_sync,high_residual_response,20251005_四01_ACT-4_云_J20_22#01__pilot_10033::context_end_0011,0.0,9.862810762736971e-05,False
leave_one_view_out__fold02__candidate_329,leave_one_view_out__fold02,True,naive_time_sync,high_residual_response,20251005_四01_ACT-4_云_J20_22#01__pilot_10033::context_end_0012,0.0,0.00013990230554322263,False
leave_one_view_out__fold02__candidate_329,leave_one_view_out__fold02,True,naive_time_sync,high_residual_response,20251005_四01_ACT-4_云_J20_22#01__pilot_10033::context_end_0013,0.0,0.00012943623425959366,False
leave_one_view_out__fold02__candidate_329,leave_one_view_out__fold02,True,naive_time_sync,high_residual_response,20251005_四01_ACT-4_云_J20_22#01__pilot_10033::context_end_0014,0.0,6.840332311130568e-05,False
leave_one_view_out__fold02__candidate_329,leave_one_view_out__fold02,True,naive_time_sync,high_residual_response,20251005_四01_ACT-4_云_J20_22#01__pilot_10033::context_end_0015,0.0,1.3312184532424544e-07,False
leave_one_view_out__fold02__candidate_329,leave_one_view_out__fold02,True,naive_time_sync,high_residual_response,20251005_四01_ACT-4_云_J20_22#01__pilot_10033::context_end_0016,0.0,2.6679555659924364e-09,False
leave_one_view_out__fold02__candidate_329,leave_one_view_out__fold02,True,mult,future_maneuver_score,20251002_单01_ACT-8_翼云_J16_12#01__pilot_10033::context_end_0025,0.7018431948499302,-0.587976762228718,False
leave_one_view_out__fold02__candidate_329,leave_one_view_out__fold02,True,mult,future_maneuver_score,20251002_单01_ACT-8_翼云_J16_12#01__pilot_10033::context_end_0026,1.1465368665351534,-0.45934008296052786,False
leave_one_view_out__fold02__candidate_329,leave_one_view_out__fold02,True,mult,future_maneuver_score,20251002_单01_ACT-8_翼云_J16_12#01__pilot_10033::context_end_0027,3.69461776492709,-0.1200823408259517,False
leave_one_view_out__fold02__candidate_329,leave_one_view_out__fold02,True,mult,future_maneuver_score,20251002_单01_ACT-8_翼云_J16_12#01__pilot_10033::context_end_0028,5.298788464007011,0.042616070751632096,False
leave_one_view_out__fold02__candidate_329,leave_one_view_out__fold02,True,mult,future_maneuver_score,20251002_单01_ACT-8_翼云_J16_12#01__pilot_10033::context_end_0029,4.016373600419931,-0.06803918570968404,False
leave_one_view_out__fold02__candidate_329,leave_one_view_out__fold02,True,mult,future_maneuver_score,20251002_单01_ACT-8_翼云_J16_12#01__pilot_10033::context_end_0030,2.034935597764422,-0.11516356475755374,False
leave_one_view_out__fold02__candidate_329,leave_one_view_out__fold02,True,mult,future_maneuver_score,20251005_四01_ACT-4_云_J20_22#01__pilot_10033::context_end_0011,0.3188893488603487,3.2877083548256496,False
leave_one_view_out__fold02__candidate_329,leave_one_view_out__fold02,True,mult,future_maneuver_score,20251005_四01_ACT-4_云_J20_22#01__pilot_10033::context_end_0012,0.373439355495022,3.448214085376869,False
leave_one_view_out__fold02__candidate_329,leave_one_view_out__fold02,True,mult,future_maneuver_score,20251005_四01_ACT-4_云_J20_22#01__pilot_10033::context_end_0013,0.8024263449100729,3.4288060146342407,False
leave_one_view_out__fold02__candidate_329,leave_one_view_out__fold02,True,mult,future_maneuver_score,20251005_四01_ACT-4_云_J20_22#01__pilot_10033::context_end_0014,1.2460243031018547,3.243443237723536,False
leave_one_view_out__fold02__candidate_329,leave_one_view_out__fold02,True,mult,future_maneuver_score,20251005_四01_ACT-4_云_J20_22#01__pilot_10033::context_end_0015,1.5479491713146747,3.353822592581283,False
leave_one_view_out__fold02__candidate_329,leave_one_view_out__fold02,True,mult,future_maneuver_score,20251005_四01_ACT-4_云_J20_22#01__pilot_10033::context_end_0016,2.133364320975689,3.468857658763557,False
leave_one_view_out__fold02__candidate_329,leave_one_view_out__fold02,True,mult,future_maneuver_trend,20251002_单01_ACT-8_翼云_J16_12#01__pilot_10033::context_end_0025,0.0,1.0,False
leave_one_view_out__fold02__candidate_329,leave_one_view_out__fold02,True,mult,future_maneuver_trend,20251002_单01_ACT-8_翼云_J16_12#01__pilot_10033::context_end_0026,2.0,1.0,False
leave_one_view_out__fold02__candidate_329,leave_one_view_out__fold02,True,mult,future_maneuver_trend,20251002_单01_ACT-8_翼云_J16_12#01__pilot_10033::context_end_0027,2.0,1.0,False
leave_one_view_out__fold02__candidate_329,leave_one_view_out__fold02,True,mult,future_maneuver_trend,20251002_单01_ACT-8_翼云_J16_12#01__pilot_10033::context_end_0028,2.0,1.0,False
leave_one_view_out__fold02__candidate_329,leave_one_view_out__fold02,True,mult,future_maneuver_trend,20251002_单01_ACT-8_翼云_J16_12#01__pilot_10033::context_end_0029,0.0,1.0,False
leave_one_view_out__fold02__candidate_329,leave_one_view_out__fold02,True,mult,future_maneuver_trend,20251002_单01_ACT-8_翼云_J16_12#01__pilot_10033::context_end_0030,0.0,1.0,False
leave_one_view_out__fold02__candidate_329,leave_one_view_out__fold02,True,mult,future_maneuver_trend,20251005_四01_ACT-4_云_J20_22#01__pilot_10033::context_end_0011,0.0,2.0,False
leave_one_view_out__fold02__candidate_329,leave_one_view_out__fold02,True,mult,future_maneuver_trend,20251005_四01_ACT-4_云_J20_22#01__pilot_10033::context_end_0012,1.0,2.0,False
leave_one_view_out__fold02__candidate_329,leave_one_view_out__fold02,True,mult,future_maneuver_trend,20251005_四01_ACT-4_云_J20_22#01__pilot_10033::context_end_0013,2.0,2.0,False
leave_one_view_out__fold02__candidate_329,leave_one_view_out__fold02,True,mult,future_maneuver_trend,20251005_四01_ACT-4_云_J20_22#01__pilot_10033::context_end_0014,2.0,2.0,False
leave_one_view_out__fold02__candidate_329,leave_one_view_out__fold02,True,mult,future_maneuver_trend,20251005_四01_ACT-4_云_J20_22#01__pilot_10033::context_end_0015,2.0,2.0,False
leave_one_view_out__fold02__candidate_329,leave_one_view_out__fold02,True,mult,future_maneuver_trend,20251005_四01_ACT-4_云_J20_22#01__pilot_10033::context_end_0016,2.0,2.0,False
leave_one_view_out__fold02__candidate_329,leave_one_view_out__fold02,True,mult,physiology_residual,20251002_单01_ACT-8_翼云_J16_12#01__pilot_10033::context_end_0025,0.2513007799632184,0.5273878162646549,False
leave_one_view_out__fold02__candidate_329,leave_one_view_out__fold02,True,mult,physiology_residual,20251002_单01_ACT-8_翼云_J16_12#01__pilot_10033::context_end_0026,0.14268788283299225,0.5836184118910728,False
leave_one_view_out__fold02__candidate_329,leave_one_view_out__fold02,True,mult,physiology_residual,20251002_单01_ACT-8_翼云_J16_12#01__pilot_10033::context_end_0027,0.10828024142183408,0.5907110813915448,False
leave_one_view_out__fold02__candidate_329,leave_one_view_out__fold02,True,mult,physiology_residual,20251002_单01_ACT-8_翼云_J16_12#01__pilot_10033::context_end_0028,0.06083870598732186,0.6029836812485567,False
leave_one_view_out__fold02__candidate_329,leave_one_view_out__fold02,True,mult,physiology_residual,20251002_单01_ACT-8_翼云_J16_12#01__pilot_10033::context_end_0029,0.13992970919070155,0.5769911139248887,False
leave_one_view_out__fold02__candidate_329,leave_one_view_out__fold02,True,mult,physiology_residual,20251002_单01_ACT-8_翼云_J16_12#01__pilot_10033::context_end_0030,0.09110016299191621,0.539222818429663,False
leave_one_view_out__fold02__candidate_329,leave_one_view_out__fold02,True,mult,physiology_residual,20251005_四01_ACT-4_云_J20_22#01__pilot_10033::context_end_0011,0.69519471256262,1.168031342439828,False
leave_one_view_out__fold02__candidate_329,leave_one_view_out__fold02,True,mult,physiology_residual,20251005_四01_ACT-4_云_J20_22#01__pilot_10033::context_end_0012,0.21218682559190774,1.1964689016257841,False
leave_one_view_out__fold02__candidate_329,leave_one_view_out__fold02,True,mult,physiology_residual,20251005_四01_ACT-4_云_J20_22#01__pilot_10033::context_end_0013,0.14674608878624673,1.2502746095625097,False
leave_one_view_out__fold02__candidate_329,leave_one_view_out__fold02,True,mult,physiology_residual,20251005_四01_ACT-4_云_J20_22#01__pilot_10033::context_end_0014,0.13257325164425196,1.341844600190704,False
leave_one_view_out__fold02__candidate_329,leave_one_view_out__fold02,True,mult,physiology_residual,20251005_四01_ACT-4_云_J20_22#01__pilot_10033::context_end_0015,0.0862556380430142,1.2582989505549935,False
leave_one_view_out__fold02__candidate_329,leave_one_view_out__fold02,True,mult,physiology_residual,20251005_四01_ACT-4_云_J20_22#01__pilot_10033::context_end_0016,0.18702718794279447,1.2172094352827827,False
leave_one_view_out__fold02__candidate_329,leave_one_view_out__fold02,True,mult,high_residual_response,20251002_单01_ACT-8_翼云_J16_12#01__pilot_10033::context_end_0025,0.0,0.0030578144095559493,False
leave_one_view_out__fold02__candidate_329,leave_one_view_out__fold02,True,mult,high_residual_response,20251002_单01_ACT-8_翼云_J16_12#01__pilot_10033::context_end_0026,0.0,0.012411323730287839,False
leave_one_view_out__fold02__candidate_329,leave_one_view_out__fold02,True,mult,high_residual_response,20251002_单01_ACT-8_翼云_J16_12#01__pilot_10033::context_end_0027,0.0,0.0893639464494726,False
leave_one_view_out__fold02__candidate_329,leave_one_view_out__fold02,True,mult,high_residual_response,20251002_单01_ACT-8_翼云_J16_12#01__pilot_10033::context_end_0028,0.0,0.001983043999948012,False
leave_one_view_out__fold02__candidate_329,leave_one_view_out__fold02,True,mult,high_residual_response,20251002_单01_ACT-8_翼云_J16_12#01__pilot_10033::context_end_0029,0.0,0.04338024188307898,False
leave_one_view_out__fold02__candidate_329,leave_one_view_out__fold02,True,mult,high_residual_response,20251002_单01_ACT-8_翼云_J16_12#01__pilot_10033::context_end_0030,0.0,0.014035084706654507,False
leave_one_view_out__fold02__candidate_329,leave_one_view_out__fold02,True,mult,high_residual_response,20251005_四01_ACT-4_云_J20_22#01__pilot_10033::context_end_0011,0.0,0.9999994573471016,False
leave_one_view_out__fold02__candidate_329,leave_one_view_out__fold02,True,mult,high_residual_response,20251005_四01_ACT-4_云_J20_22#01__pilot_10033::context_end_0012,0.0,0.9999999418233942,False
leave_one_view_out__fold02__candidate_329,leave_one_view_out__fold02,True,mult,high_residual_response,20251005_四01_ACT-4_云_J20_22#01__pilot_10033::context_end_0013,0.0,0.9999999044107055,False
leave_one_view_out__fold02__candidate_329,leave_one_view_out__fold02,True,mult,high_residual_response,20251005_四01_ACT-4_云_J20_22#01__pilot_10033::context_end_0014,0.0,0.9999999827635518,False
leave_one_view_out__fold02__candidate_329,leave_one_view_out__fold02,True,mult,high_residual_response,20251005_四01_ACT-4_云_J20_22#01__pilot_10033::context_end_0015,0.0,0.9999995038397808,False
leave_one_view_out__fold02__candidate_329,leave_one_view_out__fold02,True,mult,high_residual_response,20251005_四01_ACT-4_云_J20_22#01__pilot_10033::context_end_0016,0.0,0.9999996772734556,False
leave_one_view_out__fold02__candidate_329,leave_one_view_out__fold02,True,contiformer,future_maneuver_score,20251002_单01_ACT-8_翼云_J16_12#01__pilot_10033::context_end_0025,0.7018431948499302,1.129853958720252,False
leave_one_view_out__fold02__candidate_329,leave_one_view_out__fold02,True,contiformer,future_maneuver_score,20251002_单01_ACT-8_翼云_J16_12#01__pilot_10033::context_end_0026,1.1465368665351534,1.047073303393024,False
leave_one_view_out__fold02__candidate_329,leave_one_view_out__fold02,True,contiformer,future_maneuver_score,20251002_单01_ACT-8_翼云_J16_12#01__pilot_10033::context_end_0027,3.69461776492709,1.2258085717810527,False
leave_one_view_out__fold02__candidate_329,leave_one_view_out__fold02,True,contiformer,future_maneuver_score,20251002_单01_ACT-8_翼云_J16_12#01__pilot_10033::context_end_0028,5.298788464007011,1.5069042661369287,False
leave_one_view_out__fold02__candidate_329,leave_one_view_out__fold02,True,contiformer,future_maneuver_score,20251002_单01_ACT-8_翼云_J16_12#01__pilot_10033::context_end_0029,4.016373600419931,1.3709117042923737,False
leave_one_view_out__fold02__candidate_329,leave_one_view_out__fold02,True,contiformer,future_maneuver_score,20251002_单01_ACT-8_翼云_J16_12#01__pilot_10033::context_end_0030,2.034935597764422,1.3762105379812155,False
leave_one_view_out__fold02__candidate_329,leave_one_view_out__fold02,True,contiformer,future_maneuver_score,20251005_四01_ACT-4_云_J20_22#01__pilot_10033::context_end_0011,0.3188893488603487,0.4391092746142953,False
leave_one_view_out__fold02__candidate_329,leave_one_view_out__fold02,True,contiformer,future_maneuver_score,20251005_四01_ACT-4_云_J20_22#01__pilot_10033::context_end_0012,0.373439355495022,0.3995434448617561,False
leave_one_view_out__fold02__candidate_329,leave_one_view_out__fold02,True,contiformer,future_maneuver_score,20251005_四01_ACT-4_云_J20_22#01__pilot_10033::context_end_0013,0.8024263449100729,0.2852454412568496,False
leave_one_view_out__fold02__candidate_329,leave_one_view_out__fold02,True,contiformer,future_maneuver_score,20251005_四01_ACT-4_云_J20_22#01__pilot_10033::context_end_0014,1.2460243031018547,0.1841860399635602,False
leave_one_view_out__fold02__candidate_329,leave_one_view_out__fold02,True,contiformer,future_maneuver_score,20251005_四01_ACT-4_云_J20_22#01__pilot_10033::context_end_0015,1.5479491713146747,0.6292176321248093,False
leave_one_view_out__fold02__candidate_329,leave_one_view_out__fold02,True,contiformer,future_maneuver_score,20251005_四01_ACT-4_云_J20_22#01__pilot_10033::context_end_0016,2.133364320975689,0.452357675083188,False
leave_one_view_out__fold02__candidate_329,leave_one_view_out__fold02,True,contiformer,future_maneuver_trend,20251002_单01_ACT-8_翼云_J16_12#01__pilot_10033::context_end_0025,0.0,0.0,False
leave_one_view_out__fold02__candidate_329,leave_one_view_out__fold02,True,contiformer,future_maneuver_trend,20251002_单01_ACT-8_翼云_J16_12#01__pilot_10033::context_end_0026,2.0,0.0,False
leave_one_view_out__fold02__candidate_329,leave_one_view_out__fold02,True,contiformer,future_maneuver_trend,20251002_单01_ACT-8_翼云_J16_12#01__pilot_10033::context_end_0027,2.0,0.0,False
leave_one_view_out__fold02__candidate_329,leave_one_view_out__fold02,True,contiformer,future_maneuver_trend,20251002_单01_ACT-8_翼云_J16_12#01__pilot_10033::context_end_0028,2.0,0.0,False
leave_one_view_out__fold02__candidate_329,leave_one_view_out__fold02,True,contiformer,future_maneuver_trend,20251002_单01_ACT-8_翼云_J16_12#01__pilot_10033::context_end_0029,0.0,0.0,False
leave_one_view_out__fold02__candidate_329,leave_one_view_out__fold02,True,contiformer,future_maneuver_trend,20251002_单01_ACT-8_翼云_J16_12#01__pilot_10033::context_end_0030,0.0,0.0,False
leave_one_view_out__fold02__candidate_329,leave_one_view_out__fold02,True,contiformer,future_maneuver_trend,20251005_四01_ACT-4_云_J20_22#01__pilot_10033::context_end_0011,0.0,0.0,False
leave_one_view_out__fold02__candidate_329,leave_one_view_out__fold02,True,contiformer,future_maneuver_trend,20251005_四01_ACT-4_云_J20_22#01__pilot_10033::context_end_0012,1.0,0.0,False
leave_one_view_out__fold02__candidate_329,leave_one_view_out__fold02,True,contiformer,future_maneuver_trend,20251005_四01_ACT-4_云_J20_22#01__pilot_10033::context_end_0013,2.0,0.0,False
leave_one_view_out__fold02__candidate_329,leave_one_view_out__fold02,True,contiformer,future_maneuver_trend,20251005_四01_ACT-4_云_J20_22#01__pilot_10033::context_end_0014,2.0,1.0,False
leave_one_view_out__fold02__candidate_329,leave_one_view_out__fold02,True,contiformer,future_maneuver_trend,20251005_四01_ACT-4_云_J20_22#01__pilot_10033::context_end_0015,2.0,1.0,False
leave_one_view_out__fold02__candidate_329,leave_one_view_out__fold02,True,contiformer,future_maneuver_trend,20251005_四01_ACT-4_云_J20_22#01__pilot_10033::context_end_0016,2.0,1.0,False
leave_one_view_out__fold02__candidate_329,leave_one_view_out__fold02,True,contiformer,physiology_residual,20251002_单01_ACT-8_翼云_J16_12#01__pilot_10033::context_end_0025,0.2513007799632184,0.9298766354029622,False
leave_one_view_out__fold02__candidate_329,leave_one_view_out__fold02,True,contiformer,physiology_residual,20251002_单01_ACT-8_翼云_J16_12#01__pilot_10033::context_end_0026,0.14268788283299225,0.9103596304015411,False
leave_one_view_out__fold02__candidate_329,leave_one_view_out__fold02,True,contiformer,physiology_residual,20251002_单01_ACT-8_翼云_J16_12#01__pilot_10033::context_end_0027,0.10828024142183408,0.9147822678068542,False
leave_one_view_out__fold02__candidate_329,leave_one_view_out__fold02,True,contiformer,physiology_residual,20251002_单01_ACT-8_翼云_J16_12#01__pilot_10033::context_end_0028,0.06083870598732186,0.9522568910086797,False
leave_one_view_out__fold02__candidate_329,leave_one_view_out__fold02,True,contiformer,physiology_residual,20251002_单01_ACT-8_翼云_J16_12#01__pilot_10033::context_end_0029,0.13992970919070155,0.9726037183698912,False
leave_one_view_out__fold02__candidate_329,leave_one_view_out__fold02,True,contiformer,physiology_residual,20251002_单01_ACT-8_翼云_J16_12#01__pilot_10033::context_end_0030,0.09110016299191621,0.9659351497765108,False
leave_one_view_out__fold02__candidate_329,leave_one_view_out__fold02,True,contiformer,physiology_residual,20251005_四01_ACT-4_云_J20_22#01__pilot_10033::context_end_0011,0.69519471256262,1.149218910150808,False
leave_one_view_out__fold02__candidate_329,leave_one_view_out__fold02,True,contiformer,physiology_residual,20251005_四01_ACT-4_云_J20_22#01__pilot_10033::context_end_0012,0.21218682559190774,1.147525138582897,False
leave_one_view_out__fold02__candidate_329,leave_one_view_out__fold02,True,contiformer,physiology_residual,20251005_四01_ACT-4_云_J20_22#01__pilot_10033::context_end_0013,0.14674608878624673,1.1994144785856982,False
leave_one_view_out__fold02__candidate_329,leave_one_view_out__fold02,True,contiformer,physiology_residual,20251005_四01_ACT-4_云_J20_22#01__pilot_10033::context_end_0014,0.13257325164425196,1.1843912118880422,False
leave_one_view_out__fold02__candidate_329,leave_one_view_out__fold02,True,contiformer,physiology_residual,20251005_四01_ACT-4_云_J20_22#01__pilot_10033::context_end_0015,0.0862556380430142,1.0884817826350572,False
leave_one_view_out__fold02__candidate_329,leave_one_view_out__fold02,True,contiformer,physiology_residual,20251005_四01_ACT-4_云_J20_22#01__pilot_10033::context_end_0016,0.18702718794279447,1.1553682929262439,False
leave_one_view_out__fold02__candidate_329,leave_one_view_out__fold02,True,contiformer,high_residual_response,20251002_单01_ACT-8_翼云_J16_12#01__pilot_10033::context_end_0025,0.0,0.039318869995706246,False
leave_one_view_out__fold02__candidate_329,leave_one_view_out__fold02,True,contiformer,high_residual_response,20251002_单01_ACT-8_翼云_J16_12#01__pilot_10033::context_end_0026,0.0,0.05136897559527414,False
leave_one_view_out__fold02__candidate_329,leave_one_view_out__fold02,True,contiformer,high_residual_response,20251002_单01_ACT-8_翼云_J16_12#01__pilot_10033::context_end_0027,0.0,0.0405692413727589,False
leave_one_view_out__fold02__candidate_329,leave_one_view_out__fold02,True,contiformer,high_residual_response,20251002_单01_ACT-8_翼云_J16_12#01__pilot_10033::context_end_0028,0.0,0.008470480807943501,False
leave_one_view_out__fold02__candidate_329,leave_one_view_out__fold02,True,contiformer,high_residual_response,20251002_单01_ACT-8_翼云_J16_12#01__pilot_10033::context_end_0029,0.0,0.05084013902339183,False
leave_one_view_out__fold02__candidate_329,leave_one_view_out__fold02,True,contiformer,high_residual_response,20251002_单01_ACT-8_翼云_J16_12#01__pilot_10033::context_end_0030,0.0,0.08193448091059545,False
leave_one_view_out__fold02__candidate_329,leave_one_view_out__fold02,True,contiformer,high_residual_response,20251005_四01_ACT-4_云_J20_22#01__pilot_10033::context_end_0011,0.0,0.2927215138321998,False
leave_one_view_out__fold02__candidate_329,leave_one_view_out__fold02,True,contiformer,high_residual_response,20251005_四01_ACT-4_云_J20_22#01__pilot_10033::context_end_0012,0.0,0.12448090834987528,False
leave_one_view_out__fold02__candidate_329,leave_one_view_out__fold02,True,contiformer,high_residual_response,20251005_四01_ACT-4_云_J20_22#01__pilot_10033::context_end_0013,0.0,0.07796045943841204,False
leave_one_view_out__fold02__candidate_329,leave_one_view_out__fold02,True,contiformer,high_residual_response,20251005_四01_ACT-4_云_J20_22#01__pilot_10033::context_end_0014,0.0,0.4137496720698838,False
leave_one_view_out__fold02__candidate_329,leave_one_view_out__fold02,True,contiformer,high_residual_response,20251005_四01_ACT-4_云_J20_22#01__pilot_10033::context_end_0015,0.0,0.18373198723297174,False
leave_one_view_out__fold02__candidate_329,leave_one_view_out__fold02,True,contiformer,high_residual_response,20251005_四01_ACT-4_云_J20_22#01__pilot_10033::context_end_0016,0.0,0.4209159813038676,False
leave_one_view_out__fold02__candidate_329,leave_one_view_out__fold02,True,chronaris,future_maneuver_score,20251002_单01_ACT-8_翼云_J16_12#01__pilot_10033::context_end_0025,0.7018431948499302,-0.7946122283243815,False
leave_one_view_out__fold02__candidate_329,leave_one_view_out__fold02,True,chronaris,future_maneuver_score,20251002_单01_ACT-8_翼云_J16_12#01__pilot_10033::context_end_0026,1.1465368665351534,-0.8814771438088909,False
leave_one_view_out__fold02__candidate_329,leave_one_view_out__fold02,True,chronaris,future_maneuver_score,20251002_单01_ACT-8_翼云_J16_12#01__pilot_10033::context_end_0027,3.69461776492709,-0.8185245505736678,False
leave_one_view_out__fold02__candidate_329,leave_one_view_out__fold02,True,chronaris,future_maneuver_score,20251002_单01_ACT-8_翼云_J16_12#01__pilot_10033::context_end_0028,5.298788464007011,-0.9707810384286137,False
leave_one_view_out__fold02__candidate_329,leave_one_view_out__fold02,True,chronaris,future_maneuver_score,20251002_单01_ACT-8_翼云_J16_12#01__pilot_10033::context_end_0029,4.016373600419931,-1.200955841020349,False
leave_one_view_out__fold02__candidate_329,leave_one_view_out__fold02,True,chronaris,future_maneuver_score,20251002_单01_ACT-8_翼云_J16_12#01__pilot_10033::context_end_0030,2.034935597764422,-1.5699037961129307,False
leave_one_view_out__fold02__candidate_329,leave_one_view_out__fold02,True,chronaris,future_maneuver_score,20251005_四01_ACT-4_云_J20_22#01__pilot_10033::context_end_0011,0.3188893488603487,4.542726124928527,False
leave_one_view_out__fold02__candidate_329,leave_one_view_out__fold02,True,chronaris,future_maneuver_score,20251005_四01_ACT-4_云_J20_22#01__pilot_10033::context_end_0012,0.373439355495022,4.362585045281024,False
leave_one_view_out__fold02__candidate_329,leave_one_view_out__fold02,True,chronaris,future_maneuver_score,20251005_四01_ACT-4_云_J20_22#01__pilot_10033::context_end_0013,0.8024263449100729,4.044500952939569,False
leave_one_view_out__fold02__candidate_329,leave_one_view_out__fold02,True,chronaris,future_maneuver_score,20251005_四01_ACT-4_云_J20_22#01__pilot_10033::context_end_0014,1.2460243031018547,3.720930920107431,False
leave_one_view_out__fold02__candidate_329,leave_one_view_out__fold02,True,chronaris,future_maneuver_score,20251005_四01_ACT-4_云_J20_22#01__pilot_10033::context_end_0015,1.5479491713146747,3.5484744986313794,False
leave_one_view_out__fold02__candidate_329,leave_one_view_out__fold02,True,chronaris,future_maneuver_score,20251005_四01_ACT-4_云_J20_22#01__pilot_10033::context_end_0016,2.133364320975689,3.392928511750179,False
leave_one_view_out__fold02__candidate_329,leave_one_view_out__fold02,True,chronaris,future_maneuver_trend,20251002_单01_ACT-8_翼云_J16_12#01__pilot_10033::context_end_0025,0.0,1.0,False
leave_one_view_out__fold02__candidate_329,leave_one_view_out__fold02,True,chronaris,future_maneuver_trend,20251002_单01_ACT-8_翼云_J16_12#01__pilot_10033::context_end_0026,2.0,1.0,False
leave_one_view_out__fold02__candidate_329,leave_one_view_out__fold02,True,chronaris,future_maneuver_trend,20251002_单01_ACT-8_翼云_J16_12#01__pilot_10033::context_end_0027,2.0,1.0,False
leave_one_view_out__fold02__candidate_329,leave_one_view_out__fold02,True,chronaris,future_maneuver_trend,20251002_单01_ACT-8_翼云_J16_12#01__pilot_10033::context_end_0028,2.0,1.0,False
leave_one_view_out__fold02__candidate_329,leave_one_view_out__fold02,True,chronaris,future_maneuver_trend,20251002_单01_ACT-8_翼云_J16_12#01__pilot_10033::context_end_0029,0.0,1.0,False
leave_one_view_out__fold02__candidate_329,leave_one_view_out__fold02,True,chronaris,future_maneuver_trend,20251002_单01_ACT-8_翼云_J16_12#01__pilot_10033::context_end_0030,0.0,1.0,False
leave_one_view_out__fold02__candidate_329,leave_one_view_out__fold02,True,chronaris,future_maneuver_trend,20251005_四01_ACT-4_云_J20_22#01__pilot_10033::context_end_0011,0.0,1.0,False
leave_one_view_out__fold02__candidate_329,leave_one_view_out__fold02,True,chronaris,future_maneuver_trend,20251005_四01_ACT-4_云_J20_22#01__pilot_10033::context_end_0012,1.0,1.0,False
leave_one_view_out__fold02__candidate_329,leave_one_view_out__fold02,True,chronaris,future_maneuver_trend,20251005_四01_ACT-4_云_J20_22#01__pilot_10033::context_end_0013,2.0,1.0,False
leave_one_view_out__fold02__candidate_329,leave_one_view_out__fold02,True,chronaris,future_maneuver_trend,20251005_四01_ACT-4_云_J20_22#01__pilot_10033::context_end_0014,2.0,1.0,False
leave_one_view_out__fold02__candidate_329,leave_one_view_out__fold02,True,chronaris,future_maneuver_trend,20251005_四01_ACT-4_云_J20_22#01__pilot_10033::context_end_0015,2.0,1.0,False
leave_one_view_out__fold02__candidate_329,leave_one_view_out__fold02,True,chronaris,future_maneuver_trend,20251005_四01_ACT-4_云_J20_22#01__pilot_10033::context_end_0016,2.0,1.0,False
leave_one_view_out__fold02__candidate_329,leave_one_view_out__fold02,True,chronaris,physiology_residual,20251002_单01_ACT-8_翼云_J16_12#01__pilot_10033::context_end_0025,0.2513007799632184,0.9394528848867885,False
leave_one_view_out__fold02__candidate_329,leave_one_view_out__fold02,True,chronaris,physiology_residual,20251002_单01_ACT-8_翼云_J16_12#01__pilot_10033::context_end_0026,0.14268788283299225,0.9053326499720398,False
leave_one_view_out__fold02__candidate_329,leave_one_view_out__fold02,True,chronaris,physiology_residual,20251002_单01_ACT-8_翼云_J16_12#01__pilot_10033::context_end_0027,0.10828024142183408,0.8543677681864752,False
leave_one_view_out__fold02__candidate_329,leave_one_view_out__fold02,True,chronaris,physiology_residual,20251002_单01_ACT-8_翼云_J16_12#01__pilot_10033::context_end_0028,0.06083870598732186,0.8068641396490304,False
leave_one_view_out__fold02__candidate_329,leave_one_view_out__fold02,True,chronaris,physiology_residual,20251002_单01_ACT-8_翼云_J16_12#01__pilot_10033::context_end_0029,0.13992970919070155,0.8452443652325864,False
leave_one_view_out__fold02__candidate_329,leave_one_view_out__fold02,True,chronaris,physiology_residual,20251002_单01_ACT-8_翼云_J16_12#01__pilot_10033::context_end_0030,0.09110016299191621,0.8749472441088877,False
leave_one_view_out__fold02__candidate_329,leave_one_view_out__fold02,True,chronaris,physiology_residual,20251005_四01_ACT-4_云_J20_22#01__pilot_10033::context_end_0011,0.69519471256262,0.11842284780741053,False
leave_one_view_out__fold02__candidate_329,leave_one_view_out__fold02,True,chronaris,physiology_residual,20251005_四01_ACT-4_云_J20_22#01__pilot_10033::context_end_0012,0.21218682559190774,0.1652148329466978,False
leave_one_view_out__fold02__candidate_329,leave_one_view_out__fold02,True,chronaris,physiology_residual,20251005_四01_ACT-4_云_J20_22#01__pilot_10033::context_end_0013,0.14674608878624673,0.24480489900386115,False
leave_one_view_out__fold02__candidate_329,leave_one_view_out__fold02,True,chronaris,physiology_residual,20251005_四01_ACT-4_云_J20_22#01__pilot_10033::context_end_0014,0.13257325164425196,0.331687735873036,False
leave_one_view_out__fold02__candidate_329,leave_one_view_out__fold02,True,chronaris,physiology_residual,20251005_四01_ACT-4_云_J20_22#01__pilot_10033::context_end_0015,0.0862556380430142,0.39614689846009,False
leave_one_view_out__fold02__candidate_329,leave_one_view_out__fold02,True,chronaris,physiology_residual,20251005_四01_ACT-4_云_J20_22#01__pilot_10033::context_end_0016,0.18702718794279447,0.47372841782892894,False
leave_one_view_out__fold02__candidate_329,leave_one_view_out__fold02,True,chronaris,high_residual_response,20251002_单01_ACT-8_翼云_J16_12#01__pilot_10033::context_end_0025,0.0,0.297310411887607,False
leave_one_view_out__fold02__candidate_329,leave_one_view_out__fold02,True,chronaris,high_residual_response,20251002_单01_ACT-8_翼云_J16_12#01__pilot_10033::context_end_0026,0.0,0.2659897947687006,False
leave_one_view_out__fold02__candidate_329,leave_one_view_out__fold02,True,chronaris,high_residual_response,20251002_单01_ACT-8_翼云_J16_12#01__pilot_10033::context_end_0027,0.0,0.9049611578579315,False
leave_one_view_out__fold02__candidate_329,leave_one_view_out__fold02,True,chronaris,high_residual_response,20251002_单01_ACT-8_翼云_J16_12#01__pilot_10033::context_end_0028,0.0,0.9168705886657533,False
leave_one_view_out__fold02__candidate_329,leave_one_view_out__fold02,True,chronaris,high_residual_response,20251002_单01_ACT-8_翼云_J16_12#01__pilot_10033::context_end_0029,0.0,0.984348099997362,False
leave_one_view_out__fold02__candidate_329,leave_one_view_out__fold02,True,chronaris,high_residual_response,20251002_单01_ACT-8_翼云_J16_12#01__pilot_10033::context_end_0030,0.0,0.9981641006439659,False
leave_one_view_out__fold02__candidate_329,leave_one_view_out__fold02,True,chronaris,high_residual_response,20251005_四01_ACT-4_云_J20_22#01__pilot_10033::context_end_0011,0.0,0.9718340893053519,False
leave_one_view_out__fold02__candidate_329,leave_one_view_out__fold02,True,chronaris,high_residual_response,20251005_四01_ACT-4_云_J20_22#01__pilot_10033::context_end_0012,0.0,0.7886975438308456,False
leave_one_view_out__fold02__candidate_329,leave_one_view_out__fold02,True,chronaris,high_residual_response,20251005_四01_ACT-4_云_J20_22#01__pilot_10033::context_end_0013,0.0,0.4237179353828295,False
leave_one_view_out__fold02__candidate_329,leave_one_view_out__fold02,True,chronaris,high_residual_response,20251005_四01_ACT-4_云_J20_22#01__pilot_10033::context_end_0014,0.0,0.12346990014087424,False
leave_one_view_out__fold02__candidate_329,leave_one_view_out__fold02,True,chronaris,high_residual_response,20251005_四01_ACT-4_云_J20_22#01__pilot_10033::context_end_0015,0.0,0.036595184916072554,False
leave_one_view_out__fold02__candidate_329,leave_one_view_out__fold02,True,chronaris,high_residual_response,20251005_四01_ACT-4_云_J20_22#01__pilot_10033::context_end_0016,0.0,0.02928936696417399,False
leave_one_view_out__fold01__candidate_340,leave_one_view_out__fold01,True,physiology_only,future_maneuver_score,20251002_单01_ACT-8_翼云_J16_12#01__pilot_10035::context_end_0027,2.700327871927127,-2.8147090309613567,False
leave_one_view_out__fold01__candidate_340,leave_one_view_out__fold01,True,physiology_only,future_maneuver_score,20251002_单01_ACT-8_翼云_J16_12#01__pilot_10035::context_end_0028,4.493803509446074,-3.2899270565628873,False
leave_one_view_out__fold01__candidate_340,leave_one_view_out__fold01,True,physiology_only,future_maneuver_score,20251002_单01_ACT-8_翼云_J16_12#01__pilot_10035::context_end_0029,3.0830258791239,-4.267317533590221,False
leave_one_view_out__fold01__candidate_340,leave_one_view_out__fold01,True,physiology_only,future_maneuver_score,20251002_单01_ACT-8_翼云_J16_12#01__pilot_10035::context_end_0030,1.7617771477107411,-4.465870528808655,False
leave_one_view_out__fold01__candidate_340,leave_one_view_out__fold01,True,physiology_only,future_maneuver_score,20251002_单01_ACT-8_翼云_J16_12#01__pilot_10035::context_end_0031,0.9779078380832957,-6.698932796144254,False
leave_one_view_out__fold01__candidate_340,leave_one_view_out__fold01,True,physiology_only,future_maneuver_score,20251002_单01_ACT-8_翼云_J16_12#01__pilot_10035::context_end_0032,1.3316190295272416,-10.406293393071302,False
leave_one_view_out__fold01__candidate_340,leave_one_view_out__fold01,True,physiology_only,future_maneuver_score,20251005_四01_ACT-4_云_J20_22#01__pilot_10033::context_end_0007,0.2907199861029491,7.418868135712722,False
leave_one_view_out__fold01__candidate_340,leave_one_view_out__fold01,True,physiology_only,future_maneuver_score,20251005_四01_ACT-4_云_J20_22#01__pilot_10033::context_end_0008,1.423986505801689,8.482268057205834,False
leave_one_view_out__fold01__candidate_340,leave_one_view_out__fold01,True,physiology_only,future_maneuver_score,20251005_四01_ACT-4_云_J20_22#01__pilot_10033::context_end_0009,0.5577109062804584,7.798949064124351,False
leave_one_view_out__fold01__candidate_340,leave_one_view_out__fold01,True,physiology_only,future_maneuver_score,20251005_四01_ACT-4_云_J20_22#01__pilot_10033::context_end_0010,0.49800903919909767,6.670071320991084,False
leave_one_view_out__fold01__candidate_340,leave_one_view_out__fold01,True,physiology_only,future_maneuver_score,20251005_四01_ACT-4_云_J20_22#01__pilot_10033::context_end_0011,0.18254937391955883,5.442066324668484,False
leave_one_view_out__fold01__candidate_340,leave_one_view_out__fold01,True,physiology_only,future_maneuver_score,20251005_四01_ACT-4_云_J20_22#01__pilot_10033::context_end_0012,0.2096205121860583,4.695535748251238,False
leave_one_view_out__fold01__candidate_340,leave_one_view_out__fold01,True,physiology_only,future_maneuver_trend,20251002_单01_ACT-8_翼云_J16_12#01__pilot_10035::context_end_0027,2.0,1.0,False
leave_one_view_out__fold01__candidate_340,leave_one_view_out__fold01,True,physiology_only,future_maneuver_trend,20251002_单01_ACT-8_翼云_J16_12#01__pilot_10035::context_end_0028,2.0,1.0,False
leave_one_view_out__fold01__candidate_340,leave_one_view_out__fold01,True,physiology_only,future_maneuver_trend,20251002_单01_ACT-8_翼云_J16_12#01__pilot_10035::context_end_0029,0.0,1.0,False
leave_one_view_out__fold01__candidate_340,leave_one_view_out__fold01,True,physiology_only,future_maneuver_trend,20251002_单01_ACT-8_翼云_J16_12#01__pilot_10035::context_end_0030,0.0,1.0,False
leave_one_view_out__fold01__candidate_340,leave_one_view_out__fold01,True,physiology_only,future_maneuver_trend,20251002_单01_ACT-8_翼云_J16_12#01__pilot_10035::context_end_0031,0.0,1.0,False
leave_one_view_out__fold01__candidate_340,leave_one_view_out__fold01,True,physiology_only,future_maneuver_trend,20251002_单01_ACT-8_翼云_J16_12#01__pilot_10035::context_end_0032,2.0,0.0,False
leave_one_view_out__fold01__candidate_340,leave_one_view_out__fold01,True,physiology_only,future_maneuver_trend,20251005_四01_ACT-4_云_J20_22#01__pilot_10033::context_end_0007,1.0,2.0,False
leave_one_view_out__fold01__candidate_340,leave_one_view_out__fold01,True,physiology_only,future_maneuver_trend,20251005_四01_ACT-4_云_J20_22#01__pilot_10033::context_end_0008,2.0,2.0,False
leave_one_view_out__fold01__candidate_340,leave_one_view_out__fold01,True,physiology_only,future_maneuver_trend,20251005_四01_ACT-4_云_J20_22#01__pilot_10033::context_end_0009,0.0,2.0,False
leave_one_view_out__fold01__candidate_340,leave_one_view_out__fold01,True,physiology_only,future_maneuver_trend,20251005_四01_ACT-4_云_J20_22#01__pilot_10033::context_end_0010,1.0,2.0,False
leave_one_view_out__fold01__candidate_340,leave_one_view_out__fold01,True,physiology_only,future_maneuver_trend,20251005_四01_ACT-4_云_J20_22#01__pilot_10033::context_end_0011,0.0,2.0,False
leave_one_view_out__fold01__candidate_340,leave_one_view_out__fold01,True,physiology_only,future_maneuver_trend,20251005_四01_ACT-4_云_J20_22#01__pilot_10033::context_end_0012,1.0,2.0,False
leave_one_view_out__fold01__candidate_340,leave_one_view_out__fold01,True,physiology_only,physiology_residual,20251002_单01_ACT-8_翼云_J16_12#01__pilot_10035::context_end_0027,0.0999379705436492,1.9983843390861287,False
leave_one_view_out__fold01__candidate_340,leave_one_view_out__fold01,True,physiology_only,physiology_residual,20251002_单01_ACT-8_翼云_J16_12#01__pilot_10035::context_end_0028,0.053532769049595065,1.047534487313806,False
leave_one_view_out__fold01__candidate_340,leave_one_view_out__fold01,True,physiology_only,physiology_residual,20251002_单01_ACT-8_翼云_J16_12#01__pilot_10035::context_end_0029,0.06477289883653864,1.4316740115219808,False
leave_one_view_out__fold01__candidate_340,leave_one_view_out__fold01,True,physiology_only,physiology_residual,20251002_单01_ACT-8_翼云_J16_12#01__pilot_10035::context_end_0030,0.06098732839842309,2.2945637628582567,False
leave_one_view_out__fold01__candidate_340,leave_one_view_out__fold01,True,physiology_only,physiology_residual,20251002_单01_ACT-8_翼云_J16_12#01__pilot_10035::context_end_0031,0.09895767607771075,2.8054114530212018,False
leave_one_view_out__fold01__candidate_340,leave_one_view_out__fold01,True,physiology_only,physiology_residual,20251002_单01_ACT-8_翼云_J16_12#01__pilot_10035::context_end_0032,0.06917423501422815,3.844325293505847,False
leave_one_view_out__fold01__candidate_340,leave_one_view_out__fold01,True,physiology_only,physiology_residual,20251005_四01_ACT-4_云_J20_22#01__pilot_10033::context_end_0007,0.3876168039740951,-1.4416850808566797,False
leave_one_view_out__fold01__candidate_340,leave_one_view_out__fold01,True,physiology_only,physiology_residual,20251005_四01_ACT-4_云_J20_22#01__pilot_10033::context_end_0008,0.20795350356895073,0.31771490223045046,False
leave_one_view_out__fold01__candidate_340,leave_one_view_out__fold01,True,physiology_only,physiology_residual,20251005_四01_ACT-4_云_J20_22#01__pilot_10033::context_end_0009,0.2749063275303103,0.4933965078333329,False
leave_one_view_out__fold01__candidate_340,leave_one_view_out__fold01,True,physiology_only,physiology_residual,20251005_四01_ACT-4_云_J20_22#01__pilot_10033::context_end_0010,0.2202489853048973,0.6098956506721084,False
leave_one_view_out__fold01__candidate_340,leave_one_view_out__fold01,True,physiology_only,physiology_residual,20251005_四01_ACT-4_云_J20_22#01__pilot_10033::context_end_0011,0.21848753613360195,0.6789420028223293,False
leave_one_view_out__fold01__candidate_340,leave_one_view_out__fold01,True,physiology_only,physiology_residual,20251005_四01_ACT-4_云_J20_22#01__pilot_10033::context_end_0012,0.12433989494280775,0.7879620229483123,False
leave_one_view_out__fold01__candidate_340,leave_one_view_out__fold01,True,physiology_only,high_residual_response,20251002_单01_ACT-8_翼云_J16_12#01__pilot_10035::context_end_0027,0.0,0.9997560454678786,False
leave_one_view_out__fold01__candidate_340,leave_one_view_out__fold01,True,physiology_only,high_residual_response,20251002_单01_ACT-8_翼云_J16_12#01__pilot_10035::context_end_0028,0.0,0.9203181164042137,False
leave_one_view_out__fold01__candidate_340,leave_one_view_out__fold01,True,physiology_only,high_residual_response,20251002_单01_ACT-8_翼云_J16_12#01__pilot_10035::context_end_0029,0.0,0.9887451349256458,False
leave_one_view_out__fold01__candidate_340,leave_one_view_out__fold01,True,physiology_only,high_residual_response,20251002_单01_ACT-8_翼云_J16_12#01__pilot_10035::context_end_0030,0.0,0.9999179573902047,False
leave_one_view_out__fold01__candidate_340,leave_one_view_out__fold01,True,physiology_only,high_residual_response,20251002_单01_ACT-8_翼云_J16_12#01__pilot_10035::context_end_0031,0.0,0.9999916766385405,False
leave_one_view_out__fold01__candidate_340,leave_one_view_out__fold01,True,physiology_only,high_residual_response,20251002_单01_ACT-8_翼云_J16_12#01__pilot_10035::context_end_0032,0.0,0.9999999760012465,False
leave_one_view_out__fold01__candidate_340,leave_one_view_out__fold01,True,physiology_only,high_residual_response,20251005_四01_ACT-4_云_J20_22#01__pilot_10033::context_end_0007,0.0,3.534912580047782e-09,False
leave_one_view_out__fold01__candidate_340,leave_one_view_out__fold01,True,physiology_only,high_residual_response,20251005_四01_ACT-4_云_J20_22#01__pilot_10033::context_end_0008,0.0,2.2283056271237783e-06,False
leave_one_view_out__fold01__candidate_340,leave_one_view_out__fold01,True,physiology_only,high_residual_response,20251005_四01_ACT-4_云_J20_22#01__pilot_10033::context_end_0009,0.0,8.563651624075332e-06,False
leave_one_view_out__fold01__candidate_340,leave_one_view_out__fold01,True,physiology_only,high_residual_response,20251005_四01_ACT-4_云_J20_22#01__pilot_10033::context_end_0010,0.0,3.0318204120144784e-05,False
leave_one_view_out__fold01__candidate_340,leave_one_view_out__fold01,True,physiology_only,high_residual_response,20251005_四01_ACT-4_云_J20_22#01__pilot_10033::context_end_0011,0.0,0.0001208355937742268,False
leave_one_view_out__fold01__candidate_340,leave_one_view_out__fold01,True,physiology_only,high_residual_response,20251005_四01_ACT-4_云_J20_22#01__pilot_10033::context_end_0012,0.0,0.00043690631470916165,False
leave_one_view_out__fold01__candidate_340,leave_one_view_out__fold01,True,vehicle_only,future_maneuver_score,20251002_单01_ACT-8_翼云_J16_12#01__pilot_10035::context_end_0027,2.700327871927127,1.4967786083179477,False
leave_one_view_out__fold01__candidate_340,leave_one_view_out__fold01,True,vehicle_only,future_maneuver_score,20251002_单01_ACT-8_翼云_J16_12#01__pilot_10035::context_end_0028,4.493803509446074,2.06598715127807,False
leave_one_view_out__fold01__candidate_340,leave_one_view_out__fold01,True,vehicle_only,future_maneuver_score,20251002_单01_ACT-8_翼云_J16_12#01__pilot_10035::context_end_0029,3.0830258791239,1.6171091943206413,False
leave_one_view_out__fold01__candidate_340,leave_one_view_out__fold01,True,vehicle_only,future_maneuver_score,20251002_单01_ACT-8_翼云_J16_12#01__pilot_10035::context_end_0030,1.7617771477107411,1.439356835885787,False
leave_one_view_out__fold01__candidate_340,leave_one_view_out__fold01,True,vehicle_only,future_maneuver_score,20251002_单01_ACT-8_翼云_J16_12#01__pilot_10035::context_end_0031,0.9779078380832957,1.972505412436397,False
leave_one_view_out__fold01__candidate_340,leave_one_view_out__fold01,True,vehicle_only,future_maneuver_score,20251002_单01_ACT-8_翼云_J16_12#01__pilot_10035::context_end_0032,1.3316190295272416,1.6582283622882337,False
leave_one_view_out__fold01__candidate_340,leave_one_view_out__fold01,True,vehicle_only,future_maneuver_score,20251005_四01_ACT-4_云_J20_22#01__pilot_10033::context_end_0007,0.2907199861029491,1.733840342268687,False
leave_one_view_out__fold01__candidate_340,leave_one_view_out__fold01,True,vehicle_only,future_maneuver_score,20251005_四01_ACT-4_云_J20_22#01__pilot_10033::context_end_0008,1.423986505801689,1.3947998449912773,False
leave_one_view_out__fold01__candidate_340,leave_one_view_out__fold01,True,vehicle_only,future_maneuver_score,20251005_四01_ACT-4_云_J20_22#01__pilot_10033::context_end_0009,0.5577109062804584,0.576005873808236,False
leave_one_view_out__fold01__candidate_340,leave_one_view_out__fold01,True,vehicle_only,future_maneuver_score,20251005_四01_ACT-4_云_J20_22#01__pilot_10033::context_end_0010,0.49800903919909767,0.23541158864321254,False
leave_one_view_out__fold01__candidate_340,leave_one_view_out__fold01,True,vehicle_only,future_maneuver_score,20251005_四01_ACT-4_云_J20_22#01__pilot_10033::context_end_0011,0.18254937391955883,1.2172985241646506,False
leave_one_view_out__fold01__candidate_340,leave_one_view_out__fold01,True,vehicle_only,future_maneuver_score,20251005_四01_ACT-4_云_J20_22#01__pilot_10033::context_end_0012,0.2096205121860583,0.7218592751911985,False
leave_one_view_out__fold01__candidate_340,leave_one_view_out__fold01,True,vehicle_only,future_maneuver_trend,20251002_单01_ACT-8_翼云_J16_12#01__pilot_10035::context_end_0027,2.0,2.0,False
leave_one_view_out__fold01__candidate_340,leave_one_view_out__fold01,True,vehicle_only,future_maneuver_trend,20251002_单01_ACT-8_翼云_J16_12#01__pilot_10035::context_end_0028,2.0,2.0,False
leave_one_view_out__fold01__candidate_340,leave_one_view_out__fold01,True,vehicle_only,future_maneuver_trend,20251002_单01_ACT-8_翼云_J16_12#01__pilot_10035::context_end_0029,0.0,0.0,False
leave_one_view_out__fold01__candidate_340,leave_one_view_out__fold01,True,vehicle_only,future_maneuver_trend,20251002_单01_ACT-8_翼云_J16_12#01__pilot_10035::context_end_0030,0.0,0.0,False
leave_one_view_out__fold01__candidate_340,leave_one_view_out__fold01,True,vehicle_only,future_maneuver_trend,20251002_单01_ACT-8_翼云_J16_12#01__pilot_10035::context_end_0031,0.0,2.0,False
leave_one_view_out__fold01__candidate_340,leave_one_view_out__fold01,True,vehicle_only,future_maneuver_trend,20251002_单01_ACT-8_翼云_J16_12#01__pilot_10035::context_end_0032,2.0,2.0,False
leave_one_view_out__fold01__candidate_340,leave_one_view_out__fold01,True,vehicle_only,future_maneuver_trend,20251005_四01_ACT-4_云_J20_22#01__pilot_10033::context_end_0007,1.0,2.0,False
leave_one_view_out__fold01__candidate_340,leave_one_view_out__fold01,True,vehicle_only,future_maneuver_trend,20251005_四01_ACT-4_云_J20_22#01__pilot_10033::context_end_0008,2.0,2.0,False
leave_one_view_out__fold01__candidate_340,leave_one_view_out__fold01,True,vehicle_only,future_maneuver_trend,20251005_四01_ACT-4_云_J20_22#01__pilot_10033::context_end_0009,0.0,0.0,False
leave_one_view_out__fold01__candidate_340,leave_one_view_out__fold01,True,vehicle_only,future_maneuver_trend,20251005_四01_ACT-4_云_J20_22#01__pilot_10033::context_end_0010,1.0,1.0,False
leave_one_view_out__fold01__candidate_340,leave_one_view_out__fold01,True,vehicle_only,future_maneuver_trend,20251005_四01_ACT-4_云_J20_22#01__pilot_10033::context_end_0011,0.0,0.0,False
leave_one_view_out__fold01__candidate_340,leave_one_view_out__fold01,True,vehicle_only,future_maneuver_trend,20251005_四01_ACT-4_云_J20_22#01__pilot_10033::context_end_0012,1.0,1.0,False
leave_one_view_out__fold01__candidate_340,leave_one_view_out__fold01,True,vehicle_only,physiology_residual,20251002_单01_ACT-8_翼云_J16_12#01__pilot_10035::context_end_0027,0.0999379705436492,0.5469503851474145,False
leave_one_view_out__fold01__candidate_340,leave_one_view_out__fold01,True,vehicle_only,physiology_residual,20251002_单01_ACT-8_翼云_J16_12#01__pilot_10035::context_end_0028,0.053532769049595065,0.5571349437886036,False
leave_one_view_out__fold01__candidate_340,leave_one_view_out__fold01,True,vehicle_only,physiology_residual,20251002_单01_ACT-8_翼云_J16_12#01__pilot_10035::context_end_0029,0.06477289883653864,0.5723068868215105,False
leave_one_view_out__fold01__candidate_340,leave_one_view_out__fold01,True,vehicle_only,physiology_residual,20251002_单01_ACT-8_翼云_J16_12#01__pilot_10035::context_end_0030,0.06098732839842309,0.544568526679373,False
leave_one_view_out__fold01__candidate_340,leave_one_view_out__fold01,True,vehicle_only,physiology_residual,20251002_单01_ACT-8_翼云_J16_12#01__pilot_10035::context_end_0031,0.09895767607771075,0.6334238305342144,False
leave_one_view_out__fold01__candidate_340,leave_one_view_out__fold01,True,vehicle_only,physiology_residual,20251002_单01_ACT-8_翼云_J16_12#01__pilot_10035::context_end_0032,0.06917423501422815,0.6800846490245199,False
leave_one_view_out__fold01__candidate_340,leave_one_view_out__fold01,True,vehicle_only,physiology_residual,20251005_四01_ACT-4_云_J20_22#01__pilot_10033::context_end_0007,0.3876168039740951,0.7158237861341739,False
leave_one_view_out__fold01__candidate_340,leave_one_view_out__fold01,True,vehicle_only,physiology_residual,20251005_四01_ACT-4_云_J20_22#01__pilot_10033::context_end_0008,0.20795350356895073,0.8811840457968485,False
leave_one_view_out__fold01__candidate_340,leave_one_view_out__fold01,True,vehicle_only,physiology_residual,20251005_四01_ACT-4_云_J20_22#01__pilot_10033::context_end_0009,0.2749063275303103,1.0381294047237077,False
leave_one_view_out__fold01__candidate_340,leave_one_view_out__fold01,True,vehicle_only,physiology_residual,20251005_四01_ACT-4_云_J20_22#01__pilot_10033::context_end_0010,0.2202489853048973,0.9924131781495793,False
leave_one_view_out__fold01__candidate_340,leave_one_view_out__fold01,True,vehicle_only,physiology_residual,20251005_四01_ACT-4_云_J20_22#01__pilot_10033::context_end_0011,0.21848753613360195,0.6979900061257678,False
leave_one_view_out__fold01__candidate_340,leave_one_view_out__fold01,True,vehicle_only,physiology_residual,20251005_四01_ACT-4_云_J20_22#01__pilot_10033::context_end_0012,0.12433989494280775,0.603187456139053,False
leave_one_view_out__fold01__candidate_340,leave_one_view_out__fold01,True,vehicle_only,high_residual_response,20251002_单01_ACT-8_翼云_J16_12#01__pilot_10035::context_end_0027,0.0,0.27862320786167866,False
leave_one_view_out__fold01__candidate_340,leave_one_view_out__fold01,True,vehicle_only,high_residual_response,20251002_单01_ACT-8_翼云_J16_12#01__pilot_10035::context_end_0028,0.0,0.2178417064971483,False
leave_one_view_out__fold01__candidate_340,leave_one_view_out__fold01,True,vehicle_only,high_residual_response,20251002_单01_ACT-8_翼云_J16_12#01__pilot_10035::context_end_0029,0.0,0.23226506865326058,False
leave_one_view_out__fold01__candidate_340,leave_one_view_out__fold01,True,vehicle_only,high_residual_response,20251002_单01_ACT-8_翼云_J16_12#01__pilot_10035::context_end_0030,0.0,0.12847976266129382,False
leave_one_view_out__fold01__candidate_340,leave_one_view_out__fold01,True,vehicle_only,high_residual_response,20251002_单01_ACT-8_翼云_J16_12#01__pilot_10035::context_end_0031,0.0,0.2110436052408078,False
leave_one_view_out__fold01__candidate_340,leave_one_view_out__fold01,True,vehicle_only,high_residual_response,20251002_单01_ACT-8_翼云_J16_12#01__pilot_10035::context_end_0032,0.0,0.16995844462028392,False
leave_one_view_out__fold01__candidate_340,leave_one_view_out__fold01,True,vehicle_only,high_residual_response,20251005_四01_ACT-4_云_J20_22#01__pilot_10033::context_end_0007,0.0,0.7575483453944413,False
leave_one_view_out__fold01__candidate_340,leave_one_view_out__fold01,True,vehicle_only,high_residual_response,20251005_四01_ACT-4_云_J20_22#01__pilot_10033::context_end_0008,0.0,0.9011757743906555,False
leave_one_view_out__fold01__candidate_340,leave_one_view_out__fold01,True,vehicle_only,high_residual_response,20251005_四01_ACT-4_云_J20_22#01__pilot_10033::context_end_0009,0.0,0.7256965301729474,False
leave_one_view_out__fold01__candidate_340,leave_one_view_out__fold01,True,vehicle_only,high_residual_response,20251005_四01_ACT-4_云_J20_22#01__pilot_10033::context_end_0010,0.0,0.8443967721688819,False
leave_one_view_out__fold01__candidate_340,leave_one_view_out__fold01,True,vehicle_only,high_residual_response,20251005_四01_ACT-4_云_J20_22#01__pilot_10033::context_end_0011,0.0,0.6594368990879539,False
leave_one_view_out__fold01__candidate_340,leave_one_view_out__fold01,True,vehicle_only,high_residual_response,20251005_四01_ACT-4_云_J20_22#01__pilot_10033::context_end_0012,0.0,0.53666244952771,False
leave_one_view_out__fold01__candidate_340,leave_one_view_out__fold01,True,naive_time_sync,future_maneuver_score,20251002_单01_ACT-8_翼云_J16_12#01__pilot_10035::context_end_0027,2.700327871927127,0.22046744862183343,False
leave_one_view_out__fold01__candidate_340,leave_one_view_out__fold01,True,naive_time_sync,future_maneuver_score,20251002_单01_ACT-8_翼云_J16_12#01__pilot_10035::context_end_0028,4.493803509446074,1.3057565343820936,False
leave_one_view_out__fold01__candidate_340,leave_one_view_out__fold01,True,naive_time_sync,future_maneuver_score,20251002_单01_ACT-8_翼云_J16_12#01__pilot_10035::context_end_0029,3.0830258791239,0.548874607253927,False
leave_one_view_out__fold01__candidate_340,leave_one_view_out__fold01,True,naive_time_sync,future_maneuver_score,20251002_单01_ACT-8_翼云_J16_12#01__pilot_10035::context_end_0030,1.7617771477107411,-0.7661346398665385,False
leave_one_view_out__fold01__candidate_340,leave_one_view_out__fold01,True,naive_time_sync,future_maneuver_score,20251002_单01_ACT-8_翼云_J16_12#01__pilot_10035::context_end_0031,0.9779078380832957,-0.9247605186773102,False
leave_one_view_out__fold01__candidate_340,leave_one_view_out__fold01,True,naive_time_sync,future_maneuver_score,20251002_单01_ACT-8_翼云_J16_12#01__pilot_10035::context_end_0032,1.3316190295272416,-0.9215592621084807,False
leave_one_view_out__fold01__candidate_340,leave_one_view_out__fold01,True,naive_time_sync,future_maneuver_score,20251005_四01_ACT-4_云_J20_22#01__pilot_10033::context_end_0007,0.2907199861029491,6.746858393719628,False
leave_one_view_out__fold01__candidate_340,leave_one_view_out__fold01,True,naive_time_sync,future_maneuver_score,20251005_四01_ACT-4_云_J20_22#01__pilot_10033::context_end_0008,1.423986505801689,7.78175587259041,False
leave_one_view_out__fold01__candidate_340,leave_one_view_out__fold01,True,naive_time_sync,future_maneuver_score,20251005_四01_ACT-4_云_J20_22#01__pilot_10033::context_end_0009,0.5577109062804584,6.789329816403917,False
leave_one_view_out__fold01__candidate_340,leave_one_view_out__fold01,True,naive_time_sync,future_maneuver_score,20251005_四01_ACT-4_云_J20_22#01__pilot_10033::context_end_0010,0.49800903919909767,6.197363767266293,False
leave_one_view_out__fold01__candidate_340,leave_one_view_out__fold01,True,naive_time_sync,future_maneuver_score,20251005_四01_ACT-4_云_J20_22#01__pilot_10033::context_end_0011,0.18254937391955883,5.447422235105408,False
leave_one_view_out__fold01__candidate_340,leave_one_view_out__fold01,True,naive_time_sync,future_maneuver_score,20251005_四01_ACT-4_云_J20_22#01__pilot_10033::context_end_0012,0.2096205121860583,5.084640160222036,False
leave_one_view_out__fold01__candidate_340,leave_one_view_out__fold01,True,naive_time_sync,future_maneuver_trend,20251002_单01_ACT-8_翼云_J16_12#01__pilot_10035::context_end_0027,2.0,0.0,False
leave_one_view_out__fold01__candidate_340,leave_one_view_out__fold01,True,naive_time_sync,future_maneuver_trend,20251002_单01_ACT-8_翼云_J16_12#01__pilot_10035::context_end_0028,2.0,0.0,False
leave_one_view_out__fold01__candidate_340,leave_one_view_out__fold01,True,naive_time_sync,future_maneuver_trend,20251002_单01_ACT-8_翼云_J16_12#01__pilot_10035::context_end_0029,0.0,0.0,False
leave_one_view_out__fold01__candidate_340,leave_one_view_out__fold01,True,naive_time_sync,future_maneuver_trend,20251002_单01_ACT-8_翼云_J16_12#01__pilot_10035::context_end_0030,0.0,0.0,False
leave_one_view_out__fold01__candidate_340,leave_one_view_out__fold01,True,naive_time_sync,future_maneuver_trend,20251002_单01_ACT-8_翼云_J16_12#01__pilot_10035::context_end_0031,0.0,0.0,False
leave_one_view_out__fold01__candidate_340,leave_one_view_out__fold01,True,naive_time_sync,future_maneuver_trend,20251002_单01_ACT-8_翼云_J16_12#01__pilot_10035::context_end_0032,2.0,0.0,False
leave_one_view_out__fold01__candidate_340,leave_one_view_out__fold01,True,naive_time_sync,future_maneuver_trend,20251005_四01_ACT-4_云_J20_22#01__pilot_10033::context_end_0007,1.0,2.0,False
leave_one_view_out__fold01__candidate_340,leave_one_view_out__fold01,True,naive_time_sync,future_maneuver_trend,20251005_四01_ACT-4_云_J20_22#01__pilot_10033::context_end_0008,2.0,2.0,False
leave_one_view_out__fold01__candidate_340,leave_one_view_out__fold01,True,naive_time_sync,future_maneuver_trend,20251005_四01_ACT-4_云_J20_22#01__pilot_10033::context_end_0009,0.0,2.0,False
leave_one_view_out__fold01__candidate_340,leave_one_view_out__fold01,True,naive_time_sync,future_maneuver_trend,20251005_四01_ACT-4_云_J20_22#01__pilot_10033::context_end_0010,1.0,2.0,False
leave_one_view_out__fold01__candidate_340,leave_one_view_out__fold01,True,naive_time_sync,future_maneuver_trend,20251005_四01_ACT-4_云_J20_22#01__pilot_10033::context_end_0011,0.0,2.0,False
leave_one_view_out__fold01__candidate_340,leave_one_view_out__fold01,True,naive_time_sync,future_maneuver_trend,20251005_四01_ACT-4_云_J20_22#01__pilot_10033::context_end_0012,1.0,2.0,False
leave_one_view_out__fold01__candidate_340,leave_one_view_out__fold01,True,naive_time_sync,physiology_residual,20251002_单01_ACT-8_翼云_J16_12#01__pilot_10035::context_end_0027,0.0999379705436492,0.20896580114098534,False
leave_one_view_out__fold01__candidate_340,leave_one_view_out__fold01,True,naive_time_sync,physiology_residual,20251002_单01_ACT-8_翼云_J16_12#01__pilot_10035::context_end_0028,0.053532769049595065,0.2879243845274552,False
leave_one_view_out__fold01__candidate_340,leave_one_view_out__fold01,True,naive_time_sync,physiology_residual,20251002_单01_ACT-8_翼云_J16_12#01__pilot_10035::context_end_0029,0.06477289883653864,0.7340929249414277,False
leave_one_view_out__fold01__candidate_340,leave_one_view_out__fold01,True,naive_time_sync,physiology_residual,20251002_单01_ACT-8_翼云_J16_12#01__pilot_10035::context_end_0030,0.06098732839842309,0.849547830708382,False
leave_one_view_out__fold01__candidate_340,leave_one_view_out__fold01,True,naive_time_sync,physiology_residual,20251002_单01_ACT-8_翼云_J16_12#01__pilot_10035::context_end_0031,0.09895767607771075,0.6570996614841467,False
leave_one_view_out__fold01__candidate_340,leave_one_view_out__fold01,True,naive_time_sync,physiology_residual,20251002_单01_ACT-8_翼云_J16_12#01__pilot_10035::context_end_0032,0.06917423501422815,0.6460237113254336,False
leave_one_view_out__fold01__candidate_340,leave_one_view_out__fold01,True,naive_time_sync,physiology_residual,20251005_四01_ACT-4_云_J20_22#01__pilot_10033::context_end_0007,0.3876168039740951,2.077303608556739,False
leave_one_view_out__fold01__candidate_340,leave_one_view_out__fold01,True,naive_time_sync,physiology_residual,20251005_四01_ACT-4_云_J20_22#01__pilot_10033::context_end_0008,0.20795350356895073,2.337458745956903,False
leave_one_view_out__fold01__candidate_340,leave_one_view_out__fold01,True,naive_time_sync,physiology_residual,20251005_四01_ACT-4_云_J20_22#01__pilot_10033::context_end_0009,0.2749063275303103,2.3567189437928815,False
leave_one_view_out__fold01__candidate_340,leave_one_view_out__fold01,True,naive_time_sync,physiology_residual,20251005_四01_ACT-4_云_J20_22#01__pilot_10033::context_end_0010,0.2202489853048973,2.5080571801195686,False
leave_one_view_out__fold01__candidate_340,leave_one_view_out__fold01,True,naive_time_sync,physiology_residual,20251005_四01_ACT-4_云_J20_22#01__pilot_10033::context_end_0011,0.21848753613360195,2.1950479673813628,False
leave_one_view_out__fold01__candidate_340,leave_one_view_out__fold01,True,naive_time_sync,physiology_residual,20251005_四01_ACT-4_云_J20_22#01__pilot_10033::context_end_0012,0.12433989494280775,1.318720762193443,False
leave_one_view_out__fold01__candidate_340,leave_one_view_out__fold01,True,naive_time_sync,high_residual_response,20251002_单01_ACT-8_翼云_J16_12#01__pilot_10035::context_end_0027,0.0,0.06587712265139571,False
leave_one_view_out__fold01__candidate_340,leave_one_view_out__fold01,True,naive_time_sync,high_residual_response,20251002_单01_ACT-8_翼云_J16_12#01__pilot_10035::context_end_0028,0.0,0.1049830899435162,False
leave_one_view_out__fold01__candidate_340,leave_one_view_out__fold01,True,naive_time_sync,high_residual_response,20251002_单01_ACT-8_翼云_J16_12#01__pilot_10035::context_end_0029,0.0,0.07561817883804549,False
leave_one_view_out__fold01__candidate_340,leave_one_view_out__fold01,True,naive_time_sync,high_residual_response,20251002_单01_ACT-8_翼云_J16_12#01__pilot_10035::context_end_0030,0.0,0.19744034616934358,False
leave_one_view_out__fold01__candidate_340,leave_one_view_out__fold01,True,naive_time_sync,high_residual_response,20251002_单01_ACT-8_翼云_J16_12#01__pilot_10035::context_end_0031,0.0,0.12002932803650218,False
leave_one_view_out__fold01__candidate_340,leave_one_view_out__fold01,True,naive_time_sync,high_residual_response,20251002_单01_ACT-8_翼云_J16_12#01__pilot_10035::context_end_0032,0.0,0.11636599365546052,False
leave_one_view_out__fold01__candidate_340,leave_one_view_out__fold01,True,naive_time_sync,high_residual_response,20251005_四01_ACT-4_云_J20_22#01__pilot_10033::context_end_0007,0.0,0.8559512217438441,False
leave_one_view_out__fold01__candidate_340,leave_one_view_out__fold01,True,naive_time_sync,high_residual_response,20251005_四01_ACT-4_云_J20_22#01__pilot_10033::context_end_0008,0.0,0.9150137997386842,False
leave_one_view_out__fold01__candidate_340,leave_one_view_out__fold01,True,naive_time_sync,high_residual_response,20251005_四01_ACT-4_云_J20_22#01__pilot_10033::context_end_0009,0.0,0.9366941536518019,False
leave_one_view_out__fold01__candidate_340,leave_one_view_out__fold01,True,naive_time_sync,high_residual_response,20251005_四01_ACT-4_云_J20_22#01__pilot_10033::context_end_0010,0.0,0.9601591473374983,False
leave_one_view_out__fold01__candidate_340,leave_one_view_out__fold01,True,naive_time_sync,high_residual_response,20251005_四01_ACT-4_云_J20_22#01__pilot_10033::context_end_0011,0.0,0.942575791296933,False
leave_one_view_out__fold01__candidate_340,leave_one_view_out__fold01,True,naive_time_sync,high_residual_response,20251005_四01_ACT-4_云_J20_22#01__pilot_10033::context_end_0012,0.0,0.2019588067115424,False
leave_one_view_out__fold01__candidate_340,leave_one_view_out__fold01,True,mult,future_maneuver_score,20251002_单01_ACT-8_翼云_J16_12#01__pilot_10035::context_end_0027,2.700327871927127,-3.278723049023971,False
leave_one_view_out__fold01__candidate_340,leave_one_view_out__fold01,True,mult,future_maneuver_score,20251002_单01_ACT-8_翼云_J16_12#01__pilot_10035::context_end_0028,4.493803509446074,-3.2475124666089243,False
leave_one_view_out__fold01__candidate_340,leave_one_view_out__fold01,True,mult,future_maneuver_score,20251002_单01_ACT-8_翼云_J16_12#01__pilot_10035::context_end_0029,3.0830258791239,-3.662376426137766,False
leave_one_view_out__fold01__candidate_340,leave_one_view_out__fold01,True,mult,future_maneuver_score,20251002_单01_ACT-8_翼云_J16_12#01__pilot_10035::context_end_0030,1.7617771477107411,-3.9560704830898867,False
leave_one_view_out__fold01__candidate_340,leave_one_view_out__fold01,True,mult,future_maneuver_score,20251002_单01_ACT-8_翼云_J16_12#01__pilot_10035::context_end_0031,0.9779078380832957,-3.6997418807972293,False
leave_one_view_out__fold01__candidate_340,leave_one_view_out__fold01,True,mult,future_maneuver_score,20251002_单01_ACT-8_翼云_J16_12#01__pilot_10035::context_end_0032,1.3316190295272416,-3.907107597947866,False
leave_one_view_out__fold01__candidate_340,leave_one_view_out__fold01,True,mult,future_maneuver_score,20251005_四01_ACT-4_云_J20_22#01__pilot_10033::context_end_0007,0.2907199861029491,-0.7955517586860079,False
leave_one_view_out__fold01__candidate_340,leave_one_view_out__fold01,True,mult,future_maneuver_score,20251005_四01_ACT-4_云_J20_22#01__pilot_10033::context_end_0008,1.423986505801689,-1.972375218941462,False
leave_one_view_out__fold01__candidate_340,leave_one_view_out__fold01,True,mult,future_maneuver_score,20251005_四01_ACT-4_云_J20_22#01__pilot_10033::context_end_0009,0.5577109062804584,-1.0647476051507734,False
leave_one_view_out__fold01__candidate_340,leave_one_view_out__fold01,True,mult,future_maneuver_score,20251005_四01_ACT-4_云_J20_22#01__pilot_10033::context_end_0010,0.49800903919909767,-0.22006251097101726,False
leave_one_view_out__fold01__candidate_340,leave_one_view_out__fold01,True,mult,future_maneuver_score,20251005_四01_ACT-4_云_J20_22#01__pilot_10033::context_end_0011,0.18254937391955883,0.575024494766665,False
leave_one_view_out__fold01__candidate_340,leave_one_view_out__fold01,True,mult,future_maneuver_score,20251005_四01_ACT-4_云_J20_22#01__pilot_10033::context_end_0012,0.2096205121860583,1.376980209442279,False
leave_one_view_out__fold01__candidate_340,leave_one_view_out__fold01,True,mult,future_maneuver_trend,20251002_单01_ACT-8_翼云_J16_12#01__pilot_10035::context_end_0027,2.0,0.0,False
leave_one_view_out__fold01__candidate_340,leave_one_view_out__fold01,True,mult,future_maneuver_trend,20251002_单01_ACT-8_翼云_J16_12#01__pilot_10035::context_end_0028,2.0,0.0,False
leave_one_view_out__fold01__candidate_340,leave_one_view_out__fold01,True,mult,future_maneuver_trend,20251002_单01_ACT-8_翼云_J16_12#01__pilot_10035::context_end_0029,0.0,0.0,False
leave_one_view_out__fold01__candidate_340,leave_one_view_out__fold01,True,mult,future_maneuver_trend,20251002_单01_ACT-8_翼云_J16_12#01__pilot_10035::context_end_0030,0.0,0.0,False
leave_one_view_out__fold01__candidate_340,leave_one_view_out__fold01,True,mult,future_maneuver_trend,20251002_单01_ACT-8_翼云_J16_12#01__pilot_10035::context_end_0031,0.0,0.0,False
leave_one_view_out__fold01__candidate_340,leave_one_view_out__fold01,True,mult,future_maneuver_trend,20251002_单01_ACT-8_翼云_J16_12#01__pilot_10035::context_end_0032,2.0,0.0,False
leave_one_view_out__fold01__candidate_340,leave_one_view_out__fold01,True,mult,future_maneuver_trend,20251005_四01_ACT-4_云_J20_22#01__pilot_10033::context_end_0007,1.0,1.0,False
leave_one_view_out__fold01__candidate_340,leave_one_view_out__fold01,True,mult,future_maneuver_trend,20251005_四01_ACT-4_云_J20_22#01__pilot_10033::context_end_0008,2.0,1.0,False
leave_one_view_out__fold01__candidate_340,leave_one_view_out__fold01,True,mult,future_maneuver_trend,20251005_四01_ACT-4_云_J20_22#01__pilot_10033::context_end_0009,0.0,1.0,False
leave_one_view_out__fold01__candidate_340,leave_one_view_out__fold01,True,mult,future_maneuver_trend,20251005_四01_ACT-4_云_J20_22#01__pilot_10033::context_end_0010,1.0,1.0,False
leave_one_view_out__fold01__candidate_340,leave_one_view_out__fold01,True,mult,future_maneuver_trend,20251005_四01_ACT-4_云_J20_22#01__pilot_10033::context_end_0011,0.0,1.0,False
leave_one_view_out__fold01__candidate_340,leave_one_view_out__fold01,True,mult,future_maneuver_trend,20251005_四01_ACT-4_云_J20_22#01__pilot_10033::context_end_0012,1.0,1.0,False
leave_one_view_out__fold01__candidate_340,leave_one_view_out__fold01,True,mult,physiology_residual,20251002_单01_ACT-8_翼云_J16_12#01__pilot_10035::context_end_0027,0.0999379705436492,1.0064920795495524,False
leave_one_view_out__fold01__candidate_340,leave_one_view_out__fold01,True,mult,physiology_residual,20251002_单01_ACT-8_翼云_J16_12#01__pilot_10035::context_end_0028,0.053532769049595065,1.139668926361163,False
leave_one_view_out__fold01__candidate_340,leave_one_view_out__fold01,True,mult,physiology_residual,20251002_单01_ACT-8_翼云_J16_12#01__pilot_10035::context_end_0029,0.06477289883653864,1.1450951349474328,False
leave_one_view_out__fold01__candidate_340,leave_one_view_out__fold01,True,mult,physiology_residual,20251002_单01_ACT-8_翼云_J16_12#01__pilot_10035::context_end_0030,0.06098732839842309,0.9965739301356161,False
leave_one_view_out__fold01__candidate_340,leave_one_view_out__fold01,True,mult,physiology_residual,20251002_单01_ACT-8_翼云_J16_12#01__pilot_10035::context_end_0031,0.09895767607771075,1.0184666051001112,False
leave_one_view_out__fold01__candidate_340,leave_one_view_out__fold01,True,mult,physiology_residual,20251002_单01_ACT-8_翼云_J16_12#01__pilot_10035::context_end_0032,0.06917423501422815,1.0004247391671153,False
leave_one_view_out__fold01__candidate_340,leave_one_view_out__fold01,True,mult,physiology_residual,20251005_四01_ACT-4_云_J20_22#01__pilot_10033::context_end_0007,0.3876168039740951,-0.8070132705945882,False
leave_one_view_out__fold01__candidate_340,leave_one_view_out__fold01,True,mult,physiology_residual,20251005_四01_ACT-4_云_J20_22#01__pilot_10033::context_end_0008,0.20795350356895073,-0.6968275615823231,False
leave_one_view_out__fold01__candidate_340,leave_one_view_out__fold01,True,mult,physiology_residual,20251005_四01_ACT-4_云_J20_22#01__pilot_10033::context_end_0009,0.2749063275303103,-0.4342157006368569,False
leave_one_view_out__fold01__candidate_340,leave_one_view_out__fold01,True,mult,physiology_residual,20251005_四01_ACT-4_云_J20_22#01__pilot_10033::context_end_0010,0.2202489853048973,-0.46413850636259857,False
leave_one_view_out__fold01__candidate_340,leave_one_view_out__fold01,True,mult,physiology_residual,20251005_四01_ACT-4_云_J20_22#01__pilot_10033::context_end_0011,0.21848753613360195,-0.2137775889767325,False
leave_one_view_out__fold01__candidate_340,leave_one_view_out__fold01,True,mult,physiology_residual,20251005_四01_ACT-4_云_J20_22#01__pilot_10033::context_end_0012,0.12433989494280775,-0.08496860086565505,False
leave_one_view_out__fold01__candidate_340,leave_one_view_out__fold01,True,mult,high_residual_response,20251002_单01_ACT-8_翼云_J16_12#01__pilot_10035::context_end_0027,0.0,0.8319986603906828,False
leave_one_view_out__fold01__candidate_340,leave_one_view_out__fold01,True,mult,high_residual_response,20251002_单01_ACT-8_翼云_J16_12#01__pilot_10035::context_end_0028,0.0,0.893779129492259,False
leave_one_view_out__fold01__candidate_340,leave_one_view_out__fold01,True,mult,high_residual_response,20251002_单01_ACT-8_翼云_J16_12#01__pilot_10035::context_end_0029,0.0,0.9143161039358675,False
leave_one_view_out__fold01__candidate_340,leave_one_view_out__fold01,True,mult,high_residual_response,20251002_单01_ACT-8_翼云_J16_12#01__pilot_10035::context_end_0030,0.0,0.8703710528980952,False
leave_one_view_out__fold01__candidate_340,leave_one_view_out__fold01,True,mult,high_residual_response,20251002_单01_ACT-8_翼云_J16_12#01__pilot_10035::context_end_0031,0.0,0.862023280053449,False
leave_one_view_out__fold01__candidate_340,leave_one_view_out__fold01,True,mult,high_residual_response,20251002_单01_ACT-8_翼云_J16_12#01__pilot_10035::context_end_0032,0.0,0.8672951432520327,False
leave_one_view_out__fold01__candidate_340,leave_one_view_out__fold01,True,mult,high_residual_response,20251005_四01_ACT-4_云_J20_22#01__pilot_10033::context_end_0007,0.0,1.3171986132064355e-05,False
leave_one_view_out__fold01__candidate_340,leave_one_view_out__fold01,True,mult,high_residual_response,20251005_四01_ACT-4_云_J20_22#01__pilot_10033::context_end_0008,0.0,1.6468921465543014e-05,False
leave_one_view_out__fold01__candidate_340,leave_one_view_out__fold01,True,mult,high_residual_response,20251005_四01_ACT-4_云_J20_22#01__pilot_10033::context_end_0009,0.0,5.642173310569833e-05,False
leave_one_view_out__fold01__candidate_340,leave_one_view_out__fold01,True,mult,high_residual_response,20251005_四01_ACT-4_云_J20_22#01__pilot_10033::context_end_0010,0.0,8.342903259142782e-05,False
leave_one_view_out__fold01__candidate_340,leave_one_view_out__fold01,True,mult,high_residual_response,20251005_四01_ACT-4_云_J20_22#01__pilot_10033::context_end_0011,0.0,0.0004373004399829517,False
leave_one_view_out__fold01__candidate_340,leave_one_view_out__fold01,True,mult,high_residual_response,20251005_四01_ACT-4_云_J20_22#01__pilot_10033::context_end_0012,0.0,0.0009348859159161601,False
leave_one_view_out__fold01__candidate_340,leave_one_view_out__fold01,True,contiformer,future_maneuver_score,20251002_单01_ACT-8_翼云_J16_12#01__pilot_10035::context_end_0027,2.700327871927127,1.819186644088723,False
leave_one_view_out__fold01__candidate_340,leave_one_view_out__fold01,True,contiformer,future_maneuver_score,20251002_单01_ACT-8_翼云_J16_12#01__pilot_10035::context_end_0028,4.493803509446074,2.084901554528306,False
leave_one_view_out__fold01__candidate_340,leave_one_view_out__fold01,True,contiformer,future_maneuver_score,20251002_单01_ACT-8_翼云_J16_12#01__pilot_10035::context_end_0029,3.0830258791239,1.8848871347560527,False
leave_one_view_out__fold01__candidate_340,leave_one_view_out__fold01,True,contiformer,future_maneuver_score,20251002_单01_ACT-8_翼云_J16_12#01__pilot_10035::context_end_0030,1.7617771477107411,1.680907396572859,False
leave_one_view_out__fold01__candidate_340,leave_one_view_out__fold01,True,contiformer,future_maneuver_score,20251002_单01_ACT-8_翼云_J16_12#01__pilot_10035::context_end_0031,0.9779078380832957,1.9667588133752933,False
leave_one_view_out__fold01__candidate_340,leave_one_view_out__fold01,True,contiformer,future_maneuver_score,20251002_单01_ACT-8_翼云_J16_12#01__pilot_10035::context_end_0032,1.3316190295272416,1.5586018087948923,False
leave_one_view_out__fold01__candidate_340,leave_one_view_out__fold01,True,contiformer,future_maneuver_score,20251005_四01_ACT-4_云_J20_22#01__pilot_10033::context_end_0007,0.2907199861029491,0.8741970029132273,False
leave_one_view_out__fold01__candidate_340,leave_one_view_out__fold01,True,contiformer,future_maneuver_score,20251005_四01_ACT-4_云_J20_22#01__pilot_10033::context_end_0008,1.423986505801689,0.3376070304763785,False
leave_one_view_out__fold01__candidate_340,leave_one_view_out__fold01,True,contiformer,future_maneuver_score,20251005_四01_ACT-4_云_J20_22#01__pilot_10033::context_end_0009,0.5577109062804584,0.38600696280154734,False
leave_one_view_out__fold01__candidate_340,leave_one_view_out__fold01,True,contiformer,future_maneuver_score,20251005_四01_ACT-4_云_J20_22#01__pilot_10033::context_end_0010,0.49800903919909767,-0.48915426411759455,False
leave_one_view_out__fold01__candidate_340,leave_one_view_out__fold01,True,contiformer,future_maneuver_score,20251005_四01_ACT-4_云_J20_22#01__pilot_10033::context_end_0011,0.18254937391955883,0.10485595205946363,False
leave_one_view_out__fold01__candidate_340,leave_one_view_out__fold01,True,contiformer,future_maneuver_score,20251005_四01_ACT-4_云_J20_22#01__pilot_10033::context_end_0012,0.2096205121860583,-0.4458955010271892,False
leave_one_view_out__fold01__candidate_340,leave_one_view_out__fold01,True,contiformer,future_maneuver_trend,20251002_单01_ACT-8_翼云_J16_12#01__pilot_10035::context_end_0027,2.0,2.0,False
leave_one_view_out__fold01__candidate_340,leave_one_view_out__fold01,True,contiformer,future_maneuver_trend,20251002_单01_ACT-8_翼云_J16_12#01__pilot_10035::context_end_0028,2.0,2.0,False
leave_one_view_out__fold01__candidate_340,leave_one_view_out__fold01,True,contiformer,future_maneuver_trend,20251002_单01_ACT-8_翼云_J16_12#01__pilot_10035::context_end_0029,0.0,0.0,False
leave_one_view_out__fold01__candidate_340,leave_one_view_out__fold01,True,contiformer,future_maneuver_trend,20251002_单01_ACT-8_翼云_J16_12#01__pilot_10035::context_end_0030,0.0,0.0,False
leave_one_view_out__fold01__candidate_340,leave_one_view_out__fold01,True,contiformer,future_maneuver_trend,20251002_单01_ACT-8_翼云_J16_12#01__pilot_10035::context_end_0031,0.0,0.0,False
leave_one_view_out__fold01__candidate_340,leave_one_view_out__fold01,True,contiformer,future_maneuver_trend,20251002_单01_ACT-8_翼云_J16_12#01__pilot_10035::context_end_0032,2.0,0.0,False
leave_one_view_out__fold01__candidate_340,leave_one_view_out__fold01,True,contiformer,future_maneuver_trend,20251005_四01_ACT-4_云_J20_22#01__pilot_10033::context_end_0007,1.0,2.0,False
leave_one_view_out__fold01__candidate_340,leave_one_view_out__fold01,True,contiformer,future_maneuver_trend,20251005_四01_ACT-4_云_J20_22#01__pilot_10033::context_end_0008,2.0,1.0,False
leave_one_view_out__fold01__candidate_340,leave_one_view_out__fold01,True,contiformer,future_maneuver_trend,20251005_四01_ACT-4_云_J20_22#01__pilot_10033::context_end_0009,0.0,1.0,False
leave_one_view_out__fold01__candidate_340,leave_one_view_out__fold01,True,contiformer,future_maneuver_trend,20251005_四01_ACT-4_云_J20_22#01__pilot_10033::context_end_0010,1.0,1.0,False
leave_one_view_out__fold01__candidate_340,leave_one_view_out__fold01,True,contiformer,future_maneuver_trend,20251005_四01_ACT-4_云_J20_22#01__pilot_10033::context_end_0011,0.0,1.0,False
leave_one_view_out__fold01__candidate_340,leave_one_view_out__fold01,True,contiformer,future_maneuver_trend,20251005_四01_ACT-4_云_J20_22#01__pilot_10033::context_end_0012,1.0,1.0,False
leave_one_view_out__fold01__candidate_340,leave_one_view_out__fold01,True,contiformer,physiology_residual,20251002_单01_ACT-8_翼云_J16_12#01__pilot_10035::context_end_0027,0.0999379705436492,0.4142444006488044,False
leave_one_view_out__fold01__candidate_340,leave_one_view_out__fold01,True,contiformer,physiology_residual,20251002_单01_ACT-8_翼云_J16_12#01__pilot_10035::context_end_0028,0.053532769049595065,0.23598295199350844,False
leave_one_view_out__fold01__candidate_340,leave_one_view_out__fold01,True,contiformer,physiology_residual,20251002_单01_ACT-8_翼云_J16_12#01__pilot_10035::context_end_0029,0.06477289883653864,0.19853633217008876,False
leave_one_view_out__fold01__candidate_340,leave_one_view_out__fold01,True,contiformer,physiology_residual,20251002_单01_ACT-8_翼云_J16_12#01__pilot_10035::context_end_0030,0.06098732839842309,0.37525773601524004,False
leave_one_view_out__fold01__candidate_340,leave_one_view_out__fold01,True,contiformer,physiology_residual,20251002_单01_ACT-8_翼云_J16_12#01__pilot_10035::context_end_0031,0.09895767607771075,0.4755971053223792,False
leave_one_view_out__fold01__candidate_340,leave_one_view_out__fold01,True,contiformer,physiology_residual,20251002_单01_ACT-8_翼云_J16_12#01__pilot_10035::context_end_0032,0.06917423501422815,0.6099083547163632,False
leave_one_view_out__fold01__candidate_340,leave_one_view_out__fold01,True,contiformer,physiology_residual,20251005_四01_ACT-4_云_J20_22#01__pilot_10033::context_end_0007,0.3876168039740951,1.776563234933564,False
leave_one_view_out__fold01__candidate_340,leave_one_view_out__fold01,True,contiformer,physiology_residual,20251005_四01_ACT-4_云_J20_22#01__pilot_10033::context_end_0008,0.20795350356895073,2.9018313815808945,False
leave_one_view_out__fold01__candidate_340,leave_one_view_out__fold01,True,contiformer,physiology_residual,20251005_四01_ACT-4_云_J20_22#01__pilot_10033::context_end_0009,0.2749063275303103,2.563433844512057,False
leave_one_view_out__fold01__candidate_340,leave_one_view_out__fold01,True,contiformer,physiology_residual,20251005_四01_ACT-4_云_J20_22#01__pilot_10033::context_end_0010,0.2202489853048973,3.2575403574133857,False
leave_one_view_out__fold01__candidate_340,leave_one_view_out__fold01,True,contiformer,physiology_residual,20251005_四01_ACT-4_云_J20_22#01__pilot_10033::context_end_0011,0.21848753613360195,2.759550725644892,False
leave_one_view_out__fold01__candidate_340,leave_one_view_out__fold01,True,contiformer,physiology_residual,20251005_四01_ACT-4_云_J20_22#01__pilot_10033::context_end_0012,0.12433989494280775,2.737935089719114,False
leave_one_view_out__fold01__candidate_340,leave_one_view_out__fold01,True,contiformer,high_residual_response,20251002_单01_ACT-8_翼云_J16_12#01__pilot_10035::context_end_0027,0.0,0.13069292901143603,False
leave_one_view_out__fold01__candidate_340,leave_one_view_out__fold01,True,contiformer,high_residual_response,20251002_单01_ACT-8_翼云_J16_12#01__pilot_10035::context_end_0028,0.0,0.012437701878513745,False
leave_one_view_out__fold01__candidate_340,leave_one_view_out__fold01,True,contiformer,high_residual_response,20251002_单01_ACT-8_翼云_J16_12#01__pilot_10035::context_end_0029,0.0,0.014550205751490337,False
leave_one_view_out__fold01__candidate_340,leave_one_view_out__fold01,True,contiformer,high_residual_response,20251002_单01_ACT-8_翼云_J16_12#01__pilot_10035::context_end_0030,0.0,0.041923795087618336,False
leave_one_view_out__fold01__candidate_340,leave_one_view_out__fold01,True,contiformer,high_residual_response,20251002_单01_ACT-8_翼云_J16_12#01__pilot_10035::context_end_0031,0.0,0.03291538931302377,False
leave_one_view_out__fold01__candidate_340,leave_one_view_out__fold01,True,contiformer,high_residual_response,20251002_单01_ACT-8_翼云_J16_12#01__pilot_10035::context_end_0032,0.0,0.0853095621192198,False
leave_one_view_out__fold01__candidate_340,leave_one_view_out__fold01,True,contiformer,high_residual_response,20251005_四01_ACT-4_云_J20_22#01__pilot_10033::context_end_0007,0.0,0.9909174124172903,False
leave_one_view_out__fold01__candidate_340,leave_one_view_out__fold01,True,contiformer,high_residual_response,20251005_四01_ACT-4_云_J20_22#01__pilot_10033::context_end_0008,0.0,0.9999570346761772,False
leave_one_view_out__fold01__candidate_340,leave_one_view_out__fold01,True,contiformer,high_residual_response,20251005_四01_ACT-4_云_J20_22#01__pilot_10033::context_end_0009,0.0,0.9997115776975712,False
leave_one_view_out__fold01__candidate_340,leave_one_view_out__fold01,True,contiformer,high_residual_response,20251005_四01_ACT-4_云_J20_22#01__pilot_10033::context_end_0010,0.0,0.9999853783258252,False
leave_one_view_out__fold01__candidate_340,leave_one_view_out__fold01,True,contiformer,high_residual_response,20251005_四01_ACT-4_云_J20_22#01__pilot_10033::context_end_0011,0.0,0.999944007692962,False
leave_one_view_out__fold01__candidate_340,leave_one_view_out__fold01,True,contiformer,high_residual_response,20251005_四01_ACT-4_云_J20_22#01__pilot_10033::context_end_0012,0.0,0.9999368848761206,False
leave_one_view_out__fold01__candidate_340,leave_one_view_out__fold01,True,chronaris,future_maneuver_score,20251002_单01_ACT-8_翼云_J16_12#01__pilot_10035::context_end_0027,2.700327871927127,-2.52631708284338,False
leave_one_view_out__fold01__candidate_340,leave_one_view_out__fold01,True,chronaris,future_maneuver_score,20251002_单01_ACT-8_翼云_J16_12#01__pilot_10035::context_end_0028,4.493803509446074,-2.7142356922146,False
leave_one_view_out__fold01__candidate_340,leave_one_view_out__fold01,True,chronaris,future_maneuver_score,20251002_单01_ACT-8_翼云_J16_12#01__pilot_10035::context_end_0029,3.0830258791239,-2.787979434190051,False
leave_one_view_out__fold01__candidate_340,leave_one_view_out__fold01,True,chronaris,future_maneuver_score,20251002_单01_ACT-8_翼云_J16_12#01__pilot_10035::context_end_0030,1.7617771477107411,-2.675390418054307,False
leave_one_view_out__fold01__candidate_340,leave_one_view_out__fold01,True,chronaris,future_maneuver_score,20251002_单01_ACT-8_翼云_J16_12#01__pilot_10035::context_end_0031,0.9779078380832957,-2.6398148246509257,False
leave_one_view_out__fold01__candidate_340,leave_one_view_out__fold01,True,chronaris,future_maneuver_score,20251002_单01_ACT-8_翼云_J16_12#01__pilot_10035::context_end_0032,1.3316190295272416,-2.3475470005863555,False
leave_one_view_out__fold01__candidate_340,leave_one_view_out__fold01,True,chronaris,future_maneuver_score,20251005_四01_ACT-4_云_J20_22#01__pilot_10033::context_end_0007,0.2907199861029491,0.7259258201786827,False
leave_one_view_out__fold01__candidate_340,leave_one_view_out__fold01,True,chronaris,future_maneuver_score,20251005_四01_ACT-4_云_J20_22#01__pilot_10033::context_end_0008,1.423986505801689,0.25881003620561827,False
leave_one_view_out__fold01__candidate_340,leave_one_view_out__fold01,True,chronaris,future_maneuver_score,20251005_四01_ACT-4_云_J20_22#01__pilot_10033::context_end_0009,0.5577109062804584,-0.03307409147351259,False
leave_one_view_out__fold01__candidate_340,leave_one_view_out__fold01,True,chronaris,future_maneuver_score,20251005_四01_ACT-4_云_J20_22#01__pilot_10033::context_end_0010,0.49800903919909767,0.25897239940490857,False
leave_one_view_out__fold01__candidate_340,leave_one_view_out__fold01,True,chronaris,future_maneuver_score,20251005_四01_ACT-4_云_J20_22#01__pilot_10033::context_end_0011,0.18254937391955883,0.2972451488451745,False
leave_one_view_out__fold01__candidate_340,leave_one_view_out__fold01,True,chronaris,future_maneuver_score,20251005_四01_ACT-4_云_J20_22#01__pilot_10033::context_end_0012,0.2096205121860583,0.568590956188225,False
leave_one_view_out__fold01__candidate_340,leave_one_view_out__fold01,True,chronaris,future_maneuver_trend,20251002_单01_ACT-8_翼云_J16_12#01__pilot_10035::context_end_0027,2.0,0.0,False
leave_one_view_out__fold01__candidate_340,leave_one_view_out__fold01,True,chronaris,future_maneuver_trend,20251002_单01_ACT-8_翼云_J16_12#01__pilot_10035::context_end_0028,2.0,0.0,False
leave_one_view_out__fold01__candidate_340,leave_one_view_out__fold01,True,chronaris,future_maneuver_trend,20251002_单01_ACT-8_翼云_J16_12#01__pilot_10035::context_end_0029,0.0,0.0,False
leave_one_view_out__fold01__candidate_340,leave_one_view_out__fold01,True,chronaris,future_maneuver_trend,20251002_单01_ACT-8_翼云_J16_12#01__pilot_10035::context_end_0030,0.0,0.0,False
leave_one_view_out__fold01__candidate_340,leave_one_view_out__fold01,True,chronaris,future_maneuver_trend,20251002_单01_ACT-8_翼云_J16_12#01__pilot_10035::context_end_0031,0.0,0.0,False
leave_one_view_out__fold01__candidate_340,leave_one_view_out__fold01,True,chronaris,future_maneuver_trend,20251002_单01_ACT-8_翼云_J16_12#01__pilot_10035::context_end_0032,2.0,0.0,False
leave_one_view_out__fold01__candidate_340,leave_one_view_out__fold01,True,chronaris,future_maneuver_trend,20251005_四01_ACT-4_云_J20_22#01__pilot_10033::context_end_0007,1.0,2.0,False
leave_one_view_out__fold01__candidate_340,leave_one_view_out__fold01,True,chronaris,future_maneuver_trend,20251005_四01_ACT-4_云_J20_22#01__pilot_10033::context_end_0008,2.0,2.0,False
leave_one_view_out__fold01__candidate_340,leave_one_view_out__fold01,True,chronaris,future_maneuver_trend,20251005_四01_ACT-4_云_J20_22#01__pilot_10033::context_end_0009,0.0,2.0,False
leave_one_view_out__fold01__candidate_340,leave_one_view_out__fold01,True,chronaris,future_maneuver_trend,20251005_四01_ACT-4_云_J20_22#01__pilot_10033::context_end_0010,1.0,2.0,False
leave_one_view_out__fold01__candidate_340,leave_one_view_out__fold01,True,chronaris,future_maneuver_trend,20251005_四01_ACT-4_云_J20_22#01__pilot_10033::context_end_0011,0.0,2.0,False
leave_one_view_out__fold01__candidate_340,leave_one_view_out__fold01,True,chronaris,future_maneuver_trend,20251005_四01_ACT-4_云_J20_22#01__pilot_10033::context_end_0012,1.0,2.0,False
leave_one_view_out__fold01__candidate_340,leave_one_view_out__fold01,True,chronaris,physiology_residual,20251002_单01_ACT-8_翼云_J16_12#01__pilot_10035::context_end_0027,0.0999379705436492,1.3745424091110579,False
leave_one_view_out__fold01__candidate_340,leave_one_view_out__fold01,True,chronaris,physiology_residual,20251002_单01_ACT-8_翼云_J16_12#01__pilot_10035::context_end_0028,0.053532769049595065,1.2953370532206616,False
leave_one_view_out__fold01__candidate_340,leave_one_view_out__fold01,True,chronaris,physiology_residual,20251002_单01_ACT-8_翼云_J16_12#01__pilot_10035::context_end_0029,0.06477289883653864,1.350385508041372,False
leave_one_view_out__fold01__candidate_340,leave_one_view_out__fold01,True,chronaris,physiology_residual,20251002_单01_ACT-8_翼云_J16_12#01__pilot_10035::context_end_0030,0.06098732839842309,1.2378726157566982,False
leave_one_view_out__fold01__candidate_340,leave_one_view_out__fold01,True,chronaris,physiology_residual,20251002_单01_ACT-8_翼云_J16_12#01__pilot_10035::context_end_0031,0.09895767607771075,1.2445859080340989,False
leave_one_view_out__fold01__candidate_340,leave_one_view_out__fold01,True,chronaris,physiology_residual,20251002_单01_ACT-8_翼云_J16_12#01__pilot_10035::context_end_0032,0.06917423501422815,1.2246432497771553,False
leave_one_view_out__fold01__candidate_340,leave_one_view_out__fold01,True,chronaris,physiology_residual,20251005_四01_ACT-4_云_J20_22#01__pilot_10033::context_end_0007,0.3876168039740951,-1.292777003182045,False
leave_one_view_out__fold01__candidate_340,leave_one_view_out__fold01,True,chronaris,physiology_residual,20251005_四01_ACT-4_云_J20_22#01__pilot_10033::context_end_0008,0.20795350356895073,-0.9552763102781573,False
leave_one_view_out__fold01__candidate_340,leave_one_view_out__fold01,True,chronaris,physiology_residual,20251005_四01_ACT-4_云_J20_22#01__pilot_10033::context_end_0009,0.2749063275303103,-0.6864066938323546,False
leave_one_view_out__fold01__candidate_340,leave_one_view_out__fold01,True,chronaris,physiology_residual,20251005_四01_ACT-4_云_J20_22#01__pilot_10033::context_end_0010,0.2202489853048973,-0.8658950018700223,False
leave_one_view_out__fold01__candidate_340,leave_one_view_out__fold01,True,chronaris,physiology_residual,20251005_四01_ACT-4_云_J20_22#01__pilot_10033::context_end_0011,0.21848753613360195,-0.8385201961849705,False
leave_one_view_out__fold01__candidate_340,leave_one_view_out__fold01,True,chronaris,physiology_residual,20251005_四01_ACT-4_云_J20_22#01__pilot_10033::context_end_0012,0.12433989494280775,-0.815902074703594,False
leave_one_view_out__fold01__candidate_340,leave_one_view_out__fold01,True,chronaris,high_residual_response,20251002_单01_ACT-8_翼云_J16_12#01__pilot_10035::context_end_0027,0.0,0.9903912951262684,False
leave_one_view_out__fold01__candidate_340,leave_one_view_out__fold01,True,chronaris,high_residual_response,20251002_单01_ACT-8_翼云_J16_12#01__pilot_10035::context_end_0028,0.0,0.9894011390285093,False
leave_one_view_out__fold01__candidate_340,leave_one_view_out__fold01,True,chronaris,high_residual_response,20251002_单01_ACT-8_翼云_J16_12#01__pilot_10035::context_end_0029,0.0,0.993626494314615,False
leave_one_view_out__fold01__candidate_340,leave_one_view_out__fold01,True,chronaris,high_residual_response,20251002_单01_ACT-8_翼云_J16_12#01__pilot_10035::context_end_0030,0.0,0.9908500960959564,False
leave_one_view_out__fold01__candidate_340,leave_one_view_out__fold01,True,chronaris,high_residual_response,20251002_单01_ACT-8_翼云_J16_12#01__pilot_10035::context_end_0031,0.0,0.9912449591898999,False
leave_one_view_out__fold01__candidate_340,leave_one_view_out__fold01,True,chronaris,high_residual_response,20251002_单01_ACT-8_翼云_J16_12#01__pilot_10035::context_end_0032,0.0,0.989088585816339,False
leave_one_view_out__fold01__candidate_340,leave_one_view_out__fold01,True,chronaris,high_residual_response,20251005_四01_ACT-4_云_J20_22#01__pilot_10033::context_end_0007,0.0,1.5479863986091274e-05,False
leave_one_view_out__fold01__candidate_340,leave_one_view_out__fold01,True,chronaris,high_residual_response,20251005_四01_ACT-4_云_J20_22#01__pilot_10033::context_end_0008,0.0,9.052309528867737e-05,False
leave_one_view_out__fold01__candidate_340,leave_one_view_out__fold01,True,chronaris,high_residual_response,20251005_四01_ACT-4_云_J20_22#01__pilot_10033::context_end_0009,0.0,0.00027676712108737486,False
leave_one_view_out__fold01__candidate_340,leave_one_view_out__fold01,True,chronaris,high_residual_response,20251005_四01_ACT-4_云_J20_22#01__pilot_10033::context_end_0010,0.0,0.00019829342532704002,False
leave_one_view_out__fold01__candidate_340,leave_one_view_out__fold01,True,chronaris,high_residual_response,20251005_四01_ACT-4_云_J20_22#01__pilot_10033::context_end_0011,0.0,0.0002489331356694349,False
leave_one_view_out__fold01__candidate_340,leave_one_view_out__fold01,True,chronaris,high_residual_response,20251005_四01_ACT-4_云_J20_22#01__pilot_10033::context_end_0012,0.0,0.0002647297514937997,False
leave_one_view_out__fold01__candidate_327,leave_one_view_out__fold01,True,physiology_only,future_maneuver_score,20251002_单01_ACT-8_翼云_J16_12#01__pilot_10035::context_end_0025,0.09949934710896093,-1.2041171652929483,False
leave_one_view_out__fold01__candidate_327,leave_one_view_out__fold01,True,physiology_only,future_maneuver_score,20251002_单01_ACT-8_翼云_J16_12#01__pilot_10035::context_end_0026,0.3835515389151636,-2.0908757264252515,False
leave_one_view_out__fold01__candidate_327,leave_one_view_out__fold01,True,physiology_only,future_maneuver_score,20251002_单01_ACT-8_翼云_J16_12#01__pilot_10035::context_end_0027,2.626644545815745,-2.0824060093659917,False
leave_one_view_out__fold01__candidate_327,leave_one_view_out__fold01,True,physiology_only,future_maneuver_score,20251002_单01_ACT-8_翼云_J16_12#01__pilot_10035::context_end_0028,4.401810181608908,-2.6395602197672243,False
leave_one_view_out__fold01__candidate_327,leave_one_view_out__fold01,True,physiology_only,future_maneuver_score,20251002_单01_ACT-8_翼云_J16_12#01__pilot_10035::context_end_0029,2.8856970383975575,-2.9436303586671997,False
leave_one_view_out__fold01__candidate_327,leave_one_view_out__fold01,True,physiology_only,future_maneuver_score,20251002_单01_ACT-8_翼云_J16_12#01__pilot_10035::context_end_0030,1.3619791505216832,-2.805478732036614,False
leave_one_view_out__fold01__candidate_327,leave_one_view_out__fold01,True,physiology_only,future_maneuver_score,20251005_四01_ACT-4_云_J20_22#01__pilot_10033::context_end_0007,0.35032163084871737,7.427555440352742,False
leave_one_view_out__fold01__candidate_327,leave_one_view_out__fold01,True,physiology_only,future_maneuver_score,20251005_四01_ACT-4_云_J20_22#01__pilot_10033::context_end_0008,1.3982701482046036,8.545100662707153,False
leave_one_view_out__fold01__candidate_327,leave_one_view_out__fold01,True,physiology_only,future_maneuver_score,20251005_四01_ACT-4_云_J20_22#01__pilot_10033::context_end_0009,0.5951436899400111,7.6713979662002245,False
leave_one_view_out__fold01__candidate_327,leave_one_view_out__fold01,True,physiology_only,future_maneuver_score,20251005_四01_ACT-4_云_J20_22#01__pilot_10033::context_end_0010,0.5701773582664613,6.300068286398958,False
leave_one_view_out__fold01__candidate_327,leave_one_view_out__fold01,True,physiology_only,future_maneuver_score,20251005_四01_ACT-4_云_J20_22#01__pilot_10033::context_end_0011,0.2602182580182724,5.1128535662823476,False
leave_one_view_out__fold01__candidate_327,leave_one_view_out__fold01,True,physiology_only,future_maneuver_score,20251005_四01_ACT-4_云_J20_22#01__pilot_10033::context_end_0012,0.2908570409327516,4.633180786973119,False
leave_one_view_out__fold01__candidate_327,leave_one_view_out__fold01,True,physiology_only,future_maneuver_trend,20251002_单01_ACT-8_翼云_J16_12#01__pilot_10035::context_end_0025,0.0,1.0,False
leave_one_view_out__fold01__candidate_327,leave_one_view_out__fold01,True,physiology_only,future_maneuver_trend,20251002_单01_ACT-8_翼云_J16_12#01__pilot_10035::context_end_0026,2.0,1.0,False
leave_one_view_out__fold01__candidate_327,leave_one_view_out__fold01,True,physiology_only,future_maneuver_trend,20251002_单01_ACT-8_翼云_J16_12#01__pilot_10035::context_end_0027,2.0,1.0,False
leave_one_view_out__fold01__candidate_327,leave_one_view_out__fold01,True,physiology_only,future_maneuver_trend,20251002_单01_ACT-8_翼云_J16_12#01__pilot_10035::context_end_0028,2.0,1.0,False
leave_one_view_out__fold01__candidate_327,leave_one_view_out__fold01,True,physiology_only,future_maneuver_trend,20251002_单01_ACT-8_翼云_J16_12#01__pilot_10035::context_end_0029,0.0,1.0,False
leave_one_view_out__fold01__candidate_327,leave_one_view_out__fold01,True,physiology_only,future_maneuver_trend,20251002_单01_ACT-8_翼云_J16_12#01__pilot_10035::context_end_0030,0.0,1.0,False
leave_one_view_out__fold01__candidate_327,leave_one_view_out__fold01,True,physiology_only,future_maneuver_trend,20251005_四01_ACT-4_云_J20_22#01__pilot_10033::context_end_0007,1.0,2.0,False
leave_one_view_out__fold01__candidate_327,leave_one_view_out__fold01,True,physiology_only,future_maneuver_trend,20251005_四01_ACT-4_云_J20_22#01__pilot_10033::context_end_0008,2.0,2.0,False
leave_one_view_out__fold01__candidate_327,leave_one_view_out__fold01,True,physiology_only,future_maneuver_trend,20251005_四01_ACT-4_云_J20_22#01__pilot_10033::context_end_0009,0.0,2.0,False
leave_one_view_out__fold01__candidate_327,leave_one_view_out__fold01,True,physiology_only,future_maneuver_trend,20251005_四01_ACT-4_云_J20_22#01__pilot_10033::context_end_0010,1.0,2.0,False
leave_one_view_out__fold01__candidate_327,leave_one_view_out__fold01,True,physiology_only,future_maneuver_trend,20251005_四01_ACT-4_云_J20_22#01__pilot_10033::context_end_0011,0.0,2.0,False
leave_one_view_out__fold01__candidate_327,leave_one_view_out__fold01,True,physiology_only,future_maneuver_trend,20251005_四01_ACT-4_云_J20_22#01__pilot_10033::context_end_0012,1.0,2.0,False
leave_one_view_out__fold01__candidate_327,leave_one_view_out__fold01,True,physiology_only,physiology_residual,20251002_单01_ACT-8_翼云_J16_12#01__pilot_10035::context_end_0025,0.09029964313334625,1.4170977771802717,False
leave_one_view_out__fold01__candidate_327,leave_one_view_out__fold01,True,physiology_only,physiology_residual,20251002_单01_ACT-8_翼云_J16_12#01__pilot_10035::context_end_0026,0.09795356192378978,1.5039537308878796,False
leave_one_view_out__fold01__candidate_327,leave_one_view_out__fold01,True,physiology_only,physiology_residual,20251002_单01_ACT-8_翼云_J16_12#01__pilot_10035::context_end_0027,0.07806903523756296,1.6800883167461644,False
leave_one_view_out__fold01__candidate_327,leave_one_view_out__fold01,True,physiology_only,physiology_residual,20251002_单01_ACT-8_翼云_J16_12#01__pilot_10035::context_end_0028,0.07422921874460862,1.6492000628777,False
leave_one_view_out__fold01__candidate_327,leave_one_view_out__fold01,True,physiology_only,physiology_residual,20251002_单01_ACT-8_翼云_J16_12#01__pilot_10035::context_end_0029,0.05433990775157441,1.9131358164504761,False
leave_one_view_out__fold01__candidate_327,leave_one_view_out__fold01,True,physiology_only,physiology_residual,20251002_单01_ACT-8_翼云_J16_12#01__pilot_10035::context_end_0030,0.08308128404717431,2.1920725364716693,False
leave_one_view_out__fold01__candidate_327,leave_one_view_out__fold01,True,physiology_only,physiology_residual,20251005_四01_ACT-4_云_J20_22#01__pilot_10033::context_end_0007,0.22550971782914206,1.7961328878394922,False
leave_one_view_out__fold01__candidate_327,leave_one_view_out__fold01,True,physiology_only,physiology_residual,20251005_四01_ACT-4_云_J20_22#01__pilot_10033::context_end_0008,0.2953390035351672,2.582485591968658,False
leave_one_view_out__fold01__candidate_327,leave_one_view_out__fold01,True,physiology_only,physiology_residual,20251005_四01_ACT-4_云_J20_22#01__pilot_10033::context_end_0009,0.2970201299889282,2.2919599177649577,False
leave_one_view_out__fold01__candidate_327,leave_one_view_out__fold01,True,physiology_only,physiology_residual,20251005_四01_ACT-4_云_J20_22#01__pilot_10033::context_end_0010,0.13589187463991095,1.821454352441262,False
leave_one_view_out__fold01__candidate_327,leave_one_view_out__fold01,True,physiology_only,physiology_residual,20251005_四01_ACT-4_云_J20_22#01__pilot_10033::context_end_0011,0.21893610065761063,1.2816641884398114,False
leave_one_view_out__fold01__candidate_327,leave_one_view_out__fold01,True,physiology_only,physiology_residual,20251005_四01_ACT-4_云_J20_22#01__pilot_10033::context_end_0012,0.18416856481538244,0.8967726941946428,False
leave_one_view_out__fold01__candidate_327,leave_one_view_out__fold01,True,physiology_only,high_residual_response,20251002_单01_ACT-8_翼云_J16_12#01__pilot_10035::context_end_0025,0.0,0.9999824243305837,False
leave_one_view_out__fold01__candidate_327,leave_one_view_out__fold01,True,physiology_only,high_residual_response,20251002_单01_ACT-8_翼云_J16_12#01__pilot_10035::context_end_0026,0.0,0.9999469196808324,False
leave_one_view_out__fold01__candidate_327,leave_one_view_out__fold01,True,physiology_only,high_residual_response,20251002_单01_ACT-8_翼云_J16_12#01__pilot_10035::context_end_0027,0.0,0.9999855940390783,False
leave_one_view_out__fold01__candidate_327,leave_one_view_out__fold01,True,physiology_only,high_residual_response,20251002_单01_ACT-8_翼云_J16_12#01__pilot_10035::context_end_0028,0.0,0.9999761561258464,False
leave_one_view_out__fold01__candidate_327,leave_one_view_out__fold01,True,physiology_only,high_residual_response,20251002_单01_ACT-8_翼云_J16_12#01__pilot_10035::context_end_0029,0.0,0.9999914472916276,False
leave_one_view_out__fold01__candidate_327,leave_one_view_out__fold01,True,physiology_only,high_residual_response,20251002_单01_ACT-8_翼云_J16_12#01__pilot_10035::context_end_0030,0.0,0.9999990404656137,False
leave_one_view_out__fold01__candidate_327,leave_one_view_out__fold01,True,physiology_only,high_residual_response,20251005_四01_ACT-4_云_J20_22#01__pilot_10033::context_end_0007,0.0,0.8789131312074,False
leave_one_view_out__fold01__candidate_327,leave_one_view_out__fold01,True,physiology_only,high_residual_response,20251005_四01_ACT-4_云_J20_22#01__pilot_10033::context_end_0008,0.0,0.9013989855537353,False
leave_one_view_out__fold01__candidate_327,leave_one_view_out__fold01,True,physiology_only,high_residual_response,20251005_四01_ACT-4_云_J20_22#01__pilot_10033::context_end_0009,0.0,0.32773464803592844,False
leave_one_view_out__fold01__candidate_327,leave_one_view_out__fold01,True,physiology_only,high_residual_response,20251005_四01_ACT-4_云_J20_22#01__pilot_10033::context_end_0010,0.0,0.012933319046013907,False
leave_one_view_out__fold01__candidate_327,leave_one_view_out__fold01,True,physiology_only,high_residual_response,20251005_四01_ACT-4_云_J20_22#01__pilot_10033::context_end_0011,0.0,0.0008393765304482429,False
leave_one_view_out__fold01__candidate_327,leave_one_view_out__fold01,True,physiology_only,high_residual_response,20251005_四01_ACT-4_云_J20_22#01__pilot_10033::context_end_0012,0.0,0.00016685572968404,False
leave_one_view_out__fold01__candidate_327,leave_one_view_out__fold01,True,vehicle_only,future_maneuver_score,20251002_单01_ACT-8_翼云_J16_12#01__pilot_10035::context_end_0025,0.09949934710896093,1.8711349369275978,False
leave_one_view_out__fold01__candidate_327,leave_one_view_out__fold01,True,vehicle_only,future_maneuver_score,20251002_单01_ACT-8_翼云_J16_12#01__pilot_10035::context_end_0026,0.3835515389151636,1.1358785136164071,False
leave_one_view_out__fold01__candidate_327,leave_one_view_out__fold01,True,vehicle_only,future_maneuver_score,20251002_单01_ACT-8_翼云_J16_12#01__pilot_10035::context_end_0027,2.626644545815745,1.8355252725681717,False
leave_one_view_out__fold01__candidate_327,leave_one_view_out__fold01,True,vehicle_only,future_maneuver_score,20251002_单01_ACT-8_翼云_J16_12#01__pilot_10035::context_end_0028,4.401810181608908,2.1958852809886253,False
leave_one_view_out__fold01__candidate_327,leave_one_view_out__fold01,True,vehicle_only,future_maneuver_score,20251002_单01_ACT-8_翼云_J16_12#01__pilot_10035::context_end_0029,2.8856970383975575,2.022184172062911,False
leave_one_view_out__fold01__candidate_327,leave_one_view_out__fold01,True,vehicle_only,future_maneuver_score,20251002_单01_ACT-8_翼云_J16_12#01__pilot_10035::context_end_0030,1.3619791505216832,1.072113886545261,False
leave_one_view_out__fold01__candidate_327,leave_one_view_out__fold01,True,vehicle_only,future_maneuver_score,20251005_四01_ACT-4_云_J20_22#01__pilot_10033::context_end_0007,0.35032163084871737,1.6241749918033326,False
leave_one_view_out__fold01__candidate_327,leave_one_view_out__fold01,True,vehicle_only,future_maneuver_score,20251005_四01_ACT-4_云_J20_22#01__pilot_10033::context_end_0008,1.3982701482046036,1.4508507162776156,False
leave_one_view_out__fold01__candidate_327,leave_one_view_out__fold01,True,vehicle_only,future_maneuver_score,20251005_四01_ACT-4_云_J20_22#01__pilot_10033::context_end_0009,0.5951436899400111,0.40981072250789197,False
leave_one_view_out__fold01__candidate_327,leave_one_view_out__fold01,True,vehicle_only,future_maneuver_score,20251005_四01_ACT-4_云_J20_22#01__pilot_10033::context_end_0010,0.5701773582664613,0.206651644904418,False
leave_one_view_out__fold01__candidate_327,leave_one_view_out__fold01,True,vehicle_only,future_maneuver_score,20251005_四01_ACT-4_云_J20_22#01__pilot_10033::context_end_0011,0.2602182580182724,0.8409432628464069,False
leave_one_view_out__fold01__candidate_327,leave_one_view_out__fold01,True,vehicle_only,future_maneuver_score,20251005_四01_ACT-4_云_J20_22#01__pilot_10033::context_end_0012,0.2908570409327516,1.4341220952004659,False
leave_one_view_out__fold01__candidate_327,leave_one_view_out__fold01,True,vehicle_only,future_maneuver_trend,20251002_单01_ACT-8_翼云_J16_12#01__pilot_10035::context_end_0025,0.0,2.0,False
leave_one_view_out__fold01__candidate_327,leave_one_view_out__fold01,True,vehicle_only,future_maneuver_trend,20251002_单01_ACT-8_翼云_J16_12#01__pilot_10035::context_end_0026,2.0,2.0,False
leave_one_view_out__fold01__candidate_327,leave_one_view_out__fold01,True,vehicle_only,future_maneuver_trend,20251002_单01_ACT-8_翼云_J16_12#01__pilot_10035::context_end_0027,2.0,2.0,False
leave_one_view_out__fold01__candidate_327,leave_one_view_out__fold01,True,vehicle_only,future_maneuver_trend,20251002_单01_ACT-8_翼云_J16_12#01__pilot_10035::context_end_0028,2.0,2.0,False
leave_one_view_out__fold01__candidate_327,leave_one_view_out__fold01,True,vehicle_only,future_maneuver_trend,20251002_单01_ACT-8_翼云_J16_12#01__pilot_10035::context_end_0029,0.0,0.0,False
leave_one_view_out__fold01__candidate_327,leave_one_view_out__fold01,True,vehicle_only,future_maneuver_trend,20251002_单01_ACT-8_翼云_J16_12#01__pilot_10035::context_end_0030,0.0,0.0,False
leave_one_view_out__fold01__candidate_327,leave_one_view_out__fold01,True,vehicle_only,future_maneuver_trend,20251005_四01_ACT-4_云_J20_22#01__pilot_10033::context_end_0007,1.0,2.0,False
leave_one_view_out__fold01__candidate_327,leave_one_view_out__fold01,True,vehicle_only,future_maneuver_trend,20251005_四01_ACT-4_云_J20_22#01__pilot_10033::context_end_0008,2.0,2.0,False
leave_one_view_out__fold01__candidate_327,leave_one_view_out__fold01,True,vehicle_only,future_maneuver_trend,20251005_四01_ACT-4_云_J20_22#01__pilot_10033::context_end_0009,0.0,0.0,False
leave_one_view_out__fold01__candidate_327,leave_one_view_out__fold01,True,vehicle_only,future_maneuver_trend,20251005_四01_ACT-4_云_J20_22#01__pilot_10033::context_end_0010,1.0,1.0,False
leave_one_view_out__fold01__candidate_327,leave_one_view_out__fold01,True,vehicle_only,future_maneuver_trend,20251005_四01_ACT-4_云_J20_22#01__pilot_10033::context_end_0011,0.0,0.0,False
leave_one_view_out__fold01__candidate_327,leave_one_view_out__fold01,True,vehicle_only,future_maneuver_trend,20251005_四01_ACT-4_云_J20_22#01__pilot_10033::context_end_0012,1.0,1.0,False
leave_one_view_out__fold01__candidate_327,leave_one_view_out__fold01,True,vehicle_only,physiology_residual,20251002_单01_ACT-8_翼云_J16_12#01__pilot_10035::context_end_0025,0.09029964313334625,0.3177678518329431,False
leave_one_view_out__fold01__candidate_327,leave_one_view_out__fold01,True,vehicle_only,physiology_residual,20251002_单01_ACT-8_翼云_J16_12#01__pilot_10035::context_end_0026,0.09795356192378978,0.33676926077845226,False
leave_one_view_out__fold01__candidate_327,leave_one_view_out__fold01,True,vehicle_only,physiology_residual,20251002_单01_ACT-8_翼云_J16_12#01__pilot_10035::context_end_0027,0.07806903523756296,0.33525759812418954,False
leave_one_view_out__fold01__candidate_327,leave_one_view_out__fold01,True,vehicle_only,physiology_residual,20251002_单01_ACT-8_翼云_J16_12#01__pilot_10035::context_end_0028,0.07422921874460862,0.2891593392145876,False
leave_one_view_out__fold01__candidate_327,leave_one_view_out__fold01,True,vehicle_only,physiology_residual,20251002_单01_ACT-8_翼云_J16_12#01__pilot_10035::context_end_0029,0.05433990775157441,0.4298907789021302,False
leave_one_view_out__fold01__candidate_327,leave_one_view_out__fold01,True,vehicle_only,physiology_residual,20251002_单01_ACT-8_翼云_J16_12#01__pilot_10035::context_end_0030,0.08308128404717431,0.3864472591818674,False
leave_one_view_out__fold01__candidate_327,leave_one_view_out__fold01,True,vehicle_only,physiology_residual,20251005_四01_ACT-4_云_J20_22#01__pilot_10033::context_end_0007,0.22550971782914206,0.36220468243162973,False
leave_one_view_out__fold01__candidate_327,leave_one_view_out__fold01,True,vehicle_only,physiology_residual,20251005_四01_ACT-4_云_J20_22#01__pilot_10033::context_end_0008,0.2953390035351672,0.4852301997841248,False
leave_one_view_out__fold01__candidate_327,leave_one_view_out__fold01,True,vehicle_only,physiology_residual,20251005_四01_ACT-4_云_J20_22#01__pilot_10033::context_end_0009,0.2970201299889282,0.7560050605372824,False
leave_one_view_out__fold01__candidate_327,leave_one_view_out__fold01,True,vehicle_only,physiology_residual,20251005_四01_ACT-4_云_J20_22#01__pilot_10033::context_end_0010,0.13589187463991095,0.9974302786033653,False
leave_one_view_out__fold01__candidate_327,leave_one_view_out__fold01,True,vehicle_only,physiology_residual,20251005_四01_ACT-4_云_J20_22#01__pilot_10033::context_end_0011,0.21893610065761063,0.5654504547857447,False
leave_one_view_out__fold01__candidate_327,leave_one_view_out__fold01,True,vehicle_only,physiology_residual,20251005_四01_ACT-4_云_J20_22#01__pilot_10033::context_end_0012,0.18416856481538244,0.6884055960109605,False
leave_one_view_out__fold01__candidate_327,leave_one_view_out__fold01,True,vehicle_only,high_residual_response,20251002_单01_ACT-8_翼云_J16_12#01__pilot_10035::context_end_0025,0.0,0.05163755334978235,False
leave_one_view_out__fold01__candidate_327,leave_one_view_out__fold01,True,vehicle_only,high_residual_response,20251002_单01_ACT-8_翼云_J16_12#01__pilot_10035::context_end_0026,0.0,0.035477438407911316,False
leave_one_view_out__fold01__candidate_327,leave_one_view_out__fold01,True,vehicle_only,high_residual_response,20251002_单01_ACT-8_翼云_J16_12#01__pilot_10035::context_end_0027,0.0,0.07068676671748343,False
leave_one_view_out__fold01__candidate_327,leave_one_view_out__fold01,True,vehicle_only,high_residual_response,20251002_单01_ACT-8_翼云_J16_12#01__pilot_10035::context_end_0028,0.0,0.09060645791099504,False
leave_one_view_out__fold01__candidate_327,leave_one_view_out__fold01,True,vehicle_only,high_residual_response,20251002_单01_ACT-8_翼云_J16_12#01__pilot_10035::context_end_0029,0.0,0.09234565520711611,False
leave_one_view_out__fold01__candidate_327,leave_one_view_out__fold01,True,vehicle_only,high_residual_response,20251002_单01_ACT-8_翼云_J16_12#01__pilot_10035::context_end_0030,0.0,0.018289061877656807,False
leave_one_view_out__fold01__candidate_327,leave_one_view_out__fold01,True,vehicle_only,high_residual_response,20251005_四01_ACT-4_云_J20_22#01__pilot_10033::context_end_0007,0.0,0.05345575650072712,False
leave_one_view_out__fold01__candidate_327,leave_one_view_out__fold01,True,vehicle_only,high_residual_response,20251005_四01_ACT-4_云_J20_22#01__pilot_10033::context_end_0008,0.0,0.42670603651372985,False
leave_one_view_out__fold01__candidate_327,leave_one_view_out__fold01,True,vehicle_only,high_residual_response,20251005_四01_ACT-4_云_J20_22#01__pilot_10033::context_end_0009,0.0,0.8599957531184046,False
leave_one_view_out__fold01__candidate_327,leave_one_view_out__fold01,True,vehicle_only,high_residual_response,20251005_四01_ACT-4_云_J20_22#01__pilot_10033::context_end_0010,0.0,0.9883155203886721,False
leave_one_view_out__fold01__candidate_327,leave_one_view_out__fold01,True,vehicle_only,high_residual_response,20251005_四01_ACT-4_云_J20_22#01__pilot_10033::context_end_0011,0.0,0.012653075408737668,False
leave_one_view_out__fold01__candidate_327,leave_one_view_out__fold01,True,vehicle_only,high_residual_response,20251005_四01_ACT-4_云_J20_22#01__pilot_10033::context_end_0012,0.0,0.415663604413901,False
leave_one_view_out__fold01__candidate_327,leave_one_view_out__fold01,True,naive_time_sync,future_maneuver_score,20251002_单01_ACT-8_翼云_J16_12#01__pilot_10035::context_end_0025,0.09949934710896093,-1.1285173609016281,False
leave_one_view_out__fold01__candidate_327,leave_one_view_out__fold01,True,naive_time_sync,future_maneuver_score,20251002_单01_ACT-8_翼云_J16_12#01__pilot_10035::context_end_0026,0.3835515389151636,-1.2498051998558934,False
leave_one_view_out__fold01__candidate_327,leave_one_view_out__fold01,True,naive_time_sync,future_maneuver_score,20251002_单01_ACT-8_翼云_J16_12#01__pilot_10035::context_end_0027,2.626644545815745,0.2247245360058674,False
leave_one_view_out__fold01__candidate_327,leave_one_view_out__fold01,True,naive_time_sync,future_maneuver_score,20251002_单01_ACT-8_翼云_J16_12#01__pilot_10035::context_end_0028,4.401810181608908,1.2546005242275282,False
leave_one_view_out__fold01__candidate_327,leave_one_view_out__fold01,True,naive_time_sync,future_maneuver_score,20251002_单01_ACT-8_翼云_J16_12#01__pilot_10035::context_end_0029,2.8856970383975575,-0.09273327197582404,False
leave_one_view_out__fold01__candidate_327,leave_one_view_out__fold01,True,naive_time_sync,future_maneuver_score,20251002_单01_ACT-8_翼云_J16_12#01__pilot_10035::context_end_0030,1.3619791505216832,-1.364822800007171,False
leave_one_view_out__fold01__candidate_327,leave_one_view_out__fold01,True,naive_time_sync,future_maneuver_score,20251005_四01_ACT-4_云_J20_22#01__pilot_10033::context_end_0007,0.35032163084871737,8.827550813449744,False
leave_one_view_out__fold01__candidate_327,leave_one_view_out__fold01,True,naive_time_sync,future_maneuver_score,20251005_四01_ACT-4_云_J20_22#01__pilot_10033::context_end_0008,1.3982701482046036,10.062863234939977,False
leave_one_view_out__fold01__candidate_327,leave_one_view_out__fold01,True,naive_time_sync,future_maneuver_score,20251005_四01_ACT-4_云_J20_22#01__pilot_10033::context_end_0009,0.5951436899400111,8.595118121372348,False
leave_one_view_out__fold01__candidate_327,leave_one_view_out__fold01,True,naive_time_sync,future_maneuver_score,20251005_四01_ACT-4_云_J20_22#01__pilot_10033::context_end_0010,0.5701773582664613,7.543843237665328,False
leave_one_view_out__fold01__candidate_327,leave_one_view_out__fold01,True,naive_time_sync,future_maneuver_score,20251005_四01_ACT-4_云_J20_22#01__pilot_10033::context_end_0011,0.2602182580182724,6.2731372030678925,False
leave_one_view_out__fold01__candidate_327,leave_one_view_out__fold01,True,naive_time_sync,future_maneuver_score,20251005_四01_ACT-4_云_J20_22#01__pilot_10033::context_end_0012,0.2908570409327516,4.687946643416388,False
leave_one_view_out__fold01__candidate_327,leave_one_view_out__fold01,True,naive_time_sync,future_maneuver_trend,20251002_单01_ACT-8_翼云_J16_12#01__pilot_10035::context_end_0025,0.0,1.0,False
leave_one_view_out__fold01__candidate_327,leave_one_view_out__fold01,True,naive_time_sync,future_maneuver_trend,20251002_单01_ACT-8_翼云_J16_12#01__pilot_10035::context_end_0026,2.0,1.0,False
leave_one_view_out__fold01__candidate_327,leave_one_view_out__fold01,True,naive_time_sync,future_maneuver_trend,20251002_单01_ACT-8_翼云_J16_12#01__pilot_10035::context_end_0027,2.0,1.0,False
leave_one_view_out__fold01__candidate_327,leave_one_view_out__fold01,True,naive_time_sync,future_maneuver_trend,20251002_单01_ACT-8_翼云_J16_12#01__pilot_10035::context_end_0028,2.0,1.0,False
leave_one_view_out__fold01__candidate_327,leave_one_view_out__fold01,True,naive_time_sync,future_maneuver_trend,20251002_单01_ACT-8_翼云_J16_12#01__pilot_10035::context_end_0029,0.0,0.0,False
leave_one_view_out__fold01__candidate_327,leave_one_view_out__fold01,True,naive_time_sync,future_maneuver_trend,20251002_单01_ACT-8_翼云_J16_12#01__pilot_10035::context_end_0030,0.0,0.0,False
leave_one_view_out__fold01__candidate_327,leave_one_view_out__fold01,True,naive_time_sync,future_maneuver_trend,20251005_四01_ACT-4_云_J20_22#01__pilot_10033::context_end_0007,1.0,2.0,False
leave_one_view_out__fold01__candidate_327,leave_one_view_out__fold01,True,naive_time_sync,future_maneuver_trend,20251005_四01_ACT-4_云_J20_22#01__pilot_10033::context_end_0008,2.0,2.0,False
leave_one_view_out__fold01__candidate_327,leave_one_view_out__fold01,True,naive_time_sync,future_maneuver_trend,20251005_四01_ACT-4_云_J20_22#01__pilot_10033::context_end_0009,0.0,2.0,False
leave_one_view_out__fold01__candidate_327,leave_one_view_out__fold01,True,naive_time_sync,future_maneuver_trend,20251005_四01_ACT-4_云_J20_22#01__pilot_10033::context_end_0010,1.0,2.0,False
leave_one_view_out__fold01__candidate_327,leave_one_view_out__fold01,True,naive_time_sync,future_maneuver_trend,20251005_四01_ACT-4_云_J20_22#01__pilot_10033::context_end_0011,0.0,2.0,False
leave_one_view_out__fold01__candidate_327,leave_one_view_out__fold01,True,naive_time_sync,future_maneuver_trend,20251005_四01_ACT-4_云_J20_22#01__pilot_10033::context_end_0012,1.0,2.0,False
leave_one_view_out__fold01__candidate_327,leave_one_view_out__fold01,True,naive_time_sync,physiology_residual,20251002_单01_ACT-8_翼云_J16_12#01__pilot_10035::context_end_0025,0.09029964313334625,0.6305518271171662,False
leave_one_view_out__fold01__candidate_327,leave_one_view_out__fold01,True,naive_time_sync,physiology_residual,20251002_单01_ACT-8_翼云_J16_12#01__pilot_10035::context_end_0026,0.09795356192378978,0.5455917691002429,False
leave_one_view_out__fold01__candidate_327,leave_one_view_out__fold01,True,naive_time_sync,physiology_residual,20251002_单01_ACT-8_翼云_J16_12#01__pilot_10035::context_end_0027,0.07806903523756296,0.5854221796665862,False
leave_one_view_out__fold01__candidate_327,leave_one_view_out__fold01,True,naive_time_sync,physiology_residual,20251002_单01_ACT-8_翼云_J16_12#01__pilot_10035::context_end_0028,0.07422921874460862,0.5513035673311402,False
leave_one_view_out__fold01__candidate_327,leave_one_view_out__fold01,True,naive_time_sync,physiology_residual,20251002_单01_ACT-8_翼云_J16_12#01__pilot_10035::context_end_0029,0.05433990775157441,0.7910395193639299,False
leave_one_view_out__fold01__candidate_327,leave_one_view_out__fold01,True,naive_time_sync,physiology_residual,20251002_单01_ACT-8_翼云_J16_12#01__pilot_10035::context_end_0030,0.08308128404717431,0.8738982938273461,False
leave_one_view_out__fold01__candidate_327,leave_one_view_out__fold01,True,naive_time_sync,physiology_residual,20251005_四01_ACT-4_云_J20_22#01__pilot_10033::context_end_0007,0.22550971782914206,0.7472344189490543,False
leave_one_view_out__fold01__candidate_327,leave_one_view_out__fold01,True,naive_time_sync,physiology_residual,20251005_四01_ACT-4_云_J20_22#01__pilot_10033::context_end_0008,0.2953390035351672,0.930905173311875,False
leave_one_view_out__fold01__candidate_327,leave_one_view_out__fold01,True,naive_time_sync,physiology_residual,20251005_四01_ACT-4_云_J20_22#01__pilot_10033::context_end_0009,0.2970201299889282,0.9125218757884522,False
leave_one_view_out__fold01__candidate_327,leave_one_view_out__fold01,True,naive_time_sync,physiology_residual,20251005_四01_ACT-4_云_J20_22#01__pilot_10033::context_end_0010,0.13589187463991095,0.9124113133226688,False
leave_one_view_out__fold01__candidate_327,leave_one_view_out__fold01,True,naive_time_sync,physiology_residual,20251005_四01_ACT-4_云_J20_22#01__pilot_10033::context_end_0011,0.21893610065761063,0.8238916783228433,False
leave_one_view_out__fold01__candidate_327,leave_one_view_out__fold01,True,naive_time_sync,physiology_residual,20251005_四01_ACT-4_云_J20_22#01__pilot_10033::context_end_0012,0.18416856481538244,1.1957592909688393,False
leave_one_view_out__fold01__candidate_327,leave_one_view_out__fold01,True,naive_time_sync,high_residual_response,20251002_单01_ACT-8_翼云_J16_12#01__pilot_10035::context_end_0025,0.0,1.8077050821964802e-07,False
leave_one_view_out__fold01__candidate_327,leave_one_view_out__fold01,True,naive_time_sync,high_residual_response,20251002_单01_ACT-8_翼云_J16_12#01__pilot_10035::context_end_0026,0.0,1.2317186893454732e-07,False
leave_one_view_out__fold01__candidate_327,leave_one_view_out__fold01,True,naive_time_sync,high_residual_response,20251002_单01_ACT-8_翼云_J16_12#01__pilot_10035::context_end_0027,0.0,1.0023921607523682e-06,False
leave_one_view_out__fold01__candidate_327,leave_one_view_out__fold01,True,naive_time_sync,high_residual_response,20251002_单01_ACT-8_翼云_J16_12#01__pilot_10035::context_end_0028,0.0,4.1870230080328525e-06,False
leave_one_view_out__fold01__candidate_327,leave_one_view_out__fold01,True,naive_time_sync,high_residual_response,20251002_单01_ACT-8_翼云_J16_12#01__pilot_10035::context_end_0029,0.0,9.027689575409068e-05,False
leave_one_view_out__fold01__candidate_327,leave_one_view_out__fold01,True,naive_time_sync,high_residual_response,20251002_单01_ACT-8_翼云_J16_12#01__pilot_10035::context_end_0030,0.0,0.00010574431304861361,False
leave_one_view_out__fold01__candidate_327,leave_one_view_out__fold01,True,naive_time_sync,high_residual_response,20251005_四01_ACT-4_云_J20_22#01__pilot_10033::context_end_0007,0.0,0.9999999999677214,False
leave_one_view_out__fold01__candidate_327,leave_one_view_out__fold01,True,naive_time_sync,high_residual_response,20251005_四01_ACT-4_云_J20_22#01__pilot_10033::context_end_0008,0.0,0.9999999999999931,False
leave_one_view_out__fold01__candidate_327,leave_one_view_out__fold01,True,naive_time_sync,high_residual_response,20251005_四01_ACT-4_云_J20_22#01__pilot_10033::context_end_0009,0.0,0.9999999999999949,False
leave_one_view_out__fold01__candidate_327,leave_one_view_out__fold01,True,naive_time_sync,high_residual_response,20251005_四01_ACT-4_云_J20_22#01__pilot_10033::context_end_0010,0.0,0.9999999999999958,False
leave_one_view_out__fold01__candidate_327,leave_one_view_out__fold01,True,naive_time_sync,high_residual_response,20251005_四01_ACT-4_云_J20_22#01__pilot_10033::context_end_0011,0.0,0.9999998985077142,False
leave_one_view_out__fold01__candidate_327,leave_one_view_out__fold01,True,naive_time_sync,high_residual_response,20251005_四01_ACT-4_云_J20_22#01__pilot_10033::context_end_0012,0.0,0.9999998545883566,False
leave_one_view_out__fold01__candidate_327,leave_one_view_out__fold01,True,mult,future_maneuver_score,20251002_单01_ACT-8_翼云_J16_12#01__pilot_10035::context_end_0025,0.09949934710896093,-2.4476360270811623,False
leave_one_view_out__fold01__candidate_327,leave_one_view_out__fold01,True,mult,future_maneuver_score,20251002_单01_ACT-8_翼云_J16_12#01__pilot_10035::context_end_0026,0.3835515389151636,-2.8041750916798502,False
leave_one_view_out__fold01__candidate_327,leave_one_view_out__fold01,True,mult,future_maneuver_score,20251002_单01_ACT-8_翼云_J16_12#01__pilot_10035::context_end_0027,2.626644545815745,-3.012806042759128,False
leave_one_view_out__fold01__candidate_327,leave_one_view_out__fold01,True,mult,future_maneuver_score,20251002_单01_ACT-8_翼云_J16_12#01__pilot_10035::context_end_0028,4.401810181608908,-3.0767157713344613,False
leave_one_view_out__fold01__candidate_327,leave_one_view_out__fold01,True,mult,future_maneuver_score,20251002_单01_ACT-8_翼云_J16_12#01__pilot_10035::context_end_0029,2.8856970383975575,-3.4899495608430753,False
leave_one_view_out__fold01__candidate_327,leave_one_view_out__fold01,True,mult,future_maneuver_score,20251002_单01_ACT-8_翼云_J16_12#01__pilot_10035::context_end_0030,1.3619791505216832,-3.935685014765429,False
leave_one_view_out__fold01__candidate_327,leave_one_view_out__fold01,True,mult,future_maneuver_score,20251005_四01_ACT-4_云_J20_22#01__pilot_10033::context_end_0007,0.35032163084871737,2.2110602417090046,False
leave_one_view_out__fold01__candidate_327,leave_one_view_out__fold01,True,mult,future_maneuver_score,20251005_四01_ACT-4_云_J20_22#01__pilot_10033::context_end_0008,1.3982701482046036,1.200394959337071,False
leave_one_view_out__fold01__candidate_327,leave_one_view_out__fold01,True,mult,future_maneuver_score,20251005_四01_ACT-4_云_J20_22#01__pilot_10033::context_end_0009,0.5951436899400111,1.3574755178480855,False
leave_one_view_out__fold01__candidate_327,leave_one_view_out__fold01,True,mult,future_maneuver_score,20251005_四01_ACT-4_云_J20_22#01__pilot_10033::context_end_0010,0.5701773582664613,1.0473375463997638,False
leave_one_view_out__fold01__candidate_327,leave_one_view_out__fold01,True,mult,future_maneuver_score,20251005_四01_ACT-4_云_J20_22#01__pilot_10033::context_end_0011,0.2602182580182724,1.3086275180566977,False
leave_one_view_out__fold01__candidate_327,leave_one_view_out__fold01,True,mult,future_maneuver_score,20251005_四01_ACT-4_云_J20_22#01__pilot_10033::context_end_0012,0.2908570409327516,1.7534257220186218,False
leave_one_view_out__fold01__candidate_327,leave_one_view_out__fold01,True,mult,future_maneuver_trend,20251002_单01_ACT-8_翼云_J16_12#01__pilot_10035::context_end_0025,0.0,1.0,False
leave_one_view_out__fold01__candidate_327,leave_one_view_out__fold01,True,mult,future_maneuver_trend,20251002_单01_ACT-8_翼云_J16_12#01__pilot_10035::context_end_0026,2.0,1.0,False
leave_one_view_out__fold01__candidate_327,leave_one_view_out__fold01,True,mult,future_maneuver_trend,20251002_单01_ACT-8_翼云_J16_12#01__pilot_10035::context_end_0027,2.0,0.0,False
leave_one_view_out__fold01__candidate_327,leave_one_view_out__fold01,True,mult,future_maneuver_trend,20251002_单01_ACT-8_翼云_J16_12#01__pilot_10035::context_end_0028,2.0,0.0,False
leave_one_view_out__fold01__candidate_327,leave_one_view_out__fold01,True,mult,future_maneuver_trend,20251002_单01_ACT-8_翼云_J16_12#01__pilot_10035::context_end_0029,0.0,0.0,False
leave_one_view_out__fold01__candidate_327,leave_one_view_out__fold01,True,mult,future_maneuver_trend,20251002_单01_ACT-8_翼云_J16_12#01__pilot_10035::context_end_0030,0.0,0.0,False
leave_one_view_out__fold01__candidate_327,leave_one_view_out__fold01,True,mult,future_maneuver_trend,20251005_四01_ACT-4_云_J20_22#01__pilot_10033::context_end_0007,1.0,1.0,False
leave_one_view_out__fold01__candidate_327,leave_one_view_out__fold01,True,mult,future_maneuver_trend,20251005_四01_ACT-4_云_J20_22#01__pilot_10033::context_end_0008,2.0,1.0,False
leave_one_view_out__fold01__candidate_327,leave_one_view_out__fold01,True,mult,future_maneuver_trend,20251005_四01_ACT-4_云_J20_22#01__pilot_10033::context_end_0009,0.0,1.0,False
leave_one_view_out__fold01__candidate_327,leave_one_view_out__fold01,True,mult,future_maneuver_trend,20251005_四01_ACT-4_云_J20_22#01__pilot_10033::context_end_0010,1.0,1.0,False
leave_one_view_out__fold01__candidate_327,leave_one_view_out__fold01,True,mult,future_maneuver_trend,20251005_四01_ACT-4_云_J20_22#01__pilot_10033::context_end_0011,0.0,1.0,False
leave_one_view_out__fold01__candidate_327,leave_one_view_out__fold01,True,mult,future_maneuver_trend,20251005_四01_ACT-4_云_J20_22#01__pilot_10033::context_end_0012,1.0,2.0,False
leave_one_view_out__fold01__candidate_327,leave_one_view_out__fold01,True,mult,physiology_residual,20251002_单01_ACT-8_翼云_J16_12#01__pilot_10035::context_end_0025,0.09029964313334625,0.7053672268474751,False
leave_one_view_out__fold01__candidate_327,leave_one_view_out__fold01,True,mult,physiology_residual,20251002_单01_ACT-8_翼云_J16_12#01__pilot_10035::context_end_0026,0.09795356192378978,0.7439232111514307,False
leave_one_view_out__fold01__candidate_327,leave_one_view_out__fold01,True,mult,physiology_residual,20251002_单01_ACT-8_翼云_J16_12#01__pilot_10035::context_end_0027,0.07806903523756296,0.7713978867802107,False
leave_one_view_out__fold01__candidate_327,leave_one_view_out__fold01,True,mult,physiology_residual,20251002_单01_ACT-8_翼云_J16_12#01__pilot_10035::context_end_0028,0.07422921874460862,0.7766903431468969,False
leave_one_view_out__fold01__candidate_327,leave_one_view_out__fold01,True,mult,physiology_residual,20251002_单01_ACT-8_翼云_J16_12#01__pilot_10035::context_end_0029,0.05433990775157441,0.8775849803366685,False
leave_one_view_out__fold01__candidate_327,leave_one_view_out__fold01,True,mult,physiology_residual,20251002_单01_ACT-8_翼云_J16_12#01__pilot_10035::context_end_0030,0.08308128404717431,1.018935706102336,False
leave_one_view_out__fold01__candidate_327,leave_one_view_out__fold01,True,mult,physiology_residual,20251005_四01_ACT-4_云_J20_22#01__pilot_10033::context_end_0007,0.22550971782914206,4.339539428873848,False
leave_one_view_out__fold01__candidate_327,leave_one_view_out__fold01,True,mult,physiology_residual,20251005_四01_ACT-4_云_J20_22#01__pilot_10033::context_end_0008,0.2953390035351672,4.904647167092669,False
leave_one_view_out__fold01__candidate_327,leave_one_view_out__fold01,True,mult,physiology_residual,20251005_四01_ACT-4_云_J20_22#01__pilot_10033::context_end_0009,0.2970201299889282,4.473099464471063,False
leave_one_view_out__fold01__candidate_327,leave_one_view_out__fold01,True,mult,physiology_residual,20251005_四01_ACT-4_云_J20_22#01__pilot_10033::context_end_0010,0.13589187463991095,3.9973434077981755,False
leave_one_view_out__fold01__candidate_327,leave_one_view_out__fold01,True,mult,physiology_residual,20251005_四01_ACT-4_云_J20_22#01__pilot_10033::context_end_0011,0.21893610065761063,3.1546156345111163,False
leave_one_view_out__fold01__candidate_327,leave_one_view_out__fold01,True,mult,physiology_residual,20251005_四01_ACT-4_云_J20_22#01__pilot_10033::context_end_0012,0.18416856481538244,2.6782846618912046,False
leave_one_view_out__fold01__candidate_327,leave_one_view_out__fold01,True,mult,high_residual_response,20251002_单01_ACT-8_翼云_J16_12#01__pilot_10035::context_end_0025,0.0,1.8289648144223212e-05,False
leave_one_view_out__fold01__candidate_327,leave_one_view_out__fold01,True,mult,high_residual_response,20251002_单01_ACT-8_翼云_J16_12#01__pilot_10035::context_end_0026,0.0,6.0003371836686876e-05,False
leave_one_view_out__fold01__candidate_327,leave_one_view_out__fold01,True,mult,high_residual_response,20251002_单01_ACT-8_翼云_J16_12#01__pilot_10035::context_end_0027,0.0,0.0002802449251440519,False
leave_one_view_out__fold01__candidate_327,leave_one_view_out__fold01,True,mult,high_residual_response,20251002_单01_ACT-8_翼云_J16_12#01__pilot_10035::context_end_0028,0.0,0.000516095305820836,False
leave_one_view_out__fold01__candidate_327,leave_one_view_out__fold01,True,mult,high_residual_response,20251002_单01_ACT-8_翼云_J16_12#01__pilot_10035::context_end_0029,0.0,0.0010485678026271779,False
leave_one_view_out__fold01__candidate_327,leave_one_view_out__fold01,True,mult,high_residual_response,20251002_单01_ACT-8_翼云_J16_12#01__pilot_10035::context_end_0030,0.0,0.001000589659405631,False
leave_one_view_out__fold01__candidate_327,leave_one_view_out__fold01,True,mult,high_residual_response,20251005_四01_ACT-4_云_J20_22#01__pilot_10033::context_end_0007,0.0,0.9999932789010715,False
leave_one_view_out__fold01__candidate_327,leave_one_view_out__fold01,True,mult,high_residual_response,20251005_四01_ACT-4_云_J20_22#01__pilot_10033::context_end_0008,0.0,0.9999999801208097,False
leave_one_view_out__fold01__candidate_327,leave_one_view_out__fold01,True,mult,high_residual_response,20251005_四01_ACT-4_云_J20_22#01__pilot_10033::context_end_0009,0.0,0.999999999303937,False
leave_one_view_out__fold01__candidate_327,leave_one_view_out__fold01,True,mult,high_residual_response,20251005_四01_ACT-4_云_J20_22#01__pilot_10033::context_end_0010,0.0,0.9999999997899058,False
leave_one_view_out__fold01__candidate_327,leave_one_view_out__fold01,True,mult,high_residual_response,20251005_四01_ACT-4_云_J20_22#01__pilot_10033::context_end_0011,0.0,0.9999708722564253,False
leave_one_view_out__fold01__candidate_327,leave_one_view_out__fold01,True,mult,high_residual_response,20251005_四01_ACT-4_云_J20_22#01__pilot_10033::context_end_0012,0.0,0.9999995603883433,False
leave_one_view_out__fold01__candidate_327,leave_one_view_out__fold01,True,contiformer,future_maneuver_score,20251002_单01_ACT-8_翼云_J16_12#01__pilot_10035::context_end_0025,0.09949934710896093,1.2489225065754197,False
leave_one_view_out__fold01__candidate_327,leave_one_view_out__fold01,True,contiformer,future_maneuver_score,20251002_单01_ACT-8_翼云_J16_12#01__pilot_10035::context_end_0026,0.3835515389151636,0.9559250672684738,False
leave_one_view_out__fold01__candidate_327,leave_one_view_out__fold01,True,contiformer,future_maneuver_score,20251002_单01_ACT-8_翼云_J16_12#01__pilot_10035::context_end_0027,2.626644545815745,1.3700524248549932,False
leave_one_view_out__fold01__candidate_327,leave_one_view_out__fold01,True,contiformer,future_maneuver_score,20251002_单01_ACT-8_翼云_J16_12#01__pilot_10035::context_end_0028,4.401810181608908,1.9950566721598317,False
leave_one_view_out__fold01__candidate_327,leave_one_view_out__fold01,True,contiformer,future_maneuver_score,20251002_单01_ACT-8_翼云_J16_12#01__pilot_10035::context_end_0029,2.8856970383975575,1.9096339435130631,False
leave_one_view_out__fold01__candidate_327,leave_one_view_out__fold01,True,contiformer,future_maneuver_score,20251002_单01_ACT-8_翼云_J16_12#01__pilot_10035::context_end_0030,1.3619791505216832,1.8001934109872266,False
leave_one_view_out__fold01__candidate_327,leave_one_view_out__fold01,True,contiformer,future_maneuver_score,20251005_四01_ACT-4_云_J20_22#01__pilot_10033::context_end_0007,0.35032163084871737,1.5396305991490984,False
leave_one_view_out__fold01__candidate_327,leave_one_view_out__fold01,True,contiformer,future_maneuver_score,20251005_四01_ACT-4_云_J20_22#01__pilot_10033::context_end_0008,1.3982701482046036,0.9714176106018322,False
leave_one_view_out__fold01__candidate_327,leave_one_view_out__fold01,True,contiformer,future_maneuver_score,20251005_四01_ACT-4_云_J20_22#01__pilot_10033::context_end_0009,0.5951436899400111,0.5179898115072049,False
leave_one_view_out__fold01__candidate_327,leave_one_view_out__fold01,True,contiformer,future_maneuver_score,20251005_四01_ACT-4_云_J20_22#01__pilot_10033::context_end_0010,0.5701773582664613,-0.10643270684205985,False
leave_one_view_out__fold01__candidate_327,leave_one_view_out__fold01,True,contiformer,future_maneuver_score,20251005_四01_ACT-4_云_J20_22#01__pilot_10033::context_end_0011,0.2602182580182724,0.5958410421978271,False
leave_one_view_out__fold01__candidate_327,leave_one_view_out__fold01,True,contiformer,future_maneuver_score,20251005_四01_ACT-4_云_J20_22#01__pilot_10033::context_end_0012,0.2908570409327516,0.65004147517094,False
leave_one_view_out__fold01__candidate_327,leave_one_view_out__fold01,True,contiformer,future_maneuver_trend,20251002_单01_ACT-8_翼云_J16_12#01__pilot_10035::context_end_0025,0.0,2.0,False
leave_one_view_out__fold01__candidate_327,leave_one_view_out__fold01,True,contiformer,future_maneuver_trend,20251002_单01_ACT-8_翼云_J16_12#01__pilot_10035::context_end_0026,2.0,2.0,False
leave_one_view_out__fold01__candidate_327,leave_one_view_out__fold01,True,contiformer,future_maneuver_trend,20251002_单01_ACT-8_翼云_J16_12#01__pilot_10035::context_end_0027,2.0,2.0,False
leave_one_view_out__fold01__candidate_327,leave_one_view_out__fold01,True,contiformer,future_maneuver_trend,20251002_单01_ACT-8_翼云_J16_12#01__pilot_10035::context_end_0028,2.0,2.0,False
leave_one_view_out__fold01__candidate_327,leave_one_view_out__fold01,True,contiformer,future_maneuver_trend,20251002_单01_ACT-8_翼云_J16_12#01__pilot_10035::context_end_0029,0.0,0.0,False
leave_one_view_out__fold01__candidate_327,leave_one_view_out__fold01,True,contiformer,future_maneuver_trend,20251002_单01_ACT-8_翼云_J16_12#01__pilot_10035::context_end_0030,0.0,0.0,False
leave_one_view_out__fold01__candidate_327,leave_one_view_out__fold01,True,contiformer,future_maneuver_trend,20251005_四01_ACT-4_云_J20_22#01__pilot_10033::context_end_0007,1.0,1.0,False
leave_one_view_out__fold01__candidate_327,leave_one_view_out__fold01,True,contiformer,future_maneuver_trend,20251005_四01_ACT-4_云_J20_22#01__pilot_10033::context_end_0008,2.0,0.0,False
leave_one_view_out__fold01__candidate_327,leave_one_view_out__fold01,True,contiformer,future_maneuver_trend,20251005_四01_ACT-4_云_J20_22#01__pilot_10033::context_end_0009,0.0,0.0,False
leave_one_view_out__fold01__candidate_327,leave_one_view_out__fold01,True,contiformer,future_maneuver_trend,20251005_四01_ACT-4_云_J20_22#01__pilot_10033::context_end_0010,1.0,1.0,False
leave_one_view_out__fold01__candidate_327,leave_one_view_out__fold01,True,contiformer,future_maneuver_trend,20251005_四01_ACT-4_云_J20_22#01__pilot_10033::context_end_0011,0.0,0.0,False
leave_one_view_out__fold01__candidate_327,leave_one_view_out__fold01,True,contiformer,future_maneuver_trend,20251005_四01_ACT-4_云_J20_22#01__pilot_10033::context_end_0012,1.0,0.0,False
leave_one_view_out__fold01__candidate_327,leave_one_view_out__fold01,True,contiformer,physiology_residual,20251002_单01_ACT-8_翼云_J16_12#01__pilot_10035::context_end_0025,0.09029964313334625,0.2001298905302369,False
leave_one_view_out__fold01__candidate_327,leave_one_view_out__fold01,True,contiformer,physiology_residual,20251002_单01_ACT-8_翼云_J16_12#01__pilot_10035::context_end_0026,0.09795356192378978,0.18883215305069434,False
leave_one_view_out__fold01__candidate_327,leave_one_view_out__fold01,True,contiformer,physiology_residual,20251002_单01_ACT-8_翼云_J16_12#01__pilot_10035::context_end_0027,0.07806903523756296,0.19912950552336828,False
leave_one_view_out__fold01__candidate_327,leave_one_view_out__fold01,True,contiformer,physiology_residual,20251002_单01_ACT-8_翼云_J16_12#01__pilot_10035::context_end_0028,0.07422921874460862,0.3672453162097698,False
leave_one_view_out__fold01__candidate_327,leave_one_view_out__fold01,True,contiformer,physiology_residual,20251002_单01_ACT-8_翼云_J16_12#01__pilot_10035::context_end_0029,0.05433990775157441,0.48349903814705986,False
leave_one_view_out__fold01__candidate_327,leave_one_view_out__fold01,True,contiformer,physiology_residual,20251002_单01_ACT-8_翼云_J16_12#01__pilot_10035::context_end_0030,0.08308128404717431,0.4332621825152867,False
leave_one_view_out__fold01__candidate_327,leave_one_view_out__fold01,True,contiformer,physiology_residual,20251005_四01_ACT-4_云_J20_22#01__pilot_10033::context_end_0007,0.22550971782914206,0.5539170134319245,False
leave_one_view_out__fold01__candidate_327,leave_one_view_out__fold01,True,contiformer,physiology_residual,20251005_四01_ACT-4_云_J20_22#01__pilot_10033::context_end_0008,0.2953390035351672,0.7599158234831376,False
leave_one_view_out__fold01__candidate_327,leave_one_view_out__fold01,True,contiformer,physiology_residual,20251005_四01_ACT-4_云_J20_22#01__pilot_10033::context_end_0009,0.2970201299889282,0.8158697301525332,False
leave_one_view_out__fold01__candidate_327,leave_one_view_out__fold01,True,contiformer,physiology_residual,20251005_四01_ACT-4_云_J20_22#01__pilot_10033::context_end_0010,0.13589187463991095,1.1797426850578607,False
leave_one_view_out__fold01__candidate_327,leave_one_view_out__fold01,True,contiformer,physiology_residual,20251005_四01_ACT-4_云_J20_22#01__pilot_10033::context_end_0011,0.21893610065761063,0.6598868089099756,False
leave_one_view_out__fold01__candidate_327,leave_one_view_out__fold01,True,contiformer,physiology_residual,20251005_四01_ACT-4_云_J20_22#01__pilot_10033::context_end_0012,0.18416856481538244,0.8048804433926338,False
leave_one_view_out__fold01__candidate_327,leave_one_view_out__fold01,True,contiformer,high_residual_response,20251002_单01_ACT-8_翼云_J16_12#01__pilot_10035::context_end_0025,0.0,0.012047563027918137,False
leave_one_view_out__fold01__candidate_327,leave_one_view_out__fold01,True,contiformer,high_residual_response,20251002_单01_ACT-8_翼云_J16_12#01__pilot_10035::context_end_0026,0.0,0.007622626147546384,False
leave_one_view_out__fold01__candidate_327,leave_one_view_out__fold01,True,contiformer,high_residual_response,20251002_单01_ACT-8_翼云_J16_12#01__pilot_10035::context_end_0027,0.0,0.02265880006255654,False
leave_one_view_out__fold01__candidate_327,leave_one_view_out__fold01,True,contiformer,high_residual_response,20251002_单01_ACT-8_翼云_J16_12#01__pilot_10035::context_end_0028,0.0,0.09752008590101581,False
leave_one_view_out__fold01__candidate_327,leave_one_view_out__fold01,True,contiformer,high_residual_response,20251002_单01_ACT-8_翼云_J16_12#01__pilot_10035::context_end_0029,0.0,0.1347238606162404,False
leave_one_view_out__fold01__candidate_327,leave_one_view_out__fold01,True,contiformer,high_residual_response,20251002_单01_ACT-8_翼云_J16_12#01__pilot_10035::context_end_0030,0.0,0.13401248305902302,False
leave_one_view_out__fold01__candidate_327,leave_one_view_out__fold01,True,contiformer,high_residual_response,20251005_四01_ACT-4_云_J20_22#01__pilot_10033::context_end_0007,0.0,0.04109563104322553,False
leave_one_view_out__fold01__candidate_327,leave_one_view_out__fold01,True,contiformer,high_residual_response,20251005_四01_ACT-4_云_J20_22#01__pilot_10033::context_end_0008,0.0,0.5698138710203883,False
leave_one_view_out__fold01__candidate_327,leave_one_view_out__fold01,True,contiformer,high_residual_response,20251005_四01_ACT-4_云_J20_22#01__pilot_10033::context_end_0009,0.0,0.9121696818754222,False
leave_one_view_out__fold01__candidate_327,leave_one_view_out__fold01,True,contiformer,high_residual_response,20251005_四01_ACT-4_云_J20_22#01__pilot_10033::context_end_0010,0.0,0.9963620771437147,False
leave_one_view_out__fold01__candidate_327,leave_one_view_out__fold01,True,contiformer,high_residual_response,20251005_四01_ACT-4_云_J20_22#01__pilot_10033::context_end_0011,0.0,0.025259865149550254,False
leave_one_view_out__fold01__candidate_327,leave_one_view_out__fold01,True,contiformer,high_residual_response,20251005_四01_ACT-4_云_J20_22#01__pilot_10033::context_end_0012,0.0,0.45172210682410174,False
leave_one_view_out__fold01__candidate_327,leave_one_view_out__fold01,True,chronaris,future_maneuver_score,20251002_单01_ACT-8_翼云_J16_12#01__pilot_10035::context_end_0025,0.09949934710896093,-2.3182452074902065,False
leave_one_view_out__fold01__candidate_327,leave_one_view_out__fold01,True,chronaris,future_maneuver_score,20251002_单01_ACT-8_翼云_J16_12#01__pilot_10035::context_end_0026,0.3835515389151636,-2.602483752422282,False
leave_one_view_out__fold01__candidate_327,leave_one_view_out__fold01,True,chronaris,future_maneuver_score,20251002_单01_ACT-8_翼云_J16_12#01__pilot_10035::context_end_0027,2.626644545815745,-2.9071750182523513,False
leave_one_view_out__fold01__candidate_327,leave_one_view_out__fold01,True,chronaris,future_maneuver_score,20251002_单01_ACT-8_翼云_J16_12#01__pilot_10035::context_end_0028,4.401810181608908,-3.063929438797423,False
leave_one_view_out__fold01__candidate_327,leave_one_view_out__fold01,True,chronaris,future_maneuver_score,20251002_单01_ACT-8_翼云_J16_12#01__pilot_10035::context_end_0029,2.8856970383975575,-3.19646641887421,False
leave_one_view_out__fold01__candidate_327,leave_one_view_out__fold01,True,chronaris,future_maneuver_score,20251002_单01_ACT-8_翼云_J16_12#01__pilot_10035::context_end_0030,1.3619791505216832,-3.09825246332401,False
leave_one_view_out__fold01__candidate_327,leave_one_view_out__fold01,True,chronaris,future_maneuver_score,20251005_四01_ACT-4_云_J20_22#01__pilot_10033::context_end_0007,0.35032163084871737,-0.5414798003164858,False
leave_one_view_out__fold01__candidate_327,leave_one_view_out__fold01,True,chronaris,future_maneuver_score,20251005_四01_ACT-4_云_J20_22#01__pilot_10033::context_end_0008,1.3982701482046036,-1.0375254639638194,False
leave_one_view_out__fold01__candidate_327,leave_one_view_out__fold01,True,chronaris,future_maneuver_score,20251005_四01_ACT-4_云_J20_22#01__pilot_10033::context_end_0009,0.5951436899400111,-1.3022044291097927,False
leave_one_view_out__fold01__candidate_327,leave_one_view_out__fold01,True,chronaris,future_maneuver_score,20251005_四01_ACT-4_云_J20_22#01__pilot_10033::context_end_0010,0.5701773582664613,-1.0494041386137485,False
leave_one_view_out__fold01__candidate_327,leave_one_view_out__fold01,True,chronaris,future_maneuver_score,20251005_四01_ACT-4_云_J20_22#01__pilot_10033::context_end_0011,0.2602182580182724,-1.0023782902118161,False
leave_one_view_out__fold01__candidate_327,leave_one_view_out__fold01,True,chronaris,future_maneuver_score,20251005_四01_ACT-4_云_J20_22#01__pilot_10033::context_end_0012,0.2908570409327516,-0.6598801703111326,False
leave_one_view_out__fold01__candidate_327,leave_one_view_out__fold01,True,chronaris,future_maneuver_trend,20251002_单01_ACT-8_翼云_J16_12#01__pilot_10035::context_end_0025,0.0,2.0,False
leave_one_view_out__fold01__candidate_327,leave_one_view_out__fold01,True,chronaris,future_maneuver_trend,20251002_单01_ACT-8_翼云_J16_12#01__pilot_10035::context_end_0026,2.0,2.0,False
leave_one_view_out__fold01__candidate_327,leave_one_view_out__fold01,True,chronaris,future_maneuver_trend,20251002_单01_ACT-8_翼云_J16_12#01__pilot_10035::context_end_0027,2.0,2.0,False
leave_one_view_out__fold01__candidate_327,leave_one_view_out__fold01,True,chronaris,future_maneuver_trend,20251002_单01_ACT-8_翼云_J16_12#01__pilot_10035::context_end_0028,2.0,2.0,False
leave_one_view_out__fold01__candidate_327,leave_one_view_out__fold01,True,chronaris,future_maneuver_trend,20251002_单01_ACT-8_翼云_J16_12#01__pilot_10035::context_end_0029,0.0,2.0,False
leave_one_view_out__fold01__candidate_327,leave_one_view_out__fold01,True,chronaris,future_maneuver_trend,20251002_单01_ACT-8_翼云_J16_12#01__pilot_10035::context_end_0030,0.0,2.0,False
leave_one_view_out__fold01__candidate_327,leave_one_view_out__fold01,True,chronaris,future_maneuver_trend,20251005_四01_ACT-4_云_J20_22#01__pilot_10033::context_end_0007,1.0,1.0,False
leave_one_view_out__fold01__candidate_327,leave_one_view_out__fold01,True,chronaris,future_maneuver_trend,20251005_四01_ACT-4_云_J20_22#01__pilot_10033::context_end_0008,2.0,1.0,False
leave_one_view_out__fold01__candidate_327,leave_one_view_out__fold01,True,chronaris,future_maneuver_trend,20251005_四01_ACT-4_云_J20_22#01__pilot_10033::context_end_0009,0.0,1.0,False
leave_one_view_out__fold01__candidate_327,leave_one_view_out__fold01,True,chronaris,future_maneuver_trend,20251005_四01_ACT-4_云_J20_22#01__pilot_10033::context_end_0010,1.0,1.0,False
leave_one_view_out__fold01__candidate_327,leave_one_view_out__fold01,True,chronaris,future_maneuver_trend,20251005_四01_ACT-4_云_J20_22#01__pilot_10033::context_end_0011,0.0,1.0,False
leave_one_view_out__fold01__candidate_327,leave_one_view_out__fold01,True,chronaris,future_maneuver_trend,20251005_四01_ACT-4_云_J20_22#01__pilot_10033::context_end_0012,1.0,1.0,False
leave_one_view_out__fold01__candidate_327,leave_one_view_out__fold01,True,chronaris,physiology_residual,20251002_单01_ACT-8_翼云_J16_12#01__pilot_10035::context_end_0025,0.09029964313334625,1.7244350966070994,False
leave_one_view_out__fold01__candidate_327,leave_one_view_out__fold01,True,chronaris,physiology_residual,20251002_单01_ACT-8_翼云_J16_12#01__pilot_10035::context_end_0026,0.09795356192378978,1.9240621200117207,False
leave_one_view_out__fold01__candidate_327,leave_one_view_out__fold01,True,chronaris,physiology_residual,20251002_单01_ACT-8_翼云_J16_12#01__pilot_10035::context_end_0027,0.07806903523756296,2.139827791108309,False
leave_one_view_out__fold01__candidate_327,leave_one_view_out__fold01,True,chronaris,physiology_residual,20251002_单01_ACT-8_翼云_J16_12#01__pilot_10035::context_end_0028,0.07422921874460862,2.2624648206996594,False
leave_one_view_out__fold01__candidate_327,leave_one_view_out__fold01,True,chronaris,physiology_residual,20251002_单01_ACT-8_翼云_J16_12#01__pilot_10035::context_end_0029,0.05433990775157441,2.3945410174400994,False
leave_one_view_out__fold01__candidate_327,leave_one_view_out__fold01,True,chronaris,physiology_residual,20251002_单01_ACT-8_翼云_J16_12#01__pilot_10035::context_end_0030,0.08308128404717431,2.3560841345915224,False
leave_one_view_out__fold01__candidate_327,leave_one_view_out__fold01,True,chronaris,physiology_residual,20251005_四01_ACT-4_云_J20_22#01__pilot_10033::context_end_0007,0.22550971782914206,-1.4246975917905282,False
leave_one_view_out__fold01__candidate_327,leave_one_view_out__fold01,True,chronaris,physiology_residual,20251005_四01_ACT-4_云_J20_22#01__pilot_10033::context_end_0008,0.2953390035351672,-1.252266368951728,False
leave_one_view_out__fold01__candidate_327,leave_one_view_out__fold01,True,chronaris,physiology_residual,20251005_四01_ACT-4_云_J20_22#01__pilot_10033::context_end_0009,0.2970201299889282,-1.0394391988893785,False
leave_one_view_out__fold01__candidate_327,leave_one_view_out__fold01,True,chronaris,physiology_residual,20251005_四01_ACT-4_云_J20_22#01__pilot_10033::context_end_0010,0.13589187463991095,-0.9534531212884808,False
leave_one_view_out__fold01__candidate_327,leave_one_view_out__fold01,True,chronaris,physiology_residual,20251005_四01_ACT-4_云_J20_22#01__pilot_10033::context_end_0011,0.21893610065761063,-0.797450364381714,False
leave_one_view_out__fold01__candidate_327,leave_one_view_out__fold01,True,chronaris,physiology_residual,20251005_四01_ACT-4_云_J20_22#01__pilot_10033::context_end_0012,0.18416856481538244,-0.7122928988413529,False
leave_one_view_out__fold01__candidate_327,leave_one_view_out__fold01,True,chronaris,high_residual_response,20251002_单01_ACT-8_翼云_J16_12#01__pilot_10035::context_end_0025,0.0,0.857651084251217,False
leave_one_view_out__fold01__candidate_327,leave_one_view_out__fold01,True,chronaris,high_residual_response,20251002_单01_ACT-8_翼云_J16_12#01__pilot_10035::context_end_0026,0.0,0.9782207451200189,False
leave_one_view_out__fold01__candidate_327,leave_one_view_out__fold01,True,chronaris,high_residual_response,20251002_单01_ACT-8_翼云_J16_12#01__pilot_10035::context_end_0027,0.0,0.9746381717881355,False
leave_one_view_out__fold01__candidate_327,leave_one_view_out__fold01,True,chronaris,high_residual_response,20251002_单01_ACT-8_翼云_J16_12#01__pilot_10035::context_end_0028,0.0,0.987658391268464,False
leave_one_view_out__fold01__candidate_327,leave_one_view_out__fold01,True,chronaris,high_residual_response,20251002_单01_ACT-8_翼云_J16_12#01__pilot_10035::context_end_0029,0.0,0.9956773669690687,False
leave_one_view_out__fold01__candidate_327,leave_one_view_out__fold01,True,chronaris,high_residual_response,20251002_单01_ACT-8_翼云_J16_12#01__pilot_10035::context_end_0030,0.0,0.9892654383965138,False
leave_one_view_out__fold01__candidate_327,leave_one_view_out__fold01,True,chronaris,high_residual_response,20251005_四01_ACT-4_云_J20_22#01__pilot_10033::context_end_0007,0.0,1.0547130581021244e-13,False
leave_one_view_out__fold01__candidate_327,leave_one_view_out__fold01,True,chronaris,high_residual_response,20251005_四01_ACT-4_云_J20_22#01__pilot_10033::context_end_0008,0.0,1.3465000923906328e-13,False
leave_one_view_out__fold01__candidate_327,leave_one_view_out__fold01,True,chronaris,high_residual_response,20251005_四01_ACT-4_云_J20_22#01__pilot_10033::context_end_0009,0.0,6.820552846967694e-12,False
leave_one_view_out__fold01__candidate_327,leave_one_view_out__fold01,True,chronaris,high_residual_response,20251005_四01_ACT-4_云_J20_22#01__pilot_10033::context_end_0010,0.0,7.75780262757011e-12,False
leave_one_view_out__fold01__candidate_327,leave_one_view_out__fold01,True,chronaris,high_residual_response,20251005_四01_ACT-4_云_J20_22#01__pilot_10033::context_end_0011,0.0,6.715625599956878e-11,False
leave_one_view_out__fold01__candidate_327,leave_one_view_out__fold01,True,chronaris,high_residual_response,20251005_四01_ACT-4_云_J20_22#01__pilot_10033::context_end_0012,0.0,6.6691436274384e-10,False
legacy_diagnostic__leave_one_view_out__fold03,leave_one_view_out__fold03,False,physiology_only,future_maneuver_score,20251002_单01_ACT-8_翼云_J16_12#01__pilot_10033::context_end_0029,1.9574085708200815,-29.282883432831415,False
legacy_diagnostic__leave_one_view_out__fold03,leave_one_view_out__fold03,False,physiology_only,future_maneuver_score,20251002_单01_ACT-8_翼云_J16_12#01__pilot_10033::context_end_0030,0.9455484411849115,-34.140942295416316,False
legacy_diagnostic__leave_one_view_out__fold03,leave_one_view_out__fold03,False,physiology_only,future_maneuver_score,20251002_单01_ACT-8_翼云_J16_12#01__pilot_10033::context_end_0031,0.9997771505989073,-37.07578181190272,False
legacy_diagnostic__leave_one_view_out__fold03,leave_one_view_out__fold03,False,physiology_only,future_maneuver_score,20251002_单01_ACT-8_翼云_J16_12#01__pilot_10033::context_end_0032,1.5175126454557206,-38.87836917579014,False
legacy_diagnostic__leave_one_view_out__fold03,leave_one_view_out__fold03,False,physiology_only,future_maneuver_score,20251002_单01_ACT-8_翼云_J16_12#01__pilot_10033::context_end_0033,0.7204177327081005,-39.10088541226134,False
legacy_diagnostic__leave_one_view_out__fold03,leave_one_view_out__fold03,False,physiology_only,future_maneuver_score,20251002_单01_ACT-8_翼云_J16_12#01__pilot_10033::context_end_0034,0.6183982883669262,-39.796299432093456,False
legacy_diagnostic__leave_one_view_out__fold03,leave_one_view_out__fold03,False,physiology_only,future_maneuver_score,20251002_单01_ACT-8_翼云_J16_12#01__pilot_10033::context_end_0035,0.8532908862922148,-43.554216369532774,False
legacy_diagnostic__leave_one_view_out__fold03,leave_one_view_out__fold03,False,physiology_only,future_maneuver_score,20251002_单01_ACT-8_翼云_J16_12#01__pilot_10035::context_end_0029,1.9574085708200815,-29.282883432831415,False
legacy_diagnostic__leave_one_view_out__fold03,leave_one_view_out__fold03,False,physiology_only,future_maneuver_score,20251002_单01_ACT-8_翼云_J16_12#01__pilot_10035::context_end_0030,0.9455484411849115,-34.140944196995,False
legacy_diagnostic__leave_one_view_out__fold03,leave_one_view_out__fold03,False,physiology_only,future_maneuver_score,20251002_单01_ACT-8_翼云_J16_12#01__pilot_10035::context_end_0031,0.9997771505989073,-37.07577689103538,False
legacy_diagnostic__leave_one_view_out__fold03,leave_one_view_out__fold03,False,physiology_only,future_maneuver_score,20251002_单01_ACT-8_翼云_J16_12#01__pilot_10035::context_end_0032,1.5175126454557206,-38.878369169060846,False
legacy_diagnostic__leave_one_view_out__fold03,leave_one_view_out__fold03,False,physiology_only,future_maneuver_score,20251002_单01_ACT-8_翼云_J16_12#01__pilot_10035::context_end_0033,0.7204177327081005,-39.10088669424464,False
legacy_diagnostic__leave_one_view_out__fold03,leave_one_view_out__fold03,False,physiology_only,future_maneuver_score,20251002_单01_ACT-8_翼云_J16_12#01__pilot_10035::context_end_0034,0.6183982883669262,-39.79629794090241,False
legacy_diagnostic__leave_one_view_out__fold03,leave_one_view_out__fold03,False,physiology_only,future_maneuver_score,20251002_单01_ACT-8_翼云_J16_12#01__pilot_10035::context_end_0035,0.8532908862922148,-43.55421476522763,False
legacy_diagnostic__leave_one_view_out__fold03,leave_one_view_out__fold03,False,physiology_only,future_maneuver_trend,20251002_单01_ACT-8_翼云_J16_12#01__pilot_10033::context_end_0029,0.0,1.0,False
legacy_diagnostic__leave_one_view_out__fold03,leave_one_view_out__fold03,False,physiology_only,future_maneuver_trend,20251002_单01_ACT-8_翼云_J16_12#01__pilot_10033::context_end_0030,0.0,1.0,False
legacy_diagnostic__leave_one_view_out__fold03,leave_one_view_out__fold03,False,physiology_only,future_maneuver_trend,20251002_单01_ACT-8_翼云_J16_12#01__pilot_10033::context_end_0031,1.0,1.0,False
legacy_diagnostic__leave_one_view_out__fold03,leave_one_view_out__fold03,False,physiology_only,future_maneuver_trend,20251002_单01_ACT-8_翼云_J16_12#01__pilot_10033::context_end_0032,2.0,1.0,False
legacy_diagnostic__leave_one_view_out__fold03,leave_one_view_out__fold03,False,physiology_only,future_maneuver_trend,20251002_单01_ACT-8_翼云_J16_12#01__pilot_10033::context_end_0033,0.0,1.0,False
legacy_diagnostic__leave_one_view_out__fold03,leave_one_view_out__fold03,False,physiology_only,future_maneuver_trend,20251002_单01_ACT-8_翼云_J16_12#01__pilot_10033::context_end_0034,1.0,1.0,False
legacy_diagnostic__leave_one_view_out__fold03,leave_one_view_out__fold03,False,physiology_only,future_maneuver_trend,20251002_单01_ACT-8_翼云_J16_12#01__pilot_10033::context_end_0035,2.0,1.0,False
legacy_diagnostic__leave_one_view_out__fold03,leave_one_view_out__fold03,False,physiology_only,future_maneuver_trend,20251002_单01_ACT-8_翼云_J16_12#01__pilot_10035::context_end_0029,0.0,1.0,False
legacy_diagnostic__leave_one_view_out__fold03,leave_one_view_out__fold03,False,physiology_only,future_maneuver_trend,20251002_单01_ACT-8_翼云_J16_12#01__pilot_10035::context_end_0030,0.0,1.0,False
legacy_diagnostic__leave_one_view_out__fold03,leave_one_view_out__fold03,False,physiology_only,future_maneuver_trend,20251002_单01_ACT-8_翼云_J16_12#01__pilot_10035::context_end_0031,1.0,1.0,False
legacy_diagnostic__leave_one_view_out__fold03,leave_one_view_out__fold03,False,physiology_only,future_maneuver_trend,20251002_单01_ACT-8_翼云_J16_12#01__pilot_10035::context_end_0032,2.0,1.0,False
legacy_diagnostic__leave_one_view_out__fold03,leave_one_view_out__fold03,False,physiology_only,future_maneuver_trend,20251002_单01_ACT-8_翼云_J16_12#01__pilot_10035::context_end_0033,0.0,1.0,False
legacy_diagnostic__leave_one_view_out__fold03,leave_one_view_out__fold03,False,physiology_only,future_maneuver_trend,20251002_单01_ACT-8_翼云_J16_12#01__pilot_10035::context_end_0034,1.0,1.0,False
legacy_diagnostic__leave_one_view_out__fold03,leave_one_view_out__fold03,False,physiology_only,future_maneuver_trend,20251002_单01_ACT-8_翼云_J16_12#01__pilot_10035::context_end_0035,2.0,1.0,False
legacy_diagnostic__leave_one_view_out__fold03,leave_one_view_out__fold03,False,physiology_only,physiology_residual,20251002_单01_ACT-8_翼云_J16_12#01__pilot_10033::context_end_0029,3.5500823627136833,-0.8909147374101483,False
legacy_diagnostic__leave_one_view_out__fold03,leave_one_view_out__fold03,False,physiology_only,physiology_residual,20251002_单01_ACT-8_翼云_J16_12#01__pilot_10033::context_end_0030,3.642612187932589,-0.7019074824545537,False
legacy_diagnostic__leave_one_view_out__fold03,leave_one_view_out__fold03,False,physiology_only,physiology_residual,20251002_单01_ACT-8_翼云_J16_12#01__pilot_10033::context_end_0031,4.485999240029795,-1.1449464478568288,False
legacy_diagnostic__leave_one_view_out__fold03,leave_one_view_out__fold03,False,physiology_only,physiology_residual,20251002_单01_ACT-8_翼云_J16_12#01__pilot_10033::context_end_0032,5.108293519278778,-1.3380153451602326,False
legacy_diagnostic__leave_one_view_out__fold03,leave_one_view_out__fold03,False,physiology_only,physiology_residual,20251002_单01_ACT-8_翼云_J16_12#01__pilot_10033::context_end_0033,4.453144662086309,-1.5253655615361776,False
legacy_diagnostic__leave_one_view_out__fold03,leave_one_view_out__fold03,False,physiology_only,physiology_residual,20251002_单01_ACT-8_翼云_J16_12#01__pilot_10033::context_end_0034,5.087367217009107,-1.5778286893421172,False
legacy_diagnostic__leave_one_view_out__fold03,leave_one_view_out__fold03,False,physiology_only,physiology_residual,20251002_单01_ACT-8_翼云_J16_12#01__pilot_10033::context_end_0035,3.8206545885684258,-2.2544393172649784,False
legacy_diagnostic__leave_one_view_out__fold03,leave_one_view_out__fold03,False,physiology_only,physiology_residual,20251002_单01_ACT-8_翼云_J16_12#01__pilot_10035::context_end_0029,3.5500823627136833,-0.8909147374101483,False
legacy_diagnostic__leave_one_view_out__fold03,leave_one_view_out__fold03,False,physiology_only,physiology_residual,20251002_单01_ACT-8_翼云_J16_12#01__pilot_10035::context_end_0030,3.642612187932589,-0.7019067356327662,False
legacy_diagnostic__leave_one_view_out__fold03,leave_one_view_out__fold03,False,physiology_only,physiology_residual,20251002_单01_ACT-8_翼云_J16_12#01__pilot_10035::context_end_0031,4.485999240029795,-1.1449472065468933,False
legacy_diagnostic__leave_one_view_out__fold03,leave_one_view_out__fold03,False,physiology_only,physiology_residual,20251002_单01_ACT-8_翼云_J16_12#01__pilot_10035::context_end_0032,5.108293519278778,-1.3380154123027064,False
legacy_diagnostic__leave_one_view_out__fold03,leave_one_view_out__fold03,False,physiology_only,physiology_residual,20251002_单01_ACT-8_翼云_J16_12#01__pilot_10035::context_end_0033,4.453144662086309,-1.5253652420972104,False
legacy_diagnostic__leave_one_view_out__fold03,leave_one_view_out__fold03,False,physiology_only,physiology_residual,20251002_单01_ACT-8_翼云_J16_12#01__pilot_10035::context_end_0034,5.087367217009107,-1.5778287570450609,False
legacy_diagnostic__leave_one_view_out__fold03,leave_one_view_out__fold03,False,physiology_only,physiology_residual,20251002_单01_ACT-8_翼云_J16_12#01__pilot_10035::context_end_0035,3.8206545885684258,-2.2544386662671494,False
legacy_diagnostic__leave_one_view_out__fold03,leave_one_view_out__fold03,False,physiology_only,high_residual_response,20251002_单01_ACT-8_翼云_J16_12#01__pilot_10033::context_end_0029,1.0,3.945264564871411e-21,False
legacy_diagnostic__leave_one_view_out__fold03,leave_one_view_out__fold03,False,physiology_only,high_residual_response,20251002_单01_ACT-8_翼云_J16_12#01__pilot_10033::context_end_0030,1.0,7.287308197753085e-20,False
legacy_diagnostic__leave_one_view_out__fold03,leave_one_view_out__fold03,False,physiology_only,high_residual_response,20251002_单01_ACT-8_翼云_J16_12#01__pilot_10033::context_end_0031,1.0,1.7736606160596582e-17,False
legacy_diagnostic__leave_one_view_out__fold03,leave_one_view_out__fold03,False,physiology_only,high_residual_response,20251002_单01_ACT-8_翼云_J16_12#01__pilot_10033::context_end_0032,1.0,3.7900162012554125e-13,False
legacy_diagnostic__leave_one_view_out__fold03,leave_one_view_out__fold03,False,physiology_only,high_residual_response,20251002_单01_ACT-8_翼云_J16_12#01__pilot_10033::context_end_0033,1.0,7.324295305331366e-16,False
legacy_diagnostic__leave_one_view_out__fold03,leave_one_view_out__fold03,False,physiology_only,high_residual_response,20251002_单01_ACT-8_翼云_J16_12#01__pilot_10033::context_end_0034,1.0,1.1336626724354323e-19,False
legacy_diagnostic__leave_one_view_out__fold03,leave_one_view_out__fold03,False,physiology_only,high_residual_response,20251002_单01_ACT-8_翼云_J16_12#01__pilot_10033::context_end_0035,1.0,3.117881219427411e-26,False
legacy_diagnostic__leave_one_view_out__fold03,leave_one_view_out__fold03,False,physiology_only,high_residual_response,20251002_单01_ACT-8_翼云_J16_12#01__pilot_10035::context_end_0029,1.0,3.945264564871411e-21,False
legacy_diagnostic__leave_one_view_out__fold03,leave_one_view_out__fold03,False,physiology_only,high_residual_response,20251002_单01_ACT-8_翼云_J16_12#01__pilot_10035::context_end_0030,1.0,7.287342436187532e-20,False
legacy_diagnostic__leave_one_view_out__fold03,leave_one_view_out__fold03,False,physiology_only,high_residual_response,20251002_单01_ACT-8_翼云_J16_12#01__pilot_10035::context_end_0031,1.0,1.773644941445033e-17,False
legacy_diagnostic__leave_one_view_out__fold03,leave_one_view_out__fold03,False,physiology_only,high_residual_response,20251002_单01_ACT-8_翼云_J16_12#01__pilot_10035::context_end_0032,1.0,3.7900268608381664e-13,False
legacy_diagnostic__leave_one_view_out__fold03,leave_one_view_out__fold03,False,physiology_only,high_residual_response,20251002_单01_ACT-8_翼云_J16_12#01__pilot_10035::context_end_0033,1.0,7.324312862575338e-16,False
legacy_diagnostic__leave_one_view_out__fold03,leave_one_view_out__fold03,False,physiology_only,high_residual_response,20251002_单01_ACT-8_翼云_J16_12#01__pilot_10035::context_end_0034,1.0,1.1336494796008718e-19,False
legacy_diagnostic__leave_one_view_out__fold03,leave_one_view_out__fold03,False,physiology_only,high_residual_response,20251002_单01_ACT-8_翼云_J16_12#01__pilot_10035::context_end_0035,1.0,3.117910059394174e-26,False
legacy_diagnostic__leave_one_view_out__fold03,leave_one_view_out__fold03,False,vehicle_only,future_maneuver_score,20251002_单01_ACT-8_翼云_J16_12#01__pilot_10033::context_end_0029,1.9574085708200815,-11.97018658007905,False
legacy_diagnostic__leave_one_view_out__fold03,leave_one_view_out__fold03,False,vehicle_only,future_maneuver_score,20251002_单01_ACT-8_翼云_J16_12#01__pilot_10033::context_end_0030,0.9455484411849115,-13.166674558023614,False
legacy_diagnostic__leave_one_view_out__fold03,leave_one_view_out__fold03,False,vehicle_only,future_maneuver_score,20251002_单01_ACT-8_翼云_J16_12#01__pilot_10033::context_end_0031,0.9997771505989073,-16.474471200289827,False
legacy_diagnostic__leave_one_view_out__fold03,leave_one_view_out__fold03,False,vehicle_only,future_maneuver_score,20251002_单01_ACT-8_翼云_J16_12#01__pilot_10033::context_end_0032,1.5175126454557206,-18.73121915822476,False
legacy_diagnostic__leave_one_view_out__fold03,leave_one_view_out__fold03,False,vehicle_only,future_maneuver_score,20251002_单01_ACT-8_翼云_J16_12#01__pilot_10033::context_end_0033,0.7204177327081005,-19.53202870471062,False
legacy_diagnostic__leave_one_view_out__fold03,leave_one_view_out__fold03,False,vehicle_only,future_maneuver_score,20251002_单01_ACT-8_翼云_J16_12#01__pilot_10033::context_end_0034,0.6183982883669262,-19.103242144850487,False
legacy_diagnostic__leave_one_view_out__fold03,leave_one_view_out__fold03,False,vehicle_only,future_maneuver_score,20251002_单01_ACT-8_翼云_J16_12#01__pilot_10033::context_end_0035,0.8532908862922148,-18.979645565294604,False
legacy_diagnostic__leave_one_view_out__fold03,leave_one_view_out__fold03,False,vehicle_only,future_maneuver_score,20251002_单01_ACT-8_翼云_J16_12#01__pilot_10035::context_end_0029,1.9574085708200815,-11.97018658007905,False
legacy_diagnostic__leave_one_view_out__fold03,leave_one_view_out__fold03,False,vehicle_only,future_maneuver_score,20251002_单01_ACT-8_翼云_J16_12#01__pilot_10035::context_end_0030,0.9455484411849115,-13.16667509811118,False
legacy_diagnostic__leave_one_view_out__fold03,leave_one_view_out__fold03,False,vehicle_only,future_maneuver_score,20251002_单01_ACT-8_翼云_J16_12#01__pilot_10035::context_end_0031,0.9997771505989073,-16.47447182522645,False
legacy_diagnostic__leave_one_view_out__fold03,leave_one_view_out__fold03,False,vehicle_only,future_maneuver_score,20251002_单01_ACT-8_翼云_J16_12#01__pilot_10035::context_end_0032,1.5175126454557206,-18.731219808301088,False
legacy_diagnostic__leave_one_view_out__fold03,leave_one_view_out__fold03,False,vehicle_only,future_maneuver_score,20251002_单01_ACT-8_翼云_J16_12#01__pilot_10035::context_end_0033,0.7204177327081005,-19.532031303470397,False
legacy_diagnostic__leave_one_view_out__fold03,leave_one_view_out__fold03,False,vehicle_only,future_maneuver_score,20251002_单01_ACT-8_翼云_J16_12#01__pilot_10035::context_end_0034,0.6183982883669262,-19.103242538126175,False
legacy_diagnostic__leave_one_view_out__fold03,leave_one_view_out__fold03,False,vehicle_only,future_maneuver_score,20251002_单01_ACT-8_翼云_J16_12#01__pilot_10035::context_end_0035,0.8532908862922148,-18.97964778644562,False
legacy_diagnostic__leave_one_view_out__fold03,leave_one_view_out__fold03,False,vehicle_only,future_maneuver_trend,20251002_单01_ACT-8_翼云_J16_12#01__pilot_10033::context_end_0029,0.0,0.0,False
legacy_diagnostic__leave_one_view_out__fold03,leave_one_view_out__fold03,False,vehicle_only,future_maneuver_trend,20251002_单01_ACT-8_翼云_J16_12#01__pilot_10033::context_end_0030,0.0,0.0,False
legacy_diagnostic__leave_one_view_out__fold03,leave_one_view_out__fold03,False,vehicle_only,future_maneuver_trend,20251002_单01_ACT-8_翼云_J16_12#01__pilot_10033::context_end_0031,1.0,0.0,False
legacy_diagnostic__leave_one_view_out__fold03,leave_one_view_out__fold03,False,vehicle_only,future_maneuver_trend,20251002_单01_ACT-8_翼云_J16_12#01__pilot_10033::context_end_0032,2.0,0.0,False
legacy_diagnostic__leave_one_view_out__fold03,leave_one_view_out__fold03,False,vehicle_only,future_maneuver_trend,20251002_单01_ACT-8_翼云_J16_12#01__pilot_10033::context_end_0033,0.0,0.0,False
legacy_diagnostic__leave_one_view_out__fold03,leave_one_view_out__fold03,False,vehicle_only,future_maneuver_trend,20251002_单01_ACT-8_翼云_J16_12#01__pilot_10033::context_end_0034,1.0,0.0,False
legacy_diagnostic__leave_one_view_out__fold03,leave_one_view_out__fold03,False,vehicle_only,future_maneuver_trend,20251002_单01_ACT-8_翼云_J16_12#01__pilot_10033::context_end_0035,2.0,2.0,False
legacy_diagnostic__leave_one_view_out__fold03,leave_one_view_out__fold03,False,vehicle_only,future_maneuver_trend,20251002_单01_ACT-8_翼云_J16_12#01__pilot_10035::context_end_0029,0.0,0.0,False
legacy_diagnostic__leave_one_view_out__fold03,leave_one_view_out__fold03,False,vehicle_only,future_maneuver_trend,20251002_单01_ACT-8_翼云_J16_12#01__pilot_10035::context_end_0030,0.0,0.0,False
legacy_diagnostic__leave_one_view_out__fold03,leave_one_view_out__fold03,False,vehicle_only,future_maneuver_trend,20251002_单01_ACT-8_翼云_J16_12#01__pilot_10035::context_end_0031,1.0,0.0,False
legacy_diagnostic__leave_one_view_out__fold03,leave_one_view_out__fold03,False,vehicle_only,future_maneuver_trend,20251002_单01_ACT-8_翼云_J16_12#01__pilot_10035::context_end_0032,2.0,0.0,False
legacy_diagnostic__leave_one_view_out__fold03,leave_one_view_out__fold03,False,vehicle_only,future_maneuver_trend,20251002_单01_ACT-8_翼云_J16_12#01__pilot_10035::context_end_0033,0.0,0.0,False
legacy_diagnostic__leave_one_view_out__fold03,leave_one_view_out__fold03,False,vehicle_only,future_maneuver_trend,20251002_单01_ACT-8_翼云_J16_12#01__pilot_10035::context_end_0034,1.0,0.0,False
legacy_diagnostic__leave_one_view_out__fold03,leave_one_view_out__fold03,False,vehicle_only,future_maneuver_trend,20251002_单01_ACT-8_翼云_J16_12#01__pilot_10035::context_end_0035,2.0,2.0,False
legacy_diagnostic__leave_one_view_out__fold03,leave_one_view_out__fold03,False,vehicle_only,physiology_residual,20251002_单01_ACT-8_翼云_J16_12#01__pilot_10033::context_end_0029,3.5500823627136833,1.8568558564190387,False
legacy_diagnostic__leave_one_view_out__fold03,leave_one_view_out__fold03,False,vehicle_only,physiology_residual,20251002_单01_ACT-8_翼云_J16_12#01__pilot_10033::context_end_0030,3.642612187932589,1.9065413318241002,False
legacy_diagnostic__leave_one_view_out__fold03,leave_one_view_out__fold03,False,vehicle_only,physiology_residual,20251002_单01_ACT-8_翼云_J16_12#01__pilot_10033::context_end_0031,4.485999240029795,2.341017225748338,False
legacy_diagnostic__leave_one_view_out__fold03,leave_one_view_out__fold03,False,vehicle_only,physiology_residual,20251002_单01_ACT-8_翼云_J16_12#01__pilot_10033::context_end_0032,5.108293519278778,2.4970723385956335,False
legacy_diagnostic__leave_one_view_out__fold03,leave_one_view_out__fold03,False,vehicle_only,physiology_residual,20251002_单01_ACT-8_翼云_J16_12#01__pilot_10033::context_end_0033,4.453144662086309,2.3536446829580964,False
legacy_diagnostic__leave_one_view_out__fold03,leave_one_view_out__fold03,False,vehicle_only,physiology_residual,20251002_单01_ACT-8_翼云_J16_12#01__pilot_10033::context_end_0034,5.087367217009107,2.418604292343902,False
legacy_diagnostic__leave_one_view_out__fold03,leave_one_view_out__fold03,False,vehicle_only,physiology_residual,20251002_单01_ACT-8_翼云_J16_12#01__pilot_10033::context_end_0035,3.8206545885684258,2.4493615904110047,False
legacy_diagnostic__leave_one_view_out__fold03,leave_one_view_out__fold03,False,vehicle_only,physiology_residual,20251002_单01_ACT-8_翼云_J16_12#01__pilot_10035::context_end_0029,3.5500823627136833,1.8568558564190387,False
legacy_diagnostic__leave_one_view_out__fold03,leave_one_view_out__fold03,False,vehicle_only,physiology_residual,20251002_单01_ACT-8_翼云_J16_12#01__pilot_10035::context_end_0030,3.642612187932589,1.9065412980039265,False
legacy_diagnostic__leave_one_view_out__fold03,leave_one_view_out__fold03,False,vehicle_only,physiology_residual,20251002_单01_ACT-8_翼云_J16_12#01__pilot_10035::context_end_0031,4.485999240029795,2.3410173376221577,False
legacy_diagnostic__leave_one_view_out__fold03,leave_one_view_out__fold03,False,vehicle_only,physiology_residual,20251002_单01_ACT-8_翼云_J16_12#01__pilot_10035::context_end_0032,5.108293519278778,2.4970723879186014,False
legacy_diagnostic__leave_one_view_out__fold03,leave_one_view_out__fold03,False,vehicle_only,physiology_residual,20251002_单01_ACT-8_翼云_J16_12#01__pilot_10035::context_end_0033,4.453144662086309,2.3536446475750594,False
legacy_diagnostic__leave_one_view_out__fold03,leave_one_view_out__fold03,False,vehicle_only,physiology_residual,20251002_单01_ACT-8_翼云_J16_12#01__pilot_10035::context_end_0034,5.087367217009107,2.4186043598443776,False
legacy_diagnostic__leave_one_view_out__fold03,leave_one_view_out__fold03,False,vehicle_only,physiology_residual,20251002_单01_ACT-8_翼云_J16_12#01__pilot_10035::context_end_0035,3.8206545885684258,2.4493618571605116,False
legacy_diagnostic__leave_one_view_out__fold03,leave_one_view_out__fold03,False,vehicle_only,high_residual_response,20251002_单01_ACT-8_翼云_J16_12#01__pilot_10033::context_end_0029,1.0,0.9999999996970088,False
legacy_diagnostic__leave_one_view_out__fold03,leave_one_view_out__fold03,False,vehicle_only,high_residual_response,20251002_单01_ACT-8_翼云_J16_12#01__pilot_10033::context_end_0030,1.0,0.9999999999785676,False
legacy_diagnostic__leave_one_view_out__fold03,leave_one_view_out__fold03,False,vehicle_only,high_residual_response,20251002_单01_ACT-8_翼云_J16_12#01__pilot_10033::context_end_0031,1.0,0.9999999999998666,False
legacy_diagnostic__leave_one_view_out__fold03,leave_one_view_out__fold03,False,vehicle_only,high_residual_response,20251002_单01_ACT-8_翼云_J16_12#01__pilot_10033::context_end_0032,1.0,0.9999999999999976,False
legacy_diagnostic__leave_one_view_out__fold03,leave_one_view_out__fold03,False,vehicle_only,high_residual_response,20251002_单01_ACT-8_翼云_J16_12#01__pilot_10033::context_end_0033,1.0,0.999999999999998,False
legacy_diagnostic__leave_one_view_out__fold03,leave_one_view_out__fold03,False,vehicle_only,high_residual_response,20251002_单01_ACT-8_翼云_J16_12#01__pilot_10033::context_end_0034,1.0,0.9999999999999998,False
legacy_diagnostic__leave_one_view_out__fold03,leave_one_view_out__fold03,False,vehicle_only,high_residual_response,20251002_单01_ACT-8_翼云_J16_12#01__pilot_10033::context_end_0035,1.0,0.9999999999999991,False
legacy_diagnostic__leave_one_view_out__fold03,leave_one_view_out__fold03,False,vehicle_only,high_residual_response,20251002_单01_ACT-8_翼云_J16_12#01__pilot_10035::context_end_0029,1.0,0.9999999996970088,False
legacy_diagnostic__leave_one_view_out__fold03,leave_one_view_out__fold03,False,vehicle_only,high_residual_response,20251002_单01_ACT-8_翼云_J16_12#01__pilot_10035::context_end_0030,1.0,0.9999999999785676,False
legacy_diagnostic__leave_one_view_out__fold03,leave_one_view_out__fold03,False,vehicle_only,high_residual_response,20251002_单01_ACT-8_翼云_J16_12#01__pilot_10035::context_end_0031,1.0,0.9999999999998666,False
legacy_diagnostic__leave_one_view_out__fold03,leave_one_view_out__fold03,False,vehicle_only,high_residual_response,20251002_单01_ACT-8_翼云_J16_12#01__pilot_10035::context_end_0032,1.0,0.9999999999999976,False
legacy_diagnostic__leave_one_view_out__fold03,leave_one_view_out__fold03,False,vehicle_only,high_residual_response,20251002_单01_ACT-8_翼云_J16_12#01__pilot_10035::context_end_0033,1.0,0.999999999999998,False
legacy_diagnostic__leave_one_view_out__fold03,leave_one_view_out__fold03,False,vehicle_only,high_residual_response,20251002_单01_ACT-8_翼云_J16_12#01__pilot_10035::context_end_0034,1.0,0.9999999999999998,False
legacy_diagnostic__leave_one_view_out__fold03,leave_one_view_out__fold03,False,vehicle_only,high_residual_response,20251002_单01_ACT-8_翼云_J16_12#01__pilot_10035::context_end_0035,1.0,0.9999999999999991,False
legacy_diagnostic__leave_one_view_out__fold03,leave_one_view_out__fold03,False,naive_time_sync,future_maneuver_score,20251002_单01_ACT-8_翼云_J16_12#01__pilot_10033::context_end_0029,1.9574085708200815,-14.40179114304813,False
legacy_diagnostic__leave_one_view_out__fold03,leave_one_view_out__fold03,False,naive_time_sync,future_maneuver_score,20251002_单01_ACT-8_翼云_J16_12#01__pilot_10033::context_end_0030,0.9455484411849115,-17.805574167411052,False
legacy_diagnostic__leave_one_view_out__fold03,leave_one_view_out__fold03,False,naive_time_sync,future_maneuver_score,20251002_单01_ACT-8_翼云_J16_12#01__pilot_10033::context_end_0031,0.9997771505989073,-21.620674489787014,False
legacy_diagnostic__leave_one_view_out__fold03,leave_one_view_out__fold03,False,naive_time_sync,future_maneuver_score,20251002_单01_ACT-8_翼云_J16_12#01__pilot_10033::context_end_0032,1.5175126454557206,-24.342100035997884,False
legacy_diagnostic__leave_one_view_out__fold03,leave_one_view_out__fold03,False,naive_time_sync,future_maneuver_score,20251002_单01_ACT-8_翼云_J16_12#01__pilot_10033::context_end_0033,0.7204177327081005,-24.374843898740853,False
legacy_diagnostic__leave_one_view_out__fold03,leave_one_view_out__fold03,False,naive_time_sync,future_maneuver_score,20251002_单01_ACT-8_翼云_J16_12#01__pilot_10033::context_end_0034,0.6183982883669262,-24.18379013004472,False
legacy_diagnostic__leave_one_view_out__fold03,leave_one_view_out__fold03,False,naive_time_sync,future_maneuver_score,20251002_单01_ACT-8_翼云_J16_12#01__pilot_10033::context_end_0035,0.8532908862922148,-25.670112902463707,False
legacy_diagnostic__leave_one_view_out__fold03,leave_one_view_out__fold03,False,naive_time_sync,future_maneuver_score,20251002_单01_ACT-8_翼云_J16_12#01__pilot_10035::context_end_0029,1.9574085708200815,-14.40179114304813,False
legacy_diagnostic__leave_one_view_out__fold03,leave_one_view_out__fold03,False,naive_time_sync,future_maneuver_score,20251002_单01_ACT-8_翼云_J16_12#01__pilot_10035::context_end_0030,0.9455484411849115,-17.805574167411052,False
legacy_diagnostic__leave_one_view_out__fold03,leave_one_view_out__fold03,False,naive_time_sync,future_maneuver_score,20251002_单01_ACT-8_翼云_J16_12#01__pilot_10035::context_end_0031,0.9997771505989073,-21.620674489787014,False
legacy_diagnostic__leave_one_view_out__fold03,leave_one_view_out__fold03,False,naive_time_sync,future_maneuver_score,20251002_单01_ACT-8_翼云_J16_12#01__pilot_10035::context_end_0032,1.5175126454557206,-24.342100035997884,False
legacy_diagnostic__leave_one_view_out__fold03,leave_one_view_out__fold03,False,naive_time_sync,future_maneuver_score,20251002_单01_ACT-8_翼云_J16_12#01__pilot_10035::context_end_0033,0.7204177327081005,-24.374843898740853,False
legacy_diagnostic__leave_one_view_out__fold03,leave_one_view_out__fold03,False,naive_time_sync,future_maneuver_score,20251002_单01_ACT-8_翼云_J16_12#01__pilot_10035::context_end_0034,0.6183982883669262,-24.18379013004472,False
legacy_diagnostic__leave_one_view_out__fold03,leave_one_view_out__fold03,False,naive_time_sync,future_maneuver_score,20251002_单01_ACT-8_翼云_J16_12#01__pilot_10035::context_end_0035,0.8532908862922148,-25.670112902463714,False
legacy_diagnostic__leave_one_view_out__fold03,leave_one_view_out__fold03,False,naive_time_sync,future_maneuver_trend,20251002_单01_ACT-8_翼云_J16_12#01__pilot_10033::context_end_0029,0.0,0.0,False
legacy_diagnostic__leave_one_view_out__fold03,leave_one_view_out__fold03,False,naive_time_sync,future_maneuver_trend,20251002_单01_ACT-8_翼云_J16_12#01__pilot_10033::context_end_0030,0.0,0.0,False
legacy_diagnostic__leave_one_view_out__fold03,leave_one_view_out__fold03,False,naive_time_sync,future_maneuver_trend,20251002_单01_ACT-8_翼云_J16_12#01__pilot_10033::context_end_0031,1.0,0.0,False
legacy_diagnostic__leave_one_view_out__fold03,leave_one_view_out__fold03,False,naive_time_sync,future_maneuver_trend,20251002_单01_ACT-8_翼云_J16_12#01__pilot_10033::context_end_0032,2.0,0.0,False
legacy_diagnostic__leave_one_view_out__fold03,leave_one_view_out__fold03,False,naive_time_sync,future_maneuver_trend,20251002_单01_ACT-8_翼云_J16_12#01__pilot_10033::context_end_0033,0.0,0.0,False
legacy_diagnostic__leave_one_view_out__fold03,leave_one_view_out__fold03,False,naive_time_sync,future_maneuver_trend,20251002_单01_ACT-8_翼云_J16_12#01__pilot_10033::context_end_0034,1.0,0.0,False
legacy_diagnostic__leave_one_view_out__fold03,leave_one_view_out__fold03,False,naive_time_sync,future_maneuver_trend,20251002_单01_ACT-8_翼云_J16_12#01__pilot_10033::context_end_0035,2.0,2.0,False
legacy_diagnostic__leave_one_view_out__fold03,leave_one_view_out__fold03,False,naive_time_sync,future_maneuver_trend,20251002_单01_ACT-8_翼云_J16_12#01__pilot_10035::context_end_0029,0.0,0.0,False
legacy_diagnostic__leave_one_view_out__fold03,leave_one_view_out__fold03,False,naive_time_sync,future_maneuver_trend,20251002_单01_ACT-8_翼云_J16_12#01__pilot_10035::context_end_0030,0.0,0.0,False
legacy_diagnostic__leave_one_view_out__fold03,leave_one_view_out__fold03,False,naive_time_sync,future_maneuver_trend,20251002_单01_ACT-8_翼云_J16_12#01__pilot_10035::context_end_0031,1.0,0.0,False
legacy_diagnostic__leave_one_view_out__fold03,leave_one_view_out__fold03,False,naive_time_sync,future_maneuver_trend,20251002_单01_ACT-8_翼云_J16_12#01__pilot_10035::context_end_0032,2.0,0.0,False
legacy_diagnostic__leave_one_view_out__fold03,leave_one_view_out__fold03,False,naive_time_sync,future_maneuver_trend,20251002_单01_ACT-8_翼云_J16_12#01__pilot_10035::context_end_0033,0.0,0.0,False
legacy_diagnostic__leave_one_view_out__fold03,leave_one_view_out__fold03,False,naive_time_sync,future_maneuver_trend,20251002_单01_ACT-8_翼云_J16_12#01__pilot_10035::context_end_0034,1.0,0.0,False
legacy_diagnostic__leave_one_view_out__fold03,leave_one_view_out__fold03,False,naive_time_sync,future_maneuver_trend,20251002_单01_ACT-8_翼云_J16_12#01__pilot_10035::context_end_0035,2.0,2.0,False
legacy_diagnostic__leave_one_view_out__fold03,leave_one_view_out__fold03,False,naive_time_sync,physiology_residual,20251002_单01_ACT-8_翼云_J16_12#01__pilot_10033::context_end_0029,3.5500823627136833,3.3418063755706546,False
legacy_diagnostic__leave_one_view_out__fold03,leave_one_view_out__fold03,False,naive_time_sync,physiology_residual,20251002_单01_ACT-8_翼云_J16_12#01__pilot_10033::context_end_0030,3.642612187932589,2.534262827913743,False
legacy_diagnostic__leave_one_view_out__fold03,leave_one_view_out__fold03,False,naive_time_sync,physiology_residual,20251002_单01_ACT-8_翼云_J16_12#01__pilot_10033::context_end_0031,4.485999240029795,2.0596261337771296,False
legacy_diagnostic__leave_one_view_out__fold03,leave_one_view_out__fold03,False,naive_time_sync,physiology_residual,20251002_单01_ACT-8_翼云_J16_12#01__pilot_10033::context_end_0032,5.108293519278778,2.1720206411988014,False
legacy_diagnostic__leave_one_view_out__fold03,leave_one_view_out__fold03,False,naive_time_sync,physiology_residual,20251002_单01_ACT-8_翼云_J16_12#01__pilot_10033::context_end_0033,4.453144662086309,2.1456261790683655,False
legacy_diagnostic__leave_one_view_out__fold03,leave_one_view_out__fold03,False,naive_time_sync,physiology_residual,20251002_单01_ACT-8_翼云_J16_12#01__pilot_10033::context_end_0034,5.087367217009107,2.0028495399525523,False
legacy_diagnostic__leave_one_view_out__fold03,leave_one_view_out__fold03,False,naive_time_sync,physiology_residual,20251002_单01_ACT-8_翼云_J16_12#01__pilot_10033::context_end_0035,3.8206545885684258,2.192447984955204,False
legacy_diagnostic__leave_one_view_out__fold03,leave_one_view_out__fold03,False,naive_time_sync,physiology_residual,20251002_单01_ACT-8_翼云_J16_12#01__pilot_10035::context_end_0029,3.5500823627136833,3.3418063755706546,False
legacy_diagnostic__leave_one_view_out__fold03,leave_one_view_out__fold03,False,naive_time_sync,physiology_residual,20251002_单01_ACT-8_翼云_J16_12#01__pilot_10035::context_end_0030,3.642612187932589,2.534262827913743,False
legacy_diagnostic__leave_one_view_out__fold03,leave_one_view_out__fold03,False,naive_time_sync,physiology_residual,20251002_单01_ACT-8_翼云_J16_12#01__pilot_10035::context_end_0031,4.485999240029795,2.0596261337771296,False
legacy_diagnostic__leave_one_view_out__fold03,leave_one_view_out__fold03,False,naive_time_sync,physiology_residual,20251002_单01_ACT-8_翼云_J16_12#01__pilot_10035::context_end_0032,5.108293519278778,2.1720206411988014,False
legacy_diagnostic__leave_one_view_out__fold03,leave_one_view_out__fold03,False,naive_time_sync,physiology_residual,20251002_单01_ACT-8_翼云_J16_12#01__pilot_10035::context_end_0033,4.453144662086309,2.1456261790683655,False
legacy_diagnostic__leave_one_view_out__fold03,leave_one_view_out__fold03,False,naive_time_sync,physiology_residual,20251002_单01_ACT-8_翼云_J16_12#01__pilot_10035::context_end_0034,5.087367217009107,2.0028495399525523,False
legacy_diagnostic__leave_one_view_out__fold03,leave_one_view_out__fold03,False,naive_time_sync,physiology_residual,20251002_单01_ACT-8_翼云_J16_12#01__pilot_10035::context_end_0035,3.8206545885684258,2.1924479849552037,False
legacy_diagnostic__leave_one_view_out__fold03,leave_one_view_out__fold03,False,naive_time_sync,high_residual_response,20251002_单01_ACT-8_翼云_J16_12#01__pilot_10033::context_end_0029,1.0,0.9999999964604627,False
legacy_diagnostic__leave_one_view_out__fold03,leave_one_view_out__fold03,False,naive_time_sync,high_residual_response,20251002_单01_ACT-8_翼云_J16_12#01__pilot_10033::context_end_0030,1.0,0.9999997012125292,False
legacy_diagnostic__leave_one_view_out__fold03,leave_one_view_out__fold03,False,naive_time_sync,high_residual_response,20251002_单01_ACT-8_翼云_J16_12#01__pilot_10033::context_end_0031,1.0,0.9999710512523359,False
legacy_diagnostic__leave_one_view_out__fold03,leave_one_view_out__fold03,False,naive_time_sync,high_residual_response,20251002_单01_ACT-8_翼云_J16_12#01__pilot_10033::context_end_0032,1.0,0.9999812298782319,False
legacy_diagnostic__leave_one_view_out__fold03,leave_one_view_out__fold03,False,naive_time_sync,high_residual_response,20251002_单01_ACT-8_翼云_J16_12#01__pilot_10033::context_end_0033,1.0,0.9999699753113324,False
legacy_diagnostic__leave_one_view_out__fold03,leave_one_view_out__fold03,False,naive_time_sync,high_residual_response,20251002_单01_ACT-8_翼云_J16_12#01__pilot_10033::context_end_0034,1.0,0.9999902817439988,False
legacy_diagnostic__leave_one_view_out__fold03,leave_one_view_out__fold03,False,naive_time_sync,high_residual_response,20251002_单01_ACT-8_翼云_J16_12#01__pilot_10033::context_end_0035,1.0,0.9999994906051476,False
legacy_diagnostic__leave_one_view_out__fold03,leave_one_view_out__fold03,False,naive_time_sync,high_residual_response,20251002_单01_ACT-8_翼云_J16_12#01__pilot_10035::context_end_0029,1.0,0.9999999964604627,False
legacy_diagnostic__leave_one_view_out__fold03,leave_one_view_out__fold03,False,naive_time_sync,high_residual_response,20251002_单01_ACT-8_翼云_J16_12#01__pilot_10035::context_end_0030,1.0,0.9999997012125292,False
legacy_diagnostic__leave_one_view_out__fold03,leave_one_view_out__fold03,False,naive_time_sync,high_residual_response,20251002_单01_ACT-8_翼云_J16_12#01__pilot_10035::context_end_0031,1.0,0.9999710512523359,False
legacy_diagnostic__leave_one_view_out__fold03,leave_one_view_out__fold03,False,naive_time_sync,high_residual_response,20251002_单01_ACT-8_翼云_J16_12#01__pilot_10035::context_end_0032,1.0,0.9999812298782319,False
legacy_diagnostic__leave_one_view_out__fold03,leave_one_view_out__fold03,False,naive_time_sync,high_residual_response,20251002_单01_ACT-8_翼云_J16_12#01__pilot_10035::context_end_0033,1.0,0.9999699753113324,False
legacy_diagnostic__leave_one_view_out__fold03,leave_one_view_out__fold03,False,naive_time_sync,high_residual_response,20251002_单01_ACT-8_翼云_J16_12#01__pilot_10035::context_end_0034,1.0,0.9999902817439988,False
legacy_diagnostic__leave_one_view_out__fold03,leave_one_view_out__fold03,False,naive_time_sync,high_residual_response,20251002_单01_ACT-8_翼云_J16_12#01__pilot_10035::context_end_0035,1.0,0.9999994906051476,False
legacy_diagnostic__leave_one_view_out__fold03,leave_one_view_out__fold03,False,mult,future_maneuver_score,20251002_单01_ACT-8_翼云_J16_12#01__pilot_10033::context_end_0029,1.9574085708200815,-20.950843911342204,False
legacy_diagnostic__leave_one_view_out__fold03,leave_one_view_out__fold03,False,mult,future_maneuver_score,20251002_单01_ACT-8_翼云_J16_12#01__pilot_10033::context_end_0030,0.9455484411849115,-22.094576335130608,False
legacy_diagnostic__leave_one_view_out__fold03,leave_one_view_out__fold03,False,mult,future_maneuver_score,20251002_单01_ACT-8_翼云_J16_12#01__pilot_10033::context_end_0031,0.9997771505989073,-24.074262555577555,False
legacy_diagnostic__leave_one_view_out__fold03,leave_one_view_out__fold03,False,mult,future_maneuver_score,20251002_单01_ACT-8_翼云_J16_12#01__pilot_10033::context_end_0032,1.5175126454557206,-25.067613615560667,False
legacy_diagnostic__leave_one_view_out__fold03,leave_one_view_out__fold03,False,mult,future_maneuver_score,20251002_单01_ACT-8_翼云_J16_12#01__pilot_10033::context_end_0033,0.7204177327081005,-26.163005340220856,False
legacy_diagnostic__leave_one_view_out__fold03,leave_one_view_out__fold03,False,mult,future_maneuver_score,20251002_单01_ACT-8_翼云_J16_12#01__pilot_10033::context_end_0034,0.6183982883669262,-26.59919559359704,False
legacy_diagnostic__leave_one_view_out__fold03,leave_one_view_out__fold03,False,mult,future_maneuver_score,20251002_单01_ACT-8_翼云_J16_12#01__pilot_10033::context_end_0035,0.8532908862922148,-30.331045670573676,False
legacy_diagnostic__leave_one_view_out__fold03,leave_one_view_out__fold03,False,mult,future_maneuver_score,20251002_单01_ACT-8_翼云_J16_12#01__pilot_10035::context_end_0029,1.9574085708200815,-20.950843911342204,False
legacy_diagnostic__leave_one_view_out__fold03,leave_one_view_out__fold03,False,mult,future_maneuver_score,20251002_单01_ACT-8_翼云_J16_12#01__pilot_10035::context_end_0030,0.9455484411849115,-22.094577374597574,False
legacy_diagnostic__leave_one_view_out__fold03,leave_one_view_out__fold03,False,mult,future_maneuver_score,20251002_单01_ACT-8_翼云_J16_12#01__pilot_10035::context_end_0031,0.9997771505989073,-24.07426188522362,False
legacy_diagnostic__leave_one_view_out__fold03,leave_one_view_out__fold03,False,mult,future_maneuver_score,20251002_单01_ACT-8_翼云_J16_12#01__pilot_10035::context_end_0032,1.5175126454557206,-25.067614168503557,False
legacy_diagnostic__leave_one_view_out__fold03,leave_one_view_out__fold03,False,mult,future_maneuver_score,20251002_单01_ACT-8_翼云_J16_12#01__pilot_10035::context_end_0033,0.7204177327081005,-26.163004261943676,False
legacy_diagnostic__leave_one_view_out__fold03,leave_one_view_out__fold03,False,mult,future_maneuver_score,20251002_单01_ACT-8_翼云_J16_12#01__pilot_10035::context_end_0034,0.6183982883669262,-26.599194313849896,False
legacy_diagnostic__leave_one_view_out__fold03,leave_one_view_out__fold03,False,mult,future_maneuver_score,20251002_单01_ACT-8_翼云_J16_12#01__pilot_10035::context_end_0035,0.8532908862922148,-30.331045150359877,False
legacy_diagnostic__leave_one_view_out__fold03,leave_one_view_out__fold03,False,mult,future_maneuver_trend,20251002_单01_ACT-8_翼云_J16_12#01__pilot_10033::context_end_0029,0.0,0.0,False
legacy_diagnostic__leave_one_view_out__fold03,leave_one_view_out__fold03,False,mult,future_maneuver_trend,20251002_单01_ACT-8_翼云_J16_12#01__pilot_10033::context_end_0030,0.0,0.0,False
legacy_diagnostic__leave_one_view_out__fold03,leave_one_view_out__fold03,False,mult,future_maneuver_trend,20251002_单01_ACT-8_翼云_J16_12#01__pilot_10033::context_end_0031,1.0,0.0,False
legacy_diagnostic__leave_one_view_out__fold03,leave_one_view_out__fold03,False,mult,future_maneuver_trend,20251002_单01_ACT-8_翼云_J16_12#01__pilot_10033::context_end_0032,2.0,0.0,False
legacy_diagnostic__leave_one_view_out__fold03,leave_one_view_out__fold03,False,mult,future_maneuver_trend,20251002_单01_ACT-8_翼云_J16_12#01__pilot_10033::context_end_0033,0.0,0.0,False
legacy_diagnostic__leave_one_view_out__fold03,leave_one_view_out__fold03,False,mult,future_maneuver_trend,20251002_单01_ACT-8_翼云_J16_12#01__pilot_10033::context_end_0034,1.0,0.0,False
legacy_diagnostic__leave_one_view_out__fold03,leave_one_view_out__fold03,False,mult,future_maneuver_trend,20251002_单01_ACT-8_翼云_J16_12#01__pilot_10033::context_end_0035,2.0,0.0,False
legacy_diagnostic__leave_one_view_out__fold03,leave_one_view_out__fold03,False,mult,future_maneuver_trend,20251002_单01_ACT-8_翼云_J16_12#01__pilot_10035::context_end_0029,0.0,0.0,False
legacy_diagnostic__leave_one_view_out__fold03,leave_one_view_out__fold03,False,mult,future_maneuver_trend,20251002_单01_ACT-8_翼云_J16_12#01__pilot_10035::context_end_0030,0.0,0.0,False
legacy_diagnostic__leave_one_view_out__fold03,leave_one_view_out__fold03,False,mult,future_maneuver_trend,20251002_单01_ACT-8_翼云_J16_12#01__pilot_10035::context_end_0031,1.0,0.0,False
legacy_diagnostic__leave_one_view_out__fold03,leave_one_view_out__fold03,False,mult,future_maneuver_trend,20251002_单01_ACT-8_翼云_J16_12#01__pilot_10035::context_end_0032,2.0,0.0,False
legacy_diagnostic__leave_one_view_out__fold03,leave_one_view_out__fold03,False,mult,future_maneuver_trend,20251002_单01_ACT-8_翼云_J16_12#01__pilot_10035::context_end_0033,0.0,0.0,False
legacy_diagnostic__leave_one_view_out__fold03,leave_one_view_out__fold03,False,mult,future_maneuver_trend,20251002_单01_ACT-8_翼云_J16_12#01__pilot_10035::context_end_0034,1.0,0.0,False
legacy_diagnostic__leave_one_view_out__fold03,leave_one_view_out__fold03,False,mult,future_maneuver_trend,20251002_单01_ACT-8_翼云_J16_12#01__pilot_10035::context_end_0035,2.0,0.0,False
legacy_diagnostic__leave_one_view_out__fold03,leave_one_view_out__fold03,False,mult,physiology_residual,20251002_单01_ACT-8_翼云_J16_12#01__pilot_10033::context_end_0029,3.5500823627136833,2.0633907531353133,False
legacy_diagnostic__leave_one_view_out__fold03,leave_one_view_out__fold03,False,mult,physiology_residual,20251002_单01_ACT-8_翼云_J16_12#01__pilot_10033::context_end_0030,3.642612187932589,1.9773396840532118,False
legacy_diagnostic__leave_one_view_out__fold03,leave_one_view_out__fold03,False,mult,physiology_residual,20251002_单01_ACT-8_翼云_J16_12#01__pilot_10033::context_end_0031,4.485999240029795,2.238931402285128,False
legacy_diagnostic__leave_one_view_out__fold03,leave_one_view_out__fold03,False,mult,physiology_residual,20251002_单01_ACT-8_翼云_J16_12#01__pilot_10033::context_end_0032,5.108293519278778,2.1985718346165415,False
legacy_diagnostic__leave_one_view_out__fold03,leave_one_view_out__fold03,False,mult,physiology_residual,20251002_单01_ACT-8_翼云_J16_12#01__pilot_10033::context_end_0033,4.453144662086309,2.074422761311104,False
legacy_diagnostic__leave_one_view_out__fold03,leave_one_view_out__fold03,False,mult,physiology_residual,20251002_单01_ACT-8_翼云_J16_12#01__pilot_10033::context_end_0034,5.087367217009107,1.6628565942602471,False
legacy_diagnostic__leave_one_view_out__fold03,leave_one_view_out__fold03,False,mult,physiology_residual,20251002_单01_ACT-8_翼云_J16_12#01__pilot_10033::context_end_0035,3.8206545885684258,1.5230587163929907,False
legacy_diagnostic__leave_one_view_out__fold03,leave_one_view_out__fold03,False,mult,physiology_residual,20251002_单01_ACT-8_翼云_J16_12#01__pilot_10035::context_end_0029,3.5500823627136833,2.0633907531353133,False
legacy_diagnostic__leave_one_view_out__fold03,leave_one_view_out__fold03,False,mult,physiology_residual,20251002_单01_ACT-8_翼云_J16_12#01__pilot_10035::context_end_0030,3.642612187932589,1.977339901046902,False
legacy_diagnostic__leave_one_view_out__fold03,leave_one_view_out__fold03,False,mult,physiology_residual,20251002_单01_ACT-8_翼云_J16_12#01__pilot_10035::context_end_0031,4.485999240029795,2.2389316497584817,False
legacy_diagnostic__leave_one_view_out__fold03,leave_one_view_out__fold03,False,mult,physiology_residual,20251002_单01_ACT-8_翼云_J16_12#01__pilot_10035::context_end_0032,5.108293519278778,2.1985721535275444,False
legacy_diagnostic__leave_one_view_out__fold03,leave_one_view_out__fold03,False,mult,physiology_residual,20251002_单01_ACT-8_翼云_J16_12#01__pilot_10035::context_end_0033,4.453144662086309,2.074422944471473,False
legacy_diagnostic__leave_one_view_out__fold03,leave_one_view_out__fold03,False,mult,physiology_residual,20251002_单01_ACT-8_翼云_J16_12#01__pilot_10035::context_end_0034,5.087367217009107,1.6628569070299144,False
legacy_diagnostic__leave_one_view_out__fold03,leave_one_view_out__fold03,False,mult,physiology_residual,20251002_单01_ACT-8_翼云_J16_12#01__pilot_10035::context_end_0035,3.8206545885684258,1.5230588228763582,False
legacy_diagnostic__leave_one_view_out__fold03,leave_one_view_out__fold03,False,mult,high_residual_response,20251002_单01_ACT-8_翼云_J16_12#01__pilot_10033::context_end_0029,1.0,1.0,False
legacy_diagnostic__leave_one_view_out__fold03,leave_one_view_out__fold03,False,mult,high_residual_response,20251002_单01_ACT-8_翼云_J16_12#01__pilot_10033::context_end_0030,1.0,1.0,False
legacy_diagnostic__leave_one_view_out__fold03,leave_one_view_out__fold03,False,mult,high_residual_response,20251002_单01_ACT-8_翼云_J16_12#01__pilot_10033::context_end_0031,1.0,1.0,False
legacy_diagnostic__leave_one_view_out__fold03,leave_one_view_out__fold03,False,mult,high_residual_response,20251002_单01_ACT-8_翼云_J16_12#01__pilot_10033::context_end_0032,1.0,1.0,False
legacy_diagnostic__leave_one_view_out__fold03,leave_one_view_out__fold03,False,mult,high_residual_response,20251002_单01_ACT-8_翼云_J16_12#01__pilot_10033::context_end_0033,1.0,1.0,False
legacy_diagnostic__leave_one_view_out__fold03,leave_one_view_out__fold03,False,mult,high_residual_response,20251002_单01_ACT-8_翼云_J16_12#01__pilot_10033::context_end_0034,1.0,0.9999999999999989,False
legacy_diagnostic__leave_one_view_out__fold03,leave_one_view_out__fold03,False,mult,high_residual_response,20251002_单01_ACT-8_翼云_J16_12#01__pilot_10033::context_end_0035,1.0,0.9999999999999996,False
legacy_diagnostic__leave_one_view_out__fold03,leave_one_view_out__fold03,False,mult,high_residual_response,20251002_单01_ACT-8_翼云_J16_12#01__pilot_10035::context_end_0029,1.0,1.0,False
legacy_diagnostic__leave_one_view_out__fold03,leave_one_view_out__fold03,False,mult,high_residual_response,20251002_单01_ACT-8_翼云_J16_12#01__pilot_10035::context_end_0030,1.0,1.0,False
legacy_diagnostic__leave_one_view_out__fold03,leave_one_view_out__fold03,False,mult,high_residual_response,20251002_单01_ACT-8_翼云_J16_12#01__pilot_10035::context_end_0031,1.0,1.0,False
legacy_diagnostic__leave_one_view_out__fold03,leave_one_view_out__fold03,False,mult,high_residual_response,20251002_单01_ACT-8_翼云_J16_12#01__pilot_10035::context_end_0032,1.0,1.0,False
legacy_diagnostic__leave_one_view_out__fold03,leave_one_view_out__fold03,False,mult,high_residual_response,20251002_单01_ACT-8_翼云_J16_12#01__pilot_10035::context_end_0033,1.0,1.0,False
legacy_diagnostic__leave_one_view_out__fold03,leave_one_view_out__fold03,False,mult,high_residual_response,20251002_单01_ACT-8_翼云_J16_12#01__pilot_10035::context_end_0034,1.0,0.9999999999999989,False
legacy_diagnostic__leave_one_view_out__fold03,leave_one_view_out__fold03,False,mult,high_residual_response,20251002_单01_ACT-8_翼云_J16_12#01__pilot_10035::context_end_0035,1.0,0.9999999999999996,False
legacy_diagnostic__leave_one_view_out__fold03,leave_one_view_out__fold03,False,contiformer,future_maneuver_score,20251002_单01_ACT-8_翼云_J16_12#01__pilot_10033::context_end_0029,1.9574085708200815,-14.572514892050577,False
legacy_diagnostic__leave_one_view_out__fold03,leave_one_view_out__fold03,False,contiformer,future_maneuver_score,20251002_单01_ACT-8_翼云_J16_12#01__pilot_10033::context_end_0030,0.9455484411849115,-16.657659823025547,False
legacy_diagnostic__leave_one_view_out__fold03,leave_one_view_out__fold03,False,contiformer,future_maneuver_score,20251002_单01_ACT-8_翼云_J16_12#01__pilot_10033::context_end_0031,0.9997771505989073,-17.9021452933733,False
legacy_diagnostic__leave_one_view_out__fold03,leave_one_view_out__fold03,False,contiformer,future_maneuver_score,20251002_单01_ACT-8_翼云_J16_12#01__pilot_10033::context_end_0032,1.5175126454557206,-20.38759309517894,False
legacy_diagnostic__leave_one_view_out__fold03,leave_one_view_out__fold03,False,contiformer,future_maneuver_score,20251002_单01_ACT-8_翼云_J16_12#01__pilot_10033::context_end_0033,0.7204177327081005,-21.977028893538858,False
legacy_diagnostic__leave_one_view_out__fold03,leave_one_view_out__fold03,False,contiformer,future_maneuver_score,20251002_单01_ACT-8_翼云_J16_12#01__pilot_10033::context_end_0034,0.6183982883669262,-23.040556134165726,False
legacy_diagnostic__leave_one_view_out__fold03,leave_one_view_out__fold03,False,contiformer,future_maneuver_score,20251002_单01_ACT-8_翼云_J16_12#01__pilot_10033::context_end_0035,0.8532908862922148,-24.300016072427685,False
legacy_diagnostic__leave_one_view_out__fold03,leave_one_view_out__fold03,False,contiformer,future_maneuver_score,20251002_单01_ACT-8_翼云_J16_12#01__pilot_10035::context_end_0029,1.9574085708200815,-14.572514892050577,False
legacy_diagnostic__leave_one_view_out__fold03,leave_one_view_out__fold03,False,contiformer,future_maneuver_score,20251002_单01_ACT-8_翼云_J16_12#01__pilot_10035::context_end_0030,0.9455484411849115,-16.65766082806565,False
legacy_diagnostic__leave_one_view_out__fold03,leave_one_view_out__fold03,False,contiformer,future_maneuver_score,20251002_单01_ACT-8_翼云_J16_12#01__pilot_10035::context_end_0031,0.9997771505989073,-17.902147808274496,False
legacy_diagnostic__leave_one_view_out__fold03,leave_one_view_out__fold03,False,contiformer,future_maneuver_score,20251002_单01_ACT-8_翼云_J16_12#01__pilot_10035::context_end_0032,1.5175126454557206,-20.38758325703489,False
legacy_diagnostic__leave_one_view_out__fold03,leave_one_view_out__fold03,False,contiformer,future_maneuver_score,20251002_单01_ACT-8_翼云_J16_12#01__pilot_10035::context_end_0033,0.7204177327081005,-21.97702726576382,False
legacy_diagnostic__leave_one_view_out__fold03,leave_one_view_out__fold03,False,contiformer,future_maneuver_score,20251002_单01_ACT-8_翼云_J16_12#01__pilot_10035::context_end_0034,0.6183982883669262,-23.04056002687574,False
legacy_diagnostic__leave_one_view_out__fold03,leave_one_view_out__fold03,False,contiformer,future_maneuver_score,20251002_单01_ACT-8_翼云_J16_12#01__pilot_10035::context_end_0035,0.8532908862922148,-24.300016898801715,False
legacy_diagnostic__leave_one_view_out__fold03,leave_one_view_out__fold03,False,contiformer,future_maneuver_trend,20251002_单01_ACT-8_翼云_J16_12#01__pilot_10033::context_end_0029,0.0,0.0,False
legacy_diagnostic__leave_one_view_out__fold03,leave_one_view_out__fold03,False,contiformer,future_maneuver_trend,20251002_单01_ACT-8_翼云_J16_12#01__pilot_10033::context_end_0030,0.0,0.0,False
legacy_diagnostic__leave_one_view_out__fold03,leave_one_view_out__fold03,False,contiformer,future_maneuver_trend,20251002_单01_ACT-8_翼云_J16_12#01__pilot_10033::context_end_0031,1.0,0.0,False
legacy_diagnostic__leave_one_view_out__fold03,leave_one_view_out__fold03,False,contiformer,future_maneuver_trend,20251002_单01_ACT-8_翼云_J16_12#01__pilot_10033::context_end_0032,2.0,0.0,False
legacy_diagnostic__leave_one_view_out__fold03,leave_one_view_out__fold03,False,contiformer,future_maneuver_trend,20251002_单01_ACT-8_翼云_J16_12#01__pilot_10033::context_end_0033,0.0,0.0,False
legacy_diagnostic__leave_one_view_out__fold03,leave_one_view_out__fold03,False,contiformer,future_maneuver_trend,20251002_单01_ACT-8_翼云_J16_12#01__pilot_10033::context_end_0034,1.0,0.0,False
legacy_diagnostic__leave_one_view_out__fold03,leave_one_view_out__fold03,False,contiformer,future_maneuver_trend,20251002_单01_ACT-8_翼云_J16_12#01__pilot_10033::context_end_0035,2.0,0.0,False
legacy_diagnostic__leave_one_view_out__fold03,leave_one_view_out__fold03,False,contiformer,future_maneuver_trend,20251002_单01_ACT-8_翼云_J16_12#01__pilot_10035::context_end_0029,0.0,0.0,False
legacy_diagnostic__leave_one_view_out__fold03,leave_one_view_out__fold03,False,contiformer,future_maneuver_trend,20251002_单01_ACT-8_翼云_J16_12#01__pilot_10035::context_end_0030,0.0,0.0,False
legacy_diagnostic__leave_one_view_out__fold03,leave_one_view_out__fold03,False,contiformer,future_maneuver_trend,20251002_单01_ACT-8_翼云_J16_12#01__pilot_10035::context_end_0031,1.0,0.0,False
legacy_diagnostic__leave_one_view_out__fold03,leave_one_view_out__fold03,False,contiformer,future_maneuver_trend,20251002_单01_ACT-8_翼云_J16_12#01__pilot_10035::context_end_0032,2.0,0.0,False
legacy_diagnostic__leave_one_view_out__fold03,leave_one_view_out__fold03,False,contiformer,future_maneuver_trend,20251002_单01_ACT-8_翼云_J16_12#01__pilot_10035::context_end_0033,0.0,0.0,False
legacy_diagnostic__leave_one_view_out__fold03,leave_one_view_out__fold03,False,contiformer,future_maneuver_trend,20251002_单01_ACT-8_翼云_J16_12#01__pilot_10035::context_end_0034,1.0,0.0,False
legacy_diagnostic__leave_one_view_out__fold03,leave_one_view_out__fold03,False,contiformer,future_maneuver_trend,20251002_单01_ACT-8_翼云_J16_12#01__pilot_10035::context_end_0035,2.0,0.0,False
legacy_diagnostic__leave_one_view_out__fold03,leave_one_view_out__fold03,False,contiformer,physiology_residual,20251002_单01_ACT-8_翼云_J16_12#01__pilot_10033::context_end_0029,3.5500823627136833,1.4439064261316343,False
legacy_diagnostic__leave_one_view_out__fold03,leave_one_view_out__fold03,False,contiformer,physiology_residual,20251002_单01_ACT-8_翼云_J16_12#01__pilot_10033::context_end_0030,3.642612187932589,1.489768086002425,False
legacy_diagnostic__leave_one_view_out__fold03,leave_one_view_out__fold03,False,contiformer,physiology_residual,20251002_单01_ACT-8_翼云_J16_12#01__pilot_10033::context_end_0031,4.485999240029795,1.983425749736381,False
legacy_diagnostic__leave_one_view_out__fold03,leave_one_view_out__fold03,False,contiformer,physiology_residual,20251002_单01_ACT-8_翼云_J16_12#01__pilot_10033::context_end_0032,5.108293519278778,2.0816536574299653,False
legacy_diagnostic__leave_one_view_out__fold03,leave_one_view_out__fold03,False,contiformer,physiology_residual,20251002_单01_ACT-8_翼云_J16_12#01__pilot_10033::context_end_0033,4.453144662086309,2.0736082130506572,False
legacy_diagnostic__leave_one_view_out__fold03,leave_one_view_out__fold03,False,contiformer,physiology_residual,20251002_单01_ACT-8_翼云_J16_12#01__pilot_10033::context_end_0034,5.087367217009107,1.7757965760541197,False
legacy_diagnostic__leave_one_view_out__fold03,leave_one_view_out__fold03,False,contiformer,physiology_residual,20251002_单01_ACT-8_翼云_J16_12#01__pilot_10033::context_end_0035,3.8206545885684258,1.8668544700883074,False
legacy_diagnostic__leave_one_view_out__fold03,leave_one_view_out__fold03,False,contiformer,physiology_residual,20251002_单01_ACT-8_翼云_J16_12#01__pilot_10035::context_end_0029,3.5500823627136833,1.4439064261316343,False
legacy_diagnostic__leave_one_view_out__fold03,leave_one_view_out__fold03,False,contiformer,physiology_residual,20251002_单01_ACT-8_翼云_J16_12#01__pilot_10035::context_end_0030,3.642612187932589,1.4897679183031167,False
legacy_diagnostic__leave_one_view_out__fold03,leave_one_view_out__fold03,False,contiformer,physiology_residual,20251002_单01_ACT-8_翼云_J16_12#01__pilot_10035::context_end_0031,4.485999240029795,1.9834257651934835,False
legacy_diagnostic__leave_one_view_out__fold03,leave_one_view_out__fold03,False,contiformer,physiology_residual,20251002_单01_ACT-8_翼云_J16_12#01__pilot_10035::context_end_0032,5.108293519278778,2.0816533025468527,False
legacy_diagnostic__leave_one_view_out__fold03,leave_one_view_out__fold03,False,contiformer,physiology_residual,20251002_单01_ACT-8_翼云_J16_12#01__pilot_10035::context_end_0033,4.453144662086309,2.0736085404024913,False
legacy_diagnostic__leave_one_view_out__fold03,leave_one_view_out__fold03,False,contiformer,physiology_residual,20251002_单01_ACT-8_翼云_J16_12#01__pilot_10035::context_end_0034,5.087367217009107,1.7757968197484653,False
legacy_diagnostic__leave_one_view_out__fold03,leave_one_view_out__fold03,False,contiformer,physiology_residual,20251002_单01_ACT-8_翼云_J16_12#01__pilot_10035::context_end_0035,3.8206545885684258,1.8668544405626928,False
legacy_diagnostic__leave_one_view_out__fold03,leave_one_view_out__fold03,False,contiformer,high_residual_response,20251002_单01_ACT-8_翼云_J16_12#01__pilot_10033::context_end_0029,1.0,0.9999996500482456,False
legacy_diagnostic__leave_one_view_out__fold03,leave_one_view_out__fold03,False,contiformer,high_residual_response,20251002_单01_ACT-8_翼云_J16_12#01__pilot_10033::context_end_0030,1.0,0.9999999750220046,False
legacy_diagnostic__leave_one_view_out__fold03,leave_one_view_out__fold03,False,contiformer,high_residual_response,20251002_单01_ACT-8_翼云_J16_12#01__pilot_10033::context_end_0031,1.0,0.999999999204686,False
legacy_diagnostic__leave_one_view_out__fold03,leave_one_view_out__fold03,False,contiformer,high_residual_response,20251002_单01_ACT-8_翼云_J16_12#01__pilot_10033::context_end_0032,1.0,0.9999999999485598,False
legacy_diagnostic__leave_one_view_out__fold03,leave_one_view_out__fold03,False,contiformer,high_residual_response,20251002_单01_ACT-8_翼云_J16_12#01__pilot_10033::context_end_0033,1.0,0.9999999999870062,False
legacy_diagnostic__leave_one_view_out__fold03,leave_one_view_out__fold03,False,contiformer,high_residual_response,20251002_单01_ACT-8_翼云_J16_12#01__pilot_10033::context_end_0034,1.0,0.99999999998914,False
legacy_diagnostic__leave_one_view_out__fold03,leave_one_view_out__fold03,False,contiformer,high_residual_response,20251002_单01_ACT-8_翼云_J16_12#01__pilot_10033::context_end_0035,1.0,0.9999999999966431,False
legacy_diagnostic__leave_one_view_out__fold03,leave_one_view_out__fold03,False,contiformer,high_residual_response,20251002_单01_ACT-8_翼云_J16_12#01__pilot_10035::context_end_0029,1.0,0.9999996500482456,False
legacy_diagnostic__leave_one_view_out__fold03,leave_one_view_out__fold03,False,contiformer,high_residual_response,20251002_单01_ACT-8_翼云_J16_12#01__pilot_10035::context_end_0030,1.0,0.9999999750220152,False
legacy_diagnostic__leave_one_view_out__fold03,leave_one_view_out__fold03,False,contiformer,high_residual_response,20251002_单01_ACT-8_翼云_J16_12#01__pilot_10035::context_end_0031,1.0,0.9999999992046911,False
legacy_diagnostic__leave_one_view_out__fold03,leave_one_view_out__fold03,False,contiformer,high_residual_response,20251002_单01_ACT-8_翼云_J16_12#01__pilot_10035::context_end_0032,1.0,0.9999999999485591,False
legacy_diagnostic__leave_one_view_out__fold03,leave_one_view_out__fold03,False,contiformer,high_residual_response,20251002_单01_ACT-8_翼云_J16_12#01__pilot_10035::context_end_0033,1.0,0.9999999999870062,False
legacy_diagnostic__leave_one_view_out__fold03,leave_one_view_out__fold03,False,contiformer,high_residual_response,20251002_单01_ACT-8_翼云_J16_12#01__pilot_10035::context_end_0034,1.0,0.99999999998914,False
legacy_diagnostic__leave_one_view_out__fold03,leave_one_view_out__fold03,False,contiformer,high_residual_response,20251002_单01_ACT-8_翼云_J16_12#01__pilot_10035::context_end_0035,1.0,0.9999999999966431,False
legacy_diagnostic__leave_one_view_out__fold03,leave_one_view_out__fold03,False,chronaris,future_maneuver_score,20251002_单01_ACT-8_翼云_J16_12#01__pilot_10033::context_end_0029,1.9574085708200815,-20.158218050485534,False
legacy_diagnostic__leave_one_view_out__fold03,leave_one_view_out__fold03,False,chronaris,future_maneuver_score,20251002_单01_ACT-8_翼云_J16_12#01__pilot_10033::context_end_0030,0.9455484411849115,-20.507293602689305,False
legacy_diagnostic__leave_one_view_out__fold03,leave_one_view_out__fold03,False,chronaris,future_maneuver_score,20251002_单01_ACT-8_翼云_J16_12#01__pilot_10033::context_end_0031,0.9997771505989073,-20.134439183205743,False
legacy_diagnostic__leave_one_view_out__fold03,leave_one_view_out__fold03,False,chronaris,future_maneuver_score,20251002_单01_ACT-8_翼云_J16_12#01__pilot_10033::context_end_0032,1.5175126454557206,-19.80965010239365,False
legacy_diagnostic__leave_one_view_out__fold03,leave_one_view_out__fold03,False,chronaris,future_maneuver_score,20251002_单01_ACT-8_翼云_J16_12#01__pilot_10033::context_end_0033,0.7204177327081005,-18.307339512997395,False
legacy_diagnostic__leave_one_view_out__fold03,leave_one_view_out__fold03,False,chronaris,future_maneuver_score,20251002_单01_ACT-8_翼云_J16_12#01__pilot_10033::context_end_0034,0.6183982883669262,-17.284245026665715,False
legacy_diagnostic__leave_one_view_out__fold03,leave_one_view_out__fold03,False,chronaris,future_maneuver_score,20251002_单01_ACT-8_翼云_J16_12#01__pilot_10033::context_end_0035,0.8532908862922148,-18.10496070125677,False
legacy_diagnostic__leave_one_view_out__fold03,leave_one_view_out__fold03,False,chronaris,future_maneuver_score,20251002_单01_ACT-8_翼云_J16_12#01__pilot_10035::context_end_0029,1.9574085708200815,-20.158218050485534,False
legacy_diagnostic__leave_one_view_out__fold03,leave_one_view_out__fold03,False,chronaris,future_maneuver_score,20251002_单01_ACT-8_翼云_J16_12#01__pilot_10035::context_end_0030,0.9455484411849115,-20.50730017378842,False
legacy_diagnostic__leave_one_view_out__fold03,leave_one_view_out__fold03,False,chronaris,future_maneuver_score,20251002_单01_ACT-8_翼云_J16_12#01__pilot_10035::context_end_0031,0.9997771505989073,-20.134439821830735,False
legacy_diagnostic__leave_one_view_out__fold03,leave_one_view_out__fold03,False,chronaris,future_maneuver_score,20251002_单01_ACT-8_翼云_J16_12#01__pilot_10035::context_end_0032,1.5175126454557206,-19.80965180988757,False
legacy_diagnostic__leave_one_view_out__fold03,leave_one_view_out__fold03,False,chronaris,future_maneuver_score,20251002_单01_ACT-8_翼云_J16_12#01__pilot_10035::context_end_0033,0.7204177327081005,-18.307342782177372,False
legacy_diagnostic__leave_one_view_out__fold03,leave_one_view_out__fold03,False,chronaris,future_maneuver_score,20251002_单01_ACT-8_翼云_J16_12#01__pilot_10035::context_end_0034,0.6183982883669262,-17.284244953455907,False
legacy_diagnostic__leave_one_view_out__fold03,leave_one_view_out__fold03,False,chronaris,future_maneuver_score,20251002_单01_ACT-8_翼云_J16_12#01__pilot_10035::context_end_0035,0.8532908862922148,-18.104961705914896,False
legacy_diagnostic__leave_one_view_out__fold03,leave_one_view_out__fold03,False,chronaris,future_maneuver_trend,20251002_单01_ACT-8_翼云_J16_12#01__pilot_10033::context_end_0029,0.0,0.0,False
legacy_diagnostic__leave_one_view_out__fold03,leave_one_view_out__fold03,False,chronaris,future_maneuver_trend,20251002_单01_ACT-8_翼云_J16_12#01__pilot_10033::context_end_0030,0.0,0.0,False
legacy_diagnostic__leave_one_view_out__fold03,leave_one_view_out__fold03,False,chronaris,future_maneuver_trend,20251002_单01_ACT-8_翼云_J16_12#01__pilot_10033::context_end_0031,1.0,0.0,False
legacy_diagnostic__leave_one_view_out__fold03,leave_one_view_out__fold03,False,chronaris,future_maneuver_trend,20251002_单01_ACT-8_翼云_J16_12#01__pilot_10033::context_end_0032,2.0,0.0,False
legacy_diagnostic__leave_one_view_out__fold03,leave_one_view_out__fold03,False,chronaris,future_maneuver_trend,20251002_单01_ACT-8_翼云_J16_12#01__pilot_10033::context_end_0033,0.0,0.0,False
legacy_diagnostic__leave_one_view_out__fold03,leave_one_view_out__fold03,False,chronaris,future_maneuver_trend,20251002_单01_ACT-8_翼云_J16_12#01__pilot_10033::context_end_0034,1.0,0.0,False
legacy_diagnostic__leave_one_view_out__fold03,leave_one_view_out__fold03,False,chronaris,future_maneuver_trend,20251002_单01_ACT-8_翼云_J16_12#01__pilot_10033::context_end_0035,2.0,0.0,False
legacy_diagnostic__leave_one_view_out__fold03,leave_one_view_out__fold03,False,chronaris,future_maneuver_trend,20251002_单01_ACT-8_翼云_J16_12#01__pilot_10035::context_end_0029,0.0,0.0,False
legacy_diagnostic__leave_one_view_out__fold03,leave_one_view_out__fold03,False,chronaris,future_maneuver_trend,20251002_单01_ACT-8_翼云_J16_12#01__pilot_10035::context_end_0030,0.0,0.0,False
legacy_diagnostic__leave_one_view_out__fold03,leave_one_view_out__fold03,False,chronaris,future_maneuver_trend,20251002_单01_ACT-8_翼云_J16_12#01__pilot_10035::context_end_0031,1.0,0.0,False
legacy_diagnostic__leave_one_view_out__fold03,leave_one_view_out__fold03,False,chronaris,future_maneuver_trend,20251002_单01_ACT-8_翼云_J16_12#01__pilot_10035::context_end_0032,2.0,0.0,False
legacy_diagnostic__leave_one_view_out__fold03,leave_one_view_out__fold03,False,chronaris,future_maneuver_trend,20251002_单01_ACT-8_翼云_J16_12#01__pilot_10035::context_end_0033,0.0,0.0,False
legacy_diagnostic__leave_one_view_out__fold03,leave_one_view_out__fold03,False,chronaris,future_maneuver_trend,20251002_单01_ACT-8_翼云_J16_12#01__pilot_10035::context_end_0034,1.0,0.0,False
legacy_diagnostic__leave_one_view_out__fold03,leave_one_view_out__fold03,False,chronaris,future_maneuver_trend,20251002_单01_ACT-8_翼云_J16_12#01__pilot_10035::context_end_0035,2.0,0.0,False
legacy_diagnostic__leave_one_view_out__fold03,leave_one_view_out__fold03,False,chronaris,physiology_residual,20251002_单01_ACT-8_翼云_J16_12#01__pilot_10033::context_end_0029,3.5500823627136833,2.311598701432057,False
legacy_diagnostic__leave_one_view_out__fold03,leave_one_view_out__fold03,False,chronaris,physiology_residual,20251002_单01_ACT-8_翼云_J16_12#01__pilot_10033::context_end_0030,3.642612187932589,2.1399585015893052,False
legacy_diagnostic__leave_one_view_out__fold03,leave_one_view_out__fold03,False,chronaris,physiology_residual,20251002_单01_ACT-8_翼云_J16_12#01__pilot_10033::context_end_0031,4.485999240029795,1.7183491495173295,False
legacy_diagnostic__leave_one_view_out__fold03,leave_one_view_out__fold03,False,chronaris,physiology_residual,20251002_单01_ACT-8_翼云_J16_12#01__pilot_10033::context_end_0032,5.108293519278778,1.2452081133762394,False
legacy_diagnostic__leave_one_view_out__fold03,leave_one_view_out__fold03,False,chronaris,physiology_residual,20251002_单01_ACT-8_翼云_J16_12#01__pilot_10033::context_end_0033,4.453144662086309,0.4974434017942166,False
legacy_diagnostic__leave_one_view_out__fold03,leave_one_view_out__fold03,False,chronaris,physiology_residual,20251002_单01_ACT-8_翼云_J16_12#01__pilot_10033::context_end_0034,5.087367217009107,-0.12672279547996568,False
legacy_diagnostic__leave_one_view_out__fold03,leave_one_view_out__fold03,False,chronaris,physiology_residual,20251002_单01_ACT-8_翼云_J16_12#01__pilot_10033::context_end_0035,3.8206545885684258,-0.5345851520363476,False
legacy_diagnostic__leave_one_view_out__fold03,leave_one_view_out__fold03,False,chronaris,physiology_residual,20251002_单01_ACT-8_翼云_J16_12#01__pilot_10035::context_end_0029,3.5500823627136833,2.311598701432057,False
legacy_diagnostic__leave_one_view_out__fold03,leave_one_view_out__fold03,False,chronaris,physiology_residual,20251002_单01_ACT-8_翼云_J16_12#01__pilot_10035::context_end_0030,3.642612187932589,2.13995827047757,False
legacy_diagnostic__leave_one_view_out__fold03,leave_one_view_out__fold03,False,chronaris,physiology_residual,20251002_单01_ACT-8_翼云_J16_12#01__pilot_10035::context_end_0031,4.485999240029795,1.7183488337466966,False
legacy_diagnostic__leave_one_view_out__fold03,leave_one_view_out__fold03,False,chronaris,physiology_residual,20251002_单01_ACT-8_翼云_J16_12#01__pilot_10035::context_end_0032,5.108293519278778,1.2452081769033445,False
legacy_diagnostic__leave_one_view_out__fold03,leave_one_view_out__fold03,False,chronaris,physiology_residual,20251002_单01_ACT-8_翼云_J16_12#01__pilot_10035::context_end_0033,4.453144662086309,0.49744396702909105,False
legacy_diagnostic__leave_one_view_out__fold03,leave_one_view_out__fold03,False,chronaris,physiology_residual,20251002_单01_ACT-8_翼云_J16_12#01__pilot_10035::context_end_0034,5.087367217009107,-0.12672286471852212,False
legacy_diagnostic__leave_one_view_out__fold03,leave_one_view_out__fold03,False,chronaris,physiology_residual,20251002_单01_ACT-8_翼云_J16_12#01__pilot_10035::context_end_0035,3.8206545885684258,-0.534585341096506,False
legacy_diagnostic__leave_one_view_out__fold03,leave_one_view_out__fold03,False,chronaris,high_residual_response,20251002_单01_ACT-8_翼云_J16_12#01__pilot_10033::context_end_0029,1.0,0.32408123040791775,False
legacy_diagnostic__leave_one_view_out__fold03,leave_one_view_out__fold03,False,chronaris,high_residual_response,20251002_单01_ACT-8_翼云_J16_12#01__pilot_10033::context_end_0030,1.0,0.05620098145870558,False
legacy_diagnostic__leave_one_view_out__fold03,leave_one_view_out__fold03,False,chronaris,high_residual_response,20251002_单01_ACT-8_翼云_J16_12#01__pilot_10033::context_end_0031,1.0,0.00038602333387149814,False
legacy_diagnostic__leave_one_view_out__fold03,leave_one_view_out__fold03,False,chronaris,high_residual_response,20251002_单01_ACT-8_翼云_J16_12#01__pilot_10033::context_end_0032,1.0,0.00015900270751512143,False
legacy_diagnostic__leave_one_view_out__fold03,leave_one_view_out__fold03,False,chronaris,high_residual_response,20251002_单01_ACT-8_翼云_J16_12#01__pilot_10033::context_end_0033,1.0,5.6544493344369926e-05,False
legacy_diagnostic__leave_one_view_out__fold03,leave_one_view_out__fold03,False,chronaris,high_residual_response,20251002_单01_ACT-8_翼云_J16_12#01__pilot_10033::context_end_0034,1.0,9.899726198228859e-07,False
legacy_diagnostic__leave_one_view_out__fold03,leave_one_view_out__fold03,False,chronaris,high_residual_response,20251002_单01_ACT-8_翼云_J16_12#01__pilot_10033::context_end_0035,1.0,2.1398259183757548e-08,False
legacy_diagnostic__leave_one_view_out__fold03,leave_one_view_out__fold03,False,chronaris,high_residual_response,20251002_单01_ACT-8_翼云_J16_12#01__pilot_10035::context_end_0029,1.0,0.32408123040791775,False
legacy_diagnostic__leave_one_view_out__fold03,leave_one_view_out__fold03,False,chronaris,high_residual_response,20251002_单01_ACT-8_翼云_J16_12#01__pilot_10035::context_end_0030,1.0,0.05620098008028445,False
legacy_diagnostic__leave_one_view_out__fold03,leave_one_view_out__fold03,False,chronaris,high_residual_response,20251002_单01_ACT-8_翼云_J16_12#01__pilot_10035::context_end_0031,1.0,0.0003860243038253526,False
legacy_diagnostic__leave_one_view_out__fold03,leave_one_view_out__fold03,False,chronaris,high_residual_response,20251002_单01_ACT-8_翼云_J16_12#01__pilot_10035::context_end_0032,1.0,0.0001590024041274528,False
legacy_diagnostic__leave_one_view_out__fold03,leave_one_view_out__fold03,False,chronaris,high_residual_response,20251002_单01_ACT-8_翼云_J16_12#01__pilot_10035::context_end_0033,1.0,5.654523804262106e-05,False
legacy_diagnostic__leave_one_view_out__fold03,leave_one_view_out__fold03,False,chronaris,high_residual_response,20251002_单01_ACT-8_翼云_J16_12#01__pilot_10035::context_end_0034,1.0,9.89974327156444e-07,False
legacy_diagnostic__leave_one_view_out__fold03,leave_one_view_out__fold03,False,chronaris,high_residual_response,20251002_单01_ACT-8_翼云_J16_12#01__pilot_10035::context_end_0035,1.0,2.1398227897747702e-08,False
