split_id,outer_pool_id,split_kind,main_selection,method,task,metric,value,representation_variant,time_baseline_value,standardized_gain,status,fit_role,evaluation_role,outer_test_opened
leave_one_view_out__fold01__candidate_339,leave_one_view_out__fold01,main_selection,True,time_only,future_maneuver_score,spearman,0.7622377622377624,explicit_phase_diagnostic,0.7622377622377624,0.0,completed,inner_train,inner_validation,False
leave_one_view_out__fold01__candidate_339,leave_one_view_out__fold01,main_selection,True,time_only,future_maneuver_trend,macro_f1,0.7388888888888889,explicit_phase_diagnostic,0.7388888888888889,0.0,completed,inner_train,inner_validation,False
leave_one_view_out__fold01__candidate_339,leave_one_view_out__fold01,main_selection,True,time_only,physiology_residual,rmse,0.2825606216030745,explicit_phase_diagnostic,0.2825606216030745,0.0,completed,inner_train,inner_validation,False
leave_one_view_out__fold01__candidate_339,leave_one_view_out__fold01,main_selection,True,time_only,high_residual_response,normalized_ap,0.5555555555555557,explicit_phase_diagnostic,0.5555555555555557,0.0,completed,inner_train,inner_validation,False
leave_one_view_out__fold01__candidate_339,leave_one_view_out__fold01,main_selection,True,physiology_only,future_maneuver_score,spearman,-0.7412587412587414,train_phase_residualized_pooled_64d,0.7622377622377624,-6.323529411764712,completed,inner_train,inner_validation,False
leave_one_view_out__fold01__candidate_339,leave_one_view_out__fold01,main_selection,True,physiology_only,future_maneuver_score,spearman,-0.6783216783216784,raw_pooled_64d_diagnostic,0.7622377622377624,-6.05882352941177,completed,inner_train,inner_validation,False
leave_one_view_out__fold01__candidate_339,leave_one_view_out__fold01,main_selection,True,physiology_only,future_maneuver_trend,macro_f1,0.05555555555555555,train_phase_residualized_pooled_64d,0.7388888888888889,-2.6170212765957452,completed,inner_train,inner_validation,False
leave_one_view_out__fold01__candidate_339,leave_one_view_out__fold01,main_selection,True,physiology_only,future_maneuver_trend,macro_f1,0.21367521367521367,raw_pooled_64d_diagnostic,0.7388888888888889,-2.0114566284779056,completed,inner_train,inner_validation,False
leave_one_view_out__fold01__candidate_339,leave_one_view_out__fold01,main_selection,True,physiology_only,physiology_residual,rmse,1.4763536160142257,train_phase_residualized_pooled_64d,0.2825606216030745,-4.224909287211738,completed,inner_train,inner_validation,False
leave_one_view_out__fold01__candidate_339,leave_one_view_out__fold01,main_selection,True,physiology_only,physiology_residual,rmse,1.220979747538059,raw_pooled_64d_diagnostic,0.2825606216030745,-3.3211249345750087,completed,inner_train,inner_validation,False
leave_one_view_out__fold01__candidate_339,leave_one_view_out__fold01,main_selection,True,physiology_only,physiology_residual,rmse_ratio,3.310771370520496,train_phase_residualized_pooled_64d,0.2825606216030745,-4.224909287211738,completed,inner_train,inner_validation,False
leave_one_view_out__fold01__candidate_339,leave_one_view_out__fold01,main_selection,True,physiology_only,physiology_residual,response_skill,-9.961207067858163,train_phase_residualized_pooled_64d,0.2825606216030745,-4.224909287211738,completed,inner_train,inner_validation,False
leave_one_view_out__fold01__candidate_339,leave_one_view_out__fold01,main_selection,True,physiology_only,physiology_residual,spearman,0.04895104895104895,train_phase_residualized_pooled_64d,0.2825606216030745,-4.224909287211738,completed,inner_train,inner_validation,False
leave_one_view_out__fold01__candidate_339,leave_one_view_out__fold01,main_selection,True,physiology_only,high_residual_response,normalized_ap,0.5185185185185185,train_phase_residualized_pooled_64d,0.5555555555555557,-0.08333333333333373,completed,inner_train,inner_validation,False
leave_one_view_out__fold01__candidate_339,leave_one_view_out__fold01,main_selection,True,physiology_only,high_residual_response,normalized_ap,0.3333333333333333,raw_pooled_64d_diagnostic,0.5555555555555557,-0.5000000000000006,completed,inner_train,inner_validation,False
leave_one_view_out__fold01__candidate_339,leave_one_view_out__fold01,main_selection,True,physiology_only,high_residual_response,auprc,0.6388888888888888,train_phase_residualized_pooled_64d,0.5555555555555557,-0.08333333333333373,completed,inner_train,inner_validation,False
leave_one_view_out__fold01__candidate_339,leave_one_view_out__fold01,main_selection,True,physiology_only,high_residual_response,prevalence,0.25,train_phase_residualized_pooled_64d,0.5555555555555557,-0.08333333333333373,completed,inner_train,inner_validation,False
leave_one_view_out__fold01__candidate_339,leave_one_view_out__fold01,main_selection,True,vehicle_only,future_maneuver_score,spearman,0.8181818181818183,train_phase_residualized_pooled_64d,0.7622377622377624,0.23529411764705896,completed,inner_train,inner_validation,False
leave_one_view_out__fold01__candidate_339,leave_one_view_out__fold01,main_selection,True,vehicle_only,future_maneuver_score,spearman,0.7762237762237763,raw_pooled_64d_diagnostic,0.7622377622377624,0.05882352941176416,completed,inner_train,inner_validation,False
leave_one_view_out__fold01__candidate_339,leave_one_view_out__fold01,main_selection,True,vehicle_only,future_maneuver_trend,macro_f1,0.8380952380952381,train_phase_residualized_pooled_64d,0.7388888888888889,0.37993920972644374,completed,inner_train,inner_validation,False
leave_one_view_out__fold01__candidate_339,leave_one_view_out__fold01,main_selection,True,vehicle_only,future_maneuver_trend,macro_f1,0.9153439153439153,raw_pooled_64d_diagnostic,0.7388888888888889,0.6757852077001013,completed,inner_train,inner_validation,False
leave_one_view_out__fold01__candidate_339,leave_one_view_out__fold01,main_selection,True,vehicle_only,physiology_residual,rmse,0.5190464862152567,train_phase_residualized_pooled_64d,0.2825606216030745,-0.836938506400883,completed,inner_train,inner_validation,False
leave_one_view_out__fold01__candidate_339,leave_one_view_out__fold01,main_selection,True,vehicle_only,physiology_residual,rmse,0.3877853781182947,raw_pooled_64d_diagnostic,0.2825606216030745,-0.37239710161394723,completed,inner_train,inner_validation,False
leave_one_view_out__fold01__candidate_339,leave_one_view_out__fold01,main_selection,True,vehicle_only,physiology_residual,rmse_ratio,1.1639787567765032,train_phase_residualized_pooled_64d,0.2825606216030745,-0.836938506400883,completed,inner_train,inner_validation,False
leave_one_view_out__fold01__candidate_339,leave_one_view_out__fold01,main_selection,True,vehicle_only,physiology_residual,response_skill,-0.3548465462269741,train_phase_residualized_pooled_64d,0.2825606216030745,-0.836938506400883,completed,inner_train,inner_validation,False
leave_one_view_out__fold01__candidate_339,leave_one_view_out__fold01,main_selection,True,vehicle_only,physiology_residual,spearman,0.2937062937062937,train_phase_residualized_pooled_64d,0.2825606216030745,-0.836938506400883,completed,inner_train,inner_validation,False
leave_one_view_out__fold01__candidate_339,leave_one_view_out__fold01,main_selection,True,vehicle_only,high_residual_response,normalized_ap,0.6666666666666666,train_phase_residualized_pooled_64d,0.5555555555555557,0.2499999999999997,completed,inner_train,inner_validation,False
leave_one_view_out__fold01__candidate_339,leave_one_view_out__fold01,main_selection,True,vehicle_only,high_residual_response,normalized_ap,0.5238095238095237,raw_pooled_64d_diagnostic,0.5555555555555557,-0.07142857142857195,completed,inner_train,inner_validation,False
leave_one_view_out__fold01__candidate_339,leave_one_view_out__fold01,main_selection,True,vehicle_only,high_residual_response,auprc,0.75,train_phase_residualized_pooled_64d,0.5555555555555557,0.2499999999999997,completed,inner_train,inner_validation,False
leave_one_view_out__fold01__candidate_339,leave_one_view_out__fold01,main_selection,True,vehicle_only,high_residual_response,prevalence,0.25,train_phase_residualized_pooled_64d,0.5555555555555557,0.2499999999999997,completed,inner_train,inner_validation,False
leave_one_view_out__fold01__candidate_339,leave_one_view_out__fold01,main_selection,True,naive_time_sync,future_maneuver_score,spearman,-0.5874125874125874,train_phase_residualized_pooled_64d,0.7622377622377624,-5.676470588235299,completed,inner_train,inner_validation,False
leave_one_view_out__fold01__candidate_339,leave_one_view_out__fold01,main_selection,True,naive_time_sync,future_maneuver_score,spearman,-0.5734265734265735,raw_pooled_64d_diagnostic,0.7622377622377624,-5.617647058823534,completed,inner_train,inner_validation,False
leave_one_view_out__fold01__candidate_339,leave_one_view_out__fold01,main_selection,True,naive_time_sync,future_maneuver_trend,macro_f1,0.4666666666666666,train_phase_residualized_pooled_64d,0.7388888888888889,-1.0425531914893622,completed,inner_train,inner_validation,False
leave_one_view_out__fold01__candidate_339,leave_one_view_out__fold01,main_selection,True,naive_time_sync,future_maneuver_trend,macro_f1,0.4666666666666666,raw_pooled_64d_diagnostic,0.7388888888888889,-1.0425531914893622,completed,inner_train,inner_validation,False
leave_one_view_out__fold01__candidate_339,leave_one_view_out__fold01,main_selection,True,naive_time_sync,physiology_residual,rmse,1.1509520928844792,train_phase_residualized_pooled_64d,0.2825606216030745,-3.073292613651144,completed,inner_train,inner_validation,False
leave_one_view_out__fold01__candidate_339,leave_one_view_out__fold01,main_selection,True,naive_time_sync,physiology_residual,rmse,0.6824958452764853,raw_pooled_64d_diagnostic,0.2825606216030745,-1.4153961773032113,completed,inner_train,inner_validation,False
leave_one_view_out__fold01__candidate_339,leave_one_view_out__fold01,main_selection,True,naive_time_sync,physiology_residual,rmse_ratio,2.5810477900613367,train_phase_residualized_pooled_64d,0.2825606216030745,-3.073292613651144,completed,inner_train,inner_validation,False
leave_one_view_out__fold01__candidate_339,leave_one_view_out__fold01,main_selection,True,naive_time_sync,physiology_residual,response_skill,-5.661807694580511,train_phase_residualized_pooled_64d,0.2825606216030745,-3.073292613651144,completed,inner_train,inner_validation,False
leave_one_view_out__fold01__candidate_339,leave_one_view_out__fold01,main_selection,True,naive_time_sync,physiology_residual,spearman,0.7132867132867133,train_phase_residualized_pooled_64d,0.2825606216030745,-3.073292613651144,completed,inner_train,inner_validation,False
leave_one_view_out__fold01__candidate_339,leave_one_view_out__fold01,main_selection,True,naive_time_sync,high_residual_response,normalized_ap,0.2962962962962963,train_phase_residualized_pooled_64d,0.5555555555555557,-0.5833333333333338,completed,inner_train,inner_validation,False
leave_one_view_out__fold01__candidate_339,leave_one_view_out__fold01,main_selection,True,naive_time_sync,high_residual_response,normalized_ap,0.14814814814814814,raw_pooled_64d_diagnostic,0.5555555555555557,-0.9166666666666673,completed,inner_train,inner_validation,False
leave_one_view_out__fold01__candidate_339,leave_one_view_out__fold01,main_selection,True,naive_time_sync,high_residual_response,auprc,0.4722222222222222,train_phase_residualized_pooled_64d,0.5555555555555557,-0.5833333333333338,completed,inner_train,inner_validation,False
leave_one_view_out__fold01__candidate_339,leave_one_view_out__fold01,main_selection,True,naive_time_sync,high_residual_response,prevalence,0.25,train_phase_residualized_pooled_64d,0.5555555555555557,-0.5833333333333338,completed,inner_train,inner_validation,False
leave_one_view_out__fold01__candidate_339,leave_one_view_out__fold01,main_selection,True,mult,future_maneuver_score,spearman,-0.7832167832167832,train_phase_residualized_pooled_64d,0.7622377622377624,-6.500000000000005,completed,inner_train,inner_validation,False
leave_one_view_out__fold01__candidate_339,leave_one_view_out__fold01,main_selection,True,mult,future_maneuver_score,spearman,-0.7972027972027973,raw_pooled_64d_diagnostic,0.7622377622377624,-6.55882352941177,completed,inner_train,inner_validation,False
leave_one_view_out__fold01__candidate_339,leave_one_view_out__fold01,main_selection,True,mult,future_maneuver_trend,macro_f1,0.4666666666666666,train_phase_residualized_pooled_64d,0.7388888888888889,-1.0425531914893622,completed,inner_train,inner_validation,False
leave_one_view_out__fold01__candidate_339,leave_one_view_out__fold01,main_selection,True,mult,future_maneuver_trend,macro_f1,0.4962962962962963,raw_pooled_64d_diagnostic,0.7388888888888889,-0.9290780141843975,completed,inner_train,inner_validation,False
leave_one_view_out__fold01__candidate_339,leave_one_view_out__fold01,main_selection,True,mult,physiology_residual,rmse,1.2620952343043308,train_phase_residualized_pooled_64d,0.2825606216030745,-3.4666352556275597,completed,inner_train,inner_validation,False
leave_one_view_out__fold01__candidate_339,leave_one_view_out__fold01,main_selection,True,mult,physiology_residual,rmse,0.5144794322389541,raw_pooled_64d_diagnostic,0.2825606216030745,-0.8207754120872026,completed,inner_train,inner_validation,False
leave_one_view_out__fold01__candidate_339,leave_one_view_out__fold01,main_selection,True,mult,physiology_residual,rmse_ratio,2.8302899273454774,train_phase_residualized_pooled_64d,0.2825606216030745,-3.4666352556275597,completed,inner_train,inner_validation,False
leave_one_view_out__fold01__candidate_339,leave_one_view_out__fold01,main_selection,True,mult,physiology_residual,response_skill,-7.010541072833268,train_phase_residualized_pooled_64d,0.2825606216030745,-3.4666352556275597,completed,inner_train,inner_validation,False
leave_one_view_out__fold01__candidate_339,leave_one_view_out__fold01,main_selection,True,mult,physiology_residual,spearman,0.37762237762237766,train_phase_residualized_pooled_64d,0.2825606216030745,-3.4666352556275597,completed,inner_train,inner_validation,False
leave_one_view_out__fold01__candidate_339,leave_one_view_out__fold01,main_selection,True,mult,high_residual_response,normalized_ap,-0.059964726631393295,train_phase_residualized_pooled_64d,0.5555555555555557,-1.3849206349206356,completed,inner_train,inner_validation,False
leave_one_view_out__fold01__candidate_339,leave_one_view_out__fold01,main_selection,True,mult,high_residual_response,normalized_ap,-0.04761904761904764,raw_pooled_64d_diagnostic,0.5555555555555557,-1.3571428571428579,completed,inner_train,inner_validation,False
leave_one_view_out__fold01__candidate_339,leave_one_view_out__fold01,main_selection,True,mult,high_residual_response,auprc,0.20502645502645503,train_phase_residualized_pooled_64d,0.5555555555555557,-1.3849206349206356,completed,inner_train,inner_validation,False
leave_one_view_out__fold01__candidate_339,leave_one_view_out__fold01,main_selection,True,mult,high_residual_response,prevalence,0.25,train_phase_residualized_pooled_64d,0.5555555555555557,-1.3849206349206356,completed,inner_train,inner_validation,False
leave_one_view_out__fold01__candidate_339,leave_one_view_out__fold01,main_selection,True,contiformer,future_maneuver_score,spearman,0.6503496503496504,train_phase_residualized_pooled_64d,0.7622377622377624,-0.47058823529411836,completed,inner_train,inner_validation,False
leave_one_view_out__fold01__candidate_339,leave_one_view_out__fold01,main_selection,True,contiformer,future_maneuver_score,spearman,0.6223776223776225,raw_pooled_64d_diagnostic,0.7622377622377624,-0.5882352941176476,completed,inner_train,inner_validation,False
leave_one_view_out__fold01__candidate_339,leave_one_view_out__fold01,main_selection,True,contiformer,future_maneuver_trend,macro_f1,0.6476190476190476,train_phase_residualized_pooled_64d,0.7388888888888889,-0.34954407294832834,completed,inner_train,inner_validation,False
leave_one_view_out__fold01__candidate_339,leave_one_view_out__fold01,main_selection,True,contiformer,future_maneuver_trend,macro_f1,0.6722222222222222,raw_pooled_64d_diagnostic,0.7388888888888889,-0.25531914893617064,completed,inner_train,inner_validation,False
leave_one_view_out__fold01__candidate_339,leave_one_view_out__fold01,main_selection,True,contiformer,physiology_residual,rmse,0.5465914843295406,train_phase_residualized_pooled_64d,0.2825606216030745,-0.9344220055452811,completed,inner_train,inner_validation,False
leave_one_view_out__fold01__candidate_339,leave_one_view_out__fold01,main_selection,True,contiformer,physiology_residual,rmse,0.49623001579701537,raw_pooled_64d_diagnostic,0.2825606216030745,-0.7561895673279336,completed,inner_train,inner_validation,False
leave_one_view_out__fold01__candidate_339,leave_one_view_out__fold01,main_selection,True,contiformer,physiology_residual,rmse_ratio,1.2257493178186576,train_phase_residualized_pooled_64d,0.2825606216030745,-0.9344220055452811,completed,inner_train,inner_validation,False
leave_one_view_out__fold01__candidate_339,leave_one_view_out__fold01,main_selection,True,contiformer,physiology_residual,response_skill,-0.5024613901329045,train_phase_residualized_pooled_64d,0.2825606216030745,-0.9344220055452811,completed,inner_train,inner_validation,False
leave_one_view_out__fold01__candidate_339,leave_one_view_out__fold01,main_selection,True,contiformer,physiology_residual,spearman,0.34965034965034975,train_phase_residualized_pooled_64d,0.2825606216030745,-0.9344220055452811,completed,inner_train,inner_validation,False
leave_one_view_out__fold01__candidate_339,leave_one_view_out__fold01,main_selection,True,contiformer,high_residual_response,normalized_ap,0.06666666666666665,train_phase_residualized_pooled_64d,0.5555555555555557,-1.1000000000000008,completed,inner_train,inner_validation,False
leave_one_view_out__fold01__candidate_339,leave_one_view_out__fold01,main_selection,True,contiformer,high_residual_response,normalized_ap,0.6666666666666666,raw_pooled_64d_diagnostic,0.5555555555555557,0.2499999999999997,completed,inner_train,inner_validation,False
leave_one_view_out__fold01__candidate_339,leave_one_view_out__fold01,main_selection,True,contiformer,high_residual_response,auprc,0.3,train_phase_residualized_pooled_64d,0.5555555555555557,-1.1000000000000008,completed,inner_train,inner_validation,False
leave_one_view_out__fold01__candidate_339,leave_one_view_out__fold01,main_selection,True,contiformer,high_residual_response,prevalence,0.25,train_phase_residualized_pooled_64d,0.5555555555555557,-1.1000000000000008,completed,inner_train,inner_validation,False
leave_one_view_out__fold01__candidate_339,leave_one_view_out__fold01,main_selection,True,chronaris,future_maneuver_score,spearman,-0.965034965034965,train_phase_residualized_pooled_64d,0.7622377622377624,-7.264705882352947,completed,inner_train,inner_validation,False
leave_one_view_out__fold01__candidate_339,leave_one_view_out__fold01,main_selection,True,chronaris,future_maneuver_score,spearman,0.5804195804195805,raw_pooled_64d_diagnostic,0.7622377622377624,-0.764705882352942,completed,inner_train,inner_validation,False
leave_one_view_out__fold01__candidate_339,leave_one_view_out__fold01,main_selection,True,chronaris,future_maneuver_trend,macro_f1,0.06060606060606061,train_phase_residualized_pooled_64d,0.7388888888888889,-2.597678916827854,completed,inner_train,inner_validation,False
leave_one_view_out__fold01__candidate_339,leave_one_view_out__fold01,main_selection,True,chronaris,future_maneuver_trend,macro_f1,0.3956043956043956,raw_pooled_64d_diagnostic,0.7388888888888889,-1.3147065700257194,completed,inner_train,inner_validation,False
leave_one_view_out__fold01__candidate_339,leave_one_view_out__fold01,main_selection,True,chronaris,physiology_residual,rmse,1.289605795876349,train_phase_residualized_pooled_64d,0.2825606216030745,-3.5639968816600205,completed,inner_train,inner_validation,False
leave_one_view_out__fold01__candidate_339,leave_one_view_out__fold01,main_selection,True,chronaris,physiology_residual,rmse,0.808019935003186,raw_pooled_64d_diagnostic,0.2825606216030745,-1.8596339094208523,completed,inner_train,inner_validation,False
leave_one_view_out__fold01__candidate_339,leave_one_view_out__fold01,main_selection,True,chronaris,physiology_residual,rmse_ratio,2.891983263312964,train_phase_residualized_pooled_64d,0.2825606216030745,-3.5639968816600205,completed,inner_train,inner_validation,False
leave_one_view_out__fold01__candidate_339,leave_one_view_out__fold01,main_selection,True,chronaris,physiology_residual,response_skill,-7.3635671952823,train_phase_residualized_pooled_64d,0.2825606216030745,-3.5639968816600205,completed,inner_train,inner_validation,False
leave_one_view_out__fold01__candidate_339,leave_one_view_out__fold01,main_selection,True,chronaris,physiology_residual,spearman,-0.7482517482517484,train_phase_residualized_pooled_64d,0.2825606216030745,-3.5639968816600205,completed,inner_train,inner_validation,False
leave_one_view_out__fold01__candidate_339,leave_one_view_out__fold01,main_selection,True,chronaris,high_residual_response,normalized_ap,-0.059964726631393295,train_phase_residualized_pooled_64d,0.5555555555555557,-1.3849206349206356,completed,inner_train,inner_validation,False
leave_one_view_out__fold01__candidate_339,leave_one_view_out__fold01,main_selection,True,chronaris,high_residual_response,normalized_ap,-0.04761904761904764,raw_pooled_64d_diagnostic,0.5555555555555557,-1.3571428571428579,completed,inner_train,inner_validation,False
leave_one_view_out__fold01__candidate_339,leave_one_view_out__fold01,main_selection,True,chronaris,high_residual_response,auprc,0.20502645502645503,train_phase_residualized_pooled_64d,0.5555555555555557,-1.3849206349206356,completed,inner_train,inner_validation,False
leave_one_view_out__fold01__candidate_339,leave_one_view_out__fold01,main_selection,True,chronaris,high_residual_response,prevalence,0.25,train_phase_residualized_pooled_64d,0.5555555555555557,-1.3849206349206356,completed,inner_train,inner_validation,False
leave_one_view_out__fold01__candidate_353,leave_one_view_out__fold01,main_selection,True,time_only,future_maneuver_score,spearman,0.35664335664335667,explicit_phase_diagnostic,0.35664335664335667,0.0,completed,inner_train,inner_validation,False
leave_one_view_out__fold01__candidate_353,leave_one_view_out__fold01,main_selection,True,time_only,future_maneuver_trend,macro_f1,0.4222222222222222,explicit_phase_diagnostic,0.4222222222222222,0.0,completed,inner_train,inner_validation,False
leave_one_view_out__fold01__candidate_353,leave_one_view_out__fold01,main_selection,True,time_only,physiology_residual,rmse,0.40170657629700823,explicit_phase_diagnostic,0.40170657629700823,0.0,completed,inner_train,inner_validation,False
leave_one_view_out__fold01__candidate_353,leave_one_view_out__fold01,main_selection,True,time_only,high_residual_response,normalized_ap,0.0,explicit_phase_diagnostic,0.0,0.0,completed,inner_train,inner_validation,False
leave_one_view_out__fold01__candidate_353,leave_one_view_out__fold01,main_selection,True,physiology_only,future_maneuver_score,spearman,-0.30069930069930073,train_phase_residualized_pooled_64d,0.35664335664335667,-1.0217391304347827,completed,inner_train,inner_validation,False
leave_one_view_out__fold01__candidate_353,leave_one_view_out__fold01,main_selection,True,physiology_only,future_maneuver_score,spearman,-0.31468531468531474,raw_pooled_64d_diagnostic,0.35664335664335667,-1.0434782608695654,completed,inner_train,inner_validation,False
leave_one_view_out__fold01__candidate_353,leave_one_view_out__fold01,main_selection,True,physiology_only,future_maneuver_trend,macro_f1,0.15,train_phase_residualized_pooled_64d,0.4222222222222222,-0.47115384615384626,completed,inner_train,inner_validation,False
leave_one_view_out__fold01__candidate_353,leave_one_view_out__fold01,main_selection,True,physiology_only,future_maneuver_trend,macro_f1,0.07407407407407407,raw_pooled_64d_diagnostic,0.4222222222222222,-0.6025641025641026,completed,inner_train,inner_validation,False
leave_one_view_out__fold01__candidate_353,leave_one_view_out__fold01,main_selection,True,physiology_only,physiology_residual,rmse,5.410275606196161,train_phase_residualized_pooled_64d,0.40170657629700823,-12.468227620441013,completed,inner_train,inner_validation,False
leave_one_view_out__fold01__candidate_353,leave_one_view_out__fold01,main_selection,True,physiology_only,physiology_residual,rmse,3.9785073249217815,raw_pooled_64d_diagnostic,0.40170657629700823,-8.904013425909682,completed,inner_train,inner_validation,False
leave_one_view_out__fold01__candidate_353,leave_one_view_out__fold01,main_selection,True,physiology_only,physiology_residual,rmse_ratio,10.334377779348316,train_phase_residualized_pooled_64d,0.40170657629700823,-12.468227620441013,completed,inner_train,inner_validation,False
leave_one_view_out__fold01__candidate_353,leave_one_view_out__fold01,main_selection,True,physiology_only,physiology_residual,response_skill,-105.79936408628824,train_phase_residualized_pooled_64d,0.40170657629700823,-12.468227620441013,completed,inner_train,inner_validation,False
leave_one_view_out__fold01__candidate_353,leave_one_view_out__fold01,main_selection,True,physiology_only,physiology_residual,spearman,-0.8671328671328673,train_phase_residualized_pooled_64d,0.40170657629700823,-12.468227620441013,completed,inner_train,inner_validation,False
leave_one_view_out__fold01__candidate_353,leave_one_view_out__fold01,main_selection,True,physiology_only,high_residual_response,normalized_ap,0.0,train_phase_residualized_pooled_64d,0.0,0.0,completed,inner_train,inner_validation,False
leave_one_view_out__fold01__candidate_353,leave_one_view_out__fold01,main_selection,True,physiology_only,high_residual_response,normalized_ap,0.0,raw_pooled_64d_diagnostic,0.0,0.0,completed,inner_train,inner_validation,False
leave_one_view_out__fold01__candidate_353,leave_one_view_out__fold01,main_selection,True,physiology_only,high_residual_response,auprc,0.0,train_phase_residualized_pooled_64d,0.0,0.0,completed,inner_train,inner_validation,False
leave_one_view_out__fold01__candidate_353,leave_one_view_out__fold01,main_selection,True,physiology_only,high_residual_response,prevalence,0.0,train_phase_residualized_pooled_64d,0.0,0.0,completed,inner_train,inner_validation,False
leave_one_view_out__fold01__candidate_353,leave_one_view_out__fold01,main_selection,True,vehicle_only,future_maneuver_score,spearman,0.3076923076923077,train_phase_residualized_pooled_64d,0.35664335664335667,-0.07608695652173915,completed,inner_train,inner_validation,False
leave_one_view_out__fold01__candidate_353,leave_one_view_out__fold01,main_selection,True,vehicle_only,future_maneuver_score,spearman,0.6223776223776225,raw_pooled_64d_diagnostic,0.35664335664335667,0.41304347826086973,completed,inner_train,inner_validation,False
leave_one_view_out__fold01__candidate_353,leave_one_view_out__fold01,main_selection,True,vehicle_only,future_maneuver_trend,macro_f1,0.8196969696969697,train_phase_residualized_pooled_64d,0.4222222222222222,0.687937062937063,completed,inner_train,inner_validation,False
leave_one_view_out__fold01__candidate_353,leave_one_view_out__fold01,main_selection,True,vehicle_only,future_maneuver_trend,macro_f1,0.7222222222222222,raw_pooled_64d_diagnostic,0.4222222222222222,0.5192307692307693,completed,inner_train,inner_validation,False
leave_one_view_out__fold01__candidate_353,leave_one_view_out__fold01,main_selection,True,vehicle_only,physiology_residual,rmse,0.6492799090717323,train_phase_residualized_pooled_64d,0.40170657629700823,-0.6163039078346497,completed,inner_train,inner_validation,False
leave_one_view_out__fold01__candidate_353,leave_one_view_out__fold01,main_selection,True,vehicle_only,physiology_residual,rmse,0.5317464708126621,raw_pooled_64d_diagnostic,0.40170657629700823,-0.3237186100222238,completed,inner_train,inner_validation,False
leave_one_view_out__fold01__candidate_353,leave_one_view_out__fold01,main_selection,True,vehicle_only,physiology_residual,rmse_ratio,1.2402147974132103,train_phase_residualized_pooled_64d,0.40170657629700823,-0.6163039078346497,completed,inner_train,inner_validation,False
leave_one_view_out__fold01__candidate_353,leave_one_view_out__fold01,main_selection,True,vehicle_only,physiology_residual,response_skill,-0.5381327437226902,train_phase_residualized_pooled_64d,0.40170657629700823,-0.6163039078346497,completed,inner_train,inner_validation,False
leave_one_view_out__fold01__candidate_353,leave_one_view_out__fold01,main_selection,True,vehicle_only,physiology_residual,spearman,-0.034965034965034975,train_phase_residualized_pooled_64d,0.40170657629700823,-0.6163039078346497,completed,inner_train,inner_validation,False
leave_one_view_out__fold01__candidate_353,leave_one_view_out__fold01,main_selection,True,vehicle_only,high_residual_response,normalized_ap,0.0,train_phase_residualized_pooled_64d,0.0,0.0,completed,inner_train,inner_validation,False
leave_one_view_out__fold01__candidate_353,leave_one_view_out__fold01,main_selection,True,vehicle_only,high_residual_response,normalized_ap,0.0,raw_pooled_64d_diagnostic,0.0,0.0,completed,inner_train,inner_validation,False
leave_one_view_out__fold01__candidate_353,leave_one_view_out__fold01,main_selection,True,vehicle_only,high_residual_response,auprc,0.0,train_phase_residualized_pooled_64d,0.0,0.0,completed,inner_train,inner_validation,False
leave_one_view_out__fold01__candidate_353,leave_one_view_out__fold01,main_selection,True,vehicle_only,high_residual_response,prevalence,0.0,train_phase_residualized_pooled_64d,0.0,0.0,completed,inner_train,inner_validation,False
leave_one_view_out__fold01__candidate_353,leave_one_view_out__fold01,main_selection,True,naive_time_sync,future_maneuver_score,spearman,-0.2937062937062937,train_phase_residualized_pooled_64d,0.35664335664335667,-1.0108695652173914,completed,inner_train,inner_validation,False
leave_one_view_out__fold01__candidate_353,leave_one_view_out__fold01,main_selection,True,naive_time_sync,future_maneuver_score,spearman,-0.2867132867132868,raw_pooled_64d_diagnostic,0.35664335664335667,-1.0000000000000002,completed,inner_train,inner_validation,False
leave_one_view_out__fold01__candidate_353,leave_one_view_out__fold01,main_selection,True,naive_time_sync,future_maneuver_trend,macro_f1,0.4222222222222222,train_phase_residualized_pooled_64d,0.4222222222222222,0.0,completed,inner_train,inner_validation,False
leave_one_view_out__fold01__candidate_353,leave_one_view_out__fold01,main_selection,True,naive_time_sync,future_maneuver_trend,macro_f1,0.4222222222222222,raw_pooled_64d_diagnostic,0.4222222222222222,0.0,completed,inner_train,inner_validation,False
leave_one_view_out__fold01__candidate_353,leave_one_view_out__fold01,main_selection,True,naive_time_sync,physiology_residual,rmse,4.08568751919035,train_phase_residualized_pooled_64d,0.40170657629700823,-9.170825573364603,completed,inner_train,inner_validation,False
leave_one_view_out__fold01__candidate_353,leave_one_view_out__fold01,main_selection,True,naive_time_sync,physiology_residual,rmse,3.980379231552393,raw_pooled_64d_diagnostic,0.40170657629700823,-8.908673311361065,completed,inner_train,inner_validation,False
leave_one_view_out__fold01__candidate_353,leave_one_view_out__fold01,main_selection,True,naive_time_sync,physiology_residual,rmse_ratio,7.804230576225217,train_phase_residualized_pooled_64d,0.40170657629700823,-9.170825573364603,completed,inner_train,inner_validation,False
leave_one_view_out__fold01__candidate_353,leave_one_view_out__fold01,main_selection,True,naive_time_sync,physiology_residual,response_skill,-59.9060148868886,train_phase_residualized_pooled_64d,0.40170657629700823,-9.170825573364603,completed,inner_train,inner_validation,False
leave_one_view_out__fold01__candidate_353,leave_one_view_out__fold01,main_selection,True,naive_time_sync,physiology_residual,spearman,-0.7762237762237763,train_phase_residualized_pooled_64d,0.40170657629700823,-9.170825573364603,completed,inner_train,inner_validation,False
leave_one_view_out__fold01__candidate_353,leave_one_view_out__fold01,main_selection,True,naive_time_sync,high_residual_response,normalized_ap,0.0,train_phase_residualized_pooled_64d,0.0,0.0,completed,inner_train,inner_validation,False
leave_one_view_out__fold01__candidate_353,leave_one_view_out__fold01,main_selection,True,naive_time_sync,high_residual_response,normalized_ap,0.0,raw_pooled_64d_diagnostic,0.0,0.0,completed,inner_train,inner_validation,False
leave_one_view_out__fold01__candidate_353,leave_one_view_out__fold01,main_selection,True,naive_time_sync,high_residual_response,auprc,0.0,train_phase_residualized_pooled_64d,0.0,0.0,completed,inner_train,inner_validation,False
leave_one_view_out__fold01__candidate_353,leave_one_view_out__fold01,main_selection,True,naive_time_sync,high_residual_response,prevalence,0.0,train_phase_residualized_pooled_64d,0.0,0.0,completed,inner_train,inner_validation,False
leave_one_view_out__fold01__candidate_353,leave_one_view_out__fold01,main_selection,True,mult,future_maneuver_score,spearman,-0.5314685314685316,train_phase_residualized_pooled_64d,0.35664335664335667,-1.380434782608696,completed,inner_train,inner_validation,False
leave_one_view_out__fold01__candidate_353,leave_one_view_out__fold01,main_selection,True,mult,future_maneuver_score,spearman,-0.5244755244755246,raw_pooled_64d_diagnostic,0.35664335664335667,-1.3695652173913047,completed,inner_train,inner_validation,False
leave_one_view_out__fold01__candidate_353,leave_one_view_out__fold01,main_selection,True,mult,future_maneuver_trend,macro_f1,0.4424242424242424,train_phase_residualized_pooled_64d,0.4222222222222222,0.034965034965034905,completed,inner_train,inner_validation,False
leave_one_view_out__fold01__candidate_353,leave_one_view_out__fold01,main_selection,True,mult,future_maneuver_trend,macro_f1,0.45909090909090916,raw_pooled_64d_diagnostic,0.4222222222222222,0.06381118881118894,completed,inner_train,inner_validation,False
leave_one_view_out__fold01__candidate_353,leave_one_view_out__fold01,main_selection,True,mult,physiology_residual,rmse,1.490134005052947,train_phase_residualized_pooled_64d,0.40170657629700823,-2.7095086139470927,completed,inner_train,inner_validation,False
leave_one_view_out__fold01__candidate_353,leave_one_view_out__fold01,main_selection,True,mult,physiology_residual,rmse,1.0592070084047351,raw_pooled_64d_diagnostic,0.40170657629700823,-1.6367679069849068,completed,inner_train,inner_validation,False
leave_one_view_out__fold01__candidate_353,leave_one_view_out__fold01,main_selection,True,mult,physiology_residual,rmse_ratio,2.8463628973788255,train_phase_residualized_pooled_64d,0.40170657629700823,-2.7095086139470927,completed,inner_train,inner_validation,False
leave_one_view_out__fold01__candidate_353,leave_one_view_out__fold01,main_selection,True,mult,physiology_residual,response_skill,-7.101781743574783,train_phase_residualized_pooled_64d,0.40170657629700823,-2.7095086139470927,completed,inner_train,inner_validation,False
leave_one_view_out__fold01__candidate_353,leave_one_view_out__fold01,main_selection,True,mult,physiology_residual,spearman,-0.46153846153846156,train_phase_residualized_pooled_64d,0.40170657629700823,-2.7095086139470927,completed,inner_train,inner_validation,False
leave_one_view_out__fold01__candidate_353,leave_one_view_out__fold01,main_selection,True,mult,high_residual_response,normalized_ap,0.0,train_phase_residualized_pooled_64d,0.0,0.0,completed,inner_train,inner_validation,False
leave_one_view_out__fold01__candidate_353,leave_one_view_out__fold01,main_selection,True,mult,high_residual_response,normalized_ap,0.0,raw_pooled_64d_diagnostic,0.0,0.0,completed,inner_train,inner_validation,False
leave_one_view_out__fold01__candidate_353,leave_one_view_out__fold01,main_selection,True,mult,high_residual_response,auprc,0.0,train_phase_residualized_pooled_64d,0.0,0.0,completed,inner_train,inner_validation,False
leave_one_view_out__fold01__candidate_353,leave_one_view_out__fold01,main_selection,True,mult,high_residual_response,prevalence,0.0,train_phase_residualized_pooled_64d,0.0,0.0,completed,inner_train,inner_validation,False
leave_one_view_out__fold01__candidate_353,leave_one_view_out__fold01,main_selection,True,contiformer,future_maneuver_score,spearman,0.4755244755244756,train_phase_residualized_pooled_64d,0.35664335664335667,0.18478260869565222,completed,inner_train,inner_validation,False
leave_one_view_out__fold01__candidate_353,leave_one_view_out__fold01,main_selection,True,contiformer,future_maneuver_score,spearman,0.6083916083916086,raw_pooled_64d_diagnostic,0.35664335664335667,0.3913043478260872,completed,inner_train,inner_validation,False
leave_one_view_out__fold01__candidate_353,leave_one_view_out__fold01,main_selection,True,contiformer,future_maneuver_trend,macro_f1,0.5598845598845599,train_phase_residualized_pooled_64d,0.4222222222222222,0.23826173826173827,completed,inner_train,inner_validation,False
leave_one_view_out__fold01__candidate_353,leave_one_view_out__fold01,main_selection,True,contiformer,future_maneuver_trend,macro_f1,0.3055555555555555,raw_pooled_64d_diagnostic,0.4222222222222222,-0.20192307692307698,completed,inner_train,inner_validation,False
leave_one_view_out__fold01__candidate_353,leave_one_view_out__fold01,main_selection,True,contiformer,physiology_residual,rmse,0.9641915203256523,train_phase_residualized_pooled_64d,0.40170657629700823,-1.4002383262273548,completed,inner_train,inner_validation,False
leave_one_view_out__fold01__candidate_353,leave_one_view_out__fold01,main_selection,True,contiformer,physiology_residual,rmse,0.7285556506100231,raw_pooled_64d_diagnostic,0.40170657629700823,-0.8136512907654112,completed,inner_train,inner_validation,False
leave_one_view_out__fold01__candidate_353,leave_one_view_out__fold01,main_selection,True,contiformer,physiology_residual,rmse_ratio,1.8417397093925816,train_phase_residualized_pooled_64d,0.40170657629700823,-1.4002383262273548,completed,inner_train,inner_validation,False
leave_one_view_out__fold01__candidate_353,leave_one_view_out__fold01,main_selection,True,contiformer,physiology_residual,response_skill,-2.392005157153471,train_phase_residualized_pooled_64d,0.40170657629700823,-1.4002383262273548,completed,inner_train,inner_validation,False
leave_one_view_out__fold01__candidate_353,leave_one_view_out__fold01,main_selection,True,contiformer,physiology_residual,spearman,-0.7062937062937064,train_phase_residualized_pooled_64d,0.40170657629700823,-1.4002383262273548,completed,inner_train,inner_validation,False
leave_one_view_out__fold01__candidate_353,leave_one_view_out__fold01,main_selection,True,contiformer,high_residual_response,normalized_ap,0.0,train_phase_residualized_pooled_64d,0.0,0.0,completed,inner_train,inner_validation,False
leave_one_view_out__fold01__candidate_353,leave_one_view_out__fold01,main_selection,True,contiformer,high_residual_response,normalized_ap,0.0,raw_pooled_64d_diagnostic,0.0,0.0,completed,inner_train,inner_validation,False
leave_one_view_out__fold01__candidate_353,leave_one_view_out__fold01,main_selection,True,contiformer,high_residual_response,auprc,0.0,train_phase_residualized_pooled_64d,0.0,0.0,completed,inner_train,inner_validation,False
leave_one_view_out__fold01__candidate_353,leave_one_view_out__fold01,main_selection,True,contiformer,high_residual_response,prevalence,0.0,train_phase_residualized_pooled_64d,0.0,0.0,completed,inner_train,inner_validation,False
leave_one_view_out__fold01__candidate_353,leave_one_view_out__fold01,main_selection,True,chronaris,future_maneuver_score,spearman,0.0,train_phase_residualized_pooled_64d,0.35664335664335667,-0.5543478260869565,completed,inner_train,inner_validation,False
leave_one_view_out__fold01__candidate_353,leave_one_view_out__fold01,main_selection,True,chronaris,future_maneuver_score,spearman,-0.6013986013986015,raw_pooled_64d_diagnostic,0.35664335664335667,-1.4891304347826089,completed,inner_train,inner_validation,False
leave_one_view_out__fold01__candidate_353,leave_one_view_out__fold01,main_selection,True,chronaris,future_maneuver_trend,macro_f1,0.4424242424242424,train_phase_residualized_pooled_64d,0.4222222222222222,0.034965034965034905,completed,inner_train,inner_validation,False
leave_one_view_out__fold01__candidate_353,leave_one_view_out__fold01,main_selection,True,chronaris,future_maneuver_trend,macro_f1,0.15384615384615385,raw_pooled_64d_diagnostic,0.4222222222222222,-0.4644970414201184,completed,inner_train,inner_validation,False
leave_one_view_out__fold01__candidate_353,leave_one_view_out__fold01,main_selection,True,chronaris,physiology_residual,rmse,9.262087187999736,train_phase_residualized_pooled_64d,0.40170657629700823,-22.056847297296077,completed,inner_train,inner_validation,False
leave_one_view_out__fold01__candidate_353,leave_one_view_out__fold01,main_selection,True,chronaris,physiology_residual,rmse,4.320084788468685,raw_pooled_64d_diagnostic,0.40170657629700823,-9.754329262647072,completed,inner_train,inner_validation,False
leave_one_view_out__fold01__candidate_353,leave_one_view_out__fold01,main_selection,True,chronaris,physiology_residual,rmse_ratio,17.691872834801522,train_phase_residualized_pooled_64d,0.40170657629700823,-22.056847297296077,completed,inner_train,inner_validation,False
leave_one_view_out__fold01__candidate_353,leave_one_view_out__fold01,main_selection,True,chronaris,physiology_residual,response_skill,-312.0023644027881,train_phase_residualized_pooled_64d,0.40170657629700823,-22.056847297296077,completed,inner_train,inner_validation,False
leave_one_view_out__fold01__candidate_353,leave_one_view_out__fold01,main_selection,True,chronaris,physiology_residual,spearman,-0.7622377622377624,train_phase_residualized_pooled_64d,0.40170657629700823,-22.056847297296077,completed,inner_train,inner_validation,False
leave_one_view_out__fold01__candidate_353,leave_one_view_out__fold01,main_selection,True,chronaris,high_residual_response,normalized_ap,0.0,train_phase_residualized_pooled_64d,0.0,0.0,completed,inner_train,inner_validation,False
leave_one_view_out__fold01__candidate_353,leave_one_view_out__fold01,main_selection,True,chronaris,high_residual_response,normalized_ap,0.0,raw_pooled_64d_diagnostic,0.0,0.0,completed,inner_train,inner_validation,False
leave_one_view_out__fold01__candidate_353,leave_one_view_out__fold01,main_selection,True,chronaris,high_residual_response,auprc,0.0,train_phase_residualized_pooled_64d,0.0,0.0,completed,inner_train,inner_validation,False
leave_one_view_out__fold01__candidate_353,leave_one_view_out__fold01,main_selection,True,chronaris,high_residual_response,prevalence,0.0,train_phase_residualized_pooled_64d,0.0,0.0,completed,inner_train,inner_validation,False
leave_one_view_out__fold02__candidate_328,leave_one_view_out__fold02,main_selection,True,time_only,future_maneuver_score,spearman,0.6433566433566434,explicit_phase_diagnostic,0.6433566433566434,0.0,completed,inner_train,inner_validation,False
leave_one_view_out__fold02__candidate_328,leave_one_view_out__fold02,main_selection,True,time_only,future_maneuver_trend,macro_f1,0.7428571428571429,explicit_phase_diagnostic,0.7428571428571429,0.0,completed,inner_train,inner_validation,False
leave_one_view_out__fold02__candidate_328,leave_one_view_out__fold02,main_selection,True,time_only,physiology_residual,rmse,0.7290493384928971,explicit_phase_diagnostic,0.7290493384928971,0.0,completed,inner_train,inner_validation,False
leave_one_view_out__fold02__candidate_328,leave_one_view_out__fold02,main_selection,True,time_only,high_residual_response,normalized_ap,0.0,explicit_phase_diagnostic,0.0,0.0,completed,inner_train,inner_validation,False
leave_one_view_out__fold02__candidate_328,leave_one_view_out__fold02,main_selection,True,physiology_only,future_maneuver_score,spearman,-0.6713286713286714,train_phase_residualized_pooled_64d,0.6433566433566434,-3.6862745098039227,completed,inner_train,inner_validation,False
leave_one_view_out__fold02__candidate_328,leave_one_view_out__fold02,main_selection,True,physiology_only,future_maneuver_score,spearman,-0.6013986013986015,raw_pooled_64d_diagnostic,0.6433566433566434,-3.490196078431374,completed,inner_train,inner_validation,False
leave_one_view_out__fold02__candidate_328,leave_one_view_out__fold02,main_selection,True,physiology_only,future_maneuver_trend,macro_f1,0.0,train_phase_residualized_pooled_64d,0.7428571428571429,-2.8888888888888893,completed,inner_train,inner_validation,False
leave_one_view_out__fold02__candidate_328,leave_one_view_out__fold02,main_selection,True,physiology_only,future_maneuver_trend,macro_f1,0.0,raw_pooled_64d_diagnostic,0.7428571428571429,-2.8888888888888893,completed,inner_train,inner_validation,False
leave_one_view_out__fold02__candidate_328,leave_one_view_out__fold02,main_selection,True,physiology_only,physiology_residual,rmse,1.3601633257458414,train_phase_residualized_pooled_64d,0.7290493384928971,-0.8656670460158343,completed,inner_train,inner_validation,False
leave_one_view_out__fold02__candidate_328,leave_one_view_out__fold02,main_selection,True,physiology_only,physiology_residual,rmse,0.681349471068637,raw_pooled_64d_diagnostic,0.7290493384928971,0.06542748879364749,completed,inner_train,inner_validation,False
leave_one_view_out__fold02__candidate_328,leave_one_view_out__fold02,main_selection,True,physiology_only,physiology_residual,rmse_ratio,2.237975667885927,train_phase_residualized_pooled_64d,0.7290493384928971,-0.8656670460158343,completed,inner_train,inner_validation,False
leave_one_view_out__fold02__candidate_328,leave_one_view_out__fold02,main_selection,True,physiology_only,physiology_residual,response_skill,-4.008535090049461,train_phase_residualized_pooled_64d,0.7290493384928971,-0.8656670460158343,completed,inner_train,inner_validation,False
leave_one_view_out__fold02__candidate_328,leave_one_view_out__fold02,main_selection,True,physiology_only,physiology_residual,spearman,-0.09090909090909093,train_phase_residualized_pooled_64d,0.7290493384928971,-0.8656670460158343,completed,inner_train,inner_validation,False
leave_one_view_out__fold02__candidate_328,leave_one_view_out__fold02,main_selection,True,physiology_only,high_residual_response,normalized_ap,0.0,train_phase_residualized_pooled_64d,0.0,0.0,completed,inner_train,inner_validation,False
leave_one_view_out__fold02__candidate_328,leave_one_view_out__fold02,main_selection,True,physiology_only,high_residual_response,normalized_ap,0.0,raw_pooled_64d_diagnostic,0.0,0.0,completed,inner_train,inner_validation,False
leave_one_view_out__fold02__candidate_328,leave_one_view_out__fold02,main_selection,True,physiology_only,high_residual_response,auprc,0.0,train_phase_residualized_pooled_64d,0.0,0.0,completed,inner_train,inner_validation,False
leave_one_view_out__fold02__candidate_328,leave_one_view_out__fold02,main_selection,True,physiology_only,high_residual_response,prevalence,0.0,train_phase_residualized_pooled_64d,0.0,0.0,completed,inner_train,inner_validation,False
leave_one_view_out__fold02__candidate_328,leave_one_view_out__fold02,main_selection,True,vehicle_only,future_maneuver_score,spearman,0.5384615384615385,train_phase_residualized_pooled_64d,0.6433566433566434,-0.2941176470588236,completed,inner_train,inner_validation,False
leave_one_view_out__fold02__candidate_328,leave_one_view_out__fold02,main_selection,True,vehicle_only,future_maneuver_score,spearman,0.5804195804195805,raw_pooled_64d_diagnostic,0.6433566433566434,-0.1764705882352941,completed,inner_train,inner_validation,False
leave_one_view_out__fold02__candidate_328,leave_one_view_out__fold02,main_selection,True,vehicle_only,future_maneuver_trend,macro_f1,0.626984126984127,train_phase_residualized_pooled_64d,0.7428571428571429,-0.45061728395061745,completed,inner_train,inner_validation,False
leave_one_view_out__fold02__candidate_328,leave_one_view_out__fold02,main_selection,True,vehicle_only,future_maneuver_trend,macro_f1,0.6944444444444445,raw_pooled_64d_diagnostic,0.7428571428571429,-0.1882716049382714,completed,inner_train,inner_validation,False
leave_one_view_out__fold02__candidate_328,leave_one_view_out__fold02,main_selection,True,vehicle_only,physiology_residual,rmse,0.704340052844997,train_phase_residualized_pooled_64d,0.7290493384928971,0.033892473860520245,completed,inner_train,inner_validation,False
leave_one_view_out__fold02__candidate_328,leave_one_view_out__fold02,main_selection,True,vehicle_only,physiology_residual,rmse,0.8050371643016986,raw_pooled_64d_diagnostic,0.7290493384928971,-0.10422864653561688,completed,inner_train,inner_validation,False
leave_one_view_out__fold02__candidate_328,leave_one_view_out__fold02,main_selection,True,vehicle_only,physiology_residual,rmse_ratio,1.1589019276933041,train_phase_residualized_pooled_64d,0.7290493384928971,0.033892473860520245,completed,inner_train,inner_validation,False
leave_one_view_out__fold02__candidate_328,leave_one_view_out__fold02,main_selection,True,vehicle_only,physiology_residual,response_skill,-0.3430536780112565,train_phase_residualized_pooled_64d,0.7290493384928971,0.033892473860520245,completed,inner_train,inner_validation,False
leave_one_view_out__fold02__candidate_328,leave_one_view_out__fold02,main_selection,True,vehicle_only,physiology_residual,spearman,0.6573426573426573,train_phase_residualized_pooled_64d,0.7290493384928971,0.033892473860520245,completed,inner_train,inner_validation,False
leave_one_view_out__fold02__candidate_328,leave_one_view_out__fold02,main_selection,True,vehicle_only,high_residual_response,normalized_ap,0.0,train_phase_residualized_pooled_64d,0.0,0.0,completed,inner_train,inner_validation,False
leave_one_view_out__fold02__candidate_328,leave_one_view_out__fold02,main_selection,True,vehicle_only,high_residual_response,normalized_ap,0.0,raw_pooled_64d_diagnostic,0.0,0.0,completed,inner_train,inner_validation,False
leave_one_view_out__fold02__candidate_328,leave_one_view_out__fold02,main_selection,True,vehicle_only,high_residual_response,auprc,0.0,train_phase_residualized_pooled_64d,0.0,0.0,completed,inner_train,inner_validation,False
leave_one_view_out__fold02__candidate_328,leave_one_view_out__fold02,main_selection,True,vehicle_only,high_residual_response,prevalence,0.0,train_phase_residualized_pooled_64d,0.0,0.0,completed,inner_train,inner_validation,False
leave_one_view_out__fold02__candidate_328,leave_one_view_out__fold02,main_selection,True,naive_time_sync,future_maneuver_score,spearman,-0.7342657342657343,train_phase_residualized_pooled_64d,0.6433566433566434,-3.862745098039217,completed,inner_train,inner_validation,False
leave_one_view_out__fold02__candidate_328,leave_one_view_out__fold02,main_selection,True,naive_time_sync,future_maneuver_score,spearman,-0.6923076923076924,raw_pooled_64d_diagnostic,0.6433566433566434,-3.7450980392156876,completed,inner_train,inner_validation,False
leave_one_view_out__fold02__candidate_328,leave_one_view_out__fold02,main_selection,True,naive_time_sync,future_maneuver_trend,macro_f1,0.1818181818181818,train_phase_residualized_pooled_64d,0.7428571428571429,-2.1818181818181825,completed,inner_train,inner_validation,False
leave_one_view_out__fold02__candidate_328,leave_one_view_out__fold02,main_selection,True,naive_time_sync,future_maneuver_trend,macro_f1,0.1818181818181818,raw_pooled_64d_diagnostic,0.7428571428571429,-2.1818181818181825,completed,inner_train,inner_validation,False
leave_one_view_out__fold02__candidate_328,leave_one_view_out__fold02,main_selection,True,naive_time_sync,physiology_residual,rmse,1.791948132203731,train_phase_residualized_pooled_64d,0.7290493384928971,-1.45792436477355,completed,inner_train,inner_validation,False
leave_one_view_out__fold02__candidate_328,leave_one_view_out__fold02,main_selection,True,naive_time_sync,physiology_residual,rmse,1.0987686587336658,raw_pooled_64d_diagnostic,0.7290493384928971,-0.5071252392945841,completed,inner_train,inner_validation,False
leave_one_view_out__fold02__candidate_328,leave_one_view_out__fold02,main_selection,True,naive_time_sync,physiology_residual,rmse_ratio,2.9484226210749567,train_phase_residualized_pooled_64d,0.7290493384928971,-1.45792436477355,completed,inner_train,inner_validation,False
leave_one_view_out__fold02__candidate_328,leave_one_view_out__fold02,main_selection,True,naive_time_sync,physiology_residual,response_skill,-7.693195952466517,train_phase_residualized_pooled_64d,0.7290493384928971,-1.45792436477355,completed,inner_train,inner_validation,False
leave_one_view_out__fold02__candidate_328,leave_one_view_out__fold02,main_selection,True,naive_time_sync,physiology_residual,spearman,0.7482517482517484,train_phase_residualized_pooled_64d,0.7290493384928971,-1.45792436477355,completed,inner_train,inner_validation,False
leave_one_view_out__fold02__candidate_328,leave_one_view_out__fold02,main_selection,True,naive_time_sync,high_residual_response,normalized_ap,0.0,train_phase_residualized_pooled_64d,0.0,0.0,completed,inner_train,inner_validation,False
leave_one_view_out__fold02__candidate_328,leave_one_view_out__fold02,main_selection,True,naive_time_sync,high_residual_response,normalized_ap,0.0,raw_pooled_64d_diagnostic,0.0,0.0,completed,inner_train,inner_validation,False
leave_one_view_out__fold02__candidate_328,leave_one_view_out__fold02,main_selection,True,naive_time_sync,high_residual_response,auprc,0.0,train_phase_residualized_pooled_64d,0.0,0.0,completed,inner_train,inner_validation,False
leave_one_view_out__fold02__candidate_328,leave_one_view_out__fold02,main_selection,True,naive_time_sync,high_residual_response,prevalence,0.0,train_phase_residualized_pooled_64d,0.0,0.0,completed,inner_train,inner_validation,False
leave_one_view_out__fold02__candidate_328,leave_one_view_out__fold02,main_selection,True,mult,future_maneuver_score,spearman,-0.6783216783216784,train_phase_residualized_pooled_64d,0.6433566433566434,-3.705882352941178,completed,inner_train,inner_validation,False
leave_one_view_out__fold02__candidate_328,leave_one_view_out__fold02,main_selection,True,mult,future_maneuver_score,spearman,-0.6783216783216784,raw_pooled_64d_diagnostic,0.6433566433566434,-3.705882352941178,completed,inner_train,inner_validation,False
leave_one_view_out__fold02__candidate_328,leave_one_view_out__fold02,main_selection,True,mult,future_maneuver_trend,macro_f1,0.0,train_phase_residualized_pooled_64d,0.7428571428571429,-2.8888888888888893,completed,inner_train,inner_validation,False
leave_one_view_out__fold02__candidate_328,leave_one_view_out__fold02,main_selection,True,mult,future_maneuver_trend,macro_f1,0.3444444444444444,raw_pooled_64d_diagnostic,0.7428571428571429,-1.5493827160493832,completed,inner_train,inner_validation,False
leave_one_view_out__fold02__candidate_328,leave_one_view_out__fold02,main_selection,True,mult,physiology_residual,rmse,1.3212927913944992,train_phase_residualized_pooled_64d,0.7290493384928971,-0.8123503055717705,completed,inner_train,inner_validation,False
leave_one_view_out__fold02__candidate_328,leave_one_view_out__fold02,main_selection,True,mult,physiology_residual,rmse,0.7414119909350101,raw_pooled_64d_diagnostic,0.7290493384928971,-0.016957223317243888,completed,inner_train,inner_validation,False
leave_one_view_out__fold02__candidate_328,leave_one_view_out__fold02,main_selection,True,mult,physiology_residual,rmse_ratio,2.17401914999619,train_phase_residualized_pooled_64d,0.7290493384928971,-0.8123503055717705,completed,inner_train,inner_validation,False
leave_one_view_out__fold02__candidate_328,leave_one_view_out__fold02,main_selection,True,mult,physiology_residual,response_skill,-3.7263592645501555,train_phase_residualized_pooled_64d,0.7290493384928971,-0.8123503055717705,completed,inner_train,inner_validation,False
leave_one_view_out__fold02__candidate_328,leave_one_view_out__fold02,main_selection,True,mult,physiology_residual,spearman,-0.9090909090909092,train_phase_residualized_pooled_64d,0.7290493384928971,-0.8123503055717705,completed,inner_train,inner_validation,False
leave_one_view_out__fold02__candidate_328,leave_one_view_out__fold02,main_selection,True,mult,high_residual_response,normalized_ap,0.0,train_phase_residualized_pooled_64d,0.0,0.0,completed,inner_train,inner_validation,False
leave_one_view_out__fold02__candidate_328,leave_one_view_out__fold02,main_selection,True,mult,high_residual_response,normalized_ap,0.0,raw_pooled_64d_diagnostic,0.0,0.0,completed,inner_train,inner_validation,False
leave_one_view_out__fold02__candidate_328,leave_one_view_out__fold02,main_selection,True,mult,high_residual_response,auprc,0.0,train_phase_residualized_pooled_64d,0.0,0.0,completed,inner_train,inner_validation,False
leave_one_view_out__fold02__candidate_328,leave_one_view_out__fold02,main_selection,True,mult,high_residual_response,prevalence,0.0,train_phase_residualized_pooled_64d,0.0,0.0,completed,inner_train,inner_validation,False
leave_one_view_out__fold02__candidate_328,leave_one_view_out__fold02,main_selection,True,contiformer,future_maneuver_score,spearman,0.31468531468531474,train_phase_residualized_pooled_64d,0.6433566433566434,-0.9215686274509807,completed,inner_train,inner_validation,False
leave_one_view_out__fold02__candidate_328,leave_one_view_out__fold02,main_selection,True,contiformer,future_maneuver_score,spearman,0.37762237762237766,raw_pooled_64d_diagnostic,0.6433566433566434,-0.7450980392156866,completed,inner_train,inner_validation,False
leave_one_view_out__fold02__candidate_328,leave_one_view_out__fold02,main_selection,True,contiformer,future_maneuver_trend,macro_f1,0.404040404040404,train_phase_residualized_pooled_64d,0.7428571428571429,-1.3176206509539847,completed,inner_train,inner_validation,False
leave_one_view_out__fold02__candidate_328,leave_one_view_out__fold02,main_selection,True,contiformer,future_maneuver_trend,macro_f1,0.4444444444444444,raw_pooled_64d_diagnostic,0.7428571428571429,-1.160493827160494,completed,inner_train,inner_validation,False
leave_one_view_out__fold02__candidate_328,leave_one_view_out__fold02,main_selection,True,contiformer,physiology_residual,rmse,1.0198237927603662,train_phase_residualized_pooled_64d,0.7290493384928971,-0.3988405707473281,completed,inner_train,inner_validation,False
leave_one_view_out__fold02__candidate_328,leave_one_view_out__fold02,main_selection,True,contiformer,physiology_residual,rmse,0.9446810976994856,raw_pooled_64d_diagnostic,0.7290493384928971,-0.2957711471933382,completed,inner_train,inner_validation,False
leave_one_view_out__fold02__candidate_328,leave_one_view_out__fold02,main_selection,True,contiformer,physiology_residual,rmse_ratio,1.6779902755261578,train_phase_residualized_pooled_64d,0.7290493384928971,-0.3988405707473281,completed,inner_train,inner_validation,False
leave_one_view_out__fold02__candidate_328,leave_one_view_out__fold02,main_selection,True,contiformer,physiology_residual,response_skill,-1.8156513647603507,train_phase_residualized_pooled_64d,0.7290493384928971,-0.3988405707473281,completed,inner_train,inner_validation,False
leave_one_view_out__fold02__candidate_328,leave_one_view_out__fold02,main_selection,True,contiformer,physiology_residual,spearman,0.6363636363636365,train_phase_residualized_pooled_64d,0.7290493384928971,-0.3988405707473281,completed,inner_train,inner_validation,False
leave_one_view_out__fold02__candidate_328,leave_one_view_out__fold02,main_selection,True,contiformer,high_residual_response,normalized_ap,0.0,train_phase_residualized_pooled_64d,0.0,0.0,completed,inner_train,inner_validation,False
leave_one_view_out__fold02__candidate_328,leave_one_view_out__fold02,main_selection,True,contiformer,high_residual_response,normalized_ap,0.0,raw_pooled_64d_diagnostic,0.0,0.0,completed,inner_train,inner_validation,False
leave_one_view_out__fold02__candidate_328,leave_one_view_out__fold02,main_selection,True,contiformer,high_residual_response,auprc,0.0,train_phase_residualized_pooled_64d,0.0,0.0,completed,inner_train,inner_validation,False
leave_one_view_out__fold02__candidate_328,leave_one_view_out__fold02,main_selection,True,contiformer,high_residual_response,prevalence,0.0,train_phase_residualized_pooled_64d,0.0,0.0,completed,inner_train,inner_validation,False
leave_one_view_out__fold02__candidate_328,leave_one_view_out__fold02,main_selection,True,chronaris,future_maneuver_score,spearman,-0.6573426573426573,train_phase_residualized_pooled_64d,0.6433566433566434,-3.647058823529413,completed,inner_train,inner_validation,False
leave_one_view_out__fold02__candidate_328,leave_one_view_out__fold02,main_selection,True,chronaris,future_maneuver_score,spearman,-0.6573426573426573,raw_pooled_64d_diagnostic,0.6433566433566434,-3.647058823529413,completed,inner_train,inner_validation,False
leave_one_view_out__fold02__candidate_328,leave_one_view_out__fold02,main_selection,True,chronaris,future_maneuver_trend,macro_f1,0.48888888888888893,train_phase_residualized_pooled_64d,0.7428571428571429,-0.9876543209876544,completed,inner_train,inner_validation,False
leave_one_view_out__fold02__candidate_328,leave_one_view_out__fold02,main_selection,True,chronaris,future_maneuver_trend,macro_f1,0.6555555555555556,raw_pooled_64d_diagnostic,0.7428571428571429,-0.3395061728395063,completed,inner_train,inner_validation,False
leave_one_view_out__fold02__candidate_328,leave_one_view_out__fold02,main_selection,True,chronaris,physiology_residual,rmse,1.2065495596522855,train_phase_residualized_pooled_64d,0.7290493384928971,-0.6549628344036149,completed,inner_train,inner_validation,False
leave_one_view_out__fold02__candidate_328,leave_one_view_out__fold02,main_selection,True,chronaris,physiology_residual,rmse,0.7922089393448549,raw_pooled_64d_diagnostic,0.7290493384928971,-0.08663282101390064,completed,inner_train,inner_validation,False
leave_one_view_out__fold02__candidate_328,leave_one_view_out__fold02,main_selection,True,chronaris,physiology_residual,rmse_ratio,1.9852237635650356,train_phase_residualized_pooled_64d,0.7290493384928971,-0.6549628344036149,completed,inner_train,inner_validation,False
leave_one_view_out__fold02__candidate_328,leave_one_view_out__fold02,main_selection,True,chronaris,physiology_residual,response_skill,-2.9411133914233236,train_phase_residualized_pooled_64d,0.7290493384928971,-0.6549628344036149,completed,inner_train,inner_validation,False
leave_one_view_out__fold02__candidate_328,leave_one_view_out__fold02,main_selection,True,chronaris,physiology_residual,spearman,-0.965034965034965,train_phase_residualized_pooled_64d,0.7290493384928971,-0.6549628344036149,completed,inner_train,inner_validation,False
leave_one_view_out__fold02__candidate_328,leave_one_view_out__fold02,main_selection,True,chronaris,high_residual_response,normalized_ap,0.0,train_phase_residualized_pooled_64d,0.0,0.0,completed,inner_train,inner_validation,False
leave_one_view_out__fold02__candidate_328,leave_one_view_out__fold02,main_selection,True,chronaris,high_residual_response,normalized_ap,0.0,raw_pooled_64d_diagnostic,0.0,0.0,completed,inner_train,inner_validation,False
leave_one_view_out__fold02__candidate_328,leave_one_view_out__fold02,main_selection,True,chronaris,high_residual_response,auprc,0.0,train_phase_residualized_pooled_64d,0.0,0.0,completed,inner_train,inner_validation,False
leave_one_view_out__fold02__candidate_328,leave_one_view_out__fold02,main_selection,True,chronaris,high_residual_response,prevalence,0.0,train_phase_residualized_pooled_64d,0.0,0.0,completed,inner_train,inner_validation,False
leave_one_view_out__fold02__candidate_329,leave_one_view_out__fold02,main_selection,True,time_only,future_maneuver_score,spearman,0.7762237762237763,explicit_phase_diagnostic,0.7762237762237763,0.0,completed,inner_train,inner_validation,False
leave_one_view_out__fold02__candidate_329,leave_one_view_out__fold02,main_selection,True,time_only,future_maneuver_trend,macro_f1,0.4051282051282052,explicit_phase_diagnostic,0.4051282051282052,0.0,completed,inner_train,inner_validation,False
leave_one_view_out__fold02__candidate_329,leave_one_view_out__fold02,main_selection,True,time_only,physiology_residual,rmse,0.8801365761341594,explicit_phase_diagnostic,0.8801365761341594,0.0,completed,inner_train,inner_validation,False
leave_one_view_out__fold02__candidate_329,leave_one_view_out__fold02,main_selection,True,time_only,high_residual_response,normalized_ap,0.0,explicit_phase_diagnostic,0.0,0.0,completed,inner_train,inner_validation,False
leave_one_view_out__fold02__candidate_329,leave_one_view_out__fold02,main_selection,True,physiology_only,future_maneuver_score,spearman,-0.7202797202797203,train_phase_residualized_pooled_64d,0.7762237762237763,-6.687500000000002,completed,inner_train,inner_validation,False
leave_one_view_out__fold02__candidate_329,leave_one_view_out__fold02,main_selection,True,physiology_only,future_maneuver_score,spearman,-0.7902097902097903,raw_pooled_64d_diagnostic,0.7762237762237763,-7.000000000000002,completed,inner_train,inner_validation,False
leave_one_view_out__fold02__candidate_329,leave_one_view_out__fold02,main_selection,True,physiology_only,future_maneuver_trend,macro_f1,0.19047619047619047,train_phase_residualized_pooled_64d,0.4051282051282052,-0.3608374384236455,completed,inner_train,inner_validation,False
leave_one_view_out__fold02__candidate_329,leave_one_view_out__fold02,main_selection,True,physiology_only,future_maneuver_trend,macro_f1,0.20512820512820515,raw_pooled_64d_diagnostic,0.4051282051282052,-0.33620689655172425,completed,inner_train,inner_validation,False
leave_one_view_out__fold02__candidate_329,leave_one_view_out__fold02,main_selection,True,physiology_only,physiology_residual,rmse,0.7468850058025214,train_phase_residualized_pooled_64d,0.8801365761341594,0.1513987419054,completed,inner_train,inner_validation,False
leave_one_view_out__fold02__candidate_329,leave_one_view_out__fold02,main_selection,True,physiology_only,physiology_residual,rmse,0.8686363865689678,raw_pooled_64d_diagnostic,0.8801365761341594,0.013066369330660146,completed,inner_train,inner_validation,False
leave_one_view_out__fold02__candidate_329,leave_one_view_out__fold02,main_selection,True,physiology_only,physiology_residual,rmse_ratio,0.8595061876068035,train_phase_residualized_pooled_64d,0.8801365761341594,0.1513987419054,completed,inner_train,inner_validation,False
leave_one_view_out__fold02__candidate_329,leave_one_view_out__fold02,main_selection,True,physiology_only,physiology_residual,response_skill,0.2612491134656182,train_phase_residualized_pooled_64d,0.8801365761341594,0.1513987419054,completed,inner_train,inner_validation,False
leave_one_view_out__fold02__candidate_329,leave_one_view_out__fold02,main_selection,True,physiology_only,physiology_residual,spearman,0.6573426573426573,train_phase_residualized_pooled_64d,0.8801365761341594,0.1513987419054,completed,inner_train,inner_validation,False
leave_one_view_out__fold02__candidate_329,leave_one_view_out__fold02,main_selection,True,physiology_only,high_residual_response,normalized_ap,0.0,train_phase_residualized_pooled_64d,0.0,0.0,completed,inner_train,inner_validation,False
leave_one_view_out__fold02__candidate_329,leave_one_view_out__fold02,main_selection,True,physiology_only,high_residual_response,normalized_ap,0.0,raw_pooled_64d_diagnostic,0.0,0.0,completed,inner_train,inner_validation,False
leave_one_view_out__fold02__candidate_329,leave_one_view_out__fold02,main_selection,True,physiology_only,high_residual_response,auprc,0.0,train_phase_residualized_pooled_64d,0.0,0.0,completed,inner_train,inner_validation,False
leave_one_view_out__fold02__candidate_329,leave_one_view_out__fold02,main_selection,True,physiology_only,high_residual_response,prevalence,0.0,train_phase_residualized_pooled_64d,0.0,0.0,completed,inner_train,inner_validation,False
leave_one_view_out__fold02__candidate_329,leave_one_view_out__fold02,main_selection,True,vehicle_only,future_maneuver_score,spearman,0.3216783216783217,train_phase_residualized_pooled_64d,0.7762237762237763,-2.03125,completed,inner_train,inner_validation,False
leave_one_view_out__fold02__candidate_329,leave_one_view_out__fold02,main_selection,True,vehicle_only,future_maneuver_score,spearman,0.4265734265734266,raw_pooled_64d_diagnostic,0.7762237762237763,-1.5625000000000002,completed,inner_train,inner_validation,False
leave_one_view_out__fold02__candidate_329,leave_one_view_out__fold02,main_selection,True,vehicle_only,future_maneuver_trend,macro_f1,0.35353535353535354,train_phase_residualized_pooled_64d,0.4051282051282052,-0.08672936259143167,completed,inner_train,inner_validation,False
leave_one_view_out__fold02__candidate_329,leave_one_view_out__fold02,main_selection,True,vehicle_only,future_maneuver_trend,macro_f1,0.35353535353535354,raw_pooled_64d_diagnostic,0.4051282051282052,-0.08672936259143167,completed,inner_train,inner_validation,False
leave_one_view_out__fold02__candidate_329,leave_one_view_out__fold02,main_selection,True,vehicle_only,physiology_residual,rmse,0.875552760028461,train_phase_residualized_pooled_64d,0.8801365761341594,0.005208073644469975,completed,inner_train,inner_validation,False
leave_one_view_out__fold02__candidate_329,leave_one_view_out__fold02,main_selection,True,vehicle_only,physiology_residual,rmse,0.8696706898272891,raw_pooled_64d_diagnostic,0.8801365761341594,0.011891207104288062,completed,inner_train,inner_validation,False
leave_one_view_out__fold02__candidate_329,leave_one_view_out__fold02,main_selection,True,vehicle_only,physiology_residual,rmse_ratio,1.0075754754402604,train_phase_residualized_pooled_64d,0.8801365761341594,0.005208073644469975,completed,inner_train,inner_validation,False
leave_one_view_out__fold02__candidate_329,leave_one_view_out__fold02,main_selection,True,vehicle_only,physiology_residual,response_skill,-0.01520833870866678,train_phase_residualized_pooled_64d,0.8801365761341594,0.005208073644469975,completed,inner_train,inner_validation,False
leave_one_view_out__fold02__candidate_329,leave_one_view_out__fold02,main_selection,True,vehicle_only,physiology_residual,spearman,-0.22377622377622378,train_phase_residualized_pooled_64d,0.8801365761341594,0.005208073644469975,completed,inner_train,inner_validation,False
leave_one_view_out__fold02__candidate_329,leave_one_view_out__fold02,main_selection,True,vehicle_only,high_residual_response,normalized_ap,0.0,train_phase_residualized_pooled_64d,0.0,0.0,completed,inner_train,inner_validation,False
leave_one_view_out__fold02__candidate_329,leave_one_view_out__fold02,main_selection,True,vehicle_only,high_residual_response,normalized_ap,0.0,raw_pooled_64d_diagnostic,0.0,0.0,completed,inner_train,inner_validation,False
leave_one_view_out__fold02__candidate_329,leave_one_view_out__fold02,main_selection,True,vehicle_only,high_residual_response,auprc,0.0,train_phase_residualized_pooled_64d,0.0,0.0,completed,inner_train,inner_validation,False
leave_one_view_out__fold02__candidate_329,leave_one_view_out__fold02,main_selection,True,vehicle_only,high_residual_response,prevalence,0.0,train_phase_residualized_pooled_64d,0.0,0.0,completed,inner_train,inner_validation,False
leave_one_view_out__fold02__candidate_329,leave_one_view_out__fold02,main_selection,True,naive_time_sync,future_maneuver_score,spearman,0.0,train_phase_residualized_pooled_64d,0.7762237762237763,-3.4687500000000004,completed,inner_train,inner_validation,False
leave_one_view_out__fold02__candidate_329,leave_one_view_out__fold02,main_selection,True,naive_time_sync,future_maneuver_score,spearman,-0.1258741258741259,raw_pooled_64d_diagnostic,0.7762237762237763,-4.03125,completed,inner_train,inner_validation,False
leave_one_view_out__fold02__candidate_329,leave_one_view_out__fold02,main_selection,True,naive_time_sync,future_maneuver_trend,macro_f1,0.09523809523809523,train_phase_residualized_pooled_64d,0.4051282051282052,-0.5209359605911332,completed,inner_train,inner_validation,False
leave_one_view_out__fold02__candidate_329,leave_one_view_out__fold02,main_selection,True,naive_time_sync,future_maneuver_trend,macro_f1,0.09523809523809523,raw_pooled_64d_diagnostic,0.4051282051282052,-0.5209359605911332,completed,inner_train,inner_validation,False
leave_one_view_out__fold02__candidate_329,leave_one_view_out__fold02,main_selection,True,naive_time_sync,physiology_residual,rmse,1.1042048554124246,train_phase_residualized_pooled_64d,0.8801365761341594,-0.25458353323122257,completed,inner_train,inner_validation,False
leave_one_view_out__fold02__candidate_329,leave_one_view_out__fold02,main_selection,True,naive_time_sync,physiology_residual,rmse,1.0992147591363548,raw_pooled_64d_diagnostic,0.8801365761341594,-0.2489138492169666,completed,inner_train,inner_validation,False
leave_one_view_out__fold02__candidate_329,leave_one_view_out__fold02,main_selection,True,naive_time_sync,physiology_residual,rmse_ratio,1.270705527944943,train_phase_residualized_pooled_64d,0.8801365761341594,-0.25458353323122257,completed,inner_train,inner_validation,False
leave_one_view_out__fold02__candidate_329,leave_one_view_out__fold02,main_selection,True,naive_time_sync,physiology_residual,response_skill,-0.6146925387498368,train_phase_residualized_pooled_64d,0.8801365761341594,-0.25458353323122257,completed,inner_train,inner_validation,False
leave_one_view_out__fold02__candidate_329,leave_one_view_out__fold02,main_selection,True,naive_time_sync,physiology_residual,spearman,0.2517482517482518,train_phase_residualized_pooled_64d,0.8801365761341594,-0.25458353323122257,completed,inner_train,inner_validation,False
leave_one_view_out__fold02__candidate_329,leave_one_view_out__fold02,main_selection,True,naive_time_sync,high_residual_response,normalized_ap,0.0,train_phase_residualized_pooled_64d,0.0,0.0,completed,inner_train,inner_validation,False
leave_one_view_out__fold02__candidate_329,leave_one_view_out__fold02,main_selection,True,naive_time_sync,high_residual_response,normalized_ap,0.0,raw_pooled_64d_diagnostic,0.0,0.0,completed,inner_train,inner_validation,False
leave_one_view_out__fold02__candidate_329,leave_one_view_out__fold02,main_selection,True,naive_time_sync,high_residual_response,auprc,0.0,train_phase_residualized_pooled_64d,0.0,0.0,completed,inner_train,inner_validation,False
leave_one_view_out__fold02__candidate_329,leave_one_view_out__fold02,main_selection,True,naive_time_sync,high_residual_response,prevalence,0.0,train_phase_residualized_pooled_64d,0.0,0.0,completed,inner_train,inner_validation,False
leave_one_view_out__fold02__candidate_329,leave_one_view_out__fold02,main_selection,True,mult,future_maneuver_score,spearman,-0.15384615384615385,train_phase_residualized_pooled_64d,0.7762237762237763,-4.156250000000001,completed,inner_train,inner_validation,False
leave_one_view_out__fold02__candidate_329,leave_one_view_out__fold02,main_selection,True,mult,future_maneuver_score,spearman,-0.39860139860139865,raw_pooled_64d_diagnostic,0.7762237762237763,-5.250000000000002,completed,inner_train,inner_validation,False
leave_one_view_out__fold02__candidate_329,leave_one_view_out__fold02,main_selection,True,mult,future_maneuver_trend,macro_f1,0.20512820512820515,train_phase_residualized_pooled_64d,0.4051282051282052,-0.33620689655172425,completed,inner_train,inner_validation,False
leave_one_view_out__fold02__candidate_329,leave_one_view_out__fold02,main_selection,True,mult,future_maneuver_trend,macro_f1,0.20512820512820515,raw_pooled_64d_diagnostic,0.4051282051282052,-0.33620689655172425,completed,inner_train,inner_validation,False
leave_one_view_out__fold02__candidate_329,leave_one_view_out__fold02,main_selection,True,mult,physiology_residual,rmse,0.7903902054220092,train_phase_residualized_pooled_64d,0.8801365761341594,0.10196868661718944,completed,inner_train,inner_validation,False
leave_one_view_out__fold02__candidate_329,leave_one_view_out__fold02,main_selection,True,mult,physiology_residual,rmse,0.9149670388043932,raw_pooled_64d_diagnostic,0.8801365761341594,-0.0395739293363086,completed,inner_train,inner_validation,False
leave_one_view_out__fold02__candidate_329,leave_one_view_out__fold02,main_selection,True,mult,physiology_residual,rmse_ratio,0.9095714425998939,train_phase_residualized_pooled_64d,0.8801365761341594,0.10196868661718944,completed,inner_train,inner_validation,False
leave_one_view_out__fold02__candidate_329,leave_one_view_out__fold02,main_selection,True,mult,physiology_residual,response_skill,0.172679790806748,train_phase_residualized_pooled_64d,0.8801365761341594,0.10196868661718944,completed,inner_train,inner_validation,False
leave_one_view_out__fold02__candidate_329,leave_one_view_out__fold02,main_selection,True,mult,physiology_residual,spearman,-0.07692307692307693,train_phase_residualized_pooled_64d,0.8801365761341594,0.10196868661718944,completed,inner_train,inner_validation,False
leave_one_view_out__fold02__candidate_329,leave_one_view_out__fold02,main_selection,True,mult,high_residual_response,normalized_ap,0.0,train_phase_residualized_pooled_64d,0.0,0.0,completed,inner_train,inner_validation,False
leave_one_view_out__fold02__candidate_329,leave_one_view_out__fold02,main_selection,True,mult,high_residual_response,normalized_ap,0.0,raw_pooled_64d_diagnostic,0.0,0.0,completed,inner_train,inner_validation,False
leave_one_view_out__fold02__candidate_329,leave_one_view_out__fold02,main_selection,True,mult,high_residual_response,auprc,0.0,train_phase_residualized_pooled_64d,0.0,0.0,completed,inner_train,inner_validation,False
leave_one_view_out__fold02__candidate_329,leave_one_view_out__fold02,main_selection,True,mult,high_residual_response,prevalence,0.0,train_phase_residualized_pooled_64d,0.0,0.0,completed,inner_train,inner_validation,False
leave_one_view_out__fold02__candidate_329,leave_one_view_out__fold02,main_selection,True,contiformer,future_maneuver_score,spearman,0.6643356643356644,train_phase_residualized_pooled_64d,0.7762237762237763,-0.5,completed,inner_train,inner_validation,False
leave_one_view_out__fold02__candidate_329,leave_one_view_out__fold02,main_selection,True,contiformer,future_maneuver_score,spearman,0.5804195804195805,raw_pooled_64d_diagnostic,0.7762237762237763,-0.8749999999999998,completed,inner_train,inner_validation,False
leave_one_view_out__fold02__candidate_329,leave_one_view_out__fold02,main_selection,True,contiformer,future_maneuver_trend,macro_f1,0.20512820512820515,train_phase_residualized_pooled_64d,0.4051282051282052,-0.33620689655172425,completed,inner_train,inner_validation,False
leave_one_view_out__fold02__candidate_329,leave_one_view_out__fold02,main_selection,True,contiformer,future_maneuver_trend,macro_f1,0.17777777777777778,raw_pooled_64d_diagnostic,0.4051282051282052,-0.3821839080459772,completed,inner_train,inner_validation,False
leave_one_view_out__fold02__candidate_329,leave_one_view_out__fold02,main_selection,True,contiformer,physiology_residual,rmse,0.8751718162280477,train_phase_residualized_pooled_64d,0.8801365761341594,0.005640897152483402,completed,inner_train,inner_validation,False
leave_one_view_out__fold02__candidate_329,leave_one_view_out__fold02,main_selection,True,contiformer,physiology_residual,rmse,0.8702176302080018,raw_pooled_64d_diagnostic,0.8801365761341594,0.0112697803899081,completed,inner_train,inner_validation,False
leave_one_view_out__fold02__candidate_329,leave_one_view_out__fold02,main_selection,True,contiformer,physiology_residual,rmse_ratio,1.0071370899444452,train_phase_residualized_pooled_64d,0.8801365761341594,0.005640897152483402,completed,inner_train,inner_validation,False
leave_one_view_out__fold02__candidate_329,leave_one_view_out__fold02,main_selection,True,contiformer,physiology_residual,response_skill,-0.014325117941765386,train_phase_residualized_pooled_64d,0.8801365761341594,0.005640897152483402,completed,inner_train,inner_validation,False
leave_one_view_out__fold02__candidate_329,leave_one_view_out__fold02,main_selection,True,contiformer,physiology_residual,spearman,0.27272727272727276,train_phase_residualized_pooled_64d,0.8801365761341594,0.005640897152483402,completed,inner_train,inner_validation,False
leave_one_view_out__fold02__candidate_329,leave_one_view_out__fold02,main_selection,True,contiformer,high_residual_response,normalized_ap,0.0,train_phase_residualized_pooled_64d,0.0,0.0,completed,inner_train,inner_validation,False
leave_one_view_out__fold02__candidate_329,leave_one_view_out__fold02,main_selection,True,contiformer,high_residual_response,normalized_ap,0.0,raw_pooled_64d_diagnostic,0.0,0.0,completed,inner_train,inner_validation,False
leave_one_view_out__fold02__candidate_329,leave_one_view_out__fold02,main_selection,True,contiformer,high_residual_response,auprc,0.0,train_phase_residualized_pooled_64d,0.0,0.0,completed,inner_train,inner_validation,False
leave_one_view_out__fold02__candidate_329,leave_one_view_out__fold02,main_selection,True,contiformer,high_residual_response,prevalence,0.0,train_phase_residualized_pooled_64d,0.0,0.0,completed,inner_train,inner_validation,False
leave_one_view_out__fold02__candidate_329,leave_one_view_out__fold02,main_selection,True,chronaris,future_maneuver_score,spearman,-0.7412587412587414,train_phase_residualized_pooled_64d,0.7762237762237763,-6.781250000000001,completed,inner_train,inner_validation,False
leave_one_view_out__fold02__candidate_329,leave_one_view_out__fold02,main_selection,True,chronaris,future_maneuver_score,spearman,-0.37762237762237766,raw_pooled_64d_diagnostic,0.7762237762237763,-5.156250000000001,completed,inner_train,inner_validation,False
leave_one_view_out__fold02__candidate_329,leave_one_view_out__fold02,main_selection,True,chronaris,future_maneuver_trend,macro_f1,0.05128205128205129,train_phase_residualized_pooled_64d,0.4051282051282052,-0.5948275862068968,completed,inner_train,inner_validation,False
leave_one_view_out__fold02__candidate_329,leave_one_view_out__fold02,main_selection,True,chronaris,future_maneuver_trend,macro_f1,0.26666666666666666,raw_pooled_64d_diagnostic,0.4051282051282052,-0.23275862068965533,completed,inner_train,inner_validation,False
leave_one_view_out__fold02__candidate_329,leave_one_view_out__fold02,main_selection,True,chronaris,physiology_residual,rmse,0.5658791364535266,train_phase_residualized_pooled_64d,0.8801365761341594,0.35705531187097317,completed,inner_train,inner_validation,False
leave_one_view_out__fold02__candidate_329,leave_one_view_out__fold02,main_selection,True,chronaris,physiology_residual,rmse,0.6259856571345311,raw_pooled_64d_diagnostic,0.8801365761341594,0.28876304643074846,completed,inner_train,inner_validation,False
leave_one_view_out__fold02__candidate_329,leave_one_view_out__fold02,main_selection,True,chronaris,physiology_residual,rmse_ratio,0.6512068329672698,train_phase_residualized_pooled_64d,0.8801365761341594,0.35705531187097317,completed,inner_train,inner_validation,False
leave_one_view_out__fold02__candidate_329,leave_one_view_out__fold02,main_selection,True,chronaris,physiology_residual,response_skill,0.5759296606967385,train_phase_residualized_pooled_64d,0.8801365761341594,0.35705531187097317,completed,inner_train,inner_validation,False
leave_one_view_out__fold02__candidate_329,leave_one_view_out__fold02,main_selection,True,chronaris,physiology_residual,spearman,-0.25874125874125875,train_phase_residualized_pooled_64d,0.8801365761341594,0.35705531187097317,completed,inner_train,inner_validation,False
leave_one_view_out__fold02__candidate_329,leave_one_view_out__fold02,main_selection,True,chronaris,high_residual_response,normalized_ap,0.0,train_phase_residualized_pooled_64d,0.0,0.0,completed,inner_train,inner_validation,False
leave_one_view_out__fold02__candidate_329,leave_one_view_out__fold02,main_selection,True,chronaris,high_residual_response,normalized_ap,0.0,raw_pooled_64d_diagnostic,0.0,0.0,completed,inner_train,inner_validation,False
leave_one_view_out__fold02__candidate_329,leave_one_view_out__fold02,main_selection,True,chronaris,high_residual_response,auprc,0.0,train_phase_residualized_pooled_64d,0.0,0.0,completed,inner_train,inner_validation,False
leave_one_view_out__fold02__candidate_329,leave_one_view_out__fold02,main_selection,True,chronaris,high_residual_response,prevalence,0.0,train_phase_residualized_pooled_64d,0.0,0.0,completed,inner_train,inner_validation,False
leave_one_view_out__fold01__candidate_340,leave_one_view_out__fold01,main_selection,True,time_only,future_maneuver_score,spearman,0.4545454545454546,explicit_phase_diagnostic,0.4545454545454546,0.0,completed,inner_train,inner_validation,False
leave_one_view_out__fold01__candidate_340,leave_one_view_out__fold01,main_selection,True,time_only,future_maneuver_trend,macro_f1,0.5793650793650793,explicit_phase_diagnostic,0.5793650793650793,0.0,completed,inner_train,inner_validation,False
leave_one_view_out__fold01__candidate_340,leave_one_view_out__fold01,main_selection,True,time_only,physiology_residual,rmse,0.5538614657760692,explicit_phase_diagnostic,0.5538614657760692,0.0,completed,inner_train,inner_validation,False
leave_one_view_out__fold01__candidate_340,leave_one_view_out__fold01,main_selection,True,time_only,high_residual_response,normalized_ap,0.0,explicit_phase_diagnostic,0.0,0.0,completed,inner_train,inner_validation,False
leave_one_view_out__fold01__candidate_340,leave_one_view_out__fold01,main_selection,True,physiology_only,future_maneuver_score,spearman,-0.4055944055944056,train_phase_residualized_pooled_64d,0.4545454545454546,-1.576923076923077,completed,inner_train,inner_validation,False
leave_one_view_out__fold01__candidate_340,leave_one_view_out__fold01,main_selection,True,physiology_only,future_maneuver_score,spearman,-0.41958041958041964,raw_pooled_64d_diagnostic,0.4545454545454546,-1.6025641025641029,completed,inner_train,inner_validation,False
leave_one_view_out__fold01__candidate_340,leave_one_view_out__fold01,main_selection,True,physiology_only,future_maneuver_trend,macro_f1,0.06666666666666667,train_phase_residualized_pooled_64d,0.5793650793650793,-1.2188679245283016,completed,inner_train,inner_validation,False
leave_one_view_out__fold01__candidate_340,leave_one_view_out__fold01,main_selection,True,physiology_only,future_maneuver_trend,macro_f1,0.06666666666666667,raw_pooled_64d_diagnostic,0.5793650793650793,-1.2188679245283016,completed,inner_train,inner_validation,False
leave_one_view_out__fold01__candidate_340,leave_one_view_out__fold01,main_selection,True,physiology_only,physiology_residual,rmse,1.7615439726183333,train_phase_residualized_pooled_64d,0.5538614657760692,-2.1804775769154885,completed,inner_train,inner_validation,False
leave_one_view_out__fold01__candidate_340,leave_one_view_out__fold01,main_selection,True,physiology_only,physiology_residual,rmse,0.7577759711879885,raw_pooled_64d_diagnostic,0.5538614657760692,-0.3681687895116422,completed,inner_train,inner_validation,False
leave_one_view_out__fold01__candidate_340,leave_one_view_out__fold01,main_selection,True,physiology_only,physiology_residual,rmse_ratio,3.6641297340740366,train_phase_residualized_pooled_64d,0.5538614657760692,-2.1804775769154885,completed,inner_train,inner_validation,False
leave_one_view_out__fold01__candidate_340,leave_one_view_out__fold01,main_selection,True,physiology_only,physiology_residual,response_skill,-12.425846708125471,train_phase_residualized_pooled_64d,0.5538614657760692,-2.1804775769154885,completed,inner_train,inner_validation,False
leave_one_view_out__fold01__candidate_340,leave_one_view_out__fold01,main_selection,True,physiology_only,physiology_residual,spearman,-0.7762237762237763,train_phase_residualized_pooled_64d,0.5538614657760692,-2.1804775769154885,completed,inner_train,inner_validation,False
leave_one_view_out__fold01__candidate_340,leave_one_view_out__fold01,main_selection,True,physiology_only,high_residual_response,normalized_ap,0.0,train_phase_residualized_pooled_64d,0.0,0.0,completed,inner_train,inner_validation,False
leave_one_view_out__fold01__candidate_340,leave_one_view_out__fold01,main_selection,True,physiology_only,high_residual_response,normalized_ap,0.0,raw_pooled_64d_diagnostic,0.0,0.0,completed,inner_train,inner_validation,False
leave_one_view_out__fold01__candidate_340,leave_one_view_out__fold01,main_selection,True,physiology_only,high_residual_response,auprc,0.0,train_phase_residualized_pooled_64d,0.0,0.0,completed,inner_train,inner_validation,False
leave_one_view_out__fold01__candidate_340,leave_one_view_out__fold01,main_selection,True,physiology_only,high_residual_response,prevalence,0.0,train_phase_residualized_pooled_64d,0.0,0.0,completed,inner_train,inner_validation,False
leave_one_view_out__fold01__candidate_340,leave_one_view_out__fold01,main_selection,True,vehicle_only,future_maneuver_score,spearman,0.5034965034965035,train_phase_residualized_pooled_64d,0.4545454545454546,0.08974358974358976,completed,inner_train,inner_validation,False
leave_one_view_out__fold01__candidate_340,leave_one_view_out__fold01,main_selection,True,vehicle_only,future_maneuver_score,spearman,0.5944055944055945,raw_pooled_64d_diagnostic,0.4545454545454546,0.2564102564102565,completed,inner_train,inner_validation,False
leave_one_view_out__fold01__candidate_340,leave_one_view_out__fold01,main_selection,True,vehicle_only,future_maneuver_trend,macro_f1,0.8296296296296296,train_phase_residualized_pooled_64d,0.5793650793650793,0.5949685534591195,completed,inner_train,inner_validation,False
leave_one_view_out__fold01__candidate_340,leave_one_view_out__fold01,main_selection,True,vehicle_only,future_maneuver_trend,macro_f1,0.7428571428571429,raw_pooled_64d_diagnostic,0.5793650793650793,0.388679245283019,completed,inner_train,inner_validation,False
leave_one_view_out__fold01__candidate_340,leave_one_view_out__fold01,main_selection,True,vehicle_only,physiology_residual,rmse,0.5629288125286935,train_phase_residualized_pooled_64d,0.5538614657760692,-0.016371145697813054,completed,inner_train,inner_validation,False
leave_one_view_out__fold01__candidate_340,leave_one_view_out__fold01,main_selection,True,vehicle_only,physiology_residual,rmse,0.6233800500565642,raw_pooled_64d_diagnostic,0.5538614657760692,-0.12551619597345648,completed,inner_train,inner_validation,False
leave_one_view_out__fold01__candidate_340,leave_one_view_out__fold01,main_selection,True,vehicle_only,physiology_residual,rmse_ratio,1.1709297254087223,train_phase_residualized_pooled_64d,0.5538614657760692,-0.016371145697813054,completed,inner_train,inner_validation,False
leave_one_view_out__fold01__candidate_340,leave_one_view_out__fold01,main_selection,True,vehicle_only,physiology_residual,response_skill,-0.3710764218457461,train_phase_residualized_pooled_64d,0.5538614657760692,-0.016371145697813054,completed,inner_train,inner_validation,False
leave_one_view_out__fold01__candidate_340,leave_one_view_out__fold01,main_selection,True,vehicle_only,physiology_residual,spearman,0.8181818181818183,train_phase_residualized_pooled_64d,0.5538614657760692,-0.016371145697813054,completed,inner_train,inner_validation,False
leave_one_view_out__fold01__candidate_340,leave_one_view_out__fold01,main_selection,True,vehicle_only,high_residual_response,normalized_ap,0.0,train_phase_residualized_pooled_64d,0.0,0.0,completed,inner_train,inner_validation,False
leave_one_view_out__fold01__candidate_340,leave_one_view_out__fold01,main_selection,True,vehicle_only,high_residual_response,normalized_ap,0.0,raw_pooled_64d_diagnostic,0.0,0.0,completed,inner_train,inner_validation,False
leave_one_view_out__fold01__candidate_340,leave_one_view_out__fold01,main_selection,True,vehicle_only,high_residual_response,auprc,0.0,train_phase_residualized_pooled_64d,0.0,0.0,completed,inner_train,inner_validation,False
leave_one_view_out__fold01__candidate_340,leave_one_view_out__fold01,main_selection,True,vehicle_only,high_residual_response,prevalence,0.0,train_phase_residualized_pooled_64d,0.0,0.0,completed,inner_train,inner_validation,False
leave_one_view_out__fold01__candidate_340,leave_one_view_out__fold01,main_selection,True,naive_time_sync,future_maneuver_score,spearman,-0.37762237762237766,train_phase_residualized_pooled_64d,0.4545454545454546,-1.525641025641026,completed,inner_train,inner_validation,False
leave_one_view_out__fold01__candidate_340,leave_one_view_out__fold01,main_selection,True,naive_time_sync,future_maneuver_score,spearman,-0.37762237762237766,raw_pooled_64d_diagnostic,0.4545454545454546,-1.525641025641026,completed,inner_train,inner_validation,False
leave_one_view_out__fold01__candidate_340,leave_one_view_out__fold01,main_selection,True,naive_time_sync,future_maneuver_trend,macro_f1,0.24848484848484845,train_phase_residualized_pooled_64d,0.5793650793650793,-0.7866209262435676,completed,inner_train,inner_validation,False
leave_one_view_out__fold01__candidate_340,leave_one_view_out__fold01,main_selection,True,naive_time_sync,future_maneuver_trend,macro_f1,0.24848484848484845,raw_pooled_64d_diagnostic,0.5793650793650793,-0.7866209262435676,completed,inner_train,inner_validation,False
leave_one_view_out__fold01__candidate_340,leave_one_view_out__fold01,main_selection,True,naive_time_sync,physiology_residual,rmse,1.416336301561526,train_phase_residualized_pooled_64d,0.5538614657760692,-1.5572031799990984,completed,inner_train,inner_validation,False
leave_one_view_out__fold01__candidate_340,leave_one_view_out__fold01,main_selection,True,naive_time_sync,physiology_residual,rmse,1.1044390137065616,raw_pooled_64d_diagnostic,0.5538614657760692,-0.9940708678099218,completed,inner_train,inner_validation,False
leave_one_view_out__fold01__candidate_340,leave_one_view_out__fold01,main_selection,True,naive_time_sync,physiology_residual,rmse_ratio,2.9460746008436187,train_phase_residualized_pooled_64d,0.5538614657760692,-1.5572031799990984,completed,inner_train,inner_validation,False
leave_one_view_out__fold01__candidate_340,leave_one_view_out__fold01,main_selection,True,naive_time_sync,physiology_residual,response_skill,-7.679355553735887,train_phase_residualized_pooled_64d,0.5538614657760692,-1.5572031799990984,completed,inner_train,inner_validation,False
leave_one_view_out__fold01__candidate_340,leave_one_view_out__fold01,main_selection,True,naive_time_sync,physiology_residual,spearman,0.7482517482517484,train_phase_residualized_pooled_64d,0.5538614657760692,-1.5572031799990984,completed,inner_train,inner_validation,False
leave_one_view_out__fold01__candidate_340,leave_one_view_out__fold01,main_selection,True,naive_time_sync,high_residual_response,normalized_ap,0.0,train_phase_residualized_pooled_64d,0.0,0.0,completed,inner_train,inner_validation,False
leave_one_view_out__fold01__candidate_340,leave_one_view_out__fold01,main_selection,True,naive_time_sync,high_residual_response,normalized_ap,0.0,raw_pooled_64d_diagnostic,0.0,0.0,completed,inner_train,inner_validation,False
leave_one_view_out__fold01__candidate_340,leave_one_view_out__fold01,main_selection,True,naive_time_sync,high_residual_response,auprc,0.0,train_phase_residualized_pooled_64d,0.0,0.0,completed,inner_train,inner_validation,False
leave_one_view_out__fold01__candidate_340,leave_one_view_out__fold01,main_selection,True,naive_time_sync,high_residual_response,prevalence,0.0,train_phase_residualized_pooled_64d,0.0,0.0,completed,inner_train,inner_validation,False
leave_one_view_out__fold01__candidate_340,leave_one_view_out__fold01,main_selection,True,mult,future_maneuver_score,spearman,-0.7132867132867133,train_phase_residualized_pooled_64d,0.4545454545454546,-2.1410256410256414,completed,inner_train,inner_validation,False
leave_one_view_out__fold01__candidate_340,leave_one_view_out__fold01,main_selection,True,mult,future_maneuver_score,spearman,-0.6923076923076924,raw_pooled_64d_diagnostic,0.4545454545454546,-2.102564102564103,completed,inner_train,inner_validation,False
leave_one_view_out__fold01__candidate_340,leave_one_view_out__fold01,main_selection,True,mult,future_maneuver_trend,macro_f1,0.404040404040404,train_phase_residualized_pooled_64d,0.5793650793650793,-0.4168096054888507,completed,inner_train,inner_validation,False
leave_one_view_out__fold01__candidate_340,leave_one_view_out__fold01,main_selection,True,mult,future_maneuver_trend,macro_f1,0.24848484848484845,raw_pooled_64d_diagnostic,0.5793650793650793,-0.7866209262435676,completed,inner_train,inner_validation,False
leave_one_view_out__fold01__candidate_340,leave_one_view_out__fold01,main_selection,True,mult,physiology_residual,rmse,0.8758019165934486,train_phase_residualized_pooled_64d,0.5538614657760692,-0.581265299556952,completed,inner_train,inner_validation,False
leave_one_view_out__fold01__candidate_340,leave_one_view_out__fold01,main_selection,True,mult,physiology_residual,rmse,1.1279797524203314,raw_pooled_64d_diagnostic,0.5538614657760692,-1.036573804317311,completed,inner_train,inner_validation,False
leave_one_view_out__fold01__candidate_340,leave_one_view_out__fold01,main_selection,True,mult,physiology_residual,rmse_ratio,1.8217267883351198,train_phase_residualized_pooled_64d,0.5538614657760692,-0.581265299556952,completed,inner_train,inner_validation,False
leave_one_view_out__fold01__candidate_340,leave_one_view_out__fold01,main_selection,True,mult,physiology_residual,response_skill,-2.3186884913377903,train_phase_residualized_pooled_64d,0.5538614657760692,-0.581265299556952,completed,inner_train,inner_validation,False
leave_one_view_out__fold01__candidate_340,leave_one_view_out__fold01,main_selection,True,mult,physiology_residual,spearman,-0.8461538461538463,train_phase_residualized_pooled_64d,0.5538614657760692,-0.581265299556952,completed,inner_train,inner_validation,False
leave_one_view_out__fold01__candidate_340,leave_one_view_out__fold01,main_selection,True,mult,high_residual_response,normalized_ap,0.0,train_phase_residualized_pooled_64d,0.0,0.0,completed,inner_train,inner_validation,False
leave_one_view_out__fold01__candidate_340,leave_one_view_out__fold01,main_selection,True,mult,high_residual_response,normalized_ap,0.0,raw_pooled_64d_diagnostic,0.0,0.0,completed,inner_train,inner_validation,False
leave_one_view_out__fold01__candidate_340,leave_one_view_out__fold01,main_selection,True,mult,high_residual_response,auprc,0.0,train_phase_residualized_pooled_64d,0.0,0.0,completed,inner_train,inner_validation,False
leave_one_view_out__fold01__candidate_340,leave_one_view_out__fold01,main_selection,True,mult,high_residual_response,prevalence,0.0,train_phase_residualized_pooled_64d,0.0,0.0,completed,inner_train,inner_validation,False
leave_one_view_out__fold01__candidate_340,leave_one_view_out__fold01,main_selection,True,contiformer,future_maneuver_score,spearman,0.7692307692307694,train_phase_residualized_pooled_64d,0.4545454545454546,0.5769230769230772,completed,inner_train,inner_validation,False
leave_one_view_out__fold01__candidate_340,leave_one_view_out__fold01,main_selection,True,contiformer,future_maneuver_score,spearman,0.7342657342657343,raw_pooled_64d_diagnostic,0.4545454545454546,0.5128205128205128,completed,inner_train,inner_validation,False
leave_one_view_out__fold01__candidate_340,leave_one_view_out__fold01,main_selection,True,contiformer,future_maneuver_trend,macro_f1,0.5793650793650793,train_phase_residualized_pooled_64d,0.5793650793650793,0.0,completed,inner_train,inner_validation,False
leave_one_view_out__fold01__candidate_340,leave_one_view_out__fold01,main_selection,True,contiformer,future_maneuver_trend,macro_f1,0.38888888888888884,raw_pooled_64d_diagnostic,0.5793650793650793,-0.4528301886792452,completed,inner_train,inner_validation,False
leave_one_view_out__fold01__candidate_340,leave_one_view_out__fold01,main_selection,True,contiformer,physiology_residual,rmse,1.770581708892257,train_phase_residualized_pooled_64d,0.5538614657760692,-2.196795260727017,completed,inner_train,inner_validation,False
leave_one_view_out__fold01__candidate_340,leave_one_view_out__fold01,main_selection,True,contiformer,physiology_residual,rmse,1.3699481851172268,raw_pooled_64d_diagnostic,0.5538614657760692,-1.4734491741498195,completed,inner_train,inner_validation,False
leave_one_view_out__fold01__candidate_340,leave_one_view_out__fold01,main_selection,True,contiformer,physiology_residual,rmse_ratio,3.6829288323223652,train_phase_residualized_pooled_64d,0.5538614657760692,-2.196795260727017,completed,inner_train,inner_validation,False
leave_one_view_out__fold01__candidate_340,leave_one_view_out__fold01,main_selection,True,contiformer,physiology_residual,response_skill,-12.56396478395138,train_phase_residualized_pooled_64d,0.5538614657760692,-2.196795260727017,completed,inner_train,inner_validation,False
leave_one_view_out__fold01__candidate_340,leave_one_view_out__fold01,main_selection,True,contiformer,physiology_residual,spearman,0.7692307692307694,train_phase_residualized_pooled_64d,0.5538614657760692,-2.196795260727017,completed,inner_train,inner_validation,False
leave_one_view_out__fold01__candidate_340,leave_one_view_out__fold01,main_selection,True,contiformer,high_residual_response,normalized_ap,0.0,train_phase_residualized_pooled_64d,0.0,0.0,completed,inner_train,inner_validation,False
leave_one_view_out__fold01__candidate_340,leave_one_view_out__fold01,main_selection,True,contiformer,high_residual_response,normalized_ap,0.0,raw_pooled_64d_diagnostic,0.0,0.0,completed,inner_train,inner_validation,False
leave_one_view_out__fold01__candidate_340,leave_one_view_out__fold01,main_selection,True,contiformer,high_residual_response,auprc,0.0,train_phase_residualized_pooled_64d,0.0,0.0,completed,inner_train,inner_validation,False
leave_one_view_out__fold01__candidate_340,leave_one_view_out__fold01,main_selection,True,contiformer,high_residual_response,prevalence,0.0,train_phase_residualized_pooled_64d,0.0,0.0,completed,inner_train,inner_validation,False
leave_one_view_out__fold01__candidate_340,leave_one_view_out__fold01,main_selection,True,chronaris,future_maneuver_score,spearman,-0.8811188811188813,train_phase_residualized_pooled_64d,0.4545454545454546,-2.4487179487179493,completed,inner_train,inner_validation,False
leave_one_view_out__fold01__candidate_340,leave_one_view_out__fold01,main_selection,True,chronaris,future_maneuver_score,spearman,-0.6643356643356644,raw_pooled_64d_diagnostic,0.4545454545454546,-2.0512820512820515,completed,inner_train,inner_validation,False
leave_one_view_out__fold01__candidate_340,leave_one_view_out__fold01,main_selection,True,chronaris,future_maneuver_trend,macro_f1,0.24848484848484845,train_phase_residualized_pooled_64d,0.5793650793650793,-0.7866209262435676,completed,inner_train,inner_validation,False
leave_one_view_out__fold01__candidate_340,leave_one_view_out__fold01,main_selection,True,chronaris,future_maneuver_trend,macro_f1,0.39999999999999997,raw_pooled_64d_diagnostic,0.5793650793650793,-0.4264150943396225,completed,inner_train,inner_validation,False
leave_one_view_out__fold01__candidate_340,leave_one_view_out__fold01,main_selection,True,chronaris,physiology_residual,rmse,1.1949234475485533,train_phase_residualized_pooled_64d,0.5538614657760692,-1.1574410234050672,completed,inner_train,inner_validation,False
leave_one_view_out__fold01__candidate_340,leave_one_view_out__fold01,main_selection,True,chronaris,physiology_residual,rmse,0.6494592404422942,raw_pooled_64d_diagnostic,0.5538614657760692,-0.17260232129034947,completed,inner_train,inner_validation,False
leave_one_view_out__fold01__candidate_340,leave_one_view_out__fold01,main_selection,True,chronaris,physiology_residual,rmse_ratio,2.4855209987162508,train_phase_residualized_pooled_64d,0.5538614657760692,-1.1574410234050672,completed,inner_train,inner_validation,False
leave_one_view_out__fold01__candidate_340,leave_one_view_out__fold01,main_selection,True,chronaris,physiology_residual,response_skill,-5.177814635059429,train_phase_residualized_pooled_64d,0.5538614657760692,-1.1574410234050672,completed,inner_train,inner_validation,False
leave_one_view_out__fold01__candidate_340,leave_one_view_out__fold01,main_selection,True,chronaris,physiology_residual,spearman,-0.7552447552447553,train_phase_residualized_pooled_64d,0.5538614657760692,-1.1574410234050672,completed,inner_train,inner_validation,False
leave_one_view_out__fold01__candidate_340,leave_one_view_out__fold01,main_selection,True,chronaris,high_residual_response,normalized_ap,0.0,train_phase_residualized_pooled_64d,0.0,0.0,completed,inner_train,inner_validation,False
leave_one_view_out__fold01__candidate_340,leave_one_view_out__fold01,main_selection,True,chronaris,high_residual_response,normalized_ap,0.0,raw_pooled_64d_diagnostic,0.0,0.0,completed,inner_train,inner_validation,False
leave_one_view_out__fold01__candidate_340,leave_one_view_out__fold01,main_selection,True,chronaris,high_residual_response,auprc,0.0,train_phase_residualized_pooled_64d,0.0,0.0,completed,inner_train,inner_validation,False
leave_one_view_out__fold01__candidate_340,leave_one_view_out__fold01,main_selection,True,chronaris,high_residual_response,prevalence,0.0,train_phase_residualized_pooled_64d,0.0,0.0,completed,inner_train,inner_validation,False
leave_one_view_out__fold01__candidate_327,leave_one_view_out__fold01,main_selection,True,time_only,future_maneuver_score,spearman,0.43356643356643365,explicit_phase_diagnostic,0.43356643356643365,0.0,completed,inner_train,inner_validation,False
leave_one_view_out__fold01__candidate_327,leave_one_view_out__fold01,main_selection,True,time_only,future_maneuver_trend,macro_f1,0.4222222222222222,explicit_phase_diagnostic,0.4222222222222222,0.0,completed,inner_train,inner_validation,False
leave_one_view_out__fold01__candidate_327,leave_one_view_out__fold01,main_selection,True,time_only,physiology_residual,rmse,0.5393203483058212,explicit_phase_diagnostic,0.5393203483058212,0.0,completed,inner_train,inner_validation,False
leave_one_view_out__fold01__candidate_327,leave_one_view_out__fold01,main_selection,True,time_only,high_residual_response,normalized_ap,0.0,explicit_phase_diagnostic,0.0,0.0,completed,inner_train,inner_validation,False
leave_one_view_out__fold01__candidate_327,leave_one_view_out__fold01,main_selection,True,physiology_only,future_maneuver_score,spearman,-0.3636363636363637,train_phase_residualized_pooled_64d,0.43356643356643365,-1.4074074074074079,completed,inner_train,inner_validation,False
leave_one_view_out__fold01__candidate_327,leave_one_view_out__fold01,main_selection,True,physiology_only,future_maneuver_score,spearman,-0.3916083916083916,raw_pooled_64d_diagnostic,0.43356643356643365,-1.4567901234567904,completed,inner_train,inner_validation,False
leave_one_view_out__fold01__candidate_327,leave_one_view_out__fold01,main_selection,True,physiology_only,future_maneuver_trend,macro_f1,0.06666666666666667,train_phase_residualized_pooled_64d,0.4222222222222222,-0.6153846153846154,completed,inner_train,inner_validation,False
leave_one_view_out__fold01__candidate_327,leave_one_view_out__fold01,main_selection,True,physiology_only,future_maneuver_trend,macro_f1,0.06666666666666667,raw_pooled_64d_diagnostic,0.4222222222222222,-0.6153846153846154,completed,inner_train,inner_validation,False
leave_one_view_out__fold01__candidate_327,leave_one_view_out__fold01,main_selection,True,physiology_only,physiology_residual,rmse,1.6543677783164508,train_phase_residualized_pooled_64d,0.5393203483058212,-2.067504839217271,completed,inner_train,inner_validation,False
leave_one_view_out__fold01__candidate_327,leave_one_view_out__fold01,main_selection,True,physiology_only,physiology_residual,rmse,0.5713085969701642,raw_pooled_64d_diagnostic,0.5393203483058212,-0.05931214864194983,completed,inner_train,inner_validation,False
leave_one_view_out__fold01__candidate_327,leave_one_view_out__fold01,main_selection,True,physiology_only,physiology_residual,rmse_ratio,4.317851502287777,train_phase_residualized_pooled_64d,0.5393203483058212,-2.067504839217271,completed,inner_train,inner_validation,False
leave_one_view_out__fold01__candidate_327,leave_one_view_out__fold01,main_selection,True,physiology_only,physiology_residual,response_skill,-17.643841595808816,train_phase_residualized_pooled_64d,0.5393203483058212,-2.067504839217271,completed,inner_train,inner_validation,False
leave_one_view_out__fold01__candidate_327,leave_one_view_out__fold01,main_selection,True,physiology_only,physiology_residual,spearman,0.17482517482517487,train_phase_residualized_pooled_64d,0.5393203483058212,-2.067504839217271,completed,inner_train,inner_validation,False
leave_one_view_out__fold01__candidate_327,leave_one_view_out__fold01,main_selection,True,physiology_only,high_residual_response,normalized_ap,0.0,train_phase_residualized_pooled_64d,0.0,0.0,completed,inner_train,inner_validation,False
leave_one_view_out__fold01__candidate_327,leave_one_view_out__fold01,main_selection,True,physiology_only,high_residual_response,normalized_ap,0.0,raw_pooled_64d_diagnostic,0.0,0.0,completed,inner_train,inner_validation,False
leave_one_view_out__fold01__candidate_327,leave_one_view_out__fold01,main_selection,True,physiology_only,high_residual_response,auprc,0.0,train_phase_residualized_pooled_64d,0.0,0.0,completed,inner_train,inner_validation,False
leave_one_view_out__fold01__candidate_327,leave_one_view_out__fold01,main_selection,True,physiology_only,high_residual_response,prevalence,0.0,train_phase_residualized_pooled_64d,0.0,0.0,completed,inner_train,inner_validation,False
leave_one_view_out__fold01__candidate_327,leave_one_view_out__fold01,main_selection,True,vehicle_only,future_maneuver_score,spearman,0.37762237762237766,train_phase_residualized_pooled_64d,0.43356643356643365,-0.09876543209876554,completed,inner_train,inner_validation,False
leave_one_view_out__fold01__candidate_327,leave_one_view_out__fold01,main_selection,True,vehicle_only,future_maneuver_score,spearman,0.3706293706293707,raw_pooled_64d_diagnostic,0.43356643356643365,-0.11111111111111119,completed,inner_train,inner_validation,False
leave_one_view_out__fold01__candidate_327,leave_one_view_out__fold01,main_selection,True,vehicle_only,future_maneuver_trend,macro_f1,0.8296296296296296,train_phase_residualized_pooled_64d,0.4222222222222222,0.7051282051282052,completed,inner_train,inner_validation,False
leave_one_view_out__fold01__candidate_327,leave_one_view_out__fold01,main_selection,True,vehicle_only,future_maneuver_trend,macro_f1,0.832010582010582,raw_pooled_64d_diagnostic,0.4222222222222222,0.7092490842490843,completed,inner_train,inner_validation,False
leave_one_view_out__fold01__candidate_327,leave_one_view_out__fold01,main_selection,True,vehicle_only,physiology_residual,rmse,0.3911704613747284,train_phase_residualized_pooled_64d,0.5393203483058212,0.27469738050210657,completed,inner_train,inner_validation,False
leave_one_view_out__fold01__candidate_327,leave_one_view_out__fold01,main_selection,True,vehicle_only,physiology_residual,rmse,0.555230687763416,raw_pooled_64d_diagnostic,0.5393203483058212,-0.029500721616705708,completed,inner_train,inner_validation,False
leave_one_view_out__fold01__candidate_327,leave_one_view_out__fold01,main_selection,True,vehicle_only,physiology_residual,rmse_ratio,1.0209434603569725,train_phase_residualized_pooled_64d,0.5393203483058212,0.27469738050210657,completed,inner_train,inner_validation,False
leave_one_view_out__fold01__candidate_327,leave_one_view_out__fold01,main_selection,True,vehicle_only,physiology_residual,response_skill,-0.04232554924566867,train_phase_residualized_pooled_64d,0.5393203483058212,0.27469738050210657,completed,inner_train,inner_validation,False
leave_one_view_out__fold01__candidate_327,leave_one_view_out__fold01,main_selection,True,vehicle_only,physiology_residual,spearman,0.5874125874125874,train_phase_residualized_pooled_64d,0.5393203483058212,0.27469738050210657,completed,inner_train,inner_validation,False
leave_one_view_out__fold01__candidate_327,leave_one_view_out__fold01,main_selection,True,vehicle_only,high_residual_response,normalized_ap,0.0,train_phase_residualized_pooled_64d,0.0,0.0,completed,inner_train,inner_validation,False
leave_one_view_out__fold01__candidate_327,leave_one_view_out__fold01,main_selection,True,vehicle_only,high_residual_response,normalized_ap,0.0,raw_pooled_64d_diagnostic,0.0,0.0,completed,inner_train,inner_validation,False
leave_one_view_out__fold01__candidate_327,leave_one_view_out__fold01,main_selection,True,vehicle_only,high_residual_response,auprc,0.0,train_phase_residualized_pooled_64d,0.0,0.0,completed,inner_train,inner_validation,False
leave_one_view_out__fold01__candidate_327,leave_one_view_out__fold01,main_selection,True,vehicle_only,high_residual_response,prevalence,0.0,train_phase_residualized_pooled_64d,0.0,0.0,completed,inner_train,inner_validation,False
leave_one_view_out__fold01__candidate_327,leave_one_view_out__fold01,main_selection,True,naive_time_sync,future_maneuver_score,spearman,-0.04895104895104895,train_phase_residualized_pooled_64d,0.43356643356643365,-0.8518518518518522,completed,inner_train,inner_validation,False
leave_one_view_out__fold01__candidate_327,leave_one_view_out__fold01,main_selection,True,naive_time_sync,future_maneuver_score,spearman,-0.04895104895104895,raw_pooled_64d_diagnostic,0.43356643356643365,-0.8518518518518522,completed,inner_train,inner_validation,False
leave_one_view_out__fold01__candidate_327,leave_one_view_out__fold01,main_selection,True,naive_time_sync,future_maneuver_trend,macro_f1,0.2571428571428571,train_phase_residualized_pooled_64d,0.4222222222222222,-0.2857142857142858,completed,inner_train,inner_validation,False
leave_one_view_out__fold01__candidate_327,leave_one_view_out__fold01,main_selection,True,naive_time_sync,future_maneuver_trend,macro_f1,0.2148148148148148,raw_pooled_64d_diagnostic,0.4222222222222222,-0.35897435897435903,completed,inner_train,inner_validation,False
leave_one_view_out__fold01__candidate_327,leave_one_view_out__fold01,main_selection,True,naive_time_sync,physiology_residual,rmse,0.6578139491665977,train_phase_residualized_pooled_64d,0.5393203483058212,-0.21970912321962832,completed,inner_train,inner_validation,False
leave_one_view_out__fold01__candidate_327,leave_one_view_out__fold01,main_selection,True,naive_time_sync,physiology_residual,rmse,0.5162031724212155,raw_pooled_64d_diagnostic,0.5393203483058212,0.042863533625653476,completed,inner_train,inner_validation,False
leave_one_view_out__fold01__candidate_327,leave_one_view_out__fold01,main_selection,True,naive_time_sync,physiology_residual,rmse_ratio,1.7168751627436152,train_phase_residualized_pooled_64d,0.5393203483058212,-0.21970912321962832,completed,inner_train,inner_validation,False
leave_one_view_out__fold01__candidate_327,leave_one_view_out__fold01,main_selection,True,naive_time_sync,physiology_residual,response_skill,-1.947660324445915,train_phase_residualized_pooled_64d,0.5393203483058212,-0.21970912321962832,completed,inner_train,inner_validation,False
leave_one_view_out__fold01__candidate_327,leave_one_view_out__fold01,main_selection,True,naive_time_sync,physiology_residual,spearman,0.5804195804195805,train_phase_residualized_pooled_64d,0.5393203483058212,-0.21970912321962832,completed,inner_train,inner_validation,False
leave_one_view_out__fold01__candidate_327,leave_one_view_out__fold01,main_selection,True,naive_time_sync,high_residual_response,normalized_ap,0.0,train_phase_residualized_pooled_64d,0.0,0.0,completed,inner_train,inner_validation,False
leave_one_view_out__fold01__candidate_327,leave_one_view_out__fold01,main_selection,True,naive_time_sync,high_residual_response,normalized_ap,0.0,raw_pooled_64d_diagnostic,0.0,0.0,completed,inner_train,inner_validation,False
leave_one_view_out__fold01__candidate_327,leave_one_view_out__fold01,main_selection,True,naive_time_sync,high_residual_response,auprc,0.0,train_phase_residualized_pooled_64d,0.0,0.0,completed,inner_train,inner_validation,False
leave_one_view_out__fold01__candidate_327,leave_one_view_out__fold01,main_selection,True,naive_time_sync,high_residual_response,prevalence,0.0,train_phase_residualized_pooled_64d,0.0,0.0,completed,inner_train,inner_validation,False
leave_one_view_out__fold01__candidate_327,leave_one_view_out__fold01,main_selection,True,mult,future_maneuver_score,spearman,-0.6083916083916086,train_phase_residualized_pooled_64d,0.43356643356643365,-1.8395061728395068,completed,inner_train,inner_validation,False
leave_one_view_out__fold01__candidate_327,leave_one_view_out__fold01,main_selection,True,mult,future_maneuver_score,spearman,-0.3706293706293707,raw_pooled_64d_diagnostic,0.43356643356643365,-1.4197530864197536,completed,inner_train,inner_validation,False
leave_one_view_out__fold01__candidate_327,leave_one_view_out__fold01,main_selection,True,mult,future_maneuver_trend,macro_f1,0.2814814814814815,train_phase_residualized_pooled_64d,0.4222222222222222,-0.24358974358974358,completed,inner_train,inner_validation,False
leave_one_view_out__fold01__candidate_327,leave_one_view_out__fold01,main_selection,True,mult,future_maneuver_trend,macro_f1,0.06666666666666667,raw_pooled_64d_diagnostic,0.4222222222222222,-0.6153846153846154,completed,inner_train,inner_validation,False
leave_one_view_out__fold01__candidate_327,leave_one_view_out__fold01,main_selection,True,mult,physiology_residual,rmse,2.7185096344128765,train_phase_residualized_pooled_64d,0.5393203483058212,-4.040621298552132,completed,inner_train,inner_validation,False
leave_one_view_out__fold01__candidate_327,leave_one_view_out__fold01,main_selection,True,mult,physiology_residual,rmse,0.49859970898645,raw_pooled_64d_diagnostic,0.5393203483058212,0.07550362126570569,completed,inner_train,inner_validation,False
leave_one_view_out__fold01__candidate_327,leave_one_view_out__fold01,main_selection,True,mult,physiology_residual,rmse_ratio,7.095230614850711,train_phase_residualized_pooled_64d,0.5393203483058212,-4.040621298552132,completed,inner_train,inner_validation,False
leave_one_view_out__fold01__candidate_327,leave_one_view_out__fold01,main_selection,True,mult,physiology_residual,response_skill,-49.342297477914784,train_phase_residualized_pooled_64d,0.5393203483058212,-4.040621298552132,completed,inner_train,inner_validation,False
leave_one_view_out__fold01__candidate_327,leave_one_view_out__fold01,main_selection,True,mult,physiology_residual,spearman,0.7762237762237763,train_phase_residualized_pooled_64d,0.5393203483058212,-4.040621298552132,completed,inner_train,inner_validation,False
leave_one_view_out__fold01__candidate_327,leave_one_view_out__fold01,main_selection,True,mult,high_residual_response,normalized_ap,0.0,train_phase_residualized_pooled_64d,0.0,0.0,completed,inner_train,inner_validation,False
leave_one_view_out__fold01__candidate_327,leave_one_view_out__fold01,main_selection,True,mult,high_residual_response,normalized_ap,0.0,raw_pooled_64d_diagnostic,0.0,0.0,completed,inner_train,inner_validation,False
leave_one_view_out__fold01__candidate_327,leave_one_view_out__fold01,main_selection,True,mult,high_residual_response,auprc,0.0,train_phase_residualized_pooled_64d,0.0,0.0,completed,inner_train,inner_validation,False
leave_one_view_out__fold01__candidate_327,leave_one_view_out__fold01,main_selection,True,mult,high_residual_response,prevalence,0.0,train_phase_residualized_pooled_64d,0.0,0.0,completed,inner_train,inner_validation,False
leave_one_view_out__fold01__candidate_327,leave_one_view_out__fold01,main_selection,True,contiformer,future_maneuver_score,spearman,0.5454545454545455,train_phase_residualized_pooled_64d,0.43356643356643365,0.19753086419753088,completed,inner_train,inner_validation,False
leave_one_view_out__fold01__candidate_327,leave_one_view_out__fold01,main_selection,True,contiformer,future_maneuver_score,spearman,0.5384615384615385,raw_pooled_64d_diagnostic,0.43356643356643365,0.1851851851851852,completed,inner_train,inner_validation,False
leave_one_view_out__fold01__candidate_327,leave_one_view_out__fold01,main_selection,True,contiformer,future_maneuver_trend,macro_f1,0.7590909090909091,train_phase_residualized_pooled_64d,0.4222222222222222,0.5830419580419582,completed,inner_train,inner_validation,False
leave_one_view_out__fold01__candidate_327,leave_one_view_out__fold01,main_selection,True,contiformer,future_maneuver_trend,macro_f1,0.6388888888888888,raw_pooled_64d_diagnostic,0.4222222222222222,0.37499999999999994,completed,inner_train,inner_validation,False
leave_one_view_out__fold01__candidate_327,leave_one_view_out__fold01,main_selection,True,contiformer,physiology_residual,rmse,0.4734512516277995,train_phase_residualized_pooled_64d,0.5393203483058212,0.1221335276611345,completed,inner_train,inner_validation,False
leave_one_view_out__fold01__candidate_327,leave_one_view_out__fold01,main_selection,True,contiformer,physiology_residual,rmse,0.599462099726051,raw_pooled_64d_diagnostic,0.5393203483058212,-0.1115139668086962,completed,inner_train,inner_validation,False
leave_one_view_out__fold01__candidate_327,leave_one_view_out__fold01,main_selection,True,contiformer,physiology_residual,rmse_ratio,1.2356939157636846,train_phase_residualized_pooled_64d,0.5393203483058212,0.1221335276611345,completed,inner_train,inner_validation,False
leave_one_view_out__fold01__candidate_327,leave_one_view_out__fold01,main_selection,True,contiformer,physiology_residual,response_skill,-0.5269394534553882,train_phase_residualized_pooled_64d,0.5393203483058212,0.1221335276611345,completed,inner_train,inner_validation,False
leave_one_view_out__fold01__candidate_327,leave_one_view_out__fold01,main_selection,True,contiformer,physiology_residual,spearman,0.6363636363636365,train_phase_residualized_pooled_64d,0.5393203483058212,0.1221335276611345,completed,inner_train,inner_validation,False
leave_one_view_out__fold01__candidate_327,leave_one_view_out__fold01,main_selection,True,contiformer,high_residual_response,normalized_ap,0.0,train_phase_residualized_pooled_64d,0.0,0.0,completed,inner_train,inner_validation,False
leave_one_view_out__fold01__candidate_327,leave_one_view_out__fold01,main_selection,True,contiformer,high_residual_response,normalized_ap,0.0,raw_pooled_64d_diagnostic,0.0,0.0,completed,inner_train,inner_validation,False
leave_one_view_out__fold01__candidate_327,leave_one_view_out__fold01,main_selection,True,contiformer,high_residual_response,auprc,0.0,train_phase_residualized_pooled_64d,0.0,0.0,completed,inner_train,inner_validation,False
leave_one_view_out__fold01__candidate_327,leave_one_view_out__fold01,main_selection,True,contiformer,high_residual_response,prevalence,0.0,train_phase_residualized_pooled_64d,0.0,0.0,completed,inner_train,inner_validation,False
leave_one_view_out__fold01__candidate_327,leave_one_view_out__fold01,main_selection,True,chronaris,future_maneuver_score,spearman,-0.6573426573426573,train_phase_residualized_pooled_64d,0.43356643356643365,-1.925925925925926,completed,inner_train,inner_validation,False
leave_one_view_out__fold01__candidate_327,leave_one_view_out__fold01,main_selection,True,chronaris,future_maneuver_score,spearman,-0.6853146853146854,raw_pooled_64d_diagnostic,0.43356643356643365,-1.9753086419753094,completed,inner_train,inner_validation,False
leave_one_view_out__fold01__candidate_327,leave_one_view_out__fold01,main_selection,True,chronaris,future_maneuver_trend,macro_f1,0.4222222222222222,train_phase_residualized_pooled_64d,0.4222222222222222,0.0,completed,inner_train,inner_validation,False
leave_one_view_out__fold01__candidate_327,leave_one_view_out__fold01,main_selection,True,chronaris,future_maneuver_trend,macro_f1,0.26495726495726496,raw_pooled_64d_diagnostic,0.4222222222222222,-0.27218934911242604,completed,inner_train,inner_validation,False
leave_one_view_out__fold01__candidate_327,leave_one_view_out__fold01,main_selection,True,chronaris,physiology_residual,rmse,1.722767293469399,train_phase_residualized_pooled_64d,0.5393203483058212,-2.1943302322657865,completed,inner_train,inner_validation,False
leave_one_view_out__fold01__candidate_327,leave_one_view_out__fold01,main_selection,True,chronaris,physiology_residual,rmse,0.5978590808931473,raw_pooled_64d_diagnostic,0.5393203483058212,-0.10854167244238998,completed,inner_train,inner_validation,False
leave_one_view_out__fold01__candidate_327,leave_one_view_out__fold01,main_selection,True,chronaris,physiology_residual,rmse_ratio,4.496372235784812,train_phase_residualized_pooled_64d,0.5393203483058212,-2.1943302322657865,completed,inner_train,inner_validation,False
leave_one_view_out__fold01__candidate_327,leave_one_view_out__fold01,main_selection,True,chronaris,physiology_residual,response_skill,-19.217363282736507,train_phase_residualized_pooled_64d,0.5393203483058212,-2.1943302322657865,completed,inner_train,inner_validation,False
leave_one_view_out__fold01__candidate_327,leave_one_view_out__fold01,main_selection,True,chronaris,physiology_residual,spearman,-0.9230769230769231,train_phase_residualized_pooled_64d,0.5393203483058212,-2.1943302322657865,completed,inner_train,inner_validation,False
leave_one_view_out__fold01__candidate_327,leave_one_view_out__fold01,main_selection,True,chronaris,high_residual_response,normalized_ap,0.0,train_phase_residualized_pooled_64d,0.0,0.0,completed,inner_train,inner_validation,False
leave_one_view_out__fold01__candidate_327,leave_one_view_out__fold01,main_selection,True,chronaris,high_residual_response,normalized_ap,0.0,raw_pooled_64d_diagnostic,0.0,0.0,completed,inner_train,inner_validation,False
leave_one_view_out__fold01__candidate_327,leave_one_view_out__fold01,main_selection,True,chronaris,high_residual_response,auprc,0.0,train_phase_residualized_pooled_64d,0.0,0.0,completed,inner_train,inner_validation,False
leave_one_view_out__fold01__candidate_327,leave_one_view_out__fold01,main_selection,True,chronaris,high_residual_response,prevalence,0.0,train_phase_residualized_pooled_64d,0.0,0.0,completed,inner_train,inner_validation,False
legacy_diagnostic__leave_one_view_out__fold03,leave_one_view_out__fold03,distribution_pressure_diagnostic,False,time_only,future_maneuver_score,spearman,-0.75,explicit_phase_diagnostic,-0.75,0.0,completed,inner_train,inner_validation,False
legacy_diagnostic__leave_one_view_out__fold03,leave_one_view_out__fold03,distribution_pressure_diagnostic,False,time_only,future_maneuver_trend,macro_f1,0.19999999999999998,explicit_phase_diagnostic,0.19999999999999998,0.0,completed,inner_train,inner_validation,False
legacy_diagnostic__leave_one_view_out__fold03,leave_one_view_out__fold03,distribution_pressure_diagnostic,False,time_only,physiology_residual,rmse,3.1407572885259487,explicit_phase_diagnostic,3.1407572885259487,0.0,completed,inner_train,inner_validation,False
legacy_diagnostic__leave_one_view_out__fold03,leave_one_view_out__fold03,distribution_pressure_diagnostic,False,time_only,high_residual_response,normalized_ap,0.0,explicit_phase_diagnostic,0.0,0.0,completed,inner_train,inner_validation,False
legacy_diagnostic__leave_one_view_out__fold03,leave_one_view_out__fold03,distribution_pressure_diagnostic,False,physiology_only,future_maneuver_score,spearman,0.7450275694866293,train_phase_residualized_pooled_64d,-0.75,0.8543014682780739,completed,inner_train,inner_validation,False
legacy_diagnostic__leave_one_view_out__fold03,leave_one_view_out__fold03,distribution_pressure_diagnostic,False,physiology_only,future_maneuver_score,spearman,-0.5321625496333067,raw_pooled_64d_diagnostic,-0.75,0.12447854306668191,completed,inner_train,inner_validation,False
legacy_diagnostic__leave_one_view_out__fold03,leave_one_view_out__fold03,distribution_pressure_diagnostic,False,physiology_only,future_maneuver_trend,macro_f1,0.14814814814814814,train_phase_residualized_pooled_64d,0.19999999999999998,-0.0648148148148148,completed,inner_train,inner_validation,False
legacy_diagnostic__leave_one_view_out__fold03,leave_one_view_out__fold03,distribution_pressure_diagnostic,False,physiology_only,future_maneuver_trend,macro_f1,0.2222222222222222,raw_pooled_64d_diagnostic,0.19999999999999998,0.027777777777777783,completed,inner_train,inner_validation,False
legacy_diagnostic__leave_one_view_out__fold03,leave_one_view_out__fold03,distribution_pressure_diagnostic,False,physiology_only,physiology_residual,rmse,5.718815270678894,train_phase_residualized_pooled_64d,3.1407572885259487,-0.8208396081961827,completed,inner_train,inner_validation,False
legacy_diagnostic__leave_one_view_out__fold03,leave_one_view_out__fold03,distribution_pressure_diagnostic,False,physiology_only,physiology_residual,rmse,3.788146170285681,raw_pooled_64d_diagnostic,3.1407572885259487,-0.20612509095332582,completed,inner_train,inner_validation,False
legacy_diagnostic__leave_one_view_out__fold03,leave_one_view_out__fold03,distribution_pressure_diagnostic,False,physiology_only,physiology_residual,rmse_ratio,1.6501378821821726,train_phase_residualized_pooled_64d,3.1407572885259487,-0.8208396081961827,completed,inner_train,inner_validation,False
legacy_diagnostic__leave_one_view_out__fold03,leave_one_view_out__fold03,distribution_pressure_diagnostic,False,physiology_only,physiology_residual,response_skill,-1.7229550302126655,train_phase_residualized_pooled_64d,3.1407572885259487,-0.8208396081961827,completed,inner_train,inner_validation,False
legacy_diagnostic__leave_one_view_out__fold03,leave_one_view_out__fold03,distribution_pressure_diagnostic,False,physiology_only,physiology_residual,spearman,-0.4257300397066453,train_phase_residualized_pooled_64d,3.1407572885259487,-0.8208396081961827,completed,inner_train,inner_validation,False
legacy_diagnostic__leave_one_view_out__fold03,leave_one_view_out__fold03,distribution_pressure_diagnostic,False,physiology_only,high_residual_response,normalized_ap,0.0,train_phase_residualized_pooled_64d,0.0,0.0,completed,inner_train,inner_validation,False
legacy_diagnostic__leave_one_view_out__fold03,leave_one_view_out__fold03,distribution_pressure_diagnostic,False,physiology_only,high_residual_response,normalized_ap,0.0,raw_pooled_64d_diagnostic,0.0,0.0,completed,inner_train,inner_validation,False
legacy_diagnostic__leave_one_view_out__fold03,leave_one_view_out__fold03,distribution_pressure_diagnostic,False,physiology_only,high_residual_response,auprc,0.9999999999999998,train_phase_residualized_pooled_64d,0.0,0.0,completed,inner_train,inner_validation,False
legacy_diagnostic__leave_one_view_out__fold03,leave_one_view_out__fold03,distribution_pressure_diagnostic,False,physiology_only,high_residual_response,prevalence,1.0,train_phase_residualized_pooled_64d,0.0,0.0,completed,inner_train,inner_validation,False
legacy_diagnostic__leave_one_view_out__fold03,leave_one_view_out__fold03,distribution_pressure_diagnostic,False,vehicle_only,future_maneuver_score,spearman,0.8159825761044035,train_phase_residualized_pooled_64d,-0.75,0.8948471863453734,completed,inner_train,inner_validation,False
legacy_diagnostic__leave_one_view_out__fold03,leave_one_view_out__fold03,distribution_pressure_diagnostic,False,vehicle_only,future_maneuver_score,spearman,-0.7805050727955165,raw_pooled_64d_diagnostic,-0.75,-0.017431470168866574,completed,inner_train,inner_validation,False
legacy_diagnostic__leave_one_view_out__fold03,leave_one_view_out__fold03,distribution_pressure_diagnostic,False,vehicle_only,future_maneuver_trend,macro_f1,0.4444444444444444,train_phase_residualized_pooled_64d,0.19999999999999998,0.3055555555555555,completed,inner_train,inner_validation,False
legacy_diagnostic__leave_one_view_out__fold03,leave_one_view_out__fold03,distribution_pressure_diagnostic,False,vehicle_only,future_maneuver_trend,macro_f1,0.4166666666666667,raw_pooled_64d_diagnostic,0.19999999999999998,0.27083333333333337,completed,inner_train,inner_validation,False
legacy_diagnostic__leave_one_view_out__fold03,leave_one_view_out__fold03,distribution_pressure_diagnostic,False,vehicle_only,physiology_residual,rmse,2.09458558228508,train_phase_residualized_pooled_64d,3.1407572885259487,0.3330953684523226,completed,inner_train,inner_validation,False
legacy_diagnostic__leave_one_view_out__fold03,leave_one_view_out__fold03,distribution_pressure_diagnostic,False,vehicle_only,physiology_residual,rmse,3.297512713280696,raw_pooled_64d_diagnostic,3.1407572885259487,-0.04991007274819296,completed,inner_train,inner_validation,False
legacy_diagnostic__leave_one_view_out__fold03,leave_one_view_out__fold03,distribution_pressure_diagnostic,False,vehicle_only,physiology_residual,rmse_ratio,0.6043830501961471,train_phase_residualized_pooled_64d,3.1407572885259487,0.3330953684523226,completed,inner_train,inner_validation,False
legacy_diagnostic__leave_one_view_out__fold03,leave_one_view_out__fold03,distribution_pressure_diagnostic,False,vehicle_only,physiology_residual,response_skill,0.6347211286356014,train_phase_residualized_pooled_64d,3.1407572885259487,0.3330953684523226,completed,inner_train,inner_validation,False
legacy_diagnostic__leave_one_view_out__fold03,leave_one_view_out__fold03,distribution_pressure_diagnostic,False,vehicle_only,physiology_residual,spearman,0.7450275694866293,train_phase_residualized_pooled_64d,3.1407572885259487,0.3330953684523226,completed,inner_train,inner_validation,False
legacy_diagnostic__leave_one_view_out__fold03,leave_one_view_out__fold03,distribution_pressure_diagnostic,False,vehicle_only,high_residual_response,normalized_ap,0.0,train_phase_residualized_pooled_64d,0.0,0.0,completed,inner_train,inner_validation,False
legacy_diagnostic__leave_one_view_out__fold03,leave_one_view_out__fold03,distribution_pressure_diagnostic,False,vehicle_only,high_residual_response,normalized_ap,0.0,raw_pooled_64d_diagnostic,0.0,0.0,completed,inner_train,inner_validation,False
legacy_diagnostic__leave_one_view_out__fold03,leave_one_view_out__fold03,distribution_pressure_diagnostic,False,vehicle_only,high_residual_response,auprc,0.9999999999999998,train_phase_residualized_pooled_64d,0.0,0.0,completed,inner_train,inner_validation,False
legacy_diagnostic__leave_one_view_out__fold03,leave_one_view_out__fold03,distribution_pressure_diagnostic,False,vehicle_only,high_residual_response,prevalence,1.0,train_phase_residualized_pooled_64d,0.0,0.0,completed,inner_train,inner_validation,False
legacy_diagnostic__leave_one_view_out__fold03,leave_one_view_out__fold03,distribution_pressure_diagnostic,False,naive_time_sync,future_maneuver_score,spearman,0.5351173893888557,train_phase_residualized_pooled_64d,-0.75,0.734352793936489,completed,inner_train,inner_validation,False
legacy_diagnostic__leave_one_view_out__fold03,leave_one_view_out__fold03,distribution_pressure_diagnostic,False,naive_time_sync,future_maneuver_score,spearman,0.03567449262592372,raw_pooled_64d_diagnostic,-0.75,0.44895685292909926,completed,inner_train,inner_validation,False
legacy_diagnostic__leave_one_view_out__fold03,leave_one_view_out__fold03,distribution_pressure_diagnostic,False,naive_time_sync,future_maneuver_trend,macro_f1,0.4444444444444444,train_phase_residualized_pooled_64d,0.19999999999999998,0.3055555555555555,completed,inner_train,inner_validation,False
legacy_diagnostic__leave_one_view_out__fold03,leave_one_view_out__fold03,distribution_pressure_diagnostic,False,naive_time_sync,future_maneuver_trend,macro_f1,0.19999999999999998,raw_pooled_64d_diagnostic,0.19999999999999998,0.0,completed,inner_train,inner_validation,False
legacy_diagnostic__leave_one_view_out__fold03,leave_one_view_out__fold03,distribution_pressure_diagnostic,False,naive_time_sync,physiology_residual,rmse,2.1801294080058105,train_phase_residualized_pooled_64d,3.1407572885259487,0.30585868065309485,completed,inner_train,inner_validation,False
legacy_diagnostic__leave_one_view_out__fold03,leave_one_view_out__fold03,distribution_pressure_diagnostic,False,naive_time_sync,physiology_residual,rmse,1.2071863525998134,raw_pooled_64d_diagnostic,3.1407572885259487,0.6156384458582655,completed,inner_train,inner_validation,False
legacy_diagnostic__leave_one_view_out__fold03,leave_one_view_out__fold03,distribution_pressure_diagnostic,False,naive_time_sync,physiology_residual,rmse_ratio,0.6290663282401693,train_phase_residualized_pooled_64d,3.1407572885259487,0.30585868065309485,completed,inner_train,inner_validation,False
legacy_diagnostic__leave_one_view_out__fold03,leave_one_view_out__fold03,distribution_pressure_diagnostic,False,naive_time_sync,physiology_residual,response_skill,0.6042755546744315,train_phase_residualized_pooled_64d,3.1407572885259487,0.30585868065309485,completed,inner_train,inner_validation,False
legacy_diagnostic__leave_one_view_out__fold03,leave_one_view_out__fold03,distribution_pressure_diagnostic,False,naive_time_sync,physiology_residual,spearman,-0.7848388377703218,train_phase_residualized_pooled_64d,3.1407572885259487,0.30585868065309485,completed,inner_train,inner_validation,False
legacy_diagnostic__leave_one_view_out__fold03,leave_one_view_out__fold03,distribution_pressure_diagnostic,False,naive_time_sync,high_residual_response,normalized_ap,0.0,train_phase_residualized_pooled_64d,0.0,0.0,completed,inner_train,inner_validation,False
legacy_diagnostic__leave_one_view_out__fold03,leave_one_view_out__fold03,distribution_pressure_diagnostic,False,naive_time_sync,high_residual_response,normalized_ap,0.0,raw_pooled_64d_diagnostic,0.0,0.0,completed,inner_train,inner_validation,False
legacy_diagnostic__leave_one_view_out__fold03,leave_one_view_out__fold03,distribution_pressure_diagnostic,False,naive_time_sync,high_residual_response,auprc,0.9999999999999998,train_phase_residualized_pooled_64d,0.0,0.0,completed,inner_train,inner_validation,False
legacy_diagnostic__leave_one_view_out__fold03,leave_one_view_out__fold03,distribution_pressure_diagnostic,False,naive_time_sync,high_residual_response,prevalence,1.0,train_phase_residualized_pooled_64d,0.0,0.0,completed,inner_train,inner_validation,False
legacy_diagnostic__leave_one_view_out__fold03,leave_one_view_out__fold03,distribution_pressure_diagnostic,False,mult,future_maneuver_score,spearman,0.7450275694866293,train_phase_residualized_pooled_64d,-0.75,0.8543014682780739,completed,inner_train,inner_validation,False
legacy_diagnostic__leave_one_view_out__fold03,leave_one_view_out__fold03,distribution_pressure_diagnostic,False,mult,future_maneuver_score,spearman,-0.7450275694866293,raw_pooled_64d_diagnostic,-0.75,0.0028413888647832613,completed,inner_train,inner_validation,False
legacy_diagnostic__leave_one_view_out__fold03,leave_one_view_out__fold03,distribution_pressure_diagnostic,False,mult,future_maneuver_trend,macro_f1,0.19999999999999998,train_phase_residualized_pooled_64d,0.19999999999999998,0.0,completed,inner_train,inner_validation,False
legacy_diagnostic__leave_one_view_out__fold03,leave_one_view_out__fold03,distribution_pressure_diagnostic,False,mult,future_maneuver_trend,macro_f1,0.19999999999999998,raw_pooled_64d_diagnostic,0.19999999999999998,0.0,completed,inner_train,inner_validation,False
legacy_diagnostic__leave_one_view_out__fold03,leave_one_view_out__fold03,distribution_pressure_diagnostic,False,mult,physiology_residual,rmse,2.42498049139019,train_phase_residualized_pooled_64d,3.1407572885259487,0.2278994304178449,completed,inner_train,inner_validation,False
legacy_diagnostic__leave_one_view_out__fold03,leave_one_view_out__fold03,distribution_pressure_diagnostic,False,mult,physiology_residual,rmse,2.979854214052673,raw_pooled_64d_diagnostic,3.1407572885259487,0.051230661809207295,completed,inner_train,inner_validation,False
legacy_diagnostic__leave_one_view_out__fold03,leave_one_view_out__fold03,distribution_pressure_diagnostic,False,mult,physiology_residual,rmse_ratio,0.6997169838501636,train_phase_residualized_pooled_64d,3.1407572885259487,0.2278994304178449,completed,inner_train,inner_validation,False
legacy_diagnostic__leave_one_view_out__fold03,leave_one_view_out__fold03,distribution_pressure_diagnostic,False,mult,physiology_residual,response_skill,0.51039614251163,train_phase_residualized_pooled_64d,3.1407572885259487,0.2278994304178449,completed,inner_train,inner_validation,False
legacy_diagnostic__leave_one_view_out__fold03,leave_one_view_out__fold03,distribution_pressure_diagnostic,False,mult,physiology_residual,spearman,0.3547750330888711,train_phase_residualized_pooled_64d,3.1407572885259487,0.2278994304178449,completed,inner_train,inner_validation,False
legacy_diagnostic__leave_one_view_out__fold03,leave_one_view_out__fold03,distribution_pressure_diagnostic,False,mult,high_residual_response,normalized_ap,0.0,train_phase_residualized_pooled_64d,0.0,0.0,completed,inner_train,inner_validation,False
legacy_diagnostic__leave_one_view_out__fold03,leave_one_view_out__fold03,distribution_pressure_diagnostic,False,mult,high_residual_response,normalized_ap,0.0,raw_pooled_64d_diagnostic,0.0,0.0,completed,inner_train,inner_validation,False
legacy_diagnostic__leave_one_view_out__fold03,leave_one_view_out__fold03,distribution_pressure_diagnostic,False,mult,high_residual_response,auprc,1.0,train_phase_residualized_pooled_64d,0.0,0.0,completed,inner_train,inner_validation,False
legacy_diagnostic__leave_one_view_out__fold03,leave_one_view_out__fold03,distribution_pressure_diagnostic,False,mult,high_residual_response,prevalence,1.0,train_phase_residualized_pooled_64d,0.0,0.0,completed,inner_train,inner_validation,False
legacy_diagnostic__leave_one_view_out__fold03,leave_one_view_out__fold03,distribution_pressure_diagnostic,False,contiformer,future_maneuver_score,spearman,0.7450275694866293,train_phase_residualized_pooled_64d,-0.75,0.8543014682780739,completed,inner_train,inner_validation,False
legacy_diagnostic__leave_one_view_out__fold03,leave_one_view_out__fold03,distribution_pressure_diagnostic,False,contiformer,future_maneuver_score,spearman,-0.5321625496333067,raw_pooled_64d_diagnostic,-0.75,0.12447854306668191,completed,inner_train,inner_validation,False
legacy_diagnostic__leave_one_view_out__fold03,leave_one_view_out__fold03,distribution_pressure_diagnostic,False,contiformer,future_maneuver_trend,macro_f1,0.19999999999999998,train_phase_residualized_pooled_64d,0.19999999999999998,0.0,completed,inner_train,inner_validation,False
legacy_diagnostic__leave_one_view_out__fold03,leave_one_view_out__fold03,distribution_pressure_diagnostic,False,contiformer,future_maneuver_trend,macro_f1,0.19999999999999998,raw_pooled_64d_diagnostic,0.19999999999999998,0.0,completed,inner_train,inner_validation,False
legacy_diagnostic__leave_one_view_out__fold03,leave_one_view_out__fold03,distribution_pressure_diagnostic,False,contiformer,physiology_residual,rmse,2.533776580639586,train_phase_residualized_pooled_64d,3.1407572885259487,0.19325934866213004,completed,inner_train,inner_validation,False
legacy_diagnostic__leave_one_view_out__fold03,leave_one_view_out__fold03,distribution_pressure_diagnostic,False,contiformer,physiology_residual,rmse,3.0126376845952727,raw_pooled_64d_diagnostic,3.1407572885259487,0.04079258349530293,completed,inner_train,inner_validation,False
legacy_diagnostic__leave_one_view_out__fold03,leave_one_view_out__fold03,distribution_pressure_diagnostic,False,contiformer,physiology_residual,rmse_ratio,0.7311095957472757,train_phase_residualized_pooled_64d,3.1407572885259487,0.19325934866213004,completed,inner_train,inner_validation,False
legacy_diagnostic__leave_one_view_out__fold03,leave_one_view_out__fold03,distribution_pressure_diagnostic,False,contiformer,physiology_residual,response_skill,0.4654787590062549,train_phase_residualized_pooled_64d,3.1407572885259487,0.19325934866213004,completed,inner_train,inner_validation,False
legacy_diagnostic__leave_one_view_out__fold03,leave_one_view_out__fold03,distribution_pressure_diagnostic,False,contiformer,physiology_residual,spearman,0.7450275694866293,train_phase_residualized_pooled_64d,3.1407572885259487,0.19325934866213004,completed,inner_train,inner_validation,False
legacy_diagnostic__leave_one_view_out__fold03,leave_one_view_out__fold03,distribution_pressure_diagnostic,False,contiformer,high_residual_response,normalized_ap,0.0,train_phase_residualized_pooled_64d,0.0,0.0,completed,inner_train,inner_validation,False
legacy_diagnostic__leave_one_view_out__fold03,leave_one_view_out__fold03,distribution_pressure_diagnostic,False,contiformer,high_residual_response,normalized_ap,0.0,raw_pooled_64d_diagnostic,0.0,0.0,completed,inner_train,inner_validation,False
legacy_diagnostic__leave_one_view_out__fold03,leave_one_view_out__fold03,distribution_pressure_diagnostic,False,contiformer,high_residual_response,auprc,1.0,train_phase_residualized_pooled_64d,0.0,0.0,completed,inner_train,inner_validation,False
legacy_diagnostic__leave_one_view_out__fold03,leave_one_view_out__fold03,distribution_pressure_diagnostic,False,contiformer,high_residual_response,prevalence,1.0,train_phase_residualized_pooled_64d,0.0,0.0,completed,inner_train,inner_validation,False
legacy_diagnostic__leave_one_view_out__fold03,leave_one_view_out__fold03,distribution_pressure_diagnostic,False,chronaris,future_maneuver_score,spearman,-0.7095500661777422,train_phase_residualized_pooled_64d,-0.75,0.023114247898433034,completed,inner_train,inner_validation,False
legacy_diagnostic__leave_one_view_out__fold03,leave_one_view_out__fold03,distribution_pressure_diagnostic,False,chronaris,future_maneuver_score,spearman,-0.7450275694866293,raw_pooled_64d_diagnostic,-0.75,0.0028413888647832613,completed,inner_train,inner_validation,False
legacy_diagnostic__leave_one_view_out__fold03,leave_one_view_out__fold03,distribution_pressure_diagnostic,False,chronaris,future_maneuver_trend,macro_f1,0.19999999999999998,train_phase_residualized_pooled_64d,0.19999999999999998,0.0,completed,inner_train,inner_validation,False
legacy_diagnostic__leave_one_view_out__fold03,leave_one_view_out__fold03,distribution_pressure_diagnostic,False,chronaris,future_maneuver_trend,macro_f1,0.19999999999999998,raw_pooled_64d_diagnostic,0.19999999999999998,0.0,completed,inner_train,inner_validation,False
legacy_diagnostic__leave_one_view_out__fold03,leave_one_view_out__fold03,distribution_pressure_diagnostic,False,chronaris,physiology_residual,rmse,3.5491960055089042,train_phase_residualized_pooled_64d,3.1407572885259487,-0.13004466103608026,completed,inner_train,inner_validation,False
legacy_diagnostic__leave_one_view_out__fold03,leave_one_view_out__fold03,distribution_pressure_diagnostic,False,chronaris,physiology_residual,rmse,3.6507831883636697,raw_pooled_64d_diagnostic,3.1407572885259487,-0.16238946629240852,completed,inner_train,inner_validation,False
legacy_diagnostic__leave_one_view_out__fold03,leave_one_view_out__fold03,distribution_pressure_diagnostic,False,chronaris,physiology_residual,rmse_ratio,1.0241042073885054,train_phase_residualized_pooled_64d,3.1407572885259487,-0.13004466103608026,completed,inner_train,inner_validation,False
legacy_diagnostic__leave_one_view_out__fold03,leave_one_view_out__fold03,distribution_pressure_diagnostic,False,chronaris,physiology_residual,response_skill,-0.04878942759083893,train_phase_residualized_pooled_64d,3.1407572885259487,-0.13004466103608026,completed,inner_train,inner_validation,False
legacy_diagnostic__leave_one_view_out__fold03,leave_one_view_out__fold03,distribution_pressure_diagnostic,False,chronaris,physiology_residual,spearman,-0.4612075430155324,train_phase_residualized_pooled_64d,3.1407572885259487,-0.13004466103608026,completed,inner_train,inner_validation,False
legacy_diagnostic__leave_one_view_out__fold03,leave_one_view_out__fold03,distribution_pressure_diagnostic,False,chronaris,high_residual_response,normalized_ap,0.0,train_phase_residualized_pooled_64d,0.0,0.0,completed,inner_train,inner_validation,False
legacy_diagnostic__leave_one_view_out__fold03,leave_one_view_out__fold03,distribution_pressure_diagnostic,False,chronaris,high_residual_response,normalized_ap,0.0,raw_pooled_64d_diagnostic,0.0,0.0,completed,inner_train,inner_validation,False
legacy_diagnostic__leave_one_view_out__fold03,leave_one_view_out__fold03,distribution_pressure_diagnostic,False,chronaris,high_residual_response,auprc,0.9999999999999998,train_phase_residualized_pooled_64d,0.0,0.0,completed,inner_train,inner_validation,False
legacy_diagnostic__leave_one_view_out__fold03,leave_one_view_out__fold03,distribution_pressure_diagnostic,False,chronaris,high_residual_response,prevalence,1.0,train_phase_residualized_pooled_64d,0.0,0.0,completed,inner_train,inner_validation,False
