seed,method,scenario_id,task,target,consumer,metric,value,direction,available,trajectory_count,tolerance_s,smoke_only
17,naive_time_sync,timestamp_jitter_000ms,sim_clock_lag_recovery_v1,relative_clock_offset_magnitude_s,ridge_recovery_probe,mae_s,0.9799133585765958,lower,True,48,0.5,False
17,naive_time_sync,timestamp_jitter_000ms,sim_clock_lag_recovery_v1,relative_clock_offset_magnitude_s,ridge_recovery_probe,rmse_s,0.9897024383058284,lower,True,48,0.5,False
17,naive_time_sync,timestamp_jitter_000ms,sim_clock_lag_recovery_v1,relative_clock_offset_magnitude_s,ridge_recovery_probe,tolerance_hit_rate,0.0,higher,True,48,0.5,False
17,naive_time_sync,timestamp_jitter_000ms,sim_clock_lag_recovery_v1,relative_clock_offset_magnitude_s,ridge_recovery_probe,spearman,,higher,False,48,0.5,False
17,naive_time_sync,timestamp_jitter_000ms,sim_clock_lag_recovery_v1,primary_physiology_response_lag_s,ridge_recovery_probe,mae_s,6.369693518443256,lower,True,48,2.0,False
17,naive_time_sync,timestamp_jitter_000ms,sim_clock_lag_recovery_v1,primary_physiology_response_lag_s,ridge_recovery_probe,rmse_s,7.786453968342079,lower,True,48,2.0,False
17,naive_time_sync,timestamp_jitter_000ms,sim_clock_lag_recovery_v1,primary_physiology_response_lag_s,ridge_recovery_probe,tolerance_hit_rate,0.16666666666666666,higher,True,48,2.0,False
17,naive_time_sync,timestamp_jitter_000ms,sim_clock_lag_recovery_v1,primary_physiology_response_lag_s,ridge_recovery_probe,spearman,-0.12798450006177906,higher,True,48,2.0,False
17,naive_time_sync,timestamp_jitter_020ms,sim_clock_lag_recovery_v1,relative_clock_offset_magnitude_s,ridge_recovery_probe,mae_s,1.113757695692281,lower,True,48,0.5,False
17,naive_time_sync,timestamp_jitter_020ms,sim_clock_lag_recovery_v1,relative_clock_offset_magnitude_s,ridge_recovery_probe,rmse_s,1.1226242452718302,lower,True,48,0.5,False
17,naive_time_sync,timestamp_jitter_020ms,sim_clock_lag_recovery_v1,relative_clock_offset_magnitude_s,ridge_recovery_probe,tolerance_hit_rate,0.0,higher,True,48,0.5,False
17,naive_time_sync,timestamp_jitter_020ms,sim_clock_lag_recovery_v1,relative_clock_offset_magnitude_s,ridge_recovery_probe,spearman,,higher,False,48,0.5,False
17,naive_time_sync,timestamp_jitter_020ms,sim_clock_lag_recovery_v1,primary_physiology_response_lag_s,ridge_recovery_probe,mae_s,7.061898947520405,lower,True,48,2.0,False
17,naive_time_sync,timestamp_jitter_020ms,sim_clock_lag_recovery_v1,primary_physiology_response_lag_s,ridge_recovery_probe,rmse_s,8.430478576170866,lower,True,48,2.0,False
17,naive_time_sync,timestamp_jitter_020ms,sim_clock_lag_recovery_v1,primary_physiology_response_lag_s,ridge_recovery_probe,tolerance_hit_rate,0.020833333333333332,higher,True,48,2.0,False
17,naive_time_sync,timestamp_jitter_020ms,sim_clock_lag_recovery_v1,primary_physiology_response_lag_s,ridge_recovery_probe,spearman,-0.13717313083544524,higher,True,48,2.0,False
17,naive_time_sync,timestamp_jitter_050ms,sim_clock_lag_recovery_v1,relative_clock_offset_magnitude_s,ridge_recovery_probe,mae_s,1.182002689068516,lower,True,48,0.5,False
17,naive_time_sync,timestamp_jitter_050ms,sim_clock_lag_recovery_v1,relative_clock_offset_magnitude_s,ridge_recovery_probe,rmse_s,1.1901101280130268,lower,True,48,0.5,False
17,naive_time_sync,timestamp_jitter_050ms,sim_clock_lag_recovery_v1,relative_clock_offset_magnitude_s,ridge_recovery_probe,tolerance_hit_rate,0.0,higher,True,48,0.5,False
17,naive_time_sync,timestamp_jitter_050ms,sim_clock_lag_recovery_v1,relative_clock_offset_magnitude_s,ridge_recovery_probe,spearman,,higher,False,48,0.5,False
17,naive_time_sync,timestamp_jitter_050ms,sim_clock_lag_recovery_v1,primary_physiology_response_lag_s,ridge_recovery_probe,mae_s,7.313281268639713,lower,True,48,2.0,False
17,naive_time_sync,timestamp_jitter_050ms,sim_clock_lag_recovery_v1,primary_physiology_response_lag_s,ridge_recovery_probe,rmse_s,8.692892067135388,lower,True,48,2.0,False
17,naive_time_sync,timestamp_jitter_050ms,sim_clock_lag_recovery_v1,primary_physiology_response_lag_s,ridge_recovery_probe,tolerance_hit_rate,0.0,higher,True,48,2.0,False
17,naive_time_sync,timestamp_jitter_050ms,sim_clock_lag_recovery_v1,primary_physiology_response_lag_s,ridge_recovery_probe,spearman,-0.13586046929635007,higher,True,48,2.0,False
17,naive_time_sync,timestamp_jitter_100ms,sim_clock_lag_recovery_v1,relative_clock_offset_magnitude_s,ridge_recovery_probe,mae_s,1.2649144589280088,lower,True,48,0.5,False
17,naive_time_sync,timestamp_jitter_100ms,sim_clock_lag_recovery_v1,relative_clock_offset_magnitude_s,ridge_recovery_probe,rmse_s,1.2729903670779055,lower,True,48,0.5,False
17,naive_time_sync,timestamp_jitter_100ms,sim_clock_lag_recovery_v1,relative_clock_offset_magnitude_s,ridge_recovery_probe,tolerance_hit_rate,0.0,higher,True,48,0.5,False
17,naive_time_sync,timestamp_jitter_100ms,sim_clock_lag_recovery_v1,relative_clock_offset_magnitude_s,ridge_recovery_probe,spearman,,higher,False,48,0.5,False
17,naive_time_sync,timestamp_jitter_100ms,sim_clock_lag_recovery_v1,primary_physiology_response_lag_s,ridge_recovery_probe,mae_s,7.624481276436001,lower,True,48,2.0,False
17,naive_time_sync,timestamp_jitter_100ms,sim_clock_lag_recovery_v1,primary_physiology_response_lag_s,ridge_recovery_probe,rmse_s,9.025754987090197,lower,True,48,2.0,False
17,naive_time_sync,timestamp_jitter_100ms,sim_clock_lag_recovery_v1,primary_physiology_response_lag_s,ridge_recovery_probe,tolerance_hit_rate,0.020833333333333332,higher,True,48,2.0,False
17,naive_time_sync,timestamp_jitter_100ms,sim_clock_lag_recovery_v1,primary_physiology_response_lag_s,ridge_recovery_probe,spearman,-0.13192248467906456,higher,True,48,2.0,False
17,naive_time_sync,clock_offset_+0.00s,sim_clock_lag_recovery_v1,relative_clock_offset_magnitude_s,ridge_recovery_probe,mae_s,0.9799133585765958,lower,True,48,0.5,False
17,naive_time_sync,clock_offset_+0.00s,sim_clock_lag_recovery_v1,relative_clock_offset_magnitude_s,ridge_recovery_probe,rmse_s,0.9897024383058284,lower,True,48,0.5,False
17,naive_time_sync,clock_offset_+0.00s,sim_clock_lag_recovery_v1,relative_clock_offset_magnitude_s,ridge_recovery_probe,tolerance_hit_rate,0.0,higher,True,48,0.5,False
17,naive_time_sync,clock_offset_+0.00s,sim_clock_lag_recovery_v1,relative_clock_offset_magnitude_s,ridge_recovery_probe,spearman,,higher,False,48,0.5,False
17,naive_time_sync,clock_offset_+0.00s,sim_clock_lag_recovery_v1,primary_physiology_response_lag_s,ridge_recovery_probe,mae_s,6.369693518443256,lower,True,48,2.0,False
17,naive_time_sync,clock_offset_+0.00s,sim_clock_lag_recovery_v1,primary_physiology_response_lag_s,ridge_recovery_probe,rmse_s,7.786453968342079,lower,True,48,2.0,False
17,naive_time_sync,clock_offset_+0.00s,sim_clock_lag_recovery_v1,primary_physiology_response_lag_s,ridge_recovery_probe,tolerance_hit_rate,0.16666666666666666,higher,True,48,2.0,False
17,naive_time_sync,clock_offset_+0.00s,sim_clock_lag_recovery_v1,primary_physiology_response_lag_s,ridge_recovery_probe,spearman,-0.12798450006177906,higher,True,48,2.0,False
17,naive_time_sync,clock_offset_-0.25s,sim_clock_lag_recovery_v1,relative_clock_offset_magnitude_s,ridge_recovery_probe,mae_s,0.7767858086153865,lower,True,48,0.5,False
17,naive_time_sync,clock_offset_-0.25s,sim_clock_lag_recovery_v1,relative_clock_offset_magnitude_s,ridge_recovery_probe,rmse_s,0.7889331046512891,lower,True,48,0.5,False
17,naive_time_sync,clock_offset_-0.25s,sim_clock_lag_recovery_v1,relative_clock_offset_magnitude_s,ridge_recovery_probe,tolerance_hit_rate,0.020833333333333332,higher,True,48,0.5,False
17,naive_time_sync,clock_offset_-0.25s,sim_clock_lag_recovery_v1,relative_clock_offset_magnitude_s,ridge_recovery_probe,spearman,,higher,False,48,0.5,False
17,naive_time_sync,clock_offset_-0.25s,sim_clock_lag_recovery_v1,primary_physiology_response_lag_s,ridge_recovery_probe,mae_s,6.6643756635619695,lower,True,48,2.0,False
17,naive_time_sync,clock_offset_-0.25s,sim_clock_lag_recovery_v1,primary_physiology_response_lag_s,ridge_recovery_probe,rmse_s,8.06092922645101,lower,True,48,2.0,False
17,naive_time_sync,clock_offset_-0.25s,sim_clock_lag_recovery_v1,primary_physiology_response_lag_s,ridge_recovery_probe,tolerance_hit_rate,0.125,higher,True,48,2.0,False
17,naive_time_sync,clock_offset_-0.25s,sim_clock_lag_recovery_v1,primary_physiology_response_lag_s,ridge_recovery_probe,spearman,-0.13323514621815974,higher,True,48,2.0,False
17,naive_time_sync,clock_offset_+0.25s,sim_clock_lag_recovery_v1,relative_clock_offset_magnitude_s,ridge_recovery_probe,mae_s,0.7756672548130155,lower,True,48,0.5,False
17,naive_time_sync,clock_offset_+0.25s,sim_clock_lag_recovery_v1,relative_clock_offset_magnitude_s,ridge_recovery_probe,rmse_s,0.787862455821465,lower,True,48,0.5,False
17,naive_time_sync,clock_offset_+0.25s,sim_clock_lag_recovery_v1,relative_clock_offset_magnitude_s,ridge_recovery_probe,tolerance_hit_rate,0.020833333333333332,higher,True,48,0.5,False
17,naive_time_sync,clock_offset_+0.25s,sim_clock_lag_recovery_v1,relative_clock_offset_magnitude_s,ridge_recovery_probe,spearman,,higher,False,48,0.5,False
17,naive_time_sync,clock_offset_+0.25s,sim_clock_lag_recovery_v1,primary_physiology_response_lag_s,ridge_recovery_probe,mae_s,6.682736611131181,lower,True,48,2.0,False
17,naive_time_sync,clock_offset_+0.25s,sim_clock_lag_recovery_v1,primary_physiology_response_lag_s,ridge_recovery_probe,rmse_s,8.074289065435723,lower,True,48,2.0,False
17,naive_time_sync,clock_offset_+0.25s,sim_clock_lag_recovery_v1,primary_physiology_response_lag_s,ridge_recovery_probe,tolerance_hit_rate,0.125,higher,True,48,2.0,False
17,naive_time_sync,clock_offset_+0.25s,sim_clock_lag_recovery_v1,primary_physiology_response_lag_s,ridge_recovery_probe,spearman,-0.1253591769835887,higher,True,48,2.0,False
17,naive_time_sync,clock_offset_-1.00s,sim_clock_lag_recovery_v1,relative_clock_offset_magnitude_s,ridge_recovery_probe,mae_s,0.11318202347805102,lower,True,48,0.5,False
17,naive_time_sync,clock_offset_-1.00s,sim_clock_lag_recovery_v1,relative_clock_offset_magnitude_s,ridge_recovery_probe,rmse_s,0.1404208013447772,lower,True,48,0.5,False
17,naive_time_sync,clock_offset_-1.00s,sim_clock_lag_recovery_v1,relative_clock_offset_magnitude_s,ridge_recovery_probe,tolerance_hit_rate,1.0,higher,True,48,0.5,False
17,naive_time_sync,clock_offset_-1.00s,sim_clock_lag_recovery_v1,relative_clock_offset_magnitude_s,ridge_recovery_probe,spearman,,higher,False,48,0.5,False
17,naive_time_sync,clock_offset_-1.00s,sim_clock_lag_recovery_v1,primary_physiology_response_lag_s,ridge_recovery_probe,mae_s,6.346471578641086,lower,True,48,2.0,False
17,naive_time_sync,clock_offset_-1.00s,sim_clock_lag_recovery_v1,primary_physiology_response_lag_s,ridge_recovery_probe,rmse_s,7.7691032531851025,lower,True,48,2.0,False
17,naive_time_sync,clock_offset_-1.00s,sim_clock_lag_recovery_v1,primary_physiology_response_lag_s,ridge_recovery_probe,tolerance_hit_rate,0.16666666666666666,higher,True,48,2.0,False
17,naive_time_sync,clock_offset_-1.00s,sim_clock_lag_recovery_v1,primary_physiology_response_lag_s,ridge_recovery_probe,spearman,-0.13389147698770731,higher,True,48,2.0,False
17,naive_time_sync,clock_offset_+1.00s,sim_clock_lag_recovery_v1,relative_clock_offset_magnitude_s,ridge_recovery_probe,mae_s,0.11262408085167408,lower,True,48,0.5,False
17,naive_time_sync,clock_offset_+1.00s,sim_clock_lag_recovery_v1,relative_clock_offset_magnitude_s,ridge_recovery_probe,rmse_s,0.14103300057134432,lower,True,48,0.5,False
17,naive_time_sync,clock_offset_+1.00s,sim_clock_lag_recovery_v1,relative_clock_offset_magnitude_s,ridge_recovery_probe,tolerance_hit_rate,1.0,higher,True,48,0.5,False
17,naive_time_sync,clock_offset_+1.00s,sim_clock_lag_recovery_v1,relative_clock_offset_magnitude_s,ridge_recovery_probe,spearman,,higher,False,48,0.5,False
17,naive_time_sync,clock_offset_+1.00s,sim_clock_lag_recovery_v1,primary_physiology_response_lag_s,ridge_recovery_probe,mae_s,6.3914707161618765,lower,True,48,2.0,False
17,naive_time_sync,clock_offset_+1.00s,sim_clock_lag_recovery_v1,primary_physiology_response_lag_s,ridge_recovery_probe,rmse_s,7.80225024690878,lower,True,48,2.0,False
17,naive_time_sync,clock_offset_+1.00s,sim_clock_lag_recovery_v1,primary_physiology_response_lag_s,ridge_recovery_probe,tolerance_hit_rate,0.16666666666666666,higher,True,48,2.0,False
17,naive_time_sync,clock_offset_+1.00s,sim_clock_lag_recovery_v1,primary_physiology_response_lag_s,ridge_recovery_probe,spearman,-0.1260155077531363,higher,True,48,2.0,False
17,naive_time_sync,clock_offset_-3.00s,sim_clock_lag_recovery_v1,relative_clock_offset_magnitude_s,ridge_recovery_probe,mae_s,2.011693031837543,lower,True,48,0.5,False
17,naive_time_sync,clock_offset_-3.00s,sim_clock_lag_recovery_v1,relative_clock_offset_magnitude_s,ridge_recovery_probe,rmse_s,2.0165033649441906,lower,True,48,0.5,False
17,naive_time_sync,clock_offset_-3.00s,sim_clock_lag_recovery_v1,relative_clock_offset_magnitude_s,ridge_recovery_probe,tolerance_hit_rate,0.0,higher,True,48,0.5,False
17,naive_time_sync,clock_offset_-3.00s,sim_clock_lag_recovery_v1,relative_clock_offset_magnitude_s,ridge_recovery_probe,spearman,,higher,False,48,0.5,False
17,naive_time_sync,clock_offset_-3.00s,sim_clock_lag_recovery_v1,primary_physiology_response_lag_s,ridge_recovery_probe,mae_s,6.303888406121085,lower,True,48,2.0,False
17,naive_time_sync,clock_offset_-3.00s,sim_clock_lag_recovery_v1,primary_physiology_response_lag_s,ridge_recovery_probe,rmse_s,7.738107650099669,lower,True,48,2.0,False
17,naive_time_sync,clock_offset_-3.00s,sim_clock_lag_recovery_v1,primary_physiology_response_lag_s,ridge_recovery_probe,tolerance_hit_rate,0.1875,higher,True,48,2.0,False
17,naive_time_sync,clock_offset_-3.00s,sim_clock_lag_recovery_v1,primary_physiology_response_lag_s,ridge_recovery_probe,spearman,-0.139142123144088,higher,True,48,2.0,False
17,naive_time_sync,clock_offset_+3.00s,sim_clock_lag_recovery_v1,relative_clock_offset_magnitude_s,ridge_recovery_probe,mae_s,2.027537313910822,lower,True,48,0.5,False
17,naive_time_sync,clock_offset_+3.00s,sim_clock_lag_recovery_v1,relative_clock_offset_magnitude_s,ridge_recovery_probe,rmse_s,2.0322931768015433,lower,True,48,0.5,False
17,naive_time_sync,clock_offset_+3.00s,sim_clock_lag_recovery_v1,relative_clock_offset_magnitude_s,ridge_recovery_probe,tolerance_hit_rate,0.0,higher,True,48,0.5,False
17,naive_time_sync,clock_offset_+3.00s,sim_clock_lag_recovery_v1,relative_clock_offset_magnitude_s,ridge_recovery_probe,spearman,,higher,False,48,0.5,False
17,naive_time_sync,clock_offset_+3.00s,sim_clock_lag_recovery_v1,primary_physiology_response_lag_s,ridge_recovery_probe,mae_s,6.44562450623845,lower,True,48,2.0,False
17,naive_time_sync,clock_offset_+3.00s,sim_clock_lag_recovery_v1,primary_physiology_response_lag_s,ridge_recovery_probe,rmse_s,7.843057209983728,lower,True,48,2.0,False
17,naive_time_sync,clock_offset_+3.00s,sim_clock_lag_recovery_v1,primary_physiology_response_lag_s,ridge_recovery_probe,tolerance_hit_rate,0.16666666666666666,higher,True,48,2.0,False
17,naive_time_sync,clock_offset_+3.00s,sim_clock_lag_recovery_v1,primary_physiology_response_lag_s,ridge_recovery_probe,spearman,-0.1214211923663032,higher,True,48,2.0,False
17,naive_time_sync,clock_drift_+000ppm,sim_clock_lag_recovery_v1,relative_clock_offset_magnitude_s,ridge_recovery_probe,mae_s,0.9799133585765958,lower,True,48,0.5,False
17,naive_time_sync,clock_drift_+000ppm,sim_clock_lag_recovery_v1,relative_clock_offset_magnitude_s,ridge_recovery_probe,rmse_s,0.9897024383058284,lower,True,48,0.5,False
17,naive_time_sync,clock_drift_+000ppm,sim_clock_lag_recovery_v1,relative_clock_offset_magnitude_s,ridge_recovery_probe,tolerance_hit_rate,0.0,higher,True,48,0.5,False
17,naive_time_sync,clock_drift_+000ppm,sim_clock_lag_recovery_v1,relative_clock_offset_magnitude_s,ridge_recovery_probe,spearman,,higher,False,48,0.5,False
17,naive_time_sync,clock_drift_+000ppm,sim_clock_lag_recovery_v1,primary_physiology_response_lag_s,ridge_recovery_probe,mae_s,6.369693518443256,lower,True,48,2.0,False
17,naive_time_sync,clock_drift_+000ppm,sim_clock_lag_recovery_v1,primary_physiology_response_lag_s,ridge_recovery_probe,rmse_s,7.786453968342079,lower,True,48,2.0,False
17,naive_time_sync,clock_drift_+000ppm,sim_clock_lag_recovery_v1,primary_physiology_response_lag_s,ridge_recovery_probe,tolerance_hit_rate,0.16666666666666666,higher,True,48,2.0,False
17,naive_time_sync,clock_drift_+000ppm,sim_clock_lag_recovery_v1,primary_physiology_response_lag_s,ridge_recovery_probe,spearman,-0.12798450006177906,higher,True,48,2.0,False
17,naive_time_sync,clock_drift_-050ppm,sim_clock_lag_recovery_v1,relative_clock_offset_magnitude_s,ridge_recovery_probe,mae_s,1.0894875262553494,lower,True,48,0.5,False
17,naive_time_sync,clock_drift_-050ppm,sim_clock_lag_recovery_v1,relative_clock_offset_magnitude_s,ridge_recovery_probe,rmse_s,1.0980978274546074,lower,True,48,0.5,False
17,naive_time_sync,clock_drift_-050ppm,sim_clock_lag_recovery_v1,relative_clock_offset_magnitude_s,ridge_recovery_probe,tolerance_hit_rate,0.0,higher,True,48,0.5,False
17,naive_time_sync,clock_drift_-050ppm,sim_clock_lag_recovery_v1,relative_clock_offset_magnitude_s,ridge_recovery_probe,spearman,,higher,False,48,0.5,False
17,naive_time_sync,clock_drift_-050ppm,sim_clock_lag_recovery_v1,primary_physiology_response_lag_s,ridge_recovery_probe,mae_s,7.063339323563724,lower,True,48,2.0,False
17,naive_time_sync,clock_drift_-050ppm,sim_clock_lag_recovery_v1,primary_physiology_response_lag_s,ridge_recovery_probe,rmse_s,8.44604378758651,lower,True,48,2.0,False
17,naive_time_sync,clock_drift_-050ppm,sim_clock_lag_recovery_v1,primary_physiology_response_lag_s,ridge_recovery_probe,tolerance_hit_rate,0.0,higher,True,48,2.0,False
17,naive_time_sync,clock_drift_-050ppm,sim_clock_lag_recovery_v1,primary_physiology_response_lag_s,ridge_recovery_probe,spearman,-0.12667183852268388,higher,True,48,2.0,False
17,naive_time_sync,clock_drift_+050ppm,sim_clock_lag_recovery_v1,relative_clock_offset_magnitude_s,ridge_recovery_probe,mae_s,1.1431127122292917,lower,True,48,0.5,False
17,naive_time_sync,clock_drift_+050ppm,sim_clock_lag_recovery_v1,relative_clock_offset_magnitude_s,ridge_recovery_probe,rmse_s,1.1514228559796584,lower,True,48,0.5,False
17,naive_time_sync,clock_drift_+050ppm,sim_clock_lag_recovery_v1,relative_clock_offset_magnitude_s,ridge_recovery_probe,tolerance_hit_rate,0.0,higher,True,48,0.5,False
17,naive_time_sync,clock_drift_+050ppm,sim_clock_lag_recovery_v1,relative_clock_offset_magnitude_s,ridge_recovery_probe,spearman,,higher,False,48,0.5,False
17,naive_time_sync,clock_drift_+050ppm,sim_clock_lag_recovery_v1,primary_physiology_response_lag_s,ridge_recovery_probe,mae_s,7.2843317744765175,lower,True,48,2.0,False
17,naive_time_sync,clock_drift_+050ppm,sim_clock_lag_recovery_v1,primary_physiology_response_lag_s,ridge_recovery_probe,rmse_s,8.669945471645084,lower,True,48,2.0,False
17,naive_time_sync,clock_drift_+050ppm,sim_clock_lag_recovery_v1,primary_physiology_response_lag_s,ridge_recovery_probe,tolerance_hit_rate,0.0,higher,True,48,2.0,False
17,naive_time_sync,clock_drift_+050ppm,sim_clock_lag_recovery_v1,primary_physiology_response_lag_s,ridge_recovery_probe,spearman,-0.12864083083132663,higher,True,48,2.0,False
17,naive_time_sync,clock_drift_-100ppm,sim_clock_lag_recovery_v1,relative_clock_offset_magnitude_s,ridge_recovery_probe,mae_s,1.0985758112122614,lower,True,48,0.5,False
17,naive_time_sync,clock_drift_-100ppm,sim_clock_lag_recovery_v1,relative_clock_offset_magnitude_s,ridge_recovery_probe,rmse_s,1.1071132584569663,lower,True,48,0.5,False
17,naive_time_sync,clock_drift_-100ppm,sim_clock_lag_recovery_v1,relative_clock_offset_magnitude_s,ridge_recovery_probe,tolerance_hit_rate,0.0,higher,True,48,0.5,False
17,naive_time_sync,clock_drift_-100ppm,sim_clock_lag_recovery_v1,relative_clock_offset_magnitude_s,ridge_recovery_probe,spearman,,higher,False,48,0.5,False
17,naive_time_sync,clock_drift_-100ppm,sim_clock_lag_recovery_v1,primary_physiology_response_lag_s,ridge_recovery_probe,mae_s,7.11070882853205,lower,True,48,2.0,False
17,naive_time_sync,clock_drift_-100ppm,sim_clock_lag_recovery_v1,primary_physiology_response_lag_s,ridge_recovery_probe,rmse_s,8.493456854034225,lower,True,48,2.0,False
17,naive_time_sync,clock_drift_-100ppm,sim_clock_lag_recovery_v1,primary_physiology_response_lag_s,ridge_recovery_probe,tolerance_hit_rate,0.0,higher,True,48,2.0,False
17,naive_time_sync,clock_drift_-100ppm,sim_clock_lag_recovery_v1,primary_physiology_response_lag_s,ridge_recovery_probe,spearman,-0.12470284621404112,higher,True,48,2.0,False
17,naive_time_sync,clock_drift_+100ppm,sim_clock_lag_recovery_v1,relative_clock_offset_magnitude_s,ridge_recovery_probe,mae_s,1.133878163062036,lower,True,48,0.5,False
17,naive_time_sync,clock_drift_+100ppm,sim_clock_lag_recovery_v1,relative_clock_offset_magnitude_s,ridge_recovery_probe,rmse_s,1.1422474865997507,lower,True,48,0.5,False
17,naive_time_sync,clock_drift_+100ppm,sim_clock_lag_recovery_v1,relative_clock_offset_magnitude_s,ridge_recovery_probe,tolerance_hit_rate,0.0,higher,True,48,0.5,False
17,naive_time_sync,clock_drift_+100ppm,sim_clock_lag_recovery_v1,relative_clock_offset_magnitude_s,ridge_recovery_probe,spearman,,higher,False,48,0.5,False
17,naive_time_sync,clock_drift_+100ppm,sim_clock_lag_recovery_v1,primary_physiology_response_lag_s,ridge_recovery_probe,mae_s,7.23675026075378,lower,True,48,2.0,False
17,naive_time_sync,clock_drift_+100ppm,sim_clock_lag_recovery_v1,primary_physiology_response_lag_s,ridge_recovery_probe,rmse_s,8.621720631888726,lower,True,48,2.0,False
17,naive_time_sync,clock_drift_+100ppm,sim_clock_lag_recovery_v1,primary_physiology_response_lag_s,ridge_recovery_probe,tolerance_hit_rate,0.0,higher,True,48,2.0,False
17,naive_time_sync,clock_drift_+100ppm,sim_clock_lag_recovery_v1,primary_physiology_response_lag_s,ridge_recovery_probe,spearman,-0.12864083083132663,higher,True,48,2.0,False
17,naive_time_sync,clock_drift_-250ppm,sim_clock_lag_recovery_v1,relative_clock_offset_magnitude_s,ridge_recovery_probe,mae_s,1.126239910100897,lower,True,48,0.5,False
17,naive_time_sync,clock_drift_-250ppm,sim_clock_lag_recovery_v1,relative_clock_offset_magnitude_s,ridge_recovery_probe,rmse_s,1.1345773817460278,lower,True,48,0.5,False
17,naive_time_sync,clock_drift_-250ppm,sim_clock_lag_recovery_v1,relative_clock_offset_magnitude_s,ridge_recovery_probe,tolerance_hit_rate,0.0,higher,True,48,0.5,False
17,naive_time_sync,clock_drift_-250ppm,sim_clock_lag_recovery_v1,relative_clock_offset_magnitude_s,ridge_recovery_probe,spearman,,higher,False,48,0.5,False
17,naive_time_sync,clock_drift_-250ppm,sim_clock_lag_recovery_v1,primary_physiology_response_lag_s,ridge_recovery_probe,mae_s,7.25522547539408,lower,True,48,2.0,False
17,naive_time_sync,clock_drift_-250ppm,sim_clock_lag_recovery_v1,primary_physiology_response_lag_s,ridge_recovery_probe,rmse_s,8.638528278071918,lower,True,48,2.0,False
17,naive_time_sync,clock_drift_-250ppm,sim_clock_lag_recovery_v1,primary_physiology_response_lag_s,ridge_recovery_probe,tolerance_hit_rate,0.0,higher,True,48,2.0,False
17,naive_time_sync,clock_drift_-250ppm,sim_clock_lag_recovery_v1,primary_physiology_response_lag_s,ridge_recovery_probe,spearman,-0.1253591769835887,higher,True,48,2.0,False
17,naive_time_sync,clock_drift_+250ppm,sim_clock_lag_recovery_v1,relative_clock_offset_magnitude_s,ridge_recovery_probe,mae_s,1.1061928387110431,lower,True,48,0.5,False
17,naive_time_sync,clock_drift_+250ppm,sim_clock_lag_recovery_v1,relative_clock_offset_magnitude_s,ridge_recovery_probe,rmse_s,1.1147653782372369,lower,True,48,0.5,False
17,naive_time_sync,clock_drift_+250ppm,sim_clock_lag_recovery_v1,relative_clock_offset_magnitude_s,ridge_recovery_probe,tolerance_hit_rate,0.0,higher,True,48,0.5,False
17,naive_time_sync,clock_drift_+250ppm,sim_clock_lag_recovery_v1,relative_clock_offset_magnitude_s,ridge_recovery_probe,spearman,,higher,False,48,0.5,False
17,naive_time_sync,clock_drift_+250ppm,sim_clock_lag_recovery_v1,primary_physiology_response_lag_s,ridge_recovery_probe,mae_s,7.092553159359444,lower,True,48,2.0,False
17,naive_time_sync,clock_drift_+250ppm,sim_clock_lag_recovery_v1,primary_physiology_response_lag_s,ridge_recovery_probe,rmse_s,8.476826043153423,lower,True,48,2.0,False
17,naive_time_sync,clock_drift_+250ppm,sim_clock_lag_recovery_v1,primary_physiology_response_lag_s,ridge_recovery_probe,tolerance_hit_rate,0.0,higher,True,48,2.0,False
17,naive_time_sync,clock_drift_+250ppm,sim_clock_lag_recovery_v1,primary_physiology_response_lag_s,ridge_recovery_probe,spearman,-0.12732816929223148,higher,True,48,2.0,False
17,naive_time_sync,random_missing_00pct,sim_clock_lag_recovery_v1,relative_clock_offset_magnitude_s,ridge_recovery_probe,mae_s,0.9799133585765958,lower,True,48,0.5,False
17,naive_time_sync,random_missing_00pct,sim_clock_lag_recovery_v1,relative_clock_offset_magnitude_s,ridge_recovery_probe,rmse_s,0.9897024383058284,lower,True,48,0.5,False
17,naive_time_sync,random_missing_00pct,sim_clock_lag_recovery_v1,relative_clock_offset_magnitude_s,ridge_recovery_probe,tolerance_hit_rate,0.0,higher,True,48,0.5,False
17,naive_time_sync,random_missing_00pct,sim_clock_lag_recovery_v1,relative_clock_offset_magnitude_s,ridge_recovery_probe,spearman,,higher,False,48,0.5,False
17,naive_time_sync,random_missing_00pct,sim_clock_lag_recovery_v1,primary_physiology_response_lag_s,ridge_recovery_probe,mae_s,6.369693518443256,lower,True,48,2.0,False
17,naive_time_sync,random_missing_00pct,sim_clock_lag_recovery_v1,primary_physiology_response_lag_s,ridge_recovery_probe,rmse_s,7.786453968342079,lower,True,48,2.0,False
17,naive_time_sync,random_missing_00pct,sim_clock_lag_recovery_v1,primary_physiology_response_lag_s,ridge_recovery_probe,tolerance_hit_rate,0.16666666666666666,higher,True,48,2.0,False
17,naive_time_sync,random_missing_00pct,sim_clock_lag_recovery_v1,primary_physiology_response_lag_s,ridge_recovery_probe,spearman,-0.12798450006177906,higher,True,48,2.0,False
17,naive_time_sync,random_missing_10pct,sim_clock_lag_recovery_v1,relative_clock_offset_magnitude_s,ridge_recovery_probe,mae_s,1.1480268680800993,lower,True,48,0.5,False
17,naive_time_sync,random_missing_10pct,sim_clock_lag_recovery_v1,relative_clock_offset_magnitude_s,ridge_recovery_probe,rmse_s,1.1572005118373723,lower,True,48,0.5,False
17,naive_time_sync,random_missing_10pct,sim_clock_lag_recovery_v1,relative_clock_offset_magnitude_s,ridge_recovery_probe,tolerance_hit_rate,0.0,higher,True,48,0.5,False
17,naive_time_sync,random_missing_10pct,sim_clock_lag_recovery_v1,relative_clock_offset_magnitude_s,ridge_recovery_probe,spearman,,higher,False,48,0.5,False
17,naive_time_sync,random_missing_10pct,sim_clock_lag_recovery_v1,primary_physiology_response_lag_s,ridge_recovery_probe,mae_s,7.1358795471622045,lower,True,48,2.0,False
17,naive_time_sync,random_missing_10pct,sim_clock_lag_recovery_v1,primary_physiology_response_lag_s,ridge_recovery_probe,rmse_s,8.534561581492376,lower,True,48,2.0,False
17,naive_time_sync,random_missing_10pct,sim_clock_lag_recovery_v1,primary_physiology_response_lag_s,ridge_recovery_probe,tolerance_hit_rate,0.020833333333333332,higher,True,48,2.0,False
17,naive_time_sync,random_missing_10pct,sim_clock_lag_recovery_v1,primary_physiology_response_lag_s,ridge_recovery_probe,spearman,-0.112232561592637,higher,True,48,2.0,False
17,naive_time_sync,random_missing_30pct,sim_clock_lag_recovery_v1,relative_clock_offset_magnitude_s,ridge_recovery_probe,mae_s,1.570714480554064,lower,True,48,0.5,False
17,naive_time_sync,random_missing_30pct,sim_clock_lag_recovery_v1,relative_clock_offset_magnitude_s,ridge_recovery_probe,rmse_s,1.5774441253605476,lower,True,48,0.5,False
17,naive_time_sync,random_missing_30pct,sim_clock_lag_recovery_v1,relative_clock_offset_magnitude_s,ridge_recovery_probe,tolerance_hit_rate,0.0,higher,True,48,0.5,False
17,naive_time_sync,random_missing_30pct,sim_clock_lag_recovery_v1,relative_clock_offset_magnitude_s,ridge_recovery_probe,spearman,,higher,False,48,0.5,False
17,naive_time_sync,random_missing_30pct,sim_clock_lag_recovery_v1,primary_physiology_response_lag_s,ridge_recovery_probe,mae_s,9.173805639906078,lower,True,48,2.0,False
17,naive_time_sync,random_missing_30pct,sim_clock_lag_recovery_v1,primary_physiology_response_lag_s,ridge_recovery_probe,rmse_s,10.703254220105313,lower,True,48,2.0,False
17,naive_time_sync,random_missing_30pct,sim_clock_lag_recovery_v1,primary_physiology_response_lag_s,ridge_recovery_probe,tolerance_hit_rate,0.125,higher,True,48,2.0,False
17,naive_time_sync,random_missing_30pct,sim_clock_lag_recovery_v1,primary_physiology_response_lag_s,ridge_recovery_probe,spearman,-0.13192248467906456,higher,True,48,2.0,False
17,naive_time_sync,random_missing_50pct,sim_clock_lag_recovery_v1,relative_clock_offset_magnitude_s,ridge_recovery_probe,mae_s,2.23417473398149,lower,True,48,0.5,False
17,naive_time_sync,random_missing_50pct,sim_clock_lag_recovery_v1,relative_clock_offset_magnitude_s,ridge_recovery_probe,rmse_s,2.2390780070584144,lower,True,48,0.5,False
17,naive_time_sync,random_missing_50pct,sim_clock_lag_recovery_v1,relative_clock_offset_magnitude_s,ridge_recovery_probe,tolerance_hit_rate,0.0,higher,True,48,0.5,False
17,naive_time_sync,random_missing_50pct,sim_clock_lag_recovery_v1,relative_clock_offset_magnitude_s,ridge_recovery_probe,spearman,,higher,False,48,0.5,False
17,naive_time_sync,random_missing_50pct,sim_clock_lag_recovery_v1,primary_physiology_response_lag_s,ridge_recovery_probe,mae_s,13.167236093639815,lower,True,48,2.0,False
17,naive_time_sync,random_missing_50pct,sim_clock_lag_recovery_v1,primary_physiology_response_lag_s,ridge_recovery_probe,rmse_s,14.324398900753431,lower,True,48,2.0,False
17,naive_time_sync,random_missing_50pct,sim_clock_lag_recovery_v1,primary_physiology_response_lag_s,ridge_recovery_probe,tolerance_hit_rate,0.0,higher,True,48,2.0,False
17,naive_time_sync,random_missing_50pct,sim_clock_lag_recovery_v1,primary_physiology_response_lag_s,ridge_recovery_probe,spearman,-0.14964341545684937,higher,True,48,2.0,False
17,naive_time_sync,contiguous_gap_00s,sim_clock_lag_recovery_v1,relative_clock_offset_magnitude_s,ridge_recovery_probe,mae_s,0.9799133585765958,lower,True,48,0.5,False
17,naive_time_sync,contiguous_gap_00s,sim_clock_lag_recovery_v1,relative_clock_offset_magnitude_s,ridge_recovery_probe,rmse_s,0.9897024383058284,lower,True,48,0.5,False
17,naive_time_sync,contiguous_gap_00s,sim_clock_lag_recovery_v1,relative_clock_offset_magnitude_s,ridge_recovery_probe,tolerance_hit_rate,0.0,higher,True,48,0.5,False
17,naive_time_sync,contiguous_gap_00s,sim_clock_lag_recovery_v1,relative_clock_offset_magnitude_s,ridge_recovery_probe,spearman,,higher,False,48,0.5,False
17,naive_time_sync,contiguous_gap_00s,sim_clock_lag_recovery_v1,primary_physiology_response_lag_s,ridge_recovery_probe,mae_s,6.369693518443256,lower,True,48,2.0,False
17,naive_time_sync,contiguous_gap_00s,sim_clock_lag_recovery_v1,primary_physiology_response_lag_s,ridge_recovery_probe,rmse_s,7.786453968342079,lower,True,48,2.0,False
17,naive_time_sync,contiguous_gap_00s,sim_clock_lag_recovery_v1,primary_physiology_response_lag_s,ridge_recovery_probe,tolerance_hit_rate,0.16666666666666666,higher,True,48,2.0,False
17,naive_time_sync,contiguous_gap_00s,sim_clock_lag_recovery_v1,primary_physiology_response_lag_s,ridge_recovery_probe,spearman,-0.12798450006177906,higher,True,48,2.0,False
17,naive_time_sync,contiguous_gap_05s,sim_clock_lag_recovery_v1,relative_clock_offset_magnitude_s,ridge_recovery_probe,mae_s,1.3126351380099852,lower,True,48,0.5,False
17,naive_time_sync,contiguous_gap_05s,sim_clock_lag_recovery_v1,relative_clock_offset_magnitude_s,ridge_recovery_probe,rmse_s,1.3257294194562192,lower,True,48,0.5,False
17,naive_time_sync,contiguous_gap_05s,sim_clock_lag_recovery_v1,relative_clock_offset_magnitude_s,ridge_recovery_probe,tolerance_hit_rate,0.0,higher,True,48,0.5,False
17,naive_time_sync,contiguous_gap_05s,sim_clock_lag_recovery_v1,relative_clock_offset_magnitude_s,ridge_recovery_probe,spearman,,higher,False,48,0.5,False
17,naive_time_sync,contiguous_gap_05s,sim_clock_lag_recovery_v1,primary_physiology_response_lag_s,ridge_recovery_probe,mae_s,7.72183712896044,lower,True,48,2.0,False
17,naive_time_sync,contiguous_gap_05s,sim_clock_lag_recovery_v1,primary_physiology_response_lag_s,ridge_recovery_probe,rmse_s,9.18527876324157,lower,True,48,2.0,False
17,naive_time_sync,contiguous_gap_05s,sim_clock_lag_recovery_v1,primary_physiology_response_lag_s,ridge_recovery_probe,tolerance_hit_rate,0.0625,higher,True,48,2.0,False
17,naive_time_sync,contiguous_gap_05s,sim_clock_lag_recovery_v1,primary_physiology_response_lag_s,ridge_recovery_probe,spearman,-0.147018092378659,higher,True,48,2.0,False
17,naive_time_sync,contiguous_gap_15s,sim_clock_lag_recovery_v1,relative_clock_offset_magnitude_s,ridge_recovery_probe,mae_s,2.645986528135836,lower,True,48,0.5,False
17,naive_time_sync,contiguous_gap_15s,sim_clock_lag_recovery_v1,relative_clock_offset_magnitude_s,ridge_recovery_probe,rmse_s,2.6751472221843846,lower,True,48,0.5,False
17,naive_time_sync,contiguous_gap_15s,sim_clock_lag_recovery_v1,relative_clock_offset_magnitude_s,ridge_recovery_probe,tolerance_hit_rate,0.0,higher,True,48,0.5,False
17,naive_time_sync,contiguous_gap_15s,sim_clock_lag_recovery_v1,relative_clock_offset_magnitude_s,ridge_recovery_probe,spearman,,higher,False,48,0.5,False
17,naive_time_sync,contiguous_gap_15s,sim_clock_lag_recovery_v1,primary_physiology_response_lag_s,ridge_recovery_probe,mae_s,14.666352648496115,lower,True,48,2.0,False
17,naive_time_sync,contiguous_gap_15s,sim_clock_lag_recovery_v1,primary_physiology_response_lag_s,ridge_recovery_probe,rmse_s,15.862976752304201,lower,True,48,2.0,False
17,naive_time_sync,contiguous_gap_15s,sim_clock_lag_recovery_v1,primary_physiology_response_lag_s,ridge_recovery_probe,tolerance_hit_rate,0.0,higher,True,48,2.0,False
17,naive_time_sync,contiguous_gap_15s,sim_clock_lag_recovery_v1,primary_physiology_response_lag_s,ridge_recovery_probe,spearman,-0.22380879241572643,higher,True,48,2.0,False
17,naive_time_sync,contiguous_gap_30s,sim_clock_lag_recovery_v1,relative_clock_offset_magnitude_s,ridge_recovery_probe,mae_s,4.540576392474274,lower,True,48,0.5,False
17,naive_time_sync,contiguous_gap_30s,sim_clock_lag_recovery_v1,relative_clock_offset_magnitude_s,ridge_recovery_probe,rmse_s,4.6404377217930834,lower,True,48,0.5,False
17,naive_time_sync,contiguous_gap_30s,sim_clock_lag_recovery_v1,relative_clock_offset_magnitude_s,ridge_recovery_probe,tolerance_hit_rate,0.0,higher,True,48,0.5,False
17,naive_time_sync,contiguous_gap_30s,sim_clock_lag_recovery_v1,relative_clock_offset_magnitude_s,ridge_recovery_probe,spearman,,higher,False,48,0.5,False
17,naive_time_sync,contiguous_gap_30s,sim_clock_lag_recovery_v1,primary_physiology_response_lag_s,ridge_recovery_probe,mae_s,25.66714651282577,lower,True,48,2.0,False
17,naive_time_sync,contiguous_gap_30s,sim_clock_lag_recovery_v1,primary_physiology_response_lag_s,ridge_recovery_probe,rmse_s,26.62926324387907,lower,True,48,2.0,False
17,naive_time_sync,contiguous_gap_30s,sim_clock_lag_recovery_v1,primary_physiology_response_lag_s,ridge_recovery_probe,tolerance_hit_rate,0.0,higher,True,48,2.0,False
17,naive_time_sync,contiguous_gap_30s,sim_clock_lag_recovery_v1,primary_physiology_response_lag_s,ridge_recovery_probe,spearman,0.031503876938284076,higher,True,48,2.0,False
17,naive_time_sync,physiology_lag_02s,sim_clock_lag_recovery_v1,relative_clock_offset_magnitude_s,ridge_recovery_probe,mae_s,0.9752501382802924,lower,True,48,0.5,False
17,naive_time_sync,physiology_lag_02s,sim_clock_lag_recovery_v1,relative_clock_offset_magnitude_s,ridge_recovery_probe,rmse_s,0.985106288078938,lower,True,48,0.5,False
17,naive_time_sync,physiology_lag_02s,sim_clock_lag_recovery_v1,relative_clock_offset_magnitude_s,ridge_recovery_probe,tolerance_hit_rate,0.0,higher,True,48,0.5,False
17,naive_time_sync,physiology_lag_02s,sim_clock_lag_recovery_v1,relative_clock_offset_magnitude_s,ridge_recovery_probe,spearman,,higher,False,48,0.5,False
17,naive_time_sync,physiology_lag_02s,sim_clock_lag_recovery_v1,primary_physiology_response_lag_s,ridge_recovery_probe,mae_s,5.076907183509904,lower,True,48,2.0,False
17,naive_time_sync,physiology_lag_02s,sim_clock_lag_recovery_v1,primary_physiology_response_lag_s,ridge_recovery_probe,rmse_s,6.587859864721067,lower,True,48,2.0,False
17,naive_time_sync,physiology_lag_02s,sim_clock_lag_recovery_v1,primary_physiology_response_lag_s,ridge_recovery_probe,tolerance_hit_rate,0.375,higher,True,48,2.0,False
17,naive_time_sync,physiology_lag_02s,sim_clock_lag_recovery_v1,primary_physiology_response_lag_s,ridge_recovery_probe,spearman,-0.1214211923663032,higher,True,48,2.0,False
17,naive_time_sync,physiology_lag_05s,sim_clock_lag_recovery_v1,relative_clock_offset_magnitude_s,ridge_recovery_probe,mae_s,0.9676413436730703,lower,True,48,0.5,False
17,naive_time_sync,physiology_lag_05s,sim_clock_lag_recovery_v1,relative_clock_offset_magnitude_s,ridge_recovery_probe,rmse_s,0.9775490955576873,lower,True,48,0.5,False
17,naive_time_sync,physiology_lag_05s,sim_clock_lag_recovery_v1,relative_clock_offset_magnitude_s,ridge_recovery_probe,tolerance_hit_rate,0.0,higher,True,48,0.5,False
17,naive_time_sync,physiology_lag_05s,sim_clock_lag_recovery_v1,relative_clock_offset_magnitude_s,ridge_recovery_probe,spearman,,higher,False,48,0.5,False
17,naive_time_sync,physiology_lag_05s,sim_clock_lag_recovery_v1,primary_physiology_response_lag_s,ridge_recovery_probe,mae_s,4.705706025892802,lower,True,48,2.0,False
17,naive_time_sync,physiology_lag_05s,sim_clock_lag_recovery_v1,primary_physiology_response_lag_s,ridge_recovery_probe,rmse_s,5.600691095584243,lower,True,48,2.0,False
17,naive_time_sync,physiology_lag_05s,sim_clock_lag_recovery_v1,primary_physiology_response_lag_s,ridge_recovery_probe,tolerance_hit_rate,0.22916666666666666,higher,True,48,2.0,False
17,naive_time_sync,physiology_lag_05s,sim_clock_lag_recovery_v1,primary_physiology_response_lag_s,ridge_recovery_probe,spearman,-0.11485788467082736,higher,True,48,2.0,False
17,naive_time_sync,physiology_lag_15s,sim_clock_lag_recovery_v1,relative_clock_offset_magnitude_s,ridge_recovery_probe,mae_s,0.9618795787294706,lower,True,48,0.5,False
17,naive_time_sync,physiology_lag_15s,sim_clock_lag_recovery_v1,relative_clock_offset_magnitude_s,ridge_recovery_probe,rmse_s,0.97179657582713,lower,True,48,0.5,False
17,naive_time_sync,physiology_lag_15s,sim_clock_lag_recovery_v1,relative_clock_offset_magnitude_s,ridge_recovery_probe,tolerance_hit_rate,0.0,higher,True,48,0.5,False
17,naive_time_sync,physiology_lag_15s,sim_clock_lag_recovery_v1,relative_clock_offset_magnitude_s,ridge_recovery_probe,spearman,,higher,False,48,0.5,False
17,naive_time_sync,physiology_lag_15s,sim_clock_lag_recovery_v1,primary_physiology_response_lag_s,ridge_recovery_probe,mae_s,8.926946680784736,lower,True,48,2.0,False
17,naive_time_sync,physiology_lag_15s,sim_clock_lag_recovery_v1,primary_physiology_response_lag_s,ridge_recovery_probe,rmse_s,10.458267643949798,lower,True,48,2.0,False
17,naive_time_sync,physiology_lag_15s,sim_clock_lag_recovery_v1,primary_physiology_response_lag_s,ridge_recovery_probe,tolerance_hit_rate,0.14583333333333334,higher,True,48,2.0,False
17,naive_time_sync,physiology_lag_15s,sim_clock_lag_recovery_v1,primary_physiology_response_lag_s,ridge_recovery_probe,spearman,-0.10763824620580394,higher,True,48,2.0,False
17,naive_time_sync,physiology_lag_30s,sim_clock_lag_recovery_v1,relative_clock_offset_magnitude_s,ridge_recovery_probe,mae_s,1.0085973758250475,lower,True,48,0.5,False
17,naive_time_sync,physiology_lag_30s,sim_clock_lag_recovery_v1,relative_clock_offset_magnitude_s,ridge_recovery_probe,rmse_s,1.0169685711071628,lower,True,48,0.5,False
17,naive_time_sync,physiology_lag_30s,sim_clock_lag_recovery_v1,relative_clock_offset_magnitude_s,ridge_recovery_probe,tolerance_hit_rate,0.0,higher,True,48,0.5,False
17,naive_time_sync,physiology_lag_30s,sim_clock_lag_recovery_v1,relative_clock_offset_magnitude_s,ridge_recovery_probe,spearman,,higher,False,48,0.5,False
17,naive_time_sync,physiology_lag_30s,sim_clock_lag_recovery_v1,primary_physiology_response_lag_s,ridge_recovery_probe,mae_s,23.162998041550832,lower,True,48,2.0,False
17,naive_time_sync,physiology_lag_30s,sim_clock_lag_recovery_v1,primary_physiology_response_lag_s,ridge_recovery_probe,rmse_s,23.785586046385898,lower,True,48,2.0,False
17,naive_time_sync,physiology_lag_30s,sim_clock_lag_recovery_v1,primary_physiology_response_lag_s,ridge_recovery_probe,tolerance_hit_rate,0.0,higher,True,48,2.0,False
17,naive_time_sync,physiology_lag_30s,sim_clock_lag_recovery_v1,primary_physiology_response_lag_s,ridge_recovery_probe,spearman,-0.10763824620580394,higher,True,48,2.0,False
17,naive_time_sync,observation_snr_30db,sim_clock_lag_recovery_v1,relative_clock_offset_magnitude_s,ridge_recovery_probe,mae_s,0.9799133585765958,lower,True,48,0.5,False
17,naive_time_sync,observation_snr_30db,sim_clock_lag_recovery_v1,relative_clock_offset_magnitude_s,ridge_recovery_probe,rmse_s,0.9897024383058284,lower,True,48,0.5,False
17,naive_time_sync,observation_snr_30db,sim_clock_lag_recovery_v1,relative_clock_offset_magnitude_s,ridge_recovery_probe,tolerance_hit_rate,0.0,higher,True,48,0.5,False
17,naive_time_sync,observation_snr_30db,sim_clock_lag_recovery_v1,relative_clock_offset_magnitude_s,ridge_recovery_probe,spearman,,higher,False,48,0.5,False
17,naive_time_sync,observation_snr_30db,sim_clock_lag_recovery_v1,primary_physiology_response_lag_s,ridge_recovery_probe,mae_s,6.369693518443256,lower,True,48,2.0,False
17,naive_time_sync,observation_snr_30db,sim_clock_lag_recovery_v1,primary_physiology_response_lag_s,ridge_recovery_probe,rmse_s,7.786453968342079,lower,True,48,2.0,False
17,naive_time_sync,observation_snr_30db,sim_clock_lag_recovery_v1,primary_physiology_response_lag_s,ridge_recovery_probe,tolerance_hit_rate,0.16666666666666666,higher,True,48,2.0,False
17,naive_time_sync,observation_snr_30db,sim_clock_lag_recovery_v1,primary_physiology_response_lag_s,ridge_recovery_probe,spearman,-0.12798450006177906,higher,True,48,2.0,False
17,naive_time_sync,observation_snr_20db,sim_clock_lag_recovery_v1,relative_clock_offset_magnitude_s,ridge_recovery_probe,mae_s,0.9797285385429859,lower,True,48,0.5,False
17,naive_time_sync,observation_snr_20db,sim_clock_lag_recovery_v1,relative_clock_offset_magnitude_s,ridge_recovery_probe,rmse_s,0.9894210283653551,lower,True,48,0.5,False
17,naive_time_sync,observation_snr_20db,sim_clock_lag_recovery_v1,relative_clock_offset_magnitude_s,ridge_recovery_probe,tolerance_hit_rate,0.0,higher,True,48,0.5,False
17,naive_time_sync,observation_snr_20db,sim_clock_lag_recovery_v1,relative_clock_offset_magnitude_s,ridge_recovery_probe,spearman,,higher,False,48,0.5,False
17,naive_time_sync,observation_snr_20db,sim_clock_lag_recovery_v1,primary_physiology_response_lag_s,ridge_recovery_probe,mae_s,6.372174581650246,lower,True,48,2.0,False
17,naive_time_sync,observation_snr_20db,sim_clock_lag_recovery_v1,primary_physiology_response_lag_s,ridge_recovery_probe,rmse_s,7.788243643571716,lower,True,48,2.0,False
17,naive_time_sync,observation_snr_20db,sim_clock_lag_recovery_v1,primary_physiology_response_lag_s,ridge_recovery_probe,tolerance_hit_rate,0.16666666666666666,higher,True,48,2.0,False
17,naive_time_sync,observation_snr_20db,sim_clock_lag_recovery_v1,primary_physiology_response_lag_s,ridge_recovery_probe,spearman,-0.13586046929635007,higher,True,48,2.0,False
17,naive_time_sync,observation_snr_10db,sim_clock_lag_recovery_v1,relative_clock_offset_magnitude_s,ridge_recovery_probe,mae_s,0.9810263983284434,lower,True,48,0.5,False
17,naive_time_sync,observation_snr_10db,sim_clock_lag_recovery_v1,relative_clock_offset_magnitude_s,ridge_recovery_probe,rmse_s,0.990481198708254,lower,True,48,0.5,False
17,naive_time_sync,observation_snr_10db,sim_clock_lag_recovery_v1,relative_clock_offset_magnitude_s,ridge_recovery_probe,tolerance_hit_rate,0.0,higher,True,48,0.5,False
17,naive_time_sync,observation_snr_10db,sim_clock_lag_recovery_v1,relative_clock_offset_magnitude_s,ridge_recovery_probe,spearman,,higher,False,48,0.5,False
17,naive_time_sync,observation_snr_10db,sim_clock_lag_recovery_v1,primary_physiology_response_lag_s,ridge_recovery_probe,mae_s,6.387740523381382,lower,True,48,2.0,False
17,naive_time_sync,observation_snr_10db,sim_clock_lag_recovery_v1,primary_physiology_response_lag_s,ridge_recovery_probe,rmse_s,7.80510493319624,lower,True,48,2.0,False
17,naive_time_sync,observation_snr_10db,sim_clock_lag_recovery_v1,primary_physiology_response_lag_s,ridge_recovery_probe,tolerance_hit_rate,0.1875,higher,True,48,2.0,False
17,naive_time_sync,observation_snr_10db,sim_clock_lag_recovery_v1,primary_physiology_response_lag_s,ridge_recovery_probe,spearman,-0.14439276930046865,higher,True,48,2.0,False
17,naive_time_sync,observation_snr_05db,sim_clock_lag_recovery_v1,relative_clock_offset_magnitude_s,ridge_recovery_probe,mae_s,0.983135061028103,lower,True,48,0.5,False
17,naive_time_sync,observation_snr_05db,sim_clock_lag_recovery_v1,relative_clock_offset_magnitude_s,ridge_recovery_probe,rmse_s,0.9925471788456584,lower,True,48,0.5,False
17,naive_time_sync,observation_snr_05db,sim_clock_lag_recovery_v1,relative_clock_offset_magnitude_s,ridge_recovery_probe,tolerance_hit_rate,0.0,higher,True,48,0.5,False
17,naive_time_sync,observation_snr_05db,sim_clock_lag_recovery_v1,relative_clock_offset_magnitude_s,ridge_recovery_probe,spearman,,higher,False,48,0.5,False
17,naive_time_sync,observation_snr_05db,sim_clock_lag_recovery_v1,primary_physiology_response_lag_s,ridge_recovery_probe,mae_s,6.4086846021447075,lower,True,48,2.0,False
17,naive_time_sync,observation_snr_05db,sim_clock_lag_recovery_v1,primary_physiology_response_lag_s,ridge_recovery_probe,rmse_s,7.829891008649868,lower,True,48,2.0,False
17,naive_time_sync,observation_snr_05db,sim_clock_lag_recovery_v1,primary_physiology_response_lag_s,ridge_recovery_probe,tolerance_hit_rate,0.1875,higher,True,48,2.0,False
17,naive_time_sync,observation_snr_05db,sim_clock_lag_recovery_v1,primary_physiology_response_lag_s,ridge_recovery_probe,spearman,-0.15751938469142038,higher,True,48,2.0,False
17,naive_time_sync,mixed_severe,sim_clock_lag_recovery_v1,relative_clock_offset_magnitude_s,ridge_recovery_probe,mae_s,2.640908778645098,lower,True,48,0.5,False
17,naive_time_sync,mixed_severe,sim_clock_lag_recovery_v1,relative_clock_offset_magnitude_s,ridge_recovery_probe,rmse_s,2.6586708309335716,lower,True,48,0.5,False
17,naive_time_sync,mixed_severe,sim_clock_lag_recovery_v1,relative_clock_offset_magnitude_s,ridge_recovery_probe,tolerance_hit_rate,0.0,higher,True,48,0.5,False
17,naive_time_sync,mixed_severe,sim_clock_lag_recovery_v1,relative_clock_offset_magnitude_s,ridge_recovery_probe,spearman,,higher,False,48,0.5,False
17,naive_time_sync,mixed_severe,sim_clock_lag_recovery_v1,primary_physiology_response_lag_s,ridge_recovery_probe,mae_s,9.547176537581732,lower,True,48,2.0,False
17,naive_time_sync,mixed_severe,sim_clock_lag_recovery_v1,primary_physiology_response_lag_s,ridge_recovery_probe,rmse_s,11.247799490255712,lower,True,48,2.0,False
17,naive_time_sync,mixed_severe,sim_clock_lag_recovery_v1,primary_physiology_response_lag_s,ridge_recovery_probe,tolerance_hit_rate,0.125,higher,True,48,2.0,False
17,naive_time_sync,mixed_severe,sim_clock_lag_recovery_v1,primary_physiology_response_lag_s,ridge_recovery_probe,spearman,-0.22052713856798853,higher,True,48,2.0,False
17,mult,timestamp_jitter_000ms,sim_clock_lag_recovery_v1,relative_clock_offset_magnitude_s,ridge_recovery_probe,mae_s,0.5478286634509762,lower,True,48,0.5,False
17,mult,timestamp_jitter_000ms,sim_clock_lag_recovery_v1,relative_clock_offset_magnitude_s,ridge_recovery_probe,rmse_s,0.61923022870884,lower,True,48,0.5,False
17,mult,timestamp_jitter_000ms,sim_clock_lag_recovery_v1,relative_clock_offset_magnitude_s,ridge_recovery_probe,tolerance_hit_rate,0.4375,higher,True,48,0.5,False
17,mult,timestamp_jitter_000ms,sim_clock_lag_recovery_v1,relative_clock_offset_magnitude_s,ridge_recovery_probe,spearman,,higher,False,48,0.5,False
17,mult,timestamp_jitter_000ms,sim_clock_lag_recovery_v1,primary_physiology_response_lag_s,ridge_recovery_probe,mae_s,9.002222614248721,lower,True,48,2.0,False
17,mult,timestamp_jitter_000ms,sim_clock_lag_recovery_v1,primary_physiology_response_lag_s,ridge_recovery_probe,rmse_s,10.216520391960422,lower,True,48,2.0,False
17,mult,timestamp_jitter_000ms,sim_clock_lag_recovery_v1,primary_physiology_response_lag_s,ridge_recovery_probe,tolerance_hit_rate,0.10416666666666667,higher,True,48,2.0,False
17,mult,timestamp_jitter_000ms,sim_clock_lag_recovery_v1,primary_physiology_response_lag_s,ridge_recovery_probe,spearman,0.34522998478202965,higher,True,48,2.0,False
17,mult,timestamp_jitter_020ms,sim_clock_lag_recovery_v1,relative_clock_offset_magnitude_s,ridge_recovery_probe,mae_s,0.5613139510775605,lower,True,48,0.5,False
17,mult,timestamp_jitter_020ms,sim_clock_lag_recovery_v1,relative_clock_offset_magnitude_s,ridge_recovery_probe,rmse_s,0.6412016917639368,lower,True,48,0.5,False
17,mult,timestamp_jitter_020ms,sim_clock_lag_recovery_v1,relative_clock_offset_magnitude_s,ridge_recovery_probe,tolerance_hit_rate,0.4583333333333333,higher,True,48,0.5,False
17,mult,timestamp_jitter_020ms,sim_clock_lag_recovery_v1,relative_clock_offset_magnitude_s,ridge_recovery_probe,spearman,,higher,False,48,0.5,False
17,mult,timestamp_jitter_020ms,sim_clock_lag_recovery_v1,primary_physiology_response_lag_s,ridge_recovery_probe,mae_s,8.204982069493747,lower,True,48,2.0,False
17,mult,timestamp_jitter_020ms,sim_clock_lag_recovery_v1,primary_physiology_response_lag_s,ridge_recovery_probe,rmse_s,9.493067749635918,lower,True,48,2.0,False
17,mult,timestamp_jitter_020ms,sim_clock_lag_recovery_v1,primary_physiology_response_lag_s,ridge_recovery_probe,tolerance_hit_rate,0.125,higher,True,48,2.0,False
17,mult,timestamp_jitter_020ms,sim_clock_lag_recovery_v1,primary_physiology_response_lag_s,ridge_recovery_probe,spearman,0.3445736540124821,higher,True,48,2.0,False
17,mult,timestamp_jitter_050ms,sim_clock_lag_recovery_v1,relative_clock_offset_magnitude_s,ridge_recovery_probe,mae_s,0.6269379726921519,lower,True,48,0.5,False
17,mult,timestamp_jitter_050ms,sim_clock_lag_recovery_v1,relative_clock_offset_magnitude_s,ridge_recovery_probe,rmse_s,0.6983270412165546,lower,True,48,0.5,False
17,mult,timestamp_jitter_050ms,sim_clock_lag_recovery_v1,relative_clock_offset_magnitude_s,ridge_recovery_probe,tolerance_hit_rate,0.3333333333333333,higher,True,48,0.5,False
17,mult,timestamp_jitter_050ms,sim_clock_lag_recovery_v1,relative_clock_offset_magnitude_s,ridge_recovery_probe,spearman,,higher,False,48,0.5,False
17,mult,timestamp_jitter_050ms,sim_clock_lag_recovery_v1,primary_physiology_response_lag_s,ridge_recovery_probe,mae_s,8.541795014898751,lower,True,48,2.0,False
17,mult,timestamp_jitter_050ms,sim_clock_lag_recovery_v1,primary_physiology_response_lag_s,ridge_recovery_probe,rmse_s,9.825036081891847,lower,True,48,2.0,False
17,mult,timestamp_jitter_050ms,sim_clock_lag_recovery_v1,primary_physiology_response_lag_s,ridge_recovery_probe,tolerance_hit_rate,0.125,higher,True,48,2.0,False
17,mult,timestamp_jitter_050ms,sim_clock_lag_recovery_v1,primary_physiology_response_lag_s,ridge_recovery_probe,spearman,0.34982430016886273,higher,True,48,2.0,False
17,mult,timestamp_jitter_100ms,sim_clock_lag_recovery_v1,relative_clock_offset_magnitude_s,ridge_recovery_probe,mae_s,0.7009292114526033,lower,True,48,0.5,False
17,mult,timestamp_jitter_100ms,sim_clock_lag_recovery_v1,relative_clock_offset_magnitude_s,ridge_recovery_probe,rmse_s,0.768128382901682,lower,True,48,0.5,False
17,mult,timestamp_jitter_100ms,sim_clock_lag_recovery_v1,relative_clock_offset_magnitude_s,ridge_recovery_probe,tolerance_hit_rate,0.2916666666666667,higher,True,48,0.5,False
17,mult,timestamp_jitter_100ms,sim_clock_lag_recovery_v1,relative_clock_offset_magnitude_s,ridge_recovery_probe,spearman,,higher,False,48,0.5,False
17,mult,timestamp_jitter_100ms,sim_clock_lag_recovery_v1,primary_physiology_response_lag_s,ridge_recovery_probe,mae_s,8.892892928679911,lower,True,48,2.0,False
17,mult,timestamp_jitter_100ms,sim_clock_lag_recovery_v1,primary_physiology_response_lag_s,ridge_recovery_probe,rmse_s,10.183296553688125,lower,True,48,2.0,False
17,mult,timestamp_jitter_100ms,sim_clock_lag_recovery_v1,primary_physiology_response_lag_s,ridge_recovery_probe,tolerance_hit_rate,0.10416666666666667,higher,True,48,2.0,False
17,mult,timestamp_jitter_100ms,sim_clock_lag_recovery_v1,primary_physiology_response_lag_s,ridge_recovery_probe,spearman,0.3307907078519828,higher,True,48,2.0,False
17,mult,clock_offset_+0.00s,sim_clock_lag_recovery_v1,relative_clock_offset_magnitude_s,ridge_recovery_probe,mae_s,0.5478286634509762,lower,True,48,0.5,False
17,mult,clock_offset_+0.00s,sim_clock_lag_recovery_v1,relative_clock_offset_magnitude_s,ridge_recovery_probe,rmse_s,0.61923022870884,lower,True,48,0.5,False
17,mult,clock_offset_+0.00s,sim_clock_lag_recovery_v1,relative_clock_offset_magnitude_s,ridge_recovery_probe,tolerance_hit_rate,0.4375,higher,True,48,0.5,False
17,mult,clock_offset_+0.00s,sim_clock_lag_recovery_v1,relative_clock_offset_magnitude_s,ridge_recovery_probe,spearman,,higher,False,48,0.5,False
17,mult,clock_offset_+0.00s,sim_clock_lag_recovery_v1,primary_physiology_response_lag_s,ridge_recovery_probe,mae_s,9.002222614248721,lower,True,48,2.0,False
17,mult,clock_offset_+0.00s,sim_clock_lag_recovery_v1,primary_physiology_response_lag_s,ridge_recovery_probe,rmse_s,10.216520391960422,lower,True,48,2.0,False
17,mult,clock_offset_+0.00s,sim_clock_lag_recovery_v1,primary_physiology_response_lag_s,ridge_recovery_probe,tolerance_hit_rate,0.10416666666666667,higher,True,48,2.0,False
17,mult,clock_offset_+0.00s,sim_clock_lag_recovery_v1,primary_physiology_response_lag_s,ridge_recovery_probe,spearman,0.34522998478202965,higher,True,48,2.0,False
17,mult,clock_offset_-0.25s,sim_clock_lag_recovery_v1,relative_clock_offset_magnitude_s,ridge_recovery_probe,mae_s,0.3451332397138079,lower,True,48,0.5,False
17,mult,clock_offset_-0.25s,sim_clock_lag_recovery_v1,relative_clock_offset_magnitude_s,ridge_recovery_probe,rmse_s,0.4279410336842617,lower,True,48,0.5,False
17,mult,clock_offset_-0.25s,sim_clock_lag_recovery_v1,relative_clock_offset_magnitude_s,ridge_recovery_probe,tolerance_hit_rate,0.7708333333333334,higher,True,48,0.5,False
17,mult,clock_offset_-0.25s,sim_clock_lag_recovery_v1,relative_clock_offset_magnitude_s,ridge_recovery_probe,spearman,,higher,False,48,0.5,False
17,mult,clock_offset_-0.25s,sim_clock_lag_recovery_v1,primary_physiology_response_lag_s,ridge_recovery_probe,mae_s,8.777080617110062,lower,True,48,2.0,False
17,mult,clock_offset_-0.25s,sim_clock_lag_recovery_v1,primary_physiology_response_lag_s,ridge_recovery_probe,rmse_s,10.046164392580216,lower,True,48,2.0,False
17,mult,clock_offset_-0.25s,sim_clock_lag_recovery_v1,primary_physiology_response_lag_s,ridge_recovery_probe,tolerance_hit_rate,0.125,higher,True,48,2.0,False
17,mult,clock_offset_-0.25s,sim_clock_lag_recovery_v1,primary_physiology_response_lag_s,ridge_recovery_probe,spearman,0.3393230078561014,higher,True,48,2.0,False
17,mult,clock_offset_+0.25s,sim_clock_lag_recovery_v1,relative_clock_offset_magnitude_s,ridge_recovery_probe,mae_s,0.3465260984376073,lower,True,48,0.5,False
17,mult,clock_offset_+0.25s,sim_clock_lag_recovery_v1,relative_clock_offset_magnitude_s,ridge_recovery_probe,rmse_s,0.4291044149778754,lower,True,48,0.5,False
17,mult,clock_offset_+0.25s,sim_clock_lag_recovery_v1,relative_clock_offset_magnitude_s,ridge_recovery_probe,tolerance_hit_rate,0.7708333333333334,higher,True,48,0.5,False
17,mult,clock_offset_+0.25s,sim_clock_lag_recovery_v1,relative_clock_offset_magnitude_s,ridge_recovery_probe,spearman,,higher,False,48,0.5,False
17,mult,clock_offset_+0.25s,sim_clock_lag_recovery_v1,primary_physiology_response_lag_s,ridge_recovery_probe,mae_s,8.824479512135316,lower,True,48,2.0,False
17,mult,clock_offset_+0.25s,sim_clock_lag_recovery_v1,primary_physiology_response_lag_s,ridge_recovery_probe,rmse_s,10.09854191218581,lower,True,48,2.0,False
17,mult,clock_offset_+0.25s,sim_clock_lag_recovery_v1,primary_physiology_response_lag_s,ridge_recovery_probe,tolerance_hit_rate,0.125,higher,True,48,2.0,False
17,mult,clock_offset_+0.25s,sim_clock_lag_recovery_v1,primary_physiology_response_lag_s,ridge_recovery_probe,spearman,0.3340723616997207,higher,True,48,2.0,False
17,mult,clock_offset_-1.00s,sim_clock_lag_recovery_v1,relative_clock_offset_magnitude_s,ridge_recovery_probe,mae_s,0.5125462903330723,lower,True,48,0.5,False
17,mult,clock_offset_-1.00s,sim_clock_lag_recovery_v1,relative_clock_offset_magnitude_s,ridge_recovery_probe,rmse_s,0.5891150578471431,lower,True,48,0.5,False
17,mult,clock_offset_-1.00s,sim_clock_lag_recovery_v1,relative_clock_offset_magnitude_s,ridge_recovery_probe,tolerance_hit_rate,0.5416666666666666,higher,True,48,0.5,False
17,mult,clock_offset_-1.00s,sim_clock_lag_recovery_v1,relative_clock_offset_magnitude_s,ridge_recovery_probe,spearman,,higher,False,48,0.5,False
17,mult,clock_offset_-1.00s,sim_clock_lag_recovery_v1,primary_physiology_response_lag_s,ridge_recovery_probe,mae_s,8.893431262930362,lower,True,48,2.0,False
17,mult,clock_offset_-1.00s,sim_clock_lag_recovery_v1,primary_physiology_response_lag_s,ridge_recovery_probe,rmse_s,10.097473126462518,lower,True,48,2.0,False
17,mult,clock_offset_-1.00s,sim_clock_lag_recovery_v1,primary_physiology_response_lag_s,ridge_recovery_probe,tolerance_hit_rate,0.08333333333333333,higher,True,48,2.0,False
17,mult,clock_offset_-1.00s,sim_clock_lag_recovery_v1,primary_physiology_response_lag_s,ridge_recovery_probe,spearman,0.3741085386421234,higher,True,48,2.0,False
17,mult,clock_offset_+1.00s,sim_clock_lag_recovery_v1,relative_clock_offset_magnitude_s,ridge_recovery_probe,mae_s,0.5137605412552754,lower,True,48,0.5,False
17,mult,clock_offset_+1.00s,sim_clock_lag_recovery_v1,relative_clock_offset_magnitude_s,ridge_recovery_probe,rmse_s,0.5915850863912634,lower,True,48,0.5,False
17,mult,clock_offset_+1.00s,sim_clock_lag_recovery_v1,relative_clock_offset_magnitude_s,ridge_recovery_probe,tolerance_hit_rate,0.5416666666666666,higher,True,48,0.5,False
17,mult,clock_offset_+1.00s,sim_clock_lag_recovery_v1,relative_clock_offset_magnitude_s,ridge_recovery_probe,spearman,,higher,False,48,0.5,False
17,mult,clock_offset_+1.00s,sim_clock_lag_recovery_v1,primary_physiology_response_lag_s,ridge_recovery_probe,mae_s,9.11554685906582,lower,True,48,2.0,False
17,mult,clock_offset_+1.00s,sim_clock_lag_recovery_v1,primary_physiology_response_lag_s,ridge_recovery_probe,rmse_s,10.338669490556477,lower,True,48,2.0,False
17,mult,clock_offset_+1.00s,sim_clock_lag_recovery_v1,primary_physiology_response_lag_s,ridge_recovery_probe,tolerance_hit_rate,0.10416666666666667,higher,True,48,2.0,False
17,mult,clock_offset_+1.00s,sim_clock_lag_recovery_v1,primary_physiology_response_lag_s,ridge_recovery_probe,spearman,0.3301343770824352,higher,True,48,2.0,False
17,mult,clock_offset_-3.00s,sim_clock_lag_recovery_v1,relative_clock_offset_magnitude_s,ridge_recovery_probe,mae_s,2.481024084923168,lower,True,48,0.5,False
17,mult,clock_offset_-3.00s,sim_clock_lag_recovery_v1,relative_clock_offset_magnitude_s,ridge_recovery_probe,rmse_s,2.5028436521588135,lower,True,48,0.5,False
17,mult,clock_offset_-3.00s,sim_clock_lag_recovery_v1,relative_clock_offset_magnitude_s,ridge_recovery_probe,tolerance_hit_rate,0.0,higher,True,48,0.5,False
17,mult,clock_offset_-3.00s,sim_clock_lag_recovery_v1,relative_clock_offset_magnitude_s,ridge_recovery_probe,spearman,,higher,False,48,0.5,False
17,mult,clock_offset_-3.00s,sim_clock_lag_recovery_v1,primary_physiology_response_lag_s,ridge_recovery_probe,mae_s,8.707372796297202,lower,True,48,2.0,False
17,mult,clock_offset_-3.00s,sim_clock_lag_recovery_v1,primary_physiology_response_lag_s,ridge_recovery_probe,rmse_s,9.909652534330785,lower,True,48,2.0,False
17,mult,clock_offset_-3.00s,sim_clock_lag_recovery_v1,primary_physiology_response_lag_s,ridge_recovery_probe,tolerance_hit_rate,0.08333333333333333,higher,True,48,2.0,False
17,mult,clock_offset_-3.00s,sim_clock_lag_recovery_v1,primary_physiology_response_lag_s,ridge_recovery_probe,spearman,0.39904910788493153,higher,True,48,2.0,False
17,mult,clock_offset_+3.00s,sim_clock_lag_recovery_v1,relative_clock_offset_magnitude_s,ridge_recovery_probe,mae_s,2.476409717773398,lower,True,48,0.5,False
17,mult,clock_offset_+3.00s,sim_clock_lag_recovery_v1,relative_clock_offset_magnitude_s,ridge_recovery_probe,rmse_s,2.501395771773841,lower,True,48,0.5,False
17,mult,clock_offset_+3.00s,sim_clock_lag_recovery_v1,relative_clock_offset_magnitude_s,ridge_recovery_probe,tolerance_hit_rate,0.0,higher,True,48,0.5,False
17,mult,clock_offset_+3.00s,sim_clock_lag_recovery_v1,relative_clock_offset_magnitude_s,ridge_recovery_probe,spearman,,higher,False,48,0.5,False
17,mult,clock_offset_+3.00s,sim_clock_lag_recovery_v1,primary_physiology_response_lag_s,ridge_recovery_probe,mae_s,9.34031006868693,lower,True,48,2.0,False
17,mult,clock_offset_+3.00s,sim_clock_lag_recovery_v1,primary_physiology_response_lag_s,ridge_recovery_probe,rmse_s,10.604866201303068,lower,True,48,2.0,False
17,mult,clock_offset_+3.00s,sim_clock_lag_recovery_v1,primary_physiology_response_lag_s,ridge_recovery_probe,tolerance_hit_rate,0.125,higher,True,48,2.0,False
17,mult,clock_offset_+3.00s,sim_clock_lag_recovery_v1,primary_physiology_response_lag_s,ridge_recovery_probe,spearman,0.2979741693746036,higher,True,48,2.0,False
17,mult,clock_drift_+000ppm,sim_clock_lag_recovery_v1,relative_clock_offset_magnitude_s,ridge_recovery_probe,mae_s,0.5478286634509762,lower,True,48,0.5,False
17,mult,clock_drift_+000ppm,sim_clock_lag_recovery_v1,relative_clock_offset_magnitude_s,ridge_recovery_probe,rmse_s,0.61923022870884,lower,True,48,0.5,False
17,mult,clock_drift_+000ppm,sim_clock_lag_recovery_v1,relative_clock_offset_magnitude_s,ridge_recovery_probe,tolerance_hit_rate,0.4375,higher,True,48,0.5,False
17,mult,clock_drift_+000ppm,sim_clock_lag_recovery_v1,relative_clock_offset_magnitude_s,ridge_recovery_probe,spearman,,higher,False,48,0.5,False
17,mult,clock_drift_+000ppm,sim_clock_lag_recovery_v1,primary_physiology_response_lag_s,ridge_recovery_probe,mae_s,9.002222614248721,lower,True,48,2.0,False
17,mult,clock_drift_+000ppm,sim_clock_lag_recovery_v1,primary_physiology_response_lag_s,ridge_recovery_probe,rmse_s,10.216520391960422,lower,True,48,2.0,False
17,mult,clock_drift_+000ppm,sim_clock_lag_recovery_v1,primary_physiology_response_lag_s,ridge_recovery_probe,tolerance_hit_rate,0.10416666666666667,higher,True,48,2.0,False
17,mult,clock_drift_+000ppm,sim_clock_lag_recovery_v1,primary_physiology_response_lag_s,ridge_recovery_probe,spearman,0.34522998478202965,higher,True,48,2.0,False
17,mult,clock_drift_-050ppm,sim_clock_lag_recovery_v1,relative_clock_offset_magnitude_s,ridge_recovery_probe,mae_s,0.5357397006203731,lower,True,48,0.5,False
17,mult,clock_drift_-050ppm,sim_clock_lag_recovery_v1,relative_clock_offset_magnitude_s,ridge_recovery_probe,rmse_s,0.6251466869860403,lower,True,48,0.5,False
17,mult,clock_drift_-050ppm,sim_clock_lag_recovery_v1,relative_clock_offset_magnitude_s,ridge_recovery_probe,tolerance_hit_rate,0.4375,higher,True,48,0.5,False
17,mult,clock_drift_-050ppm,sim_clock_lag_recovery_v1,relative_clock_offset_magnitude_s,ridge_recovery_probe,spearman,,higher,False,48,0.5,False
17,mult,clock_drift_-050ppm,sim_clock_lag_recovery_v1,primary_physiology_response_lag_s,ridge_recovery_probe,mae_s,8.896141774217416,lower,True,48,2.0,False
17,mult,clock_drift_-050ppm,sim_clock_lag_recovery_v1,primary_physiology_response_lag_s,ridge_recovery_probe,rmse_s,10.158890166881301,lower,True,48,2.0,False
17,mult,clock_drift_-050ppm,sim_clock_lag_recovery_v1,primary_physiology_response_lag_s,ridge_recovery_probe,tolerance_hit_rate,0.10416666666666667,higher,True,48,2.0,False
17,mult,clock_drift_-050ppm,sim_clock_lag_recovery_v1,primary_physiology_response_lag_s,ridge_recovery_probe,spearman,0.3439173232429345,higher,True,48,2.0,False
17,mult,clock_drift_+050ppm,sim_clock_lag_recovery_v1,relative_clock_offset_magnitude_s,ridge_recovery_probe,mae_s,0.5773682203143835,lower,True,48,0.5,False
17,mult,clock_drift_+050ppm,sim_clock_lag_recovery_v1,relative_clock_offset_magnitude_s,ridge_recovery_probe,rmse_s,0.6589051083667191,lower,True,48,0.5,False
17,mult,clock_drift_+050ppm,sim_clock_lag_recovery_v1,relative_clock_offset_magnitude_s,ridge_recovery_probe,tolerance_hit_rate,0.4166666666666667,higher,True,48,0.5,False
17,mult,clock_drift_+050ppm,sim_clock_lag_recovery_v1,relative_clock_offset_magnitude_s,ridge_recovery_probe,spearman,,higher,False,48,0.5,False
17,mult,clock_drift_+050ppm,sim_clock_lag_recovery_v1,primary_physiology_response_lag_s,ridge_recovery_probe,mae_s,9.231441906849673,lower,True,48,2.0,False
17,mult,clock_drift_+050ppm,sim_clock_lag_recovery_v1,primary_physiology_response_lag_s,ridge_recovery_probe,rmse_s,10.47083280513523,lower,True,48,2.0,False
17,mult,clock_drift_+050ppm,sim_clock_lag_recovery_v1,primary_physiology_response_lag_s,ridge_recovery_probe,tolerance_hit_rate,0.08333333333333333,higher,True,48,2.0,False
17,mult,clock_drift_+050ppm,sim_clock_lag_recovery_v1,primary_physiology_response_lag_s,ridge_recovery_probe,spearman,0.3281653847737924,higher,True,48,2.0,False
17,mult,clock_drift_-100ppm,sim_clock_lag_recovery_v1,relative_clock_offset_magnitude_s,ridge_recovery_probe,mae_s,0.5403578169643879,lower,True,48,0.5,False
17,mult,clock_drift_-100ppm,sim_clock_lag_recovery_v1,relative_clock_offset_magnitude_s,ridge_recovery_probe,rmse_s,0.6295652191163074,lower,True,48,0.5,False
17,mult,clock_drift_-100ppm,sim_clock_lag_recovery_v1,relative_clock_offset_magnitude_s,ridge_recovery_probe,tolerance_hit_rate,0.4375,higher,True,48,0.5,False
17,mult,clock_drift_-100ppm,sim_clock_lag_recovery_v1,relative_clock_offset_magnitude_s,ridge_recovery_probe,spearman,,higher,False,48,0.5,False
17,mult,clock_drift_-100ppm,sim_clock_lag_recovery_v1,primary_physiology_response_lag_s,ridge_recovery_probe,mae_s,8.929090486725299,lower,True,48,2.0,False
17,mult,clock_drift_-100ppm,sim_clock_lag_recovery_v1,primary_physiology_response_lag_s,ridge_recovery_probe,rmse_s,10.189481881778178,lower,True,48,2.0,False
17,mult,clock_drift_-100ppm,sim_clock_lag_recovery_v1,primary_physiology_response_lag_s,ridge_recovery_probe,tolerance_hit_rate,0.10416666666666667,higher,True,48,2.0,False
17,mult,clock_drift_-100ppm,sim_clock_lag_recovery_v1,primary_physiology_response_lag_s,ridge_recovery_probe,spearman,0.3439173232429345,higher,True,48,2.0,False
17,mult,clock_drift_+100ppm,sim_clock_lag_recovery_v1,relative_clock_offset_magnitude_s,ridge_recovery_probe,mae_s,0.5724782065177957,lower,True,48,0.5,False
17,mult,clock_drift_+100ppm,sim_clock_lag_recovery_v1,relative_clock_offset_magnitude_s,ridge_recovery_probe,rmse_s,0.6544173109020728,lower,True,48,0.5,False
17,mult,clock_drift_+100ppm,sim_clock_lag_recovery_v1,relative_clock_offset_magnitude_s,ridge_recovery_probe,tolerance_hit_rate,0.4166666666666667,higher,True,48,0.5,False
17,mult,clock_drift_+100ppm,sim_clock_lag_recovery_v1,relative_clock_offset_magnitude_s,ridge_recovery_probe,spearman,,higher,False,48,0.5,False
17,mult,clock_drift_+100ppm,sim_clock_lag_recovery_v1,primary_physiology_response_lag_s,ridge_recovery_probe,mae_s,9.19936803158137,lower,True,48,2.0,False
17,mult,clock_drift_+100ppm,sim_clock_lag_recovery_v1,primary_physiology_response_lag_s,ridge_recovery_probe,rmse_s,10.440882555104075,lower,True,48,2.0,False
17,mult,clock_drift_+100ppm,sim_clock_lag_recovery_v1,primary_physiology_response_lag_s,ridge_recovery_probe,tolerance_hit_rate,0.08333333333333333,higher,True,48,2.0,False
17,mult,clock_drift_+100ppm,sim_clock_lag_recovery_v1,primary_physiology_response_lag_s,ridge_recovery_probe,spearman,0.3281653847737924,higher,True,48,2.0,False
17,mult,clock_drift_-250ppm,sim_clock_lag_recovery_v1,relative_clock_offset_magnitude_s,ridge_recovery_probe,mae_s,0.5542663674180707,lower,True,48,0.5,False
17,mult,clock_drift_-250ppm,sim_clock_lag_recovery_v1,relative_clock_offset_magnitude_s,ridge_recovery_probe,rmse_s,0.6428081619496723,lower,True,48,0.5,False
17,mult,clock_drift_-250ppm,sim_clock_lag_recovery_v1,relative_clock_offset_magnitude_s,ridge_recovery_probe,tolerance_hit_rate,0.4375,higher,True,48,0.5,False
17,mult,clock_drift_-250ppm,sim_clock_lag_recovery_v1,relative_clock_offset_magnitude_s,ridge_recovery_probe,spearman,,higher,False,48,0.5,False
17,mult,clock_drift_-250ppm,sim_clock_lag_recovery_v1,primary_physiology_response_lag_s,ridge_recovery_probe,mae_s,9.027100187301764,lower,True,48,2.0,False
17,mult,clock_drift_-250ppm,sim_clock_lag_recovery_v1,primary_physiology_response_lag_s,ridge_recovery_probe,rmse_s,10.280620214359473,lower,True,48,2.0,False
17,mult,clock_drift_-250ppm,sim_clock_lag_recovery_v1,primary_physiology_response_lag_s,ridge_recovery_probe,tolerance_hit_rate,0.10416666666666667,higher,True,48,2.0,False
17,mult,clock_drift_-250ppm,sim_clock_lag_recovery_v1,primary_physiology_response_lag_s,ridge_recovery_probe,spearman,0.34522998478202965,higher,True,48,2.0,False
17,mult,clock_drift_+250ppm,sim_clock_lag_recovery_v1,relative_clock_offset_magnitude_s,ridge_recovery_probe,mae_s,0.5577596056585511,lower,True,48,0.5,False
17,mult,clock_drift_+250ppm,sim_clock_lag_recovery_v1,relative_clock_offset_magnitude_s,ridge_recovery_probe,rmse_s,0.6409246894542154,lower,True,48,0.5,False
17,mult,clock_drift_+250ppm,sim_clock_lag_recovery_v1,relative_clock_offset_magnitude_s,ridge_recovery_probe,tolerance_hit_rate,0.4166666666666667,higher,True,48,0.5,False
17,mult,clock_drift_+250ppm,sim_clock_lag_recovery_v1,relative_clock_offset_magnitude_s,ridge_recovery_probe,spearman,,higher,False,48,0.5,False
17,mult,clock_drift_+250ppm,sim_clock_lag_recovery_v1,primary_physiology_response_lag_s,ridge_recovery_probe,mae_s,9.102344996492196,lower,True,48,2.0,False
17,mult,clock_drift_+250ppm,sim_clock_lag_recovery_v1,primary_physiology_response_lag_s,ridge_recovery_probe,rmse_s,10.350414037797266,lower,True,48,2.0,False
17,mult,clock_drift_+250ppm,sim_clock_lag_recovery_v1,primary_physiology_response_lag_s,ridge_recovery_probe,tolerance_hit_rate,0.10416666666666667,higher,True,48,2.0,False
17,mult,clock_drift_+250ppm,sim_clock_lag_recovery_v1,primary_physiology_response_lag_s,ridge_recovery_probe,spearman,0.3301343770824352,higher,True,48,2.0,False
17,mult,random_missing_00pct,sim_clock_lag_recovery_v1,relative_clock_offset_magnitude_s,ridge_recovery_probe,mae_s,0.5478286634509762,lower,True,48,0.5,False
17,mult,random_missing_00pct,sim_clock_lag_recovery_v1,relative_clock_offset_magnitude_s,ridge_recovery_probe,rmse_s,0.61923022870884,lower,True,48,0.5,False
17,mult,random_missing_00pct,sim_clock_lag_recovery_v1,relative_clock_offset_magnitude_s,ridge_recovery_probe,tolerance_hit_rate,0.4375,higher,True,48,0.5,False
17,mult,random_missing_00pct,sim_clock_lag_recovery_v1,relative_clock_offset_magnitude_s,ridge_recovery_probe,spearman,,higher,False,48,0.5,False
17,mult,random_missing_00pct,sim_clock_lag_recovery_v1,primary_physiology_response_lag_s,ridge_recovery_probe,mae_s,9.002222614248721,lower,True,48,2.0,False
17,mult,random_missing_00pct,sim_clock_lag_recovery_v1,primary_physiology_response_lag_s,ridge_recovery_probe,rmse_s,10.216520391960422,lower,True,48,2.0,False
17,mult,random_missing_00pct,sim_clock_lag_recovery_v1,primary_physiology_response_lag_s,ridge_recovery_probe,tolerance_hit_rate,0.10416666666666667,higher,True,48,2.0,False
17,mult,random_missing_00pct,sim_clock_lag_recovery_v1,primary_physiology_response_lag_s,ridge_recovery_probe,spearman,0.34522998478202965,higher,True,48,2.0,False
17,mult,random_missing_10pct,sim_clock_lag_recovery_v1,relative_clock_offset_magnitude_s,ridge_recovery_probe,mae_s,0.6674605191995701,lower,True,48,0.5,False
17,mult,random_missing_10pct,sim_clock_lag_recovery_v1,relative_clock_offset_magnitude_s,ridge_recovery_probe,rmse_s,0.7321782872300509,lower,True,48,0.5,False
17,mult,random_missing_10pct,sim_clock_lag_recovery_v1,relative_clock_offset_magnitude_s,ridge_recovery_probe,tolerance_hit_rate,0.3333333333333333,higher,True,48,0.5,False
17,mult,random_missing_10pct,sim_clock_lag_recovery_v1,relative_clock_offset_magnitude_s,ridge_recovery_probe,spearman,,higher,False,48,0.5,False
17,mult,random_missing_10pct,sim_clock_lag_recovery_v1,primary_physiology_response_lag_s,ridge_recovery_probe,mae_s,9.720143002033362,lower,True,48,2.0,False
17,mult,random_missing_10pct,sim_clock_lag_recovery_v1,primary_physiology_response_lag_s,ridge_recovery_probe,rmse_s,10.878197242885234,lower,True,48,2.0,False
17,mult,random_missing_10pct,sim_clock_lag_recovery_v1,primary_physiology_response_lag_s,ridge_recovery_probe,tolerance_hit_rate,0.0625,higher,True,48,2.0,False
17,mult,random_missing_10pct,sim_clock_lag_recovery_v1,primary_physiology_response_lag_s,ridge_recovery_probe,spearman,0.34982430016886273,higher,True,48,2.0,False
17,mult,random_missing_30pct,sim_clock_lag_recovery_v1,relative_clock_offset_magnitude_s,ridge_recovery_probe,mae_s,0.9791610424096385,lower,True,48,0.5,False
17,mult,random_missing_30pct,sim_clock_lag_recovery_v1,relative_clock_offset_magnitude_s,ridge_recovery_probe,rmse_s,1.0265169208389424,lower,True,48,0.5,False
17,mult,random_missing_30pct,sim_clock_lag_recovery_v1,relative_clock_offset_magnitude_s,ridge_recovery_probe,tolerance_hit_rate,0.0625,higher,True,48,0.5,False
17,mult,random_missing_30pct,sim_clock_lag_recovery_v1,relative_clock_offset_magnitude_s,ridge_recovery_probe,spearman,,higher,False,48,0.5,False
17,mult,random_missing_30pct,sim_clock_lag_recovery_v1,primary_physiology_response_lag_s,ridge_recovery_probe,mae_s,11.373432595490897,lower,True,48,2.0,False
17,mult,random_missing_30pct,sim_clock_lag_recovery_v1,primary_physiology_response_lag_s,ridge_recovery_probe,rmse_s,12.417765610377963,lower,True,48,2.0,False
17,mult,random_missing_30pct,sim_clock_lag_recovery_v1,primary_physiology_response_lag_s,ridge_recovery_probe,tolerance_hit_rate,0.020833333333333332,higher,True,48,2.0,False
17,mult,random_missing_30pct,sim_clock_lag_recovery_v1,primary_physiology_response_lag_s,ridge_recovery_probe,spearman,0.3301343770824352,higher,True,48,2.0,False
17,mult,random_missing_50pct,sim_clock_lag_recovery_v1,relative_clock_offset_magnitude_s,ridge_recovery_probe,mae_s,1.4783090194687247,lower,True,48,0.5,False
17,mult,random_missing_50pct,sim_clock_lag_recovery_v1,relative_clock_offset_magnitude_s,ridge_recovery_probe,rmse_s,1.5075580207872643,lower,True,48,0.5,False
17,mult,random_missing_50pct,sim_clock_lag_recovery_v1,relative_clock_offset_magnitude_s,ridge_recovery_probe,tolerance_hit_rate,0.0,higher,True,48,0.5,False
17,mult,random_missing_50pct,sim_clock_lag_recovery_v1,relative_clock_offset_magnitude_s,ridge_recovery_probe,spearman,,higher,False,48,0.5,False
17,mult,random_missing_50pct,sim_clock_lag_recovery_v1,primary_physiology_response_lag_s,ridge_recovery_probe,mae_s,13.999316721120957,lower,True,48,2.0,False
17,mult,random_missing_50pct,sim_clock_lag_recovery_v1,primary_physiology_response_lag_s,ridge_recovery_probe,rmse_s,14.920461443123319,lower,True,48,2.0,False
17,mult,random_missing_50pct,sim_clock_lag_recovery_v1,primary_physiology_response_lag_s,ridge_recovery_probe,tolerance_hit_rate,0.0,higher,True,48,2.0,False
17,mult,random_missing_50pct,sim_clock_lag_recovery_v1,primary_physiology_response_lag_s,ridge_recovery_probe,spearman,0.23759173857622573,higher,True,48,2.0,False
17,mult,contiguous_gap_00s,sim_clock_lag_recovery_v1,relative_clock_offset_magnitude_s,ridge_recovery_probe,mae_s,0.5478286634509762,lower,True,48,0.5,False
17,mult,contiguous_gap_00s,sim_clock_lag_recovery_v1,relative_clock_offset_magnitude_s,ridge_recovery_probe,rmse_s,0.61923022870884,lower,True,48,0.5,False
17,mult,contiguous_gap_00s,sim_clock_lag_recovery_v1,relative_clock_offset_magnitude_s,ridge_recovery_probe,tolerance_hit_rate,0.4375,higher,True,48,0.5,False
17,mult,contiguous_gap_00s,sim_clock_lag_recovery_v1,relative_clock_offset_magnitude_s,ridge_recovery_probe,spearman,,higher,False,48,0.5,False
17,mult,contiguous_gap_00s,sim_clock_lag_recovery_v1,primary_physiology_response_lag_s,ridge_recovery_probe,mae_s,9.002222614248721,lower,True,48,2.0,False
17,mult,contiguous_gap_00s,sim_clock_lag_recovery_v1,primary_physiology_response_lag_s,ridge_recovery_probe,rmse_s,10.216520391960422,lower,True,48,2.0,False
17,mult,contiguous_gap_00s,sim_clock_lag_recovery_v1,primary_physiology_response_lag_s,ridge_recovery_probe,tolerance_hit_rate,0.10416666666666667,higher,True,48,2.0,False
17,mult,contiguous_gap_00s,sim_clock_lag_recovery_v1,primary_physiology_response_lag_s,ridge_recovery_probe,spearman,0.34522998478202965,higher,True,48,2.0,False
17,mult,contiguous_gap_05s,sim_clock_lag_recovery_v1,relative_clock_offset_magnitude_s,ridge_recovery_probe,mae_s,0.8430780392761031,lower,True,48,0.5,False
17,mult,contiguous_gap_05s,sim_clock_lag_recovery_v1,relative_clock_offset_magnitude_s,ridge_recovery_probe,rmse_s,0.9107010365308427,lower,True,48,0.5,False
17,mult,contiguous_gap_05s,sim_clock_lag_recovery_v1,relative_clock_offset_magnitude_s,ridge_recovery_probe,tolerance_hit_rate,0.125,higher,True,48,0.5,False
17,mult,contiguous_gap_05s,sim_clock_lag_recovery_v1,relative_clock_offset_magnitude_s,ridge_recovery_probe,spearman,,higher,False,48,0.5,False
17,mult,contiguous_gap_05s,sim_clock_lag_recovery_v1,primary_physiology_response_lag_s,ridge_recovery_probe,mae_s,10.601536521275326,lower,True,48,2.0,False
17,mult,contiguous_gap_05s,sim_clock_lag_recovery_v1,primary_physiology_response_lag_s,ridge_recovery_probe,rmse_s,11.87827165245705,lower,True,48,2.0,False
17,mult,contiguous_gap_05s,sim_clock_lag_recovery_v1,primary_physiology_response_lag_s,ridge_recovery_probe,tolerance_hit_rate,0.0625,higher,True,48,2.0,False
17,mult,contiguous_gap_05s,sim_clock_lag_recovery_v1,primary_physiology_response_lag_s,ridge_recovery_probe,spearman,0.20543153086839408,higher,True,48,2.0,False
17,mult,contiguous_gap_15s,sim_clock_lag_recovery_v1,relative_clock_offset_magnitude_s,ridge_recovery_probe,mae_s,1.9970401820416253,lower,True,48,0.5,False
17,mult,contiguous_gap_15s,sim_clock_lag_recovery_v1,relative_clock_offset_magnitude_s,ridge_recovery_probe,rmse_s,2.098174471602333,lower,True,48,0.5,False
17,mult,contiguous_gap_15s,sim_clock_lag_recovery_v1,relative_clock_offset_magnitude_s,ridge_recovery_probe,tolerance_hit_rate,0.0,higher,True,48,0.5,False
17,mult,contiguous_gap_15s,sim_clock_lag_recovery_v1,relative_clock_offset_magnitude_s,ridge_recovery_probe,spearman,,higher,False,48,0.5,False
17,mult,contiguous_gap_15s,sim_clock_lag_recovery_v1,primary_physiology_response_lag_s,ridge_recovery_probe,mae_s,16.573524409492297,lower,True,48,2.0,False
17,mult,contiguous_gap_15s,sim_clock_lag_recovery_v1,primary_physiology_response_lag_s,ridge_recovery_probe,rmse_s,17.89022679398786,lower,True,48,2.0,False
17,mult,contiguous_gap_15s,sim_clock_lag_recovery_v1,primary_physiology_response_lag_s,ridge_recovery_probe,tolerance_hit_rate,0.020833333333333332,higher,True,48,2.0,False
17,mult,contiguous_gap_15s,sim_clock_lag_recovery_v1,primary_physiology_response_lag_s,ridge_recovery_probe,spearman,0.06300775387656815,higher,True,48,2.0,False
17,mult,contiguous_gap_30s,sim_clock_lag_recovery_v1,relative_clock_offset_magnitude_s,ridge_recovery_probe,mae_s,3.573234443863233,lower,True,48,0.5,False
17,mult,contiguous_gap_30s,sim_clock_lag_recovery_v1,relative_clock_offset_magnitude_s,ridge_recovery_probe,rmse_s,3.7600164701941594,lower,True,48,0.5,False
17,mult,contiguous_gap_30s,sim_clock_lag_recovery_v1,relative_clock_offset_magnitude_s,ridge_recovery_probe,tolerance_hit_rate,0.0,higher,True,48,0.5,False
17,mult,contiguous_gap_30s,sim_clock_lag_recovery_v1,relative_clock_offset_magnitude_s,ridge_recovery_probe,spearman,,higher,False,48,0.5,False
17,mult,contiguous_gap_30s,sim_clock_lag_recovery_v1,primary_physiology_response_lag_s,ridge_recovery_probe,mae_s,24.196570032794757,lower,True,48,2.0,False
17,mult,contiguous_gap_30s,sim_clock_lag_recovery_v1,primary_physiology_response_lag_s,ridge_recovery_probe,rmse_s,25.725379988437627,lower,True,48,2.0,False
17,mult,contiguous_gap_30s,sim_clock_lag_recovery_v1,primary_physiology_response_lag_s,ridge_recovery_probe,tolerance_hit_rate,0.0,higher,True,48,2.0,False
17,mult,contiguous_gap_30s,sim_clock_lag_recovery_v1,primary_physiology_response_lag_s,ridge_recovery_probe,spearman,0.005250646156380679,higher,True,48,2.0,False
17,mult,physiology_lag_02s,sim_clock_lag_recovery_v1,relative_clock_offset_magnitude_s,ridge_recovery_probe,mae_s,0.5498429896930853,lower,True,48,0.5,False
17,mult,physiology_lag_02s,sim_clock_lag_recovery_v1,relative_clock_offset_magnitude_s,ridge_recovery_probe,rmse_s,0.6271445313354692,lower,True,48,0.5,False
17,mult,physiology_lag_02s,sim_clock_lag_recovery_v1,relative_clock_offset_magnitude_s,ridge_recovery_probe,tolerance_hit_rate,0.4583333333333333,higher,True,48,0.5,False
17,mult,physiology_lag_02s,sim_clock_lag_recovery_v1,relative_clock_offset_magnitude_s,ridge_recovery_probe,spearman,,higher,False,48,0.5,False
17,mult,physiology_lag_02s,sim_clock_lag_recovery_v1,primary_physiology_response_lag_s,ridge_recovery_probe,mae_s,7.510331637092285,lower,True,48,2.0,False
17,mult,physiology_lag_02s,sim_clock_lag_recovery_v1,primary_physiology_response_lag_s,ridge_recovery_probe,rmse_s,8.769470866420043,lower,True,48,2.0,False
17,mult,physiology_lag_02s,sim_clock_lag_recovery_v1,primary_physiology_response_lag_s,ridge_recovery_probe,tolerance_hit_rate,0.14583333333333334,higher,True,48,2.0,False
17,mult,physiology_lag_02s,sim_clock_lag_recovery_v1,primary_physiology_response_lag_s,ridge_recovery_probe,spearman,0.3183204232305787,higher,True,48,2.0,False
17,mult,physiology_lag_05s,sim_clock_lag_recovery_v1,relative_clock_offset_magnitude_s,ridge_recovery_probe,mae_s,0.5509556382894516,lower,True,48,0.5,False
17,mult,physiology_lag_05s,sim_clock_lag_recovery_v1,relative_clock_offset_magnitude_s,ridge_recovery_probe,rmse_s,0.6405658713308289,lower,True,48,0.5,False
17,mult,physiology_lag_05s,sim_clock_lag_recovery_v1,relative_clock_offset_magnitude_s,ridge_recovery_probe,tolerance_hit_rate,0.5,higher,True,48,0.5,False
17,mult,physiology_lag_05s,sim_clock_lag_recovery_v1,relative_clock_offset_magnitude_s,ridge_recovery_probe,spearman,,higher,False,48,0.5,False
17,mult,physiology_lag_05s,sim_clock_lag_recovery_v1,primary_physiology_response_lag_s,ridge_recovery_probe,mae_s,5.737287269193718,lower,True,48,2.0,False
17,mult,physiology_lag_05s,sim_clock_lag_recovery_v1,primary_physiology_response_lag_s,ridge_recovery_probe,rmse_s,6.912930196077451,lower,True,48,2.0,False
17,mult,physiology_lag_05s,sim_clock_lag_recovery_v1,primary_physiology_response_lag_s,ridge_recovery_probe,tolerance_hit_rate,0.1875,higher,True,48,2.0,False
17,mult,physiology_lag_05s,sim_clock_lag_recovery_v1,primary_physiology_response_lag_s,ridge_recovery_probe,spearman,0.21987080779844093,higher,True,48,2.0,False
17,mult,physiology_lag_15s,sim_clock_lag_recovery_v1,relative_clock_offset_magnitude_s,ridge_recovery_probe,mae_s,0.5617901136477789,lower,True,48,0.5,False
17,mult,physiology_lag_15s,sim_clock_lag_recovery_v1,relative_clock_offset_magnitude_s,ridge_recovery_probe,rmse_s,0.6801690740707628,lower,True,48,0.5,False
17,mult,physiology_lag_15s,sim_clock_lag_recovery_v1,relative_clock_offset_magnitude_s,ridge_recovery_probe,tolerance_hit_rate,0.4375,higher,True,48,0.5,False
17,mult,physiology_lag_15s,sim_clock_lag_recovery_v1,relative_clock_offset_magnitude_s,ridge_recovery_probe,spearman,,higher,False,48,0.5,False
17,mult,physiology_lag_15s,sim_clock_lag_recovery_v1,primary_physiology_response_lag_s,ridge_recovery_probe,mae_s,6.192165950559666,lower,True,48,2.0,False
17,mult,physiology_lag_15s,sim_clock_lag_recovery_v1,primary_physiology_response_lag_s,ridge_recovery_probe,rmse_s,7.413325772483034,lower,True,48,2.0,False
17,mult,physiology_lag_15s,sim_clock_lag_recovery_v1,primary_physiology_response_lag_s,ridge_recovery_probe,tolerance_hit_rate,0.14583333333333334,higher,True,48,2.0,False
17,mult,physiology_lag_15s,sim_clock_lag_recovery_v1,primary_physiology_response_lag_s,ridge_recovery_probe,spearman,0.2001808847120134,higher,True,48,2.0,False
17,mult,physiology_lag_30s,sim_clock_lag_recovery_v1,relative_clock_offset_magnitude_s,ridge_recovery_probe,mae_s,0.7793708397075534,lower,True,48,0.5,False
17,mult,physiology_lag_30s,sim_clock_lag_recovery_v1,relative_clock_offset_magnitude_s,ridge_recovery_probe,rmse_s,0.9055855388472095,lower,True,48,0.5,False
17,mult,physiology_lag_30s,sim_clock_lag_recovery_v1,relative_clock_offset_magnitude_s,ridge_recovery_probe,tolerance_hit_rate,0.3125,higher,True,48,0.5,False
17,mult,physiology_lag_30s,sim_clock_lag_recovery_v1,relative_clock_offset_magnitude_s,ridge_recovery_probe,spearman,,higher,False,48,0.5,False
17,mult,physiology_lag_30s,sim_clock_lag_recovery_v1,primary_physiology_response_lag_s,ridge_recovery_probe,mae_s,18.525949265599763,lower,True,48,2.0,False
17,mult,physiology_lag_30s,sim_clock_lag_recovery_v1,primary_physiology_response_lag_s,ridge_recovery_probe,rmse_s,19.219771101621667,lower,True,48,2.0,False
17,mult,physiology_lag_30s,sim_clock_lag_recovery_v1,primary_physiology_response_lag_s,ridge_recovery_probe,tolerance_hit_rate,0.0,higher,True,48,2.0,False
17,mult,physiology_lag_30s,sim_clock_lag_recovery_v1,primary_physiology_response_lag_s,ridge_recovery_probe,spearman,0.3183204232305787,higher,True,48,2.0,False
17,mult,observation_snr_30db,sim_clock_lag_recovery_v1,relative_clock_offset_magnitude_s,ridge_recovery_probe,mae_s,0.5478286634509762,lower,True,48,0.5,False
17,mult,observation_snr_30db,sim_clock_lag_recovery_v1,relative_clock_offset_magnitude_s,ridge_recovery_probe,rmse_s,0.61923022870884,lower,True,48,0.5,False
17,mult,observation_snr_30db,sim_clock_lag_recovery_v1,relative_clock_offset_magnitude_s,ridge_recovery_probe,tolerance_hit_rate,0.4375,higher,True,48,0.5,False
17,mult,observation_snr_30db,sim_clock_lag_recovery_v1,relative_clock_offset_magnitude_s,ridge_recovery_probe,spearman,,higher,False,48,0.5,False
17,mult,observation_snr_30db,sim_clock_lag_recovery_v1,primary_physiology_response_lag_s,ridge_recovery_probe,mae_s,9.002222614248721,lower,True,48,2.0,False
17,mult,observation_snr_30db,sim_clock_lag_recovery_v1,primary_physiology_response_lag_s,ridge_recovery_probe,rmse_s,10.216520391960422,lower,True,48,2.0,False
17,mult,observation_snr_30db,sim_clock_lag_recovery_v1,primary_physiology_response_lag_s,ridge_recovery_probe,tolerance_hit_rate,0.10416666666666667,higher,True,48,2.0,False
17,mult,observation_snr_30db,sim_clock_lag_recovery_v1,primary_physiology_response_lag_s,ridge_recovery_probe,spearman,0.34522998478202965,higher,True,48,2.0,False
17,mult,observation_snr_20db,sim_clock_lag_recovery_v1,relative_clock_offset_magnitude_s,ridge_recovery_probe,mae_s,0.5882811502863964,lower,True,48,0.5,False
17,mult,observation_snr_20db,sim_clock_lag_recovery_v1,relative_clock_offset_magnitude_s,ridge_recovery_probe,rmse_s,0.6584095044450381,lower,True,48,0.5,False
17,mult,observation_snr_20db,sim_clock_lag_recovery_v1,relative_clock_offset_magnitude_s,ridge_recovery_probe,tolerance_hit_rate,0.4166666666666667,higher,True,48,0.5,False
17,mult,observation_snr_20db,sim_clock_lag_recovery_v1,relative_clock_offset_magnitude_s,ridge_recovery_probe,spearman,,higher,False,48,0.5,False
17,mult,observation_snr_20db,sim_clock_lag_recovery_v1,primary_physiology_response_lag_s,ridge_recovery_probe,mae_s,9.091262377063561,lower,True,48,2.0,False
17,mult,observation_snr_20db,sim_clock_lag_recovery_v1,primary_physiology_response_lag_s,ridge_recovery_probe,rmse_s,10.291249096052423,lower,True,48,2.0,False
17,mult,observation_snr_20db,sim_clock_lag_recovery_v1,primary_physiology_response_lag_s,ridge_recovery_probe,tolerance_hit_rate,0.08333333333333333,higher,True,48,2.0,False
17,mult,observation_snr_20db,sim_clock_lag_recovery_v1,primary_physiology_response_lag_s,ridge_recovery_probe,spearman,0.355731277094791,higher,True,48,2.0,False
17,mult,observation_snr_10db,sim_clock_lag_recovery_v1,relative_clock_offset_magnitude_s,ridge_recovery_probe,mae_s,0.9683894359817108,lower,True,48,0.5,False
17,mult,observation_snr_10db,sim_clock_lag_recovery_v1,relative_clock_offset_magnitude_s,ridge_recovery_probe,rmse_s,1.0293477492449254,lower,True,48,0.5,False
17,mult,observation_snr_10db,sim_clock_lag_recovery_v1,relative_clock_offset_magnitude_s,ridge_recovery_probe,tolerance_hit_rate,0.0625,higher,True,48,0.5,False
17,mult,observation_snr_10db,sim_clock_lag_recovery_v1,relative_clock_offset_magnitude_s,ridge_recovery_probe,spearman,,higher,False,48,0.5,False
17,mult,observation_snr_10db,sim_clock_lag_recovery_v1,primary_physiology_response_lag_s,ridge_recovery_probe,mae_s,10.292815858085438,lower,True,48,2.0,False
17,mult,observation_snr_10db,sim_clock_lag_recovery_v1,primary_physiology_response_lag_s,ridge_recovery_probe,rmse_s,11.353143441447342,lower,True,48,2.0,False
17,mult,observation_snr_10db,sim_clock_lag_recovery_v1,primary_physiology_response_lag_s,ridge_recovery_probe,tolerance_hit_rate,0.020833333333333332,higher,True,48,2.0,False
17,mult,observation_snr_10db,sim_clock_lag_recovery_v1,primary_physiology_response_lag_s,ridge_recovery_probe,spearman,0.4042997540413123,higher,True,48,2.0,False
17,mult,observation_snr_05db,sim_clock_lag_recovery_v1,relative_clock_offset_magnitude_s,ridge_recovery_probe,mae_s,1.5584904588758945,lower,True,48,0.5,False
17,mult,observation_snr_05db,sim_clock_lag_recovery_v1,relative_clock_offset_magnitude_s,ridge_recovery_probe,rmse_s,1.6211144111827849,lower,True,48,0.5,False
17,mult,observation_snr_05db,sim_clock_lag_recovery_v1,relative_clock_offset_magnitude_s,ridge_recovery_probe,tolerance_hit_rate,0.0,higher,True,48,0.5,False
17,mult,observation_snr_05db,sim_clock_lag_recovery_v1,relative_clock_offset_magnitude_s,ridge_recovery_probe,spearman,,higher,False,48,0.5,False
17,mult,observation_snr_05db,sim_clock_lag_recovery_v1,primary_physiology_response_lag_s,ridge_recovery_probe,mae_s,12.441868766108636,lower,True,48,2.0,False
17,mult,observation_snr_05db,sim_clock_lag_recovery_v1,primary_physiology_response_lag_s,ridge_recovery_probe,rmse_s,13.324504391369983,lower,True,48,2.0,False
17,mult,observation_snr_05db,sim_clock_lag_recovery_v1,primary_physiology_response_lag_s,ridge_recovery_probe,tolerance_hit_rate,0.0,higher,True,48,2.0,False
17,mult,observation_snr_05db,sim_clock_lag_recovery_v1,primary_physiology_response_lag_s,ridge_recovery_probe,spearman,0.4482739156010005,higher,True,48,2.0,False
17,mult,mixed_severe,sim_clock_lag_recovery_v1,relative_clock_offset_magnitude_s,ridge_recovery_probe,mae_s,2.24129696842283,lower,True,48,0.5,False
17,mult,mixed_severe,sim_clock_lag_recovery_v1,relative_clock_offset_magnitude_s,ridge_recovery_probe,rmse_s,2.3888019657171777,lower,True,48,0.5,False
17,mult,mixed_severe,sim_clock_lag_recovery_v1,relative_clock_offset_magnitude_s,ridge_recovery_probe,tolerance_hit_rate,0.041666666666666664,higher,True,48,0.5,False
17,mult,mixed_severe,sim_clock_lag_recovery_v1,relative_clock_offset_magnitude_s,ridge_recovery_probe,spearman,,higher,False,48,0.5,False
17,mult,mixed_severe,sim_clock_lag_recovery_v1,primary_physiology_response_lag_s,ridge_recovery_probe,mae_s,6.590770359887735,lower,True,48,2.0,False
17,mult,mixed_severe,sim_clock_lag_recovery_v1,primary_physiology_response_lag_s,ridge_recovery_probe,rmse_s,8.195616366870283,lower,True,48,2.0,False
17,mult,mixed_severe,sim_clock_lag_recovery_v1,primary_physiology_response_lag_s,ridge_recovery_probe,tolerance_hit_rate,0.1875,higher,True,48,2.0,False
17,mult,mixed_severe,sim_clock_lag_recovery_v1,primary_physiology_response_lag_s,ridge_recovery_probe,spearman,0.2651576308972243,higher,True,48,2.0,False
17,contiformer,timestamp_jitter_000ms,sim_clock_lag_recovery_v1,relative_clock_offset_magnitude_s,ridge_recovery_probe,mae_s,1.2972004739567637,lower,True,48,0.5,False
17,contiformer,timestamp_jitter_000ms,sim_clock_lag_recovery_v1,relative_clock_offset_magnitude_s,ridge_recovery_probe,rmse_s,1.3782822995285313,lower,True,48,0.5,False
17,contiformer,timestamp_jitter_000ms,sim_clock_lag_recovery_v1,relative_clock_offset_magnitude_s,ridge_recovery_probe,tolerance_hit_rate,0.0625,higher,True,48,0.5,False
17,contiformer,timestamp_jitter_000ms,sim_clock_lag_recovery_v1,relative_clock_offset_magnitude_s,ridge_recovery_probe,spearman,,higher,False,48,0.5,False
17,contiformer,timestamp_jitter_000ms,sim_clock_lag_recovery_v1,primary_physiology_response_lag_s,ridge_recovery_probe,mae_s,7.959616294268121,lower,True,48,2.0,False
17,contiformer,timestamp_jitter_000ms,sim_clock_lag_recovery_v1,primary_physiology_response_lag_s,ridge_recovery_probe,rmse_s,9.193373759539607,lower,True,48,2.0,False
17,contiformer,timestamp_jitter_000ms,sim_clock_lag_recovery_v1,primary_physiology_response_lag_s,ridge_recovery_probe,tolerance_hit_rate,0.08333333333333333,higher,True,48,2.0,False
17,contiformer,timestamp_jitter_000ms,sim_clock_lag_recovery_v1,primary_physiology_response_lag_s,ridge_recovery_probe,spearman,0.13389147698770731,higher,True,48,2.0,False
17,contiformer,timestamp_jitter_020ms,sim_clock_lag_recovery_v1,relative_clock_offset_magnitude_s,ridge_recovery_probe,mae_s,1.2129442859441042,lower,True,48,0.5,False
17,contiformer,timestamp_jitter_020ms,sim_clock_lag_recovery_v1,relative_clock_offset_magnitude_s,ridge_recovery_probe,rmse_s,1.2994423500143812,lower,True,48,0.5,False
17,contiformer,timestamp_jitter_020ms,sim_clock_lag_recovery_v1,relative_clock_offset_magnitude_s,ridge_recovery_probe,tolerance_hit_rate,0.0625,higher,True,48,0.5,False
17,contiformer,timestamp_jitter_020ms,sim_clock_lag_recovery_v1,relative_clock_offset_magnitude_s,ridge_recovery_probe,spearman,,higher,False,48,0.5,False
17,contiformer,timestamp_jitter_020ms,sim_clock_lag_recovery_v1,primary_physiology_response_lag_s,ridge_recovery_probe,mae_s,8.545447476667865,lower,True,48,2.0,False
17,contiformer,timestamp_jitter_020ms,sim_clock_lag_recovery_v1,primary_physiology_response_lag_s,ridge_recovery_probe,rmse_s,9.660535841081195,lower,True,48,2.0,False
17,contiformer,timestamp_jitter_020ms,sim_clock_lag_recovery_v1,primary_physiology_response_lag_s,ridge_recovery_probe,tolerance_hit_rate,0.0625,higher,True,48,2.0,False
17,contiformer,timestamp_jitter_020ms,sim_clock_lag_recovery_v1,primary_physiology_response_lag_s,ridge_recovery_probe,spearman,0.17064600008237207,higher,True,48,2.0,False
17,contiformer,timestamp_jitter_050ms,sim_clock_lag_recovery_v1,relative_clock_offset_magnitude_s,ridge_recovery_probe,mae_s,1.2636689022183418,lower,True,48,0.5,False
17,contiformer,timestamp_jitter_050ms,sim_clock_lag_recovery_v1,relative_clock_offset_magnitude_s,ridge_recovery_probe,rmse_s,1.3486133345248694,lower,True,48,0.5,False
17,contiformer,timestamp_jitter_050ms,sim_clock_lag_recovery_v1,relative_clock_offset_magnitude_s,ridge_recovery_probe,tolerance_hit_rate,0.041666666666666664,higher,True,48,0.5,False
17,contiformer,timestamp_jitter_050ms,sim_clock_lag_recovery_v1,relative_clock_offset_magnitude_s,ridge_recovery_probe,spearman,,higher,False,48,0.5,False
17,contiformer,timestamp_jitter_050ms,sim_clock_lag_recovery_v1,primary_physiology_response_lag_s,ridge_recovery_probe,mae_s,8.754617400927051,lower,True,48,2.0,False
17,contiformer,timestamp_jitter_050ms,sim_clock_lag_recovery_v1,primary_physiology_response_lag_s,ridge_recovery_probe,rmse_s,9.88180363866099,lower,True,48,2.0,False
17,contiformer,timestamp_jitter_050ms,sim_clock_lag_recovery_v1,primary_physiology_response_lag_s,ridge_recovery_probe,tolerance_hit_rate,0.0625,higher,True,48,2.0,False
17,contiformer,timestamp_jitter_050ms,sim_clock_lag_recovery_v1,primary_physiology_response_lag_s,ridge_recovery_probe,spearman,0.16736434623463414,higher,True,48,2.0,False
17,contiformer,timestamp_jitter_100ms,sim_clock_lag_recovery_v1,relative_clock_offset_magnitude_s,ridge_recovery_probe,mae_s,1.341160025447607,lower,True,48,0.5,False
17,contiformer,timestamp_jitter_100ms,sim_clock_lag_recovery_v1,relative_clock_offset_magnitude_s,ridge_recovery_probe,rmse_s,1.4247789731087643,lower,True,48,0.5,False
17,contiformer,timestamp_jitter_100ms,sim_clock_lag_recovery_v1,relative_clock_offset_magnitude_s,ridge_recovery_probe,tolerance_hit_rate,0.041666666666666664,higher,True,48,0.5,False
17,contiformer,timestamp_jitter_100ms,sim_clock_lag_recovery_v1,relative_clock_offset_magnitude_s,ridge_recovery_probe,spearman,,higher,False,48,0.5,False
17,contiformer,timestamp_jitter_100ms,sim_clock_lag_recovery_v1,primary_physiology_response_lag_s,ridge_recovery_probe,mae_s,9.05932900603881,lower,True,48,2.0,False
17,contiformer,timestamp_jitter_100ms,sim_clock_lag_recovery_v1,primary_physiology_response_lag_s,ridge_recovery_probe,rmse_s,10.219553260682945,lower,True,48,2.0,False
17,contiformer,timestamp_jitter_100ms,sim_clock_lag_recovery_v1,primary_physiology_response_lag_s,ridge_recovery_probe,tolerance_hit_rate,0.08333333333333333,higher,True,48,2.0,False
17,contiformer,timestamp_jitter_100ms,sim_clock_lag_recovery_v1,primary_physiology_response_lag_s,ridge_recovery_probe,spearman,0.17130233085191968,higher,True,48,2.0,False
17,contiformer,clock_offset_+0.00s,sim_clock_lag_recovery_v1,relative_clock_offset_magnitude_s,ridge_recovery_probe,mae_s,1.2972004739567637,lower,True,48,0.5,False
17,contiformer,clock_offset_+0.00s,sim_clock_lag_recovery_v1,relative_clock_offset_magnitude_s,ridge_recovery_probe,rmse_s,1.3782822995285313,lower,True,48,0.5,False
17,contiformer,clock_offset_+0.00s,sim_clock_lag_recovery_v1,relative_clock_offset_magnitude_s,ridge_recovery_probe,tolerance_hit_rate,0.0625,higher,True,48,0.5,False
17,contiformer,clock_offset_+0.00s,sim_clock_lag_recovery_v1,relative_clock_offset_magnitude_s,ridge_recovery_probe,spearman,,higher,False,48,0.5,False
17,contiformer,clock_offset_+0.00s,sim_clock_lag_recovery_v1,primary_physiology_response_lag_s,ridge_recovery_probe,mae_s,7.959616294268121,lower,True,48,2.0,False
17,contiformer,clock_offset_+0.00s,sim_clock_lag_recovery_v1,primary_physiology_response_lag_s,ridge_recovery_probe,rmse_s,9.193373759539607,lower,True,48,2.0,False
17,contiformer,clock_offset_+0.00s,sim_clock_lag_recovery_v1,primary_physiology_response_lag_s,ridge_recovery_probe,tolerance_hit_rate,0.08333333333333333,higher,True,48,2.0,False
17,contiformer,clock_offset_+0.00s,sim_clock_lag_recovery_v1,primary_physiology_response_lag_s,ridge_recovery_probe,spearman,0.13389147698770731,higher,True,48,2.0,False
17,contiformer,clock_offset_-0.25s,sim_clock_lag_recovery_v1,relative_clock_offset_magnitude_s,ridge_recovery_probe,mae_s,0.7827106912930807,lower,True,48,0.5,False
17,contiformer,clock_offset_-0.25s,sim_clock_lag_recovery_v1,relative_clock_offset_magnitude_s,ridge_recovery_probe,rmse_s,0.9140759904096972,lower,True,48,0.5,False
17,contiformer,clock_offset_-0.25s,sim_clock_lag_recovery_v1,relative_clock_offset_magnitude_s,ridge_recovery_probe,tolerance_hit_rate,0.2708333333333333,higher,True,48,0.5,False
17,contiformer,clock_offset_-0.25s,sim_clock_lag_recovery_v1,relative_clock_offset_magnitude_s,ridge_recovery_probe,spearman,,higher,False,48,0.5,False
17,contiformer,clock_offset_-0.25s,sim_clock_lag_recovery_v1,primary_physiology_response_lag_s,ridge_recovery_probe,mae_s,7.594957565343886,lower,True,48,2.0,False
17,contiformer,clock_offset_-0.25s,sim_clock_lag_recovery_v1,primary_physiology_response_lag_s,ridge_recovery_probe,rmse_s,8.692599383204358,lower,True,48,2.0,False
17,contiformer,clock_offset_-0.25s,sim_clock_lag_recovery_v1,primary_physiology_response_lag_s,ridge_recovery_probe,tolerance_hit_rate,0.08333333333333333,higher,True,48,2.0,False
17,contiformer,clock_offset_-0.25s,sim_clock_lag_recovery_v1,primary_physiology_response_lag_s,ridge_recovery_probe,spearman,0.2507183539671774,higher,True,48,2.0,False
17,contiformer,clock_offset_+0.25s,sim_clock_lag_recovery_v1,relative_clock_offset_magnitude_s,ridge_recovery_probe,mae_s,0.7790786710878214,lower,True,48,0.5,False
17,contiformer,clock_offset_+0.25s,sim_clock_lag_recovery_v1,relative_clock_offset_magnitude_s,ridge_recovery_probe,rmse_s,0.9080982625675005,lower,True,48,0.5,False
17,contiformer,clock_offset_+0.25s,sim_clock_lag_recovery_v1,relative_clock_offset_magnitude_s,ridge_recovery_probe,tolerance_hit_rate,0.2916666666666667,higher,True,48,0.5,False
17,contiformer,clock_offset_+0.25s,sim_clock_lag_recovery_v1,relative_clock_offset_magnitude_s,ridge_recovery_probe,spearman,,higher,False,48,0.5,False
17,contiformer,clock_offset_+0.25s,sim_clock_lag_recovery_v1,primary_physiology_response_lag_s,ridge_recovery_probe,mae_s,7.599301545879359,lower,True,48,2.0,False
17,contiformer,clock_offset_+0.25s,sim_clock_lag_recovery_v1,primary_physiology_response_lag_s,ridge_recovery_probe,rmse_s,8.706987674984886,lower,True,48,2.0,False
17,contiformer,clock_offset_+0.25s,sim_clock_lag_recovery_v1,primary_physiology_response_lag_s,ridge_recovery_probe,tolerance_hit_rate,0.08333333333333333,higher,True,48,2.0,False
17,contiformer,clock_offset_+0.25s,sim_clock_lag_recovery_v1,primary_physiology_response_lag_s,ridge_recovery_probe,spearman,0.24349871550215402,higher,True,48,2.0,False
17,contiformer,clock_offset_-1.00s,sim_clock_lag_recovery_v1,relative_clock_offset_magnitude_s,ridge_recovery_probe,mae_s,0.47017843058953684,lower,True,48,0.5,False
17,contiformer,clock_offset_-1.00s,sim_clock_lag_recovery_v1,relative_clock_offset_magnitude_s,ridge_recovery_probe,rmse_s,0.561127851094286,lower,True,48,0.5,False
17,contiformer,clock_offset_-1.00s,sim_clock_lag_recovery_v1,relative_clock_offset_magnitude_s,ridge_recovery_probe,tolerance_hit_rate,0.5833333333333334,higher,True,48,0.5,False
17,contiformer,clock_offset_-1.00s,sim_clock_lag_recovery_v1,relative_clock_offset_magnitude_s,ridge_recovery_probe,spearman,,higher,False,48,0.5,False
17,contiformer,clock_offset_-1.00s,sim_clock_lag_recovery_v1,primary_physiology_response_lag_s,ridge_recovery_probe,mae_s,7.943507533037017,lower,True,48,2.0,False
17,contiformer,clock_offset_-1.00s,sim_clock_lag_recovery_v1,primary_physiology_response_lag_s,ridge_recovery_probe,rmse_s,9.136569267812071,lower,True,48,2.0,False
17,contiformer,clock_offset_-1.00s,sim_clock_lag_recovery_v1,primary_physiology_response_lag_s,ridge_recovery_probe,tolerance_hit_rate,0.08333333333333333,higher,True,48,2.0,False
17,contiformer,clock_offset_-1.00s,sim_clock_lag_recovery_v1,primary_physiology_response_lag_s,ridge_recovery_probe,spearman,0.13848579237454042,higher,True,48,2.0,False
17,contiformer,clock_offset_+1.00s,sim_clock_lag_recovery_v1,relative_clock_offset_magnitude_s,ridge_recovery_probe,mae_s,0.45734858109305304,lower,True,48,0.5,False
17,contiformer,clock_offset_+1.00s,sim_clock_lag_recovery_v1,relative_clock_offset_magnitude_s,ridge_recovery_probe,rmse_s,0.54726484696439,lower,True,48,0.5,False
17,contiformer,clock_offset_+1.00s,sim_clock_lag_recovery_v1,relative_clock_offset_magnitude_s,ridge_recovery_probe,tolerance_hit_rate,0.625,higher,True,48,0.5,False
17,contiformer,clock_offset_+1.00s,sim_clock_lag_recovery_v1,relative_clock_offset_magnitude_s,ridge_recovery_probe,spearman,,higher,False,48,0.5,False
17,contiformer,clock_offset_+1.00s,sim_clock_lag_recovery_v1,primary_physiology_response_lag_s,ridge_recovery_probe,mae_s,8.02055204983885,lower,True,48,2.0,False
17,contiformer,clock_offset_+1.00s,sim_clock_lag_recovery_v1,primary_physiology_response_lag_s,ridge_recovery_probe,rmse_s,9.255546695213813,lower,True,48,2.0,False
17,contiformer,clock_offset_+1.00s,sim_clock_lag_recovery_v1,primary_physiology_response_lag_s,ridge_recovery_probe,tolerance_hit_rate,0.08333333333333333,higher,True,48,2.0,False
17,contiformer,clock_offset_+1.00s,sim_clock_lag_recovery_v1,primary_physiology_response_lag_s,ridge_recovery_probe,spearman,0.13586046929635007,higher,True,48,2.0,False
17,contiformer,clock_offset_-3.00s,sim_clock_lag_recovery_v1,relative_clock_offset_magnitude_s,ridge_recovery_probe,mae_s,1.6666946426654856,lower,True,48,0.5,False
17,contiformer,clock_offset_-3.00s,sim_clock_lag_recovery_v1,relative_clock_offset_magnitude_s,ridge_recovery_probe,rmse_s,1.7284786380343584,lower,True,48,0.5,False
17,contiformer,clock_offset_-3.00s,sim_clock_lag_recovery_v1,relative_clock_offset_magnitude_s,ridge_recovery_probe,tolerance_hit_rate,0.0,higher,True,48,0.5,False
17,contiformer,clock_offset_-3.00s,sim_clock_lag_recovery_v1,relative_clock_offset_magnitude_s,ridge_recovery_probe,spearman,,higher,False,48,0.5,False
17,contiformer,clock_offset_-3.00s,sim_clock_lag_recovery_v1,primary_physiology_response_lag_s,ridge_recovery_probe,mae_s,7.8792689152194555,lower,True,48,2.0,False
17,contiformer,clock_offset_-3.00s,sim_clock_lag_recovery_v1,primary_physiology_response_lag_s,ridge_recovery_probe,rmse_s,9.039743369125818,lower,True,48,2.0,False
17,contiformer,clock_offset_-3.00s,sim_clock_lag_recovery_v1,primary_physiology_response_lag_s,ridge_recovery_probe,tolerance_hit_rate,0.0625,higher,True,48,2.0,False
17,contiformer,clock_offset_-3.00s,sim_clock_lag_recovery_v1,primary_physiology_response_lag_s,ridge_recovery_probe,spearman,0.1568630539218728,higher,True,48,2.0,False
17,contiformer,clock_offset_+3.00s,sim_clock_lag_recovery_v1,relative_clock_offset_magnitude_s,ridge_recovery_probe,mae_s,1.7494312177101772,lower,True,48,0.5,False
17,contiformer,clock_offset_+3.00s,sim_clock_lag_recovery_v1,relative_clock_offset_magnitude_s,ridge_recovery_probe,rmse_s,1.8064662451412266,lower,True,48,0.5,False
17,contiformer,clock_offset_+3.00s,sim_clock_lag_recovery_v1,relative_clock_offset_magnitude_s,ridge_recovery_probe,tolerance_hit_rate,0.0,higher,True,48,0.5,False
17,contiformer,clock_offset_+3.00s,sim_clock_lag_recovery_v1,relative_clock_offset_magnitude_s,ridge_recovery_probe,spearman,,higher,False,48,0.5,False
17,contiformer,clock_offset_+3.00s,sim_clock_lag_recovery_v1,primary_physiology_response_lag_s,ridge_recovery_probe,mae_s,8.07162029519474,lower,True,48,2.0,False
17,contiformer,clock_offset_+3.00s,sim_clock_lag_recovery_v1,primary_physiology_response_lag_s,ridge_recovery_probe,rmse_s,9.298757852230116,lower,True,48,2.0,False
17,contiformer,clock_offset_+3.00s,sim_clock_lag_recovery_v1,primary_physiology_response_lag_s,ridge_recovery_probe,tolerance_hit_rate,0.08333333333333333,higher,True,48,2.0,False
17,contiformer,clock_offset_+3.00s,sim_clock_lag_recovery_v1,primary_physiology_response_lag_s,ridge_recovery_probe,spearman,0.19361757701653753,higher,True,48,2.0,False
17,contiformer,clock_drift_+000ppm,sim_clock_lag_recovery_v1,relative_clock_offset_magnitude_s,ridge_recovery_probe,mae_s,1.2972004739567637,lower,True,48,0.5,False
17,contiformer,clock_drift_+000ppm,sim_clock_lag_recovery_v1,relative_clock_offset_magnitude_s,ridge_recovery_probe,rmse_s,1.3782822995285313,lower,True,48,0.5,False
17,contiformer,clock_drift_+000ppm,sim_clock_lag_recovery_v1,relative_clock_offset_magnitude_s,ridge_recovery_probe,tolerance_hit_rate,0.0625,higher,True,48,0.5,False
17,contiformer,clock_drift_+000ppm,sim_clock_lag_recovery_v1,relative_clock_offset_magnitude_s,ridge_recovery_probe,spearman,,higher,False,48,0.5,False
17,contiformer,clock_drift_+000ppm,sim_clock_lag_recovery_v1,primary_physiology_response_lag_s,ridge_recovery_probe,mae_s,7.959616294268121,lower,True,48,2.0,False
17,contiformer,clock_drift_+000ppm,sim_clock_lag_recovery_v1,primary_physiology_response_lag_s,ridge_recovery_probe,rmse_s,9.193373759539607,lower,True,48,2.0,False
17,contiformer,clock_drift_+000ppm,sim_clock_lag_recovery_v1,primary_physiology_response_lag_s,ridge_recovery_probe,tolerance_hit_rate,0.08333333333333333,higher,True,48,2.0,False
17,contiformer,clock_drift_+000ppm,sim_clock_lag_recovery_v1,primary_physiology_response_lag_s,ridge_recovery_probe,spearman,0.13389147698770731,higher,True,48,2.0,False
17,contiformer,clock_drift_-050ppm,sim_clock_lag_recovery_v1,relative_clock_offset_magnitude_s,ridge_recovery_probe,mae_s,0.9937302703037858,lower,True,48,0.5,False
17,contiformer,clock_drift_-050ppm,sim_clock_lag_recovery_v1,relative_clock_offset_magnitude_s,ridge_recovery_probe,rmse_s,1.144880474798114,lower,True,48,0.5,False
17,contiformer,clock_drift_-050ppm,sim_clock_lag_recovery_v1,relative_clock_offset_magnitude_s,ridge_recovery_probe,tolerance_hit_rate,0.22916666666666666,higher,True,48,0.5,False
17,contiformer,clock_drift_-050ppm,sim_clock_lag_recovery_v1,relative_clock_offset_magnitude_s,ridge_recovery_probe,spearman,,higher,False,48,0.5,False
17,contiformer,clock_drift_-050ppm,sim_clock_lag_recovery_v1,primary_physiology_response_lag_s,ridge_recovery_probe,mae_s,8.0936065565313,lower,True,48,2.0,False
17,contiformer,clock_drift_-050ppm,sim_clock_lag_recovery_v1,primary_physiology_response_lag_s,ridge_recovery_probe,rmse_s,9.230125610190774,lower,True,48,2.0,False
17,contiformer,clock_drift_-050ppm,sim_clock_lag_recovery_v1,primary_physiology_response_lag_s,ridge_recovery_probe,tolerance_hit_rate,0.08333333333333333,higher,True,48,2.0,False
17,contiformer,clock_drift_-050ppm,sim_clock_lag_recovery_v1,primary_physiology_response_lag_s,ridge_recovery_probe,spearman,0.24809303088898707,higher,True,48,2.0,False
17,contiformer,clock_drift_+050ppm,sim_clock_lag_recovery_v1,relative_clock_offset_magnitude_s,ridge_recovery_probe,mae_s,1.1366349595288436,lower,True,48,0.5,False
17,contiformer,clock_drift_+050ppm,sim_clock_lag_recovery_v1,relative_clock_offset_magnitude_s,ridge_recovery_probe,rmse_s,1.247880580949554,lower,True,48,0.5,False
17,contiformer,clock_drift_+050ppm,sim_clock_lag_recovery_v1,relative_clock_offset_magnitude_s,ridge_recovery_probe,tolerance_hit_rate,0.10416666666666667,higher,True,48,0.5,False
17,contiformer,clock_drift_+050ppm,sim_clock_lag_recovery_v1,relative_clock_offset_magnitude_s,ridge_recovery_probe,spearman,,higher,False,48,0.5,False
17,contiformer,clock_drift_+050ppm,sim_clock_lag_recovery_v1,primary_physiology_response_lag_s,ridge_recovery_probe,mae_s,8.134398266749093,lower,True,48,2.0,False
17,contiformer,clock_drift_+050ppm,sim_clock_lag_recovery_v1,primary_physiology_response_lag_s,ridge_recovery_probe,rmse_s,9.262654246920786,lower,True,48,2.0,False
17,contiformer,clock_drift_+050ppm,sim_clock_lag_recovery_v1,primary_physiology_response_lag_s,ridge_recovery_probe,tolerance_hit_rate,0.08333333333333333,higher,True,48,2.0,False
17,contiformer,clock_drift_+050ppm,sim_clock_lag_recovery_v1,primary_physiology_response_lag_s,ridge_recovery_probe,spearman,0.2428423847326064,higher,True,48,2.0,False
17,contiformer,clock_drift_-100ppm,sim_clock_lag_recovery_v1,relative_clock_offset_magnitude_s,ridge_recovery_probe,mae_s,1.002476639424761,lower,True,48,0.5,False
17,contiformer,clock_drift_-100ppm,sim_clock_lag_recovery_v1,relative_clock_offset_magnitude_s,ridge_recovery_probe,rmse_s,1.1530574876926305,lower,True,48,0.5,False
17,contiformer,clock_drift_-100ppm,sim_clock_lag_recovery_v1,relative_clock_offset_magnitude_s,ridge_recovery_probe,tolerance_hit_rate,0.22916666666666666,higher,True,48,0.5,False
17,contiformer,clock_drift_-100ppm,sim_clock_lag_recovery_v1,relative_clock_offset_magnitude_s,ridge_recovery_probe,spearman,,higher,False,48,0.5,False
17,contiformer,clock_drift_-100ppm,sim_clock_lag_recovery_v1,primary_physiology_response_lag_s,ridge_recovery_probe,mae_s,8.134203955607125,lower,True,48,2.0,False
17,contiformer,clock_drift_-100ppm,sim_clock_lag_recovery_v1,primary_physiology_response_lag_s,ridge_recovery_probe,rmse_s,9.272874559639888,lower,True,48,2.0,False
17,contiformer,clock_drift_-100ppm,sim_clock_lag_recovery_v1,primary_physiology_response_lag_s,ridge_recovery_probe,tolerance_hit_rate,0.08333333333333333,higher,True,48,2.0,False
17,contiformer,clock_drift_-100ppm,sim_clock_lag_recovery_v1,primary_physiology_response_lag_s,ridge_recovery_probe,spearman,0.24809303088898707,higher,True,48,2.0,False
17,contiformer,clock_drift_+100ppm,sim_clock_lag_recovery_v1,relative_clock_offset_magnitude_s,ridge_recovery_probe,mae_s,1.127383653074503,lower,True,48,0.5,False
17,contiformer,clock_drift_+100ppm,sim_clock_lag_recovery_v1,relative_clock_offset_magnitude_s,ridge_recovery_probe,rmse_s,1.2392888592657816,lower,True,48,0.5,False
17,contiformer,clock_drift_+100ppm,sim_clock_lag_recovery_v1,relative_clock_offset_magnitude_s,ridge_recovery_probe,tolerance_hit_rate,0.125,higher,True,48,0.5,False
17,contiformer,clock_drift_+100ppm,sim_clock_lag_recovery_v1,relative_clock_offset_magnitude_s,ridge_recovery_probe,spearman,,higher,False,48,0.5,False
17,contiformer,clock_drift_+100ppm,sim_clock_lag_recovery_v1,primary_physiology_response_lag_s,ridge_recovery_probe,mae_s,8.09491111345739,lower,True,48,2.0,False
17,contiformer,clock_drift_+100ppm,sim_clock_lag_recovery_v1,primary_physiology_response_lag_s,ridge_recovery_probe,rmse_s,9.220819206391399,lower,True,48,2.0,False
17,contiformer,clock_drift_+100ppm,sim_clock_lag_recovery_v1,primary_physiology_response_lag_s,ridge_recovery_probe,tolerance_hit_rate,0.0625,higher,True,48,2.0,False
17,contiformer,clock_drift_+100ppm,sim_clock_lag_recovery_v1,primary_physiology_response_lag_s,ridge_recovery_probe,spearman,0.2428423847326064,higher,True,48,2.0,False
17,contiformer,clock_drift_-250ppm,sim_clock_lag_recovery_v1,relative_clock_offset_magnitude_s,ridge_recovery_probe,mae_s,1.0287493476644158,lower,True,48,0.5,False
17,contiformer,clock_drift_-250ppm,sim_clock_lag_recovery_v1,relative_clock_offset_magnitude_s,ridge_recovery_probe,rmse_s,1.1775154154240146,lower,True,48,0.5,False
17,contiformer,clock_drift_-250ppm,sim_clock_lag_recovery_v1,relative_clock_offset_magnitude_s,ridge_recovery_probe,tolerance_hit_rate,0.20833333333333334,higher,True,48,0.5,False
17,contiformer,clock_drift_-250ppm,sim_clock_lag_recovery_v1,relative_clock_offset_magnitude_s,ridge_recovery_probe,spearman,,higher,False,48,0.5,False
17,contiformer,clock_drift_-250ppm,sim_clock_lag_recovery_v1,primary_physiology_response_lag_s,ridge_recovery_probe,mae_s,8.254988312797257,lower,True,48,2.0,False
17,contiformer,clock_drift_-250ppm,sim_clock_lag_recovery_v1,primary_physiology_response_lag_s,ridge_recovery_probe,rmse_s,9.400751354831206,lower,True,48,2.0,False
17,contiformer,clock_drift_-250ppm,sim_clock_lag_recovery_v1,primary_physiology_response_lag_s,ridge_recovery_probe,tolerance_hit_rate,0.08333333333333333,higher,True,48,2.0,False
17,contiformer,clock_drift_-250ppm,sim_clock_lag_recovery_v1,primary_physiology_response_lag_s,ridge_recovery_probe,spearman,0.24809303088898707,higher,True,48,2.0,False
17,contiformer,clock_drift_+250ppm,sim_clock_lag_recovery_v1,relative_clock_offset_magnitude_s,ridge_recovery_probe,mae_s,1.0999278376499813,lower,True,48,0.5,False
17,contiformer,clock_drift_+250ppm,sim_clock_lag_recovery_v1,relative_clock_offset_magnitude_s,ridge_recovery_probe,rmse_s,1.2133894337178561,lower,True,48,0.5,False
17,contiformer,clock_drift_+250ppm,sim_clock_lag_recovery_v1,relative_clock_offset_magnitude_s,ridge_recovery_probe,tolerance_hit_rate,0.125,higher,True,48,0.5,False
17,contiformer,clock_drift_+250ppm,sim_clock_lag_recovery_v1,relative_clock_offset_magnitude_s,ridge_recovery_probe,spearman,,higher,False,48,0.5,False
17,contiformer,clock_drift_+250ppm,sim_clock_lag_recovery_v1,primary_physiology_response_lag_s,ridge_recovery_probe,mae_s,7.975486869689335,lower,True,48,2.0,False
17,contiformer,clock_drift_+250ppm,sim_clock_lag_recovery_v1,primary_physiology_response_lag_s,ridge_recovery_probe,rmse_s,9.094975026081544,lower,True,48,2.0,False
17,contiformer,clock_drift_+250ppm,sim_clock_lag_recovery_v1,primary_physiology_response_lag_s,ridge_recovery_probe,tolerance_hit_rate,0.0625,higher,True,48,2.0,False
17,contiformer,clock_drift_+250ppm,sim_clock_lag_recovery_v1,primary_physiology_response_lag_s,ridge_recovery_probe,spearman,0.24349871550215402,higher,True,48,2.0,False
17,contiformer,random_missing_00pct,sim_clock_lag_recovery_v1,relative_clock_offset_magnitude_s,ridge_recovery_probe,mae_s,1.2972004739567637,lower,True,48,0.5,False
17,contiformer,random_missing_00pct,sim_clock_lag_recovery_v1,relative_clock_offset_magnitude_s,ridge_recovery_probe,rmse_s,1.3782822995285313,lower,True,48,0.5,False
17,contiformer,random_missing_00pct,sim_clock_lag_recovery_v1,relative_clock_offset_magnitude_s,ridge_recovery_probe,tolerance_hit_rate,0.0625,higher,True,48,0.5,False
17,contiformer,random_missing_00pct,sim_clock_lag_recovery_v1,relative_clock_offset_magnitude_s,ridge_recovery_probe,spearman,,higher,False,48,0.5,False
17,contiformer,random_missing_00pct,sim_clock_lag_recovery_v1,primary_physiology_response_lag_s,ridge_recovery_probe,mae_s,7.959616294268121,lower,True,48,2.0,False
17,contiformer,random_missing_00pct,sim_clock_lag_recovery_v1,primary_physiology_response_lag_s,ridge_recovery_probe,rmse_s,9.193373759539607,lower,True,48,2.0,False
17,contiformer,random_missing_00pct,sim_clock_lag_recovery_v1,primary_physiology_response_lag_s,ridge_recovery_probe,tolerance_hit_rate,0.08333333333333333,higher,True,48,2.0,False
17,contiformer,random_missing_00pct,sim_clock_lag_recovery_v1,primary_physiology_response_lag_s,ridge_recovery_probe,spearman,0.13389147698770731,higher,True,48,2.0,False
17,contiformer,random_missing_10pct,sim_clock_lag_recovery_v1,relative_clock_offset_magnitude_s,ridge_recovery_probe,mae_s,1.479156036240359,lower,True,48,0.5,False
17,contiformer,random_missing_10pct,sim_clock_lag_recovery_v1,relative_clock_offset_magnitude_s,ridge_recovery_probe,rmse_s,1.5518860089534308,lower,True,48,0.5,False
17,contiformer,random_missing_10pct,sim_clock_lag_recovery_v1,relative_clock_offset_magnitude_s,ridge_recovery_probe,tolerance_hit_rate,0.0,higher,True,48,0.5,False
17,contiformer,random_missing_10pct,sim_clock_lag_recovery_v1,relative_clock_offset_magnitude_s,ridge_recovery_probe,spearman,,higher,False,48,0.5,False
17,contiformer,random_missing_10pct,sim_clock_lag_recovery_v1,primary_physiology_response_lag_s,ridge_recovery_probe,mae_s,8.867464845540185,lower,True,48,2.0,False
17,contiformer,random_missing_10pct,sim_clock_lag_recovery_v1,primary_physiology_response_lag_s,ridge_recovery_probe,rmse_s,10.147669601580112,lower,True,48,2.0,False
17,contiformer,random_missing_10pct,sim_clock_lag_recovery_v1,primary_physiology_response_lag_s,ridge_recovery_probe,tolerance_hit_rate,0.08333333333333333,higher,True,48,2.0,False
17,contiformer,random_missing_10pct,sim_clock_lag_recovery_v1,primary_physiology_response_lag_s,ridge_recovery_probe,spearman,0.13586046929635007,higher,True,48,2.0,False
17,contiformer,random_missing_30pct,sim_clock_lag_recovery_v1,relative_clock_offset_magnitude_s,ridge_recovery_probe,mae_s,1.8317436883226037,lower,True,48,0.5,False
17,contiformer,random_missing_30pct,sim_clock_lag_recovery_v1,relative_clock_offset_magnitude_s,ridge_recovery_probe,rmse_s,1.8903215116531453,lower,True,48,0.5,False
17,contiformer,random_missing_30pct,sim_clock_lag_recovery_v1,relative_clock_offset_magnitude_s,ridge_recovery_probe,tolerance_hit_rate,0.0,higher,True,48,0.5,False
17,contiformer,random_missing_30pct,sim_clock_lag_recovery_v1,relative_clock_offset_magnitude_s,ridge_recovery_probe,spearman,,higher,False,48,0.5,False
17,contiformer,random_missing_30pct,sim_clock_lag_recovery_v1,primary_physiology_response_lag_s,ridge_recovery_probe,mae_s,10.836299289823346,lower,True,48,2.0,False
17,contiformer,random_missing_30pct,sim_clock_lag_recovery_v1,primary_physiology_response_lag_s,ridge_recovery_probe,rmse_s,12.161371647740593,lower,True,48,2.0,False
17,contiformer,random_missing_30pct,sim_clock_lag_recovery_v1,primary_physiology_response_lag_s,ridge_recovery_probe,tolerance_hit_rate,0.10416666666666667,higher,True,48,2.0,False
17,contiformer,random_missing_30pct,sim_clock_lag_recovery_v1,primary_physiology_response_lag_s,ridge_recovery_probe,spearman,0.18442894624287134,higher,True,48,2.0,False
17,contiformer,random_missing_50pct,sim_clock_lag_recovery_v1,relative_clock_offset_magnitude_s,ridge_recovery_probe,mae_s,2.415259465264777,lower,True,48,0.5,False
17,contiformer,random_missing_50pct,sim_clock_lag_recovery_v1,relative_clock_offset_magnitude_s,ridge_recovery_probe,rmse_s,2.4836055878550325,lower,True,48,0.5,False
17,contiformer,random_missing_50pct,sim_clock_lag_recovery_v1,relative_clock_offset_magnitude_s,ridge_recovery_probe,tolerance_hit_rate,0.0,higher,True,48,0.5,False
17,contiformer,random_missing_50pct,sim_clock_lag_recovery_v1,relative_clock_offset_magnitude_s,ridge_recovery_probe,spearman,,higher,False,48,0.5,False
17,contiformer,random_missing_50pct,sim_clock_lag_recovery_v1,primary_physiology_response_lag_s,ridge_recovery_probe,mae_s,14.58071131900895,lower,True,48,2.0,False
17,contiformer,random_missing_50pct,sim_clock_lag_recovery_v1,primary_physiology_response_lag_s,ridge_recovery_probe,rmse_s,15.77209660542026,lower,True,48,2.0,False
17,contiformer,random_missing_50pct,sim_clock_lag_recovery_v1,primary_physiology_response_lag_s,ridge_recovery_probe,tolerance_hit_rate,0.0,higher,True,48,2.0,False
17,contiformer,random_missing_50pct,sim_clock_lag_recovery_v1,primary_physiology_response_lag_s,ridge_recovery_probe,spearman,0.08007235388480535,higher,True,48,2.0,False
17,contiformer,contiguous_gap_00s,sim_clock_lag_recovery_v1,relative_clock_offset_magnitude_s,ridge_recovery_probe,mae_s,1.2972004739567637,lower,True,48,0.5,False
17,contiformer,contiguous_gap_00s,sim_clock_lag_recovery_v1,relative_clock_offset_magnitude_s,ridge_recovery_probe,rmse_s,1.3782822995285313,lower,True,48,0.5,False
17,contiformer,contiguous_gap_00s,sim_clock_lag_recovery_v1,relative_clock_offset_magnitude_s,ridge_recovery_probe,tolerance_hit_rate,0.0625,higher,True,48,0.5,False
17,contiformer,contiguous_gap_00s,sim_clock_lag_recovery_v1,relative_clock_offset_magnitude_s,ridge_recovery_probe,spearman,,higher,False,48,0.5,False
17,contiformer,contiguous_gap_00s,sim_clock_lag_recovery_v1,primary_physiology_response_lag_s,ridge_recovery_probe,mae_s,7.959616294268121,lower,True,48,2.0,False
17,contiformer,contiguous_gap_00s,sim_clock_lag_recovery_v1,primary_physiology_response_lag_s,ridge_recovery_probe,rmse_s,9.193373759539607,lower,True,48,2.0,False
17,contiformer,contiguous_gap_00s,sim_clock_lag_recovery_v1,primary_physiology_response_lag_s,ridge_recovery_probe,tolerance_hit_rate,0.08333333333333333,higher,True,48,2.0,False
17,contiformer,contiguous_gap_00s,sim_clock_lag_recovery_v1,primary_physiology_response_lag_s,ridge_recovery_probe,spearman,0.13389147698770731,higher,True,48,2.0,False
17,contiformer,contiguous_gap_05s,sim_clock_lag_recovery_v1,relative_clock_offset_magnitude_s,ridge_recovery_probe,mae_s,1.5481440657749772,lower,True,48,0.5,False
17,contiformer,contiguous_gap_05s,sim_clock_lag_recovery_v1,relative_clock_offset_magnitude_s,ridge_recovery_probe,rmse_s,1.6488276576278085,lower,True,48,0.5,False
17,contiformer,contiguous_gap_05s,sim_clock_lag_recovery_v1,relative_clock_offset_magnitude_s,ridge_recovery_probe,tolerance_hit_rate,0.041666666666666664,higher,True,48,0.5,False
17,contiformer,contiguous_gap_05s,sim_clock_lag_recovery_v1,relative_clock_offset_magnitude_s,ridge_recovery_probe,spearman,,higher,False,48,0.5,False
17,contiformer,contiguous_gap_05s,sim_clock_lag_recovery_v1,primary_physiology_response_lag_s,ridge_recovery_probe,mae_s,9.12490182415913,lower,True,48,2.0,False
17,contiformer,contiguous_gap_05s,sim_clock_lag_recovery_v1,primary_physiology_response_lag_s,ridge_recovery_probe,rmse_s,10.478479028080256,lower,True,48,2.0,False
17,contiformer,contiguous_gap_05s,sim_clock_lag_recovery_v1,primary_physiology_response_lag_s,ridge_recovery_probe,tolerance_hit_rate,0.08333333333333333,higher,True,48,2.0,False
17,contiformer,contiguous_gap_05s,sim_clock_lag_recovery_v1,primary_physiology_response_lag_s,ridge_recovery_probe,spearman,0.05381912310290197,higher,True,48,2.0,False
17,contiformer,contiguous_gap_15s,sim_clock_lag_recovery_v1,relative_clock_offset_magnitude_s,ridge_recovery_probe,mae_s,2.4538908787071705,lower,True,48,0.5,False
17,contiformer,contiguous_gap_15s,sim_clock_lag_recovery_v1,relative_clock_offset_magnitude_s,ridge_recovery_probe,rmse_s,2.5481344488337148,lower,True,48,0.5,False
17,contiformer,contiguous_gap_15s,sim_clock_lag_recovery_v1,relative_clock_offset_magnitude_s,ridge_recovery_probe,tolerance_hit_rate,0.0,higher,True,48,0.5,False
17,contiformer,contiguous_gap_15s,sim_clock_lag_recovery_v1,relative_clock_offset_magnitude_s,ridge_recovery_probe,spearman,,higher,False,48,0.5,False
17,contiformer,contiguous_gap_15s,sim_clock_lag_recovery_v1,primary_physiology_response_lag_s,ridge_recovery_probe,mae_s,13.198563994725674,lower,True,48,2.0,False
17,contiformer,contiguous_gap_15s,sim_clock_lag_recovery_v1,primary_physiology_response_lag_s,ridge_recovery_probe,rmse_s,14.715476438477838,lower,True,48,2.0,False
17,contiformer,contiguous_gap_15s,sim_clock_lag_recovery_v1,primary_physiology_response_lag_s,ridge_recovery_probe,tolerance_hit_rate,0.0625,higher,True,48,2.0,False
17,contiformer,contiguous_gap_15s,sim_clock_lag_recovery_v1,primary_physiology_response_lag_s,ridge_recovery_probe,spearman,0.0026253230781903393,higher,True,48,2.0,False
17,contiformer,contiguous_gap_30s,sim_clock_lag_recovery_v1,relative_clock_offset_magnitude_s,ridge_recovery_probe,mae_s,3.4299411810934544,lower,True,48,0.5,False
17,contiformer,contiguous_gap_30s,sim_clock_lag_recovery_v1,relative_clock_offset_magnitude_s,ridge_recovery_probe,rmse_s,3.54639873597555,lower,True,48,0.5,False
17,contiformer,contiguous_gap_30s,sim_clock_lag_recovery_v1,relative_clock_offset_magnitude_s,ridge_recovery_probe,tolerance_hit_rate,0.0,higher,True,48,0.5,False
17,contiformer,contiguous_gap_30s,sim_clock_lag_recovery_v1,relative_clock_offset_magnitude_s,ridge_recovery_probe,spearman,,higher,False,48,0.5,False
17,contiformer,contiguous_gap_30s,sim_clock_lag_recovery_v1,primary_physiology_response_lag_s,ridge_recovery_probe,mae_s,18.666665587782347,lower,True,48,2.0,False
17,contiformer,contiguous_gap_30s,sim_clock_lag_recovery_v1,primary_physiology_response_lag_s,ridge_recovery_probe,rmse_s,20.043779261561898,lower,True,48,2.0,False
17,contiformer,contiguous_gap_30s,sim_clock_lag_recovery_v1,primary_physiology_response_lag_s,ridge_recovery_probe,tolerance_hit_rate,0.020833333333333332,higher,True,48,2.0,False
17,contiformer,contiguous_gap_30s,sim_clock_lag_recovery_v1,primary_physiology_response_lag_s,ridge_recovery_probe,spearman,-0.013126615390951698,higher,True,48,2.0,False
17,contiformer,physiology_lag_02s,sim_clock_lag_recovery_v1,relative_clock_offset_magnitude_s,ridge_recovery_probe,mae_s,1.2690088401238124,lower,True,48,0.5,False
17,contiformer,physiology_lag_02s,sim_clock_lag_recovery_v1,relative_clock_offset_magnitude_s,ridge_recovery_probe,rmse_s,1.3495869158258016,lower,True,48,0.5,False
17,contiformer,physiology_lag_02s,sim_clock_lag_recovery_v1,relative_clock_offset_magnitude_s,ridge_recovery_probe,tolerance_hit_rate,0.0625,higher,True,48,0.5,False
17,contiformer,physiology_lag_02s,sim_clock_lag_recovery_v1,relative_clock_offset_magnitude_s,ridge_recovery_probe,spearman,,higher,False,48,0.5,False
17,contiformer,physiology_lag_02s,sim_clock_lag_recovery_v1,primary_physiology_response_lag_s,ridge_recovery_probe,mae_s,6.663477785251298,lower,True,48,2.0,False
17,contiformer,physiology_lag_02s,sim_clock_lag_recovery_v1,primary_physiology_response_lag_s,ridge_recovery_probe,rmse_s,7.789252358441575,lower,True,48,2.0,False
17,contiformer,physiology_lag_02s,sim_clock_lag_recovery_v1,primary_physiology_response_lag_s,ridge_recovery_probe,tolerance_hit_rate,0.125,higher,True,48,2.0,False
17,contiformer,physiology_lag_02s,sim_clock_lag_recovery_v1,primary_physiology_response_lag_s,ridge_recovery_probe,spearman,0.17589664623875273,higher,True,48,2.0,False
17,contiformer,physiology_lag_05s,sim_clock_lag_recovery_v1,relative_clock_offset_magnitude_s,ridge_recovery_probe,mae_s,1.205000282265246,lower,True,48,0.5,False
17,contiformer,physiology_lag_05s,sim_clock_lag_recovery_v1,relative_clock_offset_magnitude_s,ridge_recovery_probe,rmse_s,1.2859245523268983,lower,True,48,0.5,False
17,contiformer,physiology_lag_05s,sim_clock_lag_recovery_v1,relative_clock_offset_magnitude_s,ridge_recovery_probe,tolerance_hit_rate,0.10416666666666667,higher,True,48,0.5,False
17,contiformer,physiology_lag_05s,sim_clock_lag_recovery_v1,relative_clock_offset_magnitude_s,ridge_recovery_probe,spearman,,higher,False,48,0.5,False
17,contiformer,physiology_lag_05s,sim_clock_lag_recovery_v1,primary_physiology_response_lag_s,ridge_recovery_probe,mae_s,4.9348212736307255,lower,True,48,2.0,False
17,contiformer,physiology_lag_05s,sim_clock_lag_recovery_v1,primary_physiology_response_lag_s,ridge_recovery_probe,rmse_s,6.0025727742259845,lower,True,48,2.0,False
17,contiformer,physiology_lag_05s,sim_clock_lag_recovery_v1,primary_physiology_response_lag_s,ridge_recovery_probe,tolerance_hit_rate,0.2708333333333333,higher,True,48,2.0,False
17,contiformer,physiology_lag_05s,sim_clock_lag_recovery_v1,primary_physiology_response_lag_s,ridge_recovery_probe,spearman,0.25728166166265326,higher,True,48,2.0,False
17,contiformer,physiology_lag_15s,sim_clock_lag_recovery_v1,relative_clock_offset_magnitude_s,ridge_recovery_probe,mae_s,1.0835223778461416,lower,True,48,0.5,False
17,contiformer,physiology_lag_15s,sim_clock_lag_recovery_v1,relative_clock_offset_magnitude_s,ridge_recovery_probe,rmse_s,1.2213782363616408,lower,True,48,0.5,False
17,contiformer,physiology_lag_15s,sim_clock_lag_recovery_v1,relative_clock_offset_magnitude_s,ridge_recovery_probe,tolerance_hit_rate,0.1875,higher,True,48,0.5,False
17,contiformer,physiology_lag_15s,sim_clock_lag_recovery_v1,relative_clock_offset_magnitude_s,ridge_recovery_probe,spearman,,higher,False,48,0.5,False
17,contiformer,physiology_lag_15s,sim_clock_lag_recovery_v1,primary_physiology_response_lag_s,ridge_recovery_probe,mae_s,7.712907140665011,lower,True,48,2.0,False
17,contiformer,physiology_lag_15s,sim_clock_lag_recovery_v1,primary_physiology_response_lag_s,ridge_recovery_probe,rmse_s,9.111196963982875,lower,True,48,2.0,False
17,contiformer,physiology_lag_15s,sim_clock_lag_recovery_v1,primary_physiology_response_lag_s,ridge_recovery_probe,tolerance_hit_rate,0.14583333333333334,higher,True,48,2.0,False
17,contiformer,physiology_lag_15s,sim_clock_lag_recovery_v1,primary_physiology_response_lag_s,ridge_recovery_probe,spearman,0.2841912232141042,higher,True,48,2.0,False
17,contiformer,physiology_lag_30s,sim_clock_lag_recovery_v1,relative_clock_offset_magnitude_s,ridge_recovery_probe,mae_s,1.111899910805126,lower,True,48,0.5,False
17,contiformer,physiology_lag_30s,sim_clock_lag_recovery_v1,relative_clock_offset_magnitude_s,ridge_recovery_probe,rmse_s,1.247040409563312,lower,True,48,0.5,False
17,contiformer,physiology_lag_30s,sim_clock_lag_recovery_v1,relative_clock_offset_magnitude_s,ridge_recovery_probe,tolerance_hit_rate,0.16666666666666666,higher,True,48,0.5,False
17,contiformer,physiology_lag_30s,sim_clock_lag_recovery_v1,relative_clock_offset_magnitude_s,ridge_recovery_probe,spearman,,higher,False,48,0.5,False
17,contiformer,physiology_lag_30s,sim_clock_lag_recovery_v1,primary_physiology_response_lag_s,ridge_recovery_probe,mae_s,21.34791905287953,lower,True,48,2.0,False
17,contiformer,physiology_lag_30s,sim_clock_lag_recovery_v1,primary_physiology_response_lag_s,ridge_recovery_probe,rmse_s,22.06495653948975,lower,True,48,2.0,False
17,contiformer,physiology_lag_30s,sim_clock_lag_recovery_v1,primary_physiology_response_lag_s,ridge_recovery_probe,tolerance_hit_rate,0.0,higher,True,48,2.0,False
17,contiformer,physiology_lag_30s,sim_clock_lag_recovery_v1,primary_physiology_response_lag_s,ridge_recovery_probe,spearman,0.2421860539630588,higher,True,48,2.0,False
17,contiformer,observation_snr_30db,sim_clock_lag_recovery_v1,relative_clock_offset_magnitude_s,ridge_recovery_probe,mae_s,1.2972004739567637,lower,True,48,0.5,False
17,contiformer,observation_snr_30db,sim_clock_lag_recovery_v1,relative_clock_offset_magnitude_s,ridge_recovery_probe,rmse_s,1.3782822995285313,lower,True,48,0.5,False
17,contiformer,observation_snr_30db,sim_clock_lag_recovery_v1,relative_clock_offset_magnitude_s,ridge_recovery_probe,tolerance_hit_rate,0.0625,higher,True,48,0.5,False
17,contiformer,observation_snr_30db,sim_clock_lag_recovery_v1,relative_clock_offset_magnitude_s,ridge_recovery_probe,spearman,,higher,False,48,0.5,False
17,contiformer,observation_snr_30db,sim_clock_lag_recovery_v1,primary_physiology_response_lag_s,ridge_recovery_probe,mae_s,7.959616294268121,lower,True,48,2.0,False
17,contiformer,observation_snr_30db,sim_clock_lag_recovery_v1,primary_physiology_response_lag_s,ridge_recovery_probe,rmse_s,9.193373759539607,lower,True,48,2.0,False
17,contiformer,observation_snr_30db,sim_clock_lag_recovery_v1,primary_physiology_response_lag_s,ridge_recovery_probe,tolerance_hit_rate,0.08333333333333333,higher,True,48,2.0,False
17,contiformer,observation_snr_30db,sim_clock_lag_recovery_v1,primary_physiology_response_lag_s,ridge_recovery_probe,spearman,0.13389147698770731,higher,True,48,2.0,False
17,contiformer,observation_snr_20db,sim_clock_lag_recovery_v1,relative_clock_offset_magnitude_s,ridge_recovery_probe,mae_s,1.3332039021576445,lower,True,48,0.5,False
17,contiformer,observation_snr_20db,sim_clock_lag_recovery_v1,relative_clock_offset_magnitude_s,ridge_recovery_probe,rmse_s,1.4109375532486432,lower,True,48,0.5,False
17,contiformer,observation_snr_20db,sim_clock_lag_recovery_v1,relative_clock_offset_magnitude_s,ridge_recovery_probe,tolerance_hit_rate,0.041666666666666664,higher,True,48,0.5,False
17,contiformer,observation_snr_20db,sim_clock_lag_recovery_v1,relative_clock_offset_magnitude_s,ridge_recovery_probe,spearman,,higher,False,48,0.5,False
17,contiformer,observation_snr_20db,sim_clock_lag_recovery_v1,primary_physiology_response_lag_s,ridge_recovery_probe,mae_s,7.9978512654331375,lower,True,48,2.0,False
17,contiformer,observation_snr_20db,sim_clock_lag_recovery_v1,primary_physiology_response_lag_s,ridge_recovery_probe,rmse_s,9.290042607134852,lower,True,48,2.0,False
17,contiformer,observation_snr_20db,sim_clock_lag_recovery_v1,primary_physiology_response_lag_s,ridge_recovery_probe,tolerance_hit_rate,0.08333333333333333,higher,True,48,2.0,False
17,contiformer,observation_snr_20db,sim_clock_lag_recovery_v1,primary_physiology_response_lag_s,ridge_recovery_probe,spearman,0.16145736930870588,higher,True,48,2.0,False
17,contiformer,observation_snr_10db,sim_clock_lag_recovery_v1,relative_clock_offset_magnitude_s,ridge_recovery_probe,mae_s,1.5942181280503671,lower,True,48,0.5,False
17,contiformer,observation_snr_10db,sim_clock_lag_recovery_v1,relative_clock_offset_magnitude_s,ridge_recovery_probe,rmse_s,1.6675549619204548,lower,True,48,0.5,False
17,contiformer,observation_snr_10db,sim_clock_lag_recovery_v1,relative_clock_offset_magnitude_s,ridge_recovery_probe,tolerance_hit_rate,0.020833333333333332,higher,True,48,0.5,False
17,contiformer,observation_snr_10db,sim_clock_lag_recovery_v1,relative_clock_offset_magnitude_s,ridge_recovery_probe,spearman,,higher,False,48,0.5,False
17,contiformer,observation_snr_10db,sim_clock_lag_recovery_v1,primary_physiology_response_lag_s,ridge_recovery_probe,mae_s,9.036722831290382,lower,True,48,2.0,False
17,contiformer,observation_snr_10db,sim_clock_lag_recovery_v1,primary_physiology_response_lag_s,ridge_recovery_probe,rmse_s,10.425822175858382,lower,True,48,2.0,False
17,contiformer,observation_snr_10db,sim_clock_lag_recovery_v1,primary_physiology_response_lag_s,ridge_recovery_probe,tolerance_hit_rate,0.08333333333333333,higher,True,48,2.0,False
17,contiformer,observation_snr_10db,sim_clock_lag_recovery_v1,primary_physiology_response_lag_s,ridge_recovery_probe,spearman,0.25925065397129604,higher,True,48,2.0,False
17,contiformer,observation_snr_05db,sim_clock_lag_recovery_v1,relative_clock_offset_magnitude_s,ridge_recovery_probe,mae_s,2.0013516638427973,lower,True,48,0.5,False
17,contiformer,observation_snr_05db,sim_clock_lag_recovery_v1,relative_clock_offset_magnitude_s,ridge_recovery_probe,rmse_s,2.083580468778922,lower,True,48,0.5,False
17,contiformer,observation_snr_05db,sim_clock_lag_recovery_v1,relative_clock_offset_magnitude_s,ridge_recovery_probe,tolerance_hit_rate,0.0,higher,True,48,0.5,False
17,contiformer,observation_snr_05db,sim_clock_lag_recovery_v1,relative_clock_offset_magnitude_s,ridge_recovery_probe,spearman,,higher,False,48,0.5,False
17,contiformer,observation_snr_05db,sim_clock_lag_recovery_v1,primary_physiology_response_lag_s,ridge_recovery_probe,mae_s,11.320011470674956,lower,True,48,2.0,False
17,contiformer,observation_snr_05db,sim_clock_lag_recovery_v1,primary_physiology_response_lag_s,ridge_recovery_probe,rmse_s,12.607910815591401,lower,True,48,2.0,False
17,contiformer,observation_snr_05db,sim_clock_lag_recovery_v1,primary_physiology_response_lag_s,ridge_recovery_probe,tolerance_hit_rate,0.041666666666666664,higher,True,48,2.0,False
17,contiformer,observation_snr_05db,sim_clock_lag_recovery_v1,primary_physiology_response_lag_s,ridge_recovery_probe,spearman,0.3301343770824352,higher,True,48,2.0,False
17,contiformer,mixed_severe,sim_clock_lag_recovery_v1,relative_clock_offset_magnitude_s,ridge_recovery_probe,mae_s,2.548626526258886,lower,True,48,0.5,False
17,contiformer,mixed_severe,sim_clock_lag_recovery_v1,relative_clock_offset_magnitude_s,ridge_recovery_probe,rmse_s,2.625866309085983,lower,True,48,0.5,False
17,contiformer,mixed_severe,sim_clock_lag_recovery_v1,relative_clock_offset_magnitude_s,ridge_recovery_probe,tolerance_hit_rate,0.0,higher,True,48,0.5,False
17,contiformer,mixed_severe,sim_clock_lag_recovery_v1,relative_clock_offset_magnitude_s,ridge_recovery_probe,spearman,,higher,False,48,0.5,False
17,contiformer,mixed_severe,sim_clock_lag_recovery_v1,primary_physiology_response_lag_s,ridge_recovery_probe,mae_s,8.508097289134549,lower,True,48,2.0,False
17,contiformer,mixed_severe,sim_clock_lag_recovery_v1,primary_physiology_response_lag_s,ridge_recovery_probe,rmse_s,10.088951086494676,lower,True,48,2.0,False
17,contiformer,mixed_severe,sim_clock_lag_recovery_v1,primary_physiology_response_lag_s,ridge_recovery_probe,tolerance_hit_rate,0.08333333333333333,higher,True,48,2.0,False
17,contiformer,mixed_severe,sim_clock_lag_recovery_v1,primary_physiology_response_lag_s,ridge_recovery_probe,spearman,0.05578811541154472,higher,True,48,2.0,False
17,chronaris,timestamp_jitter_000ms,sim_clock_lag_recovery_v1,relative_clock_offset_magnitude_s,ridge_recovery_probe,mae_s,0.1868062037974596,lower,True,48,0.5,False
17,chronaris,timestamp_jitter_000ms,sim_clock_lag_recovery_v1,relative_clock_offset_magnitude_s,ridge_recovery_probe,rmse_s,0.24428224698522708,lower,True,48,0.5,False
17,chronaris,timestamp_jitter_000ms,sim_clock_lag_recovery_v1,relative_clock_offset_magnitude_s,ridge_recovery_probe,tolerance_hit_rate,0.9166666666666666,higher,True,48,0.5,False
17,chronaris,timestamp_jitter_000ms,sim_clock_lag_recovery_v1,relative_clock_offset_magnitude_s,ridge_recovery_probe,spearman,,higher,False,48,0.5,False
17,chronaris,timestamp_jitter_000ms,sim_clock_lag_recovery_v1,primary_physiology_response_lag_s,ridge_recovery_probe,mae_s,4.3264711302275245,lower,True,48,2.0,False
17,chronaris,timestamp_jitter_000ms,sim_clock_lag_recovery_v1,primary_physiology_response_lag_s,ridge_recovery_probe,rmse_s,4.970649887109546,lower,True,48,2.0,False
17,chronaris,timestamp_jitter_000ms,sim_clock_lag_recovery_v1,primary_physiology_response_lag_s,ridge_recovery_probe,tolerance_hit_rate,0.20833333333333334,higher,True,48,2.0,False
17,chronaris,timestamp_jitter_000ms,sim_clock_lag_recovery_v1,primary_physiology_response_lag_s,ridge_recovery_probe,spearman,0.48699743100430803,higher,True,48,2.0,False
17,chronaris,timestamp_jitter_020ms,sim_clock_lag_recovery_v1,relative_clock_offset_magnitude_s,ridge_recovery_probe,mae_s,0.23950219775239626,lower,True,48,0.5,False
17,chronaris,timestamp_jitter_020ms,sim_clock_lag_recovery_v1,relative_clock_offset_magnitude_s,ridge_recovery_probe,rmse_s,0.27587654754652524,lower,True,48,0.5,False
17,chronaris,timestamp_jitter_020ms,sim_clock_lag_recovery_v1,relative_clock_offset_magnitude_s,ridge_recovery_probe,tolerance_hit_rate,0.9791666666666666,higher,True,48,0.5,False
17,chronaris,timestamp_jitter_020ms,sim_clock_lag_recovery_v1,relative_clock_offset_magnitude_s,ridge_recovery_probe,spearman,,higher,False,48,0.5,False
17,chronaris,timestamp_jitter_020ms,sim_clock_lag_recovery_v1,primary_physiology_response_lag_s,ridge_recovery_probe,mae_s,4.722823282549196,lower,True,48,2.0,False
17,chronaris,timestamp_jitter_020ms,sim_clock_lag_recovery_v1,primary_physiology_response_lag_s,ridge_recovery_probe,rmse_s,5.656322302723026,lower,True,48,2.0,False
17,chronaris,timestamp_jitter_020ms,sim_clock_lag_recovery_v1,primary_physiology_response_lag_s,ridge_recovery_probe,tolerance_hit_rate,0.2916666666666667,higher,True,48,2.0,False
17,chronaris,timestamp_jitter_020ms,sim_clock_lag_recovery_v1,primary_physiology_response_lag_s,ridge_recovery_probe,spearman,0.47977779253928454,higher,True,48,2.0,False
17,chronaris,timestamp_jitter_050ms,sim_clock_lag_recovery_v1,relative_clock_offset_magnitude_s,ridge_recovery_probe,mae_s,0.3099156189709902,lower,True,48,0.5,False
17,chronaris,timestamp_jitter_050ms,sim_clock_lag_recovery_v1,relative_clock_offset_magnitude_s,ridge_recovery_probe,rmse_s,0.3527292935150438,lower,True,48,0.5,False
17,chronaris,timestamp_jitter_050ms,sim_clock_lag_recovery_v1,relative_clock_offset_magnitude_s,ridge_recovery_probe,tolerance_hit_rate,0.8333333333333334,higher,True,48,0.5,False
17,chronaris,timestamp_jitter_050ms,sim_clock_lag_recovery_v1,relative_clock_offset_magnitude_s,ridge_recovery_probe,spearman,,higher,False,48,0.5,False
17,chronaris,timestamp_jitter_050ms,sim_clock_lag_recovery_v1,primary_physiology_response_lag_s,ridge_recovery_probe,mae_s,5.046428323258373,lower,True,48,2.0,False
17,chronaris,timestamp_jitter_050ms,sim_clock_lag_recovery_v1,primary_physiology_response_lag_s,ridge_recovery_probe,rmse_s,6.052376203814142,lower,True,48,2.0,False
17,chronaris,timestamp_jitter_050ms,sim_clock_lag_recovery_v1,primary_physiology_response_lag_s,ridge_recovery_probe,tolerance_hit_rate,0.2916666666666667,higher,True,48,2.0,False
17,chronaris,timestamp_jitter_050ms,sim_clock_lag_recovery_v1,primary_physiology_response_lag_s,ridge_recovery_probe,spearman,0.43449096944050114,higher,True,48,2.0,False
17,chronaris,timestamp_jitter_100ms,sim_clock_lag_recovery_v1,relative_clock_offset_magnitude_s,ridge_recovery_probe,mae_s,0.430984395245711,lower,True,48,0.5,False
17,chronaris,timestamp_jitter_100ms,sim_clock_lag_recovery_v1,relative_clock_offset_magnitude_s,ridge_recovery_probe,rmse_s,0.46983918598057134,lower,True,48,0.5,False
17,chronaris,timestamp_jitter_100ms,sim_clock_lag_recovery_v1,relative_clock_offset_magnitude_s,ridge_recovery_probe,tolerance_hit_rate,0.6041666666666666,higher,True,48,0.5,False
17,chronaris,timestamp_jitter_100ms,sim_clock_lag_recovery_v1,relative_clock_offset_magnitude_s,ridge_recovery_probe,spearman,,higher,False,48,0.5,False
17,chronaris,timestamp_jitter_100ms,sim_clock_lag_recovery_v1,primary_physiology_response_lag_s,ridge_recovery_probe,mae_s,5.646101398722435,lower,True,48,2.0,False
17,chronaris,timestamp_jitter_100ms,sim_clock_lag_recovery_v1,primary_physiology_response_lag_s,ridge_recovery_probe,rmse_s,6.834082887589878,lower,True,48,2.0,False
17,chronaris,timestamp_jitter_100ms,sim_clock_lag_recovery_v1,primary_physiology_response_lag_s,ridge_recovery_probe,tolerance_hit_rate,0.20833333333333334,higher,True,48,2.0,False
17,chronaris,timestamp_jitter_100ms,sim_clock_lag_recovery_v1,primary_physiology_response_lag_s,ridge_recovery_probe,spearman,0.43252197713185847,higher,True,48,2.0,False
17,chronaris,clock_offset_+0.00s,sim_clock_lag_recovery_v1,relative_clock_offset_magnitude_s,ridge_recovery_probe,mae_s,0.1868062037974596,lower,True,48,0.5,False
17,chronaris,clock_offset_+0.00s,sim_clock_lag_recovery_v1,relative_clock_offset_magnitude_s,ridge_recovery_probe,rmse_s,0.24428224698522708,lower,True,48,0.5,False
17,chronaris,clock_offset_+0.00s,sim_clock_lag_recovery_v1,relative_clock_offset_magnitude_s,ridge_recovery_probe,tolerance_hit_rate,0.9166666666666666,higher,True,48,0.5,False
17,chronaris,clock_offset_+0.00s,sim_clock_lag_recovery_v1,relative_clock_offset_magnitude_s,ridge_recovery_probe,spearman,,higher,False,48,0.5,False
17,chronaris,clock_offset_+0.00s,sim_clock_lag_recovery_v1,primary_physiology_response_lag_s,ridge_recovery_probe,mae_s,4.3264711302275245,lower,True,48,2.0,False
17,chronaris,clock_offset_+0.00s,sim_clock_lag_recovery_v1,primary_physiology_response_lag_s,ridge_recovery_probe,rmse_s,4.970649887109546,lower,True,48,2.0,False
17,chronaris,clock_offset_+0.00s,sim_clock_lag_recovery_v1,primary_physiology_response_lag_s,ridge_recovery_probe,tolerance_hit_rate,0.20833333333333334,higher,True,48,2.0,False
17,chronaris,clock_offset_+0.00s,sim_clock_lag_recovery_v1,primary_physiology_response_lag_s,ridge_recovery_probe,spearman,0.48699743100430803,higher,True,48,2.0,False
17,chronaris,clock_offset_-0.25s,sim_clock_lag_recovery_v1,relative_clock_offset_magnitude_s,ridge_recovery_probe,mae_s,0.36304197025795776,lower,True,48,0.5,False
17,chronaris,clock_offset_-0.25s,sim_clock_lag_recovery_v1,relative_clock_offset_magnitude_s,ridge_recovery_probe,rmse_s,0.4090203721880981,lower,True,48,0.5,False
17,chronaris,clock_offset_-0.25s,sim_clock_lag_recovery_v1,relative_clock_offset_magnitude_s,ridge_recovery_probe,tolerance_hit_rate,0.7916666666666666,higher,True,48,0.5,False
17,chronaris,clock_offset_-0.25s,sim_clock_lag_recovery_v1,relative_clock_offset_magnitude_s,ridge_recovery_probe,spearman,,higher,False,48,0.5,False
17,chronaris,clock_offset_-0.25s,sim_clock_lag_recovery_v1,primary_physiology_response_lag_s,ridge_recovery_probe,mae_s,4.355994761164465,lower,True,48,2.0,False
17,chronaris,clock_offset_-0.25s,sim_clock_lag_recovery_v1,primary_physiology_response_lag_s,ridge_recovery_probe,rmse_s,5.028668472038344,lower,True,48,2.0,False
17,chronaris,clock_offset_-0.25s,sim_clock_lag_recovery_v1,primary_physiology_response_lag_s,ridge_recovery_probe,tolerance_hit_rate,0.22916666666666666,higher,True,48,2.0,False
17,chronaris,clock_offset_-0.25s,sim_clock_lag_recovery_v1,primary_physiology_response_lag_s,ridge_recovery_probe,spearman,0.4830594463870225,higher,True,48,2.0,False
17,chronaris,clock_offset_+0.25s,sim_clock_lag_recovery_v1,relative_clock_offset_magnitude_s,ridge_recovery_probe,mae_s,0.3624295520906647,lower,True,48,0.5,False
17,chronaris,clock_offset_+0.25s,sim_clock_lag_recovery_v1,relative_clock_offset_magnitude_s,ridge_recovery_probe,rmse_s,0.4083930811041056,lower,True,48,0.5,False
17,chronaris,clock_offset_+0.25s,sim_clock_lag_recovery_v1,relative_clock_offset_magnitude_s,ridge_recovery_probe,tolerance_hit_rate,0.7916666666666666,higher,True,48,0.5,False
17,chronaris,clock_offset_+0.25s,sim_clock_lag_recovery_v1,relative_clock_offset_magnitude_s,ridge_recovery_probe,spearman,,higher,False,48,0.5,False
17,chronaris,clock_offset_+0.25s,sim_clock_lag_recovery_v1,primary_physiology_response_lag_s,ridge_recovery_probe,mae_s,4.351588025863447,lower,True,48,2.0,False
17,chronaris,clock_offset_+0.25s,sim_clock_lag_recovery_v1,primary_physiology_response_lag_s,ridge_recovery_probe,rmse_s,5.026319135467312,lower,True,48,2.0,False
17,chronaris,clock_offset_+0.25s,sim_clock_lag_recovery_v1,primary_physiology_response_lag_s,ridge_recovery_probe,tolerance_hit_rate,0.22916666666666666,higher,True,48,2.0,False
17,chronaris,clock_offset_+0.25s,sim_clock_lag_recovery_v1,primary_physiology_response_lag_s,ridge_recovery_probe,spearman,0.49290440793023627,higher,True,48,2.0,False
17,chronaris,clock_offset_-1.00s,sim_clock_lag_recovery_v1,relative_clock_offset_magnitude_s,ridge_recovery_probe,mae_s,1.157296746969223,lower,True,48,0.5,False
17,chronaris,clock_offset_-1.00s,sim_clock_lag_recovery_v1,relative_clock_offset_magnitude_s,ridge_recovery_probe,rmse_s,1.1726296227694255,lower,True,48,0.5,False
17,chronaris,clock_offset_-1.00s,sim_clock_lag_recovery_v1,relative_clock_offset_magnitude_s,ridge_recovery_probe,tolerance_hit_rate,0.0,higher,True,48,0.5,False
17,chronaris,clock_offset_-1.00s,sim_clock_lag_recovery_v1,relative_clock_offset_magnitude_s,ridge_recovery_probe,spearman,,higher,False,48,0.5,False
17,chronaris,clock_offset_-1.00s,sim_clock_lag_recovery_v1,primary_physiology_response_lag_s,ridge_recovery_probe,mae_s,4.354902009343583,lower,True,48,2.0,False
17,chronaris,clock_offset_-1.00s,sim_clock_lag_recovery_v1,primary_physiology_response_lag_s,ridge_recovery_probe,rmse_s,4.983141036476351,lower,True,48,2.0,False
17,chronaris,clock_offset_-1.00s,sim_clock_lag_recovery_v1,primary_physiology_response_lag_s,ridge_recovery_probe,tolerance_hit_rate,0.20833333333333334,higher,True,48,2.0,False
17,chronaris,clock_offset_-1.00s,sim_clock_lag_recovery_v1,primary_physiology_response_lag_s,ridge_recovery_probe,spearman,0.46468218483969004,higher,True,48,2.0,False
17,chronaris,clock_offset_+1.00s,sim_clock_lag_recovery_v1,relative_clock_offset_magnitude_s,ridge_recovery_probe,mae_s,1.1512612079580624,lower,True,48,0.5,False
17,chronaris,clock_offset_+1.00s,sim_clock_lag_recovery_v1,relative_clock_offset_magnitude_s,ridge_recovery_probe,rmse_s,1.1666840548673998,lower,True,48,0.5,False
17,chronaris,clock_offset_+1.00s,sim_clock_lag_recovery_v1,relative_clock_offset_magnitude_s,ridge_recovery_probe,tolerance_hit_rate,0.0,higher,True,48,0.5,False
17,chronaris,clock_offset_+1.00s,sim_clock_lag_recovery_v1,relative_clock_offset_magnitude_s,ridge_recovery_probe,spearman,,higher,False,48,0.5,False
17,chronaris,clock_offset_+1.00s,sim_clock_lag_recovery_v1,primary_physiology_response_lag_s,ridge_recovery_probe,mae_s,4.288898527796545,lower,True,48,2.0,False
17,chronaris,clock_offset_+1.00s,sim_clock_lag_recovery_v1,primary_physiology_response_lag_s,ridge_recovery_probe,rmse_s,4.957714168887487,lower,True,48,2.0,False
17,chronaris,clock_offset_+1.00s,sim_clock_lag_recovery_v1,primary_physiology_response_lag_s,ridge_recovery_probe,tolerance_hit_rate,0.22916666666666666,higher,True,48,2.0,False
17,chronaris,clock_offset_+1.00s,sim_clock_lag_recovery_v1,primary_physiology_response_lag_s,ridge_recovery_probe,spearman,0.5086563463993783,higher,True,48,2.0,False
17,chronaris,clock_offset_-3.00s,sim_clock_lag_recovery_v1,relative_clock_offset_magnitude_s,ridge_recovery_probe,mae_s,3.163194889513155,lower,True,48,0.5,False
17,chronaris,clock_offset_-3.00s,sim_clock_lag_recovery_v1,relative_clock_offset_magnitude_s,ridge_recovery_probe,rmse_s,3.1688978779193615,lower,True,48,0.5,False
17,chronaris,clock_offset_-3.00s,sim_clock_lag_recovery_v1,relative_clock_offset_magnitude_s,ridge_recovery_probe,tolerance_hit_rate,0.0,higher,True,48,0.5,False
17,chronaris,clock_offset_-3.00s,sim_clock_lag_recovery_v1,relative_clock_offset_magnitude_s,ridge_recovery_probe,spearman,,higher,False,48,0.5,False
17,chronaris,clock_offset_-3.00s,sim_clock_lag_recovery_v1,primary_physiology_response_lag_s,ridge_recovery_probe,mae_s,4.426839883303124,lower,True,48,2.0,False
17,chronaris,clock_offset_-3.00s,sim_clock_lag_recovery_v1,primary_physiology_response_lag_s,ridge_recovery_probe,rmse_s,5.022436961459615,lower,True,48,2.0,False
17,chronaris,clock_offset_-3.00s,sim_clock_lag_recovery_v1,primary_physiology_response_lag_s,ridge_recovery_probe,tolerance_hit_rate,0.20833333333333334,higher,True,48,2.0,False
17,chronaris,clock_offset_-3.00s,sim_clock_lag_recovery_v1,primary_physiology_response_lag_s,ridge_recovery_probe,spearman,0.448930246370548,higher,True,48,2.0,False
17,chronaris,clock_offset_+3.00s,sim_clock_lag_recovery_v1,relative_clock_offset_magnitude_s,ridge_recovery_probe,mae_s,3.145606248949965,lower,True,48,0.5,False
17,chronaris,clock_offset_+3.00s,sim_clock_lag_recovery_v1,relative_clock_offset_magnitude_s,ridge_recovery_probe,rmse_s,3.1513783952849774,lower,True,48,0.5,False
17,chronaris,clock_offset_+3.00s,sim_clock_lag_recovery_v1,relative_clock_offset_magnitude_s,ridge_recovery_probe,tolerance_hit_rate,0.0,higher,True,48,0.5,False
17,chronaris,clock_offset_+3.00s,sim_clock_lag_recovery_v1,relative_clock_offset_magnitude_s,ridge_recovery_probe,spearman,,higher,False,48,0.5,False
17,chronaris,clock_offset_+3.00s,sim_clock_lag_recovery_v1,primary_physiology_response_lag_s,ridge_recovery_probe,mae_s,4.257849296108364,lower,True,48,2.0,False
17,chronaris,clock_offset_+3.00s,sim_clock_lag_recovery_v1,primary_physiology_response_lag_s,ridge_recovery_probe,rmse_s,4.980803583125503,lower,True,48,2.0,False
17,chronaris,clock_offset_+3.00s,sim_clock_lag_recovery_v1,primary_physiology_response_lag_s,ridge_recovery_probe,tolerance_hit_rate,0.25,higher,True,48,2.0,False
17,chronaris,clock_offset_+3.00s,sim_clock_lag_recovery_v1,primary_physiology_response_lag_s,ridge_recovery_probe,spearman,0.5257209464076155,higher,True,48,2.0,False
17,chronaris,clock_drift_+000ppm,sim_clock_lag_recovery_v1,relative_clock_offset_magnitude_s,ridge_recovery_probe,mae_s,0.1868062037974596,lower,True,48,0.5,False
17,chronaris,clock_drift_+000ppm,sim_clock_lag_recovery_v1,relative_clock_offset_magnitude_s,ridge_recovery_probe,rmse_s,0.24428224698522708,lower,True,48,0.5,False
17,chronaris,clock_drift_+000ppm,sim_clock_lag_recovery_v1,relative_clock_offset_magnitude_s,ridge_recovery_probe,tolerance_hit_rate,0.9166666666666666,higher,True,48,0.5,False
17,chronaris,clock_drift_+000ppm,sim_clock_lag_recovery_v1,relative_clock_offset_magnitude_s,ridge_recovery_probe,spearman,,higher,False,48,0.5,False
17,chronaris,clock_drift_+000ppm,sim_clock_lag_recovery_v1,primary_physiology_response_lag_s,ridge_recovery_probe,mae_s,4.3264711302275245,lower,True,48,2.0,False
17,chronaris,clock_drift_+000ppm,sim_clock_lag_recovery_v1,primary_physiology_response_lag_s,ridge_recovery_probe,rmse_s,4.970649887109546,lower,True,48,2.0,False
17,chronaris,clock_drift_+000ppm,sim_clock_lag_recovery_v1,primary_physiology_response_lag_s,ridge_recovery_probe,tolerance_hit_rate,0.20833333333333334,higher,True,48,2.0,False
17,chronaris,clock_drift_+000ppm,sim_clock_lag_recovery_v1,primary_physiology_response_lag_s,ridge_recovery_probe,spearman,0.48699743100430803,higher,True,48,2.0,False
17,chronaris,clock_drift_-050ppm,sim_clock_lag_recovery_v1,relative_clock_offset_magnitude_s,ridge_recovery_probe,mae_s,0.15506802840779224,lower,True,48,0.5,False
17,chronaris,clock_drift_-050ppm,sim_clock_lag_recovery_v1,relative_clock_offset_magnitude_s,ridge_recovery_probe,rmse_s,0.19291738460482077,lower,True,48,0.5,False
17,chronaris,clock_drift_-050ppm,sim_clock_lag_recovery_v1,relative_clock_offset_magnitude_s,ridge_recovery_probe,tolerance_hit_rate,1.0,higher,True,48,0.5,False
17,chronaris,clock_drift_-050ppm,sim_clock_lag_recovery_v1,relative_clock_offset_magnitude_s,ridge_recovery_probe,spearman,,higher,False,48,0.5,False
17,chronaris,clock_drift_-050ppm,sim_clock_lag_recovery_v1,primary_physiology_response_lag_s,ridge_recovery_probe,mae_s,4.417778906431067,lower,True,48,2.0,False
17,chronaris,clock_drift_-050ppm,sim_clock_lag_recovery_v1,primary_physiology_response_lag_s,ridge_recovery_probe,rmse_s,5.162417062328779,lower,True,48,2.0,False
17,chronaris,clock_drift_-050ppm,sim_clock_lag_recovery_v1,primary_physiology_response_lag_s,ridge_recovery_probe,tolerance_hit_rate,0.25,higher,True,48,2.0,False
17,chronaris,clock_drift_-050ppm,sim_clock_lag_recovery_v1,primary_physiology_response_lag_s,ridge_recovery_probe,spearman,0.4843721079261176,higher,True,48,2.0,False
17,chronaris,clock_drift_+050ppm,sim_clock_lag_recovery_v1,relative_clock_offset_magnitude_s,ridge_recovery_probe,mae_s,0.18760562719156346,lower,True,48,0.5,False
17,chronaris,clock_drift_+050ppm,sim_clock_lag_recovery_v1,relative_clock_offset_magnitude_s,ridge_recovery_probe,rmse_s,0.22149990820341806,lower,True,48,0.5,False
17,chronaris,clock_drift_+050ppm,sim_clock_lag_recovery_v1,relative_clock_offset_magnitude_s,ridge_recovery_probe,tolerance_hit_rate,1.0,higher,True,48,0.5,False
17,chronaris,clock_drift_+050ppm,sim_clock_lag_recovery_v1,relative_clock_offset_magnitude_s,ridge_recovery_probe,spearman,,higher,False,48,0.5,False
17,chronaris,clock_drift_+050ppm,sim_clock_lag_recovery_v1,primary_physiology_response_lag_s,ridge_recovery_probe,mae_s,4.5836234223466805,lower,True,48,2.0,False
17,chronaris,clock_drift_+050ppm,sim_clock_lag_recovery_v1,primary_physiology_response_lag_s,ridge_recovery_probe,rmse_s,5.453819963729331,lower,True,48,2.0,False
17,chronaris,clock_drift_+050ppm,sim_clock_lag_recovery_v1,primary_physiology_response_lag_s,ridge_recovery_probe,tolerance_hit_rate,0.2708333333333333,higher,True,48,2.0,False
17,chronaris,clock_drift_+050ppm,sim_clock_lag_recovery_v1,primary_physiology_response_lag_s,ridge_recovery_probe,spearman,0.45024290790964316,higher,True,48,2.0,False
17,chronaris,clock_drift_-100ppm,sim_clock_lag_recovery_v1,relative_clock_offset_magnitude_s,ridge_recovery_probe,mae_s,0.15367531993736824,lower,True,48,0.5,False
17,chronaris,clock_drift_-100ppm,sim_clock_lag_recovery_v1,relative_clock_offset_magnitude_s,ridge_recovery_probe,rmse_s,0.19066360410509803,lower,True,48,0.5,False
17,chronaris,clock_drift_-100ppm,sim_clock_lag_recovery_v1,relative_clock_offset_magnitude_s,ridge_recovery_probe,tolerance_hit_rate,1.0,higher,True,48,0.5,False
17,chronaris,clock_drift_-100ppm,sim_clock_lag_recovery_v1,relative_clock_offset_magnitude_s,ridge_recovery_probe,spearman,,higher,False,48,0.5,False
17,chronaris,clock_drift_-100ppm,sim_clock_lag_recovery_v1,primary_physiology_response_lag_s,ridge_recovery_probe,mae_s,4.440875316751463,lower,True,48,2.0,False
17,chronaris,clock_drift_-100ppm,sim_clock_lag_recovery_v1,primary_physiology_response_lag_s,ridge_recovery_probe,rmse_s,5.206046992327565,lower,True,48,2.0,False
17,chronaris,clock_drift_-100ppm,sim_clock_lag_recovery_v1,primary_physiology_response_lag_s,ridge_recovery_probe,tolerance_hit_rate,0.25,higher,True,48,2.0,False
17,chronaris,clock_drift_-100ppm,sim_clock_lag_recovery_v1,primary_physiology_response_lag_s,ridge_recovery_probe,spearman,0.475839807921999,higher,True,48,2.0,False
17,chronaris,clock_drift_+100ppm,sim_clock_lag_recovery_v1,relative_clock_offset_magnitude_s,ridge_recovery_probe,mae_s,0.1804866191620628,lower,True,48,0.5,False
17,chronaris,clock_drift_+100ppm,sim_clock_lag_recovery_v1,relative_clock_offset_magnitude_s,ridge_recovery_probe,rmse_s,0.21468065698651534,lower,True,48,0.5,False
17,chronaris,clock_drift_+100ppm,sim_clock_lag_recovery_v1,relative_clock_offset_magnitude_s,ridge_recovery_probe,tolerance_hit_rate,1.0,higher,True,48,0.5,False
17,chronaris,clock_drift_+100ppm,sim_clock_lag_recovery_v1,relative_clock_offset_magnitude_s,ridge_recovery_probe,spearman,,higher,False,48,0.5,False
17,chronaris,clock_drift_+100ppm,sim_clock_lag_recovery_v1,primary_physiology_response_lag_s,ridge_recovery_probe,mae_s,4.552791240972449,lower,True,48,2.0,False
17,chronaris,clock_drift_+100ppm,sim_clock_lag_recovery_v1,primary_physiology_response_lag_s,ridge_recovery_probe,rmse_s,5.402993070648468,lower,True,48,2.0,False
17,chronaris,clock_drift_+100ppm,sim_clock_lag_recovery_v1,primary_physiology_response_lag_s,ridge_recovery_probe,tolerance_hit_rate,0.2708333333333333,higher,True,48,2.0,False
17,chronaris,clock_drift_+100ppm,sim_clock_lag_recovery_v1,primary_physiology_response_lag_s,ridge_recovery_probe,spearman,0.4554935540660239,higher,True,48,2.0,False
17,chronaris,clock_drift_-250ppm,sim_clock_lag_recovery_v1,relative_clock_offset_magnitude_s,ridge_recovery_probe,mae_s,0.1550854149584969,lower,True,48,0.5,False
17,chronaris,clock_drift_-250ppm,sim_clock_lag_recovery_v1,relative_clock_offset_magnitude_s,ridge_recovery_probe,rmse_s,0.19029462472666264,lower,True,48,0.5,False
17,chronaris,clock_drift_-250ppm,sim_clock_lag_recovery_v1,relative_clock_offset_magnitude_s,ridge_recovery_probe,tolerance_hit_rate,1.0,higher,True,48,0.5,False
17,chronaris,clock_drift_-250ppm,sim_clock_lag_recovery_v1,relative_clock_offset_magnitude_s,ridge_recovery_probe,spearman,,higher,False,48,0.5,False
17,chronaris,clock_drift_-250ppm,sim_clock_lag_recovery_v1,primary_physiology_response_lag_s,ridge_recovery_probe,mae_s,4.519344624506748,lower,True,48,2.0,False
17,chronaris,clock_drift_-250ppm,sim_clock_lag_recovery_v1,primary_physiology_response_lag_s,ridge_recovery_probe,rmse_s,5.346507297272473,lower,True,48,2.0,False
17,chronaris,clock_drift_-250ppm,sim_clock_lag_recovery_v1,primary_physiology_response_lag_s,ridge_recovery_probe,tolerance_hit_rate,0.2708333333333333,higher,True,48,2.0,False
17,chronaris,clock_drift_-250ppm,sim_clock_lag_recovery_v1,primary_physiology_response_lag_s,ridge_recovery_probe,spearman,0.4633695233005949,higher,True,48,2.0,False
17,chronaris,clock_drift_+250ppm,sim_clock_lag_recovery_v1,relative_clock_offset_magnitude_s,ridge_recovery_probe,mae_s,0.16350110961745182,lower,True,48,0.5,False
17,chronaris,clock_drift_+250ppm,sim_clock_lag_recovery_v1,relative_clock_offset_magnitude_s,ridge_recovery_probe,rmse_s,0.19824589459192596,lower,True,48,0.5,False
17,chronaris,clock_drift_+250ppm,sim_clock_lag_recovery_v1,relative_clock_offset_magnitude_s,ridge_recovery_probe,tolerance_hit_rate,1.0,higher,True,48,0.5,False
17,chronaris,clock_drift_+250ppm,sim_clock_lag_recovery_v1,relative_clock_offset_magnitude_s,ridge_recovery_probe,spearman,,higher,False,48,0.5,False
17,chronaris,clock_drift_+250ppm,sim_clock_lag_recovery_v1,primary_physiology_response_lag_s,ridge_recovery_probe,mae_s,4.464254915806118,lower,True,48,2.0,False
17,chronaris,clock_drift_+250ppm,sim_clock_lag_recovery_v1,primary_physiology_response_lag_s,ridge_recovery_probe,rmse_s,5.258910856558987,lower,True,48,2.0,False
17,chronaris,clock_drift_+250ppm,sim_clock_lag_recovery_v1,primary_physiology_response_lag_s,ridge_recovery_probe,tolerance_hit_rate,0.2708333333333333,higher,True,48,2.0,False
17,chronaris,clock_drift_+250ppm,sim_clock_lag_recovery_v1,primary_physiology_response_lag_s,ridge_recovery_probe,spearman,0.46205686176149974,higher,True,48,2.0,False
17,chronaris,random_missing_00pct,sim_clock_lag_recovery_v1,relative_clock_offset_magnitude_s,ridge_recovery_probe,mae_s,0.1868062037974596,lower,True,48,0.5,False
17,chronaris,random_missing_00pct,sim_clock_lag_recovery_v1,relative_clock_offset_magnitude_s,ridge_recovery_probe,rmse_s,0.24428224698522708,lower,True,48,0.5,False
17,chronaris,random_missing_00pct,sim_clock_lag_recovery_v1,relative_clock_offset_magnitude_s,ridge_recovery_probe,tolerance_hit_rate,0.9166666666666666,higher,True,48,0.5,False
17,chronaris,random_missing_00pct,sim_clock_lag_recovery_v1,relative_clock_offset_magnitude_s,ridge_recovery_probe,spearman,,higher,False,48,0.5,False
17,chronaris,random_missing_00pct,sim_clock_lag_recovery_v1,primary_physiology_response_lag_s,ridge_recovery_probe,mae_s,4.3264711302275245,lower,True,48,2.0,False
17,chronaris,random_missing_00pct,sim_clock_lag_recovery_v1,primary_physiology_response_lag_s,ridge_recovery_probe,rmse_s,4.970649887109546,lower,True,48,2.0,False
17,chronaris,random_missing_00pct,sim_clock_lag_recovery_v1,primary_physiology_response_lag_s,ridge_recovery_probe,tolerance_hit_rate,0.20833333333333334,higher,True,48,2.0,False
17,chronaris,random_missing_00pct,sim_clock_lag_recovery_v1,primary_physiology_response_lag_s,ridge_recovery_probe,spearman,0.48699743100430803,higher,True,48,2.0,False
17,chronaris,random_missing_10pct,sim_clock_lag_recovery_v1,relative_clock_offset_magnitude_s,ridge_recovery_probe,mae_s,0.6510755944376191,lower,True,48,0.5,False
17,chronaris,random_missing_10pct,sim_clock_lag_recovery_v1,relative_clock_offset_magnitude_s,ridge_recovery_probe,rmse_s,0.6824753965823722,lower,True,48,0.5,False
17,chronaris,random_missing_10pct,sim_clock_lag_recovery_v1,relative_clock_offset_magnitude_s,ridge_recovery_probe,tolerance_hit_rate,0.25,higher,True,48,0.5,False
17,chronaris,random_missing_10pct,sim_clock_lag_recovery_v1,relative_clock_offset_magnitude_s,ridge_recovery_probe,spearman,,higher,False,48,0.5,False
17,chronaris,random_missing_10pct,sim_clock_lag_recovery_v1,primary_physiology_response_lag_s,ridge_recovery_probe,mae_s,5.525042066012875,lower,True,48,2.0,False
17,chronaris,random_missing_10pct,sim_clock_lag_recovery_v1,primary_physiology_response_lag_s,ridge_recovery_probe,rmse_s,6.598705632032097,lower,True,48,2.0,False
17,chronaris,random_missing_10pct,sim_clock_lag_recovery_v1,primary_physiology_response_lag_s,ridge_recovery_probe,tolerance_hit_rate,0.20833333333333334,higher,True,48,2.0,False
17,chronaris,random_missing_10pct,sim_clock_lag_recovery_v1,primary_physiology_response_lag_s,ridge_recovery_probe,spearman,0.4791214617697369,higher,True,48,2.0,False
17,chronaris,random_missing_30pct,sim_clock_lag_recovery_v1,relative_clock_offset_magnitude_s,ridge_recovery_probe,mae_s,2.66541893966496,lower,True,48,0.5,False
17,chronaris,random_missing_30pct,sim_clock_lag_recovery_v1,relative_clock_offset_magnitude_s,ridge_recovery_probe,rmse_s,2.6845791627041367,lower,True,48,0.5,False
17,chronaris,random_missing_30pct,sim_clock_lag_recovery_v1,relative_clock_offset_magnitude_s,ridge_recovery_probe,tolerance_hit_rate,0.0,higher,True,48,0.5,False
17,chronaris,random_missing_30pct,sim_clock_lag_recovery_v1,relative_clock_offset_magnitude_s,ridge_recovery_probe,spearman,,higher,False,48,0.5,False
17,chronaris,random_missing_30pct,sim_clock_lag_recovery_v1,primary_physiology_response_lag_s,ridge_recovery_probe,mae_s,13.346182668168828,lower,True,48,2.0,False
17,chronaris,random_missing_30pct,sim_clock_lag_recovery_v1,primary_physiology_response_lag_s,ridge_recovery_probe,rmse_s,14.24965442378908,lower,True,48,2.0,False
17,chronaris,random_missing_30pct,sim_clock_lag_recovery_v1,primary_physiology_response_lag_s,ridge_recovery_probe,tolerance_hit_rate,0.0,higher,True,48,2.0,False
17,chronaris,random_missing_30pct,sim_clock_lag_recovery_v1,primary_physiology_response_lag_s,ridge_recovery_probe,spearman,0.42202068481909705,higher,True,48,2.0,False
17,chronaris,random_missing_50pct,sim_clock_lag_recovery_v1,relative_clock_offset_magnitude_s,ridge_recovery_probe,mae_s,5.524489839871724,lower,True,48,0.5,False
17,chronaris,random_missing_50pct,sim_clock_lag_recovery_v1,relative_clock_offset_magnitude_s,ridge_recovery_probe,rmse_s,5.553044345925135,lower,True,48,0.5,False
17,chronaris,random_missing_50pct,sim_clock_lag_recovery_v1,relative_clock_offset_magnitude_s,ridge_recovery_probe,tolerance_hit_rate,0.0,higher,True,48,0.5,False
17,chronaris,random_missing_50pct,sim_clock_lag_recovery_v1,relative_clock_offset_magnitude_s,ridge_recovery_probe,spearman,,higher,False,48,0.5,False
17,chronaris,random_missing_50pct,sim_clock_lag_recovery_v1,primary_physiology_response_lag_s,ridge_recovery_probe,mae_s,28.132198943654185,lower,True,48,2.0,False
17,chronaris,random_missing_50pct,sim_clock_lag_recovery_v1,primary_physiology_response_lag_s,ridge_recovery_probe,rmse_s,28.671501328380966,lower,True,48,2.0,False
17,chronaris,random_missing_50pct,sim_clock_lag_recovery_v1,primary_physiology_response_lag_s,ridge_recovery_probe,tolerance_hit_rate,0.0,higher,True,48,2.0,False
17,chronaris,random_missing_50pct,sim_clock_lag_recovery_v1,primary_physiology_response_lag_s,ridge_recovery_probe,spearman,0.3281653847737924,higher,True,48,2.0,False
17,chronaris,contiguous_gap_00s,sim_clock_lag_recovery_v1,relative_clock_offset_magnitude_s,ridge_recovery_probe,mae_s,0.1868062037974596,lower,True,48,0.5,False
17,chronaris,contiguous_gap_00s,sim_clock_lag_recovery_v1,relative_clock_offset_magnitude_s,ridge_recovery_probe,rmse_s,0.24428224698522708,lower,True,48,0.5,False
17,chronaris,contiguous_gap_00s,sim_clock_lag_recovery_v1,relative_clock_offset_magnitude_s,ridge_recovery_probe,tolerance_hit_rate,0.9166666666666666,higher,True,48,0.5,False
17,chronaris,contiguous_gap_00s,sim_clock_lag_recovery_v1,relative_clock_offset_magnitude_s,ridge_recovery_probe,spearman,,higher,False,48,0.5,False
17,chronaris,contiguous_gap_00s,sim_clock_lag_recovery_v1,primary_physiology_response_lag_s,ridge_recovery_probe,mae_s,4.3264711302275245,lower,True,48,2.0,False
17,chronaris,contiguous_gap_00s,sim_clock_lag_recovery_v1,primary_physiology_response_lag_s,ridge_recovery_probe,rmse_s,4.970649887109546,lower,True,48,2.0,False
17,chronaris,contiguous_gap_00s,sim_clock_lag_recovery_v1,primary_physiology_response_lag_s,ridge_recovery_probe,tolerance_hit_rate,0.20833333333333334,higher,True,48,2.0,False
17,chronaris,contiguous_gap_00s,sim_clock_lag_recovery_v1,primary_physiology_response_lag_s,ridge_recovery_probe,spearman,0.48699743100430803,higher,True,48,2.0,False
17,chronaris,contiguous_gap_05s,sim_clock_lag_recovery_v1,relative_clock_offset_magnitude_s,ridge_recovery_probe,mae_s,0.35223887488245964,lower,True,48,0.5,False
17,chronaris,contiguous_gap_05s,sim_clock_lag_recovery_v1,relative_clock_offset_magnitude_s,ridge_recovery_probe,rmse_s,0.4194421414305467,lower,True,48,0.5,False
17,chronaris,contiguous_gap_05s,sim_clock_lag_recovery_v1,relative_clock_offset_magnitude_s,ridge_recovery_probe,tolerance_hit_rate,0.7083333333333334,higher,True,48,0.5,False
17,chronaris,contiguous_gap_05s,sim_clock_lag_recovery_v1,relative_clock_offset_magnitude_s,ridge_recovery_probe,spearman,,higher,False,48,0.5,False
17,chronaris,contiguous_gap_05s,sim_clock_lag_recovery_v1,primary_physiology_response_lag_s,ridge_recovery_probe,mae_s,5.464563362816634,lower,True,48,2.0,False
17,chronaris,contiguous_gap_05s,sim_clock_lag_recovery_v1,primary_physiology_response_lag_s,ridge_recovery_probe,rmse_s,6.70444666013395,lower,True,48,2.0,False
17,chronaris,contiguous_gap_05s,sim_clock_lag_recovery_v1,primary_physiology_response_lag_s,ridge_recovery_probe,tolerance_hit_rate,0.25,higher,True,48,2.0,False
17,chronaris,contiguous_gap_05s,sim_clock_lag_recovery_v1,primary_physiology_response_lag_s,ridge_recovery_probe,spearman,0.4554935540660239,higher,True,48,2.0,False
17,chronaris,contiguous_gap_15s,sim_clock_lag_recovery_v1,relative_clock_offset_magnitude_s,ridge_recovery_probe,mae_s,0.7359071616083384,lower,True,48,0.5,False
17,chronaris,contiguous_gap_15s,sim_clock_lag_recovery_v1,relative_clock_offset_magnitude_s,ridge_recovery_probe,rmse_s,0.8593060883831628,lower,True,48,0.5,False
17,chronaris,contiguous_gap_15s,sim_clock_lag_recovery_v1,relative_clock_offset_magnitude_s,ridge_recovery_probe,tolerance_hit_rate,0.3125,higher,True,48,0.5,False
17,chronaris,contiguous_gap_15s,sim_clock_lag_recovery_v1,relative_clock_offset_magnitude_s,ridge_recovery_probe,spearman,,higher,False,48,0.5,False
17,chronaris,contiguous_gap_15s,sim_clock_lag_recovery_v1,primary_physiology_response_lag_s,ridge_recovery_probe,mae_s,8.289659534285137,lower,True,48,2.0,False
17,chronaris,contiguous_gap_15s,sim_clock_lag_recovery_v1,primary_physiology_response_lag_s,ridge_recovery_probe,rmse_s,10.057256210686456,lower,True,48,2.0,False
17,chronaris,contiguous_gap_15s,sim_clock_lag_recovery_v1,primary_physiology_response_lag_s,ridge_recovery_probe,tolerance_hit_rate,0.125,higher,True,48,2.0,False
17,chronaris,contiguous_gap_15s,sim_clock_lag_recovery_v1,primary_physiology_response_lag_s,ridge_recovery_probe,spearman,0.1562067231523252,higher,True,48,2.0,False
17,chronaris,contiguous_gap_30s,sim_clock_lag_recovery_v1,relative_clock_offset_magnitude_s,ridge_recovery_probe,mae_s,1.0810300512239337,lower,True,48,0.5,False
17,chronaris,contiguous_gap_30s,sim_clock_lag_recovery_v1,relative_clock_offset_magnitude_s,ridge_recovery_probe,rmse_s,1.3002067510519049,lower,True,48,0.5,False
17,chronaris,contiguous_gap_30s,sim_clock_lag_recovery_v1,relative_clock_offset_magnitude_s,ridge_recovery_probe,tolerance_hit_rate,0.25,higher,True,48,0.5,False
17,chronaris,contiguous_gap_30s,sim_clock_lag_recovery_v1,relative_clock_offset_magnitude_s,ridge_recovery_probe,spearman,,higher,False,48,0.5,False
17,chronaris,contiguous_gap_30s,sim_clock_lag_recovery_v1,primary_physiology_response_lag_s,ridge_recovery_probe,mae_s,10.102641269827531,lower,True,48,2.0,False
17,chronaris,contiguous_gap_30s,sim_clock_lag_recovery_v1,primary_physiology_response_lag_s,ridge_recovery_probe,rmse_s,11.748980750899412,lower,True,48,2.0,False
17,chronaris,contiguous_gap_30s,sim_clock_lag_recovery_v1,primary_physiology_response_lag_s,ridge_recovery_probe,tolerance_hit_rate,0.08333333333333333,higher,True,48,2.0,False
17,chronaris,contiguous_gap_30s,sim_clock_lag_recovery_v1,primary_physiology_response_lag_s,ridge_recovery_probe,spearman,0.20083721548156097,higher,True,48,2.0,False
17,chronaris,physiology_lag_02s,sim_clock_lag_recovery_v1,relative_clock_offset_magnitude_s,ridge_recovery_probe,mae_s,0.18528878378371397,lower,True,48,0.5,False
17,chronaris,physiology_lag_02s,sim_clock_lag_recovery_v1,relative_clock_offset_magnitude_s,ridge_recovery_probe,rmse_s,0.24107081091480664,lower,True,48,0.5,False
17,chronaris,physiology_lag_02s,sim_clock_lag_recovery_v1,relative_clock_offset_magnitude_s,ridge_recovery_probe,tolerance_hit_rate,0.9166666666666666,higher,True,48,0.5,False
17,chronaris,physiology_lag_02s,sim_clock_lag_recovery_v1,relative_clock_offset_magnitude_s,ridge_recovery_probe,spearman,,higher,False,48,0.5,False
17,chronaris,physiology_lag_02s,sim_clock_lag_recovery_v1,primary_physiology_response_lag_s,ridge_recovery_probe,mae_s,4.179733135446597,lower,True,48,2.0,False
17,chronaris,physiology_lag_02s,sim_clock_lag_recovery_v1,primary_physiology_response_lag_s,ridge_recovery_probe,rmse_s,4.755461381922831,lower,True,48,2.0,False
17,chronaris,physiology_lag_02s,sim_clock_lag_recovery_v1,primary_physiology_response_lag_s,ridge_recovery_probe,tolerance_hit_rate,0.125,higher,True,48,2.0,False
17,chronaris,physiology_lag_02s,sim_clock_lag_recovery_v1,primary_physiology_response_lag_s,ridge_recovery_probe,spearman,0.5224392925598775,higher,True,48,2.0,False
17,chronaris,physiology_lag_05s,sim_clock_lag_recovery_v1,relative_clock_offset_magnitude_s,ridge_recovery_probe,mae_s,0.1827567374954621,lower,True,48,0.5,False
17,chronaris,physiology_lag_05s,sim_clock_lag_recovery_v1,relative_clock_offset_magnitude_s,ridge_recovery_probe,rmse_s,0.2360799962779206,lower,True,48,0.5,False
17,chronaris,physiology_lag_05s,sim_clock_lag_recovery_v1,relative_clock_offset_magnitude_s,ridge_recovery_probe,tolerance_hit_rate,0.9375,higher,True,48,0.5,False
17,chronaris,physiology_lag_05s,sim_clock_lag_recovery_v1,relative_clock_offset_magnitude_s,ridge_recovery_probe,spearman,,higher,False,48,0.5,False
17,chronaris,physiology_lag_05s,sim_clock_lag_recovery_v1,primary_physiology_response_lag_s,ridge_recovery_probe,mae_s,4.35173589012735,lower,True,48,2.0,False
17,chronaris,physiology_lag_05s,sim_clock_lag_recovery_v1,primary_physiology_response_lag_s,ridge_recovery_probe,rmse_s,5.55587123482357,lower,True,48,2.0,False
17,chronaris,physiology_lag_05s,sim_clock_lag_recovery_v1,primary_physiology_response_lag_s,ridge_recovery_probe,tolerance_hit_rate,0.3958333333333333,higher,True,48,2.0,False
17,chronaris,physiology_lag_05s,sim_clock_lag_recovery_v1,primary_physiology_response_lag_s,ridge_recovery_probe,spearman,0.5303152617944485,higher,True,48,2.0,False
17,chronaris,physiology_lag_15s,sim_clock_lag_recovery_v1,relative_clock_offset_magnitude_s,ridge_recovery_probe,mae_s,0.17720149426410595,lower,True,48,0.5,False
17,chronaris,physiology_lag_15s,sim_clock_lag_recovery_v1,relative_clock_offset_magnitude_s,ridge_recovery_probe,rmse_s,0.22506719065022168,lower,True,48,0.5,False
17,chronaris,physiology_lag_15s,sim_clock_lag_recovery_v1,relative_clock_offset_magnitude_s,ridge_recovery_probe,tolerance_hit_rate,0.9583333333333334,higher,True,48,0.5,False
17,chronaris,physiology_lag_15s,sim_clock_lag_recovery_v1,relative_clock_offset_magnitude_s,ridge_recovery_probe,spearman,,higher,False,48,0.5,False
17,chronaris,physiology_lag_15s,sim_clock_lag_recovery_v1,primary_physiology_response_lag_s,ridge_recovery_probe,mae_s,11.470711917718765,lower,True,48,2.0,False
17,chronaris,physiology_lag_15s,sim_clock_lag_recovery_v1,primary_physiology_response_lag_s,ridge_recovery_probe,rmse_s,12.325690932408873,lower,True,48,2.0,False
17,chronaris,physiology_lag_15s,sim_clock_lag_recovery_v1,primary_physiology_response_lag_s,ridge_recovery_probe,tolerance_hit_rate,0.020833333333333332,higher,True,48,2.0,False
17,chronaris,physiology_lag_15s,sim_clock_lag_recovery_v1,primary_physiology_response_lag_s,ridge_recovery_probe,spearman,0.5401602233376623,higher,True,48,2.0,False
17,chronaris,physiology_lag_30s,sim_clock_lag_recovery_v1,relative_clock_offset_magnitude_s,ridge_recovery_probe,mae_s,0.16189098885903755,lower,True,48,0.5,False
17,chronaris,physiology_lag_30s,sim_clock_lag_recovery_v1,relative_clock_offset_magnitude_s,ridge_recovery_probe,rmse_s,0.1987278891507352,lower,True,48,0.5,False
17,chronaris,physiology_lag_30s,sim_clock_lag_recovery_v1,relative_clock_offset_magnitude_s,ridge_recovery_probe,tolerance_hit_rate,1.0,higher,True,48,0.5,False
17,chronaris,physiology_lag_30s,sim_clock_lag_recovery_v1,relative_clock_offset_magnitude_s,ridge_recovery_probe,spearman,,higher,False,48,0.5,False
17,chronaris,physiology_lag_30s,sim_clock_lag_recovery_v1,primary_physiology_response_lag_s,ridge_recovery_probe,mae_s,23.658277736147756,lower,True,48,2.0,False
17,chronaris,physiology_lag_30s,sim_clock_lag_recovery_v1,primary_physiology_response_lag_s,ridge_recovery_probe,rmse_s,24.055535196178813,lower,True,48,2.0,False
17,chronaris,physiology_lag_30s,sim_clock_lag_recovery_v1,primary_physiology_response_lag_s,ridge_recovery_probe,tolerance_hit_rate,0.0,higher,True,48,2.0,False
17,chronaris,physiology_lag_30s,sim_clock_lag_recovery_v1,primary_physiology_response_lag_s,ridge_recovery_probe,spearman,0.5847907156668982,higher,True,48,2.0,False
17,chronaris,observation_snr_30db,sim_clock_lag_recovery_v1,relative_clock_offset_magnitude_s,ridge_recovery_probe,mae_s,0.1868062037974596,lower,True,48,0.5,False
17,chronaris,observation_snr_30db,sim_clock_lag_recovery_v1,relative_clock_offset_magnitude_s,ridge_recovery_probe,rmse_s,0.24428224698522708,lower,True,48,0.5,False
17,chronaris,observation_snr_30db,sim_clock_lag_recovery_v1,relative_clock_offset_magnitude_s,ridge_recovery_probe,tolerance_hit_rate,0.9166666666666666,higher,True,48,0.5,False
17,chronaris,observation_snr_30db,sim_clock_lag_recovery_v1,relative_clock_offset_magnitude_s,ridge_recovery_probe,spearman,,higher,False,48,0.5,False
17,chronaris,observation_snr_30db,sim_clock_lag_recovery_v1,primary_physiology_response_lag_s,ridge_recovery_probe,mae_s,4.3264711302275245,lower,True,48,2.0,False
17,chronaris,observation_snr_30db,sim_clock_lag_recovery_v1,primary_physiology_response_lag_s,ridge_recovery_probe,rmse_s,4.970649887109546,lower,True,48,2.0,False
17,chronaris,observation_snr_30db,sim_clock_lag_recovery_v1,primary_physiology_response_lag_s,ridge_recovery_probe,tolerance_hit_rate,0.20833333333333334,higher,True,48,2.0,False
17,chronaris,observation_snr_30db,sim_clock_lag_recovery_v1,primary_physiology_response_lag_s,ridge_recovery_probe,spearman,0.48699743100430803,higher,True,48,2.0,False
17,chronaris,observation_snr_20db,sim_clock_lag_recovery_v1,relative_clock_offset_magnitude_s,ridge_recovery_probe,mae_s,0.17117007356137037,lower,True,48,0.5,False
17,chronaris,observation_snr_20db,sim_clock_lag_recovery_v1,relative_clock_offset_magnitude_s,ridge_recovery_probe,rmse_s,0.22539360367524122,lower,True,48,0.5,False
17,chronaris,observation_snr_20db,sim_clock_lag_recovery_v1,relative_clock_offset_magnitude_s,ridge_recovery_probe,tolerance_hit_rate,0.9375,higher,True,48,0.5,False
17,chronaris,observation_snr_20db,sim_clock_lag_recovery_v1,relative_clock_offset_magnitude_s,ridge_recovery_probe,spearman,,higher,False,48,0.5,False
17,chronaris,observation_snr_20db,sim_clock_lag_recovery_v1,primary_physiology_response_lag_s,ridge_recovery_probe,mae_s,4.341939692870258,lower,True,48,2.0,False
17,chronaris,observation_snr_20db,sim_clock_lag_recovery_v1,primary_physiology_response_lag_s,ridge_recovery_probe,rmse_s,5.014337668389128,lower,True,48,2.0,False
17,chronaris,observation_snr_20db,sim_clock_lag_recovery_v1,primary_physiology_response_lag_s,ridge_recovery_probe,tolerance_hit_rate,0.20833333333333334,higher,True,48,2.0,False
17,chronaris,observation_snr_20db,sim_clock_lag_recovery_v1,primary_physiology_response_lag_s,ridge_recovery_probe,spearman,0.49159174639114106,higher,True,48,2.0,False
17,chronaris,observation_snr_10db,sim_clock_lag_recovery_v1,relative_clock_offset_magnitude_s,ridge_recovery_probe,mae_s,0.21519662408779064,lower,True,48,0.5,False
17,chronaris,observation_snr_10db,sim_clock_lag_recovery_v1,relative_clock_offset_magnitude_s,ridge_recovery_probe,rmse_s,0.2520435903396456,lower,True,48,0.5,False
17,chronaris,observation_snr_10db,sim_clock_lag_recovery_v1,relative_clock_offset_magnitude_s,ridge_recovery_probe,tolerance_hit_rate,0.9375,higher,True,48,0.5,False
17,chronaris,observation_snr_10db,sim_clock_lag_recovery_v1,relative_clock_offset_magnitude_s,ridge_recovery_probe,spearman,,higher,False,48,0.5,False
17,chronaris,observation_snr_10db,sim_clock_lag_recovery_v1,primary_physiology_response_lag_s,ridge_recovery_probe,mae_s,4.645415751492588,lower,True,48,2.0,False
17,chronaris,observation_snr_10db,sim_clock_lag_recovery_v1,primary_physiology_response_lag_s,ridge_recovery_probe,rmse_s,5.638468260245479,lower,True,48,2.0,False
17,chronaris,observation_snr_10db,sim_clock_lag_recovery_v1,primary_physiology_response_lag_s,ridge_recovery_probe,tolerance_hit_rate,0.2916666666666667,higher,True,48,2.0,False
17,chronaris,observation_snr_10db,sim_clock_lag_recovery_v1,primary_physiology_response_lag_s,ridge_recovery_probe,spearman,0.46205686176149974,higher,True,48,2.0,False
17,chronaris,observation_snr_05db,sim_clock_lag_recovery_v1,relative_clock_offset_magnitude_s,ridge_recovery_probe,mae_s,0.5426881996293863,lower,True,48,0.5,False
17,chronaris,observation_snr_05db,sim_clock_lag_recovery_v1,relative_clock_offset_magnitude_s,ridge_recovery_probe,rmse_s,0.6316373797871124,lower,True,48,0.5,False
17,chronaris,observation_snr_05db,sim_clock_lag_recovery_v1,relative_clock_offset_magnitude_s,ridge_recovery_probe,tolerance_hit_rate,0.4791666666666667,higher,True,48,0.5,False
17,chronaris,observation_snr_05db,sim_clock_lag_recovery_v1,relative_clock_offset_magnitude_s,ridge_recovery_probe,spearman,,higher,False,48,0.5,False
17,chronaris,observation_snr_05db,sim_clock_lag_recovery_v1,primary_physiology_response_lag_s,ridge_recovery_probe,mae_s,6.104177901620886,lower,True,48,2.0,False
17,chronaris,observation_snr_05db,sim_clock_lag_recovery_v1,primary_physiology_response_lag_s,ridge_recovery_probe,rmse_s,7.596939309621822,lower,True,48,2.0,False
17,chronaris,observation_snr_05db,sim_clock_lag_recovery_v1,primary_physiology_response_lag_s,ridge_recovery_probe,tolerance_hit_rate,0.25,higher,True,48,2.0,False
17,chronaris,observation_snr_05db,sim_clock_lag_recovery_v1,primary_physiology_response_lag_s,ridge_recovery_probe,spearman,0.46993283099607075,higher,True,48,2.0,False
17,chronaris,mixed_severe,sim_clock_lag_recovery_v1,relative_clock_offset_magnitude_s,ridge_recovery_probe,mae_s,1.5595603349308174,lower,True,48,0.5,False
17,chronaris,mixed_severe,sim_clock_lag_recovery_v1,relative_clock_offset_magnitude_s,ridge_recovery_probe,rmse_s,1.6761010497314333,lower,True,48,0.5,False
17,chronaris,mixed_severe,sim_clock_lag_recovery_v1,relative_clock_offset_magnitude_s,ridge_recovery_probe,tolerance_hit_rate,0.0,higher,True,48,0.5,False
17,chronaris,mixed_severe,sim_clock_lag_recovery_v1,relative_clock_offset_magnitude_s,ridge_recovery_probe,spearman,,higher,False,48,0.5,False
17,chronaris,mixed_severe,sim_clock_lag_recovery_v1,primary_physiology_response_lag_s,ridge_recovery_probe,mae_s,5.717567476559438,lower,True,48,2.0,False
17,chronaris,mixed_severe,sim_clock_lag_recovery_v1,primary_physiology_response_lag_s,ridge_recovery_probe,rmse_s,7.178464093982751,lower,True,48,2.0,False
17,chronaris,mixed_severe,sim_clock_lag_recovery_v1,primary_physiology_response_lag_s,ridge_recovery_probe,tolerance_hit_rate,0.2708333333333333,higher,True,48,2.0,False
17,chronaris,mixed_severe,sim_clock_lag_recovery_v1,primary_physiology_response_lag_s,ridge_recovery_probe,spearman,0.1667080154650866,higher,True,48,2.0,False
29,naive_time_sync,timestamp_jitter_000ms,sim_clock_lag_recovery_v1,relative_clock_offset_magnitude_s,ridge_recovery_probe,mae_s,0.9799133585765958,lower,True,48,0.5,False
29,naive_time_sync,timestamp_jitter_000ms,sim_clock_lag_recovery_v1,relative_clock_offset_magnitude_s,ridge_recovery_probe,rmse_s,0.9897024383058284,lower,True,48,0.5,False
29,naive_time_sync,timestamp_jitter_000ms,sim_clock_lag_recovery_v1,relative_clock_offset_magnitude_s,ridge_recovery_probe,tolerance_hit_rate,0.0,higher,True,48,0.5,False
29,naive_time_sync,timestamp_jitter_000ms,sim_clock_lag_recovery_v1,relative_clock_offset_magnitude_s,ridge_recovery_probe,spearman,,higher,False,48,0.5,False
29,naive_time_sync,timestamp_jitter_000ms,sim_clock_lag_recovery_v1,primary_physiology_response_lag_s,ridge_recovery_probe,mae_s,6.369693518443256,lower,True,48,2.0,False
29,naive_time_sync,timestamp_jitter_000ms,sim_clock_lag_recovery_v1,primary_physiology_response_lag_s,ridge_recovery_probe,rmse_s,7.786453968342079,lower,True,48,2.0,False
29,naive_time_sync,timestamp_jitter_000ms,sim_clock_lag_recovery_v1,primary_physiology_response_lag_s,ridge_recovery_probe,tolerance_hit_rate,0.16666666666666666,higher,True,48,2.0,False
29,naive_time_sync,timestamp_jitter_000ms,sim_clock_lag_recovery_v1,primary_physiology_response_lag_s,ridge_recovery_probe,spearman,-0.12798450006177906,higher,True,48,2.0,False
29,naive_time_sync,timestamp_jitter_020ms,sim_clock_lag_recovery_v1,relative_clock_offset_magnitude_s,ridge_recovery_probe,mae_s,1.113757695692281,lower,True,48,0.5,False
29,naive_time_sync,timestamp_jitter_020ms,sim_clock_lag_recovery_v1,relative_clock_offset_magnitude_s,ridge_recovery_probe,rmse_s,1.1226242452718302,lower,True,48,0.5,False
29,naive_time_sync,timestamp_jitter_020ms,sim_clock_lag_recovery_v1,relative_clock_offset_magnitude_s,ridge_recovery_probe,tolerance_hit_rate,0.0,higher,True,48,0.5,False
29,naive_time_sync,timestamp_jitter_020ms,sim_clock_lag_recovery_v1,relative_clock_offset_magnitude_s,ridge_recovery_probe,spearman,,higher,False,48,0.5,False
29,naive_time_sync,timestamp_jitter_020ms,sim_clock_lag_recovery_v1,primary_physiology_response_lag_s,ridge_recovery_probe,mae_s,7.061898947520405,lower,True,48,2.0,False
29,naive_time_sync,timestamp_jitter_020ms,sim_clock_lag_recovery_v1,primary_physiology_response_lag_s,ridge_recovery_probe,rmse_s,8.430478576170866,lower,True,48,2.0,False
29,naive_time_sync,timestamp_jitter_020ms,sim_clock_lag_recovery_v1,primary_physiology_response_lag_s,ridge_recovery_probe,tolerance_hit_rate,0.020833333333333332,higher,True,48,2.0,False
29,naive_time_sync,timestamp_jitter_020ms,sim_clock_lag_recovery_v1,primary_physiology_response_lag_s,ridge_recovery_probe,spearman,-0.13717313083544524,higher,True,48,2.0,False
29,naive_time_sync,timestamp_jitter_050ms,sim_clock_lag_recovery_v1,relative_clock_offset_magnitude_s,ridge_recovery_probe,mae_s,1.182002689068516,lower,True,48,0.5,False
29,naive_time_sync,timestamp_jitter_050ms,sim_clock_lag_recovery_v1,relative_clock_offset_magnitude_s,ridge_recovery_probe,rmse_s,1.1901101280130268,lower,True,48,0.5,False
29,naive_time_sync,timestamp_jitter_050ms,sim_clock_lag_recovery_v1,relative_clock_offset_magnitude_s,ridge_recovery_probe,tolerance_hit_rate,0.0,higher,True,48,0.5,False
29,naive_time_sync,timestamp_jitter_050ms,sim_clock_lag_recovery_v1,relative_clock_offset_magnitude_s,ridge_recovery_probe,spearman,,higher,False,48,0.5,False
29,naive_time_sync,timestamp_jitter_050ms,sim_clock_lag_recovery_v1,primary_physiology_response_lag_s,ridge_recovery_probe,mae_s,7.313281268639713,lower,True,48,2.0,False
29,naive_time_sync,timestamp_jitter_050ms,sim_clock_lag_recovery_v1,primary_physiology_response_lag_s,ridge_recovery_probe,rmse_s,8.692892067135388,lower,True,48,2.0,False
29,naive_time_sync,timestamp_jitter_050ms,sim_clock_lag_recovery_v1,primary_physiology_response_lag_s,ridge_recovery_probe,tolerance_hit_rate,0.0,higher,True,48,2.0,False
29,naive_time_sync,timestamp_jitter_050ms,sim_clock_lag_recovery_v1,primary_physiology_response_lag_s,ridge_recovery_probe,spearman,-0.13586046929635007,higher,True,48,2.0,False
29,naive_time_sync,timestamp_jitter_100ms,sim_clock_lag_recovery_v1,relative_clock_offset_magnitude_s,ridge_recovery_probe,mae_s,1.2649144589280088,lower,True,48,0.5,False
29,naive_time_sync,timestamp_jitter_100ms,sim_clock_lag_recovery_v1,relative_clock_offset_magnitude_s,ridge_recovery_probe,rmse_s,1.2729903670779055,lower,True,48,0.5,False
29,naive_time_sync,timestamp_jitter_100ms,sim_clock_lag_recovery_v1,relative_clock_offset_magnitude_s,ridge_recovery_probe,tolerance_hit_rate,0.0,higher,True,48,0.5,False
29,naive_time_sync,timestamp_jitter_100ms,sim_clock_lag_recovery_v1,relative_clock_offset_magnitude_s,ridge_recovery_probe,spearman,,higher,False,48,0.5,False
29,naive_time_sync,timestamp_jitter_100ms,sim_clock_lag_recovery_v1,primary_physiology_response_lag_s,ridge_recovery_probe,mae_s,7.624481276436001,lower,True,48,2.0,False
29,naive_time_sync,timestamp_jitter_100ms,sim_clock_lag_recovery_v1,primary_physiology_response_lag_s,ridge_recovery_probe,rmse_s,9.025754987090197,lower,True,48,2.0,False
29,naive_time_sync,timestamp_jitter_100ms,sim_clock_lag_recovery_v1,primary_physiology_response_lag_s,ridge_recovery_probe,tolerance_hit_rate,0.020833333333333332,higher,True,48,2.0,False
29,naive_time_sync,timestamp_jitter_100ms,sim_clock_lag_recovery_v1,primary_physiology_response_lag_s,ridge_recovery_probe,spearman,-0.13192248467906456,higher,True,48,2.0,False
29,naive_time_sync,clock_offset_+0.00s,sim_clock_lag_recovery_v1,relative_clock_offset_magnitude_s,ridge_recovery_probe,mae_s,0.9799133585765958,lower,True,48,0.5,False
29,naive_time_sync,clock_offset_+0.00s,sim_clock_lag_recovery_v1,relative_clock_offset_magnitude_s,ridge_recovery_probe,rmse_s,0.9897024383058284,lower,True,48,0.5,False
29,naive_time_sync,clock_offset_+0.00s,sim_clock_lag_recovery_v1,relative_clock_offset_magnitude_s,ridge_recovery_probe,tolerance_hit_rate,0.0,higher,True,48,0.5,False
29,naive_time_sync,clock_offset_+0.00s,sim_clock_lag_recovery_v1,relative_clock_offset_magnitude_s,ridge_recovery_probe,spearman,,higher,False,48,0.5,False
29,naive_time_sync,clock_offset_+0.00s,sim_clock_lag_recovery_v1,primary_physiology_response_lag_s,ridge_recovery_probe,mae_s,6.369693518443256,lower,True,48,2.0,False
29,naive_time_sync,clock_offset_+0.00s,sim_clock_lag_recovery_v1,primary_physiology_response_lag_s,ridge_recovery_probe,rmse_s,7.786453968342079,lower,True,48,2.0,False
29,naive_time_sync,clock_offset_+0.00s,sim_clock_lag_recovery_v1,primary_physiology_response_lag_s,ridge_recovery_probe,tolerance_hit_rate,0.16666666666666666,higher,True,48,2.0,False
29,naive_time_sync,clock_offset_+0.00s,sim_clock_lag_recovery_v1,primary_physiology_response_lag_s,ridge_recovery_probe,spearman,-0.12798450006177906,higher,True,48,2.0,False
29,naive_time_sync,clock_offset_-0.25s,sim_clock_lag_recovery_v1,relative_clock_offset_magnitude_s,ridge_recovery_probe,mae_s,0.7767858086153865,lower,True,48,0.5,False
29,naive_time_sync,clock_offset_-0.25s,sim_clock_lag_recovery_v1,relative_clock_offset_magnitude_s,ridge_recovery_probe,rmse_s,0.7889331046512891,lower,True,48,0.5,False
29,naive_time_sync,clock_offset_-0.25s,sim_clock_lag_recovery_v1,relative_clock_offset_magnitude_s,ridge_recovery_probe,tolerance_hit_rate,0.020833333333333332,higher,True,48,0.5,False
29,naive_time_sync,clock_offset_-0.25s,sim_clock_lag_recovery_v1,relative_clock_offset_magnitude_s,ridge_recovery_probe,spearman,,higher,False,48,0.5,False
29,naive_time_sync,clock_offset_-0.25s,sim_clock_lag_recovery_v1,primary_physiology_response_lag_s,ridge_recovery_probe,mae_s,6.6643756635619695,lower,True,48,2.0,False
29,naive_time_sync,clock_offset_-0.25s,sim_clock_lag_recovery_v1,primary_physiology_response_lag_s,ridge_recovery_probe,rmse_s,8.06092922645101,lower,True,48,2.0,False
29,naive_time_sync,clock_offset_-0.25s,sim_clock_lag_recovery_v1,primary_physiology_response_lag_s,ridge_recovery_probe,tolerance_hit_rate,0.125,higher,True,48,2.0,False
29,naive_time_sync,clock_offset_-0.25s,sim_clock_lag_recovery_v1,primary_physiology_response_lag_s,ridge_recovery_probe,spearman,-0.13323514621815974,higher,True,48,2.0,False
29,naive_time_sync,clock_offset_+0.25s,sim_clock_lag_recovery_v1,relative_clock_offset_magnitude_s,ridge_recovery_probe,mae_s,0.7756672548130155,lower,True,48,0.5,False
29,naive_time_sync,clock_offset_+0.25s,sim_clock_lag_recovery_v1,relative_clock_offset_magnitude_s,ridge_recovery_probe,rmse_s,0.787862455821465,lower,True,48,0.5,False
29,naive_time_sync,clock_offset_+0.25s,sim_clock_lag_recovery_v1,relative_clock_offset_magnitude_s,ridge_recovery_probe,tolerance_hit_rate,0.020833333333333332,higher,True,48,0.5,False
29,naive_time_sync,clock_offset_+0.25s,sim_clock_lag_recovery_v1,relative_clock_offset_magnitude_s,ridge_recovery_probe,spearman,,higher,False,48,0.5,False
29,naive_time_sync,clock_offset_+0.25s,sim_clock_lag_recovery_v1,primary_physiology_response_lag_s,ridge_recovery_probe,mae_s,6.682736611131181,lower,True,48,2.0,False
29,naive_time_sync,clock_offset_+0.25s,sim_clock_lag_recovery_v1,primary_physiology_response_lag_s,ridge_recovery_probe,rmse_s,8.074289065435723,lower,True,48,2.0,False
29,naive_time_sync,clock_offset_+0.25s,sim_clock_lag_recovery_v1,primary_physiology_response_lag_s,ridge_recovery_probe,tolerance_hit_rate,0.125,higher,True,48,2.0,False
29,naive_time_sync,clock_offset_+0.25s,sim_clock_lag_recovery_v1,primary_physiology_response_lag_s,ridge_recovery_probe,spearman,-0.1253591769835887,higher,True,48,2.0,False
29,naive_time_sync,clock_offset_-1.00s,sim_clock_lag_recovery_v1,relative_clock_offset_magnitude_s,ridge_recovery_probe,mae_s,0.11318202347805102,lower,True,48,0.5,False
29,naive_time_sync,clock_offset_-1.00s,sim_clock_lag_recovery_v1,relative_clock_offset_magnitude_s,ridge_recovery_probe,rmse_s,0.1404208013447772,lower,True,48,0.5,False
29,naive_time_sync,clock_offset_-1.00s,sim_clock_lag_recovery_v1,relative_clock_offset_magnitude_s,ridge_recovery_probe,tolerance_hit_rate,1.0,higher,True,48,0.5,False
29,naive_time_sync,clock_offset_-1.00s,sim_clock_lag_recovery_v1,relative_clock_offset_magnitude_s,ridge_recovery_probe,spearman,,higher,False,48,0.5,False
29,naive_time_sync,clock_offset_-1.00s,sim_clock_lag_recovery_v1,primary_physiology_response_lag_s,ridge_recovery_probe,mae_s,6.346471578641086,lower,True,48,2.0,False
29,naive_time_sync,clock_offset_-1.00s,sim_clock_lag_recovery_v1,primary_physiology_response_lag_s,ridge_recovery_probe,rmse_s,7.7691032531851025,lower,True,48,2.0,False
29,naive_time_sync,clock_offset_-1.00s,sim_clock_lag_recovery_v1,primary_physiology_response_lag_s,ridge_recovery_probe,tolerance_hit_rate,0.16666666666666666,higher,True,48,2.0,False
29,naive_time_sync,clock_offset_-1.00s,sim_clock_lag_recovery_v1,primary_physiology_response_lag_s,ridge_recovery_probe,spearman,-0.13389147698770731,higher,True,48,2.0,False
29,naive_time_sync,clock_offset_+1.00s,sim_clock_lag_recovery_v1,relative_clock_offset_magnitude_s,ridge_recovery_probe,mae_s,0.11262408085167408,lower,True,48,0.5,False
29,naive_time_sync,clock_offset_+1.00s,sim_clock_lag_recovery_v1,relative_clock_offset_magnitude_s,ridge_recovery_probe,rmse_s,0.14103300057134432,lower,True,48,0.5,False
29,naive_time_sync,clock_offset_+1.00s,sim_clock_lag_recovery_v1,relative_clock_offset_magnitude_s,ridge_recovery_probe,tolerance_hit_rate,1.0,higher,True,48,0.5,False
29,naive_time_sync,clock_offset_+1.00s,sim_clock_lag_recovery_v1,relative_clock_offset_magnitude_s,ridge_recovery_probe,spearman,,higher,False,48,0.5,False
29,naive_time_sync,clock_offset_+1.00s,sim_clock_lag_recovery_v1,primary_physiology_response_lag_s,ridge_recovery_probe,mae_s,6.3914707161618765,lower,True,48,2.0,False
29,naive_time_sync,clock_offset_+1.00s,sim_clock_lag_recovery_v1,primary_physiology_response_lag_s,ridge_recovery_probe,rmse_s,7.80225024690878,lower,True,48,2.0,False
29,naive_time_sync,clock_offset_+1.00s,sim_clock_lag_recovery_v1,primary_physiology_response_lag_s,ridge_recovery_probe,tolerance_hit_rate,0.16666666666666666,higher,True,48,2.0,False
29,naive_time_sync,clock_offset_+1.00s,sim_clock_lag_recovery_v1,primary_physiology_response_lag_s,ridge_recovery_probe,spearman,-0.1260155077531363,higher,True,48,2.0,False
29,naive_time_sync,clock_offset_-3.00s,sim_clock_lag_recovery_v1,relative_clock_offset_magnitude_s,ridge_recovery_probe,mae_s,2.011693031837543,lower,True,48,0.5,False
29,naive_time_sync,clock_offset_-3.00s,sim_clock_lag_recovery_v1,relative_clock_offset_magnitude_s,ridge_recovery_probe,rmse_s,2.0165033649441906,lower,True,48,0.5,False
29,naive_time_sync,clock_offset_-3.00s,sim_clock_lag_recovery_v1,relative_clock_offset_magnitude_s,ridge_recovery_probe,tolerance_hit_rate,0.0,higher,True,48,0.5,False
29,naive_time_sync,clock_offset_-3.00s,sim_clock_lag_recovery_v1,relative_clock_offset_magnitude_s,ridge_recovery_probe,spearman,,higher,False,48,0.5,False
29,naive_time_sync,clock_offset_-3.00s,sim_clock_lag_recovery_v1,primary_physiology_response_lag_s,ridge_recovery_probe,mae_s,6.303888406121085,lower,True,48,2.0,False
29,naive_time_sync,clock_offset_-3.00s,sim_clock_lag_recovery_v1,primary_physiology_response_lag_s,ridge_recovery_probe,rmse_s,7.738107650099669,lower,True,48,2.0,False
29,naive_time_sync,clock_offset_-3.00s,sim_clock_lag_recovery_v1,primary_physiology_response_lag_s,ridge_recovery_probe,tolerance_hit_rate,0.1875,higher,True,48,2.0,False
29,naive_time_sync,clock_offset_-3.00s,sim_clock_lag_recovery_v1,primary_physiology_response_lag_s,ridge_recovery_probe,spearman,-0.139142123144088,higher,True,48,2.0,False
29,naive_time_sync,clock_offset_+3.00s,sim_clock_lag_recovery_v1,relative_clock_offset_magnitude_s,ridge_recovery_probe,mae_s,2.027537313910822,lower,True,48,0.5,False
29,naive_time_sync,clock_offset_+3.00s,sim_clock_lag_recovery_v1,relative_clock_offset_magnitude_s,ridge_recovery_probe,rmse_s,2.0322931768015433,lower,True,48,0.5,False
29,naive_time_sync,clock_offset_+3.00s,sim_clock_lag_recovery_v1,relative_clock_offset_magnitude_s,ridge_recovery_probe,tolerance_hit_rate,0.0,higher,True,48,0.5,False
29,naive_time_sync,clock_offset_+3.00s,sim_clock_lag_recovery_v1,relative_clock_offset_magnitude_s,ridge_recovery_probe,spearman,,higher,False,48,0.5,False
29,naive_time_sync,clock_offset_+3.00s,sim_clock_lag_recovery_v1,primary_physiology_response_lag_s,ridge_recovery_probe,mae_s,6.44562450623845,lower,True,48,2.0,False
29,naive_time_sync,clock_offset_+3.00s,sim_clock_lag_recovery_v1,primary_physiology_response_lag_s,ridge_recovery_probe,rmse_s,7.843057209983728,lower,True,48,2.0,False
29,naive_time_sync,clock_offset_+3.00s,sim_clock_lag_recovery_v1,primary_physiology_response_lag_s,ridge_recovery_probe,tolerance_hit_rate,0.16666666666666666,higher,True,48,2.0,False
29,naive_time_sync,clock_offset_+3.00s,sim_clock_lag_recovery_v1,primary_physiology_response_lag_s,ridge_recovery_probe,spearman,-0.1214211923663032,higher,True,48,2.0,False
29,naive_time_sync,clock_drift_+000ppm,sim_clock_lag_recovery_v1,relative_clock_offset_magnitude_s,ridge_recovery_probe,mae_s,0.9799133585765958,lower,True,48,0.5,False
29,naive_time_sync,clock_drift_+000ppm,sim_clock_lag_recovery_v1,relative_clock_offset_magnitude_s,ridge_recovery_probe,rmse_s,0.9897024383058284,lower,True,48,0.5,False
29,naive_time_sync,clock_drift_+000ppm,sim_clock_lag_recovery_v1,relative_clock_offset_magnitude_s,ridge_recovery_probe,tolerance_hit_rate,0.0,higher,True,48,0.5,False
29,naive_time_sync,clock_drift_+000ppm,sim_clock_lag_recovery_v1,relative_clock_offset_magnitude_s,ridge_recovery_probe,spearman,,higher,False,48,0.5,False
29,naive_time_sync,clock_drift_+000ppm,sim_clock_lag_recovery_v1,primary_physiology_response_lag_s,ridge_recovery_probe,mae_s,6.369693518443256,lower,True,48,2.0,False
29,naive_time_sync,clock_drift_+000ppm,sim_clock_lag_recovery_v1,primary_physiology_response_lag_s,ridge_recovery_probe,rmse_s,7.786453968342079,lower,True,48,2.0,False
29,naive_time_sync,clock_drift_+000ppm,sim_clock_lag_recovery_v1,primary_physiology_response_lag_s,ridge_recovery_probe,tolerance_hit_rate,0.16666666666666666,higher,True,48,2.0,False
29,naive_time_sync,clock_drift_+000ppm,sim_clock_lag_recovery_v1,primary_physiology_response_lag_s,ridge_recovery_probe,spearman,-0.12798450006177906,higher,True,48,2.0,False
29,naive_time_sync,clock_drift_-050ppm,sim_clock_lag_recovery_v1,relative_clock_offset_magnitude_s,ridge_recovery_probe,mae_s,1.0894875262553494,lower,True,48,0.5,False
29,naive_time_sync,clock_drift_-050ppm,sim_clock_lag_recovery_v1,relative_clock_offset_magnitude_s,ridge_recovery_probe,rmse_s,1.0980978274546074,lower,True,48,0.5,False
29,naive_time_sync,clock_drift_-050ppm,sim_clock_lag_recovery_v1,relative_clock_offset_magnitude_s,ridge_recovery_probe,tolerance_hit_rate,0.0,higher,True,48,0.5,False
29,naive_time_sync,clock_drift_-050ppm,sim_clock_lag_recovery_v1,relative_clock_offset_magnitude_s,ridge_recovery_probe,spearman,,higher,False,48,0.5,False
29,naive_time_sync,clock_drift_-050ppm,sim_clock_lag_recovery_v1,primary_physiology_response_lag_s,ridge_recovery_probe,mae_s,7.063339323563724,lower,True,48,2.0,False
29,naive_time_sync,clock_drift_-050ppm,sim_clock_lag_recovery_v1,primary_physiology_response_lag_s,ridge_recovery_probe,rmse_s,8.44604378758651,lower,True,48,2.0,False
29,naive_time_sync,clock_drift_-050ppm,sim_clock_lag_recovery_v1,primary_physiology_response_lag_s,ridge_recovery_probe,tolerance_hit_rate,0.0,higher,True,48,2.0,False
29,naive_time_sync,clock_drift_-050ppm,sim_clock_lag_recovery_v1,primary_physiology_response_lag_s,ridge_recovery_probe,spearman,-0.12667183852268388,higher,True,48,2.0,False
29,naive_time_sync,clock_drift_+050ppm,sim_clock_lag_recovery_v1,relative_clock_offset_magnitude_s,ridge_recovery_probe,mae_s,1.1431127122292917,lower,True,48,0.5,False
29,naive_time_sync,clock_drift_+050ppm,sim_clock_lag_recovery_v1,relative_clock_offset_magnitude_s,ridge_recovery_probe,rmse_s,1.1514228559796584,lower,True,48,0.5,False
29,naive_time_sync,clock_drift_+050ppm,sim_clock_lag_recovery_v1,relative_clock_offset_magnitude_s,ridge_recovery_probe,tolerance_hit_rate,0.0,higher,True,48,0.5,False
29,naive_time_sync,clock_drift_+050ppm,sim_clock_lag_recovery_v1,relative_clock_offset_magnitude_s,ridge_recovery_probe,spearman,,higher,False,48,0.5,False
29,naive_time_sync,clock_drift_+050ppm,sim_clock_lag_recovery_v1,primary_physiology_response_lag_s,ridge_recovery_probe,mae_s,7.2843317744765175,lower,True,48,2.0,False
29,naive_time_sync,clock_drift_+050ppm,sim_clock_lag_recovery_v1,primary_physiology_response_lag_s,ridge_recovery_probe,rmse_s,8.669945471645084,lower,True,48,2.0,False
29,naive_time_sync,clock_drift_+050ppm,sim_clock_lag_recovery_v1,primary_physiology_response_lag_s,ridge_recovery_probe,tolerance_hit_rate,0.0,higher,True,48,2.0,False
29,naive_time_sync,clock_drift_+050ppm,sim_clock_lag_recovery_v1,primary_physiology_response_lag_s,ridge_recovery_probe,spearman,-0.12864083083132663,higher,True,48,2.0,False
29,naive_time_sync,clock_drift_-100ppm,sim_clock_lag_recovery_v1,relative_clock_offset_magnitude_s,ridge_recovery_probe,mae_s,1.0985758112122614,lower,True,48,0.5,False
29,naive_time_sync,clock_drift_-100ppm,sim_clock_lag_recovery_v1,relative_clock_offset_magnitude_s,ridge_recovery_probe,rmse_s,1.1071132584569663,lower,True,48,0.5,False
29,naive_time_sync,clock_drift_-100ppm,sim_clock_lag_recovery_v1,relative_clock_offset_magnitude_s,ridge_recovery_probe,tolerance_hit_rate,0.0,higher,True,48,0.5,False
29,naive_time_sync,clock_drift_-100ppm,sim_clock_lag_recovery_v1,relative_clock_offset_magnitude_s,ridge_recovery_probe,spearman,,higher,False,48,0.5,False
29,naive_time_sync,clock_drift_-100ppm,sim_clock_lag_recovery_v1,primary_physiology_response_lag_s,ridge_recovery_probe,mae_s,7.11070882853205,lower,True,48,2.0,False
29,naive_time_sync,clock_drift_-100ppm,sim_clock_lag_recovery_v1,primary_physiology_response_lag_s,ridge_recovery_probe,rmse_s,8.493456854034225,lower,True,48,2.0,False
29,naive_time_sync,clock_drift_-100ppm,sim_clock_lag_recovery_v1,primary_physiology_response_lag_s,ridge_recovery_probe,tolerance_hit_rate,0.0,higher,True,48,2.0,False
29,naive_time_sync,clock_drift_-100ppm,sim_clock_lag_recovery_v1,primary_physiology_response_lag_s,ridge_recovery_probe,spearman,-0.12470284621404112,higher,True,48,2.0,False
29,naive_time_sync,clock_drift_+100ppm,sim_clock_lag_recovery_v1,relative_clock_offset_magnitude_s,ridge_recovery_probe,mae_s,1.133878163062036,lower,True,48,0.5,False
29,naive_time_sync,clock_drift_+100ppm,sim_clock_lag_recovery_v1,relative_clock_offset_magnitude_s,ridge_recovery_probe,rmse_s,1.1422474865997507,lower,True,48,0.5,False
29,naive_time_sync,clock_drift_+100ppm,sim_clock_lag_recovery_v1,relative_clock_offset_magnitude_s,ridge_recovery_probe,tolerance_hit_rate,0.0,higher,True,48,0.5,False
29,naive_time_sync,clock_drift_+100ppm,sim_clock_lag_recovery_v1,relative_clock_offset_magnitude_s,ridge_recovery_probe,spearman,,higher,False,48,0.5,False
29,naive_time_sync,clock_drift_+100ppm,sim_clock_lag_recovery_v1,primary_physiology_response_lag_s,ridge_recovery_probe,mae_s,7.23675026075378,lower,True,48,2.0,False
29,naive_time_sync,clock_drift_+100ppm,sim_clock_lag_recovery_v1,primary_physiology_response_lag_s,ridge_recovery_probe,rmse_s,8.621720631888726,lower,True,48,2.0,False
29,naive_time_sync,clock_drift_+100ppm,sim_clock_lag_recovery_v1,primary_physiology_response_lag_s,ridge_recovery_probe,tolerance_hit_rate,0.0,higher,True,48,2.0,False
29,naive_time_sync,clock_drift_+100ppm,sim_clock_lag_recovery_v1,primary_physiology_response_lag_s,ridge_recovery_probe,spearman,-0.12864083083132663,higher,True,48,2.0,False
29,naive_time_sync,clock_drift_-250ppm,sim_clock_lag_recovery_v1,relative_clock_offset_magnitude_s,ridge_recovery_probe,mae_s,1.126239910100897,lower,True,48,0.5,False
29,naive_time_sync,clock_drift_-250ppm,sim_clock_lag_recovery_v1,relative_clock_offset_magnitude_s,ridge_recovery_probe,rmse_s,1.1345773817460278,lower,True,48,0.5,False
29,naive_time_sync,clock_drift_-250ppm,sim_clock_lag_recovery_v1,relative_clock_offset_magnitude_s,ridge_recovery_probe,tolerance_hit_rate,0.0,higher,True,48,0.5,False
29,naive_time_sync,clock_drift_-250ppm,sim_clock_lag_recovery_v1,relative_clock_offset_magnitude_s,ridge_recovery_probe,spearman,,higher,False,48,0.5,False
29,naive_time_sync,clock_drift_-250ppm,sim_clock_lag_recovery_v1,primary_physiology_response_lag_s,ridge_recovery_probe,mae_s,7.25522547539408,lower,True,48,2.0,False
29,naive_time_sync,clock_drift_-250ppm,sim_clock_lag_recovery_v1,primary_physiology_response_lag_s,ridge_recovery_probe,rmse_s,8.638528278071918,lower,True,48,2.0,False
29,naive_time_sync,clock_drift_-250ppm,sim_clock_lag_recovery_v1,primary_physiology_response_lag_s,ridge_recovery_probe,tolerance_hit_rate,0.0,higher,True,48,2.0,False
29,naive_time_sync,clock_drift_-250ppm,sim_clock_lag_recovery_v1,primary_physiology_response_lag_s,ridge_recovery_probe,spearman,-0.1253591769835887,higher,True,48,2.0,False
29,naive_time_sync,clock_drift_+250ppm,sim_clock_lag_recovery_v1,relative_clock_offset_magnitude_s,ridge_recovery_probe,mae_s,1.1061928387110431,lower,True,48,0.5,False
29,naive_time_sync,clock_drift_+250ppm,sim_clock_lag_recovery_v1,relative_clock_offset_magnitude_s,ridge_recovery_probe,rmse_s,1.1147653782372369,lower,True,48,0.5,False
29,naive_time_sync,clock_drift_+250ppm,sim_clock_lag_recovery_v1,relative_clock_offset_magnitude_s,ridge_recovery_probe,tolerance_hit_rate,0.0,higher,True,48,0.5,False
29,naive_time_sync,clock_drift_+250ppm,sim_clock_lag_recovery_v1,relative_clock_offset_magnitude_s,ridge_recovery_probe,spearman,,higher,False,48,0.5,False
29,naive_time_sync,clock_drift_+250ppm,sim_clock_lag_recovery_v1,primary_physiology_response_lag_s,ridge_recovery_probe,mae_s,7.092553159359444,lower,True,48,2.0,False
29,naive_time_sync,clock_drift_+250ppm,sim_clock_lag_recovery_v1,primary_physiology_response_lag_s,ridge_recovery_probe,rmse_s,8.476826043153423,lower,True,48,2.0,False
29,naive_time_sync,clock_drift_+250ppm,sim_clock_lag_recovery_v1,primary_physiology_response_lag_s,ridge_recovery_probe,tolerance_hit_rate,0.0,higher,True,48,2.0,False
29,naive_time_sync,clock_drift_+250ppm,sim_clock_lag_recovery_v1,primary_physiology_response_lag_s,ridge_recovery_probe,spearman,-0.12732816929223148,higher,True,48,2.0,False
29,naive_time_sync,random_missing_00pct,sim_clock_lag_recovery_v1,relative_clock_offset_magnitude_s,ridge_recovery_probe,mae_s,0.9799133585765958,lower,True,48,0.5,False
29,naive_time_sync,random_missing_00pct,sim_clock_lag_recovery_v1,relative_clock_offset_magnitude_s,ridge_recovery_probe,rmse_s,0.9897024383058284,lower,True,48,0.5,False
29,naive_time_sync,random_missing_00pct,sim_clock_lag_recovery_v1,relative_clock_offset_magnitude_s,ridge_recovery_probe,tolerance_hit_rate,0.0,higher,True,48,0.5,False
29,naive_time_sync,random_missing_00pct,sim_clock_lag_recovery_v1,relative_clock_offset_magnitude_s,ridge_recovery_probe,spearman,,higher,False,48,0.5,False
29,naive_time_sync,random_missing_00pct,sim_clock_lag_recovery_v1,primary_physiology_response_lag_s,ridge_recovery_probe,mae_s,6.369693518443256,lower,True,48,2.0,False
29,naive_time_sync,random_missing_00pct,sim_clock_lag_recovery_v1,primary_physiology_response_lag_s,ridge_recovery_probe,rmse_s,7.786453968342079,lower,True,48,2.0,False
29,naive_time_sync,random_missing_00pct,sim_clock_lag_recovery_v1,primary_physiology_response_lag_s,ridge_recovery_probe,tolerance_hit_rate,0.16666666666666666,higher,True,48,2.0,False
29,naive_time_sync,random_missing_00pct,sim_clock_lag_recovery_v1,primary_physiology_response_lag_s,ridge_recovery_probe,spearman,-0.12798450006177906,higher,True,48,2.0,False
29,naive_time_sync,random_missing_10pct,sim_clock_lag_recovery_v1,relative_clock_offset_magnitude_s,ridge_recovery_probe,mae_s,1.1480268680800993,lower,True,48,0.5,False
29,naive_time_sync,random_missing_10pct,sim_clock_lag_recovery_v1,relative_clock_offset_magnitude_s,ridge_recovery_probe,rmse_s,1.1572005118373723,lower,True,48,0.5,False
29,naive_time_sync,random_missing_10pct,sim_clock_lag_recovery_v1,relative_clock_offset_magnitude_s,ridge_recovery_probe,tolerance_hit_rate,0.0,higher,True,48,0.5,False
29,naive_time_sync,random_missing_10pct,sim_clock_lag_recovery_v1,relative_clock_offset_magnitude_s,ridge_recovery_probe,spearman,,higher,False,48,0.5,False
29,naive_time_sync,random_missing_10pct,sim_clock_lag_recovery_v1,primary_physiology_response_lag_s,ridge_recovery_probe,mae_s,7.1358795471622045,lower,True,48,2.0,False
29,naive_time_sync,random_missing_10pct,sim_clock_lag_recovery_v1,primary_physiology_response_lag_s,ridge_recovery_probe,rmse_s,8.534561581492376,lower,True,48,2.0,False
29,naive_time_sync,random_missing_10pct,sim_clock_lag_recovery_v1,primary_physiology_response_lag_s,ridge_recovery_probe,tolerance_hit_rate,0.020833333333333332,higher,True,48,2.0,False
29,naive_time_sync,random_missing_10pct,sim_clock_lag_recovery_v1,primary_physiology_response_lag_s,ridge_recovery_probe,spearman,-0.112232561592637,higher,True,48,2.0,False
29,naive_time_sync,random_missing_30pct,sim_clock_lag_recovery_v1,relative_clock_offset_magnitude_s,ridge_recovery_probe,mae_s,1.570714480554064,lower,True,48,0.5,False
29,naive_time_sync,random_missing_30pct,sim_clock_lag_recovery_v1,relative_clock_offset_magnitude_s,ridge_recovery_probe,rmse_s,1.5774441253605476,lower,True,48,0.5,False
29,naive_time_sync,random_missing_30pct,sim_clock_lag_recovery_v1,relative_clock_offset_magnitude_s,ridge_recovery_probe,tolerance_hit_rate,0.0,higher,True,48,0.5,False
29,naive_time_sync,random_missing_30pct,sim_clock_lag_recovery_v1,relative_clock_offset_magnitude_s,ridge_recovery_probe,spearman,,higher,False,48,0.5,False
29,naive_time_sync,random_missing_30pct,sim_clock_lag_recovery_v1,primary_physiology_response_lag_s,ridge_recovery_probe,mae_s,9.173805639906078,lower,True,48,2.0,False
29,naive_time_sync,random_missing_30pct,sim_clock_lag_recovery_v1,primary_physiology_response_lag_s,ridge_recovery_probe,rmse_s,10.703254220105313,lower,True,48,2.0,False
29,naive_time_sync,random_missing_30pct,sim_clock_lag_recovery_v1,primary_physiology_response_lag_s,ridge_recovery_probe,tolerance_hit_rate,0.125,higher,True,48,2.0,False
29,naive_time_sync,random_missing_30pct,sim_clock_lag_recovery_v1,primary_physiology_response_lag_s,ridge_recovery_probe,spearman,-0.13192248467906456,higher,True,48,2.0,False
29,naive_time_sync,random_missing_50pct,sim_clock_lag_recovery_v1,relative_clock_offset_magnitude_s,ridge_recovery_probe,mae_s,2.23417473398149,lower,True,48,0.5,False
29,naive_time_sync,random_missing_50pct,sim_clock_lag_recovery_v1,relative_clock_offset_magnitude_s,ridge_recovery_probe,rmse_s,2.2390780070584144,lower,True,48,0.5,False
29,naive_time_sync,random_missing_50pct,sim_clock_lag_recovery_v1,relative_clock_offset_magnitude_s,ridge_recovery_probe,tolerance_hit_rate,0.0,higher,True,48,0.5,False
29,naive_time_sync,random_missing_50pct,sim_clock_lag_recovery_v1,relative_clock_offset_magnitude_s,ridge_recovery_probe,spearman,,higher,False,48,0.5,False
29,naive_time_sync,random_missing_50pct,sim_clock_lag_recovery_v1,primary_physiology_response_lag_s,ridge_recovery_probe,mae_s,13.167236093639815,lower,True,48,2.0,False
29,naive_time_sync,random_missing_50pct,sim_clock_lag_recovery_v1,primary_physiology_response_lag_s,ridge_recovery_probe,rmse_s,14.324398900753431,lower,True,48,2.0,False
29,naive_time_sync,random_missing_50pct,sim_clock_lag_recovery_v1,primary_physiology_response_lag_s,ridge_recovery_probe,tolerance_hit_rate,0.0,higher,True,48,2.0,False
29,naive_time_sync,random_missing_50pct,sim_clock_lag_recovery_v1,primary_physiology_response_lag_s,ridge_recovery_probe,spearman,-0.14964341545684937,higher,True,48,2.0,False
29,naive_time_sync,contiguous_gap_00s,sim_clock_lag_recovery_v1,relative_clock_offset_magnitude_s,ridge_recovery_probe,mae_s,0.9799133585765958,lower,True,48,0.5,False
29,naive_time_sync,contiguous_gap_00s,sim_clock_lag_recovery_v1,relative_clock_offset_magnitude_s,ridge_recovery_probe,rmse_s,0.9897024383058284,lower,True,48,0.5,False
29,naive_time_sync,contiguous_gap_00s,sim_clock_lag_recovery_v1,relative_clock_offset_magnitude_s,ridge_recovery_probe,tolerance_hit_rate,0.0,higher,True,48,0.5,False
29,naive_time_sync,contiguous_gap_00s,sim_clock_lag_recovery_v1,relative_clock_offset_magnitude_s,ridge_recovery_probe,spearman,,higher,False,48,0.5,False
29,naive_time_sync,contiguous_gap_00s,sim_clock_lag_recovery_v1,primary_physiology_response_lag_s,ridge_recovery_probe,mae_s,6.369693518443256,lower,True,48,2.0,False
29,naive_time_sync,contiguous_gap_00s,sim_clock_lag_recovery_v1,primary_physiology_response_lag_s,ridge_recovery_probe,rmse_s,7.786453968342079,lower,True,48,2.0,False
29,naive_time_sync,contiguous_gap_00s,sim_clock_lag_recovery_v1,primary_physiology_response_lag_s,ridge_recovery_probe,tolerance_hit_rate,0.16666666666666666,higher,True,48,2.0,False
29,naive_time_sync,contiguous_gap_00s,sim_clock_lag_recovery_v1,primary_physiology_response_lag_s,ridge_recovery_probe,spearman,-0.12798450006177906,higher,True,48,2.0,False
29,naive_time_sync,contiguous_gap_05s,sim_clock_lag_recovery_v1,relative_clock_offset_magnitude_s,ridge_recovery_probe,mae_s,1.3126351380099852,lower,True,48,0.5,False
29,naive_time_sync,contiguous_gap_05s,sim_clock_lag_recovery_v1,relative_clock_offset_magnitude_s,ridge_recovery_probe,rmse_s,1.3257294194562192,lower,True,48,0.5,False
29,naive_time_sync,contiguous_gap_05s,sim_clock_lag_recovery_v1,relative_clock_offset_magnitude_s,ridge_recovery_probe,tolerance_hit_rate,0.0,higher,True,48,0.5,False
29,naive_time_sync,contiguous_gap_05s,sim_clock_lag_recovery_v1,relative_clock_offset_magnitude_s,ridge_recovery_probe,spearman,,higher,False,48,0.5,False
29,naive_time_sync,contiguous_gap_05s,sim_clock_lag_recovery_v1,primary_physiology_response_lag_s,ridge_recovery_probe,mae_s,7.72183712896044,lower,True,48,2.0,False
29,naive_time_sync,contiguous_gap_05s,sim_clock_lag_recovery_v1,primary_physiology_response_lag_s,ridge_recovery_probe,rmse_s,9.18527876324157,lower,True,48,2.0,False
29,naive_time_sync,contiguous_gap_05s,sim_clock_lag_recovery_v1,primary_physiology_response_lag_s,ridge_recovery_probe,tolerance_hit_rate,0.0625,higher,True,48,2.0,False
29,naive_time_sync,contiguous_gap_05s,sim_clock_lag_recovery_v1,primary_physiology_response_lag_s,ridge_recovery_probe,spearman,-0.147018092378659,higher,True,48,2.0,False
29,naive_time_sync,contiguous_gap_15s,sim_clock_lag_recovery_v1,relative_clock_offset_magnitude_s,ridge_recovery_probe,mae_s,2.645986528135836,lower,True,48,0.5,False
29,naive_time_sync,contiguous_gap_15s,sim_clock_lag_recovery_v1,relative_clock_offset_magnitude_s,ridge_recovery_probe,rmse_s,2.6751472221843846,lower,True,48,0.5,False
29,naive_time_sync,contiguous_gap_15s,sim_clock_lag_recovery_v1,relative_clock_offset_magnitude_s,ridge_recovery_probe,tolerance_hit_rate,0.0,higher,True,48,0.5,False
29,naive_time_sync,contiguous_gap_15s,sim_clock_lag_recovery_v1,relative_clock_offset_magnitude_s,ridge_recovery_probe,spearman,,higher,False,48,0.5,False
29,naive_time_sync,contiguous_gap_15s,sim_clock_lag_recovery_v1,primary_physiology_response_lag_s,ridge_recovery_probe,mae_s,14.666352648496115,lower,True,48,2.0,False
29,naive_time_sync,contiguous_gap_15s,sim_clock_lag_recovery_v1,primary_physiology_response_lag_s,ridge_recovery_probe,rmse_s,15.862976752304201,lower,True,48,2.0,False
29,naive_time_sync,contiguous_gap_15s,sim_clock_lag_recovery_v1,primary_physiology_response_lag_s,ridge_recovery_probe,tolerance_hit_rate,0.0,higher,True,48,2.0,False
29,naive_time_sync,contiguous_gap_15s,sim_clock_lag_recovery_v1,primary_physiology_response_lag_s,ridge_recovery_probe,spearman,-0.22380879241572643,higher,True,48,2.0,False
29,naive_time_sync,contiguous_gap_30s,sim_clock_lag_recovery_v1,relative_clock_offset_magnitude_s,ridge_recovery_probe,mae_s,4.540576392474274,lower,True,48,0.5,False
29,naive_time_sync,contiguous_gap_30s,sim_clock_lag_recovery_v1,relative_clock_offset_magnitude_s,ridge_recovery_probe,rmse_s,4.6404377217930834,lower,True,48,0.5,False
29,naive_time_sync,contiguous_gap_30s,sim_clock_lag_recovery_v1,relative_clock_offset_magnitude_s,ridge_recovery_probe,tolerance_hit_rate,0.0,higher,True,48,0.5,False
29,naive_time_sync,contiguous_gap_30s,sim_clock_lag_recovery_v1,relative_clock_offset_magnitude_s,ridge_recovery_probe,spearman,,higher,False,48,0.5,False
29,naive_time_sync,contiguous_gap_30s,sim_clock_lag_recovery_v1,primary_physiology_response_lag_s,ridge_recovery_probe,mae_s,25.66714651282577,lower,True,48,2.0,False
29,naive_time_sync,contiguous_gap_30s,sim_clock_lag_recovery_v1,primary_physiology_response_lag_s,ridge_recovery_probe,rmse_s,26.62926324387907,lower,True,48,2.0,False
29,naive_time_sync,contiguous_gap_30s,sim_clock_lag_recovery_v1,primary_physiology_response_lag_s,ridge_recovery_probe,tolerance_hit_rate,0.0,higher,True,48,2.0,False
29,naive_time_sync,contiguous_gap_30s,sim_clock_lag_recovery_v1,primary_physiology_response_lag_s,ridge_recovery_probe,spearman,0.031503876938284076,higher,True,48,2.0,False
29,naive_time_sync,physiology_lag_02s,sim_clock_lag_recovery_v1,relative_clock_offset_magnitude_s,ridge_recovery_probe,mae_s,0.9752501382802924,lower,True,48,0.5,False
29,naive_time_sync,physiology_lag_02s,sim_clock_lag_recovery_v1,relative_clock_offset_magnitude_s,ridge_recovery_probe,rmse_s,0.985106288078938,lower,True,48,0.5,False
29,naive_time_sync,physiology_lag_02s,sim_clock_lag_recovery_v1,relative_clock_offset_magnitude_s,ridge_recovery_probe,tolerance_hit_rate,0.0,higher,True,48,0.5,False
29,naive_time_sync,physiology_lag_02s,sim_clock_lag_recovery_v1,relative_clock_offset_magnitude_s,ridge_recovery_probe,spearman,,higher,False,48,0.5,False
29,naive_time_sync,physiology_lag_02s,sim_clock_lag_recovery_v1,primary_physiology_response_lag_s,ridge_recovery_probe,mae_s,5.076907183509904,lower,True,48,2.0,False
29,naive_time_sync,physiology_lag_02s,sim_clock_lag_recovery_v1,primary_physiology_response_lag_s,ridge_recovery_probe,rmse_s,6.587859864721067,lower,True,48,2.0,False
29,naive_time_sync,physiology_lag_02s,sim_clock_lag_recovery_v1,primary_physiology_response_lag_s,ridge_recovery_probe,tolerance_hit_rate,0.375,higher,True,48,2.0,False
29,naive_time_sync,physiology_lag_02s,sim_clock_lag_recovery_v1,primary_physiology_response_lag_s,ridge_recovery_probe,spearman,-0.1214211923663032,higher,True,48,2.0,False
29,naive_time_sync,physiology_lag_05s,sim_clock_lag_recovery_v1,relative_clock_offset_magnitude_s,ridge_recovery_probe,mae_s,0.9676413436730703,lower,True,48,0.5,False
29,naive_time_sync,physiology_lag_05s,sim_clock_lag_recovery_v1,relative_clock_offset_magnitude_s,ridge_recovery_probe,rmse_s,0.9775490955576873,lower,True,48,0.5,False
29,naive_time_sync,physiology_lag_05s,sim_clock_lag_recovery_v1,relative_clock_offset_magnitude_s,ridge_recovery_probe,tolerance_hit_rate,0.0,higher,True,48,0.5,False
29,naive_time_sync,physiology_lag_05s,sim_clock_lag_recovery_v1,relative_clock_offset_magnitude_s,ridge_recovery_probe,spearman,,higher,False,48,0.5,False
29,naive_time_sync,physiology_lag_05s,sim_clock_lag_recovery_v1,primary_physiology_response_lag_s,ridge_recovery_probe,mae_s,4.705706025892802,lower,True,48,2.0,False
29,naive_time_sync,physiology_lag_05s,sim_clock_lag_recovery_v1,primary_physiology_response_lag_s,ridge_recovery_probe,rmse_s,5.600691095584243,lower,True,48,2.0,False
29,naive_time_sync,physiology_lag_05s,sim_clock_lag_recovery_v1,primary_physiology_response_lag_s,ridge_recovery_probe,tolerance_hit_rate,0.22916666666666666,higher,True,48,2.0,False
29,naive_time_sync,physiology_lag_05s,sim_clock_lag_recovery_v1,primary_physiology_response_lag_s,ridge_recovery_probe,spearman,-0.11485788467082736,higher,True,48,2.0,False
29,naive_time_sync,physiology_lag_15s,sim_clock_lag_recovery_v1,relative_clock_offset_magnitude_s,ridge_recovery_probe,mae_s,0.9618795787294706,lower,True,48,0.5,False
29,naive_time_sync,physiology_lag_15s,sim_clock_lag_recovery_v1,relative_clock_offset_magnitude_s,ridge_recovery_probe,rmse_s,0.97179657582713,lower,True,48,0.5,False
29,naive_time_sync,physiology_lag_15s,sim_clock_lag_recovery_v1,relative_clock_offset_magnitude_s,ridge_recovery_probe,tolerance_hit_rate,0.0,higher,True,48,0.5,False
29,naive_time_sync,physiology_lag_15s,sim_clock_lag_recovery_v1,relative_clock_offset_magnitude_s,ridge_recovery_probe,spearman,,higher,False,48,0.5,False
29,naive_time_sync,physiology_lag_15s,sim_clock_lag_recovery_v1,primary_physiology_response_lag_s,ridge_recovery_probe,mae_s,8.926946680784736,lower,True,48,2.0,False
29,naive_time_sync,physiology_lag_15s,sim_clock_lag_recovery_v1,primary_physiology_response_lag_s,ridge_recovery_probe,rmse_s,10.458267643949798,lower,True,48,2.0,False
29,naive_time_sync,physiology_lag_15s,sim_clock_lag_recovery_v1,primary_physiology_response_lag_s,ridge_recovery_probe,tolerance_hit_rate,0.14583333333333334,higher,True,48,2.0,False
29,naive_time_sync,physiology_lag_15s,sim_clock_lag_recovery_v1,primary_physiology_response_lag_s,ridge_recovery_probe,spearman,-0.10763824620580394,higher,True,48,2.0,False
29,naive_time_sync,physiology_lag_30s,sim_clock_lag_recovery_v1,relative_clock_offset_magnitude_s,ridge_recovery_probe,mae_s,1.0085973758250475,lower,True,48,0.5,False
29,naive_time_sync,physiology_lag_30s,sim_clock_lag_recovery_v1,relative_clock_offset_magnitude_s,ridge_recovery_probe,rmse_s,1.0169685711071628,lower,True,48,0.5,False
29,naive_time_sync,physiology_lag_30s,sim_clock_lag_recovery_v1,relative_clock_offset_magnitude_s,ridge_recovery_probe,tolerance_hit_rate,0.0,higher,True,48,0.5,False
29,naive_time_sync,physiology_lag_30s,sim_clock_lag_recovery_v1,relative_clock_offset_magnitude_s,ridge_recovery_probe,spearman,,higher,False,48,0.5,False
29,naive_time_sync,physiology_lag_30s,sim_clock_lag_recovery_v1,primary_physiology_response_lag_s,ridge_recovery_probe,mae_s,23.162998041550832,lower,True,48,2.0,False
29,naive_time_sync,physiology_lag_30s,sim_clock_lag_recovery_v1,primary_physiology_response_lag_s,ridge_recovery_probe,rmse_s,23.785586046385898,lower,True,48,2.0,False
29,naive_time_sync,physiology_lag_30s,sim_clock_lag_recovery_v1,primary_physiology_response_lag_s,ridge_recovery_probe,tolerance_hit_rate,0.0,higher,True,48,2.0,False
29,naive_time_sync,physiology_lag_30s,sim_clock_lag_recovery_v1,primary_physiology_response_lag_s,ridge_recovery_probe,spearman,-0.10763824620580394,higher,True,48,2.0,False
29,naive_time_sync,observation_snr_30db,sim_clock_lag_recovery_v1,relative_clock_offset_magnitude_s,ridge_recovery_probe,mae_s,0.9799133585765958,lower,True,48,0.5,False
29,naive_time_sync,observation_snr_30db,sim_clock_lag_recovery_v1,relative_clock_offset_magnitude_s,ridge_recovery_probe,rmse_s,0.9897024383058284,lower,True,48,0.5,False
29,naive_time_sync,observation_snr_30db,sim_clock_lag_recovery_v1,relative_clock_offset_magnitude_s,ridge_recovery_probe,tolerance_hit_rate,0.0,higher,True,48,0.5,False
29,naive_time_sync,observation_snr_30db,sim_clock_lag_recovery_v1,relative_clock_offset_magnitude_s,ridge_recovery_probe,spearman,,higher,False,48,0.5,False
29,naive_time_sync,observation_snr_30db,sim_clock_lag_recovery_v1,primary_physiology_response_lag_s,ridge_recovery_probe,mae_s,6.369693518443256,lower,True,48,2.0,False
29,naive_time_sync,observation_snr_30db,sim_clock_lag_recovery_v1,primary_physiology_response_lag_s,ridge_recovery_probe,rmse_s,7.786453968342079,lower,True,48,2.0,False
29,naive_time_sync,observation_snr_30db,sim_clock_lag_recovery_v1,primary_physiology_response_lag_s,ridge_recovery_probe,tolerance_hit_rate,0.16666666666666666,higher,True,48,2.0,False
29,naive_time_sync,observation_snr_30db,sim_clock_lag_recovery_v1,primary_physiology_response_lag_s,ridge_recovery_probe,spearman,-0.12798450006177906,higher,True,48,2.0,False
29,naive_time_sync,observation_snr_20db,sim_clock_lag_recovery_v1,relative_clock_offset_magnitude_s,ridge_recovery_probe,mae_s,0.9797285385429859,lower,True,48,0.5,False
29,naive_time_sync,observation_snr_20db,sim_clock_lag_recovery_v1,relative_clock_offset_magnitude_s,ridge_recovery_probe,rmse_s,0.9894210283653551,lower,True,48,0.5,False
29,naive_time_sync,observation_snr_20db,sim_clock_lag_recovery_v1,relative_clock_offset_magnitude_s,ridge_recovery_probe,tolerance_hit_rate,0.0,higher,True,48,0.5,False
29,naive_time_sync,observation_snr_20db,sim_clock_lag_recovery_v1,relative_clock_offset_magnitude_s,ridge_recovery_probe,spearman,,higher,False,48,0.5,False
29,naive_time_sync,observation_snr_20db,sim_clock_lag_recovery_v1,primary_physiology_response_lag_s,ridge_recovery_probe,mae_s,6.372174581650246,lower,True,48,2.0,False
29,naive_time_sync,observation_snr_20db,sim_clock_lag_recovery_v1,primary_physiology_response_lag_s,ridge_recovery_probe,rmse_s,7.788243643571716,lower,True,48,2.0,False
29,naive_time_sync,observation_snr_20db,sim_clock_lag_recovery_v1,primary_physiology_response_lag_s,ridge_recovery_probe,tolerance_hit_rate,0.16666666666666666,higher,True,48,2.0,False
29,naive_time_sync,observation_snr_20db,sim_clock_lag_recovery_v1,primary_physiology_response_lag_s,ridge_recovery_probe,spearman,-0.13586046929635007,higher,True,48,2.0,False
29,naive_time_sync,observation_snr_10db,sim_clock_lag_recovery_v1,relative_clock_offset_magnitude_s,ridge_recovery_probe,mae_s,0.9810263983284434,lower,True,48,0.5,False
29,naive_time_sync,observation_snr_10db,sim_clock_lag_recovery_v1,relative_clock_offset_magnitude_s,ridge_recovery_probe,rmse_s,0.990481198708254,lower,True,48,0.5,False
29,naive_time_sync,observation_snr_10db,sim_clock_lag_recovery_v1,relative_clock_offset_magnitude_s,ridge_recovery_probe,tolerance_hit_rate,0.0,higher,True,48,0.5,False
29,naive_time_sync,observation_snr_10db,sim_clock_lag_recovery_v1,relative_clock_offset_magnitude_s,ridge_recovery_probe,spearman,,higher,False,48,0.5,False
29,naive_time_sync,observation_snr_10db,sim_clock_lag_recovery_v1,primary_physiology_response_lag_s,ridge_recovery_probe,mae_s,6.387740523381382,lower,True,48,2.0,False
29,naive_time_sync,observation_snr_10db,sim_clock_lag_recovery_v1,primary_physiology_response_lag_s,ridge_recovery_probe,rmse_s,7.80510493319624,lower,True,48,2.0,False
29,naive_time_sync,observation_snr_10db,sim_clock_lag_recovery_v1,primary_physiology_response_lag_s,ridge_recovery_probe,tolerance_hit_rate,0.1875,higher,True,48,2.0,False
29,naive_time_sync,observation_snr_10db,sim_clock_lag_recovery_v1,primary_physiology_response_lag_s,ridge_recovery_probe,spearman,-0.14439276930046865,higher,True,48,2.0,False
29,naive_time_sync,observation_snr_05db,sim_clock_lag_recovery_v1,relative_clock_offset_magnitude_s,ridge_recovery_probe,mae_s,0.983135061028103,lower,True,48,0.5,False
29,naive_time_sync,observation_snr_05db,sim_clock_lag_recovery_v1,relative_clock_offset_magnitude_s,ridge_recovery_probe,rmse_s,0.9925471788456584,lower,True,48,0.5,False
29,naive_time_sync,observation_snr_05db,sim_clock_lag_recovery_v1,relative_clock_offset_magnitude_s,ridge_recovery_probe,tolerance_hit_rate,0.0,higher,True,48,0.5,False
29,naive_time_sync,observation_snr_05db,sim_clock_lag_recovery_v1,relative_clock_offset_magnitude_s,ridge_recovery_probe,spearman,,higher,False,48,0.5,False
29,naive_time_sync,observation_snr_05db,sim_clock_lag_recovery_v1,primary_physiology_response_lag_s,ridge_recovery_probe,mae_s,6.4086846021447075,lower,True,48,2.0,False
29,naive_time_sync,observation_snr_05db,sim_clock_lag_recovery_v1,primary_physiology_response_lag_s,ridge_recovery_probe,rmse_s,7.829891008649868,lower,True,48,2.0,False
29,naive_time_sync,observation_snr_05db,sim_clock_lag_recovery_v1,primary_physiology_response_lag_s,ridge_recovery_probe,tolerance_hit_rate,0.1875,higher,True,48,2.0,False
29,naive_time_sync,observation_snr_05db,sim_clock_lag_recovery_v1,primary_physiology_response_lag_s,ridge_recovery_probe,spearman,-0.15751938469142038,higher,True,48,2.0,False
29,naive_time_sync,mixed_severe,sim_clock_lag_recovery_v1,relative_clock_offset_magnitude_s,ridge_recovery_probe,mae_s,2.640908778645098,lower,True,48,0.5,False
29,naive_time_sync,mixed_severe,sim_clock_lag_recovery_v1,relative_clock_offset_magnitude_s,ridge_recovery_probe,rmse_s,2.6586708309335716,lower,True,48,0.5,False
29,naive_time_sync,mixed_severe,sim_clock_lag_recovery_v1,relative_clock_offset_magnitude_s,ridge_recovery_probe,tolerance_hit_rate,0.0,higher,True,48,0.5,False
29,naive_time_sync,mixed_severe,sim_clock_lag_recovery_v1,relative_clock_offset_magnitude_s,ridge_recovery_probe,spearman,,higher,False,48,0.5,False
29,naive_time_sync,mixed_severe,sim_clock_lag_recovery_v1,primary_physiology_response_lag_s,ridge_recovery_probe,mae_s,9.547176537581732,lower,True,48,2.0,False
29,naive_time_sync,mixed_severe,sim_clock_lag_recovery_v1,primary_physiology_response_lag_s,ridge_recovery_probe,rmse_s,11.247799490255712,lower,True,48,2.0,False
29,naive_time_sync,mixed_severe,sim_clock_lag_recovery_v1,primary_physiology_response_lag_s,ridge_recovery_probe,tolerance_hit_rate,0.125,higher,True,48,2.0,False
29,naive_time_sync,mixed_severe,sim_clock_lag_recovery_v1,primary_physiology_response_lag_s,ridge_recovery_probe,spearman,-0.22052713856798853,higher,True,48,2.0,False
29,mult,timestamp_jitter_000ms,sim_clock_lag_recovery_v1,relative_clock_offset_magnitude_s,ridge_recovery_probe,mae_s,0.818861519296964,lower,True,48,0.5,False
29,mult,timestamp_jitter_000ms,sim_clock_lag_recovery_v1,relative_clock_offset_magnitude_s,ridge_recovery_probe,rmse_s,0.8510314409962805,lower,True,48,0.5,False
29,mult,timestamp_jitter_000ms,sim_clock_lag_recovery_v1,relative_clock_offset_magnitude_s,ridge_recovery_probe,tolerance_hit_rate,0.08333333333333333,higher,True,48,0.5,False
29,mult,timestamp_jitter_000ms,sim_clock_lag_recovery_v1,relative_clock_offset_magnitude_s,ridge_recovery_probe,spearman,,higher,False,48,0.5,False
29,mult,timestamp_jitter_000ms,sim_clock_lag_recovery_v1,primary_physiology_response_lag_s,ridge_recovery_probe,mae_s,6.119268880052715,lower,True,48,2.0,False
29,mult,timestamp_jitter_000ms,sim_clock_lag_recovery_v1,primary_physiology_response_lag_s,ridge_recovery_probe,rmse_s,7.1614192734134265,lower,True,48,2.0,False
29,mult,timestamp_jitter_000ms,sim_clock_lag_recovery_v1,primary_physiology_response_lag_s,ridge_recovery_probe,tolerance_hit_rate,0.08333333333333333,higher,True,48,2.0,False
29,mult,timestamp_jitter_000ms,sim_clock_lag_recovery_v1,primary_physiology_response_lag_s,ridge_recovery_probe,spearman,0.3642635770989096,higher,True,48,2.0,False
29,mult,timestamp_jitter_020ms,sim_clock_lag_recovery_v1,relative_clock_offset_magnitude_s,ridge_recovery_probe,mae_s,0.8830045477176706,lower,True,48,0.5,False
29,mult,timestamp_jitter_020ms,sim_clock_lag_recovery_v1,relative_clock_offset_magnitude_s,ridge_recovery_probe,rmse_s,0.9210002732354361,lower,True,48,0.5,False
29,mult,timestamp_jitter_020ms,sim_clock_lag_recovery_v1,relative_clock_offset_magnitude_s,ridge_recovery_probe,tolerance_hit_rate,0.08333333333333333,higher,True,48,0.5,False
29,mult,timestamp_jitter_020ms,sim_clock_lag_recovery_v1,relative_clock_offset_magnitude_s,ridge_recovery_probe,spearman,,higher,False,48,0.5,False
29,mult,timestamp_jitter_020ms,sim_clock_lag_recovery_v1,primary_physiology_response_lag_s,ridge_recovery_probe,mae_s,6.595036477608829,lower,True,48,2.0,False
29,mult,timestamp_jitter_020ms,sim_clock_lag_recovery_v1,primary_physiology_response_lag_s,ridge_recovery_probe,rmse_s,7.620433611270703,lower,True,48,2.0,False
29,mult,timestamp_jitter_020ms,sim_clock_lag_recovery_v1,primary_physiology_response_lag_s,ridge_recovery_probe,tolerance_hit_rate,0.08333333333333333,higher,True,48,2.0,False
29,mult,timestamp_jitter_020ms,sim_clock_lag_recovery_v1,primary_physiology_response_lag_s,ridge_recovery_probe,spearman,0.3307907078519828,higher,True,48,2.0,False
29,mult,timestamp_jitter_050ms,sim_clock_lag_recovery_v1,relative_clock_offset_magnitude_s,ridge_recovery_probe,mae_s,0.9332299993063012,lower,True,48,0.5,False
29,mult,timestamp_jitter_050ms,sim_clock_lag_recovery_v1,relative_clock_offset_magnitude_s,ridge_recovery_probe,rmse_s,0.9665310504573905,lower,True,48,0.5,False
29,mult,timestamp_jitter_050ms,sim_clock_lag_recovery_v1,relative_clock_offset_magnitude_s,ridge_recovery_probe,tolerance_hit_rate,0.041666666666666664,higher,True,48,0.5,False
29,mult,timestamp_jitter_050ms,sim_clock_lag_recovery_v1,relative_clock_offset_magnitude_s,ridge_recovery_probe,spearman,,higher,False,48,0.5,False
29,mult,timestamp_jitter_050ms,sim_clock_lag_recovery_v1,primary_physiology_response_lag_s,ridge_recovery_probe,mae_s,6.76132891154622,lower,True,48,2.0,False
29,mult,timestamp_jitter_050ms,sim_clock_lag_recovery_v1,primary_physiology_response_lag_s,ridge_recovery_probe,rmse_s,7.7924958304382,lower,True,48,2.0,False
29,mult,timestamp_jitter_050ms,sim_clock_lag_recovery_v1,primary_physiology_response_lag_s,ridge_recovery_probe,tolerance_hit_rate,0.08333333333333333,higher,True,48,2.0,False
29,mult,timestamp_jitter_050ms,sim_clock_lag_recovery_v1,primary_physiology_response_lag_s,ridge_recovery_probe,spearman,0.3235710693869594,higher,True,48,2.0,False
29,mult,timestamp_jitter_100ms,sim_clock_lag_recovery_v1,relative_clock_offset_magnitude_s,ridge_recovery_probe,mae_s,0.9852342397595445,lower,True,48,0.5,False
29,mult,timestamp_jitter_100ms,sim_clock_lag_recovery_v1,relative_clock_offset_magnitude_s,ridge_recovery_probe,rmse_s,1.0141966066745272,lower,True,48,0.5,False
29,mult,timestamp_jitter_100ms,sim_clock_lag_recovery_v1,relative_clock_offset_magnitude_s,ridge_recovery_probe,tolerance_hit_rate,0.020833333333333332,higher,True,48,0.5,False
29,mult,timestamp_jitter_100ms,sim_clock_lag_recovery_v1,relative_clock_offset_magnitude_s,ridge_recovery_probe,spearman,,higher,False,48,0.5,False
29,mult,timestamp_jitter_100ms,sim_clock_lag_recovery_v1,primary_physiology_response_lag_s,ridge_recovery_probe,mae_s,6.929362566037327,lower,True,48,2.0,False
29,mult,timestamp_jitter_100ms,sim_clock_lag_recovery_v1,primary_physiology_response_lag_s,ridge_recovery_probe,rmse_s,7.977769641284803,lower,True,48,2.0,False
29,mult,timestamp_jitter_100ms,sim_clock_lag_recovery_v1,primary_physiology_response_lag_s,ridge_recovery_probe,tolerance_hit_rate,0.08333333333333333,higher,True,48,2.0,False
29,mult,timestamp_jitter_100ms,sim_clock_lag_recovery_v1,primary_physiology_response_lag_s,ridge_recovery_probe,spearman,0.3281653847737924,higher,True,48,2.0,False
29,mult,clock_offset_+0.00s,sim_clock_lag_recovery_v1,relative_clock_offset_magnitude_s,ridge_recovery_probe,mae_s,0.818861519296964,lower,True,48,0.5,False
29,mult,clock_offset_+0.00s,sim_clock_lag_recovery_v1,relative_clock_offset_magnitude_s,ridge_recovery_probe,rmse_s,0.8510314409962805,lower,True,48,0.5,False
29,mult,clock_offset_+0.00s,sim_clock_lag_recovery_v1,relative_clock_offset_magnitude_s,ridge_recovery_probe,tolerance_hit_rate,0.08333333333333333,higher,True,48,0.5,False
29,mult,clock_offset_+0.00s,sim_clock_lag_recovery_v1,relative_clock_offset_magnitude_s,ridge_recovery_probe,spearman,,higher,False,48,0.5,False
29,mult,clock_offset_+0.00s,sim_clock_lag_recovery_v1,primary_physiology_response_lag_s,ridge_recovery_probe,mae_s,6.119268880052715,lower,True,48,2.0,False
29,mult,clock_offset_+0.00s,sim_clock_lag_recovery_v1,primary_physiology_response_lag_s,ridge_recovery_probe,rmse_s,7.1614192734134265,lower,True,48,2.0,False
29,mult,clock_offset_+0.00s,sim_clock_lag_recovery_v1,primary_physiology_response_lag_s,ridge_recovery_probe,tolerance_hit_rate,0.08333333333333333,higher,True,48,2.0,False
29,mult,clock_offset_+0.00s,sim_clock_lag_recovery_v1,primary_physiology_response_lag_s,ridge_recovery_probe,spearman,0.3642635770989096,higher,True,48,2.0,False
29,mult,clock_offset_-0.25s,sim_clock_lag_recovery_v1,relative_clock_offset_magnitude_s,ridge_recovery_probe,mae_s,0.42237008921802044,lower,True,48,0.5,False
29,mult,clock_offset_-0.25s,sim_clock_lag_recovery_v1,relative_clock_offset_magnitude_s,ridge_recovery_probe,rmse_s,0.4938475549778579,lower,True,48,0.5,False
29,mult,clock_offset_-0.25s,sim_clock_lag_recovery_v1,relative_clock_offset_magnitude_s,ridge_recovery_probe,tolerance_hit_rate,0.5625,higher,True,48,0.5,False
29,mult,clock_offset_-0.25s,sim_clock_lag_recovery_v1,relative_clock_offset_magnitude_s,ridge_recovery_probe,spearman,,higher,False,48,0.5,False
29,mult,clock_offset_-0.25s,sim_clock_lag_recovery_v1,primary_physiology_response_lag_s,ridge_recovery_probe,mae_s,5.604030312441091,lower,True,48,2.0,False
29,mult,clock_offset_-0.25s,sim_clock_lag_recovery_v1,primary_physiology_response_lag_s,ridge_recovery_probe,rmse_s,6.657142999750722,lower,True,48,2.0,False
29,mult,clock_offset_-0.25s,sim_clock_lag_recovery_v1,primary_physiology_response_lag_s,ridge_recovery_probe,tolerance_hit_rate,0.1875,higher,True,48,2.0,False
29,mult,clock_offset_-0.25s,sim_clock_lag_recovery_v1,primary_physiology_response_lag_s,ridge_recovery_probe,spearman,0.3406356693951965,higher,True,48,2.0,False
29,mult,clock_offset_+0.25s,sim_clock_lag_recovery_v1,relative_clock_offset_magnitude_s,ridge_recovery_probe,mae_s,0.42086221277713776,lower,True,48,0.5,False
29,mult,clock_offset_+0.25s,sim_clock_lag_recovery_v1,relative_clock_offset_magnitude_s,ridge_recovery_probe,rmse_s,0.4925173433290522,lower,True,48,0.5,False
29,mult,clock_offset_+0.25s,sim_clock_lag_recovery_v1,relative_clock_offset_magnitude_s,ridge_recovery_probe,tolerance_hit_rate,0.5625,higher,True,48,0.5,False
29,mult,clock_offset_+0.25s,sim_clock_lag_recovery_v1,relative_clock_offset_magnitude_s,ridge_recovery_probe,spearman,,higher,False,48,0.5,False
29,mult,clock_offset_+0.25s,sim_clock_lag_recovery_v1,primary_physiology_response_lag_s,ridge_recovery_probe,mae_s,5.641331046628402,lower,True,48,2.0,False
29,mult,clock_offset_+0.25s,sim_clock_lag_recovery_v1,primary_physiology_response_lag_s,ridge_recovery_probe,rmse_s,6.68608088085133,lower,True,48,2.0,False
29,mult,clock_offset_+0.25s,sim_clock_lag_recovery_v1,primary_physiology_response_lag_s,ridge_recovery_probe,tolerance_hit_rate,0.1875,higher,True,48,2.0,False
29,mult,clock_offset_+0.25s,sim_clock_lag_recovery_v1,primary_physiology_response_lag_s,ridge_recovery_probe,spearman,0.3307907078519828,higher,True,48,2.0,False
29,mult,clock_offset_-1.00s,sim_clock_lag_recovery_v1,relative_clock_offset_magnitude_s,ridge_recovery_probe,mae_s,0.23205857196201882,lower,True,48,0.5,False
29,mult,clock_offset_-1.00s,sim_clock_lag_recovery_v1,relative_clock_offset_magnitude_s,ridge_recovery_probe,rmse_s,0.2879094099211626,lower,True,48,0.5,False
29,mult,clock_offset_-1.00s,sim_clock_lag_recovery_v1,relative_clock_offset_magnitude_s,ridge_recovery_probe,tolerance_hit_rate,0.9166666666666666,higher,True,48,0.5,False
29,mult,clock_offset_-1.00s,sim_clock_lag_recovery_v1,relative_clock_offset_magnitude_s,ridge_recovery_probe,spearman,,higher,False,48,0.5,False
29,mult,clock_offset_-1.00s,sim_clock_lag_recovery_v1,primary_physiology_response_lag_s,ridge_recovery_probe,mae_s,6.034864421450446,lower,True,48,2.0,False
29,mult,clock_offset_-1.00s,sim_clock_lag_recovery_v1,primary_physiology_response_lag_s,ridge_recovery_probe,rmse_s,7.0844551662634885,lower,True,48,2.0,False
29,mult,clock_offset_-1.00s,sim_clock_lag_recovery_v1,primary_physiology_response_lag_s,ridge_recovery_probe,tolerance_hit_rate,0.10416666666666667,higher,True,48,2.0,False
29,mult,clock_offset_-1.00s,sim_clock_lag_recovery_v1,primary_physiology_response_lag_s,ridge_recovery_probe,spearman,0.38723515403307507,higher,True,48,2.0,False
29,mult,clock_offset_+1.00s,sim_clock_lag_recovery_v1,relative_clock_offset_magnitude_s,ridge_recovery_probe,mae_s,0.23622188717126846,lower,True,48,0.5,False
29,mult,clock_offset_+1.00s,sim_clock_lag_recovery_v1,relative_clock_offset_magnitude_s,ridge_recovery_probe,rmse_s,0.2961729193052087,lower,True,48,0.5,False
29,mult,clock_offset_+1.00s,sim_clock_lag_recovery_v1,relative_clock_offset_magnitude_s,ridge_recovery_probe,tolerance_hit_rate,0.9166666666666666,higher,True,48,0.5,False
29,mult,clock_offset_+1.00s,sim_clock_lag_recovery_v1,relative_clock_offset_magnitude_s,ridge_recovery_probe,spearman,,higher,False,48,0.5,False
29,mult,clock_offset_+1.00s,sim_clock_lag_recovery_v1,primary_physiology_response_lag_s,ridge_recovery_probe,mae_s,6.179680707928692,lower,True,48,2.0,False
29,mult,clock_offset_+1.00s,sim_clock_lag_recovery_v1,primary_physiology_response_lag_s,ridge_recovery_probe,rmse_s,7.222131715646123,lower,True,48,2.0,False
29,mult,clock_offset_+1.00s,sim_clock_lag_recovery_v1,primary_physiology_response_lag_s,ridge_recovery_probe,tolerance_hit_rate,0.08333333333333333,higher,True,48,2.0,False
29,mult,clock_offset_+1.00s,sim_clock_lag_recovery_v1,primary_physiology_response_lag_s,ridge_recovery_probe,spearman,0.33538502323881586,higher,True,48,2.0,False
29,mult,clock_offset_-3.00s,sim_clock_lag_recovery_v1,relative_clock_offset_magnitude_s,ridge_recovery_probe,mae_s,2.1667484637970724,lower,True,48,0.5,False
29,mult,clock_offset_-3.00s,sim_clock_lag_recovery_v1,relative_clock_offset_magnitude_s,ridge_recovery_probe,rmse_s,2.1782539956922884,lower,True,48,0.5,False
29,mult,clock_offset_-3.00s,sim_clock_lag_recovery_v1,relative_clock_offset_magnitude_s,ridge_recovery_probe,tolerance_hit_rate,0.0,higher,True,48,0.5,False
29,mult,clock_offset_-3.00s,sim_clock_lag_recovery_v1,relative_clock_offset_magnitude_s,ridge_recovery_probe,spearman,,higher,False,48,0.5,False
29,mult,clock_offset_-3.00s,sim_clock_lag_recovery_v1,primary_physiology_response_lag_s,ridge_recovery_probe,mae_s,5.886862944328139,lower,True,48,2.0,False
29,mult,clock_offset_-3.00s,sim_clock_lag_recovery_v1,primary_physiology_response_lag_s,ridge_recovery_probe,rmse_s,6.9760035681147565,lower,True,48,2.0,False
29,mult,clock_offset_-3.00s,sim_clock_lag_recovery_v1,primary_physiology_response_lag_s,ridge_recovery_probe,tolerance_hit_rate,0.125,higher,True,48,2.0,False
29,mult,clock_offset_-3.00s,sim_clock_lag_recovery_v1,primary_physiology_response_lag_s,ridge_recovery_probe,spearman,0.433178307901406,higher,True,48,2.0,False
29,mult,clock_offset_+3.00s,sim_clock_lag_recovery_v1,relative_clock_offset_magnitude_s,ridge_recovery_probe,mae_s,2.189911814096073,lower,True,48,0.5,False
29,mult,clock_offset_+3.00s,sim_clock_lag_recovery_v1,relative_clock_offset_magnitude_s,ridge_recovery_probe,rmse_s,2.2029785265368247,lower,True,48,0.5,False
29,mult,clock_offset_+3.00s,sim_clock_lag_recovery_v1,relative_clock_offset_magnitude_s,ridge_recovery_probe,tolerance_hit_rate,0.0,higher,True,48,0.5,False
29,mult,clock_offset_+3.00s,sim_clock_lag_recovery_v1,relative_clock_offset_magnitude_s,ridge_recovery_probe,spearman,,higher,False,48,0.5,False
29,mult,clock_offset_+3.00s,sim_clock_lag_recovery_v1,primary_physiology_response_lag_s,ridge_recovery_probe,mae_s,6.305912596858694,lower,True,48,2.0,False
29,mult,clock_offset_+3.00s,sim_clock_lag_recovery_v1,primary_physiology_response_lag_s,ridge_recovery_probe,rmse_s,7.352473005050073,lower,True,48,2.0,False
29,mult,clock_offset_+3.00s,sim_clock_lag_recovery_v1,primary_physiology_response_lag_s,ridge_recovery_probe,tolerance_hit_rate,0.08333333333333333,higher,True,48,2.0,False
29,mult,clock_offset_+3.00s,sim_clock_lag_recovery_v1,primary_physiology_response_lag_s,ridge_recovery_probe,spearman,0.2953488462964132,higher,True,48,2.0,False
29,mult,clock_drift_+000ppm,sim_clock_lag_recovery_v1,relative_clock_offset_magnitude_s,ridge_recovery_probe,mae_s,0.818861519296964,lower,True,48,0.5,False
29,mult,clock_drift_+000ppm,sim_clock_lag_recovery_v1,relative_clock_offset_magnitude_s,ridge_recovery_probe,rmse_s,0.8510314409962805,lower,True,48,0.5,False
29,mult,clock_drift_+000ppm,sim_clock_lag_recovery_v1,relative_clock_offset_magnitude_s,ridge_recovery_probe,tolerance_hit_rate,0.08333333333333333,higher,True,48,0.5,False
29,mult,clock_drift_+000ppm,sim_clock_lag_recovery_v1,relative_clock_offset_magnitude_s,ridge_recovery_probe,spearman,,higher,False,48,0.5,False
29,mult,clock_drift_+000ppm,sim_clock_lag_recovery_v1,primary_physiology_response_lag_s,ridge_recovery_probe,mae_s,6.119268880052715,lower,True,48,2.0,False
29,mult,clock_drift_+000ppm,sim_clock_lag_recovery_v1,primary_physiology_response_lag_s,ridge_recovery_probe,rmse_s,7.1614192734134265,lower,True,48,2.0,False
29,mult,clock_drift_+000ppm,sim_clock_lag_recovery_v1,primary_physiology_response_lag_s,ridge_recovery_probe,tolerance_hit_rate,0.08333333333333333,higher,True,48,2.0,False
29,mult,clock_drift_+000ppm,sim_clock_lag_recovery_v1,primary_physiology_response_lag_s,ridge_recovery_probe,spearman,0.3642635770989096,higher,True,48,2.0,False
29,mult,clock_drift_-050ppm,sim_clock_lag_recovery_v1,relative_clock_offset_magnitude_s,ridge_recovery_probe,mae_s,0.6662424694125851,lower,True,48,0.5,False
29,mult,clock_drift_-050ppm,sim_clock_lag_recovery_v1,relative_clock_offset_magnitude_s,ridge_recovery_probe,rmse_s,0.724004218535904,lower,True,48,0.5,False
29,mult,clock_drift_-050ppm,sim_clock_lag_recovery_v1,relative_clock_offset_magnitude_s,ridge_recovery_probe,tolerance_hit_rate,0.3125,higher,True,48,0.5,False
29,mult,clock_drift_-050ppm,sim_clock_lag_recovery_v1,relative_clock_offset_magnitude_s,ridge_recovery_probe,spearman,,higher,False,48,0.5,False
29,mult,clock_drift_-050ppm,sim_clock_lag_recovery_v1,primary_physiology_response_lag_s,ridge_recovery_probe,mae_s,5.651911765145705,lower,True,48,2.0,False
29,mult,clock_drift_-050ppm,sim_clock_lag_recovery_v1,primary_physiology_response_lag_s,ridge_recovery_probe,rmse_s,6.702620708038133,lower,True,48,2.0,False
29,mult,clock_drift_-050ppm,sim_clock_lag_recovery_v1,primary_physiology_response_lag_s,ridge_recovery_probe,tolerance_hit_rate,0.16666666666666666,higher,True,48,2.0,False
29,mult,clock_drift_-050ppm,sim_clock_lag_recovery_v1,primary_physiology_response_lag_s,ridge_recovery_probe,spearman,0.3386666770865538,higher,True,48,2.0,False
29,mult,clock_drift_+050ppm,sim_clock_lag_recovery_v1,relative_clock_offset_magnitude_s,ridge_recovery_probe,mae_s,0.6948907912398378,lower,True,48,0.5,False
29,mult,clock_drift_+050ppm,sim_clock_lag_recovery_v1,relative_clock_offset_magnitude_s,ridge_recovery_probe,rmse_s,0.7452012421870853,lower,True,48,0.5,False
29,mult,clock_drift_+050ppm,sim_clock_lag_recovery_v1,relative_clock_offset_magnitude_s,ridge_recovery_probe,tolerance_hit_rate,0.2916666666666667,higher,True,48,0.5,False
29,mult,clock_drift_+050ppm,sim_clock_lag_recovery_v1,relative_clock_offset_magnitude_s,ridge_recovery_probe,spearman,,higher,False,48,0.5,False
29,mult,clock_drift_+050ppm,sim_clock_lag_recovery_v1,primary_physiology_response_lag_s,ridge_recovery_probe,mae_s,5.774699768764079,lower,True,48,2.0,False
29,mult,clock_drift_+050ppm,sim_clock_lag_recovery_v1,primary_physiology_response_lag_s,ridge_recovery_probe,rmse_s,6.8284980731447185,lower,True,48,2.0,False
29,mult,clock_drift_+050ppm,sim_clock_lag_recovery_v1,primary_physiology_response_lag_s,ridge_recovery_probe,tolerance_hit_rate,0.10416666666666667,higher,True,48,2.0,False
29,mult,clock_drift_+050ppm,sim_clock_lag_recovery_v1,primary_physiology_response_lag_s,ridge_recovery_probe,spearman,0.3307907078519828,higher,True,48,2.0,False
29,mult,clock_drift_-100ppm,sim_clock_lag_recovery_v1,relative_clock_offset_magnitude_s,ridge_recovery_probe,mae_s,0.6685040825977921,lower,True,48,0.5,False
29,mult,clock_drift_-100ppm,sim_clock_lag_recovery_v1,relative_clock_offset_magnitude_s,ridge_recovery_probe,rmse_s,0.7260712871968047,lower,True,48,0.5,False
29,mult,clock_drift_-100ppm,sim_clock_lag_recovery_v1,relative_clock_offset_magnitude_s,ridge_recovery_probe,tolerance_hit_rate,0.3125,higher,True,48,0.5,False
29,mult,clock_drift_-100ppm,sim_clock_lag_recovery_v1,relative_clock_offset_magnitude_s,ridge_recovery_probe,spearman,,higher,False,48,0.5,False
29,mult,clock_drift_-100ppm,sim_clock_lag_recovery_v1,primary_physiology_response_lag_s,ridge_recovery_probe,mae_s,5.661721909848299,lower,True,48,2.0,False
29,mult,clock_drift_-100ppm,sim_clock_lag_recovery_v1,primary_physiology_response_lag_s,ridge_recovery_probe,rmse_s,6.713391479992259,lower,True,48,2.0,False
29,mult,clock_drift_-100ppm,sim_clock_lag_recovery_v1,primary_physiology_response_lag_s,ridge_recovery_probe,tolerance_hit_rate,0.16666666666666666,higher,True,48,2.0,False
29,mult,clock_drift_-100ppm,sim_clock_lag_recovery_v1,primary_physiology_response_lag_s,ridge_recovery_probe,spearman,0.33538502323881586,higher,True,48,2.0,False
29,mult,clock_drift_+100ppm,sim_clock_lag_recovery_v1,relative_clock_offset_magnitude_s,ridge_recovery_probe,mae_s,0.6926863690217336,lower,True,48,0.5,False
29,mult,clock_drift_+100ppm,sim_clock_lag_recovery_v1,relative_clock_offset_magnitude_s,ridge_recovery_probe,rmse_s,0.7431570638210699,lower,True,48,0.5,False
29,mult,clock_drift_+100ppm,sim_clock_lag_recovery_v1,relative_clock_offset_magnitude_s,ridge_recovery_probe,tolerance_hit_rate,0.2916666666666667,higher,True,48,0.5,False
29,mult,clock_drift_+100ppm,sim_clock_lag_recovery_v1,relative_clock_offset_magnitude_s,ridge_recovery_probe,spearman,,higher,False,48,0.5,False
29,mult,clock_drift_+100ppm,sim_clock_lag_recovery_v1,primary_physiology_response_lag_s,ridge_recovery_probe,mae_s,5.764515848301152,lower,True,48,2.0,False
29,mult,clock_drift_+100ppm,sim_clock_lag_recovery_v1,primary_physiology_response_lag_s,ridge_recovery_probe,rmse_s,6.817850701251182,lower,True,48,2.0,False
29,mult,clock_drift_+100ppm,sim_clock_lag_recovery_v1,primary_physiology_response_lag_s,ridge_recovery_probe,tolerance_hit_rate,0.10416666666666667,higher,True,48,2.0,False
29,mult,clock_drift_+100ppm,sim_clock_lag_recovery_v1,primary_physiology_response_lag_s,ridge_recovery_probe,spearman,0.3307907078519828,higher,True,48,2.0,False
29,mult,clock_drift_-250ppm,sim_clock_lag_recovery_v1,relative_clock_offset_magnitude_s,ridge_recovery_probe,mae_s,0.6752364796896776,lower,True,48,0.5,False
29,mult,clock_drift_-250ppm,sim_clock_lag_recovery_v1,relative_clock_offset_magnitude_s,ridge_recovery_probe,rmse_s,0.7322328856539679,lower,True,48,0.5,False
29,mult,clock_drift_-250ppm,sim_clock_lag_recovery_v1,relative_clock_offset_magnitude_s,ridge_recovery_probe,tolerance_hit_rate,0.3125,higher,True,48,0.5,False
29,mult,clock_drift_-250ppm,sim_clock_lag_recovery_v1,relative_clock_offset_magnitude_s,ridge_recovery_probe,spearman,,higher,False,48,0.5,False
29,mult,clock_drift_-250ppm,sim_clock_lag_recovery_v1,primary_physiology_response_lag_s,ridge_recovery_probe,mae_s,5.6924711628181734,lower,True,48,2.0,False
29,mult,clock_drift_-250ppm,sim_clock_lag_recovery_v1,primary_physiology_response_lag_s,ridge_recovery_probe,rmse_s,6.745554629014676,lower,True,48,2.0,False
29,mult,clock_drift_-250ppm,sim_clock_lag_recovery_v1,primary_physiology_response_lag_s,ridge_recovery_probe,tolerance_hit_rate,0.125,higher,True,48,2.0,False
29,mult,clock_drift_-250ppm,sim_clock_lag_recovery_v1,primary_physiology_response_lag_s,ridge_recovery_probe,spearman,0.33735401554745864,higher,True,48,2.0,False
29,mult,clock_drift_+250ppm,sim_clock_lag_recovery_v1,relative_clock_offset_magnitude_s,ridge_recovery_probe,mae_s,0.6860223679492871,lower,True,48,0.5,False
29,mult,clock_drift_+250ppm,sim_clock_lag_recovery_v1,relative_clock_offset_magnitude_s,ridge_recovery_probe,rmse_s,0.7369845700154546,lower,True,48,0.5,False
29,mult,clock_drift_+250ppm,sim_clock_lag_recovery_v1,relative_clock_offset_magnitude_s,ridge_recovery_probe,tolerance_hit_rate,0.2916666666666667,higher,True,48,0.5,False
29,mult,clock_drift_+250ppm,sim_clock_lag_recovery_v1,relative_clock_offset_magnitude_s,ridge_recovery_probe,spearman,,higher,False,48,0.5,False
29,mult,clock_drift_+250ppm,sim_clock_lag_recovery_v1,primary_physiology_response_lag_s,ridge_recovery_probe,mae_s,5.73372929924955,lower,True,48,2.0,False
29,mult,clock_drift_+250ppm,sim_clock_lag_recovery_v1,primary_physiology_response_lag_s,ridge_recovery_probe,rmse_s,6.785762081844801,lower,True,48,2.0,False
29,mult,clock_drift_+250ppm,sim_clock_lag_recovery_v1,primary_physiology_response_lag_s,ridge_recovery_probe,tolerance_hit_rate,0.125,higher,True,48,2.0,False
29,mult,clock_drift_+250ppm,sim_clock_lag_recovery_v1,primary_physiology_response_lag_s,ridge_recovery_probe,spearman,0.3268527232346973,higher,True,48,2.0,False
29,mult,random_missing_00pct,sim_clock_lag_recovery_v1,relative_clock_offset_magnitude_s,ridge_recovery_probe,mae_s,0.818861519296964,lower,True,48,0.5,False
29,mult,random_missing_00pct,sim_clock_lag_recovery_v1,relative_clock_offset_magnitude_s,ridge_recovery_probe,rmse_s,0.8510314409962805,lower,True,48,0.5,False
29,mult,random_missing_00pct,sim_clock_lag_recovery_v1,relative_clock_offset_magnitude_s,ridge_recovery_probe,tolerance_hit_rate,0.08333333333333333,higher,True,48,0.5,False
29,mult,random_missing_00pct,sim_clock_lag_recovery_v1,relative_clock_offset_magnitude_s,ridge_recovery_probe,spearman,,higher,False,48,0.5,False
29,mult,random_missing_00pct,sim_clock_lag_recovery_v1,primary_physiology_response_lag_s,ridge_recovery_probe,mae_s,6.119268880052715,lower,True,48,2.0,False
29,mult,random_missing_00pct,sim_clock_lag_recovery_v1,primary_physiology_response_lag_s,ridge_recovery_probe,rmse_s,7.1614192734134265,lower,True,48,2.0,False
29,mult,random_missing_00pct,sim_clock_lag_recovery_v1,primary_physiology_response_lag_s,ridge_recovery_probe,tolerance_hit_rate,0.08333333333333333,higher,True,48,2.0,False
29,mult,random_missing_00pct,sim_clock_lag_recovery_v1,primary_physiology_response_lag_s,ridge_recovery_probe,spearman,0.3642635770989096,higher,True,48,2.0,False
29,mult,random_missing_10pct,sim_clock_lag_recovery_v1,relative_clock_offset_magnitude_s,ridge_recovery_probe,mae_s,0.9005497529481848,lower,True,48,0.5,False
29,mult,random_missing_10pct,sim_clock_lag_recovery_v1,relative_clock_offset_magnitude_s,ridge_recovery_probe,rmse_s,0.9271800957223147,lower,True,48,0.5,False
29,mult,random_missing_10pct,sim_clock_lag_recovery_v1,relative_clock_offset_magnitude_s,ridge_recovery_probe,tolerance_hit_rate,0.041666666666666664,higher,True,48,0.5,False
29,mult,random_missing_10pct,sim_clock_lag_recovery_v1,relative_clock_offset_magnitude_s,ridge_recovery_probe,spearman,,higher,False,48,0.5,False
29,mult,random_missing_10pct,sim_clock_lag_recovery_v1,primary_physiology_response_lag_s,ridge_recovery_probe,mae_s,6.400036698344697,lower,True,48,2.0,False
29,mult,random_missing_10pct,sim_clock_lag_recovery_v1,primary_physiology_response_lag_s,ridge_recovery_probe,rmse_s,7.483787975246074,lower,True,48,2.0,False
29,mult,random_missing_10pct,sim_clock_lag_recovery_v1,primary_physiology_response_lag_s,ridge_recovery_probe,tolerance_hit_rate,0.0625,higher,True,48,2.0,False
29,mult,random_missing_10pct,sim_clock_lag_recovery_v1,primary_physiology_response_lag_s,ridge_recovery_probe,spearman,0.336697684777911,higher,True,48,2.0,False
29,mult,random_missing_30pct,sim_clock_lag_recovery_v1,relative_clock_offset_magnitude_s,ridge_recovery_probe,mae_s,1.0896906110768516,lower,True,48,0.5,False
29,mult,random_missing_30pct,sim_clock_lag_recovery_v1,relative_clock_offset_magnitude_s,ridge_recovery_probe,rmse_s,1.1112149791213481,lower,True,48,0.5,False
29,mult,random_missing_30pct,sim_clock_lag_recovery_v1,relative_clock_offset_magnitude_s,ridge_recovery_probe,tolerance_hit_rate,0.0,higher,True,48,0.5,False
29,mult,random_missing_30pct,sim_clock_lag_recovery_v1,relative_clock_offset_magnitude_s,ridge_recovery_probe,spearman,,higher,False,48,0.5,False
29,mult,random_missing_30pct,sim_clock_lag_recovery_v1,primary_physiology_response_lag_s,ridge_recovery_probe,mae_s,7.142482594413906,lower,True,48,2.0,False
29,mult,random_missing_30pct,sim_clock_lag_recovery_v1,primary_physiology_response_lag_s,ridge_recovery_probe,rmse_s,8.227010767034507,lower,True,48,2.0,False
29,mult,random_missing_30pct,sim_clock_lag_recovery_v1,primary_physiology_response_lag_s,ridge_recovery_probe,tolerance_hit_rate,0.10416666666666667,higher,True,48,2.0,False
29,mult,random_missing_30pct,sim_clock_lag_recovery_v1,primary_physiology_response_lag_s,ridge_recovery_probe,spearman,0.43120931559276326,higher,True,48,2.0,False
29,mult,random_missing_50pct,sim_clock_lag_recovery_v1,relative_clock_offset_magnitude_s,ridge_recovery_probe,mae_s,1.3996781309445698,lower,True,48,0.5,False
29,mult,random_missing_50pct,sim_clock_lag_recovery_v1,relative_clock_offset_magnitude_s,ridge_recovery_probe,rmse_s,1.4187490163000458,lower,True,48,0.5,False
29,mult,random_missing_50pct,sim_clock_lag_recovery_v1,relative_clock_offset_magnitude_s,ridge_recovery_probe,tolerance_hit_rate,0.0,higher,True,48,0.5,False
29,mult,random_missing_50pct,sim_clock_lag_recovery_v1,relative_clock_offset_magnitude_s,ridge_recovery_probe,spearman,,higher,False,48,0.5,False
29,mult,random_missing_50pct,sim_clock_lag_recovery_v1,primary_physiology_response_lag_s,ridge_recovery_probe,mae_s,8.5091359297064,lower,True,48,2.0,False
29,mult,random_missing_50pct,sim_clock_lag_recovery_v1,primary_physiology_response_lag_s,ridge_recovery_probe,rmse_s,9.718218772700306,lower,True,48,2.0,False
29,mult,random_missing_50pct,sim_clock_lag_recovery_v1,primary_physiology_response_lag_s,ridge_recovery_probe,tolerance_hit_rate,0.10416666666666667,higher,True,48,2.0,False
29,mult,random_missing_50pct,sim_clock_lag_recovery_v1,primary_physiology_response_lag_s,ridge_recovery_probe,spearman,0.31897675400012626,higher,True,48,2.0,False
29,mult,contiguous_gap_00s,sim_clock_lag_recovery_v1,relative_clock_offset_magnitude_s,ridge_recovery_probe,mae_s,0.818861519296964,lower,True,48,0.5,False
29,mult,contiguous_gap_00s,sim_clock_lag_recovery_v1,relative_clock_offset_magnitude_s,ridge_recovery_probe,rmse_s,0.8510314409962805,lower,True,48,0.5,False
29,mult,contiguous_gap_00s,sim_clock_lag_recovery_v1,relative_clock_offset_magnitude_s,ridge_recovery_probe,tolerance_hit_rate,0.08333333333333333,higher,True,48,0.5,False
29,mult,contiguous_gap_00s,sim_clock_lag_recovery_v1,relative_clock_offset_magnitude_s,ridge_recovery_probe,spearman,,higher,False,48,0.5,False
29,mult,contiguous_gap_00s,sim_clock_lag_recovery_v1,primary_physiology_response_lag_s,ridge_recovery_probe,mae_s,6.119268880052715,lower,True,48,2.0,False
29,mult,contiguous_gap_00s,sim_clock_lag_recovery_v1,primary_physiology_response_lag_s,ridge_recovery_probe,rmse_s,7.1614192734134265,lower,True,48,2.0,False
29,mult,contiguous_gap_00s,sim_clock_lag_recovery_v1,primary_physiology_response_lag_s,ridge_recovery_probe,tolerance_hit_rate,0.08333333333333333,higher,True,48,2.0,False
29,mult,contiguous_gap_00s,sim_clock_lag_recovery_v1,primary_physiology_response_lag_s,ridge_recovery_probe,spearman,0.3642635770989096,higher,True,48,2.0,False
29,mult,contiguous_gap_05s,sim_clock_lag_recovery_v1,relative_clock_offset_magnitude_s,ridge_recovery_probe,mae_s,1.0124324563269813,lower,True,48,0.5,False
29,mult,contiguous_gap_05s,sim_clock_lag_recovery_v1,relative_clock_offset_magnitude_s,ridge_recovery_probe,rmse_s,1.0388771433537694,lower,True,48,0.5,False
29,mult,contiguous_gap_05s,sim_clock_lag_recovery_v1,relative_clock_offset_magnitude_s,ridge_recovery_probe,tolerance_hit_rate,0.0,higher,True,48,0.5,False
29,mult,contiguous_gap_05s,sim_clock_lag_recovery_v1,relative_clock_offset_magnitude_s,ridge_recovery_probe,spearman,,higher,False,48,0.5,False
29,mult,contiguous_gap_05s,sim_clock_lag_recovery_v1,primary_physiology_response_lag_s,ridge_recovery_probe,mae_s,6.825662251078437,lower,True,48,2.0,False
29,mult,contiguous_gap_05s,sim_clock_lag_recovery_v1,primary_physiology_response_lag_s,ridge_recovery_probe,rmse_s,7.96604310518083,lower,True,48,2.0,False
29,mult,contiguous_gap_05s,sim_clock_lag_recovery_v1,primary_physiology_response_lag_s,ridge_recovery_probe,tolerance_hit_rate,0.125,higher,True,48,2.0,False
29,mult,contiguous_gap_05s,sim_clock_lag_recovery_v1,primary_physiology_response_lag_s,ridge_recovery_probe,spearman,0.2211834693375361,higher,True,48,2.0,False
29,mult,contiguous_gap_15s,sim_clock_lag_recovery_v1,relative_clock_offset_magnitude_s,ridge_recovery_probe,mae_s,1.886068983624379,lower,True,48,0.5,False
29,mult,contiguous_gap_15s,sim_clock_lag_recovery_v1,relative_clock_offset_magnitude_s,ridge_recovery_probe,rmse_s,1.9432415944055959,lower,True,48,0.5,False
29,mult,contiguous_gap_15s,sim_clock_lag_recovery_v1,relative_clock_offset_magnitude_s,ridge_recovery_probe,tolerance_hit_rate,0.0,higher,True,48,0.5,False
29,mult,contiguous_gap_15s,sim_clock_lag_recovery_v1,relative_clock_offset_magnitude_s,ridge_recovery_probe,spearman,,higher,False,48,0.5,False
29,mult,contiguous_gap_15s,sim_clock_lag_recovery_v1,primary_physiology_response_lag_s,ridge_recovery_probe,mae_s,10.451743115545087,lower,True,48,2.0,False
29,mult,contiguous_gap_15s,sim_clock_lag_recovery_v1,primary_physiology_response_lag_s,ridge_recovery_probe,rmse_s,11.906832496996081,lower,True,48,2.0,False
29,mult,contiguous_gap_15s,sim_clock_lag_recovery_v1,primary_physiology_response_lag_s,ridge_recovery_probe,tolerance_hit_rate,0.08333333333333333,higher,True,48,2.0,False
29,mult,contiguous_gap_15s,sim_clock_lag_recovery_v1,primary_physiology_response_lag_s,ridge_recovery_probe,spearman,-0.023627907703713057,higher,True,48,2.0,False
29,mult,contiguous_gap_30s,sim_clock_lag_recovery_v1,relative_clock_offset_magnitude_s,ridge_recovery_probe,mae_s,3.2087211217731237,lower,True,48,0.5,False
29,mult,contiguous_gap_30s,sim_clock_lag_recovery_v1,relative_clock_offset_magnitude_s,ridge_recovery_probe,rmse_s,3.3482141626101836,lower,True,48,0.5,False
29,mult,contiguous_gap_30s,sim_clock_lag_recovery_v1,relative_clock_offset_magnitude_s,ridge_recovery_probe,tolerance_hit_rate,0.0,higher,True,48,0.5,False
29,mult,contiguous_gap_30s,sim_clock_lag_recovery_v1,relative_clock_offset_magnitude_s,ridge_recovery_probe,spearman,,higher,False,48,0.5,False
29,mult,contiguous_gap_30s,sim_clock_lag_recovery_v1,primary_physiology_response_lag_s,ridge_recovery_probe,mae_s,17.184748305836802,lower,True,48,2.0,False
29,mult,contiguous_gap_30s,sim_clock_lag_recovery_v1,primary_physiology_response_lag_s,ridge_recovery_probe,rmse_s,18.550790197623098,lower,True,48,2.0,False
29,mult,contiguous_gap_30s,sim_clock_lag_recovery_v1,primary_physiology_response_lag_s,ridge_recovery_probe,tolerance_hit_rate,0.0,higher,True,48,2.0,False
29,mult,contiguous_gap_30s,sim_clock_lag_recovery_v1,primary_physiology_response_lag_s,ridge_recovery_probe,spearman,-0.022971576934165468,higher,True,48,2.0,False
29,mult,physiology_lag_02s,sim_clock_lag_recovery_v1,relative_clock_offset_magnitude_s,ridge_recovery_probe,mae_s,0.812202230716745,lower,True,48,0.5,False
29,mult,physiology_lag_02s,sim_clock_lag_recovery_v1,relative_clock_offset_magnitude_s,ridge_recovery_probe,rmse_s,0.8461772803693921,lower,True,48,0.5,False
29,mult,physiology_lag_02s,sim_clock_lag_recovery_v1,relative_clock_offset_magnitude_s,ridge_recovery_probe,tolerance_hit_rate,0.08333333333333333,higher,True,48,0.5,False
29,mult,physiology_lag_02s,sim_clock_lag_recovery_v1,relative_clock_offset_magnitude_s,ridge_recovery_probe,spearman,,higher,False,48,0.5,False
29,mult,physiology_lag_02s,sim_clock_lag_recovery_v1,primary_physiology_response_lag_s,ridge_recovery_probe,mae_s,4.958006284556043,lower,True,48,2.0,False
29,mult,physiology_lag_02s,sim_clock_lag_recovery_v1,primary_physiology_response_lag_s,ridge_recovery_probe,rmse_s,6.0234392170224655,lower,True,48,2.0,False
29,mult,physiology_lag_02s,sim_clock_lag_recovery_v1,primary_physiology_response_lag_s,ridge_recovery_probe,tolerance_hit_rate,0.3333333333333333,higher,True,48,2.0,False
29,mult,physiology_lag_02s,sim_clock_lag_recovery_v1,primary_physiology_response_lag_s,ridge_recovery_probe,spearman,0.3137261078437456,higher,True,48,2.0,False
29,mult,physiology_lag_05s,sim_clock_lag_recovery_v1,relative_clock_offset_magnitude_s,ridge_recovery_probe,mae_s,0.80198342880855,lower,True,48,0.5,False
29,mult,physiology_lag_05s,sim_clock_lag_recovery_v1,relative_clock_offset_magnitude_s,ridge_recovery_probe,rmse_s,0.8381817256109434,lower,True,48,0.5,False
29,mult,physiology_lag_05s,sim_clock_lag_recovery_v1,relative_clock_offset_magnitude_s,ridge_recovery_probe,tolerance_hit_rate,0.14583333333333334,higher,True,48,0.5,False
29,mult,physiology_lag_05s,sim_clock_lag_recovery_v1,relative_clock_offset_magnitude_s,ridge_recovery_probe,spearman,,higher,False,48,0.5,False
29,mult,physiology_lag_05s,sim_clock_lag_recovery_v1,primary_physiology_response_lag_s,ridge_recovery_probe,mae_s,4.425563298806239,lower,True,48,2.0,False
29,mult,physiology_lag_05s,sim_clock_lag_recovery_v1,primary_physiology_response_lag_s,ridge_recovery_probe,rmse_s,5.160744663369684,lower,True,48,2.0,False
29,mult,physiology_lag_05s,sim_clock_lag_recovery_v1,primary_physiology_response_lag_s,ridge_recovery_probe,tolerance_hit_rate,0.22916666666666666,higher,True,48,2.0,False
29,mult,physiology_lag_05s,sim_clock_lag_recovery_v1,primary_physiology_response_lag_s,ridge_recovery_probe,spearman,0.2776279155186284,higher,True,48,2.0,False
29,mult,physiology_lag_15s,sim_clock_lag_recovery_v1,relative_clock_offset_magnitude_s,ridge_recovery_probe,mae_s,0.8111297891785701,lower,True,48,0.5,False
29,mult,physiology_lag_15s,sim_clock_lag_recovery_v1,relative_clock_offset_magnitude_s,ridge_recovery_probe,rmse_s,0.8585800318079325,lower,True,48,0.5,False
29,mult,physiology_lag_15s,sim_clock_lag_recovery_v1,relative_clock_offset_magnitude_s,ridge_recovery_probe,tolerance_hit_rate,0.14583333333333334,higher,True,48,0.5,False
29,mult,physiology_lag_15s,sim_clock_lag_recovery_v1,relative_clock_offset_magnitude_s,ridge_recovery_probe,spearman,,higher,False,48,0.5,False
29,mult,physiology_lag_15s,sim_clock_lag_recovery_v1,primary_physiology_response_lag_s,ridge_recovery_probe,mae_s,9.079039916386021,lower,True,48,2.0,False
29,mult,physiology_lag_15s,sim_clock_lag_recovery_v1,primary_physiology_response_lag_s,ridge_recovery_probe,rmse_s,10.273978125618267,lower,True,48,2.0,False
29,mult,physiology_lag_15s,sim_clock_lag_recovery_v1,primary_physiology_response_lag_s,ridge_recovery_probe,tolerance_hit_rate,0.0625,higher,True,48,2.0,False
29,mult,physiology_lag_15s,sim_clock_lag_recovery_v1,primary_physiology_response_lag_s,ridge_recovery_probe,spearman,0.4285839925145729,higher,True,48,2.0,False
29,mult,physiology_lag_30s,sim_clock_lag_recovery_v1,relative_clock_offset_magnitude_s,ridge_recovery_probe,mae_s,0.9946960940336188,lower,True,48,0.5,False
29,mult,physiology_lag_30s,sim_clock_lag_recovery_v1,relative_clock_offset_magnitude_s,ridge_recovery_probe,rmse_s,1.071134320433277,lower,True,48,0.5,False
29,mult,physiology_lag_30s,sim_clock_lag_recovery_v1,relative_clock_offset_magnitude_s,ridge_recovery_probe,tolerance_hit_rate,0.14583333333333334,higher,True,48,0.5,False
29,mult,physiology_lag_30s,sim_clock_lag_recovery_v1,relative_clock_offset_magnitude_s,ridge_recovery_probe,spearman,,higher,False,48,0.5,False
29,mult,physiology_lag_30s,sim_clock_lag_recovery_v1,primary_physiology_response_lag_s,ridge_recovery_probe,mae_s,22.373708552162366,lower,True,48,2.0,False
29,mult,physiology_lag_30s,sim_clock_lag_recovery_v1,primary_physiology_response_lag_s,ridge_recovery_probe,rmse_s,22.912038662021533,lower,True,48,2.0,False
29,mult,physiology_lag_30s,sim_clock_lag_recovery_v1,primary_physiology_response_lag_s,ridge_recovery_probe,tolerance_hit_rate,0.0,higher,True,48,2.0,False
29,mult,physiology_lag_30s,sim_clock_lag_recovery_v1,primary_physiology_response_lag_s,ridge_recovery_probe,spearman,0.4187390309713591,higher,True,48,2.0,False
29,mult,observation_snr_30db,sim_clock_lag_recovery_v1,relative_clock_offset_magnitude_s,ridge_recovery_probe,mae_s,0.818861519296964,lower,True,48,0.5,False
29,mult,observation_snr_30db,sim_clock_lag_recovery_v1,relative_clock_offset_magnitude_s,ridge_recovery_probe,rmse_s,0.8510314409962805,lower,True,48,0.5,False
29,mult,observation_snr_30db,sim_clock_lag_recovery_v1,relative_clock_offset_magnitude_s,ridge_recovery_probe,tolerance_hit_rate,0.08333333333333333,higher,True,48,0.5,False
29,mult,observation_snr_30db,sim_clock_lag_recovery_v1,relative_clock_offset_magnitude_s,ridge_recovery_probe,spearman,,higher,False,48,0.5,False
29,mult,observation_snr_30db,sim_clock_lag_recovery_v1,primary_physiology_response_lag_s,ridge_recovery_probe,mae_s,6.119268880052715,lower,True,48,2.0,False
29,mult,observation_snr_30db,sim_clock_lag_recovery_v1,primary_physiology_response_lag_s,ridge_recovery_probe,rmse_s,7.1614192734134265,lower,True,48,2.0,False
29,mult,observation_snr_30db,sim_clock_lag_recovery_v1,primary_physiology_response_lag_s,ridge_recovery_probe,tolerance_hit_rate,0.08333333333333333,higher,True,48,2.0,False
29,mult,observation_snr_30db,sim_clock_lag_recovery_v1,primary_physiology_response_lag_s,ridge_recovery_probe,spearman,0.3642635770989096,higher,True,48,2.0,False
29,mult,observation_snr_20db,sim_clock_lag_recovery_v1,relative_clock_offset_magnitude_s,ridge_recovery_probe,mae_s,0.8483657874166965,lower,True,48,0.5,False
29,mult,observation_snr_20db,sim_clock_lag_recovery_v1,relative_clock_offset_magnitude_s,ridge_recovery_probe,rmse_s,0.8792098469088094,lower,True,48,0.5,False
29,mult,observation_snr_20db,sim_clock_lag_recovery_v1,relative_clock_offset_magnitude_s,ridge_recovery_probe,tolerance_hit_rate,0.0625,higher,True,48,0.5,False
29,mult,observation_snr_20db,sim_clock_lag_recovery_v1,relative_clock_offset_magnitude_s,ridge_recovery_probe,spearman,,higher,False,48,0.5,False
29,mult,observation_snr_20db,sim_clock_lag_recovery_v1,primary_physiology_response_lag_s,ridge_recovery_probe,mae_s,6.238630827032874,lower,True,48,2.0,False
29,mult,observation_snr_20db,sim_clock_lag_recovery_v1,primary_physiology_response_lag_s,ridge_recovery_probe,rmse_s,7.281987659449769,lower,True,48,2.0,False
29,mult,observation_snr_20db,sim_clock_lag_recovery_v1,primary_physiology_response_lag_s,ridge_recovery_probe,tolerance_hit_rate,0.08333333333333333,higher,True,48,2.0,False
29,mult,observation_snr_20db,sim_clock_lag_recovery_v1,primary_physiology_response_lag_s,ridge_recovery_probe,spearman,0.33997933862564894,higher,True,48,2.0,False
29,mult,observation_snr_10db,sim_clock_lag_recovery_v1,relative_clock_offset_magnitude_s,ridge_recovery_probe,mae_s,1.1056183961530526,lower,True,48,0.5,False
29,mult,observation_snr_10db,sim_clock_lag_recovery_v1,relative_clock_offset_magnitude_s,ridge_recovery_probe,rmse_s,1.1331809287128394,lower,True,48,0.5,False
29,mult,observation_snr_10db,sim_clock_lag_recovery_v1,relative_clock_offset_magnitude_s,ridge_recovery_probe,tolerance_hit_rate,0.0,higher,True,48,0.5,False
29,mult,observation_snr_10db,sim_clock_lag_recovery_v1,relative_clock_offset_magnitude_s,ridge_recovery_probe,spearman,,higher,False,48,0.5,False
29,mult,observation_snr_10db,sim_clock_lag_recovery_v1,primary_physiology_response_lag_s,ridge_recovery_probe,mae_s,7.1917957124743355,lower,True,48,2.0,False
29,mult,observation_snr_10db,sim_clock_lag_recovery_v1,primary_physiology_response_lag_s,ridge_recovery_probe,rmse_s,8.312088708344234,lower,True,48,2.0,False
29,mult,observation_snr_10db,sim_clock_lag_recovery_v1,primary_physiology_response_lag_s,ridge_recovery_probe,tolerance_hit_rate,0.041666666666666664,higher,True,48,2.0,False
29,mult,observation_snr_10db,sim_clock_lag_recovery_v1,primary_physiology_response_lag_s,ridge_recovery_probe,spearman,0.3202894155392214,higher,True,48,2.0,False
29,mult,observation_snr_05db,sim_clock_lag_recovery_v1,relative_clock_offset_magnitude_s,ridge_recovery_probe,mae_s,1.5262547427167494,lower,True,48,0.5,False
29,mult,observation_snr_05db,sim_clock_lag_recovery_v1,relative_clock_offset_magnitude_s,ridge_recovery_probe,rmse_s,1.565700731785978,lower,True,48,0.5,False
29,mult,observation_snr_05db,sim_clock_lag_recovery_v1,relative_clock_offset_magnitude_s,ridge_recovery_probe,tolerance_hit_rate,0.0,higher,True,48,0.5,False
29,mult,observation_snr_05db,sim_clock_lag_recovery_v1,relative_clock_offset_magnitude_s,ridge_recovery_probe,spearman,,higher,False,48,0.5,False
29,mult,observation_snr_05db,sim_clock_lag_recovery_v1,primary_physiology_response_lag_s,ridge_recovery_probe,mae_s,8.764353970847587,lower,True,48,2.0,False
29,mult,observation_snr_05db,sim_clock_lag_recovery_v1,primary_physiology_response_lag_s,ridge_recovery_probe,rmse_s,10.138051480502602,lower,True,48,2.0,False
29,mult,observation_snr_05db,sim_clock_lag_recovery_v1,primary_physiology_response_lag_s,ridge_recovery_probe,tolerance_hit_rate,0.125,higher,True,48,2.0,False
29,mult,observation_snr_05db,sim_clock_lag_recovery_v1,primary_physiology_response_lag_s,ridge_recovery_probe,spearman,0.2684392847449622,higher,True,48,2.0,False
29,mult,mixed_severe,sim_clock_lag_recovery_v1,relative_clock_offset_magnitude_s,ridge_recovery_probe,mae_s,2.648912211569647,lower,True,48,0.5,False
29,mult,mixed_severe,sim_clock_lag_recovery_v1,relative_clock_offset_magnitude_s,ridge_recovery_probe,rmse_s,2.724997752226035,lower,True,48,0.5,False
29,mult,mixed_severe,sim_clock_lag_recovery_v1,relative_clock_offset_magnitude_s,ridge_recovery_probe,tolerance_hit_rate,0.0,higher,True,48,0.5,False
29,mult,mixed_severe,sim_clock_lag_recovery_v1,relative_clock_offset_magnitude_s,ridge_recovery_probe,spearman,,higher,False,48,0.5,False
29,mult,mixed_severe,sim_clock_lag_recovery_v1,primary_physiology_response_lag_s,ridge_recovery_probe,mae_s,10.036021735884495,lower,True,48,2.0,False
29,mult,mixed_severe,sim_clock_lag_recovery_v1,primary_physiology_response_lag_s,ridge_recovery_probe,rmse_s,11.357874560761239,lower,True,48,2.0,False
29,mult,mixed_severe,sim_clock_lag_recovery_v1,primary_physiology_response_lag_s,ridge_recovery_probe,tolerance_hit_rate,0.08333333333333333,higher,True,48,2.0,False
29,mult,mixed_severe,sim_clock_lag_recovery_v1,primary_physiology_response_lag_s,ridge_recovery_probe,spearman,0.2900982001400325,higher,True,48,2.0,False
29,contiformer,timestamp_jitter_000ms,sim_clock_lag_recovery_v1,relative_clock_offset_magnitude_s,ridge_recovery_probe,mae_s,0.5510911587625742,lower,True,48,0.5,False
29,contiformer,timestamp_jitter_000ms,sim_clock_lag_recovery_v1,relative_clock_offset_magnitude_s,ridge_recovery_probe,rmse_s,0.669362925604616,lower,True,48,0.5,False
29,contiformer,timestamp_jitter_000ms,sim_clock_lag_recovery_v1,relative_clock_offset_magnitude_s,ridge_recovery_probe,tolerance_hit_rate,0.5625,higher,True,48,0.5,False
29,contiformer,timestamp_jitter_000ms,sim_clock_lag_recovery_v1,relative_clock_offset_magnitude_s,ridge_recovery_probe,spearman,,higher,False,48,0.5,False
29,contiformer,timestamp_jitter_000ms,sim_clock_lag_recovery_v1,primary_physiology_response_lag_s,ridge_recovery_probe,mae_s,6.532224910642516,lower,True,48,2.0,False
29,contiformer,timestamp_jitter_000ms,sim_clock_lag_recovery_v1,primary_physiology_response_lag_s,ridge_recovery_probe,rmse_s,8.687012222429209,lower,True,48,2.0,False
29,contiformer,timestamp_jitter_000ms,sim_clock_lag_recovery_v1,primary_physiology_response_lag_s,ridge_recovery_probe,tolerance_hit_rate,0.20833333333333334,higher,True,48,2.0,False
29,contiformer,timestamp_jitter_000ms,sim_clock_lag_recovery_v1,primary_physiology_response_lag_s,ridge_recovery_probe,spearman,-0.08401033850209086,higher,True,48,2.0,False
29,contiformer,timestamp_jitter_020ms,sim_clock_lag_recovery_v1,relative_clock_offset_magnitude_s,ridge_recovery_probe,mae_s,0.709709762285153,lower,True,48,0.5,False
29,contiformer,timestamp_jitter_020ms,sim_clock_lag_recovery_v1,relative_clock_offset_magnitude_s,ridge_recovery_probe,rmse_s,0.8643108641187716,lower,True,48,0.5,False
29,contiformer,timestamp_jitter_020ms,sim_clock_lag_recovery_v1,relative_clock_offset_magnitude_s,ridge_recovery_probe,tolerance_hit_rate,0.5,higher,True,48,0.5,False
29,contiformer,timestamp_jitter_020ms,sim_clock_lag_recovery_v1,relative_clock_offset_magnitude_s,ridge_recovery_probe,spearman,,higher,False,48,0.5,False
29,contiformer,timestamp_jitter_020ms,sim_clock_lag_recovery_v1,primary_physiology_response_lag_s,ridge_recovery_probe,mae_s,6.706917786391628,lower,True,48,2.0,False
29,contiformer,timestamp_jitter_020ms,sim_clock_lag_recovery_v1,primary_physiology_response_lag_s,ridge_recovery_probe,rmse_s,7.927747775029775,lower,True,48,2.0,False
29,contiformer,timestamp_jitter_020ms,sim_clock_lag_recovery_v1,primary_physiology_response_lag_s,ridge_recovery_probe,tolerance_hit_rate,0.08333333333333333,higher,True,48,2.0,False
29,contiformer,timestamp_jitter_020ms,sim_clock_lag_recovery_v1,primary_physiology_response_lag_s,ridge_recovery_probe,spearman,-0.21133850779432234,higher,True,48,2.0,False
29,contiformer,timestamp_jitter_050ms,sim_clock_lag_recovery_v1,relative_clock_offset_magnitude_s,ridge_recovery_probe,mae_s,0.7382048030073444,lower,True,48,0.5,False
29,contiformer,timestamp_jitter_050ms,sim_clock_lag_recovery_v1,relative_clock_offset_magnitude_s,ridge_recovery_probe,rmse_s,0.8964305938268502,lower,True,48,0.5,False
29,contiformer,timestamp_jitter_050ms,sim_clock_lag_recovery_v1,relative_clock_offset_magnitude_s,ridge_recovery_probe,tolerance_hit_rate,0.4375,higher,True,48,0.5,False
29,contiformer,timestamp_jitter_050ms,sim_clock_lag_recovery_v1,relative_clock_offset_magnitude_s,ridge_recovery_probe,spearman,,higher,False,48,0.5,False
29,contiformer,timestamp_jitter_050ms,sim_clock_lag_recovery_v1,primary_physiology_response_lag_s,ridge_recovery_probe,mae_s,6.850301577440949,lower,True,48,2.0,False
29,contiformer,timestamp_jitter_050ms,sim_clock_lag_recovery_v1,primary_physiology_response_lag_s,ridge_recovery_probe,rmse_s,8.071698076844743,lower,True,48,2.0,False
29,contiformer,timestamp_jitter_050ms,sim_clock_lag_recovery_v1,primary_physiology_response_lag_s,ridge_recovery_probe,tolerance_hit_rate,0.041666666666666664,higher,True,48,2.0,False
29,contiformer,timestamp_jitter_050ms,sim_clock_lag_recovery_v1,primary_physiology_response_lag_s,ridge_recovery_probe,spearman,-0.21462016164206027,higher,True,48,2.0,False
29,contiformer,timestamp_jitter_100ms,sim_clock_lag_recovery_v1,relative_clock_offset_magnitude_s,ridge_recovery_probe,mae_s,0.7800236127028862,lower,True,48,0.5,False
29,contiformer,timestamp_jitter_100ms,sim_clock_lag_recovery_v1,relative_clock_offset_magnitude_s,ridge_recovery_probe,rmse_s,0.9385704482955172,lower,True,48,0.5,False
29,contiformer,timestamp_jitter_100ms,sim_clock_lag_recovery_v1,relative_clock_offset_magnitude_s,ridge_recovery_probe,tolerance_hit_rate,0.3958333333333333,higher,True,48,0.5,False
29,contiformer,timestamp_jitter_100ms,sim_clock_lag_recovery_v1,relative_clock_offset_magnitude_s,ridge_recovery_probe,spearman,,higher,False,48,0.5,False
29,contiformer,timestamp_jitter_100ms,sim_clock_lag_recovery_v1,primary_physiology_response_lag_s,ridge_recovery_probe,mae_s,6.99050224700774,lower,True,48,2.0,False
29,contiformer,timestamp_jitter_100ms,sim_clock_lag_recovery_v1,primary_physiology_response_lag_s,ridge_recovery_probe,rmse_s,8.230782717471422,lower,True,48,2.0,False
29,contiformer,timestamp_jitter_100ms,sim_clock_lag_recovery_v1,primary_physiology_response_lag_s,ridge_recovery_probe,tolerance_hit_rate,0.0625,higher,True,48,2.0,False
29,contiformer,timestamp_jitter_100ms,sim_clock_lag_recovery_v1,primary_physiology_response_lag_s,ridge_recovery_probe,spearman,-0.22052713856798853,higher,True,48,2.0,False
29,contiformer,clock_offset_+0.00s,sim_clock_lag_recovery_v1,relative_clock_offset_magnitude_s,ridge_recovery_probe,mae_s,0.5510911587625742,lower,True,48,0.5,False
29,contiformer,clock_offset_+0.00s,sim_clock_lag_recovery_v1,relative_clock_offset_magnitude_s,ridge_recovery_probe,rmse_s,0.669362925604616,lower,True,48,0.5,False
29,contiformer,clock_offset_+0.00s,sim_clock_lag_recovery_v1,relative_clock_offset_magnitude_s,ridge_recovery_probe,tolerance_hit_rate,0.5625,higher,True,48,0.5,False
29,contiformer,clock_offset_+0.00s,sim_clock_lag_recovery_v1,relative_clock_offset_magnitude_s,ridge_recovery_probe,spearman,,higher,False,48,0.5,False
29,contiformer,clock_offset_+0.00s,sim_clock_lag_recovery_v1,primary_physiology_response_lag_s,ridge_recovery_probe,mae_s,6.532224910642516,lower,True,48,2.0,False
29,contiformer,clock_offset_+0.00s,sim_clock_lag_recovery_v1,primary_physiology_response_lag_s,ridge_recovery_probe,rmse_s,8.687012222429209,lower,True,48,2.0,False
29,contiformer,clock_offset_+0.00s,sim_clock_lag_recovery_v1,primary_physiology_response_lag_s,ridge_recovery_probe,tolerance_hit_rate,0.20833333333333334,higher,True,48,2.0,False
29,contiformer,clock_offset_+0.00s,sim_clock_lag_recovery_v1,primary_physiology_response_lag_s,ridge_recovery_probe,spearman,-0.08401033850209086,higher,True,48,2.0,False
29,contiformer,clock_offset_-0.25s,sim_clock_lag_recovery_v1,relative_clock_offset_magnitude_s,ridge_recovery_probe,mae_s,0.5484036604563395,lower,True,48,0.5,False
29,contiformer,clock_offset_-0.25s,sim_clock_lag_recovery_v1,relative_clock_offset_magnitude_s,ridge_recovery_probe,rmse_s,0.7104544288837081,lower,True,48,0.5,False
29,contiformer,clock_offset_-0.25s,sim_clock_lag_recovery_v1,relative_clock_offset_magnitude_s,ridge_recovery_probe,tolerance_hit_rate,0.5833333333333334,higher,True,48,0.5,False
29,contiformer,clock_offset_-0.25s,sim_clock_lag_recovery_v1,relative_clock_offset_magnitude_s,ridge_recovery_probe,spearman,,higher,False,48,0.5,False
29,contiformer,clock_offset_-0.25s,sim_clock_lag_recovery_v1,primary_physiology_response_lag_s,ridge_recovery_probe,mae_s,5.981906772438498,lower,True,48,2.0,False
29,contiformer,clock_offset_-0.25s,sim_clock_lag_recovery_v1,primary_physiology_response_lag_s,ridge_recovery_probe,rmse_s,7.625281032404495,lower,True,48,2.0,False
29,contiformer,clock_offset_-0.25s,sim_clock_lag_recovery_v1,primary_physiology_response_lag_s,ridge_recovery_probe,tolerance_hit_rate,0.0625,higher,True,48,2.0,False
29,contiformer,clock_offset_-0.25s,sim_clock_lag_recovery_v1,primary_physiology_response_lag_s,ridge_recovery_probe,spearman,-0.21855814625934578,higher,True,48,2.0,False
29,contiformer,clock_offset_+0.25s,sim_clock_lag_recovery_v1,relative_clock_offset_magnitude_s,ridge_recovery_probe,mae_s,0.5518794065962235,lower,True,48,0.5,False
29,contiformer,clock_offset_+0.25s,sim_clock_lag_recovery_v1,relative_clock_offset_magnitude_s,ridge_recovery_probe,rmse_s,0.7214744804856551,lower,True,48,0.5,False
29,contiformer,clock_offset_+0.25s,sim_clock_lag_recovery_v1,relative_clock_offset_magnitude_s,ridge_recovery_probe,tolerance_hit_rate,0.5833333333333334,higher,True,48,0.5,False
29,contiformer,clock_offset_+0.25s,sim_clock_lag_recovery_v1,relative_clock_offset_magnitude_s,ridge_recovery_probe,spearman,,higher,False,48,0.5,False
29,contiformer,clock_offset_+0.25s,sim_clock_lag_recovery_v1,primary_physiology_response_lag_s,ridge_recovery_probe,mae_s,6.069353039844644,lower,True,48,2.0,False
29,contiformer,clock_offset_+0.25s,sim_clock_lag_recovery_v1,primary_physiology_response_lag_s,ridge_recovery_probe,rmse_s,7.725908632358375,lower,True,48,2.0,False
29,contiformer,clock_offset_+0.25s,sim_clock_lag_recovery_v1,primary_physiology_response_lag_s,ridge_recovery_probe,tolerance_hit_rate,0.0625,higher,True,48,2.0,False
29,contiformer,clock_offset_+0.25s,sim_clock_lag_recovery_v1,primary_physiology_response_lag_s,ridge_recovery_probe,spearman,-0.24940569242808225,higher,True,48,2.0,False
29,contiformer,clock_offset_-1.00s,sim_clock_lag_recovery_v1,relative_clock_offset_magnitude_s,ridge_recovery_probe,mae_s,1.1523712302247684,lower,True,48,0.5,False
29,contiformer,clock_offset_-1.00s,sim_clock_lag_recovery_v1,relative_clock_offset_magnitude_s,ridge_recovery_probe,rmse_s,1.3015767537879155,lower,True,48,0.5,False
29,contiformer,clock_offset_-1.00s,sim_clock_lag_recovery_v1,relative_clock_offset_magnitude_s,ridge_recovery_probe,tolerance_hit_rate,0.125,higher,True,48,0.5,False
29,contiformer,clock_offset_-1.00s,sim_clock_lag_recovery_v1,relative_clock_offset_magnitude_s,ridge_recovery_probe,spearman,,higher,False,48,0.5,False
29,contiformer,clock_offset_-1.00s,sim_clock_lag_recovery_v1,primary_physiology_response_lag_s,ridge_recovery_probe,mae_s,6.368826202736112,lower,True,48,2.0,False
29,contiformer,clock_offset_-1.00s,sim_clock_lag_recovery_v1,primary_physiology_response_lag_s,ridge_recovery_probe,rmse_s,8.437861478040894,lower,True,48,2.0,False
29,contiformer,clock_offset_-1.00s,sim_clock_lag_recovery_v1,primary_physiology_response_lag_s,ridge_recovery_probe,tolerance_hit_rate,0.22916666666666666,higher,True,48,2.0,False
29,contiformer,clock_offset_-1.00s,sim_clock_lag_recovery_v1,primary_physiology_response_lag_s,ridge_recovery_probe,spearman,-0.045943153868330935,higher,True,48,2.0,False
29,contiformer,clock_offset_+1.00s,sim_clock_lag_recovery_v1,relative_clock_offset_magnitude_s,ridge_recovery_probe,mae_s,1.206629418457548,lower,True,48,0.5,False
29,contiformer,clock_offset_+1.00s,sim_clock_lag_recovery_v1,relative_clock_offset_magnitude_s,ridge_recovery_probe,rmse_s,1.355175764233268,lower,True,48,0.5,False
29,contiformer,clock_offset_+1.00s,sim_clock_lag_recovery_v1,relative_clock_offset_magnitude_s,ridge_recovery_probe,tolerance_hit_rate,0.125,higher,True,48,0.5,False
29,contiformer,clock_offset_+1.00s,sim_clock_lag_recovery_v1,relative_clock_offset_magnitude_s,ridge_recovery_probe,spearman,,higher,False,48,0.5,False
29,contiformer,clock_offset_+1.00s,sim_clock_lag_recovery_v1,primary_physiology_response_lag_s,ridge_recovery_probe,mae_s,6.5350864253300545,lower,True,48,2.0,False
29,contiformer,clock_offset_+1.00s,sim_clock_lag_recovery_v1,primary_physiology_response_lag_s,ridge_recovery_probe,rmse_s,8.725617759239155,lower,True,48,2.0,False
29,contiformer,clock_offset_+1.00s,sim_clock_lag_recovery_v1,primary_physiology_response_lag_s,ridge_recovery_probe,tolerance_hit_rate,0.20833333333333334,higher,True,48,2.0,False
29,contiformer,clock_offset_+1.00s,sim_clock_lag_recovery_v1,primary_physiology_response_lag_s,ridge_recovery_probe,spearman,-0.08532300004118604,higher,True,48,2.0,False
29,contiformer,clock_offset_-3.00s,sim_clock_lag_recovery_v1,relative_clock_offset_magnitude_s,ridge_recovery_probe,mae_s,3.0815346532811723,lower,True,48,0.5,False
29,contiformer,clock_offset_-3.00s,sim_clock_lag_recovery_v1,relative_clock_offset_magnitude_s,ridge_recovery_probe,rmse_s,3.1361712702508964,lower,True,48,0.5,False
29,contiformer,clock_offset_-3.00s,sim_clock_lag_recovery_v1,relative_clock_offset_magnitude_s,ridge_recovery_probe,tolerance_hit_rate,0.0,higher,True,48,0.5,False
29,contiformer,clock_offset_-3.00s,sim_clock_lag_recovery_v1,relative_clock_offset_magnitude_s,ridge_recovery_probe,spearman,,higher,False,48,0.5,False
29,contiformer,clock_offset_-3.00s,sim_clock_lag_recovery_v1,primary_physiology_response_lag_s,ridge_recovery_probe,mae_s,6.119131140098783,lower,True,48,2.0,False
29,contiformer,clock_offset_-3.00s,sim_clock_lag_recovery_v1,primary_physiology_response_lag_s,ridge_recovery_probe,rmse_s,7.9288222039345895,lower,True,48,2.0,False
29,contiformer,clock_offset_-3.00s,sim_clock_lag_recovery_v1,primary_physiology_response_lag_s,ridge_recovery_probe,tolerance_hit_rate,0.22916666666666666,higher,True,48,2.0,False
29,contiformer,clock_offset_-3.00s,sim_clock_lag_recovery_v1,primary_physiology_response_lag_s,ridge_recovery_probe,spearman,0.051193800024711626,higher,True,48,2.0,False
29,contiformer,clock_offset_+3.00s,sim_clock_lag_recovery_v1,relative_clock_offset_magnitude_s,ridge_recovery_probe,mae_s,3.2462243462602296,lower,True,48,0.5,False
29,contiformer,clock_offset_+3.00s,sim_clock_lag_recovery_v1,relative_clock_offset_magnitude_s,ridge_recovery_probe,rmse_s,3.3075259365939127,lower,True,48,0.5,False
29,contiformer,clock_offset_+3.00s,sim_clock_lag_recovery_v1,relative_clock_offset_magnitude_s,ridge_recovery_probe,tolerance_hit_rate,0.0,higher,True,48,0.5,False
29,contiformer,clock_offset_+3.00s,sim_clock_lag_recovery_v1,relative_clock_offset_magnitude_s,ridge_recovery_probe,spearman,,higher,False,48,0.5,False
29,contiformer,clock_offset_+3.00s,sim_clock_lag_recovery_v1,primary_physiology_response_lag_s,ridge_recovery_probe,mae_s,6.695623454636149,lower,True,48,2.0,False
29,contiformer,clock_offset_+3.00s,sim_clock_lag_recovery_v1,primary_physiology_response_lag_s,ridge_recovery_probe,rmse_s,8.930276823842787,lower,True,48,2.0,False
29,contiformer,clock_offset_+3.00s,sim_clock_lag_recovery_v1,primary_physiology_response_lag_s,ridge_recovery_probe,tolerance_hit_rate,0.16666666666666666,higher,True,48,2.0,False
29,contiformer,clock_offset_+3.00s,sim_clock_lag_recovery_v1,primary_physiology_response_lag_s,ridge_recovery_probe,spearman,-0.1214211923663032,higher,True,48,2.0,False
29,contiformer,clock_drift_+000ppm,sim_clock_lag_recovery_v1,relative_clock_offset_magnitude_s,ridge_recovery_probe,mae_s,0.5510911587625742,lower,True,48,0.5,False
29,contiformer,clock_drift_+000ppm,sim_clock_lag_recovery_v1,relative_clock_offset_magnitude_s,ridge_recovery_probe,rmse_s,0.669362925604616,lower,True,48,0.5,False
29,contiformer,clock_drift_+000ppm,sim_clock_lag_recovery_v1,relative_clock_offset_magnitude_s,ridge_recovery_probe,tolerance_hit_rate,0.5625,higher,True,48,0.5,False
29,contiformer,clock_drift_+000ppm,sim_clock_lag_recovery_v1,relative_clock_offset_magnitude_s,ridge_recovery_probe,spearman,,higher,False,48,0.5,False
29,contiformer,clock_drift_+000ppm,sim_clock_lag_recovery_v1,primary_physiology_response_lag_s,ridge_recovery_probe,mae_s,6.532224910642516,lower,True,48,2.0,False
29,contiformer,clock_drift_+000ppm,sim_clock_lag_recovery_v1,primary_physiology_response_lag_s,ridge_recovery_probe,rmse_s,8.687012222429209,lower,True,48,2.0,False
29,contiformer,clock_drift_+000ppm,sim_clock_lag_recovery_v1,primary_physiology_response_lag_s,ridge_recovery_probe,tolerance_hit_rate,0.20833333333333334,higher,True,48,2.0,False
29,contiformer,clock_drift_+000ppm,sim_clock_lag_recovery_v1,primary_physiology_response_lag_s,ridge_recovery_probe,spearman,-0.08401033850209086,higher,True,48,2.0,False
29,contiformer,clock_drift_-050ppm,sim_clock_lag_recovery_v1,relative_clock_offset_magnitude_s,ridge_recovery_probe,mae_s,0.47952815145254135,lower,True,48,0.5,False
29,contiformer,clock_drift_-050ppm,sim_clock_lag_recovery_v1,relative_clock_offset_magnitude_s,ridge_recovery_probe,rmse_s,0.6025996481653787,lower,True,48,0.5,False
29,contiformer,clock_drift_-050ppm,sim_clock_lag_recovery_v1,relative_clock_offset_magnitude_s,ridge_recovery_probe,tolerance_hit_rate,0.5833333333333334,higher,True,48,0.5,False
29,contiformer,clock_drift_-050ppm,sim_clock_lag_recovery_v1,relative_clock_offset_magnitude_s,ridge_recovery_probe,spearman,,higher,False,48,0.5,False
29,contiformer,clock_drift_-050ppm,sim_clock_lag_recovery_v1,primary_physiology_response_lag_s,ridge_recovery_probe,mae_s,5.883693319394703,lower,True,48,2.0,False
29,contiformer,clock_drift_-050ppm,sim_clock_lag_recovery_v1,primary_physiology_response_lag_s,ridge_recovery_probe,rmse_s,7.553440089532689,lower,True,48,2.0,False
29,contiformer,clock_drift_-050ppm,sim_clock_lag_recovery_v1,primary_physiology_response_lag_s,ridge_recovery_probe,tolerance_hit_rate,0.125,higher,True,48,2.0,False
29,contiformer,clock_drift_-050ppm,sim_clock_lag_recovery_v1,primary_physiology_response_lag_s,ridge_recovery_probe,spearman,-0.2047752000988465,higher,True,48,2.0,False
29,contiformer,clock_drift_+050ppm,sim_clock_lag_recovery_v1,relative_clock_offset_magnitude_s,ridge_recovery_probe,mae_s,0.5120197714616855,lower,True,48,0.5,False
29,contiformer,clock_drift_+050ppm,sim_clock_lag_recovery_v1,relative_clock_offset_magnitude_s,ridge_recovery_probe,rmse_s,0.6109612596480412,lower,True,48,0.5,False
29,contiformer,clock_drift_+050ppm,sim_clock_lag_recovery_v1,relative_clock_offset_magnitude_s,ridge_recovery_probe,tolerance_hit_rate,0.5208333333333334,higher,True,48,0.5,False
29,contiformer,clock_drift_+050ppm,sim_clock_lag_recovery_v1,relative_clock_offset_magnitude_s,ridge_recovery_probe,spearman,,higher,False,48,0.5,False
29,contiformer,clock_drift_+050ppm,sim_clock_lag_recovery_v1,primary_physiology_response_lag_s,ridge_recovery_probe,mae_s,5.847809096956066,lower,True,48,2.0,False
29,contiformer,clock_drift_+050ppm,sim_clock_lag_recovery_v1,primary_physiology_response_lag_s,ridge_recovery_probe,rmse_s,7.4476821655445065,lower,True,48,2.0,False
29,contiformer,clock_drift_+050ppm,sim_clock_lag_recovery_v1,primary_physiology_response_lag_s,ridge_recovery_probe,tolerance_hit_rate,0.10416666666666667,higher,True,48,2.0,False
29,contiformer,clock_drift_+050ppm,sim_clock_lag_recovery_v1,primary_physiology_response_lag_s,ridge_recovery_probe,spearman,-0.23759173857622573,higher,True,48,2.0,False
29,contiformer,clock_drift_-100ppm,sim_clock_lag_recovery_v1,relative_clock_offset_magnitude_s,ridge_recovery_probe,mae_s,0.47788757023712,lower,True,48,0.5,False
29,contiformer,clock_drift_-100ppm,sim_clock_lag_recovery_v1,relative_clock_offset_magnitude_s,ridge_recovery_probe,rmse_s,0.6002686413312385,lower,True,48,0.5,False
29,contiformer,clock_drift_-100ppm,sim_clock_lag_recovery_v1,relative_clock_offset_magnitude_s,ridge_recovery_probe,tolerance_hit_rate,0.5833333333333334,higher,True,48,0.5,False
29,contiformer,clock_drift_-100ppm,sim_clock_lag_recovery_v1,relative_clock_offset_magnitude_s,ridge_recovery_probe,spearman,,higher,False,48,0.5,False
29,contiformer,clock_drift_-100ppm,sim_clock_lag_recovery_v1,primary_physiology_response_lag_s,ridge_recovery_probe,mae_s,5.868548180444848,lower,True,48,2.0,False
29,contiformer,clock_drift_-100ppm,sim_clock_lag_recovery_v1,primary_physiology_response_lag_s,ridge_recovery_probe,rmse_s,7.531954035028524,lower,True,48,2.0,False
29,contiformer,clock_drift_-100ppm,sim_clock_lag_recovery_v1,primary_physiology_response_lag_s,ridge_recovery_probe,tolerance_hit_rate,0.125,higher,True,48,2.0,False
29,contiformer,clock_drift_-100ppm,sim_clock_lag_recovery_v1,primary_physiology_response_lag_s,ridge_recovery_probe,spearman,-0.2047752000988465,higher,True,48,2.0,False
29,contiformer,clock_drift_+100ppm,sim_clock_lag_recovery_v1,relative_clock_offset_magnitude_s,ridge_recovery_probe,mae_s,0.5119168429325024,lower,True,48,0.5,False
29,contiformer,clock_drift_+100ppm,sim_clock_lag_recovery_v1,relative_clock_offset_magnitude_s,ridge_recovery_probe,rmse_s,0.6114687076141396,lower,True,48,0.5,False
29,contiformer,clock_drift_+100ppm,sim_clock_lag_recovery_v1,relative_clock_offset_magnitude_s,ridge_recovery_probe,tolerance_hit_rate,0.5416666666666666,higher,True,48,0.5,False
29,contiformer,clock_drift_+100ppm,sim_clock_lag_recovery_v1,relative_clock_offset_magnitude_s,ridge_recovery_probe,spearman,,higher,False,48,0.5,False
29,contiformer,clock_drift_+100ppm,sim_clock_lag_recovery_v1,primary_physiology_response_lag_s,ridge_recovery_probe,mae_s,5.862240717593642,lower,True,48,2.0,False
29,contiformer,clock_drift_+100ppm,sim_clock_lag_recovery_v1,primary_physiology_response_lag_s,ridge_recovery_probe,rmse_s,7.464795643142909,lower,True,48,2.0,False
29,contiformer,clock_drift_+100ppm,sim_clock_lag_recovery_v1,primary_physiology_response_lag_s,ridge_recovery_probe,tolerance_hit_rate,0.08333333333333333,higher,True,48,2.0,False
29,contiformer,clock_drift_+100ppm,sim_clock_lag_recovery_v1,primary_physiology_response_lag_s,ridge_recovery_probe,spearman,-0.23759173857622573,higher,True,48,2.0,False
29,contiformer,clock_drift_-250ppm,sim_clock_lag_recovery_v1,relative_clock_offset_magnitude_s,ridge_recovery_probe,mae_s,0.47349865672489005,lower,True,48,0.5,False
29,contiformer,clock_drift_-250ppm,sim_clock_lag_recovery_v1,relative_clock_offset_magnitude_s,ridge_recovery_probe,rmse_s,0.5936077007323352,lower,True,48,0.5,False
29,contiformer,clock_drift_-250ppm,sim_clock_lag_recovery_v1,relative_clock_offset_magnitude_s,ridge_recovery_probe,tolerance_hit_rate,0.625,higher,True,48,0.5,False
29,contiformer,clock_drift_-250ppm,sim_clock_lag_recovery_v1,relative_clock_offset_magnitude_s,ridge_recovery_probe,spearman,,higher,False,48,0.5,False
29,contiformer,clock_drift_-250ppm,sim_clock_lag_recovery_v1,primary_physiology_response_lag_s,ridge_recovery_probe,mae_s,5.824728221479865,lower,True,48,2.0,False
29,contiformer,clock_drift_-250ppm,sim_clock_lag_recovery_v1,primary_physiology_response_lag_s,ridge_recovery_probe,rmse_s,7.4692533549186235,lower,True,48,2.0,False
29,contiformer,clock_drift_-250ppm,sim_clock_lag_recovery_v1,primary_physiology_response_lag_s,ridge_recovery_probe,tolerance_hit_rate,0.14583333333333334,higher,True,48,2.0,False
29,contiformer,clock_drift_-250ppm,sim_clock_lag_recovery_v1,primary_physiology_response_lag_s,ridge_recovery_probe,spearman,-0.2047752000988465,higher,True,48,2.0,False
29,contiformer,clock_drift_+250ppm,sim_clock_lag_recovery_v1,relative_clock_offset_magnitude_s,ridge_recovery_probe,mae_s,0.5116066541522741,lower,True,48,0.5,False
29,contiformer,clock_drift_+250ppm,sim_clock_lag_recovery_v1,relative_clock_offset_magnitude_s,ridge_recovery_probe,rmse_s,0.6133165647307968,lower,True,48,0.5,False
29,contiformer,clock_drift_+250ppm,sim_clock_lag_recovery_v1,relative_clock_offset_magnitude_s,ridge_recovery_probe,tolerance_hit_rate,0.5625,higher,True,48,0.5,False
29,contiformer,clock_drift_+250ppm,sim_clock_lag_recovery_v1,relative_clock_offset_magnitude_s,ridge_recovery_probe,spearman,,higher,False,48,0.5,False
29,contiformer,clock_drift_+250ppm,sim_clock_lag_recovery_v1,primary_physiology_response_lag_s,ridge_recovery_probe,mae_s,5.905886313104443,lower,True,48,2.0,False
29,contiformer,clock_drift_+250ppm,sim_clock_lag_recovery_v1,primary_physiology_response_lag_s,ridge_recovery_probe,rmse_s,7.517888012533956,lower,True,48,2.0,False
29,contiformer,clock_drift_+250ppm,sim_clock_lag_recovery_v1,primary_physiology_response_lag_s,ridge_recovery_probe,tolerance_hit_rate,0.0625,higher,True,48,2.0,False
29,contiformer,clock_drift_+250ppm,sim_clock_lag_recovery_v1,primary_physiology_response_lag_s,ridge_recovery_probe,spearman,-0.23759173857622573,higher,True,48,2.0,False
29,contiformer,random_missing_00pct,sim_clock_lag_recovery_v1,relative_clock_offset_magnitude_s,ridge_recovery_probe,mae_s,0.5510911587625742,lower,True,48,0.5,False
29,contiformer,random_missing_00pct,sim_clock_lag_recovery_v1,relative_clock_offset_magnitude_s,ridge_recovery_probe,rmse_s,0.669362925604616,lower,True,48,0.5,False
29,contiformer,random_missing_00pct,sim_clock_lag_recovery_v1,relative_clock_offset_magnitude_s,ridge_recovery_probe,tolerance_hit_rate,0.5625,higher,True,48,0.5,False
29,contiformer,random_missing_00pct,sim_clock_lag_recovery_v1,relative_clock_offset_magnitude_s,ridge_recovery_probe,spearman,,higher,False,48,0.5,False
29,contiformer,random_missing_00pct,sim_clock_lag_recovery_v1,primary_physiology_response_lag_s,ridge_recovery_probe,mae_s,6.532224910642516,lower,True,48,2.0,False
29,contiformer,random_missing_00pct,sim_clock_lag_recovery_v1,primary_physiology_response_lag_s,ridge_recovery_probe,rmse_s,8.687012222429209,lower,True,48,2.0,False
29,contiformer,random_missing_00pct,sim_clock_lag_recovery_v1,primary_physiology_response_lag_s,ridge_recovery_probe,tolerance_hit_rate,0.20833333333333334,higher,True,48,2.0,False
29,contiformer,random_missing_00pct,sim_clock_lag_recovery_v1,primary_physiology_response_lag_s,ridge_recovery_probe,spearman,-0.08401033850209086,higher,True,48,2.0,False
29,contiformer,random_missing_10pct,sim_clock_lag_recovery_v1,relative_clock_offset_magnitude_s,ridge_recovery_probe,mae_s,0.5418966660896937,lower,True,48,0.5,False
29,contiformer,random_missing_10pct,sim_clock_lag_recovery_v1,relative_clock_offset_magnitude_s,ridge_recovery_probe,rmse_s,0.6475351425140364,lower,True,48,0.5,False
29,contiformer,random_missing_10pct,sim_clock_lag_recovery_v1,relative_clock_offset_magnitude_s,ridge_recovery_probe,tolerance_hit_rate,0.5625,higher,True,48,0.5,False
29,contiformer,random_missing_10pct,sim_clock_lag_recovery_v1,relative_clock_offset_magnitude_s,ridge_recovery_probe,spearman,,higher,False,48,0.5,False
29,contiformer,random_missing_10pct,sim_clock_lag_recovery_v1,primary_physiology_response_lag_s,ridge_recovery_probe,mae_s,5.782911566776264,lower,True,48,2.0,False
29,contiformer,random_missing_10pct,sim_clock_lag_recovery_v1,primary_physiology_response_lag_s,ridge_recovery_probe,rmse_s,7.700711137729808,lower,True,48,2.0,False
29,contiformer,random_missing_10pct,sim_clock_lag_recovery_v1,primary_physiology_response_lag_s,ridge_recovery_probe,tolerance_hit_rate,0.25,higher,True,48,2.0,False
29,contiformer,random_missing_10pct,sim_clock_lag_recovery_v1,primary_physiology_response_lag_s,ridge_recovery_probe,spearman,-0.06694573849385366,higher,True,48,2.0,False
29,contiformer,random_missing_30pct,sim_clock_lag_recovery_v1,relative_clock_offset_magnitude_s,ridge_recovery_probe,mae_s,0.5753321399291357,lower,True,48,0.5,False
29,contiformer,random_missing_30pct,sim_clock_lag_recovery_v1,relative_clock_offset_magnitude_s,ridge_recovery_probe,rmse_s,0.7055549593231151,lower,True,48,0.5,False
29,contiformer,random_missing_30pct,sim_clock_lag_recovery_v1,relative_clock_offset_magnitude_s,ridge_recovery_probe,tolerance_hit_rate,0.4791666666666667,higher,True,48,0.5,False
29,contiformer,random_missing_30pct,sim_clock_lag_recovery_v1,relative_clock_offset_magnitude_s,ridge_recovery_probe,spearman,,higher,False,48,0.5,False
29,contiformer,random_missing_30pct,sim_clock_lag_recovery_v1,primary_physiology_response_lag_s,ridge_recovery_probe,mae_s,4.917497464461189,lower,True,48,2.0,False
29,contiformer,random_missing_30pct,sim_clock_lag_recovery_v1,primary_physiology_response_lag_s,ridge_recovery_probe,rmse_s,6.509076228775791,lower,True,48,2.0,False
29,contiformer,random_missing_30pct,sim_clock_lag_recovery_v1,primary_physiology_response_lag_s,ridge_recovery_probe,tolerance_hit_rate,0.3541666666666667,higher,True,48,2.0,False
29,contiformer,random_missing_30pct,sim_clock_lag_recovery_v1,primary_physiology_response_lag_s,ridge_recovery_probe,spearman,-0.007875969234571019,higher,True,48,2.0,False
29,contiformer,random_missing_50pct,sim_clock_lag_recovery_v1,relative_clock_offset_magnitude_s,ridge_recovery_probe,mae_s,0.8648159479101499,lower,True,48,0.5,False
29,contiformer,random_missing_50pct,sim_clock_lag_recovery_v1,relative_clock_offset_magnitude_s,ridge_recovery_probe,rmse_s,1.0548364904460732,lower,True,48,0.5,False
29,contiformer,random_missing_50pct,sim_clock_lag_recovery_v1,relative_clock_offset_magnitude_s,ridge_recovery_probe,tolerance_hit_rate,0.3125,higher,True,48,0.5,False
29,contiformer,random_missing_50pct,sim_clock_lag_recovery_v1,relative_clock_offset_magnitude_s,ridge_recovery_probe,spearman,,higher,False,48,0.5,False
29,contiformer,random_missing_50pct,sim_clock_lag_recovery_v1,primary_physiology_response_lag_s,ridge_recovery_probe,mae_s,6.317792446321107,lower,True,48,2.0,False
29,contiformer,random_missing_50pct,sim_clock_lag_recovery_v1,primary_physiology_response_lag_s,ridge_recovery_probe,rmse_s,7.407190548834673,lower,True,48,2.0,False
29,contiformer,random_missing_50pct,sim_clock_lag_recovery_v1,primary_physiology_response_lag_s,ridge_recovery_probe,tolerance_hit_rate,0.10416666666666667,higher,True,48,2.0,False
29,contiformer,random_missing_50pct,sim_clock_lag_recovery_v1,primary_physiology_response_lag_s,ridge_recovery_probe,spearman,0.05513178464199713,higher,True,48,2.0,False
29,contiformer,contiguous_gap_00s,sim_clock_lag_recovery_v1,relative_clock_offset_magnitude_s,ridge_recovery_probe,mae_s,0.5510911587625742,lower,True,48,0.5,False
29,contiformer,contiguous_gap_00s,sim_clock_lag_recovery_v1,relative_clock_offset_magnitude_s,ridge_recovery_probe,rmse_s,0.669362925604616,lower,True,48,0.5,False
29,contiformer,contiguous_gap_00s,sim_clock_lag_recovery_v1,relative_clock_offset_magnitude_s,ridge_recovery_probe,tolerance_hit_rate,0.5625,higher,True,48,0.5,False
29,contiformer,contiguous_gap_00s,sim_clock_lag_recovery_v1,relative_clock_offset_magnitude_s,ridge_recovery_probe,spearman,,higher,False,48,0.5,False
29,contiformer,contiguous_gap_00s,sim_clock_lag_recovery_v1,primary_physiology_response_lag_s,ridge_recovery_probe,mae_s,6.532224910642516,lower,True,48,2.0,False
29,contiformer,contiguous_gap_00s,sim_clock_lag_recovery_v1,primary_physiology_response_lag_s,ridge_recovery_probe,rmse_s,8.687012222429209,lower,True,48,2.0,False
29,contiformer,contiguous_gap_00s,sim_clock_lag_recovery_v1,primary_physiology_response_lag_s,ridge_recovery_probe,tolerance_hit_rate,0.20833333333333334,higher,True,48,2.0,False
29,contiformer,contiguous_gap_00s,sim_clock_lag_recovery_v1,primary_physiology_response_lag_s,ridge_recovery_probe,spearman,-0.08401033850209086,higher,True,48,2.0,False
29,contiformer,contiguous_gap_05s,sim_clock_lag_recovery_v1,relative_clock_offset_magnitude_s,ridge_recovery_probe,mae_s,0.5500434214870135,lower,True,48,0.5,False
29,contiformer,contiguous_gap_05s,sim_clock_lag_recovery_v1,relative_clock_offset_magnitude_s,ridge_recovery_probe,rmse_s,0.6432644750708482,lower,True,48,0.5,False
29,contiformer,contiguous_gap_05s,sim_clock_lag_recovery_v1,relative_clock_offset_magnitude_s,ridge_recovery_probe,tolerance_hit_rate,0.4791666666666667,higher,True,48,0.5,False
29,contiformer,contiguous_gap_05s,sim_clock_lag_recovery_v1,relative_clock_offset_magnitude_s,ridge_recovery_probe,spearman,,higher,False,48,0.5,False
29,contiformer,contiguous_gap_05s,sim_clock_lag_recovery_v1,primary_physiology_response_lag_s,ridge_recovery_probe,mae_s,5.893445654864983,lower,True,48,2.0,False
29,contiformer,contiguous_gap_05s,sim_clock_lag_recovery_v1,primary_physiology_response_lag_s,ridge_recovery_probe,rmse_s,7.8521001557141625,lower,True,48,2.0,False
29,contiformer,contiguous_gap_05s,sim_clock_lag_recovery_v1,primary_physiology_response_lag_s,ridge_recovery_probe,tolerance_hit_rate,0.14583333333333334,higher,True,48,2.0,False
29,contiformer,contiguous_gap_05s,sim_clock_lag_recovery_v1,primary_physiology_response_lag_s,ridge_recovery_probe,spearman,-0.11157623082308944,higher,True,48,2.0,False
29,contiformer,contiguous_gap_15s,sim_clock_lag_recovery_v1,relative_clock_offset_magnitude_s,ridge_recovery_probe,mae_s,0.8192393543819586,lower,True,48,0.5,False
29,contiformer,contiguous_gap_15s,sim_clock_lag_recovery_v1,relative_clock_offset_magnitude_s,ridge_recovery_probe,rmse_s,1.0019956914169497,lower,True,48,0.5,False
29,contiformer,contiguous_gap_15s,sim_clock_lag_recovery_v1,relative_clock_offset_magnitude_s,ridge_recovery_probe,tolerance_hit_rate,0.3958333333333333,higher,True,48,0.5,False
29,contiformer,contiguous_gap_15s,sim_clock_lag_recovery_v1,relative_clock_offset_magnitude_s,ridge_recovery_probe,spearman,,higher,False,48,0.5,False
29,contiformer,contiguous_gap_15s,sim_clock_lag_recovery_v1,primary_physiology_response_lag_s,ridge_recovery_probe,mae_s,5.5804900468144965,lower,True,48,2.0,False
29,contiformer,contiguous_gap_15s,sim_clock_lag_recovery_v1,primary_physiology_response_lag_s,ridge_recovery_probe,rmse_s,6.947861016175019,lower,True,48,2.0,False
29,contiformer,contiguous_gap_15s,sim_clock_lag_recovery_v1,primary_physiology_response_lag_s,ridge_recovery_probe,tolerance_hit_rate,0.2708333333333333,higher,True,48,2.0,False
29,contiformer,contiguous_gap_15s,sim_clock_lag_recovery_v1,primary_physiology_response_lag_s,ridge_recovery_probe,spearman,-0.18902326162970445,higher,True,48,2.0,False
29,contiformer,contiguous_gap_30s,sim_clock_lag_recovery_v1,relative_clock_offset_magnitude_s,ridge_recovery_probe,mae_s,1.7647093037764232,lower,True,48,0.5,False
29,contiformer,contiguous_gap_30s,sim_clock_lag_recovery_v1,relative_clock_offset_magnitude_s,ridge_recovery_probe,rmse_s,1.8947567355443904,lower,True,48,0.5,False
29,contiformer,contiguous_gap_30s,sim_clock_lag_recovery_v1,relative_clock_offset_magnitude_s,ridge_recovery_probe,tolerance_hit_rate,0.041666666666666664,higher,True,48,0.5,False
29,contiformer,contiguous_gap_30s,sim_clock_lag_recovery_v1,relative_clock_offset_magnitude_s,ridge_recovery_probe,spearman,,higher,False,48,0.5,False
29,contiformer,contiguous_gap_30s,sim_clock_lag_recovery_v1,primary_physiology_response_lag_s,ridge_recovery_probe,mae_s,8.291593165539007,lower,True,48,2.0,False
29,contiformer,contiguous_gap_30s,sim_clock_lag_recovery_v1,primary_physiology_response_lag_s,ridge_recovery_probe,rmse_s,9.6846555407113,lower,True,48,2.0,False
29,contiformer,contiguous_gap_30s,sim_clock_lag_recovery_v1,primary_physiology_response_lag_s,ridge_recovery_probe,tolerance_hit_rate,0.08333333333333333,higher,True,48,2.0,False
29,contiformer,contiguous_gap_30s,sim_clock_lag_recovery_v1,primary_physiology_response_lag_s,ridge_recovery_probe,spearman,-0.23693540780667816,higher,True,48,2.0,False
29,contiformer,physiology_lag_02s,sim_clock_lag_recovery_v1,relative_clock_offset_magnitude_s,ridge_recovery_probe,mae_s,0.5552354827523232,lower,True,48,0.5,False
29,contiformer,physiology_lag_02s,sim_clock_lag_recovery_v1,relative_clock_offset_magnitude_s,ridge_recovery_probe,rmse_s,0.6897052899377268,lower,True,48,0.5,False
29,contiformer,physiology_lag_02s,sim_clock_lag_recovery_v1,relative_clock_offset_magnitude_s,ridge_recovery_probe,tolerance_hit_rate,0.5625,higher,True,48,0.5,False
29,contiformer,physiology_lag_02s,sim_clock_lag_recovery_v1,relative_clock_offset_magnitude_s,ridge_recovery_probe,spearman,,higher,False,48,0.5,False
29,contiformer,physiology_lag_02s,sim_clock_lag_recovery_v1,primary_physiology_response_lag_s,ridge_recovery_probe,mae_s,8.0254286937579,lower,True,48,2.0,False
29,contiformer,physiology_lag_02s,sim_clock_lag_recovery_v1,primary_physiology_response_lag_s,ridge_recovery_probe,rmse_s,10.287841667002102,lower,True,48,2.0,False
29,contiformer,physiology_lag_02s,sim_clock_lag_recovery_v1,primary_physiology_response_lag_s,ridge_recovery_probe,tolerance_hit_rate,0.20833333333333334,higher,True,48,2.0,False
29,contiformer,physiology_lag_02s,sim_clock_lag_recovery_v1,primary_physiology_response_lag_s,ridge_recovery_probe,spearman,-0.10566925389716117,higher,True,48,2.0,False
29,contiformer,physiology_lag_05s,sim_clock_lag_recovery_v1,relative_clock_offset_magnitude_s,ridge_recovery_probe,mae_s,0.5463882883389791,lower,True,48,0.5,False
29,contiformer,physiology_lag_05s,sim_clock_lag_recovery_v1,relative_clock_offset_magnitude_s,ridge_recovery_probe,rmse_s,0.698910676122588,lower,True,48,0.5,False
29,contiformer,physiology_lag_05s,sim_clock_lag_recovery_v1,relative_clock_offset_magnitude_s,ridge_recovery_probe,tolerance_hit_rate,0.5833333333333334,higher,True,48,0.5,False
29,contiformer,physiology_lag_05s,sim_clock_lag_recovery_v1,relative_clock_offset_magnitude_s,ridge_recovery_probe,spearman,,higher,False,48,0.5,False
29,contiformer,physiology_lag_05s,sim_clock_lag_recovery_v1,primary_physiology_response_lag_s,ridge_recovery_probe,mae_s,10.968709590701707,lower,True,48,2.0,False
29,contiformer,physiology_lag_05s,sim_clock_lag_recovery_v1,primary_physiology_response_lag_s,ridge_recovery_probe,rmse_s,12.900081332104728,lower,True,48,2.0,False
29,contiformer,physiology_lag_05s,sim_clock_lag_recovery_v1,primary_physiology_response_lag_s,ridge_recovery_probe,tolerance_hit_rate,0.0625,higher,True,48,2.0,False
29,contiformer,physiology_lag_05s,sim_clock_lag_recovery_v1,primary_physiology_response_lag_s,ridge_recovery_probe,spearman,-0.1299534923704218,higher,True,48,2.0,False
29,contiformer,physiology_lag_15s,sim_clock_lag_recovery_v1,relative_clock_offset_magnitude_s,ridge_recovery_probe,mae_s,0.750333339596788,lower,True,48,0.5,False
29,contiformer,physiology_lag_15s,sim_clock_lag_recovery_v1,relative_clock_offset_magnitude_s,ridge_recovery_probe,rmse_s,0.9108829279061542,lower,True,48,0.5,False
29,contiformer,physiology_lag_15s,sim_clock_lag_recovery_v1,relative_clock_offset_magnitude_s,ridge_recovery_probe,tolerance_hit_rate,0.4166666666666667,higher,True,48,0.5,False
29,contiformer,physiology_lag_15s,sim_clock_lag_recovery_v1,relative_clock_offset_magnitude_s,ridge_recovery_probe,spearman,,higher,False,48,0.5,False
29,contiformer,physiology_lag_15s,sim_clock_lag_recovery_v1,primary_physiology_response_lag_s,ridge_recovery_probe,mae_s,21.840544686755056,lower,True,48,2.0,False
29,contiformer,physiology_lag_15s,sim_clock_lag_recovery_v1,primary_physiology_response_lag_s,ridge_recovery_probe,rmse_s,22.787055194831282,lower,True,48,2.0,False
29,contiformer,physiology_lag_15s,sim_clock_lag_recovery_v1,primary_physiology_response_lag_s,ridge_recovery_probe,tolerance_hit_rate,0.0,higher,True,48,2.0,False
29,contiformer,physiology_lag_15s,sim_clock_lag_recovery_v1,primary_physiology_response_lag_s,ridge_recovery_probe,spearman,0.1214211923663032,higher,True,48,2.0,False
29,contiformer,physiology_lag_30s,sim_clock_lag_recovery_v1,relative_clock_offset_magnitude_s,ridge_recovery_probe,mae_s,0.7490764452765385,lower,True,48,0.5,False
29,contiformer,physiology_lag_30s,sim_clock_lag_recovery_v1,relative_clock_offset_magnitude_s,ridge_recovery_probe,rmse_s,0.9189130116520791,lower,True,48,0.5,False
29,contiformer,physiology_lag_30s,sim_clock_lag_recovery_v1,relative_clock_offset_magnitude_s,ridge_recovery_probe,tolerance_hit_rate,0.4583333333333333,higher,True,48,0.5,False
29,contiformer,physiology_lag_30s,sim_clock_lag_recovery_v1,relative_clock_offset_magnitude_s,ridge_recovery_probe,spearman,,higher,False,48,0.5,False
29,contiformer,physiology_lag_30s,sim_clock_lag_recovery_v1,primary_physiology_response_lag_s,ridge_recovery_probe,mae_s,36.159414789120866,lower,True,48,2.0,False
29,contiformer,physiology_lag_30s,sim_clock_lag_recovery_v1,primary_physiology_response_lag_s,ridge_recovery_probe,rmse_s,36.86325740672472,lower,True,48,2.0,False
29,contiformer,physiology_lag_30s,sim_clock_lag_recovery_v1,primary_physiology_response_lag_s,ridge_recovery_probe,tolerance_hit_rate,0.0,higher,True,48,2.0,False
29,contiformer,physiology_lag_30s,sim_clock_lag_recovery_v1,primary_physiology_response_lag_s,ridge_recovery_probe,spearman,-0.0006563307695475848,higher,True,48,2.0,False
29,contiformer,observation_snr_30db,sim_clock_lag_recovery_v1,relative_clock_offset_magnitude_s,ridge_recovery_probe,mae_s,0.5510911587625742,lower,True,48,0.5,False
29,contiformer,observation_snr_30db,sim_clock_lag_recovery_v1,relative_clock_offset_magnitude_s,ridge_recovery_probe,rmse_s,0.669362925604616,lower,True,48,0.5,False
29,contiformer,observation_snr_30db,sim_clock_lag_recovery_v1,relative_clock_offset_magnitude_s,ridge_recovery_probe,tolerance_hit_rate,0.5625,higher,True,48,0.5,False
29,contiformer,observation_snr_30db,sim_clock_lag_recovery_v1,relative_clock_offset_magnitude_s,ridge_recovery_probe,spearman,,higher,False,48,0.5,False
29,contiformer,observation_snr_30db,sim_clock_lag_recovery_v1,primary_physiology_response_lag_s,ridge_recovery_probe,mae_s,6.532224910642516,lower,True,48,2.0,False
29,contiformer,observation_snr_30db,sim_clock_lag_recovery_v1,primary_physiology_response_lag_s,ridge_recovery_probe,rmse_s,8.687012222429209,lower,True,48,2.0,False
29,contiformer,observation_snr_30db,sim_clock_lag_recovery_v1,primary_physiology_response_lag_s,ridge_recovery_probe,tolerance_hit_rate,0.20833333333333334,higher,True,48,2.0,False
29,contiformer,observation_snr_30db,sim_clock_lag_recovery_v1,primary_physiology_response_lag_s,ridge_recovery_probe,spearman,-0.08401033850209086,higher,True,48,2.0,False
29,contiformer,observation_snr_20db,sim_clock_lag_recovery_v1,relative_clock_offset_magnitude_s,ridge_recovery_probe,mae_s,0.5612165844067931,lower,True,48,0.5,False
29,contiformer,observation_snr_20db,sim_clock_lag_recovery_v1,relative_clock_offset_magnitude_s,ridge_recovery_probe,rmse_s,0.6832063490143868,lower,True,48,0.5,False
29,contiformer,observation_snr_20db,sim_clock_lag_recovery_v1,relative_clock_offset_magnitude_s,ridge_recovery_probe,tolerance_hit_rate,0.5208333333333334,higher,True,48,0.5,False
29,contiformer,observation_snr_20db,sim_clock_lag_recovery_v1,relative_clock_offset_magnitude_s,ridge_recovery_probe,spearman,,higher,False,48,0.5,False
29,contiformer,observation_snr_20db,sim_clock_lag_recovery_v1,primary_physiology_response_lag_s,ridge_recovery_probe,mae_s,6.5199700764674065,lower,True,48,2.0,False
29,contiformer,observation_snr_20db,sim_clock_lag_recovery_v1,primary_physiology_response_lag_s,ridge_recovery_probe,rmse_s,8.70763719514882,lower,True,48,2.0,False
29,contiformer,observation_snr_20db,sim_clock_lag_recovery_v1,primary_physiology_response_lag_s,ridge_recovery_probe,tolerance_hit_rate,0.1875,higher,True,48,2.0,False
29,contiformer,observation_snr_20db,sim_clock_lag_recovery_v1,primary_physiology_response_lag_s,ridge_recovery_probe,spearman,-0.09188630773666187,higher,True,48,2.0,False
29,contiformer,observation_snr_10db,sim_clock_lag_recovery_v1,relative_clock_offset_magnitude_s,ridge_recovery_probe,mae_s,0.5634395765761534,lower,True,48,0.5,False
29,contiformer,observation_snr_10db,sim_clock_lag_recovery_v1,relative_clock_offset_magnitude_s,ridge_recovery_probe,rmse_s,0.6638556819441301,lower,True,48,0.5,False
29,contiformer,observation_snr_10db,sim_clock_lag_recovery_v1,relative_clock_offset_magnitude_s,ridge_recovery_probe,tolerance_hit_rate,0.4791666666666667,higher,True,48,0.5,False
29,contiformer,observation_snr_10db,sim_clock_lag_recovery_v1,relative_clock_offset_magnitude_s,ridge_recovery_probe,spearman,,higher,False,48,0.5,False
29,contiformer,observation_snr_10db,sim_clock_lag_recovery_v1,primary_physiology_response_lag_s,ridge_recovery_probe,mae_s,5.647135562267162,lower,True,48,2.0,False
29,contiformer,observation_snr_10db,sim_clock_lag_recovery_v1,primary_physiology_response_lag_s,ridge_recovery_probe,rmse_s,7.6128313081247345,lower,True,48,2.0,False
29,contiformer,observation_snr_10db,sim_clock_lag_recovery_v1,primary_physiology_response_lag_s,ridge_recovery_probe,tolerance_hit_rate,0.3125,higher,True,48,2.0,False
29,contiformer,observation_snr_10db,sim_clock_lag_recovery_v1,primary_physiology_response_lag_s,ridge_recovery_probe,spearman,-0.07613436926751985,higher,True,48,2.0,False
29,contiformer,observation_snr_05db,sim_clock_lag_recovery_v1,relative_clock_offset_magnitude_s,ridge_recovery_probe,mae_s,0.6736088786274195,lower,True,48,0.5,False
29,contiformer,observation_snr_05db,sim_clock_lag_recovery_v1,relative_clock_offset_magnitude_s,ridge_recovery_probe,rmse_s,0.7832351026640557,lower,True,48,0.5,False
29,contiformer,observation_snr_05db,sim_clock_lag_recovery_v1,relative_clock_offset_magnitude_s,ridge_recovery_probe,tolerance_hit_rate,0.3333333333333333,higher,True,48,0.5,False
29,contiformer,observation_snr_05db,sim_clock_lag_recovery_v1,relative_clock_offset_magnitude_s,ridge_recovery_probe,spearman,,higher,False,48,0.5,False
29,contiformer,observation_snr_05db,sim_clock_lag_recovery_v1,primary_physiology_response_lag_s,ridge_recovery_probe,mae_s,5.132756884998287,lower,True,48,2.0,False
29,contiformer,observation_snr_05db,sim_clock_lag_recovery_v1,primary_physiology_response_lag_s,ridge_recovery_probe,rmse_s,6.443817444612144,lower,True,48,2.0,False
29,contiformer,observation_snr_05db,sim_clock_lag_recovery_v1,primary_physiology_response_lag_s,ridge_recovery_probe,tolerance_hit_rate,0.2916666666666667,higher,True,48,2.0,False
29,contiformer,observation_snr_05db,sim_clock_lag_recovery_v1,primary_physiology_response_lag_s,ridge_recovery_probe,spearman,0.011813953851856528,higher,True,48,2.0,False
29,contiformer,mixed_severe,sim_clock_lag_recovery_v1,relative_clock_offset_magnitude_s,ridge_recovery_probe,mae_s,3.342345455661416,lower,True,48,0.5,False
29,contiformer,mixed_severe,sim_clock_lag_recovery_v1,relative_clock_offset_magnitude_s,ridge_recovery_probe,rmse_s,3.400176432392366,lower,True,48,0.5,False
29,contiformer,mixed_severe,sim_clock_lag_recovery_v1,relative_clock_offset_magnitude_s,ridge_recovery_probe,tolerance_hit_rate,0.0,higher,True,48,0.5,False
29,contiformer,mixed_severe,sim_clock_lag_recovery_v1,relative_clock_offset_magnitude_s,ridge_recovery_probe,spearman,,higher,False,48,0.5,False
29,contiformer,mixed_severe,sim_clock_lag_recovery_v1,primary_physiology_response_lag_s,ridge_recovery_probe,mae_s,11.52840814594479,lower,True,48,2.0,False
29,contiformer,mixed_severe,sim_clock_lag_recovery_v1,primary_physiology_response_lag_s,ridge_recovery_probe,rmse_s,13.13101455912238,lower,True,48,2.0,False
29,contiformer,mixed_severe,sim_clock_lag_recovery_v1,primary_physiology_response_lag_s,ridge_recovery_probe,tolerance_hit_rate,0.08333333333333333,higher,True,48,2.0,False
29,contiformer,mixed_severe,sim_clock_lag_recovery_v1,primary_physiology_response_lag_s,ridge_recovery_probe,spearman,-0.06825840003294883,higher,True,48,2.0,False
29,chronaris,timestamp_jitter_000ms,sim_clock_lag_recovery_v1,relative_clock_offset_magnitude_s,ridge_recovery_probe,mae_s,0.2357445334394773,lower,True,48,0.5,False
29,chronaris,timestamp_jitter_000ms,sim_clock_lag_recovery_v1,relative_clock_offset_magnitude_s,ridge_recovery_probe,rmse_s,0.31847921485186176,lower,True,48,0.5,False
29,chronaris,timestamp_jitter_000ms,sim_clock_lag_recovery_v1,relative_clock_offset_magnitude_s,ridge_recovery_probe,tolerance_hit_rate,0.9375,higher,True,48,0.5,False
29,chronaris,timestamp_jitter_000ms,sim_clock_lag_recovery_v1,relative_clock_offset_magnitude_s,ridge_recovery_probe,spearman,,higher,False,48,0.5,False
29,chronaris,timestamp_jitter_000ms,sim_clock_lag_recovery_v1,primary_physiology_response_lag_s,ridge_recovery_probe,mae_s,5.708915844368384,lower,True,48,2.0,False
29,chronaris,timestamp_jitter_000ms,sim_clock_lag_recovery_v1,primary_physiology_response_lag_s,ridge_recovery_probe,rmse_s,7.032862541664581,lower,True,48,2.0,False
29,chronaris,timestamp_jitter_000ms,sim_clock_lag_recovery_v1,primary_physiology_response_lag_s,ridge_recovery_probe,tolerance_hit_rate,0.3125,higher,True,48,2.0,False
29,chronaris,timestamp_jitter_000ms,sim_clock_lag_recovery_v1,primary_physiology_response_lag_s,ridge_recovery_probe,spearman,0.18967959239925206,higher,True,48,2.0,False
29,chronaris,timestamp_jitter_020ms,sim_clock_lag_recovery_v1,relative_clock_offset_magnitude_s,ridge_recovery_probe,mae_s,0.36520215403288603,lower,True,48,0.5,False
29,chronaris,timestamp_jitter_020ms,sim_clock_lag_recovery_v1,relative_clock_offset_magnitude_s,ridge_recovery_probe,rmse_s,0.43389827965732053,lower,True,48,0.5,False
29,chronaris,timestamp_jitter_020ms,sim_clock_lag_recovery_v1,relative_clock_offset_magnitude_s,ridge_recovery_probe,tolerance_hit_rate,0.6666666666666666,higher,True,48,0.5,False
29,chronaris,timestamp_jitter_020ms,sim_clock_lag_recovery_v1,relative_clock_offset_magnitude_s,ridge_recovery_probe,spearman,,higher,False,48,0.5,False
29,chronaris,timestamp_jitter_020ms,sim_clock_lag_recovery_v1,primary_physiology_response_lag_s,ridge_recovery_probe,mae_s,6.614907364808867,lower,True,48,2.0,False
29,chronaris,timestamp_jitter_020ms,sim_clock_lag_recovery_v1,primary_physiology_response_lag_s,ridge_recovery_probe,rmse_s,7.9460461738127215,lower,True,48,2.0,False
29,chronaris,timestamp_jitter_020ms,sim_clock_lag_recovery_v1,primary_physiology_response_lag_s,ridge_recovery_probe,tolerance_hit_rate,0.16666666666666666,higher,True,48,2.0,False
29,chronaris,timestamp_jitter_020ms,sim_clock_lag_recovery_v1,primary_physiology_response_lag_s,ridge_recovery_probe,spearman,0.20346253855975133,higher,True,48,2.0,False
29,chronaris,timestamp_jitter_050ms,sim_clock_lag_recovery_v1,relative_clock_offset_magnitude_s,ridge_recovery_probe,mae_s,0.4676743649567167,lower,True,48,0.5,False
29,chronaris,timestamp_jitter_050ms,sim_clock_lag_recovery_v1,relative_clock_offset_magnitude_s,ridge_recovery_probe,rmse_s,0.5216998862476532,lower,True,48,0.5,False
29,chronaris,timestamp_jitter_050ms,sim_clock_lag_recovery_v1,relative_clock_offset_magnitude_s,ridge_recovery_probe,tolerance_hit_rate,0.5208333333333334,higher,True,48,0.5,False
29,chronaris,timestamp_jitter_050ms,sim_clock_lag_recovery_v1,relative_clock_offset_magnitude_s,ridge_recovery_probe,spearman,,higher,False,48,0.5,False
29,chronaris,timestamp_jitter_050ms,sim_clock_lag_recovery_v1,primary_physiology_response_lag_s,ridge_recovery_probe,mae_s,6.980017861488808,lower,True,48,2.0,False
29,chronaris,timestamp_jitter_050ms,sim_clock_lag_recovery_v1,primary_physiology_response_lag_s,ridge_recovery_probe,rmse_s,8.32681734006457,lower,True,48,2.0,False
29,chronaris,timestamp_jitter_050ms,sim_clock_lag_recovery_v1,primary_physiology_response_lag_s,ridge_recovery_probe,tolerance_hit_rate,0.14583333333333334,higher,True,48,2.0,False
29,chronaris,timestamp_jitter_050ms,sim_clock_lag_recovery_v1,primary_physiology_response_lag_s,ridge_recovery_probe,spearman,0.18442894624287134,higher,True,48,2.0,False
29,chronaris,timestamp_jitter_100ms,sim_clock_lag_recovery_v1,relative_clock_offset_magnitude_s,ridge_recovery_probe,mae_s,0.7017359196518859,lower,True,48,0.5,False
29,chronaris,timestamp_jitter_100ms,sim_clock_lag_recovery_v1,relative_clock_offset_magnitude_s,ridge_recovery_probe,rmse_s,0.7421123442598634,lower,True,48,0.5,False
29,chronaris,timestamp_jitter_100ms,sim_clock_lag_recovery_v1,relative_clock_offset_magnitude_s,ridge_recovery_probe,tolerance_hit_rate,0.16666666666666666,higher,True,48,0.5,False
29,chronaris,timestamp_jitter_100ms,sim_clock_lag_recovery_v1,relative_clock_offset_magnitude_s,ridge_recovery_probe,spearman,,higher,False,48,0.5,False
29,chronaris,timestamp_jitter_100ms,sim_clock_lag_recovery_v1,primary_physiology_response_lag_s,ridge_recovery_probe,mae_s,7.601337311628168,lower,True,48,2.0,False
29,chronaris,timestamp_jitter_100ms,sim_clock_lag_recovery_v1,primary_physiology_response_lag_s,ridge_recovery_probe,rmse_s,8.935786289386376,lower,True,48,2.0,False
29,chronaris,timestamp_jitter_100ms,sim_clock_lag_recovery_v1,primary_physiology_response_lag_s,ridge_recovery_probe,tolerance_hit_rate,0.0625,higher,True,48,2.0,False
29,chronaris,timestamp_jitter_100ms,sim_clock_lag_recovery_v1,primary_physiology_response_lag_s,ridge_recovery_probe,spearman,0.21002584625522716,higher,True,48,2.0,False
29,chronaris,clock_offset_+0.00s,sim_clock_lag_recovery_v1,relative_clock_offset_magnitude_s,ridge_recovery_probe,mae_s,0.2357445334394773,lower,True,48,0.5,False
29,chronaris,clock_offset_+0.00s,sim_clock_lag_recovery_v1,relative_clock_offset_magnitude_s,ridge_recovery_probe,rmse_s,0.31847921485186176,lower,True,48,0.5,False
29,chronaris,clock_offset_+0.00s,sim_clock_lag_recovery_v1,relative_clock_offset_magnitude_s,ridge_recovery_probe,tolerance_hit_rate,0.9375,higher,True,48,0.5,False
29,chronaris,clock_offset_+0.00s,sim_clock_lag_recovery_v1,relative_clock_offset_magnitude_s,ridge_recovery_probe,spearman,,higher,False,48,0.5,False
29,chronaris,clock_offset_+0.00s,sim_clock_lag_recovery_v1,primary_physiology_response_lag_s,ridge_recovery_probe,mae_s,5.708915844368384,lower,True,48,2.0,False
29,chronaris,clock_offset_+0.00s,sim_clock_lag_recovery_v1,primary_physiology_response_lag_s,ridge_recovery_probe,rmse_s,7.032862541664581,lower,True,48,2.0,False
29,chronaris,clock_offset_+0.00s,sim_clock_lag_recovery_v1,primary_physiology_response_lag_s,ridge_recovery_probe,tolerance_hit_rate,0.3125,higher,True,48,2.0,False
29,chronaris,clock_offset_+0.00s,sim_clock_lag_recovery_v1,primary_physiology_response_lag_s,ridge_recovery_probe,spearman,0.18967959239925206,higher,True,48,2.0,False
29,chronaris,clock_offset_-0.25s,sim_clock_lag_recovery_v1,relative_clock_offset_magnitude_s,ridge_recovery_probe,mae_s,0.2464346308261156,lower,True,48,0.5,False
29,chronaris,clock_offset_-0.25s,sim_clock_lag_recovery_v1,relative_clock_offset_magnitude_s,ridge_recovery_probe,rmse_s,0.34858384348943827,lower,True,48,0.5,False
29,chronaris,clock_offset_-0.25s,sim_clock_lag_recovery_v1,relative_clock_offset_magnitude_s,ridge_recovery_probe,tolerance_hit_rate,0.8958333333333334,higher,True,48,0.5,False
29,chronaris,clock_offset_-0.25s,sim_clock_lag_recovery_v1,relative_clock_offset_magnitude_s,ridge_recovery_probe,spearman,,higher,False,48,0.5,False
29,chronaris,clock_offset_-0.25s,sim_clock_lag_recovery_v1,primary_physiology_response_lag_s,ridge_recovery_probe,mae_s,5.889758343306627,lower,True,48,2.0,False
29,chronaris,clock_offset_-0.25s,sim_clock_lag_recovery_v1,primary_physiology_response_lag_s,ridge_recovery_probe,rmse_s,7.2201322525477325,lower,True,48,2.0,False
29,chronaris,clock_offset_-0.25s,sim_clock_lag_recovery_v1,primary_physiology_response_lag_s,ridge_recovery_probe,tolerance_hit_rate,0.2916666666666667,higher,True,48,2.0,False
29,chronaris,clock_offset_-0.25s,sim_clock_lag_recovery_v1,primary_physiology_response_lag_s,ridge_recovery_probe,spearman,0.18771060009060928,higher,True,48,2.0,False
29,chronaris,clock_offset_+0.25s,sim_clock_lag_recovery_v1,relative_clock_offset_magnitude_s,ridge_recovery_probe,mae_s,0.24558861957242092,lower,True,48,0.5,False
29,chronaris,clock_offset_+0.25s,sim_clock_lag_recovery_v1,relative_clock_offset_magnitude_s,ridge_recovery_probe,rmse_s,0.34800793247087547,lower,True,48,0.5,False
29,chronaris,clock_offset_+0.25s,sim_clock_lag_recovery_v1,relative_clock_offset_magnitude_s,ridge_recovery_probe,tolerance_hit_rate,0.8958333333333334,higher,True,48,0.5,False
29,chronaris,clock_offset_+0.25s,sim_clock_lag_recovery_v1,relative_clock_offset_magnitude_s,ridge_recovery_probe,spearman,,higher,False,48,0.5,False
29,chronaris,clock_offset_+0.25s,sim_clock_lag_recovery_v1,primary_physiology_response_lag_s,ridge_recovery_probe,mae_s,5.904520834294405,lower,True,48,2.0,False
29,chronaris,clock_offset_+0.25s,sim_clock_lag_recovery_v1,primary_physiology_response_lag_s,ridge_recovery_probe,rmse_s,7.239568575725616,lower,True,48,2.0,False
29,chronaris,clock_offset_+0.25s,sim_clock_lag_recovery_v1,primary_physiology_response_lag_s,ridge_recovery_probe,tolerance_hit_rate,0.2916666666666667,higher,True,48,2.0,False
29,chronaris,clock_offset_+0.25s,sim_clock_lag_recovery_v1,primary_physiology_response_lag_s,ridge_recovery_probe,spearman,0.18902326162970445,higher,True,48,2.0,False
29,chronaris,clock_offset_-1.00s,sim_clock_lag_recovery_v1,relative_clock_offset_magnitude_s,ridge_recovery_probe,mae_s,0.9527015614633759,lower,True,48,0.5,False
29,chronaris,clock_offset_-1.00s,sim_clock_lag_recovery_v1,relative_clock_offset_magnitude_s,ridge_recovery_probe,rmse_s,1.0030165197659613,lower,True,48,0.5,False
29,chronaris,clock_offset_-1.00s,sim_clock_lag_recovery_v1,relative_clock_offset_magnitude_s,ridge_recovery_probe,tolerance_hit_rate,0.020833333333333332,higher,True,48,0.5,False
29,chronaris,clock_offset_-1.00s,sim_clock_lag_recovery_v1,relative_clock_offset_magnitude_s,ridge_recovery_probe,spearman,,higher,False,48,0.5,False
29,chronaris,clock_offset_-1.00s,sim_clock_lag_recovery_v1,primary_physiology_response_lag_s,ridge_recovery_probe,mae_s,5.674650018222576,lower,True,48,2.0,False
29,chronaris,clock_offset_-1.00s,sim_clock_lag_recovery_v1,primary_physiology_response_lag_s,ridge_recovery_probe,rmse_s,6.9949800465657,lower,True,48,2.0,False
29,chronaris,clock_offset_-1.00s,sim_clock_lag_recovery_v1,primary_physiology_response_lag_s,ridge_recovery_probe,tolerance_hit_rate,0.3125,higher,True,48,2.0,False
29,chronaris,clock_offset_-1.00s,sim_clock_lag_recovery_v1,primary_physiology_response_lag_s,ridge_recovery_probe,spearman,0.1791783000864907,higher,True,48,2.0,False
29,chronaris,clock_offset_+1.00s,sim_clock_lag_recovery_v1,relative_clock_offset_magnitude_s,ridge_recovery_probe,mae_s,0.947287774955233,lower,True,48,0.5,False
29,chronaris,clock_offset_+1.00s,sim_clock_lag_recovery_v1,relative_clock_offset_magnitude_s,ridge_recovery_probe,rmse_s,0.9983457436309269,lower,True,48,0.5,False
29,chronaris,clock_offset_+1.00s,sim_clock_lag_recovery_v1,relative_clock_offset_magnitude_s,ridge_recovery_probe,tolerance_hit_rate,0.020833333333333332,higher,True,48,0.5,False
29,chronaris,clock_offset_+1.00s,sim_clock_lag_recovery_v1,relative_clock_offset_magnitude_s,ridge_recovery_probe,spearman,,higher,False,48,0.5,False
29,chronaris,clock_offset_+1.00s,sim_clock_lag_recovery_v1,primary_physiology_response_lag_s,ridge_recovery_probe,mae_s,5.753261526234394,lower,True,48,2.0,False
29,chronaris,clock_offset_+1.00s,sim_clock_lag_recovery_v1,primary_physiology_response_lag_s,ridge_recovery_probe,rmse_s,7.080552348187087,lower,True,48,2.0,False
29,chronaris,clock_offset_+1.00s,sim_clock_lag_recovery_v1,primary_physiology_response_lag_s,ridge_recovery_probe,tolerance_hit_rate,0.3125,higher,True,48,2.0,False
29,chronaris,clock_offset_+1.00s,sim_clock_lag_recovery_v1,primary_physiology_response_lag_s,ridge_recovery_probe,spearman,0.21462016164206027,higher,True,48,2.0,False
29,chronaris,clock_offset_-3.00s,sim_clock_lag_recovery_v1,relative_clock_offset_magnitude_s,ridge_recovery_probe,mae_s,2.956910118460655,lower,True,48,0.5,False
29,chronaris,clock_offset_-3.00s,sim_clock_lag_recovery_v1,relative_clock_offset_magnitude_s,ridge_recovery_probe,rmse_s,2.9733444537930267,lower,True,48,0.5,False
29,chronaris,clock_offset_-3.00s,sim_clock_lag_recovery_v1,relative_clock_offset_magnitude_s,ridge_recovery_probe,tolerance_hit_rate,0.0,higher,True,48,0.5,False
29,chronaris,clock_offset_-3.00s,sim_clock_lag_recovery_v1,relative_clock_offset_magnitude_s,ridge_recovery_probe,spearman,,higher,False,48,0.5,False
29,chronaris,clock_offset_-3.00s,sim_clock_lag_recovery_v1,primary_physiology_response_lag_s,ridge_recovery_probe,mae_s,5.622359494752087,lower,True,48,2.0,False
29,chronaris,clock_offset_-3.00s,sim_clock_lag_recovery_v1,primary_physiology_response_lag_s,ridge_recovery_probe,rmse_s,6.922525527402345,lower,True,48,2.0,False
29,chronaris,clock_offset_-3.00s,sim_clock_lag_recovery_v1,primary_physiology_response_lag_s,ridge_recovery_probe,tolerance_hit_rate,0.3125,higher,True,48,2.0,False
29,chronaris,clock_offset_-3.00s,sim_clock_lag_recovery_v1,primary_physiology_response_lag_s,ridge_recovery_probe,spearman,0.13717313083544524,higher,True,48,2.0,False
29,chronaris,clock_offset_+3.00s,sim_clock_lag_recovery_v1,relative_clock_offset_magnitude_s,ridge_recovery_probe,mae_s,2.9385020739088454,lower,True,48,0.5,False
29,chronaris,clock_offset_+3.00s,sim_clock_lag_recovery_v1,relative_clock_offset_magnitude_s,ridge_recovery_probe,rmse_s,2.955565223008944,lower,True,48,0.5,False
29,chronaris,clock_offset_+3.00s,sim_clock_lag_recovery_v1,relative_clock_offset_magnitude_s,ridge_recovery_probe,tolerance_hit_rate,0.0,higher,True,48,0.5,False
29,chronaris,clock_offset_+3.00s,sim_clock_lag_recovery_v1,relative_clock_offset_magnitude_s,ridge_recovery_probe,spearman,,higher,False,48,0.5,False
29,chronaris,clock_offset_+3.00s,sim_clock_lag_recovery_v1,primary_physiology_response_lag_s,ridge_recovery_probe,mae_s,5.8455187179718875,lower,True,48,2.0,False
29,chronaris,clock_offset_+3.00s,sim_clock_lag_recovery_v1,primary_physiology_response_lag_s,ridge_recovery_probe,rmse_s,7.184082549371754,lower,True,48,2.0,False
29,chronaris,clock_offset_+3.00s,sim_clock_lag_recovery_v1,primary_physiology_response_lag_s,ridge_recovery_probe,tolerance_hit_rate,0.3125,higher,True,48,2.0,False
29,chronaris,clock_offset_+3.00s,sim_clock_lag_recovery_v1,primary_physiology_response_lag_s,ridge_recovery_probe,spearman,0.24809303088898707,higher,True,48,2.0,False
29,chronaris,clock_drift_+000ppm,sim_clock_lag_recovery_v1,relative_clock_offset_magnitude_s,ridge_recovery_probe,mae_s,0.2357445334394773,lower,True,48,0.5,False
29,chronaris,clock_drift_+000ppm,sim_clock_lag_recovery_v1,relative_clock_offset_magnitude_s,ridge_recovery_probe,rmse_s,0.31847921485186176,lower,True,48,0.5,False
29,chronaris,clock_drift_+000ppm,sim_clock_lag_recovery_v1,relative_clock_offset_magnitude_s,ridge_recovery_probe,tolerance_hit_rate,0.9375,higher,True,48,0.5,False
29,chronaris,clock_drift_+000ppm,sim_clock_lag_recovery_v1,relative_clock_offset_magnitude_s,ridge_recovery_probe,spearman,,higher,False,48,0.5,False
29,chronaris,clock_drift_+000ppm,sim_clock_lag_recovery_v1,primary_physiology_response_lag_s,ridge_recovery_probe,mae_s,5.708915844368384,lower,True,48,2.0,False
29,chronaris,clock_drift_+000ppm,sim_clock_lag_recovery_v1,primary_physiology_response_lag_s,ridge_recovery_probe,rmse_s,7.032862541664581,lower,True,48,2.0,False
29,chronaris,clock_drift_+000ppm,sim_clock_lag_recovery_v1,primary_physiology_response_lag_s,ridge_recovery_probe,tolerance_hit_rate,0.3125,higher,True,48,2.0,False
29,chronaris,clock_drift_+000ppm,sim_clock_lag_recovery_v1,primary_physiology_response_lag_s,ridge_recovery_probe,spearman,0.18967959239925206,higher,True,48,2.0,False
29,chronaris,clock_drift_-050ppm,sim_clock_lag_recovery_v1,relative_clock_offset_magnitude_s,ridge_recovery_probe,mae_s,0.2720631944636504,lower,True,48,0.5,False
29,chronaris,clock_drift_-050ppm,sim_clock_lag_recovery_v1,relative_clock_offset_magnitude_s,ridge_recovery_probe,rmse_s,0.3489745568480373,lower,True,48,0.5,False
29,chronaris,clock_drift_-050ppm,sim_clock_lag_recovery_v1,relative_clock_offset_magnitude_s,ridge_recovery_probe,tolerance_hit_rate,0.9166666666666666,higher,True,48,0.5,False
29,chronaris,clock_drift_-050ppm,sim_clock_lag_recovery_v1,relative_clock_offset_magnitude_s,ridge_recovery_probe,spearman,,higher,False,48,0.5,False
29,chronaris,clock_drift_-050ppm,sim_clock_lag_recovery_v1,primary_physiology_response_lag_s,ridge_recovery_probe,mae_s,6.208535015391753,lower,True,48,2.0,False
29,chronaris,clock_drift_-050ppm,sim_clock_lag_recovery_v1,primary_physiology_response_lag_s,ridge_recovery_probe,rmse_s,7.5677505582700055,lower,True,48,2.0,False
29,chronaris,clock_drift_-050ppm,sim_clock_lag_recovery_v1,primary_physiology_response_lag_s,ridge_recovery_probe,tolerance_hit_rate,0.22916666666666666,higher,True,48,2.0,False
29,chronaris,clock_drift_-050ppm,sim_clock_lag_recovery_v1,primary_physiology_response_lag_s,ridge_recovery_probe,spearman,0.18245995393422862,higher,True,48,2.0,False
29,chronaris,clock_drift_+050ppm,sim_clock_lag_recovery_v1,relative_clock_offset_magnitude_s,ridge_recovery_probe,mae_s,0.36029969714581966,lower,True,48,0.5,False
29,chronaris,clock_drift_+050ppm,sim_clock_lag_recovery_v1,relative_clock_offset_magnitude_s,ridge_recovery_probe,rmse_s,0.427597908675683,lower,True,48,0.5,False
29,chronaris,clock_drift_+050ppm,sim_clock_lag_recovery_v1,relative_clock_offset_magnitude_s,ridge_recovery_probe,tolerance_hit_rate,0.6875,higher,True,48,0.5,False
29,chronaris,clock_drift_+050ppm,sim_clock_lag_recovery_v1,relative_clock_offset_magnitude_s,ridge_recovery_probe,spearman,,higher,False,48,0.5,False
29,chronaris,clock_drift_+050ppm,sim_clock_lag_recovery_v1,primary_physiology_response_lag_s,ridge_recovery_probe,mae_s,6.682212154828856,lower,True,48,2.0,False
29,chronaris,clock_drift_+050ppm,sim_clock_lag_recovery_v1,primary_physiology_response_lag_s,ridge_recovery_probe,rmse_s,8.04559829659273,lower,True,48,2.0,False
29,chronaris,clock_drift_+050ppm,sim_clock_lag_recovery_v1,primary_physiology_response_lag_s,ridge_recovery_probe,tolerance_hit_rate,0.14583333333333334,higher,True,48,2.0,False
29,chronaris,clock_drift_+050ppm,sim_clock_lag_recovery_v1,primary_physiology_response_lag_s,ridge_recovery_probe,spearman,0.1863979385515141,higher,True,48,2.0,False
29,chronaris,clock_drift_-100ppm,sim_clock_lag_recovery_v1,relative_clock_offset_magnitude_s,ridge_recovery_probe,mae_s,0.2764461201926072,lower,True,48,0.5,False
29,chronaris,clock_drift_-100ppm,sim_clock_lag_recovery_v1,relative_clock_offset_magnitude_s,ridge_recovery_probe,rmse_s,0.35327318094643284,lower,True,48,0.5,False
29,chronaris,clock_drift_-100ppm,sim_clock_lag_recovery_v1,relative_clock_offset_magnitude_s,ridge_recovery_probe,tolerance_hit_rate,0.9166666666666666,higher,True,48,0.5,False
29,chronaris,clock_drift_-100ppm,sim_clock_lag_recovery_v1,relative_clock_offset_magnitude_s,ridge_recovery_probe,spearman,,higher,False,48,0.5,False
29,chronaris,clock_drift_-100ppm,sim_clock_lag_recovery_v1,primary_physiology_response_lag_s,ridge_recovery_probe,mae_s,6.271771486940285,lower,True,48,2.0,False
29,chronaris,clock_drift_-100ppm,sim_clock_lag_recovery_v1,primary_physiology_response_lag_s,ridge_recovery_probe,rmse_s,7.6347916091472525,lower,True,48,2.0,False
29,chronaris,clock_drift_-100ppm,sim_clock_lag_recovery_v1,primary_physiology_response_lag_s,ridge_recovery_probe,tolerance_hit_rate,0.25,higher,True,48,2.0,False
29,chronaris,clock_drift_-100ppm,sim_clock_lag_recovery_v1,primary_physiology_response_lag_s,ridge_recovery_probe,spearman,0.18245995393422862,higher,True,48,2.0,False
29,chronaris,clock_drift_+100ppm,sim_clock_lag_recovery_v1,relative_clock_offset_magnitude_s,ridge_recovery_probe,mae_s,0.3535705941418807,lower,True,48,0.5,False
29,chronaris,clock_drift_+100ppm,sim_clock_lag_recovery_v1,relative_clock_offset_magnitude_s,ridge_recovery_probe,rmse_s,0.42146074112059634,lower,True,48,0.5,False
29,chronaris,clock_drift_+100ppm,sim_clock_lag_recovery_v1,relative_clock_offset_magnitude_s,ridge_recovery_probe,tolerance_hit_rate,0.7083333333333334,higher,True,48,0.5,False
29,chronaris,clock_drift_+100ppm,sim_clock_lag_recovery_v1,relative_clock_offset_magnitude_s,ridge_recovery_probe,spearman,,higher,False,48,0.5,False
29,chronaris,clock_drift_+100ppm,sim_clock_lag_recovery_v1,primary_physiology_response_lag_s,ridge_recovery_probe,mae_s,6.613045752806812,lower,True,48,2.0,False
29,chronaris,clock_drift_+100ppm,sim_clock_lag_recovery_v1,primary_physiology_response_lag_s,ridge_recovery_probe,rmse_s,7.977736524329501,lower,True,48,2.0,False
29,chronaris,clock_drift_+100ppm,sim_clock_lag_recovery_v1,primary_physiology_response_lag_s,ridge_recovery_probe,tolerance_hit_rate,0.1875,higher,True,48,2.0,False
29,chronaris,clock_drift_+100ppm,sim_clock_lag_recovery_v1,primary_physiology_response_lag_s,ridge_recovery_probe,spearman,0.1863979385515141,higher,True,48,2.0,False
29,chronaris,clock_drift_-250ppm,sim_clock_lag_recovery_v1,relative_clock_offset_magnitude_s,ridge_recovery_probe,mae_s,0.2926184299091498,lower,True,48,0.5,False
29,chronaris,clock_drift_-250ppm,sim_clock_lag_recovery_v1,relative_clock_offset_magnitude_s,ridge_recovery_probe,rmse_s,0.36762136364506565,lower,True,48,0.5,False
29,chronaris,clock_drift_-250ppm,sim_clock_lag_recovery_v1,relative_clock_offset_magnitude_s,ridge_recovery_probe,tolerance_hit_rate,0.8541666666666666,higher,True,48,0.5,False
29,chronaris,clock_drift_-250ppm,sim_clock_lag_recovery_v1,relative_clock_offset_magnitude_s,ridge_recovery_probe,spearman,,higher,False,48,0.5,False
29,chronaris,clock_drift_-250ppm,sim_clock_lag_recovery_v1,primary_physiology_response_lag_s,ridge_recovery_probe,mae_s,6.469797181961094,lower,True,48,2.0,False
29,chronaris,clock_drift_-250ppm,sim_clock_lag_recovery_v1,primary_physiology_response_lag_s,ridge_recovery_probe,rmse_s,7.8380400627497595,lower,True,48,2.0,False
29,chronaris,clock_drift_-250ppm,sim_clock_lag_recovery_v1,primary_physiology_response_lag_s,ridge_recovery_probe,tolerance_hit_rate,0.20833333333333334,higher,True,48,2.0,False
29,chronaris,clock_drift_-250ppm,sim_clock_lag_recovery_v1,primary_physiology_response_lag_s,ridge_recovery_probe,spearman,0.1811472923951334,higher,True,48,2.0,False
29,chronaris,clock_drift_+250ppm,sim_clock_lag_recovery_v1,relative_clock_offset_magnitude_s,ridge_recovery_probe,mae_s,0.33421089096615714,lower,True,48,0.5,False
29,chronaris,clock_drift_+250ppm,sim_clock_lag_recovery_v1,relative_clock_offset_magnitude_s,ridge_recovery_probe,rmse_s,0.40371816140304834,lower,True,48,0.5,False
29,chronaris,clock_drift_+250ppm,sim_clock_lag_recovery_v1,relative_clock_offset_magnitude_s,ridge_recovery_probe,tolerance_hit_rate,0.75,higher,True,48,0.5,False
29,chronaris,clock_drift_+250ppm,sim_clock_lag_recovery_v1,relative_clock_offset_magnitude_s,ridge_recovery_probe,spearman,,higher,False,48,0.5,False
29,chronaris,clock_drift_+250ppm,sim_clock_lag_recovery_v1,primary_physiology_response_lag_s,ridge_recovery_probe,mae_s,6.405990027265901,lower,True,48,2.0,False
29,chronaris,clock_drift_+250ppm,sim_clock_lag_recovery_v1,primary_physiology_response_lag_s,ridge_recovery_probe,rmse_s,7.77569418180553,lower,True,48,2.0,False
29,chronaris,clock_drift_+250ppm,sim_clock_lag_recovery_v1,primary_physiology_response_lag_s,ridge_recovery_probe,tolerance_hit_rate,0.22916666666666666,higher,True,48,2.0,False
29,chronaris,clock_drift_+250ppm,sim_clock_lag_recovery_v1,primary_physiology_response_lag_s,ridge_recovery_probe,spearman,0.1863979385515141,higher,True,48,2.0,False
29,chronaris,random_missing_00pct,sim_clock_lag_recovery_v1,relative_clock_offset_magnitude_s,ridge_recovery_probe,mae_s,0.2357445334394773,lower,True,48,0.5,False
29,chronaris,random_missing_00pct,sim_clock_lag_recovery_v1,relative_clock_offset_magnitude_s,ridge_recovery_probe,rmse_s,0.31847921485186176,lower,True,48,0.5,False
29,chronaris,random_missing_00pct,sim_clock_lag_recovery_v1,relative_clock_offset_magnitude_s,ridge_recovery_probe,tolerance_hit_rate,0.9375,higher,True,48,0.5,False
29,chronaris,random_missing_00pct,sim_clock_lag_recovery_v1,relative_clock_offset_magnitude_s,ridge_recovery_probe,spearman,,higher,False,48,0.5,False
29,chronaris,random_missing_00pct,sim_clock_lag_recovery_v1,primary_physiology_response_lag_s,ridge_recovery_probe,mae_s,5.708915844368384,lower,True,48,2.0,False
29,chronaris,random_missing_00pct,sim_clock_lag_recovery_v1,primary_physiology_response_lag_s,ridge_recovery_probe,rmse_s,7.032862541664581,lower,True,48,2.0,False
29,chronaris,random_missing_00pct,sim_clock_lag_recovery_v1,primary_physiology_response_lag_s,ridge_recovery_probe,tolerance_hit_rate,0.3125,higher,True,48,2.0,False
29,chronaris,random_missing_00pct,sim_clock_lag_recovery_v1,primary_physiology_response_lag_s,ridge_recovery_probe,spearman,0.18967959239925206,higher,True,48,2.0,False
29,chronaris,random_missing_10pct,sim_clock_lag_recovery_v1,relative_clock_offset_magnitude_s,ridge_recovery_probe,mae_s,0.67018565411369,lower,True,48,0.5,False
29,chronaris,random_missing_10pct,sim_clock_lag_recovery_v1,relative_clock_offset_magnitude_s,ridge_recovery_probe,rmse_s,0.7196440291027473,lower,True,48,0.5,False
29,chronaris,random_missing_10pct,sim_clock_lag_recovery_v1,relative_clock_offset_magnitude_s,ridge_recovery_probe,tolerance_hit_rate,0.3125,higher,True,48,0.5,False
29,chronaris,random_missing_10pct,sim_clock_lag_recovery_v1,relative_clock_offset_magnitude_s,ridge_recovery_probe,spearman,,higher,False,48,0.5,False
29,chronaris,random_missing_10pct,sim_clock_lag_recovery_v1,primary_physiology_response_lag_s,ridge_recovery_probe,mae_s,7.413369757893388,lower,True,48,2.0,False
29,chronaris,random_missing_10pct,sim_clock_lag_recovery_v1,primary_physiology_response_lag_s,ridge_recovery_probe,rmse_s,8.751565810471567,lower,True,48,2.0,False
29,chronaris,random_missing_10pct,sim_clock_lag_recovery_v1,primary_physiology_response_lag_s,ridge_recovery_probe,tolerance_hit_rate,0.125,higher,True,48,2.0,False
29,chronaris,random_missing_10pct,sim_clock_lag_recovery_v1,primary_physiology_response_lag_s,ridge_recovery_probe,spearman,0.2041188693292989,higher,True,48,2.0,False
29,chronaris,random_missing_30pct,sim_clock_lag_recovery_v1,relative_clock_offset_magnitude_s,ridge_recovery_probe,mae_s,2.19606471961985,lower,True,48,0.5,False
29,chronaris,random_missing_30pct,sim_clock_lag_recovery_v1,relative_clock_offset_magnitude_s,ridge_recovery_probe,rmse_s,2.238201958403755,lower,True,48,0.5,False
29,chronaris,random_missing_30pct,sim_clock_lag_recovery_v1,relative_clock_offset_magnitude_s,ridge_recovery_probe,tolerance_hit_rate,0.0,higher,True,48,0.5,False
29,chronaris,random_missing_30pct,sim_clock_lag_recovery_v1,relative_clock_offset_magnitude_s,ridge_recovery_probe,spearman,,higher,False,48,0.5,False
29,chronaris,random_missing_30pct,sim_clock_lag_recovery_v1,primary_physiology_response_lag_s,ridge_recovery_probe,mae_s,13.403080666024968,lower,True,48,2.0,False
29,chronaris,random_missing_30pct,sim_clock_lag_recovery_v1,primary_physiology_response_lag_s,ridge_recovery_probe,rmse_s,14.430546264469905,lower,True,48,2.0,False
29,chronaris,random_missing_30pct,sim_clock_lag_recovery_v1,primary_physiology_response_lag_s,ridge_recovery_probe,tolerance_hit_rate,0.0,higher,True,48,2.0,False
29,chronaris,random_missing_30pct,sim_clock_lag_recovery_v1,primary_physiology_response_lag_s,ridge_recovery_probe,spearman,0.18442894624287134,higher,True,48,2.0,False
29,chronaris,random_missing_50pct,sim_clock_lag_recovery_v1,relative_clock_offset_magnitude_s,ridge_recovery_probe,mae_s,4.403546612709761,lower,True,48,0.5,False
29,chronaris,random_missing_50pct,sim_clock_lag_recovery_v1,relative_clock_offset_magnitude_s,ridge_recovery_probe,rmse_s,4.440242179532453,lower,True,48,0.5,False
29,chronaris,random_missing_50pct,sim_clock_lag_recovery_v1,relative_clock_offset_magnitude_s,ridge_recovery_probe,tolerance_hit_rate,0.0,higher,True,48,0.5,False
29,chronaris,random_missing_50pct,sim_clock_lag_recovery_v1,relative_clock_offset_magnitude_s,ridge_recovery_probe,spearman,,higher,False,48,0.5,False
29,chronaris,random_missing_50pct,sim_clock_lag_recovery_v1,primary_physiology_response_lag_s,ridge_recovery_probe,mae_s,22.81780443982232,lower,True,48,2.0,False
29,chronaris,random_missing_50pct,sim_clock_lag_recovery_v1,primary_physiology_response_lag_s,ridge_recovery_probe,rmse_s,23.40916126974956,lower,True,48,2.0,False
29,chronaris,random_missing_50pct,sim_clock_lag_recovery_v1,primary_physiology_response_lag_s,ridge_recovery_probe,tolerance_hit_rate,0.0,higher,True,48,2.0,False
29,chronaris,random_missing_50pct,sim_clock_lag_recovery_v1,primary_physiology_response_lag_s,ridge_recovery_probe,spearman,0.23299742318939262,higher,True,48,2.0,False
29,chronaris,contiguous_gap_00s,sim_clock_lag_recovery_v1,relative_clock_offset_magnitude_s,ridge_recovery_probe,mae_s,0.2357445334394773,lower,True,48,0.5,False
29,chronaris,contiguous_gap_00s,sim_clock_lag_recovery_v1,relative_clock_offset_magnitude_s,ridge_recovery_probe,rmse_s,0.31847921485186176,lower,True,48,0.5,False
29,chronaris,contiguous_gap_00s,sim_clock_lag_recovery_v1,relative_clock_offset_magnitude_s,ridge_recovery_probe,tolerance_hit_rate,0.9375,higher,True,48,0.5,False
29,chronaris,contiguous_gap_00s,sim_clock_lag_recovery_v1,relative_clock_offset_magnitude_s,ridge_recovery_probe,spearman,,higher,False,48,0.5,False
29,chronaris,contiguous_gap_00s,sim_clock_lag_recovery_v1,primary_physiology_response_lag_s,ridge_recovery_probe,mae_s,5.708915844368384,lower,True,48,2.0,False
29,chronaris,contiguous_gap_00s,sim_clock_lag_recovery_v1,primary_physiology_response_lag_s,ridge_recovery_probe,rmse_s,7.032862541664581,lower,True,48,2.0,False
29,chronaris,contiguous_gap_00s,sim_clock_lag_recovery_v1,primary_physiology_response_lag_s,ridge_recovery_probe,tolerance_hit_rate,0.3125,higher,True,48,2.0,False
29,chronaris,contiguous_gap_00s,sim_clock_lag_recovery_v1,primary_physiology_response_lag_s,ridge_recovery_probe,spearman,0.18967959239925206,higher,True,48,2.0,False
29,chronaris,contiguous_gap_05s,sim_clock_lag_recovery_v1,relative_clock_offset_magnitude_s,ridge_recovery_probe,mae_s,0.48356525134295225,lower,True,48,0.5,False
29,chronaris,contiguous_gap_05s,sim_clock_lag_recovery_v1,relative_clock_offset_magnitude_s,ridge_recovery_probe,rmse_s,0.5469984931650707,lower,True,48,0.5,False
29,chronaris,contiguous_gap_05s,sim_clock_lag_recovery_v1,relative_clock_offset_magnitude_s,ridge_recovery_probe,tolerance_hit_rate,0.5,higher,True,48,0.5,False
29,chronaris,contiguous_gap_05s,sim_clock_lag_recovery_v1,relative_clock_offset_magnitude_s,ridge_recovery_probe,spearman,,higher,False,48,0.5,False
29,chronaris,contiguous_gap_05s,sim_clock_lag_recovery_v1,primary_physiology_response_lag_s,ridge_recovery_probe,mae_s,7.2704286533230045,lower,True,48,2.0,False
29,chronaris,contiguous_gap_05s,sim_clock_lag_recovery_v1,primary_physiology_response_lag_s,ridge_recovery_probe,rmse_s,8.694942510556196,lower,True,48,2.0,False
29,chronaris,contiguous_gap_05s,sim_clock_lag_recovery_v1,primary_physiology_response_lag_s,ridge_recovery_probe,tolerance_hit_rate,0.16666666666666666,higher,True,48,2.0,False
29,chronaris,contiguous_gap_05s,sim_clock_lag_recovery_v1,primary_physiology_response_lag_s,ridge_recovery_probe,spearman,0.18967959239925206,higher,True,48,2.0,False
29,chronaris,contiguous_gap_15s,sim_clock_lag_recovery_v1,relative_clock_offset_magnitude_s,ridge_recovery_probe,mae_s,0.9798694737255573,lower,True,48,0.5,False
29,chronaris,contiguous_gap_15s,sim_clock_lag_recovery_v1,relative_clock_offset_magnitude_s,ridge_recovery_probe,rmse_s,1.1328323719631486,lower,True,48,0.5,False
29,chronaris,contiguous_gap_15s,sim_clock_lag_recovery_v1,relative_clock_offset_magnitude_s,ridge_recovery_probe,tolerance_hit_rate,0.25,higher,True,48,0.5,False
29,chronaris,contiguous_gap_15s,sim_clock_lag_recovery_v1,relative_clock_offset_magnitude_s,ridge_recovery_probe,spearman,,higher,False,48,0.5,False
29,chronaris,contiguous_gap_15s,sim_clock_lag_recovery_v1,primary_physiology_response_lag_s,ridge_recovery_probe,mae_s,11.195414038260907,lower,True,48,2.0,False
29,chronaris,contiguous_gap_15s,sim_clock_lag_recovery_v1,primary_physiology_response_lag_s,ridge_recovery_probe,rmse_s,12.597334797200292,lower,True,48,2.0,False
29,chronaris,contiguous_gap_15s,sim_clock_lag_recovery_v1,primary_physiology_response_lag_s,ridge_recovery_probe,tolerance_hit_rate,0.020833333333333332,higher,True,48,2.0,False
29,chronaris,contiguous_gap_15s,sim_clock_lag_recovery_v1,primary_physiology_response_lag_s,ridge_recovery_probe,spearman,0.15292506930458727,higher,True,48,2.0,False
29,chronaris,contiguous_gap_30s,sim_clock_lag_recovery_v1,relative_clock_offset_magnitude_s,ridge_recovery_probe,mae_s,1.722800452883045,lower,True,48,0.5,False
29,chronaris,contiguous_gap_30s,sim_clock_lag_recovery_v1,relative_clock_offset_magnitude_s,ridge_recovery_probe,rmse_s,1.913178627376733,lower,True,48,0.5,False
29,chronaris,contiguous_gap_30s,sim_clock_lag_recovery_v1,relative_clock_offset_magnitude_s,ridge_recovery_probe,tolerance_hit_rate,0.041666666666666664,higher,True,48,0.5,False
29,chronaris,contiguous_gap_30s,sim_clock_lag_recovery_v1,relative_clock_offset_magnitude_s,ridge_recovery_probe,spearman,,higher,False,48,0.5,False
29,chronaris,contiguous_gap_30s,sim_clock_lag_recovery_v1,primary_physiology_response_lag_s,ridge_recovery_probe,mae_s,16.599758420347655,lower,True,48,2.0,False
29,chronaris,contiguous_gap_30s,sim_clock_lag_recovery_v1,primary_physiology_response_lag_s,ridge_recovery_probe,rmse_s,17.513080401533585,lower,True,48,2.0,False
29,chronaris,contiguous_gap_30s,sim_clock_lag_recovery_v1,primary_physiology_response_lag_s,ridge_recovery_probe,tolerance_hit_rate,0.0,higher,True,48,2.0,False
29,chronaris,contiguous_gap_30s,sim_clock_lag_recovery_v1,primary_physiology_response_lag_s,ridge_recovery_probe,spearman,0.3281653847737924,higher,True,48,2.0,False
29,chronaris,physiology_lag_02s,sim_clock_lag_recovery_v1,relative_clock_offset_magnitude_s,ridge_recovery_probe,mae_s,0.2360529527068138,lower,True,48,0.5,False
29,chronaris,physiology_lag_02s,sim_clock_lag_recovery_v1,relative_clock_offset_magnitude_s,ridge_recovery_probe,rmse_s,0.31996730225822967,lower,True,48,0.5,False
29,chronaris,physiology_lag_02s,sim_clock_lag_recovery_v1,relative_clock_offset_magnitude_s,ridge_recovery_probe,tolerance_hit_rate,0.9375,higher,True,48,0.5,False
29,chronaris,physiology_lag_02s,sim_clock_lag_recovery_v1,relative_clock_offset_magnitude_s,ridge_recovery_probe,spearman,,higher,False,48,0.5,False
29,chronaris,physiology_lag_02s,sim_clock_lag_recovery_v1,primary_physiology_response_lag_s,ridge_recovery_probe,mae_s,4.940393859740621,lower,True,48,2.0,False
29,chronaris,physiology_lag_02s,sim_clock_lag_recovery_v1,primary_physiology_response_lag_s,ridge_recovery_probe,rmse_s,5.985939434421502,lower,True,48,2.0,False
29,chronaris,physiology_lag_02s,sim_clock_lag_recovery_v1,primary_physiology_response_lag_s,ridge_recovery_probe,tolerance_hit_rate,0.3333333333333333,higher,True,48,2.0,False
29,chronaris,physiology_lag_02s,sim_clock_lag_recovery_v1,primary_physiology_response_lag_s,ridge_recovery_probe,spearman,0.23299742318939262,higher,True,48,2.0,False
29,chronaris,physiology_lag_05s,sim_clock_lag_recovery_v1,relative_clock_offset_magnitude_s,ridge_recovery_probe,mae_s,0.24662870603303114,lower,True,48,0.5,False
29,chronaris,physiology_lag_05s,sim_clock_lag_recovery_v1,relative_clock_offset_magnitude_s,ridge_recovery_probe,rmse_s,0.33096196539747674,lower,True,48,0.5,False
29,chronaris,physiology_lag_05s,sim_clock_lag_recovery_v1,relative_clock_offset_magnitude_s,ridge_recovery_probe,tolerance_hit_rate,0.9166666666666666,higher,True,48,0.5,False
29,chronaris,physiology_lag_05s,sim_clock_lag_recovery_v1,relative_clock_offset_magnitude_s,ridge_recovery_probe,spearman,,higher,False,48,0.5,False
29,chronaris,physiology_lag_05s,sim_clock_lag_recovery_v1,primary_physiology_response_lag_s,ridge_recovery_probe,mae_s,4.678392482249212,lower,True,48,2.0,False
29,chronaris,physiology_lag_05s,sim_clock_lag_recovery_v1,primary_physiology_response_lag_s,ridge_recovery_probe,rmse_s,5.270610303910919,lower,True,48,2.0,False
29,chronaris,physiology_lag_05s,sim_clock_lag_recovery_v1,primary_physiology_response_lag_s,ridge_recovery_probe,tolerance_hit_rate,0.14583333333333334,higher,True,48,2.0,False
29,chronaris,physiology_lag_05s,sim_clock_lag_recovery_v1,primary_physiology_response_lag_s,ridge_recovery_probe,spearman,0.2638449693581291,higher,True,48,2.0,False
29,chronaris,physiology_lag_15s,sim_clock_lag_recovery_v1,relative_clock_offset_magnitude_s,ridge_recovery_probe,mae_s,0.2949973028153181,lower,True,48,0.5,False
29,chronaris,physiology_lag_15s,sim_clock_lag_recovery_v1,relative_clock_offset_magnitude_s,ridge_recovery_probe,rmse_s,0.371401178382052,lower,True,48,0.5,False
29,chronaris,physiology_lag_15s,sim_clock_lag_recovery_v1,relative_clock_offset_magnitude_s,ridge_recovery_probe,tolerance_hit_rate,0.8541666666666666,higher,True,48,0.5,False
29,chronaris,physiology_lag_15s,sim_clock_lag_recovery_v1,relative_clock_offset_magnitude_s,ridge_recovery_probe,spearman,,higher,False,48,0.5,False
29,chronaris,physiology_lag_15s,sim_clock_lag_recovery_v1,primary_physiology_response_lag_s,ridge_recovery_probe,mae_s,8.560137659301173,lower,True,48,2.0,False
29,chronaris,physiology_lag_15s,sim_clock_lag_recovery_v1,primary_physiology_response_lag_s,ridge_recovery_probe,rmse_s,10.005474501000633,lower,True,48,2.0,False
29,chronaris,physiology_lag_15s,sim_clock_lag_recovery_v1,primary_physiology_response_lag_s,ridge_recovery_probe,tolerance_hit_rate,0.10416666666666667,higher,True,48,2.0,False
29,chronaris,physiology_lag_15s,sim_clock_lag_recovery_v1,primary_physiology_response_lag_s,ridge_recovery_probe,spearman,0.3038811463005318,higher,True,48,2.0,False
29,chronaris,physiology_lag_30s,sim_clock_lag_recovery_v1,relative_clock_offset_magnitude_s,ridge_recovery_probe,mae_s,0.33440478270252544,lower,True,48,0.5,False
29,chronaris,physiology_lag_30s,sim_clock_lag_recovery_v1,relative_clock_offset_magnitude_s,ridge_recovery_probe,rmse_s,0.4122703413683742,lower,True,48,0.5,False
29,chronaris,physiology_lag_30s,sim_clock_lag_recovery_v1,relative_clock_offset_magnitude_s,ridge_recovery_probe,tolerance_hit_rate,0.7916666666666666,higher,True,48,0.5,False
29,chronaris,physiology_lag_30s,sim_clock_lag_recovery_v1,relative_clock_offset_magnitude_s,ridge_recovery_probe,spearman,,higher,False,48,0.5,False
29,chronaris,physiology_lag_30s,sim_clock_lag_recovery_v1,primary_physiology_response_lag_s,ridge_recovery_probe,mae_s,21.281895186543977,lower,True,48,2.0,False
29,chronaris,physiology_lag_30s,sim_clock_lag_recovery_v1,primary_physiology_response_lag_s,ridge_recovery_probe,rmse_s,21.900614421889426,lower,True,48,2.0,False
29,chronaris,physiology_lag_30s,sim_clock_lag_recovery_v1,primary_physiology_response_lag_s,ridge_recovery_probe,tolerance_hit_rate,0.0,higher,True,48,2.0,False
29,chronaris,physiology_lag_30s,sim_clock_lag_recovery_v1,primary_physiology_response_lag_s,ridge_recovery_probe,spearman,0.3078191309178174,higher,True,48,2.0,False
29,chronaris,observation_snr_30db,sim_clock_lag_recovery_v1,relative_clock_offset_magnitude_s,ridge_recovery_probe,mae_s,0.2357445334394773,lower,True,48,0.5,False
29,chronaris,observation_snr_30db,sim_clock_lag_recovery_v1,relative_clock_offset_magnitude_s,ridge_recovery_probe,rmse_s,0.31847921485186176,lower,True,48,0.5,False
29,chronaris,observation_snr_30db,sim_clock_lag_recovery_v1,relative_clock_offset_magnitude_s,ridge_recovery_probe,tolerance_hit_rate,0.9375,higher,True,48,0.5,False
29,chronaris,observation_snr_30db,sim_clock_lag_recovery_v1,relative_clock_offset_magnitude_s,ridge_recovery_probe,spearman,,higher,False,48,0.5,False
29,chronaris,observation_snr_30db,sim_clock_lag_recovery_v1,primary_physiology_response_lag_s,ridge_recovery_probe,mae_s,5.708915844368384,lower,True,48,2.0,False
29,chronaris,observation_snr_30db,sim_clock_lag_recovery_v1,primary_physiology_response_lag_s,ridge_recovery_probe,rmse_s,7.032862541664581,lower,True,48,2.0,False
29,chronaris,observation_snr_30db,sim_clock_lag_recovery_v1,primary_physiology_response_lag_s,ridge_recovery_probe,tolerance_hit_rate,0.3125,higher,True,48,2.0,False
29,chronaris,observation_snr_30db,sim_clock_lag_recovery_v1,primary_physiology_response_lag_s,ridge_recovery_probe,spearman,0.18967959239925206,higher,True,48,2.0,False
29,chronaris,observation_snr_20db,sim_clock_lag_recovery_v1,relative_clock_offset_magnitude_s,ridge_recovery_probe,mae_s,0.25202194849650067,lower,True,48,0.5,False
29,chronaris,observation_snr_20db,sim_clock_lag_recovery_v1,relative_clock_offset_magnitude_s,ridge_recovery_probe,rmse_s,0.3299643284492916,lower,True,48,0.5,False
29,chronaris,observation_snr_20db,sim_clock_lag_recovery_v1,relative_clock_offset_magnitude_s,ridge_recovery_probe,tolerance_hit_rate,0.9375,higher,True,48,0.5,False
29,chronaris,observation_snr_20db,sim_clock_lag_recovery_v1,relative_clock_offset_magnitude_s,ridge_recovery_probe,spearman,,higher,False,48,0.5,False
29,chronaris,observation_snr_20db,sim_clock_lag_recovery_v1,primary_physiology_response_lag_s,ridge_recovery_probe,mae_s,5.739797393289652,lower,True,48,2.0,False
29,chronaris,observation_snr_20db,sim_clock_lag_recovery_v1,primary_physiology_response_lag_s,ridge_recovery_probe,rmse_s,7.065647733427644,lower,True,48,2.0,False
29,chronaris,observation_snr_20db,sim_clock_lag_recovery_v1,primary_physiology_response_lag_s,ridge_recovery_probe,tolerance_hit_rate,0.3125,higher,True,48,2.0,False
29,chronaris,observation_snr_20db,sim_clock_lag_recovery_v1,primary_physiology_response_lag_s,ridge_recovery_probe,spearman,0.21199483856386991,higher,True,48,2.0,False
29,chronaris,observation_snr_10db,sim_clock_lag_recovery_v1,relative_clock_offset_magnitude_s,ridge_recovery_probe,mae_s,0.5688553924361864,lower,True,48,0.5,False
29,chronaris,observation_snr_10db,sim_clock_lag_recovery_v1,relative_clock_offset_magnitude_s,ridge_recovery_probe,rmse_s,0.6503344285222518,lower,True,48,0.5,False
29,chronaris,observation_snr_10db,sim_clock_lag_recovery_v1,relative_clock_offset_magnitude_s,ridge_recovery_probe,tolerance_hit_rate,0.4583333333333333,higher,True,48,0.5,False
29,chronaris,observation_snr_10db,sim_clock_lag_recovery_v1,relative_clock_offset_magnitude_s,ridge_recovery_probe,spearman,,higher,False,48,0.5,False
29,chronaris,observation_snr_10db,sim_clock_lag_recovery_v1,primary_physiology_response_lag_s,ridge_recovery_probe,mae_s,6.130453170679311,lower,True,48,2.0,False
29,chronaris,observation_snr_10db,sim_clock_lag_recovery_v1,primary_physiology_response_lag_s,ridge_recovery_probe,rmse_s,7.472542625899525,lower,True,48,2.0,False
29,chronaris,observation_snr_10db,sim_clock_lag_recovery_v1,primary_physiology_response_lag_s,ridge_recovery_probe,tolerance_hit_rate,0.25,higher,True,48,2.0,False
29,chronaris,observation_snr_10db,sim_clock_lag_recovery_v1,primary_physiology_response_lag_s,ridge_recovery_probe,spearman,0.25859432320174847,higher,True,48,2.0,False
29,chronaris,observation_snr_05db,sim_clock_lag_recovery_v1,relative_clock_offset_magnitude_s,ridge_recovery_probe,mae_s,1.2799512663235266,lower,True,48,0.5,False
29,chronaris,observation_snr_05db,sim_clock_lag_recovery_v1,relative_clock_offset_magnitude_s,ridge_recovery_probe,rmse_s,1.4008128204291634,lower,True,48,0.5,False
29,chronaris,observation_snr_05db,sim_clock_lag_recovery_v1,relative_clock_offset_magnitude_s,ridge_recovery_probe,tolerance_hit_rate,0.10416666666666667,higher,True,48,0.5,False
29,chronaris,observation_snr_05db,sim_clock_lag_recovery_v1,relative_clock_offset_magnitude_s,ridge_recovery_probe,spearman,,higher,False,48,0.5,False
29,chronaris,observation_snr_05db,sim_clock_lag_recovery_v1,primary_physiology_response_lag_s,ridge_recovery_probe,mae_s,7.0499610312415655,lower,True,48,2.0,False
29,chronaris,observation_snr_05db,sim_clock_lag_recovery_v1,primary_physiology_response_lag_s,ridge_recovery_probe,rmse_s,8.406743562437853,lower,True,48,2.0,False
29,chronaris,observation_snr_05db,sim_clock_lag_recovery_v1,primary_physiology_response_lag_s,ridge_recovery_probe,tolerance_hit_rate,0.14583333333333334,higher,True,48,2.0,False
29,chronaris,observation_snr_05db,sim_clock_lag_recovery_v1,primary_physiology_response_lag_s,ridge_recovery_probe,spearman,0.2966615078355084,higher,True,48,2.0,False
29,chronaris,mixed_severe,sim_clock_lag_recovery_v1,relative_clock_offset_magnitude_s,ridge_recovery_probe,mae_s,1.6840204360584419,lower,True,48,0.5,False
29,chronaris,mixed_severe,sim_clock_lag_recovery_v1,relative_clock_offset_magnitude_s,ridge_recovery_probe,rmse_s,1.918585579293449,lower,True,48,0.5,False
29,chronaris,mixed_severe,sim_clock_lag_recovery_v1,relative_clock_offset_magnitude_s,ridge_recovery_probe,tolerance_hit_rate,0.0625,higher,True,48,0.5,False
29,chronaris,mixed_severe,sim_clock_lag_recovery_v1,relative_clock_offset_magnitude_s,ridge_recovery_probe,spearman,,higher,False,48,0.5,False
29,chronaris,mixed_severe,sim_clock_lag_recovery_v1,primary_physiology_response_lag_s,ridge_recovery_probe,mae_s,6.675407371888981,lower,True,48,2.0,False
29,chronaris,mixed_severe,sim_clock_lag_recovery_v1,primary_physiology_response_lag_s,ridge_recovery_probe,rmse_s,8.282087997801296,lower,True,48,2.0,False
29,chronaris,mixed_severe,sim_clock_lag_recovery_v1,primary_physiology_response_lag_s,ridge_recovery_probe,tolerance_hit_rate,0.22916666666666666,higher,True,48,2.0,False
29,chronaris,mixed_severe,sim_clock_lag_recovery_v1,primary_physiology_response_lag_s,ridge_recovery_probe,spearman,0.14439276930046865,higher,True,48,2.0,False
43,naive_time_sync,timestamp_jitter_000ms,sim_clock_lag_recovery_v1,relative_clock_offset_magnitude_s,ridge_recovery_probe,mae_s,0.9799133585765958,lower,True,48,0.5,False
43,naive_time_sync,timestamp_jitter_000ms,sim_clock_lag_recovery_v1,relative_clock_offset_magnitude_s,ridge_recovery_probe,rmse_s,0.9897024383058284,lower,True,48,0.5,False
43,naive_time_sync,timestamp_jitter_000ms,sim_clock_lag_recovery_v1,relative_clock_offset_magnitude_s,ridge_recovery_probe,tolerance_hit_rate,0.0,higher,True,48,0.5,False
43,naive_time_sync,timestamp_jitter_000ms,sim_clock_lag_recovery_v1,relative_clock_offset_magnitude_s,ridge_recovery_probe,spearman,,higher,False,48,0.5,False
43,naive_time_sync,timestamp_jitter_000ms,sim_clock_lag_recovery_v1,primary_physiology_response_lag_s,ridge_recovery_probe,mae_s,6.369693518443256,lower,True,48,2.0,False
43,naive_time_sync,timestamp_jitter_000ms,sim_clock_lag_recovery_v1,primary_physiology_response_lag_s,ridge_recovery_probe,rmse_s,7.786453968342079,lower,True,48,2.0,False
43,naive_time_sync,timestamp_jitter_000ms,sim_clock_lag_recovery_v1,primary_physiology_response_lag_s,ridge_recovery_probe,tolerance_hit_rate,0.16666666666666666,higher,True,48,2.0,False
43,naive_time_sync,timestamp_jitter_000ms,sim_clock_lag_recovery_v1,primary_physiology_response_lag_s,ridge_recovery_probe,spearman,-0.12798450006177906,higher,True,48,2.0,False
43,naive_time_sync,timestamp_jitter_020ms,sim_clock_lag_recovery_v1,relative_clock_offset_magnitude_s,ridge_recovery_probe,mae_s,1.113757695692281,lower,True,48,0.5,False
43,naive_time_sync,timestamp_jitter_020ms,sim_clock_lag_recovery_v1,relative_clock_offset_magnitude_s,ridge_recovery_probe,rmse_s,1.1226242452718302,lower,True,48,0.5,False
43,naive_time_sync,timestamp_jitter_020ms,sim_clock_lag_recovery_v1,relative_clock_offset_magnitude_s,ridge_recovery_probe,tolerance_hit_rate,0.0,higher,True,48,0.5,False
43,naive_time_sync,timestamp_jitter_020ms,sim_clock_lag_recovery_v1,relative_clock_offset_magnitude_s,ridge_recovery_probe,spearman,,higher,False,48,0.5,False
43,naive_time_sync,timestamp_jitter_020ms,sim_clock_lag_recovery_v1,primary_physiology_response_lag_s,ridge_recovery_probe,mae_s,7.061898947520405,lower,True,48,2.0,False
43,naive_time_sync,timestamp_jitter_020ms,sim_clock_lag_recovery_v1,primary_physiology_response_lag_s,ridge_recovery_probe,rmse_s,8.430478576170866,lower,True,48,2.0,False
43,naive_time_sync,timestamp_jitter_020ms,sim_clock_lag_recovery_v1,primary_physiology_response_lag_s,ridge_recovery_probe,tolerance_hit_rate,0.020833333333333332,higher,True,48,2.0,False
43,naive_time_sync,timestamp_jitter_020ms,sim_clock_lag_recovery_v1,primary_physiology_response_lag_s,ridge_recovery_probe,spearman,-0.13717313083544524,higher,True,48,2.0,False
43,naive_time_sync,timestamp_jitter_050ms,sim_clock_lag_recovery_v1,relative_clock_offset_magnitude_s,ridge_recovery_probe,mae_s,1.182002689068516,lower,True,48,0.5,False
43,naive_time_sync,timestamp_jitter_050ms,sim_clock_lag_recovery_v1,relative_clock_offset_magnitude_s,ridge_recovery_probe,rmse_s,1.1901101280130268,lower,True,48,0.5,False
43,naive_time_sync,timestamp_jitter_050ms,sim_clock_lag_recovery_v1,relative_clock_offset_magnitude_s,ridge_recovery_probe,tolerance_hit_rate,0.0,higher,True,48,0.5,False
43,naive_time_sync,timestamp_jitter_050ms,sim_clock_lag_recovery_v1,relative_clock_offset_magnitude_s,ridge_recovery_probe,spearman,,higher,False,48,0.5,False
43,naive_time_sync,timestamp_jitter_050ms,sim_clock_lag_recovery_v1,primary_physiology_response_lag_s,ridge_recovery_probe,mae_s,7.313281268639713,lower,True,48,2.0,False
43,naive_time_sync,timestamp_jitter_050ms,sim_clock_lag_recovery_v1,primary_physiology_response_lag_s,ridge_recovery_probe,rmse_s,8.692892067135388,lower,True,48,2.0,False
43,naive_time_sync,timestamp_jitter_050ms,sim_clock_lag_recovery_v1,primary_physiology_response_lag_s,ridge_recovery_probe,tolerance_hit_rate,0.0,higher,True,48,2.0,False
43,naive_time_sync,timestamp_jitter_050ms,sim_clock_lag_recovery_v1,primary_physiology_response_lag_s,ridge_recovery_probe,spearman,-0.13586046929635007,higher,True,48,2.0,False
43,naive_time_sync,timestamp_jitter_100ms,sim_clock_lag_recovery_v1,relative_clock_offset_magnitude_s,ridge_recovery_probe,mae_s,1.2649144589280088,lower,True,48,0.5,False
43,naive_time_sync,timestamp_jitter_100ms,sim_clock_lag_recovery_v1,relative_clock_offset_magnitude_s,ridge_recovery_probe,rmse_s,1.2729903670779055,lower,True,48,0.5,False
43,naive_time_sync,timestamp_jitter_100ms,sim_clock_lag_recovery_v1,relative_clock_offset_magnitude_s,ridge_recovery_probe,tolerance_hit_rate,0.0,higher,True,48,0.5,False
43,naive_time_sync,timestamp_jitter_100ms,sim_clock_lag_recovery_v1,relative_clock_offset_magnitude_s,ridge_recovery_probe,spearman,,higher,False,48,0.5,False
43,naive_time_sync,timestamp_jitter_100ms,sim_clock_lag_recovery_v1,primary_physiology_response_lag_s,ridge_recovery_probe,mae_s,7.624481276436001,lower,True,48,2.0,False
43,naive_time_sync,timestamp_jitter_100ms,sim_clock_lag_recovery_v1,primary_physiology_response_lag_s,ridge_recovery_probe,rmse_s,9.025754987090197,lower,True,48,2.0,False
43,naive_time_sync,timestamp_jitter_100ms,sim_clock_lag_recovery_v1,primary_physiology_response_lag_s,ridge_recovery_probe,tolerance_hit_rate,0.020833333333333332,higher,True,48,2.0,False
43,naive_time_sync,timestamp_jitter_100ms,sim_clock_lag_recovery_v1,primary_physiology_response_lag_s,ridge_recovery_probe,spearman,-0.13192248467906456,higher,True,48,2.0,False
43,naive_time_sync,clock_offset_+0.00s,sim_clock_lag_recovery_v1,relative_clock_offset_magnitude_s,ridge_recovery_probe,mae_s,0.9799133585765958,lower,True,48,0.5,False
43,naive_time_sync,clock_offset_+0.00s,sim_clock_lag_recovery_v1,relative_clock_offset_magnitude_s,ridge_recovery_probe,rmse_s,0.9897024383058284,lower,True,48,0.5,False
43,naive_time_sync,clock_offset_+0.00s,sim_clock_lag_recovery_v1,relative_clock_offset_magnitude_s,ridge_recovery_probe,tolerance_hit_rate,0.0,higher,True,48,0.5,False
43,naive_time_sync,clock_offset_+0.00s,sim_clock_lag_recovery_v1,relative_clock_offset_magnitude_s,ridge_recovery_probe,spearman,,higher,False,48,0.5,False
43,naive_time_sync,clock_offset_+0.00s,sim_clock_lag_recovery_v1,primary_physiology_response_lag_s,ridge_recovery_probe,mae_s,6.369693518443256,lower,True,48,2.0,False
43,naive_time_sync,clock_offset_+0.00s,sim_clock_lag_recovery_v1,primary_physiology_response_lag_s,ridge_recovery_probe,rmse_s,7.786453968342079,lower,True,48,2.0,False
43,naive_time_sync,clock_offset_+0.00s,sim_clock_lag_recovery_v1,primary_physiology_response_lag_s,ridge_recovery_probe,tolerance_hit_rate,0.16666666666666666,higher,True,48,2.0,False
43,naive_time_sync,clock_offset_+0.00s,sim_clock_lag_recovery_v1,primary_physiology_response_lag_s,ridge_recovery_probe,spearman,-0.12798450006177906,higher,True,48,2.0,False
43,naive_time_sync,clock_offset_-0.25s,sim_clock_lag_recovery_v1,relative_clock_offset_magnitude_s,ridge_recovery_probe,mae_s,0.7767858086153865,lower,True,48,0.5,False
43,naive_time_sync,clock_offset_-0.25s,sim_clock_lag_recovery_v1,relative_clock_offset_magnitude_s,ridge_recovery_probe,rmse_s,0.7889331046512891,lower,True,48,0.5,False
43,naive_time_sync,clock_offset_-0.25s,sim_clock_lag_recovery_v1,relative_clock_offset_magnitude_s,ridge_recovery_probe,tolerance_hit_rate,0.020833333333333332,higher,True,48,0.5,False
43,naive_time_sync,clock_offset_-0.25s,sim_clock_lag_recovery_v1,relative_clock_offset_magnitude_s,ridge_recovery_probe,spearman,,higher,False,48,0.5,False
43,naive_time_sync,clock_offset_-0.25s,sim_clock_lag_recovery_v1,primary_physiology_response_lag_s,ridge_recovery_probe,mae_s,6.6643756635619695,lower,True,48,2.0,False
43,naive_time_sync,clock_offset_-0.25s,sim_clock_lag_recovery_v1,primary_physiology_response_lag_s,ridge_recovery_probe,rmse_s,8.06092922645101,lower,True,48,2.0,False
43,naive_time_sync,clock_offset_-0.25s,sim_clock_lag_recovery_v1,primary_physiology_response_lag_s,ridge_recovery_probe,tolerance_hit_rate,0.125,higher,True,48,2.0,False
43,naive_time_sync,clock_offset_-0.25s,sim_clock_lag_recovery_v1,primary_physiology_response_lag_s,ridge_recovery_probe,spearman,-0.13323514621815974,higher,True,48,2.0,False
43,naive_time_sync,clock_offset_+0.25s,sim_clock_lag_recovery_v1,relative_clock_offset_magnitude_s,ridge_recovery_probe,mae_s,0.7756672548130155,lower,True,48,0.5,False
43,naive_time_sync,clock_offset_+0.25s,sim_clock_lag_recovery_v1,relative_clock_offset_magnitude_s,ridge_recovery_probe,rmse_s,0.787862455821465,lower,True,48,0.5,False
43,naive_time_sync,clock_offset_+0.25s,sim_clock_lag_recovery_v1,relative_clock_offset_magnitude_s,ridge_recovery_probe,tolerance_hit_rate,0.020833333333333332,higher,True,48,0.5,False
43,naive_time_sync,clock_offset_+0.25s,sim_clock_lag_recovery_v1,relative_clock_offset_magnitude_s,ridge_recovery_probe,spearman,,higher,False,48,0.5,False
43,naive_time_sync,clock_offset_+0.25s,sim_clock_lag_recovery_v1,primary_physiology_response_lag_s,ridge_recovery_probe,mae_s,6.682736611131181,lower,True,48,2.0,False
43,naive_time_sync,clock_offset_+0.25s,sim_clock_lag_recovery_v1,primary_physiology_response_lag_s,ridge_recovery_probe,rmse_s,8.074289065435723,lower,True,48,2.0,False
43,naive_time_sync,clock_offset_+0.25s,sim_clock_lag_recovery_v1,primary_physiology_response_lag_s,ridge_recovery_probe,tolerance_hit_rate,0.125,higher,True,48,2.0,False
43,naive_time_sync,clock_offset_+0.25s,sim_clock_lag_recovery_v1,primary_physiology_response_lag_s,ridge_recovery_probe,spearman,-0.1253591769835887,higher,True,48,2.0,False
43,naive_time_sync,clock_offset_-1.00s,sim_clock_lag_recovery_v1,relative_clock_offset_magnitude_s,ridge_recovery_probe,mae_s,0.11318202347805102,lower,True,48,0.5,False
43,naive_time_sync,clock_offset_-1.00s,sim_clock_lag_recovery_v1,relative_clock_offset_magnitude_s,ridge_recovery_probe,rmse_s,0.1404208013447772,lower,True,48,0.5,False
43,naive_time_sync,clock_offset_-1.00s,sim_clock_lag_recovery_v1,relative_clock_offset_magnitude_s,ridge_recovery_probe,tolerance_hit_rate,1.0,higher,True,48,0.5,False
43,naive_time_sync,clock_offset_-1.00s,sim_clock_lag_recovery_v1,relative_clock_offset_magnitude_s,ridge_recovery_probe,spearman,,higher,False,48,0.5,False
43,naive_time_sync,clock_offset_-1.00s,sim_clock_lag_recovery_v1,primary_physiology_response_lag_s,ridge_recovery_probe,mae_s,6.346471578641086,lower,True,48,2.0,False
43,naive_time_sync,clock_offset_-1.00s,sim_clock_lag_recovery_v1,primary_physiology_response_lag_s,ridge_recovery_probe,rmse_s,7.7691032531851025,lower,True,48,2.0,False
43,naive_time_sync,clock_offset_-1.00s,sim_clock_lag_recovery_v1,primary_physiology_response_lag_s,ridge_recovery_probe,tolerance_hit_rate,0.16666666666666666,higher,True,48,2.0,False
43,naive_time_sync,clock_offset_-1.00s,sim_clock_lag_recovery_v1,primary_physiology_response_lag_s,ridge_recovery_probe,spearman,-0.13389147698770731,higher,True,48,2.0,False
43,naive_time_sync,clock_offset_+1.00s,sim_clock_lag_recovery_v1,relative_clock_offset_magnitude_s,ridge_recovery_probe,mae_s,0.11262408085167408,lower,True,48,0.5,False
43,naive_time_sync,clock_offset_+1.00s,sim_clock_lag_recovery_v1,relative_clock_offset_magnitude_s,ridge_recovery_probe,rmse_s,0.14103300057134432,lower,True,48,0.5,False
43,naive_time_sync,clock_offset_+1.00s,sim_clock_lag_recovery_v1,relative_clock_offset_magnitude_s,ridge_recovery_probe,tolerance_hit_rate,1.0,higher,True,48,0.5,False
43,naive_time_sync,clock_offset_+1.00s,sim_clock_lag_recovery_v1,relative_clock_offset_magnitude_s,ridge_recovery_probe,spearman,,higher,False,48,0.5,False
43,naive_time_sync,clock_offset_+1.00s,sim_clock_lag_recovery_v1,primary_physiology_response_lag_s,ridge_recovery_probe,mae_s,6.3914707161618765,lower,True,48,2.0,False
43,naive_time_sync,clock_offset_+1.00s,sim_clock_lag_recovery_v1,primary_physiology_response_lag_s,ridge_recovery_probe,rmse_s,7.80225024690878,lower,True,48,2.0,False
43,naive_time_sync,clock_offset_+1.00s,sim_clock_lag_recovery_v1,primary_physiology_response_lag_s,ridge_recovery_probe,tolerance_hit_rate,0.16666666666666666,higher,True,48,2.0,False
43,naive_time_sync,clock_offset_+1.00s,sim_clock_lag_recovery_v1,primary_physiology_response_lag_s,ridge_recovery_probe,spearman,-0.1260155077531363,higher,True,48,2.0,False
43,naive_time_sync,clock_offset_-3.00s,sim_clock_lag_recovery_v1,relative_clock_offset_magnitude_s,ridge_recovery_probe,mae_s,2.011693031837543,lower,True,48,0.5,False
43,naive_time_sync,clock_offset_-3.00s,sim_clock_lag_recovery_v1,relative_clock_offset_magnitude_s,ridge_recovery_probe,rmse_s,2.0165033649441906,lower,True,48,0.5,False
43,naive_time_sync,clock_offset_-3.00s,sim_clock_lag_recovery_v1,relative_clock_offset_magnitude_s,ridge_recovery_probe,tolerance_hit_rate,0.0,higher,True,48,0.5,False
43,naive_time_sync,clock_offset_-3.00s,sim_clock_lag_recovery_v1,relative_clock_offset_magnitude_s,ridge_recovery_probe,spearman,,higher,False,48,0.5,False
43,naive_time_sync,clock_offset_-3.00s,sim_clock_lag_recovery_v1,primary_physiology_response_lag_s,ridge_recovery_probe,mae_s,6.303888406121085,lower,True,48,2.0,False
43,naive_time_sync,clock_offset_-3.00s,sim_clock_lag_recovery_v1,primary_physiology_response_lag_s,ridge_recovery_probe,rmse_s,7.738107650099669,lower,True,48,2.0,False
43,naive_time_sync,clock_offset_-3.00s,sim_clock_lag_recovery_v1,primary_physiology_response_lag_s,ridge_recovery_probe,tolerance_hit_rate,0.1875,higher,True,48,2.0,False
43,naive_time_sync,clock_offset_-3.00s,sim_clock_lag_recovery_v1,primary_physiology_response_lag_s,ridge_recovery_probe,spearman,-0.139142123144088,higher,True,48,2.0,False
43,naive_time_sync,clock_offset_+3.00s,sim_clock_lag_recovery_v1,relative_clock_offset_magnitude_s,ridge_recovery_probe,mae_s,2.027537313910822,lower,True,48,0.5,False
43,naive_time_sync,clock_offset_+3.00s,sim_clock_lag_recovery_v1,relative_clock_offset_magnitude_s,ridge_recovery_probe,rmse_s,2.0322931768015433,lower,True,48,0.5,False
43,naive_time_sync,clock_offset_+3.00s,sim_clock_lag_recovery_v1,relative_clock_offset_magnitude_s,ridge_recovery_probe,tolerance_hit_rate,0.0,higher,True,48,0.5,False
43,naive_time_sync,clock_offset_+3.00s,sim_clock_lag_recovery_v1,relative_clock_offset_magnitude_s,ridge_recovery_probe,spearman,,higher,False,48,0.5,False
43,naive_time_sync,clock_offset_+3.00s,sim_clock_lag_recovery_v1,primary_physiology_response_lag_s,ridge_recovery_probe,mae_s,6.44562450623845,lower,True,48,2.0,False
43,naive_time_sync,clock_offset_+3.00s,sim_clock_lag_recovery_v1,primary_physiology_response_lag_s,ridge_recovery_probe,rmse_s,7.843057209983728,lower,True,48,2.0,False
43,naive_time_sync,clock_offset_+3.00s,sim_clock_lag_recovery_v1,primary_physiology_response_lag_s,ridge_recovery_probe,tolerance_hit_rate,0.16666666666666666,higher,True,48,2.0,False
43,naive_time_sync,clock_offset_+3.00s,sim_clock_lag_recovery_v1,primary_physiology_response_lag_s,ridge_recovery_probe,spearman,-0.1214211923663032,higher,True,48,2.0,False
43,naive_time_sync,clock_drift_+000ppm,sim_clock_lag_recovery_v1,relative_clock_offset_magnitude_s,ridge_recovery_probe,mae_s,0.9799133585765958,lower,True,48,0.5,False
43,naive_time_sync,clock_drift_+000ppm,sim_clock_lag_recovery_v1,relative_clock_offset_magnitude_s,ridge_recovery_probe,rmse_s,0.9897024383058284,lower,True,48,0.5,False
43,naive_time_sync,clock_drift_+000ppm,sim_clock_lag_recovery_v1,relative_clock_offset_magnitude_s,ridge_recovery_probe,tolerance_hit_rate,0.0,higher,True,48,0.5,False
43,naive_time_sync,clock_drift_+000ppm,sim_clock_lag_recovery_v1,relative_clock_offset_magnitude_s,ridge_recovery_probe,spearman,,higher,False,48,0.5,False
43,naive_time_sync,clock_drift_+000ppm,sim_clock_lag_recovery_v1,primary_physiology_response_lag_s,ridge_recovery_probe,mae_s,6.369693518443256,lower,True,48,2.0,False
43,naive_time_sync,clock_drift_+000ppm,sim_clock_lag_recovery_v1,primary_physiology_response_lag_s,ridge_recovery_probe,rmse_s,7.786453968342079,lower,True,48,2.0,False
43,naive_time_sync,clock_drift_+000ppm,sim_clock_lag_recovery_v1,primary_physiology_response_lag_s,ridge_recovery_probe,tolerance_hit_rate,0.16666666666666666,higher,True,48,2.0,False
43,naive_time_sync,clock_drift_+000ppm,sim_clock_lag_recovery_v1,primary_physiology_response_lag_s,ridge_recovery_probe,spearman,-0.12798450006177906,higher,True,48,2.0,False
43,naive_time_sync,clock_drift_-050ppm,sim_clock_lag_recovery_v1,relative_clock_offset_magnitude_s,ridge_recovery_probe,mae_s,1.0894875262553494,lower,True,48,0.5,False
43,naive_time_sync,clock_drift_-050ppm,sim_clock_lag_recovery_v1,relative_clock_offset_magnitude_s,ridge_recovery_probe,rmse_s,1.0980978274546074,lower,True,48,0.5,False
43,naive_time_sync,clock_drift_-050ppm,sim_clock_lag_recovery_v1,relative_clock_offset_magnitude_s,ridge_recovery_probe,tolerance_hit_rate,0.0,higher,True,48,0.5,False
43,naive_time_sync,clock_drift_-050ppm,sim_clock_lag_recovery_v1,relative_clock_offset_magnitude_s,ridge_recovery_probe,spearman,,higher,False,48,0.5,False
43,naive_time_sync,clock_drift_-050ppm,sim_clock_lag_recovery_v1,primary_physiology_response_lag_s,ridge_recovery_probe,mae_s,7.063339323563724,lower,True,48,2.0,False
43,naive_time_sync,clock_drift_-050ppm,sim_clock_lag_recovery_v1,primary_physiology_response_lag_s,ridge_recovery_probe,rmse_s,8.44604378758651,lower,True,48,2.0,False
43,naive_time_sync,clock_drift_-050ppm,sim_clock_lag_recovery_v1,primary_physiology_response_lag_s,ridge_recovery_probe,tolerance_hit_rate,0.0,higher,True,48,2.0,False
43,naive_time_sync,clock_drift_-050ppm,sim_clock_lag_recovery_v1,primary_physiology_response_lag_s,ridge_recovery_probe,spearman,-0.12667183852268388,higher,True,48,2.0,False
43,naive_time_sync,clock_drift_+050ppm,sim_clock_lag_recovery_v1,relative_clock_offset_magnitude_s,ridge_recovery_probe,mae_s,1.1431127122292917,lower,True,48,0.5,False
43,naive_time_sync,clock_drift_+050ppm,sim_clock_lag_recovery_v1,relative_clock_offset_magnitude_s,ridge_recovery_probe,rmse_s,1.1514228559796584,lower,True,48,0.5,False
43,naive_time_sync,clock_drift_+050ppm,sim_clock_lag_recovery_v1,relative_clock_offset_magnitude_s,ridge_recovery_probe,tolerance_hit_rate,0.0,higher,True,48,0.5,False
43,naive_time_sync,clock_drift_+050ppm,sim_clock_lag_recovery_v1,relative_clock_offset_magnitude_s,ridge_recovery_probe,spearman,,higher,False,48,0.5,False
43,naive_time_sync,clock_drift_+050ppm,sim_clock_lag_recovery_v1,primary_physiology_response_lag_s,ridge_recovery_probe,mae_s,7.2843317744765175,lower,True,48,2.0,False
43,naive_time_sync,clock_drift_+050ppm,sim_clock_lag_recovery_v1,primary_physiology_response_lag_s,ridge_recovery_probe,rmse_s,8.669945471645084,lower,True,48,2.0,False
43,naive_time_sync,clock_drift_+050ppm,sim_clock_lag_recovery_v1,primary_physiology_response_lag_s,ridge_recovery_probe,tolerance_hit_rate,0.0,higher,True,48,2.0,False
43,naive_time_sync,clock_drift_+050ppm,sim_clock_lag_recovery_v1,primary_physiology_response_lag_s,ridge_recovery_probe,spearman,-0.12864083083132663,higher,True,48,2.0,False
43,naive_time_sync,clock_drift_-100ppm,sim_clock_lag_recovery_v1,relative_clock_offset_magnitude_s,ridge_recovery_probe,mae_s,1.0985758112122614,lower,True,48,0.5,False
43,naive_time_sync,clock_drift_-100ppm,sim_clock_lag_recovery_v1,relative_clock_offset_magnitude_s,ridge_recovery_probe,rmse_s,1.1071132584569663,lower,True,48,0.5,False
43,naive_time_sync,clock_drift_-100ppm,sim_clock_lag_recovery_v1,relative_clock_offset_magnitude_s,ridge_recovery_probe,tolerance_hit_rate,0.0,higher,True,48,0.5,False
43,naive_time_sync,clock_drift_-100ppm,sim_clock_lag_recovery_v1,relative_clock_offset_magnitude_s,ridge_recovery_probe,spearman,,higher,False,48,0.5,False
43,naive_time_sync,clock_drift_-100ppm,sim_clock_lag_recovery_v1,primary_physiology_response_lag_s,ridge_recovery_probe,mae_s,7.11070882853205,lower,True,48,2.0,False
43,naive_time_sync,clock_drift_-100ppm,sim_clock_lag_recovery_v1,primary_physiology_response_lag_s,ridge_recovery_probe,rmse_s,8.493456854034225,lower,True,48,2.0,False
43,naive_time_sync,clock_drift_-100ppm,sim_clock_lag_recovery_v1,primary_physiology_response_lag_s,ridge_recovery_probe,tolerance_hit_rate,0.0,higher,True,48,2.0,False
43,naive_time_sync,clock_drift_-100ppm,sim_clock_lag_recovery_v1,primary_physiology_response_lag_s,ridge_recovery_probe,spearman,-0.12470284621404112,higher,True,48,2.0,False
43,naive_time_sync,clock_drift_+100ppm,sim_clock_lag_recovery_v1,relative_clock_offset_magnitude_s,ridge_recovery_probe,mae_s,1.133878163062036,lower,True,48,0.5,False
43,naive_time_sync,clock_drift_+100ppm,sim_clock_lag_recovery_v1,relative_clock_offset_magnitude_s,ridge_recovery_probe,rmse_s,1.1422474865997507,lower,True,48,0.5,False
43,naive_time_sync,clock_drift_+100ppm,sim_clock_lag_recovery_v1,relative_clock_offset_magnitude_s,ridge_recovery_probe,tolerance_hit_rate,0.0,higher,True,48,0.5,False
43,naive_time_sync,clock_drift_+100ppm,sim_clock_lag_recovery_v1,relative_clock_offset_magnitude_s,ridge_recovery_probe,spearman,,higher,False,48,0.5,False
43,naive_time_sync,clock_drift_+100ppm,sim_clock_lag_recovery_v1,primary_physiology_response_lag_s,ridge_recovery_probe,mae_s,7.23675026075378,lower,True,48,2.0,False
43,naive_time_sync,clock_drift_+100ppm,sim_clock_lag_recovery_v1,primary_physiology_response_lag_s,ridge_recovery_probe,rmse_s,8.621720631888726,lower,True,48,2.0,False
43,naive_time_sync,clock_drift_+100ppm,sim_clock_lag_recovery_v1,primary_physiology_response_lag_s,ridge_recovery_probe,tolerance_hit_rate,0.0,higher,True,48,2.0,False
43,naive_time_sync,clock_drift_+100ppm,sim_clock_lag_recovery_v1,primary_physiology_response_lag_s,ridge_recovery_probe,spearman,-0.12864083083132663,higher,True,48,2.0,False
43,naive_time_sync,clock_drift_-250ppm,sim_clock_lag_recovery_v1,relative_clock_offset_magnitude_s,ridge_recovery_probe,mae_s,1.126239910100897,lower,True,48,0.5,False
43,naive_time_sync,clock_drift_-250ppm,sim_clock_lag_recovery_v1,relative_clock_offset_magnitude_s,ridge_recovery_probe,rmse_s,1.1345773817460278,lower,True,48,0.5,False
43,naive_time_sync,clock_drift_-250ppm,sim_clock_lag_recovery_v1,relative_clock_offset_magnitude_s,ridge_recovery_probe,tolerance_hit_rate,0.0,higher,True,48,0.5,False
43,naive_time_sync,clock_drift_-250ppm,sim_clock_lag_recovery_v1,relative_clock_offset_magnitude_s,ridge_recovery_probe,spearman,,higher,False,48,0.5,False
43,naive_time_sync,clock_drift_-250ppm,sim_clock_lag_recovery_v1,primary_physiology_response_lag_s,ridge_recovery_probe,mae_s,7.25522547539408,lower,True,48,2.0,False
43,naive_time_sync,clock_drift_-250ppm,sim_clock_lag_recovery_v1,primary_physiology_response_lag_s,ridge_recovery_probe,rmse_s,8.638528278071918,lower,True,48,2.0,False
43,naive_time_sync,clock_drift_-250ppm,sim_clock_lag_recovery_v1,primary_physiology_response_lag_s,ridge_recovery_probe,tolerance_hit_rate,0.0,higher,True,48,2.0,False
43,naive_time_sync,clock_drift_-250ppm,sim_clock_lag_recovery_v1,primary_physiology_response_lag_s,ridge_recovery_probe,spearman,-0.1253591769835887,higher,True,48,2.0,False
43,naive_time_sync,clock_drift_+250ppm,sim_clock_lag_recovery_v1,relative_clock_offset_magnitude_s,ridge_recovery_probe,mae_s,1.1061928387110431,lower,True,48,0.5,False
43,naive_time_sync,clock_drift_+250ppm,sim_clock_lag_recovery_v1,relative_clock_offset_magnitude_s,ridge_recovery_probe,rmse_s,1.1147653782372369,lower,True,48,0.5,False
43,naive_time_sync,clock_drift_+250ppm,sim_clock_lag_recovery_v1,relative_clock_offset_magnitude_s,ridge_recovery_probe,tolerance_hit_rate,0.0,higher,True,48,0.5,False
43,naive_time_sync,clock_drift_+250ppm,sim_clock_lag_recovery_v1,relative_clock_offset_magnitude_s,ridge_recovery_probe,spearman,,higher,False,48,0.5,False
43,naive_time_sync,clock_drift_+250ppm,sim_clock_lag_recovery_v1,primary_physiology_response_lag_s,ridge_recovery_probe,mae_s,7.092553159359444,lower,True,48,2.0,False
43,naive_time_sync,clock_drift_+250ppm,sim_clock_lag_recovery_v1,primary_physiology_response_lag_s,ridge_recovery_probe,rmse_s,8.476826043153423,lower,True,48,2.0,False
43,naive_time_sync,clock_drift_+250ppm,sim_clock_lag_recovery_v1,primary_physiology_response_lag_s,ridge_recovery_probe,tolerance_hit_rate,0.0,higher,True,48,2.0,False
43,naive_time_sync,clock_drift_+250ppm,sim_clock_lag_recovery_v1,primary_physiology_response_lag_s,ridge_recovery_probe,spearman,-0.12732816929223148,higher,True,48,2.0,False
43,naive_time_sync,random_missing_00pct,sim_clock_lag_recovery_v1,relative_clock_offset_magnitude_s,ridge_recovery_probe,mae_s,0.9799133585765958,lower,True,48,0.5,False
43,naive_time_sync,random_missing_00pct,sim_clock_lag_recovery_v1,relative_clock_offset_magnitude_s,ridge_recovery_probe,rmse_s,0.9897024383058284,lower,True,48,0.5,False
43,naive_time_sync,random_missing_00pct,sim_clock_lag_recovery_v1,relative_clock_offset_magnitude_s,ridge_recovery_probe,tolerance_hit_rate,0.0,higher,True,48,0.5,False
43,naive_time_sync,random_missing_00pct,sim_clock_lag_recovery_v1,relative_clock_offset_magnitude_s,ridge_recovery_probe,spearman,,higher,False,48,0.5,False
43,naive_time_sync,random_missing_00pct,sim_clock_lag_recovery_v1,primary_physiology_response_lag_s,ridge_recovery_probe,mae_s,6.369693518443256,lower,True,48,2.0,False
43,naive_time_sync,random_missing_00pct,sim_clock_lag_recovery_v1,primary_physiology_response_lag_s,ridge_recovery_probe,rmse_s,7.786453968342079,lower,True,48,2.0,False
43,naive_time_sync,random_missing_00pct,sim_clock_lag_recovery_v1,primary_physiology_response_lag_s,ridge_recovery_probe,tolerance_hit_rate,0.16666666666666666,higher,True,48,2.0,False
43,naive_time_sync,random_missing_00pct,sim_clock_lag_recovery_v1,primary_physiology_response_lag_s,ridge_recovery_probe,spearman,-0.12798450006177906,higher,True,48,2.0,False
43,naive_time_sync,random_missing_10pct,sim_clock_lag_recovery_v1,relative_clock_offset_magnitude_s,ridge_recovery_probe,mae_s,1.1480268680800993,lower,True,48,0.5,False
43,naive_time_sync,random_missing_10pct,sim_clock_lag_recovery_v1,relative_clock_offset_magnitude_s,ridge_recovery_probe,rmse_s,1.1572005118373723,lower,True,48,0.5,False
43,naive_time_sync,random_missing_10pct,sim_clock_lag_recovery_v1,relative_clock_offset_magnitude_s,ridge_recovery_probe,tolerance_hit_rate,0.0,higher,True,48,0.5,False
43,naive_time_sync,random_missing_10pct,sim_clock_lag_recovery_v1,relative_clock_offset_magnitude_s,ridge_recovery_probe,spearman,,higher,False,48,0.5,False
43,naive_time_sync,random_missing_10pct,sim_clock_lag_recovery_v1,primary_physiology_response_lag_s,ridge_recovery_probe,mae_s,7.1358795471622045,lower,True,48,2.0,False
43,naive_time_sync,random_missing_10pct,sim_clock_lag_recovery_v1,primary_physiology_response_lag_s,ridge_recovery_probe,rmse_s,8.534561581492376,lower,True,48,2.0,False
43,naive_time_sync,random_missing_10pct,sim_clock_lag_recovery_v1,primary_physiology_response_lag_s,ridge_recovery_probe,tolerance_hit_rate,0.020833333333333332,higher,True,48,2.0,False
43,naive_time_sync,random_missing_10pct,sim_clock_lag_recovery_v1,primary_physiology_response_lag_s,ridge_recovery_probe,spearman,-0.112232561592637,higher,True,48,2.0,False
43,naive_time_sync,random_missing_30pct,sim_clock_lag_recovery_v1,relative_clock_offset_magnitude_s,ridge_recovery_probe,mae_s,1.570714480554064,lower,True,48,0.5,False
43,naive_time_sync,random_missing_30pct,sim_clock_lag_recovery_v1,relative_clock_offset_magnitude_s,ridge_recovery_probe,rmse_s,1.5774441253605476,lower,True,48,0.5,False
43,naive_time_sync,random_missing_30pct,sim_clock_lag_recovery_v1,relative_clock_offset_magnitude_s,ridge_recovery_probe,tolerance_hit_rate,0.0,higher,True,48,0.5,False
43,naive_time_sync,random_missing_30pct,sim_clock_lag_recovery_v1,relative_clock_offset_magnitude_s,ridge_recovery_probe,spearman,,higher,False,48,0.5,False
43,naive_time_sync,random_missing_30pct,sim_clock_lag_recovery_v1,primary_physiology_response_lag_s,ridge_recovery_probe,mae_s,9.173805639906078,lower,True,48,2.0,False
43,naive_time_sync,random_missing_30pct,sim_clock_lag_recovery_v1,primary_physiology_response_lag_s,ridge_recovery_probe,rmse_s,10.703254220105313,lower,True,48,2.0,False
43,naive_time_sync,random_missing_30pct,sim_clock_lag_recovery_v1,primary_physiology_response_lag_s,ridge_recovery_probe,tolerance_hit_rate,0.125,higher,True,48,2.0,False
43,naive_time_sync,random_missing_30pct,sim_clock_lag_recovery_v1,primary_physiology_response_lag_s,ridge_recovery_probe,spearman,-0.13192248467906456,higher,True,48,2.0,False
43,naive_time_sync,random_missing_50pct,sim_clock_lag_recovery_v1,relative_clock_offset_magnitude_s,ridge_recovery_probe,mae_s,2.23417473398149,lower,True,48,0.5,False
43,naive_time_sync,random_missing_50pct,sim_clock_lag_recovery_v1,relative_clock_offset_magnitude_s,ridge_recovery_probe,rmse_s,2.2390780070584144,lower,True,48,0.5,False
43,naive_time_sync,random_missing_50pct,sim_clock_lag_recovery_v1,relative_clock_offset_magnitude_s,ridge_recovery_probe,tolerance_hit_rate,0.0,higher,True,48,0.5,False
43,naive_time_sync,random_missing_50pct,sim_clock_lag_recovery_v1,relative_clock_offset_magnitude_s,ridge_recovery_probe,spearman,,higher,False,48,0.5,False
43,naive_time_sync,random_missing_50pct,sim_clock_lag_recovery_v1,primary_physiology_response_lag_s,ridge_recovery_probe,mae_s,13.167236093639815,lower,True,48,2.0,False
43,naive_time_sync,random_missing_50pct,sim_clock_lag_recovery_v1,primary_physiology_response_lag_s,ridge_recovery_probe,rmse_s,14.324398900753431,lower,True,48,2.0,False
43,naive_time_sync,random_missing_50pct,sim_clock_lag_recovery_v1,primary_physiology_response_lag_s,ridge_recovery_probe,tolerance_hit_rate,0.0,higher,True,48,2.0,False
43,naive_time_sync,random_missing_50pct,sim_clock_lag_recovery_v1,primary_physiology_response_lag_s,ridge_recovery_probe,spearman,-0.14964341545684937,higher,True,48,2.0,False
43,naive_time_sync,contiguous_gap_00s,sim_clock_lag_recovery_v1,relative_clock_offset_magnitude_s,ridge_recovery_probe,mae_s,0.9799133585765958,lower,True,48,0.5,False
43,naive_time_sync,contiguous_gap_00s,sim_clock_lag_recovery_v1,relative_clock_offset_magnitude_s,ridge_recovery_probe,rmse_s,0.9897024383058284,lower,True,48,0.5,False
43,naive_time_sync,contiguous_gap_00s,sim_clock_lag_recovery_v1,relative_clock_offset_magnitude_s,ridge_recovery_probe,tolerance_hit_rate,0.0,higher,True,48,0.5,False
43,naive_time_sync,contiguous_gap_00s,sim_clock_lag_recovery_v1,relative_clock_offset_magnitude_s,ridge_recovery_probe,spearman,,higher,False,48,0.5,False
43,naive_time_sync,contiguous_gap_00s,sim_clock_lag_recovery_v1,primary_physiology_response_lag_s,ridge_recovery_probe,mae_s,6.369693518443256,lower,True,48,2.0,False
43,naive_time_sync,contiguous_gap_00s,sim_clock_lag_recovery_v1,primary_physiology_response_lag_s,ridge_recovery_probe,rmse_s,7.786453968342079,lower,True,48,2.0,False
43,naive_time_sync,contiguous_gap_00s,sim_clock_lag_recovery_v1,primary_physiology_response_lag_s,ridge_recovery_probe,tolerance_hit_rate,0.16666666666666666,higher,True,48,2.0,False
43,naive_time_sync,contiguous_gap_00s,sim_clock_lag_recovery_v1,primary_physiology_response_lag_s,ridge_recovery_probe,spearman,-0.12798450006177906,higher,True,48,2.0,False
43,naive_time_sync,contiguous_gap_05s,sim_clock_lag_recovery_v1,relative_clock_offset_magnitude_s,ridge_recovery_probe,mae_s,1.3126351380099852,lower,True,48,0.5,False
43,naive_time_sync,contiguous_gap_05s,sim_clock_lag_recovery_v1,relative_clock_offset_magnitude_s,ridge_recovery_probe,rmse_s,1.3257294194562192,lower,True,48,0.5,False
43,naive_time_sync,contiguous_gap_05s,sim_clock_lag_recovery_v1,relative_clock_offset_magnitude_s,ridge_recovery_probe,tolerance_hit_rate,0.0,higher,True,48,0.5,False
43,naive_time_sync,contiguous_gap_05s,sim_clock_lag_recovery_v1,relative_clock_offset_magnitude_s,ridge_recovery_probe,spearman,,higher,False,48,0.5,False
43,naive_time_sync,contiguous_gap_05s,sim_clock_lag_recovery_v1,primary_physiology_response_lag_s,ridge_recovery_probe,mae_s,7.72183712896044,lower,True,48,2.0,False
43,naive_time_sync,contiguous_gap_05s,sim_clock_lag_recovery_v1,primary_physiology_response_lag_s,ridge_recovery_probe,rmse_s,9.18527876324157,lower,True,48,2.0,False
43,naive_time_sync,contiguous_gap_05s,sim_clock_lag_recovery_v1,primary_physiology_response_lag_s,ridge_recovery_probe,tolerance_hit_rate,0.0625,higher,True,48,2.0,False
43,naive_time_sync,contiguous_gap_05s,sim_clock_lag_recovery_v1,primary_physiology_response_lag_s,ridge_recovery_probe,spearman,-0.147018092378659,higher,True,48,2.0,False
43,naive_time_sync,contiguous_gap_15s,sim_clock_lag_recovery_v1,relative_clock_offset_magnitude_s,ridge_recovery_probe,mae_s,2.645986528135836,lower,True,48,0.5,False
43,naive_time_sync,contiguous_gap_15s,sim_clock_lag_recovery_v1,relative_clock_offset_magnitude_s,ridge_recovery_probe,rmse_s,2.6751472221843846,lower,True,48,0.5,False
43,naive_time_sync,contiguous_gap_15s,sim_clock_lag_recovery_v1,relative_clock_offset_magnitude_s,ridge_recovery_probe,tolerance_hit_rate,0.0,higher,True,48,0.5,False
43,naive_time_sync,contiguous_gap_15s,sim_clock_lag_recovery_v1,relative_clock_offset_magnitude_s,ridge_recovery_probe,spearman,,higher,False,48,0.5,False
43,naive_time_sync,contiguous_gap_15s,sim_clock_lag_recovery_v1,primary_physiology_response_lag_s,ridge_recovery_probe,mae_s,14.666352648496115,lower,True,48,2.0,False
43,naive_time_sync,contiguous_gap_15s,sim_clock_lag_recovery_v1,primary_physiology_response_lag_s,ridge_recovery_probe,rmse_s,15.862976752304201,lower,True,48,2.0,False
43,naive_time_sync,contiguous_gap_15s,sim_clock_lag_recovery_v1,primary_physiology_response_lag_s,ridge_recovery_probe,tolerance_hit_rate,0.0,higher,True,48,2.0,False
43,naive_time_sync,contiguous_gap_15s,sim_clock_lag_recovery_v1,primary_physiology_response_lag_s,ridge_recovery_probe,spearman,-0.22380879241572643,higher,True,48,2.0,False
43,naive_time_sync,contiguous_gap_30s,sim_clock_lag_recovery_v1,relative_clock_offset_magnitude_s,ridge_recovery_probe,mae_s,4.540576392474274,lower,True,48,0.5,False
43,naive_time_sync,contiguous_gap_30s,sim_clock_lag_recovery_v1,relative_clock_offset_magnitude_s,ridge_recovery_probe,rmse_s,4.6404377217930834,lower,True,48,0.5,False
43,naive_time_sync,contiguous_gap_30s,sim_clock_lag_recovery_v1,relative_clock_offset_magnitude_s,ridge_recovery_probe,tolerance_hit_rate,0.0,higher,True,48,0.5,False
43,naive_time_sync,contiguous_gap_30s,sim_clock_lag_recovery_v1,relative_clock_offset_magnitude_s,ridge_recovery_probe,spearman,,higher,False,48,0.5,False
43,naive_time_sync,contiguous_gap_30s,sim_clock_lag_recovery_v1,primary_physiology_response_lag_s,ridge_recovery_probe,mae_s,25.66714651282577,lower,True,48,2.0,False
43,naive_time_sync,contiguous_gap_30s,sim_clock_lag_recovery_v1,primary_physiology_response_lag_s,ridge_recovery_probe,rmse_s,26.62926324387907,lower,True,48,2.0,False
43,naive_time_sync,contiguous_gap_30s,sim_clock_lag_recovery_v1,primary_physiology_response_lag_s,ridge_recovery_probe,tolerance_hit_rate,0.0,higher,True,48,2.0,False
43,naive_time_sync,contiguous_gap_30s,sim_clock_lag_recovery_v1,primary_physiology_response_lag_s,ridge_recovery_probe,spearman,0.031503876938284076,higher,True,48,2.0,False
43,naive_time_sync,physiology_lag_02s,sim_clock_lag_recovery_v1,relative_clock_offset_magnitude_s,ridge_recovery_probe,mae_s,0.9752501382802924,lower,True,48,0.5,False
43,naive_time_sync,physiology_lag_02s,sim_clock_lag_recovery_v1,relative_clock_offset_magnitude_s,ridge_recovery_probe,rmse_s,0.985106288078938,lower,True,48,0.5,False
43,naive_time_sync,physiology_lag_02s,sim_clock_lag_recovery_v1,relative_clock_offset_magnitude_s,ridge_recovery_probe,tolerance_hit_rate,0.0,higher,True,48,0.5,False
43,naive_time_sync,physiology_lag_02s,sim_clock_lag_recovery_v1,relative_clock_offset_magnitude_s,ridge_recovery_probe,spearman,,higher,False,48,0.5,False
43,naive_time_sync,physiology_lag_02s,sim_clock_lag_recovery_v1,primary_physiology_response_lag_s,ridge_recovery_probe,mae_s,5.076907183509904,lower,True,48,2.0,False
43,naive_time_sync,physiology_lag_02s,sim_clock_lag_recovery_v1,primary_physiology_response_lag_s,ridge_recovery_probe,rmse_s,6.587859864721067,lower,True,48,2.0,False
43,naive_time_sync,physiology_lag_02s,sim_clock_lag_recovery_v1,primary_physiology_response_lag_s,ridge_recovery_probe,tolerance_hit_rate,0.375,higher,True,48,2.0,False
43,naive_time_sync,physiology_lag_02s,sim_clock_lag_recovery_v1,primary_physiology_response_lag_s,ridge_recovery_probe,spearman,-0.1214211923663032,higher,True,48,2.0,False
43,naive_time_sync,physiology_lag_05s,sim_clock_lag_recovery_v1,relative_clock_offset_magnitude_s,ridge_recovery_probe,mae_s,0.9676413436730703,lower,True,48,0.5,False
43,naive_time_sync,physiology_lag_05s,sim_clock_lag_recovery_v1,relative_clock_offset_magnitude_s,ridge_recovery_probe,rmse_s,0.9775490955576873,lower,True,48,0.5,False
43,naive_time_sync,physiology_lag_05s,sim_clock_lag_recovery_v1,relative_clock_offset_magnitude_s,ridge_recovery_probe,tolerance_hit_rate,0.0,higher,True,48,0.5,False
43,naive_time_sync,physiology_lag_05s,sim_clock_lag_recovery_v1,relative_clock_offset_magnitude_s,ridge_recovery_probe,spearman,,higher,False,48,0.5,False
43,naive_time_sync,physiology_lag_05s,sim_clock_lag_recovery_v1,primary_physiology_response_lag_s,ridge_recovery_probe,mae_s,4.705706025892802,lower,True,48,2.0,False
43,naive_time_sync,physiology_lag_05s,sim_clock_lag_recovery_v1,primary_physiology_response_lag_s,ridge_recovery_probe,rmse_s,5.600691095584243,lower,True,48,2.0,False
43,naive_time_sync,physiology_lag_05s,sim_clock_lag_recovery_v1,primary_physiology_response_lag_s,ridge_recovery_probe,tolerance_hit_rate,0.22916666666666666,higher,True,48,2.0,False
43,naive_time_sync,physiology_lag_05s,sim_clock_lag_recovery_v1,primary_physiology_response_lag_s,ridge_recovery_probe,spearman,-0.11485788467082736,higher,True,48,2.0,False
43,naive_time_sync,physiology_lag_15s,sim_clock_lag_recovery_v1,relative_clock_offset_magnitude_s,ridge_recovery_probe,mae_s,0.9618795787294706,lower,True,48,0.5,False
43,naive_time_sync,physiology_lag_15s,sim_clock_lag_recovery_v1,relative_clock_offset_magnitude_s,ridge_recovery_probe,rmse_s,0.97179657582713,lower,True,48,0.5,False
43,naive_time_sync,physiology_lag_15s,sim_clock_lag_recovery_v1,relative_clock_offset_magnitude_s,ridge_recovery_probe,tolerance_hit_rate,0.0,higher,True,48,0.5,False
43,naive_time_sync,physiology_lag_15s,sim_clock_lag_recovery_v1,relative_clock_offset_magnitude_s,ridge_recovery_probe,spearman,,higher,False,48,0.5,False
43,naive_time_sync,physiology_lag_15s,sim_clock_lag_recovery_v1,primary_physiology_response_lag_s,ridge_recovery_probe,mae_s,8.926946680784736,lower,True,48,2.0,False
43,naive_time_sync,physiology_lag_15s,sim_clock_lag_recovery_v1,primary_physiology_response_lag_s,ridge_recovery_probe,rmse_s,10.458267643949798,lower,True,48,2.0,False
43,naive_time_sync,physiology_lag_15s,sim_clock_lag_recovery_v1,primary_physiology_response_lag_s,ridge_recovery_probe,tolerance_hit_rate,0.14583333333333334,higher,True,48,2.0,False
43,naive_time_sync,physiology_lag_15s,sim_clock_lag_recovery_v1,primary_physiology_response_lag_s,ridge_recovery_probe,spearman,-0.10763824620580394,higher,True,48,2.0,False
43,naive_time_sync,physiology_lag_30s,sim_clock_lag_recovery_v1,relative_clock_offset_magnitude_s,ridge_recovery_probe,mae_s,1.0085973758250475,lower,True,48,0.5,False
43,naive_time_sync,physiology_lag_30s,sim_clock_lag_recovery_v1,relative_clock_offset_magnitude_s,ridge_recovery_probe,rmse_s,1.0169685711071628,lower,True,48,0.5,False
43,naive_time_sync,physiology_lag_30s,sim_clock_lag_recovery_v1,relative_clock_offset_magnitude_s,ridge_recovery_probe,tolerance_hit_rate,0.0,higher,True,48,0.5,False
43,naive_time_sync,physiology_lag_30s,sim_clock_lag_recovery_v1,relative_clock_offset_magnitude_s,ridge_recovery_probe,spearman,,higher,False,48,0.5,False
43,naive_time_sync,physiology_lag_30s,sim_clock_lag_recovery_v1,primary_physiology_response_lag_s,ridge_recovery_probe,mae_s,23.162998041550832,lower,True,48,2.0,False
43,naive_time_sync,physiology_lag_30s,sim_clock_lag_recovery_v1,primary_physiology_response_lag_s,ridge_recovery_probe,rmse_s,23.785586046385898,lower,True,48,2.0,False
43,naive_time_sync,physiology_lag_30s,sim_clock_lag_recovery_v1,primary_physiology_response_lag_s,ridge_recovery_probe,tolerance_hit_rate,0.0,higher,True,48,2.0,False
43,naive_time_sync,physiology_lag_30s,sim_clock_lag_recovery_v1,primary_physiology_response_lag_s,ridge_recovery_probe,spearman,-0.10763824620580394,higher,True,48,2.0,False
43,naive_time_sync,observation_snr_30db,sim_clock_lag_recovery_v1,relative_clock_offset_magnitude_s,ridge_recovery_probe,mae_s,0.9799133585765958,lower,True,48,0.5,False
43,naive_time_sync,observation_snr_30db,sim_clock_lag_recovery_v1,relative_clock_offset_magnitude_s,ridge_recovery_probe,rmse_s,0.9897024383058284,lower,True,48,0.5,False
43,naive_time_sync,observation_snr_30db,sim_clock_lag_recovery_v1,relative_clock_offset_magnitude_s,ridge_recovery_probe,tolerance_hit_rate,0.0,higher,True,48,0.5,False
43,naive_time_sync,observation_snr_30db,sim_clock_lag_recovery_v1,relative_clock_offset_magnitude_s,ridge_recovery_probe,spearman,,higher,False,48,0.5,False
43,naive_time_sync,observation_snr_30db,sim_clock_lag_recovery_v1,primary_physiology_response_lag_s,ridge_recovery_probe,mae_s,6.369693518443256,lower,True,48,2.0,False
43,naive_time_sync,observation_snr_30db,sim_clock_lag_recovery_v1,primary_physiology_response_lag_s,ridge_recovery_probe,rmse_s,7.786453968342079,lower,True,48,2.0,False
43,naive_time_sync,observation_snr_30db,sim_clock_lag_recovery_v1,primary_physiology_response_lag_s,ridge_recovery_probe,tolerance_hit_rate,0.16666666666666666,higher,True,48,2.0,False
43,naive_time_sync,observation_snr_30db,sim_clock_lag_recovery_v1,primary_physiology_response_lag_s,ridge_recovery_probe,spearman,-0.12798450006177906,higher,True,48,2.0,False
43,naive_time_sync,observation_snr_20db,sim_clock_lag_recovery_v1,relative_clock_offset_magnitude_s,ridge_recovery_probe,mae_s,0.9797285385429859,lower,True,48,0.5,False
43,naive_time_sync,observation_snr_20db,sim_clock_lag_recovery_v1,relative_clock_offset_magnitude_s,ridge_recovery_probe,rmse_s,0.9894210283653551,lower,True,48,0.5,False
43,naive_time_sync,observation_snr_20db,sim_clock_lag_recovery_v1,relative_clock_offset_magnitude_s,ridge_recovery_probe,tolerance_hit_rate,0.0,higher,True,48,0.5,False
43,naive_time_sync,observation_snr_20db,sim_clock_lag_recovery_v1,relative_clock_offset_magnitude_s,ridge_recovery_probe,spearman,,higher,False,48,0.5,False
43,naive_time_sync,observation_snr_20db,sim_clock_lag_recovery_v1,primary_physiology_response_lag_s,ridge_recovery_probe,mae_s,6.372174581650246,lower,True,48,2.0,False
43,naive_time_sync,observation_snr_20db,sim_clock_lag_recovery_v1,primary_physiology_response_lag_s,ridge_recovery_probe,rmse_s,7.788243643571716,lower,True,48,2.0,False
43,naive_time_sync,observation_snr_20db,sim_clock_lag_recovery_v1,primary_physiology_response_lag_s,ridge_recovery_probe,tolerance_hit_rate,0.16666666666666666,higher,True,48,2.0,False
43,naive_time_sync,observation_snr_20db,sim_clock_lag_recovery_v1,primary_physiology_response_lag_s,ridge_recovery_probe,spearman,-0.13586046929635007,higher,True,48,2.0,False
43,naive_time_sync,observation_snr_10db,sim_clock_lag_recovery_v1,relative_clock_offset_magnitude_s,ridge_recovery_probe,mae_s,0.9810263983284434,lower,True,48,0.5,False
43,naive_time_sync,observation_snr_10db,sim_clock_lag_recovery_v1,relative_clock_offset_magnitude_s,ridge_recovery_probe,rmse_s,0.990481198708254,lower,True,48,0.5,False
43,naive_time_sync,observation_snr_10db,sim_clock_lag_recovery_v1,relative_clock_offset_magnitude_s,ridge_recovery_probe,tolerance_hit_rate,0.0,higher,True,48,0.5,False
43,naive_time_sync,observation_snr_10db,sim_clock_lag_recovery_v1,relative_clock_offset_magnitude_s,ridge_recovery_probe,spearman,,higher,False,48,0.5,False
43,naive_time_sync,observation_snr_10db,sim_clock_lag_recovery_v1,primary_physiology_response_lag_s,ridge_recovery_probe,mae_s,6.387740523381382,lower,True,48,2.0,False
43,naive_time_sync,observation_snr_10db,sim_clock_lag_recovery_v1,primary_physiology_response_lag_s,ridge_recovery_probe,rmse_s,7.80510493319624,lower,True,48,2.0,False
43,naive_time_sync,observation_snr_10db,sim_clock_lag_recovery_v1,primary_physiology_response_lag_s,ridge_recovery_probe,tolerance_hit_rate,0.1875,higher,True,48,2.0,False
43,naive_time_sync,observation_snr_10db,sim_clock_lag_recovery_v1,primary_physiology_response_lag_s,ridge_recovery_probe,spearman,-0.14439276930046865,higher,True,48,2.0,False
43,naive_time_sync,observation_snr_05db,sim_clock_lag_recovery_v1,relative_clock_offset_magnitude_s,ridge_recovery_probe,mae_s,0.983135061028103,lower,True,48,0.5,False
43,naive_time_sync,observation_snr_05db,sim_clock_lag_recovery_v1,relative_clock_offset_magnitude_s,ridge_recovery_probe,rmse_s,0.9925471788456584,lower,True,48,0.5,False
43,naive_time_sync,observation_snr_05db,sim_clock_lag_recovery_v1,relative_clock_offset_magnitude_s,ridge_recovery_probe,tolerance_hit_rate,0.0,higher,True,48,0.5,False
43,naive_time_sync,observation_snr_05db,sim_clock_lag_recovery_v1,relative_clock_offset_magnitude_s,ridge_recovery_probe,spearman,,higher,False,48,0.5,False
43,naive_time_sync,observation_snr_05db,sim_clock_lag_recovery_v1,primary_physiology_response_lag_s,ridge_recovery_probe,mae_s,6.4086846021447075,lower,True,48,2.0,False
43,naive_time_sync,observation_snr_05db,sim_clock_lag_recovery_v1,primary_physiology_response_lag_s,ridge_recovery_probe,rmse_s,7.829891008649868,lower,True,48,2.0,False
43,naive_time_sync,observation_snr_05db,sim_clock_lag_recovery_v1,primary_physiology_response_lag_s,ridge_recovery_probe,tolerance_hit_rate,0.1875,higher,True,48,2.0,False
43,naive_time_sync,observation_snr_05db,sim_clock_lag_recovery_v1,primary_physiology_response_lag_s,ridge_recovery_probe,spearman,-0.15751938469142038,higher,True,48,2.0,False
43,naive_time_sync,mixed_severe,sim_clock_lag_recovery_v1,relative_clock_offset_magnitude_s,ridge_recovery_probe,mae_s,2.640908778645098,lower,True,48,0.5,False
43,naive_time_sync,mixed_severe,sim_clock_lag_recovery_v1,relative_clock_offset_magnitude_s,ridge_recovery_probe,rmse_s,2.6586708309335716,lower,True,48,0.5,False
43,naive_time_sync,mixed_severe,sim_clock_lag_recovery_v1,relative_clock_offset_magnitude_s,ridge_recovery_probe,tolerance_hit_rate,0.0,higher,True,48,0.5,False
43,naive_time_sync,mixed_severe,sim_clock_lag_recovery_v1,relative_clock_offset_magnitude_s,ridge_recovery_probe,spearman,,higher,False,48,0.5,False
43,naive_time_sync,mixed_severe,sim_clock_lag_recovery_v1,primary_physiology_response_lag_s,ridge_recovery_probe,mae_s,9.547176537581732,lower,True,48,2.0,False
43,naive_time_sync,mixed_severe,sim_clock_lag_recovery_v1,primary_physiology_response_lag_s,ridge_recovery_probe,rmse_s,11.247799490255712,lower,True,48,2.0,False
43,naive_time_sync,mixed_severe,sim_clock_lag_recovery_v1,primary_physiology_response_lag_s,ridge_recovery_probe,tolerance_hit_rate,0.125,higher,True,48,2.0,False
43,naive_time_sync,mixed_severe,sim_clock_lag_recovery_v1,primary_physiology_response_lag_s,ridge_recovery_probe,spearman,-0.22052713856798853,higher,True,48,2.0,False
43,mult,timestamp_jitter_000ms,sim_clock_lag_recovery_v1,relative_clock_offset_magnitude_s,ridge_recovery_probe,mae_s,0.25863209801415604,lower,True,48,0.5,False
43,mult,timestamp_jitter_000ms,sim_clock_lag_recovery_v1,relative_clock_offset_magnitude_s,ridge_recovery_probe,rmse_s,0.3589852360433936,lower,True,48,0.5,False
43,mult,timestamp_jitter_000ms,sim_clock_lag_recovery_v1,relative_clock_offset_magnitude_s,ridge_recovery_probe,tolerance_hit_rate,0.875,higher,True,48,0.5,False
43,mult,timestamp_jitter_000ms,sim_clock_lag_recovery_v1,relative_clock_offset_magnitude_s,ridge_recovery_probe,spearman,,higher,False,48,0.5,False
43,mult,timestamp_jitter_000ms,sim_clock_lag_recovery_v1,primary_physiology_response_lag_s,ridge_recovery_probe,mae_s,4.166661306415047,lower,True,48,2.0,False
43,mult,timestamp_jitter_000ms,sim_clock_lag_recovery_v1,primary_physiology_response_lag_s,ridge_recovery_probe,rmse_s,5.328943813613737,lower,True,48,2.0,False
43,mult,timestamp_jitter_000ms,sim_clock_lag_recovery_v1,primary_physiology_response_lag_s,ridge_recovery_probe,tolerance_hit_rate,0.3333333333333333,higher,True,48,2.0,False
43,mult,timestamp_jitter_000ms,sim_clock_lag_recovery_v1,primary_physiology_response_lag_s,ridge_recovery_probe,spearman,0.591354023362374,higher,True,48,2.0,False
43,mult,timestamp_jitter_020ms,sim_clock_lag_recovery_v1,relative_clock_offset_magnitude_s,ridge_recovery_probe,mae_s,0.3674719277769327,lower,True,48,0.5,False
43,mult,timestamp_jitter_020ms,sim_clock_lag_recovery_v1,relative_clock_offset_magnitude_s,ridge_recovery_probe,rmse_s,0.46861647106370735,lower,True,48,0.5,False
43,mult,timestamp_jitter_020ms,sim_clock_lag_recovery_v1,relative_clock_offset_magnitude_s,ridge_recovery_probe,tolerance_hit_rate,0.75,higher,True,48,0.5,False
43,mult,timestamp_jitter_020ms,sim_clock_lag_recovery_v1,relative_clock_offset_magnitude_s,ridge_recovery_probe,spearman,,higher,False,48,0.5,False
43,mult,timestamp_jitter_020ms,sim_clock_lag_recovery_v1,primary_physiology_response_lag_s,ridge_recovery_probe,mae_s,5.345156777433632,lower,True,48,2.0,False
43,mult,timestamp_jitter_020ms,sim_clock_lag_recovery_v1,primary_physiology_response_lag_s,ridge_recovery_probe,rmse_s,6.595024502546078,lower,True,48,2.0,False
43,mult,timestamp_jitter_020ms,sim_clock_lag_recovery_v1,primary_physiology_response_lag_s,ridge_recovery_probe,tolerance_hit_rate,0.25,higher,True,48,2.0,False
43,mult,timestamp_jitter_020ms,sim_clock_lag_recovery_v1,primary_physiology_response_lag_s,ridge_recovery_probe,spearman,0.5559121618068044,higher,True,48,2.0,False
43,mult,timestamp_jitter_050ms,sim_clock_lag_recovery_v1,relative_clock_offset_magnitude_s,ridge_recovery_probe,mae_s,0.4036659107853969,lower,True,48,0.5,False
43,mult,timestamp_jitter_050ms,sim_clock_lag_recovery_v1,relative_clock_offset_magnitude_s,ridge_recovery_probe,rmse_s,0.49961839124968305,lower,True,48,0.5,False
43,mult,timestamp_jitter_050ms,sim_clock_lag_recovery_v1,relative_clock_offset_magnitude_s,ridge_recovery_probe,tolerance_hit_rate,0.7291666666666666,higher,True,48,0.5,False
43,mult,timestamp_jitter_050ms,sim_clock_lag_recovery_v1,relative_clock_offset_magnitude_s,ridge_recovery_probe,spearman,,higher,False,48,0.5,False
43,mult,timestamp_jitter_050ms,sim_clock_lag_recovery_v1,primary_physiology_response_lag_s,ridge_recovery_probe,mae_s,5.522657760512907,lower,True,48,2.0,False
43,mult,timestamp_jitter_050ms,sim_clock_lag_recovery_v1,primary_physiology_response_lag_s,ridge_recovery_probe,rmse_s,6.79529941193662,lower,True,48,2.0,False
43,mult,timestamp_jitter_050ms,sim_clock_lag_recovery_v1,primary_physiology_response_lag_s,ridge_recovery_probe,tolerance_hit_rate,0.25,higher,True,48,2.0,False
43,mult,timestamp_jitter_050ms,sim_clock_lag_recovery_v1,primary_physiology_response_lag_s,ridge_recovery_probe,spearman,0.556568492576352,higher,True,48,2.0,False
43,mult,timestamp_jitter_100ms,sim_clock_lag_recovery_v1,relative_clock_offset_magnitude_s,ridge_recovery_probe,mae_s,0.44134715137382347,lower,True,48,0.5,False
43,mult,timestamp_jitter_100ms,sim_clock_lag_recovery_v1,relative_clock_offset_magnitude_s,ridge_recovery_probe,rmse_s,0.5334350307763166,lower,True,48,0.5,False
43,mult,timestamp_jitter_100ms,sim_clock_lag_recovery_v1,relative_clock_offset_magnitude_s,ridge_recovery_probe,tolerance_hit_rate,0.6666666666666666,higher,True,48,0.5,False
43,mult,timestamp_jitter_100ms,sim_clock_lag_recovery_v1,relative_clock_offset_magnitude_s,ridge_recovery_probe,spearman,,higher,False,48,0.5,False
43,mult,timestamp_jitter_100ms,sim_clock_lag_recovery_v1,primary_physiology_response_lag_s,ridge_recovery_probe,mae_s,5.699742481839095,lower,True,48,2.0,False
43,mult,timestamp_jitter_100ms,sim_clock_lag_recovery_v1,primary_physiology_response_lag_s,ridge_recovery_probe,rmse_s,7.012584375433006,lower,True,48,2.0,False
43,mult,timestamp_jitter_100ms,sim_clock_lag_recovery_v1,primary_physiology_response_lag_s,ridge_recovery_probe,tolerance_hit_rate,0.20833333333333334,higher,True,48,2.0,False
43,mult,timestamp_jitter_100ms,sim_clock_lag_recovery_v1,primary_physiology_response_lag_s,ridge_recovery_probe,spearman,0.545410869494043,higher,True,48,2.0,False
43,mult,clock_offset_+0.00s,sim_clock_lag_recovery_v1,relative_clock_offset_magnitude_s,ridge_recovery_probe,mae_s,0.25863209801415604,lower,True,48,0.5,False
43,mult,clock_offset_+0.00s,sim_clock_lag_recovery_v1,relative_clock_offset_magnitude_s,ridge_recovery_probe,rmse_s,0.3589852360433936,lower,True,48,0.5,False
43,mult,clock_offset_+0.00s,sim_clock_lag_recovery_v1,relative_clock_offset_magnitude_s,ridge_recovery_probe,tolerance_hit_rate,0.875,higher,True,48,0.5,False
43,mult,clock_offset_+0.00s,sim_clock_lag_recovery_v1,relative_clock_offset_magnitude_s,ridge_recovery_probe,spearman,,higher,False,48,0.5,False
43,mult,clock_offset_+0.00s,sim_clock_lag_recovery_v1,primary_physiology_response_lag_s,ridge_recovery_probe,mae_s,4.166661306415047,lower,True,48,2.0,False
43,mult,clock_offset_+0.00s,sim_clock_lag_recovery_v1,primary_physiology_response_lag_s,ridge_recovery_probe,rmse_s,5.328943813613737,lower,True,48,2.0,False
43,mult,clock_offset_+0.00s,sim_clock_lag_recovery_v1,primary_physiology_response_lag_s,ridge_recovery_probe,tolerance_hit_rate,0.3333333333333333,higher,True,48,2.0,False
43,mult,clock_offset_+0.00s,sim_clock_lag_recovery_v1,primary_physiology_response_lag_s,ridge_recovery_probe,spearman,0.591354023362374,higher,True,48,2.0,False
43,mult,clock_offset_-0.25s,sim_clock_lag_recovery_v1,relative_clock_offset_magnitude_s,ridge_recovery_probe,mae_s,0.39756765961647034,lower,True,48,0.5,False
43,mult,clock_offset_-0.25s,sim_clock_lag_recovery_v1,relative_clock_offset_magnitude_s,ridge_recovery_probe,rmse_s,0.468948018082085,lower,True,48,0.5,False
43,mult,clock_offset_-0.25s,sim_clock_lag_recovery_v1,relative_clock_offset_magnitude_s,ridge_recovery_probe,tolerance_hit_rate,0.75,higher,True,48,0.5,False
43,mult,clock_offset_-0.25s,sim_clock_lag_recovery_v1,relative_clock_offset_magnitude_s,ridge_recovery_probe,spearman,,higher,False,48,0.5,False
43,mult,clock_offset_-0.25s,sim_clock_lag_recovery_v1,primary_physiology_response_lag_s,ridge_recovery_probe,mae_s,4.143688003512676,lower,True,48,2.0,False
43,mult,clock_offset_-0.25s,sim_clock_lag_recovery_v1,primary_physiology_response_lag_s,ridge_recovery_probe,rmse_s,5.301255588941087,lower,True,48,2.0,False
43,mult,clock_offset_-0.25s,sim_clock_lag_recovery_v1,primary_physiology_response_lag_s,ridge_recovery_probe,tolerance_hit_rate,0.375,higher,True,48,2.0,False
43,mult,clock_offset_-0.25s,sim_clock_lag_recovery_v1,primary_physiology_response_lag_s,ridge_recovery_probe,spearman,0.5670697848891133,higher,True,48,2.0,False
43,mult,clock_offset_+0.25s,sim_clock_lag_recovery_v1,relative_clock_offset_magnitude_s,ridge_recovery_probe,mae_s,0.3966650292277336,lower,True,48,0.5,False
43,mult,clock_offset_+0.25s,sim_clock_lag_recovery_v1,relative_clock_offset_magnitude_s,ridge_recovery_probe,rmse_s,0.46949415158373425,lower,True,48,0.5,False
43,mult,clock_offset_+0.25s,sim_clock_lag_recovery_v1,relative_clock_offset_magnitude_s,ridge_recovery_probe,tolerance_hit_rate,0.7708333333333334,higher,True,48,0.5,False
43,mult,clock_offset_+0.25s,sim_clock_lag_recovery_v1,relative_clock_offset_magnitude_s,ridge_recovery_probe,spearman,,higher,False,48,0.5,False
43,mult,clock_offset_+0.25s,sim_clock_lag_recovery_v1,primary_physiology_response_lag_s,ridge_recovery_probe,mae_s,4.192156743315707,lower,True,48,2.0,False
43,mult,clock_offset_+0.25s,sim_clock_lag_recovery_v1,primary_physiology_response_lag_s,ridge_recovery_probe,rmse_s,5.353444758781798,lower,True,48,2.0,False
43,mult,clock_offset_+0.25s,sim_clock_lag_recovery_v1,primary_physiology_response_lag_s,ridge_recovery_probe,tolerance_hit_rate,0.3541666666666667,higher,True,48,2.0,False
43,mult,clock_offset_+0.25s,sim_clock_lag_recovery_v1,primary_physiology_response_lag_s,ridge_recovery_probe,spearman,0.5651007925804706,higher,True,48,2.0,False
43,mult,clock_offset_-1.00s,sim_clock_lag_recovery_v1,relative_clock_offset_magnitude_s,ridge_recovery_probe,mae_s,0.9819257150714596,lower,True,48,0.5,False
43,mult,clock_offset_-1.00s,sim_clock_lag_recovery_v1,relative_clock_offset_magnitude_s,ridge_recovery_probe,rmse_s,1.0399956142490059,lower,True,48,0.5,False
43,mult,clock_offset_-1.00s,sim_clock_lag_recovery_v1,relative_clock_offset_magnitude_s,ridge_recovery_probe,tolerance_hit_rate,0.08333333333333333,higher,True,48,0.5,False
43,mult,clock_offset_-1.00s,sim_clock_lag_recovery_v1,relative_clock_offset_magnitude_s,ridge_recovery_probe,spearman,,higher,False,48,0.5,False
43,mult,clock_offset_-1.00s,sim_clock_lag_recovery_v1,primary_physiology_response_lag_s,ridge_recovery_probe,mae_s,4.049291686522812,lower,True,48,2.0,False
43,mult,clock_offset_-1.00s,sim_clock_lag_recovery_v1,primary_physiology_response_lag_s,ridge_recovery_probe,rmse_s,5.224982775175357,lower,True,48,2.0,False
43,mult,clock_offset_-1.00s,sim_clock_lag_recovery_v1,primary_physiology_response_lag_s,ridge_recovery_probe,tolerance_hit_rate,0.3541666666666667,higher,True,48,2.0,False
43,mult,clock_offset_-1.00s,sim_clock_lag_recovery_v1,primary_physiology_response_lag_s,ridge_recovery_probe,spearman,0.5893850310537312,higher,True,48,2.0,False
43,mult,clock_offset_+1.00s,sim_clock_lag_recovery_v1,relative_clock_offset_magnitude_s,ridge_recovery_probe,mae_s,0.9625862507770458,lower,True,48,0.5,False
43,mult,clock_offset_+1.00s,sim_clock_lag_recovery_v1,relative_clock_offset_magnitude_s,ridge_recovery_probe,rmse_s,1.0224878685928096,lower,True,48,0.5,False
43,mult,clock_offset_+1.00s,sim_clock_lag_recovery_v1,relative_clock_offset_magnitude_s,ridge_recovery_probe,tolerance_hit_rate,0.08333333333333333,higher,True,48,0.5,False
43,mult,clock_offset_+1.00s,sim_clock_lag_recovery_v1,relative_clock_offset_magnitude_s,ridge_recovery_probe,spearman,,higher,False,48,0.5,False
43,mult,clock_offset_+1.00s,sim_clock_lag_recovery_v1,primary_physiology_response_lag_s,ridge_recovery_probe,mae_s,4.329124714661537,lower,True,48,2.0,False
43,mult,clock_offset_+1.00s,sim_clock_lag_recovery_v1,primary_physiology_response_lag_s,ridge_recovery_probe,rmse_s,5.4762822949686445,lower,True,48,2.0,False
43,mult,clock_offset_+1.00s,sim_clock_lag_recovery_v1,primary_physiology_response_lag_s,ridge_recovery_probe,tolerance_hit_rate,0.2916666666666667,higher,True,48,2.0,False
43,mult,clock_offset_+1.00s,sim_clock_lag_recovery_v1,primary_physiology_response_lag_s,ridge_recovery_probe,spearman,0.5788837387409699,higher,True,48,2.0,False
43,mult,clock_offset_-3.00s,sim_clock_lag_recovery_v1,relative_clock_offset_magnitude_s,ridge_recovery_probe,mae_s,2.9909966023017964,lower,True,48,0.5,False
43,mult,clock_offset_-3.00s,sim_clock_lag_recovery_v1,relative_clock_offset_magnitude_s,ridge_recovery_probe,rmse_s,3.0111434735256184,lower,True,48,0.5,False
43,mult,clock_offset_-3.00s,sim_clock_lag_recovery_v1,relative_clock_offset_magnitude_s,ridge_recovery_probe,tolerance_hit_rate,0.0,higher,True,48,0.5,False
43,mult,clock_offset_-3.00s,sim_clock_lag_recovery_v1,relative_clock_offset_magnitude_s,ridge_recovery_probe,spearman,,higher,False,48,0.5,False
43,mult,clock_offset_-3.00s,sim_clock_lag_recovery_v1,primary_physiology_response_lag_s,ridge_recovery_probe,mae_s,3.8760072095120504,lower,True,48,2.0,False
43,mult,clock_offset_-3.00s,sim_clock_lag_recovery_v1,primary_physiology_response_lag_s,ridge_recovery_probe,rmse_s,5.091048128057194,lower,True,48,2.0,False
43,mult,clock_offset_-3.00s,sim_clock_lag_recovery_v1,primary_physiology_response_lag_s,ridge_recovery_probe,tolerance_hit_rate,0.375,higher,True,48,2.0,False
43,mult,clock_offset_-3.00s,sim_clock_lag_recovery_v1,primary_physiology_response_lag_s,ridge_recovery_probe,spearman,0.588072369514636,higher,True,48,2.0,False
43,mult,clock_offset_+3.00s,sim_clock_lag_recovery_v1,relative_clock_offset_magnitude_s,ridge_recovery_probe,mae_s,2.932044005021453,lower,True,48,0.5,False
43,mult,clock_offset_+3.00s,sim_clock_lag_recovery_v1,relative_clock_offset_magnitude_s,ridge_recovery_probe,rmse_s,2.9551159643303473,lower,True,48,0.5,False
43,mult,clock_offset_+3.00s,sim_clock_lag_recovery_v1,relative_clock_offset_magnitude_s,ridge_recovery_probe,tolerance_hit_rate,0.0,higher,True,48,0.5,False
43,mult,clock_offset_+3.00s,sim_clock_lag_recovery_v1,relative_clock_offset_magnitude_s,ridge_recovery_probe,spearman,,higher,False,48,0.5,False
43,mult,clock_offset_+3.00s,sim_clock_lag_recovery_v1,primary_physiology_response_lag_s,ridge_recovery_probe,mae_s,4.673809129610751,lower,True,48,2.0,False
43,mult,clock_offset_+3.00s,sim_clock_lag_recovery_v1,primary_physiology_response_lag_s,ridge_recovery_probe,rmse_s,5.82892795215636,lower,True,48,2.0,False
43,mult,clock_offset_+3.00s,sim_clock_lag_recovery_v1,primary_physiology_response_lag_s,ridge_recovery_probe,tolerance_hit_rate,0.2916666666666667,higher,True,48,2.0,False
43,mult,clock_offset_+3.00s,sim_clock_lag_recovery_v1,primary_physiology_response_lag_s,ridge_recovery_probe,spearman,0.5559121618068044,higher,True,48,2.0,False
43,mult,clock_drift_+000ppm,sim_clock_lag_recovery_v1,relative_clock_offset_magnitude_s,ridge_recovery_probe,mae_s,0.25863209801415604,lower,True,48,0.5,False
43,mult,clock_drift_+000ppm,sim_clock_lag_recovery_v1,relative_clock_offset_magnitude_s,ridge_recovery_probe,rmse_s,0.3589852360433936,lower,True,48,0.5,False
43,mult,clock_drift_+000ppm,sim_clock_lag_recovery_v1,relative_clock_offset_magnitude_s,ridge_recovery_probe,tolerance_hit_rate,0.875,higher,True,48,0.5,False
43,mult,clock_drift_+000ppm,sim_clock_lag_recovery_v1,relative_clock_offset_magnitude_s,ridge_recovery_probe,spearman,,higher,False,48,0.5,False
43,mult,clock_drift_+000ppm,sim_clock_lag_recovery_v1,primary_physiology_response_lag_s,ridge_recovery_probe,mae_s,4.166661306415047,lower,True,48,2.0,False
43,mult,clock_drift_+000ppm,sim_clock_lag_recovery_v1,primary_physiology_response_lag_s,ridge_recovery_probe,rmse_s,5.328943813613737,lower,True,48,2.0,False
43,mult,clock_drift_+000ppm,sim_clock_lag_recovery_v1,primary_physiology_response_lag_s,ridge_recovery_probe,tolerance_hit_rate,0.3333333333333333,higher,True,48,2.0,False
43,mult,clock_drift_+000ppm,sim_clock_lag_recovery_v1,primary_physiology_response_lag_s,ridge_recovery_probe,spearman,0.591354023362374,higher,True,48,2.0,False
43,mult,clock_drift_-050ppm,sim_clock_lag_recovery_v1,relative_clock_offset_magnitude_s,ridge_recovery_probe,mae_s,0.2973779235035181,lower,True,48,0.5,False
43,mult,clock_drift_-050ppm,sim_clock_lag_recovery_v1,relative_clock_offset_magnitude_s,ridge_recovery_probe,rmse_s,0.4114362287584466,lower,True,48,0.5,False
43,mult,clock_drift_-050ppm,sim_clock_lag_recovery_v1,relative_clock_offset_magnitude_s,ridge_recovery_probe,tolerance_hit_rate,0.8333333333333334,higher,True,48,0.5,False
43,mult,clock_drift_-050ppm,sim_clock_lag_recovery_v1,relative_clock_offset_magnitude_s,ridge_recovery_probe,spearman,,higher,False,48,0.5,False
43,mult,clock_drift_-050ppm,sim_clock_lag_recovery_v1,primary_physiology_response_lag_s,ridge_recovery_probe,mae_s,4.216744473882367,lower,True,48,2.0,False
43,mult,clock_drift_-050ppm,sim_clock_lag_recovery_v1,primary_physiology_response_lag_s,ridge_recovery_probe,rmse_s,5.390799388755581,lower,True,48,2.0,False
43,mult,clock_drift_-050ppm,sim_clock_lag_recovery_v1,primary_physiology_response_lag_s,ridge_recovery_probe,tolerance_hit_rate,0.3333333333333333,higher,True,48,2.0,False
43,mult,clock_drift_-050ppm,sim_clock_lag_recovery_v1,primary_physiology_response_lag_s,ridge_recovery_probe,spearman,0.5624754695022802,higher,True,48,2.0,False
43,mult,clock_drift_+050ppm,sim_clock_lag_recovery_v1,relative_clock_offset_magnitude_s,ridge_recovery_probe,mae_s,0.2841247071822484,lower,True,48,0.5,False
43,mult,clock_drift_+050ppm,sim_clock_lag_recovery_v1,relative_clock_offset_magnitude_s,ridge_recovery_probe,rmse_s,0.401771043629936,lower,True,48,0.5,False
43,mult,clock_drift_+050ppm,sim_clock_lag_recovery_v1,relative_clock_offset_magnitude_s,ridge_recovery_probe,tolerance_hit_rate,0.8541666666666666,higher,True,48,0.5,False
43,mult,clock_drift_+050ppm,sim_clock_lag_recovery_v1,relative_clock_offset_magnitude_s,ridge_recovery_probe,spearman,,higher,False,48,0.5,False
43,mult,clock_drift_+050ppm,sim_clock_lag_recovery_v1,primary_physiology_response_lag_s,ridge_recovery_probe,mae_s,4.302222310696091,lower,True,48,2.0,False
43,mult,clock_drift_+050ppm,sim_clock_lag_recovery_v1,primary_physiology_response_lag_s,ridge_recovery_probe,rmse_s,5.492686855190945,lower,True,48,2.0,False
43,mult,clock_drift_+050ppm,sim_clock_lag_recovery_v1,primary_physiology_response_lag_s,ridge_recovery_probe,tolerance_hit_rate,0.2916666666666667,higher,True,48,2.0,False
43,mult,clock_drift_+050ppm,sim_clock_lag_recovery_v1,primary_physiology_response_lag_s,ridge_recovery_probe,spearman,0.5532868387286141,higher,True,48,2.0,False
43,mult,clock_drift_-100ppm,sim_clock_lag_recovery_v1,relative_clock_offset_magnitude_s,ridge_recovery_probe,mae_s,0.296904635305206,lower,True,48,0.5,False
43,mult,clock_drift_-100ppm,sim_clock_lag_recovery_v1,relative_clock_offset_magnitude_s,ridge_recovery_probe,rmse_s,0.4115686547117652,lower,True,48,0.5,False
43,mult,clock_drift_-100ppm,sim_clock_lag_recovery_v1,relative_clock_offset_magnitude_s,ridge_recovery_probe,tolerance_hit_rate,0.8333333333333334,higher,True,48,0.5,False
43,mult,clock_drift_-100ppm,sim_clock_lag_recovery_v1,relative_clock_offset_magnitude_s,ridge_recovery_probe,spearman,,higher,False,48,0.5,False
43,mult,clock_drift_-100ppm,sim_clock_lag_recovery_v1,primary_physiology_response_lag_s,ridge_recovery_probe,mae_s,4.226374602623632,lower,True,48,2.0,False
43,mult,clock_drift_-100ppm,sim_clock_lag_recovery_v1,primary_physiology_response_lag_s,ridge_recovery_probe,rmse_s,5.403400895899109,lower,True,48,2.0,False
43,mult,clock_drift_-100ppm,sim_clock_lag_recovery_v1,primary_physiology_response_lag_s,ridge_recovery_probe,tolerance_hit_rate,0.3333333333333333,higher,True,48,2.0,False
43,mult,clock_drift_-100ppm,sim_clock_lag_recovery_v1,primary_physiology_response_lag_s,ridge_recovery_probe,spearman,0.5624754695022802,higher,True,48,2.0,False
43,mult,clock_drift_+100ppm,sim_clock_lag_recovery_v1,relative_clock_offset_magnitude_s,ridge_recovery_probe,mae_s,0.28446661308407784,lower,True,48,0.5,False
43,mult,clock_drift_+100ppm,sim_clock_lag_recovery_v1,relative_clock_offset_magnitude_s,ridge_recovery_probe,rmse_s,0.4013953401027342,lower,True,48,0.5,False
43,mult,clock_drift_+100ppm,sim_clock_lag_recovery_v1,relative_clock_offset_magnitude_s,ridge_recovery_probe,tolerance_hit_rate,0.8541666666666666,higher,True,48,0.5,False
43,mult,clock_drift_+100ppm,sim_clock_lag_recovery_v1,relative_clock_offset_magnitude_s,ridge_recovery_probe,spearman,,higher,False,48,0.5,False
43,mult,clock_drift_+100ppm,sim_clock_lag_recovery_v1,primary_physiology_response_lag_s,ridge_recovery_probe,mae_s,4.291903753274724,lower,True,48,2.0,False
43,mult,clock_drift_+100ppm,sim_clock_lag_recovery_v1,primary_physiology_response_lag_s,ridge_recovery_probe,rmse_s,5.480017211405574,lower,True,48,2.0,False
43,mult,clock_drift_+100ppm,sim_clock_lag_recovery_v1,primary_physiology_response_lag_s,ridge_recovery_probe,tolerance_hit_rate,0.2916666666666667,higher,True,48,2.0,False
43,mult,clock_drift_+100ppm,sim_clock_lag_recovery_v1,primary_physiology_response_lag_s,ridge_recovery_probe,spearman,0.5532868387286141,higher,True,48,2.0,False
43,mult,clock_drift_-250ppm,sim_clock_lag_recovery_v1,relative_clock_offset_magnitude_s,ridge_recovery_probe,mae_s,0.29554699547588825,lower,True,48,0.5,False
43,mult,clock_drift_-250ppm,sim_clock_lag_recovery_v1,relative_clock_offset_magnitude_s,ridge_recovery_probe,rmse_s,0.41210537498198085,lower,True,48,0.5,False
43,mult,clock_drift_-250ppm,sim_clock_lag_recovery_v1,relative_clock_offset_magnitude_s,ridge_recovery_probe,tolerance_hit_rate,0.8333333333333334,higher,True,48,0.5,False
43,mult,clock_drift_-250ppm,sim_clock_lag_recovery_v1,relative_clock_offset_magnitude_s,ridge_recovery_probe,spearman,,higher,False,48,0.5,False
43,mult,clock_drift_-250ppm,sim_clock_lag_recovery_v1,primary_physiology_response_lag_s,ridge_recovery_probe,mae_s,4.25502944122538,lower,True,48,2.0,False
43,mult,clock_drift_-250ppm,sim_clock_lag_recovery_v1,primary_physiology_response_lag_s,ridge_recovery_probe,rmse_s,5.441247803845085,lower,True,48,2.0,False
43,mult,clock_drift_-250ppm,sim_clock_lag_recovery_v1,primary_physiology_response_lag_s,ridge_recovery_probe,tolerance_hit_rate,0.2916666666666667,higher,True,48,2.0,False
43,mult,clock_drift_-250ppm,sim_clock_lag_recovery_v1,primary_physiology_response_lag_s,ridge_recovery_probe,spearman,0.5624754695022802,higher,True,48,2.0,False
43,mult,clock_drift_+250ppm,sim_clock_lag_recovery_v1,relative_clock_offset_magnitude_s,ridge_recovery_probe,mae_s,0.2855001448964079,lower,True,48,0.5,False
43,mult,clock_drift_+250ppm,sim_clock_lag_recovery_v1,relative_clock_offset_magnitude_s,ridge_recovery_probe,rmse_s,0.4004014125720433,lower,True,48,0.5,False
43,mult,clock_drift_+250ppm,sim_clock_lag_recovery_v1,relative_clock_offset_magnitude_s,ridge_recovery_probe,tolerance_hit_rate,0.8541666666666666,higher,True,48,0.5,False
43,mult,clock_drift_+250ppm,sim_clock_lag_recovery_v1,relative_clock_offset_magnitude_s,ridge_recovery_probe,spearman,,higher,False,48,0.5,False
43,mult,clock_drift_+250ppm,sim_clock_lag_recovery_v1,primary_physiology_response_lag_s,ridge_recovery_probe,mae_s,4.262453408348412,lower,True,48,2.0,False
43,mult,clock_drift_+250ppm,sim_clock_lag_recovery_v1,primary_physiology_response_lag_s,ridge_recovery_probe,rmse_s,5.442043705615844,lower,True,48,2.0,False
43,mult,clock_drift_+250ppm,sim_clock_lag_recovery_v1,primary_physiology_response_lag_s,ridge_recovery_probe,tolerance_hit_rate,0.3125,higher,True,48,2.0,False
43,mult,clock_drift_+250ppm,sim_clock_lag_recovery_v1,primary_physiology_response_lag_s,ridge_recovery_probe,spearman,0.5572248233458996,higher,True,48,2.0,False
43,mult,random_missing_00pct,sim_clock_lag_recovery_v1,relative_clock_offset_magnitude_s,ridge_recovery_probe,mae_s,0.25863209801415604,lower,True,48,0.5,False
43,mult,random_missing_00pct,sim_clock_lag_recovery_v1,relative_clock_offset_magnitude_s,ridge_recovery_probe,rmse_s,0.3589852360433936,lower,True,48,0.5,False
43,mult,random_missing_00pct,sim_clock_lag_recovery_v1,relative_clock_offset_magnitude_s,ridge_recovery_probe,tolerance_hit_rate,0.875,higher,True,48,0.5,False
43,mult,random_missing_00pct,sim_clock_lag_recovery_v1,relative_clock_offset_magnitude_s,ridge_recovery_probe,spearman,,higher,False,48,0.5,False
43,mult,random_missing_00pct,sim_clock_lag_recovery_v1,primary_physiology_response_lag_s,ridge_recovery_probe,mae_s,4.166661306415047,lower,True,48,2.0,False
43,mult,random_missing_00pct,sim_clock_lag_recovery_v1,primary_physiology_response_lag_s,ridge_recovery_probe,rmse_s,5.328943813613737,lower,True,48,2.0,False
43,mult,random_missing_00pct,sim_clock_lag_recovery_v1,primary_physiology_response_lag_s,ridge_recovery_probe,tolerance_hit_rate,0.3333333333333333,higher,True,48,2.0,False
43,mult,random_missing_00pct,sim_clock_lag_recovery_v1,primary_physiology_response_lag_s,ridge_recovery_probe,spearman,0.591354023362374,higher,True,48,2.0,False
43,mult,random_missing_10pct,sim_clock_lag_recovery_v1,relative_clock_offset_magnitude_s,ridge_recovery_probe,mae_s,0.27783372594664496,lower,True,48,0.5,False
43,mult,random_missing_10pct,sim_clock_lag_recovery_v1,relative_clock_offset_magnitude_s,ridge_recovery_probe,rmse_s,0.38478747882762476,lower,True,48,0.5,False
43,mult,random_missing_10pct,sim_clock_lag_recovery_v1,relative_clock_offset_magnitude_s,ridge_recovery_probe,tolerance_hit_rate,0.8333333333333334,higher,True,48,0.5,False
43,mult,random_missing_10pct,sim_clock_lag_recovery_v1,relative_clock_offset_magnitude_s,ridge_recovery_probe,spearman,,higher,False,48,0.5,False
43,mult,random_missing_10pct,sim_clock_lag_recovery_v1,primary_physiology_response_lag_s,ridge_recovery_probe,mae_s,4.352850774556884,lower,True,48,2.0,False
43,mult,random_missing_10pct,sim_clock_lag_recovery_v1,primary_physiology_response_lag_s,ridge_recovery_probe,rmse_s,5.683872841781832,lower,True,48,2.0,False
43,mult,random_missing_10pct,sim_clock_lag_recovery_v1,primary_physiology_response_lag_s,ridge_recovery_probe,tolerance_hit_rate,0.4166666666666667,higher,True,48,2.0,False
43,mult,random_missing_10pct,sim_clock_lag_recovery_v1,primary_physiology_response_lag_s,ridge_recovery_probe,spearman,0.5867597079755409,higher,True,48,2.0,False
43,mult,random_missing_30pct,sim_clock_lag_recovery_v1,relative_clock_offset_magnitude_s,ridge_recovery_probe,mae_s,0.4284868050987522,lower,True,48,0.5,False
43,mult,random_missing_30pct,sim_clock_lag_recovery_v1,relative_clock_offset_magnitude_s,ridge_recovery_probe,rmse_s,0.5207517075937157,lower,True,48,0.5,False
43,mult,random_missing_30pct,sim_clock_lag_recovery_v1,relative_clock_offset_magnitude_s,ridge_recovery_probe,tolerance_hit_rate,0.6041666666666666,higher,True,48,0.5,False
43,mult,random_missing_30pct,sim_clock_lag_recovery_v1,relative_clock_offset_magnitude_s,ridge_recovery_probe,spearman,,higher,False,48,0.5,False
43,mult,random_missing_30pct,sim_clock_lag_recovery_v1,primary_physiology_response_lag_s,ridge_recovery_probe,mae_s,5.409743458759223,lower,True,48,2.0,False
43,mult,random_missing_30pct,sim_clock_lag_recovery_v1,primary_physiology_response_lag_s,ridge_recovery_probe,rmse_s,6.774517549104103,lower,True,48,2.0,False
43,mult,random_missing_30pct,sim_clock_lag_recovery_v1,primary_physiology_response_lag_s,ridge_recovery_probe,tolerance_hit_rate,0.25,higher,True,48,2.0,False
43,mult,random_missing_30pct,sim_clock_lag_recovery_v1,primary_physiology_response_lag_s,ridge_recovery_probe,spearman,0.5591938156545423,higher,True,48,2.0,False
43,mult,random_missing_50pct,sim_clock_lag_recovery_v1,relative_clock_offset_magnitude_s,ridge_recovery_probe,mae_s,0.7718945645416776,lower,True,48,0.5,False
43,mult,random_missing_50pct,sim_clock_lag_recovery_v1,relative_clock_offset_magnitude_s,ridge_recovery_probe,rmse_s,0.8498161231711446,lower,True,48,0.5,False
43,mult,random_missing_50pct,sim_clock_lag_recovery_v1,relative_clock_offset_magnitude_s,ridge_recovery_probe,tolerance_hit_rate,0.20833333333333334,higher,True,48,0.5,False
43,mult,random_missing_50pct,sim_clock_lag_recovery_v1,relative_clock_offset_magnitude_s,ridge_recovery_probe,spearman,,higher,False,48,0.5,False
43,mult,random_missing_50pct,sim_clock_lag_recovery_v1,primary_physiology_response_lag_s,ridge_recovery_probe,mae_s,7.612582439741267,lower,True,48,2.0,False
43,mult,random_missing_50pct,sim_clock_lag_recovery_v1,primary_physiology_response_lag_s,ridge_recovery_probe,rmse_s,8.76020150178977,lower,True,48,2.0,False
43,mult,random_missing_50pct,sim_clock_lag_recovery_v1,primary_physiology_response_lag_s,ridge_recovery_probe,tolerance_hit_rate,0.0625,higher,True,48,2.0,False
43,mult,random_missing_50pct,sim_clock_lag_recovery_v1,primary_physiology_response_lag_s,ridge_recovery_probe,spearman,0.5657571233500182,higher,True,48,2.0,False
43,mult,contiguous_gap_00s,sim_clock_lag_recovery_v1,relative_clock_offset_magnitude_s,ridge_recovery_probe,mae_s,0.25863209801415604,lower,True,48,0.5,False
43,mult,contiguous_gap_00s,sim_clock_lag_recovery_v1,relative_clock_offset_magnitude_s,ridge_recovery_probe,rmse_s,0.3589852360433936,lower,True,48,0.5,False
43,mult,contiguous_gap_00s,sim_clock_lag_recovery_v1,relative_clock_offset_magnitude_s,ridge_recovery_probe,tolerance_hit_rate,0.875,higher,True,48,0.5,False
43,mult,contiguous_gap_00s,sim_clock_lag_recovery_v1,relative_clock_offset_magnitude_s,ridge_recovery_probe,spearman,,higher,False,48,0.5,False
43,mult,contiguous_gap_00s,sim_clock_lag_recovery_v1,primary_physiology_response_lag_s,ridge_recovery_probe,mae_s,4.166661306415047,lower,True,48,2.0,False
43,mult,contiguous_gap_00s,sim_clock_lag_recovery_v1,primary_physiology_response_lag_s,ridge_recovery_probe,rmse_s,5.328943813613737,lower,True,48,2.0,False
43,mult,contiguous_gap_00s,sim_clock_lag_recovery_v1,primary_physiology_response_lag_s,ridge_recovery_probe,tolerance_hit_rate,0.3333333333333333,higher,True,48,2.0,False
43,mult,contiguous_gap_00s,sim_clock_lag_recovery_v1,primary_physiology_response_lag_s,ridge_recovery_probe,spearman,0.591354023362374,higher,True,48,2.0,False
43,mult,contiguous_gap_05s,sim_clock_lag_recovery_v1,relative_clock_offset_magnitude_s,ridge_recovery_probe,mae_s,0.3285763592769702,lower,True,48,0.5,False
43,mult,contiguous_gap_05s,sim_clock_lag_recovery_v1,relative_clock_offset_magnitude_s,ridge_recovery_probe,rmse_s,0.4479627028122468,lower,True,48,0.5,False
43,mult,contiguous_gap_05s,sim_clock_lag_recovery_v1,relative_clock_offset_magnitude_s,ridge_recovery_probe,tolerance_hit_rate,0.8333333333333334,higher,True,48,0.5,False
43,mult,contiguous_gap_05s,sim_clock_lag_recovery_v1,relative_clock_offset_magnitude_s,ridge_recovery_probe,spearman,,higher,False,48,0.5,False
43,mult,contiguous_gap_05s,sim_clock_lag_recovery_v1,primary_physiology_response_lag_s,ridge_recovery_probe,mae_s,4.879004016151517,lower,True,48,2.0,False
43,mult,contiguous_gap_05s,sim_clock_lag_recovery_v1,primary_physiology_response_lag_s,ridge_recovery_probe,rmse_s,6.2411664264240185,lower,True,48,2.0,False
43,mult,contiguous_gap_05s,sim_clock_lag_recovery_v1,primary_physiology_response_lag_s,ridge_recovery_probe,tolerance_hit_rate,0.2916666666666667,higher,True,48,2.0,False
43,mult,contiguous_gap_05s,sim_clock_lag_recovery_v1,primary_physiology_response_lag_s,ridge_recovery_probe,spearman,0.5007803771648073,higher,True,48,2.0,False
43,mult,contiguous_gap_15s,sim_clock_lag_recovery_v1,relative_clock_offset_magnitude_s,ridge_recovery_probe,mae_s,1.1104248246798913,lower,True,48,0.5,False
43,mult,contiguous_gap_15s,sim_clock_lag_recovery_v1,relative_clock_offset_magnitude_s,ridge_recovery_probe,rmse_s,1.234976027495297,lower,True,48,0.5,False
43,mult,contiguous_gap_15s,sim_clock_lag_recovery_v1,relative_clock_offset_magnitude_s,ridge_recovery_probe,tolerance_hit_rate,0.16666666666666666,higher,True,48,0.5,False
43,mult,contiguous_gap_15s,sim_clock_lag_recovery_v1,relative_clock_offset_magnitude_s,ridge_recovery_probe,spearman,,higher,False,48,0.5,False
43,mult,contiguous_gap_15s,sim_clock_lag_recovery_v1,primary_physiology_response_lag_s,ridge_recovery_probe,mae_s,9.045686440428225,lower,True,48,2.0,False
43,mult,contiguous_gap_15s,sim_clock_lag_recovery_v1,primary_physiology_response_lag_s,ridge_recovery_probe,rmse_s,10.473936828949443,lower,True,48,2.0,False
43,mult,contiguous_gap_15s,sim_clock_lag_recovery_v1,primary_physiology_response_lag_s,ridge_recovery_probe,tolerance_hit_rate,0.10416666666666667,higher,True,48,2.0,False
43,mult,contiguous_gap_15s,sim_clock_lag_recovery_v1,primary_physiology_response_lag_s,ridge_recovery_probe,spearman,0.3222584078478642,higher,True,48,2.0,False
43,mult,contiguous_gap_30s,sim_clock_lag_recovery_v1,relative_clock_offset_magnitude_s,ridge_recovery_probe,mae_s,2.397912242760261,lower,True,48,0.5,False
43,mult,contiguous_gap_30s,sim_clock_lag_recovery_v1,relative_clock_offset_magnitude_s,ridge_recovery_probe,rmse_s,2.55167707343891,lower,True,48,0.5,False
43,mult,contiguous_gap_30s,sim_clock_lag_recovery_v1,relative_clock_offset_magnitude_s,ridge_recovery_probe,tolerance_hit_rate,0.020833333333333332,higher,True,48,0.5,False
43,mult,contiguous_gap_30s,sim_clock_lag_recovery_v1,relative_clock_offset_magnitude_s,ridge_recovery_probe,spearman,,higher,False,48,0.5,False
43,mult,contiguous_gap_30s,sim_clock_lag_recovery_v1,primary_physiology_response_lag_s,ridge_recovery_probe,mae_s,16.410385791420424,lower,True,48,2.0,False
43,mult,contiguous_gap_30s,sim_clock_lag_recovery_v1,primary_physiology_response_lag_s,ridge_recovery_probe,rmse_s,17.58476771978177,lower,True,48,2.0,False
43,mult,contiguous_gap_30s,sim_clock_lag_recovery_v1,primary_physiology_response_lag_s,ridge_recovery_probe,tolerance_hit_rate,0.020833333333333332,higher,True,48,2.0,False
43,mult,contiguous_gap_30s,sim_clock_lag_recovery_v1,primary_physiology_response_lag_s,ridge_recovery_probe,spearman,0.24021706165441606,higher,True,48,2.0,False
43,mult,physiology_lag_02s,sim_clock_lag_recovery_v1,relative_clock_offset_magnitude_s,ridge_recovery_probe,mae_s,0.25979321636259556,lower,True,48,0.5,False
43,mult,physiology_lag_02s,sim_clock_lag_recovery_v1,relative_clock_offset_magnitude_s,ridge_recovery_probe,rmse_s,0.3676151783594824,lower,True,48,0.5,False
43,mult,physiology_lag_02s,sim_clock_lag_recovery_v1,relative_clock_offset_magnitude_s,ridge_recovery_probe,tolerance_hit_rate,0.8541666666666666,higher,True,48,0.5,False
43,mult,physiology_lag_02s,sim_clock_lag_recovery_v1,relative_clock_offset_magnitude_s,ridge_recovery_probe,spearman,,higher,False,48,0.5,False
43,mult,physiology_lag_02s,sim_clock_lag_recovery_v1,primary_physiology_response_lag_s,ridge_recovery_probe,mae_s,3.7798874912138145,lower,True,48,2.0,False
43,mult,physiology_lag_02s,sim_clock_lag_recovery_v1,primary_physiology_response_lag_s,ridge_recovery_probe,rmse_s,4.7303276177232645,lower,True,48,2.0,False
43,mult,physiology_lag_02s,sim_clock_lag_recovery_v1,primary_physiology_response_lag_s,ridge_recovery_probe,tolerance_hit_rate,0.3125,higher,True,48,2.0,False
43,mult,physiology_lag_02s,sim_clock_lag_recovery_v1,primary_physiology_response_lag_s,ridge_recovery_probe,spearman,0.5598501464240899,higher,True,48,2.0,False
43,mult,physiology_lag_05s,sim_clock_lag_recovery_v1,relative_clock_offset_magnitude_s,ridge_recovery_probe,mae_s,0.2739432919770479,lower,True,48,0.5,False
43,mult,physiology_lag_05s,sim_clock_lag_recovery_v1,relative_clock_offset_magnitude_s,ridge_recovery_probe,rmse_s,0.39024483549488914,lower,True,48,0.5,False
43,mult,physiology_lag_05s,sim_clock_lag_recovery_v1,relative_clock_offset_magnitude_s,ridge_recovery_probe,tolerance_hit_rate,0.8333333333333334,higher,True,48,0.5,False
43,mult,physiology_lag_05s,sim_clock_lag_recovery_v1,relative_clock_offset_magnitude_s,ridge_recovery_probe,spearman,,higher,False,48,0.5,False
43,mult,physiology_lag_05s,sim_clock_lag_recovery_v1,primary_physiology_response_lag_s,ridge_recovery_probe,mae_s,3.991285072897462,lower,True,48,2.0,False
43,mult,physiology_lag_05s,sim_clock_lag_recovery_v1,primary_physiology_response_lag_s,ridge_recovery_probe,rmse_s,4.937812157835845,lower,True,48,2.0,False
43,mult,physiology_lag_05s,sim_clock_lag_recovery_v1,primary_physiology_response_lag_s,ridge_recovery_probe,tolerance_hit_rate,0.3333333333333333,higher,True,48,2.0,False
43,mult,physiology_lag_05s,sim_clock_lag_recovery_v1,primary_physiology_response_lag_s,ridge_recovery_probe,spearman,0.49618606177797414,higher,True,48,2.0,False
43,mult,physiology_lag_15s,sim_clock_lag_recovery_v1,relative_clock_offset_magnitude_s,ridge_recovery_probe,mae_s,0.34242591820657253,lower,True,48,0.5,False
43,mult,physiology_lag_15s,sim_clock_lag_recovery_v1,relative_clock_offset_magnitude_s,ridge_recovery_probe,rmse_s,0.4704410893955543,lower,True,48,0.5,False
43,mult,physiology_lag_15s,sim_clock_lag_recovery_v1,relative_clock_offset_magnitude_s,ridge_recovery_probe,tolerance_hit_rate,0.7708333333333334,higher,True,48,0.5,False
43,mult,physiology_lag_15s,sim_clock_lag_recovery_v1,relative_clock_offset_magnitude_s,ridge_recovery_probe,spearman,,higher,False,48,0.5,False
43,mult,physiology_lag_15s,sim_clock_lag_recovery_v1,primary_physiology_response_lag_s,ridge_recovery_probe,mae_s,9.773797313362174,lower,True,48,2.0,False
43,mult,physiology_lag_15s,sim_clock_lag_recovery_v1,primary_physiology_response_lag_s,ridge_recovery_probe,rmse_s,11.064836862608894,lower,True,48,2.0,False
43,mult,physiology_lag_15s,sim_clock_lag_recovery_v1,primary_physiology_response_lag_s,ridge_recovery_probe,tolerance_hit_rate,0.0625,higher,True,48,2.0,False
43,mult,physiology_lag_15s,sim_clock_lag_recovery_v1,primary_physiology_response_lag_s,ridge_recovery_probe,spearman,0.3202894155392214,higher,True,48,2.0,False
43,mult,physiology_lag_30s,sim_clock_lag_recovery_v1,relative_clock_offset_magnitude_s,ridge_recovery_probe,mae_s,0.482073113322258,lower,True,48,0.5,False
43,mult,physiology_lag_30s,sim_clock_lag_recovery_v1,relative_clock_offset_magnitude_s,ridge_recovery_probe,rmse_s,0.6471956950829794,lower,True,48,0.5,False
43,mult,physiology_lag_30s,sim_clock_lag_recovery_v1,relative_clock_offset_magnitude_s,ridge_recovery_probe,tolerance_hit_rate,0.625,higher,True,48,0.5,False
43,mult,physiology_lag_30s,sim_clock_lag_recovery_v1,relative_clock_offset_magnitude_s,ridge_recovery_probe,spearman,,higher,False,48,0.5,False
43,mult,physiology_lag_30s,sim_clock_lag_recovery_v1,primary_physiology_response_lag_s,ridge_recovery_probe,mae_s,22.8423146963522,lower,True,48,2.0,False
43,mult,physiology_lag_30s,sim_clock_lag_recovery_v1,primary_physiology_response_lag_s,ridge_recovery_probe,rmse_s,23.34673003546955,lower,True,48,2.0,False
43,mult,physiology_lag_30s,sim_clock_lag_recovery_v1,primary_physiology_response_lag_s,ridge_recovery_probe,tolerance_hit_rate,0.0,higher,True,48,2.0,False
43,mult,physiology_lag_30s,sim_clock_lag_recovery_v1,primary_physiology_response_lag_s,ridge_recovery_probe,spearman,0.5572248233458996,higher,True,48,2.0,False
43,mult,observation_snr_30db,sim_clock_lag_recovery_v1,relative_clock_offset_magnitude_s,ridge_recovery_probe,mae_s,0.25863209801415604,lower,True,48,0.5,False
43,mult,observation_snr_30db,sim_clock_lag_recovery_v1,relative_clock_offset_magnitude_s,ridge_recovery_probe,rmse_s,0.3589852360433936,lower,True,48,0.5,False
43,mult,observation_snr_30db,sim_clock_lag_recovery_v1,relative_clock_offset_magnitude_s,ridge_recovery_probe,tolerance_hit_rate,0.875,higher,True,48,0.5,False
43,mult,observation_snr_30db,sim_clock_lag_recovery_v1,relative_clock_offset_magnitude_s,ridge_recovery_probe,spearman,,higher,False,48,0.5,False
43,mult,observation_snr_30db,sim_clock_lag_recovery_v1,primary_physiology_response_lag_s,ridge_recovery_probe,mae_s,4.166661306415047,lower,True,48,2.0,False
43,mult,observation_snr_30db,sim_clock_lag_recovery_v1,primary_physiology_response_lag_s,ridge_recovery_probe,rmse_s,5.328943813613737,lower,True,48,2.0,False
43,mult,observation_snr_30db,sim_clock_lag_recovery_v1,primary_physiology_response_lag_s,ridge_recovery_probe,tolerance_hit_rate,0.3333333333333333,higher,True,48,2.0,False
43,mult,observation_snr_30db,sim_clock_lag_recovery_v1,primary_physiology_response_lag_s,ridge_recovery_probe,spearman,0.591354023362374,higher,True,48,2.0,False
43,mult,observation_snr_20db,sim_clock_lag_recovery_v1,relative_clock_offset_magnitude_s,ridge_recovery_probe,mae_s,0.26576920847098034,lower,True,48,0.5,False
43,mult,observation_snr_20db,sim_clock_lag_recovery_v1,relative_clock_offset_magnitude_s,ridge_recovery_probe,rmse_s,0.37015051593909676,lower,True,48,0.5,False
43,mult,observation_snr_20db,sim_clock_lag_recovery_v1,relative_clock_offset_magnitude_s,ridge_recovery_probe,tolerance_hit_rate,0.8333333333333334,higher,True,48,0.5,False
43,mult,observation_snr_20db,sim_clock_lag_recovery_v1,relative_clock_offset_magnitude_s,ridge_recovery_probe,spearman,,higher,False,48,0.5,False
43,mult,observation_snr_20db,sim_clock_lag_recovery_v1,primary_physiology_response_lag_s,ridge_recovery_probe,mae_s,4.233934933139925,lower,True,48,2.0,False
43,mult,observation_snr_20db,sim_clock_lag_recovery_v1,primary_physiology_response_lag_s,ridge_recovery_probe,rmse_s,5.40764498014199,lower,True,48,2.0,False
43,mult,observation_snr_20db,sim_clock_lag_recovery_v1,primary_physiology_response_lag_s,ridge_recovery_probe,tolerance_hit_rate,0.375,higher,True,48,2.0,False
43,mult,observation_snr_20db,sim_clock_lag_recovery_v1,primary_physiology_response_lag_s,ridge_recovery_probe,spearman,0.6044806387533257,higher,True,48,2.0,False
43,mult,observation_snr_10db,sim_clock_lag_recovery_v1,relative_clock_offset_magnitude_s,ridge_recovery_probe,mae_s,0.5759780779480934,lower,True,48,0.5,False
43,mult,observation_snr_10db,sim_clock_lag_recovery_v1,relative_clock_offset_magnitude_s,ridge_recovery_probe,rmse_s,0.683296650576338,lower,True,48,0.5,False
43,mult,observation_snr_10db,sim_clock_lag_recovery_v1,relative_clock_offset_magnitude_s,ridge_recovery_probe,tolerance_hit_rate,0.4375,higher,True,48,0.5,False
43,mult,observation_snr_10db,sim_clock_lag_recovery_v1,relative_clock_offset_magnitude_s,ridge_recovery_probe,spearman,,higher,False,48,0.5,False
43,mult,observation_snr_10db,sim_clock_lag_recovery_v1,primary_physiology_response_lag_s,ridge_recovery_probe,mae_s,5.424511088064581,lower,True,48,2.0,False
43,mult,observation_snr_10db,sim_clock_lag_recovery_v1,primary_physiology_response_lag_s,ridge_recovery_probe,rmse_s,6.731879885721714,lower,True,48,2.0,False
43,mult,observation_snr_10db,sim_clock_lag_recovery_v1,primary_physiology_response_lag_s,ridge_recovery_probe,tolerance_hit_rate,0.2916666666666667,higher,True,48,2.0,False
43,mult,observation_snr_10db,sim_clock_lag_recovery_v1,primary_physiology_response_lag_s,ridge_recovery_probe,spearman,0.6346718541525146,higher,True,48,2.0,False
43,mult,observation_snr_05db,sim_clock_lag_recovery_v1,relative_clock_offset_magnitude_s,ridge_recovery_probe,mae_s,1.1782806708166997,lower,True,48,0.5,False
43,mult,observation_snr_05db,sim_clock_lag_recovery_v1,relative_clock_offset_magnitude_s,ridge_recovery_probe,rmse_s,1.2882441560859177,lower,True,48,0.5,False
43,mult,observation_snr_05db,sim_clock_lag_recovery_v1,relative_clock_offset_magnitude_s,ridge_recovery_probe,tolerance_hit_rate,0.125,higher,True,48,0.5,False
43,mult,observation_snr_05db,sim_clock_lag_recovery_v1,relative_clock_offset_magnitude_s,ridge_recovery_probe,spearman,,higher,False,48,0.5,False
43,mult,observation_snr_05db,sim_clock_lag_recovery_v1,primary_physiology_response_lag_s,ridge_recovery_probe,mae_s,8.237132687329733,lower,True,48,2.0,False
43,mult,observation_snr_05db,sim_clock_lag_recovery_v1,primary_physiology_response_lag_s,ridge_recovery_probe,rmse_s,9.413657477635994,lower,True,48,2.0,False
43,mult,observation_snr_05db,sim_clock_lag_recovery_v1,primary_physiology_response_lag_s,ridge_recovery_probe,tolerance_hit_rate,0.08333333333333333,higher,True,48,2.0,False
43,mult,observation_snr_05db,sim_clock_lag_recovery_v1,primary_physiology_response_lag_s,ridge_recovery_probe,spearman,0.5762584156627796,higher,True,48,2.0,False
43,mult,mixed_severe,sim_clock_lag_recovery_v1,relative_clock_offset_magnitude_s,ridge_recovery_probe,mae_s,2.870023117090265,lower,True,48,0.5,False
43,mult,mixed_severe,sim_clock_lag_recovery_v1,relative_clock_offset_magnitude_s,ridge_recovery_probe,rmse_s,2.9790187062517144,lower,True,48,0.5,False
43,mult,mixed_severe,sim_clock_lag_recovery_v1,relative_clock_offset_magnitude_s,ridge_recovery_probe,tolerance_hit_rate,0.020833333333333332,higher,True,48,0.5,False
43,mult,mixed_severe,sim_clock_lag_recovery_v1,relative_clock_offset_magnitude_s,ridge_recovery_probe,spearman,,higher,False,48,0.5,False
43,mult,mixed_severe,sim_clock_lag_recovery_v1,primary_physiology_response_lag_s,ridge_recovery_probe,mae_s,8.901835084524793,lower,True,48,2.0,False
43,mult,mixed_severe,sim_clock_lag_recovery_v1,primary_physiology_response_lag_s,ridge_recovery_probe,rmse_s,10.195145783599301,lower,True,48,2.0,False
43,mult,mixed_severe,sim_clock_lag_recovery_v1,primary_physiology_response_lag_s,ridge_recovery_probe,tolerance_hit_rate,0.0625,higher,True,48,2.0,False
43,mult,mixed_severe,sim_clock_lag_recovery_v1,primary_physiology_response_lag_s,ridge_recovery_probe,spearman,0.3924858001894558,higher,True,48,2.0,False
43,contiformer,timestamp_jitter_000ms,sim_clock_lag_recovery_v1,relative_clock_offset_magnitude_s,ridge_recovery_probe,mae_s,0.3792571568240722,lower,True,48,0.5,False
43,contiformer,timestamp_jitter_000ms,sim_clock_lag_recovery_v1,relative_clock_offset_magnitude_s,ridge_recovery_probe,rmse_s,0.4552206309930265,lower,True,48,0.5,False
43,contiformer,timestamp_jitter_000ms,sim_clock_lag_recovery_v1,relative_clock_offset_magnitude_s,ridge_recovery_probe,tolerance_hit_rate,0.625,higher,True,48,0.5,False
43,contiformer,timestamp_jitter_000ms,sim_clock_lag_recovery_v1,relative_clock_offset_magnitude_s,ridge_recovery_probe,spearman,,higher,False,48,0.5,False
43,contiformer,timestamp_jitter_000ms,sim_clock_lag_recovery_v1,primary_physiology_response_lag_s,ridge_recovery_probe,mae_s,5.7967251736536225,lower,True,48,2.0,False
43,contiformer,timestamp_jitter_000ms,sim_clock_lag_recovery_v1,primary_physiology_response_lag_s,ridge_recovery_probe,rmse_s,7.378575578639432,lower,True,48,2.0,False
43,contiformer,timestamp_jitter_000ms,sim_clock_lag_recovery_v1,primary_physiology_response_lag_s,ridge_recovery_probe,tolerance_hit_rate,0.20833333333333334,higher,True,48,2.0,False
43,contiformer,timestamp_jitter_000ms,sim_clock_lag_recovery_v1,primary_physiology_response_lag_s,ridge_recovery_probe,spearman,0.16605168469553894,higher,True,48,2.0,False
43,contiformer,timestamp_jitter_020ms,sim_clock_lag_recovery_v1,relative_clock_offset_magnitude_s,ridge_recovery_probe,mae_s,0.5499762054532766,lower,True,48,0.5,False
43,contiformer,timestamp_jitter_020ms,sim_clock_lag_recovery_v1,relative_clock_offset_magnitude_s,ridge_recovery_probe,rmse_s,0.6320644899893819,lower,True,48,0.5,False
43,contiformer,timestamp_jitter_020ms,sim_clock_lag_recovery_v1,relative_clock_offset_magnitude_s,ridge_recovery_probe,tolerance_hit_rate,0.4166666666666667,higher,True,48,0.5,False
43,contiformer,timestamp_jitter_020ms,sim_clock_lag_recovery_v1,relative_clock_offset_magnitude_s,ridge_recovery_probe,spearman,,higher,False,48,0.5,False
43,contiformer,timestamp_jitter_020ms,sim_clock_lag_recovery_v1,primary_physiology_response_lag_s,ridge_recovery_probe,mae_s,6.07719622980705,lower,True,48,2.0,False
43,contiformer,timestamp_jitter_020ms,sim_clock_lag_recovery_v1,primary_physiology_response_lag_s,ridge_recovery_probe,rmse_s,7.332139786754542,lower,True,48,2.0,False
43,contiformer,timestamp_jitter_020ms,sim_clock_lag_recovery_v1,primary_physiology_response_lag_s,ridge_recovery_probe,tolerance_hit_rate,0.25,higher,True,48,2.0,False
43,contiformer,timestamp_jitter_020ms,sim_clock_lag_recovery_v1,primary_physiology_response_lag_s,ridge_recovery_probe,spearman,0.03741085386421234,higher,True,48,2.0,False
43,contiformer,timestamp_jitter_050ms,sim_clock_lag_recovery_v1,relative_clock_offset_magnitude_s,ridge_recovery_probe,mae_s,0.5981735580911239,lower,True,48,0.5,False
43,contiformer,timestamp_jitter_050ms,sim_clock_lag_recovery_v1,relative_clock_offset_magnitude_s,ridge_recovery_probe,rmse_s,0.6791375259617328,lower,True,48,0.5,False
43,contiformer,timestamp_jitter_050ms,sim_clock_lag_recovery_v1,relative_clock_offset_magnitude_s,ridge_recovery_probe,tolerance_hit_rate,0.4166666666666667,higher,True,48,0.5,False
43,contiformer,timestamp_jitter_050ms,sim_clock_lag_recovery_v1,relative_clock_offset_magnitude_s,ridge_recovery_probe,spearman,,higher,False,48,0.5,False
43,contiformer,timestamp_jitter_050ms,sim_clock_lag_recovery_v1,primary_physiology_response_lag_s,ridge_recovery_probe,mae_s,6.294850458017499,lower,True,48,2.0,False
43,contiformer,timestamp_jitter_050ms,sim_clock_lag_recovery_v1,primary_physiology_response_lag_s,ridge_recovery_probe,rmse_s,7.533694585870998,lower,True,48,2.0,False
43,contiformer,timestamp_jitter_050ms,sim_clock_lag_recovery_v1,primary_physiology_response_lag_s,ridge_recovery_probe,tolerance_hit_rate,0.1875,higher,True,48,2.0,False
43,contiformer,timestamp_jitter_050ms,sim_clock_lag_recovery_v1,primary_physiology_response_lag_s,ridge_recovery_probe,spearman,0.026909561551450984,higher,True,48,2.0,False
43,contiformer,timestamp_jitter_100ms,sim_clock_lag_recovery_v1,relative_clock_offset_magnitude_s,ridge_recovery_probe,mae_s,0.6697983151922623,lower,True,48,0.5,False
43,contiformer,timestamp_jitter_100ms,sim_clock_lag_recovery_v1,relative_clock_offset_magnitude_s,ridge_recovery_probe,rmse_s,0.7440259591833863,lower,True,48,0.5,False
43,contiformer,timestamp_jitter_100ms,sim_clock_lag_recovery_v1,relative_clock_offset_magnitude_s,ridge_recovery_probe,tolerance_hit_rate,0.375,higher,True,48,0.5,False
43,contiformer,timestamp_jitter_100ms,sim_clock_lag_recovery_v1,relative_clock_offset_magnitude_s,ridge_recovery_probe,spearman,,higher,False,48,0.5,False
43,contiformer,timestamp_jitter_100ms,sim_clock_lag_recovery_v1,primary_physiology_response_lag_s,ridge_recovery_probe,mae_s,6.549039659100479,lower,True,48,2.0,False
43,contiformer,timestamp_jitter_100ms,sim_clock_lag_recovery_v1,primary_physiology_response_lag_s,ridge_recovery_probe,rmse_s,7.794251229597554,lower,True,48,2.0,False
43,contiformer,timestamp_jitter_100ms,sim_clock_lag_recovery_v1,primary_physiology_response_lag_s,ridge_recovery_probe,tolerance_hit_rate,0.14583333333333334,higher,True,48,2.0,False
43,contiformer,timestamp_jitter_100ms,sim_clock_lag_recovery_v1,primary_physiology_response_lag_s,ridge_recovery_probe,spearman,0.026253230781903395,higher,True,48,2.0,False
43,contiformer,clock_offset_+0.00s,sim_clock_lag_recovery_v1,relative_clock_offset_magnitude_s,ridge_recovery_probe,mae_s,0.3792571568240722,lower,True,48,0.5,False
43,contiformer,clock_offset_+0.00s,sim_clock_lag_recovery_v1,relative_clock_offset_magnitude_s,ridge_recovery_probe,rmse_s,0.4552206309930265,lower,True,48,0.5,False
43,contiformer,clock_offset_+0.00s,sim_clock_lag_recovery_v1,relative_clock_offset_magnitude_s,ridge_recovery_probe,tolerance_hit_rate,0.625,higher,True,48,0.5,False
43,contiformer,clock_offset_+0.00s,sim_clock_lag_recovery_v1,relative_clock_offset_magnitude_s,ridge_recovery_probe,spearman,,higher,False,48,0.5,False
43,contiformer,clock_offset_+0.00s,sim_clock_lag_recovery_v1,primary_physiology_response_lag_s,ridge_recovery_probe,mae_s,5.7967251736536225,lower,True,48,2.0,False
43,contiformer,clock_offset_+0.00s,sim_clock_lag_recovery_v1,primary_physiology_response_lag_s,ridge_recovery_probe,rmse_s,7.378575578639432,lower,True,48,2.0,False
43,contiformer,clock_offset_+0.00s,sim_clock_lag_recovery_v1,primary_physiology_response_lag_s,ridge_recovery_probe,tolerance_hit_rate,0.20833333333333334,higher,True,48,2.0,False
43,contiformer,clock_offset_+0.00s,sim_clock_lag_recovery_v1,primary_physiology_response_lag_s,ridge_recovery_probe,spearman,0.16605168469553894,higher,True,48,2.0,False
43,contiformer,clock_offset_-0.25s,sim_clock_lag_recovery_v1,relative_clock_offset_magnitude_s,ridge_recovery_probe,mae_s,0.43869082629680634,lower,True,48,0.5,False
43,contiformer,clock_offset_-0.25s,sim_clock_lag_recovery_v1,relative_clock_offset_magnitude_s,ridge_recovery_probe,rmse_s,0.5079743551575124,lower,True,48,0.5,False
43,contiformer,clock_offset_-0.25s,sim_clock_lag_recovery_v1,relative_clock_offset_magnitude_s,ridge_recovery_probe,tolerance_hit_rate,0.5625,higher,True,48,0.5,False
43,contiformer,clock_offset_-0.25s,sim_clock_lag_recovery_v1,relative_clock_offset_magnitude_s,ridge_recovery_probe,spearman,,higher,False,48,0.5,False
43,contiformer,clock_offset_-0.25s,sim_clock_lag_recovery_v1,primary_physiology_response_lag_s,ridge_recovery_probe,mae_s,4.900017867085154,lower,True,48,2.0,False
43,contiformer,clock_offset_-0.25s,sim_clock_lag_recovery_v1,primary_physiology_response_lag_s,ridge_recovery_probe,rmse_s,6.210922579695574,lower,True,48,2.0,False
43,contiformer,clock_offset_-0.25s,sim_clock_lag_recovery_v1,primary_physiology_response_lag_s,ridge_recovery_probe,tolerance_hit_rate,0.2708333333333333,higher,True,48,2.0,False
43,contiformer,clock_offset_-0.25s,sim_clock_lag_recovery_v1,primary_physiology_response_lag_s,ridge_recovery_probe,spearman,0.051193800024711626,higher,True,48,2.0,False
43,contiformer,clock_offset_+0.25s,sim_clock_lag_recovery_v1,relative_clock_offset_magnitude_s,ridge_recovery_probe,mae_s,0.4400716864814361,lower,True,48,0.5,False
43,contiformer,clock_offset_+0.25s,sim_clock_lag_recovery_v1,relative_clock_offset_magnitude_s,ridge_recovery_probe,rmse_s,0.5099992136865094,lower,True,48,0.5,False
43,contiformer,clock_offset_+0.25s,sim_clock_lag_recovery_v1,relative_clock_offset_magnitude_s,ridge_recovery_probe,tolerance_hit_rate,0.5625,higher,True,48,0.5,False
43,contiformer,clock_offset_+0.25s,sim_clock_lag_recovery_v1,relative_clock_offset_magnitude_s,ridge_recovery_probe,spearman,,higher,False,48,0.5,False
43,contiformer,clock_offset_+0.25s,sim_clock_lag_recovery_v1,primary_physiology_response_lag_s,ridge_recovery_probe,mae_s,4.883908134706016,lower,True,48,2.0,False
43,contiformer,clock_offset_+0.25s,sim_clock_lag_recovery_v1,primary_physiology_response_lag_s,ridge_recovery_probe,rmse_s,6.216671392411557,lower,True,48,2.0,False
43,contiformer,clock_offset_+0.25s,sim_clock_lag_recovery_v1,primary_physiology_response_lag_s,ridge_recovery_probe,tolerance_hit_rate,0.2916666666666667,higher,True,48,2.0,False
43,contiformer,clock_offset_+0.25s,sim_clock_lag_recovery_v1,primary_physiology_response_lag_s,ridge_recovery_probe,spearman,0.0433178307901406,higher,True,48,2.0,False
43,contiformer,clock_offset_-1.00s,sim_clock_lag_recovery_v1,relative_clock_offset_magnitude_s,ridge_recovery_probe,mae_s,1.2153462264686823,lower,True,48,0.5,False
43,contiformer,clock_offset_-1.00s,sim_clock_lag_recovery_v1,relative_clock_offset_magnitude_s,ridge_recovery_probe,rmse_s,1.276049271345895,lower,True,48,0.5,False
43,contiformer,clock_offset_-1.00s,sim_clock_lag_recovery_v1,relative_clock_offset_magnitude_s,ridge_recovery_probe,tolerance_hit_rate,0.020833333333333332,higher,True,48,0.5,False
43,contiformer,clock_offset_-1.00s,sim_clock_lag_recovery_v1,relative_clock_offset_magnitude_s,ridge_recovery_probe,spearman,,higher,False,48,0.5,False
43,contiformer,clock_offset_-1.00s,sim_clock_lag_recovery_v1,primary_physiology_response_lag_s,ridge_recovery_probe,mae_s,5.910738438230216,lower,True,48,2.0,False
43,contiformer,clock_offset_-1.00s,sim_clock_lag_recovery_v1,primary_physiology_response_lag_s,ridge_recovery_probe,rmse_s,7.4363325695568685,lower,True,48,2.0,False
43,contiformer,clock_offset_-1.00s,sim_clock_lag_recovery_v1,primary_physiology_response_lag_s,ridge_recovery_probe,tolerance_hit_rate,0.1875,higher,True,48,2.0,False
43,contiformer,clock_offset_-1.00s,sim_clock_lag_recovery_v1,primary_physiology_response_lag_s,ridge_recovery_probe,spearman,0.18311628470377617,higher,True,48,2.0,False
43,contiformer,clock_offset_+1.00s,sim_clock_lag_recovery_v1,relative_clock_offset_magnitude_s,ridge_recovery_probe,mae_s,1.2069671116769314,lower,True,48,0.5,False
43,contiformer,clock_offset_+1.00s,sim_clock_lag_recovery_v1,relative_clock_offset_magnitude_s,ridge_recovery_probe,rmse_s,1.2707329868869561,lower,True,48,0.5,False
43,contiformer,clock_offset_+1.00s,sim_clock_lag_recovery_v1,relative_clock_offset_magnitude_s,ridge_recovery_probe,tolerance_hit_rate,0.041666666666666664,higher,True,48,0.5,False
43,contiformer,clock_offset_+1.00s,sim_clock_lag_recovery_v1,relative_clock_offset_magnitude_s,ridge_recovery_probe,spearman,,higher,False,48,0.5,False
43,contiformer,clock_offset_+1.00s,sim_clock_lag_recovery_v1,primary_physiology_response_lag_s,ridge_recovery_probe,mae_s,5.6898071814193925,lower,True,48,2.0,False
43,contiformer,clock_offset_+1.00s,sim_clock_lag_recovery_v1,primary_physiology_response_lag_s,ridge_recovery_probe,rmse_s,7.343521842763062,lower,True,48,2.0,False
43,contiformer,clock_offset_+1.00s,sim_clock_lag_recovery_v1,primary_physiology_response_lag_s,ridge_recovery_probe,tolerance_hit_rate,0.25,higher,True,48,2.0,False
43,contiformer,clock_offset_+1.00s,sim_clock_lag_recovery_v1,primary_physiology_response_lag_s,ridge_recovery_probe,spearman,0.17130233085191968,higher,True,48,2.0,False
43,contiformer,clock_offset_-3.00s,sim_clock_lag_recovery_v1,relative_clock_offset_magnitude_s,ridge_recovery_probe,mae_s,3.2118410455683866,lower,True,48,0.5,False
43,contiformer,clock_offset_-3.00s,sim_clock_lag_recovery_v1,relative_clock_offset_magnitude_s,ridge_recovery_probe,rmse_s,3.232381683426377,lower,True,48,0.5,False
43,contiformer,clock_offset_-3.00s,sim_clock_lag_recovery_v1,relative_clock_offset_magnitude_s,ridge_recovery_probe,tolerance_hit_rate,0.0,higher,True,48,0.5,False
43,contiformer,clock_offset_-3.00s,sim_clock_lag_recovery_v1,relative_clock_offset_magnitude_s,ridge_recovery_probe,spearman,,higher,False,48,0.5,False
43,contiformer,clock_offset_-3.00s,sim_clock_lag_recovery_v1,primary_physiology_response_lag_s,ridge_recovery_probe,mae_s,6.009551614385306,lower,True,48,2.0,False
43,contiformer,clock_offset_-3.00s,sim_clock_lag_recovery_v1,primary_physiology_response_lag_s,ridge_recovery_probe,rmse_s,7.415528149017829,lower,True,48,2.0,False
43,contiformer,clock_offset_-3.00s,sim_clock_lag_recovery_v1,primary_physiology_response_lag_s,ridge_recovery_probe,tolerance_hit_rate,0.1875,higher,True,48,2.0,False
43,contiformer,clock_offset_-3.00s,sim_clock_lag_recovery_v1,primary_physiology_response_lag_s,ridge_recovery_probe,spearman,0.21002584625522716,higher,True,48,2.0,False
43,contiformer,clock_offset_+3.00s,sim_clock_lag_recovery_v1,relative_clock_offset_magnitude_s,ridge_recovery_probe,mae_s,3.185178174326817,lower,True,48,0.5,False
43,contiformer,clock_offset_+3.00s,sim_clock_lag_recovery_v1,relative_clock_offset_magnitude_s,ridge_recovery_probe,rmse_s,3.2110482463198626,lower,True,48,0.5,False
43,contiformer,clock_offset_+3.00s,sim_clock_lag_recovery_v1,relative_clock_offset_magnitude_s,ridge_recovery_probe,tolerance_hit_rate,0.0,higher,True,48,0.5,False
43,contiformer,clock_offset_+3.00s,sim_clock_lag_recovery_v1,relative_clock_offset_magnitude_s,ridge_recovery_probe,spearman,,higher,False,48,0.5,False
43,contiformer,clock_offset_+3.00s,sim_clock_lag_recovery_v1,primary_physiology_response_lag_s,ridge_recovery_probe,mae_s,5.478821891307883,lower,True,48,2.0,False
43,contiformer,clock_offset_+3.00s,sim_clock_lag_recovery_v1,primary_physiology_response_lag_s,ridge_recovery_probe,rmse_s,7.201374417148432,lower,True,48,2.0,False
43,contiformer,clock_offset_+3.00s,sim_clock_lag_recovery_v1,primary_physiology_response_lag_s,ridge_recovery_probe,tolerance_hit_rate,0.2916666666666667,higher,True,48,2.0,False
43,contiformer,clock_offset_+3.00s,sim_clock_lag_recovery_v1,primary_physiology_response_lag_s,ridge_recovery_probe,spearman,0.15948837700006313,higher,True,48,2.0,False
43,contiformer,clock_drift_+000ppm,sim_clock_lag_recovery_v1,relative_clock_offset_magnitude_s,ridge_recovery_probe,mae_s,0.3792571568240722,lower,True,48,0.5,False
43,contiformer,clock_drift_+000ppm,sim_clock_lag_recovery_v1,relative_clock_offset_magnitude_s,ridge_recovery_probe,rmse_s,0.4552206309930265,lower,True,48,0.5,False
43,contiformer,clock_drift_+000ppm,sim_clock_lag_recovery_v1,relative_clock_offset_magnitude_s,ridge_recovery_probe,tolerance_hit_rate,0.625,higher,True,48,0.5,False
43,contiformer,clock_drift_+000ppm,sim_clock_lag_recovery_v1,relative_clock_offset_magnitude_s,ridge_recovery_probe,spearman,,higher,False,48,0.5,False
43,contiformer,clock_drift_+000ppm,sim_clock_lag_recovery_v1,primary_physiology_response_lag_s,ridge_recovery_probe,mae_s,5.7967251736536225,lower,True,48,2.0,False
43,contiformer,clock_drift_+000ppm,sim_clock_lag_recovery_v1,primary_physiology_response_lag_s,ridge_recovery_probe,rmse_s,7.378575578639432,lower,True,48,2.0,False
43,contiformer,clock_drift_+000ppm,sim_clock_lag_recovery_v1,primary_physiology_response_lag_s,ridge_recovery_probe,tolerance_hit_rate,0.20833333333333334,higher,True,48,2.0,False
43,contiformer,clock_drift_+000ppm,sim_clock_lag_recovery_v1,primary_physiology_response_lag_s,ridge_recovery_probe,spearman,0.16605168469553894,higher,True,48,2.0,False
43,contiformer,clock_drift_-050ppm,sim_clock_lag_recovery_v1,relative_clock_offset_magnitude_s,ridge_recovery_probe,mae_s,0.33903237866858643,lower,True,48,0.5,False
43,contiformer,clock_drift_-050ppm,sim_clock_lag_recovery_v1,relative_clock_offset_magnitude_s,ridge_recovery_probe,rmse_s,0.42401639102317396,lower,True,48,0.5,False
43,contiformer,clock_drift_-050ppm,sim_clock_lag_recovery_v1,relative_clock_offset_magnitude_s,ridge_recovery_probe,tolerance_hit_rate,0.7291666666666666,higher,True,48,0.5,False
43,contiformer,clock_drift_-050ppm,sim_clock_lag_recovery_v1,relative_clock_offset_magnitude_s,ridge_recovery_probe,spearman,,higher,False,48,0.5,False
43,contiformer,clock_drift_-050ppm,sim_clock_lag_recovery_v1,primary_physiology_response_lag_s,ridge_recovery_probe,mae_s,4.9589713038252405,lower,True,48,2.0,False
43,contiformer,clock_drift_-050ppm,sim_clock_lag_recovery_v1,primary_physiology_response_lag_s,ridge_recovery_probe,rmse_s,6.290858372686329,lower,True,48,2.0,False
43,contiformer,clock_drift_-050ppm,sim_clock_lag_recovery_v1,primary_physiology_response_lag_s,ridge_recovery_probe,tolerance_hit_rate,0.3333333333333333,higher,True,48,2.0,False
43,contiformer,clock_drift_-050ppm,sim_clock_lag_recovery_v1,primary_physiology_response_lag_s,ridge_recovery_probe,spearman,0.02428423847326064,higher,True,48,2.0,False
43,contiformer,clock_drift_+050ppm,sim_clock_lag_recovery_v1,relative_clock_offset_magnitude_s,ridge_recovery_probe,mae_s,0.3357340556879838,lower,True,48,0.5,False
43,contiformer,clock_drift_+050ppm,sim_clock_lag_recovery_v1,relative_clock_offset_magnitude_s,ridge_recovery_probe,rmse_s,0.41430363724792485,lower,True,48,0.5,False
43,contiformer,clock_drift_+050ppm,sim_clock_lag_recovery_v1,relative_clock_offset_magnitude_s,ridge_recovery_probe,tolerance_hit_rate,0.7708333333333334,higher,True,48,0.5,False
43,contiformer,clock_drift_+050ppm,sim_clock_lag_recovery_v1,relative_clock_offset_magnitude_s,ridge_recovery_probe,spearman,,higher,False,48,0.5,False
43,contiformer,clock_drift_+050ppm,sim_clock_lag_recovery_v1,primary_physiology_response_lag_s,ridge_recovery_probe,mae_s,4.831735231301265,lower,True,48,2.0,False
43,contiformer,clock_drift_+050ppm,sim_clock_lag_recovery_v1,primary_physiology_response_lag_s,ridge_recovery_probe,rmse_s,6.162730547595291,lower,True,48,2.0,False
43,contiformer,clock_drift_+050ppm,sim_clock_lag_recovery_v1,primary_physiology_response_lag_s,ridge_recovery_probe,tolerance_hit_rate,0.2916666666666667,higher,True,48,2.0,False
43,contiformer,clock_drift_+050ppm,sim_clock_lag_recovery_v1,primary_physiology_response_lag_s,ridge_recovery_probe,spearman,0.051850130794259215,higher,True,48,2.0,False
43,contiformer,clock_drift_-100ppm,sim_clock_lag_recovery_v1,relative_clock_offset_magnitude_s,ridge_recovery_probe,mae_s,0.3395337617645661,lower,True,48,0.5,False
43,contiformer,clock_drift_-100ppm,sim_clock_lag_recovery_v1,relative_clock_offset_magnitude_s,ridge_recovery_probe,rmse_s,0.42515755409628614,lower,True,48,0.5,False
43,contiformer,clock_drift_-100ppm,sim_clock_lag_recovery_v1,relative_clock_offset_magnitude_s,ridge_recovery_probe,tolerance_hit_rate,0.75,higher,True,48,0.5,False
43,contiformer,clock_drift_-100ppm,sim_clock_lag_recovery_v1,relative_clock_offset_magnitude_s,ridge_recovery_probe,spearman,,higher,False,48,0.5,False
43,contiformer,clock_drift_-100ppm,sim_clock_lag_recovery_v1,primary_physiology_response_lag_s,ridge_recovery_probe,mae_s,4.95762486966914,lower,True,48,2.0,False
43,contiformer,clock_drift_-100ppm,sim_clock_lag_recovery_v1,primary_physiology_response_lag_s,ridge_recovery_probe,rmse_s,6.293973744054193,lower,True,48,2.0,False
43,contiformer,clock_drift_-100ppm,sim_clock_lag_recovery_v1,primary_physiology_response_lag_s,ridge_recovery_probe,tolerance_hit_rate,0.3333333333333333,higher,True,48,2.0,False
43,contiformer,clock_drift_-100ppm,sim_clock_lag_recovery_v1,primary_physiology_response_lag_s,ridge_recovery_probe,spearman,0.023627907703713057,higher,True,48,2.0,False
43,contiformer,clock_drift_+100ppm,sim_clock_lag_recovery_v1,relative_clock_offset_magnitude_s,ridge_recovery_probe,mae_s,0.33511825030048686,lower,True,48,0.5,False
43,contiformer,clock_drift_+100ppm,sim_clock_lag_recovery_v1,relative_clock_offset_magnitude_s,ridge_recovery_probe,rmse_s,0.41347216026759537,lower,True,48,0.5,False
43,contiformer,clock_drift_+100ppm,sim_clock_lag_recovery_v1,relative_clock_offset_magnitude_s,ridge_recovery_probe,tolerance_hit_rate,0.7708333333333334,higher,True,48,0.5,False
43,contiformer,clock_drift_+100ppm,sim_clock_lag_recovery_v1,relative_clock_offset_magnitude_s,ridge_recovery_probe,spearman,,higher,False,48,0.5,False
43,contiformer,clock_drift_+100ppm,sim_clock_lag_recovery_v1,primary_physiology_response_lag_s,ridge_recovery_probe,mae_s,4.831378661415058,lower,True,48,2.0,False
43,contiformer,clock_drift_+100ppm,sim_clock_lag_recovery_v1,primary_physiology_response_lag_s,ridge_recovery_probe,rmse_s,6.1642569567998935,lower,True,48,2.0,False
43,contiformer,clock_drift_+100ppm,sim_clock_lag_recovery_v1,primary_physiology_response_lag_s,ridge_recovery_probe,tolerance_hit_rate,0.2916666666666667,higher,True,48,2.0,False
43,contiformer,clock_drift_+100ppm,sim_clock_lag_recovery_v1,primary_physiology_response_lag_s,ridge_recovery_probe,spearman,0.051850130794259215,higher,True,48,2.0,False
43,contiformer,clock_drift_-250ppm,sim_clock_lag_recovery_v1,relative_clock_offset_magnitude_s,ridge_recovery_probe,mae_s,0.34203137643635273,lower,True,48,0.5,False
43,contiformer,clock_drift_-250ppm,sim_clock_lag_recovery_v1,relative_clock_offset_magnitude_s,ridge_recovery_probe,rmse_s,0.42921105759349637,lower,True,48,0.5,False
43,contiformer,clock_drift_-250ppm,sim_clock_lag_recovery_v1,relative_clock_offset_magnitude_s,ridge_recovery_probe,tolerance_hit_rate,0.75,higher,True,48,0.5,False
43,contiformer,clock_drift_-250ppm,sim_clock_lag_recovery_v1,relative_clock_offset_magnitude_s,ridge_recovery_probe,spearman,,higher,False,48,0.5,False
43,contiformer,clock_drift_-250ppm,sim_clock_lag_recovery_v1,primary_physiology_response_lag_s,ridge_recovery_probe,mae_s,4.953616546714962,lower,True,48,2.0,False
43,contiformer,clock_drift_-250ppm,sim_clock_lag_recovery_v1,primary_physiology_response_lag_s,ridge_recovery_probe,rmse_s,6.304850333553503,lower,True,48,2.0,False
43,contiformer,clock_drift_-250ppm,sim_clock_lag_recovery_v1,primary_physiology_response_lag_s,ridge_recovery_probe,tolerance_hit_rate,0.3333333333333333,higher,True,48,2.0,False
43,contiformer,clock_drift_-250ppm,sim_clock_lag_recovery_v1,primary_physiology_response_lag_s,ridge_recovery_probe,spearman,0.019689923086427547,higher,True,48,2.0,False
43,contiformer,clock_drift_+250ppm,sim_clock_lag_recovery_v1,relative_clock_offset_magnitude_s,ridge_recovery_probe,mae_s,0.33379164213935536,lower,True,48,0.5,False
43,contiformer,clock_drift_+250ppm,sim_clock_lag_recovery_v1,relative_clock_offset_magnitude_s,ridge_recovery_probe,rmse_s,0.4116708543938389,lower,True,48,0.5,False
43,contiformer,clock_drift_+250ppm,sim_clock_lag_recovery_v1,relative_clock_offset_magnitude_s,ridge_recovery_probe,tolerance_hit_rate,0.8125,higher,True,48,0.5,False
43,contiformer,clock_drift_+250ppm,sim_clock_lag_recovery_v1,relative_clock_offset_magnitude_s,ridge_recovery_probe,spearman,,higher,False,48,0.5,False
43,contiformer,clock_drift_+250ppm,sim_clock_lag_recovery_v1,primary_physiology_response_lag_s,ridge_recovery_probe,mae_s,4.8316468708577,lower,True,48,2.0,False
43,contiformer,clock_drift_+250ppm,sim_clock_lag_recovery_v1,primary_physiology_response_lag_s,ridge_recovery_probe,rmse_s,6.170517720272137,lower,True,48,2.0,False
43,contiformer,clock_drift_+250ppm,sim_clock_lag_recovery_v1,primary_physiology_response_lag_s,ridge_recovery_probe,tolerance_hit_rate,0.2916666666666667,higher,True,48,2.0,False
43,contiformer,clock_drift_+250ppm,sim_clock_lag_recovery_v1,primary_physiology_response_lag_s,ridge_recovery_probe,spearman,0.0564444461810923,higher,True,48,2.0,False
43,contiformer,random_missing_00pct,sim_clock_lag_recovery_v1,relative_clock_offset_magnitude_s,ridge_recovery_probe,mae_s,0.3792571568240722,lower,True,48,0.5,False
43,contiformer,random_missing_00pct,sim_clock_lag_recovery_v1,relative_clock_offset_magnitude_s,ridge_recovery_probe,rmse_s,0.4552206309930265,lower,True,48,0.5,False
43,contiformer,random_missing_00pct,sim_clock_lag_recovery_v1,relative_clock_offset_magnitude_s,ridge_recovery_probe,tolerance_hit_rate,0.625,higher,True,48,0.5,False
43,contiformer,random_missing_00pct,sim_clock_lag_recovery_v1,relative_clock_offset_magnitude_s,ridge_recovery_probe,spearman,,higher,False,48,0.5,False
43,contiformer,random_missing_00pct,sim_clock_lag_recovery_v1,primary_physiology_response_lag_s,ridge_recovery_probe,mae_s,5.7967251736536225,lower,True,48,2.0,False
43,contiformer,random_missing_00pct,sim_clock_lag_recovery_v1,primary_physiology_response_lag_s,ridge_recovery_probe,rmse_s,7.378575578639432,lower,True,48,2.0,False
43,contiformer,random_missing_00pct,sim_clock_lag_recovery_v1,primary_physiology_response_lag_s,ridge_recovery_probe,tolerance_hit_rate,0.20833333333333334,higher,True,48,2.0,False
43,contiformer,random_missing_00pct,sim_clock_lag_recovery_v1,primary_physiology_response_lag_s,ridge_recovery_probe,spearman,0.16605168469553894,higher,True,48,2.0,False
43,contiformer,random_missing_10pct,sim_clock_lag_recovery_v1,relative_clock_offset_magnitude_s,ridge_recovery_probe,mae_s,0.3321632718046506,lower,True,48,0.5,False
43,contiformer,random_missing_10pct,sim_clock_lag_recovery_v1,relative_clock_offset_magnitude_s,ridge_recovery_probe,rmse_s,0.4122972732866092,lower,True,48,0.5,False
43,contiformer,random_missing_10pct,sim_clock_lag_recovery_v1,relative_clock_offset_magnitude_s,ridge_recovery_probe,tolerance_hit_rate,0.6875,higher,True,48,0.5,False
43,contiformer,random_missing_10pct,sim_clock_lag_recovery_v1,relative_clock_offset_magnitude_s,ridge_recovery_probe,spearman,,higher,False,48,0.5,False
43,contiformer,random_missing_10pct,sim_clock_lag_recovery_v1,primary_physiology_response_lag_s,ridge_recovery_probe,mae_s,5.085135303419569,lower,True,48,2.0,False
43,contiformer,random_missing_10pct,sim_clock_lag_recovery_v1,primary_physiology_response_lag_s,ridge_recovery_probe,rmse_s,6.696850685364135,lower,True,48,2.0,False
43,contiformer,random_missing_10pct,sim_clock_lag_recovery_v1,primary_physiology_response_lag_s,ridge_recovery_probe,tolerance_hit_rate,0.2916666666666667,higher,True,48,2.0,False
43,contiformer,random_missing_10pct,sim_clock_lag_recovery_v1,primary_physiology_response_lag_s,ridge_recovery_probe,spearman,0.2041188693292989,higher,True,48,2.0,False
43,contiformer,random_missing_30pct,sim_clock_lag_recovery_v1,relative_clock_offset_magnitude_s,ridge_recovery_probe,mae_s,0.521395210797588,lower,True,48,0.5,False
43,contiformer,random_missing_30pct,sim_clock_lag_recovery_v1,relative_clock_offset_magnitude_s,ridge_recovery_probe,rmse_s,0.6362029649126417,lower,True,48,0.5,False
43,contiformer,random_missing_30pct,sim_clock_lag_recovery_v1,relative_clock_offset_magnitude_s,ridge_recovery_probe,tolerance_hit_rate,0.4583333333333333,higher,True,48,0.5,False
43,contiformer,random_missing_30pct,sim_clock_lag_recovery_v1,relative_clock_offset_magnitude_s,ridge_recovery_probe,spearman,,higher,False,48,0.5,False
43,contiformer,random_missing_30pct,sim_clock_lag_recovery_v1,primary_physiology_response_lag_s,ridge_recovery_probe,mae_s,5.040364000162301,lower,True,48,2.0,False
43,contiformer,random_missing_30pct,sim_clock_lag_recovery_v1,primary_physiology_response_lag_s,ridge_recovery_probe,rmse_s,6.352392127627389,lower,True,48,2.0,False
43,contiformer,random_missing_30pct,sim_clock_lag_recovery_v1,primary_physiology_response_lag_s,ridge_recovery_probe,tolerance_hit_rate,0.2916666666666667,higher,True,48,2.0,False
43,contiformer,random_missing_30pct,sim_clock_lag_recovery_v1,primary_physiology_response_lag_s,ridge_recovery_probe,spearman,0.13389147698770731,higher,True,48,2.0,False
43,contiformer,random_missing_50pct,sim_clock_lag_recovery_v1,relative_clock_offset_magnitude_s,ridge_recovery_probe,mae_s,1.1114324542383354,lower,True,48,0.5,False
43,contiformer,random_missing_50pct,sim_clock_lag_recovery_v1,relative_clock_offset_magnitude_s,ridge_recovery_probe,rmse_s,1.2006490840871262,lower,True,48,0.5,False
43,contiformer,random_missing_50pct,sim_clock_lag_recovery_v1,relative_clock_offset_magnitude_s,ridge_recovery_probe,tolerance_hit_rate,0.08333333333333333,higher,True,48,0.5,False
43,contiformer,random_missing_50pct,sim_clock_lag_recovery_v1,relative_clock_offset_magnitude_s,ridge_recovery_probe,spearman,,higher,False,48,0.5,False
43,contiformer,random_missing_50pct,sim_clock_lag_recovery_v1,primary_physiology_response_lag_s,ridge_recovery_probe,mae_s,6.8845269344074635,lower,True,48,2.0,False
43,contiformer,random_missing_50pct,sim_clock_lag_recovery_v1,primary_physiology_response_lag_s,ridge_recovery_probe,rmse_s,8.21925068235472,lower,True,48,2.0,False
43,contiformer,random_missing_50pct,sim_clock_lag_recovery_v1,primary_physiology_response_lag_s,ridge_recovery_probe,tolerance_hit_rate,0.0625,higher,True,48,2.0,False
43,contiformer,random_missing_50pct,sim_clock_lag_recovery_v1,primary_physiology_response_lag_s,ridge_recovery_probe,spearman,0.21855814625934578,higher,True,48,2.0,False
43,contiformer,contiguous_gap_00s,sim_clock_lag_recovery_v1,relative_clock_offset_magnitude_s,ridge_recovery_probe,mae_s,0.3792571568240722,lower,True,48,0.5,False
43,contiformer,contiguous_gap_00s,sim_clock_lag_recovery_v1,relative_clock_offset_magnitude_s,ridge_recovery_probe,rmse_s,0.4552206309930265,lower,True,48,0.5,False
43,contiformer,contiguous_gap_00s,sim_clock_lag_recovery_v1,relative_clock_offset_magnitude_s,ridge_recovery_probe,tolerance_hit_rate,0.625,higher,True,48,0.5,False
43,contiformer,contiguous_gap_00s,sim_clock_lag_recovery_v1,relative_clock_offset_magnitude_s,ridge_recovery_probe,spearman,,higher,False,48,0.5,False
43,contiformer,contiguous_gap_00s,sim_clock_lag_recovery_v1,primary_physiology_response_lag_s,ridge_recovery_probe,mae_s,5.7967251736536225,lower,True,48,2.0,False
43,contiformer,contiguous_gap_00s,sim_clock_lag_recovery_v1,primary_physiology_response_lag_s,ridge_recovery_probe,rmse_s,7.378575578639432,lower,True,48,2.0,False
43,contiformer,contiguous_gap_00s,sim_clock_lag_recovery_v1,primary_physiology_response_lag_s,ridge_recovery_probe,tolerance_hit_rate,0.20833333333333334,higher,True,48,2.0,False
43,contiformer,contiguous_gap_00s,sim_clock_lag_recovery_v1,primary_physiology_response_lag_s,ridge_recovery_probe,spearman,0.16605168469553894,higher,True,48,2.0,False
43,contiformer,contiguous_gap_05s,sim_clock_lag_recovery_v1,relative_clock_offset_magnitude_s,ridge_recovery_probe,mae_s,0.3571947955836852,lower,True,48,0.5,False
43,contiformer,contiguous_gap_05s,sim_clock_lag_recovery_v1,relative_clock_offset_magnitude_s,ridge_recovery_probe,rmse_s,0.4294116554043474,lower,True,48,0.5,False
43,contiformer,contiguous_gap_05s,sim_clock_lag_recovery_v1,relative_clock_offset_magnitude_s,ridge_recovery_probe,tolerance_hit_rate,0.7708333333333334,higher,True,48,0.5,False
43,contiformer,contiguous_gap_05s,sim_clock_lag_recovery_v1,relative_clock_offset_magnitude_s,ridge_recovery_probe,spearman,,higher,False,48,0.5,False
43,contiformer,contiguous_gap_05s,sim_clock_lag_recovery_v1,primary_physiology_response_lag_s,ridge_recovery_probe,mae_s,5.185055980558482,lower,True,48,2.0,False
43,contiformer,contiguous_gap_05s,sim_clock_lag_recovery_v1,primary_physiology_response_lag_s,ridge_recovery_probe,rmse_s,6.624761062035834,lower,True,48,2.0,False
43,contiformer,contiguous_gap_05s,sim_clock_lag_recovery_v1,primary_physiology_response_lag_s,ridge_recovery_probe,tolerance_hit_rate,0.25,higher,True,48,2.0,False
43,contiformer,contiguous_gap_05s,sim_clock_lag_recovery_v1,primary_physiology_response_lag_s,ridge_recovery_probe,spearman,0.1732713231605624,higher,True,48,2.0,False
43,contiformer,contiguous_gap_15s,sim_clock_lag_recovery_v1,relative_clock_offset_magnitude_s,ridge_recovery_probe,mae_s,0.9361581603686014,lower,True,48,0.5,False
43,contiformer,contiguous_gap_15s,sim_clock_lag_recovery_v1,relative_clock_offset_magnitude_s,ridge_recovery_probe,rmse_s,1.082447118059013,lower,True,48,0.5,False
43,contiformer,contiguous_gap_15s,sim_clock_lag_recovery_v1,relative_clock_offset_magnitude_s,ridge_recovery_probe,tolerance_hit_rate,0.25,higher,True,48,0.5,False
43,contiformer,contiguous_gap_15s,sim_clock_lag_recovery_v1,relative_clock_offset_magnitude_s,ridge_recovery_probe,spearman,,higher,False,48,0.5,False
43,contiformer,contiguous_gap_15s,sim_clock_lag_recovery_v1,primary_physiology_response_lag_s,ridge_recovery_probe,mae_s,5.386234929649693,lower,True,48,2.0,False
43,contiformer,contiguous_gap_15s,sim_clock_lag_recovery_v1,primary_physiology_response_lag_s,ridge_recovery_probe,rmse_s,6.869067740817296,lower,True,48,2.0,False
43,contiformer,contiguous_gap_15s,sim_clock_lag_recovery_v1,primary_physiology_response_lag_s,ridge_recovery_probe,tolerance_hit_rate,0.2708333333333333,higher,True,48,2.0,False
43,contiformer,contiguous_gap_15s,sim_clock_lag_recovery_v1,primary_physiology_response_lag_s,ridge_recovery_probe,spearman,0.07154005388068675,higher,True,48,2.0,False
43,contiformer,contiguous_gap_30s,sim_clock_lag_recovery_v1,relative_clock_offset_magnitude_s,ridge_recovery_probe,mae_s,2.1570343325535455,lower,True,48,0.5,False
43,contiformer,contiguous_gap_30s,sim_clock_lag_recovery_v1,relative_clock_offset_magnitude_s,ridge_recovery_probe,rmse_s,2.261470436923102,lower,True,48,0.5,False
43,contiformer,contiguous_gap_30s,sim_clock_lag_recovery_v1,relative_clock_offset_magnitude_s,ridge_recovery_probe,tolerance_hit_rate,0.0,higher,True,48,0.5,False
43,contiformer,contiguous_gap_30s,sim_clock_lag_recovery_v1,relative_clock_offset_magnitude_s,ridge_recovery_probe,spearman,,higher,False,48,0.5,False
43,contiformer,contiguous_gap_30s,sim_clock_lag_recovery_v1,primary_physiology_response_lag_s,ridge_recovery_probe,mae_s,9.350367498074549,lower,True,48,2.0,False
43,contiformer,contiguous_gap_30s,sim_clock_lag_recovery_v1,primary_physiology_response_lag_s,ridge_recovery_probe,rmse_s,11.164511665967382,lower,True,48,2.0,False
43,contiformer,contiguous_gap_30s,sim_clock_lag_recovery_v1,primary_physiology_response_lag_s,ridge_recovery_probe,tolerance_hit_rate,0.14583333333333334,higher,True,48,2.0,False
43,contiformer,contiguous_gap_30s,sim_clock_lag_recovery_v1,primary_physiology_response_lag_s,ridge_recovery_probe,spearman,0.023627907703713057,higher,True,48,2.0,False
43,contiformer,physiology_lag_02s,sim_clock_lag_recovery_v1,relative_clock_offset_magnitude_s,ridge_recovery_probe,mae_s,0.38229092583060265,lower,True,48,0.5,False
43,contiformer,physiology_lag_02s,sim_clock_lag_recovery_v1,relative_clock_offset_magnitude_s,ridge_recovery_probe,rmse_s,0.4583805192942503,lower,True,48,0.5,False
43,contiformer,physiology_lag_02s,sim_clock_lag_recovery_v1,relative_clock_offset_magnitude_s,ridge_recovery_probe,tolerance_hit_rate,0.6458333333333334,higher,True,48,0.5,False
43,contiformer,physiology_lag_02s,sim_clock_lag_recovery_v1,relative_clock_offset_magnitude_s,ridge_recovery_probe,spearman,,higher,False,48,0.5,False
43,contiformer,physiology_lag_02s,sim_clock_lag_recovery_v1,primary_physiology_response_lag_s,ridge_recovery_probe,mae_s,6.902819382918089,lower,True,48,2.0,False
43,contiformer,physiology_lag_02s,sim_clock_lag_recovery_v1,primary_physiology_response_lag_s,ridge_recovery_probe,rmse_s,8.484863391307176,lower,True,48,2.0,False
43,contiformer,physiology_lag_02s,sim_clock_lag_recovery_v1,primary_physiology_response_lag_s,ridge_recovery_probe,tolerance_hit_rate,0.0625,higher,True,48,2.0,False
43,contiformer,physiology_lag_02s,sim_clock_lag_recovery_v1,primary_physiology_response_lag_s,ridge_recovery_probe,spearman,0.1653953539259914,higher,True,48,2.0,False
43,contiformer,physiology_lag_05s,sim_clock_lag_recovery_v1,relative_clock_offset_magnitude_s,ridge_recovery_probe,mae_s,0.3874698995302121,lower,True,48,0.5,False
43,contiformer,physiology_lag_05s,sim_clock_lag_recovery_v1,relative_clock_offset_magnitude_s,ridge_recovery_probe,rmse_s,0.4441795118520194,lower,True,48,0.5,False
43,contiformer,physiology_lag_05s,sim_clock_lag_recovery_v1,relative_clock_offset_magnitude_s,ridge_recovery_probe,tolerance_hit_rate,0.6875,higher,True,48,0.5,False
43,contiformer,physiology_lag_05s,sim_clock_lag_recovery_v1,relative_clock_offset_magnitude_s,ridge_recovery_probe,spearman,,higher,False,48,0.5,False
43,contiformer,physiology_lag_05s,sim_clock_lag_recovery_v1,primary_physiology_response_lag_s,ridge_recovery_probe,mae_s,8.888182844861621,lower,True,48,2.0,False
43,contiformer,physiology_lag_05s,sim_clock_lag_recovery_v1,primary_physiology_response_lag_s,ridge_recovery_probe,rmse_s,10.37874597799168,lower,True,48,2.0,False
43,contiformer,physiology_lag_05s,sim_clock_lag_recovery_v1,primary_physiology_response_lag_s,ridge_recovery_probe,tolerance_hit_rate,0.0625,higher,True,48,2.0,False
43,contiformer,physiology_lag_05s,sim_clock_lag_recovery_v1,primary_physiology_response_lag_s,ridge_recovery_probe,spearman,0.1863979385515141,higher,True,48,2.0,False
43,contiformer,physiology_lag_15s,sim_clock_lag_recovery_v1,relative_clock_offset_magnitude_s,ridge_recovery_probe,mae_s,0.43841370691855747,lower,True,48,0.5,False
43,contiformer,physiology_lag_15s,sim_clock_lag_recovery_v1,relative_clock_offset_magnitude_s,ridge_recovery_probe,rmse_s,0.5461805252307551,lower,True,48,0.5,False
43,contiformer,physiology_lag_15s,sim_clock_lag_recovery_v1,relative_clock_offset_magnitude_s,ridge_recovery_probe,tolerance_hit_rate,0.625,higher,True,48,0.5,False
43,contiformer,physiology_lag_15s,sim_clock_lag_recovery_v1,relative_clock_offset_magnitude_s,ridge_recovery_probe,spearman,,higher,False,48,0.5,False
43,contiformer,physiology_lag_15s,sim_clock_lag_recovery_v1,primary_physiology_response_lag_s,ridge_recovery_probe,mae_s,17.236342575192964,lower,True,48,2.0,False
43,contiformer,physiology_lag_15s,sim_clock_lag_recovery_v1,primary_physiology_response_lag_s,ridge_recovery_probe,rmse_s,18.48251570440759,lower,True,48,2.0,False
43,contiformer,physiology_lag_15s,sim_clock_lag_recovery_v1,primary_physiology_response_lag_s,ridge_recovery_probe,tolerance_hit_rate,0.0,higher,True,48,2.0,False
43,contiformer,physiology_lag_15s,sim_clock_lag_recovery_v1,primary_physiology_response_lag_s,ridge_recovery_probe,spearman,0.13586046929635007,higher,True,48,2.0,False
43,contiformer,physiology_lag_30s,sim_clock_lag_recovery_v1,relative_clock_offset_magnitude_s,ridge_recovery_probe,mae_s,0.4374022092670202,lower,True,48,0.5,False
43,contiformer,physiology_lag_30s,sim_clock_lag_recovery_v1,relative_clock_offset_magnitude_s,ridge_recovery_probe,rmse_s,0.5365949588727401,lower,True,48,0.5,False
43,contiformer,physiology_lag_30s,sim_clock_lag_recovery_v1,relative_clock_offset_magnitude_s,ridge_recovery_probe,tolerance_hit_rate,0.625,higher,True,48,0.5,False
43,contiformer,physiology_lag_30s,sim_clock_lag_recovery_v1,relative_clock_offset_magnitude_s,ridge_recovery_probe,spearman,,higher,False,48,0.5,False
43,contiformer,physiology_lag_30s,sim_clock_lag_recovery_v1,primary_physiology_response_lag_s,ridge_recovery_probe,mae_s,30.158852642814832,lower,True,48,2.0,False
43,contiformer,physiology_lag_30s,sim_clock_lag_recovery_v1,primary_physiology_response_lag_s,ridge_recovery_probe,rmse_s,30.833340964408702,lower,True,48,2.0,False
43,contiformer,physiology_lag_30s,sim_clock_lag_recovery_v1,primary_physiology_response_lag_s,ridge_recovery_probe,tolerance_hit_rate,0.0,higher,True,48,2.0,False
43,contiformer,physiology_lag_30s,sim_clock_lag_recovery_v1,primary_physiology_response_lag_s,ridge_recovery_probe,spearman,0.18442894624287134,higher,True,48,2.0,False
43,contiformer,observation_snr_30db,sim_clock_lag_recovery_v1,relative_clock_offset_magnitude_s,ridge_recovery_probe,mae_s,0.3792571568240722,lower,True,48,0.5,False
43,contiformer,observation_snr_30db,sim_clock_lag_recovery_v1,relative_clock_offset_magnitude_s,ridge_recovery_probe,rmse_s,0.4552206309930265,lower,True,48,0.5,False
43,contiformer,observation_snr_30db,sim_clock_lag_recovery_v1,relative_clock_offset_magnitude_s,ridge_recovery_probe,tolerance_hit_rate,0.625,higher,True,48,0.5,False
43,contiformer,observation_snr_30db,sim_clock_lag_recovery_v1,relative_clock_offset_magnitude_s,ridge_recovery_probe,spearman,,higher,False,48,0.5,False
43,contiformer,observation_snr_30db,sim_clock_lag_recovery_v1,primary_physiology_response_lag_s,ridge_recovery_probe,mae_s,5.7967251736536225,lower,True,48,2.0,False
43,contiformer,observation_snr_30db,sim_clock_lag_recovery_v1,primary_physiology_response_lag_s,ridge_recovery_probe,rmse_s,7.378575578639432,lower,True,48,2.0,False
43,contiformer,observation_snr_30db,sim_clock_lag_recovery_v1,primary_physiology_response_lag_s,ridge_recovery_probe,tolerance_hit_rate,0.20833333333333334,higher,True,48,2.0,False
43,contiformer,observation_snr_30db,sim_clock_lag_recovery_v1,primary_physiology_response_lag_s,ridge_recovery_probe,spearman,0.16605168469553894,higher,True,48,2.0,False
43,contiformer,observation_snr_20db,sim_clock_lag_recovery_v1,relative_clock_offset_magnitude_s,ridge_recovery_probe,mae_s,0.37942024258275825,lower,True,48,0.5,False
43,contiformer,observation_snr_20db,sim_clock_lag_recovery_v1,relative_clock_offset_magnitude_s,ridge_recovery_probe,rmse_s,0.4491060342575313,lower,True,48,0.5,False
43,contiformer,observation_snr_20db,sim_clock_lag_recovery_v1,relative_clock_offset_magnitude_s,ridge_recovery_probe,tolerance_hit_rate,0.6041666666666666,higher,True,48,0.5,False
43,contiformer,observation_snr_20db,sim_clock_lag_recovery_v1,relative_clock_offset_magnitude_s,ridge_recovery_probe,spearman,,higher,False,48,0.5,False
43,contiformer,observation_snr_20db,sim_clock_lag_recovery_v1,primary_physiology_response_lag_s,ridge_recovery_probe,mae_s,5.671765168370267,lower,True,48,2.0,False
43,contiformer,observation_snr_20db,sim_clock_lag_recovery_v1,primary_physiology_response_lag_s,ridge_recovery_probe,rmse_s,7.241353422559695,lower,True,48,2.0,False
43,contiformer,observation_snr_20db,sim_clock_lag_recovery_v1,primary_physiology_response_lag_s,ridge_recovery_probe,tolerance_hit_rate,0.22916666666666666,higher,True,48,2.0,False
43,contiformer,observation_snr_20db,sim_clock_lag_recovery_v1,primary_physiology_response_lag_s,ridge_recovery_probe,spearman,0.20346253855975133,higher,True,48,2.0,False
43,contiformer,observation_snr_10db,sim_clock_lag_recovery_v1,relative_clock_offset_magnitude_s,ridge_recovery_probe,mae_s,0.39001722633838654,lower,True,48,0.5,False
43,contiformer,observation_snr_10db,sim_clock_lag_recovery_v1,relative_clock_offset_magnitude_s,ridge_recovery_probe,rmse_s,0.47192252389964323,lower,True,48,0.5,False
43,contiformer,observation_snr_10db,sim_clock_lag_recovery_v1,relative_clock_offset_magnitude_s,ridge_recovery_probe,tolerance_hit_rate,0.6875,higher,True,48,0.5,False
43,contiformer,observation_snr_10db,sim_clock_lag_recovery_v1,relative_clock_offset_magnitude_s,ridge_recovery_probe,spearman,,higher,False,48,0.5,False
43,contiformer,observation_snr_10db,sim_clock_lag_recovery_v1,primary_physiology_response_lag_s,ridge_recovery_probe,mae_s,4.9729536633136275,lower,True,48,2.0,False
43,contiformer,observation_snr_10db,sim_clock_lag_recovery_v1,primary_physiology_response_lag_s,ridge_recovery_probe,rmse_s,6.337918066246358,lower,True,48,2.0,False
43,contiformer,observation_snr_10db,sim_clock_lag_recovery_v1,primary_physiology_response_lag_s,ridge_recovery_probe,tolerance_hit_rate,0.2916666666666667,higher,True,48,2.0,False
43,contiformer,observation_snr_10db,sim_clock_lag_recovery_v1,primary_physiology_response_lag_s,ridge_recovery_probe,spearman,0.2566253308931057,higher,True,48,2.0,False
43,contiformer,observation_snr_05db,sim_clock_lag_recovery_v1,relative_clock_offset_magnitude_s,ridge_recovery_probe,mae_s,0.722375201061368,lower,True,48,0.5,False
43,contiformer,observation_snr_05db,sim_clock_lag_recovery_v1,relative_clock_offset_magnitude_s,ridge_recovery_probe,rmse_s,0.8361719658411145,lower,True,48,0.5,False
43,contiformer,observation_snr_05db,sim_clock_lag_recovery_v1,relative_clock_offset_magnitude_s,ridge_recovery_probe,tolerance_hit_rate,0.375,higher,True,48,0.5,False
43,contiformer,observation_snr_05db,sim_clock_lag_recovery_v1,relative_clock_offset_magnitude_s,ridge_recovery_probe,spearman,,higher,False,48,0.5,False
43,contiformer,observation_snr_05db,sim_clock_lag_recovery_v1,primary_physiology_response_lag_s,ridge_recovery_probe,mae_s,4.775394489775182,lower,True,48,2.0,False
43,contiformer,observation_snr_05db,sim_clock_lag_recovery_v1,primary_physiology_response_lag_s,ridge_recovery_probe,rmse_s,6.1880118156515485,lower,True,48,2.0,False
43,contiformer,observation_snr_05db,sim_clock_lag_recovery_v1,primary_physiology_response_lag_s,ridge_recovery_probe,tolerance_hit_rate,0.2708333333333333,higher,True,48,2.0,False
43,contiformer,observation_snr_05db,sim_clock_lag_recovery_v1,primary_physiology_response_lag_s,ridge_recovery_probe,spearman,0.2697519462840574,higher,True,48,2.0,False
43,contiformer,mixed_severe,sim_clock_lag_recovery_v1,relative_clock_offset_magnitude_s,ridge_recovery_probe,mae_s,2.939893631885449,lower,True,48,0.5,False
43,contiformer,mixed_severe,sim_clock_lag_recovery_v1,relative_clock_offset_magnitude_s,ridge_recovery_probe,rmse_s,3.0169593250109332,lower,True,48,0.5,False
43,contiformer,mixed_severe,sim_clock_lag_recovery_v1,relative_clock_offset_magnitude_s,ridge_recovery_probe,tolerance_hit_rate,0.0,higher,True,48,0.5,False
43,contiformer,mixed_severe,sim_clock_lag_recovery_v1,relative_clock_offset_magnitude_s,ridge_recovery_probe,spearman,,higher,False,48,0.5,False
43,contiformer,mixed_severe,sim_clock_lag_recovery_v1,primary_physiology_response_lag_s,ridge_recovery_probe,mae_s,10.875774956936615,lower,True,48,2.0,False
43,contiformer,mixed_severe,sim_clock_lag_recovery_v1,primary_physiology_response_lag_s,ridge_recovery_probe,rmse_s,12.440125798686491,lower,True,48,2.0,False
43,contiformer,mixed_severe,sim_clock_lag_recovery_v1,primary_physiology_response_lag_s,ridge_recovery_probe,tolerance_hit_rate,0.041666666666666664,higher,True,48,2.0,False
43,contiformer,mixed_severe,sim_clock_lag_recovery_v1,primary_physiology_response_lag_s,ridge_recovery_probe,spearman,0.11485788467082736,higher,True,48,2.0,False
43,chronaris,timestamp_jitter_000ms,sim_clock_lag_recovery_v1,relative_clock_offset_magnitude_s,ridge_recovery_probe,mae_s,0.44346533467372257,lower,True,48,0.5,False
43,chronaris,timestamp_jitter_000ms,sim_clock_lag_recovery_v1,relative_clock_offset_magnitude_s,ridge_recovery_probe,rmse_s,0.5877156799692971,lower,True,48,0.5,False
43,chronaris,timestamp_jitter_000ms,sim_clock_lag_recovery_v1,relative_clock_offset_magnitude_s,ridge_recovery_probe,tolerance_hit_rate,0.6458333333333334,higher,True,48,0.5,False
43,chronaris,timestamp_jitter_000ms,sim_clock_lag_recovery_v1,relative_clock_offset_magnitude_s,ridge_recovery_probe,spearman,,higher,False,48,0.5,False
43,chronaris,timestamp_jitter_000ms,sim_clock_lag_recovery_v1,primary_physiology_response_lag_s,ridge_recovery_probe,mae_s,5.129104980427637,lower,True,48,2.0,False
43,chronaris,timestamp_jitter_000ms,sim_clock_lag_recovery_v1,primary_physiology_response_lag_s,ridge_recovery_probe,rmse_s,6.007717390313239,lower,True,48,2.0,False
43,chronaris,timestamp_jitter_000ms,sim_clock_lag_recovery_v1,primary_physiology_response_lag_s,ridge_recovery_probe,tolerance_hit_rate,0.16666666666666666,higher,True,48,2.0,False
43,chronaris,timestamp_jitter_000ms,sim_clock_lag_recovery_v1,primary_physiology_response_lag_s,ridge_recovery_probe,spearman,0.4568062156051191,higher,True,48,2.0,False
43,chronaris,timestamp_jitter_020ms,sim_clock_lag_recovery_v1,relative_clock_offset_magnitude_s,ridge_recovery_probe,mae_s,0.5155478361994028,lower,True,48,0.5,False
43,chronaris,timestamp_jitter_020ms,sim_clock_lag_recovery_v1,relative_clock_offset_magnitude_s,ridge_recovery_probe,rmse_s,0.6660335484378561,lower,True,48,0.5,False
43,chronaris,timestamp_jitter_020ms,sim_clock_lag_recovery_v1,relative_clock_offset_magnitude_s,ridge_recovery_probe,tolerance_hit_rate,0.5416666666666666,higher,True,48,0.5,False
43,chronaris,timestamp_jitter_020ms,sim_clock_lag_recovery_v1,relative_clock_offset_magnitude_s,ridge_recovery_probe,spearman,,higher,False,48,0.5,False
43,chronaris,timestamp_jitter_020ms,sim_clock_lag_recovery_v1,primary_physiology_response_lag_s,ridge_recovery_probe,mae_s,5.684282236643848,lower,True,48,2.0,False
43,chronaris,timestamp_jitter_020ms,sim_clock_lag_recovery_v1,primary_physiology_response_lag_s,ridge_recovery_probe,rmse_s,6.713485446532627,lower,True,48,2.0,False
43,chronaris,timestamp_jitter_020ms,sim_clock_lag_recovery_v1,primary_physiology_response_lag_s,ridge_recovery_probe,tolerance_hit_rate,0.1875,higher,True,48,2.0,False
43,chronaris,timestamp_jitter_020ms,sim_clock_lag_recovery_v1,primary_physiology_response_lag_s,ridge_recovery_probe,spearman,0.4541808925269287,higher,True,48,2.0,False
43,chronaris,timestamp_jitter_050ms,sim_clock_lag_recovery_v1,relative_clock_offset_magnitude_s,ridge_recovery_probe,mae_s,0.5862483189751705,lower,True,48,0.5,False
43,chronaris,timestamp_jitter_050ms,sim_clock_lag_recovery_v1,relative_clock_offset_magnitude_s,ridge_recovery_probe,rmse_s,0.7335855090095234,lower,True,48,0.5,False
43,chronaris,timestamp_jitter_050ms,sim_clock_lag_recovery_v1,relative_clock_offset_magnitude_s,ridge_recovery_probe,tolerance_hit_rate,0.5,higher,True,48,0.5,False
43,chronaris,timestamp_jitter_050ms,sim_clock_lag_recovery_v1,relative_clock_offset_magnitude_s,ridge_recovery_probe,spearman,,higher,False,48,0.5,False
43,chronaris,timestamp_jitter_050ms,sim_clock_lag_recovery_v1,primary_physiology_response_lag_s,ridge_recovery_probe,mae_s,6.125165126802948,lower,True,48,2.0,False
43,chronaris,timestamp_jitter_050ms,sim_clock_lag_recovery_v1,primary_physiology_response_lag_s,ridge_recovery_probe,rmse_s,7.308628805218324,lower,True,48,2.0,False
43,chronaris,timestamp_jitter_050ms,sim_clock_lag_recovery_v1,primary_physiology_response_lag_s,ridge_recovery_probe,tolerance_hit_rate,0.20833333333333334,higher,True,48,2.0,False
43,chronaris,timestamp_jitter_050ms,sim_clock_lag_recovery_v1,primary_physiology_response_lag_s,ridge_recovery_probe,spearman,0.43777262328823907,higher,True,48,2.0,False
43,chronaris,timestamp_jitter_100ms,sim_clock_lag_recovery_v1,relative_clock_offset_magnitude_s,ridge_recovery_probe,mae_s,0.7166666233291229,lower,True,48,0.5,False
43,chronaris,timestamp_jitter_100ms,sim_clock_lag_recovery_v1,relative_clock_offset_magnitude_s,ridge_recovery_probe,rmse_s,0.8365061625379083,lower,True,48,0.5,False
43,chronaris,timestamp_jitter_100ms,sim_clock_lag_recovery_v1,relative_clock_offset_magnitude_s,ridge_recovery_probe,tolerance_hit_rate,0.4375,higher,True,48,0.5,False
43,chronaris,timestamp_jitter_100ms,sim_clock_lag_recovery_v1,relative_clock_offset_magnitude_s,ridge_recovery_probe,spearman,,higher,False,48,0.5,False
43,chronaris,timestamp_jitter_100ms,sim_clock_lag_recovery_v1,primary_physiology_response_lag_s,ridge_recovery_probe,mae_s,7.003154538349176,lower,True,48,2.0,False
43,chronaris,timestamp_jitter_100ms,sim_clock_lag_recovery_v1,primary_physiology_response_lag_s,ridge_recovery_probe,rmse_s,8.28093397015359,lower,True,48,2.0,False
43,chronaris,timestamp_jitter_100ms,sim_clock_lag_recovery_v1,primary_physiology_response_lag_s,ridge_recovery_probe,tolerance_hit_rate,0.20833333333333334,higher,True,48,2.0,False
43,chronaris,timestamp_jitter_100ms,sim_clock_lag_recovery_v1,primary_physiology_response_lag_s,ridge_recovery_probe,spearman,0.4338346386709536,higher,True,48,2.0,False
43,chronaris,clock_offset_+0.00s,sim_clock_lag_recovery_v1,relative_clock_offset_magnitude_s,ridge_recovery_probe,mae_s,0.44346533467372257,lower,True,48,0.5,False
43,chronaris,clock_offset_+0.00s,sim_clock_lag_recovery_v1,relative_clock_offset_magnitude_s,ridge_recovery_probe,rmse_s,0.5877156799692971,lower,True,48,0.5,False
43,chronaris,clock_offset_+0.00s,sim_clock_lag_recovery_v1,relative_clock_offset_magnitude_s,ridge_recovery_probe,tolerance_hit_rate,0.6458333333333334,higher,True,48,0.5,False
43,chronaris,clock_offset_+0.00s,sim_clock_lag_recovery_v1,relative_clock_offset_magnitude_s,ridge_recovery_probe,spearman,,higher,False,48,0.5,False
43,chronaris,clock_offset_+0.00s,sim_clock_lag_recovery_v1,primary_physiology_response_lag_s,ridge_recovery_probe,mae_s,5.129104980427637,lower,True,48,2.0,False
43,chronaris,clock_offset_+0.00s,sim_clock_lag_recovery_v1,primary_physiology_response_lag_s,ridge_recovery_probe,rmse_s,6.007717390313239,lower,True,48,2.0,False
43,chronaris,clock_offset_+0.00s,sim_clock_lag_recovery_v1,primary_physiology_response_lag_s,ridge_recovery_probe,tolerance_hit_rate,0.16666666666666666,higher,True,48,2.0,False
43,chronaris,clock_offset_+0.00s,sim_clock_lag_recovery_v1,primary_physiology_response_lag_s,ridge_recovery_probe,spearman,0.4568062156051191,higher,True,48,2.0,False
43,chronaris,clock_offset_-0.25s,sim_clock_lag_recovery_v1,relative_clock_offset_magnitude_s,ridge_recovery_probe,mae_s,0.39746736114223796,lower,True,48,0.5,False
43,chronaris,clock_offset_-0.25s,sim_clock_lag_recovery_v1,relative_clock_offset_magnitude_s,ridge_recovery_probe,rmse_s,0.477189850735051,lower,True,48,0.5,False
43,chronaris,clock_offset_-0.25s,sim_clock_lag_recovery_v1,relative_clock_offset_magnitude_s,ridge_recovery_probe,tolerance_hit_rate,0.7083333333333334,higher,True,48,0.5,False
43,chronaris,clock_offset_-0.25s,sim_clock_lag_recovery_v1,relative_clock_offset_magnitude_s,ridge_recovery_probe,spearman,,higher,False,48,0.5,False
43,chronaris,clock_offset_-0.25s,sim_clock_lag_recovery_v1,primary_physiology_response_lag_s,ridge_recovery_probe,mae_s,5.218430219688628,lower,True,48,2.0,False
43,chronaris,clock_offset_-0.25s,sim_clock_lag_recovery_v1,primary_physiology_response_lag_s,ridge_recovery_probe,rmse_s,6.117451694191586,lower,True,48,2.0,False
43,chronaris,clock_offset_-0.25s,sim_clock_lag_recovery_v1,primary_physiology_response_lag_s,ridge_recovery_probe,tolerance_hit_rate,0.1875,higher,True,48,2.0,False
43,chronaris,clock_offset_-0.25s,sim_clock_lag_recovery_v1,primary_physiology_response_lag_s,ridge_recovery_probe,spearman,0.4581188771442143,higher,True,48,2.0,False
43,chronaris,clock_offset_+0.25s,sim_clock_lag_recovery_v1,relative_clock_offset_magnitude_s,ridge_recovery_probe,mae_s,0.39645321977635223,lower,True,48,0.5,False
43,chronaris,clock_offset_+0.25s,sim_clock_lag_recovery_v1,relative_clock_offset_magnitude_s,ridge_recovery_probe,rmse_s,0.4756631356330862,lower,True,48,0.5,False
43,chronaris,clock_offset_+0.25s,sim_clock_lag_recovery_v1,relative_clock_offset_magnitude_s,ridge_recovery_probe,tolerance_hit_rate,0.7291666666666666,higher,True,48,0.5,False
43,chronaris,clock_offset_+0.25s,sim_clock_lag_recovery_v1,relative_clock_offset_magnitude_s,ridge_recovery_probe,spearman,,higher,False,48,0.5,False
43,chronaris,clock_offset_+0.25s,sim_clock_lag_recovery_v1,primary_physiology_response_lag_s,ridge_recovery_probe,mae_s,5.206714340645685,lower,True,48,2.0,False
43,chronaris,clock_offset_+0.25s,sim_clock_lag_recovery_v1,primary_physiology_response_lag_s,ridge_recovery_probe,rmse_s,6.116724298826344,lower,True,48,2.0,False
43,chronaris,clock_offset_+0.25s,sim_clock_lag_recovery_v1,primary_physiology_response_lag_s,ridge_recovery_probe,tolerance_hit_rate,0.1875,higher,True,48,2.0,False
43,chronaris,clock_offset_+0.25s,sim_clock_lag_recovery_v1,primary_physiology_response_lag_s,ridge_recovery_probe,spearman,0.4587752079137618,higher,True,48,2.0,False
43,chronaris,clock_offset_-1.00s,sim_clock_lag_recovery_v1,relative_clock_offset_magnitude_s,ridge_recovery_probe,mae_s,0.6655220972994963,lower,True,48,0.5,False
43,chronaris,clock_offset_-1.00s,sim_clock_lag_recovery_v1,relative_clock_offset_magnitude_s,ridge_recovery_probe,rmse_s,0.7738339475941527,lower,True,48,0.5,False
43,chronaris,clock_offset_-1.00s,sim_clock_lag_recovery_v1,relative_clock_offset_magnitude_s,ridge_recovery_probe,tolerance_hit_rate,0.3958333333333333,higher,True,48,0.5,False
43,chronaris,clock_offset_-1.00s,sim_clock_lag_recovery_v1,relative_clock_offset_magnitude_s,ridge_recovery_probe,spearman,,higher,False,48,0.5,False
43,chronaris,clock_offset_-1.00s,sim_clock_lag_recovery_v1,primary_physiology_response_lag_s,ridge_recovery_probe,mae_s,5.143438501754019,lower,True,48,2.0,False
43,chronaris,clock_offset_-1.00s,sim_clock_lag_recovery_v1,primary_physiology_response_lag_s,ridge_recovery_probe,rmse_s,6.003036135450452,lower,True,48,2.0,False
43,chronaris,clock_offset_-1.00s,sim_clock_lag_recovery_v1,primary_physiology_response_lag_s,ridge_recovery_probe,tolerance_hit_rate,0.16666666666666666,higher,True,48,2.0,False
43,chronaris,clock_offset_-1.00s,sim_clock_lag_recovery_v1,primary_physiology_response_lag_s,ridge_recovery_probe,spearman,0.4449922617532625,higher,True,48,2.0,False
43,chronaris,clock_offset_+1.00s,sim_clock_lag_recovery_v1,relative_clock_offset_magnitude_s,ridge_recovery_probe,mae_s,0.6781015222271284,lower,True,48,0.5,False
43,chronaris,clock_offset_+1.00s,sim_clock_lag_recovery_v1,relative_clock_offset_magnitude_s,ridge_recovery_probe,rmse_s,0.7895390837385271,lower,True,48,0.5,False
43,chronaris,clock_offset_+1.00s,sim_clock_lag_recovery_v1,relative_clock_offset_magnitude_s,ridge_recovery_probe,tolerance_hit_rate,0.3541666666666667,higher,True,48,0.5,False
43,chronaris,clock_offset_+1.00s,sim_clock_lag_recovery_v1,relative_clock_offset_magnitude_s,ridge_recovery_probe,spearman,,higher,False,48,0.5,False
43,chronaris,clock_offset_+1.00s,sim_clock_lag_recovery_v1,primary_physiology_response_lag_s,ridge_recovery_probe,mae_s,5.120562869905048,lower,True,48,2.0,False
43,chronaris,clock_offset_+1.00s,sim_clock_lag_recovery_v1,primary_physiology_response_lag_s,ridge_recovery_probe,rmse_s,6.019839045295814,lower,True,48,2.0,False
43,chronaris,clock_offset_+1.00s,sim_clock_lag_recovery_v1,primary_physiology_response_lag_s,ridge_recovery_probe,tolerance_hit_rate,0.16666666666666666,higher,True,48,2.0,False
43,chronaris,clock_offset_+1.00s,sim_clock_lag_recovery_v1,primary_physiology_response_lag_s,ridge_recovery_probe,spearman,0.46993283099607075,higher,True,48,2.0,False
43,chronaris,clock_offset_-3.00s,sim_clock_lag_recovery_v1,relative_clock_offset_magnitude_s,ridge_recovery_probe,mae_s,2.605640893181165,lower,True,48,0.5,False
43,chronaris,clock_offset_-3.00s,sim_clock_lag_recovery_v1,relative_clock_offset_magnitude_s,ridge_recovery_probe,rmse_s,2.646086471095476,lower,True,48,0.5,False
43,chronaris,clock_offset_-3.00s,sim_clock_lag_recovery_v1,relative_clock_offset_magnitude_s,ridge_recovery_probe,tolerance_hit_rate,0.0,higher,True,48,0.5,False
43,chronaris,clock_offset_-3.00s,sim_clock_lag_recovery_v1,relative_clock_offset_magnitude_s,ridge_recovery_probe,spearman,,higher,False,48,0.5,False
43,chronaris,clock_offset_-3.00s,sim_clock_lag_recovery_v1,primary_physiology_response_lag_s,ridge_recovery_probe,mae_s,5.148493606446796,lower,True,48,2.0,False
43,chronaris,clock_offset_-3.00s,sim_clock_lag_recovery_v1,primary_physiology_response_lag_s,ridge_recovery_probe,rmse_s,5.981978807725214,lower,True,48,2.0,False
43,chronaris,clock_offset_-3.00s,sim_clock_lag_recovery_v1,primary_physiology_response_lag_s,ridge_recovery_probe,tolerance_hit_rate,0.14583333333333334,higher,True,48,2.0,False
43,chronaris,clock_offset_-3.00s,sim_clock_lag_recovery_v1,primary_physiology_response_lag_s,ridge_recovery_probe,spearman,0.4266150002059302,higher,True,48,2.0,False
43,chronaris,clock_offset_+3.00s,sim_clock_lag_recovery_v1,relative_clock_offset_magnitude_s,ridge_recovery_probe,mae_s,2.662132034699122,lower,True,48,0.5,False
43,chronaris,clock_offset_+3.00s,sim_clock_lag_recovery_v1,relative_clock_offset_magnitude_s,ridge_recovery_probe,rmse_s,2.7012055684283585,lower,True,48,0.5,False
43,chronaris,clock_offset_+3.00s,sim_clock_lag_recovery_v1,relative_clock_offset_magnitude_s,ridge_recovery_probe,tolerance_hit_rate,0.0,higher,True,48,0.5,False
43,chronaris,clock_offset_+3.00s,sim_clock_lag_recovery_v1,relative_clock_offset_magnitude_s,ridge_recovery_probe,spearman,,higher,False,48,0.5,False
43,chronaris,clock_offset_+3.00s,sim_clock_lag_recovery_v1,primary_physiology_response_lag_s,ridge_recovery_probe,mae_s,5.118334209058152,lower,True,48,2.0,False
43,chronaris,clock_offset_+3.00s,sim_clock_lag_recovery_v1,primary_physiology_response_lag_s,ridge_recovery_probe,rmse_s,6.0668458658875775,lower,True,48,2.0,False
43,chronaris,clock_offset_+3.00s,sim_clock_lag_recovery_v1,primary_physiology_response_lag_s,ridge_recovery_probe,tolerance_hit_rate,0.1875,higher,True,48,2.0,False
43,chronaris,clock_offset_+3.00s,sim_clock_lag_recovery_v1,primary_physiology_response_lag_s,ridge_recovery_probe,spearman,0.4883100925434032,higher,True,48,2.0,False
43,chronaris,clock_drift_+000ppm,sim_clock_lag_recovery_v1,relative_clock_offset_magnitude_s,ridge_recovery_probe,mae_s,0.44346533467372257,lower,True,48,0.5,False
43,chronaris,clock_drift_+000ppm,sim_clock_lag_recovery_v1,relative_clock_offset_magnitude_s,ridge_recovery_probe,rmse_s,0.5877156799692971,lower,True,48,0.5,False
43,chronaris,clock_drift_+000ppm,sim_clock_lag_recovery_v1,relative_clock_offset_magnitude_s,ridge_recovery_probe,tolerance_hit_rate,0.6458333333333334,higher,True,48,0.5,False
43,chronaris,clock_drift_+000ppm,sim_clock_lag_recovery_v1,relative_clock_offset_magnitude_s,ridge_recovery_probe,spearman,,higher,False,48,0.5,False
43,chronaris,clock_drift_+000ppm,sim_clock_lag_recovery_v1,primary_physiology_response_lag_s,ridge_recovery_probe,mae_s,5.129104980427637,lower,True,48,2.0,False
43,chronaris,clock_drift_+000ppm,sim_clock_lag_recovery_v1,primary_physiology_response_lag_s,ridge_recovery_probe,rmse_s,6.007717390313239,lower,True,48,2.0,False
43,chronaris,clock_drift_+000ppm,sim_clock_lag_recovery_v1,primary_physiology_response_lag_s,ridge_recovery_probe,tolerance_hit_rate,0.16666666666666666,higher,True,48,2.0,False
43,chronaris,clock_drift_+000ppm,sim_clock_lag_recovery_v1,primary_physiology_response_lag_s,ridge_recovery_probe,spearman,0.4568062156051191,higher,True,48,2.0,False
43,chronaris,clock_drift_-050ppm,sim_clock_lag_recovery_v1,relative_clock_offset_magnitude_s,ridge_recovery_probe,mae_s,0.44848454743623734,lower,True,48,0.5,False
43,chronaris,clock_drift_-050ppm,sim_clock_lag_recovery_v1,relative_clock_offset_magnitude_s,ridge_recovery_probe,rmse_s,0.5954381601166309,lower,True,48,0.5,False
43,chronaris,clock_drift_-050ppm,sim_clock_lag_recovery_v1,relative_clock_offset_magnitude_s,ridge_recovery_probe,tolerance_hit_rate,0.6041666666666666,higher,True,48,0.5,False
43,chronaris,clock_drift_-050ppm,sim_clock_lag_recovery_v1,relative_clock_offset_magnitude_s,ridge_recovery_probe,spearman,,higher,False,48,0.5,False
43,chronaris,clock_drift_-050ppm,sim_clock_lag_recovery_v1,primary_physiology_response_lag_s,ridge_recovery_probe,mae_s,5.322443339823299,lower,True,48,2.0,False
43,chronaris,clock_drift_-050ppm,sim_clock_lag_recovery_v1,primary_physiology_response_lag_s,ridge_recovery_probe,rmse_s,6.262956905391329,lower,True,48,2.0,False
43,chronaris,clock_drift_-050ppm,sim_clock_lag_recovery_v1,primary_physiology_response_lag_s,ridge_recovery_probe,tolerance_hit_rate,0.20833333333333334,higher,True,48,2.0,False
43,chronaris,clock_drift_-050ppm,sim_clock_lag_recovery_v1,primary_physiology_response_lag_s,ridge_recovery_probe,spearman,0.452211900218286,higher,True,48,2.0,False
43,chronaris,clock_drift_+050ppm,sim_clock_lag_recovery_v1,relative_clock_offset_magnitude_s,ridge_recovery_probe,mae_s,0.4290803453574578,lower,True,48,0.5,False
43,chronaris,clock_drift_+050ppm,sim_clock_lag_recovery_v1,relative_clock_offset_magnitude_s,ridge_recovery_probe,rmse_s,0.5656507732603767,lower,True,48,0.5,False
43,chronaris,clock_drift_+050ppm,sim_clock_lag_recovery_v1,relative_clock_offset_magnitude_s,ridge_recovery_probe,tolerance_hit_rate,0.6458333333333334,higher,True,48,0.5,False
43,chronaris,clock_drift_+050ppm,sim_clock_lag_recovery_v1,relative_clock_offset_magnitude_s,ridge_recovery_probe,spearman,,higher,False,48,0.5,False
43,chronaris,clock_drift_+050ppm,sim_clock_lag_recovery_v1,primary_physiology_response_lag_s,ridge_recovery_probe,mae_s,5.392424698818586,lower,True,48,2.0,False
43,chronaris,clock_drift_+050ppm,sim_clock_lag_recovery_v1,primary_physiology_response_lag_s,ridge_recovery_probe,rmse_s,6.349069611370578,lower,True,48,2.0,False
43,chronaris,clock_drift_+050ppm,sim_clock_lag_recovery_v1,primary_physiology_response_lag_s,ridge_recovery_probe,tolerance_hit_rate,0.20833333333333334,higher,True,48,2.0,False
43,chronaris,clock_drift_+050ppm,sim_clock_lag_recovery_v1,primary_physiology_response_lag_s,ridge_recovery_probe,spearman,0.4436796002141674,higher,True,48,2.0,False
43,chronaris,clock_drift_-100ppm,sim_clock_lag_recovery_v1,relative_clock_offset_magnitude_s,ridge_recovery_probe,mae_s,0.4479996245354414,lower,True,48,0.5,False
43,chronaris,clock_drift_-100ppm,sim_clock_lag_recovery_v1,relative_clock_offset_magnitude_s,ridge_recovery_probe,rmse_s,0.5948971377540245,lower,True,48,0.5,False
43,chronaris,clock_drift_-100ppm,sim_clock_lag_recovery_v1,relative_clock_offset_magnitude_s,ridge_recovery_probe,tolerance_hit_rate,0.6041666666666666,higher,True,48,0.5,False
43,chronaris,clock_drift_-100ppm,sim_clock_lag_recovery_v1,relative_clock_offset_magnitude_s,ridge_recovery_probe,spearman,,higher,False,48,0.5,False
43,chronaris,clock_drift_-100ppm,sim_clock_lag_recovery_v1,primary_physiology_response_lag_s,ridge_recovery_probe,mae_s,5.344624100723479,lower,True,48,2.0,False
43,chronaris,clock_drift_-100ppm,sim_clock_lag_recovery_v1,primary_physiology_response_lag_s,ridge_recovery_probe,rmse_s,6.29384907094071,lower,True,48,2.0,False
43,chronaris,clock_drift_-100ppm,sim_clock_lag_recovery_v1,primary_physiology_response_lag_s,ridge_recovery_probe,tolerance_hit_rate,0.22916666666666666,higher,True,48,2.0,False
43,chronaris,clock_drift_-100ppm,sim_clock_lag_recovery_v1,primary_physiology_response_lag_s,ridge_recovery_probe,spearman,0.452211900218286,higher,True,48,2.0,False
43,chronaris,clock_drift_+100ppm,sim_clock_lag_recovery_v1,relative_clock_offset_magnitude_s,ridge_recovery_probe,mae_s,0.42939766806860763,lower,True,48,0.5,False
43,chronaris,clock_drift_+100ppm,sim_clock_lag_recovery_v1,relative_clock_offset_magnitude_s,ridge_recovery_probe,rmse_s,0.5660420985840487,lower,True,48,0.5,False
43,chronaris,clock_drift_+100ppm,sim_clock_lag_recovery_v1,relative_clock_offset_magnitude_s,ridge_recovery_probe,tolerance_hit_rate,0.6458333333333334,higher,True,48,0.5,False
43,chronaris,clock_drift_+100ppm,sim_clock_lag_recovery_v1,relative_clock_offset_magnitude_s,ridge_recovery_probe,spearman,,higher,False,48,0.5,False
43,chronaris,clock_drift_+100ppm,sim_clock_lag_recovery_v1,primary_physiology_response_lag_s,ridge_recovery_probe,mae_s,5.366291792341929,lower,True,48,2.0,False
43,chronaris,clock_drift_+100ppm,sim_clock_lag_recovery_v1,primary_physiology_response_lag_s,ridge_recovery_probe,rmse_s,6.318493081366699,lower,True,48,2.0,False
43,chronaris,clock_drift_+100ppm,sim_clock_lag_recovery_v1,primary_physiology_response_lag_s,ridge_recovery_probe,tolerance_hit_rate,0.20833333333333334,higher,True,48,2.0,False
43,chronaris,clock_drift_+100ppm,sim_clock_lag_recovery_v1,primary_physiology_response_lag_s,ridge_recovery_probe,spearman,0.44564859252281014,higher,True,48,2.0,False
43,chronaris,clock_drift_-250ppm,sim_clock_lag_recovery_v1,relative_clock_offset_magnitude_s,ridge_recovery_probe,mae_s,0.4466001031299432,lower,True,48,0.5,False
43,chronaris,clock_drift_-250ppm,sim_clock_lag_recovery_v1,relative_clock_offset_magnitude_s,ridge_recovery_probe,rmse_s,0.5933201161026539,lower,True,48,0.5,False
43,chronaris,clock_drift_-250ppm,sim_clock_lag_recovery_v1,relative_clock_offset_magnitude_s,ridge_recovery_probe,tolerance_hit_rate,0.625,higher,True,48,0.5,False
43,chronaris,clock_drift_-250ppm,sim_clock_lag_recovery_v1,relative_clock_offset_magnitude_s,ridge_recovery_probe,spearman,,higher,False,48,0.5,False
43,chronaris,clock_drift_-250ppm,sim_clock_lag_recovery_v1,primary_physiology_response_lag_s,ridge_recovery_probe,mae_s,5.413342916317997,lower,True,48,2.0,False
43,chronaris,clock_drift_-250ppm,sim_clock_lag_recovery_v1,primary_physiology_response_lag_s,ridge_recovery_probe,rmse_s,6.386944947022004,lower,True,48,2.0,False
43,chronaris,clock_drift_-250ppm,sim_clock_lag_recovery_v1,primary_physiology_response_lag_s,ridge_recovery_probe,tolerance_hit_rate,0.22916666666666666,higher,True,48,2.0,False
43,chronaris,clock_drift_-250ppm,sim_clock_lag_recovery_v1,primary_physiology_response_lag_s,ridge_recovery_probe,spearman,0.4541808925269287,higher,True,48,2.0,False
43,chronaris,clock_drift_+250ppm,sim_clock_lag_recovery_v1,relative_clock_offset_magnitude_s,ridge_recovery_probe,mae_s,0.4306353734185298,lower,True,48,0.5,False
43,chronaris,clock_drift_+250ppm,sim_clock_lag_recovery_v1,relative_clock_offset_magnitude_s,ridge_recovery_probe,rmse_s,0.5673819092877308,lower,True,48,0.5,False
43,chronaris,clock_drift_+250ppm,sim_clock_lag_recovery_v1,relative_clock_offset_magnitude_s,ridge_recovery_probe,tolerance_hit_rate,0.6458333333333334,higher,True,48,0.5,False
43,chronaris,clock_drift_+250ppm,sim_clock_lag_recovery_v1,relative_clock_offset_magnitude_s,ridge_recovery_probe,spearman,,higher,False,48,0.5,False
43,chronaris,clock_drift_+250ppm,sim_clock_lag_recovery_v1,primary_physiology_response_lag_s,ridge_recovery_probe,mae_s,5.297309148906284,lower,True,48,2.0,False
43,chronaris,clock_drift_+250ppm,sim_clock_lag_recovery_v1,primary_physiology_response_lag_s,ridge_recovery_probe,rmse_s,6.227262313253123,lower,True,48,2.0,False
43,chronaris,clock_drift_+250ppm,sim_clock_lag_recovery_v1,primary_physiology_response_lag_s,ridge_recovery_probe,tolerance_hit_rate,0.1875,higher,True,48,2.0,False
43,chronaris,clock_drift_+250ppm,sim_clock_lag_recovery_v1,primary_physiology_response_lag_s,ridge_recovery_probe,spearman,0.44696125406190534,higher,True,48,2.0,False
43,chronaris,random_missing_00pct,sim_clock_lag_recovery_v1,relative_clock_offset_magnitude_s,ridge_recovery_probe,mae_s,0.44346533467372257,lower,True,48,0.5,False
43,chronaris,random_missing_00pct,sim_clock_lag_recovery_v1,relative_clock_offset_magnitude_s,ridge_recovery_probe,rmse_s,0.5877156799692971,lower,True,48,0.5,False
43,chronaris,random_missing_00pct,sim_clock_lag_recovery_v1,relative_clock_offset_magnitude_s,ridge_recovery_probe,tolerance_hit_rate,0.6458333333333334,higher,True,48,0.5,False
43,chronaris,random_missing_00pct,sim_clock_lag_recovery_v1,relative_clock_offset_magnitude_s,ridge_recovery_probe,spearman,,higher,False,48,0.5,False
43,chronaris,random_missing_00pct,sim_clock_lag_recovery_v1,primary_physiology_response_lag_s,ridge_recovery_probe,mae_s,5.129104980427637,lower,True,48,2.0,False
43,chronaris,random_missing_00pct,sim_clock_lag_recovery_v1,primary_physiology_response_lag_s,ridge_recovery_probe,rmse_s,6.007717390313239,lower,True,48,2.0,False
43,chronaris,random_missing_00pct,sim_clock_lag_recovery_v1,primary_physiology_response_lag_s,ridge_recovery_probe,tolerance_hit_rate,0.16666666666666666,higher,True,48,2.0,False
43,chronaris,random_missing_00pct,sim_clock_lag_recovery_v1,primary_physiology_response_lag_s,ridge_recovery_probe,spearman,0.4568062156051191,higher,True,48,2.0,False
43,chronaris,random_missing_10pct,sim_clock_lag_recovery_v1,relative_clock_offset_magnitude_s,ridge_recovery_probe,mae_s,0.8825969969232877,lower,True,48,0.5,False
43,chronaris,random_missing_10pct,sim_clock_lag_recovery_v1,relative_clock_offset_magnitude_s,ridge_recovery_probe,rmse_s,0.984379936089733,lower,True,48,0.5,False
43,chronaris,random_missing_10pct,sim_clock_lag_recovery_v1,relative_clock_offset_magnitude_s,ridge_recovery_probe,tolerance_hit_rate,0.2708333333333333,higher,True,48,0.5,False
43,chronaris,random_missing_10pct,sim_clock_lag_recovery_v1,relative_clock_offset_magnitude_s,ridge_recovery_probe,spearman,,higher,False,48,0.5,False
43,chronaris,random_missing_10pct,sim_clock_lag_recovery_v1,primary_physiology_response_lag_s,ridge_recovery_probe,mae_s,6.332117236735847,lower,True,48,2.0,False
43,chronaris,random_missing_10pct,sim_clock_lag_recovery_v1,primary_physiology_response_lag_s,ridge_recovery_probe,rmse_s,7.541109983097796,lower,True,48,2.0,False
43,chronaris,random_missing_10pct,sim_clock_lag_recovery_v1,primary_physiology_response_lag_s,ridge_recovery_probe,tolerance_hit_rate,0.25,higher,True,48,2.0,False
43,chronaris,random_missing_10pct,sim_clock_lag_recovery_v1,primary_physiology_response_lag_s,ridge_recovery_probe,spearman,0.46730750791788045,higher,True,48,2.0,False
43,chronaris,random_missing_30pct,sim_clock_lag_recovery_v1,relative_clock_offset_magnitude_s,ridge_recovery_probe,mae_s,2.419581233834227,lower,True,48,0.5,False
43,chronaris,random_missing_30pct,sim_clock_lag_recovery_v1,relative_clock_offset_magnitude_s,ridge_recovery_probe,rmse_s,2.453749820104151,lower,True,48,0.5,False
43,chronaris,random_missing_30pct,sim_clock_lag_recovery_v1,relative_clock_offset_magnitude_s,ridge_recovery_probe,tolerance_hit_rate,0.0,higher,True,48,0.5,False
43,chronaris,random_missing_30pct,sim_clock_lag_recovery_v1,relative_clock_offset_magnitude_s,ridge_recovery_probe,spearman,,higher,False,48,0.5,False
43,chronaris,random_missing_30pct,sim_clock_lag_recovery_v1,primary_physiology_response_lag_s,ridge_recovery_probe,mae_s,12.019935075401747,lower,True,48,2.0,False
43,chronaris,random_missing_30pct,sim_clock_lag_recovery_v1,primary_physiology_response_lag_s,ridge_recovery_probe,rmse_s,12.937015169568102,lower,True,48,2.0,False
43,chronaris,random_missing_30pct,sim_clock_lag_recovery_v1,primary_physiology_response_lag_s,ridge_recovery_probe,tolerance_hit_rate,0.0,higher,True,48,2.0,False
43,chronaris,random_missing_30pct,sim_clock_lag_recovery_v1,primary_physiology_response_lag_s,ridge_recovery_probe,spearman,0.45024290790964316,higher,True,48,2.0,False
43,chronaris,random_missing_50pct,sim_clock_lag_recovery_v1,relative_clock_offset_magnitude_s,ridge_recovery_probe,mae_s,5.007593745986621,lower,True,48,0.5,False
43,chronaris,random_missing_50pct,sim_clock_lag_recovery_v1,relative_clock_offset_magnitude_s,ridge_recovery_probe,rmse_s,5.031286274645033,lower,True,48,0.5,False
43,chronaris,random_missing_50pct,sim_clock_lag_recovery_v1,relative_clock_offset_magnitude_s,ridge_recovery_probe,tolerance_hit_rate,0.0,higher,True,48,0.5,False
43,chronaris,random_missing_50pct,sim_clock_lag_recovery_v1,relative_clock_offset_magnitude_s,ridge_recovery_probe,spearman,,higher,False,48,0.5,False
43,chronaris,random_missing_50pct,sim_clock_lag_recovery_v1,primary_physiology_response_lag_s,ridge_recovery_probe,mae_s,22.641282959738856,lower,True,48,2.0,False
43,chronaris,random_missing_50pct,sim_clock_lag_recovery_v1,primary_physiology_response_lag_s,ridge_recovery_probe,rmse_s,23.13690824747822,lower,True,48,2.0,False
43,chronaris,random_missing_50pct,sim_clock_lag_recovery_v1,primary_physiology_response_lag_s,ridge_recovery_probe,tolerance_hit_rate,0.0,higher,True,48,2.0,False
43,chronaris,random_missing_50pct,sim_clock_lag_recovery_v1,primary_physiology_response_lag_s,ridge_recovery_probe,spearman,0.3885478155721702,higher,True,48,2.0,False
43,chronaris,contiguous_gap_00s,sim_clock_lag_recovery_v1,relative_clock_offset_magnitude_s,ridge_recovery_probe,mae_s,0.44346533467372257,lower,True,48,0.5,False
43,chronaris,contiguous_gap_00s,sim_clock_lag_recovery_v1,relative_clock_offset_magnitude_s,ridge_recovery_probe,rmse_s,0.5877156799692971,lower,True,48,0.5,False
43,chronaris,contiguous_gap_00s,sim_clock_lag_recovery_v1,relative_clock_offset_magnitude_s,ridge_recovery_probe,tolerance_hit_rate,0.6458333333333334,higher,True,48,0.5,False
43,chronaris,contiguous_gap_00s,sim_clock_lag_recovery_v1,relative_clock_offset_magnitude_s,ridge_recovery_probe,spearman,,higher,False,48,0.5,False
43,chronaris,contiguous_gap_00s,sim_clock_lag_recovery_v1,primary_physiology_response_lag_s,ridge_recovery_probe,mae_s,5.129104980427637,lower,True,48,2.0,False
43,chronaris,contiguous_gap_00s,sim_clock_lag_recovery_v1,primary_physiology_response_lag_s,ridge_recovery_probe,rmse_s,6.007717390313239,lower,True,48,2.0,False
43,chronaris,contiguous_gap_00s,sim_clock_lag_recovery_v1,primary_physiology_response_lag_s,ridge_recovery_probe,tolerance_hit_rate,0.16666666666666666,higher,True,48,2.0,False
43,chronaris,contiguous_gap_00s,sim_clock_lag_recovery_v1,primary_physiology_response_lag_s,ridge_recovery_probe,spearman,0.4568062156051191,higher,True,48,2.0,False
43,chronaris,contiguous_gap_05s,sim_clock_lag_recovery_v1,relative_clock_offset_magnitude_s,ridge_recovery_probe,mae_s,0.7851259180655082,lower,True,48,0.5,False
43,chronaris,contiguous_gap_05s,sim_clock_lag_recovery_v1,relative_clock_offset_magnitude_s,ridge_recovery_probe,rmse_s,0.8859091083515769,lower,True,48,0.5,False
43,chronaris,contiguous_gap_05s,sim_clock_lag_recovery_v1,relative_clock_offset_magnitude_s,ridge_recovery_probe,tolerance_hit_rate,0.25,higher,True,48,0.5,False
43,chronaris,contiguous_gap_05s,sim_clock_lag_recovery_v1,relative_clock_offset_magnitude_s,ridge_recovery_probe,spearman,,higher,False,48,0.5,False
43,chronaris,contiguous_gap_05s,sim_clock_lag_recovery_v1,primary_physiology_response_lag_s,ridge_recovery_probe,mae_s,6.630405011628883,lower,True,48,2.0,False
43,chronaris,contiguous_gap_05s,sim_clock_lag_recovery_v1,primary_physiology_response_lag_s,ridge_recovery_probe,rmse_s,7.9110695161122555,lower,True,48,2.0,False
43,chronaris,contiguous_gap_05s,sim_clock_lag_recovery_v1,primary_physiology_response_lag_s,ridge_recovery_probe,tolerance_hit_rate,0.22916666666666666,higher,True,48,2.0,False
43,chronaris,contiguous_gap_05s,sim_clock_lag_recovery_v1,primary_physiology_response_lag_s,ridge_recovery_probe,spearman,0.43711629251869155,higher,True,48,2.0,False
43,chronaris,contiguous_gap_15s,sim_clock_lag_recovery_v1,relative_clock_offset_magnitude_s,ridge_recovery_probe,mae_s,1.09455550275743,lower,True,48,0.5,False
43,chronaris,contiguous_gap_15s,sim_clock_lag_recovery_v1,relative_clock_offset_magnitude_s,ridge_recovery_probe,rmse_s,1.2495349072011894,lower,True,48,0.5,False
43,chronaris,contiguous_gap_15s,sim_clock_lag_recovery_v1,relative_clock_offset_magnitude_s,ridge_recovery_probe,tolerance_hit_rate,0.20833333333333334,higher,True,48,0.5,False
43,chronaris,contiguous_gap_15s,sim_clock_lag_recovery_v1,relative_clock_offset_magnitude_s,ridge_recovery_probe,spearman,,higher,False,48,0.5,False
43,chronaris,contiguous_gap_15s,sim_clock_lag_recovery_v1,primary_physiology_response_lag_s,ridge_recovery_probe,mae_s,9.368898733331696,lower,True,48,2.0,False
43,chronaris,contiguous_gap_15s,sim_clock_lag_recovery_v1,primary_physiology_response_lag_s,ridge_recovery_probe,rmse_s,10.550357106931854,lower,True,48,2.0,False
43,chronaris,contiguous_gap_15s,sim_clock_lag_recovery_v1,primary_physiology_response_lag_s,ridge_recovery_probe,tolerance_hit_rate,0.125,higher,True,48,2.0,False
43,chronaris,contiguous_gap_15s,sim_clock_lag_recovery_v1,primary_physiology_response_lag_s,ridge_recovery_probe,spearman,0.43055298482321575,higher,True,48,2.0,False
43,chronaris,contiguous_gap_30s,sim_clock_lag_recovery_v1,relative_clock_offset_magnitude_s,ridge_recovery_probe,mae_s,1.5475053905198972,lower,True,48,0.5,False
43,chronaris,contiguous_gap_30s,sim_clock_lag_recovery_v1,relative_clock_offset_magnitude_s,ridge_recovery_probe,rmse_s,1.7179317520471735,lower,True,48,0.5,False
43,chronaris,contiguous_gap_30s,sim_clock_lag_recovery_v1,relative_clock_offset_magnitude_s,ridge_recovery_probe,tolerance_hit_rate,0.125,higher,True,48,0.5,False
43,chronaris,contiguous_gap_30s,sim_clock_lag_recovery_v1,relative_clock_offset_magnitude_s,ridge_recovery_probe,spearman,,higher,False,48,0.5,False
43,chronaris,contiguous_gap_30s,sim_clock_lag_recovery_v1,primary_physiology_response_lag_s,ridge_recovery_probe,mae_s,11.889084922881736,lower,True,48,2.0,False
43,chronaris,contiguous_gap_30s,sim_clock_lag_recovery_v1,primary_physiology_response_lag_s,ridge_recovery_probe,rmse_s,13.805968018904615,lower,True,48,2.0,False
43,chronaris,contiguous_gap_30s,sim_clock_lag_recovery_v1,primary_physiology_response_lag_s,ridge_recovery_probe,tolerance_hit_rate,0.125,higher,True,48,2.0,False
43,chronaris,contiguous_gap_30s,sim_clock_lag_recovery_v1,primary_physiology_response_lag_s,ridge_recovery_probe,spearman,0.06038243079837781,higher,True,48,2.0,False
43,chronaris,physiology_lag_02s,sim_clock_lag_recovery_v1,relative_clock_offset_magnitude_s,ridge_recovery_probe,mae_s,0.43564124902089435,lower,True,48,0.5,False
43,chronaris,physiology_lag_02s,sim_clock_lag_recovery_v1,relative_clock_offset_magnitude_s,ridge_recovery_probe,rmse_s,0.5751439235312079,lower,True,48,0.5,False
43,chronaris,physiology_lag_02s,sim_clock_lag_recovery_v1,relative_clock_offset_magnitude_s,ridge_recovery_probe,tolerance_hit_rate,0.6458333333333334,higher,True,48,0.5,False
43,chronaris,physiology_lag_02s,sim_clock_lag_recovery_v1,relative_clock_offset_magnitude_s,ridge_recovery_probe,spearman,,higher,False,48,0.5,False
43,chronaris,physiology_lag_02s,sim_clock_lag_recovery_v1,primary_physiology_response_lag_s,ridge_recovery_probe,mae_s,4.426725712564364,lower,True,48,2.0,False
43,chronaris,physiology_lag_02s,sim_clock_lag_recovery_v1,primary_physiology_response_lag_s,ridge_recovery_probe,rmse_s,5.102734885248241,lower,True,48,2.0,False
43,chronaris,physiology_lag_02s,sim_clock_lag_recovery_v1,primary_physiology_response_lag_s,ridge_recovery_probe,tolerance_hit_rate,0.14583333333333334,higher,True,48,2.0,False
43,chronaris,physiology_lag_02s,sim_clock_lag_recovery_v1,primary_physiology_response_lag_s,ridge_recovery_probe,spearman,0.47518347715245146,higher,True,48,2.0,False
43,chronaris,physiology_lag_05s,sim_clock_lag_recovery_v1,relative_clock_offset_magnitude_s,ridge_recovery_probe,mae_s,0.4314086524148782,lower,True,48,0.5,False
43,chronaris,physiology_lag_05s,sim_clock_lag_recovery_v1,relative_clock_offset_magnitude_s,ridge_recovery_probe,rmse_s,0.5676484793209489,lower,True,48,0.5,False
43,chronaris,physiology_lag_05s,sim_clock_lag_recovery_v1,relative_clock_offset_magnitude_s,ridge_recovery_probe,tolerance_hit_rate,0.6666666666666666,higher,True,48,0.5,False
43,chronaris,physiology_lag_05s,sim_clock_lag_recovery_v1,relative_clock_offset_magnitude_s,ridge_recovery_probe,spearman,,higher,False,48,0.5,False
43,chronaris,physiology_lag_05s,sim_clock_lag_recovery_v1,primary_physiology_response_lag_s,ridge_recovery_probe,mae_s,3.966560391036939,lower,True,48,2.0,False
43,chronaris,physiology_lag_05s,sim_clock_lag_recovery_v1,primary_physiology_response_lag_s,ridge_recovery_probe,rmse_s,4.955203921883533,lower,True,48,2.0,False
43,chronaris,physiology_lag_05s,sim_clock_lag_recovery_v1,primary_physiology_response_lag_s,ridge_recovery_probe,tolerance_hit_rate,0.3541666666666667,higher,True,48,2.0,False
43,chronaris,physiology_lag_05s,sim_clock_lag_recovery_v1,primary_physiology_response_lag_s,ridge_recovery_probe,spearman,0.5014367079343548,higher,True,48,2.0,False
43,chronaris,physiology_lag_15s,sim_clock_lag_recovery_v1,relative_clock_offset_magnitude_s,ridge_recovery_probe,mae_s,0.42633812750379246,lower,True,48,0.5,False
43,chronaris,physiology_lag_15s,sim_clock_lag_recovery_v1,relative_clock_offset_magnitude_s,ridge_recovery_probe,rmse_s,0.5546868366945643,lower,True,48,0.5,False
43,chronaris,physiology_lag_15s,sim_clock_lag_recovery_v1,relative_clock_offset_magnitude_s,ridge_recovery_probe,tolerance_hit_rate,0.6666666666666666,higher,True,48,0.5,False
43,chronaris,physiology_lag_15s,sim_clock_lag_recovery_v1,relative_clock_offset_magnitude_s,ridge_recovery_probe,spearman,,higher,False,48,0.5,False
43,chronaris,physiology_lag_15s,sim_clock_lag_recovery_v1,primary_physiology_response_lag_s,ridge_recovery_probe,mae_s,10.130050049265739,lower,True,48,2.0,False
43,chronaris,physiology_lag_15s,sim_clock_lag_recovery_v1,primary_physiology_response_lag_s,ridge_recovery_probe,rmse_s,11.235648484920038,lower,True,48,2.0,False
43,chronaris,physiology_lag_15s,sim_clock_lag_recovery_v1,primary_physiology_response_lag_s,ridge_recovery_probe,tolerance_hit_rate,0.08333333333333333,higher,True,48,2.0,False
43,chronaris,physiology_lag_15s,sim_clock_lag_recovery_v1,primary_physiology_response_lag_s,ridge_recovery_probe,spearman,0.5112816694775686,higher,True,48,2.0,False
43,chronaris,physiology_lag_30s,sim_clock_lag_recovery_v1,relative_clock_offset_magnitude_s,ridge_recovery_probe,mae_s,0.4434322404364745,lower,True,48,0.5,False
43,chronaris,physiology_lag_30s,sim_clock_lag_recovery_v1,relative_clock_offset_magnitude_s,ridge_recovery_probe,rmse_s,0.5900806539700142,lower,True,48,0.5,False
43,chronaris,physiology_lag_30s,sim_clock_lag_recovery_v1,relative_clock_offset_magnitude_s,ridge_recovery_probe,tolerance_hit_rate,0.6458333333333334,higher,True,48,0.5,False
43,chronaris,physiology_lag_30s,sim_clock_lag_recovery_v1,relative_clock_offset_magnitude_s,ridge_recovery_probe,spearman,,higher,False,48,0.5,False
43,chronaris,physiology_lag_30s,sim_clock_lag_recovery_v1,primary_physiology_response_lag_s,ridge_recovery_probe,mae_s,23.1635135720576,lower,True,48,2.0,False
43,chronaris,physiology_lag_30s,sim_clock_lag_recovery_v1,primary_physiology_response_lag_s,ridge_recovery_probe,rmse_s,23.736850491016522,lower,True,48,2.0,False
43,chronaris,physiology_lag_30s,sim_clock_lag_recovery_v1,primary_physiology_response_lag_s,ridge_recovery_probe,tolerance_hit_rate,0.0,higher,True,48,2.0,False
43,chronaris,physiology_lag_30s,sim_clock_lag_recovery_v1,primary_physiology_response_lag_s,ridge_recovery_probe,spearman,0.4167700386627164,higher,True,48,2.0,False
43,chronaris,observation_snr_30db,sim_clock_lag_recovery_v1,relative_clock_offset_magnitude_s,ridge_recovery_probe,mae_s,0.44346533467372257,lower,True,48,0.5,False
43,chronaris,observation_snr_30db,sim_clock_lag_recovery_v1,relative_clock_offset_magnitude_s,ridge_recovery_probe,rmse_s,0.5877156799692971,lower,True,48,0.5,False
43,chronaris,observation_snr_30db,sim_clock_lag_recovery_v1,relative_clock_offset_magnitude_s,ridge_recovery_probe,tolerance_hit_rate,0.6458333333333334,higher,True,48,0.5,False
43,chronaris,observation_snr_30db,sim_clock_lag_recovery_v1,relative_clock_offset_magnitude_s,ridge_recovery_probe,spearman,,higher,False,48,0.5,False
43,chronaris,observation_snr_30db,sim_clock_lag_recovery_v1,primary_physiology_response_lag_s,ridge_recovery_probe,mae_s,5.129104980427637,lower,True,48,2.0,False
43,chronaris,observation_snr_30db,sim_clock_lag_recovery_v1,primary_physiology_response_lag_s,ridge_recovery_probe,rmse_s,6.007717390313239,lower,True,48,2.0,False
43,chronaris,observation_snr_30db,sim_clock_lag_recovery_v1,primary_physiology_response_lag_s,ridge_recovery_probe,tolerance_hit_rate,0.16666666666666666,higher,True,48,2.0,False
43,chronaris,observation_snr_30db,sim_clock_lag_recovery_v1,primary_physiology_response_lag_s,ridge_recovery_probe,spearman,0.4568062156051191,higher,True,48,2.0,False
43,chronaris,observation_snr_20db,sim_clock_lag_recovery_v1,relative_clock_offset_magnitude_s,ridge_recovery_probe,mae_s,0.4888369000206391,lower,True,48,0.5,False
43,chronaris,observation_snr_20db,sim_clock_lag_recovery_v1,relative_clock_offset_magnitude_s,ridge_recovery_probe,rmse_s,0.6503483694443357,lower,True,48,0.5,False
43,chronaris,observation_snr_20db,sim_clock_lag_recovery_v1,relative_clock_offset_magnitude_s,ridge_recovery_probe,tolerance_hit_rate,0.5833333333333334,higher,True,48,0.5,False
43,chronaris,observation_snr_20db,sim_clock_lag_recovery_v1,relative_clock_offset_magnitude_s,ridge_recovery_probe,spearman,,higher,False,48,0.5,False
43,chronaris,observation_snr_20db,sim_clock_lag_recovery_v1,primary_physiology_response_lag_s,ridge_recovery_probe,mae_s,5.220917106467454,lower,True,48,2.0,False
43,chronaris,observation_snr_20db,sim_clock_lag_recovery_v1,primary_physiology_response_lag_s,ridge_recovery_probe,rmse_s,6.18792142935379,lower,True,48,2.0,False
43,chronaris,observation_snr_20db,sim_clock_lag_recovery_v1,primary_physiology_response_lag_s,ridge_recovery_probe,tolerance_hit_rate,0.1875,higher,True,48,2.0,False
43,chronaris,observation_snr_20db,sim_clock_lag_recovery_v1,primary_physiology_response_lag_s,ridge_recovery_probe,spearman,0.4837157771565701,higher,True,48,2.0,False
43,chronaris,observation_snr_10db,sim_clock_lag_recovery_v1,relative_clock_offset_magnitude_s,ridge_recovery_probe,mae_s,1.0326144977783163,lower,True,48,0.5,False
43,chronaris,observation_snr_10db,sim_clock_lag_recovery_v1,relative_clock_offset_magnitude_s,ridge_recovery_probe,rmse_s,1.2069821059109216,lower,True,48,0.5,False
43,chronaris,observation_snr_10db,sim_clock_lag_recovery_v1,relative_clock_offset_magnitude_s,ridge_recovery_probe,tolerance_hit_rate,0.25,higher,True,48,0.5,False
43,chronaris,observation_snr_10db,sim_clock_lag_recovery_v1,relative_clock_offset_magnitude_s,ridge_recovery_probe,spearman,,higher,False,48,0.5,False
43,chronaris,observation_snr_10db,sim_clock_lag_recovery_v1,primary_physiology_response_lag_s,ridge_recovery_probe,mae_s,6.819186721802526,lower,True,48,2.0,False
43,chronaris,observation_snr_10db,sim_clock_lag_recovery_v1,primary_physiology_response_lag_s,ridge_recovery_probe,rmse_s,8.112941404146138,lower,True,48,2.0,False
43,chronaris,observation_snr_10db,sim_clock_lag_recovery_v1,primary_physiology_response_lag_s,ridge_recovery_probe,tolerance_hit_rate,0.16666666666666666,higher,True,48,2.0,False
43,chronaris,observation_snr_10db,sim_clock_lag_recovery_v1,primary_physiology_response_lag_s,ridge_recovery_probe,spearman,0.5598501464240899,higher,True,48,2.0,False
43,chronaris,observation_snr_05db,sim_clock_lag_recovery_v1,relative_clock_offset_magnitude_s,ridge_recovery_probe,mae_s,1.9254455876847107,lower,True,48,0.5,False
43,chronaris,observation_snr_05db,sim_clock_lag_recovery_v1,relative_clock_offset_magnitude_s,ridge_recovery_probe,rmse_s,2.0784382018381025,lower,True,48,0.5,False
43,chronaris,observation_snr_05db,sim_clock_lag_recovery_v1,relative_clock_offset_magnitude_s,ridge_recovery_probe,tolerance_hit_rate,0.0,higher,True,48,0.5,False
43,chronaris,observation_snr_05db,sim_clock_lag_recovery_v1,relative_clock_offset_magnitude_s,ridge_recovery_probe,spearman,,higher,False,48,0.5,False
43,chronaris,observation_snr_05db,sim_clock_lag_recovery_v1,primary_physiology_response_lag_s,ridge_recovery_probe,mae_s,11.141027663111174,lower,True,48,2.0,False
43,chronaris,observation_snr_05db,sim_clock_lag_recovery_v1,primary_physiology_response_lag_s,ridge_recovery_probe,rmse_s,12.065597189359293,lower,True,48,2.0,False
43,chronaris,observation_snr_05db,sim_clock_lag_recovery_v1,primary_physiology_response_lag_s,ridge_recovery_probe,tolerance_hit_rate,0.0,higher,True,48,2.0,False
43,chronaris,observation_snr_05db,sim_clock_lag_recovery_v1,primary_physiology_response_lag_s,ridge_recovery_probe,spearman,0.6235142310702056,higher,True,48,2.0,False
43,chronaris,mixed_severe,sim_clock_lag_recovery_v1,relative_clock_offset_magnitude_s,ridge_recovery_probe,mae_s,1.6433973871171474,lower,True,48,0.5,False
43,chronaris,mixed_severe,sim_clock_lag_recovery_v1,relative_clock_offset_magnitude_s,ridge_recovery_probe,rmse_s,1.8830131350880315,lower,True,48,0.5,False
43,chronaris,mixed_severe,sim_clock_lag_recovery_v1,relative_clock_offset_magnitude_s,ridge_recovery_probe,tolerance_hit_rate,0.08333333333333333,higher,True,48,0.5,False
43,chronaris,mixed_severe,sim_clock_lag_recovery_v1,relative_clock_offset_magnitude_s,ridge_recovery_probe,spearman,,higher,False,48,0.5,False
43,chronaris,mixed_severe,sim_clock_lag_recovery_v1,primary_physiology_response_lag_s,ridge_recovery_probe,mae_s,5.612711361384522,lower,True,48,2.0,False
43,chronaris,mixed_severe,sim_clock_lag_recovery_v1,primary_physiology_response_lag_s,ridge_recovery_probe,rmse_s,6.930818897859287,lower,True,48,2.0,False
43,chronaris,mixed_severe,sim_clock_lag_recovery_v1,primary_physiology_response_lag_s,ridge_recovery_probe,tolerance_hit_rate,0.20833333333333334,higher,True,48,2.0,False
43,chronaris,mixed_severe,sim_clock_lag_recovery_v1,primary_physiology_response_lag_s,ridge_recovery_probe,spearman,0.37082688479438547,higher,True,48,2.0,False
