seed,scenario_id,role,reference_method,comparison_method,consumer,unit_metric,difference_semantics,mean_difference,bootstrap_lower,bootstrap_upper,permutation_p_value,independent_unit_count,smoke_only
17,timestamp_jitter_000ms,held_out,chronaris,contiformer,ridge_recovery_probe__primary_physiology_response_lag_s,absolute_error_s,positive_favors_reference,3.9194497211193995,2.9168688587786913,4.9019258967325,9.999000099990002e-05,48,False
17,timestamp_jitter_000ms,held_out,chronaris,mult,ridge_recovery_probe__primary_physiology_response_lag_s,absolute_error_s,positive_favors_reference,4.572817903373448,3.4660663777019054,5.650825623776507,9.999000099990002e-05,48,False
17,timestamp_jitter_000ms,held_out,chronaris,naive_time_sync,ridge_recovery_probe__primary_physiology_response_lag_s,absolute_error_s,positive_favors_reference,1.7642111743885172,0.8285492192838189,2.744589217841033,0.0014998500149985001,48,False
17,timestamp_jitter_000ms,held_out,chronaris,contiformer,ridge_recovery_probe__relative_clock_offset_magnitude_s,absolute_error_s,positive_favors_reference,1.2195246576641996,1.1082400241711488,1.3345860906255742,9.999000099990002e-05,48,False
17,timestamp_jitter_000ms,held_out,chronaris,mult,ridge_recovery_probe__relative_clock_offset_magnitude_s,absolute_error_s,positive_favors_reference,0.44387536713232595,0.35130816002686815,0.5431455864260593,9.999000099990002e-05,48,False
17,timestamp_jitter_000ms,held_out,chronaris,naive_time_sync,ridge_recovery_probe__relative_clock_offset_magnitude_s,absolute_error_s,positive_favors_reference,0.704920155617098,0.6619281331154828,0.7476809058571234,9.999000099990002e-05,48,False
17,timestamp_jitter_020ms,held_out,chronaris,contiformer,ridge_recovery_probe__primary_physiology_response_lag_s,absolute_error_s,positive_favors_reference,3.673095614615439,2.7753708710734353,4.557246614976669,9.999000099990002e-05,48,False
17,timestamp_jitter_020ms,held_out,chronaris,mult,ridge_recovery_probe__primary_physiology_response_lag_s,absolute_error_s,positive_favors_reference,3.4424907861281384,2.626035142991307,4.230346300648579,9.999000099990002e-05,48,False
17,timestamp_jitter_020ms,held_out,chronaris,naive_time_sync,ridge_recovery_probe__primary_physiology_response_lag_s,absolute_error_s,positive_favors_reference,2.021268564599486,1.2815227105187854,2.7653135102038218,9.999000099990002e-05,48,False
17,timestamp_jitter_020ms,held_out,chronaris,contiformer,ridge_recovery_probe__relative_clock_offset_magnitude_s,absolute_error_s,positive_favors_reference,0.9655427373945713,0.8476210102128485,1.0831208176522824,9.999000099990002e-05,48,False
17,timestamp_jitter_020ms,held_out,chronaris,mult,ridge_recovery_probe__relative_clock_offset_magnitude_s,absolute_error_s,positive_favors_reference,0.35026295203715563,0.26991163516261923,0.4331891427747904,9.999000099990002e-05,48,False
17,timestamp_jitter_020ms,held_out,chronaris,naive_time_sync,ridge_recovery_probe__relative_clock_offset_magnitude_s,absolute_error_s,positive_favors_reference,0.7763047519450387,0.7261673636268824,0.8279221183853224,9.999000099990002e-05,48,False
17,timestamp_jitter_050ms,held_out,chronaris,contiformer,ridge_recovery_probe__primary_physiology_response_lag_s,absolute_error_s,positive_favors_reference,3.5762024756310544,2.7334467246142027,4.45546318304655,9.999000099990002e-05,48,False
17,timestamp_jitter_050ms,held_out,chronaris,mult,ridge_recovery_probe__primary_physiology_response_lag_s,absolute_error_s,positive_favors_reference,3.441397949370933,2.6783216339123497,4.179113122602186,9.999000099990002e-05,48,False
17,timestamp_jitter_050ms,held_out,chronaris,naive_time_sync,ridge_recovery_probe__primary_physiology_response_lag_s,absolute_error_s,positive_favors_reference,1.9922782771505343,1.2990656973758417,2.683308243369371,9.999000099990002e-05,48,False
17,timestamp_jitter_050ms,held_out,chronaris,contiformer,ridge_recovery_probe__relative_clock_offset_magnitude_s,absolute_error_s,positive_favors_reference,0.9555881377309561,0.8370516851777211,1.073922723912013,9.999000099990002e-05,48,False
17,timestamp_jitter_050ms,held_out,chronaris,mult,ridge_recovery_probe__relative_clock_offset_magnitude_s,absolute_error_s,positive_favors_reference,0.3451643080140154,0.26222101860524466,0.4294605647446587,9.999000099990002e-05,48,False
17,timestamp_jitter_050ms,held_out,chronaris,naive_time_sync,ridge_recovery_probe__relative_clock_offset_magnitude_s,absolute_error_s,positive_favors_reference,0.793966772655646,0.7361849532307436,0.853564096141296,9.999000099990002e-05,48,False
17,timestamp_jitter_100ms,held_out,chronaris,contiformer,ridge_recovery_probe__primary_physiology_response_lag_s,absolute_error_s,positive_favors_reference,3.3402107034246575,2.5446431242411083,4.16156190324821,9.999000099990002e-05,48,False
17,timestamp_jitter_100ms,held_out,chronaris,mult,ridge_recovery_probe__primary_physiology_response_lag_s,absolute_error_s,positive_favors_reference,3.158942202973981,2.5018290208454133,3.7842260203397267,9.999000099990002e-05,48,False
17,timestamp_jitter_100ms,held_out,chronaris,naive_time_sync,ridge_recovery_probe__primary_physiology_response_lag_s,absolute_error_s,positive_favors_reference,1.7536768856582148,1.1647896002132472,2.350928770926879,9.999000099990002e-05,48,False
17,timestamp_jitter_100ms,held_out,chronaris,contiformer,ridge_recovery_probe__relative_clock_offset_magnitude_s,absolute_error_s,positive_favors_reference,0.9184837341308594,0.7912755605842297,1.0436288924111672,9.999000099990002e-05,48,False
17,timestamp_jitter_100ms,held_out,chronaris,mult,ridge_recovery_probe__relative_clock_offset_magnitude_s,absolute_error_s,positive_favors_reference,0.2924256095041831,0.21049372404813765,0.3803066616101811,9.999000099990002e-05,48,False
17,timestamp_jitter_100ms,held_out,chronaris,naive_time_sync,ridge_recovery_probe__relative_clock_offset_magnitude_s,absolute_error_s,positive_favors_reference,0.7701800586655736,0.7125596021767706,0.8271655116463078,9.999000099990002e-05,48,False
17,clock_offset_+0.00s,held_out,chronaris,contiformer,ridge_recovery_probe__primary_physiology_response_lag_s,absolute_error_s,positive_favors_reference,3.9194497211193995,2.9168688587786913,4.9019258967325,9.999000099990002e-05,48,False
17,clock_offset_+0.00s,held_out,chronaris,mult,ridge_recovery_probe__primary_physiology_response_lag_s,absolute_error_s,positive_favors_reference,4.572817903373448,3.4660663777019054,5.650825623776507,9.999000099990002e-05,48,False
17,clock_offset_+0.00s,held_out,chronaris,naive_time_sync,ridge_recovery_probe__primary_physiology_response_lag_s,absolute_error_s,positive_favors_reference,1.7642111743885172,0.8285492192838189,2.744589217841033,0.0014998500149985001,48,False
17,clock_offset_+0.00s,held_out,chronaris,contiformer,ridge_recovery_probe__relative_clock_offset_magnitude_s,absolute_error_s,positive_favors_reference,1.2195246576641996,1.1082400241711488,1.3345860906255742,9.999000099990002e-05,48,False
17,clock_offset_+0.00s,held_out,chronaris,mult,ridge_recovery_probe__relative_clock_offset_magnitude_s,absolute_error_s,positive_favors_reference,0.44387536713232595,0.35130816002686815,0.5431455864260593,9.999000099990002e-05,48,False
17,clock_offset_+0.00s,held_out,chronaris,naive_time_sync,ridge_recovery_probe__relative_clock_offset_magnitude_s,absolute_error_s,positive_favors_reference,0.704920155617098,0.6619281331154828,0.7476809058571234,9.999000099990002e-05,48,False
17,clock_offset_-0.25s,held_out,chronaris,contiformer,ridge_recovery_probe__primary_physiology_response_lag_s,absolute_error_s,positive_favors_reference,3.4064387584611233,2.507438839054961,4.335224887380797,9.999000099990002e-05,48,False
17,clock_offset_-0.25s,held_out,chronaris,mult,ridge_recovery_probe__primary_physiology_response_lag_s,absolute_error_s,positive_favors_reference,4.361580910344126,3.2923292008133958,5.408565240333955,9.999000099990002e-05,48,False
17,clock_offset_-0.25s,held_out,chronaris,naive_time_sync,ridge_recovery_probe__primary_physiology_response_lag_s,absolute_error_s,positive_favors_reference,2.0062668506585375,1.066198086629063,2.976532160302354,0.0005999400059994001,48,False
17,clock_offset_-0.25s,held_out,chronaris,contiformer,ridge_recovery_probe__relative_clock_offset_magnitude_s,absolute_error_s,positive_favors_reference,0.6804894811163346,0.5535406003240496,0.8150339630665256,9.999000099990002e-05,48,False
17,clock_offset_-0.25s,held_out,chronaris,mult,ridge_recovery_probe__relative_clock_offset_magnitude_s,absolute_error_s,positive_favors_reference,0.16977114820231995,0.07775277727438758,0.26264848612869773,0.0010998900109989002,48,False
17,clock_offset_-0.25s,held_out,chronaris,naive_time_sync,ridge_recovery_probe__relative_clock_offset_magnitude_s,absolute_error_s,positive_favors_reference,0.38694933522492647,0.34065996648278085,0.43327774866484103,9.999000099990002e-05,48,False
17,clock_offset_+0.25s,held_out,chronaris,contiformer,ridge_recovery_probe__primary_physiology_response_lag_s,absolute_error_s,positive_favors_reference,3.4403627715639367,2.5485851413820244,4.367689911262305,9.999000099990002e-05,48,False
17,clock_offset_+0.25s,held_out,chronaris,mult,ridge_recovery_probe__primary_physiology_response_lag_s,absolute_error_s,positive_favors_reference,4.400945572262681,3.3337621748813775,5.444919849307569,9.999000099990002e-05,48,False
17,clock_offset_+0.25s,held_out,chronaris,naive_time_sync,ridge_recovery_probe__primary_physiology_response_lag_s,absolute_error_s,positive_favors_reference,2.0243903660521845,1.08490705683505,2.9837600362527046,0.0004999500049995,48,False
17,clock_offset_+0.25s,held_out,chronaris,contiformer,ridge_recovery_probe__relative_clock_offset_magnitude_s,absolute_error_s,positive_favors_reference,0.6791181890293956,0.5520289285186057,0.8153965115236739,9.999000099990002e-05,48,False
17,clock_offset_+0.25s,held_out,chronaris,mult,ridge_recovery_probe__relative_clock_offset_magnitude_s,absolute_error_s,positive_favors_reference,0.17284518977006277,0.0818065107644846,0.26567903428804124,0.000999900009999,48,False
17,clock_offset_+0.25s,held_out,chronaris,naive_time_sync,ridge_recovery_probe__relative_clock_offset_magnitude_s,absolute_error_s,positive_favors_reference,0.386036458114783,0.3394508548779413,0.432855781672212,9.999000099990002e-05,48,False
17,clock_offset_-1.00s,held_out,chronaris,contiformer,ridge_recovery_probe__primary_physiology_response_lag_s,absolute_error_s,positive_favors_reference,3.831933415184961,2.834877438387684,4.803988204377041,9.999000099990002e-05,48,False
17,clock_offset_-1.00s,held_out,chronaris,mult,ridge_recovery_probe__primary_physiology_response_lag_s,absolute_error_s,positive_favors_reference,4.475558331699488,3.360012054439553,5.551772243400778,9.999000099990002e-05,48,False
17,clock_offset_-1.00s,held_out,chronaris,naive_time_sync,ridge_recovery_probe__primary_physiology_response_lag_s,absolute_error_s,positive_favors_reference,1.7299120179626468,0.7852194338143951,2.7166529237517416,0.0018998100189981002,48,False
17,clock_offset_-1.00s,held_out,chronaris,contiformer,ridge_recovery_probe__relative_clock_offset_magnitude_s,absolute_error_s,positive_favors_reference,-0.10434279435624678,-0.21462802654132246,0.0069823171167323885,0.08959104089591041,48,False
17,clock_offset_-1.00s,held_out,chronaris,mult,ridge_recovery_probe__relative_clock_offset_magnitude_s,absolute_error_s,positive_favors_reference,-0.5240531768649817,-0.6261707559460774,-0.42561733811162417,9.999000099990002e-05,48,False
17,clock_offset_-1.00s,held_out,chronaris,naive_time_sync,ridge_recovery_probe__relative_clock_offset_magnitude_s,absolute_error_s,positive_favors_reference,-0.8138112776602308,-0.8886297310469672,-0.7376692013426995,9.999000099990002e-05,48,False
17,clock_offset_+1.00s,held_out,chronaris,contiformer,ridge_recovery_probe__primary_physiology_response_lag_s,absolute_error_s,positive_favors_reference,4.024763145126916,3.04710966477523,5.02500375801536,9.999000099990002e-05,48,False
17,clock_offset_+1.00s,held_out,chronaris,mult,ridge_recovery_probe__primary_physiology_response_lag_s,absolute_error_s,positive_favors_reference,4.6577686035903545,3.5451204845927915,5.741831529666353,9.999000099990002e-05,48,False
17,clock_offset_+1.00s,held_out,chronaris,naive_time_sync,ridge_recovery_probe__primary_physiology_response_lag_s,absolute_error_s,positive_favors_reference,1.7980341031671225,0.8712927910648914,2.7600304089476975,0.0008999100089991,48,False
17,clock_offset_+1.00s,held_out,chronaris,contiformer,ridge_recovery_probe__relative_clock_offset_magnitude_s,absolute_error_s,positive_favors_reference,-0.10058041382580996,-0.21112555347693462,0.012851242581382297,0.10058994100589941,48,False
17,clock_offset_+1.00s,held_out,chronaris,mult,ridge_recovery_probe__relative_clock_offset_magnitude_s,absolute_error_s,positive_favors_reference,-0.521933676674962,-0.6270258897294602,-0.42363754450343555,9.999000099990002e-05,48,False
17,clock_offset_+1.00s,held_out,chronaris,naive_time_sync,ridge_recovery_probe__relative_clock_offset_magnitude_s,absolute_error_s,positive_favors_reference,-0.8153449793656667,-0.8896780488236496,-0.7392860062187537,9.999000099990002e-05,48,False
17,clock_offset_-3.00s,held_out,chronaris,contiformer,ridge_recovery_probe__primary_physiology_response_lag_s,absolute_error_s,positive_favors_reference,3.695233882642821,2.695118905090853,4.666673819004499,9.999000099990002e-05,48,False
17,clock_offset_-3.00s,held_out,chronaris,mult,ridge_recovery_probe__primary_physiology_response_lag_s,absolute_error_s,positive_favors_reference,4.326513958717871,3.2350264473307764,5.387684415652837,9.999000099990002e-05,48,False
17,clock_offset_-3.00s,held_out,chronaris,naive_time_sync,ridge_recovery_probe__primary_physiology_response_lag_s,absolute_error_s,positive_favors_reference,1.657767115832813,0.7023554580943913,2.650964550985041,0.0035996400359964,48,False
17,clock_offset_-3.00s,held_out,chronaris,contiformer,ridge_recovery_probe__relative_clock_offset_magnitude_s,absolute_error_s,positive_favors_reference,-1.4459911417216063,-1.5821368970753005,-1.3041332993578787,9.999000099990002e-05,48,False
17,clock_offset_-3.00s,held_out,chronaris,mult,ridge_recovery_probe__relative_clock_offset_magnitude_s,absolute_error_s,positive_favors_reference,-0.6821708045899868,-0.7909082022107518,-0.5712294844056791,9.999000099990002e-05,48,False
17,clock_offset_-3.00s,held_out,chronaris,naive_time_sync,ridge_recovery_probe__relative_clock_offset_magnitude_s,absolute_error_s,positive_favors_reference,-1.151501857675612,-1.2257242365973071,-1.078401266868847,9.999000099990002e-05,48,False
17,clock_offset_+3.00s,held_out,chronaris,contiformer,ridge_recovery_probe__primary_physiology_response_lag_s,absolute_error_s,positive_favors_reference,4.130134164594227,3.195519811540959,5.099456413484068,9.999000099990002e-05,48,False
17,clock_offset_+3.00s,held_out,chronaris,mult,ridge_recovery_probe__primary_physiology_response_lag_s,absolute_error_s,positive_favors_reference,4.83500237538372,3.6883577913416588,5.940025326360064,9.999000099990002e-05,48,False
17,clock_offset_+3.00s,held_out,chronaris,naive_time_sync,ridge_recovery_probe__primary_physiology_response_lag_s,absolute_error_s,positive_favors_reference,1.822579083353815,0.9265708365554735,2.7967780107566567,0.0007999200079992001,48,False
17,clock_offset_+3.00s,held_out,chronaris,contiformer,ridge_recovery_probe__relative_clock_offset_magnitude_s,absolute_error_s,positive_favors_reference,-1.3316781390458345,-1.4713464959679794,-1.1880190055894977,9.999000099990002e-05,48,False
17,clock_offset_+3.00s,held_out,chronaris,mult,ridge_recovery_probe__relative_clock_offset_magnitude_s,absolute_error_s,positive_favors_reference,-0.6691965311765671,-0.7881904946096863,-0.5532882328300427,9.999000099990002e-05,48,False
17,clock_offset_+3.00s,held_out,chronaris,naive_time_sync,ridge_recovery_probe__relative_clock_offset_magnitude_s,absolute_error_s,positive_favors_reference,-1.1180689350391428,-1.1913213986204936,-1.0460234108070532,9.999000099990002e-05,48,False
17,clock_drift_+000ppm,held_out,chronaris,contiformer,ridge_recovery_probe__primary_physiology_response_lag_s,absolute_error_s,positive_favors_reference,3.9194497211193995,2.9168688587786913,4.9019258967325,9.999000099990002e-05,48,False
17,clock_drift_+000ppm,held_out,chronaris,mult,ridge_recovery_probe__primary_physiology_response_lag_s,absolute_error_s,positive_favors_reference,4.572817903373448,3.4660663777019054,5.650825623776507,9.999000099990002e-05,48,False
17,clock_drift_+000ppm,held_out,chronaris,naive_time_sync,ridge_recovery_probe__primary_physiology_response_lag_s,absolute_error_s,positive_favors_reference,1.7642111743885172,0.8285492192838189,2.744589217841033,0.0014998500149985001,48,False
17,clock_drift_+000ppm,held_out,chronaris,contiformer,ridge_recovery_probe__relative_clock_offset_magnitude_s,absolute_error_s,positive_favors_reference,1.2195246576641996,1.1082400241711488,1.3345860906255742,9.999000099990002e-05,48,False
17,clock_drift_+000ppm,held_out,chronaris,mult,ridge_recovery_probe__relative_clock_offset_magnitude_s,absolute_error_s,positive_favors_reference,0.44387536713232595,0.35130816002686815,0.5431455864260593,9.999000099990002e-05,48,False
17,clock_drift_+000ppm,held_out,chronaris,naive_time_sync,ridge_recovery_probe__relative_clock_offset_magnitude_s,absolute_error_s,positive_favors_reference,0.704920155617098,0.6619281331154828,0.7476809058571234,9.999000099990002e-05,48,False
17,clock_drift_-050ppm,held_out,chronaris,contiformer,ridge_recovery_probe__primary_physiology_response_lag_s,absolute_error_s,positive_favors_reference,3.745332553369846,2.808176048133853,4.708991452686047,9.999000099990002e-05,48,False
17,clock_drift_-050ppm,held_out,chronaris,mult,ridge_recovery_probe__primary_physiology_response_lag_s,absolute_error_s,positive_favors_reference,4.449182487605898,3.4493125112372223,5.412249473621762,9.999000099990002e-05,48,False
17,clock_drift_-050ppm,held_out,chronaris,naive_time_sync,ridge_recovery_probe__primary_physiology_response_lag_s,absolute_error_s,positive_favors_reference,2.33216718670775,1.4048400743083893,3.2743500085691077,0.00019998000199980003,48,False
17,clock_drift_-050ppm,held_out,chronaris,contiformer,ridge_recovery_probe__relative_clock_offset_magnitude_s,absolute_error_s,positive_favors_reference,0.912536030014356,0.7630750953142221,1.0687387334182858,9.999000099990002e-05,48,False
17,clock_drift_-050ppm,held_out,chronaris,mult,ridge_recovery_probe__relative_clock_offset_magnitude_s,absolute_error_s,positive_favors_reference,0.4359063031151891,0.345586279189835,0.5323720581751937,9.999000099990002e-05,48,False
17,clock_drift_-050ppm,held_out,chronaris,naive_time_sync,ridge_recovery_probe__relative_clock_offset_magnitude_s,absolute_error_s,positive_favors_reference,0.8334246476491293,0.7916217161652942,0.8760919066223626,9.999000099990002e-05,48,False
17,clock_drift_+050ppm,held_out,chronaris,contiformer,ridge_recovery_probe__primary_physiology_response_lag_s,absolute_error_s,positive_favors_reference,3.624860222588325,2.7774569448310915,4.5078417787932095,9.999000099990002e-05,48,False
17,clock_drift_+050ppm,held_out,chronaris,mult,ridge_recovery_probe__primary_physiology_response_lag_s,absolute_error_s,positive_favors_reference,4.51941770908097,3.594227779073631,5.399885928867142,9.999000099990002e-05,48,False
17,clock_drift_+050ppm,held_out,chronaris,naive_time_sync,ridge_recovery_probe__primary_physiology_response_lag_s,absolute_error_s,positive_favors_reference,2.4060602086374243,1.5735961336365203,3.222995891399931,9.999000099990002e-05,48,False
17,clock_drift_+050ppm,held_out,chronaris,contiformer,ridge_recovery_probe__relative_clock_offset_magnitude_s,absolute_error_s,positive_favors_reference,0.9898049642021457,0.8587211082379024,1.1244316300687687,9.999000099990002e-05,48,False
17,clock_drift_+050ppm,held_out,chronaris,mult,ridge_recovery_probe__relative_clock_offset_magnitude_s,absolute_error_s,positive_favors_reference,0.4169782514994343,0.33458481611839186,0.5029524424190943,9.999000099990002e-05,48,False
17,clock_drift_+050ppm,held_out,chronaris,naive_time_sync,ridge_recovery_probe__relative_clock_offset_magnitude_s,absolute_error_s,positive_favors_reference,0.8493514051660895,0.8016224578178177,0.8982370006696632,9.999000099990002e-05,48,False
17,clock_drift_-100ppm,held_out,chronaris,contiformer,ridge_recovery_probe__primary_physiology_response_lag_s,absolute_error_s,positive_favors_reference,3.760386575642274,2.8320508610859494,4.717696949544139,9.999000099990002e-05,48,False
17,clock_drift_-100ppm,held_out,chronaris,mult,ridge_recovery_probe__primary_physiology_response_lag_s,absolute_error_s,positive_favors_reference,4.455818317412226,3.4763731299172793,5.396628358230309,9.999000099990002e-05,48,False
17,clock_drift_-100ppm,held_out,chronaris,naive_time_sync,ridge_recovery_probe__primary_physiology_response_lag_s,absolute_error_s,positive_favors_reference,2.3559326015171975,1.4389646532888085,3.2782141913212075,0.00019998000199980003,48,False
17,clock_drift_-100ppm,held_out,chronaris,contiformer,ridge_recovery_probe__relative_clock_offset_magnitude_s,absolute_error_s,positive_favors_reference,0.9191604911660155,0.7698635457083582,1.0763547107422102,9.999000099990002e-05,48,False
17,clock_drift_-100ppm,held_out,chronaris,mult,ridge_recovery_probe__relative_clock_offset_magnitude_s,absolute_error_s,positive_favors_reference,0.4391693091019988,0.34951971128272513,0.5348635698513438,9.999000099990002e-05,48,False
17,clock_drift_-100ppm,held_out,chronaris,naive_time_sync,ridge_recovery_probe__relative_clock_offset_magnitude_s,absolute_error_s,positive_favors_reference,0.8421382876113057,0.800095690577291,0.8849122691511486,9.999000099990002e-05,48,False
17,clock_drift_+100ppm,held_out,chronaris,contiformer,ridge_recovery_probe__primary_physiology_response_lag_s,absolute_error_s,positive_favors_reference,3.6154211118324047,2.7552718287674454,4.508889693273733,9.999000099990002e-05,48,False
17,clock_drift_+100ppm,held_out,chronaris,mult,ridge_recovery_probe__primary_physiology_response_lag_s,absolute_error_s,positive_favors_reference,4.51683226820687,3.5744508419009824,5.404411841396064,9.999000099990002e-05,48,False
17,clock_drift_+100ppm,held_out,chronaris,naive_time_sync,ridge_recovery_probe__primary_physiology_response_lag_s,absolute_error_s,positive_favors_reference,2.383820926008392,1.5466317509773542,3.2223459835184594,9.999000099990002e-05,48,False
17,clock_drift_+100ppm,held_out,chronaris,contiformer,ridge_recovery_probe__relative_clock_offset_magnitude_s,absolute_error_s,positive_favors_reference,0.9888160082822045,0.8581508481875062,1.1222574123647062,9.999000099990002e-05,48,False
17,clock_drift_+100ppm,held_out,chronaris,mult,ridge_recovery_probe__relative_clock_offset_magnitude_s,absolute_error_s,positive_favors_reference,0.41924930674334365,0.33597681173899524,0.504624773818068,9.999000099990002e-05,48,False
17,clock_drift_+100ppm,held_out,chronaris,naive_time_sync,ridge_recovery_probe__relative_clock_offset_magnitude_s,absolute_error_s,positive_favors_reference,0.8463232461363077,0.7989971489955981,0.8943906073225661,9.999000099990002e-05,48,False
17,clock_drift_-250ppm,held_out,chronaris,contiformer,ridge_recovery_probe__primary_physiology_response_lag_s,absolute_error_s,positive_favors_reference,3.7980996116900987,2.8818586631609167,4.736563249092533,9.999000099990002e-05,48,False
17,clock_drift_-250ppm,held_out,chronaris,mult,ridge_recovery_probe__primary_physiology_response_lag_s,absolute_error_s,positive_favors_reference,4.468550035178672,3.55040116082678,5.351832692399855,9.999000099990002e-05,48,False
17,clock_drift_-250ppm,held_out,chronaris,naive_time_sync,ridge_recovery_probe__primary_physiology_response_lag_s,absolute_error_s,positive_favors_reference,2.4307612395292444,1.5593334817105562,3.302126270573386,9.999000099990002e-05,48,False
17,clock_drift_-250ppm,held_out,chronaris,contiformer,ridge_recovery_probe__relative_clock_offset_magnitude_s,absolute_error_s,positive_favors_reference,0.9338189456611872,0.7861246286891401,1.090511811415975,9.999000099990002e-05,48,False
17,clock_drift_-250ppm,held_out,chronaris,mult,ridge_recovery_probe__relative_clock_offset_magnitude_s,absolute_error_s,positive_favors_reference,0.44394511356949806,0.355281327990815,0.5371919683335968,9.999000099990002e-05,48,False
17,clock_drift_-250ppm,held_out,chronaris,naive_time_sync,ridge_recovery_probe__relative_clock_offset_magnitude_s,absolute_error_s,positive_favors_reference,0.8635304511214296,0.8194276148841406,0.9082346615071097,9.999000099990002e-05,48,False
17,clock_drift_+250ppm,held_out,chronaris,contiformer,ridge_recovery_probe__primary_physiology_response_lag_s,absolute_error_s,positive_favors_reference,3.579657921554855,2.6951855609540636,4.498365450664312,9.999000099990002e-05,48,False
17,clock_drift_+250ppm,held_out,chronaris,mult,ridge_recovery_probe__primary_physiology_response_lag_s,absolute_error_s,positive_favors_reference,4.502678094164687,3.5031038363453573,5.452840919988547,9.999000099990002e-05,48,False
17,clock_drift_+250ppm,held_out,chronaris,naive_time_sync,ridge_recovery_probe__primary_physiology_response_lag_s,absolute_error_s,positive_favors_reference,2.3187560148181636,1.4396111756477894,3.2112037863017053,0.00019998000199980003,48,False
17,clock_drift_+250ppm,held_out,chronaris,contiformer,ridge_recovery_probe__relative_clock_offset_magnitude_s,absolute_error_s,positive_favors_reference,0.981088327554365,0.8515187494534378,1.1155140752904116,9.999000099990002e-05,48,False
17,clock_drift_+250ppm,held_out,chronaris,mult,ridge_recovery_probe__relative_clock_offset_magnitude_s,absolute_error_s,positive_favors_reference,0.4217711053788662,0.33825659522941953,0.5099274072873715,9.999000099990002e-05,48,False
17,clock_drift_+250ppm,held_out,chronaris,naive_time_sync,ridge_recovery_probe__relative_clock_offset_magnitude_s,absolute_error_s,positive_favors_reference,0.8326566182076931,0.7881889611715451,0.8781713077565655,9.999000099990002e-05,48,False
17,random_missing_00pct,held_out,chronaris,contiformer,ridge_recovery_probe__primary_physiology_response_lag_s,absolute_error_s,positive_favors_reference,3.9194497211193995,2.9168688587786913,4.9019258967325,9.999000099990002e-05,48,False
17,random_missing_00pct,held_out,chronaris,mult,ridge_recovery_probe__primary_physiology_response_lag_s,absolute_error_s,positive_favors_reference,4.572817903373448,3.4660663777019054,5.650825623776507,9.999000099990002e-05,48,False
17,random_missing_00pct,held_out,chronaris,naive_time_sync,ridge_recovery_probe__primary_physiology_response_lag_s,absolute_error_s,positive_favors_reference,1.7642111743885172,0.8285492192838189,2.744589217841033,0.0014998500149985001,48,False
17,random_missing_00pct,held_out,chronaris,contiformer,ridge_recovery_probe__relative_clock_offset_magnitude_s,absolute_error_s,positive_favors_reference,1.2195246576641996,1.1082400241711488,1.3345860906255742,9.999000099990002e-05,48,False
17,random_missing_00pct,held_out,chronaris,mult,ridge_recovery_probe__relative_clock_offset_magnitude_s,absolute_error_s,positive_favors_reference,0.44387536713232595,0.35130816002686815,0.5431455864260593,9.999000099990002e-05,48,False
17,random_missing_00pct,held_out,chronaris,naive_time_sync,ridge_recovery_probe__relative_clock_offset_magnitude_s,absolute_error_s,positive_favors_reference,0.704920155617098,0.6619281331154828,0.7476809058571234,9.999000099990002e-05,48,False
17,random_missing_10pct,held_out,chronaris,contiformer,ridge_recovery_probe__primary_physiology_response_lag_s,absolute_error_s,positive_favors_reference,3.5728497035922917,2.7692354997187594,4.400257117301819,9.999000099990002e-05,48,False
17,random_missing_10pct,held_out,chronaris,mult,ridge_recovery_probe__primary_physiology_response_lag_s,absolute_error_s,positive_favors_reference,4.058532451107779,3.306676354061363,4.804338663652133,9.999000099990002e-05,48,False
17,random_missing_10pct,held_out,chronaris,naive_time_sync,ridge_recovery_probe__primary_physiology_response_lag_s,absolute_error_s,positive_favors_reference,1.3937248787230043,0.7864453994460412,2.045556915384336,9.999000099990002e-05,48,False
17,random_missing_10pct,held_out,chronaris,contiformer,ridge_recovery_probe__relative_clock_offset_magnitude_s,absolute_error_s,positive_favors_reference,0.9143671815594038,0.7913871028848614,1.0332131685068209,9.999000099990002e-05,48,False
17,random_missing_10pct,held_out,chronaris,mult,ridge_recovery_probe__relative_clock_offset_magnitude_s,absolute_error_s,positive_favors_reference,0.11419035649547975,0.02034707150887698,0.20952505824776982,0.024297570242975703,48,False
17,random_missing_10pct,held_out,chronaris,naive_time_sync,ridge_recovery_probe__relative_clock_offset_magnitude_s,absolute_error_s,positive_favors_reference,0.4565025707706809,0.40263755636600157,0.5095266305763896,9.999000099990002e-05,48,False
17,random_missing_30pct,held_out,chronaris,contiformer,ridge_recovery_probe__primary_physiology_response_lag_s,absolute_error_s,positive_favors_reference,-2.203414770003791,-3.077994138394893,-1.302539454376286,9.999000099990002e-05,48,False
17,random_missing_30pct,held_out,chronaris,mult,ridge_recovery_probe__primary_physiology_response_lag_s,absolute_error_s,positive_favors_reference,-1.9330681532526561,-2.8069987392482525,-1.0886569891748203,9.999000099990002e-05,48,False
17,random_missing_30pct,held_out,chronaris,naive_time_sync,ridge_recovery_probe__primary_physiology_response_lag_s,absolute_error_s,positive_favors_reference,-3.969241262033073,-4.681955421572736,-3.2481616747005893,9.999000099990002e-05,48,False
17,random_missing_30pct,held_out,chronaris,contiformer,ridge_recovery_probe__relative_clock_offset_magnitude_s,absolute_error_s,positive_favors_reference,-0.8050753421460589,-0.9633512253019337,-0.6535419330233709,9.999000099990002e-05,48,False
17,random_missing_30pct,held_out,chronaris,mult,ridge_recovery_probe__relative_clock_offset_magnitude_s,absolute_error_s,positive_favors_reference,-1.6148177444313963,-1.7405928292622168,-1.491977647660921,9.999000099990002e-05,48,False
17,random_missing_30pct,held_out,chronaris,naive_time_sync,ridge_recovery_probe__relative_clock_offset_magnitude_s,absolute_error_s,positive_favors_reference,-1.0947044591108959,-1.1687191566685213,-1.0198057333395505,9.999000099990002e-05,48,False
17,random_missing_50pct,held_out,chronaris,contiformer,ridge_recovery_probe__primary_physiology_response_lag_s,absolute_error_s,positive_favors_reference,-13.442859900447928,-14.805759686247246,-12.047551465591317,9.999000099990002e-05,48,False
17,random_missing_50pct,held_out,chronaris,mult,ridge_recovery_probe__primary_physiology_response_lag_s,absolute_error_s,positive_favors_reference,-14.09042246484116,-15.373380002148657,-12.841407193000949,9.999000099990002e-05,48,False
17,random_missing_50pct,held_out,chronaris,naive_time_sync,ridge_recovery_probe__primary_physiology_response_lag_s,absolute_error_s,positive_favors_reference,-14.96444964090967,-16.02425454161532,-13.888736634045832,9.999000099990002e-05,48,False
17,random_missing_50pct,held_out,chronaris,contiformer,ridge_recovery_probe__relative_clock_offset_magnitude_s,absolute_error_s,positive_favors_reference,-3.109230374606947,-3.339802794833668,-2.883385543486414,9.999000099990002e-05,48,False
17,random_missing_50pct,held_out,chronaris,mult,ridge_recovery_probe__relative_clock_offset_magnitude_s,absolute_error_s,positive_favors_reference,-4.03522815151761,-4.204996715804251,-3.8666813690681017,9.999000099990002e-05,48,False
17,random_missing_50pct,held_out,chronaris,naive_time_sync,ridge_recovery_probe__relative_clock_offset_magnitude_s,absolute_error_s,positive_favors_reference,-3.2903151058902345,-3.4311997533775864,-3.14818843761459,9.999000099990002e-05,48,False
17,contiguous_gap_00s,held_out,chronaris,contiformer,ridge_recovery_probe__primary_physiology_response_lag_s,absolute_error_s,positive_favors_reference,3.9194497211193995,2.9168688587786913,4.9019258967325,9.999000099990002e-05,48,False
17,contiguous_gap_00s,held_out,chronaris,mult,ridge_recovery_probe__primary_physiology_response_lag_s,absolute_error_s,positive_favors_reference,4.572817903373448,3.4660663777019054,5.650825623776507,9.999000099990002e-05,48,False
17,contiguous_gap_00s,held_out,chronaris,naive_time_sync,ridge_recovery_probe__primary_physiology_response_lag_s,absolute_error_s,positive_favors_reference,1.7642111743885172,0.8285492192838189,2.744589217841033,0.0014998500149985001,48,False
17,contiguous_gap_00s,held_out,chronaris,contiformer,ridge_recovery_probe__relative_clock_offset_magnitude_s,absolute_error_s,positive_favors_reference,1.2195246576641996,1.1082400241711488,1.3345860906255742,9.999000099990002e-05,48,False
17,contiguous_gap_00s,held_out,chronaris,mult,ridge_recovery_probe__relative_clock_offset_magnitude_s,absolute_error_s,positive_favors_reference,0.44387536713232595,0.35130816002686815,0.5431455864260593,9.999000099990002e-05,48,False
17,contiguous_gap_00s,held_out,chronaris,naive_time_sync,ridge_recovery_probe__relative_clock_offset_magnitude_s,absolute_error_s,positive_favors_reference,0.704920155617098,0.6619281331154828,0.7476809058571234,9.999000099990002e-05,48,False
17,contiguous_gap_05s,held_out,chronaris,contiformer,ridge_recovery_probe__primary_physiology_response_lag_s,absolute_error_s,positive_favors_reference,3.0243864426120193,2.1166473379028554,4.0313645928145085,9.999000099990002e-05,48,False
17,contiguous_gap_05s,held_out,chronaris,mult,ridge_recovery_probe__primary_physiology_response_lag_s,absolute_error_s,positive_favors_reference,4.192700391969155,3.2289266095591485,5.177915931416196,9.999000099990002e-05,48,False
17,contiguous_gap_05s,held_out,chronaris,naive_time_sync,ridge_recovery_probe__primary_physiology_response_lag_s,absolute_error_s,positive_favors_reference,1.1808790953267798,0.4011124902020053,1.9663083554376597,0.0065993400659934,48,False
17,contiguous_gap_05s,held_out,chronaris,contiformer,ridge_recovery_probe__relative_clock_offset_magnitude_s,absolute_error_s,positive_favors_reference,1.0974358143284917,0.9453484549730395,1.2491455405717715,9.999000099990002e-05,48,False
17,contiguous_gap_05s,held_out,chronaris,mult,ridge_recovery_probe__relative_clock_offset_magnitude_s,absolute_error_s,positive_favors_reference,0.3862810380135973,0.2906271118127431,0.4852513106307014,9.999000099990002e-05,48,False
17,contiguous_gap_05s,held_out,chronaris,naive_time_sync,ridge_recovery_probe__relative_clock_offset_magnitude_s,absolute_error_s,positive_favors_reference,0.7026121957848469,0.6517902211208517,0.7546855543196822,9.999000099990002e-05,48,False
17,contiguous_gap_15s,held_out,chronaris,contiformer,ridge_recovery_probe__primary_physiology_response_lag_s,absolute_error_s,positive_favors_reference,4.294369152896622,2.941344239267649,5.574979860758706,9.999000099990002e-05,48,False
17,contiguous_gap_15s,held_out,chronaris,mult,ridge_recovery_probe__primary_physiology_response_lag_s,absolute_error_s,positive_favors_reference,7.126262101045299,5.420156226434082,8.731866583327168,9.999000099990002e-05,48,False
17,contiguous_gap_15s,held_out,chronaris,naive_time_sync,ridge_recovery_probe__primary_physiology_response_lag_s,absolute_error_s,positive_favors_reference,5.498977435431729,4.306328776926085,6.606769751354171,9.999000099990002e-05,48,False
17,contiguous_gap_15s,held_out,chronaris,contiformer,ridge_recovery_probe__relative_clock_offset_magnitude_s,absolute_error_s,positive_favors_reference,1.5813021330783765,1.3654982432412606,1.7857223451603204,9.999000099990002e-05,48,False
17,contiguous_gap_15s,held_out,chronaris,mult,ridge_recovery_probe__relative_clock_offset_magnitude_s,absolute_error_s,positive_favors_reference,1.1439263550564647,0.9476792947932456,1.347045024562006,9.999000099990002e-05,48,False
17,contiguous_gap_15s,held_out,chronaris,naive_time_sync,ridge_recovery_probe__relative_clock_offset_magnitude_s,absolute_error_s,positive_favors_reference,1.6580865945046146,1.5093888629305487,1.8049530072913815,9.999000099990002e-05,48,False
17,contiguous_gap_30s,held_out,chronaris,contiformer,ridge_recovery_probe__primary_physiology_response_lag_s,absolute_error_s,positive_favors_reference,6.040444193384765,4.092100864892922,8.03635494504224,9.999000099990002e-05,48,False
17,contiguous_gap_30s,held_out,chronaris,mult,ridge_recovery_probe__primary_physiology_response_lag_s,absolute_error_s,positive_favors_reference,11.555740745131544,8.998149445461788,13.973031761034981,9.999000099990002e-05,48,False
17,contiguous_gap_30s,held_out,chronaris,naive_time_sync,ridge_recovery_probe__primary_physiology_response_lag_s,absolute_error_s,positive_favors_reference,12.771695497718378,10.902150545611818,14.604086871151154,9.999000099990002e-05,48,False
17,contiguous_gap_30s,held_out,chronaris,contiformer,ridge_recovery_probe__relative_clock_offset_magnitude_s,absolute_error_s,positive_favors_reference,2.005601043192049,1.6887932372357075,2.3084299771503236,9.999000099990002e-05,48,False
17,contiguous_gap_30s,held_out,chronaris,mult,ridge_recovery_probe__relative_clock_offset_magnitude_s,absolute_error_s,positive_favors_reference,2.184321364698311,1.7607894904290637,2.5723390035564075,9.999000099990002e-05,48,False
17,contiguous_gap_30s,held_out,chronaris,naive_time_sync,ridge_recovery_probe__relative_clock_offset_magnitude_s,absolute_error_s,positive_favors_reference,3.0196128164728484,2.7053359775803987,3.3347275656027096,9.999000099990002e-05,48,False
17,physiology_lag_02s,held_out,chronaris,contiformer,ridge_recovery_probe__primary_physiology_response_lag_s,absolute_error_s,positive_favors_reference,3.1220229913027127,2.0771867365895798,4.191531920821057,9.999000099990002e-05,48,False
17,physiology_lag_02s,held_out,chronaris,mult,ridge_recovery_probe__primary_physiology_response_lag_s,absolute_error_s,positive_favors_reference,3.346062822795987,2.075804731363361,4.640398302225005,0.00019998000199980003,48,False
17,physiology_lag_02s,held_out,chronaris,naive_time_sync,ridge_recovery_probe__primary_physiology_response_lag_s,absolute_error_s,positive_favors_reference,0.9497742513225959,-0.12037561290672223,2.0922700628790265,0.10428957104289571,48,False
17,physiology_lag_02s,held_out,chronaris,contiformer,ridge_recovery_probe__relative_clock_offset_magnitude_s,absolute_error_s,positive_favors_reference,1.2234059342493613,1.1179864691570403,1.33170604762466,9.999000099990002e-05,48,False
17,physiology_lag_02s,held_out,chronaris,mult,ridge_recovery_probe__relative_clock_offset_magnitude_s,absolute_error_s,positive_favors_reference,0.45483325359721977,0.364401015235732,0.5543289130243162,9.999000099990002e-05,48,False
17,physiology_lag_02s,held_out,chronaris,naive_time_sync,ridge_recovery_probe__relative_clock_offset_magnitude_s,absolute_error_s,positive_favors_reference,0.7014809924488267,0.6584185269816468,0.7439024832254896,9.999000099990002e-05,48,False
17,physiology_lag_05s,held_out,chronaris,contiformer,ridge_recovery_probe__primary_physiology_response_lag_s,absolute_error_s,positive_favors_reference,1.352998794023379,0.2322489860438783,2.5226560248666337,0.029397060293970604,48,False
17,physiology_lag_05s,held_out,chronaris,mult,ridge_recovery_probe__primary_physiology_response_lag_s,absolute_error_s,positive_favors_reference,1.1855860931312197,-0.3139697923774641,2.7995494273330843,0.1461853814618538,48,False
17,physiology_lag_05s,held_out,chronaris,naive_time_sync,ridge_recovery_probe__primary_physiology_response_lag_s,absolute_error_s,positive_favors_reference,0.06669544209972789,-0.9809491142007342,1.179400713815689,0.9053094690530947,48,False
17,physiology_lag_05s,held_out,chronaris,contiformer,ridge_recovery_probe__relative_clock_offset_magnitude_s,absolute_error_s,positive_favors_reference,1.1951744261508186,1.0916492606280372,1.3023584618155535,9.999000099990002e-05,48,False
17,physiology_lag_05s,held_out,chronaris,mult,ridge_recovery_probe__relative_clock_offset_magnitude_s,absolute_error_s,positive_favors_reference,0.4693188400318225,0.3793621488924449,0.5659833669895304,9.999000099990002e-05,48,False
17,physiology_lag_05s,held_out,chronaris,naive_time_sync,ridge_recovery_probe__relative_clock_offset_magnitude_s,absolute_error_s,positive_favors_reference,0.69232903731366,0.6496897359456246,0.7359627286360289,9.999000099990002e-05,48,False
17,physiology_lag_15s,held_out,chronaris,contiformer,ridge_recovery_probe__primary_physiology_response_lag_s,absolute_error_s,positive_favors_reference,-2.5879063043066726,-3.488699686876746,-1.7289800080909146,9.999000099990002e-05,48,False
17,physiology_lag_15s,held_out,chronaris,mult,ridge_recovery_probe__primary_physiology_response_lag_s,absolute_error_s,positive_favors_reference,-5.072758442918693,-5.695675580796303,-4.451722414302837,9.999000099990002e-05,48,False
17,physiology_lag_15s,held_out,chronaris,naive_time_sync,ridge_recovery_probe__primary_physiology_response_lag_s,absolute_error_s,positive_favors_reference,-2.8592626153768568,-3.596897443665858,-2.158225958826298,9.999000099990002e-05,48,False
17,physiology_lag_15s,held_out,chronaris,contiformer,ridge_recovery_probe__relative_clock_offset_magnitude_s,absolute_error_s,positive_favors_reference,1.1461543527742226,1.0283581411931664,1.266581040698414,9.999000099990002e-05,48,False
17,physiology_lag_15s,held_out,chronaris,mult,ridge_recovery_probe__relative_clock_offset_magnitude_s,absolute_error_s,positive_favors_reference,0.5557461297139525,0.4650054585499068,0.651744733323964,9.999000099990002e-05,48,False
17,physiology_lag_15s,held_out,chronaris,naive_time_sync,ridge_recovery_probe__relative_clock_offset_magnitude_s,absolute_error_s,positive_favors_reference,0.67825214471668,0.6305788300698623,0.7255200761447971,9.999000099990002e-05,48,False
17,physiology_lag_30s,held_out,chronaris,contiformer,ridge_recovery_probe__primary_physiology_response_lag_s,absolute_error_s,positive_favors_reference,-2.2113714189349047,-3.5014021342640826,-1.024912979362121,0.0007999200079992001,48,False
17,physiology_lag_30s,held_out,chronaris,mult,ridge_recovery_probe__primary_physiology_response_lag_s,absolute_error_s,positive_favors_reference,-5.10400338000325,-6.079147345840179,-4.211123535049633,9.999000099990002e-05,48,False
17,physiology_lag_30s,held_out,chronaris,naive_time_sync,ridge_recovery_probe__primary_physiology_response_lag_s,absolute_error_s,positive_favors_reference,-0.4952796945969264,-1.3828575522949298,0.3594528925915556,0.2883711628837116,48,False
17,physiology_lag_30s,held_out,chronaris,contiformer,ridge_recovery_probe__relative_clock_offset_magnitude_s,absolute_error_s,positive_favors_reference,1.0338206645101309,0.898324198438786,1.173549894670335,9.999000099990002e-05,48,False
17,physiology_lag_30s,held_out,chronaris,mult,ridge_recovery_probe__relative_clock_offset_magnitude_s,absolute_error_s,positive_favors_reference,0.7338454127311707,0.6354207951265077,0.8367467534573128,9.999000099990002e-05,48,False
17,physiology_lag_30s,held_out,chronaris,naive_time_sync,ridge_recovery_probe__relative_clock_offset_magnitude_s,absolute_error_s,positive_favors_reference,0.6892742952331901,0.6410471325817829,0.733583107458738,9.999000099990002e-05,48,False
17,observation_snr_30db,held_out,chronaris,contiformer,ridge_recovery_probe__primary_physiology_response_lag_s,absolute_error_s,positive_favors_reference,3.9194497211193995,2.9168688587786913,4.9019258967325,9.999000099990002e-05,48,False
17,observation_snr_30db,held_out,chronaris,mult,ridge_recovery_probe__primary_physiology_response_lag_s,absolute_error_s,positive_favors_reference,4.572817903373448,3.4660663777019054,5.650825623776507,9.999000099990002e-05,48,False
17,observation_snr_30db,held_out,chronaris,naive_time_sync,ridge_recovery_probe__primary_physiology_response_lag_s,absolute_error_s,positive_favors_reference,1.7642111743885172,0.8285492192838189,2.744589217841033,0.0014998500149985001,48,False
17,observation_snr_30db,held_out,chronaris,contiformer,ridge_recovery_probe__relative_clock_offset_magnitude_s,absolute_error_s,positive_favors_reference,1.2195246576641996,1.1082400241711488,1.3345860906255742,9.999000099990002e-05,48,False
17,observation_snr_30db,held_out,chronaris,mult,ridge_recovery_probe__relative_clock_offset_magnitude_s,absolute_error_s,positive_favors_reference,0.44387536713232595,0.35130816002686815,0.5431455864260593,9.999000099990002e-05,48,False
17,observation_snr_30db,held_out,chronaris,naive_time_sync,ridge_recovery_probe__relative_clock_offset_magnitude_s,absolute_error_s,positive_favors_reference,0.704920155617098,0.6619281331154828,0.7476809058571234,9.999000099990002e-05,48,False
17,observation_snr_20db,held_out,chronaris,contiformer,ridge_recovery_probe__primary_physiology_response_lag_s,absolute_error_s,positive_favors_reference,3.92489151948817,2.895062015470434,4.952093726340775,9.999000099990002e-05,48,False
17,observation_snr_20db,held_out,chronaris,mult,ridge_recovery_probe__primary_physiology_response_lag_s,absolute_error_s,positive_favors_reference,4.580086306218138,3.507963344783676,5.625132881744848,9.999000099990002e-05,48,False
17,observation_snr_20db,held_out,chronaris,naive_time_sync,ridge_recovery_probe__primary_physiology_response_lag_s,absolute_error_s,positive_favors_reference,1.7212733411189198,0.8187756949807363,2.6933671633246847,0.0011998800119988001,48,False
17,observation_snr_20db,held_out,chronaris,contiformer,ridge_recovery_probe__relative_clock_offset_magnitude_s,absolute_error_s,positive_favors_reference,1.2340963936100404,1.1177679304421568,1.3507427817909048,9.999000099990002e-05,48,False
17,observation_snr_20db,held_out,chronaris,mult,ridge_recovery_probe__relative_clock_offset_magnitude_s,absolute_error_s,positive_favors_reference,0.4561561280861497,0.3682047710288316,0.5498976835204908,9.999000099990002e-05,48,False
17,observation_snr_20db,held_out,chronaris,naive_time_sync,ridge_recovery_probe__relative_clock_offset_magnitude_s,absolute_error_s,positive_favors_reference,0.7117067615812024,0.6690212624535585,0.7543417376388485,9.999000099990002e-05,48,False
17,observation_snr_10db,held_out,chronaris,contiformer,ridge_recovery_probe__primary_physiology_response_lag_s,absolute_error_s,positive_favors_reference,4.083667217343998,2.9121873308332185,5.29048313769277,9.999000099990002e-05,48,False
17,observation_snr_10db,held_out,chronaris,mult,ridge_recovery_probe__primary_physiology_response_lag_s,absolute_error_s,positive_favors_reference,4.84120432016696,3.841809922878847,5.799999802270479,9.999000099990002e-05,48,False
17,observation_snr_10db,held_out,chronaris,naive_time_sync,ridge_recovery_probe__primary_physiology_response_lag_s,absolute_error_s,positive_favors_reference,0.950832887344825,0.05459443875552062,1.8844557555490673,0.05469453054694531,48,False
17,observation_snr_10db,held_out,chronaris,contiformer,ridge_recovery_probe__relative_clock_offset_magnitude_s,absolute_error_s,positive_favors_reference,1.3771232971921563,1.2436175471016517,1.5112320026305193,9.999000099990002e-05,48,False
17,observation_snr_10db,held_out,chronaris,mult,ridge_recovery_probe__relative_clock_offset_magnitude_s,absolute_error_s,positive_favors_reference,0.6590352527176341,0.5663968075842907,0.7491687908691044,9.999000099990002e-05,48,False
17,observation_snr_10db,held_out,chronaris,naive_time_sync,ridge_recovery_probe__relative_clock_offset_magnitude_s,absolute_error_s,positive_favors_reference,0.6711006127297878,0.6202805467415601,0.7224442589562386,9.999000099990002e-05,48,False
17,observation_snr_05db,held_out,chronaris,contiformer,ridge_recovery_probe__primary_physiology_response_lag_s,absolute_error_s,positive_favors_reference,4.300877853991392,2.978075590557036,5.705435405404989,9.999000099990002e-05,48,False
17,observation_snr_05db,held_out,chronaris,mult,ridge_recovery_probe__primary_physiology_response_lag_s,absolute_error_s,positive_favors_reference,5.047944562000398,4.211100062384671,5.879768167521773,9.999000099990002e-05,48,False
17,observation_snr_05db,held_out,chronaris,naive_time_sync,ridge_recovery_probe__primary_physiology_response_lag_s,absolute_error_s,positive_favors_reference,-0.9337795510685588,-1.9171096717060858,0.11262643243360722,0.0856914308569143,48,False
17,observation_snr_05db,held_out,chronaris,contiformer,ridge_recovery_probe__relative_clock_offset_magnitude_s,absolute_error_s,positive_favors_reference,1.4483817002425592,1.2705422444579502,1.626406202178138,9.999000099990002e-05,48,False
17,observation_snr_05db,held_out,chronaris,mult,ridge_recovery_probe__relative_clock_offset_magnitude_s,absolute_error_s,positive_favors_reference,0.9525496723751227,0.8477565974617998,1.0507034459228937,9.999000099990002e-05,48,False
17,observation_snr_05db,held_out,chronaris,naive_time_sync,ridge_recovery_probe__relative_clock_offset_magnitude_s,absolute_error_s,positive_favors_reference,0.3784916490937273,0.28936086079726614,0.46457926433067764,9.999000099990002e-05,48,False
17,mixed_severe,held_out,chronaris,contiformer,ridge_recovery_probe__primary_physiology_response_lag_s,absolute_error_s,positive_favors_reference,1.6760382359398591,0.686018170891154,2.706038458445592,0.0027997200279972004,48,False
17,mixed_severe,held_out,chronaris,mult,ridge_recovery_probe__primary_physiology_response_lag_s,absolute_error_s,positive_favors_reference,2.6830268272578013,1.336939689589891,4.037208118848675,0.0007999200079992001,48,False
17,mixed_severe,held_out,chronaris,naive_time_sync,ridge_recovery_probe__primary_physiology_response_lag_s,absolute_error_s,positive_favors_reference,3.6042200933336637,2.5894168452365776,4.584394609503264,9.999000099990002e-05,48,False
17,mixed_severe,held_out,chronaris,contiformer,ridge_recovery_probe__relative_clock_offset_magnitude_s,absolute_error_s,positive_favors_reference,0.7965558298553029,0.5629351226457705,1.0271483503049237,9.999000099990002e-05,48,False
17,mixed_severe,held_out,chronaris,mult,ridge_recovery_probe__relative_clock_offset_magnitude_s,absolute_error_s,positive_favors_reference,1.0593646668518584,0.8102718478922422,1.304523229063488,9.999000099990002e-05,48,False
17,mixed_severe,held_out,chronaris,naive_time_sync,ridge_recovery_probe__relative_clock_offset_magnitude_s,absolute_error_s,positive_favors_reference,1.175750826485455,1.0093599520701295,1.3387106043985113,9.999000099990002e-05,48,False
29,timestamp_jitter_000ms,held_out,chronaris,contiformer,ridge_recovery_probe__primary_physiology_response_lag_s,absolute_error_s,positive_favors_reference,1.821560057651517,-0.05820682399690492,3.95264776139944,0.07879212078792121,48,False
29,timestamp_jitter_000ms,held_out,chronaris,mult,ridge_recovery_probe__primary_physiology_response_lag_s,absolute_error_s,positive_favors_reference,-0.05115723327944575,-0.5106321875828052,0.43297517941338487,0.8427157284271573,48,False
29,timestamp_jitter_000ms,held_out,chronaris,naive_time_sync,ridge_recovery_probe__primary_physiology_response_lag_s,absolute_error_s,positive_favors_reference,0.07092712828824412,-0.6426696640776061,0.828295824050826,0.8588141185881412,48,False
29,timestamp_jitter_000ms,held_out,chronaris,contiformer,ridge_recovery_probe__relative_clock_offset_magnitude_s,absolute_error_s,positive_favors_reference,0.49976120702922344,0.35113736491960784,0.6617174275995541,9.999000099990002e-05,48,False
29,timestamp_jitter_000ms,held_out,chronaris,mult,ridge_recovery_probe__relative_clock_offset_magnitude_s,absolute_error_s,positive_favors_reference,0.29956811914841336,0.2019758470589295,0.4003055831417441,9.999000099990002e-05,48,False
29,timestamp_jitter_000ms,held_out,chronaris,naive_time_sync,ridge_recovery_probe__relative_clock_offset_magnitude_s,absolute_error_s,positive_favors_reference,0.4467322189981739,0.3784271762318288,0.5141976194844271,9.999000099990002e-05,48,False
29,timestamp_jitter_020ms,held_out,chronaris,contiformer,ridge_recovery_probe__primary_physiology_response_lag_s,absolute_error_s,positive_favors_reference,0.20553196645538563,-0.8094957797248253,1.260234046636643,0.7098290170982902,48,False
29,timestamp_jitter_020ms,held_out,chronaris,mult,ridge_recovery_probe__primary_physiology_response_lag_s,absolute_error_s,positive_favors_reference,-0.35851745377397753,-0.8412929109594135,0.12110158728546387,0.1623837616238376,48,False
29,timestamp_jitter_020ms,held_out,chronaris,naive_time_sync,ridge_recovery_probe__primary_physiology_response_lag_s,absolute_error_s,positive_favors_reference,-0.020272274947428354,-0.7041720717896562,0.7026488377929673,0.9573042695730427,48,False
29,timestamp_jitter_020ms,held_out,chronaris,contiformer,ridge_recovery_probe__relative_clock_offset_magnitude_s,absolute_error_s,positive_favors_reference,0.3704015522574385,0.25382105993727844,0.48990654749019685,9.999000099990002e-05,48,False
29,timestamp_jitter_020ms,held_out,chronaris,mult,ridge_recovery_probe__relative_clock_offset_magnitude_s,absolute_error_s,positive_favors_reference,0.3221984642247359,0.22130464560662708,0.4276734510281433,9.999000099990002e-05,48,False
29,timestamp_jitter_020ms,held_out,chronaris,naive_time_sync,ridge_recovery_probe__relative_clock_offset_magnitude_s,absolute_error_s,positive_favors_reference,0.5331869032233953,0.4625642112844313,0.60670482168595,9.999000099990002e-05,48,False
29,timestamp_jitter_050ms,held_out,chronaris,contiformer,ridge_recovery_probe__primary_physiology_response_lag_s,absolute_error_s,positive_favors_reference,-0.018785839518114116,-1.0420169005583215,1.0434750647638193,0.9736026397360263,48,False
29,timestamp_jitter_050ms,held_out,chronaris,mult,ridge_recovery_probe__primary_physiology_response_lag_s,absolute_error_s,positive_favors_reference,-0.5465466588530925,-1.023483472010394,-0.06563170609548946,0.033096690330966905,48,False
29,timestamp_jitter_050ms,held_out,chronaris,naive_time_sync,ridge_recovery_probe__primary_physiology_response_lag_s,absolute_error_s,positive_favors_reference,-0.08699286997268253,-0.7672725807400942,0.6260507057399118,0.814018598140186,48,False
29,timestamp_jitter_050ms,held_out,chronaris,contiformer,ridge_recovery_probe__relative_clock_offset_magnitude_s,absolute_error_s,positive_favors_reference,0.3446404952555895,0.2247478747352337,0.4678214893443509,9.999000099990002e-05,48,False
29,timestamp_jitter_050ms,held_out,chronaris,mult,ridge_recovery_probe__relative_clock_offset_magnitude_s,absolute_error_s,positive_favors_reference,0.32119875277082127,0.222962262108922,0.42262284792959687,9.999000099990002e-05,48,False
29,timestamp_jitter_050ms,held_out,chronaris,naive_time_sync,ridge_recovery_probe__relative_clock_offset_magnitude_s,absolute_error_s,positive_favors_reference,0.5534781891231736,0.47941105553569896,0.6324025897153963,9.999000099990002e-05,48,False
29,timestamp_jitter_100ms,held_out,chronaris,contiformer,ridge_recovery_probe__primary_physiology_response_lag_s,absolute_error_s,positive_favors_reference,-0.43489977972619576,-1.455696194412027,0.6460070829112863,0.43685631436856315,48,False
29,timestamp_jitter_100ms,held_out,chronaris,mult,ridge_recovery_probe__primary_physiology_response_lag_s,absolute_error_s,positive_favors_reference,-0.9425240205607688,-1.4232270667860738,-0.45677580255097683,0.0004999500049995,48,False
29,timestamp_jitter_100ms,held_out,chronaris,naive_time_sync,ridge_recovery_probe__primary_physiology_response_lag_s,absolute_error_s,positive_favors_reference,-0.2755445663326084,-0.9399532268637233,0.4254215723047033,0.44995500449955006,48,False
29,timestamp_jitter_100ms,held_out,chronaris,contiformer,ridge_recovery_probe__relative_clock_offset_magnitude_s,absolute_error_s,positive_favors_reference,0.2098436811938882,0.084573877377746,0.34206138230704997,0.0022997700229977,48,False
29,timestamp_jitter_100ms,held_out,chronaris,mult,ridge_recovery_probe__relative_clock_offset_magnitude_s,absolute_error_s,positive_favors_reference,0.2132706648359696,0.12406658756857117,0.3058641982031985,0.00019998000199980003,48,False
29,timestamp_jitter_100ms,held_out,chronaris,naive_time_sync,ridge_recovery_probe__relative_clock_offset_magnitude_s,absolute_error_s,positive_favors_reference,0.48311831553777057,0.409601069179674,0.5616848611040041,9.999000099990002e-05,48,False
29,clock_offset_+0.00s,held_out,chronaris,contiformer,ridge_recovery_probe__primary_physiology_response_lag_s,absolute_error_s,positive_favors_reference,1.821560057651517,-0.05820682399690492,3.95264776139944,0.07879212078792121,48,False
29,clock_offset_+0.00s,held_out,chronaris,mult,ridge_recovery_probe__primary_physiology_response_lag_s,absolute_error_s,positive_favors_reference,-0.05115723327944575,-0.5106321875828052,0.43297517941338487,0.8427157284271573,48,False
29,clock_offset_+0.00s,held_out,chronaris,naive_time_sync,ridge_recovery_probe__primary_physiology_response_lag_s,absolute_error_s,positive_favors_reference,0.07092712828824412,-0.6426696640776061,0.828295824050826,0.8588141185881412,48,False
29,clock_offset_+0.00s,held_out,chronaris,contiformer,ridge_recovery_probe__relative_clock_offset_magnitude_s,absolute_error_s,positive_favors_reference,0.49976120702922344,0.35113736491960784,0.6617174275995541,9.999000099990002e-05,48,False
29,clock_offset_+0.00s,held_out,chronaris,mult,ridge_recovery_probe__relative_clock_offset_magnitude_s,absolute_error_s,positive_favors_reference,0.29956811914841336,0.2019758470589295,0.4003055831417441,9.999000099990002e-05,48,False
29,clock_offset_+0.00s,held_out,chronaris,naive_time_sync,ridge_recovery_probe__relative_clock_offset_magnitude_s,absolute_error_s,positive_favors_reference,0.4467322189981739,0.3784271762318288,0.5141976194844271,9.999000099990002e-05,48,False
29,clock_offset_-0.25s,held_out,chronaris,contiformer,ridge_recovery_probe__primary_physiology_response_lag_s,absolute_error_s,positive_favors_reference,1.2826195649263006,-0.3259452764215829,3.1662382868561725,0.1538846115388461,48,False
29,clock_offset_-0.25s,held_out,chronaris,mult,ridge_recovery_probe__primary_physiology_response_lag_s,absolute_error_s,positive_favors_reference,-0.5337518997632953,-1.0233106117718997,-0.029404901099735866,0.0458954104589541,48,False
29,clock_offset_-0.25s,held_out,chronaris,naive_time_sync,ridge_recovery_probe__primary_physiology_response_lag_s,absolute_error_s,positive_favors_reference,0.21413811551793172,-0.49438714896249747,0.9548225917338753,0.581941805819418,48,False
29,clock_offset_-0.25s,held_out,chronaris,contiformer,ridge_recovery_probe__relative_clock_offset_magnitude_s,absolute_error_s,positive_favors_reference,0.5480604531864325,0.40107141189898055,0.7069938670378179,9.999000099990002e-05,48,False
29,clock_offset_-0.25s,held_out,chronaris,mult,ridge_recovery_probe__relative_clock_offset_magnitude_s,absolute_error_s,positive_favors_reference,0.0035938179741303125,-0.10347287250527491,0.11023044667672349,0.9537046295370463,48,False
29,clock_offset_-0.25s,held_out,chronaris,naive_time_sync,ridge_recovery_probe__relative_clock_offset_magnitude_s,absolute_error_s,positive_favors_reference,0.24074328100929657,0.17366690797110398,0.3055776186209793,9.999000099990002e-05,48,False
29,clock_offset_+0.25s,held_out,chronaris,contiformer,ridge_recovery_probe__primary_physiology_response_lag_s,absolute_error_s,positive_favors_reference,1.3300931607370832,-0.29512432754784884,3.2197159483924533,0.14588541145885411,48,False
29,clock_offset_+0.25s,held_out,chronaris,mult,ridge_recovery_probe__primary_physiology_response_lag_s,absolute_error_s,positive_favors_reference,-0.5336767389168934,-1.016728281328966,-0.028372099070757585,0.04609539046095391,48,False
29,clock_offset_+0.25s,held_out,chronaris,naive_time_sync,ridge_recovery_probe__primary_physiology_response_lag_s,absolute_error_s,positive_favors_reference,0.19527644258492827,-0.5203225519566799,0.9418429975932223,0.6183381661833817,48,False
29,clock_offset_+0.25s,held_out,chronaris,contiformer,ridge_recovery_probe__relative_clock_offset_magnitude_s,absolute_error_s,positive_favors_reference,0.5595154634987315,0.4050929742166773,0.7252979411976412,9.999000099990002e-05,48,False
29,clock_offset_+0.25s,held_out,chronaris,mult,ridge_recovery_probe__relative_clock_offset_magnitude_s,absolute_error_s,positive_favors_reference,0.006905931048095226,-0.10064503517933189,0.11325266498606647,0.9101089891010898,48,False
29,clock_offset_+0.25s,held_out,chronaris,naive_time_sync,ridge_recovery_probe__relative_clock_offset_magnitude_s,absolute_error_s,positive_favors_reference,0.2409019060432911,0.17373878631430367,0.30640053797202804,9.999000099990002e-05,48,False
29,clock_offset_-1.00s,held_out,chronaris,contiformer,ridge_recovery_probe__primary_physiology_response_lag_s,absolute_error_s,positive_favors_reference,1.733094652597318,-0.07532124772112972,3.7726495977858905,0.08189181081891811,48,False
29,clock_offset_-1.00s,held_out,chronaris,mult,ridge_recovery_probe__primary_physiology_response_lag_s,absolute_error_s,positive_favors_reference,-0.07487595591177688,-0.5320808384645005,0.39937332470771875,0.7661233876612339,48,False
29,clock_offset_-1.00s,held_out,chronaris,naive_time_sync,ridge_recovery_probe__primary_physiology_response_lag_s,absolute_error_s,positive_favors_reference,0.10405006895536544,-0.608108887736261,0.8605333553867753,0.7921207879212079,48,False
29,clock_offset_-1.00s,held_out,chronaris,contiformer,ridge_recovery_probe__relative_clock_offset_magnitude_s,absolute_error_s,positive_favors_reference,0.2784090411538879,0.10300472150556744,0.45958357245350867,0.0036996300369963003,48,False
29,clock_offset_-1.00s,held_out,chronaris,mult,ridge_recovery_probe__relative_clock_offset_magnitude_s,absolute_error_s,positive_favors_reference,-0.6479140153775612,-0.7340023981252064,-0.5699309876421467,9.999000099990002e-05,48,False
29,clock_offset_-1.00s,held_out,chronaris,naive_time_sync,ridge_recovery_probe__relative_clock_offset_magnitude_s,absolute_error_s,positive_favors_reference,-0.660584062958757,-0.7540143163176254,-0.5663858748661976,9.999000099990002e-05,48,False
29,clock_offset_+1.00s,held_out,chronaris,contiformer,ridge_recovery_probe__primary_physiology_response_lag_s,absolute_error_s,positive_favors_reference,1.8148446045323456,-0.034565776004178005,3.9615647867520987,0.0841915808419158,48,False
29,clock_offset_+1.00s,held_out,chronaris,mult,ridge_recovery_probe__primary_physiology_response_lag_s,absolute_error_s,positive_favors_reference,-0.07204808216808906,-0.5321797093854951,0.417338534683128,0.7813218678132187,48,False
29,clock_offset_+1.00s,held_out,chronaris,naive_time_sync,ridge_recovery_probe__primary_physiology_response_lag_s,absolute_error_s,positive_favors_reference,0.016656011183307746,-0.7105257389751342,0.7799408935983068,0.9655034496550345,48,False
29,clock_offset_+1.00s,held_out,chronaris,contiformer,ridge_recovery_probe__relative_clock_offset_magnitude_s,absolute_error_s,positive_favors_reference,0.3562628912429015,0.18164987031680843,0.5428440453484653,0.00039996000399960006,48,False
29,clock_offset_+1.00s,held_out,chronaris,mult,ridge_recovery_probe__relative_clock_offset_magnitude_s,absolute_error_s,positive_favors_reference,-0.633681965370973,-0.7213059071917087,-0.5537690220633522,9.999000099990002e-05,48,False
29,clock_offset_+1.00s,held_out,chronaris,naive_time_sync,ridge_recovery_probe__relative_clock_offset_magnitude_s,absolute_error_s,positive_favors_reference,-0.6635204733659824,-0.7561657432466745,-0.5662363776781907,9.999000099990002e-05,48,False
29,clock_offset_-3.00s,held_out,chronaris,contiformer,ridge_recovery_probe__primary_physiology_response_lag_s,absolute_error_s,positive_favors_reference,1.5209748279917754,-0.14435043858078211,3.3577382156782107,0.10058994100589941,48,False
29,clock_offset_-3.00s,held_out,chronaris,mult,ridge_recovery_probe__primary_physiology_response_lag_s,absolute_error_s,positive_favors_reference,-0.09103535114483403,-0.5562498052355674,0.3861295808343822,0.7097290270972902,48,False
29,clock_offset_-3.00s,held_out,chronaris,naive_time_sync,ridge_recovery_probe__primary_physiology_response_lag_s,absolute_error_s,positive_favors_reference,0.1638883541479522,-0.5326119546672191,0.9007830455712987,0.6674332566743326,48,False
29,clock_offset_-3.00s,held_out,chronaris,contiformer,ridge_recovery_probe__relative_clock_offset_magnitude_s,absolute_error_s,positive_favors_reference,0.1246245348205169,-0.0780130405134211,0.3205118109316875,0.24177582241775822,48,False
29,clock_offset_-3.00s,held_out,chronaris,mult,ridge_recovery_probe__relative_clock_offset_magnitude_s,absolute_error_s,positive_favors_reference,-0.7901616546635827,-0.8932843922171742,-0.6947698274627329,9.999000099990002e-05,48,False
29,clock_offset_-3.00s,held_out,chronaris,naive_time_sync,ridge_recovery_probe__relative_clock_offset_magnitude_s,absolute_error_s,positive_favors_reference,-0.9452170866231123,-1.0534926397105058,-0.8445409528212622,9.999000099990002e-05,48,False
29,clock_offset_+3.00s,held_out,chronaris,contiformer,ridge_recovery_probe__primary_physiology_response_lag_s,absolute_error_s,positive_favors_reference,1.9097881015020606,0.019811082402956707,4.070978083230628,0.07629237076292371,48,False
29,clock_offset_+3.00s,held_out,chronaris,mult,ridge_recovery_probe__primary_physiology_response_lag_s,absolute_error_s,positive_favors_reference,-0.11766903862231876,-0.6000133772543028,0.3912595072930931,0.6613338666133387,48,False
29,clock_offset_+3.00s,held_out,chronaris,naive_time_sync,ridge_recovery_probe__primary_physiology_response_lag_s,absolute_error_s,positive_favors_reference,-0.10974822956536369,-0.8538017927974141,0.6635389414591635,0.7898210178982101,48,False
29,clock_offset_+3.00s,held_out,chronaris,contiformer,ridge_recovery_probe__relative_clock_offset_magnitude_s,absolute_error_s,positive_favors_reference,0.30772227235138416,0.09439990157261492,0.5178243720283111,0.007599240075992401,48,False
29,clock_offset_+3.00s,held_out,chronaris,mult,ridge_recovery_probe__relative_clock_offset_magnitude_s,absolute_error_s,positive_favors_reference,-0.7485902598127723,-0.8551896604398886,-0.6479997575205442,9.999000099990002e-05,48,False
29,clock_offset_+3.00s,held_out,chronaris,naive_time_sync,ridge_recovery_probe__relative_clock_offset_magnitude_s,absolute_error_s,positive_favors_reference,-0.9109647599980235,-1.0194813225883992,-0.8089705433075627,9.999000099990002e-05,48,False
29,clock_drift_+000ppm,held_out,chronaris,contiformer,ridge_recovery_probe__primary_physiology_response_lag_s,absolute_error_s,positive_favors_reference,1.821560057651517,-0.05820682399690492,3.95264776139944,0.07879212078792121,48,False
29,clock_drift_+000ppm,held_out,chronaris,mult,ridge_recovery_probe__primary_physiology_response_lag_s,absolute_error_s,positive_favors_reference,-0.05115723327944575,-0.5106321875828052,0.43297517941338487,0.8427157284271573,48,False
29,clock_drift_+000ppm,held_out,chronaris,naive_time_sync,ridge_recovery_probe__primary_physiology_response_lag_s,absolute_error_s,positive_favors_reference,0.07092712828824412,-0.6426696640776061,0.828295824050826,0.8588141185881412,48,False
29,clock_drift_+000ppm,held_out,chronaris,contiformer,ridge_recovery_probe__relative_clock_offset_magnitude_s,absolute_error_s,positive_favors_reference,0.49976120702922344,0.35113736491960784,0.6617174275995541,9.999000099990002e-05,48,False
29,clock_drift_+000ppm,held_out,chronaris,mult,ridge_recovery_probe__relative_clock_offset_magnitude_s,absolute_error_s,positive_favors_reference,0.29956811914841336,0.2019758470589295,0.4003055831417441,9.999000099990002e-05,48,False
29,clock_drift_+000ppm,held_out,chronaris,naive_time_sync,ridge_recovery_probe__relative_clock_offset_magnitude_s,absolute_error_s,positive_favors_reference,0.4467322189981739,0.3784271762318288,0.5141976194844271,9.999000099990002e-05,48,False
29,clock_drift_-050ppm,held_out,chronaris,contiformer,ridge_recovery_probe__primary_physiology_response_lag_s,absolute_error_s,positive_favors_reference,0.8515077074909995,-0.9110337214861742,2.853881765341474,0.36976302369763026,48,False
29,clock_drift_-050ppm,held_out,chronaris,mult,ridge_recovery_probe__primary_physiology_response_lag_s,absolute_error_s,positive_favors_reference,-0.7475102855388677,-1.250966465722146,-0.2297565524201318,0.008099190080991902,48,False
29,clock_drift_-050ppm,held_out,chronaris,naive_time_sync,ridge_recovery_probe__primary_physiology_response_lag_s,absolute_error_s,positive_favors_reference,0.328083864699889,-0.3733994383379113,1.0630271604557944,0.39316068393160686,48,False
29,clock_drift_-050ppm,held_out,chronaris,contiformer,ridge_recovery_probe__relative_clock_offset_magnitude_s,absolute_error_s,positive_favors_reference,0.4493549515803655,0.3067952717887238,0.6033349292508015,9.999000099990002e-05,48,False
29,clock_drift_-050ppm,held_out,chronaris,mult,ridge_recovery_probe__relative_clock_offset_magnitude_s,absolute_error_s,positive_favors_reference,0.18337369244545698,0.07459186786630502,0.29707532327156505,0.0027997200279972004,48,False
29,clock_drift_-050ppm,held_out,chronaris,naive_time_sync,ridge_recovery_probe__relative_clock_offset_magnitude_s,absolute_error_s,positive_favors_reference,0.5486592498297492,0.47971918154507875,0.6195099099306388,9.999000099990002e-05,48,False
29,clock_drift_+050ppm,held_out,chronaris,contiformer,ridge_recovery_probe__primary_physiology_response_lag_s,absolute_error_s,positive_favors_reference,0.536837734505197,-1.1853512262204864,2.5281333816632157,0.565043495650435,48,False
29,clock_drift_+050ppm,held_out,chronaris,mult,ridge_recovery_probe__primary_physiology_response_lag_s,absolute_error_s,positive_favors_reference,-1.1011452962956083,-1.6145659242669566,-0.5830263855003761,0.00019998000199980003,48,False
29,clock_drift_+050ppm,held_out,chronaris,naive_time_sync,ridge_recovery_probe__primary_physiology_response_lag_s,absolute_error_s,positive_favors_reference,0.1338438570364567,-0.5470406514014111,0.8464264314825151,0.7162283771622838,48,False
29,clock_drift_+050ppm,held_out,chronaris,contiformer,ridge_recovery_probe__relative_clock_offset_magnitude_s,absolute_error_s,positive_favors_reference,0.5261255217095216,0.3899785881085942,0.6751553844039638,9.999000099990002e-05,48,False
29,clock_drift_+050ppm,held_out,chronaris,mult,ridge_recovery_probe__relative_clock_offset_magnitude_s,absolute_error_s,positive_favors_reference,0.16812608235826096,0.06743051774489382,0.27444572629562264,0.0035996400359964,48,False
29,clock_drift_+050ppm,held_out,chronaris,naive_time_sync,ridge_recovery_probe__relative_clock_offset_magnitude_s,absolute_error_s,positive_favors_reference,0.571311836441358,0.5028357938397676,0.6446628691240524,9.999000099990002e-05,48,False
29,clock_drift_-100ppm,held_out,chronaris,contiformer,ridge_recovery_probe__primary_physiology_response_lag_s,absolute_error_s,positive_favors_reference,0.7943242206441345,-0.9762554468849445,2.7971150278597965,0.40375962403759624,48,False
29,clock_drift_-100ppm,held_out,chronaris,mult,ridge_recovery_probe__primary_physiology_response_lag_s,absolute_error_s,positive_favors_reference,-0.7902769690592928,-1.3064508527959047,-0.2662170273204955,0.005499450054994501,48,False
29,clock_drift_-100ppm,held_out,chronaris,naive_time_sync,ridge_recovery_probe__primary_physiology_response_lag_s,absolute_error_s,positive_favors_reference,0.3227465535052638,-0.3741774285411433,1.0525211956623066,0.39846015398460155,48,False
29,clock_drift_-100ppm,held_out,chronaris,contiformer,ridge_recovery_probe__relative_clock_offset_magnitude_s,absolute_error_s,positive_favors_reference,0.4486682862043381,0.30661278952999665,0.6025705742261682,9.999000099990002e-05,48,False
29,clock_drift_-100ppm,held_out,chronaris,mult,ridge_recovery_probe__relative_clock_offset_magnitude_s,absolute_error_s,positive_favors_reference,0.18366537149995565,0.07424658336676657,0.29673005416989323,0.0028997100289971,48,False
29,clock_drift_-100ppm,held_out,chronaris,naive_time_sync,ridge_recovery_probe__relative_clock_offset_magnitude_s,absolute_error_s,positive_favors_reference,0.5561055888732275,0.4865862776525319,0.6270990362934147,9.999000099990002e-05,48,False
29,clock_drift_+100ppm,held_out,chronaris,contiformer,ridge_recovery_probe__primary_physiology_response_lag_s,absolute_error_s,positive_favors_reference,0.5875941271473798,-1.1280196124657345,2.5685574873239387,0.5282471752824718,48,False
29,clock_drift_+100ppm,held_out,chronaris,mult,ridge_recovery_probe__primary_physiology_response_lag_s,absolute_error_s,positive_favors_reference,-1.0582291704419118,-1.5655805544258414,-0.5458202366886399,0.00029997000299970003,48,False
29,clock_drift_+100ppm,held_out,chronaris,naive_time_sync,ridge_recovery_probe__primary_physiology_response_lag_s,absolute_error_s,positive_favors_reference,0.13631339856497857,-0.5465179836654678,0.8507088495535112,0.7113288671132887,48,False
29,clock_drift_+100ppm,held_out,chronaris,contiformer,ridge_recovery_probe__relative_clock_offset_magnitude_s,absolute_error_s,positive_favors_reference,0.5274254536877075,0.39064751628320665,0.6775218068777271,9.999000099990002e-05,48,False
29,clock_drift_+100ppm,held_out,chronaris,mult,ridge_recovery_probe__relative_clock_offset_magnitude_s,absolute_error_s,positive_favors_reference,0.1690260631342729,0.06836612636689096,0.276057035359554,0.0035996400359964,48,False
29,clock_drift_+100ppm,held_out,chronaris,naive_time_sync,ridge_recovery_probe__relative_clock_offset_magnitude_s,absolute_error_s,positive_favors_reference,0.5649957312270999,0.49749569986015557,0.6381017468481635,9.999000099990002e-05,48,False
29,clock_drift_-250ppm,held_out,chronaris,contiformer,ridge_recovery_probe__primary_physiology_response_lag_s,absolute_error_s,positive_favors_reference,0.620782493486171,-1.1674600293105968,2.6241640722196227,0.5169483051694831,48,False
29,clock_drift_-250ppm,held_out,chronaris,mult,ridge_recovery_probe__primary_physiology_response_lag_s,absolute_error_s,positive_favors_reference,-0.9228447923893744,-1.4531119912871129,-0.3847076220605827,0.0022997700229977,48,False
29,clock_drift_-250ppm,held_out,chronaris,naive_time_sync,ridge_recovery_probe__primary_physiology_response_lag_s,absolute_error_s,positive_favors_reference,0.31269350285600805,-0.37665431411353334,1.033751696246014,0.40995900409959,48,False
29,clock_drift_-250ppm,held_out,chronaris,contiformer,ridge_recovery_probe__relative_clock_offset_magnitude_s,absolute_error_s,positive_favors_reference,0.4464320745319128,0.30522672878578305,0.599470789808159,9.999000099990002e-05,48,False
29,clock_drift_-250ppm,held_out,chronaris,mult,ridge_recovery_probe__relative_clock_offset_magnitude_s,absolute_error_s,positive_favors_reference,0.18416769802570343,0.07593333691669006,0.2964760372337574,0.0028997100289971,48,False
29,clock_drift_-250ppm,held_out,chronaris,naive_time_sync,ridge_recovery_probe__relative_clock_offset_magnitude_s,absolute_error_s,positive_favors_reference,0.5783987883478403,0.5105438618222251,0.65106804514459,9.999000099990002e-05,48,False
29,clock_drift_+250ppm,held_out,chronaris,contiformer,ridge_recovery_probe__primary_physiology_response_lag_s,absolute_error_s,positive_favors_reference,0.7433829479092702,-0.9435352379964906,2.68376439037815,0.42375762423757624,48,False
29,clock_drift_+250ppm,held_out,chronaris,mult,ridge_recovery_probe__primary_physiology_response_lag_s,absolute_error_s,positive_favors_reference,-0.9299978039664887,-1.4191535570475773,-0.42716311736876694,0.0011998800119988001,48,False
29,clock_drift_+250ppm,held_out,chronaris,naive_time_sync,ridge_recovery_probe__primary_physiology_response_lag_s,absolute_error_s,positive_favors_reference,0.15263462069616915,-0.5324116258547937,0.8713254746639043,0.6845315468453155,48,False
29,clock_drift_+250ppm,held_out,chronaris,contiformer,ridge_recovery_probe__relative_clock_offset_magnitude_s,absolute_error_s,positive_favors_reference,0.5303362176443139,0.3940276800577219,0.6834151025939111,9.999000099990002e-05,48,False
29,clock_drift_+250ppm,held_out,chronaris,mult,ridge_recovery_probe__relative_clock_offset_magnitude_s,absolute_error_s,positive_favors_reference,0.17077548212061325,0.06821562644715111,0.278194631023022,0.0033996600339966003,48,False
29,clock_drift_+250ppm,held_out,chronaris,naive_time_sync,ridge_recovery_probe__relative_clock_offset_magnitude_s,absolute_error_s,positive_favors_reference,0.5450692909459273,0.47819562739071747,0.6177184328281631,9.999000099990002e-05,48,False
29,random_missing_00pct,held_out,chronaris,contiformer,ridge_recovery_probe__primary_physiology_response_lag_s,absolute_error_s,positive_favors_reference,1.821560057651517,-0.05820682399690492,3.95264776139944,0.07879212078792121,48,False
29,random_missing_00pct,held_out,chronaris,mult,ridge_recovery_probe__primary_physiology_response_lag_s,absolute_error_s,positive_favors_reference,-0.05115723327944575,-0.5106321875828052,0.43297517941338487,0.8427157284271573,48,False
29,random_missing_00pct,held_out,chronaris,naive_time_sync,ridge_recovery_probe__primary_physiology_response_lag_s,absolute_error_s,positive_favors_reference,0.07092712828824412,-0.6426696640776061,0.828295824050826,0.8588141185881412,48,False
29,random_missing_00pct,held_out,chronaris,contiformer,ridge_recovery_probe__relative_clock_offset_magnitude_s,absolute_error_s,positive_favors_reference,0.49976120702922344,0.35113736491960784,0.6617174275995541,9.999000099990002e-05,48,False
29,random_missing_00pct,held_out,chronaris,mult,ridge_recovery_probe__relative_clock_offset_magnitude_s,absolute_error_s,positive_favors_reference,0.29956811914841336,0.2019758470589295,0.4003055831417441,9.999000099990002e-05,48,False
29,random_missing_00pct,held_out,chronaris,naive_time_sync,ridge_recovery_probe__relative_clock_offset_magnitude_s,absolute_error_s,positive_favors_reference,0.4467322189981739,0.3784271762318288,0.5141976194844271,9.999000099990002e-05,48,False
29,random_missing_10pct,held_out,chronaris,contiformer,ridge_recovery_probe__primary_physiology_response_lag_s,absolute_error_s,positive_favors_reference,-0.3555724701060357,-2.3382662611643728,1.9612492107856454,0.7456254374562544,48,False
29,random_missing_10pct,held_out,chronaris,mult,ridge_recovery_probe__primary_physiology_response_lag_s,absolute_error_s,positive_favors_reference,-1.2189757205907368,-1.6733908970021998,-0.7482423057938291,9.999000099990002e-05,48,False
29,random_missing_10pct,held_out,chronaris,naive_time_sync,ridge_recovery_probe__primary_physiology_response_lag_s,absolute_error_s,positive_favors_reference,-0.572552219361062,-1.2568052451431517,0.14096824493475088,0.12468753124687532,48,False
29,random_missing_10pct,held_out,chronaris,contiformer,ridge_recovery_probe__relative_clock_offset_magnitude_s,absolute_error_s,positive_favors_reference,0.24464767426252365,0.11600405007290343,0.3849391303180405,0.0005999400059994001,48,False
29,random_missing_10pct,held_out,chronaris,mult,ridge_recovery_probe__relative_clock_offset_magnitude_s,absolute_error_s,positive_favors_reference,0.144132518209517,0.057368142336296536,0.23328194142474482,0.0034996500349965005,48,False
29,random_missing_10pct,held_out,chronaris,naive_time_sync,ridge_recovery_probe__relative_clock_offset_magnitude_s,absolute_error_s,positive_favors_reference,0.37942914105951786,0.30501328290750584,0.46155464760183046,9.999000099990002e-05,48,False
29,random_missing_30pct,held_out,chronaris,contiformer,ridge_recovery_probe__primary_physiology_response_lag_s,absolute_error_s,positive_favors_reference,-6.180461865264044,-8.182409335412096,-3.8992567538884044,9.999000099990002e-05,48,False
29,random_missing_30pct,held_out,chronaris,mult,ridge_recovery_probe__primary_physiology_response_lag_s,absolute_error_s,positive_favors_reference,-6.178466472390503,-6.801269186843257,-5.513501446467359,9.999000099990002e-05,48,False
29,random_missing_30pct,held_out,chronaris,naive_time_sync,ridge_recovery_probe__primary_physiology_response_lag_s,absolute_error_s,positive_favors_reference,-4.032924225129431,-4.7142652289694915,-3.287762704682347,9.999000099990002e-05,48,False
29,random_missing_30pct,held_out,chronaris,contiformer,ridge_recovery_probe__relative_clock_offset_magnitude_s,absolute_error_s,positive_favors_reference,-1.1606202625359099,-1.3033736275974661,-0.9989060934943459,9.999000099990002e-05,48,False
29,random_missing_30pct,held_out,chronaris,mult,ridge_recovery_probe__relative_clock_offset_magnitude_s,absolute_error_s,positive_favors_reference,-1.1047424152493477,-1.2156445234548299,-0.988722026635272,9.999000099990002e-05,48,False
29,random_missing_30pct,held_out,chronaris,naive_time_sync,ridge_recovery_probe__relative_clock_offset_magnitude_s,absolute_error_s,positive_favors_reference,-0.6306372964754701,-0.7482898541648562,-0.5038111064272623,9.999000099990002e-05,48,False
29,random_missing_50pct,held_out,chronaris,contiformer,ridge_recovery_probe__primary_physiology_response_lag_s,absolute_error_s,positive_favors_reference,-14.415230647975354,-16.00144077799845,-12.676229762897869,9.999000099990002e-05,48,False
29,random_missing_50pct,held_out,chronaris,mult,ridge_recovery_probe__primary_physiology_response_lag_s,absolute_error_s,positive_favors_reference,-14.106459544827041,-14.764178020022838,-13.451468789560936,9.999000099990002e-05,48,False
29,random_missing_50pct,held_out,chronaris,naive_time_sync,ridge_recovery_probe__primary_physiology_response_lag_s,absolute_error_s,positive_favors_reference,-9.650055137077807,-10.386852151155471,-8.83971327394247,9.999000099990002e-05,48,False
29,random_missing_50pct,held_out,chronaris,contiformer,ridge_recovery_probe__relative_clock_offset_magnitude_s,absolute_error_s,positive_favors_reference,-3.1231698791186013,-3.3243197882703193,-2.91301800031215,9.999000099990002e-05,48,False
29,random_missing_50pct,held_out,chronaris,mult,ridge_recovery_probe__relative_clock_offset_magnitude_s,absolute_error_s,positive_favors_reference,-3.002271134406328,-3.1421700856337944,-2.847466543192665,9.999000099990002e-05,48,False
29,random_missing_50pct,held_out,chronaris,naive_time_sync,ridge_recovery_probe__relative_clock_offset_magnitude_s,absolute_error_s,positive_favors_reference,-2.1693718787282705,-2.338394309285407,-1.9887888757511976,9.999000099990002e-05,48,False
29,contiguous_gap_00s,held_out,chronaris,contiformer,ridge_recovery_probe__primary_physiology_response_lag_s,absolute_error_s,positive_favors_reference,1.821560057651517,-0.05820682399690492,3.95264776139944,0.07879212078792121,48,False
29,contiguous_gap_00s,held_out,chronaris,mult,ridge_recovery_probe__primary_physiology_response_lag_s,absolute_error_s,positive_favors_reference,-0.05115723327944575,-0.5106321875828052,0.43297517941338487,0.8427157284271573,48,False
29,contiguous_gap_00s,held_out,chronaris,naive_time_sync,ridge_recovery_probe__primary_physiology_response_lag_s,absolute_error_s,positive_favors_reference,0.07092712828824412,-0.6426696640776061,0.828295824050826,0.8588141185881412,48,False
29,contiguous_gap_00s,held_out,chronaris,contiformer,ridge_recovery_probe__relative_clock_offset_magnitude_s,absolute_error_s,positive_favors_reference,0.49976120702922344,0.35113736491960784,0.6617174275995541,9.999000099990002e-05,48,False
29,contiguous_gap_00s,held_out,chronaris,mult,ridge_recovery_probe__relative_clock_offset_magnitude_s,absolute_error_s,positive_favors_reference,0.29956811914841336,0.2019758470589295,0.4003055831417441,9.999000099990002e-05,48,False
29,contiguous_gap_00s,held_out,chronaris,naive_time_sync,ridge_recovery_probe__relative_clock_offset_magnitude_s,absolute_error_s,positive_favors_reference,0.4467322189981739,0.3784271762318288,0.5141976194844271,9.999000099990002e-05,48,False
29,contiguous_gap_05s,held_out,chronaris,contiformer,ridge_recovery_probe__primary_physiology_response_lag_s,absolute_error_s,positive_favors_reference,-0.03888980467063178,-1.9550740524527757,2.086282067557424,0.9662033796620338,48,False
29,contiguous_gap_05s,held_out,chronaris,mult,ridge_recovery_probe__primary_physiology_response_lag_s,absolute_error_s,positive_favors_reference,-0.9900045672306478,-1.4478654763246528,-0.5133880934072802,0.00029997000299970003,48,False
29,contiguous_gap_05s,held_out,chronaris,naive_time_sync,ridge_recovery_probe__primary_physiology_response_lag_s,absolute_error_s,positive_favors_reference,-0.08998384474207739,-0.7537483191267311,0.6105582472302129,0.8016198380161984,48,False
29,contiguous_gap_05s,held_out,chronaris,contiformer,ridge_recovery_probe__relative_clock_offset_magnitude_s,absolute_error_s,positive_favors_reference,0.35026195738464594,0.22317980475878965,0.4813365462856987,9.999000099990002e-05,48,False
29,contiguous_gap_05s,held_out,chronaris,mult,ridge_recovery_probe__relative_clock_offset_magnitude_s,absolute_error_s,positive_favors_reference,0.28759659950931865,0.18270838415871066,0.3922101170755923,9.999000099990002e-05,48,False
29,contiguous_gap_05s,held_out,chronaris,naive_time_sync,ridge_recovery_probe__relative_clock_offset_magnitude_s,absolute_error_s,positive_favors_reference,0.5742942818130056,0.491642397409305,0.6536039567086844,9.999000099990002e-05,48,False
29,contiguous_gap_15s,held_out,chronaris,contiformer,ridge_recovery_probe__primary_physiology_response_lag_s,absolute_error_s,positive_favors_reference,-2.7134617271257646,-4.310039633952908,-0.9751141811115197,0.0029997000299970002,48,False
29,contiguous_gap_15s,held_out,chronaris,mult,ridge_recovery_probe__primary_physiology_response_lag_s,absolute_error_s,positive_favors_reference,-0.9483267055518354,-2.0387011391432672,0.056686189090754624,0.09019098090190981,48,False
29,contiguous_gap_15s,held_out,chronaris,naive_time_sync,ridge_recovery_probe__primary_physiology_response_lag_s,absolute_error_s,positive_favors_reference,3.151762096005513,2.2342175310948464,4.080271228982771,9.999000099990002e-05,48,False
29,contiguous_gap_15s,held_out,chronaris,contiformer,ridge_recovery_probe__relative_clock_offset_magnitude_s,absolute_error_s,positive_favors_reference,0.24527467911442122,0.06436762493103743,0.424004651637127,0.010998900109989001,48,False
29,contiguous_gap_15s,held_out,chronaris,mult,ridge_recovery_probe__relative_clock_offset_magnitude_s,absolute_error_s,positive_favors_reference,0.6375297084450722,0.4275682021087656,0.832835733750835,9.999000099990002e-05,48,False
29,contiguous_gap_15s,held_out,chronaris,naive_time_sync,ridge_recovery_probe__relative_clock_offset_magnitude_s,absolute_error_s,positive_favors_reference,1.3823540480807424,1.2321274057341118,1.5275730203681934,9.999000099990002e-05,48,False
29,contiguous_gap_30s,held_out,chronaris,contiformer,ridge_recovery_probe__primary_physiology_response_lag_s,absolute_error_s,positive_favors_reference,-3.792775186148513,-5.362754034319501,-1.928447093490868,0.00019998000199980003,48,False
29,contiguous_gap_30s,held_out,chronaris,mult,ridge_recovery_probe__primary_physiology_response_lag_s,absolute_error_s,positive_favors_reference,0.354126533684918,-1.059315479030696,1.7713245391762156,0.6513348665133487,48,False
29,contiguous_gap_30s,held_out,chronaris,naive_time_sync,ridge_recovery_probe__primary_physiology_response_lag_s,absolute_error_s,positive_favors_reference,8.542469667847415,7.22865636683496,9.85609870831643,9.999000099990002e-05,48,False
29,contiguous_gap_30s,held_out,chronaris,contiformer,ridge_recovery_probe__relative_clock_offset_magnitude_s,absolute_error_s,positive_favors_reference,0.2745882986734311,0.02056458143827816,0.5439756336156277,0.0570942905709429,48,False
29,contiguous_gap_30s,held_out,chronaris,mult,ridge_recovery_probe__relative_clock_offset_magnitude_s,absolute_error_s,positive_favors_reference,1.0910971276462078,0.7375083247044434,1.4460995299275963,9.999000099990002e-05,48,False
29,contiguous_gap_30s,held_out,chronaris,naive_time_sync,ridge_recovery_probe__relative_clock_offset_magnitude_s,absolute_error_s,positive_favors_reference,2.384445632187029,2.117239002021961,2.636965375479,9.999000099990002e-05,48,False
29,physiology_lag_02s,held_out,chronaris,contiformer,ridge_recovery_probe__primary_physiology_response_lag_s,absolute_error_s,positive_favors_reference,3.6763912387580504,1.9280302212917535,5.675452430590654,0.0006999300069993001,48,False
29,physiology_lag_02s,held_out,chronaris,mult,ridge_recovery_probe__primary_physiology_response_lag_s,absolute_error_s,positive_favors_reference,-0.25334403137151157,-0.7189582658333977,0.25853493683141837,0.32766723327667235,48,False
29,physiology_lag_02s,held_out,chronaris,naive_time_sync,ridge_recovery_probe__primary_physiology_response_lag_s,absolute_error_s,positive_favors_reference,-0.218401116304439,-0.962869576115837,0.5745283457532473,0.5917408259174083,48,False
29,physiology_lag_02s,held_out,chronaris,contiformer,ridge_recovery_probe__relative_clock_offset_magnitude_s,absolute_error_s,positive_favors_reference,0.5507803931832314,0.39192068902775645,0.7266355312895029,9.999000099990002e-05,48,False
29,physiology_lag_02s,held_out,chronaris,mult,ridge_recovery_probe__relative_clock_offset_magnitude_s,absolute_error_s,positive_favors_reference,0.3054043222218752,0.20801735545198125,0.4032470474019646,9.999000099990002e-05,48,False
29,physiology_lag_02s,held_out,chronaris,naive_time_sync,ridge_recovery_probe__relative_clock_offset_magnitude_s,absolute_error_s,positive_favors_reference,0.44703224021941423,0.37327765522835155,0.518234301226524,9.999000099990002e-05,48,False
29,physiology_lag_05s,held_out,chronaris,contiformer,ridge_recovery_probe__primary_physiology_response_lag_s,absolute_error_s,positive_favors_reference,6.493789887846414,5.052372929627383,8.168522323691644,9.999000099990002e-05,48,False
29,physiology_lag_05s,held_out,chronaris,mult,ridge_recovery_probe__primary_physiology_response_lag_s,absolute_error_s,positive_favors_reference,-0.5475344770402337,-1.041854909402754,-0.029795634102723702,0.04939506049395061,48,False
29,physiology_lag_05s,held_out,chronaris,naive_time_sync,ridge_recovery_probe__primary_physiology_response_lag_s,absolute_error_s,positive_favors_reference,-0.26501124945866245,-0.9018887129095328,0.4249573277503619,0.46555344465553444,48,False
29,physiology_lag_05s,held_out,chronaris,contiformer,ridge_recovery_probe__relative_clock_offset_magnitude_s,absolute_error_s,positive_favors_reference,0.6725360446919998,0.5134748569068809,0.8551812702169022,9.999000099990002e-05,48,False
29,physiology_lag_05s,held_out,chronaris,mult,ridge_recovery_probe__relative_clock_offset_magnitude_s,absolute_error_s,positive_favors_reference,0.3158727968111634,0.21928992277632156,0.4154315578828876,9.999000099990002e-05,48,False
29,physiology_lag_05s,held_out,chronaris,naive_time_sync,ridge_recovery_probe__relative_clock_offset_magnitude_s,absolute_error_s,positive_favors_reference,0.4504249474654595,0.37260363892807313,0.5239651670213787,9.999000099990002e-05,48,False
29,physiology_lag_15s,held_out,chronaris,contiformer,ridge_recovery_probe__primary_physiology_response_lag_s,absolute_error_s,positive_favors_reference,12.587999879147949,11.38972791778244,13.734301150281192,9.999000099990002e-05,48,False
29,physiology_lag_15s,held_out,chronaris,mult,ridge_recovery_probe__primary_physiology_response_lag_s,absolute_error_s,positive_favors_reference,-0.2829789809790461,-0.7635079449124478,0.21179021808075088,0.2625737426257374,48,False
29,physiology_lag_15s,held_out,chronaris,naive_time_sync,ridge_recovery_probe__primary_physiology_response_lag_s,absolute_error_s,positive_favors_reference,-0.44630147159299566,-1.0889047090712922,0.1835596511639396,0.19088091190880913,48,False
29,physiology_lag_15s,held_out,chronaris,contiformer,ridge_recovery_probe__relative_clock_offset_magnitude_s,absolute_error_s,positive_favors_reference,0.9946520874897639,0.8219704885656635,1.1838785675664742,9.999000099990002e-05,48,False
29,physiology_lag_15s,held_out,chronaris,mult,ridge_recovery_probe__relative_clock_offset_magnitude_s,absolute_error_s,positive_favors_reference,0.3006119839847088,0.21232530431977162,0.3951214692400147,9.999000099990002e-05,48,False
29,physiology_lag_15s,held_out,chronaris,naive_time_sync,ridge_recovery_probe__relative_clock_offset_magnitude_s,absolute_error_s,positive_favors_reference,0.42117425985634327,0.339999932788002,0.5036497429323693,9.999000099990002e-05,48,False
29,physiology_lag_30s,held_out,chronaris,contiformer,ridge_recovery_probe__primary_physiology_response_lag_s,absolute_error_s,positive_favors_reference,14.877519602576891,13.410303528110187,16.22821737329165,9.999000099990002e-05,48,False
29,physiology_lag_30s,held_out,chronaris,mult,ridge_recovery_probe__primary_physiology_response_lag_s,absolute_error_s,positive_favors_reference,1.0940320588522396,0.380753715945067,1.7964529426147535,0.0047995200479952005,48,False
29,physiology_lag_30s,held_out,chronaris,naive_time_sync,ridge_recovery_probe__primary_physiology_response_lag_s,absolute_error_s,positive_favors_reference,1.8811028550068538,1.0297621108591557,2.7417741263906157,0.00019998000199980003,48,False
29,physiology_lag_30s,held_out,chronaris,contiformer,ridge_recovery_probe__relative_clock_offset_magnitude_s,absolute_error_s,positive_favors_reference,0.8630253355950117,0.6999800857777397,1.0408723092637953,9.999000099990002e-05,48,False
29,physiology_lag_30s,held_out,chronaris,mult,ridge_recovery_probe__relative_clock_offset_magnitude_s,absolute_error_s,positive_favors_reference,0.4632436741764347,0.36981294680542004,0.5691836058938254,9.999000099990002e-05,48,False
29,physiology_lag_30s,held_out,chronaris,naive_time_sync,ridge_recovery_probe__relative_clock_offset_magnitude_s,absolute_error_s,positive_favors_reference,0.4187190402299166,0.3206235931254923,0.5113026271651809,9.999000099990002e-05,48,False
29,observation_snr_30db,held_out,chronaris,contiformer,ridge_recovery_probe__primary_physiology_response_lag_s,absolute_error_s,positive_favors_reference,1.821560057651517,-0.05820682399690492,3.95264776139944,0.07879212078792121,48,False
29,observation_snr_30db,held_out,chronaris,mult,ridge_recovery_probe__primary_physiology_response_lag_s,absolute_error_s,positive_favors_reference,-0.05115723327944575,-0.5106321875828052,0.43297517941338487,0.8427157284271573,48,False
29,observation_snr_30db,held_out,chronaris,naive_time_sync,ridge_recovery_probe__primary_physiology_response_lag_s,absolute_error_s,positive_favors_reference,0.07092712828824412,-0.6426696640776061,0.828295824050826,0.8588141185881412,48,False
29,observation_snr_30db,held_out,chronaris,contiformer,ridge_recovery_probe__relative_clock_offset_magnitude_s,absolute_error_s,positive_favors_reference,0.49976120702922344,0.35113736491960784,0.6617174275995541,9.999000099990002e-05,48,False
29,observation_snr_30db,held_out,chronaris,mult,ridge_recovery_probe__relative_clock_offset_magnitude_s,absolute_error_s,positive_favors_reference,0.29956811914841336,0.2019758470589295,0.4003055831417441,9.999000099990002e-05,48,False
29,observation_snr_30db,held_out,chronaris,naive_time_sync,ridge_recovery_probe__relative_clock_offset_magnitude_s,absolute_error_s,positive_favors_reference,0.4467322189981739,0.3784271762318288,0.5141976194844271,9.999000099990002e-05,48,False
29,observation_snr_20db,held_out,chronaris,contiformer,ridge_recovery_probe__primary_physiology_response_lag_s,absolute_error_s,positive_favors_reference,1.7720852533619762,-0.10671876131029144,3.90690941652296,0.0912908709129087,48,False
29,observation_snr_20db,held_out,chronaris,mult,ridge_recovery_probe__primary_physiology_response_lag_s,absolute_error_s,positive_favors_reference,0.005558552714833298,-0.46103493559094283,0.4933804666911907,0.9819018098190181,48,False
29,observation_snr_20db,held_out,chronaris,naive_time_sync,ridge_recovery_probe__primary_physiology_response_lag_s,absolute_error_s,positive_favors_reference,0.03246061325622875,-0.6806085487796493,0.7796703725157867,0.9342065793420657,48,False
29,observation_snr_20db,held_out,chronaris,contiformer,ridge_recovery_probe__relative_clock_offset_magnitude_s,absolute_error_s,positive_favors_reference,0.49916854593902826,0.3480885900867482,0.6708344369738672,9.999000099990002e-05,48,False
29,observation_snr_20db,held_out,chronaris,mult,ridge_recovery_probe__relative_clock_offset_magnitude_s,absolute_error_s,positive_favors_reference,0.31538401171565056,0.22087915758602322,0.41554398422595107,9.999000099990002e-05,48,False
29,observation_snr_20db,held_out,chronaris,naive_time_sync,ridge_recovery_probe__relative_clock_offset_magnitude_s,absolute_error_s,positive_favors_reference,0.4357621669769287,0.3661069055786357,0.5063237643179793,9.999000099990002e-05,48,False
29,observation_snr_10db,held_out,chronaris,contiformer,ridge_recovery_probe__primary_physiology_response_lag_s,absolute_error_s,positive_favors_reference,0.6059151486654009,-1.135633410286478,2.5500204874787706,0.5255474452554745,48,False
29,observation_snr_10db,held_out,chronaris,mult,ridge_recovery_probe__primary_physiology_response_lag_s,absolute_error_s,positive_favors_reference,0.47107189235564156,-0.021586698191617865,0.9817572132377073,0.0822917708229177,48,False
29,observation_snr_10db,held_out,chronaris,naive_time_sync,ridge_recovery_probe__primary_physiology_response_lag_s,absolute_error_s,positive_favors_reference,-0.3688729204429346,-1.0585117180185606,0.3728952623172315,0.33566643335666435,48,False
29,observation_snr_10db,held_out,chronaris,contiformer,ridge_recovery_probe__relative_clock_offset_magnitude_s,absolute_error_s,positive_favors_reference,0.2591878616561492,0.1253842198755592,0.3966642428499957,0.0006999300069993001,48,False
29,observation_snr_10db,held_out,chronaris,mult,ridge_recovery_probe__relative_clock_offset_magnitude_s,absolute_error_s,positive_favors_reference,0.33656633583207923,0.2481590759086733,0.43623758127602436,9.999000099990002e-05,48,False
29,observation_snr_10db,held_out,chronaris,naive_time_sync,ridge_recovery_probe__relative_clock_offset_magnitude_s,absolute_error_s,positive_favors_reference,0.21314687933772802,0.127716917777434,0.29860076810388514,9.999000099990002e-05,48,False
29,observation_snr_05db,held_out,chronaris,contiformer,ridge_recovery_probe__primary_physiology_response_lag_s,absolute_error_s,positive_favors_reference,-0.7281429978881993,-2.1964168226366847,0.8062813506033544,0.3498650134986501,48,False
29,observation_snr_05db,held_out,chronaris,mult,ridge_recovery_probe__primary_physiology_response_lag_s,absolute_error_s,positive_favors_reference,1.386130983395925,0.8644837428880155,1.9160463829407022,9.999000099990002e-05,48,False
29,observation_snr_05db,held_out,chronaris,naive_time_sync,ridge_recovery_probe__primary_physiology_response_lag_s,absolute_error_s,positive_favors_reference,-1.2567893220560469,-1.9623834135528353,-0.5181060243839075,0.001999800019998,48,False
29,observation_snr_05db,held_out,chronaris,contiformer,ridge_recovery_probe__relative_clock_offset_magnitude_s,absolute_error_s,positive_favors_reference,-0.2833167227605979,-0.4533666995043556,-0.10412502937639757,0.0029997000299970002,48,False
29,observation_snr_05db,held_out,chronaris,mult,ridge_recovery_probe__relative_clock_offset_magnitude_s,absolute_error_s,positive_favors_reference,0.18931290383140245,0.06685051564903309,0.3217214684545372,0.0057994200579942,48,False
29,observation_snr_05db,held_out,chronaris,naive_time_sync,ridge_recovery_probe__relative_clock_offset_magnitude_s,absolute_error_s,positive_favors_reference,-0.35250940329084796,-0.5018184513707334,-0.19680182991238934,9.999000099990002e-05,48,False
29,mixed_severe,held_out,chronaris,contiformer,ridge_recovery_probe__primary_physiology_response_lag_s,absolute_error_s,positive_favors_reference,4.429980265585418,3.278245211261101,5.675683641754761,9.999000099990002e-05,48,False
29,mixed_severe,held_out,chronaris,mult,ridge_recovery_probe__primary_physiology_response_lag_s,absolute_error_s,positive_favors_reference,3.1499947247024096,2.2288034712766245,4.114446757705825,9.999000099990002e-05,48,False
29,mixed_severe,held_out,chronaris,naive_time_sync,ridge_recovery_probe__primary_physiology_response_lag_s,absolute_error_s,positive_favors_reference,3.3697946618950474,2.600031602983334,4.158807936422162,9.999000099990002e-05,48,False
29,mixed_severe,held_out,chronaris,contiformer,ridge_recovery_probe__relative_clock_offset_magnitude_s,absolute_error_s,positive_favors_reference,1.1307704678426187,0.8736804783654709,1.3891439074960847,9.999000099990002e-05,48,False
29,mixed_severe,held_out,chronaris,mult,ridge_recovery_probe__relative_clock_offset_magnitude_s,absolute_error_s,positive_favors_reference,0.6644429654503862,0.4558292113322144,0.8813710286359611,9.999000099990002e-05,48,False
29,mixed_severe,held_out,chronaris,naive_time_sync,ridge_recovery_probe__relative_clock_offset_magnitude_s,absolute_error_s,positive_favors_reference,0.7868172374243537,0.573100753640756,1.0179773841674127,9.999000099990002e-05,48,False
43,timestamp_jitter_000ms,held_out,chronaris,contiformer,ridge_recovery_probe__primary_physiology_response_lag_s,absolute_error_s,positive_favors_reference,1.5180835536778485,0.05006420791870621,3.02507227943773,0.054394560543945605,48,False
43,timestamp_jitter_000ms,held_out,chronaris,mult,ridge_recovery_probe__primary_physiology_response_lag_s,absolute_error_s,positive_favors_reference,-0.5318080197182337,-1.373377348368106,0.19861815761516624,0.18588141185881413,48,False
43,timestamp_jitter_000ms,held_out,chronaris,naive_time_sync,ridge_recovery_probe__primary_physiology_response_lag_s,absolute_error_s,positive_favors_reference,0.8453229571056021,-0.18827736588402594,1.8857199808939848,0.12248775122487751,48,False
43,timestamp_jitter_000ms,held_out,chronaris,contiformer,ridge_recovery_probe__relative_clock_offset_magnitude_s,absolute_error_s,positive_favors_reference,0.0015575680881738663,-0.11126641334655384,0.11260221533787737,0.9786021397860214,48,False
43,timestamp_jitter_000ms,held_out,chronaris,mult,ridge_recovery_probe__relative_clock_offset_magnitude_s,absolute_error_s,positive_favors_reference,-0.24066943613191447,-0.37682266687043015,-0.11110865816784404,0.0014998500149985001,48,False
43,timestamp_jitter_000ms,held_out,chronaris,naive_time_sync,ridge_recovery_probe__relative_clock_offset_magnitude_s,absolute_error_s,positive_favors_reference,0.2927153455093503,0.15298044588416815,0.42307014520435265,0.00039996000399960006,48,False
43,timestamp_jitter_020ms,held_out,chronaris,contiformer,ridge_recovery_probe__primary_physiology_response_lag_s,absolute_error_s,positive_favors_reference,1.3133203033513365,0.423309140406595,2.1583135248236855,0.0047995200479952005,48,False
43,timestamp_jitter_020ms,held_out,chronaris,mult,ridge_recovery_probe__primary_physiology_response_lag_s,absolute_error_s,positive_favors_reference,0.16298575070175467,-0.7279068576043006,0.9644825230561116,0.7053294670532947,48,False
43,timestamp_jitter_020ms,held_out,chronaris,naive_time_sync,ridge_recovery_probe__primary_physiology_response_lag_s,absolute_error_s,positive_favors_reference,1.0420259322772658,0.007993141791111467,2.025684817774917,0.05449455054494551,48,False
43,timestamp_jitter_020ms,held_out,chronaris,contiformer,ridge_recovery_probe__relative_clock_offset_magnitude_s,absolute_error_s,positive_favors_reference,0.04267775019009908,-0.07752613293317458,0.150636881760632,0.47235276472352766,48,False
43,timestamp_jitter_020ms,held_out,chronaris,mult,ridge_recovery_probe__relative_clock_offset_magnitude_s,absolute_error_s,positive_favors_reference,-0.17730767900745073,-0.30401909422750273,-0.05986258063154926,0.0065993400659934,48,False
43,timestamp_jitter_020ms,held_out,chronaris,naive_time_sync,ridge_recovery_probe__relative_clock_offset_magnitude_s,absolute_error_s,positive_favors_reference,0.4233848927542567,0.280803899676539,0.5552433107513933,9.999000099990002e-05,48,False
43,timestamp_jitter_050ms,held_out,chronaris,contiformer,ridge_recovery_probe__primary_physiology_response_lag_s,absolute_error_s,positive_favors_reference,1.0230692941170136,0.04690208253933201,1.9492942032165115,0.039196080391960805,48,False
43,timestamp_jitter_050ms,held_out,chronaris,mult,ridge_recovery_probe__primary_physiology_response_lag_s,absolute_error_s,positive_favors_reference,-0.11817389283132325,-1.0056067239201323,0.7107805994312093,0.7965203479652034,48,False
43,timestamp_jitter_050ms,held_out,chronaris,naive_time_sync,ridge_recovery_probe__primary_physiology_response_lag_s,absolute_error_s,positive_favors_reference,0.8567631570859046,-0.14491899011737328,1.8157826274449036,0.10548945105489452,48,False
43,timestamp_jitter_050ms,held_out,chronaris,contiformer,ridge_recovery_probe__relative_clock_offset_magnitude_s,absolute_error_s,positive_favors_reference,0.02973308538397153,-0.0945535525213927,0.1392922797085096,0.621037896210379,48,False
43,timestamp_jitter_050ms,held_out,chronaris,mult,ridge_recovery_probe__relative_clock_offset_magnitude_s,absolute_error_s,positive_favors_reference,-0.19701431194941202,-0.32772347020606196,-0.07593333306722352,0.0030996900309969004,48,False
43,timestamp_jitter_050ms,held_out,chronaris,naive_time_sync,ridge_recovery_probe__relative_clock_offset_magnitude_s,absolute_error_s,positive_favors_reference,0.44978869582215947,0.30465437059756373,0.584118225161607,9.999000099990002e-05,48,False
43,timestamp_jitter_100ms,held_out,chronaris,contiformer,ridge_recovery_probe__primary_physiology_response_lag_s,absolute_error_s,positive_favors_reference,0.3563537063903775,-0.6824547067047477,1.3540836040249913,0.48455154484551544,48,False
43,timestamp_jitter_100ms,held_out,chronaris,mult,ridge_recovery_probe__primary_physiology_response_lag_s,absolute_error_s,positive_favors_reference,-0.80599411774927,-1.7813687816152501,0.11315644106682286,0.10418958104189581,48,False
43,timestamp_jitter_100ms,held_out,chronaris,naive_time_sync,ridge_recovery_probe__primary_physiology_response_lag_s,absolute_error_s,positive_favors_reference,0.35327259577701603,-0.6056778095147624,1.276892478259737,0.48875112488751127,48,False
43,timestamp_jitter_100ms,held_out,chronaris,contiformer,ridge_recovery_probe__relative_clock_offset_magnitude_s,absolute_error_s,positive_favors_reference,-0.00021295870343844095,-0.1300035588443279,0.11242316355928776,0.9977002299770023,48,False
43,timestamp_jitter_100ms,held_out,chronaris,mult,ridge_recovery_probe__relative_clock_offset_magnitude_s,absolute_error_s,positive_favors_reference,-0.2509708007176717,-0.3847475210670382,-0.1269959452794866,0.00039996000399960006,48,False
43,timestamp_jitter_100ms,held_out,chronaris,naive_time_sync,ridge_recovery_probe__relative_clock_offset_magnitude_s,absolute_error_s,positive_favors_reference,0.4559656794493397,0.31196017140367377,0.5927811374965433,9.999000099990002e-05,48,False
43,clock_offset_+0.00s,held_out,chronaris,contiformer,ridge_recovery_probe__primary_physiology_response_lag_s,absolute_error_s,positive_favors_reference,1.5180835536778485,0.05006420791870621,3.02507227943773,0.054394560543945605,48,False
43,clock_offset_+0.00s,held_out,chronaris,mult,ridge_recovery_probe__primary_physiology_response_lag_s,absolute_error_s,positive_favors_reference,-0.5318080197182337,-1.373377348368106,0.19861815761516624,0.18588141185881413,48,False
43,clock_offset_+0.00s,held_out,chronaris,naive_time_sync,ridge_recovery_probe__primary_physiology_response_lag_s,absolute_error_s,positive_favors_reference,0.8453229571056021,-0.18827736588402594,1.8857199808939848,0.12248775122487751,48,False
43,clock_offset_+0.00s,held_out,chronaris,contiformer,ridge_recovery_probe__relative_clock_offset_magnitude_s,absolute_error_s,positive_favors_reference,0.0015575680881738663,-0.11126641334655384,0.11260221533787737,0.9786021397860214,48,False
43,clock_offset_+0.00s,held_out,chronaris,mult,ridge_recovery_probe__relative_clock_offset_magnitude_s,absolute_error_s,positive_favors_reference,-0.24066943613191447,-0.37682266687043015,-0.11110865816784404,0.0014998500149985001,48,False
43,clock_offset_+0.00s,held_out,chronaris,naive_time_sync,ridge_recovery_probe__relative_clock_offset_magnitude_s,absolute_error_s,positive_favors_reference,0.2927153455093503,0.15298044588416815,0.42307014520435265,0.00039996000399960006,48,False
43,clock_offset_-0.25s,held_out,chronaris,contiformer,ridge_recovery_probe__primary_physiology_response_lag_s,absolute_error_s,positive_favors_reference,0.3477930655167947,-0.7881771883722984,1.4989941456002462,0.5672432756724327,48,False
43,clock_offset_-0.25s,held_out,chronaris,mult,ridge_recovery_probe__primary_physiology_response_lag_s,absolute_error_s,positive_favors_reference,-0.5984552105711874,-1.4861592390544711,0.18352943141337247,0.15778422157784222,48,False
43,clock_offset_-0.25s,held_out,chronaris,naive_time_sync,ridge_recovery_probe__primary_physiology_response_lag_s,absolute_error_s,positive_favors_reference,1.038192834015507,-0.009442495426161287,2.0573762211620874,0.05849415058494151,48,False
43,clock_offset_-0.25s,held_out,chronaris,contiformer,ridge_recovery_probe__relative_clock_offset_magnitude_s,absolute_error_s,positive_favors_reference,0.0794879620273908,-0.02756397312817474,0.18239154930536938,0.1394860513948605,48,False
43,clock_offset_-0.25s,held_out,chronaris,mult,ridge_recovery_probe__relative_clock_offset_magnitude_s,absolute_error_s,positive_favors_reference,-0.11216868584354718,-0.24737725737504662,0.01409485316835323,0.10578942105789421,48,False
43,clock_offset_-0.25s,held_out,chronaris,naive_time_sync,ridge_recovery_probe__relative_clock_offset_magnitude_s,absolute_error_s,positive_favors_reference,0.11388521424184243,-0.0030970708855117355,0.22594219732563942,0.0678932106789321,48,False
43,clock_offset_+0.25s,held_out,chronaris,contiformer,ridge_recovery_probe__primary_physiology_response_lag_s,absolute_error_s,positive_favors_reference,0.4122250971806844,-0.7375533647001162,1.589313586226645,0.49655034496550343,48,False
43,clock_offset_+0.25s,held_out,chronaris,mult,ridge_recovery_probe__primary_physiology_response_lag_s,absolute_error_s,positive_favors_reference,-0.5557495053690952,-1.4338149740593857,0.23248045839090936,0.19148085191480851,48,False
43,clock_offset_+0.25s,held_out,chronaris,naive_time_sync,ridge_recovery_probe__primary_physiology_response_lag_s,absolute_error_s,positive_favors_reference,1.0648094421186236,0.02915805253938507,2.081032005590043,0.05169483051694831,48,False
43,clock_offset_+0.25s,held_out,chronaris,contiformer,ridge_recovery_probe__relative_clock_offset_magnitude_s,absolute_error_s,positive_favors_reference,0.08567627271016438,-0.02416072975223263,0.18995549202275766,0.11788821117888211,48,False
43,clock_offset_+0.25s,held_out,chronaris,mult,ridge_recovery_probe__relative_clock_offset_magnitude_s,absolute_error_s,positive_favors_reference,-0.11536022586127122,-0.25098929928305247,0.013744105584919408,0.09769023097690231,48,False
43,clock_offset_+0.25s,held_out,chronaris,naive_time_sync,ridge_recovery_probe__relative_clock_offset_magnitude_s,absolute_error_s,positive_favors_reference,0.11031262731800477,-0.0074895333809157204,0.2236165281618014,0.0786921307869213,48,False
43,clock_offset_-1.00s,held_out,chronaris,contiformer,ridge_recovery_probe__primary_physiology_response_lag_s,absolute_error_s,positive_favors_reference,1.4862734701554994,0.07319175700697053,2.9499036139013963,0.05679432056794321,48,False
43,clock_offset_-1.00s,held_out,chronaris,mult,ridge_recovery_probe__primary_physiology_response_lag_s,absolute_error_s,positive_favors_reference,-0.6353653928600482,-1.4728496674794158,0.09201186175726989,0.11608839116088392,48,False
43,clock_offset_-1.00s,held_out,chronaris,naive_time_sync,ridge_recovery_probe__primary_physiology_response_lag_s,absolute_error_s,positive_favors_reference,0.8118132589593051,-0.23521758715120988,1.8538937839582972,0.13988601139886012,48,False
43,clock_offset_-1.00s,held_out,chronaris,contiformer,ridge_recovery_probe__relative_clock_offset_magnitude_s,absolute_error_s,positive_favors_reference,0.3835569117218256,0.2687919417396188,0.5029840361171712,9.999000099990002e-05,48,False
43,clock_offset_-1.00s,held_out,chronaris,mult,ridge_recovery_probe__relative_clock_offset_magnitude_s,absolute_error_s,positive_favors_reference,0.0930047994479537,-0.011479164287447928,0.19529883173139143,0.09299070092990701,48,False
43,clock_offset_-1.00s,held_out,chronaris,naive_time_sync,ridge_recovery_probe__relative_clock_offset_magnitude_s,absolute_error_s,positive_favors_reference,-0.5932063637301326,-0.6802992985971893,-0.5034489264711739,9.999000099990002e-05,48,False
43,clock_offset_+1.00s,held_out,chronaris,contiformer,ridge_recovery_probe__primary_physiology_response_lag_s,absolute_error_s,positive_favors_reference,1.5483020831527323,0.05806545343922978,3.080610987140297,0.05269473052694731,48,False
43,clock_offset_+1.00s,held_out,chronaris,mult,ridge_recovery_probe__primary_physiology_response_lag_s,absolute_error_s,positive_favors_reference,-0.39483376236824297,-1.2389419889481625,0.3390960576797914,0.32966703329667035,48,False
43,clock_offset_+1.00s,held_out,chronaris,naive_time_sync,ridge_recovery_probe__primary_physiology_response_lag_s,absolute_error_s,positive_favors_reference,0.8715567529653067,-0.1557378646433014,1.884413774725876,0.10938906109389061,48,False
43,clock_offset_+1.00s,held_out,chronaris,contiformer,ridge_recovery_probe__relative_clock_offset_magnitude_s,absolute_error_s,positive_favors_reference,0.3698516997198264,0.2568517764409383,0.49029014549838995,9.999000099990002e-05,48,False
43,clock_offset_+1.00s,held_out,chronaris,mult,ridge_recovery_probe__relative_clock_offset_magnitude_s,absolute_error_s,positive_favors_reference,0.0514218465735515,-0.06169026212301105,0.15787047680156926,0.37666233376662334,48,False
43,clock_offset_+1.00s,held_out,chronaris,naive_time_sync,ridge_recovery_probe__relative_clock_offset_magnitude_s,absolute_error_s,positive_favors_reference,-0.6207813198367754,-0.7130164409910018,-0.5297845454032843,9.999000099990002e-05,48,False
43,clock_offset_-3.00s,held_out,chronaris,contiformer,ridge_recovery_probe__primary_physiology_response_lag_s,absolute_error_s,positive_favors_reference,1.5031190825804879,0.10264513684092388,2.91438864668042,0.0458954104589541,48,False
43,clock_offset_-3.00s,held_out,chronaris,mult,ridge_recovery_probe__primary_physiology_response_lag_s,absolute_error_s,positive_favors_reference,-0.7369078805651726,-1.5469617276096355,-0.02543954600569322,0.059694030596940305,48,False
43,clock_offset_-3.00s,held_out,chronaris,naive_time_sync,ridge_recovery_probe__primary_physiology_response_lag_s,absolute_error_s,positive_favors_reference,0.7693087994835673,-0.28192266079052075,1.8305394675211781,0.1606839316068393,48,False
43,clock_offset_-3.00s,held_out,chronaris,contiformer,ridge_recovery_probe__relative_clock_offset_magnitude_s,absolute_error_s,positive_favors_reference,0.6062001523872217,0.4557261096313596,0.7694328614510596,9.999000099990002e-05,48,False
43,clock_offset_-3.00s,held_out,chronaris,mult,ridge_recovery_probe__relative_clock_offset_magnitude_s,absolute_error_s,positive_favors_reference,0.3853557091206312,0.24165623565204442,0.5311904785533745,9.999000099990002e-05,48,False
43,clock_offset_-3.00s,held_out,chronaris,naive_time_sync,ridge_recovery_probe__relative_clock_offset_magnitude_s,absolute_error_s,positive_favors_reference,-0.5939478613436222,-0.7397600301463777,-0.44185669787693777,9.999000099990002e-05,48,False
43,clock_offset_+3.00s,held_out,chronaris,contiformer,ridge_recovery_probe__primary_physiology_response_lag_s,absolute_error_s,positive_favors_reference,1.4737578313789441,-0.02167764634129041,3.0234372753761947,0.0644935506449355,48,False
43,clock_offset_+3.00s,held_out,chronaris,mult,ridge_recovery_probe__primary_physiology_response_lag_s,absolute_error_s,positive_favors_reference,-0.16886571952133364,-0.9920383111268722,0.5798469646378458,0.6847315268473153,48,False
43,clock_offset_+3.00s,held_out,chronaris,naive_time_sync,ridge_recovery_probe__primary_physiology_response_lag_s,absolute_error_s,positive_favors_reference,0.8844299421613568,-0.1452413002929695,1.9106895263714403,0.10648935106489352,48,False
43,clock_offset_+3.00s,held_out,chronaris,contiformer,ridge_recovery_probe__relative_clock_offset_magnitude_s,absolute_error_s,positive_favors_reference,0.5166082618137201,0.36592408848615987,0.6746446843879917,9.999000099990002e-05,48,False
43,clock_offset_+3.00s,held_out,chronaris,mult,ridge_recovery_probe__relative_clock_offset_magnitude_s,absolute_error_s,positive_favors_reference,0.26252190334101516,0.11170947284748158,0.4140087633548924,0.0015998400159984002,48,False
43,clock_offset_+3.00s,held_out,chronaris,naive_time_sync,ridge_recovery_probe__relative_clock_offset_magnitude_s,absolute_error_s,positive_favors_reference,-0.6419847877696157,-0.7836262894251074,-0.4952651940286162,9.999000099990002e-05,48,False
43,clock_drift_+000ppm,held_out,chronaris,contiformer,ridge_recovery_probe__primary_physiology_response_lag_s,absolute_error_s,positive_favors_reference,1.5180835536778485,0.05006420791870621,3.02507227943773,0.054394560543945605,48,False
43,clock_drift_+000ppm,held_out,chronaris,mult,ridge_recovery_probe__primary_physiology_response_lag_s,absolute_error_s,positive_favors_reference,-0.5318080197182337,-1.373377348368106,0.19861815761516624,0.18588141185881413,48,False
43,clock_drift_+000ppm,held_out,chronaris,naive_time_sync,ridge_recovery_probe__primary_physiology_response_lag_s,absolute_error_s,positive_favors_reference,0.8453229571056021,-0.18827736588402594,1.8857199808939848,0.12248775122487751,48,False
43,clock_drift_+000ppm,held_out,chronaris,contiformer,ridge_recovery_probe__relative_clock_offset_magnitude_s,absolute_error_s,positive_favors_reference,0.0015575680881738663,-0.11126641334655384,0.11260221533787737,0.9786021397860214,48,False
43,clock_drift_+000ppm,held_out,chronaris,mult,ridge_recovery_probe__relative_clock_offset_magnitude_s,absolute_error_s,positive_favors_reference,-0.24066943613191447,-0.37682266687043015,-0.11110865816784404,0.0014998500149985001,48,False
43,clock_drift_+000ppm,held_out,chronaris,naive_time_sync,ridge_recovery_probe__relative_clock_offset_magnitude_s,absolute_error_s,positive_favors_reference,0.2927153455093503,0.15298044588416815,0.42307014520435265,0.00039996000399960006,48,False
43,clock_drift_-050ppm,held_out,chronaris,contiformer,ridge_recovery_probe__primary_physiology_response_lag_s,absolute_error_s,positive_favors_reference,0.5210679809088883,-0.5464205306788018,1.5851596552261795,0.3418658134186581,48,False
43,clock_drift_-050ppm,held_out,chronaris,mult,ridge_recovery_probe__primary_physiology_response_lag_s,absolute_error_s,positive_favors_reference,-0.6000835026845738,-1.4821427555557722,0.18807473168560265,0.16058394160583941,48,False
43,clock_drift_-050ppm,held_out,chronaris,naive_time_sync,ridge_recovery_probe__primary_physiology_response_lag_s,absolute_error_s,positive_favors_reference,1.3345511742876301,0.2915214883329989,2.352346932386996,0.016698330166983303,48,False
43,clock_drift_-050ppm,held_out,chronaris,contiformer,ridge_recovery_probe__relative_clock_offset_magnitude_s,absolute_error_s,positive_favors_reference,0.0417501920213302,-0.0694918410697331,0.14460186962969596,0.44365563443655637,48,False
43,clock_drift_-050ppm,held_out,chronaris,mult,ridge_recovery_probe__relative_clock_offset_magnitude_s,absolute_error_s,positive_favors_reference,-0.16893709761401018,-0.30985915994582075,-0.03957736780866986,0.018698130186981302,48,False
43,clock_drift_-050ppm,held_out,chronaris,naive_time_sync,ridge_recovery_probe__relative_clock_offset_magnitude_s,absolute_error_s,positive_favors_reference,0.40542600272844237,0.26559915599257994,0.5357634780152389,9.999000099990002e-05,48,False
43,clock_drift_+050ppm,held_out,chronaris,contiformer,ridge_recovery_probe__primary_physiology_response_lag_s,absolute_error_s,positive_favors_reference,0.22758068902394277,-0.9337016111957467,1.3970549738431226,0.7086291370862914,48,False
43,clock_drift_+050ppm,held_out,chronaris,mult,ridge_recovery_probe__primary_physiology_response_lag_s,absolute_error_s,positive_favors_reference,-0.601278363565826,-1.5554724393398605,0.22809529406613518,0.1797820217978202,48,False
43,clock_drift_+050ppm,held_out,chronaris,naive_time_sync,ridge_recovery_probe__primary_physiology_response_lag_s,absolute_error_s,positive_favors_reference,1.5202819742220373,0.4342079845119325,2.5778413306388566,0.0098990100989901,48,False
43,clock_drift_+050ppm,held_out,chronaris,contiformer,ridge_recovery_probe__relative_clock_offset_magnitude_s,absolute_error_s,positive_favors_reference,0.03386372762421767,-0.06933685097222526,0.13757607454123594,0.5265473452654734,48,False
43,clock_drift_+050ppm,held_out,chronaris,mult,ridge_recovery_probe__relative_clock_offset_magnitude_s,absolute_error_s,positive_favors_reference,-0.16055363727112612,-0.29140092749148605,-0.0346254344563932,0.0183981601839816,48,False
43,clock_drift_+050ppm,held_out,chronaris,naive_time_sync,ridge_recovery_probe__relative_clock_offset_magnitude_s,absolute_error_s,positive_favors_reference,0.486111340423425,0.3534009154032295,0.6097132283961401,9.999000099990002e-05,48,False
43,clock_drift_-100ppm,held_out,chronaris,contiformer,ridge_recovery_probe__primary_physiology_response_lag_s,absolute_error_s,positive_favors_reference,0.5019995907778916,-0.572005152692858,1.5670289653554073,0.36376362363763626,48,False
43,clock_drift_-100ppm,held_out,chronaris,mult,ridge_recovery_probe__primary_physiology_response_lag_s,absolute_error_s,positive_favors_reference,-0.6103463396971827,-1.5009787956055636,0.18413107160103004,0.1566843315668433,48,False
43,clock_drift_-100ppm,held_out,chronaris,naive_time_sync,ridge_recovery_probe__primary_physiology_response_lag_s,absolute_error_s,positive_favors_reference,1.3608788139620376,0.31794393123025205,2.3836837607378576,0.015498450154984501,48,False
43,clock_drift_-100ppm,held_out,chronaris,contiformer,ridge_recovery_probe__relative_clock_offset_magnitude_s,absolute_error_s,positive_favors_reference,0.04308037832379341,-0.06923086163587869,0.14563127383589727,0.42915708429157085,48,False
43,clock_drift_-100ppm,held_out,chronaris,mult,ridge_recovery_probe__relative_clock_offset_magnitude_s,absolute_error_s,positive_favors_reference,-0.16743609930078188,-0.3073252024439474,-0.0386573490686716,0.018998100189981004,48,False
43,clock_drift_-100ppm,held_out,chronaris,naive_time_sync,ridge_recovery_probe__relative_clock_offset_magnitude_s,absolute_error_s,positive_favors_reference,0.415802584340175,0.27552284331371385,0.5456933475953215,9.999000099990002e-05,48,False
43,clock_drift_+100ppm,held_out,chronaris,contiformer,ridge_recovery_probe__primary_physiology_response_lag_s,absolute_error_s,positive_favors_reference,0.24675590877985928,-0.9083788211573092,1.4126205958660625,0.6858314168583142,48,False
43,clock_drift_+100ppm,held_out,chronaris,mult,ridge_recovery_probe__primary_physiology_response_lag_s,absolute_error_s,positive_favors_reference,-0.5915518610999222,-1.5394462596575167,0.23431185512070588,0.1840815918408159,48,False
43,clock_drift_+100ppm,held_out,chronaris,naive_time_sync,ridge_recovery_probe__primary_physiology_response_lag_s,absolute_error_s,positive_favors_reference,1.490324846969229,0.40808836910996527,2.5449430929412085,0.0110988901109889,48,False
43,clock_drift_+100ppm,held_out,chronaris,contiformer,ridge_recovery_probe__relative_clock_offset_magnitude_s,absolute_error_s,positive_favors_reference,0.033099704111615814,-0.07086286519964535,0.1362063009136667,0.5363463653634637,48,False
43,clock_drift_+100ppm,held_out,chronaris,mult,ridge_recovery_probe__relative_clock_offset_magnitude_s,absolute_error_s,positive_favors_reference,-0.16186440301438174,-0.2934715832117945,-0.03547298636597896,0.017798220177982202,48,False
43,clock_drift_+100ppm,held_out,chronaris,naive_time_sync,ridge_recovery_probe__relative_clock_offset_magnitude_s,absolute_error_s,positive_favors_reference,0.4759754299496611,0.343082688935101,0.599753153611285,9.999000099990002e-05,48,False
43,clock_drift_-250ppm,held_out,chronaris,contiformer,ridge_recovery_probe__primary_physiology_response_lag_s,absolute_error_s,positive_favors_reference,0.4476149112986915,-0.656081059176559,1.5306433256366405,0.42225777422257776,48,False
43,clock_drift_-250ppm,held_out,chronaris,mult,ridge_recovery_probe__primary_physiology_response_lag_s,absolute_error_s,positive_favors_reference,-0.6402315295215018,-1.5576715967055406,0.17380178934480103,0.14388561143885611,48,False
43,clock_drift_-250ppm,held_out,chronaris,naive_time_sync,ridge_recovery_probe__primary_physiology_response_lag_s,absolute_error_s,positive_favors_reference,1.4507488131198505,0.4101161073180201,2.475732174493546,0.010798920107989201,48,False
43,clock_drift_-250ppm,held_out,chronaris,contiformer,ridge_recovery_probe__relative_clock_offset_magnitude_s,absolute_error_s,positive_favors_reference,0.04682759257654349,-0.0649731943383813,0.14943195258577632,0.3912608739126087,48,False
43,clock_drift_-250ppm,held_out,chronaris,mult,ridge_recovery_probe__relative_clock_offset_magnitude_s,absolute_error_s,positive_favors_reference,-0.1630985705802838,-0.3019920036972811,-0.03612908067492173,0.0211978802119788,48,False
43,clock_drift_-250ppm,held_out,chronaris,naive_time_sync,ridge_recovery_probe__relative_clock_offset_magnitude_s,absolute_error_s,positive_favors_reference,0.4469586505244176,0.3070212104202559,0.5762607614742591,9.999000099990002e-05,48,False
43,clock_drift_+250ppm,held_out,chronaris,contiformer,ridge_recovery_probe__primary_physiology_response_lag_s,absolute_error_s,positive_favors_reference,0.3050166648412303,-0.8365872437181426,1.4605953192366137,0.6119388061193881,48,False
43,clock_drift_+250ppm,held_out,chronaris,mult,ridge_recovery_probe__primary_physiology_response_lag_s,absolute_error_s,positive_favors_reference,-0.5617300359800531,-1.4863763501273861,0.2493276362191067,0.19888011198880112,48,False
43,clock_drift_+250ppm,held_out,chronaris,naive_time_sync,ridge_recovery_probe__primary_physiology_response_lag_s,absolute_error_s,positive_favors_reference,1.410244486938834,0.33681412163276475,2.4576432368770016,0.014898510148985102,48,False
43,clock_drift_+250ppm,held_out,chronaris,contiformer,ridge_recovery_probe__relative_clock_offset_magnitude_s,absolute_error_s,positive_favors_reference,0.030795066927870113,-0.07300903399785359,0.13200074451354635,0.5664433556644336,48,False
43,clock_drift_+250ppm,held_out,chronaris,mult,ridge_recovery_probe__relative_clock_offset_magnitude_s,absolute_error_s,positive_favors_reference,-0.16571776972462735,-0.29968705295274656,-0.03890408763351547,0.0160983901609839,48,False
43,clock_drift_+250ppm,held_out,chronaris,naive_time_sync,ridge_recovery_probe__relative_clock_offset_magnitude_s,absolute_error_s,positive_favors_reference,0.44553361802051467,0.3128166310023517,0.569470058924829,9.999000099990002e-05,48,False
43,random_missing_00pct,held_out,chronaris,contiformer,ridge_recovery_probe__primary_physiology_response_lag_s,absolute_error_s,positive_favors_reference,1.5180835536778485,0.05006420791870621,3.02507227943773,0.054394560543945605,48,False
43,random_missing_00pct,held_out,chronaris,mult,ridge_recovery_probe__primary_physiology_response_lag_s,absolute_error_s,positive_favors_reference,-0.5318080197182337,-1.373377348368106,0.19861815761516624,0.18588141185881413,48,False
43,random_missing_00pct,held_out,chronaris,naive_time_sync,ridge_recovery_probe__primary_physiology_response_lag_s,absolute_error_s,positive_favors_reference,0.8453229571056021,-0.18827736588402594,1.8857199808939848,0.12248775122487751,48,False
43,random_missing_00pct,held_out,chronaris,contiformer,ridge_recovery_probe__relative_clock_offset_magnitude_s,absolute_error_s,positive_favors_reference,0.0015575680881738663,-0.11126641334655384,0.11260221533787737,0.9786021397860214,48,False
43,random_missing_00pct,held_out,chronaris,mult,ridge_recovery_probe__relative_clock_offset_magnitude_s,absolute_error_s,positive_favors_reference,-0.24066943613191447,-0.37682266687043015,-0.11110865816784404,0.0014998500149985001,48,False
43,random_missing_00pct,held_out,chronaris,naive_time_sync,ridge_recovery_probe__relative_clock_offset_magnitude_s,absolute_error_s,positive_favors_reference,0.2927153455093503,0.15298044588416815,0.42307014520435265,0.00039996000399960006,48,False
43,random_missing_10pct,held_out,chronaris,contiformer,ridge_recovery_probe__primary_physiology_response_lag_s,absolute_error_s,positive_favors_reference,-0.0025578205906024998,-1.7354295485720972,1.744962220657637,0.9981001899810019,48,False
43,random_missing_10pct,held_out,chronaris,mult,ridge_recovery_probe__primary_physiology_response_lag_s,absolute_error_s,positive_favors_reference,-1.3145559446086426,-2.3287218211796032,-0.3655112435634401,0.013598640135986401,48,False
43,random_missing_10pct,held_out,chronaris,naive_time_sync,ridge_recovery_probe__primary_physiology_response_lag_s,absolute_error_s,positive_favors_reference,0.5237304665304583,-0.40877928255642093,1.3964339063084032,0.2803719628037196,48,False
43,random_missing_10pct,held_out,chronaris,contiformer,ridge_recovery_probe__relative_clock_offset_magnitude_s,absolute_error_s,positive_favors_reference,-0.27783417080839473,-0.39864371602113047,-0.1617531471575301,0.00019998000199980003,48,False
43,random_missing_10pct,held_out,chronaris,mult,ridge_recovery_probe__relative_clock_offset_magnitude_s,absolute_error_s,positive_favors_reference,-0.4779405118897557,-0.6190730796506008,-0.3443173745026191,9.999000099990002e-05,48,False
43,random_missing_10pct,held_out,chronaris,naive_time_sync,ridge_recovery_probe__relative_clock_offset_magnitude_s,absolute_error_s,positive_favors_reference,0.21848713420331478,0.07183506255969405,0.3545663436098644,0.0046995300469953,48,False
43,random_missing_30pct,held_out,chronaris,contiformer,ridge_recovery_probe__primary_physiology_response_lag_s,absolute_error_s,positive_favors_reference,-5.048515245598976,-6.698799987137495,-3.2991379093384037,9.999000099990002e-05,48,False
43,random_missing_30pct,held_out,chronaris,mult,ridge_recovery_probe__primary_physiology_response_lag_s,absolute_error_s,positive_favors_reference,-5.620477320849808,-6.7981713988832215,-4.418605242892561,9.999000099990002e-05,48,False
43,random_missing_30pct,held_out,chronaris,naive_time_sync,ridge_recovery_probe__primary_physiology_response_lag_s,absolute_error_s,positive_favors_reference,-2.6192354547739387,-3.483510340081134,-1.7941669355692524,9.999000099990002e-05,48,False
43,random_missing_30pct,held_out,chronaris,contiformer,ridge_recovery_probe__relative_clock_offset_magnitude_s,absolute_error_s,positive_favors_reference,-1.6494586269060771,-1.7702468000818044,-1.534964728758981,9.999000099990002e-05,48,False
43,random_missing_30pct,held_out,chronaris,mult,ridge_recovery_probe__relative_clock_offset_magnitude_s,absolute_error_s,positive_favors_reference,-1.8606947048877676,-1.9888868501409889,-1.7328209766341995,9.999000099990002e-05,48,False
43,random_missing_30pct,held_out,chronaris,naive_time_sync,ridge_recovery_probe__relative_clock_offset_magnitude_s,absolute_error_s,positive_favors_reference,-0.8488667532801628,-0.9826323658615972,-0.7206677965354175,9.999000099990002e-05,48,False
43,random_missing_50pct,held_out,chronaris,contiformer,ridge_recovery_probe__primary_physiology_response_lag_s,absolute_error_s,positive_favors_reference,-14.061974318080546,-15.38717326242879,-12.720273809048665,9.999000099990002e-05,48,False
43,random_missing_50pct,held_out,chronaris,mult,ridge_recovery_probe__primary_physiology_response_lag_s,absolute_error_s,positive_favors_reference,-14.447708375768299,-15.592295105190015,-13.279822521824878,9.999000099990002e-05,48,False
43,random_missing_50pct,held_out,chronaris,naive_time_sync,ridge_recovery_probe__primary_physiology_response_lag_s,absolute_error_s,positive_favors_reference,-9.473533656994341,-10.279386410881752,-8.680179431170068,9.999000099990002e-05,48,False
43,random_missing_50pct,held_out,chronaris,contiformer,ridge_recovery_probe__relative_clock_offset_magnitude_s,absolute_error_s,positive_favors_reference,-3.7790467999875546,-3.9394313369722416,-3.628399716302132,9.999000099990002e-05,48,False
43,random_missing_50pct,held_out,chronaris,mult,ridge_recovery_probe__relative_clock_offset_magnitude_s,absolute_error_s,positive_favors_reference,-4.195683632977307,-4.355079323480217,-4.0388306038842225,9.999000099990002e-05,48,False
43,random_missing_50pct,held_out,chronaris,naive_time_sync,ridge_recovery_probe__relative_clock_offset_magnitude_s,absolute_error_s,positive_favors_reference,-2.7734190120051303,-2.9275956650730226,-2.6285062048118566,9.999000099990002e-05,48,False
43,contiguous_gap_00s,held_out,chronaris,contiformer,ridge_recovery_probe__primary_physiology_response_lag_s,absolute_error_s,positive_favors_reference,1.5180835536778485,0.05006420791870621,3.02507227943773,0.054394560543945605,48,False
43,contiguous_gap_00s,held_out,chronaris,mult,ridge_recovery_probe__primary_physiology_response_lag_s,absolute_error_s,positive_favors_reference,-0.5318080197182337,-1.373377348368106,0.19861815761516624,0.18588141185881413,48,False
43,contiguous_gap_00s,held_out,chronaris,naive_time_sync,ridge_recovery_probe__primary_physiology_response_lag_s,absolute_error_s,positive_favors_reference,0.8453229571056021,-0.18827736588402594,1.8857199808939848,0.12248775122487751,48,False
43,contiguous_gap_00s,held_out,chronaris,contiformer,ridge_recovery_probe__relative_clock_offset_magnitude_s,absolute_error_s,positive_favors_reference,0.0015575680881738663,-0.11126641334655384,0.11260221533787737,0.9786021397860214,48,False
43,contiguous_gap_00s,held_out,chronaris,mult,ridge_recovery_probe__relative_clock_offset_magnitude_s,absolute_error_s,positive_favors_reference,-0.24066943613191447,-0.37682266687043015,-0.11110865816784404,0.0014998500149985001,48,False
43,contiguous_gap_00s,held_out,chronaris,naive_time_sync,ridge_recovery_probe__relative_clock_offset_magnitude_s,absolute_error_s,positive_favors_reference,0.2927153455093503,0.15298044588416815,0.42307014520435265,0.00039996000399960006,48,False
43,contiguous_gap_05s,held_out,chronaris,contiformer,ridge_recovery_probe__primary_physiology_response_lag_s,absolute_error_s,positive_favors_reference,-0.892367791310213,-2.426524393394405,0.6109109303300136,0.2638736126387361,48,False
43,contiguous_gap_05s,held_out,chronaris,mult,ridge_recovery_probe__primary_physiology_response_lag_s,absolute_error_s,positive_favors_reference,-1.847575896183309,-2.711009065256323,-1.005794547618178,0.00039996000399960006,48,False
43,contiguous_gap_05s,held_out,chronaris,naive_time_sync,ridge_recovery_probe__primary_physiology_response_lag_s,absolute_error_s,positive_favors_reference,0.19129871328184475,-0.7928556706325484,1.1669191899396179,0.7047295270472953,48,False
43,contiguous_gap_05s,held_out,chronaris,contiformer,ridge_recovery_probe__relative_clock_offset_magnitude_s,absolute_error_s,positive_favors_reference,-0.2718834653496742,-0.3772984928296258,-0.1633076218577723,9.999000099990002e-05,48,False
43,contiguous_gap_05s,held_out,chronaris,mult,ridge_recovery_probe__relative_clock_offset_magnitude_s,absolute_error_s,positive_favors_reference,-0.4492119215428829,-0.5832414967163155,-0.3212463748951754,9.999000099990002e-05,48,False
43,contiguous_gap_05s,held_out,chronaris,naive_time_sync,ridge_recovery_probe__relative_clock_offset_magnitude_s,absolute_error_s,positive_favors_reference,0.30697864045699436,0.16750875145662575,0.43948441658479453,0.00019998000199980003,48,False
43,contiguous_gap_15s,held_out,chronaris,contiformer,ridge_recovery_probe__primary_physiology_response_lag_s,absolute_error_s,positive_favors_reference,-1.5723246683840497,-2.974517781852503,-0.14703827124895805,0.03569643035696431,48,False
43,contiguous_gap_15s,held_out,chronaris,mult,ridge_recovery_probe__primary_physiology_response_lag_s,absolute_error_s,positive_favors_reference,-0.060404125277155496,-1.2517454524660687,1.1568642635127238,0.9234076592340766,48,False
43,contiguous_gap_15s,held_out,chronaris,naive_time_sync,ridge_recovery_probe__primary_physiology_response_lag_s,absolute_error_s,positive_favors_reference,4.88365977924629,3.6754395514780396,6.060574475333685,9.999000099990002e-05,48,False
43,contiguous_gap_15s,held_out,chronaris,contiformer,ridge_recovery_probe__relative_clock_offset_magnitude_s,absolute_error_s,positive_favors_reference,0.1107388815532128,-0.10169744351878762,0.32330783839958355,0.31226877312268775,48,False
43,contiguous_gap_15s,held_out,chronaris,mult,ridge_recovery_probe__relative_clock_offset_magnitude_s,absolute_error_s,positive_favors_reference,0.04341989134748777,-0.162969945386673,0.2330451884772626,0.6583341665833417,48,False
43,contiguous_gap_15s,held_out,chronaris,naive_time_sync,ridge_recovery_probe__relative_clock_offset_magnitude_s,absolute_error_s,positive_favors_reference,1.3253874694928527,1.1209378988404448,1.5299528860719873,9.999000099990002e-05,48,False
43,contiguous_gap_30s,held_out,chronaris,contiformer,ridge_recovery_probe__primary_physiology_response_lag_s,absolute_error_s,positive_favors_reference,-0.9639445789811455,-2.832339604824234,0.9509526784680963,0.32636736326367366,48,False
43,contiguous_gap_30s,held_out,chronaris,mult,ridge_recovery_probe__primary_physiology_response_lag_s,absolute_error_s,positive_favors_reference,2.7108217542095474,1.1500930308978876,4.378127457365079,0.001999800019998,48,False
43,contiguous_gap_30s,held_out,chronaris,naive_time_sync,ridge_recovery_probe__primary_physiology_response_lag_s,absolute_error_s,positive_favors_reference,11.287499409904306,9.652941932279125,13.064436941532183,9.999000099990002e-05,48,False
43,contiguous_gap_30s,held_out,chronaris,contiformer,ridge_recovery_probe__relative_clock_offset_magnitude_s,absolute_error_s,positive_favors_reference,0.6636773217469454,0.40324649039345484,0.9238224912279596,9.999000099990002e-05,48,False
43,contiguous_gap_30s,held_out,chronaris,mult,ridge_recovery_probe__relative_clock_offset_magnitude_s,absolute_error_s,positive_favors_reference,0.8421622235327959,0.5584558528537551,1.1246811574014521,9.999000099990002e-05,48,False
43,contiguous_gap_30s,held_out,chronaris,naive_time_sync,ridge_recovery_probe__relative_clock_offset_magnitude_s,absolute_error_s,positive_favors_reference,2.6829142790908613,2.3609023311718675,2.9972675219411027,9.999000099990002e-05,48,False
43,physiology_lag_02s,held_out,chronaris,contiformer,ridge_recovery_probe__primary_physiology_response_lag_s,absolute_error_s,positive_favors_reference,3.19171413898167,1.8898457642987632,4.5305034636315,9.999000099990002e-05,48,False
43,physiology_lag_02s,held_out,chronaris,mult,ridge_recovery_probe__primary_physiology_response_lag_s,absolute_error_s,positive_favors_reference,-0.2709401168415355,-0.9915534210616528,0.40013940939826437,0.46205379462053797,48,False
43,physiology_lag_02s,held_out,chronaris,naive_time_sync,ridge_recovery_probe__primary_physiology_response_lag_s,absolute_error_s,positive_favors_reference,0.531988639690336,-0.5468716666260623,1.6411832434241556,0.35826417358264173,48,False
43,physiology_lag_02s,held_out,chronaris,contiformer,ridge_recovery_probe__relative_clock_offset_magnitude_s,absolute_error_s,positive_favors_reference,0.02432432770729065,-0.08962516475779314,0.13417917358068118,0.6852314768523148,48,False
43,physiology_lag_02s,held_out,chronaris,mult,ridge_recovery_probe__relative_clock_offset_magnitude_s,absolute_error_s,positive_favors_reference,-0.24443544447422028,-0.38220735408055284,-0.11081090497318666,0.0013998600139986002,48,False
43,physiology_lag_02s,held_out,chronaris,naive_time_sync,ridge_recovery_probe__relative_clock_offset_magnitude_s,absolute_error_s,positive_favors_reference,0.2863240400329232,0.14728653990508367,0.4186605191168685,0.0004999500049995,48,False
43,physiology_lag_05s,held_out,chronaris,contiformer,ridge_recovery_probe__primary_physiology_response_lag_s,absolute_error_s,positive_favors_reference,5.123485970652889,4.114859159490804,6.170199459866542,9.999000099990002e-05,48,False
43,physiology_lag_05s,held_out,chronaris,mult,ridge_recovery_probe__primary_physiology_response_lag_s,absolute_error_s,positive_favors_reference,0.07412557732763998,-0.6112609524608036,0.7840637111987985,0.8409159084091591,48,False
43,physiology_lag_05s,held_out,chronaris,naive_time_sync,ridge_recovery_probe__primary_physiology_response_lag_s,absolute_error_s,positive_favors_reference,0.22668998965723355,-0.7610204751766032,1.307554278902474,0.6626337366263374,48,False
43,physiology_lag_05s,held_out,chronaris,contiformer,ridge_recovery_probe__relative_clock_offset_magnitude_s,absolute_error_s,positive_favors_reference,0.04762609861791134,-0.06742016472853721,0.1580216358105341,0.41575842415758424,48,False
43,physiology_lag_05s,held_out,chronaris,mult,ridge_recovery_probe__relative_clock_offset_magnitude_s,absolute_error_s,positive_favors_reference,-0.2328892033547163,-0.37035322256075837,-0.1061126760051897,0.0014998500149985001,48,False
43,physiology_lag_05s,held_out,chronaris,naive_time_sync,ridge_recovery_probe__relative_clock_offset_magnitude_s,absolute_error_s,positive_favors_reference,0.27604496479034424,0.13912577241814386,0.40189543021066737,0.00039996000399960006,48,False
43,physiology_lag_15s,held_out,chronaris,contiformer,ridge_recovery_probe__primary_physiology_response_lag_s,absolute_error_s,positive_favors_reference,6.944165393388146,5.881992631481076,8.01243657061796,9.999000099990002e-05,48,False
43,physiology_lag_15s,held_out,chronaris,mult,ridge_recovery_probe__primary_physiology_response_lag_s,absolute_error_s,positive_favors_reference,-0.5258579629200896,-1.4150072725943232,0.3848347145502076,0.25237476252374763,48,False
43,physiology_lag_15s,held_out,chronaris,naive_time_sync,ridge_recovery_probe__primary_physiology_response_lag_s,absolute_error_s,positive_favors_reference,-1.6953057344769131,-2.6557901340432766,-0.6841011867582535,0.0017998200179982,48,False
43,physiology_lag_15s,held_out,chronaris,contiformer,ridge_recovery_probe__relative_clock_offset_magnitude_s,absolute_error_s,positive_favors_reference,0.12678359324733415,-0.001336390773455301,0.25449285336459654,0.05829417058294171,48,False
43,physiology_lag_15s,held_out,chronaris,mult,ridge_recovery_probe__relative_clock_offset_magnitude_s,absolute_error_s,positive_favors_reference,-0.24726909461120763,-0.3747049605784317,-0.1231974168525388,0.0006999300069993001,48,False
43,physiology_lag_15s,held_out,chronaris,naive_time_sync,ridge_recovery_probe__relative_clock_offset_magnitude_s,absolute_error_s,positive_favors_reference,0.1841972035666307,0.06977669319603592,0.2902413720342641,0.0022997700229977,48,False
43,physiology_lag_30s,held_out,chronaris,contiformer,ridge_recovery_probe__primary_physiology_response_lag_s,absolute_error_s,positive_favors_reference,7.011537556585992,5.545812004046962,8.497098224343075,9.999000099990002e-05,48,False
43,physiology_lag_30s,held_out,chronaris,mult,ridge_recovery_probe__primary_physiology_response_lag_s,absolute_error_s,positive_favors_reference,-0.23819308009016105,-1.3717229598894571,0.8807108127696553,0.6752324767523248,48,False
43,physiology_lag_30s,held_out,chronaris,naive_time_sync,ridge_recovery_probe__primary_physiology_response_lag_s,absolute_error_s,positive_favors_reference,-0.000515530506769816,-1.234681026885907,1.3001083318144084,0.9993000699930007,48,False
43,physiology_lag_30s,held_out,chronaris,contiformer,ridge_recovery_probe__relative_clock_offset_magnitude_s,absolute_error_s,positive_favors_reference,0.024532873804370563,-0.09754847160850962,0.14491965224345524,0.6937306269373062,48,False
43,physiology_lag_30s,held_out,chronaris,mult,ridge_recovery_probe__relative_clock_offset_magnitude_s,absolute_error_s,positive_favors_reference,-0.11118624111016591,-0.23734442917630078,0.01585716367699203,0.09479052094790522,48,False
43,physiology_lag_30s,held_out,chronaris,naive_time_sync,ridge_recovery_probe__relative_clock_offset_magnitude_s,absolute_error_s,positive_favors_reference,0.1892550941556692,0.0760019957786426,0.2913430659876516,0.0017998200179982,48,False
43,observation_snr_30db,held_out,chronaris,contiformer,ridge_recovery_probe__primary_physiology_response_lag_s,absolute_error_s,positive_favors_reference,1.5180835536778485,0.05006420791870621,3.02507227943773,0.054394560543945605,48,False
43,observation_snr_30db,held_out,chronaris,mult,ridge_recovery_probe__primary_physiology_response_lag_s,absolute_error_s,positive_favors_reference,-0.5318080197182337,-1.373377348368106,0.19861815761516624,0.18588141185881413,48,False
43,observation_snr_30db,held_out,chronaris,naive_time_sync,ridge_recovery_probe__primary_physiology_response_lag_s,absolute_error_s,positive_favors_reference,0.8453229571056021,-0.18827736588402594,1.8857199808939848,0.12248775122487751,48,False
43,observation_snr_30db,held_out,chronaris,contiformer,ridge_recovery_probe__relative_clock_offset_magnitude_s,absolute_error_s,positive_favors_reference,0.0015575680881738663,-0.11126641334655384,0.11260221533787737,0.9786021397860214,48,False
43,observation_snr_30db,held_out,chronaris,mult,ridge_recovery_probe__relative_clock_offset_magnitude_s,absolute_error_s,positive_favors_reference,-0.24066943613191447,-0.37682266687043015,-0.11110865816784404,0.0014998500149985001,48,False
43,observation_snr_30db,held_out,chronaris,naive_time_sync,ridge_recovery_probe__relative_clock_offset_magnitude_s,absolute_error_s,positive_favors_reference,0.2927153455093503,0.15298044588416815,0.42307014520435265,0.00039996000399960006,48,False
43,observation_snr_20db,held_out,chronaris,contiformer,ridge_recovery_probe__primary_physiology_response_lag_s,absolute_error_s,positive_favors_reference,1.4021985807398047,-0.06762289612077359,2.926554826569758,0.07699230076992301,48,False
43,observation_snr_20db,held_out,chronaris,mult,ridge_recovery_probe__primary_physiology_response_lag_s,absolute_error_s,positive_favors_reference,-0.5550986765435829,-1.4233278017503521,0.22178005220881392,0.18468153184681532,48,False
43,observation_snr_20db,held_out,chronaris,naive_time_sync,ridge_recovery_probe__primary_physiology_response_lag_s,absolute_error_s,positive_favors_reference,0.731884900707195,-0.3125888689626409,1.745923742754868,0.18268173182681732,48,False
43,observation_snr_20db,held_out,chronaris,contiformer,ridge_recovery_probe__relative_clock_offset_magnitude_s,absolute_error_s,positive_favors_reference,-0.0007538149754206339,-0.1126578201695035,0.10640410369572541,0.9908009199080092,48,False
43,observation_snr_20db,held_out,chronaris,mult,ridge_recovery_probe__relative_clock_offset_magnitude_s,absolute_error_s,positive_favors_reference,-0.2552471589297056,-0.3970760474912822,-0.12424755649020283,0.0007999200079992001,48,False
43,observation_snr_20db,held_out,chronaris,naive_time_sync,ridge_recovery_probe__relative_clock_offset_magnitude_s,absolute_error_s,positive_favors_reference,0.2909096647053957,0.14706510226242245,0.4261627591447904,0.0004999500049995,48,False
43,observation_snr_10db,held_out,chronaris,contiformer,ridge_recovery_probe__primary_physiology_response_lag_s,absolute_error_s,positive_favors_reference,-0.3544411208200097,-1.890215777843773,1.1891832575154058,0.6634336566343366,48,False
43,observation_snr_10db,held_out,chronaris,mult,ridge_recovery_probe__primary_physiology_response_lag_s,absolute_error_s,positive_favors_reference,-0.9082271933357666,-2.0238265566972764,0.12885745336956586,0.09979002099790021,48,False
43,observation_snr_10db,held_out,chronaris,naive_time_sync,ridge_recovery_probe__primary_physiology_response_lag_s,absolute_error_s,positive_favors_reference,-0.9917234737142143,-2.1825801020608577,0.17064170710230242,0.11248875112488751,48,False
43,observation_snr_10db,held_out,chronaris,contiformer,ridge_recovery_probe__relative_clock_offset_magnitude_s,absolute_error_s,positive_favors_reference,-0.3265217899655302,-0.4867906636015202,-0.17613847045383116,9.999000099990002e-05,48,False
43,observation_snr_10db,held_out,chronaris,mult,ridge_recovery_probe__relative_clock_offset_magnitude_s,absolute_error_s,positive_favors_reference,-0.4457981012140711,-0.625377357378602,-0.28597539806893735,9.999000099990002e-05,48,False
43,observation_snr_10db,held_out,chronaris,naive_time_sync,ridge_recovery_probe__relative_clock_offset_magnitude_s,absolute_error_s,positive_favors_reference,-0.10016031314929326,-0.29973445714761815,0.08347980186032747,0.30246975302469753,48,False
43,observation_snr_05db,held_out,chronaris,contiformer,ridge_recovery_probe__primary_physiology_response_lag_s,absolute_error_s,positive_favors_reference,-3.636530321980652,-5.223910193526207,-1.9918031288218412,9.999000099990002e-05,48,False
43,observation_snr_05db,held_out,chronaris,mult,ridge_recovery_probe__primary_physiology_response_lag_s,absolute_error_s,positive_favors_reference,-2.0960137252945055,-3.421783596190447,-0.9414205181948893,0.0018998100189981002,48,False
43,observation_snr_05db,held_out,chronaris,naive_time_sync,ridge_recovery_probe__primary_physiology_response_lag_s,absolute_error_s,positive_favors_reference,-4.7212932851568885,-6.0997733813176085,-3.409156413151206,9.999000099990002e-05,48,False
43,observation_snr_05db,held_out,chronaris,contiformer,ridge_recovery_probe__relative_clock_offset_magnitude_s,absolute_error_s,positive_favors_reference,-0.9034557236979405,-1.1322989893921962,-0.6901096700380247,9.999000099990002e-05,48,False
43,observation_snr_05db,held_out,chronaris,mult,ridge_recovery_probe__relative_clock_offset_magnitude_s,absolute_error_s,positive_favors_reference,-0.7390691246837378,-0.9536593448758747,-0.5422477998227503,9.999000099990002e-05,48,False
43,observation_snr_05db,held_out,chronaris,naive_time_sync,ridge_recovery_probe__relative_clock_offset_magnitude_s,absolute_error_s,positive_favors_reference,-0.9456121123706301,-1.195488206180744,-0.7167871134122834,9.999000099990002e-05,48,False
43,mixed_severe,held_out,chronaris,contiformer,ridge_recovery_probe__primary_physiology_response_lag_s,absolute_error_s,positive_favors_reference,4.53256787538889,3.0985958409164023,5.911869025072694,9.999000099990002e-05,48,False
43,mixed_severe,held_out,chronaris,mult,ridge_recovery_probe__primary_physiology_response_lag_s,absolute_error_s,positive_favors_reference,3.1266514234842773,1.8931116157631762,4.351914015953357,9.999000099990002e-05,48,False
43,mixed_severe,held_out,chronaris,naive_time_sync,ridge_recovery_probe__primary_physiology_response_lag_s,absolute_error_s,positive_favors_reference,3.61811002410384,2.5390043193565988,4.69778829065771,9.999000099990002e-05,48,False
43,mixed_severe,held_out,chronaris,contiformer,ridge_recovery_probe__relative_clock_offset_magnitude_s,absolute_error_s,positive_favors_reference,1.2045712793866794,0.9363276785239577,1.4562869146776696,9.999000099990002e-05,48,False
43,mixed_severe,held_out,chronaris,mult,ridge_recovery_probe__relative_clock_offset_magnitude_s,absolute_error_s,positive_favors_reference,1.0866960926602285,0.8577162503109624,1.3076286966757225,9.999000099990002e-05,48,False
43,mixed_severe,held_out,chronaris,naive_time_sync,ridge_recovery_probe__relative_clock_offset_magnitude_s,absolute_error_s,positive_favors_reference,1.0424045321221154,0.7963402201111118,1.2790512981048474,9.999000099990002e-05,48,False
