dataset,task,consumer,method,seed,fold,role,metric,value,direction,status,reason,sample_count,threshold_scope,smoke_only
dingxin_existing_dual_stream,maneuver_intensity_classification,linear,physiology_only,17,leave_one_view_out__fold01,validation,macro_f1,0.17460317460317462,higher,available,,31,outer_train_smoke_only,True
dingxin_existing_dual_stream,maneuver_intensity_classification,linear,physiology_only,17,leave_one_view_out__fold01,validation,balanced_accuracy,0.3333333333333333,higher,available,,31,outer_train_smoke_only,True
dingxin_existing_dual_stream,maneuver_intensity_classification,linear,physiology_only,17,leave_one_view_out__fold01,validation,macro_auprc,0.343191113648111,higher,available,,31,outer_train_smoke_only,True
dingxin_existing_dual_stream,maneuver_intensity_classification,linear,physiology_only,17,leave_one_view_out__fold01,validation,brier_score,1.2903163790946761,lower,available,,31,outer_train_smoke_only,True
dingxin_existing_dual_stream,maneuver_intensity_classification,linear,physiology_only,17,leave_one_view_out__fold01,validation,ece_10_bins,0.6451564459473113,lower,available,,31,outer_train_smoke_only,True
dingxin_existing_dual_stream,physiology_response_regression,linear,physiology_only,17,leave_one_view_out__fold01,validation,mae,1.9333800077438354,lower,available,,30,outer_train_smoke_only,True
dingxin_existing_dual_stream,physiology_response_regression,linear,physiology_only,17,leave_one_view_out__fold01,validation,rmse,2.1070544987711406,lower,available,,30,outer_train_smoke_only,True
dingxin_existing_dual_stream,physiology_response_regression,linear,physiology_only,17,leave_one_view_out__fold01,validation,spearman,0.20667408231368187,higher,available,,30,outer_train_smoke_only,True
dingxin_existing_dual_stream,high_physiology_response_classification,linear,physiology_only,17,leave_one_view_out__fold01,validation,macro_f1,0.4,higher,available,,30,outer_train_smoke_only,True
dingxin_existing_dual_stream,high_physiology_response_classification,linear,physiology_only,17,leave_one_view_out__fold01,validation,balanced_accuracy,0.5,higher,available,,30,outer_train_smoke_only,True
dingxin_existing_dual_stream,high_physiology_response_classification,linear,physiology_only,17,leave_one_view_out__fold01,validation,macro_auprc,0.584491748891302,higher,available,,30,outer_train_smoke_only,True
dingxin_existing_dual_stream,high_physiology_response_classification,linear,physiology_only,17,leave_one_view_out__fold01,validation,brier_score,0.6666666666657125,lower,available,,30,outer_train_smoke_only,True
dingxin_existing_dual_stream,high_physiology_response_classification,linear,physiology_only,17,leave_one_view_out__fold01,validation,ece_10_bins,0.333333333332944,lower,available,,30,outer_train_smoke_only,True
dingxin_existing_dual_stream,high_physiology_response_classification,linear,physiology_only,17,leave_one_view_out__fold01,validation,high_response_recall,0.0,higher,available,,30,outer_train_smoke_only,True
dingxin_existing_dual_stream,maneuver_intensity_classification,minirocket,physiology_only,17,leave_one_view_out__fold01,validation,macro_f1,0.16260162601626016,higher,available,,31,outer_train_smoke_only,True
dingxin_existing_dual_stream,maneuver_intensity_classification,minirocket,physiology_only,17,leave_one_view_out__fold01,validation,balanced_accuracy,0.3333333333333333,higher,available,,31,outer_train_smoke_only,True
dingxin_existing_dual_stream,maneuver_intensity_classification,minirocket,physiology_only,17,leave_one_view_out__fold01,validation,macro_auprc,0.4615130933924512,higher,available,,31,outer_train_smoke_only,True
dingxin_existing_dual_stream,maneuver_intensity_classification,minirocket,physiology_only,17,leave_one_view_out__fold01,validation,brier_score,1.3548175577720851,lower,available,,31,outer_train_smoke_only,True
dingxin_existing_dual_stream,maneuver_intensity_classification,minirocket,physiology_only,17,leave_one_view_out__fold01,validation,ece_10_bins,0.67740922093551,lower,available,,31,outer_train_smoke_only,True
dingxin_existing_dual_stream,physiology_response_regression,minirocket,physiology_only,17,leave_one_view_out__fold01,validation,mae,0.5452233294645945,lower,available,,30,outer_train_smoke_only,True
dingxin_existing_dual_stream,physiology_response_regression,minirocket,physiology_only,17,leave_one_view_out__fold01,validation,rmse,0.7875253126288343,lower,available,,30,outer_train_smoke_only,True
dingxin_existing_dual_stream,physiology_response_regression,minirocket,physiology_only,17,leave_one_view_out__fold01,validation,spearman,-0.3125695216907675,higher,available,,30,outer_train_smoke_only,True
dingxin_existing_dual_stream,high_physiology_response_classification,minirocket,physiology_only,17,leave_one_view_out__fold01,validation,macro_f1,0.4,higher,available,,30,outer_train_smoke_only,True
dingxin_existing_dual_stream,high_physiology_response_classification,minirocket,physiology_only,17,leave_one_view_out__fold01,validation,balanced_accuracy,0.5,higher,available,,30,outer_train_smoke_only,True
dingxin_existing_dual_stream,high_physiology_response_classification,minirocket,physiology_only,17,leave_one_view_out__fold01,validation,macro_auprc,0.4142038061723266,higher,available,,30,outer_train_smoke_only,True
dingxin_existing_dual_stream,high_physiology_response_classification,minirocket,physiology_only,17,leave_one_view_out__fold01,validation,brier_score,0.666659500569953,lower,available,,30,outer_train_smoke_only,True
dingxin_existing_dual_stream,high_physiology_response_classification,minirocket,physiology_only,17,leave_one_view_out__fold01,validation,ece_10_bins,0.33332496108771414,lower,available,,30,outer_train_smoke_only,True
dingxin_existing_dual_stream,high_physiology_response_classification,minirocket,physiology_only,17,leave_one_view_out__fold01,validation,high_response_recall,0.0,higher,available,,30,outer_train_smoke_only,True
dingxin_existing_dual_stream,maneuver_intensity_classification,linear,physiology_only,17,leave_one_view_out__fold01,held_out,macro_f1,0.8740740740740741,higher,available,,31,outer_train_smoke_only,True
dingxin_existing_dual_stream,maneuver_intensity_classification,linear,physiology_only,17,leave_one_view_out__fold01,held_out,balanced_accuracy,0.8696969696969697,higher,available,,31,outer_train_smoke_only,True
dingxin_existing_dual_stream,maneuver_intensity_classification,linear,physiology_only,17,leave_one_view_out__fold01,held_out,macro_auprc,0.9355714992078626,higher,available,,31,outer_train_smoke_only,True
dingxin_existing_dual_stream,maneuver_intensity_classification,linear,physiology_only,17,leave_one_view_out__fold01,held_out,brier_score,0.2543826554445067,lower,available,,31,outer_train_smoke_only,True
dingxin_existing_dual_stream,maneuver_intensity_classification,linear,physiology_only,17,leave_one_view_out__fold01,held_out,ece_10_bins,0.20142649037753,lower,available,,31,outer_train_smoke_only,True
dingxin_existing_dual_stream,physiology_response_regression,linear,physiology_only,17,leave_one_view_out__fold01,held_out,mae,0.24026099145412444,lower,available,,30,outer_train_smoke_only,True
dingxin_existing_dual_stream,physiology_response_regression,linear,physiology_only,17,leave_one_view_out__fold01,held_out,rmse,0.33489224822338415,lower,available,,30,outer_train_smoke_only,True
dingxin_existing_dual_stream,physiology_response_regression,linear,physiology_only,17,leave_one_view_out__fold01,held_out,spearman,0.6489432703003337,higher,available,,30,outer_train_smoke_only,True
dingxin_existing_dual_stream,high_physiology_response_classification,linear,physiology_only,17,leave_one_view_out__fold01,held_out,macro_f1,0.803921568627451,higher,available,,30,outer_train_smoke_only,True
dingxin_existing_dual_stream,high_physiology_response_classification,linear,physiology_only,17,leave_one_view_out__fold01,held_out,balanced_accuracy,0.78,higher,available,,30,outer_train_smoke_only,True
dingxin_existing_dual_stream,high_physiology_response_classification,linear,physiology_only,17,leave_one_view_out__fold01,held_out,macro_auprc,0.9618518518518518,higher,available,,30,outer_train_smoke_only,True
dingxin_existing_dual_stream,high_physiology_response_classification,linear,physiology_only,17,leave_one_view_out__fold01,held_out,brier_score,0.09047260266139881,lower,available,,30,outer_train_smoke_only,True
dingxin_existing_dual_stream,high_physiology_response_classification,linear,physiology_only,17,leave_one_view_out__fold01,held_out,ece_10_bins,0.09471246268294518,lower,available,,30,outer_train_smoke_only,True
dingxin_existing_dual_stream,high_physiology_response_classification,linear,physiology_only,17,leave_one_view_out__fold01,held_out,high_response_recall,0.6,higher,available,,30,outer_train_smoke_only,True
dingxin_existing_dual_stream,maneuver_intensity_classification,minirocket,physiology_only,17,leave_one_view_out__fold01,held_out,macro_f1,1.0,higher,available,,31,outer_train_smoke_only,True
dingxin_existing_dual_stream,maneuver_intensity_classification,minirocket,physiology_only,17,leave_one_view_out__fold01,held_out,balanced_accuracy,1.0,higher,available,,31,outer_train_smoke_only,True
dingxin_existing_dual_stream,maneuver_intensity_classification,minirocket,physiology_only,17,leave_one_view_out__fold01,held_out,macro_auprc,1.0,higher,available,,31,outer_train_smoke_only,True
dingxin_existing_dual_stream,maneuver_intensity_classification,minirocket,physiology_only,17,leave_one_view_out__fold01,held_out,brier_score,3.209530035385006e-06,lower,available,,31,outer_train_smoke_only,True
dingxin_existing_dual_stream,maneuver_intensity_classification,minirocket,physiology_only,17,leave_one_view_out__fold01,held_out,ece_10_bins,0.0012474539776514693,lower,available,,31,outer_train_smoke_only,True
dingxin_existing_dual_stream,physiology_response_regression,minirocket,physiology_only,17,leave_one_view_out__fold01,held_out,mae,0.00012168188889821185,lower,available,,30,outer_train_smoke_only,True
dingxin_existing_dual_stream,physiology_response_regression,minirocket,physiology_only,17,leave_one_view_out__fold01,held_out,rmse,0.0001730614340660516,lower,available,,30,outer_train_smoke_only,True
dingxin_existing_dual_stream,physiology_response_regression,minirocket,physiology_only,17,leave_one_view_out__fold01,held_out,spearman,1.0,higher,available,,30,outer_train_smoke_only,True
dingxin_existing_dual_stream,high_physiology_response_classification,minirocket,physiology_only,17,leave_one_view_out__fold01,held_out,macro_f1,1.0,higher,available,,30,outer_train_smoke_only,True
dingxin_existing_dual_stream,high_physiology_response_classification,minirocket,physiology_only,17,leave_one_view_out__fold01,held_out,balanced_accuracy,1.0,higher,available,,30,outer_train_smoke_only,True
dingxin_existing_dual_stream,high_physiology_response_classification,minirocket,physiology_only,17,leave_one_view_out__fold01,held_out,macro_auprc,1.0,higher,available,,30,outer_train_smoke_only,True
dingxin_existing_dual_stream,high_physiology_response_classification,minirocket,physiology_only,17,leave_one_view_out__fold01,held_out,brier_score,3.446694270960031e-06,lower,available,,30,outer_train_smoke_only,True
dingxin_existing_dual_stream,high_physiology_response_classification,minirocket,physiology_only,17,leave_one_view_out__fold01,held_out,ece_10_bins,0.000774798997637216,lower,available,,30,outer_train_smoke_only,True
dingxin_existing_dual_stream,high_physiology_response_classification,minirocket,physiology_only,17,leave_one_view_out__fold01,held_out,high_response_recall,1.0,higher,available,,30,outer_train_smoke_only,True
dingxin_existing_dual_stream,maneuver_intensity_classification,linear,vehicle_only,17,leave_one_view_out__fold01,validation,macro_f1,0.6993722390141827,higher,available,,31,outer_train_smoke_only,True
dingxin_existing_dual_stream,maneuver_intensity_classification,linear,vehicle_only,17,leave_one_view_out__fold01,validation,balanced_accuracy,0.7090909090909091,higher,available,,31,outer_train_smoke_only,True
dingxin_existing_dual_stream,maneuver_intensity_classification,linear,vehicle_only,17,leave_one_view_out__fold01,validation,macro_auprc,0.8549372401711972,higher,available,,31,outer_train_smoke_only,True
dingxin_existing_dual_stream,maneuver_intensity_classification,linear,vehicle_only,17,leave_one_view_out__fold01,validation,brier_score,0.3792146462038359,lower,available,,31,outer_train_smoke_only,True
dingxin_existing_dual_stream,maneuver_intensity_classification,linear,vehicle_only,17,leave_one_view_out__fold01,validation,ece_10_bins,0.15241495097136498,lower,available,,31,outer_train_smoke_only,True
dingxin_existing_dual_stream,physiology_response_regression,linear,vehicle_only,17,leave_one_view_out__fold01,validation,mae,0.45173955857753756,lower,available,,30,outer_train_smoke_only,True
dingxin_existing_dual_stream,physiology_response_regression,linear,vehicle_only,17,leave_one_view_out__fold01,validation,rmse,0.6545440121031331,lower,available,,30,outer_train_smoke_only,True
dingxin_existing_dual_stream,physiology_response_regression,linear,vehicle_only,17,leave_one_view_out__fold01,validation,spearman,0.22180200222469412,higher,available,,30,outer_train_smoke_only,True
dingxin_existing_dual_stream,high_physiology_response_classification,linear,vehicle_only,17,leave_one_view_out__fold01,validation,macro_f1,0.4,higher,available,,30,outer_train_smoke_only,True
dingxin_existing_dual_stream,high_physiology_response_classification,linear,vehicle_only,17,leave_one_view_out__fold01,validation,balanced_accuracy,0.5,higher,available,,30,outer_train_smoke_only,True
dingxin_existing_dual_stream,high_physiology_response_classification,linear,vehicle_only,17,leave_one_view_out__fold01,validation,macro_auprc,0.4838071540218445,higher,available,,30,outer_train_smoke_only,True
dingxin_existing_dual_stream,high_physiology_response_classification,linear,vehicle_only,17,leave_one_view_out__fold01,validation,brier_score,0.5381400800305834,lower,available,,30,outer_train_smoke_only,True
dingxin_existing_dual_stream,high_physiology_response_classification,linear,vehicle_only,17,leave_one_view_out__fold01,validation,ece_10_bins,0.20852385285955405,lower,available,,30,outer_train_smoke_only,True
dingxin_existing_dual_stream,high_physiology_response_classification,linear,vehicle_only,17,leave_one_view_out__fold01,validation,high_response_recall,0.0,higher,available,,30,outer_train_smoke_only,True
dingxin_existing_dual_stream,maneuver_intensity_classification,minirocket,vehicle_only,17,leave_one_view_out__fold01,validation,macro_f1,1.0,higher,available,,31,outer_train_smoke_only,True
dingxin_existing_dual_stream,maneuver_intensity_classification,minirocket,vehicle_only,17,leave_one_view_out__fold01,validation,balanced_accuracy,1.0,higher,available,,31,outer_train_smoke_only,True
dingxin_existing_dual_stream,maneuver_intensity_classification,minirocket,vehicle_only,17,leave_one_view_out__fold01,validation,macro_auprc,1.0,higher,available,,31,outer_train_smoke_only,True
dingxin_existing_dual_stream,maneuver_intensity_classification,minirocket,vehicle_only,17,leave_one_view_out__fold01,validation,brier_score,1.3245847898616421e-06,lower,available,,31,outer_train_smoke_only,True
dingxin_existing_dual_stream,maneuver_intensity_classification,minirocket,vehicle_only,17,leave_one_view_out__fold01,validation,ece_10_bins,0.0008131788867412615,lower,available,,31,outer_train_smoke_only,True
dingxin_existing_dual_stream,physiology_response_regression,minirocket,vehicle_only,17,leave_one_view_out__fold01,validation,mae,0.5447226295868556,lower,available,,30,outer_train_smoke_only,True
dingxin_existing_dual_stream,physiology_response_regression,minirocket,vehicle_only,17,leave_one_view_out__fold01,validation,rmse,0.7440688217575993,lower,available,,30,outer_train_smoke_only,True
dingxin_existing_dual_stream,physiology_response_regression,minirocket,vehicle_only,17,leave_one_view_out__fold01,validation,spearman,0.28720800889877635,higher,available,,30,outer_train_smoke_only,True
dingxin_existing_dual_stream,high_physiology_response_classification,minirocket,vehicle_only,17,leave_one_view_out__fold01,validation,macro_f1,0.5111111111111111,higher,available,,30,outer_train_smoke_only,True
dingxin_existing_dual_stream,high_physiology_response_classification,minirocket,vehicle_only,17,leave_one_view_out__fold01,validation,balanced_accuracy,0.525,higher,available,,30,outer_train_smoke_only,True
dingxin_existing_dual_stream,high_physiology_response_classification,minirocket,vehicle_only,17,leave_one_view_out__fold01,validation,macro_auprc,0.48649400949610405,higher,available,,30,outer_train_smoke_only,True
dingxin_existing_dual_stream,high_physiology_response_classification,minirocket,vehicle_only,17,leave_one_view_out__fold01,validation,brier_score,0.7325114088414373,lower,available,,30,outer_train_smoke_only,True
dingxin_existing_dual_stream,high_physiology_response_classification,minirocket,vehicle_only,17,leave_one_view_out__fold01,validation,ece_10_bins,0.36610614887762405,lower,available,,30,outer_train_smoke_only,True
dingxin_existing_dual_stream,high_physiology_response_classification,minirocket,vehicle_only,17,leave_one_view_out__fold01,validation,high_response_recall,0.2,higher,available,,30,outer_train_smoke_only,True
dingxin_existing_dual_stream,maneuver_intensity_classification,linear,vehicle_only,17,leave_one_view_out__fold01,held_out,macro_f1,0.6993722390141827,higher,available,,31,outer_train_smoke_only,True
dingxin_existing_dual_stream,maneuver_intensity_classification,linear,vehicle_only,17,leave_one_view_out__fold01,held_out,balanced_accuracy,0.7090909090909091,higher,available,,31,outer_train_smoke_only,True
dingxin_existing_dual_stream,maneuver_intensity_classification,linear,vehicle_only,17,leave_one_view_out__fold01,held_out,macro_auprc,0.8549372401711972,higher,available,,31,outer_train_smoke_only,True
dingxin_existing_dual_stream,maneuver_intensity_classification,linear,vehicle_only,17,leave_one_view_out__fold01,held_out,brier_score,0.3792146462038359,lower,available,,31,outer_train_smoke_only,True
dingxin_existing_dual_stream,maneuver_intensity_classification,linear,vehicle_only,17,leave_one_view_out__fold01,held_out,ece_10_bins,0.15241495097136498,lower,available,,31,outer_train_smoke_only,True
dingxin_existing_dual_stream,physiology_response_regression,linear,vehicle_only,17,leave_one_view_out__fold01,held_out,mae,0.2740078787008921,lower,available,,30,outer_train_smoke_only,True
dingxin_existing_dual_stream,physiology_response_regression,linear,vehicle_only,17,leave_one_view_out__fold01,held_out,rmse,0.3839104078858203,lower,available,,30,outer_train_smoke_only,True
dingxin_existing_dual_stream,physiology_response_regression,linear,vehicle_only,17,leave_one_view_out__fold01,held_out,spearman,0.5675194660734149,higher,available,,30,outer_train_smoke_only,True
dingxin_existing_dual_stream,high_physiology_response_classification,linear,vehicle_only,17,leave_one_view_out__fold01,held_out,macro_f1,0.45454545454545453,higher,available,,30,outer_train_smoke_only,True
dingxin_existing_dual_stream,high_physiology_response_classification,linear,vehicle_only,17,leave_one_view_out__fold01,held_out,balanced_accuracy,0.5,higher,available,,30,outer_train_smoke_only,True
dingxin_existing_dual_stream,high_physiology_response_classification,linear,vehicle_only,17,leave_one_view_out__fold01,held_out,macro_auprc,0.8289466969129644,higher,available,,30,outer_train_smoke_only,True
dingxin_existing_dual_stream,high_physiology_response_classification,linear,vehicle_only,17,leave_one_view_out__fold01,held_out,brier_score,0.22366950154315177,lower,available,,30,outer_train_smoke_only,True
dingxin_existing_dual_stream,high_physiology_response_classification,linear,vehicle_only,17,leave_one_view_out__fold01,held_out,ece_10_bins,0.12980945456338214,lower,available,,30,outer_train_smoke_only,True
dingxin_existing_dual_stream,high_physiology_response_classification,linear,vehicle_only,17,leave_one_view_out__fold01,held_out,high_response_recall,0.0,higher,available,,30,outer_train_smoke_only,True
dingxin_existing_dual_stream,maneuver_intensity_classification,minirocket,vehicle_only,17,leave_one_view_out__fold01,held_out,macro_f1,1.0,higher,available,,31,outer_train_smoke_only,True
dingxin_existing_dual_stream,maneuver_intensity_classification,minirocket,vehicle_only,17,leave_one_view_out__fold01,held_out,balanced_accuracy,1.0,higher,available,,31,outer_train_smoke_only,True
dingxin_existing_dual_stream,maneuver_intensity_classification,minirocket,vehicle_only,17,leave_one_view_out__fold01,held_out,macro_auprc,1.0,higher,available,,31,outer_train_smoke_only,True
dingxin_existing_dual_stream,maneuver_intensity_classification,minirocket,vehicle_only,17,leave_one_view_out__fold01,held_out,brier_score,1.3245847898616421e-06,lower,available,,31,outer_train_smoke_only,True
dingxin_existing_dual_stream,maneuver_intensity_classification,minirocket,vehicle_only,17,leave_one_view_out__fold01,held_out,ece_10_bins,0.0008131788867412615,lower,available,,31,outer_train_smoke_only,True
dingxin_existing_dual_stream,physiology_response_regression,minirocket,vehicle_only,17,leave_one_view_out__fold01,held_out,mae,9.306867917378188e-05,lower,available,,30,outer_train_smoke_only,True
dingxin_existing_dual_stream,physiology_response_regression,minirocket,vehicle_only,17,leave_one_view_out__fold01,held_out,rmse,0.00012762980803476603,lower,available,,30,outer_train_smoke_only,True
dingxin_existing_dual_stream,physiology_response_regression,minirocket,vehicle_only,17,leave_one_view_out__fold01,held_out,spearman,1.0,higher,available,,30,outer_train_smoke_only,True
dingxin_existing_dual_stream,high_physiology_response_classification,minirocket,vehicle_only,17,leave_one_view_out__fold01,held_out,macro_f1,1.0,higher,available,,30,outer_train_smoke_only,True
dingxin_existing_dual_stream,high_physiology_response_classification,minirocket,vehicle_only,17,leave_one_view_out__fold01,held_out,balanced_accuracy,1.0,higher,available,,30,outer_train_smoke_only,True
dingxin_existing_dual_stream,high_physiology_response_classification,minirocket,vehicle_only,17,leave_one_view_out__fold01,held_out,macro_auprc,1.0,higher,available,,30,outer_train_smoke_only,True
dingxin_existing_dual_stream,high_physiology_response_classification,minirocket,vehicle_only,17,leave_one_view_out__fold01,held_out,brier_score,1.682854204253991e-06,lower,available,,30,outer_train_smoke_only,True
dingxin_existing_dual_stream,high_physiology_response_classification,minirocket,vehicle_only,17,leave_one_view_out__fold01,held_out,ece_10_bins,0.0005605177890426472,lower,available,,30,outer_train_smoke_only,True
dingxin_existing_dual_stream,high_physiology_response_classification,minirocket,vehicle_only,17,leave_one_view_out__fold01,held_out,high_response_recall,1.0,higher,available,,30,outer_train_smoke_only,True
dingxin_existing_dual_stream,maneuver_intensity_classification,linear,naive_time_sync,17,leave_one_view_out__fold01,validation,macro_f1,0.17460317460317462,higher,available,,31,outer_train_smoke_only,True
dingxin_existing_dual_stream,maneuver_intensity_classification,linear,naive_time_sync,17,leave_one_view_out__fold01,validation,balanced_accuracy,0.3333333333333333,higher,available,,31,outer_train_smoke_only,True
dingxin_existing_dual_stream,maneuver_intensity_classification,linear,naive_time_sync,17,leave_one_view_out__fold01,validation,macro_auprc,0.5128382858678557,higher,available,,31,outer_train_smoke_only,True
dingxin_existing_dual_stream,maneuver_intensity_classification,linear,naive_time_sync,17,leave_one_view_out__fold01,validation,brier_score,1.2903225806451613,lower,available,,31,outer_train_smoke_only,True
dingxin_existing_dual_stream,maneuver_intensity_classification,linear,naive_time_sync,17,leave_one_view_out__fold01,validation,ece_10_bins,0.6451612903225806,lower,available,,31,outer_train_smoke_only,True
dingxin_existing_dual_stream,physiology_response_regression,linear,naive_time_sync,17,leave_one_view_out__fold01,validation,mae,21.4431653658549,lower,available,,30,outer_train_smoke_only,True
dingxin_existing_dual_stream,physiology_response_regression,linear,naive_time_sync,17,leave_one_view_out__fold01,validation,rmse,21.54776963389004,lower,available,,30,outer_train_smoke_only,True
dingxin_existing_dual_stream,physiology_response_regression,linear,naive_time_sync,17,leave_one_view_out__fold01,validation,spearman,-0.207119021134594,higher,available,,30,outer_train_smoke_only,True
dingxin_existing_dual_stream,high_physiology_response_classification,linear,naive_time_sync,17,leave_one_view_out__fold01,validation,macro_f1,0.4,higher,available,,30,outer_train_smoke_only,True
dingxin_existing_dual_stream,high_physiology_response_classification,linear,naive_time_sync,17,leave_one_view_out__fold01,validation,balanced_accuracy,0.5,higher,available,,30,outer_train_smoke_only,True
dingxin_existing_dual_stream,high_physiology_response_classification,linear,naive_time_sync,17,leave_one_view_out__fold01,validation,macro_auprc,0.47917195767195764,higher,available,,30,outer_train_smoke_only,True
dingxin_existing_dual_stream,high_physiology_response_classification,linear,naive_time_sync,17,leave_one_view_out__fold01,validation,brier_score,0.6666666666666666,lower,available,,30,outer_train_smoke_only,True
dingxin_existing_dual_stream,high_physiology_response_classification,linear,naive_time_sync,17,leave_one_view_out__fold01,validation,ece_10_bins,0.33333333333333337,lower,available,,30,outer_train_smoke_only,True
dingxin_existing_dual_stream,high_physiology_response_classification,linear,naive_time_sync,17,leave_one_view_out__fold01,validation,high_response_recall,0.0,higher,available,,30,outer_train_smoke_only,True
dingxin_existing_dual_stream,maneuver_intensity_classification,minirocket,naive_time_sync,17,leave_one_view_out__fold01,validation,macro_f1,0.9679633867276888,higher,available,,31,outer_train_smoke_only,True
dingxin_existing_dual_stream,maneuver_intensity_classification,minirocket,naive_time_sync,17,leave_one_view_out__fold01,validation,balanced_accuracy,0.9666666666666667,higher,available,,31,outer_train_smoke_only,True
dingxin_existing_dual_stream,maneuver_intensity_classification,minirocket,naive_time_sync,17,leave_one_view_out__fold01,validation,macro_auprc,1.0,higher,available,,31,outer_train_smoke_only,True
dingxin_existing_dual_stream,maneuver_intensity_classification,minirocket,naive_time_sync,17,leave_one_view_out__fold01,validation,brier_score,0.06703743917091592,lower,available,,31,outer_train_smoke_only,True
dingxin_existing_dual_stream,maneuver_intensity_classification,minirocket,naive_time_sync,17,leave_one_view_out__fold01,validation,ece_10_bins,0.059785736081159245,lower,available,,31,outer_train_smoke_only,True
dingxin_existing_dual_stream,physiology_response_regression,minirocket,naive_time_sync,17,leave_one_view_out__fold01,validation,mae,0.48417336444060005,lower,available,,30,outer_train_smoke_only,True
dingxin_existing_dual_stream,physiology_response_regression,minirocket,naive_time_sync,17,leave_one_view_out__fold01,validation,rmse,0.6694666119357926,lower,available,,30,outer_train_smoke_only,True
dingxin_existing_dual_stream,physiology_response_regression,minirocket,naive_time_sync,17,leave_one_view_out__fold01,validation,spearman,0.2765294771968854,higher,available,,30,outer_train_smoke_only,True
dingxin_existing_dual_stream,high_physiology_response_classification,minirocket,naive_time_sync,17,leave_one_view_out__fold01,validation,macro_f1,0.5111111111111111,higher,available,,30,outer_train_smoke_only,True
dingxin_existing_dual_stream,high_physiology_response_classification,minirocket,naive_time_sync,17,leave_one_view_out__fold01,validation,balanced_accuracy,0.525,higher,available,,30,outer_train_smoke_only,True
dingxin_existing_dual_stream,high_physiology_response_classification,minirocket,naive_time_sync,17,leave_one_view_out__fold01,validation,macro_auprc,0.46181578348454144,higher,available,,30,outer_train_smoke_only,True
dingxin_existing_dual_stream,high_physiology_response_classification,minirocket,naive_time_sync,17,leave_one_view_out__fold01,validation,brier_score,0.7208669841008869,lower,available,,30,outer_train_smoke_only,True
dingxin_existing_dual_stream,high_physiology_response_classification,minirocket,naive_time_sync,17,leave_one_view_out__fold01,validation,ece_10_bins,0.36978694480075425,lower,available,,30,outer_train_smoke_only,True
dingxin_existing_dual_stream,high_physiology_response_classification,minirocket,naive_time_sync,17,leave_one_view_out__fold01,validation,high_response_recall,0.2,higher,available,,30,outer_train_smoke_only,True
dingxin_existing_dual_stream,maneuver_intensity_classification,linear,naive_time_sync,17,leave_one_view_out__fold01,held_out,macro_f1,1.0,higher,available,,31,outer_train_smoke_only,True
dingxin_existing_dual_stream,maneuver_intensity_classification,linear,naive_time_sync,17,leave_one_view_out__fold01,held_out,balanced_accuracy,1.0,higher,available,,31,outer_train_smoke_only,True
dingxin_existing_dual_stream,maneuver_intensity_classification,linear,naive_time_sync,17,leave_one_view_out__fold01,held_out,macro_auprc,1.0,higher,available,,31,outer_train_smoke_only,True
dingxin_existing_dual_stream,maneuver_intensity_classification,linear,naive_time_sync,17,leave_one_view_out__fold01,held_out,brier_score,0.02149443458828654,lower,available,,31,outer_train_smoke_only,True
dingxin_existing_dual_stream,maneuver_intensity_classification,linear,naive_time_sync,17,leave_one_view_out__fold01,held_out,ece_10_bins,0.09553353037989229,lower,available,,31,outer_train_smoke_only,True
dingxin_existing_dual_stream,physiology_response_regression,linear,naive_time_sync,17,leave_one_view_out__fold01,held_out,mae,0.07343298494815827,lower,available,,30,outer_train_smoke_only,True
dingxin_existing_dual_stream,physiology_response_regression,linear,naive_time_sync,17,leave_one_view_out__fold01,held_out,rmse,0.08853282271470965,lower,available,,30,outer_train_smoke_only,True
dingxin_existing_dual_stream,physiology_response_regression,linear,naive_time_sync,17,leave_one_view_out__fold01,held_out,spearman,0.9225806451612902,higher,available,,30,outer_train_smoke_only,True
dingxin_existing_dual_stream,high_physiology_response_classification,linear,naive_time_sync,17,leave_one_view_out__fold01,held_out,macro_f1,1.0,higher,available,,30,outer_train_smoke_only,True
dingxin_existing_dual_stream,high_physiology_response_classification,linear,naive_time_sync,17,leave_one_view_out__fold01,held_out,balanced_accuracy,1.0,higher,available,,30,outer_train_smoke_only,True
dingxin_existing_dual_stream,high_physiology_response_classification,linear,naive_time_sync,17,leave_one_view_out__fold01,held_out,macro_auprc,1.0,higher,available,,30,outer_train_smoke_only,True
dingxin_existing_dual_stream,high_physiology_response_classification,linear,naive_time_sync,17,leave_one_view_out__fold01,held_out,brier_score,0.008152477795347614,lower,available,,30,outer_train_smoke_only,True
dingxin_existing_dual_stream,high_physiology_response_classification,linear,naive_time_sync,17,leave_one_view_out__fold01,held_out,ece_10_bins,0.03892330854731753,lower,available,,30,outer_train_smoke_only,True
dingxin_existing_dual_stream,high_physiology_response_classification,linear,naive_time_sync,17,leave_one_view_out__fold01,held_out,high_response_recall,1.0,higher,available,,30,outer_train_smoke_only,True
dingxin_existing_dual_stream,maneuver_intensity_classification,minirocket,naive_time_sync,17,leave_one_view_out__fold01,held_out,macro_f1,1.0,higher,available,,31,outer_train_smoke_only,True
dingxin_existing_dual_stream,maneuver_intensity_classification,minirocket,naive_time_sync,17,leave_one_view_out__fold01,held_out,balanced_accuracy,1.0,higher,available,,31,outer_train_smoke_only,True
dingxin_existing_dual_stream,maneuver_intensity_classification,minirocket,naive_time_sync,17,leave_one_view_out__fold01,held_out,macro_auprc,1.0,higher,available,,31,outer_train_smoke_only,True
dingxin_existing_dual_stream,maneuver_intensity_classification,minirocket,naive_time_sync,17,leave_one_view_out__fold01,held_out,brier_score,1.4889090877531252e-06,lower,available,,31,outer_train_smoke_only,True
dingxin_existing_dual_stream,maneuver_intensity_classification,minirocket,naive_time_sync,17,leave_one_view_out__fold01,held_out,ece_10_bins,0.0008736128350569361,lower,available,,31,outer_train_smoke_only,True
dingxin_existing_dual_stream,physiology_response_regression,minirocket,naive_time_sync,17,leave_one_view_out__fold01,held_out,mae,7.078250249226704e-05,lower,available,,30,outer_train_smoke_only,True
dingxin_existing_dual_stream,physiology_response_regression,minirocket,naive_time_sync,17,leave_one_view_out__fold01,held_out,rmse,0.0001047121344418115,lower,available,,30,outer_train_smoke_only,True
dingxin_existing_dual_stream,physiology_response_regression,minirocket,naive_time_sync,17,leave_one_view_out__fold01,held_out,spearman,1.0,higher,available,,30,outer_train_smoke_only,True
dingxin_existing_dual_stream,high_physiology_response_classification,minirocket,naive_time_sync,17,leave_one_view_out__fold01,held_out,macro_f1,1.0,higher,available,,30,outer_train_smoke_only,True
dingxin_existing_dual_stream,high_physiology_response_classification,minirocket,naive_time_sync,17,leave_one_view_out__fold01,held_out,balanced_accuracy,1.0,higher,available,,30,outer_train_smoke_only,True
dingxin_existing_dual_stream,high_physiology_response_classification,minirocket,naive_time_sync,17,leave_one_view_out__fold01,held_out,macro_auprc,1.0,higher,available,,30,outer_train_smoke_only,True
dingxin_existing_dual_stream,high_physiology_response_classification,minirocket,naive_time_sync,17,leave_one_view_out__fold01,held_out,brier_score,1.2986760089690268e-06,lower,available,,30,outer_train_smoke_only,True
dingxin_existing_dual_stream,high_physiology_response_classification,minirocket,naive_time_sync,17,leave_one_view_out__fold01,held_out,ece_10_bins,0.0005113401391033667,lower,available,,30,outer_train_smoke_only,True
dingxin_existing_dual_stream,high_physiology_response_classification,minirocket,naive_time_sync,17,leave_one_view_out__fold01,held_out,high_response_recall,1.0,higher,available,,30,outer_train_smoke_only,True
dingxin_existing_dual_stream,maneuver_intensity_classification,linear,mult,17,leave_one_view_out__fold01,validation,macro_f1,0.17460317460317462,higher,available,,31,outer_train_smoke_only,True
dingxin_existing_dual_stream,maneuver_intensity_classification,linear,mult,17,leave_one_view_out__fold01,validation,balanced_accuracy,0.3333333333333333,higher,available,,31,outer_train_smoke_only,True
dingxin_existing_dual_stream,maneuver_intensity_classification,linear,mult,17,leave_one_view_out__fold01,validation,macro_auprc,0.4597614683755882,higher,available,,31,outer_train_smoke_only,True
dingxin_existing_dual_stream,maneuver_intensity_classification,linear,mult,17,leave_one_view_out__fold01,validation,brier_score,1.2903194334569725,lower,available,,31,outer_train_smoke_only,True
dingxin_existing_dual_stream,maneuver_intensity_classification,linear,mult,17,leave_one_view_out__fold01,validation,ece_10_bins,0.6451596488031021,lower,available,,31,outer_train_smoke_only,True
dingxin_existing_dual_stream,physiology_response_regression,linear,mult,17,leave_one_view_out__fold01,validation,mae,5.37560936609904,lower,available,,30,outer_train_smoke_only,True
dingxin_existing_dual_stream,physiology_response_regression,linear,mult,17,leave_one_view_out__fold01,validation,rmse,5.428101616897471,lower,available,,30,outer_train_smoke_only,True
dingxin_existing_dual_stream,physiology_response_regression,linear,mult,17,leave_one_view_out__fold01,validation,spearman,0.055394883203559515,higher,available,,30,outer_train_smoke_only,True
dingxin_existing_dual_stream,high_physiology_response_classification,linear,mult,17,leave_one_view_out__fold01,validation,macro_f1,0.4,higher,available,,30,outer_train_smoke_only,True
dingxin_existing_dual_stream,high_physiology_response_classification,linear,mult,17,leave_one_view_out__fold01,validation,balanced_accuracy,0.5,higher,available,,30,outer_train_smoke_only,True
dingxin_existing_dual_stream,high_physiology_response_classification,linear,mult,17,leave_one_view_out__fold01,validation,macro_auprc,0.490649061423236,higher,available,,30,outer_train_smoke_only,True
dingxin_existing_dual_stream,high_physiology_response_classification,linear,mult,17,leave_one_view_out__fold01,validation,brier_score,0.6666462156349817,lower,available,,30,outer_train_smoke_only,True
dingxin_existing_dual_stream,high_physiology_response_classification,linear,mult,17,leave_one_view_out__fold01,validation,ece_10_bins,0.3333226055058446,lower,available,,30,outer_train_smoke_only,True
dingxin_existing_dual_stream,high_physiology_response_classification,linear,mult,17,leave_one_view_out__fold01,validation,high_response_recall,0.0,higher,available,,30,outer_train_smoke_only,True
dingxin_existing_dual_stream,maneuver_intensity_classification,minirocket,mult,17,leave_one_view_out__fold01,validation,macro_f1,0.2272727272727273,higher,available,,31,outer_train_smoke_only,True
dingxin_existing_dual_stream,maneuver_intensity_classification,minirocket,mult,17,leave_one_view_out__fold01,validation,balanced_accuracy,0.3666666666666667,higher,available,,31,outer_train_smoke_only,True
dingxin_existing_dual_stream,maneuver_intensity_classification,minirocket,mult,17,leave_one_view_out__fold01,validation,macro_auprc,0.821414233914234,higher,available,,31,outer_train_smoke_only,True
dingxin_existing_dual_stream,maneuver_intensity_classification,minirocket,mult,17,leave_one_view_out__fold01,validation,brier_score,1.1608161294525559,lower,available,,31,outer_train_smoke_only,True
dingxin_existing_dual_stream,maneuver_intensity_classification,minirocket,mult,17,leave_one_view_out__fold01,validation,ece_10_bins,0.5857158363976114,lower,available,,31,outer_train_smoke_only,True
dingxin_existing_dual_stream,physiology_response_regression,minirocket,mult,17,leave_one_view_out__fold01,validation,mae,0.4394237538178762,lower,available,,30,outer_train_smoke_only,True
dingxin_existing_dual_stream,physiology_response_regression,minirocket,mult,17,leave_one_view_out__fold01,validation,rmse,0.6270582786979553,lower,available,,30,outer_train_smoke_only,True
dingxin_existing_dual_stream,physiology_response_regression,minirocket,mult,17,leave_one_view_out__fold01,validation,spearman,0.10567296996662959,higher,available,,30,outer_train_smoke_only,True
dingxin_existing_dual_stream,high_physiology_response_classification,minirocket,mult,17,leave_one_view_out__fold01,validation,macro_f1,0.45990180032733224,higher,available,,30,outer_train_smoke_only,True
dingxin_existing_dual_stream,high_physiology_response_classification,minirocket,mult,17,leave_one_view_out__fold01,validation,balanced_accuracy,0.5,higher,available,,30,outer_train_smoke_only,True
dingxin_existing_dual_stream,high_physiology_response_classification,minirocket,mult,17,leave_one_view_out__fold01,validation,macro_auprc,0.5089608322011068,higher,available,,30,outer_train_smoke_only,True
dingxin_existing_dual_stream,high_physiology_response_classification,minirocket,mult,17,leave_one_view_out__fold01,validation,brier_score,0.6538045006375733,lower,available,,30,outer_train_smoke_only,True
dingxin_existing_dual_stream,high_physiology_response_classification,minirocket,mult,17,leave_one_view_out__fold01,validation,ece_10_bins,0.3408856856956185,lower,available,,30,outer_train_smoke_only,True
dingxin_existing_dual_stream,high_physiology_response_classification,minirocket,mult,17,leave_one_view_out__fold01,validation,high_response_recall,0.1,higher,available,,30,outer_train_smoke_only,True
dingxin_existing_dual_stream,maneuver_intensity_classification,linear,mult,17,leave_one_view_out__fold01,held_out,macro_f1,0.8740740740740741,higher,available,,31,outer_train_smoke_only,True
dingxin_existing_dual_stream,maneuver_intensity_classification,linear,mult,17,leave_one_view_out__fold01,held_out,balanced_accuracy,0.8696969696969696,higher,available,,31,outer_train_smoke_only,True
dingxin_existing_dual_stream,maneuver_intensity_classification,linear,mult,17,leave_one_view_out__fold01,held_out,macro_auprc,0.9576691826691827,higher,available,,31,outer_train_smoke_only,True
dingxin_existing_dual_stream,maneuver_intensity_classification,linear,mult,17,leave_one_view_out__fold01,held_out,brier_score,0.22604112704044715,lower,available,,31,outer_train_smoke_only,True
dingxin_existing_dual_stream,maneuver_intensity_classification,linear,mult,17,leave_one_view_out__fold01,held_out,ece_10_bins,0.19135864944304823,lower,available,,31,outer_train_smoke_only,True
dingxin_existing_dual_stream,physiology_response_regression,linear,mult,17,leave_one_view_out__fold01,held_out,mae,0.19296221534411112,lower,available,,30,outer_train_smoke_only,True
dingxin_existing_dual_stream,physiology_response_regression,linear,mult,17,leave_one_view_out__fold01,held_out,rmse,0.2837062863261246,lower,available,,30,outer_train_smoke_only,True
dingxin_existing_dual_stream,physiology_response_regression,linear,mult,17,leave_one_view_out__fold01,held_out,spearman,0.6854282536151279,higher,available,,30,outer_train_smoke_only,True
dingxin_existing_dual_stream,high_physiology_response_classification,linear,mult,17,leave_one_view_out__fold01,held_out,macro_f1,0.9443413729128014,higher,available,,30,outer_train_smoke_only,True
dingxin_existing_dual_stream,high_physiology_response_classification,linear,mult,17,leave_one_view_out__fold01,held_out,balanced_accuracy,0.98,higher,available,,30,outer_train_smoke_only,True
dingxin_existing_dual_stream,high_physiology_response_classification,linear,mult,17,leave_one_view_out__fold01,held_out,macro_auprc,1.0,higher,available,,30,outer_train_smoke_only,True
dingxin_existing_dual_stream,high_physiology_response_classification,linear,mult,17,leave_one_view_out__fold01,held_out,brier_score,0.058010437760202635,lower,available,,30,outer_train_smoke_only,True
dingxin_existing_dual_stream,high_physiology_response_classification,linear,mult,17,leave_one_view_out__fold01,held_out,ece_10_bins,0.06465222682222796,lower,available,,30,outer_train_smoke_only,True
dingxin_existing_dual_stream,high_physiology_response_classification,linear,mult,17,leave_one_view_out__fold01,held_out,high_response_recall,1.0,higher,available,,30,outer_train_smoke_only,True
dingxin_existing_dual_stream,maneuver_intensity_classification,minirocket,mult,17,leave_one_view_out__fold01,held_out,macro_f1,1.0,higher,available,,31,outer_train_smoke_only,True
dingxin_existing_dual_stream,maneuver_intensity_classification,minirocket,mult,17,leave_one_view_out__fold01,held_out,balanced_accuracy,1.0,higher,available,,31,outer_train_smoke_only,True
dingxin_existing_dual_stream,maneuver_intensity_classification,minirocket,mult,17,leave_one_view_out__fold01,held_out,macro_auprc,1.0,higher,available,,31,outer_train_smoke_only,True
dingxin_existing_dual_stream,maneuver_intensity_classification,minirocket,mult,17,leave_one_view_out__fold01,held_out,brier_score,1.0899019895505073e-06,lower,available,,31,outer_train_smoke_only,True
dingxin_existing_dual_stream,maneuver_intensity_classification,minirocket,mult,17,leave_one_view_out__fold01,held_out,ece_10_bins,0.000765422789863579,lower,available,,31,outer_train_smoke_only,True
dingxin_existing_dual_stream,physiology_response_regression,minirocket,mult,17,leave_one_view_out__fold01,held_out,mae,6.113847096760882e-05,lower,available,,30,outer_train_smoke_only,True
dingxin_existing_dual_stream,physiology_response_regression,minirocket,mult,17,leave_one_view_out__fold01,held_out,rmse,8.761399207372874e-05,lower,available,,30,outer_train_smoke_only,True
dingxin_existing_dual_stream,physiology_response_regression,minirocket,mult,17,leave_one_view_out__fold01,held_out,spearman,1.0,higher,available,,30,outer_train_smoke_only,True
dingxin_existing_dual_stream,high_physiology_response_classification,minirocket,mult,17,leave_one_view_out__fold01,held_out,macro_f1,1.0,higher,available,,30,outer_train_smoke_only,True
dingxin_existing_dual_stream,high_physiology_response_classification,minirocket,mult,17,leave_one_view_out__fold01,held_out,balanced_accuracy,1.0,higher,available,,30,outer_train_smoke_only,True
dingxin_existing_dual_stream,high_physiology_response_classification,minirocket,mult,17,leave_one_view_out__fold01,held_out,macro_auprc,1.0,higher,available,,30,outer_train_smoke_only,True
dingxin_existing_dual_stream,high_physiology_response_classification,minirocket,mult,17,leave_one_view_out__fold01,held_out,brier_score,1.0253984296826663e-06,lower,available,,30,outer_train_smoke_only,True
dingxin_existing_dual_stream,high_physiology_response_classification,minirocket,mult,17,leave_one_view_out__fold01,held_out,ece_10_bins,0.0004715359414119158,lower,available,,30,outer_train_smoke_only,True
dingxin_existing_dual_stream,high_physiology_response_classification,minirocket,mult,17,leave_one_view_out__fold01,held_out,high_response_recall,1.0,higher,available,,30,outer_train_smoke_only,True
dingxin_existing_dual_stream,maneuver_intensity_classification,linear,contiformer,17,leave_one_view_out__fold01,validation,macro_f1,0.2272727272727273,higher,available,,31,outer_train_smoke_only,True
dingxin_existing_dual_stream,maneuver_intensity_classification,linear,contiformer,17,leave_one_view_out__fold01,validation,balanced_accuracy,0.3666666666666667,higher,available,,31,outer_train_smoke_only,True
dingxin_existing_dual_stream,maneuver_intensity_classification,linear,contiformer,17,leave_one_view_out__fold01,validation,macro_auprc,0.8370974542027173,higher,available,,31,outer_train_smoke_only,True
dingxin_existing_dual_stream,maneuver_intensity_classification,linear,contiformer,17,leave_one_view_out__fold01,validation,brier_score,0.9344858582352087,lower,available,,31,outer_train_smoke_only,True
dingxin_existing_dual_stream,maneuver_intensity_classification,linear,contiformer,17,leave_one_view_out__fold01,validation,ece_10_bins,0.4976229818779404,lower,available,,31,outer_train_smoke_only,True
dingxin_existing_dual_stream,physiology_response_regression,linear,contiformer,17,leave_one_view_out__fold01,validation,mae,0.5976861834526062,lower,available,,30,outer_train_smoke_only,True
dingxin_existing_dual_stream,physiology_response_regression,linear,contiformer,17,leave_one_view_out__fold01,validation,rmse,0.7919775904630749,lower,available,,30,outer_train_smoke_only,True
dingxin_existing_dual_stream,physiology_response_regression,linear,contiformer,17,leave_one_view_out__fold01,validation,spearman,0.14927697441601778,higher,available,,30,outer_train_smoke_only,True
dingxin_existing_dual_stream,high_physiology_response_classification,linear,contiformer,17,leave_one_view_out__fold01,validation,macro_f1,0.4,higher,available,,30,outer_train_smoke_only,True
dingxin_existing_dual_stream,high_physiology_response_classification,linear,contiformer,17,leave_one_view_out__fold01,validation,balanced_accuracy,0.5,higher,available,,30,outer_train_smoke_only,True
dingxin_existing_dual_stream,high_physiology_response_classification,linear,contiformer,17,leave_one_view_out__fold01,validation,macro_auprc,0.5808636596715958,higher,available,,30,outer_train_smoke_only,True
dingxin_existing_dual_stream,high_physiology_response_classification,linear,contiformer,17,leave_one_view_out__fold01,validation,brier_score,0.6096359061508292,lower,available,,30,outer_train_smoke_only,True
dingxin_existing_dual_stream,high_physiology_response_classification,linear,contiformer,17,leave_one_view_out__fold01,validation,ece_10_bins,0.30666433643665947,lower,available,,30,outer_train_smoke_only,True
dingxin_existing_dual_stream,high_physiology_response_classification,linear,contiformer,17,leave_one_view_out__fold01,validation,high_response_recall,0.0,higher,available,,30,outer_train_smoke_only,True
dingxin_existing_dual_stream,maneuver_intensity_classification,minirocket,contiformer,17,leave_one_view_out__fold01,validation,macro_f1,1.0,higher,available,,31,outer_train_smoke_only,True
dingxin_existing_dual_stream,maneuver_intensity_classification,minirocket,contiformer,17,leave_one_view_out__fold01,validation,balanced_accuracy,1.0,higher,available,,31,outer_train_smoke_only,True
dingxin_existing_dual_stream,maneuver_intensity_classification,minirocket,contiformer,17,leave_one_view_out__fold01,validation,macro_auprc,1.0,higher,available,,31,outer_train_smoke_only,True
dingxin_existing_dual_stream,maneuver_intensity_classification,minirocket,contiformer,17,leave_one_view_out__fold01,validation,brier_score,0.0003345035216739238,lower,available,,31,outer_train_smoke_only,True
dingxin_existing_dual_stream,maneuver_intensity_classification,minirocket,contiformer,17,leave_one_view_out__fold01,validation,ece_10_bins,0.00765722196455032,lower,available,,31,outer_train_smoke_only,True
dingxin_existing_dual_stream,physiology_response_regression,minirocket,contiformer,17,leave_one_view_out__fold01,validation,mae,0.5218302110830942,lower,available,,30,outer_train_smoke_only,True
dingxin_existing_dual_stream,physiology_response_regression,minirocket,contiformer,17,leave_one_view_out__fold01,validation,rmse,0.7183454214061576,lower,available,,30,outer_train_smoke_only,True
dingxin_existing_dual_stream,physiology_response_regression,minirocket,contiformer,17,leave_one_view_out__fold01,validation,spearman,0.2560622914349277,higher,available,,30,outer_train_smoke_only,True
dingxin_existing_dual_stream,high_physiology_response_classification,minirocket,contiformer,17,leave_one_view_out__fold01,validation,macro_f1,0.5111111111111111,higher,available,,30,outer_train_smoke_only,True
dingxin_existing_dual_stream,high_physiology_response_classification,minirocket,contiformer,17,leave_one_view_out__fold01,validation,balanced_accuracy,0.525,higher,available,,30,outer_train_smoke_only,True
dingxin_existing_dual_stream,high_physiology_response_classification,minirocket,contiformer,17,leave_one_view_out__fold01,validation,macro_auprc,0.5115413006670875,higher,available,,30,outer_train_smoke_only,True
dingxin_existing_dual_stream,high_physiology_response_classification,minirocket,contiformer,17,leave_one_view_out__fold01,validation,brier_score,0.7266840688403626,lower,available,,30,outer_train_smoke_only,True
dingxin_existing_dual_stream,high_physiology_response_classification,minirocket,contiformer,17,leave_one_view_out__fold01,validation,ece_10_bins,0.36345688967186895,lower,available,,30,outer_train_smoke_only,True
dingxin_existing_dual_stream,high_physiology_response_classification,minirocket,contiformer,17,leave_one_view_out__fold01,validation,high_response_recall,0.2,higher,available,,30,outer_train_smoke_only,True
dingxin_existing_dual_stream,maneuver_intensity_classification,linear,contiformer,17,leave_one_view_out__fold01,held_out,macro_f1,0.8742690058479532,higher,available,,31,outer_train_smoke_only,True
dingxin_existing_dual_stream,maneuver_intensity_classification,linear,contiformer,17,leave_one_view_out__fold01,held_out,balanced_accuracy,0.8696969696969696,higher,available,,31,outer_train_smoke_only,True
dingxin_existing_dual_stream,maneuver_intensity_classification,linear,contiformer,17,leave_one_view_out__fold01,held_out,macro_auprc,0.9289992751356388,higher,available,,31,outer_train_smoke_only,True
dingxin_existing_dual_stream,maneuver_intensity_classification,linear,contiformer,17,leave_one_view_out__fold01,held_out,brier_score,0.2809340234077204,lower,available,,31,outer_train_smoke_only,True
dingxin_existing_dual_stream,maneuver_intensity_classification,linear,contiformer,17,leave_one_view_out__fold01,held_out,ece_10_bins,0.20857322920415347,lower,available,,31,outer_train_smoke_only,True
dingxin_existing_dual_stream,physiology_response_regression,linear,contiformer,17,leave_one_view_out__fold01,held_out,mae,0.2823344737291336,lower,available,,30,outer_train_smoke_only,True
dingxin_existing_dual_stream,physiology_response_regression,linear,contiformer,17,leave_one_view_out__fold01,held_out,rmse,0.3730991237917832,lower,available,,30,outer_train_smoke_only,True
dingxin_existing_dual_stream,physiology_response_regression,linear,contiformer,17,leave_one_view_out__fold01,held_out,spearman,0.49321468298109006,higher,available,,30,outer_train_smoke_only,True
dingxin_existing_dual_stream,high_physiology_response_classification,linear,contiformer,17,leave_one_view_out__fold01,held_out,macro_f1,0.6296296296296297,higher,available,,30,outer_train_smoke_only,True
dingxin_existing_dual_stream,high_physiology_response_classification,linear,contiformer,17,leave_one_view_out__fold01,held_out,balanced_accuracy,0.6,higher,available,,30,outer_train_smoke_only,True
dingxin_existing_dual_stream,high_physiology_response_classification,linear,contiformer,17,leave_one_view_out__fold01,held_out,macro_auprc,0.8146130839342235,higher,available,,30,outer_train_smoke_only,True
dingxin_existing_dual_stream,high_physiology_response_classification,linear,contiformer,17,leave_one_view_out__fold01,held_out,brier_score,0.18965759220761017,lower,available,,30,outer_train_smoke_only,True
dingxin_existing_dual_stream,high_physiology_response_classification,linear,contiformer,17,leave_one_view_out__fold01,held_out,ece_10_bins,0.11287945656319323,lower,available,,30,outer_train_smoke_only,True
dingxin_existing_dual_stream,high_physiology_response_classification,linear,contiformer,17,leave_one_view_out__fold01,held_out,high_response_recall,0.2,higher,available,,30,outer_train_smoke_only,True
dingxin_existing_dual_stream,maneuver_intensity_classification,minirocket,contiformer,17,leave_one_view_out__fold01,held_out,macro_f1,1.0,higher,available,,31,outer_train_smoke_only,True
dingxin_existing_dual_stream,maneuver_intensity_classification,minirocket,contiformer,17,leave_one_view_out__fold01,held_out,balanced_accuracy,1.0,higher,available,,31,outer_train_smoke_only,True
dingxin_existing_dual_stream,maneuver_intensity_classification,minirocket,contiformer,17,leave_one_view_out__fold01,held_out,macro_auprc,1.0,higher,available,,31,outer_train_smoke_only,True
dingxin_existing_dual_stream,maneuver_intensity_classification,minirocket,contiformer,17,leave_one_view_out__fold01,held_out,brier_score,1.4024533587534126e-06,lower,available,,31,outer_train_smoke_only,True
dingxin_existing_dual_stream,maneuver_intensity_classification,minirocket,contiformer,17,leave_one_view_out__fold01,held_out,ece_10_bins,0.0008082534970985655,lower,available,,31,outer_train_smoke_only,True
dingxin_existing_dual_stream,physiology_response_regression,minirocket,contiformer,17,leave_one_view_out__fold01,held_out,mae,9.734829266865863e-05,lower,available,,30,outer_train_smoke_only,True
dingxin_existing_dual_stream,physiology_response_regression,minirocket,contiformer,17,leave_one_view_out__fold01,held_out,rmse,0.0001354123821011972,lower,available,,30,outer_train_smoke_only,True
dingxin_existing_dual_stream,physiology_response_regression,minirocket,contiformer,17,leave_one_view_out__fold01,held_out,spearman,1.0,higher,available,,30,outer_train_smoke_only,True
dingxin_existing_dual_stream,high_physiology_response_classification,minirocket,contiformer,17,leave_one_view_out__fold01,held_out,macro_f1,1.0,higher,available,,30,outer_train_smoke_only,True
dingxin_existing_dual_stream,high_physiology_response_classification,minirocket,contiformer,17,leave_one_view_out__fold01,held_out,balanced_accuracy,1.0,higher,available,,30,outer_train_smoke_only,True
dingxin_existing_dual_stream,high_physiology_response_classification,minirocket,contiformer,17,leave_one_view_out__fold01,held_out,macro_auprc,1.0,higher,available,,30,outer_train_smoke_only,True
dingxin_existing_dual_stream,high_physiology_response_classification,minirocket,contiformer,17,leave_one_view_out__fold01,held_out,brier_score,1.855301980882846e-06,lower,available,,30,outer_train_smoke_only,True
dingxin_existing_dual_stream,high_physiology_response_classification,minirocket,contiformer,17,leave_one_view_out__fold01,held_out,ece_10_bins,0.0005643377413921957,lower,available,,30,outer_train_smoke_only,True
dingxin_existing_dual_stream,high_physiology_response_classification,minirocket,contiformer,17,leave_one_view_out__fold01,held_out,high_response_recall,1.0,higher,available,,30,outer_train_smoke_only,True
dingxin_existing_dual_stream,maneuver_intensity_classification,linear,chronaris,17,leave_one_view_out__fold01,validation,macro_f1,0.17460317460317462,higher,available,,31,outer_train_smoke_only,True
dingxin_existing_dual_stream,maneuver_intensity_classification,linear,chronaris,17,leave_one_view_out__fold01,validation,balanced_accuracy,0.3333333333333333,higher,available,,31,outer_train_smoke_only,True
dingxin_existing_dual_stream,maneuver_intensity_classification,linear,chronaris,17,leave_one_view_out__fold01,validation,macro_auprc,0.500437172424351,higher,available,,31,outer_train_smoke_only,True
dingxin_existing_dual_stream,maneuver_intensity_classification,linear,chronaris,17,leave_one_view_out__fold01,validation,brier_score,1.2775690512034479,lower,available,,31,outer_train_smoke_only,True
dingxin_existing_dual_stream,maneuver_intensity_classification,linear,chronaris,17,leave_one_view_out__fold01,validation,ece_10_bins,0.6377084541902153,lower,available,,31,outer_train_smoke_only,True
dingxin_existing_dual_stream,physiology_response_regression,linear,chronaris,17,leave_one_view_out__fold01,validation,mae,2.9150317112604776,lower,available,,30,outer_train_smoke_only,True
dingxin_existing_dual_stream,physiology_response_regression,linear,chronaris,17,leave_one_view_out__fold01,validation,rmse,2.998621157856924,lower,available,,30,outer_train_smoke_only,True
dingxin_existing_dual_stream,physiology_response_regression,linear,chronaris,17,leave_one_view_out__fold01,validation,spearman,0.09766407119021134,higher,available,,30,outer_train_smoke_only,True
dingxin_existing_dual_stream,high_physiology_response_classification,linear,chronaris,17,leave_one_view_out__fold01,validation,macro_f1,0.4,higher,available,,30,outer_train_smoke_only,True
dingxin_existing_dual_stream,high_physiology_response_classification,linear,chronaris,17,leave_one_view_out__fold01,validation,balanced_accuracy,0.5,higher,available,,30,outer_train_smoke_only,True
dingxin_existing_dual_stream,high_physiology_response_classification,linear,chronaris,17,leave_one_view_out__fold01,validation,macro_auprc,0.596849138043074,higher,available,,30,outer_train_smoke_only,True
dingxin_existing_dual_stream,high_physiology_response_classification,linear,chronaris,17,leave_one_view_out__fold01,validation,brier_score,0.6666301563682939,lower,available,,30,outer_train_smoke_only,True
dingxin_existing_dual_stream,high_physiology_response_classification,linear,chronaris,17,leave_one_view_out__fold01,validation,ece_10_bins,0.33331708985052033,lower,available,,30,outer_train_smoke_only,True
dingxin_existing_dual_stream,high_physiology_response_classification,linear,chronaris,17,leave_one_view_out__fold01,validation,high_response_recall,0.0,higher,available,,30,outer_train_smoke_only,True
dingxin_existing_dual_stream,maneuver_intensity_classification,minirocket,chronaris,17,leave_one_view_out__fold01,validation,macro_f1,0.5379928315412186,higher,available,,31,outer_train_smoke_only,True
dingxin_existing_dual_stream,maneuver_intensity_classification,minirocket,chronaris,17,leave_one_view_out__fold01,validation,balanced_accuracy,0.5545454545454546,higher,available,,31,outer_train_smoke_only,True
dingxin_existing_dual_stream,maneuver_intensity_classification,minirocket,chronaris,17,leave_one_view_out__fold01,validation,macro_auprc,0.667501530456076,higher,available,,31,outer_train_smoke_only,True
dingxin_existing_dual_stream,maneuver_intensity_classification,minirocket,chronaris,17,leave_one_view_out__fold01,validation,brier_score,0.6282431088861464,lower,available,,31,outer_train_smoke_only,True
dingxin_existing_dual_stream,maneuver_intensity_classification,minirocket,chronaris,17,leave_one_view_out__fold01,validation,ece_10_bins,0.24790666799183997,lower,available,,31,outer_train_smoke_only,True
dingxin_existing_dual_stream,physiology_response_regression,minirocket,chronaris,17,leave_one_view_out__fold01,validation,mae,0.5231546888748805,lower,available,,30,outer_train_smoke_only,True
dingxin_existing_dual_stream,physiology_response_regression,minirocket,chronaris,17,leave_one_view_out__fold01,validation,rmse,0.7054931646501152,lower,available,,30,outer_train_smoke_only,True
dingxin_existing_dual_stream,physiology_response_regression,minirocket,chronaris,17,leave_one_view_out__fold01,validation,spearman,-0.030923248053392655,higher,available,,30,outer_train_smoke_only,True
dingxin_existing_dual_stream,high_physiology_response_classification,minirocket,chronaris,17,leave_one_view_out__fold01,validation,macro_f1,0.4,higher,available,,30,outer_train_smoke_only,True
dingxin_existing_dual_stream,high_physiology_response_classification,minirocket,chronaris,17,leave_one_view_out__fold01,validation,balanced_accuracy,0.5,higher,available,,30,outer_train_smoke_only,True
dingxin_existing_dual_stream,high_physiology_response_classification,minirocket,chronaris,17,leave_one_view_out__fold01,validation,macro_auprc,0.5502709247727968,higher,available,,30,outer_train_smoke_only,True
dingxin_existing_dual_stream,high_physiology_response_classification,minirocket,chronaris,17,leave_one_view_out__fold01,validation,brier_score,0.5875851110099042,lower,available,,30,outer_train_smoke_only,True
dingxin_existing_dual_stream,high_physiology_response_classification,minirocket,chronaris,17,leave_one_view_out__fold01,validation,ece_10_bins,0.26207988750826733,lower,available,,30,outer_train_smoke_only,True
dingxin_existing_dual_stream,high_physiology_response_classification,minirocket,chronaris,17,leave_one_view_out__fold01,validation,high_response_recall,0.0,higher,available,,30,outer_train_smoke_only,True
dingxin_existing_dual_stream,maneuver_intensity_classification,linear,chronaris,17,leave_one_view_out__fold01,held_out,macro_f1,0.7424242424242425,higher,available,,31,outer_train_smoke_only,True
dingxin_existing_dual_stream,maneuver_intensity_classification,linear,chronaris,17,leave_one_view_out__fold01,held_out,balanced_accuracy,0.7484848484848484,higher,available,,31,outer_train_smoke_only,True
dingxin_existing_dual_stream,maneuver_intensity_classification,linear,chronaris,17,leave_one_view_out__fold01,held_out,macro_auprc,0.8994685379979498,higher,available,,31,outer_train_smoke_only,True
dingxin_existing_dual_stream,maneuver_intensity_classification,linear,chronaris,17,leave_one_view_out__fold01,held_out,brier_score,0.2955259254683989,lower,available,,31,outer_train_smoke_only,True
dingxin_existing_dual_stream,maneuver_intensity_classification,linear,chronaris,17,leave_one_view_out__fold01,held_out,ece_10_bins,0.17554082018750103,lower,available,,31,outer_train_smoke_only,True
dingxin_existing_dual_stream,physiology_response_regression,linear,chronaris,17,leave_one_view_out__fold01,held_out,mae,0.22609980205694835,lower,available,,30,outer_train_smoke_only,True
dingxin_existing_dual_stream,physiology_response_regression,linear,chronaris,17,leave_one_view_out__fold01,held_out,rmse,0.3215866226208093,lower,available,,30,outer_train_smoke_only,True
dingxin_existing_dual_stream,physiology_response_regression,linear,chronaris,17,leave_one_view_out__fold01,held_out,spearman,0.6338153503893215,higher,available,,30,outer_train_smoke_only,True
dingxin_existing_dual_stream,high_physiology_response_classification,linear,chronaris,17,leave_one_view_out__fold01,held_out,macro_f1,0.88,higher,available,,30,outer_train_smoke_only,True
dingxin_existing_dual_stream,high_physiology_response_classification,linear,chronaris,17,leave_one_view_out__fold01,held_out,balanced_accuracy,0.88,higher,available,,30,outer_train_smoke_only,True
dingxin_existing_dual_stream,high_physiology_response_classification,linear,chronaris,17,leave_one_view_out__fold01,held_out,macro_auprc,0.9618518518518518,higher,available,,30,outer_train_smoke_only,True
dingxin_existing_dual_stream,high_physiology_response_classification,linear,chronaris,17,leave_one_view_out__fold01,held_out,brier_score,0.07506224373940054,lower,available,,30,outer_train_smoke_only,True
dingxin_existing_dual_stream,high_physiology_response_classification,linear,chronaris,17,leave_one_view_out__fold01,held_out,ece_10_bins,0.05152712221372005,lower,available,,30,outer_train_smoke_only,True
dingxin_existing_dual_stream,high_physiology_response_classification,linear,chronaris,17,leave_one_view_out__fold01,held_out,high_response_recall,0.8,higher,available,,30,outer_train_smoke_only,True
dingxin_existing_dual_stream,maneuver_intensity_classification,minirocket,chronaris,17,leave_one_view_out__fold01,held_out,macro_f1,1.0,higher,available,,31,outer_train_smoke_only,True
dingxin_existing_dual_stream,maneuver_intensity_classification,minirocket,chronaris,17,leave_one_view_out__fold01,held_out,balanced_accuracy,1.0,higher,available,,31,outer_train_smoke_only,True
dingxin_existing_dual_stream,maneuver_intensity_classification,minirocket,chronaris,17,leave_one_view_out__fold01,held_out,macro_auprc,1.0,higher,available,,31,outer_train_smoke_only,True
dingxin_existing_dual_stream,maneuver_intensity_classification,minirocket,chronaris,17,leave_one_view_out__fold01,held_out,brier_score,3.6221480715288294e-06,lower,available,,31,outer_train_smoke_only,True
dingxin_existing_dual_stream,maneuver_intensity_classification,minirocket,chronaris,17,leave_one_view_out__fold01,held_out,ece_10_bins,0.0012773724133503528,lower,available,,31,outer_train_smoke_only,True
dingxin_existing_dual_stream,physiology_response_regression,minirocket,chronaris,17,leave_one_view_out__fold01,held_out,mae,0.00013094147046406878,lower,available,,30,outer_train_smoke_only,True
dingxin_existing_dual_stream,physiology_response_regression,minirocket,chronaris,17,leave_one_view_out__fold01,held_out,rmse,0.0001808069685682495,lower,available,,30,outer_train_smoke_only,True
dingxin_existing_dual_stream,physiology_response_regression,minirocket,chronaris,17,leave_one_view_out__fold01,held_out,spearman,1.0,higher,available,,30,outer_train_smoke_only,True
dingxin_existing_dual_stream,high_physiology_response_classification,minirocket,chronaris,17,leave_one_view_out__fold01,held_out,macro_f1,1.0,higher,available,,30,outer_train_smoke_only,True
dingxin_existing_dual_stream,high_physiology_response_classification,minirocket,chronaris,17,leave_one_view_out__fold01,held_out,balanced_accuracy,1.0,higher,available,,30,outer_train_smoke_only,True
dingxin_existing_dual_stream,high_physiology_response_classification,minirocket,chronaris,17,leave_one_view_out__fold01,held_out,macro_auprc,1.0,higher,available,,30,outer_train_smoke_only,True
dingxin_existing_dual_stream,high_physiology_response_classification,minirocket,chronaris,17,leave_one_view_out__fold01,held_out,brier_score,2.5790431822247318e-06,lower,available,,30,outer_train_smoke_only,True
dingxin_existing_dual_stream,high_physiology_response_classification,minirocket,chronaris,17,leave_one_view_out__fold01,held_out,ece_10_bins,0.000652369811747211,lower,available,,30,outer_train_smoke_only,True
dingxin_existing_dual_stream,high_physiology_response_classification,minirocket,chronaris,17,leave_one_view_out__fold01,held_out,high_response_recall,1.0,higher,available,,30,outer_train_smoke_only,True
dingxin_existing_dual_stream,maneuver_intensity_classification,linear,physiology_only,17,leave_one_view_out__fold02,validation,macro_f1,0.17460317460317462,higher,available,,31,outer_train_smoke_only,True
dingxin_existing_dual_stream,maneuver_intensity_classification,linear,physiology_only,17,leave_one_view_out__fold02,validation,balanced_accuracy,0.3333333333333333,higher,available,,31,outer_train_smoke_only,True
dingxin_existing_dual_stream,maneuver_intensity_classification,linear,physiology_only,17,leave_one_view_out__fold02,validation,macro_auprc,0.34354953658717907,higher,available,,31,outer_train_smoke_only,True
dingxin_existing_dual_stream,maneuver_intensity_classification,linear,physiology_only,17,leave_one_view_out__fold02,validation,brier_score,1.2899706853510555,lower,available,,31,outer_train_smoke_only,True
dingxin_existing_dual_stream,maneuver_intensity_classification,linear,physiology_only,17,leave_one_view_out__fold02,validation,ece_10_bins,0.6448854155819724,lower,available,,31,outer_train_smoke_only,True
dingxin_existing_dual_stream,physiology_response_regression,linear,physiology_only,17,leave_one_view_out__fold02,validation,mae,0.9267366250356038,lower,available,,30,outer_train_smoke_only,True
dingxin_existing_dual_stream,physiology_response_regression,linear,physiology_only,17,leave_one_view_out__fold02,validation,rmse,1.1098850712116826,lower,available,,30,outer_train_smoke_only,True
dingxin_existing_dual_stream,physiology_response_regression,linear,physiology_only,17,leave_one_view_out__fold02,validation,spearman,0.21557285873192436,higher,available,,30,outer_train_smoke_only,True
dingxin_existing_dual_stream,high_physiology_response_classification,linear,physiology_only,17,leave_one_view_out__fold02,validation,macro_f1,0.4,higher,available,,30,outer_train_smoke_only,True
dingxin_existing_dual_stream,high_physiology_response_classification,linear,physiology_only,17,leave_one_view_out__fold02,validation,balanced_accuracy,0.5,higher,available,,30,outer_train_smoke_only,True
dingxin_existing_dual_stream,high_physiology_response_classification,linear,physiology_only,17,leave_one_view_out__fold02,validation,macro_auprc,0.5761677884949732,higher,available,,30,outer_train_smoke_only,True
dingxin_existing_dual_stream,high_physiology_response_classification,linear,physiology_only,17,leave_one_view_out__fold02,validation,brier_score,0.6666666666590999,lower,available,,30,outer_train_smoke_only,True
dingxin_existing_dual_stream,high_physiology_response_classification,linear,physiology_only,17,leave_one_view_out__fold02,validation,ece_10_bins,0.33333333333021276,lower,available,,30,outer_train_smoke_only,True
dingxin_existing_dual_stream,high_physiology_response_classification,linear,physiology_only,17,leave_one_view_out__fold02,validation,high_response_recall,0.0,higher,available,,30,outer_train_smoke_only,True
dingxin_existing_dual_stream,maneuver_intensity_classification,minirocket,physiology_only,17,leave_one_view_out__fold02,validation,macro_f1,0.16260162601626016,higher,available,,31,outer_train_smoke_only,True
dingxin_existing_dual_stream,maneuver_intensity_classification,minirocket,physiology_only,17,leave_one_view_out__fold02,validation,balanced_accuracy,0.3333333333333333,higher,available,,31,outer_train_smoke_only,True
dingxin_existing_dual_stream,maneuver_intensity_classification,minirocket,physiology_only,17,leave_one_view_out__fold02,validation,macro_auprc,0.4985828154114011,higher,available,,31,outer_train_smoke_only,True
dingxin_existing_dual_stream,maneuver_intensity_classification,minirocket,physiology_only,17,leave_one_view_out__fold02,validation,brier_score,1.354833292907212,lower,available,,31,outer_train_smoke_only,True
dingxin_existing_dual_stream,maneuver_intensity_classification,minirocket,physiology_only,17,leave_one_view_out__fold02,validation,ece_10_bins,0.677416632438657,lower,available,,31,outer_train_smoke_only,True
dingxin_existing_dual_stream,physiology_response_regression,minirocket,physiology_only,17,leave_one_view_out__fold02,validation,mae,0.5191969374815623,lower,available,,30,outer_train_smoke_only,True
dingxin_existing_dual_stream,physiology_response_regression,minirocket,physiology_only,17,leave_one_view_out__fold02,validation,rmse,0.7356385008280569,lower,available,,30,outer_train_smoke_only,True
dingxin_existing_dual_stream,physiology_response_regression,minirocket,physiology_only,17,leave_one_view_out__fold02,validation,spearman,-0.37130144605116794,higher,available,,30,outer_train_smoke_only,True
dingxin_existing_dual_stream,high_physiology_response_classification,minirocket,physiology_only,17,leave_one_view_out__fold02,validation,macro_f1,0.4,higher,available,,30,outer_train_smoke_only,True
dingxin_existing_dual_stream,high_physiology_response_classification,minirocket,physiology_only,17,leave_one_view_out__fold02,validation,balanced_accuracy,0.5,higher,available,,30,outer_train_smoke_only,True
dingxin_existing_dual_stream,high_physiology_response_classification,minirocket,physiology_only,17,leave_one_view_out__fold02,validation,macro_auprc,0.40440415099303584,higher,available,,30,outer_train_smoke_only,True
dingxin_existing_dual_stream,high_physiology_response_classification,minirocket,physiology_only,17,leave_one_view_out__fold02,validation,brier_score,0.6666435498204758,lower,available,,30,outer_train_smoke_only,True
dingxin_existing_dual_stream,high_physiology_response_classification,minirocket,physiology_only,17,leave_one_view_out__fold02,validation,ece_10_bins,0.3333036947368333,lower,available,,30,outer_train_smoke_only,True
dingxin_existing_dual_stream,high_physiology_response_classification,minirocket,physiology_only,17,leave_one_view_out__fold02,validation,high_response_recall,0.0,higher,available,,30,outer_train_smoke_only,True
dingxin_existing_dual_stream,maneuver_intensity_classification,linear,physiology_only,17,leave_one_view_out__fold02,held_out,macro_f1,0.8740740740740741,higher,available,,31,outer_train_smoke_only,True
dingxin_existing_dual_stream,maneuver_intensity_classification,linear,physiology_only,17,leave_one_view_out__fold02,held_out,balanced_accuracy,0.8696969696969697,higher,available,,31,outer_train_smoke_only,True
dingxin_existing_dual_stream,maneuver_intensity_classification,linear,physiology_only,17,leave_one_view_out__fold02,held_out,macro_auprc,0.9355714992078626,higher,available,,31,outer_train_smoke_only,True
dingxin_existing_dual_stream,maneuver_intensity_classification,linear,physiology_only,17,leave_one_view_out__fold02,held_out,brier_score,0.2551872192266721,lower,available,,31,outer_train_smoke_only,True
dingxin_existing_dual_stream,maneuver_intensity_classification,linear,physiology_only,17,leave_one_view_out__fold02,held_out,ece_10_bins,0.20346676667652147,lower,available,,31,outer_train_smoke_only,True
dingxin_existing_dual_stream,physiology_response_regression,linear,physiology_only,17,leave_one_view_out__fold02,held_out,mae,0.2385826696952184,lower,available,,30,outer_train_smoke_only,True
dingxin_existing_dual_stream,physiology_response_regression,linear,physiology_only,17,leave_one_view_out__fold02,held_out,rmse,0.3324272054349952,lower,available,,30,outer_train_smoke_only,True
dingxin_existing_dual_stream,physiology_response_regression,linear,physiology_only,17,leave_one_view_out__fold02,held_out,spearman,0.6462736373748609,higher,available,,30,outer_train_smoke_only,True
dingxin_existing_dual_stream,high_physiology_response_classification,linear,physiology_only,17,leave_one_view_out__fold02,held_out,macro_f1,0.803921568627451,higher,available,,30,outer_train_smoke_only,True
dingxin_existing_dual_stream,high_physiology_response_classification,linear,physiology_only,17,leave_one_view_out__fold02,held_out,balanced_accuracy,0.78,higher,available,,30,outer_train_smoke_only,True
dingxin_existing_dual_stream,high_physiology_response_classification,linear,physiology_only,17,leave_one_view_out__fold02,held_out,macro_auprc,0.9618518518518518,higher,available,,30,outer_train_smoke_only,True
dingxin_existing_dual_stream,high_physiology_response_classification,linear,physiology_only,17,leave_one_view_out__fold02,held_out,brier_score,0.09091795964949605,lower,available,,30,outer_train_smoke_only,True
dingxin_existing_dual_stream,high_physiology_response_classification,linear,physiology_only,17,leave_one_view_out__fold02,held_out,ece_10_bins,0.09517619280592073,lower,available,,30,outer_train_smoke_only,True
dingxin_existing_dual_stream,high_physiology_response_classification,linear,physiology_only,17,leave_one_view_out__fold02,held_out,high_response_recall,0.6,higher,available,,30,outer_train_smoke_only,True
dingxin_existing_dual_stream,maneuver_intensity_classification,minirocket,physiology_only,17,leave_one_view_out__fold02,held_out,macro_f1,1.0,higher,available,,31,outer_train_smoke_only,True
dingxin_existing_dual_stream,maneuver_intensity_classification,minirocket,physiology_only,17,leave_one_view_out__fold02,held_out,balanced_accuracy,1.0,higher,available,,31,outer_train_smoke_only,True
dingxin_existing_dual_stream,maneuver_intensity_classification,minirocket,physiology_only,17,leave_one_view_out__fold02,held_out,macro_auprc,1.0,higher,available,,31,outer_train_smoke_only,True
dingxin_existing_dual_stream,maneuver_intensity_classification,minirocket,physiology_only,17,leave_one_view_out__fold02,held_out,brier_score,3.424842397170586e-06,lower,available,,31,outer_train_smoke_only,True
dingxin_existing_dual_stream,maneuver_intensity_classification,minirocket,physiology_only,17,leave_one_view_out__fold02,held_out,ece_10_bins,0.0012773368550950126,lower,available,,31,outer_train_smoke_only,True
dingxin_existing_dual_stream,physiology_response_regression,minirocket,physiology_only,17,leave_one_view_out__fold02,held_out,mae,0.0001234779755274436,lower,available,,30,outer_train_smoke_only,True
dingxin_existing_dual_stream,physiology_response_regression,minirocket,physiology_only,17,leave_one_view_out__fold02,held_out,rmse,0.00017558537095518163,lower,available,,30,outer_train_smoke_only,True
dingxin_existing_dual_stream,physiology_response_regression,minirocket,physiology_only,17,leave_one_view_out__fold02,held_out,spearman,1.0,higher,available,,30,outer_train_smoke_only,True
dingxin_existing_dual_stream,high_physiology_response_classification,minirocket,physiology_only,17,leave_one_view_out__fold02,held_out,macro_f1,1.0,higher,available,,30,outer_train_smoke_only,True
dingxin_existing_dual_stream,high_physiology_response_classification,minirocket,physiology_only,17,leave_one_view_out__fold02,held_out,balanced_accuracy,1.0,higher,available,,30,outer_train_smoke_only,True
dingxin_existing_dual_stream,high_physiology_response_classification,minirocket,physiology_only,17,leave_one_view_out__fold02,held_out,macro_auprc,1.0,higher,available,,30,outer_train_smoke_only,True
dingxin_existing_dual_stream,high_physiology_response_classification,minirocket,physiology_only,17,leave_one_view_out__fold02,held_out,brier_score,3.5542022572188287e-06,lower,available,,30,outer_train_smoke_only,True
dingxin_existing_dual_stream,high_physiology_response_classification,minirocket,physiology_only,17,leave_one_view_out__fold02,held_out,ece_10_bins,0.0007839739910825427,lower,available,,30,outer_train_smoke_only,True
dingxin_existing_dual_stream,high_physiology_response_classification,minirocket,physiology_only,17,leave_one_view_out__fold02,held_out,high_response_recall,1.0,higher,available,,30,outer_train_smoke_only,True
dingxin_existing_dual_stream,maneuver_intensity_classification,linear,vehicle_only,17,leave_one_view_out__fold02,validation,macro_f1,0.8064836003051106,higher,available,,31,outer_train_smoke_only,True
dingxin_existing_dual_stream,maneuver_intensity_classification,linear,vehicle_only,17,leave_one_view_out__fold02,validation,balanced_accuracy,0.806060606060606,higher,available,,31,outer_train_smoke_only,True
dingxin_existing_dual_stream,maneuver_intensity_classification,linear,vehicle_only,17,leave_one_view_out__fold02,validation,macro_auprc,0.8634287024126598,higher,available,,31,outer_train_smoke_only,True
dingxin_existing_dual_stream,maneuver_intensity_classification,linear,vehicle_only,17,leave_one_view_out__fold02,validation,brier_score,0.361048707930873,lower,available,,31,outer_train_smoke_only,True
dingxin_existing_dual_stream,maneuver_intensity_classification,linear,vehicle_only,17,leave_one_view_out__fold02,validation,ece_10_bins,0.21643078767365087,lower,available,,31,outer_train_smoke_only,True
dingxin_existing_dual_stream,physiology_response_regression,linear,vehicle_only,17,leave_one_view_out__fold02,validation,mae,0.44667051633199056,lower,available,,30,outer_train_smoke_only,True
dingxin_existing_dual_stream,physiology_response_regression,linear,vehicle_only,17,leave_one_view_out__fold02,validation,rmse,0.6459387717880841,lower,available,,30,outer_train_smoke_only,True
dingxin_existing_dual_stream,physiology_response_regression,linear,vehicle_only,17,leave_one_view_out__fold02,validation,spearman,0.3236929922135706,higher,available,,30,outer_train_smoke_only,True
dingxin_existing_dual_stream,high_physiology_response_classification,linear,vehicle_only,17,leave_one_view_out__fold02,validation,macro_f1,0.4,higher,available,,30,outer_train_smoke_only,True
dingxin_existing_dual_stream,high_physiology_response_classification,linear,vehicle_only,17,leave_one_view_out__fold02,validation,balanced_accuracy,0.5,higher,available,,30,outer_train_smoke_only,True
dingxin_existing_dual_stream,high_physiology_response_classification,linear,vehicle_only,17,leave_one_view_out__fold02,validation,macro_auprc,0.5219423925617683,higher,available,,30,outer_train_smoke_only,True
dingxin_existing_dual_stream,high_physiology_response_classification,linear,vehicle_only,17,leave_one_view_out__fold02,validation,brier_score,0.5215729329684825,lower,available,,30,outer_train_smoke_only,True
dingxin_existing_dual_stream,high_physiology_response_classification,linear,vehicle_only,17,leave_one_view_out__fold02,validation,ece_10_bins,0.1798972056036561,lower,available,,30,outer_train_smoke_only,True
dingxin_existing_dual_stream,high_physiology_response_classification,linear,vehicle_only,17,leave_one_view_out__fold02,validation,high_response_recall,0.0,higher,available,,30,outer_train_smoke_only,True
dingxin_existing_dual_stream,maneuver_intensity_classification,minirocket,vehicle_only,17,leave_one_view_out__fold02,validation,macro_f1,1.0,higher,available,,31,outer_train_smoke_only,True
dingxin_existing_dual_stream,maneuver_intensity_classification,minirocket,vehicle_only,17,leave_one_view_out__fold02,validation,balanced_accuracy,1.0,higher,available,,31,outer_train_smoke_only,True
dingxin_existing_dual_stream,maneuver_intensity_classification,minirocket,vehicle_only,17,leave_one_view_out__fold02,validation,macro_auprc,1.0,higher,available,,31,outer_train_smoke_only,True
dingxin_existing_dual_stream,maneuver_intensity_classification,minirocket,vehicle_only,17,leave_one_view_out__fold02,validation,brier_score,1.2581078180233536e-06,lower,available,,31,outer_train_smoke_only,True
dingxin_existing_dual_stream,maneuver_intensity_classification,minirocket,vehicle_only,17,leave_one_view_out__fold02,validation,ece_10_bins,0.0007908004268257773,lower,available,,31,outer_train_smoke_only,True
dingxin_existing_dual_stream,physiology_response_regression,minirocket,vehicle_only,17,leave_one_view_out__fold02,validation,mae,0.5447231809298198,lower,available,,30,outer_train_smoke_only,True
dingxin_existing_dual_stream,physiology_response_regression,minirocket,vehicle_only,17,leave_one_view_out__fold02,validation,rmse,0.7440680427463624,lower,available,,30,outer_train_smoke_only,True
dingxin_existing_dual_stream,physiology_response_regression,minirocket,vehicle_only,17,leave_one_view_out__fold02,validation,spearman,0.28720800889877635,higher,available,,30,outer_train_smoke_only,True
dingxin_existing_dual_stream,high_physiology_response_classification,minirocket,vehicle_only,17,leave_one_view_out__fold02,validation,macro_f1,0.5111111111111111,higher,available,,30,outer_train_smoke_only,True
dingxin_existing_dual_stream,high_physiology_response_classification,minirocket,vehicle_only,17,leave_one_view_out__fold02,validation,balanced_accuracy,0.525,higher,available,,30,outer_train_smoke_only,True
dingxin_existing_dual_stream,high_physiology_response_classification,minirocket,vehicle_only,17,leave_one_view_out__fold02,validation,macro_auprc,0.512279933512933,higher,available,,30,outer_train_smoke_only,True
dingxin_existing_dual_stream,high_physiology_response_classification,minirocket,vehicle_only,17,leave_one_view_out__fold02,validation,brier_score,0.7325153251541795,lower,available,,30,outer_train_smoke_only,True
dingxin_existing_dual_stream,high_physiology_response_classification,minirocket,vehicle_only,17,leave_one_view_out__fold02,validation,ece_10_bins,0.36607190513897214,lower,available,,30,outer_train_smoke_only,True
dingxin_existing_dual_stream,high_physiology_response_classification,minirocket,vehicle_only,17,leave_one_view_out__fold02,validation,high_response_recall,0.2,higher,available,,30,outer_train_smoke_only,True
dingxin_existing_dual_stream,maneuver_intensity_classification,linear,vehicle_only,17,leave_one_view_out__fold02,held_out,macro_f1,0.8064836003051106,higher,available,,31,outer_train_smoke_only,True
dingxin_existing_dual_stream,maneuver_intensity_classification,linear,vehicle_only,17,leave_one_view_out__fold02,held_out,balanced_accuracy,0.806060606060606,higher,available,,31,outer_train_smoke_only,True
dingxin_existing_dual_stream,maneuver_intensity_classification,linear,vehicle_only,17,leave_one_view_out__fold02,held_out,macro_auprc,0.8634287024126598,higher,available,,31,outer_train_smoke_only,True
dingxin_existing_dual_stream,maneuver_intensity_classification,linear,vehicle_only,17,leave_one_view_out__fold02,held_out,brier_score,0.361048707930873,lower,available,,31,outer_train_smoke_only,True
dingxin_existing_dual_stream,maneuver_intensity_classification,linear,vehicle_only,17,leave_one_view_out__fold02,held_out,ece_10_bins,0.21643078767365087,lower,available,,31,outer_train_smoke_only,True
dingxin_existing_dual_stream,physiology_response_regression,linear,vehicle_only,17,leave_one_view_out__fold02,held_out,mae,0.2685258736213048,lower,available,,30,outer_train_smoke_only,True
dingxin_existing_dual_stream,physiology_response_regression,linear,vehicle_only,17,leave_one_view_out__fold02,held_out,rmse,0.3853219315000623,lower,available,,30,outer_train_smoke_only,True
dingxin_existing_dual_stream,physiology_response_regression,linear,vehicle_only,17,leave_one_view_out__fold02,held_out,spearman,0.5323692992213571,higher,available,,30,outer_train_smoke_only,True
dingxin_existing_dual_stream,high_physiology_response_classification,linear,vehicle_only,17,leave_one_view_out__fold02,held_out,macro_f1,0.45454545454545453,higher,available,,30,outer_train_smoke_only,True
dingxin_existing_dual_stream,high_physiology_response_classification,linear,vehicle_only,17,leave_one_view_out__fold02,held_out,balanced_accuracy,0.5,higher,available,,30,outer_train_smoke_only,True
dingxin_existing_dual_stream,high_physiology_response_classification,linear,vehicle_only,17,leave_one_view_out__fold02,held_out,macro_auprc,0.8025552439215113,higher,available,,30,outer_train_smoke_only,True
dingxin_existing_dual_stream,high_physiology_response_classification,linear,vehicle_only,17,leave_one_view_out__fold02,held_out,brier_score,0.22401285207093402,lower,available,,30,outer_train_smoke_only,True
dingxin_existing_dual_stream,high_physiology_response_classification,linear,vehicle_only,17,leave_one_view_out__fold02,held_out,ece_10_bins,0.05917675420642418,lower,available,,30,outer_train_smoke_only,True
dingxin_existing_dual_stream,high_physiology_response_classification,linear,vehicle_only,17,leave_one_view_out__fold02,held_out,high_response_recall,0.0,higher,available,,30,outer_train_smoke_only,True
dingxin_existing_dual_stream,maneuver_intensity_classification,minirocket,vehicle_only,17,leave_one_view_out__fold02,held_out,macro_f1,1.0,higher,available,,31,outer_train_smoke_only,True
dingxin_existing_dual_stream,maneuver_intensity_classification,minirocket,vehicle_only,17,leave_one_view_out__fold02,held_out,balanced_accuracy,1.0,higher,available,,31,outer_train_smoke_only,True
dingxin_existing_dual_stream,maneuver_intensity_classification,minirocket,vehicle_only,17,leave_one_view_out__fold02,held_out,macro_auprc,1.0,higher,available,,31,outer_train_smoke_only,True
dingxin_existing_dual_stream,maneuver_intensity_classification,minirocket,vehicle_only,17,leave_one_view_out__fold02,held_out,brier_score,1.2581078180233536e-06,lower,available,,31,outer_train_smoke_only,True
dingxin_existing_dual_stream,maneuver_intensity_classification,minirocket,vehicle_only,17,leave_one_view_out__fold02,held_out,ece_10_bins,0.0007908004268257773,lower,available,,31,outer_train_smoke_only,True
dingxin_existing_dual_stream,physiology_response_regression,minirocket,vehicle_only,17,leave_one_view_out__fold02,held_out,mae,9.351472059885106e-05,lower,available,,30,outer_train_smoke_only,True
dingxin_existing_dual_stream,physiology_response_regression,minirocket,vehicle_only,17,leave_one_view_out__fold02,held_out,rmse,0.00012918539835247802,lower,available,,30,outer_train_smoke_only,True
dingxin_existing_dual_stream,physiology_response_regression,minirocket,vehicle_only,17,leave_one_view_out__fold02,held_out,spearman,1.0,higher,available,,30,outer_train_smoke_only,True
dingxin_existing_dual_stream,high_physiology_response_classification,minirocket,vehicle_only,17,leave_one_view_out__fold02,held_out,macro_f1,1.0,higher,available,,30,outer_train_smoke_only,True
dingxin_existing_dual_stream,high_physiology_response_classification,minirocket,vehicle_only,17,leave_one_view_out__fold02,held_out,balanced_accuracy,1.0,higher,available,,30,outer_train_smoke_only,True
dingxin_existing_dual_stream,high_physiology_response_classification,minirocket,vehicle_only,17,leave_one_view_out__fold02,held_out,macro_auprc,1.0,higher,available,,30,outer_train_smoke_only,True
dingxin_existing_dual_stream,high_physiology_response_classification,minirocket,vehicle_only,17,leave_one_view_out__fold02,held_out,brier_score,1.7557908313111627e-06,lower,available,,30,outer_train_smoke_only,True
dingxin_existing_dual_stream,high_physiology_response_classification,minirocket,vehicle_only,17,leave_one_view_out__fold02,held_out,ece_10_bins,0.0005947615276945539,lower,available,,30,outer_train_smoke_only,True
dingxin_existing_dual_stream,high_physiology_response_classification,minirocket,vehicle_only,17,leave_one_view_out__fold02,held_out,high_response_recall,1.0,higher,available,,30,outer_train_smoke_only,True
dingxin_existing_dual_stream,maneuver_intensity_classification,linear,naive_time_sync,17,leave_one_view_out__fold02,validation,macro_f1,0.17460317460317462,higher,available,,31,outer_train_smoke_only,True
dingxin_existing_dual_stream,maneuver_intensity_classification,linear,naive_time_sync,17,leave_one_view_out__fold02,validation,balanced_accuracy,0.3333333333333333,higher,available,,31,outer_train_smoke_only,True
dingxin_existing_dual_stream,maneuver_intensity_classification,linear,naive_time_sync,17,leave_one_view_out__fold02,validation,macro_auprc,0.5128382858678557,higher,available,,31,outer_train_smoke_only,True
dingxin_existing_dual_stream,maneuver_intensity_classification,linear,naive_time_sync,17,leave_one_view_out__fold02,validation,brier_score,1.2903225806451613,lower,available,,31,outer_train_smoke_only,True
dingxin_existing_dual_stream,maneuver_intensity_classification,linear,naive_time_sync,17,leave_one_view_out__fold02,validation,ece_10_bins,0.6451612903225806,lower,available,,31,outer_train_smoke_only,True
dingxin_existing_dual_stream,physiology_response_regression,linear,naive_time_sync,17,leave_one_view_out__fold02,validation,mae,21.4431653658549,lower,available,,30,outer_train_smoke_only,True
dingxin_existing_dual_stream,physiology_response_regression,linear,naive_time_sync,17,leave_one_view_out__fold02,validation,rmse,21.54776963389004,lower,available,,30,outer_train_smoke_only,True
dingxin_existing_dual_stream,physiology_response_regression,linear,naive_time_sync,17,leave_one_view_out__fold02,validation,spearman,-0.207119021134594,higher,available,,30,outer_train_smoke_only,True
dingxin_existing_dual_stream,high_physiology_response_classification,linear,naive_time_sync,17,leave_one_view_out__fold02,validation,macro_f1,0.4,higher,available,,30,outer_train_smoke_only,True
dingxin_existing_dual_stream,high_physiology_response_classification,linear,naive_time_sync,17,leave_one_view_out__fold02,validation,balanced_accuracy,0.5,higher,available,,30,outer_train_smoke_only,True
dingxin_existing_dual_stream,high_physiology_response_classification,linear,naive_time_sync,17,leave_one_view_out__fold02,validation,macro_auprc,0.47917195767195764,higher,available,,30,outer_train_smoke_only,True
dingxin_existing_dual_stream,high_physiology_response_classification,linear,naive_time_sync,17,leave_one_view_out__fold02,validation,brier_score,0.6666666666666666,lower,available,,30,outer_train_smoke_only,True
dingxin_existing_dual_stream,high_physiology_response_classification,linear,naive_time_sync,17,leave_one_view_out__fold02,validation,ece_10_bins,0.33333333333333337,lower,available,,30,outer_train_smoke_only,True
dingxin_existing_dual_stream,high_physiology_response_classification,linear,naive_time_sync,17,leave_one_view_out__fold02,validation,high_response_recall,0.0,higher,available,,30,outer_train_smoke_only,True
dingxin_existing_dual_stream,maneuver_intensity_classification,minirocket,naive_time_sync,17,leave_one_view_out__fold02,validation,macro_f1,0.9679633867276888,higher,available,,31,outer_train_smoke_only,True
dingxin_existing_dual_stream,maneuver_intensity_classification,minirocket,naive_time_sync,17,leave_one_view_out__fold02,validation,balanced_accuracy,0.9666666666666667,higher,available,,31,outer_train_smoke_only,True
dingxin_existing_dual_stream,maneuver_intensity_classification,minirocket,naive_time_sync,17,leave_one_view_out__fold02,validation,macro_auprc,1.0,higher,available,,31,outer_train_smoke_only,True
dingxin_existing_dual_stream,maneuver_intensity_classification,minirocket,naive_time_sync,17,leave_one_view_out__fold02,validation,brier_score,0.06703743917091592,lower,available,,31,outer_train_smoke_only,True
dingxin_existing_dual_stream,maneuver_intensity_classification,minirocket,naive_time_sync,17,leave_one_view_out__fold02,validation,ece_10_bins,0.059785736081159245,lower,available,,31,outer_train_smoke_only,True
dingxin_existing_dual_stream,physiology_response_regression,minirocket,naive_time_sync,17,leave_one_view_out__fold02,validation,mae,0.48417336444060005,lower,available,,30,outer_train_smoke_only,True
dingxin_existing_dual_stream,physiology_response_regression,minirocket,naive_time_sync,17,leave_one_view_out__fold02,validation,rmse,0.6694666119357926,lower,available,,30,outer_train_smoke_only,True
dingxin_existing_dual_stream,physiology_response_regression,minirocket,naive_time_sync,17,leave_one_view_out__fold02,validation,spearman,0.2765294771968854,higher,available,,30,outer_train_smoke_only,True
dingxin_existing_dual_stream,high_physiology_response_classification,minirocket,naive_time_sync,17,leave_one_view_out__fold02,validation,macro_f1,0.5111111111111111,higher,available,,30,outer_train_smoke_only,True
dingxin_existing_dual_stream,high_physiology_response_classification,minirocket,naive_time_sync,17,leave_one_view_out__fold02,validation,balanced_accuracy,0.525,higher,available,,30,outer_train_smoke_only,True
dingxin_existing_dual_stream,high_physiology_response_classification,minirocket,naive_time_sync,17,leave_one_view_out__fold02,validation,macro_auprc,0.46181578348454144,higher,available,,30,outer_train_smoke_only,True
dingxin_existing_dual_stream,high_physiology_response_classification,minirocket,naive_time_sync,17,leave_one_view_out__fold02,validation,brier_score,0.7208669841008869,lower,available,,30,outer_train_smoke_only,True
dingxin_existing_dual_stream,high_physiology_response_classification,minirocket,naive_time_sync,17,leave_one_view_out__fold02,validation,ece_10_bins,0.36978694480075425,lower,available,,30,outer_train_smoke_only,True
dingxin_existing_dual_stream,high_physiology_response_classification,minirocket,naive_time_sync,17,leave_one_view_out__fold02,validation,high_response_recall,0.2,higher,available,,30,outer_train_smoke_only,True
dingxin_existing_dual_stream,maneuver_intensity_classification,linear,naive_time_sync,17,leave_one_view_out__fold02,held_out,macro_f1,1.0,higher,available,,31,outer_train_smoke_only,True
dingxin_existing_dual_stream,maneuver_intensity_classification,linear,naive_time_sync,17,leave_one_view_out__fold02,held_out,balanced_accuracy,1.0,higher,available,,31,outer_train_smoke_only,True
dingxin_existing_dual_stream,maneuver_intensity_classification,linear,naive_time_sync,17,leave_one_view_out__fold02,held_out,macro_auprc,1.0,higher,available,,31,outer_train_smoke_only,True
dingxin_existing_dual_stream,maneuver_intensity_classification,linear,naive_time_sync,17,leave_one_view_out__fold02,held_out,brier_score,0.02149443458828654,lower,available,,31,outer_train_smoke_only,True
dingxin_existing_dual_stream,maneuver_intensity_classification,linear,naive_time_sync,17,leave_one_view_out__fold02,held_out,ece_10_bins,0.09553353037989229,lower,available,,31,outer_train_smoke_only,True
dingxin_existing_dual_stream,physiology_response_regression,linear,naive_time_sync,17,leave_one_view_out__fold02,held_out,mae,0.07343298494815827,lower,available,,30,outer_train_smoke_only,True
dingxin_existing_dual_stream,physiology_response_regression,linear,naive_time_sync,17,leave_one_view_out__fold02,held_out,rmse,0.08853282271470965,lower,available,,30,outer_train_smoke_only,True
dingxin_existing_dual_stream,physiology_response_regression,linear,naive_time_sync,17,leave_one_view_out__fold02,held_out,spearman,0.9225806451612902,higher,available,,30,outer_train_smoke_only,True
dingxin_existing_dual_stream,high_physiology_response_classification,linear,naive_time_sync,17,leave_one_view_out__fold02,held_out,macro_f1,1.0,higher,available,,30,outer_train_smoke_only,True
dingxin_existing_dual_stream,high_physiology_response_classification,linear,naive_time_sync,17,leave_one_view_out__fold02,held_out,balanced_accuracy,1.0,higher,available,,30,outer_train_smoke_only,True
dingxin_existing_dual_stream,high_physiology_response_classification,linear,naive_time_sync,17,leave_one_view_out__fold02,held_out,macro_auprc,1.0,higher,available,,30,outer_train_smoke_only,True
dingxin_existing_dual_stream,high_physiology_response_classification,linear,naive_time_sync,17,leave_one_view_out__fold02,held_out,brier_score,0.008152477795347614,lower,available,,30,outer_train_smoke_only,True
dingxin_existing_dual_stream,high_physiology_response_classification,linear,naive_time_sync,17,leave_one_view_out__fold02,held_out,ece_10_bins,0.03892330854731753,lower,available,,30,outer_train_smoke_only,True
dingxin_existing_dual_stream,high_physiology_response_classification,linear,naive_time_sync,17,leave_one_view_out__fold02,held_out,high_response_recall,1.0,higher,available,,30,outer_train_smoke_only,True
dingxin_existing_dual_stream,maneuver_intensity_classification,minirocket,naive_time_sync,17,leave_one_view_out__fold02,held_out,macro_f1,1.0,higher,available,,31,outer_train_smoke_only,True
dingxin_existing_dual_stream,maneuver_intensity_classification,minirocket,naive_time_sync,17,leave_one_view_out__fold02,held_out,balanced_accuracy,1.0,higher,available,,31,outer_train_smoke_only,True
dingxin_existing_dual_stream,maneuver_intensity_classification,minirocket,naive_time_sync,17,leave_one_view_out__fold02,held_out,macro_auprc,1.0,higher,available,,31,outer_train_smoke_only,True
dingxin_existing_dual_stream,maneuver_intensity_classification,minirocket,naive_time_sync,17,leave_one_view_out__fold02,held_out,brier_score,1.4889090877531252e-06,lower,available,,31,outer_train_smoke_only,True
dingxin_existing_dual_stream,maneuver_intensity_classification,minirocket,naive_time_sync,17,leave_one_view_out__fold02,held_out,ece_10_bins,0.0008736128350569361,lower,available,,31,outer_train_smoke_only,True
dingxin_existing_dual_stream,physiology_response_regression,minirocket,naive_time_sync,17,leave_one_view_out__fold02,held_out,mae,7.078250249226704e-05,lower,available,,30,outer_train_smoke_only,True
dingxin_existing_dual_stream,physiology_response_regression,minirocket,naive_time_sync,17,leave_one_view_out__fold02,held_out,rmse,0.0001047121344418115,lower,available,,30,outer_train_smoke_only,True
dingxin_existing_dual_stream,physiology_response_regression,minirocket,naive_time_sync,17,leave_one_view_out__fold02,held_out,spearman,1.0,higher,available,,30,outer_train_smoke_only,True
dingxin_existing_dual_stream,high_physiology_response_classification,minirocket,naive_time_sync,17,leave_one_view_out__fold02,held_out,macro_f1,1.0,higher,available,,30,outer_train_smoke_only,True
dingxin_existing_dual_stream,high_physiology_response_classification,minirocket,naive_time_sync,17,leave_one_view_out__fold02,held_out,balanced_accuracy,1.0,higher,available,,30,outer_train_smoke_only,True
dingxin_existing_dual_stream,high_physiology_response_classification,minirocket,naive_time_sync,17,leave_one_view_out__fold02,held_out,macro_auprc,1.0,higher,available,,30,outer_train_smoke_only,True
dingxin_existing_dual_stream,high_physiology_response_classification,minirocket,naive_time_sync,17,leave_one_view_out__fold02,held_out,brier_score,1.2986760089690268e-06,lower,available,,30,outer_train_smoke_only,True
dingxin_existing_dual_stream,high_physiology_response_classification,minirocket,naive_time_sync,17,leave_one_view_out__fold02,held_out,ece_10_bins,0.0005113401391033667,lower,available,,30,outer_train_smoke_only,True
dingxin_existing_dual_stream,high_physiology_response_classification,minirocket,naive_time_sync,17,leave_one_view_out__fold02,held_out,high_response_recall,1.0,higher,available,,30,outer_train_smoke_only,True
dingxin_existing_dual_stream,maneuver_intensity_classification,linear,mult,17,leave_one_view_out__fold02,validation,macro_f1,0.17460317460317462,higher,available,,31,outer_train_smoke_only,True
dingxin_existing_dual_stream,maneuver_intensity_classification,linear,mult,17,leave_one_view_out__fold02,validation,balanced_accuracy,0.3333333333333333,higher,available,,31,outer_train_smoke_only,True
dingxin_existing_dual_stream,maneuver_intensity_classification,linear,mult,17,leave_one_view_out__fold02,validation,macro_auprc,0.4644559124929429,higher,available,,31,outer_train_smoke_only,True
dingxin_existing_dual_stream,maneuver_intensity_classification,linear,mult,17,leave_one_view_out__fold02,validation,brier_score,1.290322567018131,lower,available,,31,outer_train_smoke_only,True
dingxin_existing_dual_stream,maneuver_intensity_classification,linear,mult,17,leave_one_view_out__fold02,validation,ece_10_bins,0.6451612838713648,lower,available,,31,outer_train_smoke_only,True
dingxin_existing_dual_stream,physiology_response_regression,linear,mult,17,leave_one_view_out__fold02,validation,mae,8.372304232915242,lower,available,,30,outer_train_smoke_only,True
dingxin_existing_dual_stream,physiology_response_regression,linear,mult,17,leave_one_view_out__fold02,validation,rmse,8.406731857743484,lower,available,,30,outer_train_smoke_only,True
dingxin_existing_dual_stream,physiology_response_regression,linear,mult,17,leave_one_view_out__fold02,validation,spearman,0.027808676307007785,higher,available,,30,outer_train_smoke_only,True
dingxin_existing_dual_stream,high_physiology_response_classification,linear,mult,17,leave_one_view_out__fold02,validation,macro_f1,0.4,higher,available,,30,outer_train_smoke_only,True
dingxin_existing_dual_stream,high_physiology_response_classification,linear,mult,17,leave_one_view_out__fold02,validation,balanced_accuracy,0.5,higher,available,,30,outer_train_smoke_only,True
dingxin_existing_dual_stream,high_physiology_response_classification,linear,mult,17,leave_one_view_out__fold02,validation,macro_auprc,0.598100177770974,higher,available,,30,outer_train_smoke_only,True
dingxin_existing_dual_stream,high_physiology_response_classification,linear,mult,17,leave_one_view_out__fold02,validation,brier_score,0.6666649955619104,lower,available,,30,outer_train_smoke_only,True
dingxin_existing_dual_stream,high_physiology_response_classification,linear,mult,17,leave_one_view_out__fold02,validation,ece_10_bins,0.33333237090311285,lower,available,,30,outer_train_smoke_only,True
dingxin_existing_dual_stream,high_physiology_response_classification,linear,mult,17,leave_one_view_out__fold02,validation,high_response_recall,0.0,higher,available,,30,outer_train_smoke_only,True
dingxin_existing_dual_stream,maneuver_intensity_classification,minirocket,mult,17,leave_one_view_out__fold02,validation,macro_f1,0.16260162601626016,higher,available,,31,outer_train_smoke_only,True
dingxin_existing_dual_stream,maneuver_intensity_classification,minirocket,mult,17,leave_one_view_out__fold02,validation,balanced_accuracy,0.3333333333333333,higher,available,,31,outer_train_smoke_only,True
dingxin_existing_dual_stream,maneuver_intensity_classification,minirocket,mult,17,leave_one_view_out__fold02,validation,macro_auprc,0.9123846692028511,higher,available,,31,outer_train_smoke_only,True
dingxin_existing_dual_stream,maneuver_intensity_classification,minirocket,mult,17,leave_one_view_out__fold02,validation,brier_score,1.1464682453506185,lower,available,,31,outer_train_smoke_only,True
dingxin_existing_dual_stream,maneuver_intensity_classification,minirocket,mult,17,leave_one_view_out__fold02,validation,ece_10_bins,0.6125597796394695,lower,available,,31,outer_train_smoke_only,True
dingxin_existing_dual_stream,physiology_response_regression,minirocket,mult,17,leave_one_view_out__fold02,validation,mae,0.450303586324056,lower,available,,30,outer_train_smoke_only,True
dingxin_existing_dual_stream,physiology_response_regression,minirocket,mult,17,leave_one_view_out__fold02,validation,rmse,0.6017655755381034,lower,available,,30,outer_train_smoke_only,True
dingxin_existing_dual_stream,physiology_response_regression,minirocket,mult,17,leave_one_view_out__fold02,validation,spearman,0.2,higher,available,,30,outer_train_smoke_only,True
dingxin_existing_dual_stream,high_physiology_response_classification,minirocket,mult,17,leave_one_view_out__fold02,validation,macro_f1,0.45990180032733224,higher,available,,30,outer_train_smoke_only,True
dingxin_existing_dual_stream,high_physiology_response_classification,minirocket,mult,17,leave_one_view_out__fold02,validation,balanced_accuracy,0.5,higher,available,,30,outer_train_smoke_only,True
dingxin_existing_dual_stream,high_physiology_response_classification,minirocket,mult,17,leave_one_view_out__fold02,validation,macro_auprc,0.47867320013182113,higher,available,,30,outer_train_smoke_only,True
dingxin_existing_dual_stream,high_physiology_response_classification,minirocket,mult,17,leave_one_view_out__fold02,validation,brier_score,0.6538672402472449,lower,available,,30,outer_train_smoke_only,True
dingxin_existing_dual_stream,high_physiology_response_classification,minirocket,mult,17,leave_one_view_out__fold02,validation,ece_10_bins,0.31424786149527434,lower,available,,30,outer_train_smoke_only,True
dingxin_existing_dual_stream,high_physiology_response_classification,minirocket,mult,17,leave_one_view_out__fold02,validation,high_response_recall,0.1,higher,available,,30,outer_train_smoke_only,True
dingxin_existing_dual_stream,maneuver_intensity_classification,linear,mult,17,leave_one_view_out__fold02,held_out,macro_f1,0.8740740740740741,higher,available,,31,outer_train_smoke_only,True
dingxin_existing_dual_stream,maneuver_intensity_classification,linear,mult,17,leave_one_view_out__fold02,held_out,balanced_accuracy,0.8696969696969696,higher,available,,31,outer_train_smoke_only,True
dingxin_existing_dual_stream,maneuver_intensity_classification,linear,mult,17,leave_one_view_out__fold02,held_out,macro_auprc,0.9610138178319997,higher,available,,31,outer_train_smoke_only,True
dingxin_existing_dual_stream,maneuver_intensity_classification,linear,mult,17,leave_one_view_out__fold02,held_out,brier_score,0.22515405661412427,lower,available,,31,outer_train_smoke_only,True
dingxin_existing_dual_stream,maneuver_intensity_classification,linear,mult,17,leave_one_view_out__fold02,held_out,ece_10_bins,0.22637649118844452,lower,available,,31,outer_train_smoke_only,True
dingxin_existing_dual_stream,physiology_response_regression,linear,mult,17,leave_one_view_out__fold02,held_out,mae,0.1873939464489619,lower,available,,30,outer_train_smoke_only,True
dingxin_existing_dual_stream,physiology_response_regression,linear,mult,17,leave_one_view_out__fold02,held_out,rmse,0.2715513233875149,lower,available,,30,outer_train_smoke_only,True
dingxin_existing_dual_stream,physiology_response_regression,linear,mult,17,leave_one_view_out__fold02,held_out,spearman,0.6800889877641824,higher,available,,30,outer_train_smoke_only,True
dingxin_existing_dual_stream,high_physiology_response_classification,linear,mult,17,leave_one_view_out__fold02,held_out,macro_f1,0.9443413729128014,higher,available,,30,outer_train_smoke_only,True
dingxin_existing_dual_stream,high_physiology_response_classification,linear,mult,17,leave_one_view_out__fold02,held_out,balanced_accuracy,0.98,higher,available,,30,outer_train_smoke_only,True
dingxin_existing_dual_stream,high_physiology_response_classification,linear,mult,17,leave_one_view_out__fold02,held_out,macro_auprc,0.9825641025641026,higher,available,,30,outer_train_smoke_only,True
dingxin_existing_dual_stream,high_physiology_response_classification,linear,mult,17,leave_one_view_out__fold02,held_out,brier_score,0.05982344727878119,lower,available,,30,outer_train_smoke_only,True
dingxin_existing_dual_stream,high_physiology_response_classification,linear,mult,17,leave_one_view_out__fold02,held_out,ece_10_bins,0.07242745755066578,lower,available,,30,outer_train_smoke_only,True
dingxin_existing_dual_stream,high_physiology_response_classification,linear,mult,17,leave_one_view_out__fold02,held_out,high_response_recall,1.0,higher,available,,30,outer_train_smoke_only,True
dingxin_existing_dual_stream,maneuver_intensity_classification,minirocket,mult,17,leave_one_view_out__fold02,held_out,macro_f1,1.0,higher,available,,31,outer_train_smoke_only,True
dingxin_existing_dual_stream,maneuver_intensity_classification,minirocket,mult,17,leave_one_view_out__fold02,held_out,balanced_accuracy,1.0,higher,available,,31,outer_train_smoke_only,True
dingxin_existing_dual_stream,maneuver_intensity_classification,minirocket,mult,17,leave_one_view_out__fold02,held_out,macro_auprc,1.0,higher,available,,31,outer_train_smoke_only,True
dingxin_existing_dual_stream,maneuver_intensity_classification,minirocket,mult,17,leave_one_view_out__fold02,held_out,brier_score,1.1729569751993936e-06,lower,available,,31,outer_train_smoke_only,True
dingxin_existing_dual_stream,maneuver_intensity_classification,minirocket,mult,17,leave_one_view_out__fold02,held_out,ece_10_bins,0.0007811524596399444,lower,available,,31,outer_train_smoke_only,True
dingxin_existing_dual_stream,physiology_response_regression,minirocket,mult,17,leave_one_view_out__fold02,held_out,mae,6.16302092870058e-05,lower,available,,30,outer_train_smoke_only,True
dingxin_existing_dual_stream,physiology_response_regression,minirocket,mult,17,leave_one_view_out__fold02,held_out,rmse,8.723119416091915e-05,lower,available,,30,outer_train_smoke_only,True
dingxin_existing_dual_stream,physiology_response_regression,minirocket,mult,17,leave_one_view_out__fold02,held_out,spearman,1.0,higher,available,,30,outer_train_smoke_only,True
dingxin_existing_dual_stream,high_physiology_response_classification,minirocket,mult,17,leave_one_view_out__fold02,held_out,macro_f1,1.0,higher,available,,30,outer_train_smoke_only,True
dingxin_existing_dual_stream,high_physiology_response_classification,minirocket,mult,17,leave_one_view_out__fold02,held_out,balanced_accuracy,1.0,higher,available,,30,outer_train_smoke_only,True
dingxin_existing_dual_stream,high_physiology_response_classification,minirocket,mult,17,leave_one_view_out__fold02,held_out,macro_auprc,1.0,higher,available,,30,outer_train_smoke_only,True
dingxin_existing_dual_stream,high_physiology_response_classification,minirocket,mult,17,leave_one_view_out__fold02,held_out,brier_score,1.1261258708690293e-06,lower,available,,30,outer_train_smoke_only,True
dingxin_existing_dual_stream,high_physiology_response_classification,minirocket,mult,17,leave_one_view_out__fold02,held_out,ece_10_bins,0.0005001554786673301,lower,available,,30,outer_train_smoke_only,True
dingxin_existing_dual_stream,high_physiology_response_classification,minirocket,mult,17,leave_one_view_out__fold02,held_out,high_response_recall,1.0,higher,available,,30,outer_train_smoke_only,True
dingxin_existing_dual_stream,maneuver_intensity_classification,linear,contiformer,17,leave_one_view_out__fold02,validation,macro_f1,0.4871794871794872,higher,available,,31,outer_train_smoke_only,True
dingxin_existing_dual_stream,maneuver_intensity_classification,linear,contiformer,17,leave_one_view_out__fold02,validation,balanced_accuracy,0.5242424242424243,higher,available,,31,outer_train_smoke_only,True
dingxin_existing_dual_stream,maneuver_intensity_classification,linear,contiformer,17,leave_one_view_out__fold02,validation,macro_auprc,0.8904999521175991,higher,available,,31,outer_train_smoke_only,True
dingxin_existing_dual_stream,maneuver_intensity_classification,linear,contiformer,17,leave_one_view_out__fold02,validation,brier_score,0.5768476080806162,lower,available,,31,outer_train_smoke_only,True
dingxin_existing_dual_stream,maneuver_intensity_classification,linear,contiformer,17,leave_one_view_out__fold02,validation,ece_10_bins,0.2170133955988904,lower,available,,31,outer_train_smoke_only,True
dingxin_existing_dual_stream,physiology_response_regression,linear,contiformer,17,leave_one_view_out__fold02,validation,mae,0.6046483417352041,lower,available,,30,outer_train_smoke_only,True
dingxin_existing_dual_stream,physiology_response_regression,linear,contiformer,17,leave_one_view_out__fold02,validation,rmse,0.79076924432258,lower,available,,30,outer_train_smoke_only,True
dingxin_existing_dual_stream,physiology_response_regression,linear,contiformer,17,leave_one_view_out__fold02,validation,spearman,0.15550611790878754,higher,available,,30,outer_train_smoke_only,True
dingxin_existing_dual_stream,high_physiology_response_classification,linear,contiformer,17,leave_one_view_out__fold02,validation,macro_f1,0.4034090909090909,higher,available,,30,outer_train_smoke_only,True
dingxin_existing_dual_stream,high_physiology_response_classification,linear,contiformer,17,leave_one_view_out__fold02,validation,balanced_accuracy,0.425,higher,available,,30,outer_train_smoke_only,True
dingxin_existing_dual_stream,high_physiology_response_classification,linear,contiformer,17,leave_one_view_out__fold02,validation,macro_auprc,0.5168321895400493,higher,available,,30,outer_train_smoke_only,True
dingxin_existing_dual_stream,high_physiology_response_classification,linear,contiformer,17,leave_one_view_out__fold02,validation,brier_score,0.5786990418689126,lower,available,,30,outer_train_smoke_only,True
dingxin_existing_dual_stream,high_physiology_response_classification,linear,contiformer,17,leave_one_view_out__fold02,validation,ece_10_bins,0.2293582777989504,lower,available,,30,outer_train_smoke_only,True
dingxin_existing_dual_stream,high_physiology_response_classification,linear,contiformer,17,leave_one_view_out__fold02,validation,high_response_recall,0.1,higher,available,,30,outer_train_smoke_only,True
dingxin_existing_dual_stream,maneuver_intensity_classification,minirocket,contiformer,17,leave_one_view_out__fold02,validation,macro_f1,1.0,higher,available,,31,outer_train_smoke_only,True
dingxin_existing_dual_stream,maneuver_intensity_classification,minirocket,contiformer,17,leave_one_view_out__fold02,validation,balanced_accuracy,1.0,higher,available,,31,outer_train_smoke_only,True
dingxin_existing_dual_stream,maneuver_intensity_classification,minirocket,contiformer,17,leave_one_view_out__fold02,validation,macro_auprc,1.0,higher,available,,31,outer_train_smoke_only,True
dingxin_existing_dual_stream,maneuver_intensity_classification,minirocket,contiformer,17,leave_one_view_out__fold02,validation,brier_score,0.00016408210564819033,lower,available,,31,outer_train_smoke_only,True
dingxin_existing_dual_stream,maneuver_intensity_classification,minirocket,contiformer,17,leave_one_view_out__fold02,validation,ece_10_bins,0.006062848414897792,lower,available,,31,outer_train_smoke_only,True
dingxin_existing_dual_stream,physiology_response_regression,minirocket,contiformer,17,leave_one_view_out__fold02,validation,mae,0.5151352028052012,lower,available,,30,outer_train_smoke_only,True
dingxin_existing_dual_stream,physiology_response_regression,minirocket,contiformer,17,leave_one_view_out__fold02,validation,rmse,0.7197704237680521,lower,available,,30,outer_train_smoke_only,True
dingxin_existing_dual_stream,physiology_response_regression,minirocket,contiformer,17,leave_one_view_out__fold02,validation,spearman,0.27519466073414905,higher,available,,30,outer_train_smoke_only,True
dingxin_existing_dual_stream,high_physiology_response_classification,minirocket,contiformer,17,leave_one_view_out__fold02,validation,macro_f1,0.5111111111111111,higher,available,,30,outer_train_smoke_only,True
dingxin_existing_dual_stream,high_physiology_response_classification,minirocket,contiformer,17,leave_one_view_out__fold02,validation,balanced_accuracy,0.525,higher,available,,30,outer_train_smoke_only,True
dingxin_existing_dual_stream,high_physiology_response_classification,minirocket,contiformer,17,leave_one_view_out__fold02,validation,macro_auprc,0.504050016387545,higher,available,,30,outer_train_smoke_only,True
dingxin_existing_dual_stream,high_physiology_response_classification,minirocket,contiformer,17,leave_one_view_out__fold02,validation,brier_score,0.7281291736223603,lower,available,,30,outer_train_smoke_only,True
dingxin_existing_dual_stream,high_physiology_response_classification,minirocket,contiformer,17,leave_one_view_out__fold02,validation,ece_10_bins,0.3634104093633651,lower,available,,30,outer_train_smoke_only,True
dingxin_existing_dual_stream,high_physiology_response_classification,minirocket,contiformer,17,leave_one_view_out__fold02,validation,high_response_recall,0.2,higher,available,,30,outer_train_smoke_only,True
dingxin_existing_dual_stream,maneuver_intensity_classification,linear,contiformer,17,leave_one_view_out__fold02,held_out,macro_f1,0.9038901601830663,higher,available,,31,outer_train_smoke_only,True
dingxin_existing_dual_stream,maneuver_intensity_classification,linear,contiformer,17,leave_one_view_out__fold02,held_out,balanced_accuracy,0.903030303030303,higher,available,,31,outer_train_smoke_only,True
dingxin_existing_dual_stream,maneuver_intensity_classification,linear,contiformer,17,leave_one_view_out__fold02,held_out,macro_auprc,0.9401829988193624,higher,available,,31,outer_train_smoke_only,True
dingxin_existing_dual_stream,maneuver_intensity_classification,linear,contiformer,17,leave_one_view_out__fold02,held_out,brier_score,0.25375959506050194,lower,available,,31,outer_train_smoke_only,True
dingxin_existing_dual_stream,maneuver_intensity_classification,linear,contiformer,17,leave_one_view_out__fold02,held_out,ece_10_bins,0.21415963328296736,lower,available,,31,outer_train_smoke_only,True
dingxin_existing_dual_stream,physiology_response_regression,linear,contiformer,17,leave_one_view_out__fold02,held_out,mae,0.27706868648529054,lower,available,,30,outer_train_smoke_only,True
dingxin_existing_dual_stream,physiology_response_regression,linear,contiformer,17,leave_one_view_out__fold02,held_out,rmse,0.3657791884650531,lower,available,,30,outer_train_smoke_only,True
dingxin_existing_dual_stream,physiology_response_regression,linear,contiformer,17,leave_one_view_out__fold02,held_out,spearman,0.5083426028921022,higher,available,,30,outer_train_smoke_only,True
dingxin_existing_dual_stream,high_physiology_response_classification,linear,contiformer,17,leave_one_view_out__fold02,held_out,macro_f1,0.6296296296296297,higher,available,,30,outer_train_smoke_only,True
dingxin_existing_dual_stream,high_physiology_response_classification,linear,contiformer,17,leave_one_view_out__fold02,held_out,balanced_accuracy,0.6,higher,available,,30,outer_train_smoke_only,True
dingxin_existing_dual_stream,high_physiology_response_classification,linear,contiformer,17,leave_one_view_out__fold02,held_out,macro_auprc,0.8422051474262869,higher,available,,30,outer_train_smoke_only,True
dingxin_existing_dual_stream,high_physiology_response_classification,linear,contiformer,17,leave_one_view_out__fold02,held_out,brier_score,0.17869435023155328,lower,available,,30,outer_train_smoke_only,True
dingxin_existing_dual_stream,high_physiology_response_classification,linear,contiformer,17,leave_one_view_out__fold02,held_out,ece_10_bins,0.10537470499069689,lower,available,,30,outer_train_smoke_only,True
dingxin_existing_dual_stream,high_physiology_response_classification,linear,contiformer,17,leave_one_view_out__fold02,held_out,high_response_recall,0.2,higher,available,,30,outer_train_smoke_only,True
dingxin_existing_dual_stream,maneuver_intensity_classification,minirocket,contiformer,17,leave_one_view_out__fold02,held_out,macro_f1,1.0,higher,available,,31,outer_train_smoke_only,True
dingxin_existing_dual_stream,maneuver_intensity_classification,minirocket,contiformer,17,leave_one_view_out__fold02,held_out,balanced_accuracy,1.0,higher,available,,31,outer_train_smoke_only,True
dingxin_existing_dual_stream,maneuver_intensity_classification,minirocket,contiformer,17,leave_one_view_out__fold02,held_out,macro_auprc,1.0,higher,available,,31,outer_train_smoke_only,True
dingxin_existing_dual_stream,maneuver_intensity_classification,minirocket,contiformer,17,leave_one_view_out__fold02,held_out,brier_score,1.2178527076561982e-06,lower,available,,31,outer_train_smoke_only,True
dingxin_existing_dual_stream,maneuver_intensity_classification,minirocket,contiformer,17,leave_one_view_out__fold02,held_out,ece_10_bins,0.0007699475955966761,lower,available,,31,outer_train_smoke_only,True
dingxin_existing_dual_stream,physiology_response_regression,minirocket,contiformer,17,leave_one_view_out__fold02,held_out,mae,9.004970391591205e-05,lower,available,,30,outer_train_smoke_only,True
dingxin_existing_dual_stream,physiology_response_regression,minirocket,contiformer,17,leave_one_view_out__fold02,held_out,rmse,0.00012639663950828623,lower,available,,30,outer_train_smoke_only,True
dingxin_existing_dual_stream,physiology_response_regression,minirocket,contiformer,17,leave_one_view_out__fold02,held_out,spearman,1.0,higher,available,,30,outer_train_smoke_only,True
dingxin_existing_dual_stream,high_physiology_response_classification,minirocket,contiformer,17,leave_one_view_out__fold02,held_out,macro_f1,1.0,higher,available,,30,outer_train_smoke_only,True
dingxin_existing_dual_stream,high_physiology_response_classification,minirocket,contiformer,17,leave_one_view_out__fold02,held_out,balanced_accuracy,1.0,higher,available,,30,outer_train_smoke_only,True
dingxin_existing_dual_stream,high_physiology_response_classification,minirocket,contiformer,17,leave_one_view_out__fold02,held_out,macro_auprc,1.0,higher,available,,30,outer_train_smoke_only,True
dingxin_existing_dual_stream,high_physiology_response_classification,minirocket,contiformer,17,leave_one_view_out__fold02,held_out,brier_score,1.6309952565067981e-06,lower,available,,30,outer_train_smoke_only,True
dingxin_existing_dual_stream,high_physiology_response_classification,minirocket,contiformer,17,leave_one_view_out__fold02,held_out,ece_10_bins,0.0005423392866238386,lower,available,,30,outer_train_smoke_only,True
dingxin_existing_dual_stream,high_physiology_response_classification,minirocket,contiformer,17,leave_one_view_out__fold02,held_out,high_response_recall,1.0,higher,available,,30,outer_train_smoke_only,True
dingxin_existing_dual_stream,maneuver_intensity_classification,linear,chronaris,17,leave_one_view_out__fold02,validation,macro_f1,0.17460317460317462,higher,available,,31,outer_train_smoke_only,True
dingxin_existing_dual_stream,maneuver_intensity_classification,linear,chronaris,17,leave_one_view_out__fold02,validation,balanced_accuracy,0.3333333333333333,higher,available,,31,outer_train_smoke_only,True
dingxin_existing_dual_stream,maneuver_intensity_classification,linear,chronaris,17,leave_one_view_out__fold02,validation,macro_auprc,0.4702483293540851,higher,available,,31,outer_train_smoke_only,True
dingxin_existing_dual_stream,maneuver_intensity_classification,linear,chronaris,17,leave_one_view_out__fold02,validation,brier_score,1.2470937218973115,lower,available,,31,outer_train_smoke_only,True
dingxin_existing_dual_stream,maneuver_intensity_classification,linear,chronaris,17,leave_one_view_out__fold02,validation,ece_10_bins,0.6175892250387999,lower,available,,31,outer_train_smoke_only,True
dingxin_existing_dual_stream,physiology_response_regression,linear,chronaris,17,leave_one_view_out__fold02,validation,mae,4.0280137459437055,lower,available,,30,outer_train_smoke_only,True
dingxin_existing_dual_stream,physiology_response_regression,linear,chronaris,17,leave_one_view_out__fold02,validation,rmse,4.095779889568549,lower,available,,30,outer_train_smoke_only,True
dingxin_existing_dual_stream,physiology_response_regression,linear,chronaris,17,leave_one_view_out__fold02,validation,spearman,-0.13904338153503895,higher,available,,30,outer_train_smoke_only,True
dingxin_existing_dual_stream,high_physiology_response_classification,linear,chronaris,17,leave_one_view_out__fold02,validation,macro_f1,0.4,higher,available,,30,outer_train_smoke_only,True
dingxin_existing_dual_stream,high_physiology_response_classification,linear,chronaris,17,leave_one_view_out__fold02,validation,balanced_accuracy,0.5,higher,available,,30,outer_train_smoke_only,True
dingxin_existing_dual_stream,high_physiology_response_classification,linear,chronaris,17,leave_one_view_out__fold02,validation,macro_auprc,0.5772214618399668,higher,available,,30,outer_train_smoke_only,True
dingxin_existing_dual_stream,high_physiology_response_classification,linear,chronaris,17,leave_one_view_out__fold02,validation,brier_score,0.666664101426654,lower,available,,30,outer_train_smoke_only,True
dingxin_existing_dual_stream,high_physiology_response_classification,linear,chronaris,17,leave_one_view_out__fold02,validation,ece_10_bins,0.33333201569104165,lower,available,,30,outer_train_smoke_only,True
dingxin_existing_dual_stream,high_physiology_response_classification,linear,chronaris,17,leave_one_view_out__fold02,validation,high_response_recall,0.0,higher,available,,30,outer_train_smoke_only,True
dingxin_existing_dual_stream,maneuver_intensity_classification,minirocket,chronaris,17,leave_one_view_out__fold02,validation,macro_f1,0.4274170274170275,higher,available,,31,outer_train_smoke_only,True
dingxin_existing_dual_stream,maneuver_intensity_classification,minirocket,chronaris,17,leave_one_view_out__fold02,validation,balanced_accuracy,0.496969696969697,higher,available,,31,outer_train_smoke_only,True
dingxin_existing_dual_stream,maneuver_intensity_classification,minirocket,chronaris,17,leave_one_view_out__fold02,validation,macro_auprc,0.7230545054074465,higher,available,,31,outer_train_smoke_only,True
dingxin_existing_dual_stream,maneuver_intensity_classification,minirocket,chronaris,17,leave_one_view_out__fold02,validation,brier_score,0.6838050862565256,lower,available,,31,outer_train_smoke_only,True
dingxin_existing_dual_stream,maneuver_intensity_classification,minirocket,chronaris,17,leave_one_view_out__fold02,validation,ece_10_bins,0.3321965435477786,lower,available,,31,outer_train_smoke_only,True
dingxin_existing_dual_stream,physiology_response_regression,minirocket,chronaris,17,leave_one_view_out__fold02,validation,mae,0.5225637137889863,lower,available,,30,outer_train_smoke_only,True
dingxin_existing_dual_stream,physiology_response_regression,minirocket,chronaris,17,leave_one_view_out__fold02,validation,rmse,0.706961333609463,lower,available,,30,outer_train_smoke_only,True
dingxin_existing_dual_stream,physiology_response_regression,minirocket,chronaris,17,leave_one_view_out__fold02,validation,spearman,0.04961067853170189,higher,available,,30,outer_train_smoke_only,True
dingxin_existing_dual_stream,high_physiology_response_classification,minirocket,chronaris,17,leave_one_view_out__fold02,validation,macro_f1,0.4,higher,available,,30,outer_train_smoke_only,True
dingxin_existing_dual_stream,high_physiology_response_classification,minirocket,chronaris,17,leave_one_view_out__fold02,validation,balanced_accuracy,0.5,higher,available,,30,outer_train_smoke_only,True
dingxin_existing_dual_stream,high_physiology_response_classification,minirocket,chronaris,17,leave_one_view_out__fold02,validation,macro_auprc,0.5204081904403912,higher,available,,30,outer_train_smoke_only,True
dingxin_existing_dual_stream,high_physiology_response_classification,minirocket,chronaris,17,leave_one_view_out__fold02,validation,brier_score,0.5887238116242527,lower,available,,30,outer_train_smoke_only,True
dingxin_existing_dual_stream,high_physiology_response_classification,minirocket,chronaris,17,leave_one_view_out__fold02,validation,ece_10_bins,0.2620364745846223,lower,available,,30,outer_train_smoke_only,True
dingxin_existing_dual_stream,high_physiology_response_classification,minirocket,chronaris,17,leave_one_view_out__fold02,validation,high_response_recall,0.0,higher,available,,30,outer_train_smoke_only,True
dingxin_existing_dual_stream,maneuver_intensity_classification,linear,chronaris,17,leave_one_view_out__fold02,held_out,macro_f1,0.8090909090909092,higher,available,,31,outer_train_smoke_only,True
dingxin_existing_dual_stream,maneuver_intensity_classification,linear,chronaris,17,leave_one_view_out__fold02,held_out,balanced_accuracy,0.8090909090909092,higher,available,,31,outer_train_smoke_only,True
dingxin_existing_dual_stream,maneuver_intensity_classification,linear,chronaris,17,leave_one_view_out__fold02,held_out,macro_auprc,0.9139253354092927,higher,available,,31,outer_train_smoke_only,True
dingxin_existing_dual_stream,maneuver_intensity_classification,linear,chronaris,17,leave_one_view_out__fold02,held_out,brier_score,0.2814777223878926,lower,available,,31,outer_train_smoke_only,True
dingxin_existing_dual_stream,maneuver_intensity_classification,linear,chronaris,17,leave_one_view_out__fold02,held_out,ece_10_bins,0.20082204140460871,lower,available,,31,outer_train_smoke_only,True
dingxin_existing_dual_stream,physiology_response_regression,linear,chronaris,17,leave_one_view_out__fold02,held_out,mae,0.21784135401248933,lower,available,,30,outer_train_smoke_only,True
dingxin_existing_dual_stream,physiology_response_regression,linear,chronaris,17,leave_one_view_out__fold02,held_out,rmse,0.3147165796202623,lower,available,,30,outer_train_smoke_only,True
dingxin_existing_dual_stream,physiology_response_regression,linear,chronaris,17,leave_one_view_out__fold02,held_out,spearman,0.6476084538375974,higher,available,,30,outer_train_smoke_only,True
dingxin_existing_dual_stream,high_physiology_response_classification,linear,chronaris,17,leave_one_view_out__fold02,held_out,macro_f1,0.88,higher,available,,30,outer_train_smoke_only,True
dingxin_existing_dual_stream,high_physiology_response_classification,linear,chronaris,17,leave_one_view_out__fold02,held_out,balanced_accuracy,0.88,higher,available,,30,outer_train_smoke_only,True
dingxin_existing_dual_stream,high_physiology_response_classification,linear,chronaris,17,leave_one_view_out__fold02,held_out,macro_auprc,0.9825641025641026,higher,available,,30,outer_train_smoke_only,True
dingxin_existing_dual_stream,high_physiology_response_classification,linear,chronaris,17,leave_one_view_out__fold02,held_out,brier_score,0.07044441186615513,lower,available,,30,outer_train_smoke_only,True
dingxin_existing_dual_stream,high_physiology_response_classification,linear,chronaris,17,leave_one_view_out__fold02,held_out,ece_10_bins,0.09642710757907613,lower,available,,30,outer_train_smoke_only,True
dingxin_existing_dual_stream,high_physiology_response_classification,linear,chronaris,17,leave_one_view_out__fold02,held_out,high_response_recall,0.8,higher,available,,30,outer_train_smoke_only,True
dingxin_existing_dual_stream,maneuver_intensity_classification,minirocket,chronaris,17,leave_one_view_out__fold02,held_out,macro_f1,1.0,higher,available,,31,outer_train_smoke_only,True
dingxin_existing_dual_stream,maneuver_intensity_classification,minirocket,chronaris,17,leave_one_view_out__fold02,held_out,balanced_accuracy,1.0,higher,available,,31,outer_train_smoke_only,True
dingxin_existing_dual_stream,maneuver_intensity_classification,minirocket,chronaris,17,leave_one_view_out__fold02,held_out,macro_auprc,1.0,higher,available,,31,outer_train_smoke_only,True
dingxin_existing_dual_stream,maneuver_intensity_classification,minirocket,chronaris,17,leave_one_view_out__fold02,held_out,brier_score,3.428456904220857e-06,lower,available,,31,outer_train_smoke_only,True
dingxin_existing_dual_stream,maneuver_intensity_classification,minirocket,chronaris,17,leave_one_view_out__fold02,held_out,ece_10_bins,0.0012482617005077357,lower,available,,31,outer_train_smoke_only,True
dingxin_existing_dual_stream,physiology_response_regression,minirocket,chronaris,17,leave_one_view_out__fold02,held_out,mae,0.00012512604395549057,lower,available,,30,outer_train_smoke_only,True
dingxin_existing_dual_stream,physiology_response_regression,minirocket,chronaris,17,leave_one_view_out__fold02,held_out,rmse,0.0001769110707119785,lower,available,,30,outer_train_smoke_only,True
dingxin_existing_dual_stream,physiology_response_regression,minirocket,chronaris,17,leave_one_view_out__fold02,held_out,spearman,1.0,higher,available,,30,outer_train_smoke_only,True
dingxin_existing_dual_stream,high_physiology_response_classification,minirocket,chronaris,17,leave_one_view_out__fold02,held_out,macro_f1,1.0,higher,available,,30,outer_train_smoke_only,True
dingxin_existing_dual_stream,high_physiology_response_classification,minirocket,chronaris,17,leave_one_view_out__fold02,held_out,balanced_accuracy,1.0,higher,available,,30,outer_train_smoke_only,True
dingxin_existing_dual_stream,high_physiology_response_classification,minirocket,chronaris,17,leave_one_view_out__fold02,held_out,macro_auprc,1.0,higher,available,,30,outer_train_smoke_only,True
dingxin_existing_dual_stream,high_physiology_response_classification,minirocket,chronaris,17,leave_one_view_out__fold02,held_out,brier_score,2.7353216278984924e-06,lower,available,,30,outer_train_smoke_only,True
dingxin_existing_dual_stream,high_physiology_response_classification,minirocket,chronaris,17,leave_one_view_out__fold02,held_out,ece_10_bins,0.0006320113397955129,lower,available,,30,outer_train_smoke_only,True
dingxin_existing_dual_stream,high_physiology_response_classification,minirocket,chronaris,17,leave_one_view_out__fold02,held_out,high_response_recall,1.0,higher,available,,30,outer_train_smoke_only,True
dingxin_existing_dual_stream,maneuver_intensity_classification,linear,physiology_only,17,leave_one_view_out__fold03,validation,macro_f1,0.13333333333333333,higher,available,,14,outer_train_smoke_only,True
dingxin_existing_dual_stream,maneuver_intensity_classification,linear,physiology_only,17,leave_one_view_out__fold03,validation,balanced_accuracy,0.1111111111111111,higher,available,,14,outer_train_smoke_only,True
dingxin_existing_dual_stream,maneuver_intensity_classification,linear,physiology_only,17,leave_one_view_out__fold03,validation,macro_auprc,0.29024771524771525,higher,available,,14,outer_train_smoke_only,True
dingxin_existing_dual_stream,maneuver_intensity_classification,linear,physiology_only,17,leave_one_view_out__fold03,validation,brier_score,1.699144315083616,lower,available,,14,outer_train_smoke_only,True
dingxin_existing_dual_stream,maneuver_intensity_classification,linear,physiology_only,17,leave_one_view_out__fold03,validation,ece_10_bins,0.877536317657188,lower,available,,14,outer_train_smoke_only,True
dingxin_existing_dual_stream,physiology_response_regression,linear,physiology_only,17,leave_one_view_out__fold03,validation,mae,1.4879582673311234,lower,available,,12,outer_train_smoke_only,True
dingxin_existing_dual_stream,physiology_response_regression,linear,physiology_only,17,leave_one_view_out__fold03,validation,rmse,1.656168471552293,lower,available,,12,outer_train_smoke_only,True
dingxin_existing_dual_stream,physiology_response_regression,linear,physiology_only,17,leave_one_view_out__fold03,validation,spearman,0.19964381093725794,higher,available,,12,outer_train_smoke_only,True
dingxin_existing_dual_stream,high_physiology_response_classification,linear,physiology_only,17,leave_one_view_out__fold03,validation,macro_f1,0.3333333333333333,higher,available,,12,outer_train_smoke_only,True
dingxin_existing_dual_stream,high_physiology_response_classification,linear,physiology_only,17,leave_one_view_out__fold03,validation,balanced_accuracy,0.5,higher,available,,12,outer_train_smoke_only,True
dingxin_existing_dual_stream,high_physiology_response_classification,linear,physiology_only,17,leave_one_view_out__fold03,validation,macro_auprc,0.5555555555555556,higher,available,,12,outer_train_smoke_only,True
dingxin_existing_dual_stream,high_physiology_response_classification,linear,physiology_only,17,leave_one_view_out__fold03,validation,brier_score,0.9933055093895934,lower,available,,12,outer_train_smoke_only,True
dingxin_existing_dual_stream,high_physiology_response_classification,linear,physiology_only,17,leave_one_view_out__fold03,validation,ece_10_bins,0.49741291552729006,lower,available,,12,outer_train_smoke_only,True
dingxin_existing_dual_stream,high_physiology_response_classification,linear,physiology_only,17,leave_one_view_out__fold03,validation,high_response_recall,0.0,higher,available,,12,outer_train_smoke_only,True
dingxin_existing_dual_stream,maneuver_intensity_classification,minirocket,physiology_only,17,leave_one_view_out__fold03,validation,macro_f1,0.2222222222222222,higher,available,,14,outer_train_smoke_only,True
dingxin_existing_dual_stream,maneuver_intensity_classification,minirocket,physiology_only,17,leave_one_view_out__fold03,validation,balanced_accuracy,0.27777777777777773,higher,available,,14,outer_train_smoke_only,True
dingxin_existing_dual_stream,maneuver_intensity_classification,minirocket,physiology_only,17,leave_one_view_out__fold03,validation,macro_auprc,0.34408369408369405,higher,available,,14,outer_train_smoke_only,True
dingxin_existing_dual_stream,maneuver_intensity_classification,minirocket,physiology_only,17,leave_one_view_out__fold03,validation,brier_score,1.0740492620785882,lower,available,,14,outer_train_smoke_only,True
dingxin_existing_dual_stream,maneuver_intensity_classification,minirocket,physiology_only,17,leave_one_view_out__fold03,validation,ece_10_bins,0.490924464632589,lower,available,,14,outer_train_smoke_only,True
dingxin_existing_dual_stream,physiology_response_regression,minirocket,physiology_only,17,leave_one_view_out__fold03,validation,mae,0.764940083026886,lower,available,,12,outer_train_smoke_only,True
dingxin_existing_dual_stream,physiology_response_regression,minirocket,physiology_only,17,leave_one_view_out__fold03,validation,rmse,0.9227698919098652,lower,available,,12,outer_train_smoke_only,True
dingxin_existing_dual_stream,physiology_response_regression,minirocket,physiology_only,17,leave_one_view_out__fold03,validation,spearman,-0.028520544419608277,higher,available,,12,outer_train_smoke_only,True
dingxin_existing_dual_stream,high_physiology_response_classification,minirocket,physiology_only,17,leave_one_view_out__fold03,validation,macro_f1,0.3333333333333333,higher,available,,12,outer_train_smoke_only,True
dingxin_existing_dual_stream,high_physiology_response_classification,minirocket,physiology_only,17,leave_one_view_out__fold03,validation,balanced_accuracy,0.5,higher,available,,12,outer_train_smoke_only,True
dingxin_existing_dual_stream,high_physiology_response_classification,minirocket,physiology_only,17,leave_one_view_out__fold03,validation,macro_auprc,0.4517676767676768,higher,available,,12,outer_train_smoke_only,True
dingxin_existing_dual_stream,high_physiology_response_classification,minirocket,physiology_only,17,leave_one_view_out__fold03,validation,brier_score,0.9999671330531829,lower,available,,12,outer_train_smoke_only,True
dingxin_existing_dual_stream,high_physiology_response_classification,minirocket,physiology_only,17,leave_one_view_out__fold03,validation,ece_10_bins,0.49996008362780886,lower,available,,12,outer_train_smoke_only,True
dingxin_existing_dual_stream,high_physiology_response_classification,minirocket,physiology_only,17,leave_one_view_out__fold03,validation,high_response_recall,0.0,higher,available,,12,outer_train_smoke_only,True
dingxin_existing_dual_stream,maneuver_intensity_classification,linear,physiology_only,17,leave_one_view_out__fold03,held_out,macro_f1,0.16260162601626016,higher,available,,31,outer_train_smoke_only,True
dingxin_existing_dual_stream,maneuver_intensity_classification,linear,physiology_only,17,leave_one_view_out__fold03,held_out,balanced_accuracy,0.3333333333333333,higher,available,,31,outer_train_smoke_only,True
dingxin_existing_dual_stream,maneuver_intensity_classification,linear,physiology_only,17,leave_one_view_out__fold03,held_out,macro_auprc,0.4214595165841181,higher,available,,31,outer_train_smoke_only,True
dingxin_existing_dual_stream,maneuver_intensity_classification,linear,physiology_only,17,leave_one_view_out__fold03,held_out,brier_score,1.3548387096774188,lower,available,,31,outer_train_smoke_only,True
dingxin_existing_dual_stream,maneuver_intensity_classification,linear,physiology_only,17,leave_one_view_out__fold03,held_out,ece_10_bins,0.6774193548387095,lower,available,,31,outer_train_smoke_only,True
dingxin_existing_dual_stream,physiology_response_regression,linear,physiology_only,17,leave_one_view_out__fold03,held_out,mae,11.54027061065038,lower,available,,30,outer_train_smoke_only,True
dingxin_existing_dual_stream,physiology_response_regression,linear,physiology_only,17,leave_one_view_out__fold03,held_out,rmse,11.619681896049908,lower,available,,30,outer_train_smoke_only,True
dingxin_existing_dual_stream,physiology_response_regression,linear,physiology_only,17,leave_one_view_out__fold03,held_out,spearman,0.15906562847608455,higher,available,,30,outer_train_smoke_only,True
dingxin_existing_dual_stream,high_physiology_response_classification,linear,physiology_only,17,leave_one_view_out__fold03,held_out,macro_f1,0.3023255813953488,higher,available,,30,outer_train_smoke_only,True
dingxin_existing_dual_stream,high_physiology_response_classification,linear,physiology_only,17,leave_one_view_out__fold03,held_out,balanced_accuracy,0.5,higher,available,,30,outer_train_smoke_only,True
dingxin_existing_dual_stream,high_physiology_response_classification,linear,physiology_only,17,leave_one_view_out__fold03,held_out,macro_auprc,0.5543732973748341,higher,available,,30,outer_train_smoke_only,True
dingxin_existing_dual_stream,high_physiology_response_classification,linear,physiology_only,17,leave_one_view_out__fold03,held_out,brier_score,1.1333292926180591,lower,available,,30,outer_train_smoke_only,True
dingxin_existing_dual_stream,high_physiology_response_classification,linear,physiology_only,17,leave_one_view_out__fold03,held_out,ece_10_bins,0.5666642163443959,lower,available,,30,outer_train_smoke_only,True
dingxin_existing_dual_stream,high_physiology_response_classification,linear,physiology_only,17,leave_one_view_out__fold03,held_out,high_response_recall,1.0,higher,available,,30,outer_train_smoke_only,True
dingxin_existing_dual_stream,maneuver_intensity_classification,minirocket,physiology_only,17,leave_one_view_out__fold03,held_out,macro_f1,0.16260162601626016,higher,available,,31,outer_train_smoke_only,True
dingxin_existing_dual_stream,maneuver_intensity_classification,minirocket,physiology_only,17,leave_one_view_out__fold03,held_out,balanced_accuracy,0.3333333333333333,higher,available,,31,outer_train_smoke_only,True
dingxin_existing_dual_stream,maneuver_intensity_classification,minirocket,physiology_only,17,leave_one_view_out__fold03,held_out,macro_auprc,0.39647092054495925,higher,available,,31,outer_train_smoke_only,True
dingxin_existing_dual_stream,maneuver_intensity_classification,minirocket,physiology_only,17,leave_one_view_out__fold03,held_out,brier_score,1.3546645005776348,lower,available,,31,outer_train_smoke_only,True
dingxin_existing_dual_stream,maneuver_intensity_classification,minirocket,physiology_only,17,leave_one_view_out__fold03,held_out,ece_10_bins,0.6773480336187978,lower,available,,31,outer_train_smoke_only,True
dingxin_existing_dual_stream,physiology_response_regression,minirocket,physiology_only,17,leave_one_view_out__fold03,held_out,mae,1.096531907717387,lower,available,,30,outer_train_smoke_only,True
dingxin_existing_dual_stream,physiology_response_regression,minirocket,physiology_only,17,leave_one_view_out__fold03,held_out,rmse,1.3345926869155138,lower,available,,30,outer_train_smoke_only,True
dingxin_existing_dual_stream,physiology_response_regression,minirocket,physiology_only,17,leave_one_view_out__fold03,held_out,spearman,-0.10611790878754171,higher,available,,30,outer_train_smoke_only,True
dingxin_existing_dual_stream,high_physiology_response_classification,minirocket,physiology_only,17,leave_one_view_out__fold03,held_out,macro_f1,0.3617021276595745,higher,available,,30,outer_train_smoke_only,True
dingxin_existing_dual_stream,high_physiology_response_classification,minirocket,physiology_only,17,leave_one_view_out__fold03,held_out,balanced_accuracy,0.5,higher,available,,30,outer_train_smoke_only,True
dingxin_existing_dual_stream,high_physiology_response_classification,minirocket,physiology_only,17,leave_one_view_out__fold03,held_out,macro_auprc,0.4526274172725261,higher,available,,30,outer_train_smoke_only,True
dingxin_existing_dual_stream,high_physiology_response_classification,minirocket,physiology_only,17,leave_one_view_out__fold03,held_out,brier_score,0.8666662076597995,lower,available,,30,outer_train_smoke_only,True
dingxin_existing_dual_stream,high_physiology_response_classification,minirocket,physiology_only,17,leave_one_view_out__fold03,held_out,ece_10_bins,0.43333307264598286,lower,available,,30,outer_train_smoke_only,True
dingxin_existing_dual_stream,high_physiology_response_classification,minirocket,physiology_only,17,leave_one_view_out__fold03,held_out,high_response_recall,0.0,higher,available,,30,outer_train_smoke_only,True
dingxin_existing_dual_stream,maneuver_intensity_classification,linear,vehicle_only,17,leave_one_view_out__fold03,validation,macro_f1,0.19999999999999998,higher,available,,14,outer_train_smoke_only,True
dingxin_existing_dual_stream,maneuver_intensity_classification,linear,vehicle_only,17,leave_one_view_out__fold03,validation,balanced_accuracy,0.3333333333333333,higher,available,,14,outer_train_smoke_only,True
dingxin_existing_dual_stream,maneuver_intensity_classification,linear,vehicle_only,17,leave_one_view_out__fold03,validation,macro_auprc,0.4503968253968254,higher,available,,14,outer_train_smoke_only,True
dingxin_existing_dual_stream,maneuver_intensity_classification,linear,vehicle_only,17,leave_one_view_out__fold03,validation,brier_score,1.1428569311350725,lower,available,,14,outer_train_smoke_only,True
dingxin_existing_dual_stream,maneuver_intensity_classification,linear,vehicle_only,17,leave_one_view_out__fold03,validation,ece_10_bins,0.5714154898064063,lower,available,,14,outer_train_smoke_only,True
dingxin_existing_dual_stream,physiology_response_regression,linear,vehicle_only,17,leave_one_view_out__fold03,validation,mae,0.7371598233779272,lower,available,,12,outer_train_smoke_only,True
dingxin_existing_dual_stream,physiology_response_regression,linear,vehicle_only,17,leave_one_view_out__fold03,validation,rmse,1.0495516787209993,lower,available,,12,outer_train_smoke_only,True
dingxin_existing_dual_stream,physiology_response_regression,linear,vehicle_only,17,leave_one_view_out__fold03,validation,spearman,0.028520544419608277,higher,available,,12,outer_train_smoke_only,True
dingxin_existing_dual_stream,high_physiology_response_classification,linear,vehicle_only,17,leave_one_view_out__fold03,validation,macro_f1,0.3333333333333333,higher,available,,12,outer_train_smoke_only,True
dingxin_existing_dual_stream,high_physiology_response_classification,linear,vehicle_only,17,leave_one_view_out__fold03,validation,balanced_accuracy,0.3333333333333333,higher,available,,12,outer_train_smoke_only,True
dingxin_existing_dual_stream,high_physiology_response_classification,linear,vehicle_only,17,leave_one_view_out__fold03,validation,macro_auprc,0.6000000000000001,higher,available,,12,outer_train_smoke_only,True
dingxin_existing_dual_stream,high_physiology_response_classification,linear,vehicle_only,17,leave_one_view_out__fold03,validation,brier_score,1.1364908806957554,lower,available,,12,outer_train_smoke_only,True
dingxin_existing_dual_stream,high_physiology_response_classification,linear,vehicle_only,17,leave_one_view_out__fold03,validation,ece_10_bins,0.5950958600507541,lower,available,,12,outer_train_smoke_only,True
dingxin_existing_dual_stream,high_physiology_response_classification,linear,vehicle_only,17,leave_one_view_out__fold03,validation,high_response_recall,0.3333333333333333,higher,available,,12,outer_train_smoke_only,True
dingxin_existing_dual_stream,maneuver_intensity_classification,minirocket,vehicle_only,17,leave_one_view_out__fold03,validation,macro_f1,0.1111111111111111,higher,available,,14,outer_train_smoke_only,True
dingxin_existing_dual_stream,maneuver_intensity_classification,minirocket,vehicle_only,17,leave_one_view_out__fold03,validation,balanced_accuracy,0.1111111111111111,higher,available,,14,outer_train_smoke_only,True
dingxin_existing_dual_stream,maneuver_intensity_classification,minirocket,vehicle_only,17,leave_one_view_out__fold03,validation,macro_auprc,0.373015873015873,higher,available,,14,outer_train_smoke_only,True
dingxin_existing_dual_stream,maneuver_intensity_classification,minirocket,vehicle_only,17,leave_one_view_out__fold03,validation,brier_score,1.3293816013467012,lower,available,,14,outer_train_smoke_only,True
dingxin_existing_dual_stream,maneuver_intensity_classification,minirocket,vehicle_only,17,leave_one_view_out__fold03,validation,ece_10_bins,0.6506776150532747,lower,available,,14,outer_train_smoke_only,True
dingxin_existing_dual_stream,physiology_response_regression,minirocket,vehicle_only,17,leave_one_view_out__fold03,validation,mae,0.6900582909584045,lower,available,,12,outer_train_smoke_only,True
dingxin_existing_dual_stream,physiology_response_regression,minirocket,vehicle_only,17,leave_one_view_out__fold03,validation,rmse,0.9995066382862383,lower,available,,12,outer_train_smoke_only,True
dingxin_existing_dual_stream,physiology_response_regression,minirocket,vehicle_only,17,leave_one_view_out__fold03,validation,spearman,-0.82709578816864,higher,available,,12,outer_train_smoke_only,True
dingxin_existing_dual_stream,high_physiology_response_classification,minirocket,vehicle_only,17,leave_one_view_out__fold03,validation,macro_f1,0.3333333333333333,higher,available,,12,outer_train_smoke_only,True
dingxin_existing_dual_stream,high_physiology_response_classification,minirocket,vehicle_only,17,leave_one_view_out__fold03,validation,balanced_accuracy,0.5,higher,available,,12,outer_train_smoke_only,True
dingxin_existing_dual_stream,high_physiology_response_classification,minirocket,vehicle_only,17,leave_one_view_out__fold03,validation,macro_auprc,0.38333333333333336,higher,available,,12,outer_train_smoke_only,True
dingxin_existing_dual_stream,high_physiology_response_classification,minirocket,vehicle_only,17,leave_one_view_out__fold03,validation,brier_score,0.9997260020069008,lower,available,,12,outer_train_smoke_only,True
dingxin_existing_dual_stream,high_physiology_response_classification,minirocket,vehicle_only,17,leave_one_view_out__fold03,validation,ece_10_bins,0.4985958678159633,lower,available,,12,outer_train_smoke_only,True
dingxin_existing_dual_stream,high_physiology_response_classification,minirocket,vehicle_only,17,leave_one_view_out__fold03,validation,high_response_recall,0.0,higher,available,,12,outer_train_smoke_only,True
dingxin_existing_dual_stream,maneuver_intensity_classification,linear,vehicle_only,17,leave_one_view_out__fold03,held_out,macro_f1,0.7776153346328784,higher,available,,31,outer_train_smoke_only,True
dingxin_existing_dual_stream,maneuver_intensity_classification,linear,vehicle_only,17,leave_one_view_out__fold03,held_out,balanced_accuracy,0.7757575757575758,higher,available,,31,outer_train_smoke_only,True
dingxin_existing_dual_stream,maneuver_intensity_classification,linear,vehicle_only,17,leave_one_view_out__fold03,held_out,macro_auprc,0.6927105322605587,higher,available,,31,outer_train_smoke_only,True
dingxin_existing_dual_stream,maneuver_intensity_classification,linear,vehicle_only,17,leave_one_view_out__fold03,held_out,brier_score,0.48890732756160765,lower,available,,31,outer_train_smoke_only,True
dingxin_existing_dual_stream,maneuver_intensity_classification,linear,vehicle_only,17,leave_one_view_out__fold03,held_out,ece_10_bins,0.30016227921505756,lower,available,,31,outer_train_smoke_only,True
dingxin_existing_dual_stream,physiology_response_regression,linear,vehicle_only,17,leave_one_view_out__fold03,held_out,mae,0.5838629742463429,lower,available,,30,outer_train_smoke_only,True
dingxin_existing_dual_stream,physiology_response_regression,linear,vehicle_only,17,leave_one_view_out__fold03,held_out,rmse,0.8038638385982321,lower,available,,30,outer_train_smoke_only,True
dingxin_existing_dual_stream,physiology_response_regression,linear,vehicle_only,17,leave_one_view_out__fold03,held_out,spearman,0.4126807563959955,higher,available,,30,outer_train_smoke_only,True
dingxin_existing_dual_stream,high_physiology_response_classification,linear,vehicle_only,17,leave_one_view_out__fold03,held_out,macro_f1,0.5485636114911081,higher,available,,30,outer_train_smoke_only,True
dingxin_existing_dual_stream,high_physiology_response_classification,linear,vehicle_only,17,leave_one_view_out__fold03,held_out,balanced_accuracy,0.5859728506787331,higher,available,,30,outer_train_smoke_only,True
dingxin_existing_dual_stream,high_physiology_response_classification,linear,vehicle_only,17,leave_one_view_out__fold03,held_out,macro_auprc,0.7024625918620462,higher,available,,30,outer_train_smoke_only,True
dingxin_existing_dual_stream,high_physiology_response_classification,linear,vehicle_only,17,leave_one_view_out__fold03,held_out,brier_score,0.641785330780048,lower,available,,30,outer_train_smoke_only,True
dingxin_existing_dual_stream,high_physiology_response_classification,linear,vehicle_only,17,leave_one_view_out__fold03,held_out,ece_10_bins,0.32585283141984894,lower,available,,30,outer_train_smoke_only,True
dingxin_existing_dual_stream,high_physiology_response_classification,linear,vehicle_only,17,leave_one_view_out__fold03,held_out,high_response_recall,0.23076923076923078,higher,available,,30,outer_train_smoke_only,True
dingxin_existing_dual_stream,maneuver_intensity_classification,minirocket,vehicle_only,17,leave_one_view_out__fold03,held_out,macro_f1,0.7053140096618358,higher,available,,31,outer_train_smoke_only,True
dingxin_existing_dual_stream,maneuver_intensity_classification,minirocket,vehicle_only,17,leave_one_view_out__fold03,held_out,balanced_accuracy,0.706060606060606,higher,available,,31,outer_train_smoke_only,True
dingxin_existing_dual_stream,maneuver_intensity_classification,minirocket,vehicle_only,17,leave_one_view_out__fold03,held_out,macro_auprc,0.8800331350665576,higher,available,,31,outer_train_smoke_only,True
dingxin_existing_dual_stream,maneuver_intensity_classification,minirocket,vehicle_only,17,leave_one_view_out__fold03,held_out,brier_score,0.4680424496470816,lower,available,,31,outer_train_smoke_only,True
dingxin_existing_dual_stream,maneuver_intensity_classification,minirocket,vehicle_only,17,leave_one_view_out__fold03,held_out,ece_10_bins,0.21287836965942122,lower,available,,31,outer_train_smoke_only,True
dingxin_existing_dual_stream,physiology_response_regression,minirocket,vehicle_only,17,leave_one_view_out__fold03,held_out,mae,0.5269841194152832,lower,available,,30,outer_train_smoke_only,True
dingxin_existing_dual_stream,physiology_response_regression,minirocket,vehicle_only,17,leave_one_view_out__fold03,held_out,rmse,0.7443733484737954,lower,available,,30,outer_train_smoke_only,True
dingxin_existing_dual_stream,physiology_response_regression,minirocket,vehicle_only,17,leave_one_view_out__fold03,held_out,spearman,0.41713014460511677,higher,available,,30,outer_train_smoke_only,True
dingxin_existing_dual_stream,high_physiology_response_classification,minirocket,vehicle_only,17,leave_one_view_out__fold03,held_out,macro_f1,0.5111111111111111,higher,available,,30,outer_train_smoke_only,True
dingxin_existing_dual_stream,high_physiology_response_classification,minirocket,vehicle_only,17,leave_one_view_out__fold03,held_out,balanced_accuracy,0.5769230769230769,higher,available,,30,outer_train_smoke_only,True
dingxin_existing_dual_stream,high_physiology_response_classification,minirocket,vehicle_only,17,leave_one_view_out__fold03,held_out,macro_auprc,0.7581345466693168,higher,available,,30,outer_train_smoke_only,True
dingxin_existing_dual_stream,high_physiology_response_classification,minirocket,vehicle_only,17,leave_one_view_out__fold03,held_out,brier_score,0.7331722723751067,lower,available,,30,outer_train_smoke_only,True
dingxin_existing_dual_stream,high_physiology_response_classification,minirocket,vehicle_only,17,leave_one_view_out__fold03,held_out,ece_10_bins,0.3662892338511752,lower,available,,30,outer_train_smoke_only,True
dingxin_existing_dual_stream,high_physiology_response_classification,minirocket,vehicle_only,17,leave_one_view_out__fold03,held_out,high_response_recall,0.15384615384615385,higher,available,,30,outer_train_smoke_only,True
dingxin_existing_dual_stream,maneuver_intensity_classification,linear,naive_time_sync,17,leave_one_view_out__fold03,validation,macro_f1,0.14814814814814814,higher,available,,14,outer_train_smoke_only,True
dingxin_existing_dual_stream,maneuver_intensity_classification,linear,naive_time_sync,17,leave_one_view_out__fold03,validation,balanced_accuracy,0.3333333333333333,higher,available,,14,outer_train_smoke_only,True
dingxin_existing_dual_stream,maneuver_intensity_classification,linear,naive_time_sync,17,leave_one_view_out__fold03,validation,macro_auprc,0.568040293040293,higher,available,,14,outer_train_smoke_only,True
dingxin_existing_dual_stream,maneuver_intensity_classification,linear,naive_time_sync,17,leave_one_view_out__fold03,validation,brier_score,1.4285696073659369,lower,available,,14,outer_train_smoke_only,True
dingxin_existing_dual_stream,maneuver_intensity_classification,linear,naive_time_sync,17,leave_one_view_out__fold03,validation,ece_10_bins,0.7142849444394053,lower,available,,14,outer_train_smoke_only,True
dingxin_existing_dual_stream,physiology_response_regression,linear,naive_time_sync,17,leave_one_view_out__fold03,validation,mae,2.1729317754507065,lower,available,,12,outer_train_smoke_only,True
dingxin_existing_dual_stream,physiology_response_regression,linear,naive_time_sync,17,leave_one_view_out__fold03,validation,rmse,2.399115096876263,lower,available,,12,outer_train_smoke_only,True
dingxin_existing_dual_stream,physiology_response_regression,linear,naive_time_sync,17,leave_one_view_out__fold03,validation,spearman,0.37142857142857144,higher,available,,12,outer_train_smoke_only,True
dingxin_existing_dual_stream,high_physiology_response_classification,linear,naive_time_sync,17,leave_one_view_out__fold03,validation,macro_f1,0.3333333333333333,higher,available,,12,outer_train_smoke_only,True
dingxin_existing_dual_stream,high_physiology_response_classification,linear,naive_time_sync,17,leave_one_view_out__fold03,validation,balanced_accuracy,0.5,higher,available,,12,outer_train_smoke_only,True
dingxin_existing_dual_stream,high_physiology_response_classification,linear,naive_time_sync,17,leave_one_view_out__fold03,validation,macro_auprc,0.7,higher,available,,12,outer_train_smoke_only,True
dingxin_existing_dual_stream,high_physiology_response_classification,linear,naive_time_sync,17,leave_one_view_out__fold03,validation,brier_score,0.9879596057267562,lower,available,,12,outer_train_smoke_only,True
dingxin_existing_dual_stream,high_physiology_response_classification,linear,naive_time_sync,17,leave_one_view_out__fold03,validation,ece_10_bins,0.4945056120133752,lower,available,,12,outer_train_smoke_only,True
dingxin_existing_dual_stream,high_physiology_response_classification,linear,naive_time_sync,17,leave_one_view_out__fold03,validation,high_response_recall,1.0,higher,available,,12,outer_train_smoke_only,True
dingxin_existing_dual_stream,maneuver_intensity_classification,minirocket,naive_time_sync,17,leave_one_view_out__fold03,validation,macro_f1,0.16666666666666666,higher,available,,14,outer_train_smoke_only,True
dingxin_existing_dual_stream,maneuver_intensity_classification,minirocket,naive_time_sync,17,leave_one_view_out__fold03,validation,balanced_accuracy,0.3333333333333333,higher,available,,14,outer_train_smoke_only,True
dingxin_existing_dual_stream,maneuver_intensity_classification,minirocket,naive_time_sync,17,leave_one_view_out__fold03,validation,macro_auprc,0.38928571428571423,higher,available,,14,outer_train_smoke_only,True
dingxin_existing_dual_stream,maneuver_intensity_classification,minirocket,naive_time_sync,17,leave_one_view_out__fold03,validation,brier_score,1.1152786601463196,lower,available,,14,outer_train_smoke_only,True
dingxin_existing_dual_stream,maneuver_intensity_classification,minirocket,naive_time_sync,17,leave_one_view_out__fold03,validation,ece_10_bins,0.5673012444855583,lower,available,,14,outer_train_smoke_only,True
dingxin_existing_dual_stream,physiology_response_regression,minirocket,naive_time_sync,17,leave_one_view_out__fold03,validation,mae,0.621987963716189,lower,available,,12,outer_train_smoke_only,True
dingxin_existing_dual_stream,physiology_response_regression,minirocket,naive_time_sync,17,leave_one_view_out__fold03,validation,rmse,0.9181460780594681,lower,available,,12,outer_train_smoke_only,True
dingxin_existing_dual_stream,physiology_response_regression,minirocket,naive_time_sync,17,leave_one_view_out__fold03,validation,spearman,-0.2571428571428571,higher,available,,12,outer_train_smoke_only,True
dingxin_existing_dual_stream,high_physiology_response_classification,minirocket,naive_time_sync,17,leave_one_view_out__fold03,validation,macro_f1,0.3333333333333333,higher,available,,12,outer_train_smoke_only,True
dingxin_existing_dual_stream,high_physiology_response_classification,minirocket,naive_time_sync,17,leave_one_view_out__fold03,validation,balanced_accuracy,0.5,higher,available,,12,outer_train_smoke_only,True
dingxin_existing_dual_stream,high_physiology_response_classification,minirocket,naive_time_sync,17,leave_one_view_out__fold03,validation,macro_auprc,0.3744047619047619,higher,available,,12,outer_train_smoke_only,True
dingxin_existing_dual_stream,high_physiology_response_classification,minirocket,naive_time_sync,17,leave_one_view_out__fold03,validation,brier_score,0.997306418425712,lower,available,,12,outer_train_smoke_only,True
dingxin_existing_dual_stream,high_physiology_response_classification,minirocket,naive_time_sync,17,leave_one_view_out__fold03,validation,ece_10_bins,0.4977453598870062,lower,available,,12,outer_train_smoke_only,True
dingxin_existing_dual_stream,high_physiology_response_classification,minirocket,naive_time_sync,17,leave_one_view_out__fold03,validation,high_response_recall,0.0,higher,available,,12,outer_train_smoke_only,True
dingxin_existing_dual_stream,maneuver_intensity_classification,linear,naive_time_sync,17,leave_one_view_out__fold03,held_out,macro_f1,0.16260162601626016,higher,available,,31,outer_train_smoke_only,True
dingxin_existing_dual_stream,maneuver_intensity_classification,linear,naive_time_sync,17,leave_one_view_out__fold03,held_out,balanced_accuracy,0.3333333333333333,higher,available,,31,outer_train_smoke_only,True
dingxin_existing_dual_stream,maneuver_intensity_classification,linear,naive_time_sync,17,leave_one_view_out__fold03,held_out,macro_auprc,0.40852480731691637,higher,available,,31,outer_train_smoke_only,True
dingxin_existing_dual_stream,maneuver_intensity_classification,linear,naive_time_sync,17,leave_one_view_out__fold03,held_out,brier_score,1.3548387096774193,lower,available,,31,outer_train_smoke_only,True
dingxin_existing_dual_stream,maneuver_intensity_classification,linear,naive_time_sync,17,leave_one_view_out__fold03,held_out,ece_10_bins,0.6774193548387097,lower,available,,31,outer_train_smoke_only,True
dingxin_existing_dual_stream,physiology_response_regression,linear,naive_time_sync,17,leave_one_view_out__fold03,held_out,mae,16.41614192724228,lower,available,,30,outer_train_smoke_only,True
dingxin_existing_dual_stream,physiology_response_regression,linear,naive_time_sync,17,leave_one_view_out__fold03,held_out,rmse,16.46786169710941,lower,available,,30,outer_train_smoke_only,True
dingxin_existing_dual_stream,physiology_response_regression,linear,naive_time_sync,17,leave_one_view_out__fold03,held_out,spearman,0.13103448275862067,higher,available,,30,outer_train_smoke_only,True
dingxin_existing_dual_stream,high_physiology_response_classification,linear,naive_time_sync,17,leave_one_view_out__fold03,held_out,macro_f1,0.3617021276595745,higher,available,,30,outer_train_smoke_only,True
dingxin_existing_dual_stream,high_physiology_response_classification,linear,naive_time_sync,17,leave_one_view_out__fold03,held_out,balanced_accuracy,0.5,higher,available,,30,outer_train_smoke_only,True
dingxin_existing_dual_stream,high_physiology_response_classification,linear,naive_time_sync,17,leave_one_view_out__fold03,held_out,macro_auprc,0.585538951191508,higher,available,,30,outer_train_smoke_only,True
dingxin_existing_dual_stream,high_physiology_response_classification,linear,naive_time_sync,17,leave_one_view_out__fold03,held_out,brier_score,0.8666666666647677,lower,available,,30,outer_train_smoke_only,True
dingxin_existing_dual_stream,high_physiology_response_classification,linear,naive_time_sync,17,leave_one_view_out__fold03,held_out,ece_10_bins,0.433333333332794,lower,available,,30,outer_train_smoke_only,True
dingxin_existing_dual_stream,high_physiology_response_classification,linear,naive_time_sync,17,leave_one_view_out__fold03,held_out,high_response_recall,0.0,higher,available,,30,outer_train_smoke_only,True
dingxin_existing_dual_stream,maneuver_intensity_classification,minirocket,naive_time_sync,17,leave_one_view_out__fold03,held_out,macro_f1,0.6623294479081955,higher,available,,31,outer_train_smoke_only,True
dingxin_existing_dual_stream,maneuver_intensity_classification,minirocket,naive_time_sync,17,leave_one_view_out__fold03,held_out,balanced_accuracy,0.6666666666666666,higher,available,,31,outer_train_smoke_only,True
dingxin_existing_dual_stream,maneuver_intensity_classification,minirocket,naive_time_sync,17,leave_one_view_out__fold03,held_out,macro_auprc,0.8686220281136547,higher,available,,31,outer_train_smoke_only,True
dingxin_existing_dual_stream,maneuver_intensity_classification,minirocket,naive_time_sync,17,leave_one_view_out__fold03,held_out,brier_score,0.5513985902710266,lower,available,,31,outer_train_smoke_only,True
dingxin_existing_dual_stream,maneuver_intensity_classification,minirocket,naive_time_sync,17,leave_one_view_out__fold03,held_out,ece_10_bins,0.2616531758460737,lower,available,,31,outer_train_smoke_only,True
dingxin_existing_dual_stream,physiology_response_regression,minirocket,naive_time_sync,17,leave_one_view_out__fold03,held_out,mae,0.5289530982573827,lower,available,,30,outer_train_smoke_only,True
dingxin_existing_dual_stream,physiology_response_regression,minirocket,naive_time_sync,17,leave_one_view_out__fold03,held_out,rmse,0.7218920230361042,lower,available,,30,outer_train_smoke_only,True
dingxin_existing_dual_stream,physiology_response_regression,minirocket,naive_time_sync,17,leave_one_view_out__fold03,held_out,spearman,0.2453837597330367,higher,available,,30,outer_train_smoke_only,True
dingxin_existing_dual_stream,high_physiology_response_classification,minirocket,naive_time_sync,17,leave_one_view_out__fold03,held_out,macro_f1,0.5111111111111111,higher,available,,30,outer_train_smoke_only,True
dingxin_existing_dual_stream,high_physiology_response_classification,minirocket,naive_time_sync,17,leave_one_view_out__fold03,held_out,balanced_accuracy,0.5769230769230769,higher,available,,30,outer_train_smoke_only,True
dingxin_existing_dual_stream,high_physiology_response_classification,minirocket,naive_time_sync,17,leave_one_view_out__fold03,held_out,macro_auprc,0.6845903675986796,higher,available,,30,outer_train_smoke_only,True
dingxin_existing_dual_stream,high_physiology_response_classification,minirocket,naive_time_sync,17,leave_one_view_out__fold03,held_out,brier_score,0.732072442507001,lower,available,,30,outer_train_smoke_only,True
dingxin_existing_dual_stream,high_physiology_response_classification,minirocket,naive_time_sync,17,leave_one_view_out__fold03,held_out,ece_10_bins,0.36160942773886795,lower,available,,30,outer_train_smoke_only,True
dingxin_existing_dual_stream,high_physiology_response_classification,minirocket,naive_time_sync,17,leave_one_view_out__fold03,held_out,high_response_recall,0.15384615384615385,higher,available,,30,outer_train_smoke_only,True
dingxin_existing_dual_stream,maneuver_intensity_classification,linear,mult,17,leave_one_view_out__fold03,validation,macro_f1,0.14814814814814814,higher,available,,14,outer_train_smoke_only,True
dingxin_existing_dual_stream,maneuver_intensity_classification,linear,mult,17,leave_one_view_out__fold03,validation,balanced_accuracy,0.2222222222222222,higher,available,,14,outer_train_smoke_only,True
dingxin_existing_dual_stream,maneuver_intensity_classification,linear,mult,17,leave_one_view_out__fold03,validation,macro_auprc,0.39298941798941794,higher,available,,14,outer_train_smoke_only,True
dingxin_existing_dual_stream,maneuver_intensity_classification,linear,mult,17,leave_one_view_out__fold03,validation,brier_score,1.215619479792733,lower,available,,14,outer_train_smoke_only,True
dingxin_existing_dual_stream,maneuver_intensity_classification,linear,mult,17,leave_one_view_out__fold03,validation,ece_10_bins,0.6435037704371771,lower,available,,14,outer_train_smoke_only,True
dingxin_existing_dual_stream,physiology_response_regression,linear,mult,17,leave_one_view_out__fold03,validation,mae,3.6952345122893653,lower,available,,12,outer_train_smoke_only,True
dingxin_existing_dual_stream,physiology_response_regression,linear,mult,17,leave_one_view_out__fold03,validation,rmse,3.791375650498737,lower,available,,12,outer_train_smoke_only,True
dingxin_existing_dual_stream,physiology_response_regression,linear,mult,17,leave_one_view_out__fold03,validation,spearman,0.48571428571428565,higher,available,,12,outer_train_smoke_only,True
dingxin_existing_dual_stream,high_physiology_response_classification,linear,mult,17,leave_one_view_out__fold03,validation,macro_f1,0.3333333333333333,higher,available,,12,outer_train_smoke_only,True
dingxin_existing_dual_stream,high_physiology_response_classification,linear,mult,17,leave_one_view_out__fold03,validation,balanced_accuracy,0.5,higher,available,,12,outer_train_smoke_only,True
dingxin_existing_dual_stream,high_physiology_response_classification,linear,mult,17,leave_one_view_out__fold03,validation,macro_auprc,0.8361111111111111,higher,available,,12,outer_train_smoke_only,True
dingxin_existing_dual_stream,high_physiology_response_classification,linear,mult,17,leave_one_view_out__fold03,validation,brier_score,0.9999771506650976,lower,available,,12,outer_train_smoke_only,True
dingxin_existing_dual_stream,high_physiology_response_classification,linear,mult,17,leave_one_view_out__fold03,validation,ece_10_bins,0.4999941865837213,lower,available,,12,outer_train_smoke_only,True
dingxin_existing_dual_stream,high_physiology_response_classification,linear,mult,17,leave_one_view_out__fold03,validation,high_response_recall,0.0,higher,available,,12,outer_train_smoke_only,True
dingxin_existing_dual_stream,maneuver_intensity_classification,minirocket,mult,17,leave_one_view_out__fold03,validation,macro_f1,0.14814814814814814,higher,available,,14,outer_train_smoke_only,True
dingxin_existing_dual_stream,maneuver_intensity_classification,minirocket,mult,17,leave_one_view_out__fold03,validation,balanced_accuracy,0.2222222222222222,higher,available,,14,outer_train_smoke_only,True
dingxin_existing_dual_stream,maneuver_intensity_classification,minirocket,mult,17,leave_one_view_out__fold03,validation,macro_auprc,0.37447089947089945,higher,available,,14,outer_train_smoke_only,True
dingxin_existing_dual_stream,maneuver_intensity_classification,minirocket,mult,17,leave_one_view_out__fold03,validation,brier_score,1.1144977099412485,lower,available,,14,outer_train_smoke_only,True
dingxin_existing_dual_stream,maneuver_intensity_classification,minirocket,mult,17,leave_one_view_out__fold03,validation,ece_10_bins,0.6033304846465113,lower,available,,14,outer_train_smoke_only,True
dingxin_existing_dual_stream,physiology_response_regression,minirocket,mult,17,leave_one_view_out__fold03,validation,mae,0.7395204404989878,lower,available,,12,outer_train_smoke_only,True
dingxin_existing_dual_stream,physiology_response_regression,minirocket,mult,17,leave_one_view_out__fold03,validation,rmse,1.0554789171805987,lower,available,,12,outer_train_smoke_only,True
dingxin_existing_dual_stream,physiology_response_regression,minirocket,mult,17,leave_one_view_out__fold03,validation,spearman,0.3707670774549076,higher,available,,12,outer_train_smoke_only,True
dingxin_existing_dual_stream,high_physiology_response_classification,minirocket,mult,17,leave_one_view_out__fold03,validation,macro_f1,0.3333333333333333,higher,available,,12,outer_train_smoke_only,True
dingxin_existing_dual_stream,high_physiology_response_classification,minirocket,mult,17,leave_one_view_out__fold03,validation,balanced_accuracy,0.5,higher,available,,12,outer_train_smoke_only,True
dingxin_existing_dual_stream,high_physiology_response_classification,minirocket,mult,17,leave_one_view_out__fold03,validation,macro_auprc,0.6000000000000001,higher,available,,12,outer_train_smoke_only,True
dingxin_existing_dual_stream,high_physiology_response_classification,minirocket,mult,17,leave_one_view_out__fold03,validation,brier_score,0.999828206922852,lower,available,,12,outer_train_smoke_only,True
dingxin_existing_dual_stream,high_physiology_response_classification,minirocket,mult,17,leave_one_view_out__fold03,validation,ece_10_bins,0.4998949652317387,lower,available,,12,outer_train_smoke_only,True
dingxin_existing_dual_stream,high_physiology_response_classification,minirocket,mult,17,leave_one_view_out__fold03,validation,high_response_recall,0.0,higher,available,,12,outer_train_smoke_only,True
dingxin_existing_dual_stream,maneuver_intensity_classification,linear,mult,17,leave_one_view_out__fold03,held_out,macro_f1,0.3,higher,available,,31,outer_train_smoke_only,True
dingxin_existing_dual_stream,maneuver_intensity_classification,linear,mult,17,leave_one_view_out__fold03,held_out,balanced_accuracy,0.3757575757575758,higher,available,,31,outer_train_smoke_only,True
dingxin_existing_dual_stream,maneuver_intensity_classification,linear,mult,17,leave_one_view_out__fold03,held_out,macro_auprc,0.6180571179715836,higher,available,,31,outer_train_smoke_only,True
dingxin_existing_dual_stream,maneuver_intensity_classification,linear,mult,17,leave_one_view_out__fold03,held_out,brier_score,1.103491922539095,lower,available,,31,outer_train_smoke_only,True
dingxin_existing_dual_stream,maneuver_intensity_classification,linear,mult,17,leave_one_view_out__fold03,held_out,ece_10_bins,0.5510851079397364,lower,available,,31,outer_train_smoke_only,True
dingxin_existing_dual_stream,physiology_response_regression,linear,mult,17,leave_one_view_out__fold03,held_out,mae,0.8717242260773976,lower,available,,30,outer_train_smoke_only,True
dingxin_existing_dual_stream,physiology_response_regression,linear,mult,17,leave_one_view_out__fold03,held_out,rmse,0.9939962941744901,lower,available,,30,outer_train_smoke_only,True
dingxin_existing_dual_stream,physiology_response_regression,linear,mult,17,leave_one_view_out__fold03,held_out,spearman,0.00778642936596218,higher,available,,30,outer_train_smoke_only,True
dingxin_existing_dual_stream,high_physiology_response_classification,linear,mult,17,leave_one_view_out__fold03,held_out,macro_f1,0.3617021276595745,higher,available,,30,outer_train_smoke_only,True
dingxin_existing_dual_stream,high_physiology_response_classification,linear,mult,17,leave_one_view_out__fold03,held_out,balanced_accuracy,0.5,higher,available,,30,outer_train_smoke_only,True
dingxin_existing_dual_stream,high_physiology_response_classification,linear,mult,17,leave_one_view_out__fold03,held_out,macro_auprc,0.5584893141676985,higher,available,,30,outer_train_smoke_only,True
dingxin_existing_dual_stream,high_physiology_response_classification,linear,mult,17,leave_one_view_out__fold03,held_out,brier_score,0.8666666157174977,lower,available,,30,outer_train_smoke_only,True
dingxin_existing_dual_stream,high_physiology_response_classification,linear,mult,17,leave_one_view_out__fold03,held_out,ece_10_bins,0.4333333139867638,lower,available,,30,outer_train_smoke_only,True
dingxin_existing_dual_stream,high_physiology_response_classification,linear,mult,17,leave_one_view_out__fold03,held_out,high_response_recall,0.0,higher,available,,30,outer_train_smoke_only,True
dingxin_existing_dual_stream,maneuver_intensity_classification,minirocket,mult,17,leave_one_view_out__fold03,held_out,macro_f1,0.28618421052631576,higher,available,,31,outer_train_smoke_only,True
dingxin_existing_dual_stream,maneuver_intensity_classification,minirocket,mult,17,leave_one_view_out__fold03,held_out,balanced_accuracy,0.3666666666666667,higher,available,,31,outer_train_smoke_only,True
dingxin_existing_dual_stream,maneuver_intensity_classification,minirocket,mult,17,leave_one_view_out__fold03,held_out,macro_auprc,0.7058420881567624,higher,available,,31,outer_train_smoke_only,True
dingxin_existing_dual_stream,maneuver_intensity_classification,minirocket,mult,17,leave_one_view_out__fold03,held_out,brier_score,0.9861899370459175,lower,available,,31,outer_train_smoke_only,True
dingxin_existing_dual_stream,maneuver_intensity_classification,minirocket,mult,17,leave_one_view_out__fold03,held_out,ece_10_bins,0.5022382753242866,lower,available,,31,outer_train_smoke_only,True
dingxin_existing_dual_stream,physiology_response_regression,minirocket,mult,17,leave_one_view_out__fold03,held_out,mae,0.6111281871795654,lower,available,,30,outer_train_smoke_only,True
dingxin_existing_dual_stream,physiology_response_regression,minirocket,mult,17,leave_one_view_out__fold03,held_out,rmse,0.7081689795488157,lower,available,,30,outer_train_smoke_only,True
dingxin_existing_dual_stream,physiology_response_regression,minirocket,mult,17,leave_one_view_out__fold03,held_out,spearman,0.07808676307007786,higher,available,,30,outer_train_smoke_only,True
dingxin_existing_dual_stream,high_physiology_response_classification,minirocket,mult,17,leave_one_view_out__fold03,held_out,macro_f1,0.5111111111111111,higher,available,,30,outer_train_smoke_only,True
dingxin_existing_dual_stream,high_physiology_response_classification,minirocket,mult,17,leave_one_view_out__fold03,held_out,balanced_accuracy,0.5769230769230769,higher,available,,30,outer_train_smoke_only,True
dingxin_existing_dual_stream,high_physiology_response_classification,minirocket,mult,17,leave_one_view_out__fold03,held_out,macro_auprc,0.5238493421240394,higher,available,,30,outer_train_smoke_only,True
dingxin_existing_dual_stream,high_physiology_response_classification,minirocket,mult,17,leave_one_view_out__fold03,held_out,brier_score,0.7263546236094176,lower,available,,30,outer_train_smoke_only,True
dingxin_existing_dual_stream,high_physiology_response_classification,minirocket,mult,17,leave_one_view_out__fold03,held_out,ece_10_bins,0.37358364777467007,lower,available,,30,outer_train_smoke_only,True
dingxin_existing_dual_stream,high_physiology_response_classification,minirocket,mult,17,leave_one_view_out__fold03,held_out,high_response_recall,0.15384615384615385,higher,available,,30,outer_train_smoke_only,True
dingxin_existing_dual_stream,maneuver_intensity_classification,linear,contiformer,17,leave_one_view_out__fold03,validation,macro_f1,0.14814814814814814,higher,available,,14,outer_train_smoke_only,True
dingxin_existing_dual_stream,maneuver_intensity_classification,linear,contiformer,17,leave_one_view_out__fold03,validation,balanced_accuracy,0.2222222222222222,higher,available,,14,outer_train_smoke_only,True
dingxin_existing_dual_stream,maneuver_intensity_classification,linear,contiformer,17,leave_one_view_out__fold03,validation,macro_auprc,0.40317460317460324,higher,available,,14,outer_train_smoke_only,True
dingxin_existing_dual_stream,maneuver_intensity_classification,linear,contiformer,17,leave_one_view_out__fold03,validation,brier_score,1.2374406807051865,lower,available,,14,outer_train_smoke_only,True
dingxin_existing_dual_stream,maneuver_intensity_classification,linear,contiformer,17,leave_one_view_out__fold03,validation,ece_10_bins,0.6477478235337414,lower,available,,14,outer_train_smoke_only,True
dingxin_existing_dual_stream,physiology_response_regression,linear,contiformer,17,leave_one_view_out__fold03,validation,mae,0.6722037047147751,lower,available,,12,outer_train_smoke_only,True
dingxin_existing_dual_stream,physiology_response_regression,linear,contiformer,17,leave_one_view_out__fold03,validation,rmse,1.052364786947516,lower,available,,12,outer_train_smoke_only,True
dingxin_existing_dual_stream,physiology_response_regression,linear,contiformer,17,leave_one_view_out__fold03,validation,spearman,0.08556163325882483,higher,available,,12,outer_train_smoke_only,True
dingxin_existing_dual_stream,high_physiology_response_classification,linear,contiformer,17,leave_one_view_out__fold03,validation,macro_f1,0.3333333333333333,higher,available,,12,outer_train_smoke_only,True
dingxin_existing_dual_stream,high_physiology_response_classification,linear,contiformer,17,leave_one_view_out__fold03,validation,balanced_accuracy,0.5,higher,available,,12,outer_train_smoke_only,True
dingxin_existing_dual_stream,high_physiology_response_classification,linear,contiformer,17,leave_one_view_out__fold03,validation,macro_auprc,0.49404761904761907,higher,available,,12,outer_train_smoke_only,True
dingxin_existing_dual_stream,high_physiology_response_classification,linear,contiformer,17,leave_one_view_out__fold03,validation,brier_score,0.9709869635974201,lower,available,,12,outer_train_smoke_only,True
dingxin_existing_dual_stream,high_physiology_response_classification,linear,contiformer,17,leave_one_view_out__fold03,validation,ece_10_bins,0.47585249455005896,lower,available,,12,outer_train_smoke_only,True
dingxin_existing_dual_stream,high_physiology_response_classification,linear,contiformer,17,leave_one_view_out__fold03,validation,high_response_recall,0.0,higher,available,,12,outer_train_smoke_only,True
dingxin_existing_dual_stream,maneuver_intensity_classification,minirocket,contiformer,17,leave_one_view_out__fold03,validation,macro_f1,0.09523809523809523,higher,available,,14,outer_train_smoke_only,True
dingxin_existing_dual_stream,maneuver_intensity_classification,minirocket,contiformer,17,leave_one_view_out__fold03,validation,balanced_accuracy,0.1111111111111111,higher,available,,14,outer_train_smoke_only,True
dingxin_existing_dual_stream,maneuver_intensity_classification,minirocket,contiformer,17,leave_one_view_out__fold03,validation,macro_auprc,0.3818783068783069,higher,available,,14,outer_train_smoke_only,True
dingxin_existing_dual_stream,maneuver_intensity_classification,minirocket,contiformer,17,leave_one_view_out__fold03,validation,brier_score,1.2750570242073505,lower,available,,14,outer_train_smoke_only,True
dingxin_existing_dual_stream,maneuver_intensity_classification,minirocket,contiformer,17,leave_one_view_out__fold03,validation,ece_10_bins,0.6168371628886373,lower,available,,14,outer_train_smoke_only,True
dingxin_existing_dual_stream,physiology_response_regression,minirocket,contiformer,17,leave_one_view_out__fold03,validation,mae,0.693256601691246,lower,available,,12,outer_train_smoke_only,True
dingxin_existing_dual_stream,physiology_response_regression,minirocket,contiformer,17,leave_one_view_out__fold03,validation,rmse,1.019283290284665,lower,available,,12,outer_train_smoke_only,True
dingxin_existing_dual_stream,physiology_response_regression,minirocket,contiformer,17,leave_one_view_out__fold03,validation,spearman,-0.5428571428571428,higher,available,,12,outer_train_smoke_only,True
dingxin_existing_dual_stream,high_physiology_response_classification,minirocket,contiformer,17,leave_one_view_out__fold03,validation,macro_f1,0.3333333333333333,higher,available,,12,outer_train_smoke_only,True
dingxin_existing_dual_stream,high_physiology_response_classification,minirocket,contiformer,17,leave_one_view_out__fold03,validation,balanced_accuracy,0.5,higher,available,,12,outer_train_smoke_only,True
dingxin_existing_dual_stream,high_physiology_response_classification,minirocket,contiformer,17,leave_one_view_out__fold03,validation,macro_auprc,0.44166666666666665,higher,available,,12,outer_train_smoke_only,True
dingxin_existing_dual_stream,high_physiology_response_classification,minirocket,contiformer,17,leave_one_view_out__fold03,validation,brier_score,0.9994256589795195,lower,available,,12,outer_train_smoke_only,True
dingxin_existing_dual_stream,high_physiology_response_classification,minirocket,contiformer,17,leave_one_view_out__fold03,validation,ece_10_bins,0.4970575438291305,lower,available,,12,outer_train_smoke_only,True
dingxin_existing_dual_stream,high_physiology_response_classification,minirocket,contiformer,17,leave_one_view_out__fold03,validation,high_response_recall,0.0,higher,available,,12,outer_train_smoke_only,True
dingxin_existing_dual_stream,maneuver_intensity_classification,linear,contiformer,17,leave_one_view_out__fold03,held_out,macro_f1,0.5329153605015674,higher,available,,31,outer_train_smoke_only,True
dingxin_existing_dual_stream,maneuver_intensity_classification,linear,contiformer,17,leave_one_view_out__fold03,held_out,balanced_accuracy,0.609090909090909,higher,available,,31,outer_train_smoke_only,True
dingxin_existing_dual_stream,maneuver_intensity_classification,linear,contiformer,17,leave_one_view_out__fold03,held_out,macro_auprc,0.6717287819627392,higher,available,,31,outer_train_smoke_only,True
dingxin_existing_dual_stream,maneuver_intensity_classification,linear,contiformer,17,leave_one_view_out__fold03,held_out,brier_score,0.7105633863441744,lower,available,,31,outer_train_smoke_only,True
dingxin_existing_dual_stream,maneuver_intensity_classification,linear,contiformer,17,leave_one_view_out__fold03,held_out,ece_10_bins,0.32498482839676224,lower,available,,31,outer_train_smoke_only,True
dingxin_existing_dual_stream,physiology_response_regression,linear,contiformer,17,leave_one_view_out__fold03,held_out,mae,0.9614075660705567,lower,available,,30,outer_train_smoke_only,True
dingxin_existing_dual_stream,physiology_response_regression,linear,contiformer,17,leave_one_view_out__fold03,held_out,rmse,1.1143303474030586,lower,available,,30,outer_train_smoke_only,True
dingxin_existing_dual_stream,physiology_response_regression,linear,contiformer,17,leave_one_view_out__fold03,held_out,spearman,0.2186874304783092,higher,available,,30,outer_train_smoke_only,True
dingxin_existing_dual_stream,high_physiology_response_classification,linear,contiformer,17,leave_one_view_out__fold03,held_out,macro_f1,0.3617021276595745,higher,available,,30,outer_train_smoke_only,True
dingxin_existing_dual_stream,high_physiology_response_classification,linear,contiformer,17,leave_one_view_out__fold03,held_out,balanced_accuracy,0.5,higher,available,,30,outer_train_smoke_only,True
dingxin_existing_dual_stream,high_physiology_response_classification,linear,contiformer,17,leave_one_view_out__fold03,held_out,macro_auprc,0.6751852388106621,higher,available,,30,outer_train_smoke_only,True
dingxin_existing_dual_stream,high_physiology_response_classification,linear,contiformer,17,leave_one_view_out__fold03,held_out,brier_score,0.8250994393144871,lower,available,,30,outer_train_smoke_only,True
dingxin_existing_dual_stream,high_physiology_response_classification,linear,contiformer,17,leave_one_view_out__fold03,held_out,ece_10_bins,0.41852208562245335,lower,available,,30,outer_train_smoke_only,True
dingxin_existing_dual_stream,high_physiology_response_classification,linear,contiformer,17,leave_one_view_out__fold03,held_out,high_response_recall,0.0,higher,available,,30,outer_train_smoke_only,True
dingxin_existing_dual_stream,maneuver_intensity_classification,minirocket,contiformer,17,leave_one_view_out__fold03,held_out,macro_f1,0.6790890269151139,higher,available,,31,outer_train_smoke_only,True
dingxin_existing_dual_stream,maneuver_intensity_classification,minirocket,contiformer,17,leave_one_view_out__fold03,held_out,balanced_accuracy,0.6757575757575758,higher,available,,31,outer_train_smoke_only,True
dingxin_existing_dual_stream,maneuver_intensity_classification,minirocket,contiformer,17,leave_one_view_out__fold03,held_out,macro_auprc,0.8749198986297916,higher,available,,31,outer_train_smoke_only,True
dingxin_existing_dual_stream,maneuver_intensity_classification,minirocket,contiformer,17,leave_one_view_out__fold03,held_out,brier_score,0.4889590901273425,lower,available,,31,outer_train_smoke_only,True
dingxin_existing_dual_stream,maneuver_intensity_classification,minirocket,contiformer,17,leave_one_view_out__fold03,held_out,ece_10_bins,0.244395111780316,lower,available,,31,outer_train_smoke_only,True
dingxin_existing_dual_stream,physiology_response_regression,minirocket,contiformer,17,leave_one_view_out__fold03,held_out,mae,0.5158354252576828,lower,available,,30,outer_train_smoke_only,True
dingxin_existing_dual_stream,physiology_response_regression,minirocket,contiformer,17,leave_one_view_out__fold03,held_out,rmse,0.7389463967185567,lower,available,,30,outer_train_smoke_only,True
dingxin_existing_dual_stream,physiology_response_regression,minirocket,contiformer,17,leave_one_view_out__fold03,held_out,spearman,0.4411568409343715,higher,available,,30,outer_train_smoke_only,True
dingxin_existing_dual_stream,high_physiology_response_classification,minirocket,contiformer,17,leave_one_view_out__fold03,held_out,macro_f1,0.5111111111111111,higher,available,,30,outer_train_smoke_only,True
dingxin_existing_dual_stream,high_physiology_response_classification,minirocket,contiformer,17,leave_one_view_out__fold03,held_out,balanced_accuracy,0.5769230769230769,higher,available,,30,outer_train_smoke_only,True
dingxin_existing_dual_stream,high_physiology_response_classification,minirocket,contiformer,17,leave_one_view_out__fold03,held_out,macro_auprc,0.7032880200567184,higher,available,,30,outer_train_smoke_only,True
dingxin_existing_dual_stream,high_physiology_response_classification,minirocket,contiformer,17,leave_one_view_out__fold03,held_out,brier_score,0.73312972625345,lower,available,,30,outer_train_smoke_only,True
dingxin_existing_dual_stream,high_physiology_response_classification,minirocket,contiformer,17,leave_one_view_out__fold03,held_out,ece_10_bins,0.36539389654025556,lower,available,,30,outer_train_smoke_only,True
dingxin_existing_dual_stream,high_physiology_response_classification,minirocket,contiformer,17,leave_one_view_out__fold03,held_out,high_response_recall,0.15384615384615385,higher,available,,30,outer_train_smoke_only,True
dingxin_existing_dual_stream,maneuver_intensity_classification,linear,chronaris,17,leave_one_view_out__fold03,validation,macro_f1,0.19047619047619047,higher,available,,14,outer_train_smoke_only,True
dingxin_existing_dual_stream,maneuver_intensity_classification,linear,chronaris,17,leave_one_view_out__fold03,validation,balanced_accuracy,0.2222222222222222,higher,available,,14,outer_train_smoke_only,True
dingxin_existing_dual_stream,maneuver_intensity_classification,linear,chronaris,17,leave_one_view_out__fold03,validation,macro_auprc,0.35687830687830685,higher,available,,14,outer_train_smoke_only,True
dingxin_existing_dual_stream,maneuver_intensity_classification,linear,chronaris,17,leave_one_view_out__fold03,validation,brier_score,1.358104278756964,lower,available,,14,outer_train_smoke_only,True
dingxin_existing_dual_stream,maneuver_intensity_classification,linear,chronaris,17,leave_one_view_out__fold03,validation,ece_10_bins,0.6965922146022412,lower,available,,14,outer_train_smoke_only,True
dingxin_existing_dual_stream,physiology_response_regression,linear,chronaris,17,leave_one_view_out__fold03,validation,mae,1.6729073574145634,lower,available,,12,outer_train_smoke_only,True
dingxin_existing_dual_stream,physiology_response_regression,linear,chronaris,17,leave_one_view_out__fold03,validation,rmse,1.8209636629040449,lower,available,,12,outer_train_smoke_only,True
dingxin_existing_dual_stream,physiology_response_regression,linear,chronaris,17,leave_one_view_out__fold03,validation,spearman,0.0857142857142857,higher,available,,12,outer_train_smoke_only,True
dingxin_existing_dual_stream,high_physiology_response_classification,linear,chronaris,17,leave_one_view_out__fold03,validation,macro_f1,0.3333333333333333,higher,available,,12,outer_train_smoke_only,True
dingxin_existing_dual_stream,high_physiology_response_classification,linear,chronaris,17,leave_one_view_out__fold03,validation,balanced_accuracy,0.3333333333333333,higher,available,,12,outer_train_smoke_only,True
dingxin_existing_dual_stream,high_physiology_response_classification,linear,chronaris,17,leave_one_view_out__fold03,validation,macro_auprc,0.4517676767676768,higher,available,,12,outer_train_smoke_only,True
dingxin_existing_dual_stream,high_physiology_response_classification,linear,chronaris,17,leave_one_view_out__fold03,validation,brier_score,1.1507887667613927,lower,available,,12,outer_train_smoke_only,True
dingxin_existing_dual_stream,high_physiology_response_classification,linear,chronaris,17,leave_one_view_out__fold03,validation,ece_10_bins,0.6571739420382675,lower,available,,12,outer_train_smoke_only,True
dingxin_existing_dual_stream,high_physiology_response_classification,linear,chronaris,17,leave_one_view_out__fold03,validation,high_response_recall,0.3333333333333333,higher,available,,12,outer_train_smoke_only,True
dingxin_existing_dual_stream,maneuver_intensity_classification,minirocket,chronaris,17,leave_one_view_out__fold03,validation,macro_f1,0.22857142857142856,higher,available,,14,outer_train_smoke_only,True
dingxin_existing_dual_stream,maneuver_intensity_classification,minirocket,chronaris,17,leave_one_view_out__fold03,validation,balanced_accuracy,0.27777777777777773,higher,available,,14,outer_train_smoke_only,True
dingxin_existing_dual_stream,maneuver_intensity_classification,minirocket,chronaris,17,leave_one_view_out__fold03,validation,macro_auprc,0.3878306878306878,higher,available,,14,outer_train_smoke_only,True
dingxin_existing_dual_stream,maneuver_intensity_classification,minirocket,chronaris,17,leave_one_view_out__fold03,validation,brier_score,1.1790383805379447,lower,available,,14,outer_train_smoke_only,True
dingxin_existing_dual_stream,maneuver_intensity_classification,minirocket,chronaris,17,leave_one_view_out__fold03,validation,ece_10_bins,0.5719810093369306,lower,available,,14,outer_train_smoke_only,True
dingxin_existing_dual_stream,physiology_response_regression,minirocket,chronaris,17,leave_one_view_out__fold03,validation,mae,0.6789081195990244,lower,available,,12,outer_train_smoke_only,True
dingxin_existing_dual_stream,physiology_response_regression,minirocket,chronaris,17,leave_one_view_out__fold03,validation,rmse,0.9899436265242487,lower,available,,12,outer_train_smoke_only,True
dingxin_existing_dual_stream,physiology_response_regression,minirocket,chronaris,17,leave_one_view_out__fold03,validation,spearman,0.6559725216509904,higher,available,,12,outer_train_smoke_only,True
dingxin_existing_dual_stream,high_physiology_response_classification,minirocket,chronaris,17,leave_one_view_out__fold03,validation,macro_f1,0.3333333333333333,higher,available,,12,outer_train_smoke_only,True
dingxin_existing_dual_stream,high_physiology_response_classification,minirocket,chronaris,17,leave_one_view_out__fold03,validation,balanced_accuracy,0.5,higher,available,,12,outer_train_smoke_only,True
dingxin_existing_dual_stream,high_physiology_response_classification,minirocket,chronaris,17,leave_one_view_out__fold03,validation,macro_auprc,0.8331349206349207,higher,available,,12,outer_train_smoke_only,True
dingxin_existing_dual_stream,high_physiology_response_classification,minirocket,chronaris,17,leave_one_view_out__fold03,validation,brier_score,0.9993084589617691,lower,available,,12,outer_train_smoke_only,True
dingxin_existing_dual_stream,high_physiology_response_classification,minirocket,chronaris,17,leave_one_view_out__fold03,validation,ece_10_bins,0.49974556275980786,lower,available,,12,outer_train_smoke_only,True
dingxin_existing_dual_stream,high_physiology_response_classification,minirocket,chronaris,17,leave_one_view_out__fold03,validation,high_response_recall,0.0,higher,available,,12,outer_train_smoke_only,True
dingxin_existing_dual_stream,maneuver_intensity_classification,linear,chronaris,17,leave_one_view_out__fold03,held_out,macro_f1,0.17460317460317462,higher,available,,31,outer_train_smoke_only,True
dingxin_existing_dual_stream,maneuver_intensity_classification,linear,chronaris,17,leave_one_view_out__fold03,held_out,balanced_accuracy,0.3333333333333333,higher,available,,31,outer_train_smoke_only,True
dingxin_existing_dual_stream,maneuver_intensity_classification,linear,chronaris,17,leave_one_view_out__fold03,held_out,macro_auprc,0.49334500835492445,higher,available,,31,outer_train_smoke_only,True
dingxin_existing_dual_stream,maneuver_intensity_classification,linear,chronaris,17,leave_one_view_out__fold03,held_out,brier_score,1.285500929882109,lower,available,,31,outer_train_smoke_only,True
dingxin_existing_dual_stream,maneuver_intensity_classification,linear,chronaris,17,leave_one_view_out__fold03,held_out,ece_10_bins,0.6424827081044236,lower,available,,31,outer_train_smoke_only,True
dingxin_existing_dual_stream,physiology_response_regression,linear,chronaris,17,leave_one_view_out__fold03,held_out,mae,3.6802340924739836,lower,available,,30,outer_train_smoke_only,True
dingxin_existing_dual_stream,physiology_response_regression,linear,chronaris,17,leave_one_view_out__fold03,held_out,rmse,3.799264680032341,lower,available,,30,outer_train_smoke_only,True
dingxin_existing_dual_stream,physiology_response_regression,linear,chronaris,17,leave_one_view_out__fold03,held_out,spearman,0.09010011123470522,higher,available,,30,outer_train_smoke_only,True
dingxin_existing_dual_stream,high_physiology_response_classification,linear,chronaris,17,leave_one_view_out__fold03,held_out,macro_f1,0.3023255813953488,higher,available,,30,outer_train_smoke_only,True
dingxin_existing_dual_stream,high_physiology_response_classification,linear,chronaris,17,leave_one_view_out__fold03,held_out,balanced_accuracy,0.5,higher,available,,30,outer_train_smoke_only,True
dingxin_existing_dual_stream,high_physiology_response_classification,linear,chronaris,17,leave_one_view_out__fold03,held_out,macro_auprc,0.5036800023737947,higher,available,,30,outer_train_smoke_only,True
dingxin_existing_dual_stream,high_physiology_response_classification,linear,chronaris,17,leave_one_view_out__fold03,held_out,brier_score,1.1331317890545156,lower,available,,30,outer_train_smoke_only,True
dingxin_existing_dual_stream,high_physiology_response_classification,linear,chronaris,17,leave_one_view_out__fold03,held_out,ece_10_bins,0.5647748908604764,lower,available,,30,outer_train_smoke_only,True
dingxin_existing_dual_stream,high_physiology_response_classification,linear,chronaris,17,leave_one_view_out__fold03,held_out,high_response_recall,1.0,higher,available,,30,outer_train_smoke_only,True
dingxin_existing_dual_stream,maneuver_intensity_classification,minirocket,chronaris,17,leave_one_view_out__fold03,held_out,macro_f1,0.23946784922394682,higher,available,,31,outer_train_smoke_only,True
dingxin_existing_dual_stream,maneuver_intensity_classification,minirocket,chronaris,17,leave_one_view_out__fold03,held_out,balanced_accuracy,0.3666666666666667,higher,available,,31,outer_train_smoke_only,True
dingxin_existing_dual_stream,maneuver_intensity_classification,minirocket,chronaris,17,leave_one_view_out__fold03,held_out,macro_auprc,0.5509218480481407,higher,available,,31,outer_train_smoke_only,True
dingxin_existing_dual_stream,maneuver_intensity_classification,minirocket,chronaris,17,leave_one_view_out__fold03,held_out,brier_score,1.1736577669685166,lower,available,,31,outer_train_smoke_only,True
dingxin_existing_dual_stream,maneuver_intensity_classification,minirocket,chronaris,17,leave_one_view_out__fold03,held_out,ece_10_bins,0.5891921919801036,lower,available,,31,outer_train_smoke_only,True
dingxin_existing_dual_stream,physiology_response_regression,minirocket,chronaris,17,leave_one_view_out__fold03,held_out,mae,0.6272180616855622,lower,available,,30,outer_train_smoke_only,True
dingxin_existing_dual_stream,physiology_response_regression,minirocket,chronaris,17,leave_one_view_out__fold03,held_out,rmse,0.8274465950135709,lower,available,,30,outer_train_smoke_only,True
dingxin_existing_dual_stream,physiology_response_regression,minirocket,chronaris,17,leave_one_view_out__fold03,held_out,spearman,-0.03270300333704116,higher,available,,30,outer_train_smoke_only,True
dingxin_existing_dual_stream,high_physiology_response_classification,minirocket,chronaris,17,leave_one_view_out__fold03,held_out,macro_f1,0.3617021276595745,higher,available,,30,outer_train_smoke_only,True
dingxin_existing_dual_stream,high_physiology_response_classification,minirocket,chronaris,17,leave_one_view_out__fold03,held_out,balanced_accuracy,0.5,higher,available,,30,outer_train_smoke_only,True
dingxin_existing_dual_stream,high_physiology_response_classification,minirocket,chronaris,17,leave_one_view_out__fold03,held_out,macro_auprc,0.48044067507482247,higher,available,,30,outer_train_smoke_only,True
dingxin_existing_dual_stream,high_physiology_response_classification,minirocket,chronaris,17,leave_one_view_out__fold03,held_out,brier_score,0.7074164436211271,lower,available,,30,outer_train_smoke_only,True
dingxin_existing_dual_stream,high_physiology_response_classification,minirocket,chronaris,17,leave_one_view_out__fold03,held_out,ece_10_bins,0.29651735687998604,lower,available,,30,outer_train_smoke_only,True
dingxin_existing_dual_stream,high_physiology_response_classification,minirocket,chronaris,17,leave_one_view_out__fold03,held_out,high_response_recall,0.0,higher,available,,30,outer_train_smoke_only,True
dingxin_existing_dual_stream,maneuver_intensity_classification,linear,physiology_only,17,leave_one_sortie_out__fold01,validation,macro_f1,0.14814814814814814,higher,available,,7,outer_train_smoke_only,True
dingxin_existing_dual_stream,maneuver_intensity_classification,linear,physiology_only,17,leave_one_sortie_out__fold01,validation,balanced_accuracy,0.3333333333333333,higher,available,,7,outer_train_smoke_only,True
dingxin_existing_dual_stream,maneuver_intensity_classification,linear,physiology_only,17,leave_one_sortie_out__fold01,validation,macro_auprc,0.4939153439153439,higher,available,,7,outer_train_smoke_only,True
dingxin_existing_dual_stream,maneuver_intensity_classification,linear,physiology_only,17,leave_one_sortie_out__fold01,validation,brier_score,1.4140574393541523,lower,available,,7,outer_train_smoke_only,True
dingxin_existing_dual_stream,maneuver_intensity_classification,linear,physiology_only,17,leave_one_sortie_out__fold01,validation,ece_10_bins,0.7104996608426281,lower,available,,7,outer_train_smoke_only,True
dingxin_existing_dual_stream,physiology_response_regression,linear,physiology_only,17,leave_one_sortie_out__fold01,validation,mae,2.6315355201562247,lower,available,,6,outer_train_smoke_only,True
dingxin_existing_dual_stream,physiology_response_regression,linear,physiology_only,17,leave_one_sortie_out__fold01,validation,rmse,3.0238028493628604,lower,available,,6,outer_train_smoke_only,True
dingxin_existing_dual_stream,physiology_response_regression,linear,physiology_only,17,leave_one_sortie_out__fold01,validation,spearman,0.4285714285714286,higher,available,,6,outer_train_smoke_only,True
dingxin_existing_dual_stream,high_physiology_response_classification,linear,physiology_only,17,leave_one_sortie_out__fold01,validation,macro_f1,0.7777777777777777,higher,available,,6,outer_train_smoke_only,True
dingxin_existing_dual_stream,high_physiology_response_classification,linear,physiology_only,17,leave_one_sortie_out__fold01,validation,balanced_accuracy,0.9,higher,available,,6,outer_train_smoke_only,True
dingxin_existing_dual_stream,high_physiology_response_classification,linear,physiology_only,17,leave_one_sortie_out__fold01,validation,macro_auprc,0.7333333333333333,higher,available,,6,outer_train_smoke_only,True
dingxin_existing_dual_stream,high_physiology_response_classification,linear,physiology_only,17,leave_one_sortie_out__fold01,validation,brier_score,0.3307206347906521,lower,available,,6,outer_train_smoke_only,True
dingxin_existing_dual_stream,high_physiology_response_classification,linear,physiology_only,17,leave_one_sortie_out__fold01,validation,ece_10_bins,0.2682096507116757,lower,available,,6,outer_train_smoke_only,True
dingxin_existing_dual_stream,high_physiology_response_classification,linear,physiology_only,17,leave_one_sortie_out__fold01,validation,high_response_recall,1.0,higher,available,,6,outer_train_smoke_only,True
dingxin_existing_dual_stream,maneuver_intensity_classification,minirocket,physiology_only,17,leave_one_sortie_out__fold01,validation,macro_f1,0.14814814814814814,higher,available,,7,outer_train_smoke_only,True
dingxin_existing_dual_stream,maneuver_intensity_classification,minirocket,physiology_only,17,leave_one_sortie_out__fold01,validation,balanced_accuracy,0.3333333333333333,higher,available,,7,outer_train_smoke_only,True
dingxin_existing_dual_stream,maneuver_intensity_classification,minirocket,physiology_only,17,leave_one_sortie_out__fold01,validation,macro_auprc,0.687037037037037,higher,available,,7,outer_train_smoke_only,True
dingxin_existing_dual_stream,maneuver_intensity_classification,minirocket,physiology_only,17,leave_one_sortie_out__fold01,validation,brier_score,1.2639072901038193,lower,available,,7,outer_train_smoke_only,True
dingxin_existing_dual_stream,maneuver_intensity_classification,minirocket,physiology_only,17,leave_one_sortie_out__fold01,validation,ece_10_bins,0.622621107501591,lower,available,,7,outer_train_smoke_only,True
dingxin_existing_dual_stream,physiology_response_regression,minirocket,physiology_only,17,leave_one_sortie_out__fold01,validation,mae,0.5079345802466074,lower,available,,6,outer_train_smoke_only,True
dingxin_existing_dual_stream,physiology_response_regression,minirocket,physiology_only,17,leave_one_sortie_out__fold01,validation,rmse,0.5640665686779278,lower,available,,6,outer_train_smoke_only,True
dingxin_existing_dual_stream,physiology_response_regression,minirocket,physiology_only,17,leave_one_sortie_out__fold01,validation,spearman,0.4285714285714286,higher,available,,6,outer_train_smoke_only,True
dingxin_existing_dual_stream,high_physiology_response_classification,minirocket,physiology_only,17,leave_one_sortie_out__fold01,validation,macro_f1,0.45454545454545453,higher,available,,6,outer_train_smoke_only,True
dingxin_existing_dual_stream,high_physiology_response_classification,minirocket,physiology_only,17,leave_one_sortie_out__fold01,validation,balanced_accuracy,0.5,higher,available,,6,outer_train_smoke_only,True
dingxin_existing_dual_stream,high_physiology_response_classification,minirocket,physiology_only,17,leave_one_sortie_out__fold01,validation,macro_auprc,0.7333333333333333,higher,available,,6,outer_train_smoke_only,True
dingxin_existing_dual_stream,high_physiology_response_classification,minirocket,physiology_only,17,leave_one_sortie_out__fold01,validation,brier_score,0.32715193896547595,lower,available,,6,outer_train_smoke_only,True
dingxin_existing_dual_stream,high_physiology_response_classification,minirocket,physiology_only,17,leave_one_sortie_out__fold01,validation,ece_10_bins,0.19568851922963565,lower,available,,6,outer_train_smoke_only,True
dingxin_existing_dual_stream,high_physiology_response_classification,minirocket,physiology_only,17,leave_one_sortie_out__fold01,validation,high_response_recall,0.0,higher,available,,6,outer_train_smoke_only,True
dingxin_existing_dual_stream,maneuver_intensity_classification,linear,physiology_only,17,leave_one_sortie_out__fold01,held_out,macro_f1,0.16260162601626016,higher,available,,62,outer_train_smoke_only,True
dingxin_existing_dual_stream,maneuver_intensity_classification,linear,physiology_only,17,leave_one_sortie_out__fold01,held_out,balanced_accuracy,0.3333333333333333,higher,available,,62,outer_train_smoke_only,True
dingxin_existing_dual_stream,maneuver_intensity_classification,linear,physiology_only,17,leave_one_sortie_out__fold01,held_out,macro_auprc,0.3150766759269658,higher,available,,62,outer_train_smoke_only,True
dingxin_existing_dual_stream,maneuver_intensity_classification,linear,physiology_only,17,leave_one_sortie_out__fold01,held_out,brier_score,1.3548387096774193,lower,available,,62,outer_train_smoke_only,True
dingxin_existing_dual_stream,maneuver_intensity_classification,linear,physiology_only,17,leave_one_sortie_out__fold01,held_out,ece_10_bins,0.6774193548387097,lower,available,,62,outer_train_smoke_only,True
dingxin_existing_dual_stream,physiology_response_regression,linear,physiology_only,17,leave_one_sortie_out__fold01,held_out,mae,2.119404521584511,lower,available,,60,outer_train_smoke_only,True
dingxin_existing_dual_stream,physiology_response_regression,linear,physiology_only,17,leave_one_sortie_out__fold01,held_out,rmse,2.2736996504708635,lower,available,,60,outer_train_smoke_only,True
dingxin_existing_dual_stream,physiology_response_regression,linear,physiology_only,17,leave_one_sortie_out__fold01,held_out,spearman,-0.19109856650114057,higher,available,,60,outer_train_smoke_only,True
dingxin_existing_dual_stream,high_physiology_response_classification,linear,physiology_only,17,leave_one_sortie_out__fold01,held_out,macro_f1,0.4642857142857143,higher,available,,60,outer_train_smoke_only,True
dingxin_existing_dual_stream,high_physiology_response_classification,linear,physiology_only,17,leave_one_sortie_out__fold01,held_out,balanced_accuracy,0.5,higher,available,,60,outer_train_smoke_only,True
dingxin_existing_dual_stream,high_physiology_response_classification,linear,physiology_only,17,leave_one_sortie_out__fold01,held_out,macro_auprc,0.4936302681992337,higher,available,,60,outer_train_smoke_only,True
dingxin_existing_dual_stream,high_physiology_response_classification,linear,physiology_only,17,leave_one_sortie_out__fold01,held_out,brier_score,0.26666666666666666,lower,available,,60,outer_train_smoke_only,True
dingxin_existing_dual_stream,high_physiology_response_classification,linear,physiology_only,17,leave_one_sortie_out__fold01,held_out,ece_10_bins,0.1333333333333333,lower,available,,60,outer_train_smoke_only,True
dingxin_existing_dual_stream,high_physiology_response_classification,linear,physiology_only,17,leave_one_sortie_out__fold01,held_out,high_response_recall,0.0,higher,available,,60,outer_train_smoke_only,True
dingxin_existing_dual_stream,maneuver_intensity_classification,minirocket,physiology_only,17,leave_one_sortie_out__fold01,held_out,macro_f1,0.16260162601626016,higher,available,,62,outer_train_smoke_only,True
dingxin_existing_dual_stream,maneuver_intensity_classification,minirocket,physiology_only,17,leave_one_sortie_out__fold01,held_out,balanced_accuracy,0.3333333333333333,higher,available,,62,outer_train_smoke_only,True
dingxin_existing_dual_stream,maneuver_intensity_classification,minirocket,physiology_only,17,leave_one_sortie_out__fold01,held_out,macro_auprc,0.36524127602620887,higher,available,,62,outer_train_smoke_only,True
dingxin_existing_dual_stream,maneuver_intensity_classification,minirocket,physiology_only,17,leave_one_sortie_out__fold01,held_out,brier_score,1.353947121503297,lower,available,,62,outer_train_smoke_only,True
dingxin_existing_dual_stream,maneuver_intensity_classification,minirocket,physiology_only,17,leave_one_sortie_out__fold01,held_out,ece_10_bins,0.6769476558675804,lower,available,,62,outer_train_smoke_only,True
dingxin_existing_dual_stream,physiology_response_regression,minirocket,physiology_only,17,leave_one_sortie_out__fold01,held_out,mae,0.5892286171515783,lower,available,,60,outer_train_smoke_only,True
dingxin_existing_dual_stream,physiology_response_regression,minirocket,physiology_only,17,leave_one_sortie_out__fold01,held_out,rmse,0.6269004338232546,lower,available,,60,outer_train_smoke_only,True
dingxin_existing_dual_stream,physiology_response_regression,minirocket,physiology_only,17,leave_one_sortie_out__fold01,held_out,spearman,-0.11056729699666294,higher,available,,60,outer_train_smoke_only,True
dingxin_existing_dual_stream,high_physiology_response_classification,minirocket,physiology_only,17,leave_one_sortie_out__fold01,held_out,macro_f1,0.4642857142857143,higher,available,,60,outer_train_smoke_only,True
dingxin_existing_dual_stream,high_physiology_response_classification,minirocket,physiology_only,17,leave_one_sortie_out__fold01,held_out,balanced_accuracy,0.5,higher,available,,60,outer_train_smoke_only,True
dingxin_existing_dual_stream,high_physiology_response_classification,minirocket,physiology_only,17,leave_one_sortie_out__fold01,held_out,macro_auprc,0.5189255531122182,higher,available,,60,outer_train_smoke_only,True
dingxin_existing_dual_stream,high_physiology_response_classification,minirocket,physiology_only,17,leave_one_sortie_out__fold01,held_out,brier_score,0.2665642998243204,lower,available,,60,outer_train_smoke_only,True
dingxin_existing_dual_stream,high_physiology_response_classification,minirocket,physiology_only,17,leave_one_sortie_out__fold01,held_out,ece_10_bins,0.13310095569512792,lower,available,,60,outer_train_smoke_only,True
dingxin_existing_dual_stream,high_physiology_response_classification,minirocket,physiology_only,17,leave_one_sortie_out__fold01,held_out,high_response_recall,0.0,higher,available,,60,outer_train_smoke_only,True
dingxin_existing_dual_stream,maneuver_intensity_classification,linear,vehicle_only,17,leave_one_sortie_out__fold01,validation,macro_f1,0.19999999999999998,higher,available,,7,outer_train_smoke_only,True
dingxin_existing_dual_stream,maneuver_intensity_classification,linear,vehicle_only,17,leave_one_sortie_out__fold01,validation,balanced_accuracy,0.3333333333333333,higher,available,,7,outer_train_smoke_only,True
dingxin_existing_dual_stream,maneuver_intensity_classification,linear,vehicle_only,17,leave_one_sortie_out__fold01,validation,macro_auprc,0.430952380952381,higher,available,,7,outer_train_smoke_only,True
dingxin_existing_dual_stream,maneuver_intensity_classification,linear,vehicle_only,17,leave_one_sortie_out__fold01,validation,brier_score,1.1400913168312632,lower,available,,7,outer_train_smoke_only,True
dingxin_existing_dual_stream,maneuver_intensity_classification,linear,vehicle_only,17,leave_one_sortie_out__fold01,validation,ece_10_bins,0.5663634933195645,lower,available,,7,outer_train_smoke_only,True
dingxin_existing_dual_stream,physiology_response_regression,linear,vehicle_only,17,leave_one_sortie_out__fold01,validation,mae,0.3151533007621765,lower,available,,6,outer_train_smoke_only,True
dingxin_existing_dual_stream,physiology_response_regression,linear,vehicle_only,17,leave_one_sortie_out__fold01,validation,rmse,0.3820580777081054,lower,available,,6,outer_train_smoke_only,True
dingxin_existing_dual_stream,physiology_response_regression,linear,vehicle_only,17,leave_one_sortie_out__fold01,validation,spearman,0.4285714285714286,higher,available,,6,outer_train_smoke_only,True
dingxin_existing_dual_stream,high_physiology_response_classification,linear,vehicle_only,17,leave_one_sortie_out__fold01,validation,macro_f1,0.45454545454545453,higher,available,,6,outer_train_smoke_only,True
dingxin_existing_dual_stream,high_physiology_response_classification,linear,vehicle_only,17,leave_one_sortie_out__fold01,validation,balanced_accuracy,0.5,higher,available,,6,outer_train_smoke_only,True
dingxin_existing_dual_stream,high_physiology_response_classification,linear,vehicle_only,17,leave_one_sortie_out__fold01,validation,macro_auprc,1.0,higher,available,,6,outer_train_smoke_only,True
dingxin_existing_dual_stream,high_physiology_response_classification,linear,vehicle_only,17,leave_one_sortie_out__fold01,validation,brier_score,0.30218574082828104,lower,available,,6,outer_train_smoke_only,True
dingxin_existing_dual_stream,high_physiology_response_classification,linear,vehicle_only,17,leave_one_sortie_out__fold01,validation,ece_10_bins,0.1426578405472153,lower,available,,6,outer_train_smoke_only,True
dingxin_existing_dual_stream,high_physiology_response_classification,linear,vehicle_only,17,leave_one_sortie_out__fold01,validation,high_response_recall,0.0,higher,available,,6,outer_train_smoke_only,True
dingxin_existing_dual_stream,maneuver_intensity_classification,minirocket,vehicle_only,17,leave_one_sortie_out__fold01,validation,macro_f1,0.08333333333333333,higher,available,,7,outer_train_smoke_only,True
dingxin_existing_dual_stream,maneuver_intensity_classification,minirocket,vehicle_only,17,leave_one_sortie_out__fold01,validation,balanced_accuracy,0.1111111111111111,higher,available,,7,outer_train_smoke_only,True
dingxin_existing_dual_stream,maneuver_intensity_classification,minirocket,vehicle_only,17,leave_one_sortie_out__fold01,validation,macro_auprc,0.36560846560846555,higher,available,,7,outer_train_smoke_only,True
dingxin_existing_dual_stream,maneuver_intensity_classification,minirocket,vehicle_only,17,leave_one_sortie_out__fold01,validation,brier_score,1.2735414519422055,lower,available,,7,outer_train_smoke_only,True
dingxin_existing_dual_stream,maneuver_intensity_classification,minirocket,vehicle_only,17,leave_one_sortie_out__fold01,validation,ece_10_bins,0.5977446310596302,lower,available,,7,outer_train_smoke_only,True
dingxin_existing_dual_stream,physiology_response_regression,minirocket,vehicle_only,17,leave_one_sortie_out__fold01,validation,mae,0.39001503586769104,lower,available,,6,outer_train_smoke_only,True
dingxin_existing_dual_stream,physiology_response_regression,minirocket,vehicle_only,17,leave_one_sortie_out__fold01,validation,rmse,0.5106553060865174,lower,available,,6,outer_train_smoke_only,True
dingxin_existing_dual_stream,physiology_response_regression,minirocket,vehicle_only,17,leave_one_sortie_out__fold01,validation,spearman,-0.4285714285714286,higher,available,,6,outer_train_smoke_only,True
dingxin_existing_dual_stream,high_physiology_response_classification,minirocket,vehicle_only,17,leave_one_sortie_out__fold01,validation,macro_f1,0.45454545454545453,higher,available,,6,outer_train_smoke_only,True
dingxin_existing_dual_stream,high_physiology_response_classification,minirocket,vehicle_only,17,leave_one_sortie_out__fold01,validation,balanced_accuracy,0.5,higher,available,,6,outer_train_smoke_only,True
dingxin_existing_dual_stream,high_physiology_response_classification,minirocket,vehicle_only,17,leave_one_sortie_out__fold01,validation,macro_auprc,0.7333333333333333,higher,available,,6,outer_train_smoke_only,True
dingxin_existing_dual_stream,high_physiology_response_classification,minirocket,vehicle_only,17,leave_one_sortie_out__fold01,validation,brier_score,0.3173391589050534,lower,available,,6,outer_train_smoke_only,True
dingxin_existing_dual_stream,high_physiology_response_classification,minirocket,vehicle_only,17,leave_one_sortie_out__fold01,validation,ece_10_bins,0.19089876043015125,lower,available,,6,outer_train_smoke_only,True
dingxin_existing_dual_stream,high_physiology_response_classification,minirocket,vehicle_only,17,leave_one_sortie_out__fold01,validation,high_response_recall,0.0,higher,available,,6,outer_train_smoke_only,True
dingxin_existing_dual_stream,maneuver_intensity_classification,linear,vehicle_only,17,leave_one_sortie_out__fold01,held_out,macro_f1,0.7773833671399594,higher,available,,62,outer_train_smoke_only,True
dingxin_existing_dual_stream,maneuver_intensity_classification,linear,vehicle_only,17,leave_one_sortie_out__fold01,held_out,balanced_accuracy,0.7666666666666666,higher,available,,62,outer_train_smoke_only,True
dingxin_existing_dual_stream,maneuver_intensity_classification,linear,vehicle_only,17,leave_one_sortie_out__fold01,held_out,macro_auprc,0.6862520812296847,higher,available,,62,outer_train_smoke_only,True
dingxin_existing_dual_stream,maneuver_intensity_classification,linear,vehicle_only,17,leave_one_sortie_out__fold01,held_out,brier_score,0.4729270723971009,lower,available,,62,outer_train_smoke_only,True
dingxin_existing_dual_stream,maneuver_intensity_classification,linear,vehicle_only,17,leave_one_sortie_out__fold01,held_out,ece_10_bins,0.27353726840026166,lower,available,,62,outer_train_smoke_only,True
dingxin_existing_dual_stream,physiology_response_regression,linear,vehicle_only,17,leave_one_sortie_out__fold01,held_out,mae,0.5368430107831955,lower,available,,60,outer_train_smoke_only,True
dingxin_existing_dual_stream,physiology_response_regression,linear,vehicle_only,17,leave_one_sortie_out__fold01,held_out,rmse,0.6847833182522085,lower,available,,60,outer_train_smoke_only,True
dingxin_existing_dual_stream,physiology_response_regression,linear,vehicle_only,17,leave_one_sortie_out__fold01,held_out,spearman,0.1279199110122358,higher,available,,60,outer_train_smoke_only,True
dingxin_existing_dual_stream,high_physiology_response_classification,linear,vehicle_only,17,leave_one_sortie_out__fold01,held_out,macro_f1,0.52,higher,available,,60,outer_train_smoke_only,True
dingxin_existing_dual_stream,high_physiology_response_classification,linear,vehicle_only,17,leave_one_sortie_out__fold01,held_out,balanced_accuracy,0.5288461538461539,higher,available,,60,outer_train_smoke_only,True
dingxin_existing_dual_stream,high_physiology_response_classification,linear,vehicle_only,17,leave_one_sortie_out__fold01,held_out,macro_auprc,0.5450102539973114,higher,available,,60,outer_train_smoke_only,True
dingxin_existing_dual_stream,high_physiology_response_classification,linear,vehicle_only,17,leave_one_sortie_out__fold01,held_out,brier_score,0.424254065900669,lower,available,,60,outer_train_smoke_only,True
dingxin_existing_dual_stream,high_physiology_response_classification,linear,vehicle_only,17,leave_one_sortie_out__fold01,held_out,ece_10_bins,0.14520952534992457,lower,available,,60,outer_train_smoke_only,True
dingxin_existing_dual_stream,high_physiology_response_classification,linear,vehicle_only,17,leave_one_sortie_out__fold01,held_out,high_response_recall,0.25,higher,available,,60,outer_train_smoke_only,True
dingxin_existing_dual_stream,maneuver_intensity_classification,minirocket,vehicle_only,17,leave_one_sortie_out__fold01,held_out,macro_f1,0.6866096866096866,higher,available,,62,outer_train_smoke_only,True
dingxin_existing_dual_stream,maneuver_intensity_classification,minirocket,vehicle_only,17,leave_one_sortie_out__fold01,held_out,balanced_accuracy,0.6757575757575758,higher,available,,62,outer_train_smoke_only,True
dingxin_existing_dual_stream,maneuver_intensity_classification,minirocket,vehicle_only,17,leave_one_sortie_out__fold01,held_out,macro_auprc,0.8671257799934272,higher,available,,62,outer_train_smoke_only,True
dingxin_existing_dual_stream,maneuver_intensity_classification,minirocket,vehicle_only,17,leave_one_sortie_out__fold01,held_out,brier_score,0.5184198874940724,lower,available,,62,outer_train_smoke_only,True
dingxin_existing_dual_stream,maneuver_intensity_classification,minirocket,vehicle_only,17,leave_one_sortie_out__fold01,held_out,ece_10_bins,0.25105878874006576,lower,available,,62,outer_train_smoke_only,True
dingxin_existing_dual_stream,physiology_response_regression,minirocket,vehicle_only,17,leave_one_sortie_out__fold01,held_out,mae,0.5485741525888443,lower,available,,60,outer_train_smoke_only,True
dingxin_existing_dual_stream,physiology_response_regression,minirocket,vehicle_only,17,leave_one_sortie_out__fold01,held_out,rmse,0.7096366419699187,lower,available,,60,outer_train_smoke_only,True
dingxin_existing_dual_stream,physiology_response_regression,minirocket,vehicle_only,17,leave_one_sortie_out__fold01,held_out,spearman,0.28142380422691876,higher,available,,60,outer_train_smoke_only,True
dingxin_existing_dual_stream,high_physiology_response_classification,minirocket,vehicle_only,17,leave_one_sortie_out__fold01,held_out,macro_f1,0.4990723562152134,higher,available,,60,outer_train_smoke_only,True
dingxin_existing_dual_stream,high_physiology_response_classification,minirocket,vehicle_only,17,leave_one_sortie_out__fold01,held_out,balanced_accuracy,0.5096153846153846,higher,available,,60,outer_train_smoke_only,True
dingxin_existing_dual_stream,high_physiology_response_classification,minirocket,vehicle_only,17,leave_one_sortie_out__fold01,held_out,macro_auprc,0.568234225648736,higher,available,,60,outer_train_smoke_only,True
dingxin_existing_dual_stream,high_physiology_response_classification,minirocket,vehicle_only,17,leave_one_sortie_out__fold01,held_out,brier_score,0.5978799210043029,lower,available,,60,outer_train_smoke_only,True
dingxin_existing_dual_stream,high_physiology_response_classification,minirocket,vehicle_only,17,leave_one_sortie_out__fold01,held_out,ece_10_bins,0.3039221163138933,lower,available,,60,outer_train_smoke_only,True
dingxin_existing_dual_stream,high_physiology_response_classification,minirocket,vehicle_only,17,leave_one_sortie_out__fold01,held_out,high_response_recall,0.25,higher,available,,60,outer_train_smoke_only,True
dingxin_existing_dual_stream,maneuver_intensity_classification,linear,naive_time_sync,17,leave_one_sortie_out__fold01,validation,macro_f1,0.14814814814814814,higher,available,,7,outer_train_smoke_only,True
dingxin_existing_dual_stream,maneuver_intensity_classification,linear,naive_time_sync,17,leave_one_sortie_out__fold01,validation,balanced_accuracy,0.3333333333333333,higher,available,,7,outer_train_smoke_only,True
dingxin_existing_dual_stream,maneuver_intensity_classification,linear,naive_time_sync,17,leave_one_sortie_out__fold01,validation,macro_auprc,0.5892857142857142,higher,available,,7,outer_train_smoke_only,True
dingxin_existing_dual_stream,maneuver_intensity_classification,linear,naive_time_sync,17,leave_one_sortie_out__fold01,validation,brier_score,1.4285692549058615,lower,available,,7,outer_train_smoke_only,True
dingxin_existing_dual_stream,maneuver_intensity_classification,linear,naive_time_sync,17,leave_one_sortie_out__fold01,validation,ece_10_bins,0.7142846284636888,lower,available,,7,outer_train_smoke_only,True
dingxin_existing_dual_stream,physiology_response_regression,linear,naive_time_sync,17,leave_one_sortie_out__fold01,validation,mae,3.30021404226621,lower,available,,6,outer_train_smoke_only,True
dingxin_existing_dual_stream,physiology_response_regression,linear,naive_time_sync,17,leave_one_sortie_out__fold01,validation,rmse,3.5070721335556323,lower,available,,6,outer_train_smoke_only,True
dingxin_existing_dual_stream,physiology_response_regression,linear,naive_time_sync,17,leave_one_sortie_out__fold01,validation,spearman,0.4285714285714286,higher,available,,6,outer_train_smoke_only,True
dingxin_existing_dual_stream,high_physiology_response_classification,linear,naive_time_sync,17,leave_one_sortie_out__fold01,validation,macro_f1,0.45454545454545453,higher,available,,6,outer_train_smoke_only,True
dingxin_existing_dual_stream,high_physiology_response_classification,linear,naive_time_sync,17,leave_one_sortie_out__fold01,validation,balanced_accuracy,0.5,higher,available,,6,outer_train_smoke_only,True
dingxin_existing_dual_stream,high_physiology_response_classification,linear,naive_time_sync,17,leave_one_sortie_out__fold01,validation,macro_auprc,0.4383333333333333,higher,available,,6,outer_train_smoke_only,True
dingxin_existing_dual_stream,high_physiology_response_classification,linear,naive_time_sync,17,leave_one_sortie_out__fold01,validation,brier_score,0.33445605309726933,lower,available,,6,outer_train_smoke_only,True
dingxin_existing_dual_stream,high_physiology_response_classification,linear,naive_time_sync,17,leave_one_sortie_out__fold01,validation,ece_10_bins,0.1556916650866833,lower,available,,6,outer_train_smoke_only,True
dingxin_existing_dual_stream,high_physiology_response_classification,linear,naive_time_sync,17,leave_one_sortie_out__fold01,validation,high_response_recall,0.0,higher,available,,6,outer_train_smoke_only,True
dingxin_existing_dual_stream,maneuver_intensity_classification,minirocket,naive_time_sync,17,leave_one_sortie_out__fold01,validation,macro_f1,0.5555555555555555,higher,available,,7,outer_train_smoke_only,True
dingxin_existing_dual_stream,maneuver_intensity_classification,minirocket,naive_time_sync,17,leave_one_sortie_out__fold01,validation,balanced_accuracy,0.611111111111111,higher,available,,7,outer_train_smoke_only,True
dingxin_existing_dual_stream,maneuver_intensity_classification,minirocket,naive_time_sync,17,leave_one_sortie_out__fold01,validation,macro_auprc,0.6198412698412699,higher,available,,7,outer_train_smoke_only,True
dingxin_existing_dual_stream,maneuver_intensity_classification,minirocket,naive_time_sync,17,leave_one_sortie_out__fold01,validation,brier_score,0.8127539948317372,lower,available,,7,outer_train_smoke_only,True
dingxin_existing_dual_stream,maneuver_intensity_classification,minirocket,naive_time_sync,17,leave_one_sortie_out__fold01,validation,ece_10_bins,0.4195065616470973,lower,available,,7,outer_train_smoke_only,True
dingxin_existing_dual_stream,physiology_response_regression,minirocket,naive_time_sync,17,leave_one_sortie_out__fold01,validation,mae,0.5475314954916636,lower,available,,6,outer_train_smoke_only,True
dingxin_existing_dual_stream,physiology_response_regression,minirocket,naive_time_sync,17,leave_one_sortie_out__fold01,validation,rmse,0.6037176012572527,lower,available,,6,outer_train_smoke_only,True
dingxin_existing_dual_stream,physiology_response_regression,minirocket,naive_time_sync,17,leave_one_sortie_out__fold01,validation,spearman,0.4285714285714286,higher,available,,6,outer_train_smoke_only,True
dingxin_existing_dual_stream,high_physiology_response_classification,minirocket,naive_time_sync,17,leave_one_sortie_out__fold01,validation,macro_f1,0.625,higher,available,,6,outer_train_smoke_only,True
dingxin_existing_dual_stream,high_physiology_response_classification,minirocket,naive_time_sync,17,leave_one_sortie_out__fold01,validation,balanced_accuracy,0.8,higher,available,,6,outer_train_smoke_only,True
dingxin_existing_dual_stream,high_physiology_response_classification,minirocket,naive_time_sync,17,leave_one_sortie_out__fold01,validation,macro_auprc,1.0,higher,available,,6,outer_train_smoke_only,True
dingxin_existing_dual_stream,high_physiology_response_classification,minirocket,naive_time_sync,17,leave_one_sortie_out__fold01,validation,brier_score,0.383042592039621,lower,available,,6,outer_train_smoke_only,True
dingxin_existing_dual_stream,high_physiology_response_classification,minirocket,naive_time_sync,17,leave_one_sortie_out__fold01,validation,ece_10_bins,0.2687257392527485,lower,available,,6,outer_train_smoke_only,True
dingxin_existing_dual_stream,high_physiology_response_classification,minirocket,naive_time_sync,17,leave_one_sortie_out__fold01,validation,high_response_recall,1.0,higher,available,,6,outer_train_smoke_only,True
dingxin_existing_dual_stream,maneuver_intensity_classification,linear,naive_time_sync,17,leave_one_sortie_out__fold01,held_out,macro_f1,0.2754182754182754,higher,available,,62,outer_train_smoke_only,True
dingxin_existing_dual_stream,maneuver_intensity_classification,linear,naive_time_sync,17,leave_one_sortie_out__fold01,held_out,balanced_accuracy,0.3696969696969697,higher,available,,62,outer_train_smoke_only,True
dingxin_existing_dual_stream,maneuver_intensity_classification,linear,naive_time_sync,17,leave_one_sortie_out__fold01,held_out,macro_auprc,0.4945917926529382,higher,available,,62,outer_train_smoke_only,True
dingxin_existing_dual_stream,maneuver_intensity_classification,linear,naive_time_sync,17,leave_one_sortie_out__fold01,held_out,brier_score,1.2073127831413186,lower,available,,62,outer_train_smoke_only,True
dingxin_existing_dual_stream,maneuver_intensity_classification,linear,naive_time_sync,17,leave_one_sortie_out__fold01,held_out,ece_10_bins,0.6048216749577934,lower,available,,62,outer_train_smoke_only,True
dingxin_existing_dual_stream,physiology_response_regression,linear,naive_time_sync,17,leave_one_sortie_out__fold01,held_out,mae,21.08690600891908,lower,available,,60,outer_train_smoke_only,True
dingxin_existing_dual_stream,physiology_response_regression,linear,naive_time_sync,17,leave_one_sortie_out__fold01,held_out,rmse,21.267344174989244,lower,available,,60,outer_train_smoke_only,True
dingxin_existing_dual_stream,physiology_response_regression,linear,naive_time_sync,17,leave_one_sortie_out__fold01,held_out,spearman,-0.013570634037819797,higher,available,,60,outer_train_smoke_only,True
dingxin_existing_dual_stream,high_physiology_response_classification,linear,naive_time_sync,17,leave_one_sortie_out__fold01,held_out,macro_f1,0.4642857142857143,higher,available,,60,outer_train_smoke_only,True
dingxin_existing_dual_stream,high_physiology_response_classification,linear,naive_time_sync,17,leave_one_sortie_out__fold01,held_out,balanced_accuracy,0.5,higher,available,,60,outer_train_smoke_only,True
dingxin_existing_dual_stream,high_physiology_response_classification,linear,naive_time_sync,17,leave_one_sortie_out__fold01,held_out,macro_auprc,0.45880226898328325,higher,available,,60,outer_train_smoke_only,True
dingxin_existing_dual_stream,high_physiology_response_classification,linear,naive_time_sync,17,leave_one_sortie_out__fold01,held_out,brier_score,0.2666666666666666,lower,available,,60,outer_train_smoke_only,True
dingxin_existing_dual_stream,high_physiology_response_classification,linear,naive_time_sync,17,leave_one_sortie_out__fold01,held_out,ece_10_bins,0.13333333333332087,lower,available,,60,outer_train_smoke_only,True
dingxin_existing_dual_stream,high_physiology_response_classification,linear,naive_time_sync,17,leave_one_sortie_out__fold01,held_out,high_response_recall,0.0,higher,available,,60,outer_train_smoke_only,True
dingxin_existing_dual_stream,maneuver_intensity_classification,minirocket,naive_time_sync,17,leave_one_sortie_out__fold01,held_out,macro_f1,0.7744107744107743,higher,available,,62,outer_train_smoke_only,True
dingxin_existing_dual_stream,maneuver_intensity_classification,minirocket,naive_time_sync,17,leave_one_sortie_out__fold01,held_out,balanced_accuracy,0.7787878787878788,higher,available,,62,outer_train_smoke_only,True
dingxin_existing_dual_stream,maneuver_intensity_classification,minirocket,naive_time_sync,17,leave_one_sortie_out__fold01,held_out,macro_auprc,0.9114029335687089,higher,available,,62,outer_train_smoke_only,True
dingxin_existing_dual_stream,maneuver_intensity_classification,minirocket,naive_time_sync,17,leave_one_sortie_out__fold01,held_out,brier_score,0.4028947468156665,lower,available,,62,outer_train_smoke_only,True
dingxin_existing_dual_stream,maneuver_intensity_classification,minirocket,naive_time_sync,17,leave_one_sortie_out__fold01,held_out,ece_10_bins,0.18160210628976312,lower,available,,62,outer_train_smoke_only,True
dingxin_existing_dual_stream,physiology_response_regression,minirocket,naive_time_sync,17,leave_one_sortie_out__fold01,held_out,mae,0.7599435597658157,lower,available,,60,outer_train_smoke_only,True
dingxin_existing_dual_stream,physiology_response_regression,minirocket,naive_time_sync,17,leave_one_sortie_out__fold01,held_out,rmse,0.8568082676176957,lower,available,,60,outer_train_smoke_only,True
dingxin_existing_dual_stream,physiology_response_regression,minirocket,naive_time_sync,17,leave_one_sortie_out__fold01,held_out,spearman,0.3672918897478266,higher,available,,60,outer_train_smoke_only,True
dingxin_existing_dual_stream,high_physiology_response_classification,minirocket,naive_time_sync,17,leave_one_sortie_out__fold01,held_out,macro_f1,0.5238095238095238,higher,available,,60,outer_train_smoke_only,True
dingxin_existing_dual_stream,high_physiology_response_classification,minirocket,naive_time_sync,17,leave_one_sortie_out__fold01,held_out,balanced_accuracy,0.6634615384615384,higher,available,,60,outer_train_smoke_only,True
dingxin_existing_dual_stream,high_physiology_response_classification,minirocket,naive_time_sync,17,leave_one_sortie_out__fold01,held_out,macro_auprc,0.563651659214603,higher,available,,60,outer_train_smoke_only,True
dingxin_existing_dual_stream,high_physiology_response_classification,minirocket,naive_time_sync,17,leave_one_sortie_out__fold01,held_out,brier_score,0.708559345494915,lower,available,,60,outer_train_smoke_only,True
dingxin_existing_dual_stream,high_physiology_response_classification,minirocket,naive_time_sync,17,leave_one_sortie_out__fold01,held_out,ece_10_bins,0.3369925470810344,lower,available,,60,outer_train_smoke_only,True
dingxin_existing_dual_stream,high_physiology_response_classification,minirocket,naive_time_sync,17,leave_one_sortie_out__fold01,held_out,high_response_recall,0.75,higher,available,,60,outer_train_smoke_only,True
dingxin_existing_dual_stream,maneuver_intensity_classification,linear,mult,17,leave_one_sortie_out__fold01,validation,macro_f1,0.19999999999999998,higher,available,,7,outer_train_smoke_only,True
dingxin_existing_dual_stream,maneuver_intensity_classification,linear,mult,17,leave_one_sortie_out__fold01,validation,balanced_accuracy,0.3333333333333333,higher,available,,7,outer_train_smoke_only,True
dingxin_existing_dual_stream,maneuver_intensity_classification,linear,mult,17,leave_one_sortie_out__fold01,validation,macro_auprc,0.40687830687830684,higher,available,,7,outer_train_smoke_only,True
dingxin_existing_dual_stream,maneuver_intensity_classification,linear,mult,17,leave_one_sortie_out__fold01,validation,brier_score,1.1428199888251673,lower,available,,7,outer_train_smoke_only,True
dingxin_existing_dual_stream,maneuver_intensity_classification,linear,mult,17,leave_one_sortie_out__fold01,validation,ece_10_bins,0.571252332864677,lower,available,,7,outer_train_smoke_only,True
dingxin_existing_dual_stream,physiology_response_regression,linear,mult,17,leave_one_sortie_out__fold01,validation,mae,1.304059237241745,lower,available,,6,outer_train_smoke_only,True
dingxin_existing_dual_stream,physiology_response_regression,linear,mult,17,leave_one_sortie_out__fold01,validation,rmse,1.497870712544265,lower,available,,6,outer_train_smoke_only,True
dingxin_existing_dual_stream,physiology_response_regression,linear,mult,17,leave_one_sortie_out__fold01,validation,spearman,0.6,higher,available,,6,outer_train_smoke_only,True
dingxin_existing_dual_stream,high_physiology_response_classification,linear,mult,17,leave_one_sortie_out__fold01,validation,macro_f1,0.45454545454545453,higher,available,,6,outer_train_smoke_only,True
dingxin_existing_dual_stream,high_physiology_response_classification,linear,mult,17,leave_one_sortie_out__fold01,validation,balanced_accuracy,0.5,higher,available,,6,outer_train_smoke_only,True
dingxin_existing_dual_stream,high_physiology_response_classification,linear,mult,17,leave_one_sortie_out__fold01,validation,macro_auprc,1.0,higher,available,,6,outer_train_smoke_only,True
dingxin_existing_dual_stream,high_physiology_response_classification,linear,mult,17,leave_one_sortie_out__fold01,validation,brier_score,0.30535086012520324,lower,available,,6,outer_train_smoke_only,True
dingxin_existing_dual_stream,high_physiology_response_classification,linear,mult,17,leave_one_sortie_out__fold01,validation,ece_10_bins,0.1587880672850105,lower,available,,6,outer_train_smoke_only,True
dingxin_existing_dual_stream,high_physiology_response_classification,linear,mult,17,leave_one_sortie_out__fold01,validation,high_response_recall,0.0,higher,available,,6,outer_train_smoke_only,True
dingxin_existing_dual_stream,maneuver_intensity_classification,minirocket,mult,17,leave_one_sortie_out__fold01,validation,macro_f1,0.19999999999999998,higher,available,,7,outer_train_smoke_only,True
dingxin_existing_dual_stream,maneuver_intensity_classification,minirocket,mult,17,leave_one_sortie_out__fold01,validation,balanced_accuracy,0.3333333333333333,higher,available,,7,outer_train_smoke_only,True
dingxin_existing_dual_stream,maneuver_intensity_classification,minirocket,mult,17,leave_one_sortie_out__fold01,validation,macro_auprc,0.42910052910052904,higher,available,,7,outer_train_smoke_only,True
dingxin_existing_dual_stream,maneuver_intensity_classification,minirocket,mult,17,leave_one_sortie_out__fold01,validation,brier_score,1.1246015687808468,lower,available,,7,outer_train_smoke_only,True
dingxin_existing_dual_stream,maneuver_intensity_classification,minirocket,mult,17,leave_one_sortie_out__fold01,validation,ece_10_bins,0.6481141700352357,lower,available,,7,outer_train_smoke_only,True
dingxin_existing_dual_stream,physiology_response_regression,minirocket,mult,17,leave_one_sortie_out__fold01,validation,mae,0.2609492341677348,lower,available,,6,outer_train_smoke_only,True
dingxin_existing_dual_stream,physiology_response_regression,minirocket,mult,17,leave_one_sortie_out__fold01,validation,rmse,0.3035429698669889,lower,available,,6,outer_train_smoke_only,True
dingxin_existing_dual_stream,physiology_response_regression,minirocket,mult,17,leave_one_sortie_out__fold01,validation,spearman,-0.5428571428571429,higher,available,,6,outer_train_smoke_only,True
dingxin_existing_dual_stream,high_physiology_response_classification,minirocket,mult,17,leave_one_sortie_out__fold01,validation,macro_f1,0.45454545454545453,higher,available,,6,outer_train_smoke_only,True
dingxin_existing_dual_stream,high_physiology_response_classification,minirocket,mult,17,leave_one_sortie_out__fold01,validation,balanced_accuracy,0.5,higher,available,,6,outer_train_smoke_only,True
dingxin_existing_dual_stream,high_physiology_response_classification,minirocket,mult,17,leave_one_sortie_out__fold01,validation,macro_auprc,1.0,higher,available,,6,outer_train_smoke_only,True
dingxin_existing_dual_stream,high_physiology_response_classification,minirocket,mult,17,leave_one_sortie_out__fold01,validation,brier_score,0.31989486898410874,lower,available,,6,outer_train_smoke_only,True
dingxin_existing_dual_stream,high_physiology_response_classification,minirocket,mult,17,leave_one_sortie_out__fold01,validation,ece_10_bins,0.15627013471373807,lower,available,,6,outer_train_smoke_only,True
dingxin_existing_dual_stream,high_physiology_response_classification,minirocket,mult,17,leave_one_sortie_out__fold01,validation,high_response_recall,0.0,higher,available,,6,outer_train_smoke_only,True
dingxin_existing_dual_stream,maneuver_intensity_classification,linear,mult,17,leave_one_sortie_out__fold01,held_out,macro_f1,0.23081232492997197,higher,available,,62,outer_train_smoke_only,True
dingxin_existing_dual_stream,maneuver_intensity_classification,linear,mult,17,leave_one_sortie_out__fold01,held_out,balanced_accuracy,0.3272727272727273,higher,available,,62,outer_train_smoke_only,True
dingxin_existing_dual_stream,maneuver_intensity_classification,linear,mult,17,leave_one_sortie_out__fold01,held_out,macro_auprc,0.539547977091214,higher,available,,62,outer_train_smoke_only,True
dingxin_existing_dual_stream,maneuver_intensity_classification,linear,mult,17,leave_one_sortie_out__fold01,held_out,brier_score,1.258209315546085,lower,available,,62,outer_train_smoke_only,True
dingxin_existing_dual_stream,maneuver_intensity_classification,linear,mult,17,leave_one_sortie_out__fold01,held_out,ece_10_bins,0.6447992864633273,lower,available,,62,outer_train_smoke_only,True
dingxin_existing_dual_stream,physiology_response_regression,linear,mult,17,leave_one_sortie_out__fold01,held_out,mae,1.1798195312420527,lower,available,,60,outer_train_smoke_only,True
dingxin_existing_dual_stream,physiology_response_regression,linear,mult,17,leave_one_sortie_out__fold01,held_out,rmse,1.5857054298465958,lower,available,,60,outer_train_smoke_only,True
dingxin_existing_dual_stream,physiology_response_regression,linear,mult,17,leave_one_sortie_out__fold01,held_out,spearman,-0.2182424916573971,higher,available,,60,outer_train_smoke_only,True
dingxin_existing_dual_stream,high_physiology_response_classification,linear,mult,17,leave_one_sortie_out__fold01,held_out,macro_f1,0.4642857142857143,higher,available,,60,outer_train_smoke_only,True
dingxin_existing_dual_stream,high_physiology_response_classification,linear,mult,17,leave_one_sortie_out__fold01,held_out,balanced_accuracy,0.5,higher,available,,60,outer_train_smoke_only,True
dingxin_existing_dual_stream,high_physiology_response_classification,linear,mult,17,leave_one_sortie_out__fold01,held_out,macro_auprc,0.4892340169820437,higher,available,,60,outer_train_smoke_only,True
dingxin_existing_dual_stream,high_physiology_response_classification,linear,mult,17,leave_one_sortie_out__fold01,held_out,brier_score,0.266666666511658,lower,available,,60,outer_train_smoke_only,True
dingxin_existing_dual_stream,high_physiology_response_classification,linear,mult,17,leave_one_sortie_out__fold01,held_out,ece_10_bins,0.13333333196606612,lower,available,,60,outer_train_smoke_only,True
dingxin_existing_dual_stream,high_physiology_response_classification,linear,mult,17,leave_one_sortie_out__fold01,held_out,high_response_recall,0.0,higher,available,,60,outer_train_smoke_only,True
dingxin_existing_dual_stream,maneuver_intensity_classification,minirocket,mult,17,leave_one_sortie_out__fold01,held_out,macro_f1,0.6071428571428571,higher,available,,62,outer_train_smoke_only,True
dingxin_existing_dual_stream,maneuver_intensity_classification,minirocket,mult,17,leave_one_sortie_out__fold01,held_out,balanced_accuracy,0.6090909090909091,higher,available,,62,outer_train_smoke_only,True
dingxin_existing_dual_stream,maneuver_intensity_classification,minirocket,mult,17,leave_one_sortie_out__fold01,held_out,macro_auprc,0.7916418441909406,higher,available,,62,outer_train_smoke_only,True
dingxin_existing_dual_stream,maneuver_intensity_classification,minirocket,mult,17,leave_one_sortie_out__fold01,held_out,brier_score,0.5151947605513663,lower,available,,62,outer_train_smoke_only,True
dingxin_existing_dual_stream,maneuver_intensity_classification,minirocket,mult,17,leave_one_sortie_out__fold01,held_out,ece_10_bins,0.20624565620741722,lower,available,,62,outer_train_smoke_only,True
dingxin_existing_dual_stream,physiology_response_regression,minirocket,mult,17,leave_one_sortie_out__fold01,held_out,mae,0.5956328521172206,lower,available,,60,outer_train_smoke_only,True
dingxin_existing_dual_stream,physiology_response_regression,minirocket,mult,17,leave_one_sortie_out__fold01,held_out,rmse,0.6504004058086289,lower,available,,60,outer_train_smoke_only,True
dingxin_existing_dual_stream,physiology_response_regression,minirocket,mult,17,leave_one_sortie_out__fold01,held_out,spearman,0.2427141268075639,higher,available,,60,outer_train_smoke_only,True
dingxin_existing_dual_stream,high_physiology_response_classification,minirocket,mult,17,leave_one_sortie_out__fold01,held_out,macro_f1,0.47916666666666663,higher,available,,60,outer_train_smoke_only,True
dingxin_existing_dual_stream,high_physiology_response_classification,minirocket,mult,17,leave_one_sortie_out__fold01,held_out,balanced_accuracy,0.49038461538461536,higher,available,,60,outer_train_smoke_only,True
dingxin_existing_dual_stream,high_physiology_response_classification,minirocket,mult,17,leave_one_sortie_out__fold01,held_out,macro_auprc,0.5219711639222682,higher,available,,60,outer_train_smoke_only,True
dingxin_existing_dual_stream,high_physiology_response_classification,minirocket,mult,17,leave_one_sortie_out__fold01,held_out,brier_score,0.6017564428679206,lower,available,,60,outer_train_smoke_only,True
dingxin_existing_dual_stream,high_physiology_response_classification,minirocket,mult,17,leave_one_sortie_out__fold01,held_out,ece_10_bins,0.3278200701739067,lower,available,,60,outer_train_smoke_only,True
dingxin_existing_dual_stream,high_physiology_response_classification,minirocket,mult,17,leave_one_sortie_out__fold01,held_out,high_response_recall,0.25,higher,available,,60,outer_train_smoke_only,True
dingxin_existing_dual_stream,maneuver_intensity_classification,linear,contiformer,17,leave_one_sortie_out__fold01,validation,macro_f1,0.14814814814814814,higher,available,,7,outer_train_smoke_only,True
dingxin_existing_dual_stream,maneuver_intensity_classification,linear,contiformer,17,leave_one_sortie_out__fold01,validation,balanced_accuracy,0.2222222222222222,higher,available,,7,outer_train_smoke_only,True
dingxin_existing_dual_stream,maneuver_intensity_classification,linear,contiformer,17,leave_one_sortie_out__fold01,validation,macro_auprc,0.5142857142857143,higher,available,,7,outer_train_smoke_only,True
dingxin_existing_dual_stream,maneuver_intensity_classification,linear,contiformer,17,leave_one_sortie_out__fold01,validation,brier_score,1.291857610232151,lower,available,,7,outer_train_smoke_only,True
dingxin_existing_dual_stream,maneuver_intensity_classification,linear,contiformer,17,leave_one_sortie_out__fold01,validation,ece_10_bins,0.6537678823382755,lower,available,,7,outer_train_smoke_only,True
dingxin_existing_dual_stream,physiology_response_regression,linear,contiformer,17,leave_one_sortie_out__fold01,validation,mae,0.42209939161936444,lower,available,,6,outer_train_smoke_only,True
dingxin_existing_dual_stream,physiology_response_regression,linear,contiformer,17,leave_one_sortie_out__fold01,validation,rmse,0.47288692921295233,lower,available,,6,outer_train_smoke_only,True
dingxin_existing_dual_stream,physiology_response_regression,linear,contiformer,17,leave_one_sortie_out__fold01,validation,spearman,0.4285714285714286,higher,available,,6,outer_train_smoke_only,True
dingxin_existing_dual_stream,high_physiology_response_classification,linear,contiformer,17,leave_one_sortie_out__fold01,validation,macro_f1,0.45454545454545453,higher,available,,6,outer_train_smoke_only,True
dingxin_existing_dual_stream,high_physiology_response_classification,linear,contiformer,17,leave_one_sortie_out__fold01,validation,balanced_accuracy,0.5,higher,available,,6,outer_train_smoke_only,True
dingxin_existing_dual_stream,high_physiology_response_classification,linear,contiformer,17,leave_one_sortie_out__fold01,validation,macro_auprc,0.7333333333333333,higher,available,,6,outer_train_smoke_only,True
dingxin_existing_dual_stream,high_physiology_response_classification,linear,contiformer,17,leave_one_sortie_out__fold01,validation,brier_score,0.3037813158891551,lower,available,,6,outer_train_smoke_only,True
dingxin_existing_dual_stream,high_physiology_response_classification,linear,contiformer,17,leave_one_sortie_out__fold01,validation,ece_10_bins,0.1826306912955166,lower,available,,6,outer_train_smoke_only,True
dingxin_existing_dual_stream,high_physiology_response_classification,linear,contiformer,17,leave_one_sortie_out__fold01,validation,high_response_recall,0.0,higher,available,,6,outer_train_smoke_only,True
dingxin_existing_dual_stream,maneuver_intensity_classification,minirocket,contiformer,17,leave_one_sortie_out__fold01,validation,macro_f1,0.08333333333333333,higher,available,,7,outer_train_smoke_only,True
dingxin_existing_dual_stream,maneuver_intensity_classification,minirocket,contiformer,17,leave_one_sortie_out__fold01,validation,balanced_accuracy,0.1111111111111111,higher,available,,7,outer_train_smoke_only,True
dingxin_existing_dual_stream,maneuver_intensity_classification,minirocket,contiformer,17,leave_one_sortie_out__fold01,validation,macro_auprc,0.3818783068783069,higher,available,,7,outer_train_smoke_only,True
dingxin_existing_dual_stream,maneuver_intensity_classification,minirocket,contiformer,17,leave_one_sortie_out__fold01,validation,brier_score,1.333629396846659,lower,available,,7,outer_train_smoke_only,True
dingxin_existing_dual_stream,maneuver_intensity_classification,minirocket,contiformer,17,leave_one_sortie_out__fold01,validation,ece_10_bins,0.62915344135238,lower,available,,7,outer_train_smoke_only,True
dingxin_existing_dual_stream,physiology_response_regression,minirocket,contiformer,17,leave_one_sortie_out__fold01,validation,mae,0.35557982325553894,lower,available,,6,outer_train_smoke_only,True
dingxin_existing_dual_stream,physiology_response_regression,minirocket,contiformer,17,leave_one_sortie_out__fold01,validation,rmse,0.48643074380825335,lower,available,,6,outer_train_smoke_only,True
dingxin_existing_dual_stream,physiology_response_regression,minirocket,contiformer,17,leave_one_sortie_out__fold01,validation,spearman,-0.3714285714285715,higher,available,,6,outer_train_smoke_only,True
dingxin_existing_dual_stream,high_physiology_response_classification,minirocket,contiformer,17,leave_one_sortie_out__fold01,validation,macro_f1,0.45454545454545453,higher,available,,6,outer_train_smoke_only,True
dingxin_existing_dual_stream,high_physiology_response_classification,minirocket,contiformer,17,leave_one_sortie_out__fold01,validation,balanced_accuracy,0.5,higher,available,,6,outer_train_smoke_only,True
dingxin_existing_dual_stream,high_physiology_response_classification,minirocket,contiformer,17,leave_one_sortie_out__fold01,validation,macro_auprc,0.7333333333333333,higher,available,,6,outer_train_smoke_only,True
dingxin_existing_dual_stream,high_physiology_response_classification,minirocket,contiformer,17,leave_one_sortie_out__fold01,validation,brier_score,0.31777875800746763,lower,available,,6,outer_train_smoke_only,True
dingxin_existing_dual_stream,high_physiology_response_classification,minirocket,contiformer,17,leave_one_sortie_out__fold01,validation,ece_10_bins,0.14323292418569766,lower,available,,6,outer_train_smoke_only,True
dingxin_existing_dual_stream,high_physiology_response_classification,minirocket,contiformer,17,leave_one_sortie_out__fold01,validation,high_response_recall,0.0,higher,available,,6,outer_train_smoke_only,True
dingxin_existing_dual_stream,maneuver_intensity_classification,linear,contiformer,17,leave_one_sortie_out__fold01,held_out,macro_f1,0.3118440779610195,higher,available,,62,outer_train_smoke_only,True
dingxin_existing_dual_stream,maneuver_intensity_classification,linear,contiformer,17,leave_one_sortie_out__fold01,held_out,balanced_accuracy,0.38181818181818183,higher,available,,62,outer_train_smoke_only,True
dingxin_existing_dual_stream,maneuver_intensity_classification,linear,contiformer,17,leave_one_sortie_out__fold01,held_out,macro_auprc,0.6213139003664252,higher,available,,62,outer_train_smoke_only,True
dingxin_existing_dual_stream,maneuver_intensity_classification,linear,contiformer,17,leave_one_sortie_out__fold01,held_out,brier_score,1.116706962174517,lower,available,,62,outer_train_smoke_only,True
dingxin_existing_dual_stream,maneuver_intensity_classification,linear,contiformer,17,leave_one_sortie_out__fold01,held_out,ece_10_bins,0.571924411487556,lower,available,,62,outer_train_smoke_only,True
dingxin_existing_dual_stream,physiology_response_regression,linear,contiformer,17,leave_one_sortie_out__fold01,held_out,mae,3.5564602146546047,lower,available,,60,outer_train_smoke_only,True
dingxin_existing_dual_stream,physiology_response_regression,linear,contiformer,17,leave_one_sortie_out__fold01,held_out,rmse,3.6792668759795286,lower,available,,60,outer_train_smoke_only,True
dingxin_existing_dual_stream,physiology_response_regression,linear,contiformer,17,leave_one_sortie_out__fold01,held_out,spearman,0.22313371618235622,higher,available,,60,outer_train_smoke_only,True
dingxin_existing_dual_stream,high_physiology_response_classification,linear,contiformer,17,leave_one_sortie_out__fold01,held_out,macro_f1,0.45454545454545453,higher,available,,60,outer_train_smoke_only,True
dingxin_existing_dual_stream,high_physiology_response_classification,linear,contiformer,17,leave_one_sortie_out__fold01,held_out,balanced_accuracy,0.4807692307692308,higher,available,,60,outer_train_smoke_only,True
dingxin_existing_dual_stream,high_physiology_response_classification,linear,contiformer,17,leave_one_sortie_out__fold01,held_out,macro_auprc,0.5588659848504455,higher,available,,60,outer_train_smoke_only,True
dingxin_existing_dual_stream,high_physiology_response_classification,linear,contiformer,17,leave_one_sortie_out__fold01,held_out,brier_score,0.2967711536141953,lower,available,,60,outer_train_smoke_only,True
dingxin_existing_dual_stream,high_physiology_response_classification,linear,contiformer,17,leave_one_sortie_out__fold01,held_out,ece_10_bins,0.15465878989033188,lower,available,,60,outer_train_smoke_only,True
dingxin_existing_dual_stream,high_physiology_response_classification,linear,contiformer,17,leave_one_sortie_out__fold01,held_out,high_response_recall,0.0,higher,available,,60,outer_train_smoke_only,True
dingxin_existing_dual_stream,maneuver_intensity_classification,minirocket,contiformer,17,leave_one_sortie_out__fold01,held_out,macro_f1,0.6860363578629833,higher,available,,62,outer_train_smoke_only,True
dingxin_existing_dual_stream,maneuver_intensity_classification,minirocket,contiformer,17,leave_one_sortie_out__fold01,held_out,balanced_accuracy,0.6757575757575758,higher,available,,62,outer_train_smoke_only,True
dingxin_existing_dual_stream,maneuver_intensity_classification,minirocket,contiformer,17,leave_one_sortie_out__fold01,held_out,macro_auprc,0.8669402710579183,higher,available,,62,outer_train_smoke_only,True
dingxin_existing_dual_stream,maneuver_intensity_classification,minirocket,contiformer,17,leave_one_sortie_out__fold01,held_out,brier_score,0.5204350368843378,lower,available,,62,outer_train_smoke_only,True
dingxin_existing_dual_stream,maneuver_intensity_classification,minirocket,contiformer,17,leave_one_sortie_out__fold01,held_out,ece_10_bins,0.2580482523203361,lower,available,,62,outer_train_smoke_only,True
dingxin_existing_dual_stream,physiology_response_regression,minirocket,contiformer,17,leave_one_sortie_out__fold01,held_out,mae,0.5170302341381708,lower,available,,60,outer_train_smoke_only,True
dingxin_existing_dual_stream,physiology_response_regression,minirocket,contiformer,17,leave_one_sortie_out__fold01,held_out,rmse,0.6590770948494589,lower,available,,60,outer_train_smoke_only,True
dingxin_existing_dual_stream,physiology_response_regression,minirocket,contiformer,17,leave_one_sortie_out__fold01,held_out,spearman,0.19198843177006322,higher,available,,60,outer_train_smoke_only,True
dingxin_existing_dual_stream,high_physiology_response_classification,minirocket,contiformer,17,leave_one_sortie_out__fold01,held_out,macro_f1,0.4990723562152134,higher,available,,60,outer_train_smoke_only,True
dingxin_existing_dual_stream,high_physiology_response_classification,minirocket,contiformer,17,leave_one_sortie_out__fold01,held_out,balanced_accuracy,0.5096153846153846,higher,available,,60,outer_train_smoke_only,True
dingxin_existing_dual_stream,high_physiology_response_classification,minirocket,contiformer,17,leave_one_sortie_out__fold01,held_out,macro_auprc,0.5632344454934131,higher,available,,60,outer_train_smoke_only,True
dingxin_existing_dual_stream,high_physiology_response_classification,minirocket,contiformer,17,leave_one_sortie_out__fold01,held_out,brier_score,0.5900448876329067,lower,available,,60,outer_train_smoke_only,True
dingxin_existing_dual_stream,high_physiology_response_classification,minirocket,contiformer,17,leave_one_sortie_out__fold01,held_out,ece_10_bins,0.29502314675563224,lower,available,,60,outer_train_smoke_only,True
dingxin_existing_dual_stream,high_physiology_response_classification,minirocket,contiformer,17,leave_one_sortie_out__fold01,held_out,high_response_recall,0.25,higher,available,,60,outer_train_smoke_only,True
dingxin_existing_dual_stream,maneuver_intensity_classification,linear,chronaris,17,leave_one_sortie_out__fold01,validation,macro_f1,0.19999999999999998,higher,available,,7,outer_train_smoke_only,True
dingxin_existing_dual_stream,maneuver_intensity_classification,linear,chronaris,17,leave_one_sortie_out__fold01,validation,balanced_accuracy,0.3333333333333333,higher,available,,7,outer_train_smoke_only,True
dingxin_existing_dual_stream,maneuver_intensity_classification,linear,chronaris,17,leave_one_sortie_out__fold01,validation,macro_auprc,0.4833333333333332,higher,available,,7,outer_train_smoke_only,True
dingxin_existing_dual_stream,maneuver_intensity_classification,linear,chronaris,17,leave_one_sortie_out__fold01,validation,brier_score,1.0839745219224173,lower,available,,7,outer_train_smoke_only,True
dingxin_existing_dual_stream,maneuver_intensity_classification,linear,chronaris,17,leave_one_sortie_out__fold01,validation,ece_10_bins,0.535466977242126,lower,available,,7,outer_train_smoke_only,True
dingxin_existing_dual_stream,physiology_response_regression,linear,chronaris,17,leave_one_sortie_out__fold01,validation,mae,0.9789484043916067,lower,available,,6,outer_train_smoke_only,True
dingxin_existing_dual_stream,physiology_response_regression,linear,chronaris,17,leave_one_sortie_out__fold01,validation,rmse,1.2334135314205754,lower,available,,6,outer_train_smoke_only,True
dingxin_existing_dual_stream,physiology_response_regression,linear,chronaris,17,leave_one_sortie_out__fold01,validation,spearman,0.14285714285714288,higher,available,,6,outer_train_smoke_only,True
dingxin_existing_dual_stream,high_physiology_response_classification,linear,chronaris,17,leave_one_sortie_out__fold01,validation,macro_f1,0.45454545454545453,higher,available,,6,outer_train_smoke_only,True
dingxin_existing_dual_stream,high_physiology_response_classification,linear,chronaris,17,leave_one_sortie_out__fold01,validation,balanced_accuracy,0.5,higher,available,,6,outer_train_smoke_only,True
dingxin_existing_dual_stream,high_physiology_response_classification,linear,chronaris,17,leave_one_sortie_out__fold01,validation,macro_auprc,0.5633333333333334,higher,available,,6,outer_train_smoke_only,True
dingxin_existing_dual_stream,high_physiology_response_classification,linear,chronaris,17,leave_one_sortie_out__fold01,validation,brier_score,0.3240882431374742,lower,available,,6,outer_train_smoke_only,True
dingxin_existing_dual_stream,high_physiology_response_classification,linear,chronaris,17,leave_one_sortie_out__fold01,validation,ece_10_bins,0.124076876954615,lower,available,,6,outer_train_smoke_only,True
dingxin_existing_dual_stream,high_physiology_response_classification,linear,chronaris,17,leave_one_sortie_out__fold01,validation,high_response_recall,0.0,higher,available,,6,outer_train_smoke_only,True
dingxin_existing_dual_stream,maneuver_intensity_classification,minirocket,chronaris,17,leave_one_sortie_out__fold01,validation,macro_f1,0.19999999999999998,higher,available,,7,outer_train_smoke_only,True
dingxin_existing_dual_stream,maneuver_intensity_classification,minirocket,chronaris,17,leave_one_sortie_out__fold01,validation,balanced_accuracy,0.3333333333333333,higher,available,,7,outer_train_smoke_only,True
dingxin_existing_dual_stream,maneuver_intensity_classification,minirocket,chronaris,17,leave_one_sortie_out__fold01,validation,macro_auprc,0.7305555555555555,higher,available,,7,outer_train_smoke_only,True
dingxin_existing_dual_stream,maneuver_intensity_classification,minirocket,chronaris,17,leave_one_sortie_out__fold01,validation,brier_score,1.1404157662090928,lower,available,,7,outer_train_smoke_only,True
dingxin_existing_dual_stream,maneuver_intensity_classification,minirocket,chronaris,17,leave_one_sortie_out__fold01,validation,ece_10_bins,0.5701827617490001,lower,available,,7,outer_train_smoke_only,True
dingxin_existing_dual_stream,physiology_response_regression,minirocket,chronaris,17,leave_one_sortie_out__fold01,validation,mae,0.19373746713002524,lower,available,,6,outer_train_smoke_only,True
dingxin_existing_dual_stream,physiology_response_regression,minirocket,chronaris,17,leave_one_sortie_out__fold01,validation,rmse,0.23939772714929847,lower,available,,6,outer_train_smoke_only,True
dingxin_existing_dual_stream,physiology_response_regression,minirocket,chronaris,17,leave_one_sortie_out__fold01,validation,spearman,0.6571428571428573,higher,available,,6,outer_train_smoke_only,True
dingxin_existing_dual_stream,high_physiology_response_classification,minirocket,chronaris,17,leave_one_sortie_out__fold01,validation,macro_f1,0.45454545454545453,higher,available,,6,outer_train_smoke_only,True
dingxin_existing_dual_stream,high_physiology_response_classification,minirocket,chronaris,17,leave_one_sortie_out__fold01,validation,balanced_accuracy,0.5,higher,available,,6,outer_train_smoke_only,True
dingxin_existing_dual_stream,high_physiology_response_classification,minirocket,chronaris,17,leave_one_sortie_out__fold01,validation,macro_auprc,1.0,higher,available,,6,outer_train_smoke_only,True
dingxin_existing_dual_stream,high_physiology_response_classification,minirocket,chronaris,17,leave_one_sortie_out__fold01,validation,brier_score,0.2263764106506183,lower,available,,6,outer_train_smoke_only,True
dingxin_existing_dual_stream,high_physiology_response_classification,minirocket,chronaris,17,leave_one_sortie_out__fold01,validation,ece_10_bins,0.083562355414313,lower,available,,6,outer_train_smoke_only,True
dingxin_existing_dual_stream,high_physiology_response_classification,minirocket,chronaris,17,leave_one_sortie_out__fold01,validation,high_response_recall,0.0,higher,available,,6,outer_train_smoke_only,True
dingxin_existing_dual_stream,maneuver_intensity_classification,linear,chronaris,17,leave_one_sortie_out__fold01,held_out,macro_f1,0.16260162601626016,higher,available,,62,outer_train_smoke_only,True
dingxin_existing_dual_stream,maneuver_intensity_classification,linear,chronaris,17,leave_one_sortie_out__fold01,held_out,balanced_accuracy,0.3333333333333333,higher,available,,62,outer_train_smoke_only,True
dingxin_existing_dual_stream,maneuver_intensity_classification,linear,chronaris,17,leave_one_sortie_out__fold01,held_out,macro_auprc,0.3848236927312542,higher,available,,62,outer_train_smoke_only,True
dingxin_existing_dual_stream,maneuver_intensity_classification,linear,chronaris,17,leave_one_sortie_out__fold01,held_out,brier_score,1.3548387096753962,lower,available,,62,outer_train_smoke_only,True
dingxin_existing_dual_stream,maneuver_intensity_classification,linear,chronaris,17,leave_one_sortie_out__fold01,held_out,ece_10_bins,0.6774193548374512,lower,available,,62,outer_train_smoke_only,True
dingxin_existing_dual_stream,physiology_response_regression,linear,chronaris,17,leave_one_sortie_out__fold01,held_out,mae,11.743556335568428,lower,available,,60,outer_train_smoke_only,True
dingxin_existing_dual_stream,physiology_response_regression,linear,chronaris,17,leave_one_sortie_out__fold01,held_out,rmse,11.776282199891973,lower,available,,60,outer_train_smoke_only,True
dingxin_existing_dual_stream,physiology_response_regression,linear,chronaris,17,leave_one_sortie_out__fold01,held_out,spearman,-0.03537214443967561,higher,available,,60,outer_train_smoke_only,True
dingxin_existing_dual_stream,high_physiology_response_classification,linear,chronaris,17,leave_one_sortie_out__fold01,held_out,macro_f1,0.11764705882352941,higher,available,,60,outer_train_smoke_only,True
dingxin_existing_dual_stream,high_physiology_response_classification,linear,chronaris,17,leave_one_sortie_out__fold01,held_out,balanced_accuracy,0.5,higher,available,,60,outer_train_smoke_only,True
dingxin_existing_dual_stream,high_physiology_response_classification,linear,chronaris,17,leave_one_sortie_out__fold01,held_out,macro_auprc,0.598218641514975,higher,available,,60,outer_train_smoke_only,True
dingxin_existing_dual_stream,high_physiology_response_classification,linear,chronaris,17,leave_one_sortie_out__fold01,held_out,brier_score,1.7333333333314362,lower,available,,60,outer_train_smoke_only,True
dingxin_existing_dual_stream,high_physiology_response_classification,linear,chronaris,17,leave_one_sortie_out__fold01,held_out,ece_10_bins,0.8666666666661426,lower,available,,60,outer_train_smoke_only,True
dingxin_existing_dual_stream,high_physiology_response_classification,linear,chronaris,17,leave_one_sortie_out__fold01,held_out,high_response_recall,1.0,higher,available,,60,outer_train_smoke_only,True
dingxin_existing_dual_stream,maneuver_intensity_classification,minirocket,chronaris,17,leave_one_sortie_out__fold01,held_out,macro_f1,0.4125465178096757,higher,available,,62,outer_train_smoke_only,True
dingxin_existing_dual_stream,maneuver_intensity_classification,minirocket,chronaris,17,leave_one_sortie_out__fold01,held_out,balanced_accuracy,0.503030303030303,higher,available,,62,outer_train_smoke_only,True
dingxin_existing_dual_stream,maneuver_intensity_classification,minirocket,chronaris,17,leave_one_sortie_out__fold01,held_out,macro_auprc,0.6188041330678701,higher,available,,62,outer_train_smoke_only,True
dingxin_existing_dual_stream,maneuver_intensity_classification,minirocket,chronaris,17,leave_one_sortie_out__fold01,held_out,brier_score,0.8518959808749123,lower,available,,62,outer_train_smoke_only,True
dingxin_existing_dual_stream,maneuver_intensity_classification,minirocket,chronaris,17,leave_one_sortie_out__fold01,held_out,ece_10_bins,0.38291107104700606,lower,available,,62,outer_train_smoke_only,True
dingxin_existing_dual_stream,physiology_response_regression,minirocket,chronaris,17,leave_one_sortie_out__fold01,held_out,mae,0.35734639267126717,lower,available,,60,outer_train_smoke_only,True
dingxin_existing_dual_stream,physiology_response_regression,minirocket,chronaris,17,leave_one_sortie_out__fold01,held_out,rmse,0.4521577247854472,lower,available,,60,outer_train_smoke_only,True
dingxin_existing_dual_stream,physiology_response_regression,minirocket,chronaris,17,leave_one_sortie_out__fold01,held_out,spearman,0.31123037780569923,higher,available,,60,outer_train_smoke_only,True
dingxin_existing_dual_stream,high_physiology_response_classification,minirocket,chronaris,17,leave_one_sortie_out__fold01,held_out,macro_f1,0.4642857142857143,higher,available,,60,outer_train_smoke_only,True
dingxin_existing_dual_stream,high_physiology_response_classification,minirocket,chronaris,17,leave_one_sortie_out__fold01,held_out,balanced_accuracy,0.5,higher,available,,60,outer_train_smoke_only,True
dingxin_existing_dual_stream,high_physiology_response_classification,minirocket,chronaris,17,leave_one_sortie_out__fold01,held_out,macro_auprc,0.6320775329371895,higher,available,,60,outer_train_smoke_only,True
dingxin_existing_dual_stream,high_physiology_response_classification,minirocket,chronaris,17,leave_one_sortie_out__fold01,held_out,brier_score,0.2444540692582398,lower,available,,60,outer_train_smoke_only,True
dingxin_existing_dual_stream,high_physiology_response_classification,minirocket,chronaris,17,leave_one_sortie_out__fold01,held_out,ece_10_bins,0.11059840573656782,lower,available,,60,outer_train_smoke_only,True
dingxin_existing_dual_stream,high_physiology_response_classification,minirocket,chronaris,17,leave_one_sortie_out__fold01,held_out,high_response_recall,0.0,higher,available,,60,outer_train_smoke_only,True
dingxin_existing_dual_stream,maneuver_intensity_classification,linear,physiology_only,17,leave_one_sortie_out__fold02,validation,macro_f1,0.0,higher,available,,14,outer_train_smoke_only,True
dingxin_existing_dual_stream,maneuver_intensity_classification,linear,physiology_only,17,leave_one_sortie_out__fold02,validation,balanced_accuracy,0.0,higher,available,,14,outer_train_smoke_only,True
dingxin_existing_dual_stream,maneuver_intensity_classification,linear,physiology_only,17,leave_one_sortie_out__fold02,validation,macro_auprc,0.2965608465608465,higher,available,,14,outer_train_smoke_only,True
dingxin_existing_dual_stream,maneuver_intensity_classification,linear,physiology_only,17,leave_one_sortie_out__fold02,validation,brier_score,1.7797554279191838,lower,available,,14,outer_train_smoke_only,True
dingxin_existing_dual_stream,maneuver_intensity_classification,linear,physiology_only,17,leave_one_sortie_out__fold02,validation,ece_10_bins,0.9251927636838109,lower,available,,14,outer_train_smoke_only,True
dingxin_existing_dual_stream,physiology_response_regression,linear,physiology_only,17,leave_one_sortie_out__fold02,validation,mae,1.10202061633269,lower,available,,12,outer_train_smoke_only,True
dingxin_existing_dual_stream,physiology_response_regression,linear,physiology_only,17,leave_one_sortie_out__fold02,validation,rmse,1.229843607266037,lower,available,,12,outer_train_smoke_only,True
dingxin_existing_dual_stream,physiology_response_regression,linear,physiology_only,17,leave_one_sortie_out__fold02,validation,spearman,0.02857142857142857,higher,available,,12,outer_train_smoke_only,True
dingxin_existing_dual_stream,high_physiology_response_classification,linear,physiology_only,17,leave_one_sortie_out__fold02,validation,macro_f1,0.3333333333333333,higher,available,,12,outer_train_smoke_only,True
dingxin_existing_dual_stream,high_physiology_response_classification,linear,physiology_only,17,leave_one_sortie_out__fold02,validation,balanced_accuracy,0.5,higher,available,,12,outer_train_smoke_only,True
dingxin_existing_dual_stream,high_physiology_response_classification,linear,physiology_only,17,leave_one_sortie_out__fold02,validation,macro_auprc,0.5555555555555556,higher,available,,12,outer_train_smoke_only,True
dingxin_existing_dual_stream,high_physiology_response_classification,linear,physiology_only,17,leave_one_sortie_out__fold02,validation,brier_score,0.9919648547950491,lower,available,,12,outer_train_smoke_only,True
dingxin_existing_dual_stream,high_physiology_response_classification,linear,physiology_only,17,leave_one_sortie_out__fold02,validation,ece_10_bins,0.4968543581701619,lower,available,,12,outer_train_smoke_only,True
dingxin_existing_dual_stream,high_physiology_response_classification,linear,physiology_only,17,leave_one_sortie_out__fold02,validation,high_response_recall,0.0,higher,available,,12,outer_train_smoke_only,True
dingxin_existing_dual_stream,maneuver_intensity_classification,minirocket,physiology_only,17,leave_one_sortie_out__fold02,validation,macro_f1,0.2222222222222222,higher,available,,14,outer_train_smoke_only,True
dingxin_existing_dual_stream,maneuver_intensity_classification,minirocket,physiology_only,17,leave_one_sortie_out__fold02,validation,balanced_accuracy,0.27777777777777773,higher,available,,14,outer_train_smoke_only,True
dingxin_existing_dual_stream,maneuver_intensity_classification,minirocket,physiology_only,17,leave_one_sortie_out__fold02,validation,macro_auprc,0.3667027417027417,higher,available,,14,outer_train_smoke_only,True
dingxin_existing_dual_stream,maneuver_intensity_classification,minirocket,physiology_only,17,leave_one_sortie_out__fold02,validation,brier_score,1.1243349580258764,lower,available,,14,outer_train_smoke_only,True
dingxin_existing_dual_stream,maneuver_intensity_classification,minirocket,physiology_only,17,leave_one_sortie_out__fold02,validation,ece_10_bins,0.5143261224874525,lower,available,,14,outer_train_smoke_only,True
dingxin_existing_dual_stream,physiology_response_regression,minirocket,physiology_only,17,leave_one_sortie_out__fold02,validation,mae,0.8093662361303965,lower,available,,12,outer_train_smoke_only,True
dingxin_existing_dual_stream,physiology_response_regression,minirocket,physiology_only,17,leave_one_sortie_out__fold02,validation,rmse,0.9357521235103422,lower,available,,12,outer_train_smoke_only,True
dingxin_existing_dual_stream,physiology_response_regression,minirocket,physiology_only,17,leave_one_sortie_out__fold02,validation,spearman,-0.2566848997764746,higher,available,,12,outer_train_smoke_only,True
dingxin_existing_dual_stream,high_physiology_response_classification,minirocket,physiology_only,17,leave_one_sortie_out__fold02,validation,macro_f1,0.3333333333333333,higher,available,,12,outer_train_smoke_only,True
dingxin_existing_dual_stream,high_physiology_response_classification,minirocket,physiology_only,17,leave_one_sortie_out__fold02,validation,balanced_accuracy,0.5,higher,available,,12,outer_train_smoke_only,True
dingxin_existing_dual_stream,high_physiology_response_classification,minirocket,physiology_only,17,leave_one_sortie_out__fold02,validation,macro_auprc,0.4517676767676768,higher,available,,12,outer_train_smoke_only,True
dingxin_existing_dual_stream,high_physiology_response_classification,minirocket,physiology_only,17,leave_one_sortie_out__fold02,validation,brier_score,0.9999538276927508,lower,available,,12,outer_train_smoke_only,True
dingxin_existing_dual_stream,high_physiology_response_classification,minirocket,physiology_only,17,leave_one_sortie_out__fold02,validation,ece_10_bins,0.49993031431778634,lower,available,,12,outer_train_smoke_only,True
dingxin_existing_dual_stream,high_physiology_response_classification,minirocket,physiology_only,17,leave_one_sortie_out__fold02,validation,high_response_recall,0.0,higher,available,,12,outer_train_smoke_only,True
dingxin_existing_dual_stream,maneuver_intensity_classification,linear,physiology_only,17,leave_one_sortie_out__fold02,held_out,macro_f1,0.16260162601626016,higher,available,,31,outer_train_smoke_only,True
dingxin_existing_dual_stream,maneuver_intensity_classification,linear,physiology_only,17,leave_one_sortie_out__fold02,held_out,balanced_accuracy,0.3333333333333333,higher,available,,31,outer_train_smoke_only,True
dingxin_existing_dual_stream,maneuver_intensity_classification,linear,physiology_only,17,leave_one_sortie_out__fold02,held_out,macro_auprc,0.40946268988140905,higher,available,,31,outer_train_smoke_only,True
dingxin_existing_dual_stream,maneuver_intensity_classification,linear,physiology_only,17,leave_one_sortie_out__fold02,held_out,brier_score,1.3548387096774193,lower,available,,31,outer_train_smoke_only,True
dingxin_existing_dual_stream,maneuver_intensity_classification,linear,physiology_only,17,leave_one_sortie_out__fold02,held_out,ece_10_bins,0.6774193548387097,lower,available,,31,outer_train_smoke_only,True
dingxin_existing_dual_stream,physiology_response_regression,linear,physiology_only,17,leave_one_sortie_out__fold02,held_out,mae,7.470447313785553,lower,available,,30,outer_train_smoke_only,True
dingxin_existing_dual_stream,physiology_response_regression,linear,physiology_only,17,leave_one_sortie_out__fold02,held_out,rmse,7.5831584943837695,lower,available,,30,outer_train_smoke_only,True
dingxin_existing_dual_stream,physiology_response_regression,linear,physiology_only,17,leave_one_sortie_out__fold02,held_out,spearman,0.15417130144605118,higher,available,,30,outer_train_smoke_only,True
dingxin_existing_dual_stream,high_physiology_response_classification,linear,physiology_only,17,leave_one_sortie_out__fold02,held_out,macro_f1,0.3023255813953488,higher,available,,30,outer_train_smoke_only,True
dingxin_existing_dual_stream,high_physiology_response_classification,linear,physiology_only,17,leave_one_sortie_out__fold02,held_out,balanced_accuracy,0.5,higher,available,,30,outer_train_smoke_only,True
dingxin_existing_dual_stream,high_physiology_response_classification,linear,physiology_only,17,leave_one_sortie_out__fold02,held_out,macro_auprc,0.5082813793354339,higher,available,,30,outer_train_smoke_only,True
dingxin_existing_dual_stream,high_physiology_response_classification,linear,physiology_only,17,leave_one_sortie_out__fold02,held_out,brier_score,1.1205210672096115,lower,available,,30,outer_train_smoke_only,True
dingxin_existing_dual_stream,high_physiology_response_classification,linear,physiology_only,17,leave_one_sortie_out__fold02,held_out,ece_10_bins,0.5586847593902963,lower,available,,30,outer_train_smoke_only,True
dingxin_existing_dual_stream,high_physiology_response_classification,linear,physiology_only,17,leave_one_sortie_out__fold02,held_out,high_response_recall,1.0,higher,available,,30,outer_train_smoke_only,True
dingxin_existing_dual_stream,maneuver_intensity_classification,minirocket,physiology_only,17,leave_one_sortie_out__fold02,held_out,macro_f1,0.16260162601626016,higher,available,,31,outer_train_smoke_only,True
dingxin_existing_dual_stream,maneuver_intensity_classification,minirocket,physiology_only,17,leave_one_sortie_out__fold02,held_out,balanced_accuracy,0.3333333333333333,higher,available,,31,outer_train_smoke_only,True
dingxin_existing_dual_stream,maneuver_intensity_classification,minirocket,physiology_only,17,leave_one_sortie_out__fold02,held_out,macro_auprc,0.4022406911947141,higher,available,,31,outer_train_smoke_only,True
dingxin_existing_dual_stream,maneuver_intensity_classification,minirocket,physiology_only,17,leave_one_sortie_out__fold02,held_out,brier_score,1.3547367451496488,lower,available,,31,outer_train_smoke_only,True
dingxin_existing_dual_stream,maneuver_intensity_classification,minirocket,physiology_only,17,leave_one_sortie_out__fold02,held_out,ece_10_bins,0.6773756694100634,lower,available,,31,outer_train_smoke_only,True
dingxin_existing_dual_stream,physiology_response_regression,minirocket,physiology_only,17,leave_one_sortie_out__fold02,held_out,mae,1.1739857812722525,lower,available,,30,outer_train_smoke_only,True
dingxin_existing_dual_stream,physiology_response_regression,minirocket,physiology_only,17,leave_one_sortie_out__fold02,held_out,rmse,1.4004841777134351,lower,available,,30,outer_train_smoke_only,True
dingxin_existing_dual_stream,physiology_response_regression,minirocket,physiology_only,17,leave_one_sortie_out__fold02,held_out,spearman,-0.06162402669632924,higher,available,,30,outer_train_smoke_only,True
dingxin_existing_dual_stream,high_physiology_response_classification,minirocket,physiology_only,17,leave_one_sortie_out__fold02,held_out,macro_f1,0.3617021276595745,higher,available,,30,outer_train_smoke_only,True
dingxin_existing_dual_stream,high_physiology_response_classification,minirocket,physiology_only,17,leave_one_sortie_out__fold02,held_out,balanced_accuracy,0.5,higher,available,,30,outer_train_smoke_only,True
dingxin_existing_dual_stream,high_physiology_response_classification,minirocket,physiology_only,17,leave_one_sortie_out__fold02,held_out,macro_auprc,0.40934150942993575,higher,available,,30,outer_train_smoke_only,True
dingxin_existing_dual_stream,high_physiology_response_classification,minirocket,physiology_only,17,leave_one_sortie_out__fold02,held_out,brier_score,0.8666522501253785,lower,available,,30,outer_train_smoke_only,True
dingxin_existing_dual_stream,high_physiology_response_classification,minirocket,physiology_only,17,leave_one_sortie_out__fold02,held_out,ece_10_bins,0.43332365196079536,lower,available,,30,outer_train_smoke_only,True
dingxin_existing_dual_stream,high_physiology_response_classification,minirocket,physiology_only,17,leave_one_sortie_out__fold02,held_out,high_response_recall,0.0,higher,available,,30,outer_train_smoke_only,True
dingxin_existing_dual_stream,maneuver_intensity_classification,linear,vehicle_only,17,leave_one_sortie_out__fold02,validation,macro_f1,0.19999999999999998,higher,available,,14,outer_train_smoke_only,True
dingxin_existing_dual_stream,maneuver_intensity_classification,linear,vehicle_only,17,leave_one_sortie_out__fold02,validation,balanced_accuracy,0.3333333333333333,higher,available,,14,outer_train_smoke_only,True
dingxin_existing_dual_stream,maneuver_intensity_classification,linear,vehicle_only,17,leave_one_sortie_out__fold02,validation,macro_auprc,0.4503968253968254,higher,available,,14,outer_train_smoke_only,True
dingxin_existing_dual_stream,maneuver_intensity_classification,linear,vehicle_only,17,leave_one_sortie_out__fold02,validation,brier_score,1.1428567909102243,lower,available,,14,outer_train_smoke_only,True
dingxin_existing_dual_stream,maneuver_intensity_classification,linear,vehicle_only,17,leave_one_sortie_out__fold02,validation,ece_10_bins,0.5714090994351677,lower,available,,14,outer_train_smoke_only,True
dingxin_existing_dual_stream,physiology_response_regression,linear,vehicle_only,17,leave_one_sortie_out__fold02,validation,mae,0.7494507879018784,lower,available,,12,outer_train_smoke_only,True
dingxin_existing_dual_stream,physiology_response_regression,linear,vehicle_only,17,leave_one_sortie_out__fold02,validation,rmse,1.072697562552821,lower,available,,12,outer_train_smoke_only,True
dingxin_existing_dual_stream,physiology_response_regression,linear,vehicle_only,17,leave_one_sortie_out__fold02,validation,spearman,0.028520544419608277,higher,available,,12,outer_train_smoke_only,True
dingxin_existing_dual_stream,high_physiology_response_classification,linear,vehicle_only,17,leave_one_sortie_out__fold02,validation,macro_f1,0.3333333333333333,higher,available,,12,outer_train_smoke_only,True
dingxin_existing_dual_stream,high_physiology_response_classification,linear,vehicle_only,17,leave_one_sortie_out__fold02,validation,balanced_accuracy,0.3333333333333333,higher,available,,12,outer_train_smoke_only,True
dingxin_existing_dual_stream,high_physiology_response_classification,linear,vehicle_only,17,leave_one_sortie_out__fold02,validation,macro_auprc,0.5962962962962963,higher,available,,12,outer_train_smoke_only,True
dingxin_existing_dual_stream,high_physiology_response_classification,linear,vehicle_only,17,leave_one_sortie_out__fold02,validation,brier_score,1.1836643059791523,lower,available,,12,outer_train_smoke_only,True
dingxin_existing_dual_stream,high_physiology_response_classification,linear,vehicle_only,17,leave_one_sortie_out__fold02,validation,ece_10_bins,0.6128036313668039,lower,available,,12,outer_train_smoke_only,True
dingxin_existing_dual_stream,high_physiology_response_classification,linear,vehicle_only,17,leave_one_sortie_out__fold02,validation,high_response_recall,0.3333333333333333,higher,available,,12,outer_train_smoke_only,True
dingxin_existing_dual_stream,maneuver_intensity_classification,minirocket,vehicle_only,17,leave_one_sortie_out__fold02,validation,macro_f1,0.1111111111111111,higher,available,,14,outer_train_smoke_only,True
dingxin_existing_dual_stream,maneuver_intensity_classification,minirocket,vehicle_only,17,leave_one_sortie_out__fold02,validation,balanced_accuracy,0.1111111111111111,higher,available,,14,outer_train_smoke_only,True
dingxin_existing_dual_stream,maneuver_intensity_classification,minirocket,vehicle_only,17,leave_one_sortie_out__fold02,validation,macro_auprc,0.36560846560846566,higher,available,,14,outer_train_smoke_only,True
dingxin_existing_dual_stream,maneuver_intensity_classification,minirocket,vehicle_only,17,leave_one_sortie_out__fold02,validation,brier_score,1.2995432215984035,lower,available,,14,outer_train_smoke_only,True
dingxin_existing_dual_stream,maneuver_intensity_classification,minirocket,vehicle_only,17,leave_one_sortie_out__fold02,validation,ece_10_bins,0.6468655521986144,lower,available,,14,outer_train_smoke_only,True
dingxin_existing_dual_stream,physiology_response_regression,minirocket,vehicle_only,17,leave_one_sortie_out__fold02,validation,mae,0.702671155333519,lower,available,,12,outer_train_smoke_only,True
dingxin_existing_dual_stream,physiology_response_regression,minirocket,vehicle_only,17,leave_one_sortie_out__fold02,validation,rmse,0.9998595719139868,lower,available,,12,outer_train_smoke_only,True
dingxin_existing_dual_stream,physiology_response_regression,minirocket,vehicle_only,17,leave_one_sortie_out__fold02,validation,spearman,-0.8285714285714285,higher,available,,12,outer_train_smoke_only,True
dingxin_existing_dual_stream,high_physiology_response_classification,minirocket,vehicle_only,17,leave_one_sortie_out__fold02,validation,macro_f1,0.3333333333333333,higher,available,,12,outer_train_smoke_only,True
dingxin_existing_dual_stream,high_physiology_response_classification,minirocket,vehicle_only,17,leave_one_sortie_out__fold02,validation,balanced_accuracy,0.5,higher,available,,12,outer_train_smoke_only,True
dingxin_existing_dual_stream,high_physiology_response_classification,minirocket,vehicle_only,17,leave_one_sortie_out__fold02,validation,macro_auprc,0.5,higher,available,,12,outer_train_smoke_only,True
dingxin_existing_dual_stream,high_physiology_response_classification,minirocket,vehicle_only,17,leave_one_sortie_out__fold02,validation,brier_score,0.9993042831423326,lower,available,,12,outer_train_smoke_only,True
dingxin_existing_dual_stream,high_physiology_response_classification,minirocket,vehicle_only,17,leave_one_sortie_out__fold02,validation,ece_10_bins,0.49593227341934476,lower,available,,12,outer_train_smoke_only,True
dingxin_existing_dual_stream,high_physiology_response_classification,minirocket,vehicle_only,17,leave_one_sortie_out__fold02,validation,high_response_recall,0.0,higher,available,,12,outer_train_smoke_only,True
dingxin_existing_dual_stream,maneuver_intensity_classification,linear,vehicle_only,17,leave_one_sortie_out__fold02,held_out,macro_f1,0.7776153346328784,higher,available,,31,outer_train_smoke_only,True
dingxin_existing_dual_stream,maneuver_intensity_classification,linear,vehicle_only,17,leave_one_sortie_out__fold02,held_out,balanced_accuracy,0.7757575757575758,higher,available,,31,outer_train_smoke_only,True
dingxin_existing_dual_stream,maneuver_intensity_classification,linear,vehicle_only,17,leave_one_sortie_out__fold02,held_out,macro_auprc,0.6927105322605587,higher,available,,31,outer_train_smoke_only,True
dingxin_existing_dual_stream,maneuver_intensity_classification,linear,vehicle_only,17,leave_one_sortie_out__fold02,held_out,brier_score,0.49079983794456605,lower,available,,31,outer_train_smoke_only,True
dingxin_existing_dual_stream,maneuver_intensity_classification,linear,vehicle_only,17,leave_one_sortie_out__fold02,held_out,ece_10_bins,0.30210791855612584,lower,available,,31,outer_train_smoke_only,True
dingxin_existing_dual_stream,physiology_response_regression,linear,vehicle_only,17,leave_one_sortie_out__fold02,held_out,mae,0.590322928627332,lower,available,,30,outer_train_smoke_only,True
dingxin_existing_dual_stream,physiology_response_regression,linear,vehicle_only,17,leave_one_sortie_out__fold02,held_out,rmse,0.8114859981722392,lower,available,,30,outer_train_smoke_only,True
dingxin_existing_dual_stream,physiology_response_regression,linear,vehicle_only,17,leave_one_sortie_out__fold02,held_out,spearman,0.4255839822024471,higher,available,,30,outer_train_smoke_only,True
dingxin_existing_dual_stream,high_physiology_response_classification,linear,vehicle_only,17,leave_one_sortie_out__fold02,held_out,macro_f1,0.5485636114911081,higher,available,,30,outer_train_smoke_only,True
dingxin_existing_dual_stream,high_physiology_response_classification,linear,vehicle_only,17,leave_one_sortie_out__fold02,held_out,balanced_accuracy,0.5859728506787331,higher,available,,30,outer_train_smoke_only,True
dingxin_existing_dual_stream,high_physiology_response_classification,linear,vehicle_only,17,leave_one_sortie_out__fold02,held_out,macro_auprc,0.706695890532685,higher,available,,30,outer_train_smoke_only,True
dingxin_existing_dual_stream,high_physiology_response_classification,linear,vehicle_only,17,leave_one_sortie_out__fold02,held_out,brier_score,0.63392139397935,lower,available,,30,outer_train_smoke_only,True
dingxin_existing_dual_stream,high_physiology_response_classification,linear,vehicle_only,17,leave_one_sortie_out__fold02,held_out,ece_10_bins,0.3272454881211896,lower,available,,30,outer_train_smoke_only,True
dingxin_existing_dual_stream,high_physiology_response_classification,linear,vehicle_only,17,leave_one_sortie_out__fold02,held_out,high_response_recall,0.23076923076923078,higher,available,,30,outer_train_smoke_only,True
dingxin_existing_dual_stream,maneuver_intensity_classification,minirocket,vehicle_only,17,leave_one_sortie_out__fold02,held_out,macro_f1,0.7047292143401984,higher,available,,31,outer_train_smoke_only,True
dingxin_existing_dual_stream,maneuver_intensity_classification,minirocket,vehicle_only,17,leave_one_sortie_out__fold02,held_out,balanced_accuracy,0.706060606060606,higher,available,,31,outer_train_smoke_only,True
dingxin_existing_dual_stream,maneuver_intensity_classification,minirocket,vehicle_only,17,leave_one_sortie_out__fold02,held_out,macro_auprc,0.8825369837134542,higher,available,,31,outer_train_smoke_only,True
dingxin_existing_dual_stream,maneuver_intensity_classification,minirocket,vehicle_only,17,leave_one_sortie_out__fold02,held_out,brier_score,0.4594444515012933,lower,available,,31,outer_train_smoke_only,True
dingxin_existing_dual_stream,maneuver_intensity_classification,minirocket,vehicle_only,17,leave_one_sortie_out__fold02,held_out,ece_10_bins,0.2160421148100936,lower,available,,31,outer_train_smoke_only,True
dingxin_existing_dual_stream,physiology_response_regression,minirocket,vehicle_only,17,leave_one_sortie_out__fold02,held_out,mae,0.5263848791519801,lower,available,,30,outer_train_smoke_only,True
dingxin_existing_dual_stream,physiology_response_regression,minirocket,vehicle_only,17,leave_one_sortie_out__fold02,held_out,rmse,0.7425591850318207,lower,available,,30,outer_train_smoke_only,True
dingxin_existing_dual_stream,physiology_response_regression,minirocket,vehicle_only,17,leave_one_sortie_out__fold02,held_out,spearman,0.40333704115684094,higher,available,,30,outer_train_smoke_only,True
dingxin_existing_dual_stream,high_physiology_response_classification,minirocket,vehicle_only,17,leave_one_sortie_out__fold02,held_out,macro_f1,0.5111111111111111,higher,available,,30,outer_train_smoke_only,True
dingxin_existing_dual_stream,high_physiology_response_classification,minirocket,vehicle_only,17,leave_one_sortie_out__fold02,held_out,balanced_accuracy,0.5769230769230769,higher,available,,30,outer_train_smoke_only,True
dingxin_existing_dual_stream,high_physiology_response_classification,minirocket,vehicle_only,17,leave_one_sortie_out__fold02,held_out,macro_auprc,0.7370204955681828,higher,available,,30,outer_train_smoke_only,True
dingxin_existing_dual_stream,high_physiology_response_classification,minirocket,vehicle_only,17,leave_one_sortie_out__fold02,held_out,brier_score,0.7330625123984778,lower,available,,30,outer_train_smoke_only,True
dingxin_existing_dual_stream,high_physiology_response_classification,minirocket,vehicle_only,17,leave_one_sortie_out__fold02,held_out,ece_10_bins,0.3657429629669131,lower,available,,30,outer_train_smoke_only,True
dingxin_existing_dual_stream,high_physiology_response_classification,minirocket,vehicle_only,17,leave_one_sortie_out__fold02,held_out,high_response_recall,0.15384615384615385,higher,available,,30,outer_train_smoke_only,True
dingxin_existing_dual_stream,maneuver_intensity_classification,linear,naive_time_sync,17,leave_one_sortie_out__fold02,validation,macro_f1,0.14814814814814814,higher,available,,14,outer_train_smoke_only,True
dingxin_existing_dual_stream,maneuver_intensity_classification,linear,naive_time_sync,17,leave_one_sortie_out__fold02,validation,balanced_accuracy,0.3333333333333333,higher,available,,14,outer_train_smoke_only,True
dingxin_existing_dual_stream,maneuver_intensity_classification,linear,naive_time_sync,17,leave_one_sortie_out__fold02,validation,macro_auprc,0.568040293040293,higher,available,,14,outer_train_smoke_only,True
dingxin_existing_dual_stream,maneuver_intensity_classification,linear,naive_time_sync,17,leave_one_sortie_out__fold02,validation,brier_score,1.4285696073659369,lower,available,,14,outer_train_smoke_only,True
dingxin_existing_dual_stream,maneuver_intensity_classification,linear,naive_time_sync,17,leave_one_sortie_out__fold02,validation,ece_10_bins,0.7142849444394053,lower,available,,14,outer_train_smoke_only,True
dingxin_existing_dual_stream,physiology_response_regression,linear,naive_time_sync,17,leave_one_sortie_out__fold02,validation,mae,2.1729317754507065,lower,available,,12,outer_train_smoke_only,True
dingxin_existing_dual_stream,physiology_response_regression,linear,naive_time_sync,17,leave_one_sortie_out__fold02,validation,rmse,2.399115096876263,lower,available,,12,outer_train_smoke_only,True
dingxin_existing_dual_stream,physiology_response_regression,linear,naive_time_sync,17,leave_one_sortie_out__fold02,validation,spearman,0.37142857142857144,higher,available,,12,outer_train_smoke_only,True
dingxin_existing_dual_stream,high_physiology_response_classification,linear,naive_time_sync,17,leave_one_sortie_out__fold02,validation,macro_f1,0.3333333333333333,higher,available,,12,outer_train_smoke_only,True
dingxin_existing_dual_stream,high_physiology_response_classification,linear,naive_time_sync,17,leave_one_sortie_out__fold02,validation,balanced_accuracy,0.5,higher,available,,12,outer_train_smoke_only,True
dingxin_existing_dual_stream,high_physiology_response_classification,linear,naive_time_sync,17,leave_one_sortie_out__fold02,validation,macro_auprc,0.7,higher,available,,12,outer_train_smoke_only,True
dingxin_existing_dual_stream,high_physiology_response_classification,linear,naive_time_sync,17,leave_one_sortie_out__fold02,validation,brier_score,0.9879596057267562,lower,available,,12,outer_train_smoke_only,True
dingxin_existing_dual_stream,high_physiology_response_classification,linear,naive_time_sync,17,leave_one_sortie_out__fold02,validation,ece_10_bins,0.4945056120133752,lower,available,,12,outer_train_smoke_only,True
dingxin_existing_dual_stream,high_physiology_response_classification,linear,naive_time_sync,17,leave_one_sortie_out__fold02,validation,high_response_recall,1.0,higher,available,,12,outer_train_smoke_only,True
dingxin_existing_dual_stream,maneuver_intensity_classification,minirocket,naive_time_sync,17,leave_one_sortie_out__fold02,validation,macro_f1,0.16666666666666666,higher,available,,14,outer_train_smoke_only,True
dingxin_existing_dual_stream,maneuver_intensity_classification,minirocket,naive_time_sync,17,leave_one_sortie_out__fold02,validation,balanced_accuracy,0.3333333333333333,higher,available,,14,outer_train_smoke_only,True
dingxin_existing_dual_stream,maneuver_intensity_classification,minirocket,naive_time_sync,17,leave_one_sortie_out__fold02,validation,macro_auprc,0.38928571428571423,higher,available,,14,outer_train_smoke_only,True
dingxin_existing_dual_stream,maneuver_intensity_classification,minirocket,naive_time_sync,17,leave_one_sortie_out__fold02,validation,brier_score,1.1152786601463196,lower,available,,14,outer_train_smoke_only,True
dingxin_existing_dual_stream,maneuver_intensity_classification,minirocket,naive_time_sync,17,leave_one_sortie_out__fold02,validation,ece_10_bins,0.5673012444855583,lower,available,,14,outer_train_smoke_only,True
dingxin_existing_dual_stream,physiology_response_regression,minirocket,naive_time_sync,17,leave_one_sortie_out__fold02,validation,mae,0.621987963716189,lower,available,,12,outer_train_smoke_only,True
dingxin_existing_dual_stream,physiology_response_regression,minirocket,naive_time_sync,17,leave_one_sortie_out__fold02,validation,rmse,0.9181460780594681,lower,available,,12,outer_train_smoke_only,True
dingxin_existing_dual_stream,physiology_response_regression,minirocket,naive_time_sync,17,leave_one_sortie_out__fold02,validation,spearman,-0.2571428571428571,higher,available,,12,outer_train_smoke_only,True
dingxin_existing_dual_stream,high_physiology_response_classification,minirocket,naive_time_sync,17,leave_one_sortie_out__fold02,validation,macro_f1,0.3333333333333333,higher,available,,12,outer_train_smoke_only,True
dingxin_existing_dual_stream,high_physiology_response_classification,minirocket,naive_time_sync,17,leave_one_sortie_out__fold02,validation,balanced_accuracy,0.5,higher,available,,12,outer_train_smoke_only,True
dingxin_existing_dual_stream,high_physiology_response_classification,minirocket,naive_time_sync,17,leave_one_sortie_out__fold02,validation,macro_auprc,0.3744047619047619,higher,available,,12,outer_train_smoke_only,True
dingxin_existing_dual_stream,high_physiology_response_classification,minirocket,naive_time_sync,17,leave_one_sortie_out__fold02,validation,brier_score,0.997306418425712,lower,available,,12,outer_train_smoke_only,True
dingxin_existing_dual_stream,high_physiology_response_classification,minirocket,naive_time_sync,17,leave_one_sortie_out__fold02,validation,ece_10_bins,0.4977453598870062,lower,available,,12,outer_train_smoke_only,True
dingxin_existing_dual_stream,high_physiology_response_classification,minirocket,naive_time_sync,17,leave_one_sortie_out__fold02,validation,high_response_recall,0.0,higher,available,,12,outer_train_smoke_only,True
dingxin_existing_dual_stream,maneuver_intensity_classification,linear,naive_time_sync,17,leave_one_sortie_out__fold02,held_out,macro_f1,0.16260162601626016,higher,available,,31,outer_train_smoke_only,True
dingxin_existing_dual_stream,maneuver_intensity_classification,linear,naive_time_sync,17,leave_one_sortie_out__fold02,held_out,balanced_accuracy,0.3333333333333333,higher,available,,31,outer_train_smoke_only,True
dingxin_existing_dual_stream,maneuver_intensity_classification,linear,naive_time_sync,17,leave_one_sortie_out__fold02,held_out,macro_auprc,0.40852480731691637,higher,available,,31,outer_train_smoke_only,True
dingxin_existing_dual_stream,maneuver_intensity_classification,linear,naive_time_sync,17,leave_one_sortie_out__fold02,held_out,brier_score,1.3548387096774193,lower,available,,31,outer_train_smoke_only,True
dingxin_existing_dual_stream,maneuver_intensity_classification,linear,naive_time_sync,17,leave_one_sortie_out__fold02,held_out,ece_10_bins,0.6774193548387097,lower,available,,31,outer_train_smoke_only,True
dingxin_existing_dual_stream,physiology_response_regression,linear,naive_time_sync,17,leave_one_sortie_out__fold02,held_out,mae,16.41614192724228,lower,available,,30,outer_train_smoke_only,True
dingxin_existing_dual_stream,physiology_response_regression,linear,naive_time_sync,17,leave_one_sortie_out__fold02,held_out,rmse,16.46786169710941,lower,available,,30,outer_train_smoke_only,True
dingxin_existing_dual_stream,physiology_response_regression,linear,naive_time_sync,17,leave_one_sortie_out__fold02,held_out,spearman,0.13103448275862067,higher,available,,30,outer_train_smoke_only,True
dingxin_existing_dual_stream,high_physiology_response_classification,linear,naive_time_sync,17,leave_one_sortie_out__fold02,held_out,macro_f1,0.3617021276595745,higher,available,,30,outer_train_smoke_only,True
dingxin_existing_dual_stream,high_physiology_response_classification,linear,naive_time_sync,17,leave_one_sortie_out__fold02,held_out,balanced_accuracy,0.5,higher,available,,30,outer_train_smoke_only,True
dingxin_existing_dual_stream,high_physiology_response_classification,linear,naive_time_sync,17,leave_one_sortie_out__fold02,held_out,macro_auprc,0.585538951191508,higher,available,,30,outer_train_smoke_only,True
dingxin_existing_dual_stream,high_physiology_response_classification,linear,naive_time_sync,17,leave_one_sortie_out__fold02,held_out,brier_score,0.8666666666647677,lower,available,,30,outer_train_smoke_only,True
dingxin_existing_dual_stream,high_physiology_response_classification,linear,naive_time_sync,17,leave_one_sortie_out__fold02,held_out,ece_10_bins,0.433333333332794,lower,available,,30,outer_train_smoke_only,True
dingxin_existing_dual_stream,high_physiology_response_classification,linear,naive_time_sync,17,leave_one_sortie_out__fold02,held_out,high_response_recall,0.0,higher,available,,30,outer_train_smoke_only,True
dingxin_existing_dual_stream,maneuver_intensity_classification,minirocket,naive_time_sync,17,leave_one_sortie_out__fold02,held_out,macro_f1,0.6623294479081955,higher,available,,31,outer_train_smoke_only,True
dingxin_existing_dual_stream,maneuver_intensity_classification,minirocket,naive_time_sync,17,leave_one_sortie_out__fold02,held_out,balanced_accuracy,0.6666666666666666,higher,available,,31,outer_train_smoke_only,True
dingxin_existing_dual_stream,maneuver_intensity_classification,minirocket,naive_time_sync,17,leave_one_sortie_out__fold02,held_out,macro_auprc,0.8686220281136547,higher,available,,31,outer_train_smoke_only,True
dingxin_existing_dual_stream,maneuver_intensity_classification,minirocket,naive_time_sync,17,leave_one_sortie_out__fold02,held_out,brier_score,0.5513985902710266,lower,available,,31,outer_train_smoke_only,True
dingxin_existing_dual_stream,maneuver_intensity_classification,minirocket,naive_time_sync,17,leave_one_sortie_out__fold02,held_out,ece_10_bins,0.2616531758460737,lower,available,,31,outer_train_smoke_only,True
dingxin_existing_dual_stream,physiology_response_regression,minirocket,naive_time_sync,17,leave_one_sortie_out__fold02,held_out,mae,0.5289530982573827,lower,available,,30,outer_train_smoke_only,True
dingxin_existing_dual_stream,physiology_response_regression,minirocket,naive_time_sync,17,leave_one_sortie_out__fold02,held_out,rmse,0.7218920230361042,lower,available,,30,outer_train_smoke_only,True
dingxin_existing_dual_stream,physiology_response_regression,minirocket,naive_time_sync,17,leave_one_sortie_out__fold02,held_out,spearman,0.2453837597330367,higher,available,,30,outer_train_smoke_only,True
dingxin_existing_dual_stream,high_physiology_response_classification,minirocket,naive_time_sync,17,leave_one_sortie_out__fold02,held_out,macro_f1,0.5111111111111111,higher,available,,30,outer_train_smoke_only,True
dingxin_existing_dual_stream,high_physiology_response_classification,minirocket,naive_time_sync,17,leave_one_sortie_out__fold02,held_out,balanced_accuracy,0.5769230769230769,higher,available,,30,outer_train_smoke_only,True
dingxin_existing_dual_stream,high_physiology_response_classification,minirocket,naive_time_sync,17,leave_one_sortie_out__fold02,held_out,macro_auprc,0.6845903675986796,higher,available,,30,outer_train_smoke_only,True
dingxin_existing_dual_stream,high_physiology_response_classification,minirocket,naive_time_sync,17,leave_one_sortie_out__fold02,held_out,brier_score,0.732072442507001,lower,available,,30,outer_train_smoke_only,True
dingxin_existing_dual_stream,high_physiology_response_classification,minirocket,naive_time_sync,17,leave_one_sortie_out__fold02,held_out,ece_10_bins,0.36160942773886795,lower,available,,30,outer_train_smoke_only,True
dingxin_existing_dual_stream,high_physiology_response_classification,minirocket,naive_time_sync,17,leave_one_sortie_out__fold02,held_out,high_response_recall,0.15384615384615385,higher,available,,30,outer_train_smoke_only,True
dingxin_existing_dual_stream,maneuver_intensity_classification,linear,mult,17,leave_one_sortie_out__fold02,validation,macro_f1,0.14814814814814814,higher,available,,14,outer_train_smoke_only,True
dingxin_existing_dual_stream,maneuver_intensity_classification,linear,mult,17,leave_one_sortie_out__fold02,validation,balanced_accuracy,0.2222222222222222,higher,available,,14,outer_train_smoke_only,True
dingxin_existing_dual_stream,maneuver_intensity_classification,linear,mult,17,leave_one_sortie_out__fold02,validation,macro_auprc,0.39298941798941794,higher,available,,14,outer_train_smoke_only,True
dingxin_existing_dual_stream,maneuver_intensity_classification,linear,mult,17,leave_one_sortie_out__fold02,validation,brier_score,1.3249452698053032,lower,available,,14,outer_train_smoke_only,True
dingxin_existing_dual_stream,maneuver_intensity_classification,linear,mult,17,leave_one_sortie_out__fold02,validation,ece_10_bins,0.6853837937256885,lower,available,,14,outer_train_smoke_only,True
dingxin_existing_dual_stream,physiology_response_regression,linear,mult,17,leave_one_sortie_out__fold02,validation,mae,3.9629991203546524,lower,available,,12,outer_train_smoke_only,True
dingxin_existing_dual_stream,physiology_response_regression,linear,mult,17,leave_one_sortie_out__fold02,validation,rmse,4.070419539345559,lower,available,,12,outer_train_smoke_only,True
dingxin_existing_dual_stream,physiology_response_regression,linear,mult,17,leave_one_sortie_out__fold02,validation,spearman,0.48571428571428565,higher,available,,12,outer_train_smoke_only,True
dingxin_existing_dual_stream,high_physiology_response_classification,linear,mult,17,leave_one_sortie_out__fold02,validation,macro_f1,0.3333333333333333,higher,available,,12,outer_train_smoke_only,True
dingxin_existing_dual_stream,high_physiology_response_classification,linear,mult,17,leave_one_sortie_out__fold02,validation,balanced_accuracy,0.5,higher,available,,12,outer_train_smoke_only,True
dingxin_existing_dual_stream,high_physiology_response_classification,linear,mult,17,leave_one_sortie_out__fold02,validation,macro_auprc,1.0,higher,available,,12,outer_train_smoke_only,True
dingxin_existing_dual_stream,high_physiology_response_classification,linear,mult,17,leave_one_sortie_out__fold02,validation,brier_score,0.9790156478120332,lower,available,,12,outer_train_smoke_only,True
dingxin_existing_dual_stream,high_physiology_response_classification,linear,mult,17,leave_one_sortie_out__fold02,validation,ece_10_bins,0.49465567229318574,lower,available,,12,outer_train_smoke_only,True
dingxin_existing_dual_stream,high_physiology_response_classification,linear,mult,17,leave_one_sortie_out__fold02,validation,high_response_recall,0.0,higher,available,,12,outer_train_smoke_only,True
dingxin_existing_dual_stream,maneuver_intensity_classification,minirocket,mult,17,leave_one_sortie_out__fold02,validation,macro_f1,0.08333333333333333,higher,available,,14,outer_train_smoke_only,True
dingxin_existing_dual_stream,maneuver_intensity_classification,minirocket,mult,17,leave_one_sortie_out__fold02,validation,balanced_accuracy,0.1111111111111111,higher,available,,14,outer_train_smoke_only,True
dingxin_existing_dual_stream,maneuver_intensity_classification,minirocket,mult,17,leave_one_sortie_out__fold02,validation,macro_auprc,0.3902116402116402,higher,available,,14,outer_train_smoke_only,True
dingxin_existing_dual_stream,maneuver_intensity_classification,minirocket,mult,17,leave_one_sortie_out__fold02,validation,brier_score,1.108614869309163,lower,available,,14,outer_train_smoke_only,True
dingxin_existing_dual_stream,maneuver_intensity_classification,minirocket,mult,17,leave_one_sortie_out__fold02,validation,ece_10_bins,0.5753625885296825,lower,available,,14,outer_train_smoke_only,True
dingxin_existing_dual_stream,physiology_response_regression,minirocket,mult,17,leave_one_sortie_out__fold02,validation,mae,0.7533928950627645,lower,available,,12,outer_train_smoke_only,True
dingxin_existing_dual_stream,physiology_response_regression,minirocket,mult,17,leave_one_sortie_out__fold02,validation,rmse,1.0928507266558691,lower,available,,12,outer_train_smoke_only,True
dingxin_existing_dual_stream,physiology_response_regression,minirocket,mult,17,leave_one_sortie_out__fold02,validation,spearman,0.37142857142857144,higher,available,,12,outer_train_smoke_only,True
dingxin_existing_dual_stream,high_physiology_response_classification,minirocket,mult,17,leave_one_sortie_out__fold02,validation,macro_f1,0.3333333333333333,higher,available,,12,outer_train_smoke_only,True
dingxin_existing_dual_stream,high_physiology_response_classification,minirocket,mult,17,leave_one_sortie_out__fold02,validation,balanced_accuracy,0.5,higher,available,,12,outer_train_smoke_only,True
dingxin_existing_dual_stream,high_physiology_response_classification,minirocket,mult,17,leave_one_sortie_out__fold02,validation,macro_auprc,0.49404761904761907,higher,available,,12,outer_train_smoke_only,True
dingxin_existing_dual_stream,high_physiology_response_classification,minirocket,mult,17,leave_one_sortie_out__fold02,validation,brier_score,0.9998278626409153,lower,available,,12,outer_train_smoke_only,True
dingxin_existing_dual_stream,high_physiology_response_classification,minirocket,mult,17,leave_one_sortie_out__fold02,validation,ece_10_bins,0.4998975954109586,lower,available,,12,outer_train_smoke_only,True
dingxin_existing_dual_stream,high_physiology_response_classification,minirocket,mult,17,leave_one_sortie_out__fold02,validation,high_response_recall,0.0,higher,available,,12,outer_train_smoke_only,True
dingxin_existing_dual_stream,maneuver_intensity_classification,linear,mult,17,leave_one_sortie_out__fold02,held_out,macro_f1,0.3473389355742296,higher,available,,31,outer_train_smoke_only,True
dingxin_existing_dual_stream,maneuver_intensity_classification,linear,mult,17,leave_one_sortie_out__fold02,held_out,balanced_accuracy,0.4545454545454546,higher,available,,31,outer_train_smoke_only,True
dingxin_existing_dual_stream,maneuver_intensity_classification,linear,mult,17,leave_one_sortie_out__fold02,held_out,macro_auprc,0.5619611025865869,higher,available,,31,outer_train_smoke_only,True
dingxin_existing_dual_stream,maneuver_intensity_classification,linear,mult,17,leave_one_sortie_out__fold02,held_out,brier_score,0.9856519020000831,lower,available,,31,outer_train_smoke_only,True
dingxin_existing_dual_stream,maneuver_intensity_classification,linear,mult,17,leave_one_sortie_out__fold02,held_out,ece_10_bins,0.4788515972606874,lower,available,,31,outer_train_smoke_only,True
dingxin_existing_dual_stream,physiology_response_regression,linear,mult,17,leave_one_sortie_out__fold02,held_out,mae,1.0174545526504517,lower,available,,30,outer_train_smoke_only,True
dingxin_existing_dual_stream,physiology_response_regression,linear,mult,17,leave_one_sortie_out__fold02,held_out,rmse,1.1601668013160122,lower,available,,30,outer_train_smoke_only,True
dingxin_existing_dual_stream,physiology_response_regression,linear,mult,17,leave_one_sortie_out__fold02,held_out,spearman,-0.06518353726362626,higher,available,,30,outer_train_smoke_only,True
dingxin_existing_dual_stream,high_physiology_response_classification,linear,mult,17,leave_one_sortie_out__fold02,held_out,macro_f1,0.3617021276595745,higher,available,,30,outer_train_smoke_only,True
dingxin_existing_dual_stream,high_physiology_response_classification,linear,mult,17,leave_one_sortie_out__fold02,held_out,balanced_accuracy,0.5,higher,available,,30,outer_train_smoke_only,True
dingxin_existing_dual_stream,high_physiology_response_classification,linear,mult,17,leave_one_sortie_out__fold02,held_out,macro_auprc,0.5832814258045421,higher,available,,30,outer_train_smoke_only,True
dingxin_existing_dual_stream,high_physiology_response_classification,linear,mult,17,leave_one_sortie_out__fold02,held_out,brier_score,0.8666663526476517,lower,available,,30,outer_train_smoke_only,True
dingxin_existing_dual_stream,high_physiology_response_classification,linear,mult,17,leave_one_sortie_out__fold02,held_out,ece_10_bins,0.4333332356865335,lower,available,,30,outer_train_smoke_only,True
dingxin_existing_dual_stream,high_physiology_response_classification,linear,mult,17,leave_one_sortie_out__fold02,held_out,high_response_recall,0.0,higher,available,,30,outer_train_smoke_only,True
dingxin_existing_dual_stream,maneuver_intensity_classification,minirocket,mult,17,leave_one_sortie_out__fold02,held_out,macro_f1,0.34575569358178054,higher,available,,31,outer_train_smoke_only,True
dingxin_existing_dual_stream,maneuver_intensity_classification,minirocket,mult,17,leave_one_sortie_out__fold02,held_out,balanced_accuracy,0.4333333333333333,higher,available,,31,outer_train_smoke_only,True
dingxin_existing_dual_stream,maneuver_intensity_classification,minirocket,mult,17,leave_one_sortie_out__fold02,held_out,macro_auprc,0.753938754781892,higher,available,,31,outer_train_smoke_only,True
dingxin_existing_dual_stream,maneuver_intensity_classification,minirocket,mult,17,leave_one_sortie_out__fold02,held_out,brier_score,0.8431033891560724,lower,available,,31,outer_train_smoke_only,True
dingxin_existing_dual_stream,maneuver_intensity_classification,minirocket,mult,17,leave_one_sortie_out__fold02,held_out,ece_10_bins,0.417622373857842,lower,available,,31,outer_train_smoke_only,True
dingxin_existing_dual_stream,physiology_response_regression,minirocket,mult,17,leave_one_sortie_out__fold02,held_out,mae,0.5825801273187001,lower,available,,30,outer_train_smoke_only,True
dingxin_existing_dual_stream,physiology_response_regression,minirocket,mult,17,leave_one_sortie_out__fold02,held_out,rmse,0.7019372366482716,lower,available,,30,outer_train_smoke_only,True
dingxin_existing_dual_stream,physiology_response_regression,minirocket,mult,17,leave_one_sortie_out__fold02,held_out,spearman,0.13103448275862067,higher,available,,30,outer_train_smoke_only,True
dingxin_existing_dual_stream,high_physiology_response_classification,minirocket,mult,17,leave_one_sortie_out__fold02,held_out,macro_f1,0.5111111111111111,higher,available,,30,outer_train_smoke_only,True
dingxin_existing_dual_stream,high_physiology_response_classification,minirocket,mult,17,leave_one_sortie_out__fold02,held_out,balanced_accuracy,0.5769230769230769,higher,available,,30,outer_train_smoke_only,True
dingxin_existing_dual_stream,high_physiology_response_classification,minirocket,mult,17,leave_one_sortie_out__fold02,held_out,macro_auprc,0.596939758532944,higher,available,,30,outer_train_smoke_only,True
dingxin_existing_dual_stream,high_physiology_response_classification,minirocket,mult,17,leave_one_sortie_out__fold02,held_out,brier_score,0.7356144249521268,lower,available,,30,outer_train_smoke_only,True
dingxin_existing_dual_stream,high_physiology_response_classification,minirocket,mult,17,leave_one_sortie_out__fold02,held_out,ece_10_bins,0.3765560353886482,lower,available,,30,outer_train_smoke_only,True
dingxin_existing_dual_stream,high_physiology_response_classification,minirocket,mult,17,leave_one_sortie_out__fold02,held_out,high_response_recall,0.15384615384615385,higher,available,,30,outer_train_smoke_only,True
dingxin_existing_dual_stream,maneuver_intensity_classification,linear,contiformer,17,leave_one_sortie_out__fold02,validation,macro_f1,0.14814814814814814,higher,available,,14,outer_train_smoke_only,True
dingxin_existing_dual_stream,maneuver_intensity_classification,linear,contiformer,17,leave_one_sortie_out__fold02,validation,balanced_accuracy,0.2222222222222222,higher,available,,14,outer_train_smoke_only,True
dingxin_existing_dual_stream,maneuver_intensity_classification,linear,contiformer,17,leave_one_sortie_out__fold02,validation,macro_auprc,0.40317460317460324,higher,available,,14,outer_train_smoke_only,True
dingxin_existing_dual_stream,maneuver_intensity_classification,linear,contiformer,17,leave_one_sortie_out__fold02,validation,brier_score,1.2165062981895784,lower,available,,14,outer_train_smoke_only,True
dingxin_existing_dual_stream,maneuver_intensity_classification,linear,contiformer,17,leave_one_sortie_out__fold02,validation,ece_10_bins,0.6245557335367786,lower,available,,14,outer_train_smoke_only,True
dingxin_existing_dual_stream,physiology_response_regression,linear,contiformer,17,leave_one_sortie_out__fold02,validation,mae,0.669153556227684,lower,available,,12,outer_train_smoke_only,True
dingxin_existing_dual_stream,physiology_response_regression,linear,contiformer,17,leave_one_sortie_out__fold02,validation,rmse,1.040312990889402,lower,available,,12,outer_train_smoke_only,True
dingxin_existing_dual_stream,physiology_response_regression,linear,contiformer,17,leave_one_sortie_out__fold02,validation,spearman,0.08556163325882483,higher,available,,12,outer_train_smoke_only,True
dingxin_existing_dual_stream,high_physiology_response_classification,linear,contiformer,17,leave_one_sortie_out__fold02,validation,macro_f1,0.3333333333333333,higher,available,,12,outer_train_smoke_only,True
dingxin_existing_dual_stream,high_physiology_response_classification,linear,contiformer,17,leave_one_sortie_out__fold02,validation,balanced_accuracy,0.5,higher,available,,12,outer_train_smoke_only,True
dingxin_existing_dual_stream,high_physiology_response_classification,linear,contiformer,17,leave_one_sortie_out__fold02,validation,macro_auprc,0.49404761904761907,higher,available,,12,outer_train_smoke_only,True
dingxin_existing_dual_stream,high_physiology_response_classification,linear,contiformer,17,leave_one_sortie_out__fold02,validation,brier_score,0.9515553443698163,lower,available,,12,outer_train_smoke_only,True
dingxin_existing_dual_stream,high_physiology_response_classification,linear,contiformer,17,leave_one_sortie_out__fold02,validation,ece_10_bins,0.50264184577502,lower,available,,12,outer_train_smoke_only,True
dingxin_existing_dual_stream,high_physiology_response_classification,linear,contiformer,17,leave_one_sortie_out__fold02,validation,high_response_recall,0.0,higher,available,,12,outer_train_smoke_only,True
dingxin_existing_dual_stream,maneuver_intensity_classification,minirocket,contiformer,17,leave_one_sortie_out__fold02,validation,macro_f1,0.09523809523809523,higher,available,,14,outer_train_smoke_only,True
dingxin_existing_dual_stream,maneuver_intensity_classification,minirocket,contiformer,17,leave_one_sortie_out__fold02,validation,balanced_accuracy,0.1111111111111111,higher,available,,14,outer_train_smoke_only,True
dingxin_existing_dual_stream,maneuver_intensity_classification,minirocket,contiformer,17,leave_one_sortie_out__fold02,validation,macro_auprc,0.3892857142857143,higher,available,,14,outer_train_smoke_only,True
dingxin_existing_dual_stream,maneuver_intensity_classification,minirocket,contiformer,17,leave_one_sortie_out__fold02,validation,brier_score,1.3297280157972318,lower,available,,14,outer_train_smoke_only,True
dingxin_existing_dual_stream,maneuver_intensity_classification,minirocket,contiformer,17,leave_one_sortie_out__fold02,validation,ece_10_bins,0.6470889678584442,lower,available,,14,outer_train_smoke_only,True
dingxin_existing_dual_stream,physiology_response_regression,minirocket,contiformer,17,leave_one_sortie_out__fold02,validation,mae,0.7068492323160172,lower,available,,12,outer_train_smoke_only,True
dingxin_existing_dual_stream,physiology_response_regression,minirocket,contiformer,17,leave_one_sortie_out__fold02,validation,rmse,1.03048330529286,lower,available,,12,outer_train_smoke_only,True
dingxin_existing_dual_stream,physiology_response_regression,minirocket,contiformer,17,leave_one_sortie_out__fold02,validation,spearman,-0.7142857142857143,higher,available,,12,outer_train_smoke_only,True
dingxin_existing_dual_stream,high_physiology_response_classification,minirocket,contiformer,17,leave_one_sortie_out__fold02,validation,macro_f1,0.3333333333333333,higher,available,,12,outer_train_smoke_only,True
dingxin_existing_dual_stream,high_physiology_response_classification,minirocket,contiformer,17,leave_one_sortie_out__fold02,validation,balanced_accuracy,0.5,higher,available,,12,outer_train_smoke_only,True
dingxin_existing_dual_stream,high_physiology_response_classification,minirocket,contiformer,17,leave_one_sortie_out__fold02,validation,macro_auprc,0.38333333333333336,higher,available,,12,outer_train_smoke_only,True
dingxin_existing_dual_stream,high_physiology_response_classification,minirocket,contiformer,17,leave_one_sortie_out__fold02,validation,brier_score,0.9994167884850759,lower,available,,12,outer_train_smoke_only,True
dingxin_existing_dual_stream,high_physiology_response_classification,minirocket,contiformer,17,leave_one_sortie_out__fold02,validation,ece_10_bins,0.4969722295647331,lower,available,,12,outer_train_smoke_only,True
dingxin_existing_dual_stream,high_physiology_response_classification,minirocket,contiformer,17,leave_one_sortie_out__fold02,validation,high_response_recall,0.0,higher,available,,12,outer_train_smoke_only,True
dingxin_existing_dual_stream,maneuver_intensity_classification,linear,contiformer,17,leave_one_sortie_out__fold02,held_out,macro_f1,0.5329153605015674,higher,available,,31,outer_train_smoke_only,True
dingxin_existing_dual_stream,maneuver_intensity_classification,linear,contiformer,17,leave_one_sortie_out__fold02,held_out,balanced_accuracy,0.609090909090909,higher,available,,31,outer_train_smoke_only,True
dingxin_existing_dual_stream,maneuver_intensity_classification,linear,contiformer,17,leave_one_sortie_out__fold02,held_out,macro_auprc,0.63623528127316,higher,available,,31,outer_train_smoke_only,True
dingxin_existing_dual_stream,maneuver_intensity_classification,linear,contiformer,17,leave_one_sortie_out__fold02,held_out,brier_score,0.7661552418823887,lower,available,,31,outer_train_smoke_only,True
dingxin_existing_dual_stream,maneuver_intensity_classification,linear,contiformer,17,leave_one_sortie_out__fold02,held_out,ece_10_bins,0.3712560253331135,lower,available,,31,outer_train_smoke_only,True
dingxin_existing_dual_stream,physiology_response_regression,linear,contiformer,17,leave_one_sortie_out__fold02,held_out,mae,0.9798426270484925,lower,available,,30,outer_train_smoke_only,True
dingxin_existing_dual_stream,physiology_response_regression,linear,contiformer,17,leave_one_sortie_out__fold02,held_out,rmse,1.13991711484804,lower,available,,30,outer_train_smoke_only,True
dingxin_existing_dual_stream,physiology_response_regression,linear,contiformer,17,leave_one_sortie_out__fold02,held_out,spearman,0.19510567296996661,higher,available,,30,outer_train_smoke_only,True
dingxin_existing_dual_stream,high_physiology_response_classification,linear,contiformer,17,leave_one_sortie_out__fold02,held_out,macro_f1,0.3617021276595745,higher,available,,30,outer_train_smoke_only,True
dingxin_existing_dual_stream,high_physiology_response_classification,linear,contiformer,17,leave_one_sortie_out__fold02,held_out,balanced_accuracy,0.5,higher,available,,30,outer_train_smoke_only,True
dingxin_existing_dual_stream,high_physiology_response_classification,linear,contiformer,17,leave_one_sortie_out__fold02,held_out,macro_auprc,0.6730905659359381,higher,available,,30,outer_train_smoke_only,True
dingxin_existing_dual_stream,high_physiology_response_classification,linear,contiformer,17,leave_one_sortie_out__fold02,held_out,brier_score,0.7676593146022059,lower,available,,30,outer_train_smoke_only,True
dingxin_existing_dual_stream,high_physiology_response_classification,linear,contiformer,17,leave_one_sortie_out__fold02,held_out,ece_10_bins,0.40423656683506404,lower,available,,30,outer_train_smoke_only,True
dingxin_existing_dual_stream,high_physiology_response_classification,linear,contiformer,17,leave_one_sortie_out__fold02,held_out,high_response_recall,0.0,higher,available,,30,outer_train_smoke_only,True
dingxin_existing_dual_stream,maneuver_intensity_classification,minirocket,contiformer,17,leave_one_sortie_out__fold02,held_out,macro_f1,0.7075163398692811,higher,available,,31,outer_train_smoke_only,True
dingxin_existing_dual_stream,maneuver_intensity_classification,minirocket,contiformer,17,leave_one_sortie_out__fold02,held_out,balanced_accuracy,0.706060606060606,higher,available,,31,outer_train_smoke_only,True
dingxin_existing_dual_stream,maneuver_intensity_classification,minirocket,contiformer,17,leave_one_sortie_out__fold02,held_out,macro_auprc,0.8818231043565268,higher,available,,31,outer_train_smoke_only,True
dingxin_existing_dual_stream,maneuver_intensity_classification,minirocket,contiformer,17,leave_one_sortie_out__fold02,held_out,brier_score,0.470161521817081,lower,available,,31,outer_train_smoke_only,True
dingxin_existing_dual_stream,maneuver_intensity_classification,minirocket,contiformer,17,leave_one_sortie_out__fold02,held_out,ece_10_bins,0.2142712933341534,lower,available,,31,outer_train_smoke_only,True
dingxin_existing_dual_stream,physiology_response_regression,minirocket,contiformer,17,leave_one_sortie_out__fold02,held_out,mae,0.5278078029553096,lower,available,,30,outer_train_smoke_only,True
dingxin_existing_dual_stream,physiology_response_regression,minirocket,contiformer,17,leave_one_sortie_out__fold02,held_out,rmse,0.7584618171249883,lower,available,,30,outer_train_smoke_only,True
dingxin_existing_dual_stream,physiology_response_regression,minirocket,contiformer,17,leave_one_sortie_out__fold02,held_out,spearman,0.44471635150166855,higher,available,,30,outer_train_smoke_only,True
dingxin_existing_dual_stream,high_physiology_response_classification,minirocket,contiformer,17,leave_one_sortie_out__fold02,held_out,macro_f1,0.5111111111111111,higher,available,,30,outer_train_smoke_only,True
dingxin_existing_dual_stream,high_physiology_response_classification,minirocket,contiformer,17,leave_one_sortie_out__fold02,held_out,balanced_accuracy,0.5769230769230769,higher,available,,30,outer_train_smoke_only,True
dingxin_existing_dual_stream,high_physiology_response_classification,minirocket,contiformer,17,leave_one_sortie_out__fold02,held_out,macro_auprc,0.6872815825870124,higher,available,,30,outer_train_smoke_only,True
dingxin_existing_dual_stream,high_physiology_response_classification,minirocket,contiformer,17,leave_one_sortie_out__fold02,held_out,brier_score,0.7331492909192249,lower,available,,30,outer_train_smoke_only,True
dingxin_existing_dual_stream,high_physiology_response_classification,minirocket,contiformer,17,leave_one_sortie_out__fold02,held_out,ece_10_bins,0.3655659006108223,lower,available,,30,outer_train_smoke_only,True
dingxin_existing_dual_stream,high_physiology_response_classification,minirocket,contiformer,17,leave_one_sortie_out__fold02,held_out,high_response_recall,0.15384615384615385,higher,available,,30,outer_train_smoke_only,True
dingxin_existing_dual_stream,maneuver_intensity_classification,linear,chronaris,17,leave_one_sortie_out__fold02,validation,macro_f1,0.19047619047619047,higher,available,,14,outer_train_smoke_only,True
dingxin_existing_dual_stream,maneuver_intensity_classification,linear,chronaris,17,leave_one_sortie_out__fold02,validation,balanced_accuracy,0.2222222222222222,higher,available,,14,outer_train_smoke_only,True
dingxin_existing_dual_stream,maneuver_intensity_classification,linear,chronaris,17,leave_one_sortie_out__fold02,validation,macro_auprc,0.35687830687830685,higher,available,,14,outer_train_smoke_only,True
dingxin_existing_dual_stream,maneuver_intensity_classification,linear,chronaris,17,leave_one_sortie_out__fold02,validation,brier_score,1.358104278756964,lower,available,,14,outer_train_smoke_only,True
dingxin_existing_dual_stream,maneuver_intensity_classification,linear,chronaris,17,leave_one_sortie_out__fold02,validation,ece_10_bins,0.6965922146022412,lower,available,,14,outer_train_smoke_only,True
dingxin_existing_dual_stream,physiology_response_regression,linear,chronaris,17,leave_one_sortie_out__fold02,validation,mae,1.6729073574145634,lower,available,,12,outer_train_smoke_only,True
dingxin_existing_dual_stream,physiology_response_regression,linear,chronaris,17,leave_one_sortie_out__fold02,validation,rmse,1.8209636629040449,lower,available,,12,outer_train_smoke_only,True
dingxin_existing_dual_stream,physiology_response_regression,linear,chronaris,17,leave_one_sortie_out__fold02,validation,spearman,0.0857142857142857,higher,available,,12,outer_train_smoke_only,True
dingxin_existing_dual_stream,high_physiology_response_classification,linear,chronaris,17,leave_one_sortie_out__fold02,validation,macro_f1,0.3333333333333333,higher,available,,12,outer_train_smoke_only,True
dingxin_existing_dual_stream,high_physiology_response_classification,linear,chronaris,17,leave_one_sortie_out__fold02,validation,balanced_accuracy,0.3333333333333333,higher,available,,12,outer_train_smoke_only,True
dingxin_existing_dual_stream,high_physiology_response_classification,linear,chronaris,17,leave_one_sortie_out__fold02,validation,macro_auprc,0.4517676767676768,higher,available,,12,outer_train_smoke_only,True
dingxin_existing_dual_stream,high_physiology_response_classification,linear,chronaris,17,leave_one_sortie_out__fold02,validation,brier_score,1.1507887667613927,lower,available,,12,outer_train_smoke_only,True
dingxin_existing_dual_stream,high_physiology_response_classification,linear,chronaris,17,leave_one_sortie_out__fold02,validation,ece_10_bins,0.6571739420382675,lower,available,,12,outer_train_smoke_only,True
dingxin_existing_dual_stream,high_physiology_response_classification,linear,chronaris,17,leave_one_sortie_out__fold02,validation,high_response_recall,0.3333333333333333,higher,available,,12,outer_train_smoke_only,True
dingxin_existing_dual_stream,maneuver_intensity_classification,minirocket,chronaris,17,leave_one_sortie_out__fold02,validation,macro_f1,0.22857142857142856,higher,available,,14,outer_train_smoke_only,True
dingxin_existing_dual_stream,maneuver_intensity_classification,minirocket,chronaris,17,leave_one_sortie_out__fold02,validation,balanced_accuracy,0.27777777777777773,higher,available,,14,outer_train_smoke_only,True
dingxin_existing_dual_stream,maneuver_intensity_classification,minirocket,chronaris,17,leave_one_sortie_out__fold02,validation,macro_auprc,0.3878306878306878,higher,available,,14,outer_train_smoke_only,True
dingxin_existing_dual_stream,maneuver_intensity_classification,minirocket,chronaris,17,leave_one_sortie_out__fold02,validation,brier_score,1.1790383805379447,lower,available,,14,outer_train_smoke_only,True
dingxin_existing_dual_stream,maneuver_intensity_classification,minirocket,chronaris,17,leave_one_sortie_out__fold02,validation,ece_10_bins,0.5719810093369306,lower,available,,14,outer_train_smoke_only,True
dingxin_existing_dual_stream,physiology_response_regression,minirocket,chronaris,17,leave_one_sortie_out__fold02,validation,mae,0.6789081195990244,lower,available,,12,outer_train_smoke_only,True
dingxin_existing_dual_stream,physiology_response_regression,minirocket,chronaris,17,leave_one_sortie_out__fold02,validation,rmse,0.9899436265242487,lower,available,,12,outer_train_smoke_only,True
dingxin_existing_dual_stream,physiology_response_regression,minirocket,chronaris,17,leave_one_sortie_out__fold02,validation,spearman,0.6559725216509904,higher,available,,12,outer_train_smoke_only,True
dingxin_existing_dual_stream,high_physiology_response_classification,minirocket,chronaris,17,leave_one_sortie_out__fold02,validation,macro_f1,0.3333333333333333,higher,available,,12,outer_train_smoke_only,True
dingxin_existing_dual_stream,high_physiology_response_classification,minirocket,chronaris,17,leave_one_sortie_out__fold02,validation,balanced_accuracy,0.5,higher,available,,12,outer_train_smoke_only,True
dingxin_existing_dual_stream,high_physiology_response_classification,minirocket,chronaris,17,leave_one_sortie_out__fold02,validation,macro_auprc,0.8331349206349207,higher,available,,12,outer_train_smoke_only,True
dingxin_existing_dual_stream,high_physiology_response_classification,minirocket,chronaris,17,leave_one_sortie_out__fold02,validation,brier_score,0.9993084589617691,lower,available,,12,outer_train_smoke_only,True
dingxin_existing_dual_stream,high_physiology_response_classification,minirocket,chronaris,17,leave_one_sortie_out__fold02,validation,ece_10_bins,0.49974556275980786,lower,available,,12,outer_train_smoke_only,True
dingxin_existing_dual_stream,high_physiology_response_classification,minirocket,chronaris,17,leave_one_sortie_out__fold02,validation,high_response_recall,0.0,higher,available,,12,outer_train_smoke_only,True
dingxin_existing_dual_stream,maneuver_intensity_classification,linear,chronaris,17,leave_one_sortie_out__fold02,held_out,macro_f1,0.17460317460317462,higher,available,,31,outer_train_smoke_only,True
dingxin_existing_dual_stream,maneuver_intensity_classification,linear,chronaris,17,leave_one_sortie_out__fold02,held_out,balanced_accuracy,0.3333333333333333,higher,available,,31,outer_train_smoke_only,True
dingxin_existing_dual_stream,maneuver_intensity_classification,linear,chronaris,17,leave_one_sortie_out__fold02,held_out,macro_auprc,0.49334500835492445,higher,available,,31,outer_train_smoke_only,True
dingxin_existing_dual_stream,maneuver_intensity_classification,linear,chronaris,17,leave_one_sortie_out__fold02,held_out,brier_score,1.285500929882109,lower,available,,31,outer_train_smoke_only,True
dingxin_existing_dual_stream,maneuver_intensity_classification,linear,chronaris,17,leave_one_sortie_out__fold02,held_out,ece_10_bins,0.6424827081044236,lower,available,,31,outer_train_smoke_only,True
dingxin_existing_dual_stream,physiology_response_regression,linear,chronaris,17,leave_one_sortie_out__fold02,held_out,mae,3.6802340924739836,lower,available,,30,outer_train_smoke_only,True
dingxin_existing_dual_stream,physiology_response_regression,linear,chronaris,17,leave_one_sortie_out__fold02,held_out,rmse,3.799264680032341,lower,available,,30,outer_train_smoke_only,True
dingxin_existing_dual_stream,physiology_response_regression,linear,chronaris,17,leave_one_sortie_out__fold02,held_out,spearman,0.09010011123470522,higher,available,,30,outer_train_smoke_only,True
dingxin_existing_dual_stream,high_physiology_response_classification,linear,chronaris,17,leave_one_sortie_out__fold02,held_out,macro_f1,0.3023255813953488,higher,available,,30,outer_train_smoke_only,True
dingxin_existing_dual_stream,high_physiology_response_classification,linear,chronaris,17,leave_one_sortie_out__fold02,held_out,balanced_accuracy,0.5,higher,available,,30,outer_train_smoke_only,True
dingxin_existing_dual_stream,high_physiology_response_classification,linear,chronaris,17,leave_one_sortie_out__fold02,held_out,macro_auprc,0.5036800023737947,higher,available,,30,outer_train_smoke_only,True
dingxin_existing_dual_stream,high_physiology_response_classification,linear,chronaris,17,leave_one_sortie_out__fold02,held_out,brier_score,1.1331317890545156,lower,available,,30,outer_train_smoke_only,True
dingxin_existing_dual_stream,high_physiology_response_classification,linear,chronaris,17,leave_one_sortie_out__fold02,held_out,ece_10_bins,0.5647748908604764,lower,available,,30,outer_train_smoke_only,True
dingxin_existing_dual_stream,high_physiology_response_classification,linear,chronaris,17,leave_one_sortie_out__fold02,held_out,high_response_recall,1.0,higher,available,,30,outer_train_smoke_only,True
dingxin_existing_dual_stream,maneuver_intensity_classification,minirocket,chronaris,17,leave_one_sortie_out__fold02,held_out,macro_f1,0.23946784922394682,higher,available,,31,outer_train_smoke_only,True
dingxin_existing_dual_stream,maneuver_intensity_classification,minirocket,chronaris,17,leave_one_sortie_out__fold02,held_out,balanced_accuracy,0.3666666666666667,higher,available,,31,outer_train_smoke_only,True
dingxin_existing_dual_stream,maneuver_intensity_classification,minirocket,chronaris,17,leave_one_sortie_out__fold02,held_out,macro_auprc,0.5509218480481407,higher,available,,31,outer_train_smoke_only,True
dingxin_existing_dual_stream,maneuver_intensity_classification,minirocket,chronaris,17,leave_one_sortie_out__fold02,held_out,brier_score,1.1736577669685166,lower,available,,31,outer_train_smoke_only,True
dingxin_existing_dual_stream,maneuver_intensity_classification,minirocket,chronaris,17,leave_one_sortie_out__fold02,held_out,ece_10_bins,0.5891921919801036,lower,available,,31,outer_train_smoke_only,True
dingxin_existing_dual_stream,physiology_response_regression,minirocket,chronaris,17,leave_one_sortie_out__fold02,held_out,mae,0.6272180616855622,lower,available,,30,outer_train_smoke_only,True
dingxin_existing_dual_stream,physiology_response_regression,minirocket,chronaris,17,leave_one_sortie_out__fold02,held_out,rmse,0.8274465950135709,lower,available,,30,outer_train_smoke_only,True
dingxin_existing_dual_stream,physiology_response_regression,minirocket,chronaris,17,leave_one_sortie_out__fold02,held_out,spearman,-0.03270300333704116,higher,available,,30,outer_train_smoke_only,True
dingxin_existing_dual_stream,high_physiology_response_classification,minirocket,chronaris,17,leave_one_sortie_out__fold02,held_out,macro_f1,0.3617021276595745,higher,available,,30,outer_train_smoke_only,True
dingxin_existing_dual_stream,high_physiology_response_classification,minirocket,chronaris,17,leave_one_sortie_out__fold02,held_out,balanced_accuracy,0.5,higher,available,,30,outer_train_smoke_only,True
dingxin_existing_dual_stream,high_physiology_response_classification,minirocket,chronaris,17,leave_one_sortie_out__fold02,held_out,macro_auprc,0.48044067507482247,higher,available,,30,outer_train_smoke_only,True
dingxin_existing_dual_stream,high_physiology_response_classification,minirocket,chronaris,17,leave_one_sortie_out__fold02,held_out,brier_score,0.7074164436211271,lower,available,,30,outer_train_smoke_only,True
dingxin_existing_dual_stream,high_physiology_response_classification,minirocket,chronaris,17,leave_one_sortie_out__fold02,held_out,ece_10_bins,0.29651735687998604,lower,available,,30,outer_train_smoke_only,True
dingxin_existing_dual_stream,high_physiology_response_classification,minirocket,chronaris,17,leave_one_sortie_out__fold02,held_out,high_response_recall,0.0,higher,available,,30,outer_train_smoke_only,True
