candidate_id,candidate_order,evaluation_role,fit_role,metric,outer_pool_id,outer_test_opened,ranking_eligible,split_id,status,task,validation_support_hash,value
vehicle_5s_global,0,inner_validation,inner_train,macro_f1,leave_one_view_out__fold01,False,True,leave_one_view_out__fold01__candidate_339,completed,maneuver,d49030f301fc10972368913bbfc6141aa638775e23f48bc8ad0055d5e48293a1,0.9153439153439153
vehicle_5s_global,0,inner_validation,inner_train,support_aware_macro_f1,leave_one_view_out__fold01,False,True,leave_one_view_out__fold01__candidate_339,completed,maneuver,d49030f301fc10972368913bbfc6141aa638775e23f48bc8ad0055d5e48293a1,0.9153439153439153
vehicle_5s_global,0,inner_validation,inner_train,majority_macro_f1,leave_one_view_out__fold01,False,True,leave_one_view_out__fold01__candidate_339,completed,maneuver,d49030f301fc10972368913bbfc6141aa638775e23f48bc8ad0055d5e48293a1,0.16666666666666666
vehicle_5s_global,0,inner_validation,inner_train,macro_f1_lift,leave_one_view_out__fold01,False,True,leave_one_view_out__fold01__candidate_339,completed,maneuver,d49030f301fc10972368913bbfc6141aa638775e23f48bc8ad0055d5e48293a1,0.7486772486772487
vehicle_5s_global,0,inner_validation,inner_train,recall_low,leave_one_view_out__fold01,False,True,leave_one_view_out__fold01__candidate_339,completed,maneuver,d49030f301fc10972368913bbfc6141aa638775e23f48bc8ad0055d5e48293a1,1.0
vehicle_5s_global,0,inner_validation,inner_train,recall_medium,leave_one_view_out__fold01,False,True,leave_one_view_out__fold01__candidate_339,completed,maneuver,d49030f301fc10972368913bbfc6141aa638775e23f48bc8ad0055d5e48293a1,0.75
vehicle_5s_global,0,inner_validation,inner_train,recall_high,leave_one_view_out__fold01,False,True,leave_one_view_out__fold01__candidate_339,completed,maneuver,d49030f301fc10972368913bbfc6141aa638775e23f48bc8ad0055d5e48293a1,1.0
vehicle_5s_global,0,inner_validation,inner_train,minimum_class_recall,leave_one_view_out__fold01,False,True,leave_one_view_out__fold01__candidate_339,completed,maneuver,d49030f301fc10972368913bbfc6141aa638775e23f48bc8ad0055d5e48293a1,0.75
vehicle_5s_global,0,inner_validation,inner_train,ordinal_mae,leave_one_view_out__fold01,False,True,leave_one_view_out__fold01__candidate_339,completed,maneuver,d49030f301fc10972368913bbfc6141aa638775e23f48bc8ad0055d5e48293a1,0.08333333333333333
vehicle_5s_global,0,inner_validation,inner_train,score_mae,leave_one_view_out__fold01,False,True,leave_one_view_out__fold01__candidate_339,completed,maneuver,d49030f301fc10972368913bbfc6141aa638775e23f48bc8ad0055d5e48293a1,0.5508018031190532
vehicle_5s_global,0,inner_validation,inner_train,score_spearman,leave_one_view_out__fold01,False,True,leave_one_view_out__fold01__candidate_339,completed,maneuver,d49030f301fc10972368913bbfc6141aa638775e23f48bc8ad0055d5e48293a1,0.9090909090909092
vehicle_5s_global,0,inner_validation,inner_train,rmse,leave_one_view_out__fold01,False,True,leave_one_view_out__fold01__candidate_339,completed,response,d49030f301fc10972368913bbfc6141aa638775e23f48bc8ad0055d5e48293a1,1.158349809059469
vehicle_5s_global,0,inner_validation,inner_train,mae,leave_one_view_out__fold01,False,True,leave_one_view_out__fold01__candidate_339,completed,response,d49030f301fc10972368913bbfc6141aa638775e23f48bc8ad0055d5e48293a1,0.9736949757889627
vehicle_5s_global,0,inner_validation,inner_train,validation_std,leave_one_view_out__fold01,False,True,leave_one_view_out__fold01__candidate_339,completed,response,d49030f301fc10972368913bbfc6141aa638775e23f48bc8ad0055d5e48293a1,0.9229823964743179
vehicle_5s_global,0,inner_validation,inner_train,validation_iqr,leave_one_view_out__fold01,False,True,leave_one_view_out__fold01__candidate_339,completed,response,d49030f301fc10972368913bbfc6141aa638775e23f48bc8ad0055d5e48293a1,1.5375502327333572
vehicle_5s_global,0,inner_validation,inner_train,nrmse_std,leave_one_view_out__fold01,False,True,leave_one_view_out__fold01__candidate_339,completed,response,d49030f301fc10972368913bbfc6141aa638775e23f48bc8ad0055d5e48293a1,1.255007477373595
vehicle_5s_global,0,inner_validation,inner_train,nrmse_iqr,leave_one_view_out__fold01,False,True,leave_one_view_out__fold01__candidate_339,completed,response,d49030f301fc10972368913bbfc6141aa638775e23f48bc8ad0055d5e48293a1,0.7533736358000023
vehicle_5s_global,0,inner_validation,inner_train,train_mean_baseline_rmse,leave_one_view_out__fold01,False,True,leave_one_view_out__fold01__candidate_339,completed,response,d49030f301fc10972368913bbfc6141aa638775e23f48bc8ad0055d5e48293a1,1.2411261006308119
vehicle_5s_global,0,inner_validation,inner_train,rmse_ratio,leave_one_view_out__fold01,False,True,leave_one_view_out__fold01__candidate_339,completed,response,d49030f301fc10972368913bbfc6141aa638775e23f48bc8ad0055d5e48293a1,0.9333054944785456
vehicle_5s_global,0,inner_validation,inner_train,response_skill,leave_one_view_out__fold01,False,True,leave_one_view_out__fold01__candidate_339,completed,response,d49030f301fc10972368913bbfc6141aa638775e23f48bc8ad0055d5e48293a1,0.1289408539761574
vehicle_5s_global,0,inner_validation,inner_train,spearman,leave_one_view_out__fold01,False,True,leave_one_view_out__fold01__candidate_339,completed,response,d49030f301fc10972368913bbfc6141aa638775e23f48bc8ad0055d5e48293a1,0.18181818181818185
vehicle_5s_global,0,inner_validation,inner_train,auprc,leave_one_view_out__fold01,False,True,leave_one_view_out__fold01__candidate_339,completed,high_response,d49030f301fc10972368913bbfc6141aa638775e23f48bc8ad0055d5e48293a1,0.630239898989899
vehicle_5s_global,0,inner_validation,inner_train,prevalence,leave_one_view_out__fold01,False,True,leave_one_view_out__fold01__candidate_339,completed,high_response,d49030f301fc10972368913bbfc6141aa638775e23f48bc8ad0055d5e48293a1,0.6666666666666666
vehicle_5s_global,0,inner_validation,inner_train,random_baseline_auprc,leave_one_view_out__fold01,False,True,leave_one_view_out__fold01__candidate_339,completed,high_response,d49030f301fc10972368913bbfc6141aa638775e23f48bc8ad0055d5e48293a1,0.6666666666666666
vehicle_5s_global,0,inner_validation,inner_train,normalized_ap,leave_one_view_out__fold01,False,True,leave_one_view_out__fold01__candidate_339,completed,high_response,d49030f301fc10972368913bbfc6141aa638775e23f48bc8ad0055d5e48293a1,-0.10928030303030299
vehicle_5s_global,0,inner_validation,inner_train,auprc_lift,leave_one_view_out__fold01,False,True,leave_one_view_out__fold01__candidate_339,completed,high_response,d49030f301fc10972368913bbfc6141aa638775e23f48bc8ad0055d5e48293a1,-0.03642676767676767
vehicle_5s_global,0,inner_validation,inner_train,auroc,leave_one_view_out__fold01,False,True,leave_one_view_out__fold01__candidate_339,completed,high_response,d49030f301fc10972368913bbfc6141aa638775e23f48bc8ad0055d5e48293a1,0.34375
vehicle_5s_global,0,inner_validation,inner_train,balanced_accuracy,leave_one_view_out__fold01,False,True,leave_one_view_out__fold01__candidate_339,completed,high_response,d49030f301fc10972368913bbfc6141aa638775e23f48bc8ad0055d5e48293a1,0.5
vehicle_5s_global,0,inner_validation,inner_train,macro_f1,leave_one_view_out__fold01,False,True,leave_one_view_out__fold01__candidate_353,completed,maneuver,f1ddae33af89bc208d97290f0e03c19c4d93c0cd3b4e08a59452657e405013ac,1.0
vehicle_5s_global,0,inner_validation,inner_train,support_aware_macro_f1,leave_one_view_out__fold01,False,True,leave_one_view_out__fold01__candidate_353,completed,maneuver,f1ddae33af89bc208d97290f0e03c19c4d93c0cd3b4e08a59452657e405013ac,1.0
vehicle_5s_global,0,inner_validation,inner_train,majority_macro_f1,leave_one_view_out__fold01,False,True,leave_one_view_out__fold01__candidate_353,completed,maneuver,f1ddae33af89bc208d97290f0e03c19c4d93c0cd3b4e08a59452657e405013ac,0.13333333333333333
vehicle_5s_global,0,inner_validation,inner_train,macro_f1_lift,leave_one_view_out__fold01,False,True,leave_one_view_out__fold01__candidate_353,completed,maneuver,f1ddae33af89bc208d97290f0e03c19c4d93c0cd3b4e08a59452657e405013ac,0.8666666666666667
vehicle_5s_global,0,inner_validation,inner_train,recall_low,leave_one_view_out__fold01,False,True,leave_one_view_out__fold01__candidate_353,completed,maneuver,f1ddae33af89bc208d97290f0e03c19c4d93c0cd3b4e08a59452657e405013ac,1.0
vehicle_5s_global,0,inner_validation,inner_train,recall_medium,leave_one_view_out__fold01,False,True,leave_one_view_out__fold01__candidate_353,completed,maneuver,f1ddae33af89bc208d97290f0e03c19c4d93c0cd3b4e08a59452657e405013ac,1.0
vehicle_5s_global,0,inner_validation,inner_train,recall_high,leave_one_view_out__fold01,False,True,leave_one_view_out__fold01__candidate_353,completed,maneuver,f1ddae33af89bc208d97290f0e03c19c4d93c0cd3b4e08a59452657e405013ac,1.0
vehicle_5s_global,0,inner_validation,inner_train,minimum_class_recall,leave_one_view_out__fold01,False,True,leave_one_view_out__fold01__candidate_353,completed,maneuver,f1ddae33af89bc208d97290f0e03c19c4d93c0cd3b4e08a59452657e405013ac,1.0
vehicle_5s_global,0,inner_validation,inner_train,ordinal_mae,leave_one_view_out__fold01,False,True,leave_one_view_out__fold01__candidate_353,completed,maneuver,f1ddae33af89bc208d97290f0e03c19c4d93c0cd3b4e08a59452657e405013ac,0.0
vehicle_5s_global,0,inner_validation,inner_train,score_mae,leave_one_view_out__fold01,False,True,leave_one_view_out__fold01__candidate_353,completed,maneuver,f1ddae33af89bc208d97290f0e03c19c4d93c0cd3b4e08a59452657e405013ac,0.48904885647778457
vehicle_5s_global,0,inner_validation,inner_train,score_spearman,leave_one_view_out__fold01,False,True,leave_one_view_out__fold01__candidate_353,completed,maneuver,f1ddae33af89bc208d97290f0e03c19c4d93c0cd3b4e08a59452657e405013ac,0.9580419580419581
vehicle_5s_global,0,inner_validation,inner_train,rmse,leave_one_view_out__fold01,False,True,leave_one_view_out__fold01__candidate_353,completed,response,f1ddae33af89bc208d97290f0e03c19c4d93c0cd3b4e08a59452657e405013ac,1.116573736645193
vehicle_5s_global,0,inner_validation,inner_train,mae,leave_one_view_out__fold01,False,True,leave_one_view_out__fold01__candidate_353,completed,response,f1ddae33af89bc208d97290f0e03c19c4d93c0cd3b4e08a59452657e405013ac,0.9695277716751821
vehicle_5s_global,0,inner_validation,inner_train,validation_std,leave_one_view_out__fold01,False,True,leave_one_view_out__fold01__candidate_353,completed,response,f1ddae33af89bc208d97290f0e03c19c4d93c0cd3b4e08a59452657e405013ac,0.8091453454981316
vehicle_5s_global,0,inner_validation,inner_train,validation_iqr,leave_one_view_out__fold01,False,True,leave_one_view_out__fold01__candidate_353,completed,response,f1ddae33af89bc208d97290f0e03c19c4d93c0cd3b4e08a59452657e405013ac,1.218839946496964
vehicle_5s_global,0,inner_validation,inner_train,nrmse_std,leave_one_view_out__fold01,False,True,leave_one_view_out__fold01__candidate_353,completed,response,f1ddae33af89bc208d97290f0e03c19c4d93c0cd3b4e08a59452657e405013ac,1.3799421115841684
vehicle_5s_global,0,inner_validation,inner_train,nrmse_iqr,leave_one_view_out__fold01,False,True,leave_one_view_out__fold01__candidate_353,completed,response,f1ddae33af89bc208d97290f0e03c19c4d93c0cd3b4e08a59452657e405013ac,0.9160954560558247
vehicle_5s_global,0,inner_validation,inner_train,train_mean_baseline_rmse,leave_one_view_out__fold01,False,True,leave_one_view_out__fold01__candidate_353,completed,response,f1ddae33af89bc208d97290f0e03c19c4d93c0cd3b4e08a59452657e405013ac,0.9551898219217477
vehicle_5s_global,0,inner_validation,inner_train,rmse_ratio,leave_one_view_out__fold01,False,True,leave_one_view_out__fold01__candidate_353,completed,response,f1ddae33af89bc208d97290f0e03c19c4d93c0cd3b4e08a59452657e405013ac,1.1689548098395321
vehicle_5s_global,0,inner_validation,inner_train,response_skill,leave_one_view_out__fold01,False,True,leave_one_view_out__fold01__candidate_353,completed,response,f1ddae33af89bc208d97290f0e03c19c4d93c0cd3b4e08a59452657e405013ac,-0.3664553474469763
vehicle_5s_global,0,inner_validation,inner_train,spearman,leave_one_view_out__fold01,False,True,leave_one_view_out__fold01__candidate_353,completed,response,f1ddae33af89bc208d97290f0e03c19c4d93c0cd3b4e08a59452657e405013ac,-0.30069930069930073
vehicle_5s_global,0,inner_validation,inner_train,auprc,leave_one_view_out__fold01,False,True,leave_one_view_out__fold01__candidate_353,completed,high_response,f1ddae33af89bc208d97290f0e03c19c4d93c0cd3b4e08a59452657e405013ac,0.3232034632034632
vehicle_5s_global,0,inner_validation,inner_train,prevalence,leave_one_view_out__fold01,False,True,leave_one_view_out__fold01__candidate_353,completed,high_response,f1ddae33af89bc208d97290f0e03c19c4d93c0cd3b4e08a59452657e405013ac,0.4166666666666667
vehicle_5s_global,0,inner_validation,inner_train,random_baseline_auprc,leave_one_view_out__fold01,False,True,leave_one_view_out__fold01__candidate_353,completed,high_response,f1ddae33af89bc208d97290f0e03c19c4d93c0cd3b4e08a59452657e405013ac,0.4166666666666667
vehicle_5s_global,0,inner_validation,inner_train,normalized_ap,leave_one_view_out__fold01,False,True,leave_one_view_out__fold01__candidate_353,completed,high_response,f1ddae33af89bc208d97290f0e03c19c4d93c0cd3b4e08a59452657e405013ac,-0.16022263450834884
vehicle_5s_global,0,inner_validation,inner_train,auprc_lift,leave_one_view_out__fold01,False,True,leave_one_view_out__fold01__candidate_353,completed,high_response,f1ddae33af89bc208d97290f0e03c19c4d93c0cd3b4e08a59452657e405013ac,-0.09346320346320347
vehicle_5s_global,0,inner_validation,inner_train,auroc,leave_one_view_out__fold01,False,True,leave_one_view_out__fold01__candidate_353,completed,high_response,f1ddae33af89bc208d97290f0e03c19c4d93c0cd3b4e08a59452657e405013ac,0.17142857142857143
vehicle_5s_global,0,inner_validation,inner_train,balanced_accuracy,leave_one_view_out__fold01,False,True,leave_one_view_out__fold01__candidate_353,completed,high_response,f1ddae33af89bc208d97290f0e03c19c4d93c0cd3b4e08a59452657e405013ac,0.3142857142857143
vehicle_5s_global,0,inner_validation,inner_train,macro_f1,leave_one_view_out__fold02,False,True,leave_one_view_out__fold02__candidate_328,completed,maneuver,76857c61556d36c9eb8d7060ea53eb10f2e65e3f7b2a4854ab4c6016248a0b48,0.6222222222222222
vehicle_5s_global,0,inner_validation,inner_train,support_aware_macro_f1,leave_one_view_out__fold02,False,True,leave_one_view_out__fold02__candidate_328,completed,maneuver,76857c61556d36c9eb8d7060ea53eb10f2e65e3f7b2a4854ab4c6016248a0b48,0.6222222222222222
vehicle_5s_global,0,inner_validation,inner_train,majority_macro_f1,leave_one_view_out__fold02,False,True,leave_one_view_out__fold02__candidate_328,completed,maneuver,76857c61556d36c9eb8d7060ea53eb10f2e65e3f7b2a4854ab4c6016248a0b48,0.19607843137254902
vehicle_5s_global,0,inner_validation,inner_train,macro_f1_lift,leave_one_view_out__fold02,False,True,leave_one_view_out__fold02__candidate_328,completed,maneuver,76857c61556d36c9eb8d7060ea53eb10f2e65e3f7b2a4854ab4c6016248a0b48,0.42614379084967324
vehicle_5s_global,0,inner_validation,inner_train,recall_low,leave_one_view_out__fold02,False,True,leave_one_view_out__fold02__candidate_328,completed,maneuver,76857c61556d36c9eb8d7060ea53eb10f2e65e3f7b2a4854ab4c6016248a0b48,0.8
vehicle_5s_global,0,inner_validation,inner_train,recall_medium,leave_one_view_out__fold02,False,True,leave_one_view_out__fold02__candidate_328,completed,maneuver,76857c61556d36c9eb8d7060ea53eb10f2e65e3f7b2a4854ab4c6016248a0b48,0.25
vehicle_5s_global,0,inner_validation,inner_train,recall_high,leave_one_view_out__fold02,False,True,leave_one_view_out__fold02__candidate_328,completed,maneuver,76857c61556d36c9eb8d7060ea53eb10f2e65e3f7b2a4854ab4c6016248a0b48,1.0
vehicle_5s_global,0,inner_validation,inner_train,minimum_class_recall,leave_one_view_out__fold02,False,True,leave_one_view_out__fold02__candidate_328,completed,maneuver,76857c61556d36c9eb8d7060ea53eb10f2e65e3f7b2a4854ab4c6016248a0b48,0.25
vehicle_5s_global,0,inner_validation,inner_train,ordinal_mae,leave_one_view_out__fold02,False,True,leave_one_view_out__fold02__candidate_328,completed,maneuver,76857c61556d36c9eb8d7060ea53eb10f2e65e3f7b2a4854ab4c6016248a0b48,0.4166666666666667
vehicle_5s_global,0,inner_validation,inner_train,score_mae,leave_one_view_out__fold02,False,True,leave_one_view_out__fold02__candidate_328,completed,maneuver,76857c61556d36c9eb8d7060ea53eb10f2e65e3f7b2a4854ab4c6016248a0b48,0.7233043412224215
vehicle_5s_global,0,inner_validation,inner_train,score_spearman,leave_one_view_out__fold02,False,True,leave_one_view_out__fold02__candidate_328,completed,maneuver,76857c61556d36c9eb8d7060ea53eb10f2e65e3f7b2a4854ab4c6016248a0b48,0.6363636363636365
vehicle_5s_global,0,inner_validation,inner_train,rmse,leave_one_view_out__fold02,False,True,leave_one_view_out__fold02__candidate_328,completed,response,76857c61556d36c9eb8d7060ea53eb10f2e65e3f7b2a4854ab4c6016248a0b48,1.0017495416246813
vehicle_5s_global,0,inner_validation,inner_train,mae,leave_one_view_out__fold02,False,True,leave_one_view_out__fold02__candidate_328,completed,response,76857c61556d36c9eb8d7060ea53eb10f2e65e3f7b2a4854ab4c6016248a0b48,0.8745623456006921
vehicle_5s_global,0,inner_validation,inner_train,validation_std,leave_one_view_out__fold02,False,True,leave_one_view_out__fold02__candidate_328,completed,response,76857c61556d36c9eb8d7060ea53eb10f2e65e3f7b2a4854ab4c6016248a0b48,0.6661100828266592
vehicle_5s_global,0,inner_validation,inner_train,validation_iqr,leave_one_view_out__fold02,False,True,leave_one_view_out__fold02__candidate_328,completed,response,76857c61556d36c9eb8d7060ea53eb10f2e65e3f7b2a4854ab4c6016248a0b48,0.8168154939282022
vehicle_5s_global,0,inner_validation,inner_train,nrmse_std,leave_one_view_out__fold02,False,True,leave_one_view_out__fold02__candidate_328,completed,response,76857c61556d36c9eb8d7060ea53eb10f2e65e3f7b2a4854ab4c6016248a0b48,1.5038798652825154
vehicle_5s_global,0,inner_validation,inner_train,nrmse_iqr,leave_one_view_out__fold02,False,True,leave_one_view_out__fold02__candidate_328,completed,response,76857c61556d36c9eb8d7060ea53eb10f2e65e3f7b2a4854ab4c6016248a0b48,1.2264085941943883
vehicle_5s_global,0,inner_validation,inner_train,train_mean_baseline_rmse,leave_one_view_out__fold02,False,True,leave_one_view_out__fold02__candidate_328,completed,response,76857c61556d36c9eb8d7060ea53eb10f2e65e3f7b2a4854ab4c6016248a0b48,0.760282844198373
vehicle_5s_global,0,inner_validation,inner_train,rmse_ratio,leave_one_view_out__fold02,False,True,leave_one_view_out__fold02__candidate_328,completed,response,76857c61556d36c9eb8d7060ea53eb10f2e65e3f7b2a4854ab4c6016248a0b48,1.3176011391930145
vehicle_5s_global,0,inner_validation,inner_train,response_skill,leave_one_view_out__fold02,False,True,leave_one_view_out__fold02__candidate_328,completed,response,76857c61556d36c9eb8d7060ea53eb10f2e65e3f7b2a4854ab4c6016248a0b48,-0.7360727620027292
vehicle_5s_global,0,inner_validation,inner_train,spearman,leave_one_view_out__fold02,False,True,leave_one_view_out__fold02__candidate_328,completed,response,76857c61556d36c9eb8d7060ea53eb10f2e65e3f7b2a4854ab4c6016248a0b48,-0.055944055944055944
vehicle_5s_global,0,inner_validation,inner_train,auprc,leave_one_view_out__fold02,False,True,leave_one_view_out__fold02__candidate_328,completed,high_response,76857c61556d36c9eb8d7060ea53eb10f2e65e3f7b2a4854ab4c6016248a0b48,0.5084415584415585
vehicle_5s_global,0,inner_validation,inner_train,prevalence,leave_one_view_out__fold02,False,True,leave_one_view_out__fold02__candidate_328,completed,high_response,76857c61556d36c9eb8d7060ea53eb10f2e65e3f7b2a4854ab4c6016248a0b48,0.4166666666666667
vehicle_5s_global,0,inner_validation,inner_train,random_baseline_auprc,leave_one_view_out__fold02,False,True,leave_one_view_out__fold02__candidate_328,completed,high_response,76857c61556d36c9eb8d7060ea53eb10f2e65e3f7b2a4854ab4c6016248a0b48,0.4166666666666667
vehicle_5s_global,0,inner_validation,inner_train,normalized_ap,leave_one_view_out__fold02,False,True,leave_one_view_out__fold02__candidate_328,completed,high_response,76857c61556d36c9eb8d7060ea53eb10f2e65e3f7b2a4854ab4c6016248a0b48,0.15732838589981452
vehicle_5s_global,0,inner_validation,inner_train,auprc_lift,leave_one_view_out__fold02,False,True,leave_one_view_out__fold02__candidate_328,completed,high_response,76857c61556d36c9eb8d7060ea53eb10f2e65e3f7b2a4854ab4c6016248a0b48,0.09177489177489179
vehicle_5s_global,0,inner_validation,inner_train,auroc,leave_one_view_out__fold02,False,True,leave_one_view_out__fold02__candidate_328,completed,high_response,76857c61556d36c9eb8d7060ea53eb10f2e65e3f7b2a4854ab4c6016248a0b48,0.37142857142857144
vehicle_5s_global,0,inner_validation,inner_train,balanced_accuracy,leave_one_view_out__fold02,False,True,leave_one_view_out__fold02__candidate_328,completed,high_response,76857c61556d36c9eb8d7060ea53eb10f2e65e3f7b2a4854ab4c6016248a0b48,0.3857142857142857
vehicle_5s_global,0,inner_validation,inner_train,macro_f1,leave_one_view_out__fold02,False,True,leave_one_view_out__fold02__candidate_329,completed,maneuver,09bd96f3f28027930e21282cb6cb1e34c79cb76197a270c426bd70e119d43e13,0.5793650793650793
vehicle_5s_global,0,inner_validation,inner_train,support_aware_macro_f1,leave_one_view_out__fold02,False,True,leave_one_view_out__fold02__candidate_329,completed,maneuver,09bd96f3f28027930e21282cb6cb1e34c79cb76197a270c426bd70e119d43e13,0.5793650793650793
vehicle_5s_global,0,inner_validation,inner_train,majority_macro_f1,leave_one_view_out__fold02,False,True,leave_one_view_out__fold02__candidate_329,completed,maneuver,09bd96f3f28027930e21282cb6cb1e34c79cb76197a270c426bd70e119d43e13,0.13333333333333333
vehicle_5s_global,0,inner_validation,inner_train,macro_f1_lift,leave_one_view_out__fold02,False,True,leave_one_view_out__fold02__candidate_329,completed,maneuver,09bd96f3f28027930e21282cb6cb1e34c79cb76197a270c426bd70e119d43e13,0.446031746031746
vehicle_5s_global,0,inner_validation,inner_train,recall_low,leave_one_view_out__fold02,False,True,leave_one_view_out__fold02__candidate_329,completed,maneuver,09bd96f3f28027930e21282cb6cb1e34c79cb76197a270c426bd70e119d43e13,1.0
vehicle_5s_global,0,inner_validation,inner_train,recall_medium,leave_one_view_out__fold02,False,True,leave_one_view_out__fold02__candidate_329,completed,maneuver,09bd96f3f28027930e21282cb6cb1e34c79cb76197a270c426bd70e119d43e13,0.5
vehicle_5s_global,0,inner_validation,inner_train,recall_high,leave_one_view_out__fold02,False,True,leave_one_view_out__fold02__candidate_329,completed,maneuver,09bd96f3f28027930e21282cb6cb1e34c79cb76197a270c426bd70e119d43e13,0.4
vehicle_5s_global,0,inner_validation,inner_train,minimum_class_recall,leave_one_view_out__fold02,False,True,leave_one_view_out__fold02__candidate_329,completed,maneuver,09bd96f3f28027930e21282cb6cb1e34c79cb76197a270c426bd70e119d43e13,0.4
vehicle_5s_global,0,inner_validation,inner_train,ordinal_mae,leave_one_view_out__fold02,False,True,leave_one_view_out__fold02__candidate_329,completed,maneuver,09bd96f3f28027930e21282cb6cb1e34c79cb76197a270c426bd70e119d43e13,0.5
vehicle_5s_global,0,inner_validation,inner_train,score_mae,leave_one_view_out__fold02,False,True,leave_one_view_out__fold02__candidate_329,completed,maneuver,09bd96f3f28027930e21282cb6cb1e34c79cb76197a270c426bd70e119d43e13,1.0864908028363789
vehicle_5s_global,0,inner_validation,inner_train,score_spearman,leave_one_view_out__fold02,False,True,leave_one_view_out__fold02__candidate_329,completed,maneuver,09bd96f3f28027930e21282cb6cb1e34c79cb76197a270c426bd70e119d43e13,0.6643356643356644
vehicle_5s_global,0,inner_validation,inner_train,rmse,leave_one_view_out__fold02,False,True,leave_one_view_out__fold02__candidate_329,completed,response,09bd96f3f28027930e21282cb6cb1e34c79cb76197a270c426bd70e119d43e13,1.049069041946387
vehicle_5s_global,0,inner_validation,inner_train,mae,leave_one_view_out__fold02,False,True,leave_one_view_out__fold02__candidate_329,completed,response,09bd96f3f28027930e21282cb6cb1e34c79cb76197a270c426bd70e119d43e13,0.8642479425402424
vehicle_5s_global,0,inner_validation,inner_train,validation_std,leave_one_view_out__fold02,False,True,leave_one_view_out__fold02__candidate_329,completed,response,09bd96f3f28027930e21282cb6cb1e34c79cb76197a270c426bd70e119d43e13,0.7444107826338696
vehicle_5s_global,0,inner_validation,inner_train,validation_iqr,leave_one_view_out__fold02,False,True,leave_one_view_out__fold02__candidate_329,completed,response,09bd96f3f28027930e21282cb6cb1e34c79cb76197a270c426bd70e119d43e13,1.126261329695373
vehicle_5s_global,0,inner_validation,inner_train,nrmse_std,leave_one_view_out__fold02,False,True,leave_one_view_out__fold02__candidate_329,completed,response,09bd96f3f28027930e21282cb6cb1e34c79cb76197a270c426bd70e119d43e13,1.409260943580878
vehicle_5s_global,0,inner_validation,inner_train,nrmse_iqr,leave_one_view_out__fold02,False,True,leave_one_view_out__fold02__candidate_329,completed,response,09bd96f3f28027930e21282cb6cb1e34c79cb76197a270c426bd70e119d43e13,0.9314614772666797
vehicle_5s_global,0,inner_validation,inner_train,train_mean_baseline_rmse,leave_one_view_out__fold02,False,True,leave_one_view_out__fold02__candidate_329,completed,response,09bd96f3f28027930e21282cb6cb1e34c79cb76197a270c426bd70e119d43e13,0.7887754436917268
vehicle_5s_global,0,inner_validation,inner_train,rmse_ratio,leave_one_view_out__fold02,False,True,leave_one_view_out__fold02__candidate_329,completed,response,09bd96f3f28027930e21282cb6cb1e34c79cb76197a270c426bd70e119d43e13,1.3299970864158768
vehicle_5s_global,0,inner_validation,inner_train,response_skill,leave_one_view_out__fold02,False,True,leave_one_view_out__fold02__candidate_329,completed,response,09bd96f3f28027930e21282cb6cb1e34c79cb76197a270c426bd70e119d43e13,-0.7688922498747213
vehicle_5s_global,0,inner_validation,inner_train,spearman,leave_one_view_out__fold02,False,True,leave_one_view_out__fold02__candidate_329,completed,response,09bd96f3f28027930e21282cb6cb1e34c79cb76197a270c426bd70e119d43e13,-0.04195804195804196
vehicle_5s_global,0,inner_validation,inner_train,auprc,leave_one_view_out__fold02,False,True,leave_one_view_out__fold02__candidate_329,completed,high_response,09bd96f3f28027930e21282cb6cb1e34c79cb76197a270c426bd70e119d43e13,0.5383333333333333
vehicle_5s_global,0,inner_validation,inner_train,prevalence,leave_one_view_out__fold02,False,True,leave_one_view_out__fold02__candidate_329,completed,high_response,09bd96f3f28027930e21282cb6cb1e34c79cb76197a270c426bd70e119d43e13,0.4166666666666667
vehicle_5s_global,0,inner_validation,inner_train,random_baseline_auprc,leave_one_view_out__fold02,False,True,leave_one_view_out__fold02__candidate_329,completed,high_response,09bd96f3f28027930e21282cb6cb1e34c79cb76197a270c426bd70e119d43e13,0.4166666666666667
vehicle_5s_global,0,inner_validation,inner_train,normalized_ap,leave_one_view_out__fold02,False,True,leave_one_view_out__fold02__candidate_329,completed,high_response,09bd96f3f28027930e21282cb6cb1e34c79cb76197a270c426bd70e119d43e13,0.20857142857142857
vehicle_5s_global,0,inner_validation,inner_train,auprc_lift,leave_one_view_out__fold02,False,True,leave_one_view_out__fold02__candidate_329,completed,high_response,09bd96f3f28027930e21282cb6cb1e34c79cb76197a270c426bd70e119d43e13,0.12166666666666665
vehicle_5s_global,0,inner_validation,inner_train,auroc,leave_one_view_out__fold02,False,True,leave_one_view_out__fold02__candidate_329,completed,high_response,09bd96f3f28027930e21282cb6cb1e34c79cb76197a270c426bd70e119d43e13,0.4285714285714286
vehicle_5s_global,0,inner_validation,inner_train,balanced_accuracy,leave_one_view_out__fold02,False,True,leave_one_view_out__fold02__candidate_329,completed,high_response,09bd96f3f28027930e21282cb6cb1e34c79cb76197a270c426bd70e119d43e13,0.4571428571428572
vehicle_5s_global,0,inner_validation,inner_train,macro_f1,leave_one_view_out__fold01,False,True,leave_one_view_out__fold01__candidate_340,completed,maneuver,c8bb55db2e84fca264b1421bfe060cb36e07fbf025a5f825bde808b31ad5f850,1.0
vehicle_5s_global,0,inner_validation,inner_train,support_aware_macro_f1,leave_one_view_out__fold01,False,True,leave_one_view_out__fold01__candidate_340,completed,maneuver,c8bb55db2e84fca264b1421bfe060cb36e07fbf025a5f825bde808b31ad5f850,1.0
vehicle_5s_global,0,inner_validation,inner_train,majority_macro_f1,leave_one_view_out__fold01,False,True,leave_one_view_out__fold01__candidate_340,completed,maneuver,c8bb55db2e84fca264b1421bfe060cb36e07fbf025a5f825bde808b31ad5f850,0.13333333333333333
vehicle_5s_global,0,inner_validation,inner_train,macro_f1_lift,leave_one_view_out__fold01,False,True,leave_one_view_out__fold01__candidate_340,completed,maneuver,c8bb55db2e84fca264b1421bfe060cb36e07fbf025a5f825bde808b31ad5f850,0.8666666666666667
vehicle_5s_global,0,inner_validation,inner_train,recall_low,leave_one_view_out__fold01,False,True,leave_one_view_out__fold01__candidate_340,completed,maneuver,c8bb55db2e84fca264b1421bfe060cb36e07fbf025a5f825bde808b31ad5f850,1.0
vehicle_5s_global,0,inner_validation,inner_train,recall_medium,leave_one_view_out__fold01,False,True,leave_one_view_out__fold01__candidate_340,completed,maneuver,c8bb55db2e84fca264b1421bfe060cb36e07fbf025a5f825bde808b31ad5f850,1.0
vehicle_5s_global,0,inner_validation,inner_train,recall_high,leave_one_view_out__fold01,False,True,leave_one_view_out__fold01__candidate_340,completed,maneuver,c8bb55db2e84fca264b1421bfe060cb36e07fbf025a5f825bde808b31ad5f850,1.0
vehicle_5s_global,0,inner_validation,inner_train,minimum_class_recall,leave_one_view_out__fold01,False,True,leave_one_view_out__fold01__candidate_340,completed,maneuver,c8bb55db2e84fca264b1421bfe060cb36e07fbf025a5f825bde808b31ad5f850,1.0
vehicle_5s_global,0,inner_validation,inner_train,ordinal_mae,leave_one_view_out__fold01,False,True,leave_one_view_out__fold01__candidate_340,completed,maneuver,c8bb55db2e84fca264b1421bfe060cb36e07fbf025a5f825bde808b31ad5f850,0.0
vehicle_5s_global,0,inner_validation,inner_train,score_mae,leave_one_view_out__fold01,False,True,leave_one_view_out__fold01__candidate_340,completed,maneuver,c8bb55db2e84fca264b1421bfe060cb36e07fbf025a5f825bde808b31ad5f850,0.5845316983391871
vehicle_5s_global,0,inner_validation,inner_train,score_spearman,leave_one_view_out__fold01,False,True,leave_one_view_out__fold01__candidate_340,completed,maneuver,c8bb55db2e84fca264b1421bfe060cb36e07fbf025a5f825bde808b31ad5f850,0.965034965034965
vehicle_5s_global,0,inner_validation,inner_train,rmse,leave_one_view_out__fold01,False,True,leave_one_view_out__fold01__candidate_340,completed,response,c8bb55db2e84fca264b1421bfe060cb36e07fbf025a5f825bde808b31ad5f850,1.1084705144383997
vehicle_5s_global,0,inner_validation,inner_train,mae,leave_one_view_out__fold01,False,True,leave_one_view_out__fold01__candidate_340,completed,response,c8bb55db2e84fca264b1421bfe060cb36e07fbf025a5f825bde808b31ad5f850,0.944714923551257
vehicle_5s_global,0,inner_validation,inner_train,validation_std,leave_one_view_out__fold01,False,True,leave_one_view_out__fold01__candidate_340,completed,response,c8bb55db2e84fca264b1421bfe060cb36e07fbf025a5f825bde808b31ad5f850,0.7738225567538186
vehicle_5s_global,0,inner_validation,inner_train,validation_iqr,leave_one_view_out__fold01,False,True,leave_one_view_out__fold01__candidate_340,completed,response,c8bb55db2e84fca264b1421bfe060cb36e07fbf025a5f825bde808b31ad5f850,1.1164541279861386
vehicle_5s_global,0,inner_validation,inner_train,nrmse_std,leave_one_view_out__fold01,False,True,leave_one_view_out__fold01__candidate_340,completed,response,c8bb55db2e84fca264b1421bfe060cb36e07fbf025a5f825bde808b31ad5f850,1.432460846176968
vehicle_5s_global,0,inner_validation,inner_train,nrmse_iqr,leave_one_view_out__fold01,False,True,leave_one_view_out__fold01__candidate_340,completed,response,c8bb55db2e84fca264b1421bfe060cb36e07fbf025a5f825bde808b31ad5f850,0.9928491342836093
vehicle_5s_global,0,inner_validation,inner_train,train_mean_baseline_rmse,leave_one_view_out__fold01,False,True,leave_one_view_out__fold01__candidate_340,completed,response,c8bb55db2e84fca264b1421bfe060cb36e07fbf025a5f825bde808b31ad5f850,0.9520832805389658
vehicle_5s_global,0,inner_validation,inner_train,rmse_ratio,leave_one_view_out__fold01,False,True,leave_one_view_out__fold01__candidate_340,completed,response,c8bb55db2e84fca264b1421bfe060cb36e07fbf025a5f825bde808b31ad5f850,1.1642579353046767
vehicle_5s_global,0,inner_validation,inner_train,response_skill,leave_one_view_out__fold01,False,True,leave_one_view_out__fold01__candidate_340,completed,response,c8bb55db2e84fca264b1421bfe060cb36e07fbf025a5f825bde808b31ad5f850,-0.35549653991990904
vehicle_5s_global,0,inner_validation,inner_train,spearman,leave_one_view_out__fold01,False,True,leave_one_view_out__fold01__candidate_340,completed,response,c8bb55db2e84fca264b1421bfe060cb36e07fbf025a5f825bde808b31ad5f850,-0.06993006993006995
vehicle_5s_global,0,inner_validation,inner_train,auprc,leave_one_view_out__fold01,False,True,leave_one_view_out__fold01__candidate_340,completed,high_response,c8bb55db2e84fca264b1421bfe060cb36e07fbf025a5f825bde808b31ad5f850,0.5999226963512678
vehicle_5s_global,0,inner_validation,inner_train,prevalence,leave_one_view_out__fold01,False,True,leave_one_view_out__fold01__candidate_340,completed,high_response,c8bb55db2e84fca264b1421bfe060cb36e07fbf025a5f825bde808b31ad5f850,0.5833333333333334
vehicle_5s_global,0,inner_validation,inner_train,random_baseline_auprc,leave_one_view_out__fold01,False,True,leave_one_view_out__fold01__candidate_340,completed,high_response,c8bb55db2e84fca264b1421bfe060cb36e07fbf025a5f825bde808b31ad5f850,0.5833333333333334
vehicle_5s_global,0,inner_validation,inner_train,normalized_ap,leave_one_view_out__fold01,False,True,leave_one_view_out__fold01__candidate_340,completed,high_response,c8bb55db2e84fca264b1421bfe060cb36e07fbf025a5f825bde808b31ad5f850,0.039814471243042694
vehicle_5s_global,0,inner_validation,inner_train,auprc_lift,leave_one_view_out__fold01,False,True,leave_one_view_out__fold01__candidate_340,completed,high_response,c8bb55db2e84fca264b1421bfe060cb36e07fbf025a5f825bde808b31ad5f850,0.016589363017934455
vehicle_5s_global,0,inner_validation,inner_train,auroc,leave_one_view_out__fold01,False,True,leave_one_view_out__fold01__candidate_340,completed,high_response,c8bb55db2e84fca264b1421bfe060cb36e07fbf025a5f825bde808b31ad5f850,0.4857142857142857
vehicle_5s_global,0,inner_validation,inner_train,balanced_accuracy,leave_one_view_out__fold01,False,True,leave_one_view_out__fold01__candidate_340,completed,high_response,c8bb55db2e84fca264b1421bfe060cb36e07fbf025a5f825bde808b31ad5f850,0.5428571428571429
vehicle_5s_global,0,inner_validation,inner_train,macro_f1,leave_one_view_out__fold01,False,True,leave_one_view_out__fold01__candidate_327,completed,maneuver,ef23ad8b080593cb9c8caaa4a57c59a5dc23c5987cd8d56c0f61e753cf15435c,0.903030303030303
vehicle_5s_global,0,inner_validation,inner_train,support_aware_macro_f1,leave_one_view_out__fold01,False,True,leave_one_view_out__fold01__candidate_327,completed,maneuver,ef23ad8b080593cb9c8caaa4a57c59a5dc23c5987cd8d56c0f61e753cf15435c,0.903030303030303
vehicle_5s_global,0,inner_validation,inner_train,majority_macro_f1,leave_one_view_out__fold01,False,True,leave_one_view_out__fold01__candidate_327,completed,maneuver,ef23ad8b080593cb9c8caaa4a57c59a5dc23c5987cd8d56c0f61e753cf15435c,0.19607843137254902
vehicle_5s_global,0,inner_validation,inner_train,macro_f1_lift,leave_one_view_out__fold01,False,True,leave_one_view_out__fold01__candidate_327,completed,maneuver,ef23ad8b080593cb9c8caaa4a57c59a5dc23c5987cd8d56c0f61e753cf15435c,0.706951871657754
vehicle_5s_global,0,inner_validation,inner_train,recall_low,leave_one_view_out__fold01,False,True,leave_one_view_out__fold01__candidate_327,completed,maneuver,ef23ad8b080593cb9c8caaa4a57c59a5dc23c5987cd8d56c0f61e753cf15435c,1.0
vehicle_5s_global,0,inner_validation,inner_train,recall_medium,leave_one_view_out__fold01,False,True,leave_one_view_out__fold01__candidate_327,completed,maneuver,ef23ad8b080593cb9c8caaa4a57c59a5dc23c5987cd8d56c0f61e753cf15435c,0.6666666666666666
vehicle_5s_global,0,inner_validation,inner_train,recall_high,leave_one_view_out__fold01,False,True,leave_one_view_out__fold01__candidate_327,completed,maneuver,ef23ad8b080593cb9c8caaa4a57c59a5dc23c5987cd8d56c0f61e753cf15435c,1.0
vehicle_5s_global,0,inner_validation,inner_train,minimum_class_recall,leave_one_view_out__fold01,False,True,leave_one_view_out__fold01__candidate_327,completed,maneuver,ef23ad8b080593cb9c8caaa4a57c59a5dc23c5987cd8d56c0f61e753cf15435c,0.6666666666666666
vehicle_5s_global,0,inner_validation,inner_train,ordinal_mae,leave_one_view_out__fold01,False,True,leave_one_view_out__fold01__candidate_327,completed,maneuver,ef23ad8b080593cb9c8caaa4a57c59a5dc23c5987cd8d56c0f61e753cf15435c,0.08333333333333333
vehicle_5s_global,0,inner_validation,inner_train,score_mae,leave_one_view_out__fold01,False,True,leave_one_view_out__fold01__candidate_327,completed,maneuver,ef23ad8b080593cb9c8caaa4a57c59a5dc23c5987cd8d56c0f61e753cf15435c,0.5995936399204905
vehicle_5s_global,0,inner_validation,inner_train,score_spearman,leave_one_view_out__fold01,False,True,leave_one_view_out__fold01__candidate_327,completed,maneuver,ef23ad8b080593cb9c8caaa4a57c59a5dc23c5987cd8d56c0f61e753cf15435c,0.8111888111888113
vehicle_5s_global,0,inner_validation,inner_train,rmse,leave_one_view_out__fold01,False,True,leave_one_view_out__fold01__candidate_327,completed,response,ef23ad8b080593cb9c8caaa4a57c59a5dc23c5987cd8d56c0f61e753cf15435c,1.22641123056287
vehicle_5s_global,0,inner_validation,inner_train,mae,leave_one_view_out__fold01,False,True,leave_one_view_out__fold01__candidate_327,completed,response,ef23ad8b080593cb9c8caaa4a57c59a5dc23c5987cd8d56c0f61e753cf15435c,1.0263259309780695
vehicle_5s_global,0,inner_validation,inner_train,validation_std,leave_one_view_out__fold01,False,True,leave_one_view_out__fold01__candidate_327,completed,response,ef23ad8b080593cb9c8caaa4a57c59a5dc23c5987cd8d56c0f61e753cf15435c,0.7424450098311778
vehicle_5s_global,0,inner_validation,inner_train,validation_iqr,leave_one_view_out__fold01,False,True,leave_one_view_out__fold01__candidate_327,completed,response,ef23ad8b080593cb9c8caaa4a57c59a5dc23c5987cd8d56c0f61e753cf15435c,0.8094986823286678
vehicle_5s_global,0,inner_validation,inner_train,nrmse_std,leave_one_view_out__fold01,False,True,leave_one_view_out__fold01__candidate_327,completed,response,ef23ad8b080593cb9c8caaa4a57c59a5dc23c5987cd8d56c0f61e753cf15435c,1.651854634785329
vehicle_5s_global,0,inner_validation,inner_train,nrmse_iqr,leave_one_view_out__fold01,False,True,leave_one_view_out__fold01__candidate_327,completed,response,ef23ad8b080593cb9c8caaa4a57c59a5dc23c5987cd8d56c0f61e753cf15435c,1.515025604532028
vehicle_5s_global,0,inner_validation,inner_train,train_mean_baseline_rmse,leave_one_view_out__fold01,False,True,leave_one_view_out__fold01__candidate_327,completed,response,ef23ad8b080593cb9c8caaa4a57c59a5dc23c5987cd8d56c0f61e753cf15435c,0.9686999988458442
vehicle_5s_global,0,inner_validation,inner_train,rmse_ratio,leave_one_view_out__fold01,False,True,leave_one_view_out__fold01__candidate_327,completed,response,ef23ad8b080593cb9c8caaa4a57c59a5dc23c5987cd8d56c0f61e753cf15435c,1.2660382285785852
vehicle_5s_global,0,inner_validation,inner_train,response_skill,leave_one_view_out__fold01,False,True,leave_one_view_out__fold01__candidate_327,completed,response,ef23ad8b080593cb9c8caaa4a57c59a5dc23c5987cd8d56c0f61e753cf15435c,-0.6028527962224017
vehicle_5s_global,0,inner_validation,inner_train,spearman,leave_one_view_out__fold01,False,True,leave_one_view_out__fold01__candidate_327,completed,response,ef23ad8b080593cb9c8caaa4a57c59a5dc23c5987cd8d56c0f61e753cf15435c,0.027972027972027972
vehicle_5s_global,0,inner_validation,inner_train,auprc,leave_one_view_out__fold01,False,True,leave_one_view_out__fold01__candidate_327,completed,high_response,ef23ad8b080593cb9c8caaa4a57c59a5dc23c5987cd8d56c0f61e753cf15435c,0.5749323593073593
vehicle_5s_global,0,inner_validation,inner_train,prevalence,leave_one_view_out__fold01,False,True,leave_one_view_out__fold01__candidate_327,completed,high_response,ef23ad8b080593cb9c8caaa4a57c59a5dc23c5987cd8d56c0f61e753cf15435c,0.6666666666666666
vehicle_5s_global,0,inner_validation,inner_train,random_baseline_auprc,leave_one_view_out__fold01,False,True,leave_one_view_out__fold01__candidate_327,completed,high_response,ef23ad8b080593cb9c8caaa4a57c59a5dc23c5987cd8d56c0f61e753cf15435c,0.6666666666666666
vehicle_5s_global,0,inner_validation,inner_train,normalized_ap,leave_one_view_out__fold01,False,True,leave_one_view_out__fold01__candidate_327,completed,high_response,ef23ad8b080593cb9c8caaa4a57c59a5dc23c5987cd8d56c0f61e753cf15435c,-0.2752029220779219
vehicle_5s_global,0,inner_validation,inner_train,auprc_lift,leave_one_view_out__fold01,False,True,leave_one_view_out__fold01__candidate_327,completed,high_response,ef23ad8b080593cb9c8caaa4a57c59a5dc23c5987cd8d56c0f61e753cf15435c,-0.09173430735930732
vehicle_5s_global,0,inner_validation,inner_train,auroc,leave_one_view_out__fold01,False,True,leave_one_view_out__fold01__candidate_327,completed,high_response,ef23ad8b080593cb9c8caaa4a57c59a5dc23c5987cd8d56c0f61e753cf15435c,0.25
vehicle_5s_global,0,inner_validation,inner_train,balanced_accuracy,leave_one_view_out__fold01,False,True,leave_one_view_out__fold01__candidate_327,completed,high_response,ef23ad8b080593cb9c8caaa4a57c59a5dc23c5987cd8d56c0f61e753cf15435c,0.375
vehicle_30s_global,1,inner_validation,inner_train,macro_f1,leave_one_view_out__fold01,False,True,leave_one_view_out__fold01__candidate_339,completed,maneuver,d49030f301fc10972368913bbfc6141aa638775e23f48bc8ad0055d5e48293a1,1.0
vehicle_30s_global,1,inner_validation,inner_train,support_aware_macro_f1,leave_one_view_out__fold01,False,True,leave_one_view_out__fold01__candidate_339,completed,maneuver,d49030f301fc10972368913bbfc6141aa638775e23f48bc8ad0055d5e48293a1,1.0
vehicle_30s_global,1,inner_validation,inner_train,majority_macro_f1,leave_one_view_out__fold01,False,True,leave_one_view_out__fold01__candidate_339,completed,maneuver,d49030f301fc10972368913bbfc6141aa638775e23f48bc8ad0055d5e48293a1,0.16666666666666666
vehicle_30s_global,1,inner_validation,inner_train,macro_f1_lift,leave_one_view_out__fold01,False,True,leave_one_view_out__fold01__candidate_339,completed,maneuver,d49030f301fc10972368913bbfc6141aa638775e23f48bc8ad0055d5e48293a1,0.8333333333333334
vehicle_30s_global,1,inner_validation,inner_train,recall_low,leave_one_view_out__fold01,False,True,leave_one_view_out__fold01__candidate_339,completed,maneuver,d49030f301fc10972368913bbfc6141aa638775e23f48bc8ad0055d5e48293a1,1.0
vehicle_30s_global,1,inner_validation,inner_train,recall_medium,leave_one_view_out__fold01,False,True,leave_one_view_out__fold01__candidate_339,completed,maneuver,d49030f301fc10972368913bbfc6141aa638775e23f48bc8ad0055d5e48293a1,1.0
vehicle_30s_global,1,inner_validation,inner_train,recall_high,leave_one_view_out__fold01,False,True,leave_one_view_out__fold01__candidate_339,completed,maneuver,d49030f301fc10972368913bbfc6141aa638775e23f48bc8ad0055d5e48293a1,1.0
vehicle_30s_global,1,inner_validation,inner_train,minimum_class_recall,leave_one_view_out__fold01,False,True,leave_one_view_out__fold01__candidate_339,completed,maneuver,d49030f301fc10972368913bbfc6141aa638775e23f48bc8ad0055d5e48293a1,1.0
vehicle_30s_global,1,inner_validation,inner_train,ordinal_mae,leave_one_view_out__fold01,False,True,leave_one_view_out__fold01__candidate_339,completed,maneuver,d49030f301fc10972368913bbfc6141aa638775e23f48bc8ad0055d5e48293a1,0.0
vehicle_30s_global,1,inner_validation,inner_train,score_mae,leave_one_view_out__fold01,False,True,leave_one_view_out__fold01__candidate_339,completed,maneuver,d49030f301fc10972368913bbfc6141aa638775e23f48bc8ad0055d5e48293a1,0.4124590058906057
vehicle_30s_global,1,inner_validation,inner_train,score_spearman,leave_one_view_out__fold01,False,True,leave_one_view_out__fold01__candidate_339,completed,maneuver,d49030f301fc10972368913bbfc6141aa638775e23f48bc8ad0055d5e48293a1,0.9230769230769231
vehicle_30s_global,1,inner_validation,inner_train,rmse,leave_one_view_out__fold01,False,True,leave_one_view_out__fold01__candidate_339,completed,response,d49030f301fc10972368913bbfc6141aa638775e23f48bc8ad0055d5e48293a1,1.1982079123518505
vehicle_30s_global,1,inner_validation,inner_train,mae,leave_one_view_out__fold01,False,True,leave_one_view_out__fold01__candidate_339,completed,response,d49030f301fc10972368913bbfc6141aa638775e23f48bc8ad0055d5e48293a1,1.0035042719200968
vehicle_30s_global,1,inner_validation,inner_train,validation_std,leave_one_view_out__fold01,False,True,leave_one_view_out__fold01__candidate_339,completed,response,d49030f301fc10972368913bbfc6141aa638775e23f48bc8ad0055d5e48293a1,0.9229823964743179
vehicle_30s_global,1,inner_validation,inner_train,validation_iqr,leave_one_view_out__fold01,False,True,leave_one_view_out__fold01__candidate_339,completed,response,d49030f301fc10972368913bbfc6141aa638775e23f48bc8ad0055d5e48293a1,1.5375502327333572
vehicle_30s_global,1,inner_validation,inner_train,nrmse_std,leave_one_view_out__fold01,False,True,leave_one_view_out__fold01__candidate_339,completed,response,d49030f301fc10972368913bbfc6141aa638775e23f48bc8ad0055d5e48293a1,1.2981915114837088
vehicle_30s_global,1,inner_validation,inner_train,nrmse_iqr,leave_one_view_out__fold01,False,True,leave_one_view_out__fold01__candidate_339,completed,response,d49030f301fc10972368913bbfc6141aa638775e23f48bc8ad0055d5e48293a1,0.7792967584686674
vehicle_30s_global,1,inner_validation,inner_train,train_mean_baseline_rmse,leave_one_view_out__fold01,False,True,leave_one_view_out__fold01__candidate_339,completed,response,d49030f301fc10972368913bbfc6141aa638775e23f48bc8ad0055d5e48293a1,1.2411261006308119
vehicle_30s_global,1,inner_validation,inner_train,rmse_ratio,leave_one_view_out__fold01,False,True,leave_one_view_out__fold01__candidate_339,completed,response,d49030f301fc10972368913bbfc6141aa638775e23f48bc8ad0055d5e48293a1,0.9654199615517329
vehicle_30s_global,1,inner_validation,inner_train,response_skill,leave_one_view_out__fold01,False,True,leave_one_view_out__fold01__candidate_339,completed,response,d49030f301fc10972368913bbfc6141aa638775e23f48bc8ad0055d5e48293a1,0.06796429783745062
vehicle_30s_global,1,inner_validation,inner_train,spearman,leave_one_view_out__fold01,False,True,leave_one_view_out__fold01__candidate_339,completed,response,d49030f301fc10972368913bbfc6141aa638775e23f48bc8ad0055d5e48293a1,0.06293706293706294
vehicle_30s_global,1,inner_validation,inner_train,auprc,leave_one_view_out__fold01,False,True,leave_one_view_out__fold01__candidate_339,completed,high_response,d49030f301fc10972368913bbfc6141aa638775e23f48bc8ad0055d5e48293a1,0.682129329004329
vehicle_30s_global,1,inner_validation,inner_train,prevalence,leave_one_view_out__fold01,False,True,leave_one_view_out__fold01__candidate_339,completed,high_response,d49030f301fc10972368913bbfc6141aa638775e23f48bc8ad0055d5e48293a1,0.6666666666666666
vehicle_30s_global,1,inner_validation,inner_train,random_baseline_auprc,leave_one_view_out__fold01,False,True,leave_one_view_out__fold01__candidate_339,completed,high_response,d49030f301fc10972368913bbfc6141aa638775e23f48bc8ad0055d5e48293a1,0.6666666666666666
vehicle_30s_global,1,inner_validation,inner_train,normalized_ap,leave_one_view_out__fold01,False,True,leave_one_view_out__fold01__candidate_339,completed,high_response,d49030f301fc10972368913bbfc6141aa638775e23f48bc8ad0055d5e48293a1,0.04638798701298707
vehicle_30s_global,1,inner_validation,inner_train,auprc_lift,leave_one_view_out__fold01,False,True,leave_one_view_out__fold01__candidate_339,completed,high_response,d49030f301fc10972368913bbfc6141aa638775e23f48bc8ad0055d5e48293a1,0.015462662337662358
vehicle_30s_global,1,inner_validation,inner_train,auroc,leave_one_view_out__fold01,False,True,leave_one_view_out__fold01__candidate_339,completed,high_response,d49030f301fc10972368913bbfc6141aa638775e23f48bc8ad0055d5e48293a1,0.40625
vehicle_30s_global,1,inner_validation,inner_train,balanced_accuracy,leave_one_view_out__fold01,False,True,leave_one_view_out__fold01__candidate_339,completed,high_response,d49030f301fc10972368913bbfc6141aa638775e23f48bc8ad0055d5e48293a1,0.5
vehicle_30s_global,1,inner_validation,inner_train,macro_f1,leave_one_view_out__fold01,False,True,leave_one_view_out__fold01__candidate_353,completed,maneuver,f1ddae33af89bc208d97290f0e03c19c4d93c0cd3b4e08a59452657e405013ac,1.0
vehicle_30s_global,1,inner_validation,inner_train,support_aware_macro_f1,leave_one_view_out__fold01,False,True,leave_one_view_out__fold01__candidate_353,completed,maneuver,f1ddae33af89bc208d97290f0e03c19c4d93c0cd3b4e08a59452657e405013ac,1.0
vehicle_30s_global,1,inner_validation,inner_train,majority_macro_f1,leave_one_view_out__fold01,False,True,leave_one_view_out__fold01__candidate_353,completed,maneuver,f1ddae33af89bc208d97290f0e03c19c4d93c0cd3b4e08a59452657e405013ac,0.13333333333333333
vehicle_30s_global,1,inner_validation,inner_train,macro_f1_lift,leave_one_view_out__fold01,False,True,leave_one_view_out__fold01__candidate_353,completed,maneuver,f1ddae33af89bc208d97290f0e03c19c4d93c0cd3b4e08a59452657e405013ac,0.8666666666666667
vehicle_30s_global,1,inner_validation,inner_train,recall_low,leave_one_view_out__fold01,False,True,leave_one_view_out__fold01__candidate_353,completed,maneuver,f1ddae33af89bc208d97290f0e03c19c4d93c0cd3b4e08a59452657e405013ac,1.0
vehicle_30s_global,1,inner_validation,inner_train,recall_medium,leave_one_view_out__fold01,False,True,leave_one_view_out__fold01__candidate_353,completed,maneuver,f1ddae33af89bc208d97290f0e03c19c4d93c0cd3b4e08a59452657e405013ac,1.0
vehicle_30s_global,1,inner_validation,inner_train,recall_high,leave_one_view_out__fold01,False,True,leave_one_view_out__fold01__candidate_353,completed,maneuver,f1ddae33af89bc208d97290f0e03c19c4d93c0cd3b4e08a59452657e405013ac,1.0
vehicle_30s_global,1,inner_validation,inner_train,minimum_class_recall,leave_one_view_out__fold01,False,True,leave_one_view_out__fold01__candidate_353,completed,maneuver,f1ddae33af89bc208d97290f0e03c19c4d93c0cd3b4e08a59452657e405013ac,1.0
vehicle_30s_global,1,inner_validation,inner_train,ordinal_mae,leave_one_view_out__fold01,False,True,leave_one_view_out__fold01__candidate_353,completed,maneuver,f1ddae33af89bc208d97290f0e03c19c4d93c0cd3b4e08a59452657e405013ac,0.0
vehicle_30s_global,1,inner_validation,inner_train,score_mae,leave_one_view_out__fold01,False,True,leave_one_view_out__fold01__candidate_353,completed,maneuver,f1ddae33af89bc208d97290f0e03c19c4d93c0cd3b4e08a59452657e405013ac,0.498093499393023
vehicle_30s_global,1,inner_validation,inner_train,score_spearman,leave_one_view_out__fold01,False,True,leave_one_view_out__fold01__candidate_353,completed,maneuver,f1ddae33af89bc208d97290f0e03c19c4d93c0cd3b4e08a59452657e405013ac,0.9230769230769231
vehicle_30s_global,1,inner_validation,inner_train,rmse,leave_one_view_out__fold01,False,True,leave_one_view_out__fold01__candidate_353,completed,response,f1ddae33af89bc208d97290f0e03c19c4d93c0cd3b4e08a59452657e405013ac,1.1405404685240272
vehicle_30s_global,1,inner_validation,inner_train,mae,leave_one_view_out__fold01,False,True,leave_one_view_out__fold01__candidate_353,completed,response,f1ddae33af89bc208d97290f0e03c19c4d93c0cd3b4e08a59452657e405013ac,1.005698927346461
vehicle_30s_global,1,inner_validation,inner_train,validation_std,leave_one_view_out__fold01,False,True,leave_one_view_out__fold01__candidate_353,completed,response,f1ddae33af89bc208d97290f0e03c19c4d93c0cd3b4e08a59452657e405013ac,0.8091453454981316
vehicle_30s_global,1,inner_validation,inner_train,validation_iqr,leave_one_view_out__fold01,False,True,leave_one_view_out__fold01__candidate_353,completed,response,f1ddae33af89bc208d97290f0e03c19c4d93c0cd3b4e08a59452657e405013ac,1.218839946496964
vehicle_30s_global,1,inner_validation,inner_train,nrmse_std,leave_one_view_out__fold01,False,True,leave_one_view_out__fold01__candidate_353,completed,response,f1ddae33af89bc208d97290f0e03c19c4d93c0cd3b4e08a59452657e405013ac,1.4095619221808413
vehicle_30s_global,1,inner_validation,inner_train,nrmse_iqr,leave_one_view_out__fold01,False,True,leave_one_view_out__fold01__candidate_353,completed,response,f1ddae33af89bc208d97290f0e03c19c4d93c0cd3b4e08a59452657e405013ac,0.935759015613186
vehicle_30s_global,1,inner_validation,inner_train,train_mean_baseline_rmse,leave_one_view_out__fold01,False,True,leave_one_view_out__fold01__candidate_353,completed,response,f1ddae33af89bc208d97290f0e03c19c4d93c0cd3b4e08a59452657e405013ac,0.9551898219217477
vehicle_30s_global,1,inner_validation,inner_train,rmse_ratio,leave_one_view_out__fold01,False,True,leave_one_view_out__fold01__candidate_353,completed,response,f1ddae33af89bc208d97290f0e03c19c4d93c0cd3b4e08a59452657e405013ac,1.1940458769015905
vehicle_30s_global,1,inner_validation,inner_train,response_skill,leave_one_view_out__fold01,False,True,leave_one_view_out__fold01__candidate_353,completed,response,f1ddae33af89bc208d97290f0e03c19c4d93c0cd3b4e08a59452657e405013ac,-0.425745556145688
vehicle_30s_global,1,inner_validation,inner_train,spearman,leave_one_view_out__fold01,False,True,leave_one_view_out__fold01__candidate_353,completed,response,f1ddae33af89bc208d97290f0e03c19c4d93c0cd3b4e08a59452657e405013ac,-0.34965034965034975
vehicle_30s_global,1,inner_validation,inner_train,auprc,leave_one_view_out__fold01,False,True,leave_one_view_out__fold01__candidate_353,completed,high_response,f1ddae33af89bc208d97290f0e03c19c4d93c0cd3b4e08a59452657e405013ac,0.3543650793650793
vehicle_30s_global,1,inner_validation,inner_train,prevalence,leave_one_view_out__fold01,False,True,leave_one_view_out__fold01__candidate_353,completed,high_response,f1ddae33af89bc208d97290f0e03c19c4d93c0cd3b4e08a59452657e405013ac,0.4166666666666667
vehicle_30s_global,1,inner_validation,inner_train,random_baseline_auprc,leave_one_view_out__fold01,False,True,leave_one_view_out__fold01__candidate_353,completed,high_response,f1ddae33af89bc208d97290f0e03c19c4d93c0cd3b4e08a59452657e405013ac,0.4166666666666667
vehicle_30s_global,1,inner_validation,inner_train,normalized_ap,leave_one_view_out__fold01,False,True,leave_one_view_out__fold01__candidate_353,completed,high_response,f1ddae33af89bc208d97290f0e03c19c4d93c0cd3b4e08a59452657e405013ac,-0.10680272108843548
vehicle_30s_global,1,inner_validation,inner_train,auprc_lift,leave_one_view_out__fold01,False,True,leave_one_view_out__fold01__candidate_353,completed,high_response,f1ddae33af89bc208d97290f0e03c19c4d93c0cd3b4e08a59452657e405013ac,-0.06230158730158736
vehicle_30s_global,1,inner_validation,inner_train,auroc,leave_one_view_out__fold01,False,True,leave_one_view_out__fold01__candidate_353,completed,high_response,f1ddae33af89bc208d97290f0e03c19c4d93c0cd3b4e08a59452657e405013ac,0.2857142857142857
vehicle_30s_global,1,inner_validation,inner_train,balanced_accuracy,leave_one_view_out__fold01,False,True,leave_one_view_out__fold01__candidate_353,completed,high_response,f1ddae33af89bc208d97290f0e03c19c4d93c0cd3b4e08a59452657e405013ac,0.3857142857142857
vehicle_30s_global,1,inner_validation,inner_train,macro_f1,leave_one_view_out__fold02,False,True,leave_one_view_out__fold02__candidate_328,completed,maneuver,76857c61556d36c9eb8d7060ea53eb10f2e65e3f7b2a4854ab4c6016248a0b48,0.5793650793650794
vehicle_30s_global,1,inner_validation,inner_train,support_aware_macro_f1,leave_one_view_out__fold02,False,True,leave_one_view_out__fold02__candidate_328,completed,maneuver,76857c61556d36c9eb8d7060ea53eb10f2e65e3f7b2a4854ab4c6016248a0b48,0.5793650793650794
vehicle_30s_global,1,inner_validation,inner_train,majority_macro_f1,leave_one_view_out__fold02,False,True,leave_one_view_out__fold02__candidate_328,completed,maneuver,76857c61556d36c9eb8d7060ea53eb10f2e65e3f7b2a4854ab4c6016248a0b48,0.19607843137254902
vehicle_30s_global,1,inner_validation,inner_train,macro_f1_lift,leave_one_view_out__fold02,False,True,leave_one_view_out__fold02__candidate_328,completed,maneuver,76857c61556d36c9eb8d7060ea53eb10f2e65e3f7b2a4854ab4c6016248a0b48,0.3832866479925304
vehicle_30s_global,1,inner_validation,inner_train,recall_low,leave_one_view_out__fold02,False,True,leave_one_view_out__fold02__candidate_328,completed,maneuver,76857c61556d36c9eb8d7060ea53eb10f2e65e3f7b2a4854ab4c6016248a0b48,0.4
vehicle_30s_global,1,inner_validation,inner_train,recall_medium,leave_one_view_out__fold02,False,True,leave_one_view_out__fold02__candidate_328,completed,maneuver,76857c61556d36c9eb8d7060ea53eb10f2e65e3f7b2a4854ab4c6016248a0b48,0.5
vehicle_30s_global,1,inner_validation,inner_train,recall_high,leave_one_view_out__fold02,False,True,leave_one_view_out__fold02__candidate_328,completed,maneuver,76857c61556d36c9eb8d7060ea53eb10f2e65e3f7b2a4854ab4c6016248a0b48,1.0
vehicle_30s_global,1,inner_validation,inner_train,minimum_class_recall,leave_one_view_out__fold02,False,True,leave_one_view_out__fold02__candidate_328,completed,maneuver,76857c61556d36c9eb8d7060ea53eb10f2e65e3f7b2a4854ab4c6016248a0b48,0.4
vehicle_30s_global,1,inner_validation,inner_train,ordinal_mae,leave_one_view_out__fold02,False,True,leave_one_view_out__fold02__candidate_328,completed,maneuver,76857c61556d36c9eb8d7060ea53eb10f2e65e3f7b2a4854ab4c6016248a0b48,0.5
vehicle_30s_global,1,inner_validation,inner_train,score_mae,leave_one_view_out__fold02,False,True,leave_one_view_out__fold02__candidate_328,completed,maneuver,76857c61556d36c9eb8d7060ea53eb10f2e65e3f7b2a4854ab4c6016248a0b48,0.8269849245824172
vehicle_30s_global,1,inner_validation,inner_train,score_spearman,leave_one_view_out__fold02,False,True,leave_one_view_out__fold02__candidate_328,completed,maneuver,76857c61556d36c9eb8d7060ea53eb10f2e65e3f7b2a4854ab4c6016248a0b48,0.5944055944055945
vehicle_30s_global,1,inner_validation,inner_train,rmse,leave_one_view_out__fold02,False,True,leave_one_view_out__fold02__candidate_328,completed,response,76857c61556d36c9eb8d7060ea53eb10f2e65e3f7b2a4854ab4c6016248a0b48,1.0337014084489728
vehicle_30s_global,1,inner_validation,inner_train,mae,leave_one_view_out__fold02,False,True,leave_one_view_out__fold02__candidate_328,completed,response,76857c61556d36c9eb8d7060ea53eb10f2e65e3f7b2a4854ab4c6016248a0b48,0.9246124686720388
vehicle_30s_global,1,inner_validation,inner_train,validation_std,leave_one_view_out__fold02,False,True,leave_one_view_out__fold02__candidate_328,completed,response,76857c61556d36c9eb8d7060ea53eb10f2e65e3f7b2a4854ab4c6016248a0b48,0.6661100828266592
vehicle_30s_global,1,inner_validation,inner_train,validation_iqr,leave_one_view_out__fold02,False,True,leave_one_view_out__fold02__candidate_328,completed,response,76857c61556d36c9eb8d7060ea53eb10f2e65e3f7b2a4854ab4c6016248a0b48,0.8168154939282022
vehicle_30s_global,1,inner_validation,inner_train,nrmse_std,leave_one_view_out__fold02,False,True,leave_one_view_out__fold02__candidate_328,completed,response,76857c61556d36c9eb8d7060ea53eb10f2e65e3f7b2a4854ab4c6016248a0b48,1.5518477127120314
vehicle_30s_global,1,inner_validation,inner_train,nrmse_iqr,leave_one_view_out__fold02,False,True,leave_one_view_out__fold02__candidate_328,completed,response,76857c61556d36c9eb8d7060ea53eb10f2e65e3f7b2a4854ab4c6016248a0b48,1.2655262003879604
vehicle_30s_global,1,inner_validation,inner_train,train_mean_baseline_rmse,leave_one_view_out__fold02,False,True,leave_one_view_out__fold02__candidate_328,completed,response,76857c61556d36c9eb8d7060ea53eb10f2e65e3f7b2a4854ab4c6016248a0b48,0.760282844198373
vehicle_30s_global,1,inner_validation,inner_train,rmse_ratio,leave_one_view_out__fold02,False,True,leave_one_view_out__fold02__candidate_328,completed,response,76857c61556d36c9eb8d7060ea53eb10f2e65e3f7b2a4854ab4c6016248a0b48,1.3596274285774355
vehicle_30s_global,1,inner_validation,inner_train,response_skill,leave_one_view_out__fold02,False,True,leave_one_view_out__fold02__candidate_328,completed,response,76857c61556d36c9eb8d7060ea53eb10f2e65e3f7b2a4854ab4c6016248a0b48,-0.8485867445400894
vehicle_30s_global,1,inner_validation,inner_train,spearman,leave_one_view_out__fold02,False,True,leave_one_view_out__fold02__candidate_328,completed,response,76857c61556d36c9eb8d7060ea53eb10f2e65e3f7b2a4854ab4c6016248a0b48,-0.2797202797202798
vehicle_30s_global,1,inner_validation,inner_train,auprc,leave_one_view_out__fold02,False,True,leave_one_view_out__fold02__candidate_328,completed,high_response,76857c61556d36c9eb8d7060ea53eb10f2e65e3f7b2a4854ab4c6016248a0b48,0.3871428571428571
vehicle_30s_global,1,inner_validation,inner_train,prevalence,leave_one_view_out__fold02,False,True,leave_one_view_out__fold02__candidate_328,completed,high_response,76857c61556d36c9eb8d7060ea53eb10f2e65e3f7b2a4854ab4c6016248a0b48,0.4166666666666667
vehicle_30s_global,1,inner_validation,inner_train,random_baseline_auprc,leave_one_view_out__fold02,False,True,leave_one_view_out__fold02__candidate_328,completed,high_response,76857c61556d36c9eb8d7060ea53eb10f2e65e3f7b2a4854ab4c6016248a0b48,0.4166666666666667
vehicle_30s_global,1,inner_validation,inner_train,normalized_ap,leave_one_view_out__fold02,False,True,leave_one_view_out__fold02__candidate_328,completed,high_response,76857c61556d36c9eb8d7060ea53eb10f2e65e3f7b2a4854ab4c6016248a0b48,-0.050612244897959256
vehicle_30s_global,1,inner_validation,inner_train,auprc_lift,leave_one_view_out__fold02,False,True,leave_one_view_out__fold02__candidate_328,completed,high_response,76857c61556d36c9eb8d7060ea53eb10f2e65e3f7b2a4854ab4c6016248a0b48,-0.029523809523809563
vehicle_30s_global,1,inner_validation,inner_train,auroc,leave_one_view_out__fold02,False,True,leave_one_view_out__fold02__candidate_328,completed,high_response,76857c61556d36c9eb8d7060ea53eb10f2e65e3f7b2a4854ab4c6016248a0b48,0.2857142857142857
vehicle_30s_global,1,inner_validation,inner_train,balanced_accuracy,leave_one_view_out__fold02,False,True,leave_one_view_out__fold02__candidate_328,completed,high_response,76857c61556d36c9eb8d7060ea53eb10f2e65e3f7b2a4854ab4c6016248a0b48,0.3142857142857143
vehicle_30s_global,1,inner_validation,inner_train,macro_f1,leave_one_view_out__fold02,False,True,leave_one_view_out__fold02__candidate_329,completed,maneuver,09bd96f3f28027930e21282cb6cb1e34c79cb76197a270c426bd70e119d43e13,0.6626984126984127
vehicle_30s_global,1,inner_validation,inner_train,support_aware_macro_f1,leave_one_view_out__fold02,False,True,leave_one_view_out__fold02__candidate_329,completed,maneuver,09bd96f3f28027930e21282cb6cb1e34c79cb76197a270c426bd70e119d43e13,0.6626984126984127
vehicle_30s_global,1,inner_validation,inner_train,majority_macro_f1,leave_one_view_out__fold02,False,True,leave_one_view_out__fold02__candidate_329,completed,maneuver,09bd96f3f28027930e21282cb6cb1e34c79cb76197a270c426bd70e119d43e13,0.13333333333333333
vehicle_30s_global,1,inner_validation,inner_train,macro_f1_lift,leave_one_view_out__fold02,False,True,leave_one_view_out__fold02__candidate_329,completed,maneuver,09bd96f3f28027930e21282cb6cb1e34c79cb76197a270c426bd70e119d43e13,0.5293650793650794
vehicle_30s_global,1,inner_validation,inner_train,recall_low,leave_one_view_out__fold02,False,True,leave_one_view_out__fold02__candidate_329,completed,maneuver,09bd96f3f28027930e21282cb6cb1e34c79cb76197a270c426bd70e119d43e13,1.0
vehicle_30s_global,1,inner_validation,inner_train,recall_medium,leave_one_view_out__fold02,False,True,leave_one_view_out__fold02__candidate_329,completed,maneuver,09bd96f3f28027930e21282cb6cb1e34c79cb76197a270c426bd70e119d43e13,0.5
vehicle_30s_global,1,inner_validation,inner_train,recall_high,leave_one_view_out__fold02,False,True,leave_one_view_out__fold02__candidate_329,completed,maneuver,09bd96f3f28027930e21282cb6cb1e34c79cb76197a270c426bd70e119d43e13,0.6
vehicle_30s_global,1,inner_validation,inner_train,minimum_class_recall,leave_one_view_out__fold02,False,True,leave_one_view_out__fold02__candidate_329,completed,maneuver,09bd96f3f28027930e21282cb6cb1e34c79cb76197a270c426bd70e119d43e13,0.5
vehicle_30s_global,1,inner_validation,inner_train,ordinal_mae,leave_one_view_out__fold02,False,True,leave_one_view_out__fold02__candidate_329,completed,maneuver,09bd96f3f28027930e21282cb6cb1e34c79cb76197a270c426bd70e119d43e13,0.4166666666666667
vehicle_30s_global,1,inner_validation,inner_train,score_mae,leave_one_view_out__fold02,False,True,leave_one_view_out__fold02__candidate_329,completed,maneuver,09bd96f3f28027930e21282cb6cb1e34c79cb76197a270c426bd70e119d43e13,1.0891520545718925
vehicle_30s_global,1,inner_validation,inner_train,score_spearman,leave_one_view_out__fold02,False,True,leave_one_view_out__fold02__candidate_329,completed,maneuver,09bd96f3f28027930e21282cb6cb1e34c79cb76197a270c426bd70e119d43e13,0.6153846153846154
vehicle_30s_global,1,inner_validation,inner_train,rmse,leave_one_view_out__fold02,False,True,leave_one_view_out__fold02__candidate_329,completed,response,09bd96f3f28027930e21282cb6cb1e34c79cb76197a270c426bd70e119d43e13,1.1023450623189925
vehicle_30s_global,1,inner_validation,inner_train,mae,leave_one_view_out__fold02,False,True,leave_one_view_out__fold02__candidate_329,completed,response,09bd96f3f28027930e21282cb6cb1e34c79cb76197a270c426bd70e119d43e13,0.9531021520299898
vehicle_30s_global,1,inner_validation,inner_train,validation_std,leave_one_view_out__fold02,False,True,leave_one_view_out__fold02__candidate_329,completed,response,09bd96f3f28027930e21282cb6cb1e34c79cb76197a270c426bd70e119d43e13,0.7444107826338696
vehicle_30s_global,1,inner_validation,inner_train,validation_iqr,leave_one_view_out__fold02,False,True,leave_one_view_out__fold02__candidate_329,completed,response,09bd96f3f28027930e21282cb6cb1e34c79cb76197a270c426bd70e119d43e13,1.126261329695373
vehicle_30s_global,1,inner_validation,inner_train,nrmse_std,leave_one_view_out__fold02,False,True,leave_one_view_out__fold02__candidate_329,completed,response,09bd96f3f28027930e21282cb6cb1e34c79cb76197a270c426bd70e119d43e13,1.480828983184099
vehicle_30s_global,1,inner_validation,inner_train,nrmse_iqr,leave_one_view_out__fold02,False,True,leave_one_view_out__fold02__candidate_329,completed,response,09bd96f3f28027930e21282cb6cb1e34c79cb76197a270c426bd70e119d43e13,0.9787649040717316
vehicle_30s_global,1,inner_validation,inner_train,train_mean_baseline_rmse,leave_one_view_out__fold02,False,True,leave_one_view_out__fold02__candidate_329,completed,response,09bd96f3f28027930e21282cb6cb1e34c79cb76197a270c426bd70e119d43e13,0.7887754436917268
vehicle_30s_global,1,inner_validation,inner_train,rmse_ratio,leave_one_view_out__fold02,False,True,leave_one_view_out__fold02__candidate_329,completed,response,09bd96f3f28027930e21282cb6cb1e34c79cb76197a270c426bd70e119d43e13,1.3975397828812437
vehicle_30s_global,1,inner_validation,inner_train,response_skill,leave_one_view_out__fold02,False,True,leave_one_view_out__fold02__candidate_329,completed,response,09bd96f3f28027930e21282cb6cb1e34c79cb76197a270c426bd70e119d43e13,-0.9531174447357538
vehicle_30s_global,1,inner_validation,inner_train,spearman,leave_one_view_out__fold02,False,True,leave_one_view_out__fold02__candidate_329,completed,response,09bd96f3f28027930e21282cb6cb1e34c79cb76197a270c426bd70e119d43e13,-0.22377622377622378
vehicle_30s_global,1,inner_validation,inner_train,auprc,leave_one_view_out__fold02,False,True,leave_one_view_out__fold02__candidate_329,completed,high_response,09bd96f3f28027930e21282cb6cb1e34c79cb76197a270c426bd70e119d43e13,0.3879365079365079
vehicle_30s_global,1,inner_validation,inner_train,prevalence,leave_one_view_out__fold02,False,True,leave_one_view_out__fold02__candidate_329,completed,high_response,09bd96f3f28027930e21282cb6cb1e34c79cb76197a270c426bd70e119d43e13,0.4166666666666667
vehicle_30s_global,1,inner_validation,inner_train,random_baseline_auprc,leave_one_view_out__fold02,False,True,leave_one_view_out__fold02__candidate_329,completed,high_response,09bd96f3f28027930e21282cb6cb1e34c79cb76197a270c426bd70e119d43e13,0.4166666666666667
vehicle_30s_global,1,inner_validation,inner_train,normalized_ap,leave_one_view_out__fold02,False,True,leave_one_view_out__fold02__candidate_329,completed,high_response,09bd96f3f28027930e21282cb6cb1e34c79cb76197a270c426bd70e119d43e13,-0.04925170068027219
vehicle_30s_global,1,inner_validation,inner_train,auprc_lift,leave_one_view_out__fold02,False,True,leave_one_view_out__fold02__candidate_329,completed,high_response,09bd96f3f28027930e21282cb6cb1e34c79cb76197a270c426bd70e119d43e13,-0.028730158730158772
vehicle_30s_global,1,inner_validation,inner_train,auroc,leave_one_view_out__fold02,False,True,leave_one_view_out__fold02__candidate_329,completed,high_response,09bd96f3f28027930e21282cb6cb1e34c79cb76197a270c426bd70e119d43e13,0.37142857142857144
vehicle_30s_global,1,inner_validation,inner_train,balanced_accuracy,leave_one_view_out__fold02,False,True,leave_one_view_out__fold02__candidate_329,completed,high_response,09bd96f3f28027930e21282cb6cb1e34c79cb76197a270c426bd70e119d43e13,0.41428571428571426
vehicle_30s_global,1,inner_validation,inner_train,macro_f1,leave_one_view_out__fold01,False,True,leave_one_view_out__fold01__candidate_340,completed,maneuver,c8bb55db2e84fca264b1421bfe060cb36e07fbf025a5f825bde808b31ad5f850,1.0
vehicle_30s_global,1,inner_validation,inner_train,support_aware_macro_f1,leave_one_view_out__fold01,False,True,leave_one_view_out__fold01__candidate_340,completed,maneuver,c8bb55db2e84fca264b1421bfe060cb36e07fbf025a5f825bde808b31ad5f850,1.0
vehicle_30s_global,1,inner_validation,inner_train,majority_macro_f1,leave_one_view_out__fold01,False,True,leave_one_view_out__fold01__candidate_340,completed,maneuver,c8bb55db2e84fca264b1421bfe060cb36e07fbf025a5f825bde808b31ad5f850,0.13333333333333333
vehicle_30s_global,1,inner_validation,inner_train,macro_f1_lift,leave_one_view_out__fold01,False,True,leave_one_view_out__fold01__candidate_340,completed,maneuver,c8bb55db2e84fca264b1421bfe060cb36e07fbf025a5f825bde808b31ad5f850,0.8666666666666667
vehicle_30s_global,1,inner_validation,inner_train,recall_low,leave_one_view_out__fold01,False,True,leave_one_view_out__fold01__candidate_340,completed,maneuver,c8bb55db2e84fca264b1421bfe060cb36e07fbf025a5f825bde808b31ad5f850,1.0
vehicle_30s_global,1,inner_validation,inner_train,recall_medium,leave_one_view_out__fold01,False,True,leave_one_view_out__fold01__candidate_340,completed,maneuver,c8bb55db2e84fca264b1421bfe060cb36e07fbf025a5f825bde808b31ad5f850,1.0
vehicle_30s_global,1,inner_validation,inner_train,recall_high,leave_one_view_out__fold01,False,True,leave_one_view_out__fold01__candidate_340,completed,maneuver,c8bb55db2e84fca264b1421bfe060cb36e07fbf025a5f825bde808b31ad5f850,1.0
vehicle_30s_global,1,inner_validation,inner_train,minimum_class_recall,leave_one_view_out__fold01,False,True,leave_one_view_out__fold01__candidate_340,completed,maneuver,c8bb55db2e84fca264b1421bfe060cb36e07fbf025a5f825bde808b31ad5f850,1.0
vehicle_30s_global,1,inner_validation,inner_train,ordinal_mae,leave_one_view_out__fold01,False,True,leave_one_view_out__fold01__candidate_340,completed,maneuver,c8bb55db2e84fca264b1421bfe060cb36e07fbf025a5f825bde808b31ad5f850,0.0
vehicle_30s_global,1,inner_validation,inner_train,score_mae,leave_one_view_out__fold01,False,True,leave_one_view_out__fold01__candidate_340,completed,maneuver,c8bb55db2e84fca264b1421bfe060cb36e07fbf025a5f825bde808b31ad5f850,0.5805703739900503
vehicle_30s_global,1,inner_validation,inner_train,score_spearman,leave_one_view_out__fold01,False,True,leave_one_view_out__fold01__candidate_340,completed,maneuver,c8bb55db2e84fca264b1421bfe060cb36e07fbf025a5f825bde808b31ad5f850,0.9160839160839163
vehicle_30s_global,1,inner_validation,inner_train,rmse,leave_one_view_out__fold01,False,True,leave_one_view_out__fold01__candidate_340,completed,response,c8bb55db2e84fca264b1421bfe060cb36e07fbf025a5f825bde808b31ad5f850,1.135190788794925
vehicle_30s_global,1,inner_validation,inner_train,mae,leave_one_view_out__fold01,False,True,leave_one_view_out__fold01__candidate_340,completed,response,c8bb55db2e84fca264b1421bfe060cb36e07fbf025a5f825bde808b31ad5f850,0.956348108600155
vehicle_30s_global,1,inner_validation,inner_train,validation_std,leave_one_view_out__fold01,False,True,leave_one_view_out__fold01__candidate_340,completed,response,c8bb55db2e84fca264b1421bfe060cb36e07fbf025a5f825bde808b31ad5f850,0.7738225567538186
vehicle_30s_global,1,inner_validation,inner_train,validation_iqr,leave_one_view_out__fold01,False,True,leave_one_view_out__fold01__candidate_340,completed,response,c8bb55db2e84fca264b1421bfe060cb36e07fbf025a5f825bde808b31ad5f850,1.1164541279861386
vehicle_30s_global,1,inner_validation,inner_train,nrmse_std,leave_one_view_out__fold01,False,True,leave_one_view_out__fold01__candidate_340,completed,response,c8bb55db2e84fca264b1421bfe060cb36e07fbf025a5f825bde808b31ad5f850,1.4669910806904418
vehicle_30s_global,1,inner_validation,inner_train,nrmse_iqr,leave_one_view_out__fold01,False,True,leave_one_view_out__fold01__candidate_340,completed,response,c8bb55db2e84fca264b1421bfe060cb36e07fbf025a5f825bde808b31ad5f850,1.0167822934584725
vehicle_30s_global,1,inner_validation,inner_train,train_mean_baseline_rmse,leave_one_view_out__fold01,False,True,leave_one_view_out__fold01__candidate_340,completed,response,c8bb55db2e84fca264b1421bfe060cb36e07fbf025a5f825bde808b31ad5f850,0.9520832805389658
vehicle_30s_global,1,inner_validation,inner_train,rmse_ratio,leave_one_view_out__fold01,False,True,leave_one_view_out__fold01__candidate_340,completed,response,c8bb55db2e84fca264b1421bfe060cb36e07fbf025a5f825bde808b31ad5f850,1.1923229952660273
vehicle_30s_global,1,inner_validation,inner_train,response_skill,leave_one_view_out__fold01,False,True,leave_one_view_out__fold01__candidate_340,completed,response,c8bb55db2e84fca264b1421bfe060cb36e07fbf025a5f825bde808b31ad5f850,-0.42163412504015096
vehicle_30s_global,1,inner_validation,inner_train,spearman,leave_one_view_out__fold01,False,True,leave_one_view_out__fold01__candidate_340,completed,response,c8bb55db2e84fca264b1421bfe060cb36e07fbf025a5f825bde808b31ad5f850,-0.21678321678321683
vehicle_30s_global,1,inner_validation,inner_train,auprc,leave_one_view_out__fold01,False,True,leave_one_view_out__fold01__candidate_340,completed,high_response,c8bb55db2e84fca264b1421bfe060cb36e07fbf025a5f825bde808b31ad5f850,0.5804421768707483
vehicle_30s_global,1,inner_validation,inner_train,prevalence,leave_one_view_out__fold01,False,True,leave_one_view_out__fold01__candidate_340,completed,high_response,c8bb55db2e84fca264b1421bfe060cb36e07fbf025a5f825bde808b31ad5f850,0.5833333333333334
vehicle_30s_global,1,inner_validation,inner_train,random_baseline_auprc,leave_one_view_out__fold01,False,True,leave_one_view_out__fold01__candidate_340,completed,high_response,c8bb55db2e84fca264b1421bfe060cb36e07fbf025a5f825bde808b31ad5f850,0.5833333333333334
vehicle_30s_global,1,inner_validation,inner_train,normalized_ap,leave_one_view_out__fold01,False,True,leave_one_view_out__fold01__candidate_340,completed,high_response,c8bb55db2e84fca264b1421bfe060cb36e07fbf025a5f825bde808b31ad5f850,-0.00693877551020421
vehicle_30s_global,1,inner_validation,inner_train,auprc_lift,leave_one_view_out__fold01,False,True,leave_one_view_out__fold01__candidate_340,completed,high_response,c8bb55db2e84fca264b1421bfe060cb36e07fbf025a5f825bde808b31ad5f850,-0.002891156462585087
vehicle_30s_global,1,inner_validation,inner_train,auroc,leave_one_view_out__fold01,False,True,leave_one_view_out__fold01__candidate_340,completed,high_response,c8bb55db2e84fca264b1421bfe060cb36e07fbf025a5f825bde808b31ad5f850,0.4857142857142857
vehicle_30s_global,1,inner_validation,inner_train,balanced_accuracy,leave_one_view_out__fold01,False,True,leave_one_view_out__fold01__candidate_340,completed,high_response,c8bb55db2e84fca264b1421bfe060cb36e07fbf025a5f825bde808b31ad5f850,0.4714285714285714
vehicle_30s_global,1,inner_validation,inner_train,macro_f1,leave_one_view_out__fold01,False,True,leave_one_view_out__fold01__candidate_327,completed,maneuver,ef23ad8b080593cb9c8caaa4a57c59a5dc23c5987cd8d56c0f61e753cf15435c,0.8222222222222223
vehicle_30s_global,1,inner_validation,inner_train,support_aware_macro_f1,leave_one_view_out__fold01,False,True,leave_one_view_out__fold01__candidate_327,completed,maneuver,ef23ad8b080593cb9c8caaa4a57c59a5dc23c5987cd8d56c0f61e753cf15435c,0.8222222222222223
vehicle_30s_global,1,inner_validation,inner_train,majority_macro_f1,leave_one_view_out__fold01,False,True,leave_one_view_out__fold01__candidate_327,completed,maneuver,ef23ad8b080593cb9c8caaa4a57c59a5dc23c5987cd8d56c0f61e753cf15435c,0.19607843137254902
vehicle_30s_global,1,inner_validation,inner_train,macro_f1_lift,leave_one_view_out__fold01,False,True,leave_one_view_out__fold01__candidate_327,completed,maneuver,ef23ad8b080593cb9c8caaa4a57c59a5dc23c5987cd8d56c0f61e753cf15435c,0.6261437908496733
vehicle_30s_global,1,inner_validation,inner_train,recall_low,leave_one_view_out__fold01,False,True,leave_one_view_out__fold01__candidate_327,completed,maneuver,ef23ad8b080593cb9c8caaa4a57c59a5dc23c5987cd8d56c0f61e753cf15435c,0.8
vehicle_30s_global,1,inner_validation,inner_train,recall_medium,leave_one_view_out__fold01,False,True,leave_one_view_out__fold01__candidate_327,completed,maneuver,ef23ad8b080593cb9c8caaa4a57c59a5dc23c5987cd8d56c0f61e753cf15435c,0.6666666666666666
vehicle_30s_global,1,inner_validation,inner_train,recall_high,leave_one_view_out__fold01,False,True,leave_one_view_out__fold01__candidate_327,completed,maneuver,ef23ad8b080593cb9c8caaa4a57c59a5dc23c5987cd8d56c0f61e753cf15435c,1.0
vehicle_30s_global,1,inner_validation,inner_train,minimum_class_recall,leave_one_view_out__fold01,False,True,leave_one_view_out__fold01__candidate_327,completed,maneuver,ef23ad8b080593cb9c8caaa4a57c59a5dc23c5987cd8d56c0f61e753cf15435c,0.6666666666666666
vehicle_30s_global,1,inner_validation,inner_train,ordinal_mae,leave_one_view_out__fold01,False,True,leave_one_view_out__fold01__candidate_327,completed,maneuver,ef23ad8b080593cb9c8caaa4a57c59a5dc23c5987cd8d56c0f61e753cf15435c,0.16666666666666666
vehicle_30s_global,1,inner_validation,inner_train,score_mae,leave_one_view_out__fold01,False,True,leave_one_view_out__fold01__candidate_327,completed,maneuver,ef23ad8b080593cb9c8caaa4a57c59a5dc23c5987cd8d56c0f61e753cf15435c,0.5997320831188598
vehicle_30s_global,1,inner_validation,inner_train,score_spearman,leave_one_view_out__fold01,False,True,leave_one_view_out__fold01__candidate_327,completed,maneuver,ef23ad8b080593cb9c8caaa4a57c59a5dc23c5987cd8d56c0f61e753cf15435c,0.8111888111888113
vehicle_30s_global,1,inner_validation,inner_train,rmse,leave_one_view_out__fold01,False,True,leave_one_view_out__fold01__candidate_327,completed,response,ef23ad8b080593cb9c8caaa4a57c59a5dc23c5987cd8d56c0f61e753cf15435c,1.1650455515614708
vehicle_30s_global,1,inner_validation,inner_train,mae,leave_one_view_out__fold01,False,True,leave_one_view_out__fold01__candidate_327,completed,response,ef23ad8b080593cb9c8caaa4a57c59a5dc23c5987cd8d56c0f61e753cf15435c,0.9808152607900947
vehicle_30s_global,1,inner_validation,inner_train,validation_std,leave_one_view_out__fold01,False,True,leave_one_view_out__fold01__candidate_327,completed,response,ef23ad8b080593cb9c8caaa4a57c59a5dc23c5987cd8d56c0f61e753cf15435c,0.7424450098311778
vehicle_30s_global,1,inner_validation,inner_train,validation_iqr,leave_one_view_out__fold01,False,True,leave_one_view_out__fold01__candidate_327,completed,response,ef23ad8b080593cb9c8caaa4a57c59a5dc23c5987cd8d56c0f61e753cf15435c,0.8094986823286678
vehicle_30s_global,1,inner_validation,inner_train,nrmse_std,leave_one_view_out__fold01,False,True,leave_one_view_out__fold01__candidate_327,completed,response,ef23ad8b080593cb9c8caaa4a57c59a5dc23c5987cd8d56c0f61e753cf15435c,1.5692011342717311
vehicle_30s_global,1,inner_validation,inner_train,nrmse_iqr,leave_one_view_out__fold01,False,True,leave_one_view_out__fold01__candidate_327,completed,response,ef23ad8b080593cb9c8caaa4a57c59a5dc23c5987cd8d56c0f61e753cf15435c,1.439218589226123
vehicle_30s_global,1,inner_validation,inner_train,train_mean_baseline_rmse,leave_one_view_out__fold01,False,True,leave_one_view_out__fold01__candidate_327,completed,response,ef23ad8b080593cb9c8caaa4a57c59a5dc23c5987cd8d56c0f61e753cf15435c,0.9686999988458442
vehicle_30s_global,1,inner_validation,inner_train,rmse_ratio,leave_one_view_out__fold01,False,True,leave_one_view_out__fold01__candidate_327,completed,response,ef23ad8b080593cb9c8caaa4a57c59a5dc23c5987cd8d56c0f61e753cf15435c,1.2026897418700961
vehicle_30s_global,1,inner_validation,inner_train,response_skill,leave_one_view_out__fold01,False,True,leave_one_view_out__fold01__candidate_327,completed,response,ef23ad8b080593cb9c8caaa4a57c59a5dc23c5987cd8d56c0f61e753cf15435c,-0.4464626151995581
vehicle_30s_global,1,inner_validation,inner_train,spearman,leave_one_view_out__fold01,False,True,leave_one_view_out__fold01__candidate_327,completed,response,ef23ad8b080593cb9c8caaa4a57c59a5dc23c5987cd8d56c0f61e753cf15435c,0.18881118881118883
vehicle_30s_global,1,inner_validation,inner_train,auprc,leave_one_view_out__fold01,False,True,leave_one_view_out__fold01__candidate_327,completed,high_response,ef23ad8b080593cb9c8caaa4a57c59a5dc23c5987cd8d56c0f61e753cf15435c,0.591220238095238
vehicle_30s_global,1,inner_validation,inner_train,prevalence,leave_one_view_out__fold01,False,True,leave_one_view_out__fold01__candidate_327,completed,high_response,ef23ad8b080593cb9c8caaa4a57c59a5dc23c5987cd8d56c0f61e753cf15435c,0.6666666666666666
vehicle_30s_global,1,inner_validation,inner_train,random_baseline_auprc,leave_one_view_out__fold01,False,True,leave_one_view_out__fold01__candidate_327,completed,high_response,ef23ad8b080593cb9c8caaa4a57c59a5dc23c5987cd8d56c0f61e753cf15435c,0.6666666666666666
vehicle_30s_global,1,inner_validation,inner_train,normalized_ap,leave_one_view_out__fold01,False,True,leave_one_view_out__fold01__candidate_327,completed,high_response,ef23ad8b080593cb9c8caaa4a57c59a5dc23c5987cd8d56c0f61e753cf15435c,-0.22633928571428572
vehicle_30s_global,1,inner_validation,inner_train,auprc_lift,leave_one_view_out__fold01,False,True,leave_one_view_out__fold01__candidate_327,completed,high_response,ef23ad8b080593cb9c8caaa4a57c59a5dc23c5987cd8d56c0f61e753cf15435c,-0.07544642857142858
vehicle_30s_global,1,inner_validation,inner_train,auroc,leave_one_view_out__fold01,False,True,leave_one_view_out__fold01__candidate_327,completed,high_response,ef23ad8b080593cb9c8caaa4a57c59a5dc23c5987cd8d56c0f61e753cf15435c,0.3125
vehicle_30s_global,1,inner_validation,inner_train,balanced_accuracy,leave_one_view_out__fold01,False,True,leave_one_view_out__fold01__candidate_327,completed,high_response,ef23ad8b080593cb9c8caaa4a57c59a5dc23c5987cd8d56c0f61e753cf15435c,0.5
dual_30s_global,2,inner_validation,inner_train,macro_f1,leave_one_view_out__fold01,False,True,leave_one_view_out__fold01__candidate_339,completed,maneuver,d49030f301fc10972368913bbfc6141aa638775e23f48bc8ad0055d5e48293a1,1.0
dual_30s_global,2,inner_validation,inner_train,support_aware_macro_f1,leave_one_view_out__fold01,False,True,leave_one_view_out__fold01__candidate_339,completed,maneuver,d49030f301fc10972368913bbfc6141aa638775e23f48bc8ad0055d5e48293a1,1.0
dual_30s_global,2,inner_validation,inner_train,majority_macro_f1,leave_one_view_out__fold01,False,True,leave_one_view_out__fold01__candidate_339,completed,maneuver,d49030f301fc10972368913bbfc6141aa638775e23f48bc8ad0055d5e48293a1,0.16666666666666666
dual_30s_global,2,inner_validation,inner_train,macro_f1_lift,leave_one_view_out__fold01,False,True,leave_one_view_out__fold01__candidate_339,completed,maneuver,d49030f301fc10972368913bbfc6141aa638775e23f48bc8ad0055d5e48293a1,0.8333333333333334
dual_30s_global,2,inner_validation,inner_train,recall_low,leave_one_view_out__fold01,False,True,leave_one_view_out__fold01__candidate_339,completed,maneuver,d49030f301fc10972368913bbfc6141aa638775e23f48bc8ad0055d5e48293a1,1.0
dual_30s_global,2,inner_validation,inner_train,recall_medium,leave_one_view_out__fold01,False,True,leave_one_view_out__fold01__candidate_339,completed,maneuver,d49030f301fc10972368913bbfc6141aa638775e23f48bc8ad0055d5e48293a1,1.0
dual_30s_global,2,inner_validation,inner_train,recall_high,leave_one_view_out__fold01,False,True,leave_one_view_out__fold01__candidate_339,completed,maneuver,d49030f301fc10972368913bbfc6141aa638775e23f48bc8ad0055d5e48293a1,1.0
dual_30s_global,2,inner_validation,inner_train,minimum_class_recall,leave_one_view_out__fold01,False,True,leave_one_view_out__fold01__candidate_339,completed,maneuver,d49030f301fc10972368913bbfc6141aa638775e23f48bc8ad0055d5e48293a1,1.0
dual_30s_global,2,inner_validation,inner_train,ordinal_mae,leave_one_view_out__fold01,False,True,leave_one_view_out__fold01__candidate_339,completed,maneuver,d49030f301fc10972368913bbfc6141aa638775e23f48bc8ad0055d5e48293a1,0.0
dual_30s_global,2,inner_validation,inner_train,score_mae,leave_one_view_out__fold01,False,True,leave_one_view_out__fold01__candidate_339,completed,maneuver,d49030f301fc10972368913bbfc6141aa638775e23f48bc8ad0055d5e48293a1,0.4205629737422576
dual_30s_global,2,inner_validation,inner_train,score_spearman,leave_one_view_out__fold01,False,True,leave_one_view_out__fold01__candidate_339,completed,maneuver,d49030f301fc10972368913bbfc6141aa638775e23f48bc8ad0055d5e48293a1,0.9370629370629372
dual_30s_global,2,inner_validation,inner_train,rmse,leave_one_view_out__fold01,False,True,leave_one_view_out__fold01__candidate_339,completed,response,d49030f301fc10972368913bbfc6141aa638775e23f48bc8ad0055d5e48293a1,1.1982079123518505
dual_30s_global,2,inner_validation,inner_train,mae,leave_one_view_out__fold01,False,True,leave_one_view_out__fold01__candidate_339,completed,response,d49030f301fc10972368913bbfc6141aa638775e23f48bc8ad0055d5e48293a1,1.0035042719200968
dual_30s_global,2,inner_validation,inner_train,validation_std,leave_one_view_out__fold01,False,True,leave_one_view_out__fold01__candidate_339,completed,response,d49030f301fc10972368913bbfc6141aa638775e23f48bc8ad0055d5e48293a1,0.9229823964743179
dual_30s_global,2,inner_validation,inner_train,validation_iqr,leave_one_view_out__fold01,False,True,leave_one_view_out__fold01__candidate_339,completed,response,d49030f301fc10972368913bbfc6141aa638775e23f48bc8ad0055d5e48293a1,1.5375502327333572
dual_30s_global,2,inner_validation,inner_train,nrmse_std,leave_one_view_out__fold01,False,True,leave_one_view_out__fold01__candidate_339,completed,response,d49030f301fc10972368913bbfc6141aa638775e23f48bc8ad0055d5e48293a1,1.2981915114837088
dual_30s_global,2,inner_validation,inner_train,nrmse_iqr,leave_one_view_out__fold01,False,True,leave_one_view_out__fold01__candidate_339,completed,response,d49030f301fc10972368913bbfc6141aa638775e23f48bc8ad0055d5e48293a1,0.7792967584686674
dual_30s_global,2,inner_validation,inner_train,train_mean_baseline_rmse,leave_one_view_out__fold01,False,True,leave_one_view_out__fold01__candidate_339,completed,response,d49030f301fc10972368913bbfc6141aa638775e23f48bc8ad0055d5e48293a1,1.2411261006308119
dual_30s_global,2,inner_validation,inner_train,rmse_ratio,leave_one_view_out__fold01,False,True,leave_one_view_out__fold01__candidate_339,completed,response,d49030f301fc10972368913bbfc6141aa638775e23f48bc8ad0055d5e48293a1,0.9654199615517329
dual_30s_global,2,inner_validation,inner_train,response_skill,leave_one_view_out__fold01,False,True,leave_one_view_out__fold01__candidate_339,completed,response,d49030f301fc10972368913bbfc6141aa638775e23f48bc8ad0055d5e48293a1,0.06796429783745062
dual_30s_global,2,inner_validation,inner_train,spearman,leave_one_view_out__fold01,False,True,leave_one_view_out__fold01__candidate_339,completed,response,d49030f301fc10972368913bbfc6141aa638775e23f48bc8ad0055d5e48293a1,0.06293706293706294
dual_30s_global,2,inner_validation,inner_train,auprc,leave_one_view_out__fold01,False,True,leave_one_view_out__fold01__candidate_339,completed,high_response,d49030f301fc10972368913bbfc6141aa638775e23f48bc8ad0055d5e48293a1,0.5707656926406927
dual_30s_global,2,inner_validation,inner_train,prevalence,leave_one_view_out__fold01,False,True,leave_one_view_out__fold01__candidate_339,completed,high_response,d49030f301fc10972368913bbfc6141aa638775e23f48bc8ad0055d5e48293a1,0.6666666666666666
dual_30s_global,2,inner_validation,inner_train,random_baseline_auprc,leave_one_view_out__fold01,False,True,leave_one_view_out__fold01__candidate_339,completed,high_response,d49030f301fc10972368913bbfc6141aa638775e23f48bc8ad0055d5e48293a1,0.6666666666666666
dual_30s_global,2,inner_validation,inner_train,normalized_ap,leave_one_view_out__fold01,False,True,leave_one_view_out__fold01__candidate_339,completed,high_response,d49030f301fc10972368913bbfc6141aa638775e23f48bc8ad0055d5e48293a1,-0.28770292207792186
dual_30s_global,2,inner_validation,inner_train,auprc_lift,leave_one_view_out__fold01,False,True,leave_one_view_out__fold01__candidate_339,completed,high_response,d49030f301fc10972368913bbfc6141aa638775e23f48bc8ad0055d5e48293a1,-0.09590097402597397
dual_30s_global,2,inner_validation,inner_train,auroc,leave_one_view_out__fold01,False,True,leave_one_view_out__fold01__candidate_339,completed,high_response,d49030f301fc10972368913bbfc6141aa638775e23f48bc8ad0055d5e48293a1,0.25
dual_30s_global,2,inner_validation,inner_train,balanced_accuracy,leave_one_view_out__fold01,False,True,leave_one_view_out__fold01__candidate_339,completed,high_response,d49030f301fc10972368913bbfc6141aa638775e23f48bc8ad0055d5e48293a1,0.1875
dual_30s_global,2,inner_validation,inner_train,macro_f1,leave_one_view_out__fold01,False,True,leave_one_view_out__fold01__candidate_353,completed,maneuver,f1ddae33af89bc208d97290f0e03c19c4d93c0cd3b4e08a59452657e405013ac,0.85
dual_30s_global,2,inner_validation,inner_train,support_aware_macro_f1,leave_one_view_out__fold01,False,True,leave_one_view_out__fold01__candidate_353,completed,maneuver,f1ddae33af89bc208d97290f0e03c19c4d93c0cd3b4e08a59452657e405013ac,0.85
dual_30s_global,2,inner_validation,inner_train,majority_macro_f1,leave_one_view_out__fold01,False,True,leave_one_view_out__fold01__candidate_353,completed,maneuver,f1ddae33af89bc208d97290f0e03c19c4d93c0cd3b4e08a59452657e405013ac,0.13333333333333333
dual_30s_global,2,inner_validation,inner_train,macro_f1_lift,leave_one_view_out__fold01,False,True,leave_one_view_out__fold01__candidate_353,completed,maneuver,f1ddae33af89bc208d97290f0e03c19c4d93c0cd3b4e08a59452657e405013ac,0.7166666666666667
dual_30s_global,2,inner_validation,inner_train,recall_low,leave_one_view_out__fold01,False,True,leave_one_view_out__fold01__candidate_353,completed,maneuver,f1ddae33af89bc208d97290f0e03c19c4d93c0cd3b4e08a59452657e405013ac,1.0
dual_30s_global,2,inner_validation,inner_train,recall_medium,leave_one_view_out__fold01,False,True,leave_one_view_out__fold01__candidate_353,completed,maneuver,f1ddae33af89bc208d97290f0e03c19c4d93c0cd3b4e08a59452657e405013ac,0.75
dual_30s_global,2,inner_validation,inner_train,recall_high,leave_one_view_out__fold01,False,True,leave_one_view_out__fold01__candidate_353,completed,maneuver,f1ddae33af89bc208d97290f0e03c19c4d93c0cd3b4e08a59452657e405013ac,0.8
dual_30s_global,2,inner_validation,inner_train,minimum_class_recall,leave_one_view_out__fold01,False,True,leave_one_view_out__fold01__candidate_353,completed,maneuver,f1ddae33af89bc208d97290f0e03c19c4d93c0cd3b4e08a59452657e405013ac,0.75
dual_30s_global,2,inner_validation,inner_train,ordinal_mae,leave_one_view_out__fold01,False,True,leave_one_view_out__fold01__candidate_353,completed,maneuver,f1ddae33af89bc208d97290f0e03c19c4d93c0cd3b4e08a59452657e405013ac,0.16666666666666666
dual_30s_global,2,inner_validation,inner_train,score_mae,leave_one_view_out__fold01,False,True,leave_one_view_out__fold01__candidate_353,completed,maneuver,f1ddae33af89bc208d97290f0e03c19c4d93c0cd3b4e08a59452657e405013ac,0.5925368719572967
dual_30s_global,2,inner_validation,inner_train,score_spearman,leave_one_view_out__fold01,False,True,leave_one_view_out__fold01__candidate_353,completed,maneuver,f1ddae33af89bc208d97290f0e03c19c4d93c0cd3b4e08a59452657e405013ac,0.8881118881118882
dual_30s_global,2,inner_validation,inner_train,rmse,leave_one_view_out__fold01,False,True,leave_one_view_out__fold01__candidate_353,completed,response,f1ddae33af89bc208d97290f0e03c19c4d93c0cd3b4e08a59452657e405013ac,1.1405404685240272
dual_30s_global,2,inner_validation,inner_train,mae,leave_one_view_out__fold01,False,True,leave_one_view_out__fold01__candidate_353,completed,response,f1ddae33af89bc208d97290f0e03c19c4d93c0cd3b4e08a59452657e405013ac,1.005698927346461
dual_30s_global,2,inner_validation,inner_train,validation_std,leave_one_view_out__fold01,False,True,leave_one_view_out__fold01__candidate_353,completed,response,f1ddae33af89bc208d97290f0e03c19c4d93c0cd3b4e08a59452657e405013ac,0.8091453454981316
dual_30s_global,2,inner_validation,inner_train,validation_iqr,leave_one_view_out__fold01,False,True,leave_one_view_out__fold01__candidate_353,completed,response,f1ddae33af89bc208d97290f0e03c19c4d93c0cd3b4e08a59452657e405013ac,1.218839946496964
dual_30s_global,2,inner_validation,inner_train,nrmse_std,leave_one_view_out__fold01,False,True,leave_one_view_out__fold01__candidate_353,completed,response,f1ddae33af89bc208d97290f0e03c19c4d93c0cd3b4e08a59452657e405013ac,1.4095619221808413
dual_30s_global,2,inner_validation,inner_train,nrmse_iqr,leave_one_view_out__fold01,False,True,leave_one_view_out__fold01__candidate_353,completed,response,f1ddae33af89bc208d97290f0e03c19c4d93c0cd3b4e08a59452657e405013ac,0.935759015613186
dual_30s_global,2,inner_validation,inner_train,train_mean_baseline_rmse,leave_one_view_out__fold01,False,True,leave_one_view_out__fold01__candidate_353,completed,response,f1ddae33af89bc208d97290f0e03c19c4d93c0cd3b4e08a59452657e405013ac,0.9551898219217477
dual_30s_global,2,inner_validation,inner_train,rmse_ratio,leave_one_view_out__fold01,False,True,leave_one_view_out__fold01__candidate_353,completed,response,f1ddae33af89bc208d97290f0e03c19c4d93c0cd3b4e08a59452657e405013ac,1.1940458769015905
dual_30s_global,2,inner_validation,inner_train,response_skill,leave_one_view_out__fold01,False,True,leave_one_view_out__fold01__candidate_353,completed,response,f1ddae33af89bc208d97290f0e03c19c4d93c0cd3b4e08a59452657e405013ac,-0.425745556145688
dual_30s_global,2,inner_validation,inner_train,spearman,leave_one_view_out__fold01,False,True,leave_one_view_out__fold01__candidate_353,completed,response,f1ddae33af89bc208d97290f0e03c19c4d93c0cd3b4e08a59452657e405013ac,-0.34965034965034975
dual_30s_global,2,inner_validation,inner_train,auprc,leave_one_view_out__fold01,False,True,leave_one_view_out__fold01__candidate_353,completed,high_response,f1ddae33af89bc208d97290f0e03c19c4d93c0cd3b4e08a59452657e405013ac,0.371031746031746
dual_30s_global,2,inner_validation,inner_train,prevalence,leave_one_view_out__fold01,False,True,leave_one_view_out__fold01__candidate_353,completed,high_response,f1ddae33af89bc208d97290f0e03c19c4d93c0cd3b4e08a59452657e405013ac,0.4166666666666667
dual_30s_global,2,inner_validation,inner_train,random_baseline_auprc,leave_one_view_out__fold01,False,True,leave_one_view_out__fold01__candidate_353,completed,high_response,f1ddae33af89bc208d97290f0e03c19c4d93c0cd3b4e08a59452657e405013ac,0.4166666666666667
dual_30s_global,2,inner_validation,inner_train,normalized_ap,leave_one_view_out__fold01,False,True,leave_one_view_out__fold01__candidate_353,completed,high_response,f1ddae33af89bc208d97290f0e03c19c4d93c0cd3b4e08a59452657e405013ac,-0.07823129251700692
dual_30s_global,2,inner_validation,inner_train,auprc_lift,leave_one_view_out__fold01,False,True,leave_one_view_out__fold01__candidate_353,completed,high_response,f1ddae33af89bc208d97290f0e03c19c4d93c0cd3b4e08a59452657e405013ac,-0.045634920634920695
dual_30s_global,2,inner_validation,inner_train,auroc,leave_one_view_out__fold01,False,True,leave_one_view_out__fold01__candidate_353,completed,high_response,f1ddae33af89bc208d97290f0e03c19c4d93c0cd3b4e08a59452657e405013ac,0.34285714285714286
dual_30s_global,2,inner_validation,inner_train,balanced_accuracy,leave_one_view_out__fold01,False,True,leave_one_view_out__fold01__candidate_353,completed,high_response,f1ddae33af89bc208d97290f0e03c19c4d93c0cd3b4e08a59452657e405013ac,0.3142857142857143
dual_30s_global,2,inner_validation,inner_train,macro_f1,leave_one_view_out__fold02,False,True,leave_one_view_out__fold02__candidate_328,completed,maneuver,76857c61556d36c9eb8d7060ea53eb10f2e65e3f7b2a4854ab4c6016248a0b48,0.5555555555555555
dual_30s_global,2,inner_validation,inner_train,support_aware_macro_f1,leave_one_view_out__fold02,False,True,leave_one_view_out__fold02__candidate_328,completed,maneuver,76857c61556d36c9eb8d7060ea53eb10f2e65e3f7b2a4854ab4c6016248a0b48,0.5555555555555555
dual_30s_global,2,inner_validation,inner_train,majority_macro_f1,leave_one_view_out__fold02,False,True,leave_one_view_out__fold02__candidate_328,completed,maneuver,76857c61556d36c9eb8d7060ea53eb10f2e65e3f7b2a4854ab4c6016248a0b48,0.19607843137254902
dual_30s_global,2,inner_validation,inner_train,macro_f1_lift,leave_one_view_out__fold02,False,True,leave_one_view_out__fold02__candidate_328,completed,maneuver,76857c61556d36c9eb8d7060ea53eb10f2e65e3f7b2a4854ab4c6016248a0b48,0.3594771241830065
dual_30s_global,2,inner_validation,inner_train,recall_low,leave_one_view_out__fold02,False,True,leave_one_view_out__fold02__candidate_328,completed,maneuver,76857c61556d36c9eb8d7060ea53eb10f2e65e3f7b2a4854ab4c6016248a0b48,0.6
dual_30s_global,2,inner_validation,inner_train,recall_medium,leave_one_view_out__fold02,False,True,leave_one_view_out__fold02__candidate_328,completed,maneuver,76857c61556d36c9eb8d7060ea53eb10f2e65e3f7b2a4854ab4c6016248a0b48,0.25
dual_30s_global,2,inner_validation,inner_train,recall_high,leave_one_view_out__fold02,False,True,leave_one_view_out__fold02__candidate_328,completed,maneuver,76857c61556d36c9eb8d7060ea53eb10f2e65e3f7b2a4854ab4c6016248a0b48,1.0
dual_30s_global,2,inner_validation,inner_train,minimum_class_recall,leave_one_view_out__fold02,False,True,leave_one_view_out__fold02__candidate_328,completed,maneuver,76857c61556d36c9eb8d7060ea53eb10f2e65e3f7b2a4854ab4c6016248a0b48,0.25
dual_30s_global,2,inner_validation,inner_train,ordinal_mae,leave_one_view_out__fold02,False,True,leave_one_view_out__fold02__candidate_328,completed,maneuver,76857c61556d36c9eb8d7060ea53eb10f2e65e3f7b2a4854ab4c6016248a0b48,0.5
dual_30s_global,2,inner_validation,inner_train,score_mae,leave_one_view_out__fold02,False,True,leave_one_view_out__fold02__candidate_328,completed,maneuver,76857c61556d36c9eb8d7060ea53eb10f2e65e3f7b2a4854ab4c6016248a0b48,0.8913215102577229
dual_30s_global,2,inner_validation,inner_train,score_spearman,leave_one_view_out__fold02,False,True,leave_one_view_out__fold02__candidate_328,completed,maneuver,76857c61556d36c9eb8d7060ea53eb10f2e65e3f7b2a4854ab4c6016248a0b48,0.4685314685314686
dual_30s_global,2,inner_validation,inner_train,rmse,leave_one_view_out__fold02,False,True,leave_one_view_out__fold02__candidate_328,completed,response,76857c61556d36c9eb8d7060ea53eb10f2e65e3f7b2a4854ab4c6016248a0b48,1.0242088961243438
dual_30s_global,2,inner_validation,inner_train,mae,leave_one_view_out__fold02,False,True,leave_one_view_out__fold02__candidate_328,completed,response,76857c61556d36c9eb8d7060ea53eb10f2e65e3f7b2a4854ab4c6016248a0b48,0.9153046818497198
dual_30s_global,2,inner_validation,inner_train,validation_std,leave_one_view_out__fold02,False,True,leave_one_view_out__fold02__candidate_328,completed,response,76857c61556d36c9eb8d7060ea53eb10f2e65e3f7b2a4854ab4c6016248a0b48,0.6661100828266592
dual_30s_global,2,inner_validation,inner_train,validation_iqr,leave_one_view_out__fold02,False,True,leave_one_view_out__fold02__candidate_328,completed,response,76857c61556d36c9eb8d7060ea53eb10f2e65e3f7b2a4854ab4c6016248a0b48,0.8168154939282022
dual_30s_global,2,inner_validation,inner_train,nrmse_std,leave_one_view_out__fold02,False,True,leave_one_view_out__fold02__candidate_328,completed,response,76857c61556d36c9eb8d7060ea53eb10f2e65e3f7b2a4854ab4c6016248a0b48,1.5375970466894617
dual_30s_global,2,inner_validation,inner_train,nrmse_iqr,leave_one_view_out__fold02,False,True,leave_one_view_out__fold02__candidate_328,completed,response,76857c61556d36c9eb8d7060ea53eb10f2e65e3f7b2a4854ab4c6016248a0b48,1.2539048337571954
dual_30s_global,2,inner_validation,inner_train,train_mean_baseline_rmse,leave_one_view_out__fold02,False,True,leave_one_view_out__fold02__candidate_328,completed,response,76857c61556d36c9eb8d7060ea53eb10f2e65e3f7b2a4854ab4c6016248a0b48,0.760282844198373
dual_30s_global,2,inner_validation,inner_train,rmse_ratio,leave_one_view_out__fold02,False,True,leave_one_view_out__fold02__candidate_328,completed,response,76857c61556d36c9eb8d7060ea53eb10f2e65e3f7b2a4854ab4c6016248a0b48,1.3471419274286653
dual_30s_global,2,inner_validation,inner_train,response_skill,leave_one_view_out__fold02,False,True,leave_one_view_out__fold02__candidate_328,completed,response,76857c61556d36c9eb8d7060ea53eb10f2e65e3f7b2a4854ab4c6016248a0b48,-0.8147913726362193
dual_30s_global,2,inner_validation,inner_train,spearman,leave_one_view_out__fold02,False,True,leave_one_view_out__fold02__candidate_328,completed,response,76857c61556d36c9eb8d7060ea53eb10f2e65e3f7b2a4854ab4c6016248a0b48,-0.1958041958041958
dual_30s_global,2,inner_validation,inner_train,auprc,leave_one_view_out__fold02,False,True,leave_one_view_out__fold02__candidate_328,completed,high_response,76857c61556d36c9eb8d7060ea53eb10f2e65e3f7b2a4854ab4c6016248a0b48,0.38
dual_30s_global,2,inner_validation,inner_train,prevalence,leave_one_view_out__fold02,False,True,leave_one_view_out__fold02__candidate_328,completed,high_response,76857c61556d36c9eb8d7060ea53eb10f2e65e3f7b2a4854ab4c6016248a0b48,0.4166666666666667
dual_30s_global,2,inner_validation,inner_train,random_baseline_auprc,leave_one_view_out__fold02,False,True,leave_one_view_out__fold02__candidate_328,completed,high_response,76857c61556d36c9eb8d7060ea53eb10f2e65e3f7b2a4854ab4c6016248a0b48,0.4166666666666667
dual_30s_global,2,inner_validation,inner_train,normalized_ap,leave_one_view_out__fold02,False,True,leave_one_view_out__fold02__candidate_328,completed,high_response,76857c61556d36c9eb8d7060ea53eb10f2e65e3f7b2a4854ab4c6016248a0b48,-0.06285714285714289
dual_30s_global,2,inner_validation,inner_train,auprc_lift,leave_one_view_out__fold02,False,True,leave_one_view_out__fold02__candidate_328,completed,high_response,76857c61556d36c9eb8d7060ea53eb10f2e65e3f7b2a4854ab4c6016248a0b48,-0.03666666666666668
dual_30s_global,2,inner_validation,inner_train,auroc,leave_one_view_out__fold02,False,True,leave_one_view_out__fold02__candidate_328,completed,high_response,76857c61556d36c9eb8d7060ea53eb10f2e65e3f7b2a4854ab4c6016248a0b48,0.2571428571428572
dual_30s_global,2,inner_validation,inner_train,balanced_accuracy,leave_one_view_out__fold02,False,True,leave_one_view_out__fold02__candidate_328,completed,high_response,76857c61556d36c9eb8d7060ea53eb10f2e65e3f7b2a4854ab4c6016248a0b48,0.3142857142857143
dual_30s_global,2,inner_validation,inner_train,macro_f1,leave_one_view_out__fold02,False,True,leave_one_view_out__fold02__candidate_329,completed,maneuver,09bd96f3f28027930e21282cb6cb1e34c79cb76197a270c426bd70e119d43e13,0.6626984126984127
dual_30s_global,2,inner_validation,inner_train,support_aware_macro_f1,leave_one_view_out__fold02,False,True,leave_one_view_out__fold02__candidate_329,completed,maneuver,09bd96f3f28027930e21282cb6cb1e34c79cb76197a270c426bd70e119d43e13,0.6626984126984127
dual_30s_global,2,inner_validation,inner_train,majority_macro_f1,leave_one_view_out__fold02,False,True,leave_one_view_out__fold02__candidate_329,completed,maneuver,09bd96f3f28027930e21282cb6cb1e34c79cb76197a270c426bd70e119d43e13,0.13333333333333333
dual_30s_global,2,inner_validation,inner_train,macro_f1_lift,leave_one_view_out__fold02,False,True,leave_one_view_out__fold02__candidate_329,completed,maneuver,09bd96f3f28027930e21282cb6cb1e34c79cb76197a270c426bd70e119d43e13,0.5293650793650794
dual_30s_global,2,inner_validation,inner_train,recall_low,leave_one_view_out__fold02,False,True,leave_one_view_out__fold02__candidate_329,completed,maneuver,09bd96f3f28027930e21282cb6cb1e34c79cb76197a270c426bd70e119d43e13,1.0
dual_30s_global,2,inner_validation,inner_train,recall_medium,leave_one_view_out__fold02,False,True,leave_one_view_out__fold02__candidate_329,completed,maneuver,09bd96f3f28027930e21282cb6cb1e34c79cb76197a270c426bd70e119d43e13,0.5
dual_30s_global,2,inner_validation,inner_train,recall_high,leave_one_view_out__fold02,False,True,leave_one_view_out__fold02__candidate_329,completed,maneuver,09bd96f3f28027930e21282cb6cb1e34c79cb76197a270c426bd70e119d43e13,0.6
dual_30s_global,2,inner_validation,inner_train,minimum_class_recall,leave_one_view_out__fold02,False,True,leave_one_view_out__fold02__candidate_329,completed,maneuver,09bd96f3f28027930e21282cb6cb1e34c79cb76197a270c426bd70e119d43e13,0.5
dual_30s_global,2,inner_validation,inner_train,ordinal_mae,leave_one_view_out__fold02,False,True,leave_one_view_out__fold02__candidate_329,completed,maneuver,09bd96f3f28027930e21282cb6cb1e34c79cb76197a270c426bd70e119d43e13,0.4166666666666667
dual_30s_global,2,inner_validation,inner_train,score_mae,leave_one_view_out__fold02,False,True,leave_one_view_out__fold02__candidate_329,completed,maneuver,09bd96f3f28027930e21282cb6cb1e34c79cb76197a270c426bd70e119d43e13,1.0891520545718925
dual_30s_global,2,inner_validation,inner_train,score_spearman,leave_one_view_out__fold02,False,True,leave_one_view_out__fold02__candidate_329,completed,maneuver,09bd96f3f28027930e21282cb6cb1e34c79cb76197a270c426bd70e119d43e13,0.6153846153846154
dual_30s_global,2,inner_validation,inner_train,rmse,leave_one_view_out__fold02,False,True,leave_one_view_out__fold02__candidate_329,completed,response,09bd96f3f28027930e21282cb6cb1e34c79cb76197a270c426bd70e119d43e13,0.9832130906618257
dual_30s_global,2,inner_validation,inner_train,mae,leave_one_view_out__fold02,False,True,leave_one_view_out__fold02__candidate_329,completed,response,09bd96f3f28027930e21282cb6cb1e34c79cb76197a270c426bd70e119d43e13,0.8274383003317501
dual_30s_global,2,inner_validation,inner_train,validation_std,leave_one_view_out__fold02,False,True,leave_one_view_out__fold02__candidate_329,completed,response,09bd96f3f28027930e21282cb6cb1e34c79cb76197a270c426bd70e119d43e13,0.7444107826338696
dual_30s_global,2,inner_validation,inner_train,validation_iqr,leave_one_view_out__fold02,False,True,leave_one_view_out__fold02__candidate_329,completed,response,09bd96f3f28027930e21282cb6cb1e34c79cb76197a270c426bd70e119d43e13,1.126261329695373
dual_30s_global,2,inner_validation,inner_train,nrmse_std,leave_one_view_out__fold02,False,True,leave_one_view_out__fold02__candidate_329,completed,response,09bd96f3f28027930e21282cb6cb1e34c79cb76197a270c426bd70e119d43e13,1.3207937251835973
dual_30s_global,2,inner_validation,inner_train,nrmse_iqr,leave_one_view_out__fold02,False,True,leave_one_view_out__fold02__candidate_329,completed,response,09bd96f3f28027930e21282cb6cb1e34c79cb76197a270c426bd70e119d43e13,0.8729884128470979
dual_30s_global,2,inner_validation,inner_train,train_mean_baseline_rmse,leave_one_view_out__fold02,False,True,leave_one_view_out__fold02__candidate_329,completed,response,09bd96f3f28027930e21282cb6cb1e34c79cb76197a270c426bd70e119d43e13,0.7887754436917268
dual_30s_global,2,inner_validation,inner_train,rmse_ratio,leave_one_view_out__fold02,False,True,leave_one_view_out__fold02__candidate_329,completed,response,09bd96f3f28027930e21282cb6cb1e34c79cb76197a270c426bd70e119d43e13,1.2465057051726498
dual_30s_global,2,inner_validation,inner_train,response_skill,leave_one_view_out__fold02,False,True,leave_one_view_out__fold02__candidate_329,completed,response,09bd96f3f28027930e21282cb6cb1e34c79cb76197a270c426bd70e119d43e13,-0.5537764730279651
dual_30s_global,2,inner_validation,inner_train,spearman,leave_one_view_out__fold02,False,True,leave_one_view_out__fold02__candidate_329,completed,response,09bd96f3f28027930e21282cb6cb1e34c79cb76197a270c426bd70e119d43e13,-0.16783216783216784
dual_30s_global,2,inner_validation,inner_train,auprc,leave_one_view_out__fold02,False,True,leave_one_view_out__fold02__candidate_329,completed,high_response,09bd96f3f28027930e21282cb6cb1e34c79cb76197a270c426bd70e119d43e13,0.4688888888888889
dual_30s_global,2,inner_validation,inner_train,prevalence,leave_one_view_out__fold02,False,True,leave_one_view_out__fold02__candidate_329,completed,high_response,09bd96f3f28027930e21282cb6cb1e34c79cb76197a270c426bd70e119d43e13,0.4166666666666667
dual_30s_global,2,inner_validation,inner_train,random_baseline_auprc,leave_one_view_out__fold02,False,True,leave_one_view_out__fold02__candidate_329,completed,high_response,09bd96f3f28027930e21282cb6cb1e34c79cb76197a270c426bd70e119d43e13,0.4166666666666667
dual_30s_global,2,inner_validation,inner_train,normalized_ap,leave_one_view_out__fold02,False,True,leave_one_view_out__fold02__candidate_329,completed,high_response,09bd96f3f28027930e21282cb6cb1e34c79cb76197a270c426bd70e119d43e13,0.08952380952380955
dual_30s_global,2,inner_validation,inner_train,auprc_lift,leave_one_view_out__fold02,False,True,leave_one_view_out__fold02__candidate_329,completed,high_response,09bd96f3f28027930e21282cb6cb1e34c79cb76197a270c426bd70e119d43e13,0.052222222222222225
dual_30s_global,2,inner_validation,inner_train,auroc,leave_one_view_out__fold02,False,True,leave_one_view_out__fold02__candidate_329,completed,high_response,09bd96f3f28027930e21282cb6cb1e34c79cb76197a270c426bd70e119d43e13,0.5142857142857142
dual_30s_global,2,inner_validation,inner_train,balanced_accuracy,leave_one_view_out__fold02,False,True,leave_one_view_out__fold02__candidate_329,completed,high_response,09bd96f3f28027930e21282cb6cb1e34c79cb76197a270c426bd70e119d43e13,0.5857142857142856
dual_30s_global,2,inner_validation,inner_train,macro_f1,leave_one_view_out__fold01,False,True,leave_one_view_out__fold01__candidate_340,completed,maneuver,c8bb55db2e84fca264b1421bfe060cb36e07fbf025a5f825bde808b31ad5f850,1.0
dual_30s_global,2,inner_validation,inner_train,support_aware_macro_f1,leave_one_view_out__fold01,False,True,leave_one_view_out__fold01__candidate_340,completed,maneuver,c8bb55db2e84fca264b1421bfe060cb36e07fbf025a5f825bde808b31ad5f850,1.0
dual_30s_global,2,inner_validation,inner_train,majority_macro_f1,leave_one_view_out__fold01,False,True,leave_one_view_out__fold01__candidate_340,completed,maneuver,c8bb55db2e84fca264b1421bfe060cb36e07fbf025a5f825bde808b31ad5f850,0.13333333333333333
dual_30s_global,2,inner_validation,inner_train,macro_f1_lift,leave_one_view_out__fold01,False,True,leave_one_view_out__fold01__candidate_340,completed,maneuver,c8bb55db2e84fca264b1421bfe060cb36e07fbf025a5f825bde808b31ad5f850,0.8666666666666667
dual_30s_global,2,inner_validation,inner_train,recall_low,leave_one_view_out__fold01,False,True,leave_one_view_out__fold01__candidate_340,completed,maneuver,c8bb55db2e84fca264b1421bfe060cb36e07fbf025a5f825bde808b31ad5f850,1.0
dual_30s_global,2,inner_validation,inner_train,recall_medium,leave_one_view_out__fold01,False,True,leave_one_view_out__fold01__candidate_340,completed,maneuver,c8bb55db2e84fca264b1421bfe060cb36e07fbf025a5f825bde808b31ad5f850,1.0
dual_30s_global,2,inner_validation,inner_train,recall_high,leave_one_view_out__fold01,False,True,leave_one_view_out__fold01__candidate_340,completed,maneuver,c8bb55db2e84fca264b1421bfe060cb36e07fbf025a5f825bde808b31ad5f850,1.0
dual_30s_global,2,inner_validation,inner_train,minimum_class_recall,leave_one_view_out__fold01,False,True,leave_one_view_out__fold01__candidate_340,completed,maneuver,c8bb55db2e84fca264b1421bfe060cb36e07fbf025a5f825bde808b31ad5f850,1.0
dual_30s_global,2,inner_validation,inner_train,ordinal_mae,leave_one_view_out__fold01,False,True,leave_one_view_out__fold01__candidate_340,completed,maneuver,c8bb55db2e84fca264b1421bfe060cb36e07fbf025a5f825bde808b31ad5f850,0.0
dual_30s_global,2,inner_validation,inner_train,score_mae,leave_one_view_out__fold01,False,True,leave_one_view_out__fold01__candidate_340,completed,maneuver,c8bb55db2e84fca264b1421bfe060cb36e07fbf025a5f825bde808b31ad5f850,0.5609381271634467
dual_30s_global,2,inner_validation,inner_train,score_spearman,leave_one_view_out__fold01,False,True,leave_one_view_out__fold01__candidate_340,completed,maneuver,c8bb55db2e84fca264b1421bfe060cb36e07fbf025a5f825bde808b31ad5f850,0.9090909090909092
dual_30s_global,2,inner_validation,inner_train,rmse,leave_one_view_out__fold01,False,True,leave_one_view_out__fold01__candidate_340,completed,response,c8bb55db2e84fca264b1421bfe060cb36e07fbf025a5f825bde808b31ad5f850,1.135190788794925
dual_30s_global,2,inner_validation,inner_train,mae,leave_one_view_out__fold01,False,True,leave_one_view_out__fold01__candidate_340,completed,response,c8bb55db2e84fca264b1421bfe060cb36e07fbf025a5f825bde808b31ad5f850,0.956348108600155
dual_30s_global,2,inner_validation,inner_train,validation_std,leave_one_view_out__fold01,False,True,leave_one_view_out__fold01__candidate_340,completed,response,c8bb55db2e84fca264b1421bfe060cb36e07fbf025a5f825bde808b31ad5f850,0.7738225567538186
dual_30s_global,2,inner_validation,inner_train,validation_iqr,leave_one_view_out__fold01,False,True,leave_one_view_out__fold01__candidate_340,completed,response,c8bb55db2e84fca264b1421bfe060cb36e07fbf025a5f825bde808b31ad5f850,1.1164541279861386
dual_30s_global,2,inner_validation,inner_train,nrmse_std,leave_one_view_out__fold01,False,True,leave_one_view_out__fold01__candidate_340,completed,response,c8bb55db2e84fca264b1421bfe060cb36e07fbf025a5f825bde808b31ad5f850,1.4669910806904418
dual_30s_global,2,inner_validation,inner_train,nrmse_iqr,leave_one_view_out__fold01,False,True,leave_one_view_out__fold01__candidate_340,completed,response,c8bb55db2e84fca264b1421bfe060cb36e07fbf025a5f825bde808b31ad5f850,1.0167822934584725
dual_30s_global,2,inner_validation,inner_train,train_mean_baseline_rmse,leave_one_view_out__fold01,False,True,leave_one_view_out__fold01__candidate_340,completed,response,c8bb55db2e84fca264b1421bfe060cb36e07fbf025a5f825bde808b31ad5f850,0.9520832805389658
dual_30s_global,2,inner_validation,inner_train,rmse_ratio,leave_one_view_out__fold01,False,True,leave_one_view_out__fold01__candidate_340,completed,response,c8bb55db2e84fca264b1421bfe060cb36e07fbf025a5f825bde808b31ad5f850,1.1923229952660273
dual_30s_global,2,inner_validation,inner_train,response_skill,leave_one_view_out__fold01,False,True,leave_one_view_out__fold01__candidate_340,completed,response,c8bb55db2e84fca264b1421bfe060cb36e07fbf025a5f825bde808b31ad5f850,-0.42163412504015096
dual_30s_global,2,inner_validation,inner_train,spearman,leave_one_view_out__fold01,False,True,leave_one_view_out__fold01__candidate_340,completed,response,c8bb55db2e84fca264b1421bfe060cb36e07fbf025a5f825bde808b31ad5f850,-0.21678321678321683
dual_30s_global,2,inner_validation,inner_train,auprc,leave_one_view_out__fold01,False,True,leave_one_view_out__fold01__candidate_340,completed,high_response,c8bb55db2e84fca264b1421bfe060cb36e07fbf025a5f825bde808b31ad5f850,0.5661564625850339
dual_30s_global,2,inner_validation,inner_train,prevalence,leave_one_view_out__fold01,False,True,leave_one_view_out__fold01__candidate_340,completed,high_response,c8bb55db2e84fca264b1421bfe060cb36e07fbf025a5f825bde808b31ad5f850,0.5833333333333334
dual_30s_global,2,inner_validation,inner_train,random_baseline_auprc,leave_one_view_out__fold01,False,True,leave_one_view_out__fold01__candidate_340,completed,high_response,c8bb55db2e84fca264b1421bfe060cb36e07fbf025a5f825bde808b31ad5f850,0.5833333333333334
dual_30s_global,2,inner_validation,inner_train,normalized_ap,leave_one_view_out__fold01,False,True,leave_one_view_out__fold01__candidate_340,completed,high_response,c8bb55db2e84fca264b1421bfe060cb36e07fbf025a5f825bde808b31ad5f850,-0.04122448979591865
dual_30s_global,2,inner_validation,inner_train,auprc_lift,leave_one_view_out__fold01,False,True,leave_one_view_out__fold01__candidate_340,completed,high_response,c8bb55db2e84fca264b1421bfe060cb36e07fbf025a5f825bde808b31ad5f850,-0.017176870748299433
dual_30s_global,2,inner_validation,inner_train,auroc,leave_one_view_out__fold01,False,True,leave_one_view_out__fold01__candidate_340,completed,high_response,c8bb55db2e84fca264b1421bfe060cb36e07fbf025a5f825bde808b31ad5f850,0.4571428571428572
dual_30s_global,2,inner_validation,inner_train,balanced_accuracy,leave_one_view_out__fold01,False,True,leave_one_view_out__fold01__candidate_340,completed,high_response,c8bb55db2e84fca264b1421bfe060cb36e07fbf025a5f825bde808b31ad5f850,0.4714285714285714
dual_30s_global,2,inner_validation,inner_train,macro_f1,leave_one_view_out__fold01,False,True,leave_one_view_out__fold01__candidate_327,completed,maneuver,ef23ad8b080593cb9c8caaa4a57c59a5dc23c5987cd8d56c0f61e753cf15435c,0.8222222222222223
dual_30s_global,2,inner_validation,inner_train,support_aware_macro_f1,leave_one_view_out__fold01,False,True,leave_one_view_out__fold01__candidate_327,completed,maneuver,ef23ad8b080593cb9c8caaa4a57c59a5dc23c5987cd8d56c0f61e753cf15435c,0.8222222222222223
dual_30s_global,2,inner_validation,inner_train,majority_macro_f1,leave_one_view_out__fold01,False,True,leave_one_view_out__fold01__candidate_327,completed,maneuver,ef23ad8b080593cb9c8caaa4a57c59a5dc23c5987cd8d56c0f61e753cf15435c,0.19607843137254902
dual_30s_global,2,inner_validation,inner_train,macro_f1_lift,leave_one_view_out__fold01,False,True,leave_one_view_out__fold01__candidate_327,completed,maneuver,ef23ad8b080593cb9c8caaa4a57c59a5dc23c5987cd8d56c0f61e753cf15435c,0.6261437908496733
dual_30s_global,2,inner_validation,inner_train,recall_low,leave_one_view_out__fold01,False,True,leave_one_view_out__fold01__candidate_327,completed,maneuver,ef23ad8b080593cb9c8caaa4a57c59a5dc23c5987cd8d56c0f61e753cf15435c,0.8
dual_30s_global,2,inner_validation,inner_train,recall_medium,leave_one_view_out__fold01,False,True,leave_one_view_out__fold01__candidate_327,completed,maneuver,ef23ad8b080593cb9c8caaa4a57c59a5dc23c5987cd8d56c0f61e753cf15435c,0.6666666666666666
dual_30s_global,2,inner_validation,inner_train,recall_high,leave_one_view_out__fold01,False,True,leave_one_view_out__fold01__candidate_327,completed,maneuver,ef23ad8b080593cb9c8caaa4a57c59a5dc23c5987cd8d56c0f61e753cf15435c,1.0
dual_30s_global,2,inner_validation,inner_train,minimum_class_recall,leave_one_view_out__fold01,False,True,leave_one_view_out__fold01__candidate_327,completed,maneuver,ef23ad8b080593cb9c8caaa4a57c59a5dc23c5987cd8d56c0f61e753cf15435c,0.6666666666666666
dual_30s_global,2,inner_validation,inner_train,ordinal_mae,leave_one_view_out__fold01,False,True,leave_one_view_out__fold01__candidate_327,completed,maneuver,ef23ad8b080593cb9c8caaa4a57c59a5dc23c5987cd8d56c0f61e753cf15435c,0.16666666666666666
dual_30s_global,2,inner_validation,inner_train,score_mae,leave_one_view_out__fold01,False,True,leave_one_view_out__fold01__candidate_327,completed,maneuver,ef23ad8b080593cb9c8caaa4a57c59a5dc23c5987cd8d56c0f61e753cf15435c,0.5823835566867986
dual_30s_global,2,inner_validation,inner_train,score_spearman,leave_one_view_out__fold01,False,True,leave_one_view_out__fold01__candidate_327,completed,maneuver,ef23ad8b080593cb9c8caaa4a57c59a5dc23c5987cd8d56c0f61e753cf15435c,0.8461538461538463
dual_30s_global,2,inner_validation,inner_train,rmse,leave_one_view_out__fold01,False,True,leave_one_view_out__fold01__candidate_327,completed,response,ef23ad8b080593cb9c8caaa4a57c59a5dc23c5987cd8d56c0f61e753cf15435c,1.1692309217881953
dual_30s_global,2,inner_validation,inner_train,mae,leave_one_view_out__fold01,False,True,leave_one_view_out__fold01__candidate_327,completed,response,ef23ad8b080593cb9c8caaa4a57c59a5dc23c5987cd8d56c0f61e753cf15435c,0.9849904121779453
dual_30s_global,2,inner_validation,inner_train,validation_std,leave_one_view_out__fold01,False,True,leave_one_view_out__fold01__candidate_327,completed,response,ef23ad8b080593cb9c8caaa4a57c59a5dc23c5987cd8d56c0f61e753cf15435c,0.7424450098311778
dual_30s_global,2,inner_validation,inner_train,validation_iqr,leave_one_view_out__fold01,False,True,leave_one_view_out__fold01__candidate_327,completed,response,ef23ad8b080593cb9c8caaa4a57c59a5dc23c5987cd8d56c0f61e753cf15435c,0.8094986823286678
dual_30s_global,2,inner_validation,inner_train,nrmse_std,leave_one_view_out__fold01,False,True,leave_one_view_out__fold01__candidate_327,completed,response,ef23ad8b080593cb9c8caaa4a57c59a5dc23c5987cd8d56c0f61e753cf15435c,1.5748384140315834
dual_30s_global,2,inner_validation,inner_train,nrmse_iqr,leave_one_view_out__fold01,False,True,leave_one_view_out__fold01__candidate_327,completed,response,ef23ad8b080593cb9c8caaa4a57c59a5dc23c5987cd8d56c0f61e753cf15435c,1.4443889129315113
dual_30s_global,2,inner_validation,inner_train,train_mean_baseline_rmse,leave_one_view_out__fold01,False,True,leave_one_view_out__fold01__candidate_327,completed,response,ef23ad8b080593cb9c8caaa4a57c59a5dc23c5987cd8d56c0f61e753cf15435c,0.9686999988458442
dual_30s_global,2,inner_validation,inner_train,rmse_ratio,leave_one_view_out__fold01,False,True,leave_one_view_out__fold01__candidate_327,completed,response,ef23ad8b080593cb9c8caaa4a57c59a5dc23c5987cd8d56c0f61e753cf15435c,1.2070103470437423
dual_30s_global,2,inner_validation,inner_train,response_skill,leave_one_view_out__fold01,False,True,leave_one_view_out__fold01__candidate_327,completed,response,ef23ad8b080593cb9c8caaa4a57c59a5dc23c5987cd8d56c0f61e753cf15435c,-0.45687397787065565
dual_30s_global,2,inner_validation,inner_train,spearman,leave_one_view_out__fold01,False,True,leave_one_view_out__fold01__candidate_327,completed,response,ef23ad8b080593cb9c8caaa4a57c59a5dc23c5987cd8d56c0f61e753cf15435c,0.18881118881118883
dual_30s_global,2,inner_validation,inner_train,auprc,leave_one_view_out__fold01,False,True,leave_one_view_out__fold01__candidate_327,completed,high_response,ef23ad8b080593cb9c8caaa4a57c59a5dc23c5987cd8d56c0f61e753cf15435c,0.5474702380952381
dual_30s_global,2,inner_validation,inner_train,prevalence,leave_one_view_out__fold01,False,True,leave_one_view_out__fold01__candidate_327,completed,high_response,ef23ad8b080593cb9c8caaa4a57c59a5dc23c5987cd8d56c0f61e753cf15435c,0.6666666666666666
dual_30s_global,2,inner_validation,inner_train,random_baseline_auprc,leave_one_view_out__fold01,False,True,leave_one_view_out__fold01__candidate_327,completed,high_response,ef23ad8b080593cb9c8caaa4a57c59a5dc23c5987cd8d56c0f61e753cf15435c,0.6666666666666666
dual_30s_global,2,inner_validation,inner_train,normalized_ap,leave_one_view_out__fold01,False,True,leave_one_view_out__fold01__candidate_327,completed,high_response,ef23ad8b080593cb9c8caaa4a57c59a5dc23c5987cd8d56c0f61e753cf15435c,-0.35758928571428555
dual_30s_global,2,inner_validation,inner_train,auprc_lift,leave_one_view_out__fold01,False,True,leave_one_view_out__fold01__candidate_327,completed,high_response,ef23ad8b080593cb9c8caaa4a57c59a5dc23c5987cd8d56c0f61e753cf15435c,-0.11919642857142854
dual_30s_global,2,inner_validation,inner_train,auroc,leave_one_view_out__fold01,False,True,leave_one_view_out__fold01__candidate_327,completed,high_response,ef23ad8b080593cb9c8caaa4a57c59a5dc23c5987cd8d56c0f61e753cf15435c,0.21875
dual_30s_global,2,inner_validation,inner_train,balanced_accuracy,leave_one_view_out__fold01,False,True,leave_one_view_out__fold01__candidate_327,completed,high_response,ef23ad8b080593cb9c8caaa4a57c59a5dc23c5987cd8d56c0f61e753cf15435c,0.5
physiology_30s_global,3,inner_validation,inner_train,macro_f1,leave_one_view_out__fold01,False,True,leave_one_view_out__fold01__candidate_339,completed,maneuver,d49030f301fc10972368913bbfc6141aa638775e23f48bc8ad0055d5e48293a1,0.07407407407407407
physiology_30s_global,3,inner_validation,inner_train,support_aware_macro_f1,leave_one_view_out__fold01,False,True,leave_one_view_out__fold01__candidate_339,completed,maneuver,d49030f301fc10972368913bbfc6141aa638775e23f48bc8ad0055d5e48293a1,0.07407407407407407
physiology_30s_global,3,inner_validation,inner_train,majority_macro_f1,leave_one_view_out__fold01,False,True,leave_one_view_out__fold01__candidate_339,completed,maneuver,d49030f301fc10972368913bbfc6141aa638775e23f48bc8ad0055d5e48293a1,0.16666666666666666
physiology_30s_global,3,inner_validation,inner_train,macro_f1_lift,leave_one_view_out__fold01,False,True,leave_one_view_out__fold01__candidate_339,completed,maneuver,d49030f301fc10972368913bbfc6141aa638775e23f48bc8ad0055d5e48293a1,-0.09259259259259259
physiology_30s_global,3,inner_validation,inner_train,recall_low,leave_one_view_out__fold01,False,True,leave_one_view_out__fold01__candidate_339,completed,maneuver,d49030f301fc10972368913bbfc6141aa638775e23f48bc8ad0055d5e48293a1,0.0
physiology_30s_global,3,inner_validation,inner_train,recall_medium,leave_one_view_out__fold01,False,True,leave_one_view_out__fold01__candidate_339,completed,maneuver,d49030f301fc10972368913bbfc6141aa638775e23f48bc8ad0055d5e48293a1,0.25
physiology_30s_global,3,inner_validation,inner_train,recall_high,leave_one_view_out__fold01,False,True,leave_one_view_out__fold01__candidate_339,completed,maneuver,d49030f301fc10972368913bbfc6141aa638775e23f48bc8ad0055d5e48293a1,0.0
physiology_30s_global,3,inner_validation,inner_train,minimum_class_recall,leave_one_view_out__fold01,False,True,leave_one_view_out__fold01__candidate_339,completed,maneuver,d49030f301fc10972368913bbfc6141aa638775e23f48bc8ad0055d5e48293a1,0.0
physiology_30s_global,3,inner_validation,inner_train,ordinal_mae,leave_one_view_out__fold01,False,True,leave_one_view_out__fold01__candidate_339,completed,maneuver,d49030f301fc10972368913bbfc6141aa638775e23f48bc8ad0055d5e48293a1,1.25
physiology_30s_global,3,inner_validation,inner_train,score_mae,leave_one_view_out__fold01,False,True,leave_one_view_out__fold01__candidate_339,completed,maneuver,d49030f301fc10972368913bbfc6141aa638775e23f48bc8ad0055d5e48293a1,1.4102683380736616
physiology_30s_global,3,inner_validation,inner_train,score_spearman,leave_one_view_out__fold01,False,True,leave_one_view_out__fold01__candidate_339,completed,maneuver,d49030f301fc10972368913bbfc6141aa638775e23f48bc8ad0055d5e48293a1,-0.6433566433566434
physiology_30s_global,3,inner_validation,inner_train,rmse,leave_one_view_out__fold01,False,True,leave_one_view_out__fold01__candidate_339,completed,response,d49030f301fc10972368913bbfc6141aa638775e23f48bc8ad0055d5e48293a1,1.812630165190494
physiology_30s_global,3,inner_validation,inner_train,mae,leave_one_view_out__fold01,False,True,leave_one_view_out__fold01__candidate_339,completed,response,d49030f301fc10972368913bbfc6141aa638775e23f48bc8ad0055d5e48293a1,1.4492521101955071
physiology_30s_global,3,inner_validation,inner_train,validation_std,leave_one_view_out__fold01,False,True,leave_one_view_out__fold01__candidate_339,completed,response,d49030f301fc10972368913bbfc6141aa638775e23f48bc8ad0055d5e48293a1,0.9229823964743179
physiology_30s_global,3,inner_validation,inner_train,validation_iqr,leave_one_view_out__fold01,False,True,leave_one_view_out__fold01__candidate_339,completed,response,d49030f301fc10972368913bbfc6141aa638775e23f48bc8ad0055d5e48293a1,1.5375502327333572
physiology_30s_global,3,inner_validation,inner_train,nrmse_std,leave_one_view_out__fold01,False,True,leave_one_view_out__fold01__candidate_339,completed,response,d49030f301fc10972368913bbfc6141aa638775e23f48bc8ad0055d5e48293a1,1.9638837881573081
physiology_30s_global,3,inner_validation,inner_train,nrmse_iqr,leave_one_view_out__fold01,False,True,leave_one_view_out__fold01__candidate_339,completed,response,d49030f301fc10972368913bbfc6141aa638775e23f48bc8ad0055d5e48293a1,1.17890793198224
physiology_30s_global,3,inner_validation,inner_train,train_mean_baseline_rmse,leave_one_view_out__fold01,False,True,leave_one_view_out__fold01__candidate_339,completed,response,d49030f301fc10972368913bbfc6141aa638775e23f48bc8ad0055d5e48293a1,1.2411261006308119
physiology_30s_global,3,inner_validation,inner_train,rmse_ratio,leave_one_view_out__fold01,False,True,leave_one_view_out__fold01__candidate_339,completed,response,d49030f301fc10972368913bbfc6141aa638775e23f48bc8ad0055d5e48293a1,1.4604721988113945
physiology_30s_global,3,inner_validation,inner_train,response_skill,leave_one_view_out__fold01,False,True,leave_one_view_out__fold01__candidate_339,completed,response,d49030f301fc10972368913bbfc6141aa638775e23f48bc8ad0055d5e48293a1,-1.1329790435009897
physiology_30s_global,3,inner_validation,inner_train,spearman,leave_one_view_out__fold01,False,True,leave_one_view_out__fold01__candidate_339,completed,response,d49030f301fc10972368913bbfc6141aa638775e23f48bc8ad0055d5e48293a1,-0.3769654055789674
physiology_30s_global,3,inner_validation,inner_train,auprc,leave_one_view_out__fold01,False,True,leave_one_view_out__fold01__candidate_339,completed,high_response,d49030f301fc10972368913bbfc6141aa638775e23f48bc8ad0055d5e48293a1,0.6808351370851371
physiology_30s_global,3,inner_validation,inner_train,prevalence,leave_one_view_out__fold01,False,True,leave_one_view_out__fold01__candidate_339,completed,high_response,d49030f301fc10972368913bbfc6141aa638775e23f48bc8ad0055d5e48293a1,0.6666666666666666
physiology_30s_global,3,inner_validation,inner_train,random_baseline_auprc,leave_one_view_out__fold01,False,True,leave_one_view_out__fold01__candidate_339,completed,high_response,d49030f301fc10972368913bbfc6141aa638775e23f48bc8ad0055d5e48293a1,0.6666666666666666
physiology_30s_global,3,inner_validation,inner_train,normalized_ap,leave_one_view_out__fold01,False,True,leave_one_view_out__fold01__candidate_339,completed,high_response,d49030f301fc10972368913bbfc6141aa638775e23f48bc8ad0055d5e48293a1,0.0425054112554114
physiology_30s_global,3,inner_validation,inner_train,auprc_lift,leave_one_view_out__fold01,False,True,leave_one_view_out__fold01__candidate_339,completed,high_response,d49030f301fc10972368913bbfc6141aa638775e23f48bc8ad0055d5e48293a1,0.014168470418470469
physiology_30s_global,3,inner_validation,inner_train,auroc,leave_one_view_out__fold01,False,True,leave_one_view_out__fold01__candidate_339,completed,high_response,d49030f301fc10972368913bbfc6141aa638775e23f48bc8ad0055d5e48293a1,0.34375
physiology_30s_global,3,inner_validation,inner_train,balanced_accuracy,leave_one_view_out__fold01,False,True,leave_one_view_out__fold01__candidate_339,completed,high_response,d49030f301fc10972368913bbfc6141aa638775e23f48bc8ad0055d5e48293a1,0.5
physiology_30s_global,3,inner_validation,inner_train,macro_f1,leave_one_view_out__fold01,False,True,leave_one_view_out__fold01__candidate_353,completed,maneuver,f1ddae33af89bc208d97290f0e03c19c4d93c0cd3b4e08a59452657e405013ac,0.41111111111111115
physiology_30s_global,3,inner_validation,inner_train,support_aware_macro_f1,leave_one_view_out__fold01,False,True,leave_one_view_out__fold01__candidate_353,completed,maneuver,f1ddae33af89bc208d97290f0e03c19c4d93c0cd3b4e08a59452657e405013ac,0.41111111111111115
physiology_30s_global,3,inner_validation,inner_train,majority_macro_f1,leave_one_view_out__fold01,False,True,leave_one_view_out__fold01__candidate_353,completed,maneuver,f1ddae33af89bc208d97290f0e03c19c4d93c0cd3b4e08a59452657e405013ac,0.13333333333333333
physiology_30s_global,3,inner_validation,inner_train,macro_f1_lift,leave_one_view_out__fold01,False,True,leave_one_view_out__fold01__candidate_353,completed,maneuver,f1ddae33af89bc208d97290f0e03c19c4d93c0cd3b4e08a59452657e405013ac,0.2777777777777778
physiology_30s_global,3,inner_validation,inner_train,recall_low,leave_one_view_out__fold01,False,True,leave_one_view_out__fold01__candidate_353,completed,maneuver,f1ddae33af89bc208d97290f0e03c19c4d93c0cd3b4e08a59452657e405013ac,0.6666666666666666
physiology_30s_global,3,inner_validation,inner_train,recall_medium,leave_one_view_out__fold01,False,True,leave_one_view_out__fold01__candidate_353,completed,maneuver,f1ddae33af89bc208d97290f0e03c19c4d93c0cd3b4e08a59452657e405013ac,0.5
physiology_30s_global,3,inner_validation,inner_train,recall_high,leave_one_view_out__fold01,False,True,leave_one_view_out__fold01__candidate_353,completed,maneuver,f1ddae33af89bc208d97290f0e03c19c4d93c0cd3b4e08a59452657e405013ac,0.2
physiology_30s_global,3,inner_validation,inner_train,minimum_class_recall,leave_one_view_out__fold01,False,True,leave_one_view_out__fold01__candidate_353,completed,maneuver,f1ddae33af89bc208d97290f0e03c19c4d93c0cd3b4e08a59452657e405013ac,0.2
physiology_30s_global,3,inner_validation,inner_train,ordinal_mae,leave_one_view_out__fold01,False,True,leave_one_view_out__fold01__candidate_353,completed,maneuver,f1ddae33af89bc208d97290f0e03c19c4d93c0cd3b4e08a59452657e405013ac,0.6666666666666666
physiology_30s_global,3,inner_validation,inner_train,score_mae,leave_one_view_out__fold01,False,True,leave_one_view_out__fold01__candidate_353,completed,maneuver,f1ddae33af89bc208d97290f0e03c19c4d93c0cd3b4e08a59452657e405013ac,0.7707672501471293
physiology_30s_global,3,inner_validation,inner_train,score_spearman,leave_one_view_out__fold01,False,True,leave_one_view_out__fold01__candidate_353,completed,maneuver,f1ddae33af89bc208d97290f0e03c19c4d93c0cd3b4e08a59452657e405013ac,0.6573426573426573
physiology_30s_global,3,inner_validation,inner_train,rmse,leave_one_view_out__fold01,False,True,leave_one_view_out__fold01__candidate_353,completed,response,f1ddae33af89bc208d97290f0e03c19c4d93c0cd3b4e08a59452657e405013ac,1.6123873268808382
physiology_30s_global,3,inner_validation,inner_train,mae,leave_one_view_out__fold01,False,True,leave_one_view_out__fold01__candidate_353,completed,response,f1ddae33af89bc208d97290f0e03c19c4d93c0cd3b4e08a59452657e405013ac,1.3243619973401626
physiology_30s_global,3,inner_validation,inner_train,validation_std,leave_one_view_out__fold01,False,True,leave_one_view_out__fold01__candidate_353,completed,response,f1ddae33af89bc208d97290f0e03c19c4d93c0cd3b4e08a59452657e405013ac,0.8091453454981316
physiology_30s_global,3,inner_validation,inner_train,validation_iqr,leave_one_view_out__fold01,False,True,leave_one_view_out__fold01__candidate_353,completed,response,f1ddae33af89bc208d97290f0e03c19c4d93c0cd3b4e08a59452657e405013ac,1.218839946496964
physiology_30s_global,3,inner_validation,inner_train,nrmse_std,leave_one_view_out__fold01,False,True,leave_one_view_out__fold01__candidate_353,completed,response,f1ddae33af89bc208d97290f0e03c19c4d93c0cd3b4e08a59452657e405013ac,1.9927041981415705
physiology_30s_global,3,inner_validation,inner_train,nrmse_iqr,leave_one_view_out__fold01,False,True,leave_one_view_out__fold01__candidate_353,completed,response,f1ddae33af89bc208d97290f0e03c19c4d93c0cd3b4e08a59452657e405013ac,1.3228868413075552
physiology_30s_global,3,inner_validation,inner_train,train_mean_baseline_rmse,leave_one_view_out__fold01,False,True,leave_one_view_out__fold01__candidate_353,completed,response,f1ddae33af89bc208d97290f0e03c19c4d93c0cd3b4e08a59452657e405013ac,0.9551898219217477
physiology_30s_global,3,inner_validation,inner_train,rmse_ratio,leave_one_view_out__fold01,False,True,leave_one_view_out__fold01__candidate_353,completed,response,f1ddae33af89bc208d97290f0e03c19c4d93c0cd3b4e08a59452657e405013ac,1.6880281697693071
physiology_30s_global,3,inner_validation,inner_train,response_skill,leave_one_view_out__fold01,False,True,leave_one_view_out__fold01__candidate_353,completed,response,f1ddae33af89bc208d97290f0e03c19c4d93c0cd3b4e08a59452657e405013ac,-1.849439101934717
physiology_30s_global,3,inner_validation,inner_train,spearman,leave_one_view_out__fold01,False,True,leave_one_view_out__fold01__candidate_353,completed,response,f1ddae33af89bc208d97290f0e03c19c4d93c0cd3b4e08a59452657e405013ac,-0.4060637189347409
physiology_30s_global,3,inner_validation,inner_train,auprc,leave_one_view_out__fold01,False,True,leave_one_view_out__fold01__candidate_353,completed,high_response,f1ddae33af89bc208d97290f0e03c19c4d93c0cd3b4e08a59452657e405013ac,0.4027272727272727
physiology_30s_global,3,inner_validation,inner_train,prevalence,leave_one_view_out__fold01,False,True,leave_one_view_out__fold01__candidate_353,completed,high_response,f1ddae33af89bc208d97290f0e03c19c4d93c0cd3b4e08a59452657e405013ac,0.4166666666666667
physiology_30s_global,3,inner_validation,inner_train,random_baseline_auprc,leave_one_view_out__fold01,False,True,leave_one_view_out__fold01__candidate_353,completed,high_response,f1ddae33af89bc208d97290f0e03c19c4d93c0cd3b4e08a59452657e405013ac,0.4166666666666667
physiology_30s_global,3,inner_validation,inner_train,normalized_ap,leave_one_view_out__fold01,False,True,leave_one_view_out__fold01__candidate_353,completed,high_response,f1ddae33af89bc208d97290f0e03c19c4d93c0cd3b4e08a59452657e405013ac,-0.023896103896103957
physiology_30s_global,3,inner_validation,inner_train,auprc_lift,leave_one_view_out__fold01,False,True,leave_one_view_out__fold01__candidate_353,completed,high_response,f1ddae33af89bc208d97290f0e03c19c4d93c0cd3b4e08a59452657e405013ac,-0.013939393939393974
physiology_30s_global,3,inner_validation,inner_train,auroc,leave_one_view_out__fold01,False,True,leave_one_view_out__fold01__candidate_353,completed,high_response,f1ddae33af89bc208d97290f0e03c19c4d93c0cd3b4e08a59452657e405013ac,0.3714285714285714
physiology_30s_global,3,inner_validation,inner_train,balanced_accuracy,leave_one_view_out__fold01,False,True,leave_one_view_out__fold01__candidate_353,completed,high_response,f1ddae33af89bc208d97290f0e03c19c4d93c0cd3b4e08a59452657e405013ac,0.5
physiology_30s_global,3,inner_validation,inner_train,macro_f1,leave_one_view_out__fold02,False,True,leave_one_view_out__fold02__candidate_328,completed,maneuver,76857c61556d36c9eb8d7060ea53eb10f2e65e3f7b2a4854ab4c6016248a0b48,0.17857142857142858
physiology_30s_global,3,inner_validation,inner_train,support_aware_macro_f1,leave_one_view_out__fold02,False,True,leave_one_view_out__fold02__candidate_328,completed,maneuver,76857c61556d36c9eb8d7060ea53eb10f2e65e3f7b2a4854ab4c6016248a0b48,0.17857142857142858
physiology_30s_global,3,inner_validation,inner_train,majority_macro_f1,leave_one_view_out__fold02,False,True,leave_one_view_out__fold02__candidate_328,completed,maneuver,76857c61556d36c9eb8d7060ea53eb10f2e65e3f7b2a4854ab4c6016248a0b48,0.19607843137254902
physiology_30s_global,3,inner_validation,inner_train,macro_f1_lift,leave_one_view_out__fold02,False,True,leave_one_view_out__fold02__candidate_328,completed,maneuver,76857c61556d36c9eb8d7060ea53eb10f2e65e3f7b2a4854ab4c6016248a0b48,-0.01750700280112044
physiology_30s_global,3,inner_validation,inner_train,recall_low,leave_one_view_out__fold02,False,True,leave_one_view_out__fold02__candidate_328,completed,maneuver,76857c61556d36c9eb8d7060ea53eb10f2e65e3f7b2a4854ab4c6016248a0b48,0.2
physiology_30s_global,3,inner_validation,inner_train,recall_medium,leave_one_view_out__fold02,False,True,leave_one_view_out__fold02__candidate_328,completed,maneuver,76857c61556d36c9eb8d7060ea53eb10f2e65e3f7b2a4854ab4c6016248a0b48,0.25
physiology_30s_global,3,inner_validation,inner_train,recall_high,leave_one_view_out__fold02,False,True,leave_one_view_out__fold02__candidate_328,completed,maneuver,76857c61556d36c9eb8d7060ea53eb10f2e65e3f7b2a4854ab4c6016248a0b48,0.0
physiology_30s_global,3,inner_validation,inner_train,minimum_class_recall,leave_one_view_out__fold02,False,True,leave_one_view_out__fold02__candidate_328,completed,maneuver,76857c61556d36c9eb8d7060ea53eb10f2e65e3f7b2a4854ab4c6016248a0b48,0.0
physiology_30s_global,3,inner_validation,inner_train,ordinal_mae,leave_one_view_out__fold02,False,True,leave_one_view_out__fold02__candidate_328,completed,maneuver,76857c61556d36c9eb8d7060ea53eb10f2e65e3f7b2a4854ab4c6016248a0b48,1.1666666666666667
physiology_30s_global,3,inner_validation,inner_train,score_mae,leave_one_view_out__fold02,False,True,leave_one_view_out__fold02__candidate_328,completed,maneuver,76857c61556d36c9eb8d7060ea53eb10f2e65e3f7b2a4854ab4c6016248a0b48,1.1663526441226606
physiology_30s_global,3,inner_validation,inner_train,score_spearman,leave_one_view_out__fold02,False,True,leave_one_view_out__fold02__candidate_328,completed,maneuver,76857c61556d36c9eb8d7060ea53eb10f2e65e3f7b2a4854ab4c6016248a0b48,-0.2517482517482518
physiology_30s_global,3,inner_validation,inner_train,rmse,leave_one_view_out__fold02,False,True,leave_one_view_out__fold02__candidate_328,completed,response,76857c61556d36c9eb8d7060ea53eb10f2e65e3f7b2a4854ab4c6016248a0b48,1.3994515621000176
physiology_30s_global,3,inner_validation,inner_train,mae,leave_one_view_out__fold02,False,True,leave_one_view_out__fold02__candidate_328,completed,response,76857c61556d36c9eb8d7060ea53eb10f2e65e3f7b2a4854ab4c6016248a0b48,1.1883925655855831
physiology_30s_global,3,inner_validation,inner_train,validation_std,leave_one_view_out__fold02,False,True,leave_one_view_out__fold02__candidate_328,completed,response,76857c61556d36c9eb8d7060ea53eb10f2e65e3f7b2a4854ab4c6016248a0b48,0.6661100828266592
physiology_30s_global,3,inner_validation,inner_train,validation_iqr,leave_one_view_out__fold02,False,True,leave_one_view_out__fold02__candidate_328,completed,response,76857c61556d36c9eb8d7060ea53eb10f2e65e3f7b2a4854ab4c6016248a0b48,0.8168154939282022
physiology_30s_global,3,inner_validation,inner_train,nrmse_std,leave_one_view_out__fold02,False,True,leave_one_view_out__fold02__candidate_328,completed,response,76857c61556d36c9eb8d7060ea53eb10f2e65e3f7b2a4854ab4c6016248a0b48,2.100931359815784
physiology_30s_global,3,inner_validation,inner_train,nrmse_iqr,leave_one_view_out__fold02,False,True,leave_one_view_out__fold02__candidate_328,completed,response,76857c61556d36c9eb8d7060ea53eb10f2e65e3f7b2a4854ab4c6016248a0b48,1.713301929876258
physiology_30s_global,3,inner_validation,inner_train,train_mean_baseline_rmse,leave_one_view_out__fold02,False,True,leave_one_view_out__fold02__candidate_328,completed,response,76857c61556d36c9eb8d7060ea53eb10f2e65e3f7b2a4854ab4c6016248a0b48,0.760282844198373
physiology_30s_global,3,inner_validation,inner_train,rmse_ratio,leave_one_view_out__fold02,False,True,leave_one_view_out__fold02__candidate_328,completed,response,76857c61556d36c9eb8d7060ea53eb10f2e65e3f7b2a4854ab4c6016248a0b48,1.8406985936603257
physiology_30s_global,3,inner_validation,inner_train,response_skill,leave_one_view_out__fold02,False,True,leave_one_view_out__fold02__candidate_328,completed,response,76857c61556d36c9eb8d7060ea53eb10f2e65e3f7b2a4854ab4c6016248a0b48,-2.3881713127031006
physiology_30s_global,3,inner_validation,inner_train,spearman,leave_one_view_out__fold02,False,True,leave_one_view_out__fold02__candidate_328,completed,response,76857c61556d36c9eb8d7060ea53eb10f2e65e3f7b2a4854ab4c6016248a0b48,-0.04350682702872224
physiology_30s_global,3,inner_validation,inner_train,auprc,leave_one_view_out__fold02,False,True,leave_one_view_out__fold02__candidate_328,completed,high_response,76857c61556d36c9eb8d7060ea53eb10f2e65e3f7b2a4854ab4c6016248a0b48,0.6242424242424243
physiology_30s_global,3,inner_validation,inner_train,prevalence,leave_one_view_out__fold02,False,True,leave_one_view_out__fold02__candidate_328,completed,high_response,76857c61556d36c9eb8d7060ea53eb10f2e65e3f7b2a4854ab4c6016248a0b48,0.4166666666666667
physiology_30s_global,3,inner_validation,inner_train,random_baseline_auprc,leave_one_view_out__fold02,False,True,leave_one_view_out__fold02__candidate_328,completed,high_response,76857c61556d36c9eb8d7060ea53eb10f2e65e3f7b2a4854ab4c6016248a0b48,0.4166666666666667
physiology_30s_global,3,inner_validation,inner_train,normalized_ap,leave_one_view_out__fold02,False,True,leave_one_view_out__fold02__candidate_328,completed,high_response,76857c61556d36c9eb8d7060ea53eb10f2e65e3f7b2a4854ab4c6016248a0b48,0.3558441558441559
physiology_30s_global,3,inner_validation,inner_train,auprc_lift,leave_one_view_out__fold02,False,True,leave_one_view_out__fold02__candidate_328,completed,high_response,76857c61556d36c9eb8d7060ea53eb10f2e65e3f7b2a4854ab4c6016248a0b48,0.20757575757575758
physiology_30s_global,3,inner_validation,inner_train,auroc,leave_one_view_out__fold02,False,True,leave_one_view_out__fold02__candidate_328,completed,high_response,76857c61556d36c9eb8d7060ea53eb10f2e65e3f7b2a4854ab4c6016248a0b48,0.5714285714285714
physiology_30s_global,3,inner_validation,inner_train,balanced_accuracy,leave_one_view_out__fold02,False,True,leave_one_view_out__fold02__candidate_328,completed,high_response,76857c61556d36c9eb8d7060ea53eb10f2e65e3f7b2a4854ab4c6016248a0b48,0.5285714285714286
physiology_30s_global,3,inner_validation,inner_train,macro_f1,leave_one_view_out__fold02,False,True,leave_one_view_out__fold02__candidate_329,completed,maneuver,09bd96f3f28027930e21282cb6cb1e34c79cb76197a270c426bd70e119d43e13,0.06060606060606061
physiology_30s_global,3,inner_validation,inner_train,support_aware_macro_f1,leave_one_view_out__fold02,False,True,leave_one_view_out__fold02__candidate_329,completed,maneuver,09bd96f3f28027930e21282cb6cb1e34c79cb76197a270c426bd70e119d43e13,0.06060606060606061
physiology_30s_global,3,inner_validation,inner_train,majority_macro_f1,leave_one_view_out__fold02,False,True,leave_one_view_out__fold02__candidate_329,completed,maneuver,09bd96f3f28027930e21282cb6cb1e34c79cb76197a270c426bd70e119d43e13,0.13333333333333333
physiology_30s_global,3,inner_validation,inner_train,macro_f1_lift,leave_one_view_out__fold02,False,True,leave_one_view_out__fold02__candidate_329,completed,maneuver,09bd96f3f28027930e21282cb6cb1e34c79cb76197a270c426bd70e119d43e13,-0.07272727272727272
physiology_30s_global,3,inner_validation,inner_train,recall_low,leave_one_view_out__fold02,False,True,leave_one_view_out__fold02__candidate_329,completed,maneuver,09bd96f3f28027930e21282cb6cb1e34c79cb76197a270c426bd70e119d43e13,0.0
physiology_30s_global,3,inner_validation,inner_train,recall_medium,leave_one_view_out__fold02,False,True,leave_one_view_out__fold02__candidate_329,completed,maneuver,09bd96f3f28027930e21282cb6cb1e34c79cb76197a270c426bd70e119d43e13,0.0
physiology_30s_global,3,inner_validation,inner_train,recall_high,leave_one_view_out__fold02,False,True,leave_one_view_out__fold02__candidate_329,completed,maneuver,09bd96f3f28027930e21282cb6cb1e34c79cb76197a270c426bd70e119d43e13,0.2
physiology_30s_global,3,inner_validation,inner_train,minimum_class_recall,leave_one_view_out__fold02,False,True,leave_one_view_out__fold02__candidate_329,completed,maneuver,09bd96f3f28027930e21282cb6cb1e34c79cb76197a270c426bd70e119d43e13,0.0
physiology_30s_global,3,inner_validation,inner_train,ordinal_mae,leave_one_view_out__fold02,False,True,leave_one_view_out__fold02__candidate_329,completed,maneuver,09bd96f3f28027930e21282cb6cb1e34c79cb76197a270c426bd70e119d43e13,1.25
physiology_30s_global,3,inner_validation,inner_train,score_mae,leave_one_view_out__fold02,False,True,leave_one_view_out__fold02__candidate_329,completed,maneuver,09bd96f3f28027930e21282cb6cb1e34c79cb76197a270c426bd70e119d43e13,1.3251779536574293
physiology_30s_global,3,inner_validation,inner_train,score_spearman,leave_one_view_out__fold02,False,True,leave_one_view_out__fold02__candidate_329,completed,maneuver,09bd96f3f28027930e21282cb6cb1e34c79cb76197a270c426bd70e119d43e13,-0.2377622377622378
physiology_30s_global,3,inner_validation,inner_train,rmse,leave_one_view_out__fold02,False,True,leave_one_view_out__fold02__candidate_329,completed,response,09bd96f3f28027930e21282cb6cb1e34c79cb76197a270c426bd70e119d43e13,1.1773380872992172
physiology_30s_global,3,inner_validation,inner_train,mae,leave_one_view_out__fold02,False,True,leave_one_view_out__fold02__candidate_329,completed,response,09bd96f3f28027930e21282cb6cb1e34c79cb76197a270c426bd70e119d43e13,0.9476570803979047
physiology_30s_global,3,inner_validation,inner_train,validation_std,leave_one_view_out__fold02,False,True,leave_one_view_out__fold02__candidate_329,completed,response,09bd96f3f28027930e21282cb6cb1e34c79cb76197a270c426bd70e119d43e13,0.7444107826338696
physiology_30s_global,3,inner_validation,inner_train,validation_iqr,leave_one_view_out__fold02,False,True,leave_one_view_out__fold02__candidate_329,completed,response,09bd96f3f28027930e21282cb6cb1e34c79cb76197a270c426bd70e119d43e13,1.126261329695373
physiology_30s_global,3,inner_validation,inner_train,nrmse_std,leave_one_view_out__fold02,False,True,leave_one_view_out__fold02__candidate_329,completed,response,09bd96f3f28027930e21282cb6cb1e34c79cb76197a270c426bd70e119d43e13,1.5815704376736281
physiology_30s_global,3,inner_validation,inner_train,nrmse_iqr,leave_one_view_out__fold02,False,True,leave_one_view_out__fold02__candidate_329,completed,response,09bd96f3f28027930e21282cb6cb1e34c79cb76197a270c426bd70e119d43e13,1.0453507159103645
physiology_30s_global,3,inner_validation,inner_train,train_mean_baseline_rmse,leave_one_view_out__fold02,False,True,leave_one_view_out__fold02__candidate_329,completed,response,09bd96f3f28027930e21282cb6cb1e34c79cb76197a270c426bd70e119d43e13,0.7887754436917268
physiology_30s_global,3,inner_validation,inner_train,rmse_ratio,leave_one_view_out__fold02,False,True,leave_one_view_out__fold02__candidate_329,completed,response,09bd96f3f28027930e21282cb6cb1e34c79cb76197a270c426bd70e119d43e13,1.4926150360220272
physiology_30s_global,3,inner_validation,inner_train,response_skill,leave_one_view_out__fold02,False,True,leave_one_view_out__fold02__candidate_329,completed,response,09bd96f3f28027930e21282cb6cb1e34c79cb76197a270c426bd70e119d43e13,-1.2278996457590372
physiology_30s_global,3,inner_validation,inner_train,spearman,leave_one_view_out__fold02,False,True,leave_one_view_out__fold02__candidate_329,completed,response,09bd96f3f28027930e21282cb6cb1e34c79cb76197a270c426bd70e119d43e13,0.20423041640915962
physiology_30s_global,3,inner_validation,inner_train,auprc,leave_one_view_out__fold02,False,True,leave_one_view_out__fold02__candidate_329,completed,high_response,09bd96f3f28027930e21282cb6cb1e34c79cb76197a270c426bd70e119d43e13,0.650952380952381
physiology_30s_global,3,inner_validation,inner_train,prevalence,leave_one_view_out__fold02,False,True,leave_one_view_out__fold02__candidate_329,completed,high_response,09bd96f3f28027930e21282cb6cb1e34c79cb76197a270c426bd70e119d43e13,0.4166666666666667
physiology_30s_global,3,inner_validation,inner_train,random_baseline_auprc,leave_one_view_out__fold02,False,True,leave_one_view_out__fold02__candidate_329,completed,high_response,09bd96f3f28027930e21282cb6cb1e34c79cb76197a270c426bd70e119d43e13,0.4166666666666667
physiology_30s_global,3,inner_validation,inner_train,normalized_ap,leave_one_view_out__fold02,False,True,leave_one_view_out__fold02__candidate_329,completed,high_response,09bd96f3f28027930e21282cb6cb1e34c79cb76197a270c426bd70e119d43e13,0.4016326530612245
physiology_30s_global,3,inner_validation,inner_train,auprc_lift,leave_one_view_out__fold02,False,True,leave_one_view_out__fold02__candidate_329,completed,high_response,09bd96f3f28027930e21282cb6cb1e34c79cb76197a270c426bd70e119d43e13,0.23428571428571426
physiology_30s_global,3,inner_validation,inner_train,auroc,leave_one_view_out__fold02,False,True,leave_one_view_out__fold02__candidate_329,completed,high_response,09bd96f3f28027930e21282cb6cb1e34c79cb76197a270c426bd70e119d43e13,0.6285714285714286
physiology_30s_global,3,inner_validation,inner_train,balanced_accuracy,leave_one_view_out__fold02,False,True,leave_one_view_out__fold02__candidate_329,completed,high_response,09bd96f3f28027930e21282cb6cb1e34c79cb76197a270c426bd70e119d43e13,0.5571428571428572
physiology_30s_global,3,inner_validation,inner_train,macro_f1,leave_one_view_out__fold01,False,True,leave_one_view_out__fold01__candidate_340,completed,maneuver,c8bb55db2e84fca264b1421bfe060cb36e07fbf025a5f825bde808b31ad5f850,0.05555555555555555
physiology_30s_global,3,inner_validation,inner_train,support_aware_macro_f1,leave_one_view_out__fold01,False,True,leave_one_view_out__fold01__candidate_340,completed,maneuver,c8bb55db2e84fca264b1421bfe060cb36e07fbf025a5f825bde808b31ad5f850,0.05555555555555555
physiology_30s_global,3,inner_validation,inner_train,majority_macro_f1,leave_one_view_out__fold01,False,True,leave_one_view_out__fold01__candidate_340,completed,maneuver,c8bb55db2e84fca264b1421bfe060cb36e07fbf025a5f825bde808b31ad5f850,0.13333333333333333
physiology_30s_global,3,inner_validation,inner_train,macro_f1_lift,leave_one_view_out__fold01,False,True,leave_one_view_out__fold01__candidate_340,completed,maneuver,c8bb55db2e84fca264b1421bfe060cb36e07fbf025a5f825bde808b31ad5f850,-0.07777777777777778
physiology_30s_global,3,inner_validation,inner_train,recall_low,leave_one_view_out__fold01,False,True,leave_one_view_out__fold01__candidate_340,completed,maneuver,c8bb55db2e84fca264b1421bfe060cb36e07fbf025a5f825bde808b31ad5f850,0.0
physiology_30s_global,3,inner_validation,inner_train,recall_medium,leave_one_view_out__fold01,False,True,leave_one_view_out__fold01__candidate_340,completed,maneuver,c8bb55db2e84fca264b1421bfe060cb36e07fbf025a5f825bde808b31ad5f850,0.25
physiology_30s_global,3,inner_validation,inner_train,recall_high,leave_one_view_out__fold01,False,True,leave_one_view_out__fold01__candidate_340,completed,maneuver,c8bb55db2e84fca264b1421bfe060cb36e07fbf025a5f825bde808b31ad5f850,0.0
physiology_30s_global,3,inner_validation,inner_train,minimum_class_recall,leave_one_view_out__fold01,False,True,leave_one_view_out__fold01__candidate_340,completed,maneuver,c8bb55db2e84fca264b1421bfe060cb36e07fbf025a5f825bde808b31ad5f850,0.0
physiology_30s_global,3,inner_validation,inner_train,ordinal_mae,leave_one_view_out__fold01,False,True,leave_one_view_out__fold01__candidate_340,completed,maneuver,c8bb55db2e84fca264b1421bfe060cb36e07fbf025a5f825bde808b31ad5f850,1.0
physiology_30s_global,3,inner_validation,inner_train,score_mae,leave_one_view_out__fold01,False,True,leave_one_view_out__fold01__candidate_340,completed,maneuver,c8bb55db2e84fca264b1421bfe060cb36e07fbf025a5f825bde808b31ad5f850,1.2501326054172452
physiology_30s_global,3,inner_validation,inner_train,score_spearman,leave_one_view_out__fold01,False,True,leave_one_view_out__fold01__candidate_340,completed,maneuver,c8bb55db2e84fca264b1421bfe060cb36e07fbf025a5f825bde808b31ad5f850,-0.6013986013986015
physiology_30s_global,3,inner_validation,inner_train,rmse,leave_one_view_out__fold01,False,True,leave_one_view_out__fold01__candidate_340,completed,response,c8bb55db2e84fca264b1421bfe060cb36e07fbf025a5f825bde808b31ad5f850,1.5511470436222445
physiology_30s_global,3,inner_validation,inner_train,mae,leave_one_view_out__fold01,False,True,leave_one_view_out__fold01__candidate_340,completed,response,c8bb55db2e84fca264b1421bfe060cb36e07fbf025a5f825bde808b31ad5f850,1.269588614382287
physiology_30s_global,3,inner_validation,inner_train,validation_std,leave_one_view_out__fold01,False,True,leave_one_view_out__fold01__candidate_340,completed,response,c8bb55db2e84fca264b1421bfe060cb36e07fbf025a5f825bde808b31ad5f850,0.7738225567538186
physiology_30s_global,3,inner_validation,inner_train,validation_iqr,leave_one_view_out__fold01,False,True,leave_one_view_out__fold01__candidate_340,completed,response,c8bb55db2e84fca264b1421bfe060cb36e07fbf025a5f825bde808b31ad5f850,1.1164541279861386
physiology_30s_global,3,inner_validation,inner_train,nrmse_std,leave_one_view_out__fold01,False,True,leave_one_view_out__fold01__candidate_340,completed,response,c8bb55db2e84fca264b1421bfe060cb36e07fbf025a5f825bde808b31ad5f850,2.004525495004046
physiology_30s_global,3,inner_validation,inner_train,nrmse_iqr,leave_one_view_out__fold01,False,True,leave_one_view_out__fold01__candidate_340,completed,response,c8bb55db2e84fca264b1421bfe060cb36e07fbf025a5f825bde808b31ad5f850,1.389351344349638
physiology_30s_global,3,inner_validation,inner_train,train_mean_baseline_rmse,leave_one_view_out__fold01,False,True,leave_one_view_out__fold01__candidate_340,completed,response,c8bb55db2e84fca264b1421bfe060cb36e07fbf025a5f825bde808b31ad5f850,0.9520832805389658
physiology_30s_global,3,inner_validation,inner_train,rmse_ratio,leave_one_view_out__fold01,False,True,leave_one_view_out__fold01__candidate_340,completed,response,c8bb55db2e84fca264b1421bfe060cb36e07fbf025a5f825bde808b31ad5f850,1.629213615372128
physiology_30s_global,3,inner_validation,inner_train,response_skill,leave_one_view_out__fold01,False,True,leave_one_view_out__fold01__candidate_340,completed,response,c8bb55db2e84fca264b1421bfe060cb36e07fbf025a5f825bde808b31ad5f850,-1.6543370045139203
physiology_30s_global,3,inner_validation,inner_train,spearman,leave_one_view_out__fold01,False,True,leave_one_view_out__fold01__candidate_340,completed,response,c8bb55db2e84fca264b1421bfe060cb36e07fbf025a5f825bde808b31ad5f850,-0.2276721756467031
physiology_30s_global,3,inner_validation,inner_train,auprc,leave_one_view_out__fold01,False,True,leave_one_view_out__fold01__candidate_340,completed,high_response,c8bb55db2e84fca264b1421bfe060cb36e07fbf025a5f825bde808b31ad5f850,0.6222531436817151
physiology_30s_global,3,inner_validation,inner_train,prevalence,leave_one_view_out__fold01,False,True,leave_one_view_out__fold01__candidate_340,completed,high_response,c8bb55db2e84fca264b1421bfe060cb36e07fbf025a5f825bde808b31ad5f850,0.5833333333333334
physiology_30s_global,3,inner_validation,inner_train,random_baseline_auprc,leave_one_view_out__fold01,False,True,leave_one_view_out__fold01__candidate_340,completed,high_response,c8bb55db2e84fca264b1421bfe060cb36e07fbf025a5f825bde808b31ad5f850,0.5833333333333334
physiology_30s_global,3,inner_validation,inner_train,normalized_ap,leave_one_view_out__fold01,False,True,leave_one_view_out__fold01__candidate_340,completed,high_response,c8bb55db2e84fca264b1421bfe060cb36e07fbf025a5f825bde808b31ad5f850,0.09340754483611625
physiology_30s_global,3,inner_validation,inner_train,auprc_lift,leave_one_view_out__fold01,False,True,leave_one_view_out__fold01__candidate_340,completed,high_response,c8bb55db2e84fca264b1421bfe060cb36e07fbf025a5f825bde808b31ad5f850,0.03891981034838177
physiology_30s_global,3,inner_validation,inner_train,auroc,leave_one_view_out__fold01,False,True,leave_one_view_out__fold01__candidate_340,completed,high_response,c8bb55db2e84fca264b1421bfe060cb36e07fbf025a5f825bde808b31ad5f850,0.3999999999999999
physiology_30s_global,3,inner_validation,inner_train,balanced_accuracy,leave_one_view_out__fold01,False,True,leave_one_view_out__fold01__candidate_340,completed,high_response,c8bb55db2e84fca264b1421bfe060cb36e07fbf025a5f825bde808b31ad5f850,0.5
physiology_30s_global,3,inner_validation,inner_train,macro_f1,leave_one_view_out__fold01,False,True,leave_one_view_out__fold01__candidate_327,completed,maneuver,ef23ad8b080593cb9c8caaa4a57c59a5dc23c5987cd8d56c0f61e753cf15435c,0.2558922558922559
physiology_30s_global,3,inner_validation,inner_train,support_aware_macro_f1,leave_one_view_out__fold01,False,True,leave_one_view_out__fold01__candidate_327,completed,maneuver,ef23ad8b080593cb9c8caaa4a57c59a5dc23c5987cd8d56c0f61e753cf15435c,0.2558922558922559
physiology_30s_global,3,inner_validation,inner_train,majority_macro_f1,leave_one_view_out__fold01,False,True,leave_one_view_out__fold01__candidate_327,completed,maneuver,ef23ad8b080593cb9c8caaa4a57c59a5dc23c5987cd8d56c0f61e753cf15435c,0.19607843137254902
physiology_30s_global,3,inner_validation,inner_train,macro_f1_lift,leave_one_view_out__fold01,False,True,leave_one_view_out__fold01__candidate_327,completed,maneuver,ef23ad8b080593cb9c8caaa4a57c59a5dc23c5987cd8d56c0f61e753cf15435c,0.059813824519706876
physiology_30s_global,3,inner_validation,inner_train,recall_low,leave_one_view_out__fold01,False,True,leave_one_view_out__fold01__candidate_327,completed,maneuver,ef23ad8b080593cb9c8caaa4a57c59a5dc23c5987cd8d56c0f61e753cf15435c,0.6
physiology_30s_global,3,inner_validation,inner_train,recall_medium,leave_one_view_out__fold01,False,True,leave_one_view_out__fold01__candidate_327,completed,maneuver,ef23ad8b080593cb9c8caaa4a57c59a5dc23c5987cd8d56c0f61e753cf15435c,0.3333333333333333
physiology_30s_global,3,inner_validation,inner_train,recall_high,leave_one_view_out__fold01,False,True,leave_one_view_out__fold01__candidate_327,completed,maneuver,ef23ad8b080593cb9c8caaa4a57c59a5dc23c5987cd8d56c0f61e753cf15435c,0.0
physiology_30s_global,3,inner_validation,inner_train,minimum_class_recall,leave_one_view_out__fold01,False,True,leave_one_view_out__fold01__candidate_327,completed,maneuver,ef23ad8b080593cb9c8caaa4a57c59a5dc23c5987cd8d56c0f61e753cf15435c,0.0
physiology_30s_global,3,inner_validation,inner_train,ordinal_mae,leave_one_view_out__fold01,False,True,leave_one_view_out__fold01__candidate_327,completed,maneuver,ef23ad8b080593cb9c8caaa4a57c59a5dc23c5987cd8d56c0f61e753cf15435c,0.75
physiology_30s_global,3,inner_validation,inner_train,score_mae,leave_one_view_out__fold01,False,True,leave_one_view_out__fold01__candidate_327,completed,maneuver,ef23ad8b080593cb9c8caaa4a57c59a5dc23c5987cd8d56c0f61e753cf15435c,0.9447737402875429
physiology_30s_global,3,inner_validation,inner_train,score_spearman,leave_one_view_out__fold01,False,True,leave_one_view_out__fold01__candidate_327,completed,maneuver,ef23ad8b080593cb9c8caaa4a57c59a5dc23c5987cd8d56c0f61e753cf15435c,0.3356643356643357
physiology_30s_global,3,inner_validation,inner_train,rmse,leave_one_view_out__fold01,False,True,leave_one_view_out__fold01__candidate_327,completed,response,ef23ad8b080593cb9c8caaa4a57c59a5dc23c5987cd8d56c0f61e753cf15435c,1.5904795063301023
physiology_30s_global,3,inner_validation,inner_train,mae,leave_one_view_out__fold01,False,True,leave_one_view_out__fold01__candidate_327,completed,response,ef23ad8b080593cb9c8caaa4a57c59a5dc23c5987cd8d56c0f61e753cf15435c,1.353150635145411
physiology_30s_global,3,inner_validation,inner_train,validation_std,leave_one_view_out__fold01,False,True,leave_one_view_out__fold01__candidate_327,completed,response,ef23ad8b080593cb9c8caaa4a57c59a5dc23c5987cd8d56c0f61e753cf15435c,0.7424450098311778
physiology_30s_global,3,inner_validation,inner_train,validation_iqr,leave_one_view_out__fold01,False,True,leave_one_view_out__fold01__candidate_327,completed,response,ef23ad8b080593cb9c8caaa4a57c59a5dc23c5987cd8d56c0f61e753cf15435c,0.8094986823286678
physiology_30s_global,3,inner_validation,inner_train,nrmse_std,leave_one_view_out__fold01,False,True,leave_one_view_out__fold01__candidate_327,completed,response,ef23ad8b080593cb9c8caaa4a57c59a5dc23c5987cd8d56c0f61e753cf15435c,2.1422185956799096
physiology_30s_global,3,inner_validation,inner_train,nrmse_iqr,leave_one_view_out__fold01,False,True,leave_one_view_out__fold01__candidate_327,completed,response,ef23ad8b080593cb9c8caaa4a57c59a5dc23c5987cd8d56c0f61e753cf15435c,1.9647709638696425
physiology_30s_global,3,inner_validation,inner_train,train_mean_baseline_rmse,leave_one_view_out__fold01,False,True,leave_one_view_out__fold01__candidate_327,completed,response,ef23ad8b080593cb9c8caaa4a57c59a5dc23c5987cd8d56c0f61e753cf15435c,0.9686999988458442
physiology_30s_global,3,inner_validation,inner_train,rmse_ratio,leave_one_view_out__fold01,False,True,leave_one_view_out__fold01__candidate_327,completed,response,ef23ad8b080593cb9c8caaa4a57c59a5dc23c5987cd8d56c0f61e753cf15435c,1.641870040492491
physiology_30s_global,3,inner_validation,inner_train,response_skill,leave_one_view_out__fold01,False,True,leave_one_view_out__fold01__candidate_327,completed,response,ef23ad8b080593cb9c8caaa4a57c59a5dc23c5987cd8d56c0f61e753cf15435c,-1.6957372298668143
physiology_30s_global,3,inner_validation,inner_train,spearman,leave_one_view_out__fold01,False,True,leave_one_view_out__fold01__candidate_327,completed,response,ef23ad8b080593cb9c8caaa4a57c59a5dc23c5987cd8d56c0f61e753cf15435c,-0.33590976734759476
physiology_30s_global,3,inner_validation,inner_train,auprc,leave_one_view_out__fold01,False,True,leave_one_view_out__fold01__candidate_327,completed,high_response,ef23ad8b080593cb9c8caaa4a57c59a5dc23c5987cd8d56c0f61e753cf15435c,0.6813311688311688
physiology_30s_global,3,inner_validation,inner_train,prevalence,leave_one_view_out__fold01,False,True,leave_one_view_out__fold01__candidate_327,completed,high_response,ef23ad8b080593cb9c8caaa4a57c59a5dc23c5987cd8d56c0f61e753cf15435c,0.6666666666666666
physiology_30s_global,3,inner_validation,inner_train,random_baseline_auprc,leave_one_view_out__fold01,False,True,leave_one_view_out__fold01__candidate_327,completed,high_response,ef23ad8b080593cb9c8caaa4a57c59a5dc23c5987cd8d56c0f61e753cf15435c,0.6666666666666666
physiology_30s_global,3,inner_validation,inner_train,normalized_ap,leave_one_view_out__fold01,False,True,leave_one_view_out__fold01__candidate_327,completed,high_response,ef23ad8b080593cb9c8caaa4a57c59a5dc23c5987cd8d56c0f61e753cf15435c,0.04399350649350663
physiology_30s_global,3,inner_validation,inner_train,auprc_lift,leave_one_view_out__fold01,False,True,leave_one_view_out__fold01__candidate_327,completed,high_response,ef23ad8b080593cb9c8caaa4a57c59a5dc23c5987cd8d56c0f61e753cf15435c,0.014664502164502213
physiology_30s_global,3,inner_validation,inner_train,auroc,leave_one_view_out__fold01,False,True,leave_one_view_out__fold01__candidate_327,completed,high_response,ef23ad8b080593cb9c8caaa4a57c59a5dc23c5987cd8d56c0f61e753cf15435c,0.40625
physiology_30s_global,3,inner_validation,inner_train,balanced_accuracy,leave_one_view_out__fold01,False,True,leave_one_view_out__fold01__candidate_327,completed,high_response,ef23ad8b080593cb9c8caaa4a57c59a5dc23c5987cd8d56c0f61e753cf15435c,0.4375
vehicle_30s_no_adaptation,4,inner_validation,inner_train,macro_f1,leave_one_view_out__fold01,False,True,leave_one_view_out__fold01__candidate_339,completed,maneuver,d49030f301fc10972368913bbfc6141aa638775e23f48bc8ad0055d5e48293a1,1.0
vehicle_30s_no_adaptation,4,inner_validation,inner_train,support_aware_macro_f1,leave_one_view_out__fold01,False,True,leave_one_view_out__fold01__candidate_339,completed,maneuver,d49030f301fc10972368913bbfc6141aa638775e23f48bc8ad0055d5e48293a1,1.0
vehicle_30s_no_adaptation,4,inner_validation,inner_train,majority_macro_f1,leave_one_view_out__fold01,False,True,leave_one_view_out__fold01__candidate_339,completed,maneuver,d49030f301fc10972368913bbfc6141aa638775e23f48bc8ad0055d5e48293a1,0.16666666666666666
vehicle_30s_no_adaptation,4,inner_validation,inner_train,macro_f1_lift,leave_one_view_out__fold01,False,True,leave_one_view_out__fold01__candidate_339,completed,maneuver,d49030f301fc10972368913bbfc6141aa638775e23f48bc8ad0055d5e48293a1,0.8333333333333334
vehicle_30s_no_adaptation,4,inner_validation,inner_train,recall_low,leave_one_view_out__fold01,False,True,leave_one_view_out__fold01__candidate_339,completed,maneuver,d49030f301fc10972368913bbfc6141aa638775e23f48bc8ad0055d5e48293a1,1.0
vehicle_30s_no_adaptation,4,inner_validation,inner_train,recall_medium,leave_one_view_out__fold01,False,True,leave_one_view_out__fold01__candidate_339,completed,maneuver,d49030f301fc10972368913bbfc6141aa638775e23f48bc8ad0055d5e48293a1,1.0
vehicle_30s_no_adaptation,4,inner_validation,inner_train,recall_high,leave_one_view_out__fold01,False,True,leave_one_view_out__fold01__candidate_339,completed,maneuver,d49030f301fc10972368913bbfc6141aa638775e23f48bc8ad0055d5e48293a1,1.0
vehicle_30s_no_adaptation,4,inner_validation,inner_train,minimum_class_recall,leave_one_view_out__fold01,False,True,leave_one_view_out__fold01__candidate_339,completed,maneuver,d49030f301fc10972368913bbfc6141aa638775e23f48bc8ad0055d5e48293a1,1.0
vehicle_30s_no_adaptation,4,inner_validation,inner_train,ordinal_mae,leave_one_view_out__fold01,False,True,leave_one_view_out__fold01__candidate_339,completed,maneuver,d49030f301fc10972368913bbfc6141aa638775e23f48bc8ad0055d5e48293a1,0.0
vehicle_30s_no_adaptation,4,inner_validation,inner_train,score_mae,leave_one_view_out__fold01,False,True,leave_one_view_out__fold01__candidate_339,completed,maneuver,d49030f301fc10972368913bbfc6141aa638775e23f48bc8ad0055d5e48293a1,0.41216478716032867
vehicle_30s_no_adaptation,4,inner_validation,inner_train,score_spearman,leave_one_view_out__fold01,False,True,leave_one_view_out__fold01__candidate_339,completed,maneuver,d49030f301fc10972368913bbfc6141aa638775e23f48bc8ad0055d5e48293a1,0.9230769230769231
vehicle_30s_no_adaptation,4,inner_validation,inner_train,rmse,leave_one_view_out__fold01,False,True,leave_one_view_out__fold01__candidate_339,completed,response,d49030f301fc10972368913bbfc6141aa638775e23f48bc8ad0055d5e48293a1,1.1985915700045295
vehicle_30s_no_adaptation,4,inner_validation,inner_train,mae,leave_one_view_out__fold01,False,True,leave_one_view_out__fold01__candidate_339,completed,response,d49030f301fc10972368913bbfc6141aa638775e23f48bc8ad0055d5e48293a1,1.0031300118720252
vehicle_30s_no_adaptation,4,inner_validation,inner_train,validation_std,leave_one_view_out__fold01,False,True,leave_one_view_out__fold01__candidate_339,completed,response,d49030f301fc10972368913bbfc6141aa638775e23f48bc8ad0055d5e48293a1,0.9229823964743179
vehicle_30s_no_adaptation,4,inner_validation,inner_train,validation_iqr,leave_one_view_out__fold01,False,True,leave_one_view_out__fold01__candidate_339,completed,response,d49030f301fc10972368913bbfc6141aa638775e23f48bc8ad0055d5e48293a1,1.5375502327333572
vehicle_30s_no_adaptation,4,inner_validation,inner_train,nrmse_std,leave_one_view_out__fold01,False,True,leave_one_view_out__fold01__candidate_339,completed,response,d49030f301fc10972368913bbfc6141aa638775e23f48bc8ad0055d5e48293a1,1.298607183173813
vehicle_30s_no_adaptation,4,inner_validation,inner_train,nrmse_iqr,leave_one_view_out__fold01,False,True,leave_one_view_out__fold01__candidate_339,completed,response,d49030f301fc10972368913bbfc6141aa638775e23f48bc8ad0055d5e48293a1,0.77954628374889
vehicle_30s_no_adaptation,4,inner_validation,inner_train,train_mean_baseline_rmse,leave_one_view_out__fold01,False,True,leave_one_view_out__fold01__candidate_339,completed,response,d49030f301fc10972368913bbfc6141aa638775e23f48bc8ad0055d5e48293a1,1.2411261006308119
vehicle_30s_no_adaptation,4,inner_validation,inner_train,rmse_ratio,leave_one_view_out__fold01,False,True,leave_one_view_out__fold01__candidate_339,completed,response,d49030f301fc10972368913bbfc6141aa638775e23f48bc8ad0055d5e48293a1,0.9657290821579985
vehicle_30s_no_adaptation,4,inner_validation,inner_train,response_skill,leave_one_view_out__fold01,False,True,leave_one_view_out__fold01__candidate_339,completed,response,d49030f301fc10972368913bbfc6141aa638775e23f48bc8ad0055d5e48293a1,0.06736733987426968
vehicle_30s_no_adaptation,4,inner_validation,inner_train,spearman,leave_one_view_out__fold01,False,True,leave_one_view_out__fold01__candidate_339,completed,response,d49030f301fc10972368913bbfc6141aa638775e23f48bc8ad0055d5e48293a1,0.06293706293706294
vehicle_30s_no_adaptation,4,inner_validation,inner_train,auprc,leave_one_view_out__fold01,False,True,leave_one_view_out__fold01__candidate_339,completed,high_response,d49030f301fc10972368913bbfc6141aa638775e23f48bc8ad0055d5e48293a1,0.6946293290043289
vehicle_30s_no_adaptation,4,inner_validation,inner_train,prevalence,leave_one_view_out__fold01,False,True,leave_one_view_out__fold01__candidate_339,completed,high_response,d49030f301fc10972368913bbfc6141aa638775e23f48bc8ad0055d5e48293a1,0.6666666666666666
vehicle_30s_no_adaptation,4,inner_validation,inner_train,random_baseline_auprc,leave_one_view_out__fold01,False,True,leave_one_view_out__fold01__candidate_339,completed,high_response,d49030f301fc10972368913bbfc6141aa638775e23f48bc8ad0055d5e48293a1,0.6666666666666666
vehicle_30s_no_adaptation,4,inner_validation,inner_train,normalized_ap,leave_one_view_out__fold01,False,True,leave_one_view_out__fold01__candidate_339,completed,high_response,d49030f301fc10972368913bbfc6141aa638775e23f48bc8ad0055d5e48293a1,0.08388798701298693
vehicle_30s_no_adaptation,4,inner_validation,inner_train,auprc_lift,leave_one_view_out__fold01,False,True,leave_one_view_out__fold01__candidate_339,completed,high_response,d49030f301fc10972368913bbfc6141aa638775e23f48bc8ad0055d5e48293a1,0.027962662337662314
vehicle_30s_no_adaptation,4,inner_validation,inner_train,auroc,leave_one_view_out__fold01,False,True,leave_one_view_out__fold01__candidate_339,completed,high_response,d49030f301fc10972368913bbfc6141aa638775e23f48bc8ad0055d5e48293a1,0.4375
vehicle_30s_no_adaptation,4,inner_validation,inner_train,balanced_accuracy,leave_one_view_out__fold01,False,True,leave_one_view_out__fold01__candidate_339,completed,high_response,d49030f301fc10972368913bbfc6141aa638775e23f48bc8ad0055d5e48293a1,0.5
vehicle_30s_no_adaptation,4,inner_validation,inner_train,macro_f1,leave_one_view_out__fold01,False,True,leave_one_view_out__fold01__candidate_353,completed,maneuver,f1ddae33af89bc208d97290f0e03c19c4d93c0cd3b4e08a59452657e405013ac,1.0
vehicle_30s_no_adaptation,4,inner_validation,inner_train,support_aware_macro_f1,leave_one_view_out__fold01,False,True,leave_one_view_out__fold01__candidate_353,completed,maneuver,f1ddae33af89bc208d97290f0e03c19c4d93c0cd3b4e08a59452657e405013ac,1.0
vehicle_30s_no_adaptation,4,inner_validation,inner_train,majority_macro_f1,leave_one_view_out__fold01,False,True,leave_one_view_out__fold01__candidate_353,completed,maneuver,f1ddae33af89bc208d97290f0e03c19c4d93c0cd3b4e08a59452657e405013ac,0.13333333333333333
vehicle_30s_no_adaptation,4,inner_validation,inner_train,macro_f1_lift,leave_one_view_out__fold01,False,True,leave_one_view_out__fold01__candidate_353,completed,maneuver,f1ddae33af89bc208d97290f0e03c19c4d93c0cd3b4e08a59452657e405013ac,0.8666666666666667
vehicle_30s_no_adaptation,4,inner_validation,inner_train,recall_low,leave_one_view_out__fold01,False,True,leave_one_view_out__fold01__candidate_353,completed,maneuver,f1ddae33af89bc208d97290f0e03c19c4d93c0cd3b4e08a59452657e405013ac,1.0
vehicle_30s_no_adaptation,4,inner_validation,inner_train,recall_medium,leave_one_view_out__fold01,False,True,leave_one_view_out__fold01__candidate_353,completed,maneuver,f1ddae33af89bc208d97290f0e03c19c4d93c0cd3b4e08a59452657e405013ac,1.0
vehicle_30s_no_adaptation,4,inner_validation,inner_train,recall_high,leave_one_view_out__fold01,False,True,leave_one_view_out__fold01__candidate_353,completed,maneuver,f1ddae33af89bc208d97290f0e03c19c4d93c0cd3b4e08a59452657e405013ac,1.0
vehicle_30s_no_adaptation,4,inner_validation,inner_train,minimum_class_recall,leave_one_view_out__fold01,False,True,leave_one_view_out__fold01__candidate_353,completed,maneuver,f1ddae33af89bc208d97290f0e03c19c4d93c0cd3b4e08a59452657e405013ac,1.0
vehicle_30s_no_adaptation,4,inner_validation,inner_train,ordinal_mae,leave_one_view_out__fold01,False,True,leave_one_view_out__fold01__candidate_353,completed,maneuver,f1ddae33af89bc208d97290f0e03c19c4d93c0cd3b4e08a59452657e405013ac,0.0
vehicle_30s_no_adaptation,4,inner_validation,inner_train,score_mae,leave_one_view_out__fold01,False,True,leave_one_view_out__fold01__candidate_353,completed,maneuver,f1ddae33af89bc208d97290f0e03c19c4d93c0cd3b4e08a59452657e405013ac,0.4978987111898678
vehicle_30s_no_adaptation,4,inner_validation,inner_train,score_spearman,leave_one_view_out__fold01,False,True,leave_one_view_out__fold01__candidate_353,completed,maneuver,f1ddae33af89bc208d97290f0e03c19c4d93c0cd3b4e08a59452657e405013ac,0.9230769230769231
vehicle_30s_no_adaptation,4,inner_validation,inner_train,rmse,leave_one_view_out__fold01,False,True,leave_one_view_out__fold01__candidate_353,completed,response,f1ddae33af89bc208d97290f0e03c19c4d93c0cd3b4e08a59452657e405013ac,1.1396624720396984
vehicle_30s_no_adaptation,4,inner_validation,inner_train,mae,leave_one_view_out__fold01,False,True,leave_one_view_out__fold01__candidate_353,completed,response,f1ddae33af89bc208d97290f0e03c19c4d93c0cd3b4e08a59452657e405013ac,1.0038051487044422
vehicle_30s_no_adaptation,4,inner_validation,inner_train,validation_std,leave_one_view_out__fold01,False,True,leave_one_view_out__fold01__candidate_353,completed,response,f1ddae33af89bc208d97290f0e03c19c4d93c0cd3b4e08a59452657e405013ac,0.8091453454981316
vehicle_30s_no_adaptation,4,inner_validation,inner_train,validation_iqr,leave_one_view_out__fold01,False,True,leave_one_view_out__fold01__candidate_353,completed,response,f1ddae33af89bc208d97290f0e03c19c4d93c0cd3b4e08a59452657e405013ac,1.218839946496964
vehicle_30s_no_adaptation,4,inner_validation,inner_train,nrmse_std,leave_one_view_out__fold01,False,True,leave_one_view_out__fold01__candidate_353,completed,response,f1ddae33af89bc208d97290f0e03c19c4d93c0cd3b4e08a59452657e405013ac,1.4084768309926958
vehicle_30s_no_adaptation,4,inner_validation,inner_train,nrmse_iqr,leave_one_view_out__fold01,False,True,leave_one_view_out__fold01__candidate_353,completed,response,f1ddae33af89bc208d97290f0e03c19c4d93c0cd3b4e08a59452657e405013ac,0.9350386614051932
vehicle_30s_no_adaptation,4,inner_validation,inner_train,train_mean_baseline_rmse,leave_one_view_out__fold01,False,True,leave_one_view_out__fold01__candidate_353,completed,response,f1ddae33af89bc208d97290f0e03c19c4d93c0cd3b4e08a59452657e405013ac,0.9551898219217477
vehicle_30s_no_adaptation,4,inner_validation,inner_train,rmse_ratio,leave_one_view_out__fold01,False,True,leave_one_view_out__fold01__candidate_353,completed,response,f1ddae33af89bc208d97290f0e03c19c4d93c0cd3b4e08a59452657e405013ac,1.1931266915583438
vehicle_30s_no_adaptation,4,inner_validation,inner_train,response_skill,leave_one_view_out__fold01,False,True,leave_one_view_out__fold01__candidate_353,completed,response,f1ddae33af89bc208d97290f0e03c19c4d93c0cd3b4e08a59452657e405013ac,-0.4235513021089592
vehicle_30s_no_adaptation,4,inner_validation,inner_train,spearman,leave_one_view_out__fold01,False,True,leave_one_view_out__fold01__candidate_353,completed,response,f1ddae33af89bc208d97290f0e03c19c4d93c0cd3b4e08a59452657e405013ac,-0.3846153846153847
vehicle_30s_no_adaptation,4,inner_validation,inner_train,auprc,leave_one_view_out__fold01,False,True,leave_one_view_out__fold01__candidate_353,completed,high_response,f1ddae33af89bc208d97290f0e03c19c4d93c0cd3b4e08a59452657e405013ac,0.3619408369408369
vehicle_30s_no_adaptation,4,inner_validation,inner_train,prevalence,leave_one_view_out__fold01,False,True,leave_one_view_out__fold01__candidate_353,completed,high_response,f1ddae33af89bc208d97290f0e03c19c4d93c0cd3b4e08a59452657e405013ac,0.4166666666666667
vehicle_30s_no_adaptation,4,inner_validation,inner_train,random_baseline_auprc,leave_one_view_out__fold01,False,True,leave_one_view_out__fold01__candidate_353,completed,high_response,f1ddae33af89bc208d97290f0e03c19c4d93c0cd3b4e08a59452657e405013ac,0.4166666666666667
vehicle_30s_no_adaptation,4,inner_validation,inner_train,normalized_ap,leave_one_view_out__fold01,False,True,leave_one_view_out__fold01__candidate_353,completed,high_response,f1ddae33af89bc208d97290f0e03c19c4d93c0cd3b4e08a59452657e405013ac,-0.0938157081014225
vehicle_30s_no_adaptation,4,inner_validation,inner_train,auprc_lift,leave_one_view_out__fold01,False,True,leave_one_view_out__fold01__candidate_353,completed,high_response,f1ddae33af89bc208d97290f0e03c19c4d93c0cd3b4e08a59452657e405013ac,-0.05472582972582979
vehicle_30s_no_adaptation,4,inner_validation,inner_train,auroc,leave_one_view_out__fold01,False,True,leave_one_view_out__fold01__candidate_353,completed,high_response,f1ddae33af89bc208d97290f0e03c19c4d93c0cd3b4e08a59452657e405013ac,0.3142857142857143
vehicle_30s_no_adaptation,4,inner_validation,inner_train,balanced_accuracy,leave_one_view_out__fold01,False,True,leave_one_view_out__fold01__candidate_353,completed,high_response,f1ddae33af89bc208d97290f0e03c19c4d93c0cd3b4e08a59452657e405013ac,0.3857142857142857
vehicle_30s_no_adaptation,4,inner_validation,inner_train,macro_f1,leave_one_view_out__fold02,False,True,leave_one_view_out__fold02__candidate_328,completed,maneuver,76857c61556d36c9eb8d7060ea53eb10f2e65e3f7b2a4854ab4c6016248a0b48,0.5793650793650794
vehicle_30s_no_adaptation,4,inner_validation,inner_train,support_aware_macro_f1,leave_one_view_out__fold02,False,True,leave_one_view_out__fold02__candidate_328,completed,maneuver,76857c61556d36c9eb8d7060ea53eb10f2e65e3f7b2a4854ab4c6016248a0b48,0.5793650793650794
vehicle_30s_no_adaptation,4,inner_validation,inner_train,majority_macro_f1,leave_one_view_out__fold02,False,True,leave_one_view_out__fold02__candidate_328,completed,maneuver,76857c61556d36c9eb8d7060ea53eb10f2e65e3f7b2a4854ab4c6016248a0b48,0.19607843137254902
vehicle_30s_no_adaptation,4,inner_validation,inner_train,macro_f1_lift,leave_one_view_out__fold02,False,True,leave_one_view_out__fold02__candidate_328,completed,maneuver,76857c61556d36c9eb8d7060ea53eb10f2e65e3f7b2a4854ab4c6016248a0b48,0.3832866479925304
vehicle_30s_no_adaptation,4,inner_validation,inner_train,recall_low,leave_one_view_out__fold02,False,True,leave_one_view_out__fold02__candidate_328,completed,maneuver,76857c61556d36c9eb8d7060ea53eb10f2e65e3f7b2a4854ab4c6016248a0b48,0.4
vehicle_30s_no_adaptation,4,inner_validation,inner_train,recall_medium,leave_one_view_out__fold02,False,True,leave_one_view_out__fold02__candidate_328,completed,maneuver,76857c61556d36c9eb8d7060ea53eb10f2e65e3f7b2a4854ab4c6016248a0b48,0.5
vehicle_30s_no_adaptation,4,inner_validation,inner_train,recall_high,leave_one_view_out__fold02,False,True,leave_one_view_out__fold02__candidate_328,completed,maneuver,76857c61556d36c9eb8d7060ea53eb10f2e65e3f7b2a4854ab4c6016248a0b48,1.0
vehicle_30s_no_adaptation,4,inner_validation,inner_train,minimum_class_recall,leave_one_view_out__fold02,False,True,leave_one_view_out__fold02__candidate_328,completed,maneuver,76857c61556d36c9eb8d7060ea53eb10f2e65e3f7b2a4854ab4c6016248a0b48,0.4
vehicle_30s_no_adaptation,4,inner_validation,inner_train,ordinal_mae,leave_one_view_out__fold02,False,True,leave_one_view_out__fold02__candidate_328,completed,maneuver,76857c61556d36c9eb8d7060ea53eb10f2e65e3f7b2a4854ab4c6016248a0b48,0.5
vehicle_30s_no_adaptation,4,inner_validation,inner_train,score_mae,leave_one_view_out__fold02,False,True,leave_one_view_out__fold02__candidate_328,completed,maneuver,76857c61556d36c9eb8d7060ea53eb10f2e65e3f7b2a4854ab4c6016248a0b48,0.8275830188978265
vehicle_30s_no_adaptation,4,inner_validation,inner_train,score_spearman,leave_one_view_out__fold02,False,True,leave_one_view_out__fold02__candidate_328,completed,maneuver,76857c61556d36c9eb8d7060ea53eb10f2e65e3f7b2a4854ab4c6016248a0b48,0.5944055944055945
vehicle_30s_no_adaptation,4,inner_validation,inner_train,rmse,leave_one_view_out__fold02,False,True,leave_one_view_out__fold02__candidate_328,completed,response,76857c61556d36c9eb8d7060ea53eb10f2e65e3f7b2a4854ab4c6016248a0b48,0.9492005258649743
vehicle_30s_no_adaptation,4,inner_validation,inner_train,mae,leave_one_view_out__fold02,False,True,leave_one_view_out__fold02__candidate_328,completed,response,76857c61556d36c9eb8d7060ea53eb10f2e65e3f7b2a4854ab4c6016248a0b48,0.7966629935269981
vehicle_30s_no_adaptation,4,inner_validation,inner_train,validation_std,leave_one_view_out__fold02,False,True,leave_one_view_out__fold02__candidate_328,completed,response,76857c61556d36c9eb8d7060ea53eb10f2e65e3f7b2a4854ab4c6016248a0b48,0.6661100828266592
vehicle_30s_no_adaptation,4,inner_validation,inner_train,validation_iqr,leave_one_view_out__fold02,False,True,leave_one_view_out__fold02__candidate_328,completed,response,76857c61556d36c9eb8d7060ea53eb10f2e65e3f7b2a4854ab4c6016248a0b48,0.8168154939282022
vehicle_30s_no_adaptation,4,inner_validation,inner_train,nrmse_std,leave_one_view_out__fold02,False,True,leave_one_view_out__fold02__candidate_328,completed,response,76857c61556d36c9eb8d7060ea53eb10f2e65e3f7b2a4854ab4c6016248a0b48,1.4249904788064638
vehicle_30s_no_adaptation,4,inner_validation,inner_train,nrmse_iqr,leave_one_view_out__fold02,False,True,leave_one_view_out__fold02__candidate_328,completed,response,76857c61556d36c9eb8d7060ea53eb10f2e65e3f7b2a4854ab4c6016248a0b48,1.1620745846777591
vehicle_30s_no_adaptation,4,inner_validation,inner_train,train_mean_baseline_rmse,leave_one_view_out__fold02,False,True,leave_one_view_out__fold02__candidate_328,completed,response,76857c61556d36c9eb8d7060ea53eb10f2e65e3f7b2a4854ab4c6016248a0b48,0.760282844198373
vehicle_30s_no_adaptation,4,inner_validation,inner_train,rmse_ratio,leave_one_view_out__fold02,False,True,leave_one_view_out__fold02__candidate_328,completed,response,76857c61556d36c9eb8d7060ea53eb10f2e65e3f7b2a4854ab4c6016248a0b48,1.2484834204904258
vehicle_30s_no_adaptation,4,inner_validation,inner_train,response_skill,leave_one_view_out__fold02,False,True,leave_one_view_out__fold02__candidate_328,completed,response,76857c61556d36c9eb8d7060ea53eb10f2e65e3f7b2a4854ab4c6016248a0b48,-0.5587108512394736
vehicle_30s_no_adaptation,4,inner_validation,inner_train,spearman,leave_one_view_out__fold02,False,True,leave_one_view_out__fold02__candidate_328,completed,response,76857c61556d36c9eb8d7060ea53eb10f2e65e3f7b2a4854ab4c6016248a0b48,-0.14685314685314685
vehicle_30s_no_adaptation,4,inner_validation,inner_train,auprc,leave_one_view_out__fold02,False,True,leave_one_view_out__fold02__candidate_328,completed,high_response,76857c61556d36c9eb8d7060ea53eb10f2e65e3f7b2a4854ab4c6016248a0b48,0.3871428571428571
vehicle_30s_no_adaptation,4,inner_validation,inner_train,prevalence,leave_one_view_out__fold02,False,True,leave_one_view_out__fold02__candidate_328,completed,high_response,76857c61556d36c9eb8d7060ea53eb10f2e65e3f7b2a4854ab4c6016248a0b48,0.4166666666666667
vehicle_30s_no_adaptation,4,inner_validation,inner_train,random_baseline_auprc,leave_one_view_out__fold02,False,True,leave_one_view_out__fold02__candidate_328,completed,high_response,76857c61556d36c9eb8d7060ea53eb10f2e65e3f7b2a4854ab4c6016248a0b48,0.4166666666666667
vehicle_30s_no_adaptation,4,inner_validation,inner_train,normalized_ap,leave_one_view_out__fold02,False,True,leave_one_view_out__fold02__candidate_328,completed,high_response,76857c61556d36c9eb8d7060ea53eb10f2e65e3f7b2a4854ab4c6016248a0b48,-0.050612244897959256
vehicle_30s_no_adaptation,4,inner_validation,inner_train,auprc_lift,leave_one_view_out__fold02,False,True,leave_one_view_out__fold02__candidate_328,completed,high_response,76857c61556d36c9eb8d7060ea53eb10f2e65e3f7b2a4854ab4c6016248a0b48,-0.029523809523809563
vehicle_30s_no_adaptation,4,inner_validation,inner_train,auroc,leave_one_view_out__fold02,False,True,leave_one_view_out__fold02__candidate_328,completed,high_response,76857c61556d36c9eb8d7060ea53eb10f2e65e3f7b2a4854ab4c6016248a0b48,0.2857142857142857
vehicle_30s_no_adaptation,4,inner_validation,inner_train,balanced_accuracy,leave_one_view_out__fold02,False,True,leave_one_view_out__fold02__candidate_328,completed,high_response,76857c61556d36c9eb8d7060ea53eb10f2e65e3f7b2a4854ab4c6016248a0b48,0.3142857142857143
vehicle_30s_no_adaptation,4,inner_validation,inner_train,macro_f1,leave_one_view_out__fold02,False,True,leave_one_view_out__fold02__candidate_329,completed,maneuver,09bd96f3f28027930e21282cb6cb1e34c79cb76197a270c426bd70e119d43e13,0.6626984126984127
vehicle_30s_no_adaptation,4,inner_validation,inner_train,support_aware_macro_f1,leave_one_view_out__fold02,False,True,leave_one_view_out__fold02__candidate_329,completed,maneuver,09bd96f3f28027930e21282cb6cb1e34c79cb76197a270c426bd70e119d43e13,0.6626984126984127
vehicle_30s_no_adaptation,4,inner_validation,inner_train,majority_macro_f1,leave_one_view_out__fold02,False,True,leave_one_view_out__fold02__candidate_329,completed,maneuver,09bd96f3f28027930e21282cb6cb1e34c79cb76197a270c426bd70e119d43e13,0.13333333333333333
vehicle_30s_no_adaptation,4,inner_validation,inner_train,macro_f1_lift,leave_one_view_out__fold02,False,True,leave_one_view_out__fold02__candidate_329,completed,maneuver,09bd96f3f28027930e21282cb6cb1e34c79cb76197a270c426bd70e119d43e13,0.5293650793650794
vehicle_30s_no_adaptation,4,inner_validation,inner_train,recall_low,leave_one_view_out__fold02,False,True,leave_one_view_out__fold02__candidate_329,completed,maneuver,09bd96f3f28027930e21282cb6cb1e34c79cb76197a270c426bd70e119d43e13,1.0
vehicle_30s_no_adaptation,4,inner_validation,inner_train,recall_medium,leave_one_view_out__fold02,False,True,leave_one_view_out__fold02__candidate_329,completed,maneuver,09bd96f3f28027930e21282cb6cb1e34c79cb76197a270c426bd70e119d43e13,0.5
vehicle_30s_no_adaptation,4,inner_validation,inner_train,recall_high,leave_one_view_out__fold02,False,True,leave_one_view_out__fold02__candidate_329,completed,maneuver,09bd96f3f28027930e21282cb6cb1e34c79cb76197a270c426bd70e119d43e13,0.6
vehicle_30s_no_adaptation,4,inner_validation,inner_train,minimum_class_recall,leave_one_view_out__fold02,False,True,leave_one_view_out__fold02__candidate_329,completed,maneuver,09bd96f3f28027930e21282cb6cb1e34c79cb76197a270c426bd70e119d43e13,0.5
vehicle_30s_no_adaptation,4,inner_validation,inner_train,ordinal_mae,leave_one_view_out__fold02,False,True,leave_one_view_out__fold02__candidate_329,completed,maneuver,09bd96f3f28027930e21282cb6cb1e34c79cb76197a270c426bd70e119d43e13,0.4166666666666667
vehicle_30s_no_adaptation,4,inner_validation,inner_train,score_mae,leave_one_view_out__fold02,False,True,leave_one_view_out__fold02__candidate_329,completed,maneuver,09bd96f3f28027930e21282cb6cb1e34c79cb76197a270c426bd70e119d43e13,1.074077892960933
vehicle_30s_no_adaptation,4,inner_validation,inner_train,score_spearman,leave_one_view_out__fold02,False,True,leave_one_view_out__fold02__candidate_329,completed,maneuver,09bd96f3f28027930e21282cb6cb1e34c79cb76197a270c426bd70e119d43e13,0.6293706293706295
vehicle_30s_no_adaptation,4,inner_validation,inner_train,rmse,leave_one_view_out__fold02,False,True,leave_one_view_out__fold02__candidate_329,completed,response,09bd96f3f28027930e21282cb6cb1e34c79cb76197a270c426bd70e119d43e13,0.8871004135058798
vehicle_30s_no_adaptation,4,inner_validation,inner_train,mae,leave_one_view_out__fold02,False,True,leave_one_view_out__fold02__candidate_329,completed,response,09bd96f3f28027930e21282cb6cb1e34c79cb76197a270c426bd70e119d43e13,0.6864847039910097
vehicle_30s_no_adaptation,4,inner_validation,inner_train,validation_std,leave_one_view_out__fold02,False,True,leave_one_view_out__fold02__candidate_329,completed,response,09bd96f3f28027930e21282cb6cb1e34c79cb76197a270c426bd70e119d43e13,0.7444107826338696
vehicle_30s_no_adaptation,4,inner_validation,inner_train,validation_iqr,leave_one_view_out__fold02,False,True,leave_one_view_out__fold02__candidate_329,completed,response,09bd96f3f28027930e21282cb6cb1e34c79cb76197a270c426bd70e119d43e13,1.126261329695373
vehicle_30s_no_adaptation,4,inner_validation,inner_train,nrmse_std,leave_one_view_out__fold02,False,True,leave_one_view_out__fold02__candidate_329,completed,response,09bd96f3f28027930e21282cb6cb1e34c79cb76197a270c426bd70e119d43e13,1.1916813058069182
vehicle_30s_no_adaptation,4,inner_validation,inner_train,nrmse_iqr,leave_one_view_out__fold02,False,True,leave_one_view_out__fold02__candidate_329,completed,response,09bd96f3f28027930e21282cb6cb1e34c79cb76197a270c426bd70e119d43e13,0.7876506012559442
vehicle_30s_no_adaptation,4,inner_validation,inner_train,train_mean_baseline_rmse,leave_one_view_out__fold02,False,True,leave_one_view_out__fold02__candidate_329,completed,response,09bd96f3f28027930e21282cb6cb1e34c79cb76197a270c426bd70e119d43e13,0.7887754436917268
vehicle_30s_no_adaptation,4,inner_validation,inner_train,rmse_ratio,leave_one_view_out__fold02,False,True,leave_one_view_out__fold02__candidate_329,completed,response,09bd96f3f28027930e21282cb6cb1e34c79cb76197a270c426bd70e119d43e13,1.124655211569417
vehicle_30s_no_adaptation,4,inner_validation,inner_train,response_skill,leave_one_view_out__fold02,False,True,leave_one_view_out__fold02__candidate_329,completed,response,09bd96f3f28027930e21282cb6cb1e34c79cb76197a270c426bd70e119d43e13,-0.26484934491025003
vehicle_30s_no_adaptation,4,inner_validation,inner_train,spearman,leave_one_view_out__fold02,False,True,leave_one_view_out__fold02__candidate_329,completed,response,09bd96f3f28027930e21282cb6cb1e34c79cb76197a270c426bd70e119d43e13,-0.034965034965034975
vehicle_30s_no_adaptation,4,inner_validation,inner_train,auprc,leave_one_view_out__fold02,False,True,leave_one_view_out__fold02__candidate_329,completed,high_response,09bd96f3f28027930e21282cb6cb1e34c79cb76197a270c426bd70e119d43e13,0.3879365079365079
vehicle_30s_no_adaptation,4,inner_validation,inner_train,prevalence,leave_one_view_out__fold02,False,True,leave_one_view_out__fold02__candidate_329,completed,high_response,09bd96f3f28027930e21282cb6cb1e34c79cb76197a270c426bd70e119d43e13,0.4166666666666667
vehicle_30s_no_adaptation,4,inner_validation,inner_train,random_baseline_auprc,leave_one_view_out__fold02,False,True,leave_one_view_out__fold02__candidate_329,completed,high_response,09bd96f3f28027930e21282cb6cb1e34c79cb76197a270c426bd70e119d43e13,0.4166666666666667
vehicle_30s_no_adaptation,4,inner_validation,inner_train,normalized_ap,leave_one_view_out__fold02,False,True,leave_one_view_out__fold02__candidate_329,completed,high_response,09bd96f3f28027930e21282cb6cb1e34c79cb76197a270c426bd70e119d43e13,-0.04925170068027219
vehicle_30s_no_adaptation,4,inner_validation,inner_train,auprc_lift,leave_one_view_out__fold02,False,True,leave_one_view_out__fold02__candidate_329,completed,high_response,09bd96f3f28027930e21282cb6cb1e34c79cb76197a270c426bd70e119d43e13,-0.028730158730158772
vehicle_30s_no_adaptation,4,inner_validation,inner_train,auroc,leave_one_view_out__fold02,False,True,leave_one_view_out__fold02__candidate_329,completed,high_response,09bd96f3f28027930e21282cb6cb1e34c79cb76197a270c426bd70e119d43e13,0.37142857142857144
vehicle_30s_no_adaptation,4,inner_validation,inner_train,balanced_accuracy,leave_one_view_out__fold02,False,True,leave_one_view_out__fold02__candidate_329,completed,high_response,09bd96f3f28027930e21282cb6cb1e34c79cb76197a270c426bd70e119d43e13,0.41428571428571426
vehicle_30s_no_adaptation,4,inner_validation,inner_train,macro_f1,leave_one_view_out__fold01,False,True,leave_one_view_out__fold01__candidate_340,completed,maneuver,c8bb55db2e84fca264b1421bfe060cb36e07fbf025a5f825bde808b31ad5f850,1.0
vehicle_30s_no_adaptation,4,inner_validation,inner_train,support_aware_macro_f1,leave_one_view_out__fold01,False,True,leave_one_view_out__fold01__candidate_340,completed,maneuver,c8bb55db2e84fca264b1421bfe060cb36e07fbf025a5f825bde808b31ad5f850,1.0
vehicle_30s_no_adaptation,4,inner_validation,inner_train,majority_macro_f1,leave_one_view_out__fold01,False,True,leave_one_view_out__fold01__candidate_340,completed,maneuver,c8bb55db2e84fca264b1421bfe060cb36e07fbf025a5f825bde808b31ad5f850,0.13333333333333333
vehicle_30s_no_adaptation,4,inner_validation,inner_train,macro_f1_lift,leave_one_view_out__fold01,False,True,leave_one_view_out__fold01__candidate_340,completed,maneuver,c8bb55db2e84fca264b1421bfe060cb36e07fbf025a5f825bde808b31ad5f850,0.8666666666666667
vehicle_30s_no_adaptation,4,inner_validation,inner_train,recall_low,leave_one_view_out__fold01,False,True,leave_one_view_out__fold01__candidate_340,completed,maneuver,c8bb55db2e84fca264b1421bfe060cb36e07fbf025a5f825bde808b31ad5f850,1.0
vehicle_30s_no_adaptation,4,inner_validation,inner_train,recall_medium,leave_one_view_out__fold01,False,True,leave_one_view_out__fold01__candidate_340,completed,maneuver,c8bb55db2e84fca264b1421bfe060cb36e07fbf025a5f825bde808b31ad5f850,1.0
vehicle_30s_no_adaptation,4,inner_validation,inner_train,recall_high,leave_one_view_out__fold01,False,True,leave_one_view_out__fold01__candidate_340,completed,maneuver,c8bb55db2e84fca264b1421bfe060cb36e07fbf025a5f825bde808b31ad5f850,1.0
vehicle_30s_no_adaptation,4,inner_validation,inner_train,minimum_class_recall,leave_one_view_out__fold01,False,True,leave_one_view_out__fold01__candidate_340,completed,maneuver,c8bb55db2e84fca264b1421bfe060cb36e07fbf025a5f825bde808b31ad5f850,1.0
vehicle_30s_no_adaptation,4,inner_validation,inner_train,ordinal_mae,leave_one_view_out__fold01,False,True,leave_one_view_out__fold01__candidate_340,completed,maneuver,c8bb55db2e84fca264b1421bfe060cb36e07fbf025a5f825bde808b31ad5f850,0.0
vehicle_30s_no_adaptation,4,inner_validation,inner_train,score_mae,leave_one_view_out__fold01,False,True,leave_one_view_out__fold01__candidate_340,completed,maneuver,c8bb55db2e84fca264b1421bfe060cb36e07fbf025a5f825bde808b31ad5f850,0.5799102822189404
vehicle_30s_no_adaptation,4,inner_validation,inner_train,score_spearman,leave_one_view_out__fold01,False,True,leave_one_view_out__fold01__candidate_340,completed,maneuver,c8bb55db2e84fca264b1421bfe060cb36e07fbf025a5f825bde808b31ad5f850,0.9160839160839163
vehicle_30s_no_adaptation,4,inner_validation,inner_train,rmse,leave_one_view_out__fold01,False,True,leave_one_view_out__fold01__candidate_340,completed,response,c8bb55db2e84fca264b1421bfe060cb36e07fbf025a5f825bde808b31ad5f850,1.1350643050640268
vehicle_30s_no_adaptation,4,inner_validation,inner_train,mae,leave_one_view_out__fold01,False,True,leave_one_view_out__fold01__candidate_340,completed,response,c8bb55db2e84fca264b1421bfe060cb36e07fbf025a5f825bde808b31ad5f850,0.9564614443486685
vehicle_30s_no_adaptation,4,inner_validation,inner_train,validation_std,leave_one_view_out__fold01,False,True,leave_one_view_out__fold01__candidate_340,completed,response,c8bb55db2e84fca264b1421bfe060cb36e07fbf025a5f825bde808b31ad5f850,0.7738225567538186
vehicle_30s_no_adaptation,4,inner_validation,inner_train,validation_iqr,leave_one_view_out__fold01,False,True,leave_one_view_out__fold01__candidate_340,completed,response,c8bb55db2e84fca264b1421bfe060cb36e07fbf025a5f825bde808b31ad5f850,1.1164541279861386
vehicle_30s_no_adaptation,4,inner_validation,inner_train,nrmse_std,leave_one_view_out__fold01,False,True,leave_one_view_out__fold01__candidate_340,completed,response,c8bb55db2e84fca264b1421bfe060cb36e07fbf025a5f825bde808b31ad5f850,1.4668276275450218
vehicle_30s_no_adaptation,4,inner_validation,inner_train,nrmse_iqr,leave_one_view_out__fold01,False,True,leave_one_view_out__fold01__candidate_340,completed,response,c8bb55db2e84fca264b1421bfe060cb36e07fbf025a5f825bde808b31ad5f850,1.016669002882776
vehicle_30s_no_adaptation,4,inner_validation,inner_train,train_mean_baseline_rmse,leave_one_view_out__fold01,False,True,leave_one_view_out__fold01__candidate_340,completed,response,c8bb55db2e84fca264b1421bfe060cb36e07fbf025a5f825bde808b31ad5f850,0.9520832805389658
vehicle_30s_no_adaptation,4,inner_validation,inner_train,rmse_ratio,leave_one_view_out__fold01,False,True,leave_one_view_out__fold01__candidate_340,completed,response,c8bb55db2e84fca264b1421bfe060cb36e07fbf025a5f825bde808b31ad5f850,1.1921901458257695
vehicle_30s_no_adaptation,4,inner_validation,inner_train,response_skill,leave_one_view_out__fold01,False,True,leave_one_view_out__fold01__candidate_340,completed,response,c8bb55db2e84fca264b1421bfe060cb36e07fbf025a5f825bde808b31ad5f850,-0.4213173438040698
vehicle_30s_no_adaptation,4,inner_validation,inner_train,spearman,leave_one_view_out__fold01,False,True,leave_one_view_out__fold01__candidate_340,completed,response,c8bb55db2e84fca264b1421bfe060cb36e07fbf025a5f825bde808b31ad5f850,-0.21678321678321683
vehicle_30s_no_adaptation,4,inner_validation,inner_train,auprc,leave_one_view_out__fold01,False,True,leave_one_view_out__fold01__candidate_340,completed,high_response,c8bb55db2e84fca264b1421bfe060cb36e07fbf025a5f825bde808b31ad5f850,0.5804421768707483
vehicle_30s_no_adaptation,4,inner_validation,inner_train,prevalence,leave_one_view_out__fold01,False,True,leave_one_view_out__fold01__candidate_340,completed,high_response,c8bb55db2e84fca264b1421bfe060cb36e07fbf025a5f825bde808b31ad5f850,0.5833333333333334
vehicle_30s_no_adaptation,4,inner_validation,inner_train,random_baseline_auprc,leave_one_view_out__fold01,False,True,leave_one_view_out__fold01__candidate_340,completed,high_response,c8bb55db2e84fca264b1421bfe060cb36e07fbf025a5f825bde808b31ad5f850,0.5833333333333334
vehicle_30s_no_adaptation,4,inner_validation,inner_train,normalized_ap,leave_one_view_out__fold01,False,True,leave_one_view_out__fold01__candidate_340,completed,high_response,c8bb55db2e84fca264b1421bfe060cb36e07fbf025a5f825bde808b31ad5f850,-0.00693877551020421
vehicle_30s_no_adaptation,4,inner_validation,inner_train,auprc_lift,leave_one_view_out__fold01,False,True,leave_one_view_out__fold01__candidate_340,completed,high_response,c8bb55db2e84fca264b1421bfe060cb36e07fbf025a5f825bde808b31ad5f850,-0.002891156462585087
vehicle_30s_no_adaptation,4,inner_validation,inner_train,auroc,leave_one_view_out__fold01,False,True,leave_one_view_out__fold01__candidate_340,completed,high_response,c8bb55db2e84fca264b1421bfe060cb36e07fbf025a5f825bde808b31ad5f850,0.4857142857142857
vehicle_30s_no_adaptation,4,inner_validation,inner_train,balanced_accuracy,leave_one_view_out__fold01,False,True,leave_one_view_out__fold01__candidate_340,completed,high_response,c8bb55db2e84fca264b1421bfe060cb36e07fbf025a5f825bde808b31ad5f850,0.4714285714285714
vehicle_30s_no_adaptation,4,inner_validation,inner_train,macro_f1,leave_one_view_out__fold01,False,True,leave_one_view_out__fold01__candidate_327,completed,maneuver,ef23ad8b080593cb9c8caaa4a57c59a5dc23c5987cd8d56c0f61e753cf15435c,0.8222222222222223
vehicle_30s_no_adaptation,4,inner_validation,inner_train,support_aware_macro_f1,leave_one_view_out__fold01,False,True,leave_one_view_out__fold01__candidate_327,completed,maneuver,ef23ad8b080593cb9c8caaa4a57c59a5dc23c5987cd8d56c0f61e753cf15435c,0.8222222222222223
vehicle_30s_no_adaptation,4,inner_validation,inner_train,majority_macro_f1,leave_one_view_out__fold01,False,True,leave_one_view_out__fold01__candidate_327,completed,maneuver,ef23ad8b080593cb9c8caaa4a57c59a5dc23c5987cd8d56c0f61e753cf15435c,0.19607843137254902
vehicle_30s_no_adaptation,4,inner_validation,inner_train,macro_f1_lift,leave_one_view_out__fold01,False,True,leave_one_view_out__fold01__candidate_327,completed,maneuver,ef23ad8b080593cb9c8caaa4a57c59a5dc23c5987cd8d56c0f61e753cf15435c,0.6261437908496733
vehicle_30s_no_adaptation,4,inner_validation,inner_train,recall_low,leave_one_view_out__fold01,False,True,leave_one_view_out__fold01__candidate_327,completed,maneuver,ef23ad8b080593cb9c8caaa4a57c59a5dc23c5987cd8d56c0f61e753cf15435c,0.8
vehicle_30s_no_adaptation,4,inner_validation,inner_train,recall_medium,leave_one_view_out__fold01,False,True,leave_one_view_out__fold01__candidate_327,completed,maneuver,ef23ad8b080593cb9c8caaa4a57c59a5dc23c5987cd8d56c0f61e753cf15435c,0.6666666666666666
vehicle_30s_no_adaptation,4,inner_validation,inner_train,recall_high,leave_one_view_out__fold01,False,True,leave_one_view_out__fold01__candidate_327,completed,maneuver,ef23ad8b080593cb9c8caaa4a57c59a5dc23c5987cd8d56c0f61e753cf15435c,1.0
vehicle_30s_no_adaptation,4,inner_validation,inner_train,minimum_class_recall,leave_one_view_out__fold01,False,True,leave_one_view_out__fold01__candidate_327,completed,maneuver,ef23ad8b080593cb9c8caaa4a57c59a5dc23c5987cd8d56c0f61e753cf15435c,0.6666666666666666
vehicle_30s_no_adaptation,4,inner_validation,inner_train,ordinal_mae,leave_one_view_out__fold01,False,True,leave_one_view_out__fold01__candidate_327,completed,maneuver,ef23ad8b080593cb9c8caaa4a57c59a5dc23c5987cd8d56c0f61e753cf15435c,0.16666666666666666
vehicle_30s_no_adaptation,4,inner_validation,inner_train,score_mae,leave_one_view_out__fold01,False,True,leave_one_view_out__fold01__candidate_327,completed,maneuver,ef23ad8b080593cb9c8caaa4a57c59a5dc23c5987cd8d56c0f61e753cf15435c,0.6021632735400683
vehicle_30s_no_adaptation,4,inner_validation,inner_train,score_spearman,leave_one_view_out__fold01,False,True,leave_one_view_out__fold01__candidate_327,completed,maneuver,ef23ad8b080593cb9c8caaa4a57c59a5dc23c5987cd8d56c0f61e753cf15435c,0.8111888111888113
vehicle_30s_no_adaptation,4,inner_validation,inner_train,rmse,leave_one_view_out__fold01,False,True,leave_one_view_out__fold01__candidate_327,completed,response,ef23ad8b080593cb9c8caaa4a57c59a5dc23c5987cd8d56c0f61e753cf15435c,1.1664810033993418
vehicle_30s_no_adaptation,4,inner_validation,inner_train,mae,leave_one_view_out__fold01,False,True,leave_one_view_out__fold01__candidate_327,completed,response,ef23ad8b080593cb9c8caaa4a57c59a5dc23c5987cd8d56c0f61e753cf15435c,0.9809590892814647
vehicle_30s_no_adaptation,4,inner_validation,inner_train,validation_std,leave_one_view_out__fold01,False,True,leave_one_view_out__fold01__candidate_327,completed,response,ef23ad8b080593cb9c8caaa4a57c59a5dc23c5987cd8d56c0f61e753cf15435c,0.7424450098311778
vehicle_30s_no_adaptation,4,inner_validation,inner_train,validation_iqr,leave_one_view_out__fold01,False,True,leave_one_view_out__fold01__candidate_327,completed,response,ef23ad8b080593cb9c8caaa4a57c59a5dc23c5987cd8d56c0f61e753cf15435c,0.8094986823286678
vehicle_30s_no_adaptation,4,inner_validation,inner_train,nrmse_std,leave_one_view_out__fold01,False,True,leave_one_view_out__fold01__candidate_327,completed,response,ef23ad8b080593cb9c8caaa4a57c59a5dc23c5987cd8d56c0f61e753cf15435c,1.5711345459303232
vehicle_30s_no_adaptation,4,inner_validation,inner_train,nrmse_iqr,leave_one_view_out__fold01,False,True,leave_one_view_out__fold01__candidate_327,completed,response,ef23ad8b080593cb9c8caaa4a57c59a5dc23c5987cd8d56c0f61e753cf15435c,1.4409918494786804
vehicle_30s_no_adaptation,4,inner_validation,inner_train,train_mean_baseline_rmse,leave_one_view_out__fold01,False,True,leave_one_view_out__fold01__candidate_327,completed,response,ef23ad8b080593cb9c8caaa4a57c59a5dc23c5987cd8d56c0f61e753cf15435c,0.9686999988458442
vehicle_30s_no_adaptation,4,inner_validation,inner_train,rmse_ratio,leave_one_view_out__fold01,False,True,leave_one_view_out__fold01__candidate_327,completed,response,ef23ad8b080593cb9c8caaa4a57c59a5dc23c5987cd8d56c0f61e753cf15435c,1.2041715750894428
vehicle_30s_no_adaptation,4,inner_validation,inner_train,response_skill,leave_one_view_out__fold01,False,True,leave_one_view_out__fold01__candidate_327,completed,response,ef23ad8b080593cb9c8caaa4a57c59a5dc23c5987cd8d56c0f61e753cf15435c,-0.4500291822533897
vehicle_30s_no_adaptation,4,inner_validation,inner_train,spearman,leave_one_view_out__fold01,False,True,leave_one_view_out__fold01__candidate_327,completed,response,ef23ad8b080593cb9c8caaa4a57c59a5dc23c5987cd8d56c0f61e753cf15435c,0.18881118881118883
vehicle_30s_no_adaptation,4,inner_validation,inner_train,auprc,leave_one_view_out__fold01,False,True,leave_one_view_out__fold01__candidate_327,completed,high_response,ef23ad8b080593cb9c8caaa4a57c59a5dc23c5987cd8d56c0f61e753cf15435c,0.591220238095238
vehicle_30s_no_adaptation,4,inner_validation,inner_train,prevalence,leave_one_view_out__fold01,False,True,leave_one_view_out__fold01__candidate_327,completed,high_response,ef23ad8b080593cb9c8caaa4a57c59a5dc23c5987cd8d56c0f61e753cf15435c,0.6666666666666666
vehicle_30s_no_adaptation,4,inner_validation,inner_train,random_baseline_auprc,leave_one_view_out__fold01,False,True,leave_one_view_out__fold01__candidate_327,completed,high_response,ef23ad8b080593cb9c8caaa4a57c59a5dc23c5987cd8d56c0f61e753cf15435c,0.6666666666666666
vehicle_30s_no_adaptation,4,inner_validation,inner_train,normalized_ap,leave_one_view_out__fold01,False,True,leave_one_view_out__fold01__candidate_327,completed,high_response,ef23ad8b080593cb9c8caaa4a57c59a5dc23c5987cd8d56c0f61e753cf15435c,-0.22633928571428572
vehicle_30s_no_adaptation,4,inner_validation,inner_train,auprc_lift,leave_one_view_out__fold01,False,True,leave_one_view_out__fold01__candidate_327,completed,high_response,ef23ad8b080593cb9c8caaa4a57c59a5dc23c5987cd8d56c0f61e753cf15435c,-0.07544642857142858
vehicle_30s_no_adaptation,4,inner_validation,inner_train,auroc,leave_one_view_out__fold01,False,True,leave_one_view_out__fold01__candidate_327,completed,high_response,ef23ad8b080593cb9c8caaa4a57c59a5dc23c5987cd8d56c0f61e753cf15435c,0.3125
vehicle_30s_no_adaptation,4,inner_validation,inner_train,balanced_accuracy,leave_one_view_out__fold01,False,True,leave_one_view_out__fold01__candidate_327,completed,high_response,ef23ad8b080593cb9c8caaa4a57c59a5dc23c5987cd8d56c0f61e753cf15435c,0.5
vehicle_30s_window,5,inner_validation,inner_train,macro_f1,leave_one_view_out__fold01,False,True,leave_one_view_out__fold01__candidate_339,completed,maneuver,d49030f301fc10972368913bbfc6141aa638775e23f48bc8ad0055d5e48293a1,0.9153439153439153
vehicle_30s_window,5,inner_validation,inner_train,support_aware_macro_f1,leave_one_view_out__fold01,False,True,leave_one_view_out__fold01__candidate_339,completed,maneuver,d49030f301fc10972368913bbfc6141aa638775e23f48bc8ad0055d5e48293a1,0.9153439153439153
vehicle_30s_window,5,inner_validation,inner_train,majority_macro_f1,leave_one_view_out__fold01,False,True,leave_one_view_out__fold01__candidate_339,completed,maneuver,d49030f301fc10972368913bbfc6141aa638775e23f48bc8ad0055d5e48293a1,0.16666666666666666
vehicle_30s_window,5,inner_validation,inner_train,macro_f1_lift,leave_one_view_out__fold01,False,True,leave_one_view_out__fold01__candidate_339,completed,maneuver,d49030f301fc10972368913bbfc6141aa638775e23f48bc8ad0055d5e48293a1,0.7486772486772487
vehicle_30s_window,5,inner_validation,inner_train,recall_low,leave_one_view_out__fold01,False,True,leave_one_view_out__fold01__candidate_339,completed,maneuver,d49030f301fc10972368913bbfc6141aa638775e23f48bc8ad0055d5e48293a1,1.0
vehicle_30s_window,5,inner_validation,inner_train,recall_medium,leave_one_view_out__fold01,False,True,leave_one_view_out__fold01__candidate_339,completed,maneuver,d49030f301fc10972368913bbfc6141aa638775e23f48bc8ad0055d5e48293a1,0.75
vehicle_30s_window,5,inner_validation,inner_train,recall_high,leave_one_view_out__fold01,False,True,leave_one_view_out__fold01__candidate_339,completed,maneuver,d49030f301fc10972368913bbfc6141aa638775e23f48bc8ad0055d5e48293a1,1.0
vehicle_30s_window,5,inner_validation,inner_train,minimum_class_recall,leave_one_view_out__fold01,False,True,leave_one_view_out__fold01__candidate_339,completed,maneuver,d49030f301fc10972368913bbfc6141aa638775e23f48bc8ad0055d5e48293a1,0.75
vehicle_30s_window,5,inner_validation,inner_train,ordinal_mae,leave_one_view_out__fold01,False,True,leave_one_view_out__fold01__candidate_339,completed,maneuver,d49030f301fc10972368913bbfc6141aa638775e23f48bc8ad0055d5e48293a1,0.08333333333333333
vehicle_30s_window,5,inner_validation,inner_train,score_mae,leave_one_view_out__fold01,False,True,leave_one_view_out__fold01__candidate_339,completed,maneuver,d49030f301fc10972368913bbfc6141aa638775e23f48bc8ad0055d5e48293a1,0.5431530098185848
vehicle_30s_window,5,inner_validation,inner_train,score_spearman,leave_one_view_out__fold01,False,True,leave_one_view_out__fold01__candidate_339,completed,maneuver,d49030f301fc10972368913bbfc6141aa638775e23f48bc8ad0055d5e48293a1,0.8601398601398602
vehicle_30s_window,5,inner_validation,inner_train,rmse,leave_one_view_out__fold01,False,True,leave_one_view_out__fold01__candidate_339,completed,response,d49030f301fc10972368913bbfc6141aa638775e23f48bc8ad0055d5e48293a1,1.1926666435909725
vehicle_30s_window,5,inner_validation,inner_train,mae,leave_one_view_out__fold01,False,True,leave_one_view_out__fold01__candidate_339,completed,response,d49030f301fc10972368913bbfc6141aa638775e23f48bc8ad0055d5e48293a1,1.0502443568066477
vehicle_30s_window,5,inner_validation,inner_train,validation_std,leave_one_view_out__fold01,False,True,leave_one_view_out__fold01__candidate_339,completed,response,d49030f301fc10972368913bbfc6141aa638775e23f48bc8ad0055d5e48293a1,0.9229823964743179
vehicle_30s_window,5,inner_validation,inner_train,validation_iqr,leave_one_view_out__fold01,False,True,leave_one_view_out__fold01__candidate_339,completed,response,d49030f301fc10972368913bbfc6141aa638775e23f48bc8ad0055d5e48293a1,1.5375502327333572
vehicle_30s_window,5,inner_validation,inner_train,nrmse_std,leave_one_view_out__fold01,False,True,leave_one_view_out__fold01__candidate_339,completed,response,d49030f301fc10972368913bbfc6141aa638775e23f48bc8ad0055d5e48293a1,1.2921878555287902
vehicle_30s_window,5,inner_validation,inner_train,nrmse_iqr,leave_one_view_out__fold01,False,True,leave_one_view_out__fold01__candidate_339,completed,response,d49030f301fc10972368913bbfc6141aa638775e23f48bc8ad0055d5e48293a1,0.7756927989732908
vehicle_30s_window,5,inner_validation,inner_train,train_mean_baseline_rmse,leave_one_view_out__fold01,False,True,leave_one_view_out__fold01__candidate_339,completed,response,d49030f301fc10972368913bbfc6141aa638775e23f48bc8ad0055d5e48293a1,1.2411261006308119
vehicle_30s_window,5,inner_validation,inner_train,rmse_ratio,leave_one_view_out__fold01,False,True,leave_one_view_out__fold01__candidate_339,completed,response,d49030f301fc10972368913bbfc6141aa638775e23f48bc8ad0055d5e48293a1,0.9609552510295212
vehicle_30s_window,5,inner_validation,inner_train,response_skill,leave_one_view_out__fold01,False,True,leave_one_view_out__fold01__candidate_339,completed,response,d49030f301fc10972368913bbfc6141aa638775e23f48bc8ad0055d5e48293a1,0.07656500551879009
vehicle_30s_window,5,inner_validation,inner_train,spearman,leave_one_view_out__fold01,False,True,leave_one_view_out__fold01__candidate_339,completed,response,d49030f301fc10972368913bbfc6141aa638775e23f48bc8ad0055d5e48293a1,0.04195804195804196
vehicle_30s_window,5,inner_validation,inner_train,auprc,leave_one_view_out__fold01,False,True,leave_one_view_out__fold01__candidate_339,completed,high_response,d49030f301fc10972368913bbfc6141aa638775e23f48bc8ad0055d5e48293a1,0.6321293290043289
vehicle_30s_window,5,inner_validation,inner_train,prevalence,leave_one_view_out__fold01,False,True,leave_one_view_out__fold01__candidate_339,completed,high_response,d49030f301fc10972368913bbfc6141aa638775e23f48bc8ad0055d5e48293a1,0.6666666666666666
vehicle_30s_window,5,inner_validation,inner_train,random_baseline_auprc,leave_one_view_out__fold01,False,True,leave_one_view_out__fold01__candidate_339,completed,high_response,d49030f301fc10972368913bbfc6141aa638775e23f48bc8ad0055d5e48293a1,0.6666666666666666
vehicle_30s_window,5,inner_validation,inner_train,normalized_ap,leave_one_view_out__fold01,False,True,leave_one_view_out__fold01__candidate_339,completed,high_response,d49030f301fc10972368913bbfc6141aa638775e23f48bc8ad0055d5e48293a1,-0.10361201298701304
vehicle_30s_window,5,inner_validation,inner_train,auprc_lift,leave_one_view_out__fold01,False,True,leave_one_view_out__fold01__candidate_339,completed,high_response,d49030f301fc10972368913bbfc6141aa638775e23f48bc8ad0055d5e48293a1,-0.034537337662337686
vehicle_30s_window,5,inner_validation,inner_train,auroc,leave_one_view_out__fold01,False,True,leave_one_view_out__fold01__candidate_339,completed,high_response,d49030f301fc10972368913bbfc6141aa638775e23f48bc8ad0055d5e48293a1,0.40625
vehicle_30s_window,5,inner_validation,inner_train,balanced_accuracy,leave_one_view_out__fold01,False,True,leave_one_view_out__fold01__candidate_339,completed,high_response,d49030f301fc10972368913bbfc6141aa638775e23f48bc8ad0055d5e48293a1,0.375
vehicle_30s_window,5,inner_validation,inner_train,macro_f1,leave_one_view_out__fold01,False,True,leave_one_view_out__fold01__candidate_353,completed,maneuver,f1ddae33af89bc208d97290f0e03c19c4d93c0cd3b4e08a59452657e405013ac,1.0
vehicle_30s_window,5,inner_validation,inner_train,support_aware_macro_f1,leave_one_view_out__fold01,False,True,leave_one_view_out__fold01__candidate_353,completed,maneuver,f1ddae33af89bc208d97290f0e03c19c4d93c0cd3b4e08a59452657e405013ac,1.0
vehicle_30s_window,5,inner_validation,inner_train,majority_macro_f1,leave_one_view_out__fold01,False,True,leave_one_view_out__fold01__candidate_353,completed,maneuver,f1ddae33af89bc208d97290f0e03c19c4d93c0cd3b4e08a59452657e405013ac,0.13333333333333333
vehicle_30s_window,5,inner_validation,inner_train,macro_f1_lift,leave_one_view_out__fold01,False,True,leave_one_view_out__fold01__candidate_353,completed,maneuver,f1ddae33af89bc208d97290f0e03c19c4d93c0cd3b4e08a59452657e405013ac,0.8666666666666667
vehicle_30s_window,5,inner_validation,inner_train,recall_low,leave_one_view_out__fold01,False,True,leave_one_view_out__fold01__candidate_353,completed,maneuver,f1ddae33af89bc208d97290f0e03c19c4d93c0cd3b4e08a59452657e405013ac,1.0
vehicle_30s_window,5,inner_validation,inner_train,recall_medium,leave_one_view_out__fold01,False,True,leave_one_view_out__fold01__candidate_353,completed,maneuver,f1ddae33af89bc208d97290f0e03c19c4d93c0cd3b4e08a59452657e405013ac,1.0
vehicle_30s_window,5,inner_validation,inner_train,recall_high,leave_one_view_out__fold01,False,True,leave_one_view_out__fold01__candidate_353,completed,maneuver,f1ddae33af89bc208d97290f0e03c19c4d93c0cd3b4e08a59452657e405013ac,1.0
vehicle_30s_window,5,inner_validation,inner_train,minimum_class_recall,leave_one_view_out__fold01,False,True,leave_one_view_out__fold01__candidate_353,completed,maneuver,f1ddae33af89bc208d97290f0e03c19c4d93c0cd3b4e08a59452657e405013ac,1.0
vehicle_30s_window,5,inner_validation,inner_train,ordinal_mae,leave_one_view_out__fold01,False,True,leave_one_view_out__fold01__candidate_353,completed,maneuver,f1ddae33af89bc208d97290f0e03c19c4d93c0cd3b4e08a59452657e405013ac,0.0
vehicle_30s_window,5,inner_validation,inner_train,score_mae,leave_one_view_out__fold01,False,True,leave_one_view_out__fold01__candidate_353,completed,maneuver,f1ddae33af89bc208d97290f0e03c19c4d93c0cd3b4e08a59452657e405013ac,0.489969239948927
vehicle_30s_window,5,inner_validation,inner_train,score_spearman,leave_one_view_out__fold01,False,True,leave_one_view_out__fold01__candidate_353,completed,maneuver,f1ddae33af89bc208d97290f0e03c19c4d93c0cd3b4e08a59452657e405013ac,0.9580419580419581
vehicle_30s_window,5,inner_validation,inner_train,rmse,leave_one_view_out__fold01,False,True,leave_one_view_out__fold01__candidate_353,completed,response,f1ddae33af89bc208d97290f0e03c19c4d93c0cd3b4e08a59452657e405013ac,1.1244471412357955
vehicle_30s_window,5,inner_validation,inner_train,mae,leave_one_view_out__fold01,False,True,leave_one_view_out__fold01__candidate_353,completed,response,f1ddae33af89bc208d97290f0e03c19c4d93c0cd3b4e08a59452657e405013ac,0.9969983156557807
vehicle_30s_window,5,inner_validation,inner_train,validation_std,leave_one_view_out__fold01,False,True,leave_one_view_out__fold01__candidate_353,completed,response,f1ddae33af89bc208d97290f0e03c19c4d93c0cd3b4e08a59452657e405013ac,0.8091453454981316
vehicle_30s_window,5,inner_validation,inner_train,validation_iqr,leave_one_view_out__fold01,False,True,leave_one_view_out__fold01__candidate_353,completed,response,f1ddae33af89bc208d97290f0e03c19c4d93c0cd3b4e08a59452657e405013ac,1.218839946496964
vehicle_30s_window,5,inner_validation,inner_train,nrmse_std,leave_one_view_out__fold01,False,True,leave_one_view_out__fold01__candidate_353,completed,response,f1ddae33af89bc208d97290f0e03c19c4d93c0cd3b4e08a59452657e405013ac,1.3896726311186474
vehicle_30s_window,5,inner_validation,inner_train,nrmse_iqr,leave_one_view_out__fold01,False,True,leave_one_view_out__fold01__candidate_353,completed,response,f1ddae33af89bc208d97290f0e03c19c4d93c0cd3b4e08a59452657e405013ac,0.922555208719192
vehicle_30s_window,5,inner_validation,inner_train,train_mean_baseline_rmse,leave_one_view_out__fold01,False,True,leave_one_view_out__fold01__candidate_353,completed,response,f1ddae33af89bc208d97290f0e03c19c4d93c0cd3b4e08a59452657e405013ac,0.9551898219217477
vehicle_30s_window,5,inner_validation,inner_train,rmse_ratio,leave_one_view_out__fold01,False,True,leave_one_view_out__fold01__candidate_353,completed,response,f1ddae33af89bc208d97290f0e03c19c4d93c0cd3b4e08a59452657e405013ac,1.1771975741675291
vehicle_30s_window,5,inner_validation,inner_train,response_skill,leave_one_view_out__fold01,False,True,leave_one_view_out__fold01__candidate_353,completed,response,f1ddae33af89bc208d97290f0e03c19c4d93c0cd3b4e08a59452657e405013ac,-0.385794128625915
vehicle_30s_window,5,inner_validation,inner_train,spearman,leave_one_view_out__fold01,False,True,leave_one_view_out__fold01__candidate_353,completed,response,f1ddae33af89bc208d97290f0e03c19c4d93c0cd3b4e08a59452657e405013ac,-0.2447552447552448
vehicle_30s_window,5,inner_validation,inner_train,auprc,leave_one_view_out__fold01,False,True,leave_one_view_out__fold01__candidate_353,completed,high_response,f1ddae33af89bc208d97290f0e03c19c4d93c0cd3b4e08a59452657e405013ac,0.3619408369408369
vehicle_30s_window,5,inner_validation,inner_train,prevalence,leave_one_view_out__fold01,False,True,leave_one_view_out__fold01__candidate_353,completed,high_response,f1ddae33af89bc208d97290f0e03c19c4d93c0cd3b4e08a59452657e405013ac,0.4166666666666667
vehicle_30s_window,5,inner_validation,inner_train,random_baseline_auprc,leave_one_view_out__fold01,False,True,leave_one_view_out__fold01__candidate_353,completed,high_response,f1ddae33af89bc208d97290f0e03c19c4d93c0cd3b4e08a59452657e405013ac,0.4166666666666667
vehicle_30s_window,5,inner_validation,inner_train,normalized_ap,leave_one_view_out__fold01,False,True,leave_one_view_out__fold01__candidate_353,completed,high_response,f1ddae33af89bc208d97290f0e03c19c4d93c0cd3b4e08a59452657e405013ac,-0.0938157081014225
vehicle_30s_window,5,inner_validation,inner_train,auprc_lift,leave_one_view_out__fold01,False,True,leave_one_view_out__fold01__candidate_353,completed,high_response,f1ddae33af89bc208d97290f0e03c19c4d93c0cd3b4e08a59452657e405013ac,-0.05472582972582979
vehicle_30s_window,5,inner_validation,inner_train,auroc,leave_one_view_out__fold01,False,True,leave_one_view_out__fold01__candidate_353,completed,high_response,f1ddae33af89bc208d97290f0e03c19c4d93c0cd3b4e08a59452657e405013ac,0.3142857142857143
vehicle_30s_window,5,inner_validation,inner_train,balanced_accuracy,leave_one_view_out__fold01,False,True,leave_one_view_out__fold01__candidate_353,completed,high_response,f1ddae33af89bc208d97290f0e03c19c4d93c0cd3b4e08a59452657e405013ac,0.3857142857142857
vehicle_30s_window,5,inner_validation,inner_train,macro_f1,leave_one_view_out__fold02,False,True,leave_one_view_out__fold02__candidate_328,completed,maneuver,76857c61556d36c9eb8d7060ea53eb10f2e65e3f7b2a4854ab4c6016248a0b48,0.5786435786435785
vehicle_30s_window,5,inner_validation,inner_train,support_aware_macro_f1,leave_one_view_out__fold02,False,True,leave_one_view_out__fold02__candidate_328,completed,maneuver,76857c61556d36c9eb8d7060ea53eb10f2e65e3f7b2a4854ab4c6016248a0b48,0.5786435786435785
vehicle_30s_window,5,inner_validation,inner_train,majority_macro_f1,leave_one_view_out__fold02,False,True,leave_one_view_out__fold02__candidate_328,completed,maneuver,76857c61556d36c9eb8d7060ea53eb10f2e65e3f7b2a4854ab4c6016248a0b48,0.19607843137254902
vehicle_30s_window,5,inner_validation,inner_train,macro_f1_lift,leave_one_view_out__fold02,False,True,leave_one_view_out__fold02__candidate_328,completed,maneuver,76857c61556d36c9eb8d7060ea53eb10f2e65e3f7b2a4854ab4c6016248a0b48,0.3825651472710295
vehicle_30s_window,5,inner_validation,inner_train,recall_low,leave_one_view_out__fold02,False,True,leave_one_view_out__fold02__candidate_328,completed,maneuver,76857c61556d36c9eb8d7060ea53eb10f2e65e3f7b2a4854ab4c6016248a0b48,0.2
vehicle_30s_window,5,inner_validation,inner_train,recall_medium,leave_one_view_out__fold02,False,True,leave_one_view_out__fold02__candidate_328,completed,maneuver,76857c61556d36c9eb8d7060ea53eb10f2e65e3f7b2a4854ab4c6016248a0b48,0.75
vehicle_30s_window,5,inner_validation,inner_train,recall_high,leave_one_view_out__fold02,False,True,leave_one_view_out__fold02__candidate_328,completed,maneuver,76857c61556d36c9eb8d7060ea53eb10f2e65e3f7b2a4854ab4c6016248a0b48,1.0
vehicle_30s_window,5,inner_validation,inner_train,minimum_class_recall,leave_one_view_out__fold02,False,True,leave_one_view_out__fold02__candidate_328,completed,maneuver,76857c61556d36c9eb8d7060ea53eb10f2e65e3f7b2a4854ab4c6016248a0b48,0.2
vehicle_30s_window,5,inner_validation,inner_train,ordinal_mae,leave_one_view_out__fold02,False,True,leave_one_view_out__fold02__candidate_328,completed,maneuver,76857c61556d36c9eb8d7060ea53eb10f2e65e3f7b2a4854ab4c6016248a0b48,0.4166666666666667
vehicle_30s_window,5,inner_validation,inner_train,score_mae,leave_one_view_out__fold02,False,True,leave_one_view_out__fold02__candidate_328,completed,maneuver,76857c61556d36c9eb8d7060ea53eb10f2e65e3f7b2a4854ab4c6016248a0b48,0.8525296910632533
vehicle_30s_window,5,inner_validation,inner_train,score_spearman,leave_one_view_out__fold02,False,True,leave_one_view_out__fold02__candidate_328,completed,maneuver,76857c61556d36c9eb8d7060ea53eb10f2e65e3f7b2a4854ab4c6016248a0b48,0.5244755244755246
vehicle_30s_window,5,inner_validation,inner_train,rmse,leave_one_view_out__fold02,False,True,leave_one_view_out__fold02__candidate_328,completed,response,76857c61556d36c9eb8d7060ea53eb10f2e65e3f7b2a4854ab4c6016248a0b48,0.939785129212346
vehicle_30s_window,5,inner_validation,inner_train,mae,leave_one_view_out__fold02,False,True,leave_one_view_out__fold02__candidate_328,completed,response,76857c61556d36c9eb8d7060ea53eb10f2e65e3f7b2a4854ab4c6016248a0b48,0.7719843261406253
vehicle_30s_window,5,inner_validation,inner_train,validation_std,leave_one_view_out__fold02,False,True,leave_one_view_out__fold02__candidate_328,completed,response,76857c61556d36c9eb8d7060ea53eb10f2e65e3f7b2a4854ab4c6016248a0b48,0.6661100828266592
vehicle_30s_window,5,inner_validation,inner_train,validation_iqr,leave_one_view_out__fold02,False,True,leave_one_view_out__fold02__candidate_328,completed,response,76857c61556d36c9eb8d7060ea53eb10f2e65e3f7b2a4854ab4c6016248a0b48,0.8168154939282022
vehicle_30s_window,5,inner_validation,inner_train,nrmse_std,leave_one_view_out__fold02,False,True,leave_one_view_out__fold02__candidate_328,completed,response,76857c61556d36c9eb8d7060ea53eb10f2e65e3f7b2a4854ab4c6016248a0b48,1.4108555829455969
vehicle_30s_window,5,inner_validation,inner_train,nrmse_iqr,leave_one_view_out__fold02,False,True,leave_one_view_out__fold02__candidate_328,completed,response,76857c61556d36c9eb8d7060ea53eb10f2e65e3f7b2a4854ab4c6016248a0b48,1.1505476281953986
vehicle_30s_window,5,inner_validation,inner_train,train_mean_baseline_rmse,leave_one_view_out__fold02,False,True,leave_one_view_out__fold02__candidate_328,completed,response,76857c61556d36c9eb8d7060ea53eb10f2e65e3f7b2a4854ab4c6016248a0b48,0.760282844198373
vehicle_30s_window,5,inner_validation,inner_train,rmse_ratio,leave_one_view_out__fold02,False,True,leave_one_view_out__fold02__candidate_328,completed,response,76857c61556d36c9eb8d7060ea53eb10f2e65e3f7b2a4854ab4c6016248a0b48,1.2360993495825052
vehicle_30s_window,5,inner_validation,inner_train,response_skill,leave_one_view_out__fold02,False,True,leave_one_view_out__fold02__candidate_328,completed,response,76857c61556d36c9eb8d7060ea53eb10f2e65e3f7b2a4854ab4c6016248a0b48,-0.5279416020382925
vehicle_30s_window,5,inner_validation,inner_train,spearman,leave_one_view_out__fold02,False,True,leave_one_view_out__fold02__candidate_328,completed,response,76857c61556d36c9eb8d7060ea53eb10f2e65e3f7b2a4854ab4c6016248a0b48,-0.09090909090909093
vehicle_30s_window,5,inner_validation,inner_train,auprc,leave_one_view_out__fold02,False,True,leave_one_view_out__fold02__candidate_328,completed,high_response,76857c61556d36c9eb8d7060ea53eb10f2e65e3f7b2a4854ab4c6016248a0b48,0.34547619047619044
vehicle_30s_window,5,inner_validation,inner_train,prevalence,leave_one_view_out__fold02,False,True,leave_one_view_out__fold02__candidate_328,completed,high_response,76857c61556d36c9eb8d7060ea53eb10f2e65e3f7b2a4854ab4c6016248a0b48,0.4166666666666667
vehicle_30s_window,5,inner_validation,inner_train,random_baseline_auprc,leave_one_view_out__fold02,False,True,leave_one_view_out__fold02__candidate_328,completed,high_response,76857c61556d36c9eb8d7060ea53eb10f2e65e3f7b2a4854ab4c6016248a0b48,0.4166666666666667
vehicle_30s_window,5,inner_validation,inner_train,normalized_ap,leave_one_view_out__fold02,False,True,leave_one_view_out__fold02__candidate_328,completed,high_response,76857c61556d36c9eb8d7060ea53eb10f2e65e3f7b2a4854ab4c6016248a0b48,-0.12204081632653073
vehicle_30s_window,5,inner_validation,inner_train,auprc_lift,leave_one_view_out__fold02,False,True,leave_one_view_out__fold02__candidate_328,completed,high_response,76857c61556d36c9eb8d7060ea53eb10f2e65e3f7b2a4854ab4c6016248a0b48,-0.07119047619047625
vehicle_30s_window,5,inner_validation,inner_train,auroc,leave_one_view_out__fold02,False,True,leave_one_view_out__fold02__candidate_328,completed,high_response,76857c61556d36c9eb8d7060ea53eb10f2e65e3f7b2a4854ab4c6016248a0b48,0.2571428571428572
vehicle_30s_window,5,inner_validation,inner_train,balanced_accuracy,leave_one_view_out__fold02,False,True,leave_one_view_out__fold02__candidate_328,completed,high_response,76857c61556d36c9eb8d7060ea53eb10f2e65e3f7b2a4854ab4c6016248a0b48,0.3857142857142857
vehicle_30s_window,5,inner_validation,inner_train,macro_f1,leave_one_view_out__fold02,False,True,leave_one_view_out__fold02__candidate_329,completed,maneuver,09bd96f3f28027930e21282cb6cb1e34c79cb76197a270c426bd70e119d43e13,0.6626984126984127
vehicle_30s_window,5,inner_validation,inner_train,support_aware_macro_f1,leave_one_view_out__fold02,False,True,leave_one_view_out__fold02__candidate_329,completed,maneuver,09bd96f3f28027930e21282cb6cb1e34c79cb76197a270c426bd70e119d43e13,0.6626984126984127
vehicle_30s_window,5,inner_validation,inner_train,majority_macro_f1,leave_one_view_out__fold02,False,True,leave_one_view_out__fold02__candidate_329,completed,maneuver,09bd96f3f28027930e21282cb6cb1e34c79cb76197a270c426bd70e119d43e13,0.13333333333333333
vehicle_30s_window,5,inner_validation,inner_train,macro_f1_lift,leave_one_view_out__fold02,False,True,leave_one_view_out__fold02__candidate_329,completed,maneuver,09bd96f3f28027930e21282cb6cb1e34c79cb76197a270c426bd70e119d43e13,0.5293650793650794
vehicle_30s_window,5,inner_validation,inner_train,recall_low,leave_one_view_out__fold02,False,True,leave_one_view_out__fold02__candidate_329,completed,maneuver,09bd96f3f28027930e21282cb6cb1e34c79cb76197a270c426bd70e119d43e13,1.0
vehicle_30s_window,5,inner_validation,inner_train,recall_medium,leave_one_view_out__fold02,False,True,leave_one_view_out__fold02__candidate_329,completed,maneuver,09bd96f3f28027930e21282cb6cb1e34c79cb76197a270c426bd70e119d43e13,0.5
vehicle_30s_window,5,inner_validation,inner_train,recall_high,leave_one_view_out__fold02,False,True,leave_one_view_out__fold02__candidate_329,completed,maneuver,09bd96f3f28027930e21282cb6cb1e34c79cb76197a270c426bd70e119d43e13,0.6
vehicle_30s_window,5,inner_validation,inner_train,minimum_class_recall,leave_one_view_out__fold02,False,True,leave_one_view_out__fold02__candidate_329,completed,maneuver,09bd96f3f28027930e21282cb6cb1e34c79cb76197a270c426bd70e119d43e13,0.5
vehicle_30s_window,5,inner_validation,inner_train,ordinal_mae,leave_one_view_out__fold02,False,True,leave_one_view_out__fold02__candidate_329,completed,maneuver,09bd96f3f28027930e21282cb6cb1e34c79cb76197a270c426bd70e119d43e13,0.4166666666666667
vehicle_30s_window,5,inner_validation,inner_train,score_mae,leave_one_view_out__fold02,False,True,leave_one_view_out__fold02__candidate_329,completed,maneuver,09bd96f3f28027930e21282cb6cb1e34c79cb76197a270c426bd70e119d43e13,1.1070857549649582
vehicle_30s_window,5,inner_validation,inner_train,score_spearman,leave_one_view_out__fold02,False,True,leave_one_view_out__fold02__candidate_329,completed,maneuver,09bd96f3f28027930e21282cb6cb1e34c79cb76197a270c426bd70e119d43e13,0.6363636363636365
vehicle_30s_window,5,inner_validation,inner_train,rmse,leave_one_view_out__fold02,False,True,leave_one_view_out__fold02__candidate_329,completed,response,09bd96f3f28027930e21282cb6cb1e34c79cb76197a270c426bd70e119d43e13,1.1284364281365116
vehicle_30s_window,5,inner_validation,inner_train,mae,leave_one_view_out__fold02,False,True,leave_one_view_out__fold02__candidate_329,completed,response,09bd96f3f28027930e21282cb6cb1e34c79cb76197a270c426bd70e119d43e13,0.8555602558720712
vehicle_30s_window,5,inner_validation,inner_train,validation_std,leave_one_view_out__fold02,False,True,leave_one_view_out__fold02__candidate_329,completed,response,09bd96f3f28027930e21282cb6cb1e34c79cb76197a270c426bd70e119d43e13,0.7444107826338696
vehicle_30s_window,5,inner_validation,inner_train,validation_iqr,leave_one_view_out__fold02,False,True,leave_one_view_out__fold02__candidate_329,completed,response,09bd96f3f28027930e21282cb6cb1e34c79cb76197a270c426bd70e119d43e13,1.126261329695373
vehicle_30s_window,5,inner_validation,inner_train,nrmse_std,leave_one_view_out__fold02,False,True,leave_one_view_out__fold02__candidate_329,completed,response,09bd96f3f28027930e21282cb6cb1e34c79cb76197a270c426bd70e119d43e13,1.5158786713753458
vehicle_30s_window,5,inner_validation,inner_train,nrmse_iqr,leave_one_view_out__fold02,False,True,leave_one_view_out__fold02__candidate_329,completed,response,09bd96f3f28027930e21282cb6cb1e34c79cb76197a270c426bd70e119d43e13,1.001931255547704
vehicle_30s_window,5,inner_validation,inner_train,train_mean_baseline_rmse,leave_one_view_out__fold02,False,True,leave_one_view_out__fold02__candidate_329,completed,response,09bd96f3f28027930e21282cb6cb1e34c79cb76197a270c426bd70e119d43e13,0.7887754436917268
vehicle_30s_window,5,inner_validation,inner_train,rmse_ratio,leave_one_view_out__fold02,False,True,leave_one_view_out__fold02__candidate_329,completed,response,09bd96f3f28027930e21282cb6cb1e34c79cb76197a270c426bd70e119d43e13,1.4306181019721664
vehicle_30s_window,5,inner_validation,inner_train,response_skill,leave_one_view_out__fold02,False,True,leave_one_view_out__fold02__candidate_329,completed,response,09bd96f3f28027930e21282cb6cb1e34c79cb76197a270c426bd70e119d43e13,-1.0466681536904434
vehicle_30s_window,5,inner_validation,inner_train,spearman,leave_one_view_out__fold02,False,True,leave_one_view_out__fold02__candidate_329,completed,response,09bd96f3f28027930e21282cb6cb1e34c79cb76197a270c426bd70e119d43e13,-0.0979020979020979
vehicle_30s_window,5,inner_validation,inner_train,auprc,leave_one_view_out__fold02,False,True,leave_one_view_out__fold02__candidate_329,completed,high_response,09bd96f3f28027930e21282cb6cb1e34c79cb76197a270c426bd70e119d43e13,0.37217893217893216
vehicle_30s_window,5,inner_validation,inner_train,prevalence,leave_one_view_out__fold02,False,True,leave_one_view_out__fold02__candidate_329,completed,high_response,09bd96f3f28027930e21282cb6cb1e34c79cb76197a270c426bd70e119d43e13,0.4166666666666667
vehicle_30s_window,5,inner_validation,inner_train,random_baseline_auprc,leave_one_view_out__fold02,False,True,leave_one_view_out__fold02__candidate_329,completed,high_response,09bd96f3f28027930e21282cb6cb1e34c79cb76197a270c426bd70e119d43e13,0.4166666666666667
vehicle_30s_window,5,inner_validation,inner_train,normalized_ap,leave_one_view_out__fold02,False,True,leave_one_view_out__fold02__candidate_329,completed,high_response,09bd96f3f28027930e21282cb6cb1e34c79cb76197a270c426bd70e119d43e13,-0.07626468769325918
vehicle_30s_window,5,inner_validation,inner_train,auprc_lift,leave_one_view_out__fold02,False,True,leave_one_view_out__fold02__candidate_329,completed,high_response,09bd96f3f28027930e21282cb6cb1e34c79cb76197a270c426bd70e119d43e13,-0.04448773448773452
vehicle_30s_window,5,inner_validation,inner_train,auroc,leave_one_view_out__fold02,False,True,leave_one_view_out__fold02__candidate_329,completed,high_response,09bd96f3f28027930e21282cb6cb1e34c79cb76197a270c426bd70e119d43e13,0.34285714285714286
vehicle_30s_window,5,inner_validation,inner_train,balanced_accuracy,leave_one_view_out__fold02,False,True,leave_one_view_out__fold02__candidate_329,completed,high_response,09bd96f3f28027930e21282cb6cb1e34c79cb76197a270c426bd70e119d43e13,0.41428571428571426
vehicle_30s_window,5,inner_validation,inner_train,macro_f1,leave_one_view_out__fold01,False,True,leave_one_view_out__fold01__candidate_340,completed,maneuver,c8bb55db2e84fca264b1421bfe060cb36e07fbf025a5f825bde808b31ad5f850,1.0
vehicle_30s_window,5,inner_validation,inner_train,support_aware_macro_f1,leave_one_view_out__fold01,False,True,leave_one_view_out__fold01__candidate_340,completed,maneuver,c8bb55db2e84fca264b1421bfe060cb36e07fbf025a5f825bde808b31ad5f850,1.0
vehicle_30s_window,5,inner_validation,inner_train,majority_macro_f1,leave_one_view_out__fold01,False,True,leave_one_view_out__fold01__candidate_340,completed,maneuver,c8bb55db2e84fca264b1421bfe060cb36e07fbf025a5f825bde808b31ad5f850,0.13333333333333333
vehicle_30s_window,5,inner_validation,inner_train,macro_f1_lift,leave_one_view_out__fold01,False,True,leave_one_view_out__fold01__candidate_340,completed,maneuver,c8bb55db2e84fca264b1421bfe060cb36e07fbf025a5f825bde808b31ad5f850,0.8666666666666667
vehicle_30s_window,5,inner_validation,inner_train,recall_low,leave_one_view_out__fold01,False,True,leave_one_view_out__fold01__candidate_340,completed,maneuver,c8bb55db2e84fca264b1421bfe060cb36e07fbf025a5f825bde808b31ad5f850,1.0
vehicle_30s_window,5,inner_validation,inner_train,recall_medium,leave_one_view_out__fold01,False,True,leave_one_view_out__fold01__candidate_340,completed,maneuver,c8bb55db2e84fca264b1421bfe060cb36e07fbf025a5f825bde808b31ad5f850,1.0
vehicle_30s_window,5,inner_validation,inner_train,recall_high,leave_one_view_out__fold01,False,True,leave_one_view_out__fold01__candidate_340,completed,maneuver,c8bb55db2e84fca264b1421bfe060cb36e07fbf025a5f825bde808b31ad5f850,1.0
vehicle_30s_window,5,inner_validation,inner_train,minimum_class_recall,leave_one_view_out__fold01,False,True,leave_one_view_out__fold01__candidate_340,completed,maneuver,c8bb55db2e84fca264b1421bfe060cb36e07fbf025a5f825bde808b31ad5f850,1.0
vehicle_30s_window,5,inner_validation,inner_train,ordinal_mae,leave_one_view_out__fold01,False,True,leave_one_view_out__fold01__candidate_340,completed,maneuver,c8bb55db2e84fca264b1421bfe060cb36e07fbf025a5f825bde808b31ad5f850,0.0
vehicle_30s_window,5,inner_validation,inner_train,score_mae,leave_one_view_out__fold01,False,True,leave_one_view_out__fold01__candidate_340,completed,maneuver,c8bb55db2e84fca264b1421bfe060cb36e07fbf025a5f825bde808b31ad5f850,0.5813664153480402
vehicle_30s_window,5,inner_validation,inner_train,score_spearman,leave_one_view_out__fold01,False,True,leave_one_view_out__fold01__candidate_340,completed,maneuver,c8bb55db2e84fca264b1421bfe060cb36e07fbf025a5f825bde808b31ad5f850,0.9160839160839163
vehicle_30s_window,5,inner_validation,inner_train,rmse,leave_one_view_out__fold01,False,True,leave_one_view_out__fold01__candidate_340,completed,response,c8bb55db2e84fca264b1421bfe060cb36e07fbf025a5f825bde808b31ad5f850,1.1022688284056448
vehicle_30s_window,5,inner_validation,inner_train,mae,leave_one_view_out__fold01,False,True,leave_one_view_out__fold01__candidate_340,completed,response,c8bb55db2e84fca264b1421bfe060cb36e07fbf025a5f825bde808b31ad5f850,0.9561159485087548
vehicle_30s_window,5,inner_validation,inner_train,validation_std,leave_one_view_out__fold01,False,True,leave_one_view_out__fold01__candidate_340,completed,response,c8bb55db2e84fca264b1421bfe060cb36e07fbf025a5f825bde808b31ad5f850,0.7738225567538186
vehicle_30s_window,5,inner_validation,inner_train,validation_iqr,leave_one_view_out__fold01,False,True,leave_one_view_out__fold01__candidate_340,completed,response,c8bb55db2e84fca264b1421bfe060cb36e07fbf025a5f825bde808b31ad5f850,1.1164541279861386
vehicle_30s_window,5,inner_validation,inner_train,nrmse_std,leave_one_view_out__fold01,False,True,leave_one_view_out__fold01__candidate_340,completed,response,c8bb55db2e84fca264b1421bfe060cb36e07fbf025a5f825bde808b31ad5f850,1.4244464945938724
vehicle_30s_window,5,inner_validation,inner_train,nrmse_iqr,leave_one_view_out__fold01,False,True,leave_one_view_out__fold01__candidate_340,completed,response,c8bb55db2e84fca264b1421bfe060cb36e07fbf025a5f825bde808b31ad5f850,0.9872943283338642
vehicle_30s_window,5,inner_validation,inner_train,train_mean_baseline_rmse,leave_one_view_out__fold01,False,True,leave_one_view_out__fold01__candidate_340,completed,response,c8bb55db2e84fca264b1421bfe060cb36e07fbf025a5f825bde808b31ad5f850,0.9520832805389658
vehicle_30s_window,5,inner_validation,inner_train,rmse_ratio,leave_one_view_out__fold01,False,True,leave_one_view_out__fold01__candidate_340,completed,response,c8bb55db2e84fca264b1421bfe060cb36e07fbf025a5f825bde808b31ad5f850,1.157744129044741
vehicle_30s_window,5,inner_validation,inner_train,response_skill,leave_one_view_out__fold01,False,True,leave_one_view_out__fold01__candidate_340,completed,response,c8bb55db2e84fca264b1421bfe060cb36e07fbf025a5f825bde808b31ad5f850,-0.3403714683375658
vehicle_30s_window,5,inner_validation,inner_train,spearman,leave_one_view_out__fold01,False,True,leave_one_view_out__fold01__candidate_340,completed,response,c8bb55db2e84fca264b1421bfe060cb36e07fbf025a5f825bde808b31ad5f850,0.006993006993006993
vehicle_30s_window,5,inner_validation,inner_train,auprc,leave_one_view_out__fold01,False,True,leave_one_view_out__fold01__candidate_340,completed,high_response,c8bb55db2e84fca264b1421bfe060cb36e07fbf025a5f825bde808b31ad5f850,0.5713512677798391
vehicle_30s_window,5,inner_validation,inner_train,prevalence,leave_one_view_out__fold01,False,True,leave_one_view_out__fold01__candidate_340,completed,high_response,c8bb55db2e84fca264b1421bfe060cb36e07fbf025a5f825bde808b31ad5f850,0.5833333333333334
vehicle_30s_window,5,inner_validation,inner_train,random_baseline_auprc,leave_one_view_out__fold01,False,True,leave_one_view_out__fold01__candidate_340,completed,high_response,c8bb55db2e84fca264b1421bfe060cb36e07fbf025a5f825bde808b31ad5f850,0.5833333333333334
vehicle_30s_window,5,inner_validation,inner_train,normalized_ap,leave_one_view_out__fold01,False,True,leave_one_view_out__fold01__candidate_340,completed,high_response,c8bb55db2e84fca264b1421bfe060cb36e07fbf025a5f825bde808b31ad5f850,-0.028756957328386172
vehicle_30s_window,5,inner_validation,inner_train,auprc_lift,leave_one_view_out__fold01,False,True,leave_one_view_out__fold01__candidate_340,completed,high_response,c8bb55db2e84fca264b1421bfe060cb36e07fbf025a5f825bde808b31ad5f850,-0.011982065553494237
vehicle_30s_window,5,inner_validation,inner_train,auroc,leave_one_view_out__fold01,False,True,leave_one_view_out__fold01__candidate_340,completed,high_response,c8bb55db2e84fca264b1421bfe060cb36e07fbf025a5f825bde808b31ad5f850,0.45714285714285713
vehicle_30s_window,5,inner_validation,inner_train,balanced_accuracy,leave_one_view_out__fold01,False,True,leave_one_view_out__fold01__candidate_340,completed,high_response,c8bb55db2e84fca264b1421bfe060cb36e07fbf025a5f825bde808b31ad5f850,0.4714285714285714
vehicle_30s_window,5,inner_validation,inner_train,macro_f1,leave_one_view_out__fold01,False,True,leave_one_view_out__fold01__candidate_327,completed,maneuver,ef23ad8b080593cb9c8caaa4a57c59a5dc23c5987cd8d56c0f61e753cf15435c,0.8222222222222223
vehicle_30s_window,5,inner_validation,inner_train,support_aware_macro_f1,leave_one_view_out__fold01,False,True,leave_one_view_out__fold01__candidate_327,completed,maneuver,ef23ad8b080593cb9c8caaa4a57c59a5dc23c5987cd8d56c0f61e753cf15435c,0.8222222222222223
vehicle_30s_window,5,inner_validation,inner_train,majority_macro_f1,leave_one_view_out__fold01,False,True,leave_one_view_out__fold01__candidate_327,completed,maneuver,ef23ad8b080593cb9c8caaa4a57c59a5dc23c5987cd8d56c0f61e753cf15435c,0.19607843137254902
vehicle_30s_window,5,inner_validation,inner_train,macro_f1_lift,leave_one_view_out__fold01,False,True,leave_one_view_out__fold01__candidate_327,completed,maneuver,ef23ad8b080593cb9c8caaa4a57c59a5dc23c5987cd8d56c0f61e753cf15435c,0.6261437908496733
vehicle_30s_window,5,inner_validation,inner_train,recall_low,leave_one_view_out__fold01,False,True,leave_one_view_out__fold01__candidate_327,completed,maneuver,ef23ad8b080593cb9c8caaa4a57c59a5dc23c5987cd8d56c0f61e753cf15435c,0.8
vehicle_30s_window,5,inner_validation,inner_train,recall_medium,leave_one_view_out__fold01,False,True,leave_one_view_out__fold01__candidate_327,completed,maneuver,ef23ad8b080593cb9c8caaa4a57c59a5dc23c5987cd8d56c0f61e753cf15435c,0.6666666666666666
vehicle_30s_window,5,inner_validation,inner_train,recall_high,leave_one_view_out__fold01,False,True,leave_one_view_out__fold01__candidate_327,completed,maneuver,ef23ad8b080593cb9c8caaa4a57c59a5dc23c5987cd8d56c0f61e753cf15435c,1.0
vehicle_30s_window,5,inner_validation,inner_train,minimum_class_recall,leave_one_view_out__fold01,False,True,leave_one_view_out__fold01__candidate_327,completed,maneuver,ef23ad8b080593cb9c8caaa4a57c59a5dc23c5987cd8d56c0f61e753cf15435c,0.6666666666666666
vehicle_30s_window,5,inner_validation,inner_train,ordinal_mae,leave_one_view_out__fold01,False,True,leave_one_view_out__fold01__candidate_327,completed,maneuver,ef23ad8b080593cb9c8caaa4a57c59a5dc23c5987cd8d56c0f61e753cf15435c,0.16666666666666666
vehicle_30s_window,5,inner_validation,inner_train,score_mae,leave_one_view_out__fold01,False,True,leave_one_view_out__fold01__candidate_327,completed,maneuver,ef23ad8b080593cb9c8caaa4a57c59a5dc23c5987cd8d56c0f61e753cf15435c,0.6353241784850888
vehicle_30s_window,5,inner_validation,inner_train,score_spearman,leave_one_view_out__fold01,False,True,leave_one_view_out__fold01__candidate_327,completed,maneuver,ef23ad8b080593cb9c8caaa4a57c59a5dc23c5987cd8d56c0f61e753cf15435c,0.8181818181818183
vehicle_30s_window,5,inner_validation,inner_train,rmse,leave_one_view_out__fold01,False,True,leave_one_view_out__fold01__candidate_327,completed,response,ef23ad8b080593cb9c8caaa4a57c59a5dc23c5987cd8d56c0f61e753cf15435c,1.136380319852301
vehicle_30s_window,5,inner_validation,inner_train,mae,leave_one_view_out__fold01,False,True,leave_one_view_out__fold01__candidate_327,completed,response,ef23ad8b080593cb9c8caaa4a57c59a5dc23c5987cd8d56c0f61e753cf15435c,0.9477756015283912
vehicle_30s_window,5,inner_validation,inner_train,validation_std,leave_one_view_out__fold01,False,True,leave_one_view_out__fold01__candidate_327,completed,response,ef23ad8b080593cb9c8caaa4a57c59a5dc23c5987cd8d56c0f61e753cf15435c,0.7424450098311778
vehicle_30s_window,5,inner_validation,inner_train,validation_iqr,leave_one_view_out__fold01,False,True,leave_one_view_out__fold01__candidate_327,completed,response,ef23ad8b080593cb9c8caaa4a57c59a5dc23c5987cd8d56c0f61e753cf15435c,0.8094986823286678
vehicle_30s_window,5,inner_validation,inner_train,nrmse_std,leave_one_view_out__fold01,False,True,leave_one_view_out__fold01__candidate_327,completed,response,ef23ad8b080593cb9c8caaa4a57c59a5dc23c5987cd8d56c0f61e753cf15435c,1.530591902167541
vehicle_30s_window,5,inner_validation,inner_train,nrmse_iqr,leave_one_view_out__fold01,False,True,leave_one_view_out__fold01__candidate_327,completed,response,ef23ad8b080593cb9c8caaa4a57c59a5dc23c5987cd8d56c0f61e753cf15435c,1.4038074979730661
vehicle_30s_window,5,inner_validation,inner_train,train_mean_baseline_rmse,leave_one_view_out__fold01,False,True,leave_one_view_out__fold01__candidate_327,completed,response,ef23ad8b080593cb9c8caaa4a57c59a5dc23c5987cd8d56c0f61e753cf15435c,0.9686999988458442
vehicle_30s_window,5,inner_validation,inner_train,rmse_ratio,leave_one_view_out__fold01,False,True,leave_one_view_out__fold01__candidate_327,completed,response,ef23ad8b080593cb9c8caaa4a57c59a5dc23c5987cd8d56c0f61e753cf15435c,1.173098297931495
vehicle_30s_window,5,inner_validation,inner_train,response_skill,leave_one_view_out__fold01,False,True,leave_one_view_out__fold01__candidate_327,completed,response,ef23ad8b080593cb9c8caaa4a57c59a5dc23c5987cd8d56c0f61e753cf15435c,-0.3761596166097707
vehicle_30s_window,5,inner_validation,inner_train,spearman,leave_one_view_out__fold01,False,True,leave_one_view_out__fold01__candidate_327,completed,response,ef23ad8b080593cb9c8caaa4a57c59a5dc23c5987cd8d56c0f61e753cf15435c,0.2027972027972028
vehicle_30s_window,5,inner_validation,inner_train,auprc,leave_one_view_out__fold01,False,True,leave_one_view_out__fold01__candidate_327,completed,high_response,ef23ad8b080593cb9c8caaa4a57c59a5dc23c5987cd8d56c0f61e753cf15435c,0.591220238095238
vehicle_30s_window,5,inner_validation,inner_train,prevalence,leave_one_view_out__fold01,False,True,leave_one_view_out__fold01__candidate_327,completed,high_response,ef23ad8b080593cb9c8caaa4a57c59a5dc23c5987cd8d56c0f61e753cf15435c,0.6666666666666666
vehicle_30s_window,5,inner_validation,inner_train,random_baseline_auprc,leave_one_view_out__fold01,False,True,leave_one_view_out__fold01__candidate_327,completed,high_response,ef23ad8b080593cb9c8caaa4a57c59a5dc23c5987cd8d56c0f61e753cf15435c,0.6666666666666666
vehicle_30s_window,5,inner_validation,inner_train,normalized_ap,leave_one_view_out__fold01,False,True,leave_one_view_out__fold01__candidate_327,completed,high_response,ef23ad8b080593cb9c8caaa4a57c59a5dc23c5987cd8d56c0f61e753cf15435c,-0.22633928571428572
vehicle_30s_window,5,inner_validation,inner_train,auprc_lift,leave_one_view_out__fold01,False,True,leave_one_view_out__fold01__candidate_327,completed,high_response,ef23ad8b080593cb9c8caaa4a57c59a5dc23c5987cd8d56c0f61e753cf15435c,-0.07544642857142858
vehicle_30s_window,5,inner_validation,inner_train,auroc,leave_one_view_out__fold01,False,True,leave_one_view_out__fold01__candidate_327,completed,high_response,ef23ad8b080593cb9c8caaa4a57c59a5dc23c5987cd8d56c0f61e753cf15435c,0.3125
vehicle_30s_window,5,inner_validation,inner_train,balanced_accuracy,leave_one_view_out__fold01,False,True,leave_one_view_out__fold01__candidate_327,completed,high_response,ef23ad8b080593cb9c8caaa4a57c59a5dc23c5987cd8d56c0f61e753cf15435c,0.375
vehicle_30s_baseline_relative,6,inner_validation,inner_train,macro_f1,leave_one_view_out__fold01,False,True,leave_one_view_out__fold01__candidate_339,completed,maneuver,d49030f301fc10972368913bbfc6141aa638775e23f48bc8ad0055d5e48293a1,0.9153439153439153
vehicle_30s_baseline_relative,6,inner_validation,inner_train,support_aware_macro_f1,leave_one_view_out__fold01,False,True,leave_one_view_out__fold01__candidate_339,completed,maneuver,d49030f301fc10972368913bbfc6141aa638775e23f48bc8ad0055d5e48293a1,0.9153439153439153
vehicle_30s_baseline_relative,6,inner_validation,inner_train,majority_macro_f1,leave_one_view_out__fold01,False,True,leave_one_view_out__fold01__candidate_339,completed,maneuver,d49030f301fc10972368913bbfc6141aa638775e23f48bc8ad0055d5e48293a1,0.16666666666666666
vehicle_30s_baseline_relative,6,inner_validation,inner_train,macro_f1_lift,leave_one_view_out__fold01,False,True,leave_one_view_out__fold01__candidate_339,completed,maneuver,d49030f301fc10972368913bbfc6141aa638775e23f48bc8ad0055d5e48293a1,0.7486772486772487
vehicle_30s_baseline_relative,6,inner_validation,inner_train,recall_low,leave_one_view_out__fold01,False,True,leave_one_view_out__fold01__candidate_339,completed,maneuver,d49030f301fc10972368913bbfc6141aa638775e23f48bc8ad0055d5e48293a1,1.0
vehicle_30s_baseline_relative,6,inner_validation,inner_train,recall_medium,leave_one_view_out__fold01,False,True,leave_one_view_out__fold01__candidate_339,completed,maneuver,d49030f301fc10972368913bbfc6141aa638775e23f48bc8ad0055d5e48293a1,0.75
vehicle_30s_baseline_relative,6,inner_validation,inner_train,recall_high,leave_one_view_out__fold01,False,True,leave_one_view_out__fold01__candidate_339,completed,maneuver,d49030f301fc10972368913bbfc6141aa638775e23f48bc8ad0055d5e48293a1,1.0
vehicle_30s_baseline_relative,6,inner_validation,inner_train,minimum_class_recall,leave_one_view_out__fold01,False,True,leave_one_view_out__fold01__candidate_339,completed,maneuver,d49030f301fc10972368913bbfc6141aa638775e23f48bc8ad0055d5e48293a1,0.75
vehicle_30s_baseline_relative,6,inner_validation,inner_train,ordinal_mae,leave_one_view_out__fold01,False,True,leave_one_view_out__fold01__candidate_339,completed,maneuver,d49030f301fc10972368913bbfc6141aa638775e23f48bc8ad0055d5e48293a1,0.08333333333333333
vehicle_30s_baseline_relative,6,inner_validation,inner_train,score_mae,leave_one_view_out__fold01,False,True,leave_one_view_out__fold01__candidate_339,completed,maneuver,d49030f301fc10972368913bbfc6141aa638775e23f48bc8ad0055d5e48293a1,0.4690243392307294
vehicle_30s_baseline_relative,6,inner_validation,inner_train,score_spearman,leave_one_view_out__fold01,False,True,leave_one_view_out__fold01__candidate_339,completed,maneuver,d49030f301fc10972368913bbfc6141aa638775e23f48bc8ad0055d5e48293a1,0.9160839160839163
vehicle_30s_baseline_relative,6,inner_validation,inner_train,rmse,leave_one_view_out__fold01,False,True,leave_one_view_out__fold01__candidate_339,completed,response,d49030f301fc10972368913bbfc6141aa638775e23f48bc8ad0055d5e48293a1,1.177724223629119
vehicle_30s_baseline_relative,6,inner_validation,inner_train,mae,leave_one_view_out__fold01,False,True,leave_one_view_out__fold01__candidate_339,completed,response,d49030f301fc10972368913bbfc6141aa638775e23f48bc8ad0055d5e48293a1,0.9917657008921822
vehicle_30s_baseline_relative,6,inner_validation,inner_train,validation_std,leave_one_view_out__fold01,False,True,leave_one_view_out__fold01__candidate_339,completed,response,d49030f301fc10972368913bbfc6141aa638775e23f48bc8ad0055d5e48293a1,0.9229823964743179
vehicle_30s_baseline_relative,6,inner_validation,inner_train,validation_iqr,leave_one_view_out__fold01,False,True,leave_one_view_out__fold01__candidate_339,completed,response,d49030f301fc10972368913bbfc6141aa638775e23f48bc8ad0055d5e48293a1,1.5375502327333572
vehicle_30s_baseline_relative,6,inner_validation,inner_train,nrmse_std,leave_one_view_out__fold01,False,True,leave_one_view_out__fold01__candidate_339,completed,response,d49030f301fc10972368913bbfc6141aa638775e23f48bc8ad0055d5e48293a1,1.2759985760593966
vehicle_30s_baseline_relative,6,inner_validation,inner_train,nrmse_iqr,leave_one_view_out__fold01,False,True,leave_one_view_out__fold01__candidate_339,completed,response,d49030f301fc10972368913bbfc6141aa638775e23f48bc8ad0055d5e48293a1,0.7659744693579456
vehicle_30s_baseline_relative,6,inner_validation,inner_train,train_mean_baseline_rmse,leave_one_view_out__fold01,False,True,leave_one_view_out__fold01__candidate_339,completed,response,d49030f301fc10972368913bbfc6141aa638775e23f48bc8ad0055d5e48293a1,1.2411261006308119
vehicle_30s_baseline_relative,6,inner_validation,inner_train,rmse_ratio,leave_one_view_out__fold01,False,True,leave_one_view_out__fold01__candidate_339,completed,response,d49030f301fc10972368913bbfc6141aa638775e23f48bc8ad0055d5e48293a1,0.9489158458842591
vehicle_30s_baseline_relative,6,inner_validation,inner_train,response_skill,leave_one_view_out__fold01,False,True,leave_one_view_out__fold01__candidate_339,completed,response,d49030f301fc10972368913bbfc6141aa638775e23f48bc8ad0055d5e48293a1,0.09955871742976086
vehicle_30s_baseline_relative,6,inner_validation,inner_train,spearman,leave_one_view_out__fold01,False,True,leave_one_view_out__fold01__candidate_339,completed,response,d49030f301fc10972368913bbfc6141aa638775e23f48bc8ad0055d5e48293a1,0.21678321678321683
vehicle_30s_baseline_relative,6,inner_validation,inner_train,auprc,leave_one_view_out__fold01,False,True,leave_one_view_out__fold01__candidate_339,completed,high_response,d49030f301fc10972368913bbfc6141aa638775e23f48bc8ad0055d5e48293a1,0.7159090909090909
vehicle_30s_baseline_relative,6,inner_validation,inner_train,prevalence,leave_one_view_out__fold01,False,True,leave_one_view_out__fold01__candidate_339,completed,high_response,d49030f301fc10972368913bbfc6141aa638775e23f48bc8ad0055d5e48293a1,0.6666666666666666
vehicle_30s_baseline_relative,6,inner_validation,inner_train,random_baseline_auprc,leave_one_view_out__fold01,False,True,leave_one_view_out__fold01__candidate_339,completed,high_response,d49030f301fc10972368913bbfc6141aa638775e23f48bc8ad0055d5e48293a1,0.6666666666666666
vehicle_30s_baseline_relative,6,inner_validation,inner_train,normalized_ap,leave_one_view_out__fold01,False,True,leave_one_view_out__fold01__candidate_339,completed,high_response,d49030f301fc10972368913bbfc6141aa638775e23f48bc8ad0055d5e48293a1,0.1477272727272729
vehicle_30s_baseline_relative,6,inner_validation,inner_train,auprc_lift,leave_one_view_out__fold01,False,True,leave_one_view_out__fold01__candidate_339,completed,high_response,d49030f301fc10972368913bbfc6141aa638775e23f48bc8ad0055d5e48293a1,0.04924242424242431
vehicle_30s_baseline_relative,6,inner_validation,inner_train,auroc,leave_one_view_out__fold01,False,True,leave_one_view_out__fold01__candidate_339,completed,high_response,d49030f301fc10972368913bbfc6141aa638775e23f48bc8ad0055d5e48293a1,0.59375
vehicle_30s_baseline_relative,6,inner_validation,inner_train,balanced_accuracy,leave_one_view_out__fold01,False,True,leave_one_view_out__fold01__candidate_339,completed,high_response,d49030f301fc10972368913bbfc6141aa638775e23f48bc8ad0055d5e48293a1,0.5
vehicle_30s_baseline_relative,6,inner_validation,inner_train,macro_f1,leave_one_view_out__fold01,False,True,leave_one_view_out__fold01__candidate_353,completed,maneuver,f1ddae33af89bc208d97290f0e03c19c4d93c0cd3b4e08a59452657e405013ac,1.0
vehicle_30s_baseline_relative,6,inner_validation,inner_train,support_aware_macro_f1,leave_one_view_out__fold01,False,True,leave_one_view_out__fold01__candidate_353,completed,maneuver,f1ddae33af89bc208d97290f0e03c19c4d93c0cd3b4e08a59452657e405013ac,1.0
vehicle_30s_baseline_relative,6,inner_validation,inner_train,majority_macro_f1,leave_one_view_out__fold01,False,True,leave_one_view_out__fold01__candidate_353,completed,maneuver,f1ddae33af89bc208d97290f0e03c19c4d93c0cd3b4e08a59452657e405013ac,0.13333333333333333
vehicle_30s_baseline_relative,6,inner_validation,inner_train,macro_f1_lift,leave_one_view_out__fold01,False,True,leave_one_view_out__fold01__candidate_353,completed,maneuver,f1ddae33af89bc208d97290f0e03c19c4d93c0cd3b4e08a59452657e405013ac,0.8666666666666667
vehicle_30s_baseline_relative,6,inner_validation,inner_train,recall_low,leave_one_view_out__fold01,False,True,leave_one_view_out__fold01__candidate_353,completed,maneuver,f1ddae33af89bc208d97290f0e03c19c4d93c0cd3b4e08a59452657e405013ac,1.0
vehicle_30s_baseline_relative,6,inner_validation,inner_train,recall_medium,leave_one_view_out__fold01,False,True,leave_one_view_out__fold01__candidate_353,completed,maneuver,f1ddae33af89bc208d97290f0e03c19c4d93c0cd3b4e08a59452657e405013ac,1.0
vehicle_30s_baseline_relative,6,inner_validation,inner_train,recall_high,leave_one_view_out__fold01,False,True,leave_one_view_out__fold01__candidate_353,completed,maneuver,f1ddae33af89bc208d97290f0e03c19c4d93c0cd3b4e08a59452657e405013ac,1.0
vehicle_30s_baseline_relative,6,inner_validation,inner_train,minimum_class_recall,leave_one_view_out__fold01,False,True,leave_one_view_out__fold01__candidate_353,completed,maneuver,f1ddae33af89bc208d97290f0e03c19c4d93c0cd3b4e08a59452657e405013ac,1.0
vehicle_30s_baseline_relative,6,inner_validation,inner_train,ordinal_mae,leave_one_view_out__fold01,False,True,leave_one_view_out__fold01__candidate_353,completed,maneuver,f1ddae33af89bc208d97290f0e03c19c4d93c0cd3b4e08a59452657e405013ac,0.0
vehicle_30s_baseline_relative,6,inner_validation,inner_train,score_mae,leave_one_view_out__fold01,False,True,leave_one_view_out__fold01__candidate_353,completed,maneuver,f1ddae33af89bc208d97290f0e03c19c4d93c0cd3b4e08a59452657e405013ac,0.5167664195328717
vehicle_30s_baseline_relative,6,inner_validation,inner_train,score_spearman,leave_one_view_out__fold01,False,True,leave_one_view_out__fold01__candidate_353,completed,maneuver,f1ddae33af89bc208d97290f0e03c19c4d93c0cd3b4e08a59452657e405013ac,0.8881118881118882
vehicle_30s_baseline_relative,6,inner_validation,inner_train,rmse,leave_one_view_out__fold01,False,True,leave_one_view_out__fold01__candidate_353,completed,response,f1ddae33af89bc208d97290f0e03c19c4d93c0cd3b4e08a59452657e405013ac,1.1380641843308268
vehicle_30s_baseline_relative,6,inner_validation,inner_train,mae,leave_one_view_out__fold01,False,True,leave_one_view_out__fold01__candidate_353,completed,response,f1ddae33af89bc208d97290f0e03c19c4d93c0cd3b4e08a59452657e405013ac,0.997803023063732
vehicle_30s_baseline_relative,6,inner_validation,inner_train,validation_std,leave_one_view_out__fold01,False,True,leave_one_view_out__fold01__candidate_353,completed,response,f1ddae33af89bc208d97290f0e03c19c4d93c0cd3b4e08a59452657e405013ac,0.8091453454981316
vehicle_30s_baseline_relative,6,inner_validation,inner_train,validation_iqr,leave_one_view_out__fold01,False,True,leave_one_view_out__fold01__candidate_353,completed,response,f1ddae33af89bc208d97290f0e03c19c4d93c0cd3b4e08a59452657e405013ac,1.218839946496964
vehicle_30s_baseline_relative,6,inner_validation,inner_train,nrmse_std,leave_one_view_out__fold01,False,True,leave_one_view_out__fold01__candidate_353,completed,response,f1ddae33af89bc208d97290f0e03c19c4d93c0cd3b4e08a59452657e405013ac,1.4065015521163309
vehicle_30s_baseline_relative,6,inner_validation,inner_train,nrmse_iqr,leave_one_view_out__fold01,False,True,leave_one_view_out__fold01__candidate_353,completed,response,f1ddae33af89bc208d97290f0e03c19c4d93c0cd3b4e08a59452657e405013ac,0.9337273426274774
vehicle_30s_baseline_relative,6,inner_validation,inner_train,train_mean_baseline_rmse,leave_one_view_out__fold01,False,True,leave_one_view_out__fold01__candidate_353,completed,response,f1ddae33af89bc208d97290f0e03c19c4d93c0cd3b4e08a59452657e405013ac,0.9551898219217477
vehicle_30s_baseline_relative,6,inner_validation,inner_train,rmse_ratio,leave_one_view_out__fold01,False,True,leave_one_view_out__fold01__candidate_353,completed,response,f1ddae33af89bc208d97290f0e03c19c4d93c0cd3b4e08a59452657e405013ac,1.1914534244524861
vehicle_30s_baseline_relative,6,inner_validation,inner_train,response_skill,leave_one_view_out__fold01,False,True,leave_one_view_out__fold01__candidate_353,completed,response,f1ddae33af89bc208d97290f0e03c19c4d93c0cd3b4e08a59452657e405013ac,-0.41956126263955595
vehicle_30s_baseline_relative,6,inner_validation,inner_train,spearman,leave_one_view_out__fold01,False,True,leave_one_view_out__fold01__candidate_353,completed,response,f1ddae33af89bc208d97290f0e03c19c4d93c0cd3b4e08a59452657e405013ac,-0.2517482517482518
vehicle_30s_baseline_relative,6,inner_validation,inner_train,auprc,leave_one_view_out__fold01,False,True,leave_one_view_out__fold01__candidate_353,completed,high_response,f1ddae33af89bc208d97290f0e03c19c4d93c0cd3b4e08a59452657e405013ac,0.3821789321789321
vehicle_30s_baseline_relative,6,inner_validation,inner_train,prevalence,leave_one_view_out__fold01,False,True,leave_one_view_out__fold01__candidate_353,completed,high_response,f1ddae33af89bc208d97290f0e03c19c4d93c0cd3b4e08a59452657e405013ac,0.4166666666666667
vehicle_30s_baseline_relative,6,inner_validation,inner_train,random_baseline_auprc,leave_one_view_out__fold01,False,True,leave_one_view_out__fold01__candidate_353,completed,high_response,f1ddae33af89bc208d97290f0e03c19c4d93c0cd3b4e08a59452657e405013ac,0.4166666666666667
vehicle_30s_baseline_relative,6,inner_validation,inner_train,normalized_ap,leave_one_view_out__fold01,False,True,leave_one_view_out__fold01__candidate_353,completed,high_response,f1ddae33af89bc208d97290f0e03c19c4d93c0cd3b4e08a59452657e405013ac,-0.05912183055040212
vehicle_30s_baseline_relative,6,inner_validation,inner_train,auprc_lift,leave_one_view_out__fold01,False,True,leave_one_view_out__fold01__candidate_353,completed,high_response,f1ddae33af89bc208d97290f0e03c19c4d93c0cd3b4e08a59452657e405013ac,-0.03448773448773457
vehicle_30s_baseline_relative,6,inner_validation,inner_train,auroc,leave_one_view_out__fold01,False,True,leave_one_view_out__fold01__candidate_353,completed,high_response,f1ddae33af89bc208d97290f0e03c19c4d93c0cd3b4e08a59452657e405013ac,0.37142857142857144
vehicle_30s_baseline_relative,6,inner_validation,inner_train,balanced_accuracy,leave_one_view_out__fold01,False,True,leave_one_view_out__fold01__candidate_353,completed,high_response,f1ddae33af89bc208d97290f0e03c19c4d93c0cd3b4e08a59452657e405013ac,0.3857142857142857
vehicle_30s_baseline_relative,6,inner_validation,inner_train,macro_f1,leave_one_view_out__fold02,False,True,leave_one_view_out__fold02__candidate_328,completed,maneuver,76857c61556d36c9eb8d7060ea53eb10f2e65e3f7b2a4854ab4c6016248a0b48,0.561111111111111
vehicle_30s_baseline_relative,6,inner_validation,inner_train,support_aware_macro_f1,leave_one_view_out__fold02,False,True,leave_one_view_out__fold02__candidate_328,completed,maneuver,76857c61556d36c9eb8d7060ea53eb10f2e65e3f7b2a4854ab4c6016248a0b48,0.561111111111111
vehicle_30s_baseline_relative,6,inner_validation,inner_train,majority_macro_f1,leave_one_view_out__fold02,False,True,leave_one_view_out__fold02__candidate_328,completed,maneuver,76857c61556d36c9eb8d7060ea53eb10f2e65e3f7b2a4854ab4c6016248a0b48,0.19607843137254902
vehicle_30s_baseline_relative,6,inner_validation,inner_train,macro_f1_lift,leave_one_view_out__fold02,False,True,leave_one_view_out__fold02__candidate_328,completed,maneuver,76857c61556d36c9eb8d7060ea53eb10f2e65e3f7b2a4854ab4c6016248a0b48,0.365032679738562
vehicle_30s_baseline_relative,6,inner_validation,inner_train,recall_low,leave_one_view_out__fold02,False,True,leave_one_view_out__fold02__candidate_328,completed,maneuver,76857c61556d36c9eb8d7060ea53eb10f2e65e3f7b2a4854ab4c6016248a0b48,0.2
vehicle_30s_baseline_relative,6,inner_validation,inner_train,recall_medium,leave_one_view_out__fold02,False,True,leave_one_view_out__fold02__candidate_328,completed,maneuver,76857c61556d36c9eb8d7060ea53eb10f2e65e3f7b2a4854ab4c6016248a0b48,0.75
vehicle_30s_baseline_relative,6,inner_validation,inner_train,recall_high,leave_one_view_out__fold02,False,True,leave_one_view_out__fold02__candidate_328,completed,maneuver,76857c61556d36c9eb8d7060ea53eb10f2e65e3f7b2a4854ab4c6016248a0b48,1.0
vehicle_30s_baseline_relative,6,inner_validation,inner_train,minimum_class_recall,leave_one_view_out__fold02,False,True,leave_one_view_out__fold02__candidate_328,completed,maneuver,76857c61556d36c9eb8d7060ea53eb10f2e65e3f7b2a4854ab4c6016248a0b48,0.2
vehicle_30s_baseline_relative,6,inner_validation,inner_train,ordinal_mae,leave_one_view_out__fold02,False,True,leave_one_view_out__fold02__candidate_328,completed,maneuver,76857c61556d36c9eb8d7060ea53eb10f2e65e3f7b2a4854ab4c6016248a0b48,0.6666666666666666
vehicle_30s_baseline_relative,6,inner_validation,inner_train,score_mae,leave_one_view_out__fold02,False,True,leave_one_view_out__fold02__candidate_328,completed,maneuver,76857c61556d36c9eb8d7060ea53eb10f2e65e3f7b2a4854ab4c6016248a0b48,0.8724284833100092
vehicle_30s_baseline_relative,6,inner_validation,inner_train,score_spearman,leave_one_view_out__fold02,False,True,leave_one_view_out__fold02__candidate_328,completed,maneuver,76857c61556d36c9eb8d7060ea53eb10f2e65e3f7b2a4854ab4c6016248a0b48,0.4895104895104896
vehicle_30s_baseline_relative,6,inner_validation,inner_train,rmse,leave_one_view_out__fold02,False,True,leave_one_view_out__fold02__candidate_328,completed,response,76857c61556d36c9eb8d7060ea53eb10f2e65e3f7b2a4854ab4c6016248a0b48,0.9367776910959434
vehicle_30s_baseline_relative,6,inner_validation,inner_train,mae,leave_one_view_out__fold02,False,True,leave_one_view_out__fold02__candidate_328,completed,response,76857c61556d36c9eb8d7060ea53eb10f2e65e3f7b2a4854ab4c6016248a0b48,0.8172767561242656
vehicle_30s_baseline_relative,6,inner_validation,inner_train,validation_std,leave_one_view_out__fold02,False,True,leave_one_view_out__fold02__candidate_328,completed,response,76857c61556d36c9eb8d7060ea53eb10f2e65e3f7b2a4854ab4c6016248a0b48,0.6661100828266592
vehicle_30s_baseline_relative,6,inner_validation,inner_train,validation_iqr,leave_one_view_out__fold02,False,True,leave_one_view_out__fold02__candidate_328,completed,response,76857c61556d36c9eb8d7060ea53eb10f2e65e3f7b2a4854ab4c6016248a0b48,0.8168154939282022
vehicle_30s_baseline_relative,6,inner_validation,inner_train,nrmse_std,leave_one_view_out__fold02,False,True,leave_one_view_out__fold02__candidate_328,completed,response,76857c61556d36c9eb8d7060ea53eb10f2e65e3f7b2a4854ab4c6016248a0b48,1.4063406563682352
vehicle_30s_baseline_relative,6,inner_validation,inner_train,nrmse_iqr,leave_one_view_out__fold02,False,True,leave_one_view_out__fold02__candidate_328,completed,response,76857c61556d36c9eb8d7060ea53eb10f2e65e3f7b2a4854ab4c6016248a0b48,1.146865721891272
vehicle_30s_baseline_relative,6,inner_validation,inner_train,train_mean_baseline_rmse,leave_one_view_out__fold02,False,True,leave_one_view_out__fold02__candidate_328,completed,response,76857c61556d36c9eb8d7060ea53eb10f2e65e3f7b2a4854ab4c6016248a0b48,0.760282844198373
vehicle_30s_baseline_relative,6,inner_validation,inner_train,rmse_ratio,leave_one_view_out__fold02,False,True,leave_one_view_out__fold02__candidate_328,completed,response,76857c61556d36c9eb8d7060ea53eb10f2e65e3f7b2a4854ab4c6016248a0b48,1.2321436663267906
vehicle_30s_baseline_relative,6,inner_validation,inner_train,response_skill,leave_one_view_out__fold02,False,True,leave_one_view_out__fold02__candidate_328,completed,response,76857c61556d36c9eb8d7060ea53eb10f2e65e3f7b2a4854ab4c6016248a0b48,-0.5181780144692254
vehicle_30s_baseline_relative,6,inner_validation,inner_train,spearman,leave_one_view_out__fold02,False,True,leave_one_view_out__fold02__candidate_328,completed,response,76857c61556d36c9eb8d7060ea53eb10f2e65e3f7b2a4854ab4c6016248a0b48,0.15384615384615385
vehicle_30s_baseline_relative,6,inner_validation,inner_train,auprc,leave_one_view_out__fold02,False,True,leave_one_view_out__fold02__candidate_328,completed,high_response,76857c61556d36c9eb8d7060ea53eb10f2e65e3f7b2a4854ab4c6016248a0b48,0.33714285714285713
vehicle_30s_baseline_relative,6,inner_validation,inner_train,prevalence,leave_one_view_out__fold02,False,True,leave_one_view_out__fold02__candidate_328,completed,high_response,76857c61556d36c9eb8d7060ea53eb10f2e65e3f7b2a4854ab4c6016248a0b48,0.4166666666666667
vehicle_30s_baseline_relative,6,inner_validation,inner_train,random_baseline_auprc,leave_one_view_out__fold02,False,True,leave_one_view_out__fold02__candidate_328,completed,high_response,76857c61556d36c9eb8d7060ea53eb10f2e65e3f7b2a4854ab4c6016248a0b48,0.4166666666666667
vehicle_30s_baseline_relative,6,inner_validation,inner_train,normalized_ap,leave_one_view_out__fold02,False,True,leave_one_view_out__fold02__candidate_328,completed,high_response,76857c61556d36c9eb8d7060ea53eb10f2e65e3f7b2a4854ab4c6016248a0b48,-0.13632653061224495
vehicle_30s_baseline_relative,6,inner_validation,inner_train,auprc_lift,leave_one_view_out__fold02,False,True,leave_one_view_out__fold02__candidate_328,completed,high_response,76857c61556d36c9eb8d7060ea53eb10f2e65e3f7b2a4854ab4c6016248a0b48,-0.07952380952380955
vehicle_30s_baseline_relative,6,inner_validation,inner_train,auroc,leave_one_view_out__fold02,False,True,leave_one_view_out__fold02__candidate_328,completed,high_response,76857c61556d36c9eb8d7060ea53eb10f2e65e3f7b2a4854ab4c6016248a0b48,0.2285714285714286
vehicle_30s_baseline_relative,6,inner_validation,inner_train,balanced_accuracy,leave_one_view_out__fold02,False,True,leave_one_view_out__fold02__candidate_328,completed,high_response,76857c61556d36c9eb8d7060ea53eb10f2e65e3f7b2a4854ab4c6016248a0b48,0.3857142857142857
vehicle_30s_baseline_relative,6,inner_validation,inner_train,macro_f1,leave_one_view_out__fold02,False,True,leave_one_view_out__fold02__candidate_329,completed,maneuver,09bd96f3f28027930e21282cb6cb1e34c79cb76197a270c426bd70e119d43e13,0.6626984126984127
vehicle_30s_baseline_relative,6,inner_validation,inner_train,support_aware_macro_f1,leave_one_view_out__fold02,False,True,leave_one_view_out__fold02__candidate_329,completed,maneuver,09bd96f3f28027930e21282cb6cb1e34c79cb76197a270c426bd70e119d43e13,0.6626984126984127
vehicle_30s_baseline_relative,6,inner_validation,inner_train,majority_macro_f1,leave_one_view_out__fold02,False,True,leave_one_view_out__fold02__candidate_329,completed,maneuver,09bd96f3f28027930e21282cb6cb1e34c79cb76197a270c426bd70e119d43e13,0.13333333333333333
vehicle_30s_baseline_relative,6,inner_validation,inner_train,macro_f1_lift,leave_one_view_out__fold02,False,True,leave_one_view_out__fold02__candidate_329,completed,maneuver,09bd96f3f28027930e21282cb6cb1e34c79cb76197a270c426bd70e119d43e13,0.5293650793650794
vehicle_30s_baseline_relative,6,inner_validation,inner_train,recall_low,leave_one_view_out__fold02,False,True,leave_one_view_out__fold02__candidate_329,completed,maneuver,09bd96f3f28027930e21282cb6cb1e34c79cb76197a270c426bd70e119d43e13,1.0
vehicle_30s_baseline_relative,6,inner_validation,inner_train,recall_medium,leave_one_view_out__fold02,False,True,leave_one_view_out__fold02__candidate_329,completed,maneuver,09bd96f3f28027930e21282cb6cb1e34c79cb76197a270c426bd70e119d43e13,0.5
vehicle_30s_baseline_relative,6,inner_validation,inner_train,recall_high,leave_one_view_out__fold02,False,True,leave_one_view_out__fold02__candidate_329,completed,maneuver,09bd96f3f28027930e21282cb6cb1e34c79cb76197a270c426bd70e119d43e13,0.6
vehicle_30s_baseline_relative,6,inner_validation,inner_train,minimum_class_recall,leave_one_view_out__fold02,False,True,leave_one_view_out__fold02__candidate_329,completed,maneuver,09bd96f3f28027930e21282cb6cb1e34c79cb76197a270c426bd70e119d43e13,0.5
vehicle_30s_baseline_relative,6,inner_validation,inner_train,ordinal_mae,leave_one_view_out__fold02,False,True,leave_one_view_out__fold02__candidate_329,completed,maneuver,09bd96f3f28027930e21282cb6cb1e34c79cb76197a270c426bd70e119d43e13,0.4166666666666667
vehicle_30s_baseline_relative,6,inner_validation,inner_train,score_mae,leave_one_view_out__fold02,False,True,leave_one_view_out__fold02__candidate_329,completed,maneuver,09bd96f3f28027930e21282cb6cb1e34c79cb76197a270c426bd70e119d43e13,1.0857559718769199
vehicle_30s_baseline_relative,6,inner_validation,inner_train,score_spearman,leave_one_view_out__fold02,False,True,leave_one_view_out__fold02__candidate_329,completed,maneuver,09bd96f3f28027930e21282cb6cb1e34c79cb76197a270c426bd70e119d43e13,0.6573426573426573
vehicle_30s_baseline_relative,6,inner_validation,inner_train,rmse,leave_one_view_out__fold02,False,True,leave_one_view_out__fold02__candidate_329,completed,response,09bd96f3f28027930e21282cb6cb1e34c79cb76197a270c426bd70e119d43e13,0.9149557816858841
vehicle_30s_baseline_relative,6,inner_validation,inner_train,mae,leave_one_view_out__fold02,False,True,leave_one_view_out__fold02__candidate_329,completed,response,09bd96f3f28027930e21282cb6cb1e34c79cb76197a270c426bd70e119d43e13,0.7659752057550198
vehicle_30s_baseline_relative,6,inner_validation,inner_train,validation_std,leave_one_view_out__fold02,False,True,leave_one_view_out__fold02__candidate_329,completed,response,09bd96f3f28027930e21282cb6cb1e34c79cb76197a270c426bd70e119d43e13,0.7444107826338696
vehicle_30s_baseline_relative,6,inner_validation,inner_train,validation_iqr,leave_one_view_out__fold02,False,True,leave_one_view_out__fold02__candidate_329,completed,response,09bd96f3f28027930e21282cb6cb1e34c79cb76197a270c426bd70e119d43e13,1.126261329695373
vehicle_30s_baseline_relative,6,inner_validation,inner_train,nrmse_std,leave_one_view_out__fold02,False,True,leave_one_view_out__fold02__candidate_329,completed,response,09bd96f3f28027930e21282cb6cb1e34c79cb76197a270c426bd70e119d43e13,1.229100656560338
vehicle_30s_baseline_relative,6,inner_validation,inner_train,nrmse_iqr,leave_one_view_out__fold02,False,True,leave_one_view_out__fold02__candidate_329,completed,response,09bd96f3f28027930e21282cb6cb1e34c79cb76197a270c426bd70e119d43e13,0.8123831987850972
vehicle_30s_baseline_relative,6,inner_validation,inner_train,train_mean_baseline_rmse,leave_one_view_out__fold02,False,True,leave_one_view_out__fold02__candidate_329,completed,response,09bd96f3f28027930e21282cb6cb1e34c79cb76197a270c426bd70e119d43e13,0.7887754436917268
vehicle_30s_baseline_relative,6,inner_validation,inner_train,rmse_ratio,leave_one_view_out__fold02,False,True,leave_one_view_out__fold02__candidate_329,completed,response,09bd96f3f28027930e21282cb6cb1e34c79cb76197a270c426bd70e119d43e13,1.159969911593079
vehicle_30s_baseline_relative,6,inner_validation,inner_train,response_skill,leave_one_view_out__fold02,False,True,leave_one_view_out__fold02__candidate_329,completed,response,09bd96f3f28027930e21282cb6cb1e34c79cb76197a270c426bd70e119d43e13,-0.34553019580125577
vehicle_30s_baseline_relative,6,inner_validation,inner_train,spearman,leave_one_view_out__fold02,False,True,leave_one_view_out__fold02__candidate_329,completed,response,09bd96f3f28027930e21282cb6cb1e34c79cb76197a270c426bd70e119d43e13,0.16783216783216784
vehicle_30s_baseline_relative,6,inner_validation,inner_train,auprc,leave_one_view_out__fold02,False,True,leave_one_view_out__fold02__candidate_329,completed,high_response,09bd96f3f28027930e21282cb6cb1e34c79cb76197a270c426bd70e119d43e13,0.4727272727272727
vehicle_30s_baseline_relative,6,inner_validation,inner_train,prevalence,leave_one_view_out__fold02,False,True,leave_one_view_out__fold02__candidate_329,completed,high_response,09bd96f3f28027930e21282cb6cb1e34c79cb76197a270c426bd70e119d43e13,0.4166666666666667
vehicle_30s_baseline_relative,6,inner_validation,inner_train,random_baseline_auprc,leave_one_view_out__fold02,False,True,leave_one_view_out__fold02__candidate_329,completed,high_response,09bd96f3f28027930e21282cb6cb1e34c79cb76197a270c426bd70e119d43e13,0.4166666666666667
vehicle_30s_baseline_relative,6,inner_validation,inner_train,normalized_ap,leave_one_view_out__fold02,False,True,leave_one_view_out__fold02__candidate_329,completed,high_response,09bd96f3f28027930e21282cb6cb1e34c79cb76197a270c426bd70e119d43e13,0.09610389610389607
vehicle_30s_baseline_relative,6,inner_validation,inner_train,auprc_lift,leave_one_view_out__fold02,False,True,leave_one_view_out__fold02__candidate_329,completed,high_response,09bd96f3f28027930e21282cb6cb1e34c79cb76197a270c426bd70e119d43e13,0.05606060606060603
vehicle_30s_baseline_relative,6,inner_validation,inner_train,auroc,leave_one_view_out__fold02,False,True,leave_one_view_out__fold02__candidate_329,completed,high_response,09bd96f3f28027930e21282cb6cb1e34c79cb76197a270c426bd70e119d43e13,0.2571428571428572
vehicle_30s_baseline_relative,6,inner_validation,inner_train,balanced_accuracy,leave_one_view_out__fold02,False,True,leave_one_view_out__fold02__candidate_329,completed,high_response,09bd96f3f28027930e21282cb6cb1e34c79cb76197a270c426bd70e119d43e13,0.24285714285714285
vehicle_30s_baseline_relative,6,inner_validation,inner_train,macro_f1,leave_one_view_out__fold01,False,True,leave_one_view_out__fold01__candidate_340,completed,maneuver,c8bb55db2e84fca264b1421bfe060cb36e07fbf025a5f825bde808b31ad5f850,1.0
vehicle_30s_baseline_relative,6,inner_validation,inner_train,support_aware_macro_f1,leave_one_view_out__fold01,False,True,leave_one_view_out__fold01__candidate_340,completed,maneuver,c8bb55db2e84fca264b1421bfe060cb36e07fbf025a5f825bde808b31ad5f850,1.0
vehicle_30s_baseline_relative,6,inner_validation,inner_train,majority_macro_f1,leave_one_view_out__fold01,False,True,leave_one_view_out__fold01__candidate_340,completed,maneuver,c8bb55db2e84fca264b1421bfe060cb36e07fbf025a5f825bde808b31ad5f850,0.13333333333333333
vehicle_30s_baseline_relative,6,inner_validation,inner_train,macro_f1_lift,leave_one_view_out__fold01,False,True,leave_one_view_out__fold01__candidate_340,completed,maneuver,c8bb55db2e84fca264b1421bfe060cb36e07fbf025a5f825bde808b31ad5f850,0.8666666666666667
vehicle_30s_baseline_relative,6,inner_validation,inner_train,recall_low,leave_one_view_out__fold01,False,True,leave_one_view_out__fold01__candidate_340,completed,maneuver,c8bb55db2e84fca264b1421bfe060cb36e07fbf025a5f825bde808b31ad5f850,1.0
vehicle_30s_baseline_relative,6,inner_validation,inner_train,recall_medium,leave_one_view_out__fold01,False,True,leave_one_view_out__fold01__candidate_340,completed,maneuver,c8bb55db2e84fca264b1421bfe060cb36e07fbf025a5f825bde808b31ad5f850,1.0
vehicle_30s_baseline_relative,6,inner_validation,inner_train,recall_high,leave_one_view_out__fold01,False,True,leave_one_view_out__fold01__candidate_340,completed,maneuver,c8bb55db2e84fca264b1421bfe060cb36e07fbf025a5f825bde808b31ad5f850,1.0
vehicle_30s_baseline_relative,6,inner_validation,inner_train,minimum_class_recall,leave_one_view_out__fold01,False,True,leave_one_view_out__fold01__candidate_340,completed,maneuver,c8bb55db2e84fca264b1421bfe060cb36e07fbf025a5f825bde808b31ad5f850,1.0
vehicle_30s_baseline_relative,6,inner_validation,inner_train,ordinal_mae,leave_one_view_out__fold01,False,True,leave_one_view_out__fold01__candidate_340,completed,maneuver,c8bb55db2e84fca264b1421bfe060cb36e07fbf025a5f825bde808b31ad5f850,0.0
vehicle_30s_baseline_relative,6,inner_validation,inner_train,score_mae,leave_one_view_out__fold01,False,True,leave_one_view_out__fold01__candidate_340,completed,maneuver,c8bb55db2e84fca264b1421bfe060cb36e07fbf025a5f825bde808b31ad5f850,0.5876531563515798
vehicle_30s_baseline_relative,6,inner_validation,inner_train,score_spearman,leave_one_view_out__fold01,False,True,leave_one_view_out__fold01__candidate_340,completed,maneuver,c8bb55db2e84fca264b1421bfe060cb36e07fbf025a5f825bde808b31ad5f850,0.9300699300699302
vehicle_30s_baseline_relative,6,inner_validation,inner_train,rmse,leave_one_view_out__fold01,False,True,leave_one_view_out__fold01__candidate_340,completed,response,c8bb55db2e84fca264b1421bfe060cb36e07fbf025a5f825bde808b31ad5f850,1.1121632128851529
vehicle_30s_baseline_relative,6,inner_validation,inner_train,mae,leave_one_view_out__fold01,False,True,leave_one_view_out__fold01__candidate_340,completed,response,c8bb55db2e84fca264b1421bfe060cb36e07fbf025a5f825bde808b31ad5f850,0.9365795228387669
vehicle_30s_baseline_relative,6,inner_validation,inner_train,validation_std,leave_one_view_out__fold01,False,True,leave_one_view_out__fold01__candidate_340,completed,response,c8bb55db2e84fca264b1421bfe060cb36e07fbf025a5f825bde808b31ad5f850,0.7738225567538186
vehicle_30s_baseline_relative,6,inner_validation,inner_train,validation_iqr,leave_one_view_out__fold01,False,True,leave_one_view_out__fold01__candidate_340,completed,response,c8bb55db2e84fca264b1421bfe060cb36e07fbf025a5f825bde808b31ad5f850,1.1164541279861386
vehicle_30s_baseline_relative,6,inner_validation,inner_train,nrmse_std,leave_one_view_out__fold01,False,True,leave_one_view_out__fold01__candidate_340,completed,response,c8bb55db2e84fca264b1421bfe060cb36e07fbf025a5f825bde808b31ad5f850,1.437232868411941
vehicle_30s_baseline_relative,6,inner_validation,inner_train,nrmse_iqr,leave_one_view_out__fold01,False,True,leave_one_view_out__fold01__candidate_340,completed,response,c8bb55db2e84fca264b1421bfe060cb36e07fbf025a5f825bde808b31ad5f850,0.9961566579464167
vehicle_30s_baseline_relative,6,inner_validation,inner_train,train_mean_baseline_rmse,leave_one_view_out__fold01,False,True,leave_one_view_out__fold01__candidate_340,completed,response,c8bb55db2e84fca264b1421bfe060cb36e07fbf025a5f825bde808b31ad5f850,0.9520832805389658
vehicle_30s_baseline_relative,6,inner_validation,inner_train,rmse_ratio,leave_one_view_out__fold01,False,True,leave_one_view_out__fold01__candidate_340,completed,response,c8bb55db2e84fca264b1421bfe060cb36e07fbf025a5f825bde808b31ad5f850,1.1681364809342805
vehicle_30s_baseline_relative,6,inner_validation,inner_train,response_skill,leave_one_view_out__fold01,False,True,leave_one_view_out__fold01__candidate_340,completed,response,c8bb55db2e84fca264b1421bfe060cb36e07fbf025a5f825bde808b31ad5f850,-0.3645428380895246
vehicle_30s_baseline_relative,6,inner_validation,inner_train,spearman,leave_one_view_out__fold01,False,True,leave_one_view_out__fold01__candidate_340,completed,response,c8bb55db2e84fca264b1421bfe060cb36e07fbf025a5f825bde808b31ad5f850,-0.034965034965034975
vehicle_30s_baseline_relative,6,inner_validation,inner_train,auprc,leave_one_view_out__fold01,False,True,leave_one_view_out__fold01__candidate_340,completed,high_response,c8bb55db2e84fca264b1421bfe060cb36e07fbf025a5f825bde808b31ad5f850,0.5897186147186146
vehicle_30s_baseline_relative,6,inner_validation,inner_train,prevalence,leave_one_view_out__fold01,False,True,leave_one_view_out__fold01__candidate_340,completed,high_response,c8bb55db2e84fca264b1421bfe060cb36e07fbf025a5f825bde808b31ad5f850,0.5833333333333334
vehicle_30s_baseline_relative,6,inner_validation,inner_train,random_baseline_auprc,leave_one_view_out__fold01,False,True,leave_one_view_out__fold01__candidate_340,completed,high_response,c8bb55db2e84fca264b1421bfe060cb36e07fbf025a5f825bde808b31ad5f850,0.5833333333333334
vehicle_30s_baseline_relative,6,inner_validation,inner_train,normalized_ap,leave_one_view_out__fold01,False,True,leave_one_view_out__fold01__candidate_340,completed,high_response,c8bb55db2e84fca264b1421bfe060cb36e07fbf025a5f825bde808b31ad5f850,0.015324675324675054
vehicle_30s_baseline_relative,6,inner_validation,inner_train,auprc_lift,leave_one_view_out__fold01,False,True,leave_one_view_out__fold01__candidate_340,completed,high_response,c8bb55db2e84fca264b1421bfe060cb36e07fbf025a5f825bde808b31ad5f850,0.006385281385281272
vehicle_30s_baseline_relative,6,inner_validation,inner_train,auroc,leave_one_view_out__fold01,False,True,leave_one_view_out__fold01__candidate_340,completed,high_response,c8bb55db2e84fca264b1421bfe060cb36e07fbf025a5f825bde808b31ad5f850,0.4857142857142857
vehicle_30s_baseline_relative,6,inner_validation,inner_train,balanced_accuracy,leave_one_view_out__fold01,False,True,leave_one_view_out__fold01__candidate_340,completed,high_response,c8bb55db2e84fca264b1421bfe060cb36e07fbf025a5f825bde808b31ad5f850,0.4714285714285714
vehicle_30s_baseline_relative,6,inner_validation,inner_train,macro_f1,leave_one_view_out__fold01,False,True,leave_one_view_out__fold01__candidate_327,completed,maneuver,ef23ad8b080593cb9c8caaa4a57c59a5dc23c5987cd8d56c0f61e753cf15435c,0.8222222222222223
vehicle_30s_baseline_relative,6,inner_validation,inner_train,support_aware_macro_f1,leave_one_view_out__fold01,False,True,leave_one_view_out__fold01__candidate_327,completed,maneuver,ef23ad8b080593cb9c8caaa4a57c59a5dc23c5987cd8d56c0f61e753cf15435c,0.8222222222222223
vehicle_30s_baseline_relative,6,inner_validation,inner_train,majority_macro_f1,leave_one_view_out__fold01,False,True,leave_one_view_out__fold01__candidate_327,completed,maneuver,ef23ad8b080593cb9c8caaa4a57c59a5dc23c5987cd8d56c0f61e753cf15435c,0.19607843137254902
vehicle_30s_baseline_relative,6,inner_validation,inner_train,macro_f1_lift,leave_one_view_out__fold01,False,True,leave_one_view_out__fold01__candidate_327,completed,maneuver,ef23ad8b080593cb9c8caaa4a57c59a5dc23c5987cd8d56c0f61e753cf15435c,0.6261437908496733
vehicle_30s_baseline_relative,6,inner_validation,inner_train,recall_low,leave_one_view_out__fold01,False,True,leave_one_view_out__fold01__candidate_327,completed,maneuver,ef23ad8b080593cb9c8caaa4a57c59a5dc23c5987cd8d56c0f61e753cf15435c,0.8
vehicle_30s_baseline_relative,6,inner_validation,inner_train,recall_medium,leave_one_view_out__fold01,False,True,leave_one_view_out__fold01__candidate_327,completed,maneuver,ef23ad8b080593cb9c8caaa4a57c59a5dc23c5987cd8d56c0f61e753cf15435c,0.6666666666666666
vehicle_30s_baseline_relative,6,inner_validation,inner_train,recall_high,leave_one_view_out__fold01,False,True,leave_one_view_out__fold01__candidate_327,completed,maneuver,ef23ad8b080593cb9c8caaa4a57c59a5dc23c5987cd8d56c0f61e753cf15435c,1.0
vehicle_30s_baseline_relative,6,inner_validation,inner_train,minimum_class_recall,leave_one_view_out__fold01,False,True,leave_one_view_out__fold01__candidate_327,completed,maneuver,ef23ad8b080593cb9c8caaa4a57c59a5dc23c5987cd8d56c0f61e753cf15435c,0.6666666666666666
vehicle_30s_baseline_relative,6,inner_validation,inner_train,ordinal_mae,leave_one_view_out__fold01,False,True,leave_one_view_out__fold01__candidate_327,completed,maneuver,ef23ad8b080593cb9c8caaa4a57c59a5dc23c5987cd8d56c0f61e753cf15435c,0.16666666666666666
vehicle_30s_baseline_relative,6,inner_validation,inner_train,score_mae,leave_one_view_out__fold01,False,True,leave_one_view_out__fold01__candidate_327,completed,maneuver,ef23ad8b080593cb9c8caaa4a57c59a5dc23c5987cd8d56c0f61e753cf15435c,0.6034174713759868
vehicle_30s_baseline_relative,6,inner_validation,inner_train,score_spearman,leave_one_view_out__fold01,False,True,leave_one_view_out__fold01__candidate_327,completed,maneuver,ef23ad8b080593cb9c8caaa4a57c59a5dc23c5987cd8d56c0f61e753cf15435c,0.7972027972027973
vehicle_30s_baseline_relative,6,inner_validation,inner_train,rmse,leave_one_view_out__fold01,False,True,leave_one_view_out__fold01__candidate_327,completed,response,ef23ad8b080593cb9c8caaa4a57c59a5dc23c5987cd8d56c0f61e753cf15435c,1.1606522047037993
vehicle_30s_baseline_relative,6,inner_validation,inner_train,mae,leave_one_view_out__fold01,False,True,leave_one_view_out__fold01__candidate_327,completed,response,ef23ad8b080593cb9c8caaa4a57c59a5dc23c5987cd8d56c0f61e753cf15435c,0.978177546642527
vehicle_30s_baseline_relative,6,inner_validation,inner_train,validation_std,leave_one_view_out__fold01,False,True,leave_one_view_out__fold01__candidate_327,completed,response,ef23ad8b080593cb9c8caaa4a57c59a5dc23c5987cd8d56c0f61e753cf15435c,0.7424450098311778
vehicle_30s_baseline_relative,6,inner_validation,inner_train,validation_iqr,leave_one_view_out__fold01,False,True,leave_one_view_out__fold01__candidate_327,completed,response,ef23ad8b080593cb9c8caaa4a57c59a5dc23c5987cd8d56c0f61e753cf15435c,0.8094986823286678
vehicle_30s_baseline_relative,6,inner_validation,inner_train,nrmse_std,leave_one_view_out__fold01,False,True,leave_one_view_out__fold01__candidate_327,completed,response,ef23ad8b080593cb9c8caaa4a57c59a5dc23c5987cd8d56c0f61e753cf15435c,1.563283730559003
vehicle_30s_baseline_relative,6,inner_validation,inner_train,nrmse_iqr,leave_one_view_out__fold01,False,True,leave_one_view_out__fold01__candidate_327,completed,response,ef23ad8b080593cb9c8caaa4a57c59a5dc23c5987cd8d56c0f61e753cf15435c,1.4337913452372466
vehicle_30s_baseline_relative,6,inner_validation,inner_train,train_mean_baseline_rmse,leave_one_view_out__fold01,False,True,leave_one_view_out__fold01__candidate_327,completed,response,ef23ad8b080593cb9c8caaa4a57c59a5dc23c5987cd8d56c0f61e753cf15435c,0.9686999988458442
vehicle_30s_baseline_relative,6,inner_validation,inner_train,rmse_ratio,leave_one_view_out__fold01,False,True,leave_one_view_out__fold01__candidate_327,completed,response,ef23ad8b080593cb9c8caaa4a57c59a5dc23c5987cd8d56c0f61e753cf15435c,1.1981544400605513
vehicle_30s_baseline_relative,6,inner_validation,inner_train,response_skill,leave_one_view_out__fold01,False,True,leave_one_view_out__fold01__candidate_327,completed,response,ef23ad8b080593cb9c8caaa4a57c59a5dc23c5987cd8d56c0f61e753cf15435c,-0.4355740622368136
vehicle_30s_baseline_relative,6,inner_validation,inner_train,spearman,leave_one_view_out__fold01,False,True,leave_one_view_out__fold01__candidate_327,completed,response,ef23ad8b080593cb9c8caaa4a57c59a5dc23c5987cd8d56c0f61e753cf15435c,0.20979020979020982
vehicle_30s_baseline_relative,6,inner_validation,inner_train,auprc,leave_one_view_out__fold01,False,True,leave_one_view_out__fold01__candidate_327,completed,high_response,ef23ad8b080593cb9c8caaa4a57c59a5dc23c5987cd8d56c0f61e753cf15435c,0.5578869047619047
vehicle_30s_baseline_relative,6,inner_validation,inner_train,prevalence,leave_one_view_out__fold01,False,True,leave_one_view_out__fold01__candidate_327,completed,high_response,ef23ad8b080593cb9c8caaa4a57c59a5dc23c5987cd8d56c0f61e753cf15435c,0.6666666666666666
vehicle_30s_baseline_relative,6,inner_validation,inner_train,random_baseline_auprc,leave_one_view_out__fold01,False,True,leave_one_view_out__fold01__candidate_327,completed,high_response,ef23ad8b080593cb9c8caaa4a57c59a5dc23c5987cd8d56c0f61e753cf15435c,0.6666666666666666
vehicle_30s_baseline_relative,6,inner_validation,inner_train,normalized_ap,leave_one_view_out__fold01,False,True,leave_one_view_out__fold01__candidate_327,completed,high_response,ef23ad8b080593cb9c8caaa4a57c59a5dc23c5987cd8d56c0f61e753cf15435c,-0.32633928571428567
vehicle_30s_baseline_relative,6,inner_validation,inner_train,auprc_lift,leave_one_view_out__fold01,False,True,leave_one_view_out__fold01__candidate_327,completed,high_response,ef23ad8b080593cb9c8caaa4a57c59a5dc23c5987cd8d56c0f61e753cf15435c,-0.1087797619047619
vehicle_30s_baseline_relative,6,inner_validation,inner_train,auroc,leave_one_view_out__fold01,False,True,leave_one_view_out__fold01__candidate_327,completed,high_response,ef23ad8b080593cb9c8caaa4a57c59a5dc23c5987cd8d56c0f61e753cf15435c,0.25
vehicle_30s_baseline_relative,6,inner_validation,inner_train,balanced_accuracy,leave_one_view_out__fold01,False,True,leave_one_view_out__fold01__candidate_327,completed,high_response,ef23ad8b080593cb9c8caaa4a57c59a5dc23c5987cd8d56c0f61e753cf15435c,0.375
vehicle_30s_rank,7,inner_validation,inner_train,macro_f1,leave_one_view_out__fold01,False,True,leave_one_view_out__fold01__candidate_339,completed,maneuver,d49030f301fc10972368913bbfc6141aa638775e23f48bc8ad0055d5e48293a1,1.0
vehicle_30s_rank,7,inner_validation,inner_train,support_aware_macro_f1,leave_one_view_out__fold01,False,True,leave_one_view_out__fold01__candidate_339,completed,maneuver,d49030f301fc10972368913bbfc6141aa638775e23f48bc8ad0055d5e48293a1,1.0
vehicle_30s_rank,7,inner_validation,inner_train,majority_macro_f1,leave_one_view_out__fold01,False,True,leave_one_view_out__fold01__candidate_339,completed,maneuver,d49030f301fc10972368913bbfc6141aa638775e23f48bc8ad0055d5e48293a1,0.16666666666666666
vehicle_30s_rank,7,inner_validation,inner_train,macro_f1_lift,leave_one_view_out__fold01,False,True,leave_one_view_out__fold01__candidate_339,completed,maneuver,d49030f301fc10972368913bbfc6141aa638775e23f48bc8ad0055d5e48293a1,0.8333333333333334
vehicle_30s_rank,7,inner_validation,inner_train,recall_low,leave_one_view_out__fold01,False,True,leave_one_view_out__fold01__candidate_339,completed,maneuver,d49030f301fc10972368913bbfc6141aa638775e23f48bc8ad0055d5e48293a1,1.0
vehicle_30s_rank,7,inner_validation,inner_train,recall_medium,leave_one_view_out__fold01,False,True,leave_one_view_out__fold01__candidate_339,completed,maneuver,d49030f301fc10972368913bbfc6141aa638775e23f48bc8ad0055d5e48293a1,1.0
vehicle_30s_rank,7,inner_validation,inner_train,recall_high,leave_one_view_out__fold01,False,True,leave_one_view_out__fold01__candidate_339,completed,maneuver,d49030f301fc10972368913bbfc6141aa638775e23f48bc8ad0055d5e48293a1,1.0
vehicle_30s_rank,7,inner_validation,inner_train,minimum_class_recall,leave_one_view_out__fold01,False,True,leave_one_view_out__fold01__candidate_339,completed,maneuver,d49030f301fc10972368913bbfc6141aa638775e23f48bc8ad0055d5e48293a1,1.0
vehicle_30s_rank,7,inner_validation,inner_train,ordinal_mae,leave_one_view_out__fold01,False,True,leave_one_view_out__fold01__candidate_339,completed,maneuver,d49030f301fc10972368913bbfc6141aa638775e23f48bc8ad0055d5e48293a1,0.0
vehicle_30s_rank,7,inner_validation,inner_train,score_mae,leave_one_view_out__fold01,False,True,leave_one_view_out__fold01__candidate_339,completed,maneuver,d49030f301fc10972368913bbfc6141aa638775e23f48bc8ad0055d5e48293a1,0.42770476158608667
vehicle_30s_rank,7,inner_validation,inner_train,score_spearman,leave_one_view_out__fold01,False,True,leave_one_view_out__fold01__candidate_339,completed,maneuver,d49030f301fc10972368913bbfc6141aa638775e23f48bc8ad0055d5e48293a1,0.9370629370629372
vehicle_30s_rank,7,inner_validation,inner_train,rmse,leave_one_view_out__fold01,False,True,leave_one_view_out__fold01__candidate_339,completed,response,d49030f301fc10972368913bbfc6141aa638775e23f48bc8ad0055d5e48293a1,1.1785863510791939
vehicle_30s_rank,7,inner_validation,inner_train,mae,leave_one_view_out__fold01,False,True,leave_one_view_out__fold01__candidate_339,completed,response,d49030f301fc10972368913bbfc6141aa638775e23f48bc8ad0055d5e48293a1,1.0258157160039465
vehicle_30s_rank,7,inner_validation,inner_train,validation_std,leave_one_view_out__fold01,False,True,leave_one_view_out__fold01__candidate_339,completed,response,d49030f301fc10972368913bbfc6141aa638775e23f48bc8ad0055d5e48293a1,0.9229823964743179
vehicle_30s_rank,7,inner_validation,inner_train,validation_iqr,leave_one_view_out__fold01,False,True,leave_one_view_out__fold01__candidate_339,completed,response,d49030f301fc10972368913bbfc6141aa638775e23f48bc8ad0055d5e48293a1,1.5375502327333572
vehicle_30s_rank,7,inner_validation,inner_train,nrmse_std,leave_one_view_out__fold01,False,True,leave_one_view_out__fold01__candidate_339,completed,response,d49030f301fc10972368913bbfc6141aa638775e23f48bc8ad0055d5e48293a1,1.2769326431156784
vehicle_30s_rank,7,inner_validation,inner_train,nrmse_iqr,leave_one_view_out__fold01,False,True,leave_one_view_out__fold01__candidate_339,completed,response,d49030f301fc10972368913bbfc6141aa638775e23f48bc8ad0055d5e48293a1,0.7665351843392976
vehicle_30s_rank,7,inner_validation,inner_train,train_mean_baseline_rmse,leave_one_view_out__fold01,False,True,leave_one_view_out__fold01__candidate_339,completed,response,d49030f301fc10972368913bbfc6141aa638775e23f48bc8ad0055d5e48293a1,1.2411261006308119
vehicle_30s_rank,7,inner_validation,inner_train,rmse_ratio,leave_one_view_out__fold01,False,True,leave_one_view_out__fold01__candidate_339,completed,response,d49030f301fc10972368913bbfc6141aa638775e23f48bc8ad0055d5e48293a1,0.949610479128727
vehicle_30s_rank,7,inner_validation,inner_train,response_skill,leave_one_view_out__fold01,False,True,leave_one_view_out__fold01__candidate_339,completed,response,d49030f301fc10972368913bbfc6141aa638775e23f48bc8ad0055d5e48293a1,0.0982399379289095
vehicle_30s_rank,7,inner_validation,inner_train,spearman,leave_one_view_out__fold01,False,True,leave_one_view_out__fold01__candidate_339,completed,response,d49030f301fc10972368913bbfc6141aa638775e23f48bc8ad0055d5e48293a1,0.15384615384615385
vehicle_30s_rank,7,inner_validation,inner_train,auprc,leave_one_view_out__fold01,False,True,leave_one_view_out__fold01__candidate_339,completed,high_response,d49030f301fc10972368913bbfc6141aa638775e23f48bc8ad0055d5e48293a1,0.5957656926406927
vehicle_30s_rank,7,inner_validation,inner_train,prevalence,leave_one_view_out__fold01,False,True,leave_one_view_out__fold01__candidate_339,completed,high_response,d49030f301fc10972368913bbfc6141aa638775e23f48bc8ad0055d5e48293a1,0.6666666666666666
vehicle_30s_rank,7,inner_validation,inner_train,random_baseline_auprc,leave_one_view_out__fold01,False,True,leave_one_view_out__fold01__candidate_339,completed,high_response,d49030f301fc10972368913bbfc6141aa638775e23f48bc8ad0055d5e48293a1,0.6666666666666666
vehicle_30s_rank,7,inner_validation,inner_train,normalized_ap,leave_one_view_out__fold01,False,True,leave_one_view_out__fold01__candidate_339,completed,high_response,d49030f301fc10972368913bbfc6141aa638775e23f48bc8ad0055d5e48293a1,-0.21270292207792182
vehicle_30s_rank,7,inner_validation,inner_train,auprc_lift,leave_one_view_out__fold01,False,True,leave_one_view_out__fold01__candidate_339,completed,high_response,d49030f301fc10972368913bbfc6141aa638775e23f48bc8ad0055d5e48293a1,-0.07090097402597395
vehicle_30s_rank,7,inner_validation,inner_train,auroc,leave_one_view_out__fold01,False,True,leave_one_view_out__fold01__candidate_339,completed,high_response,d49030f301fc10972368913bbfc6141aa638775e23f48bc8ad0055d5e48293a1,0.28125
vehicle_30s_rank,7,inner_validation,inner_train,balanced_accuracy,leave_one_view_out__fold01,False,True,leave_one_view_out__fold01__candidate_339,completed,high_response,d49030f301fc10972368913bbfc6141aa638775e23f48bc8ad0055d5e48293a1,0.5
vehicle_30s_rank,7,inner_validation,inner_train,macro_f1,leave_one_view_out__fold01,False,True,leave_one_view_out__fold01__candidate_353,completed,maneuver,f1ddae33af89bc208d97290f0e03c19c4d93c0cd3b4e08a59452657e405013ac,1.0
vehicle_30s_rank,7,inner_validation,inner_train,support_aware_macro_f1,leave_one_view_out__fold01,False,True,leave_one_view_out__fold01__candidate_353,completed,maneuver,f1ddae33af89bc208d97290f0e03c19c4d93c0cd3b4e08a59452657e405013ac,1.0
vehicle_30s_rank,7,inner_validation,inner_train,majority_macro_f1,leave_one_view_out__fold01,False,True,leave_one_view_out__fold01__candidate_353,completed,maneuver,f1ddae33af89bc208d97290f0e03c19c4d93c0cd3b4e08a59452657e405013ac,0.13333333333333333
vehicle_30s_rank,7,inner_validation,inner_train,macro_f1_lift,leave_one_view_out__fold01,False,True,leave_one_view_out__fold01__candidate_353,completed,maneuver,f1ddae33af89bc208d97290f0e03c19c4d93c0cd3b4e08a59452657e405013ac,0.8666666666666667
vehicle_30s_rank,7,inner_validation,inner_train,recall_low,leave_one_view_out__fold01,False,True,leave_one_view_out__fold01__candidate_353,completed,maneuver,f1ddae33af89bc208d97290f0e03c19c4d93c0cd3b4e08a59452657e405013ac,1.0
vehicle_30s_rank,7,inner_validation,inner_train,recall_medium,leave_one_view_out__fold01,False,True,leave_one_view_out__fold01__candidate_353,completed,maneuver,f1ddae33af89bc208d97290f0e03c19c4d93c0cd3b4e08a59452657e405013ac,1.0
vehicle_30s_rank,7,inner_validation,inner_train,recall_high,leave_one_view_out__fold01,False,True,leave_one_view_out__fold01__candidate_353,completed,maneuver,f1ddae33af89bc208d97290f0e03c19c4d93c0cd3b4e08a59452657e405013ac,1.0
vehicle_30s_rank,7,inner_validation,inner_train,minimum_class_recall,leave_one_view_out__fold01,False,True,leave_one_view_out__fold01__candidate_353,completed,maneuver,f1ddae33af89bc208d97290f0e03c19c4d93c0cd3b4e08a59452657e405013ac,1.0
vehicle_30s_rank,7,inner_validation,inner_train,ordinal_mae,leave_one_view_out__fold01,False,True,leave_one_view_out__fold01__candidate_353,completed,maneuver,f1ddae33af89bc208d97290f0e03c19c4d93c0cd3b4e08a59452657e405013ac,0.0
vehicle_30s_rank,7,inner_validation,inner_train,score_mae,leave_one_view_out__fold01,False,True,leave_one_view_out__fold01__candidate_353,completed,maneuver,f1ddae33af89bc208d97290f0e03c19c4d93c0cd3b4e08a59452657e405013ac,0.49477655255447006
vehicle_30s_rank,7,inner_validation,inner_train,score_spearman,leave_one_view_out__fold01,False,True,leave_one_view_out__fold01__candidate_353,completed,maneuver,f1ddae33af89bc208d97290f0e03c19c4d93c0cd3b4e08a59452657e405013ac,0.8951048951048951
vehicle_30s_rank,7,inner_validation,inner_train,rmse,leave_one_view_out__fold01,False,True,leave_one_view_out__fold01__candidate_353,completed,response,f1ddae33af89bc208d97290f0e03c19c4d93c0cd3b4e08a59452657e405013ac,1.1250472046484998
vehicle_30s_rank,7,inner_validation,inner_train,mae,leave_one_view_out__fold01,False,True,leave_one_view_out__fold01__candidate_353,completed,response,f1ddae33af89bc208d97290f0e03c19c4d93c0cd3b4e08a59452657e405013ac,0.9971717924908724
vehicle_30s_rank,7,inner_validation,inner_train,validation_std,leave_one_view_out__fold01,False,True,leave_one_view_out__fold01__candidate_353,completed,response,f1ddae33af89bc208d97290f0e03c19c4d93c0cd3b4e08a59452657e405013ac,0.8091453454981316
vehicle_30s_rank,7,inner_validation,inner_train,validation_iqr,leave_one_view_out__fold01,False,True,leave_one_view_out__fold01__candidate_353,completed,response,f1ddae33af89bc208d97290f0e03c19c4d93c0cd3b4e08a59452657e405013ac,1.218839946496964
vehicle_30s_rank,7,inner_validation,inner_train,nrmse_std,leave_one_view_out__fold01,False,True,leave_one_view_out__fold01__candidate_353,completed,response,f1ddae33af89bc208d97290f0e03c19c4d93c0cd3b4e08a59452657e405013ac,1.3904142326319515
vehicle_30s_rank,7,inner_validation,inner_train,nrmse_iqr,leave_one_view_out__fold01,False,True,leave_one_view_out__fold01__candidate_353,completed,response,f1ddae33af89bc208d97290f0e03c19c4d93c0cd3b4e08a59452657e405013ac,0.923047532107861
vehicle_30s_rank,7,inner_validation,inner_train,train_mean_baseline_rmse,leave_one_view_out__fold01,False,True,leave_one_view_out__fold01__candidate_353,completed,response,f1ddae33af89bc208d97290f0e03c19c4d93c0cd3b4e08a59452657e405013ac,0.9551898219217477
vehicle_30s_rank,7,inner_validation,inner_train,rmse_ratio,leave_one_view_out__fold01,False,True,leave_one_view_out__fold01__candidate_353,completed,response,f1ddae33af89bc208d97290f0e03c19c4d93c0cd3b4e08a59452657e405013ac,1.1778257879517768
vehicle_30s_rank,7,inner_validation,inner_train,response_skill,leave_one_view_out__fold01,False,True,leave_one_view_out__fold01__candidate_353,completed,response,f1ddae33af89bc208d97290f0e03c19c4d93c0cd3b4e08a59452657e405013ac,-0.38727358676422385
vehicle_30s_rank,7,inner_validation,inner_train,spearman,leave_one_view_out__fold01,False,True,leave_one_view_out__fold01__candidate_353,completed,response,f1ddae33af89bc208d97290f0e03c19c4d93c0cd3b4e08a59452657e405013ac,-0.3216783216783217
vehicle_30s_rank,7,inner_validation,inner_train,auprc,leave_one_view_out__fold01,False,True,leave_one_view_out__fold01__candidate_353,completed,high_response,f1ddae33af89bc208d97290f0e03c19c4d93c0cd3b4e08a59452657e405013ac,0.3619408369408369
vehicle_30s_rank,7,inner_validation,inner_train,prevalence,leave_one_view_out__fold01,False,True,leave_one_view_out__fold01__candidate_353,completed,high_response,f1ddae33af89bc208d97290f0e03c19c4d93c0cd3b4e08a59452657e405013ac,0.4166666666666667
vehicle_30s_rank,7,inner_validation,inner_train,random_baseline_auprc,leave_one_view_out__fold01,False,True,leave_one_view_out__fold01__candidate_353,completed,high_response,f1ddae33af89bc208d97290f0e03c19c4d93c0cd3b4e08a59452657e405013ac,0.4166666666666667
vehicle_30s_rank,7,inner_validation,inner_train,normalized_ap,leave_one_view_out__fold01,False,True,leave_one_view_out__fold01__candidate_353,completed,high_response,f1ddae33af89bc208d97290f0e03c19c4d93c0cd3b4e08a59452657e405013ac,-0.0938157081014225
vehicle_30s_rank,7,inner_validation,inner_train,auprc_lift,leave_one_view_out__fold01,False,True,leave_one_view_out__fold01__candidate_353,completed,high_response,f1ddae33af89bc208d97290f0e03c19c4d93c0cd3b4e08a59452657e405013ac,-0.05472582972582979
vehicle_30s_rank,7,inner_validation,inner_train,auroc,leave_one_view_out__fold01,False,True,leave_one_view_out__fold01__candidate_353,completed,high_response,f1ddae33af89bc208d97290f0e03c19c4d93c0cd3b4e08a59452657e405013ac,0.3142857142857143
vehicle_30s_rank,7,inner_validation,inner_train,balanced_accuracy,leave_one_view_out__fold01,False,True,leave_one_view_out__fold01__candidate_353,completed,high_response,f1ddae33af89bc208d97290f0e03c19c4d93c0cd3b4e08a59452657e405013ac,0.3857142857142857
vehicle_30s_rank,7,inner_validation,inner_train,macro_f1,leave_one_view_out__fold02,False,True,leave_one_view_out__fold02__candidate_328,completed,maneuver,76857c61556d36c9eb8d7060ea53eb10f2e65e3f7b2a4854ab4c6016248a0b48,0.48340548340548334
vehicle_30s_rank,7,inner_validation,inner_train,support_aware_macro_f1,leave_one_view_out__fold02,False,True,leave_one_view_out__fold02__candidate_328,completed,maneuver,76857c61556d36c9eb8d7060ea53eb10f2e65e3f7b2a4854ab4c6016248a0b48,0.48340548340548334
vehicle_30s_rank,7,inner_validation,inner_train,majority_macro_f1,leave_one_view_out__fold02,False,True,leave_one_view_out__fold02__candidate_328,completed,maneuver,76857c61556d36c9eb8d7060ea53eb10f2e65e3f7b2a4854ab4c6016248a0b48,0.19607843137254902
vehicle_30s_rank,7,inner_validation,inner_train,macro_f1_lift,leave_one_view_out__fold02,False,True,leave_one_view_out__fold02__candidate_328,completed,maneuver,76857c61556d36c9eb8d7060ea53eb10f2e65e3f7b2a4854ab4c6016248a0b48,0.2873270520329343
vehicle_30s_rank,7,inner_validation,inner_train,recall_low,leave_one_view_out__fold02,False,True,leave_one_view_out__fold02__candidate_328,completed,maneuver,76857c61556d36c9eb8d7060ea53eb10f2e65e3f7b2a4854ab4c6016248a0b48,0.2
vehicle_30s_rank,7,inner_validation,inner_train,recall_medium,leave_one_view_out__fold02,False,True,leave_one_view_out__fold02__candidate_328,completed,maneuver,76857c61556d36c9eb8d7060ea53eb10f2e65e3f7b2a4854ab4c6016248a0b48,0.5
vehicle_30s_rank,7,inner_validation,inner_train,recall_high,leave_one_view_out__fold02,False,True,leave_one_view_out__fold02__candidate_328,completed,maneuver,76857c61556d36c9eb8d7060ea53eb10f2e65e3f7b2a4854ab4c6016248a0b48,1.0
vehicle_30s_rank,7,inner_validation,inner_train,minimum_class_recall,leave_one_view_out__fold02,False,True,leave_one_view_out__fold02__candidate_328,completed,maneuver,76857c61556d36c9eb8d7060ea53eb10f2e65e3f7b2a4854ab4c6016248a0b48,0.2
vehicle_30s_rank,7,inner_validation,inner_train,ordinal_mae,leave_one_view_out__fold02,False,True,leave_one_view_out__fold02__candidate_328,completed,maneuver,76857c61556d36c9eb8d7060ea53eb10f2e65e3f7b2a4854ab4c6016248a0b48,0.75
vehicle_30s_rank,7,inner_validation,inner_train,score_mae,leave_one_view_out__fold02,False,True,leave_one_view_out__fold02__candidate_328,completed,maneuver,76857c61556d36c9eb8d7060ea53eb10f2e65e3f7b2a4854ab4c6016248a0b48,0.8936393419785845
vehicle_30s_rank,7,inner_validation,inner_train,score_spearman,leave_one_view_out__fold02,False,True,leave_one_view_out__fold02__candidate_328,completed,maneuver,76857c61556d36c9eb8d7060ea53eb10f2e65e3f7b2a4854ab4c6016248a0b48,0.4895104895104896
vehicle_30s_rank,7,inner_validation,inner_train,rmse,leave_one_view_out__fold02,False,True,leave_one_view_out__fold02__candidate_328,completed,response,76857c61556d36c9eb8d7060ea53eb10f2e65e3f7b2a4854ab4c6016248a0b48,0.9165317715507239
vehicle_30s_rank,7,inner_validation,inner_train,mae,leave_one_view_out__fold02,False,True,leave_one_view_out__fold02__candidate_328,completed,response,76857c61556d36c9eb8d7060ea53eb10f2e65e3f7b2a4854ab4c6016248a0b48,0.7336130544815348
vehicle_30s_rank,7,inner_validation,inner_train,validation_std,leave_one_view_out__fold02,False,True,leave_one_view_out__fold02__candidate_328,completed,response,76857c61556d36c9eb8d7060ea53eb10f2e65e3f7b2a4854ab4c6016248a0b48,0.6661100828266592
vehicle_30s_rank,7,inner_validation,inner_train,validation_iqr,leave_one_view_out__fold02,False,True,leave_one_view_out__fold02__candidate_328,completed,response,76857c61556d36c9eb8d7060ea53eb10f2e65e3f7b2a4854ab4c6016248a0b48,0.8168154939282022
vehicle_30s_rank,7,inner_validation,inner_train,nrmse_std,leave_one_view_out__fold02,False,True,leave_one_view_out__fold02__candidate_328,completed,response,76857c61556d36c9eb8d7060ea53eb10f2e65e3f7b2a4854ab4c6016248a0b48,1.3759464016238763
vehicle_30s_rank,7,inner_validation,inner_train,nrmse_iqr,leave_one_view_out__fold02,False,True,leave_one_view_out__fold02__candidate_328,completed,response,76857c61556d36c9eb8d7060ea53eb10f2e65e3f7b2a4854ab4c6016248a0b48,1.1220793170107113
vehicle_30s_rank,7,inner_validation,inner_train,train_mean_baseline_rmse,leave_one_view_out__fold02,False,True,leave_one_view_out__fold02__candidate_328,completed,response,76857c61556d36c9eb8d7060ea53eb10f2e65e3f7b2a4854ab4c6016248a0b48,0.760282844198373
vehicle_30s_rank,7,inner_validation,inner_train,rmse_ratio,leave_one_view_out__fold02,False,True,leave_one_view_out__fold02__candidate_328,completed,response,76857c61556d36c9eb8d7060ea53eb10f2e65e3f7b2a4854ab4c6016248a0b48,1.2055142090140105
vehicle_30s_rank,7,inner_validation,inner_train,response_skill,leave_one_view_out__fold02,False,True,leave_one_view_out__fold02__candidate_328,completed,response,76857c61556d36c9eb8d7060ea53eb10f2e65e3f7b2a4854ab4c6016248a0b48,-0.45326450813467556
vehicle_30s_rank,7,inner_validation,inner_train,spearman,leave_one_view_out__fold02,False,True,leave_one_view_out__fold02__candidate_328,completed,response,76857c61556d36c9eb8d7060ea53eb10f2e65e3f7b2a4854ab4c6016248a0b48,-0.22377622377622378
vehicle_30s_rank,7,inner_validation,inner_train,auprc,leave_one_view_out__fold02,False,True,leave_one_view_out__fold02__candidate_328,completed,high_response,76857c61556d36c9eb8d7060ea53eb10f2e65e3f7b2a4854ab4c6016248a0b48,0.5043650793650793
vehicle_30s_rank,7,inner_validation,inner_train,prevalence,leave_one_view_out__fold02,False,True,leave_one_view_out__fold02__candidate_328,completed,high_response,76857c61556d36c9eb8d7060ea53eb10f2e65e3f7b2a4854ab4c6016248a0b48,0.4166666666666667
vehicle_30s_rank,7,inner_validation,inner_train,random_baseline_auprc,leave_one_view_out__fold02,False,True,leave_one_view_out__fold02__candidate_328,completed,high_response,76857c61556d36c9eb8d7060ea53eb10f2e65e3f7b2a4854ab4c6016248a0b48,0.4166666666666667
vehicle_30s_rank,7,inner_validation,inner_train,normalized_ap,leave_one_view_out__fold02,False,True,leave_one_view_out__fold02__candidate_328,completed,high_response,76857c61556d36c9eb8d7060ea53eb10f2e65e3f7b2a4854ab4c6016248a0b48,0.15034013605442173
vehicle_30s_rank,7,inner_validation,inner_train,auprc_lift,leave_one_view_out__fold02,False,True,leave_one_view_out__fold02__candidate_328,completed,high_response,76857c61556d36c9eb8d7060ea53eb10f2e65e3f7b2a4854ab4c6016248a0b48,0.08769841269841266
vehicle_30s_rank,7,inner_validation,inner_train,auroc,leave_one_view_out__fold02,False,True,leave_one_view_out__fold02__candidate_328,completed,high_response,76857c61556d36c9eb8d7060ea53eb10f2e65e3f7b2a4854ab4c6016248a0b48,0.37142857142857144
vehicle_30s_rank,7,inner_validation,inner_train,balanced_accuracy,leave_one_view_out__fold02,False,True,leave_one_view_out__fold02__candidate_328,completed,high_response,76857c61556d36c9eb8d7060ea53eb10f2e65e3f7b2a4854ab4c6016248a0b48,0.4571428571428572
vehicle_30s_rank,7,inner_validation,inner_train,macro_f1,leave_one_view_out__fold02,False,True,leave_one_view_out__fold02__candidate_329,completed,maneuver,09bd96f3f28027930e21282cb6cb1e34c79cb76197a270c426bd70e119d43e13,0.7388888888888889
vehicle_30s_rank,7,inner_validation,inner_train,support_aware_macro_f1,leave_one_view_out__fold02,False,True,leave_one_view_out__fold02__candidate_329,completed,maneuver,09bd96f3f28027930e21282cb6cb1e34c79cb76197a270c426bd70e119d43e13,0.7388888888888889
vehicle_30s_rank,7,inner_validation,inner_train,majority_macro_f1,leave_one_view_out__fold02,False,True,leave_one_view_out__fold02__candidate_329,completed,maneuver,09bd96f3f28027930e21282cb6cb1e34c79cb76197a270c426bd70e119d43e13,0.13333333333333333
vehicle_30s_rank,7,inner_validation,inner_train,macro_f1_lift,leave_one_view_out__fold02,False,True,leave_one_view_out__fold02__candidate_329,completed,maneuver,09bd96f3f28027930e21282cb6cb1e34c79cb76197a270c426bd70e119d43e13,0.6055555555555556
vehicle_30s_rank,7,inner_validation,inner_train,recall_low,leave_one_view_out__fold02,False,True,leave_one_view_out__fold02__candidate_329,completed,maneuver,09bd96f3f28027930e21282cb6cb1e34c79cb76197a270c426bd70e119d43e13,0.6666666666666666
vehicle_30s_rank,7,inner_validation,inner_train,recall_medium,leave_one_view_out__fold02,False,True,leave_one_view_out__fold02__candidate_329,completed,maneuver,09bd96f3f28027930e21282cb6cb1e34c79cb76197a270c426bd70e119d43e13,1.0
vehicle_30s_rank,7,inner_validation,inner_train,recall_high,leave_one_view_out__fold02,False,True,leave_one_view_out__fold02__candidate_329,completed,maneuver,09bd96f3f28027930e21282cb6cb1e34c79cb76197a270c426bd70e119d43e13,0.6
vehicle_30s_rank,7,inner_validation,inner_train,minimum_class_recall,leave_one_view_out__fold02,False,True,leave_one_view_out__fold02__candidate_329,completed,maneuver,09bd96f3f28027930e21282cb6cb1e34c79cb76197a270c426bd70e119d43e13,0.6
vehicle_30s_rank,7,inner_validation,inner_train,ordinal_mae,leave_one_view_out__fold02,False,True,leave_one_view_out__fold02__candidate_329,completed,maneuver,09bd96f3f28027930e21282cb6cb1e34c79cb76197a270c426bd70e119d43e13,0.3333333333333333
vehicle_30s_rank,7,inner_validation,inner_train,score_mae,leave_one_view_out__fold02,False,True,leave_one_view_out__fold02__candidate_329,completed,maneuver,09bd96f3f28027930e21282cb6cb1e34c79cb76197a270c426bd70e119d43e13,1.0174311189528904
vehicle_30s_rank,7,inner_validation,inner_train,score_spearman,leave_one_view_out__fold02,False,True,leave_one_view_out__fold02__candidate_329,completed,maneuver,09bd96f3f28027930e21282cb6cb1e34c79cb76197a270c426bd70e119d43e13,0.7272727272727274
vehicle_30s_rank,7,inner_validation,inner_train,rmse,leave_one_view_out__fold02,False,True,leave_one_view_out__fold02__candidate_329,completed,response,09bd96f3f28027930e21282cb6cb1e34c79cb76197a270c426bd70e119d43e13,0.9624660920025698
vehicle_30s_rank,7,inner_validation,inner_train,mae,leave_one_view_out__fold02,False,True,leave_one_view_out__fold02__candidate_329,completed,response,09bd96f3f28027930e21282cb6cb1e34c79cb76197a270c426bd70e119d43e13,0.8389332488906325
vehicle_30s_rank,7,inner_validation,inner_train,validation_std,leave_one_view_out__fold02,False,True,leave_one_view_out__fold02__candidate_329,completed,response,09bd96f3f28027930e21282cb6cb1e34c79cb76197a270c426bd70e119d43e13,0.7444107826338696
vehicle_30s_rank,7,inner_validation,inner_train,validation_iqr,leave_one_view_out__fold02,False,True,leave_one_view_out__fold02__candidate_329,completed,response,09bd96f3f28027930e21282cb6cb1e34c79cb76197a270c426bd70e119d43e13,1.126261329695373
vehicle_30s_rank,7,inner_validation,inner_train,nrmse_std,leave_one_view_out__fold02,False,True,leave_one_view_out__fold02__candidate_329,completed,response,09bd96f3f28027930e21282cb6cb1e34c79cb76197a270c426bd70e119d43e13,1.2929233622828222
vehicle_30s_rank,7,inner_validation,inner_train,nrmse_iqr,leave_one_view_out__fold02,False,True,leave_one_view_out__fold02__candidate_329,completed,response,09bd96f3f28027930e21282cb6cb1e34c79cb76197a270c426bd70e119d43e13,0.8545672896918995
vehicle_30s_rank,7,inner_validation,inner_train,train_mean_baseline_rmse,leave_one_view_out__fold02,False,True,leave_one_view_out__fold02__candidate_329,completed,response,09bd96f3f28027930e21282cb6cb1e34c79cb76197a270c426bd70e119d43e13,0.7887754436917268
vehicle_30s_rank,7,inner_validation,inner_train,rmse_ratio,leave_one_view_out__fold02,False,True,leave_one_view_out__fold02__candidate_329,completed,response,09bd96f3f28027930e21282cb6cb1e34c79cb76197a270c426bd70e119d43e13,1.2202029103465926
vehicle_30s_rank,7,inner_validation,inner_train,response_skill,leave_one_view_out__fold02,False,True,leave_one_view_out__fold02__candidate_329,completed,response,09bd96f3f28027930e21282cb6cb1e34c79cb76197a270c426bd70e119d43e13,-0.48889514241829457
vehicle_30s_rank,7,inner_validation,inner_train,spearman,leave_one_view_out__fold02,False,True,leave_one_view_out__fold02__candidate_329,completed,response,09bd96f3f28027930e21282cb6cb1e34c79cb76197a270c426bd70e119d43e13,-0.2797202797202798
vehicle_30s_rank,7,inner_validation,inner_train,auprc,leave_one_view_out__fold02,False,True,leave_one_view_out__fold02__candidate_329,completed,high_response,09bd96f3f28027930e21282cb6cb1e34c79cb76197a270c426bd70e119d43e13,0.5833333333333333
vehicle_30s_rank,7,inner_validation,inner_train,prevalence,leave_one_view_out__fold02,False,True,leave_one_view_out__fold02__candidate_329,completed,high_response,09bd96f3f28027930e21282cb6cb1e34c79cb76197a270c426bd70e119d43e13,0.4166666666666667
vehicle_30s_rank,7,inner_validation,inner_train,random_baseline_auprc,leave_one_view_out__fold02,False,True,leave_one_view_out__fold02__candidate_329,completed,high_response,09bd96f3f28027930e21282cb6cb1e34c79cb76197a270c426bd70e119d43e13,0.4166666666666667
vehicle_30s_rank,7,inner_validation,inner_train,normalized_ap,leave_one_view_out__fold02,False,True,leave_one_view_out__fold02__candidate_329,completed,high_response,09bd96f3f28027930e21282cb6cb1e34c79cb76197a270c426bd70e119d43e13,0.2857142857142856
vehicle_30s_rank,7,inner_validation,inner_train,auprc_lift,leave_one_view_out__fold02,False,True,leave_one_view_out__fold02__candidate_329,completed,high_response,09bd96f3f28027930e21282cb6cb1e34c79cb76197a270c426bd70e119d43e13,0.16666666666666657
vehicle_30s_rank,7,inner_validation,inner_train,auroc,leave_one_view_out__fold02,False,True,leave_one_view_out__fold02__candidate_329,completed,high_response,09bd96f3f28027930e21282cb6cb1e34c79cb76197a270c426bd70e119d43e13,0.5428571428571429
vehicle_30s_rank,7,inner_validation,inner_train,balanced_accuracy,leave_one_view_out__fold02,False,True,leave_one_view_out__fold02__candidate_329,completed,high_response,09bd96f3f28027930e21282cb6cb1e34c79cb76197a270c426bd70e119d43e13,0.5857142857142856
vehicle_30s_rank,7,inner_validation,inner_train,macro_f1,leave_one_view_out__fold01,False,True,leave_one_view_out__fold01__candidate_340,completed,maneuver,c8bb55db2e84fca264b1421bfe060cb36e07fbf025a5f825bde808b31ad5f850,1.0
vehicle_30s_rank,7,inner_validation,inner_train,support_aware_macro_f1,leave_one_view_out__fold01,False,True,leave_one_view_out__fold01__candidate_340,completed,maneuver,c8bb55db2e84fca264b1421bfe060cb36e07fbf025a5f825bde808b31ad5f850,1.0
vehicle_30s_rank,7,inner_validation,inner_train,majority_macro_f1,leave_one_view_out__fold01,False,True,leave_one_view_out__fold01__candidate_340,completed,maneuver,c8bb55db2e84fca264b1421bfe060cb36e07fbf025a5f825bde808b31ad5f850,0.13333333333333333
vehicle_30s_rank,7,inner_validation,inner_train,macro_f1_lift,leave_one_view_out__fold01,False,True,leave_one_view_out__fold01__candidate_340,completed,maneuver,c8bb55db2e84fca264b1421bfe060cb36e07fbf025a5f825bde808b31ad5f850,0.8666666666666667
vehicle_30s_rank,7,inner_validation,inner_train,recall_low,leave_one_view_out__fold01,False,True,leave_one_view_out__fold01__candidate_340,completed,maneuver,c8bb55db2e84fca264b1421bfe060cb36e07fbf025a5f825bde808b31ad5f850,1.0
vehicle_30s_rank,7,inner_validation,inner_train,recall_medium,leave_one_view_out__fold01,False,True,leave_one_view_out__fold01__candidate_340,completed,maneuver,c8bb55db2e84fca264b1421bfe060cb36e07fbf025a5f825bde808b31ad5f850,1.0
vehicle_30s_rank,7,inner_validation,inner_train,recall_high,leave_one_view_out__fold01,False,True,leave_one_view_out__fold01__candidate_340,completed,maneuver,c8bb55db2e84fca264b1421bfe060cb36e07fbf025a5f825bde808b31ad5f850,1.0
vehicle_30s_rank,7,inner_validation,inner_train,minimum_class_recall,leave_one_view_out__fold01,False,True,leave_one_view_out__fold01__candidate_340,completed,maneuver,c8bb55db2e84fca264b1421bfe060cb36e07fbf025a5f825bde808b31ad5f850,1.0
vehicle_30s_rank,7,inner_validation,inner_train,ordinal_mae,leave_one_view_out__fold01,False,True,leave_one_view_out__fold01__candidate_340,completed,maneuver,c8bb55db2e84fca264b1421bfe060cb36e07fbf025a5f825bde808b31ad5f850,0.0
vehicle_30s_rank,7,inner_validation,inner_train,score_mae,leave_one_view_out__fold01,False,True,leave_one_view_out__fold01__candidate_340,completed,maneuver,c8bb55db2e84fca264b1421bfe060cb36e07fbf025a5f825bde808b31ad5f850,0.5804284990154077
vehicle_30s_rank,7,inner_validation,inner_train,score_spearman,leave_one_view_out__fold01,False,True,leave_one_view_out__fold01__candidate_340,completed,maneuver,c8bb55db2e84fca264b1421bfe060cb36e07fbf025a5f825bde808b31ad5f850,0.9230769230769231
vehicle_30s_rank,7,inner_validation,inner_train,rmse,leave_one_view_out__fold01,False,True,leave_one_view_out__fold01__candidate_340,completed,response,c8bb55db2e84fca264b1421bfe060cb36e07fbf025a5f825bde808b31ad5f850,1.1301938880404085
vehicle_30s_rank,7,inner_validation,inner_train,mae,leave_one_view_out__fold01,False,True,leave_one_view_out__fold01__candidate_340,completed,response,c8bb55db2e84fca264b1421bfe060cb36e07fbf025a5f825bde808b31ad5f850,0.9749833939975256
vehicle_30s_rank,7,inner_validation,inner_train,validation_std,leave_one_view_out__fold01,False,True,leave_one_view_out__fold01__candidate_340,completed,response,c8bb55db2e84fca264b1421bfe060cb36e07fbf025a5f825bde808b31ad5f850,0.7738225567538186
vehicle_30s_rank,7,inner_validation,inner_train,validation_iqr,leave_one_view_out__fold01,False,True,leave_one_view_out__fold01__candidate_340,completed,response,c8bb55db2e84fca264b1421bfe060cb36e07fbf025a5f825bde808b31ad5f850,1.1164541279861386
vehicle_30s_rank,7,inner_validation,inner_train,nrmse_std,leave_one_view_out__fold01,False,True,leave_one_view_out__fold01__candidate_340,completed,response,c8bb55db2e84fca264b1421bfe060cb36e07fbf025a5f825bde808b31ad5f850,1.4605336561673334
vehicle_30s_rank,7,inner_validation,inner_train,nrmse_iqr,leave_one_view_out__fold01,False,True,leave_one_view_out__fold01__candidate_340,completed,response,c8bb55db2e84fca264b1421bfe060cb36e07fbf025a5f825bde808b31ad5f850,1.0123066050900396
vehicle_30s_rank,7,inner_validation,inner_train,train_mean_baseline_rmse,leave_one_view_out__fold01,False,True,leave_one_view_out__fold01__candidate_340,completed,response,c8bb55db2e84fca264b1421bfe060cb36e07fbf025a5f825bde808b31ad5f850,0.9520832805389658
vehicle_30s_rank,7,inner_validation,inner_train,rmse_ratio,leave_one_view_out__fold01,False,True,leave_one_view_out__fold01__candidate_340,completed,response,c8bb55db2e84fca264b1421bfe060cb36e07fbf025a5f825bde808b31ad5f850,1.1870746090621567
vehicle_30s_rank,7,inner_validation,inner_train,response_skill,leave_one_view_out__fold01,False,True,leave_one_view_out__fold01__candidate_340,completed,response,c8bb55db2e84fca264b1421bfe060cb36e07fbf025a5f825bde808b31ad5f850,-0.40914612748007206
vehicle_30s_rank,7,inner_validation,inner_train,spearman,leave_one_view_out__fold01,False,True,leave_one_view_out__fold01__candidate_340,completed,response,c8bb55db2e84fca264b1421bfe060cb36e07fbf025a5f825bde808b31ad5f850,-0.21678321678321683
vehicle_30s_rank,7,inner_validation,inner_train,auprc,leave_one_view_out__fold01,False,True,leave_one_view_out__fold01__candidate_340,completed,high_response,c8bb55db2e84fca264b1421bfe060cb36e07fbf025a5f825bde808b31ad5f850,0.5661564625850339
vehicle_30s_rank,7,inner_validation,inner_train,prevalence,leave_one_view_out__fold01,False,True,leave_one_view_out__fold01__candidate_340,completed,high_response,c8bb55db2e84fca264b1421bfe060cb36e07fbf025a5f825bde808b31ad5f850,0.5833333333333334
vehicle_30s_rank,7,inner_validation,inner_train,random_baseline_auprc,leave_one_view_out__fold01,False,True,leave_one_view_out__fold01__candidate_340,completed,high_response,c8bb55db2e84fca264b1421bfe060cb36e07fbf025a5f825bde808b31ad5f850,0.5833333333333334
vehicle_30s_rank,7,inner_validation,inner_train,normalized_ap,leave_one_view_out__fold01,False,True,leave_one_view_out__fold01__candidate_340,completed,high_response,c8bb55db2e84fca264b1421bfe060cb36e07fbf025a5f825bde808b31ad5f850,-0.04122448979591865
vehicle_30s_rank,7,inner_validation,inner_train,auprc_lift,leave_one_view_out__fold01,False,True,leave_one_view_out__fold01__candidate_340,completed,high_response,c8bb55db2e84fca264b1421bfe060cb36e07fbf025a5f825bde808b31ad5f850,-0.017176870748299433
vehicle_30s_rank,7,inner_validation,inner_train,auroc,leave_one_view_out__fold01,False,True,leave_one_view_out__fold01__candidate_340,completed,high_response,c8bb55db2e84fca264b1421bfe060cb36e07fbf025a5f825bde808b31ad5f850,0.4571428571428572
vehicle_30s_rank,7,inner_validation,inner_train,balanced_accuracy,leave_one_view_out__fold01,False,True,leave_one_view_out__fold01__candidate_340,completed,high_response,c8bb55db2e84fca264b1421bfe060cb36e07fbf025a5f825bde808b31ad5f850,0.4714285714285714
vehicle_30s_rank,7,inner_validation,inner_train,macro_f1,leave_one_view_out__fold01,False,True,leave_one_view_out__fold01__candidate_327,completed,maneuver,ef23ad8b080593cb9c8caaa4a57c59a5dc23c5987cd8d56c0f61e753cf15435c,0.8222222222222223
vehicle_30s_rank,7,inner_validation,inner_train,support_aware_macro_f1,leave_one_view_out__fold01,False,True,leave_one_view_out__fold01__candidate_327,completed,maneuver,ef23ad8b080593cb9c8caaa4a57c59a5dc23c5987cd8d56c0f61e753cf15435c,0.8222222222222223
vehicle_30s_rank,7,inner_validation,inner_train,majority_macro_f1,leave_one_view_out__fold01,False,True,leave_one_view_out__fold01__candidate_327,completed,maneuver,ef23ad8b080593cb9c8caaa4a57c59a5dc23c5987cd8d56c0f61e753cf15435c,0.19607843137254902
vehicle_30s_rank,7,inner_validation,inner_train,macro_f1_lift,leave_one_view_out__fold01,False,True,leave_one_view_out__fold01__candidate_327,completed,maneuver,ef23ad8b080593cb9c8caaa4a57c59a5dc23c5987cd8d56c0f61e753cf15435c,0.6261437908496733
vehicle_30s_rank,7,inner_validation,inner_train,recall_low,leave_one_view_out__fold01,False,True,leave_one_view_out__fold01__candidate_327,completed,maneuver,ef23ad8b080593cb9c8caaa4a57c59a5dc23c5987cd8d56c0f61e753cf15435c,0.8
vehicle_30s_rank,7,inner_validation,inner_train,recall_medium,leave_one_view_out__fold01,False,True,leave_one_view_out__fold01__candidate_327,completed,maneuver,ef23ad8b080593cb9c8caaa4a57c59a5dc23c5987cd8d56c0f61e753cf15435c,0.6666666666666666
vehicle_30s_rank,7,inner_validation,inner_train,recall_high,leave_one_view_out__fold01,False,True,leave_one_view_out__fold01__candidate_327,completed,maneuver,ef23ad8b080593cb9c8caaa4a57c59a5dc23c5987cd8d56c0f61e753cf15435c,1.0
vehicle_30s_rank,7,inner_validation,inner_train,minimum_class_recall,leave_one_view_out__fold01,False,True,leave_one_view_out__fold01__candidate_327,completed,maneuver,ef23ad8b080593cb9c8caaa4a57c59a5dc23c5987cd8d56c0f61e753cf15435c,0.6666666666666666
vehicle_30s_rank,7,inner_validation,inner_train,ordinal_mae,leave_one_view_out__fold01,False,True,leave_one_view_out__fold01__candidate_327,completed,maneuver,ef23ad8b080593cb9c8caaa4a57c59a5dc23c5987cd8d56c0f61e753cf15435c,0.16666666666666666
vehicle_30s_rank,7,inner_validation,inner_train,score_mae,leave_one_view_out__fold01,False,True,leave_one_view_out__fold01__candidate_327,completed,maneuver,ef23ad8b080593cb9c8caaa4a57c59a5dc23c5987cd8d56c0f61e753cf15435c,0.6196335692576848
vehicle_30s_rank,7,inner_validation,inner_train,score_spearman,leave_one_view_out__fold01,False,True,leave_one_view_out__fold01__candidate_327,completed,maneuver,ef23ad8b080593cb9c8caaa4a57c59a5dc23c5987cd8d56c0f61e753cf15435c,0.8251748251748254
vehicle_30s_rank,7,inner_validation,inner_train,rmse,leave_one_view_out__fold01,False,True,leave_one_view_out__fold01__candidate_327,completed,response,ef23ad8b080593cb9c8caaa4a57c59a5dc23c5987cd8d56c0f61e753cf15435c,1.1910433599225143
vehicle_30s_rank,7,inner_validation,inner_train,mae,leave_one_view_out__fold01,False,True,leave_one_view_out__fold01__candidate_327,completed,response,ef23ad8b080593cb9c8caaa4a57c59a5dc23c5987cd8d56c0f61e753cf15435c,1.0197682347717931
vehicle_30s_rank,7,inner_validation,inner_train,validation_std,leave_one_view_out__fold01,False,True,leave_one_view_out__fold01__candidate_327,completed,response,ef23ad8b080593cb9c8caaa4a57c59a5dc23c5987cd8d56c0f61e753cf15435c,0.7424450098311778
vehicle_30s_rank,7,inner_validation,inner_train,validation_iqr,leave_one_view_out__fold01,False,True,leave_one_view_out__fold01__candidate_327,completed,response,ef23ad8b080593cb9c8caaa4a57c59a5dc23c5987cd8d56c0f61e753cf15435c,0.8094986823286678
vehicle_30s_rank,7,inner_validation,inner_train,nrmse_std,leave_one_view_out__fold01,False,True,leave_one_view_out__fold01__candidate_327,completed,response,ef23ad8b080593cb9c8caaa4a57c59a5dc23c5987cd8d56c0f61e753cf15435c,1.6042176109357134
vehicle_30s_rank,7,inner_validation,inner_train,nrmse_iqr,leave_one_view_out__fold01,False,True,leave_one_view_out__fold01__candidate_327,completed,response,ef23ad8b080593cb9c8caaa4a57c59a5dc23c5987cd8d56c0f61e753cf15435c,1.47133452582809
vehicle_30s_rank,7,inner_validation,inner_train,train_mean_baseline_rmse,leave_one_view_out__fold01,False,True,leave_one_view_out__fold01__candidate_327,completed,response,ef23ad8b080593cb9c8caaa4a57c59a5dc23c5987cd8d56c0f61e753cf15435c,0.9686999988458442
vehicle_30s_rank,7,inner_validation,inner_train,rmse_ratio,leave_one_view_out__fold01,False,True,leave_one_view_out__fold01__candidate_327,completed,response,ef23ad8b080593cb9c8caaa4a57c59a5dc23c5987cd8d56c0f61e753cf15435c,1.2295275744209566
vehicle_30s_rank,7,inner_validation,inner_train,response_skill,leave_one_view_out__fold01,False,True,leave_one_view_out__fold01__candidate_327,completed,response,ef23ad8b080593cb9c8caaa4a57c59a5dc23c5987cd8d56c0f61e753cf15435c,-0.5117380562614806
vehicle_30s_rank,7,inner_validation,inner_train,spearman,leave_one_view_out__fold01,False,True,leave_one_view_out__fold01__candidate_327,completed,response,ef23ad8b080593cb9c8caaa4a57c59a5dc23c5987cd8d56c0f61e753cf15435c,0.1188811188811189
vehicle_30s_rank,7,inner_validation,inner_train,auprc,leave_one_view_out__fold01,False,True,leave_one_view_out__fold01__candidate_327,completed,high_response,ef23ad8b080593cb9c8caaa4a57c59a5dc23c5987cd8d56c0f61e753cf15435c,0.7302579365079366
vehicle_30s_rank,7,inner_validation,inner_train,prevalence,leave_one_view_out__fold01,False,True,leave_one_view_out__fold01__candidate_327,completed,high_response,ef23ad8b080593cb9c8caaa4a57c59a5dc23c5987cd8d56c0f61e753cf15435c,0.6666666666666666
vehicle_30s_rank,7,inner_validation,inner_train,random_baseline_auprc,leave_one_view_out__fold01,False,True,leave_one_view_out__fold01__candidate_327,completed,high_response,ef23ad8b080593cb9c8caaa4a57c59a5dc23c5987cd8d56c0f61e753cf15435c,0.6666666666666666
vehicle_30s_rank,7,inner_validation,inner_train,normalized_ap,leave_one_view_out__fold01,False,True,leave_one_view_out__fold01__candidate_327,completed,high_response,ef23ad8b080593cb9c8caaa4a57c59a5dc23c5987cd8d56c0f61e753cf15435c,0.19077380952380982
vehicle_30s_rank,7,inner_validation,inner_train,auprc_lift,leave_one_view_out__fold01,False,True,leave_one_view_out__fold01__candidate_327,completed,high_response,ef23ad8b080593cb9c8caaa4a57c59a5dc23c5987cd8d56c0f61e753cf15435c,0.06359126984126995
vehicle_30s_rank,7,inner_validation,inner_train,auroc,leave_one_view_out__fold01,False,True,leave_one_view_out__fold01__candidate_327,completed,high_response,ef23ad8b080593cb9c8caaa4a57c59a5dc23c5987cd8d56c0f61e753cf15435c,0.53125
vehicle_30s_rank,7,inner_validation,inner_train,balanced_accuracy,leave_one_view_out__fold01,False,True,leave_one_view_out__fold01__candidate_327,completed,high_response,ef23ad8b080593cb9c8caaa4a57c59a5dc23c5987cd8d56c0f61e753cf15435c,0.5
dual_30s_window,8,inner_validation,inner_train,macro_f1,leave_one_view_out__fold01,False,True,leave_one_view_out__fold01__candidate_339,completed,maneuver,d49030f301fc10972368913bbfc6141aa638775e23f48bc8ad0055d5e48293a1,0.8333333333333334
dual_30s_window,8,inner_validation,inner_train,support_aware_macro_f1,leave_one_view_out__fold01,False,True,leave_one_view_out__fold01__candidate_339,completed,maneuver,d49030f301fc10972368913bbfc6141aa638775e23f48bc8ad0055d5e48293a1,0.8333333333333334
dual_30s_window,8,inner_validation,inner_train,majority_macro_f1,leave_one_view_out__fold01,False,True,leave_one_view_out__fold01__candidate_339,completed,maneuver,d49030f301fc10972368913bbfc6141aa638775e23f48bc8ad0055d5e48293a1,0.16666666666666666
dual_30s_window,8,inner_validation,inner_train,macro_f1_lift,leave_one_view_out__fold01,False,True,leave_one_view_out__fold01__candidate_339,completed,maneuver,d49030f301fc10972368913bbfc6141aa638775e23f48bc8ad0055d5e48293a1,0.6666666666666667
dual_30s_window,8,inner_validation,inner_train,recall_low,leave_one_view_out__fold01,False,True,leave_one_view_out__fold01__candidate_339,completed,maneuver,d49030f301fc10972368913bbfc6141aa638775e23f48bc8ad0055d5e48293a1,1.0
dual_30s_window,8,inner_validation,inner_train,recall_medium,leave_one_view_out__fold01,False,True,leave_one_view_out__fold01__candidate_339,completed,maneuver,d49030f301fc10972368913bbfc6141aa638775e23f48bc8ad0055d5e48293a1,0.75
dual_30s_window,8,inner_validation,inner_train,recall_high,leave_one_view_out__fold01,False,True,leave_one_view_out__fold01__candidate_339,completed,maneuver,d49030f301fc10972368913bbfc6141aa638775e23f48bc8ad0055d5e48293a1,0.75
dual_30s_window,8,inner_validation,inner_train,minimum_class_recall,leave_one_view_out__fold01,False,True,leave_one_view_out__fold01__candidate_339,completed,maneuver,d49030f301fc10972368913bbfc6141aa638775e23f48bc8ad0055d5e48293a1,0.75
dual_30s_window,8,inner_validation,inner_train,ordinal_mae,leave_one_view_out__fold01,False,True,leave_one_view_out__fold01__candidate_339,completed,maneuver,d49030f301fc10972368913bbfc6141aa638775e23f48bc8ad0055d5e48293a1,0.16666666666666666
dual_30s_window,8,inner_validation,inner_train,score_mae,leave_one_view_out__fold01,False,True,leave_one_view_out__fold01__candidate_339,completed,maneuver,d49030f301fc10972368913bbfc6141aa638775e23f48bc8ad0055d5e48293a1,0.5912503140455112
dual_30s_window,8,inner_validation,inner_train,score_spearman,leave_one_view_out__fold01,False,True,leave_one_view_out__fold01__candidate_339,completed,maneuver,d49030f301fc10972368913bbfc6141aa638775e23f48bc8ad0055d5e48293a1,0.8671328671328673
dual_30s_window,8,inner_validation,inner_train,rmse,leave_one_view_out__fold01,False,True,leave_one_view_out__fold01__candidate_339,completed,response,d49030f301fc10972368913bbfc6141aa638775e23f48bc8ad0055d5e48293a1,1.0972324737552952
dual_30s_window,8,inner_validation,inner_train,mae,leave_one_view_out__fold01,False,True,leave_one_view_out__fold01__candidate_339,completed,response,d49030f301fc10972368913bbfc6141aa638775e23f48bc8ad0055d5e48293a1,0.962897721047771
dual_30s_window,8,inner_validation,inner_train,validation_std,leave_one_view_out__fold01,False,True,leave_one_view_out__fold01__candidate_339,completed,response,d49030f301fc10972368913bbfc6141aa638775e23f48bc8ad0055d5e48293a1,0.9229823964743179
dual_30s_window,8,inner_validation,inner_train,validation_iqr,leave_one_view_out__fold01,False,True,leave_one_view_out__fold01__candidate_339,completed,response,d49030f301fc10972368913bbfc6141aa638775e23f48bc8ad0055d5e48293a1,1.5375502327333572
dual_30s_window,8,inner_validation,inner_train,nrmse_std,leave_one_view_out__fold01,False,True,leave_one_view_out__fold01__candidate_339,completed,response,d49030f301fc10972368913bbfc6141aa638775e23f48bc8ad0055d5e48293a1,1.1887902498970637
dual_30s_window,8,inner_validation,inner_train,nrmse_iqr,leave_one_view_out__fold01,False,True,leave_one_view_out__fold01__candidate_339,completed,response,d49030f301fc10972368913bbfc6141aa638775e23f48bc8ad0055d5e48293a1,0.7136238221008925
dual_30s_window,8,inner_validation,inner_train,train_mean_baseline_rmse,leave_one_view_out__fold01,False,True,leave_one_view_out__fold01__candidate_339,completed,response,d49030f301fc10972368913bbfc6141aa638775e23f48bc8ad0055d5e48293a1,1.2411261006308119
dual_30s_window,8,inner_validation,inner_train,rmse_ratio,leave_one_view_out__fold01,False,True,leave_one_view_out__fold01__candidate_339,completed,response,d49030f301fc10972368913bbfc6141aa638775e23f48bc8ad0055d5e48293a1,0.884062041075132
dual_30s_window,8,inner_validation,inner_train,response_skill,leave_one_view_out__fold01,False,True,leave_one_view_out__fold01__candidate_339,completed,response,d49030f301fc10972368913bbfc6141aa638775e23f48bc8ad0055d5e48293a1,0.21843430753007143
dual_30s_window,8,inner_validation,inner_train,spearman,leave_one_view_out__fold01,False,True,leave_one_view_out__fold01__candidate_339,completed,response,d49030f301fc10972368913bbfc6141aa638775e23f48bc8ad0055d5e48293a1,0.1398601398601399
dual_30s_window,8,inner_validation,inner_train,auprc,leave_one_view_out__fold01,False,True,leave_one_view_out__fold01__candidate_339,completed,high_response,d49030f301fc10972368913bbfc6141aa638775e23f48bc8ad0055d5e48293a1,0.619629329004329
dual_30s_window,8,inner_validation,inner_train,prevalence,leave_one_view_out__fold01,False,True,leave_one_view_out__fold01__candidate_339,completed,high_response,d49030f301fc10972368913bbfc6141aa638775e23f48bc8ad0055d5e48293a1,0.6666666666666666
dual_30s_window,8,inner_validation,inner_train,random_baseline_auprc,leave_one_view_out__fold01,False,True,leave_one_view_out__fold01__candidate_339,completed,high_response,d49030f301fc10972368913bbfc6141aa638775e23f48bc8ad0055d5e48293a1,0.6666666666666666
dual_30s_window,8,inner_validation,inner_train,normalized_ap,leave_one_view_out__fold01,False,True,leave_one_view_out__fold01__candidate_339,completed,high_response,d49030f301fc10972368913bbfc6141aa638775e23f48bc8ad0055d5e48293a1,-0.1411120129870129
dual_30s_window,8,inner_validation,inner_train,auprc_lift,leave_one_view_out__fold01,False,True,leave_one_view_out__fold01__candidate_339,completed,high_response,d49030f301fc10972368913bbfc6141aa638775e23f48bc8ad0055d5e48293a1,-0.04703733766233764
dual_30s_window,8,inner_validation,inner_train,auroc,leave_one_view_out__fold01,False,True,leave_one_view_out__fold01__candidate_339,completed,high_response,d49030f301fc10972368913bbfc6141aa638775e23f48bc8ad0055d5e48293a1,0.375
dual_30s_window,8,inner_validation,inner_train,balanced_accuracy,leave_one_view_out__fold01,False,True,leave_one_view_out__fold01__candidate_339,completed,high_response,d49030f301fc10972368913bbfc6141aa638775e23f48bc8ad0055d5e48293a1,0.5
dual_30s_window,8,inner_validation,inner_train,macro_f1,leave_one_view_out__fold01,False,True,leave_one_view_out__fold01__candidate_353,completed,maneuver,f1ddae33af89bc208d97290f0e03c19c4d93c0cd3b4e08a59452657e405013ac,1.0
dual_30s_window,8,inner_validation,inner_train,support_aware_macro_f1,leave_one_view_out__fold01,False,True,leave_one_view_out__fold01__candidate_353,completed,maneuver,f1ddae33af89bc208d97290f0e03c19c4d93c0cd3b4e08a59452657e405013ac,1.0
dual_30s_window,8,inner_validation,inner_train,majority_macro_f1,leave_one_view_out__fold01,False,True,leave_one_view_out__fold01__candidate_353,completed,maneuver,f1ddae33af89bc208d97290f0e03c19c4d93c0cd3b4e08a59452657e405013ac,0.13333333333333333
dual_30s_window,8,inner_validation,inner_train,macro_f1_lift,leave_one_view_out__fold01,False,True,leave_one_view_out__fold01__candidate_353,completed,maneuver,f1ddae33af89bc208d97290f0e03c19c4d93c0cd3b4e08a59452657e405013ac,0.8666666666666667
dual_30s_window,8,inner_validation,inner_train,recall_low,leave_one_view_out__fold01,False,True,leave_one_view_out__fold01__candidate_353,completed,maneuver,f1ddae33af89bc208d97290f0e03c19c4d93c0cd3b4e08a59452657e405013ac,1.0
dual_30s_window,8,inner_validation,inner_train,recall_medium,leave_one_view_out__fold01,False,True,leave_one_view_out__fold01__candidate_353,completed,maneuver,f1ddae33af89bc208d97290f0e03c19c4d93c0cd3b4e08a59452657e405013ac,1.0
dual_30s_window,8,inner_validation,inner_train,recall_high,leave_one_view_out__fold01,False,True,leave_one_view_out__fold01__candidate_353,completed,maneuver,f1ddae33af89bc208d97290f0e03c19c4d93c0cd3b4e08a59452657e405013ac,1.0
dual_30s_window,8,inner_validation,inner_train,minimum_class_recall,leave_one_view_out__fold01,False,True,leave_one_view_out__fold01__candidate_353,completed,maneuver,f1ddae33af89bc208d97290f0e03c19c4d93c0cd3b4e08a59452657e405013ac,1.0
dual_30s_window,8,inner_validation,inner_train,ordinal_mae,leave_one_view_out__fold01,False,True,leave_one_view_out__fold01__candidate_353,completed,maneuver,f1ddae33af89bc208d97290f0e03c19c4d93c0cd3b4e08a59452657e405013ac,0.0
dual_30s_window,8,inner_validation,inner_train,score_mae,leave_one_view_out__fold01,False,True,leave_one_view_out__fold01__candidate_353,completed,maneuver,f1ddae33af89bc208d97290f0e03c19c4d93c0cd3b4e08a59452657e405013ac,0.4979426877781419
dual_30s_window,8,inner_validation,inner_train,score_spearman,leave_one_view_out__fold01,False,True,leave_one_view_out__fold01__candidate_353,completed,maneuver,f1ddae33af89bc208d97290f0e03c19c4d93c0cd3b4e08a59452657e405013ac,0.9230769230769231
dual_30s_window,8,inner_validation,inner_train,rmse,leave_one_view_out__fold01,False,True,leave_one_view_out__fold01__candidate_353,completed,response,f1ddae33af89bc208d97290f0e03c19c4d93c0cd3b4e08a59452657e405013ac,1.1149330544921658
dual_30s_window,8,inner_validation,inner_train,mae,leave_one_view_out__fold01,False,True,leave_one_view_out__fold01__candidate_353,completed,response,f1ddae33af89bc208d97290f0e03c19c4d93c0cd3b4e08a59452657e405013ac,0.9914262772635548
dual_30s_window,8,inner_validation,inner_train,validation_std,leave_one_view_out__fold01,False,True,leave_one_view_out__fold01__candidate_353,completed,response,f1ddae33af89bc208d97290f0e03c19c4d93c0cd3b4e08a59452657e405013ac,0.8091453454981316
dual_30s_window,8,inner_validation,inner_train,validation_iqr,leave_one_view_out__fold01,False,True,leave_one_view_out__fold01__candidate_353,completed,response,f1ddae33af89bc208d97290f0e03c19c4d93c0cd3b4e08a59452657e405013ac,1.218839946496964
dual_30s_window,8,inner_validation,inner_train,nrmse_std,leave_one_view_out__fold01,False,True,leave_one_view_out__fold01__candidate_353,completed,response,f1ddae33af89bc208d97290f0e03c19c4d93c0cd3b4e08a59452657e405013ac,1.3779144386053204
dual_30s_window,8,inner_validation,inner_train,nrmse_iqr,leave_one_view_out__fold01,False,True,leave_one_view_out__fold01__candidate_353,completed,response,f1ddae33af89bc208d97290f0e03c19c4d93c0cd3b4e08a59452657e405013ac,0.9147493546601962
dual_30s_window,8,inner_validation,inner_train,train_mean_baseline_rmse,leave_one_view_out__fold01,False,True,leave_one_view_out__fold01__candidate_353,completed,response,f1ddae33af89bc208d97290f0e03c19c4d93c0cd3b4e08a59452657e405013ac,0.9551898219217477
dual_30s_window,8,inner_validation,inner_train,rmse_ratio,leave_one_view_out__fold01,False,True,leave_one_view_out__fold01__candidate_353,completed,response,f1ddae33af89bc208d97290f0e03c19c4d93c0cd3b4e08a59452657e405013ac,1.167237159467456
dual_30s_window,8,inner_validation,inner_train,response_skill,leave_one_view_out__fold01,False,True,leave_one_view_out__fold01__candidate_353,completed,response,f1ddae33af89bc208d97290f0e03c19c4d93c0cd3b4e08a59452657e405013ac,-0.36244258644165517
dual_30s_window,8,inner_validation,inner_train,spearman,leave_one_view_out__fold01,False,True,leave_one_view_out__fold01__candidate_353,completed,response,f1ddae33af89bc208d97290f0e03c19c4d93c0cd3b4e08a59452657e405013ac,-0.34965034965034975
dual_30s_window,8,inner_validation,inner_train,auprc,leave_one_view_out__fold01,False,True,leave_one_view_out__fold01__candidate_353,completed,high_response,f1ddae33af89bc208d97290f0e03c19c4d93c0cd3b4e08a59452657e405013ac,0.3447186147186147
dual_30s_window,8,inner_validation,inner_train,prevalence,leave_one_view_out__fold01,False,True,leave_one_view_out__fold01__candidate_353,completed,high_response,f1ddae33af89bc208d97290f0e03c19c4d93c0cd3b4e08a59452657e405013ac,0.4166666666666667
dual_30s_window,8,inner_validation,inner_train,random_baseline_auprc,leave_one_view_out__fold01,False,True,leave_one_view_out__fold01__candidate_353,completed,high_response,f1ddae33af89bc208d97290f0e03c19c4d93c0cd3b4e08a59452657e405013ac,0.4166666666666667
dual_30s_window,8,inner_validation,inner_train,normalized_ap,leave_one_view_out__fold01,False,True,leave_one_view_out__fold01__candidate_353,completed,high_response,f1ddae33af89bc208d97290f0e03c19c4d93c0cd3b4e08a59452657e405013ac,-0.12333951762523199
dual_30s_window,8,inner_validation,inner_train,auprc_lift,leave_one_view_out__fold01,False,True,leave_one_view_out__fold01__candidate_353,completed,high_response,f1ddae33af89bc208d97290f0e03c19c4d93c0cd3b4e08a59452657e405013ac,-0.07194805194805198
dual_30s_window,8,inner_validation,inner_train,auroc,leave_one_view_out__fold01,False,True,leave_one_view_out__fold01__candidate_353,completed,high_response,f1ddae33af89bc208d97290f0e03c19c4d93c0cd3b4e08a59452657e405013ac,0.2571428571428572
dual_30s_window,8,inner_validation,inner_train,balanced_accuracy,leave_one_view_out__fold01,False,True,leave_one_view_out__fold01__candidate_353,completed,high_response,f1ddae33af89bc208d97290f0e03c19c4d93c0cd3b4e08a59452657e405013ac,0.3857142857142857
dual_30s_window,8,inner_validation,inner_train,macro_f1,leave_one_view_out__fold02,False,True,leave_one_view_out__fold02__candidate_328,completed,maneuver,76857c61556d36c9eb8d7060ea53eb10f2e65e3f7b2a4854ab4c6016248a0b48,0.5786435786435785
dual_30s_window,8,inner_validation,inner_train,support_aware_macro_f1,leave_one_view_out__fold02,False,True,leave_one_view_out__fold02__candidate_328,completed,maneuver,76857c61556d36c9eb8d7060ea53eb10f2e65e3f7b2a4854ab4c6016248a0b48,0.5786435786435785
dual_30s_window,8,inner_validation,inner_train,majority_macro_f1,leave_one_view_out__fold02,False,True,leave_one_view_out__fold02__candidate_328,completed,maneuver,76857c61556d36c9eb8d7060ea53eb10f2e65e3f7b2a4854ab4c6016248a0b48,0.19607843137254902
dual_30s_window,8,inner_validation,inner_train,macro_f1_lift,leave_one_view_out__fold02,False,True,leave_one_view_out__fold02__candidate_328,completed,maneuver,76857c61556d36c9eb8d7060ea53eb10f2e65e3f7b2a4854ab4c6016248a0b48,0.3825651472710295
dual_30s_window,8,inner_validation,inner_train,recall_low,leave_one_view_out__fold02,False,True,leave_one_view_out__fold02__candidate_328,completed,maneuver,76857c61556d36c9eb8d7060ea53eb10f2e65e3f7b2a4854ab4c6016248a0b48,0.2
dual_30s_window,8,inner_validation,inner_train,recall_medium,leave_one_view_out__fold02,False,True,leave_one_view_out__fold02__candidate_328,completed,maneuver,76857c61556d36c9eb8d7060ea53eb10f2e65e3f7b2a4854ab4c6016248a0b48,0.75
dual_30s_window,8,inner_validation,inner_train,recall_high,leave_one_view_out__fold02,False,True,leave_one_view_out__fold02__candidate_328,completed,maneuver,76857c61556d36c9eb8d7060ea53eb10f2e65e3f7b2a4854ab4c6016248a0b48,1.0
dual_30s_window,8,inner_validation,inner_train,minimum_class_recall,leave_one_view_out__fold02,False,True,leave_one_view_out__fold02__candidate_328,completed,maneuver,76857c61556d36c9eb8d7060ea53eb10f2e65e3f7b2a4854ab4c6016248a0b48,0.2
dual_30s_window,8,inner_validation,inner_train,ordinal_mae,leave_one_view_out__fold02,False,True,leave_one_view_out__fold02__candidate_328,completed,maneuver,76857c61556d36c9eb8d7060ea53eb10f2e65e3f7b2a4854ab4c6016248a0b48,0.4166666666666667
dual_30s_window,8,inner_validation,inner_train,score_mae,leave_one_view_out__fold02,False,True,leave_one_view_out__fold02__candidate_328,completed,maneuver,76857c61556d36c9eb8d7060ea53eb10f2e65e3f7b2a4854ab4c6016248a0b48,0.8525296910632533
dual_30s_window,8,inner_validation,inner_train,score_spearman,leave_one_view_out__fold02,False,True,leave_one_view_out__fold02__candidate_328,completed,maneuver,76857c61556d36c9eb8d7060ea53eb10f2e65e3f7b2a4854ab4c6016248a0b48,0.5244755244755246
dual_30s_window,8,inner_validation,inner_train,rmse,leave_one_view_out__fold02,False,True,leave_one_view_out__fold02__candidate_328,completed,response,76857c61556d36c9eb8d7060ea53eb10f2e65e3f7b2a4854ab4c6016248a0b48,0.939785129212346
dual_30s_window,8,inner_validation,inner_train,mae,leave_one_view_out__fold02,False,True,leave_one_view_out__fold02__candidate_328,completed,response,76857c61556d36c9eb8d7060ea53eb10f2e65e3f7b2a4854ab4c6016248a0b48,0.7719843261406253
dual_30s_window,8,inner_validation,inner_train,validation_std,leave_one_view_out__fold02,False,True,leave_one_view_out__fold02__candidate_328,completed,response,76857c61556d36c9eb8d7060ea53eb10f2e65e3f7b2a4854ab4c6016248a0b48,0.6661100828266592
dual_30s_window,8,inner_validation,inner_train,validation_iqr,leave_one_view_out__fold02,False,True,leave_one_view_out__fold02__candidate_328,completed,response,76857c61556d36c9eb8d7060ea53eb10f2e65e3f7b2a4854ab4c6016248a0b48,0.8168154939282022
dual_30s_window,8,inner_validation,inner_train,nrmse_std,leave_one_view_out__fold02,False,True,leave_one_view_out__fold02__candidate_328,completed,response,76857c61556d36c9eb8d7060ea53eb10f2e65e3f7b2a4854ab4c6016248a0b48,1.4108555829455969
dual_30s_window,8,inner_validation,inner_train,nrmse_iqr,leave_one_view_out__fold02,False,True,leave_one_view_out__fold02__candidate_328,completed,response,76857c61556d36c9eb8d7060ea53eb10f2e65e3f7b2a4854ab4c6016248a0b48,1.1505476281953986
dual_30s_window,8,inner_validation,inner_train,train_mean_baseline_rmse,leave_one_view_out__fold02,False,True,leave_one_view_out__fold02__candidate_328,completed,response,76857c61556d36c9eb8d7060ea53eb10f2e65e3f7b2a4854ab4c6016248a0b48,0.760282844198373
dual_30s_window,8,inner_validation,inner_train,rmse_ratio,leave_one_view_out__fold02,False,True,leave_one_view_out__fold02__candidate_328,completed,response,76857c61556d36c9eb8d7060ea53eb10f2e65e3f7b2a4854ab4c6016248a0b48,1.2360993495825052
dual_30s_window,8,inner_validation,inner_train,response_skill,leave_one_view_out__fold02,False,True,leave_one_view_out__fold02__candidate_328,completed,response,76857c61556d36c9eb8d7060ea53eb10f2e65e3f7b2a4854ab4c6016248a0b48,-0.5279416020382925
dual_30s_window,8,inner_validation,inner_train,spearman,leave_one_view_out__fold02,False,True,leave_one_view_out__fold02__candidate_328,completed,response,76857c61556d36c9eb8d7060ea53eb10f2e65e3f7b2a4854ab4c6016248a0b48,-0.09090909090909093
dual_30s_window,8,inner_validation,inner_train,auprc,leave_one_view_out__fold02,False,True,leave_one_view_out__fold02__candidate_328,completed,high_response,76857c61556d36c9eb8d7060ea53eb10f2e65e3f7b2a4854ab4c6016248a0b48,0.34547619047619044
dual_30s_window,8,inner_validation,inner_train,prevalence,leave_one_view_out__fold02,False,True,leave_one_view_out__fold02__candidate_328,completed,high_response,76857c61556d36c9eb8d7060ea53eb10f2e65e3f7b2a4854ab4c6016248a0b48,0.4166666666666667
dual_30s_window,8,inner_validation,inner_train,random_baseline_auprc,leave_one_view_out__fold02,False,True,leave_one_view_out__fold02__candidate_328,completed,high_response,76857c61556d36c9eb8d7060ea53eb10f2e65e3f7b2a4854ab4c6016248a0b48,0.4166666666666667
dual_30s_window,8,inner_validation,inner_train,normalized_ap,leave_one_view_out__fold02,False,True,leave_one_view_out__fold02__candidate_328,completed,high_response,76857c61556d36c9eb8d7060ea53eb10f2e65e3f7b2a4854ab4c6016248a0b48,-0.12204081632653073
dual_30s_window,8,inner_validation,inner_train,auprc_lift,leave_one_view_out__fold02,False,True,leave_one_view_out__fold02__candidate_328,completed,high_response,76857c61556d36c9eb8d7060ea53eb10f2e65e3f7b2a4854ab4c6016248a0b48,-0.07119047619047625
dual_30s_window,8,inner_validation,inner_train,auroc,leave_one_view_out__fold02,False,True,leave_one_view_out__fold02__candidate_328,completed,high_response,76857c61556d36c9eb8d7060ea53eb10f2e65e3f7b2a4854ab4c6016248a0b48,0.2571428571428572
dual_30s_window,8,inner_validation,inner_train,balanced_accuracy,leave_one_view_out__fold02,False,True,leave_one_view_out__fold02__candidate_328,completed,high_response,76857c61556d36c9eb8d7060ea53eb10f2e65e3f7b2a4854ab4c6016248a0b48,0.3857142857142857
dual_30s_window,8,inner_validation,inner_train,macro_f1,leave_one_view_out__fold02,False,True,leave_one_view_out__fold02__candidate_329,completed,maneuver,09bd96f3f28027930e21282cb6cb1e34c79cb76197a270c426bd70e119d43e13,0.6626984126984127
dual_30s_window,8,inner_validation,inner_train,support_aware_macro_f1,leave_one_view_out__fold02,False,True,leave_one_view_out__fold02__candidate_329,completed,maneuver,09bd96f3f28027930e21282cb6cb1e34c79cb76197a270c426bd70e119d43e13,0.6626984126984127
dual_30s_window,8,inner_validation,inner_train,majority_macro_f1,leave_one_view_out__fold02,False,True,leave_one_view_out__fold02__candidate_329,completed,maneuver,09bd96f3f28027930e21282cb6cb1e34c79cb76197a270c426bd70e119d43e13,0.13333333333333333
dual_30s_window,8,inner_validation,inner_train,macro_f1_lift,leave_one_view_out__fold02,False,True,leave_one_view_out__fold02__candidate_329,completed,maneuver,09bd96f3f28027930e21282cb6cb1e34c79cb76197a270c426bd70e119d43e13,0.5293650793650794
dual_30s_window,8,inner_validation,inner_train,recall_low,leave_one_view_out__fold02,False,True,leave_one_view_out__fold02__candidate_329,completed,maneuver,09bd96f3f28027930e21282cb6cb1e34c79cb76197a270c426bd70e119d43e13,1.0
dual_30s_window,8,inner_validation,inner_train,recall_medium,leave_one_view_out__fold02,False,True,leave_one_view_out__fold02__candidate_329,completed,maneuver,09bd96f3f28027930e21282cb6cb1e34c79cb76197a270c426bd70e119d43e13,0.5
dual_30s_window,8,inner_validation,inner_train,recall_high,leave_one_view_out__fold02,False,True,leave_one_view_out__fold02__candidate_329,completed,maneuver,09bd96f3f28027930e21282cb6cb1e34c79cb76197a270c426bd70e119d43e13,0.6
dual_30s_window,8,inner_validation,inner_train,minimum_class_recall,leave_one_view_out__fold02,False,True,leave_one_view_out__fold02__candidate_329,completed,maneuver,09bd96f3f28027930e21282cb6cb1e34c79cb76197a270c426bd70e119d43e13,0.5
dual_30s_window,8,inner_validation,inner_train,ordinal_mae,leave_one_view_out__fold02,False,True,leave_one_view_out__fold02__candidate_329,completed,maneuver,09bd96f3f28027930e21282cb6cb1e34c79cb76197a270c426bd70e119d43e13,0.4166666666666667
dual_30s_window,8,inner_validation,inner_train,score_mae,leave_one_view_out__fold02,False,True,leave_one_view_out__fold02__candidate_329,completed,maneuver,09bd96f3f28027930e21282cb6cb1e34c79cb76197a270c426bd70e119d43e13,1.0996036317131
dual_30s_window,8,inner_validation,inner_train,score_spearman,leave_one_view_out__fold02,False,True,leave_one_view_out__fold02__candidate_329,completed,maneuver,09bd96f3f28027930e21282cb6cb1e34c79cb76197a270c426bd70e119d43e13,0.6363636363636365
dual_30s_window,8,inner_validation,inner_train,rmse,leave_one_view_out__fold02,False,True,leave_one_view_out__fold02__candidate_329,completed,response,09bd96f3f28027930e21282cb6cb1e34c79cb76197a270c426bd70e119d43e13,1.1388818796347637
dual_30s_window,8,inner_validation,inner_train,mae,leave_one_view_out__fold02,False,True,leave_one_view_out__fold02__candidate_329,completed,response,09bd96f3f28027930e21282cb6cb1e34c79cb76197a270c426bd70e119d43e13,0.8679302263526721
dual_30s_window,8,inner_validation,inner_train,validation_std,leave_one_view_out__fold02,False,True,leave_one_view_out__fold02__candidate_329,completed,response,09bd96f3f28027930e21282cb6cb1e34c79cb76197a270c426bd70e119d43e13,0.7444107826338696
dual_30s_window,8,inner_validation,inner_train,validation_iqr,leave_one_view_out__fold02,False,True,leave_one_view_out__fold02__candidate_329,completed,response,09bd96f3f28027930e21282cb6cb1e34c79cb76197a270c426bd70e119d43e13,1.126261329695373
dual_30s_window,8,inner_validation,inner_train,nrmse_std,leave_one_view_out__fold02,False,True,leave_one_view_out__fold02__candidate_329,completed,response,09bd96f3f28027930e21282cb6cb1e34c79cb76197a270c426bd70e119d43e13,1.5299105093630951
dual_30s_window,8,inner_validation,inner_train,nrmse_iqr,leave_one_view_out__fold02,False,True,leave_one_view_out__fold02__candidate_329,completed,response,09bd96f3f28027930e21282cb6cb1e34c79cb76197a270c426bd70e119d43e13,1.0112057029808563
dual_30s_window,8,inner_validation,inner_train,train_mean_baseline_rmse,leave_one_view_out__fold02,False,True,leave_one_view_out__fold02__candidate_329,completed,response,09bd96f3f28027930e21282cb6cb1e34c79cb76197a270c426bd70e119d43e13,0.7887754436917268
dual_30s_window,8,inner_validation,inner_train,rmse_ratio,leave_one_view_out__fold02,False,True,leave_one_view_out__fold02__candidate_329,completed,response,09bd96f3f28027930e21282cb6cb1e34c79cb76197a270c426bd70e119d43e13,1.4438607194773008
dual_30s_window,8,inner_validation,inner_train,response_skill,leave_one_view_out__fold02,False,True,leave_one_view_out__fold02__candidate_329,completed,response,09bd96f3f28027930e21282cb6cb1e34c79cb76197a270c426bd70e119d43e13,-1.0847337772495078
dual_30s_window,8,inner_validation,inner_train,spearman,leave_one_view_out__fold02,False,True,leave_one_view_out__fold02__candidate_329,completed,response,09bd96f3f28027930e21282cb6cb1e34c79cb76197a270c426bd70e119d43e13,-0.1328671328671329
dual_30s_window,8,inner_validation,inner_train,auprc,leave_one_view_out__fold02,False,True,leave_one_view_out__fold02__candidate_329,completed,high_response,09bd96f3f28027930e21282cb6cb1e34c79cb76197a270c426bd70e119d43e13,0.37217893217893216
dual_30s_window,8,inner_validation,inner_train,prevalence,leave_one_view_out__fold02,False,True,leave_one_view_out__fold02__candidate_329,completed,high_response,09bd96f3f28027930e21282cb6cb1e34c79cb76197a270c426bd70e119d43e13,0.4166666666666667
dual_30s_window,8,inner_validation,inner_train,random_baseline_auprc,leave_one_view_out__fold02,False,True,leave_one_view_out__fold02__candidate_329,completed,high_response,09bd96f3f28027930e21282cb6cb1e34c79cb76197a270c426bd70e119d43e13,0.4166666666666667
dual_30s_window,8,inner_validation,inner_train,normalized_ap,leave_one_view_out__fold02,False,True,leave_one_view_out__fold02__candidate_329,completed,high_response,09bd96f3f28027930e21282cb6cb1e34c79cb76197a270c426bd70e119d43e13,-0.07626468769325918
dual_30s_window,8,inner_validation,inner_train,auprc_lift,leave_one_view_out__fold02,False,True,leave_one_view_out__fold02__candidate_329,completed,high_response,09bd96f3f28027930e21282cb6cb1e34c79cb76197a270c426bd70e119d43e13,-0.04448773448773452
dual_30s_window,8,inner_validation,inner_train,auroc,leave_one_view_out__fold02,False,True,leave_one_view_out__fold02__candidate_329,completed,high_response,09bd96f3f28027930e21282cb6cb1e34c79cb76197a270c426bd70e119d43e13,0.34285714285714286
dual_30s_window,8,inner_validation,inner_train,balanced_accuracy,leave_one_view_out__fold02,False,True,leave_one_view_out__fold02__candidate_329,completed,high_response,09bd96f3f28027930e21282cb6cb1e34c79cb76197a270c426bd70e119d43e13,0.41428571428571426
dual_30s_window,8,inner_validation,inner_train,macro_f1,leave_one_view_out__fold01,False,True,leave_one_view_out__fold01__candidate_340,completed,maneuver,c8bb55db2e84fca264b1421bfe060cb36e07fbf025a5f825bde808b31ad5f850,1.0
dual_30s_window,8,inner_validation,inner_train,support_aware_macro_f1,leave_one_view_out__fold01,False,True,leave_one_view_out__fold01__candidate_340,completed,maneuver,c8bb55db2e84fca264b1421bfe060cb36e07fbf025a5f825bde808b31ad5f850,1.0
dual_30s_window,8,inner_validation,inner_train,majority_macro_f1,leave_one_view_out__fold01,False,True,leave_one_view_out__fold01__candidate_340,completed,maneuver,c8bb55db2e84fca264b1421bfe060cb36e07fbf025a5f825bde808b31ad5f850,0.13333333333333333
dual_30s_window,8,inner_validation,inner_train,macro_f1_lift,leave_one_view_out__fold01,False,True,leave_one_view_out__fold01__candidate_340,completed,maneuver,c8bb55db2e84fca264b1421bfe060cb36e07fbf025a5f825bde808b31ad5f850,0.8666666666666667
dual_30s_window,8,inner_validation,inner_train,recall_low,leave_one_view_out__fold01,False,True,leave_one_view_out__fold01__candidate_340,completed,maneuver,c8bb55db2e84fca264b1421bfe060cb36e07fbf025a5f825bde808b31ad5f850,1.0
dual_30s_window,8,inner_validation,inner_train,recall_medium,leave_one_view_out__fold01,False,True,leave_one_view_out__fold01__candidate_340,completed,maneuver,c8bb55db2e84fca264b1421bfe060cb36e07fbf025a5f825bde808b31ad5f850,1.0
dual_30s_window,8,inner_validation,inner_train,recall_high,leave_one_view_out__fold01,False,True,leave_one_view_out__fold01__candidate_340,completed,maneuver,c8bb55db2e84fca264b1421bfe060cb36e07fbf025a5f825bde808b31ad5f850,1.0
dual_30s_window,8,inner_validation,inner_train,minimum_class_recall,leave_one_view_out__fold01,False,True,leave_one_view_out__fold01__candidate_340,completed,maneuver,c8bb55db2e84fca264b1421bfe060cb36e07fbf025a5f825bde808b31ad5f850,1.0
dual_30s_window,8,inner_validation,inner_train,ordinal_mae,leave_one_view_out__fold01,False,True,leave_one_view_out__fold01__candidate_340,completed,maneuver,c8bb55db2e84fca264b1421bfe060cb36e07fbf025a5f825bde808b31ad5f850,0.0
dual_30s_window,8,inner_validation,inner_train,score_mae,leave_one_view_out__fold01,False,True,leave_one_view_out__fold01__candidate_340,completed,maneuver,c8bb55db2e84fca264b1421bfe060cb36e07fbf025a5f825bde808b31ad5f850,0.5877419962803786
dual_30s_window,8,inner_validation,inner_train,score_spearman,leave_one_view_out__fold01,False,True,leave_one_view_out__fold01__candidate_340,completed,maneuver,c8bb55db2e84fca264b1421bfe060cb36e07fbf025a5f825bde808b31ad5f850,0.9160839160839163
dual_30s_window,8,inner_validation,inner_train,rmse,leave_one_view_out__fold01,False,True,leave_one_view_out__fold01__candidate_340,completed,response,c8bb55db2e84fca264b1421bfe060cb36e07fbf025a5f825bde808b31ad5f850,1.0939167424194234
dual_30s_window,8,inner_validation,inner_train,mae,leave_one_view_out__fold01,False,True,leave_one_view_out__fold01__candidate_340,completed,response,c8bb55db2e84fca264b1421bfe060cb36e07fbf025a5f825bde808b31ad5f850,0.9487644606337701
dual_30s_window,8,inner_validation,inner_train,validation_std,leave_one_view_out__fold01,False,True,leave_one_view_out__fold01__candidate_340,completed,response,c8bb55db2e84fca264b1421bfe060cb36e07fbf025a5f825bde808b31ad5f850,0.7738225567538186
dual_30s_window,8,inner_validation,inner_train,validation_iqr,leave_one_view_out__fold01,False,True,leave_one_view_out__fold01__candidate_340,completed,response,c8bb55db2e84fca264b1421bfe060cb36e07fbf025a5f825bde808b31ad5f850,1.1164541279861386
dual_30s_window,8,inner_validation,inner_train,nrmse_std,leave_one_view_out__fold01,False,True,leave_one_view_out__fold01__candidate_340,completed,response,c8bb55db2e84fca264b1421bfe060cb36e07fbf025a5f825bde808b31ad5f850,1.4136532114137357
dual_30s_window,8,inner_validation,inner_train,nrmse_iqr,leave_one_view_out__fold01,False,True,leave_one_view_out__fold01__candidate_340,completed,response,c8bb55db2e84fca264b1421bfe060cb36e07fbf025a5f825bde808b31ad5f850,0.9798134244822326
dual_30s_window,8,inner_validation,inner_train,train_mean_baseline_rmse,leave_one_view_out__fold01,False,True,leave_one_view_out__fold01__candidate_340,completed,response,c8bb55db2e84fca264b1421bfe060cb36e07fbf025a5f825bde808b31ad5f850,0.9520832805389658
dual_30s_window,8,inner_validation,inner_train,rmse_ratio,leave_one_view_out__fold01,False,True,leave_one_view_out__fold01__candidate_340,completed,response,c8bb55db2e84fca264b1421bfe060cb36e07fbf025a5f825bde808b31ad5f850,1.1489716968878676
dual_30s_window,8,inner_validation,inner_train,response_skill,leave_one_view_out__fold01,False,True,leave_one_view_out__fold01__candidate_340,completed,response,c8bb55db2e84fca264b1421bfe060cb36e07fbf025a5f825bde808b31ad5f850,-0.3201359602493863
dual_30s_window,8,inner_validation,inner_train,spearman,leave_one_view_out__fold01,False,True,leave_one_view_out__fold01__candidate_340,completed,response,c8bb55db2e84fca264b1421bfe060cb36e07fbf025a5f825bde808b31ad5f850,-0.16083916083916086
dual_30s_window,8,inner_validation,inner_train,auprc,leave_one_view_out__fold01,False,True,leave_one_view_out__fold01__candidate_340,completed,high_response,c8bb55db2e84fca264b1421bfe060cb36e07fbf025a5f825bde808b31ad5f850,0.5713512677798391
dual_30s_window,8,inner_validation,inner_train,prevalence,leave_one_view_out__fold01,False,True,leave_one_view_out__fold01__candidate_340,completed,high_response,c8bb55db2e84fca264b1421bfe060cb36e07fbf025a5f825bde808b31ad5f850,0.5833333333333334
dual_30s_window,8,inner_validation,inner_train,random_baseline_auprc,leave_one_view_out__fold01,False,True,leave_one_view_out__fold01__candidate_340,completed,high_response,c8bb55db2e84fca264b1421bfe060cb36e07fbf025a5f825bde808b31ad5f850,0.5833333333333334
dual_30s_window,8,inner_validation,inner_train,normalized_ap,leave_one_view_out__fold01,False,True,leave_one_view_out__fold01__candidate_340,completed,high_response,c8bb55db2e84fca264b1421bfe060cb36e07fbf025a5f825bde808b31ad5f850,-0.028756957328386172
dual_30s_window,8,inner_validation,inner_train,auprc_lift,leave_one_view_out__fold01,False,True,leave_one_view_out__fold01__candidate_340,completed,high_response,c8bb55db2e84fca264b1421bfe060cb36e07fbf025a5f825bde808b31ad5f850,-0.011982065553494237
dual_30s_window,8,inner_validation,inner_train,auroc,leave_one_view_out__fold01,False,True,leave_one_view_out__fold01__candidate_340,completed,high_response,c8bb55db2e84fca264b1421bfe060cb36e07fbf025a5f825bde808b31ad5f850,0.45714285714285713
dual_30s_window,8,inner_validation,inner_train,balanced_accuracy,leave_one_view_out__fold01,False,True,leave_one_view_out__fold01__candidate_340,completed,high_response,c8bb55db2e84fca264b1421bfe060cb36e07fbf025a5f825bde808b31ad5f850,0.4714285714285714
dual_30s_window,8,inner_validation,inner_train,macro_f1,leave_one_view_out__fold01,False,True,leave_one_view_out__fold01__candidate_327,completed,maneuver,ef23ad8b080593cb9c8caaa4a57c59a5dc23c5987cd8d56c0f61e753cf15435c,0.8222222222222223
dual_30s_window,8,inner_validation,inner_train,support_aware_macro_f1,leave_one_view_out__fold01,False,True,leave_one_view_out__fold01__candidate_327,completed,maneuver,ef23ad8b080593cb9c8caaa4a57c59a5dc23c5987cd8d56c0f61e753cf15435c,0.8222222222222223
dual_30s_window,8,inner_validation,inner_train,majority_macro_f1,leave_one_view_out__fold01,False,True,leave_one_view_out__fold01__candidate_327,completed,maneuver,ef23ad8b080593cb9c8caaa4a57c59a5dc23c5987cd8d56c0f61e753cf15435c,0.19607843137254902
dual_30s_window,8,inner_validation,inner_train,macro_f1_lift,leave_one_view_out__fold01,False,True,leave_one_view_out__fold01__candidate_327,completed,maneuver,ef23ad8b080593cb9c8caaa4a57c59a5dc23c5987cd8d56c0f61e753cf15435c,0.6261437908496733
dual_30s_window,8,inner_validation,inner_train,recall_low,leave_one_view_out__fold01,False,True,leave_one_view_out__fold01__candidate_327,completed,maneuver,ef23ad8b080593cb9c8caaa4a57c59a5dc23c5987cd8d56c0f61e753cf15435c,0.8
dual_30s_window,8,inner_validation,inner_train,recall_medium,leave_one_view_out__fold01,False,True,leave_one_view_out__fold01__candidate_327,completed,maneuver,ef23ad8b080593cb9c8caaa4a57c59a5dc23c5987cd8d56c0f61e753cf15435c,0.6666666666666666
dual_30s_window,8,inner_validation,inner_train,recall_high,leave_one_view_out__fold01,False,True,leave_one_view_out__fold01__candidate_327,completed,maneuver,ef23ad8b080593cb9c8caaa4a57c59a5dc23c5987cd8d56c0f61e753cf15435c,1.0
dual_30s_window,8,inner_validation,inner_train,minimum_class_recall,leave_one_view_out__fold01,False,True,leave_one_view_out__fold01__candidate_327,completed,maneuver,ef23ad8b080593cb9c8caaa4a57c59a5dc23c5987cd8d56c0f61e753cf15435c,0.6666666666666666
dual_30s_window,8,inner_validation,inner_train,ordinal_mae,leave_one_view_out__fold01,False,True,leave_one_view_out__fold01__candidate_327,completed,maneuver,ef23ad8b080593cb9c8caaa4a57c59a5dc23c5987cd8d56c0f61e753cf15435c,0.16666666666666666
dual_30s_window,8,inner_validation,inner_train,score_mae,leave_one_view_out__fold01,False,True,leave_one_view_out__fold01__candidate_327,completed,maneuver,ef23ad8b080593cb9c8caaa4a57c59a5dc23c5987cd8d56c0f61e753cf15435c,0.6203446214116932
dual_30s_window,8,inner_validation,inner_train,score_spearman,leave_one_view_out__fold01,False,True,leave_one_view_out__fold01__candidate_327,completed,maneuver,ef23ad8b080593cb9c8caaa4a57c59a5dc23c5987cd8d56c0f61e753cf15435c,0.8391608391608393
dual_30s_window,8,inner_validation,inner_train,rmse,leave_one_view_out__fold01,False,True,leave_one_view_out__fold01__candidate_327,completed,response,ef23ad8b080593cb9c8caaa4a57c59a5dc23c5987cd8d56c0f61e753cf15435c,1.1139018691473075
dual_30s_window,8,inner_validation,inner_train,mae,leave_one_view_out__fold01,False,True,leave_one_view_out__fold01__candidate_327,completed,response,ef23ad8b080593cb9c8caaa4a57c59a5dc23c5987cd8d56c0f61e753cf15435c,0.924220716761989
dual_30s_window,8,inner_validation,inner_train,validation_std,leave_one_view_out__fold01,False,True,leave_one_view_out__fold01__candidate_327,completed,response,ef23ad8b080593cb9c8caaa4a57c59a5dc23c5987cd8d56c0f61e753cf15435c,0.7424450098311778
dual_30s_window,8,inner_validation,inner_train,validation_iqr,leave_one_view_out__fold01,False,True,leave_one_view_out__fold01__candidate_327,completed,response,ef23ad8b080593cb9c8caaa4a57c59a5dc23c5987cd8d56c0f61e753cf15435c,0.8094986823286678
dual_30s_window,8,inner_validation,inner_train,nrmse_std,leave_one_view_out__fold01,False,True,leave_one_view_out__fold01__candidate_327,completed,response,ef23ad8b080593cb9c8caaa4a57c59a5dc23c5987cd8d56c0f61e753cf15435c,1.5003156521997423
dual_30s_window,8,inner_validation,inner_train,nrmse_iqr,leave_one_view_out__fold01,False,True,leave_one_view_out__fold01__candidate_327,completed,response,ef23ad8b080593cb9c8caaa4a57c59a5dc23c5987cd8d56c0f61e753cf15435c,1.3760391381280195
dual_30s_window,8,inner_validation,inner_train,train_mean_baseline_rmse,leave_one_view_out__fold01,False,True,leave_one_view_out__fold01__candidate_327,completed,response,ef23ad8b080593cb9c8caaa4a57c59a5dc23c5987cd8d56c0f61e753cf15435c,0.9686999988458442
dual_30s_window,8,inner_validation,inner_train,rmse_ratio,leave_one_view_out__fold01,False,True,leave_one_view_out__fold01__candidate_327,completed,response,ef23ad8b080593cb9c8caaa4a57c59a5dc23c5987cd8d56c0f61e753cf15435c,1.149893538220774
dual_30s_window,8,inner_validation,inner_train,response_skill,leave_one_view_out__fold01,False,True,leave_one_view_out__fold01__candidate_327,completed,response,ef23ad8b080593cb9c8caaa4a57c59a5dc23c5987cd8d56c0f61e753cf15435c,-0.32225514924189036
dual_30s_window,8,inner_validation,inner_train,spearman,leave_one_view_out__fold01,False,True,leave_one_view_out__fold01__candidate_327,completed,response,ef23ad8b080593cb9c8caaa4a57c59a5dc23c5987cd8d56c0f61e753cf15435c,0.22377622377622378
dual_30s_window,8,inner_validation,inner_train,auprc,leave_one_view_out__fold01,False,True,leave_one_view_out__fold01__candidate_327,completed,high_response,ef23ad8b080593cb9c8caaa4a57c59a5dc23c5987cd8d56c0f61e753cf15435c,0.6364583333333333
dual_30s_window,8,inner_validation,inner_train,prevalence,leave_one_view_out__fold01,False,True,leave_one_view_out__fold01__candidate_327,completed,high_response,ef23ad8b080593cb9c8caaa4a57c59a5dc23c5987cd8d56c0f61e753cf15435c,0.6666666666666666
dual_30s_window,8,inner_validation,inner_train,random_baseline_auprc,leave_one_view_out__fold01,False,True,leave_one_view_out__fold01__candidate_327,completed,high_response,ef23ad8b080593cb9c8caaa4a57c59a5dc23c5987cd8d56c0f61e753cf15435c,0.6666666666666666
dual_30s_window,8,inner_validation,inner_train,normalized_ap,leave_one_view_out__fold01,False,True,leave_one_view_out__fold01__candidate_327,completed,high_response,ef23ad8b080593cb9c8caaa4a57c59a5dc23c5987cd8d56c0f61e753cf15435c,-0.09062499999999983
dual_30s_window,8,inner_validation,inner_train,auprc_lift,leave_one_view_out__fold01,False,True,leave_one_view_out__fold01__candidate_327,completed,high_response,ef23ad8b080593cb9c8caaa4a57c59a5dc23c5987cd8d56c0f61e753cf15435c,-0.03020833333333328
dual_30s_window,8,inner_validation,inner_train,auroc,leave_one_view_out__fold01,False,True,leave_one_view_out__fold01__candidate_327,completed,high_response,ef23ad8b080593cb9c8caaa4a57c59a5dc23c5987cd8d56c0f61e753cf15435c,0.40625
dual_30s_window,8,inner_validation,inner_train,balanced_accuracy,leave_one_view_out__fold01,False,True,leave_one_view_out__fold01__candidate_327,completed,high_response,ef23ad8b080593cb9c8caaa4a57c59a5dc23c5987cd8d56c0f61e753cf15435c,0.375
dual_30s_baseline_relative,9,inner_validation,inner_train,macro_f1,leave_one_view_out__fold01,False,True,leave_one_view_out__fold01__candidate_339,completed,maneuver,d49030f301fc10972368913bbfc6141aa638775e23f48bc8ad0055d5e48293a1,0.9153439153439153
dual_30s_baseline_relative,9,inner_validation,inner_train,support_aware_macro_f1,leave_one_view_out__fold01,False,True,leave_one_view_out__fold01__candidate_339,completed,maneuver,d49030f301fc10972368913bbfc6141aa638775e23f48bc8ad0055d5e48293a1,0.9153439153439153
dual_30s_baseline_relative,9,inner_validation,inner_train,majority_macro_f1,leave_one_view_out__fold01,False,True,leave_one_view_out__fold01__candidate_339,completed,maneuver,d49030f301fc10972368913bbfc6141aa638775e23f48bc8ad0055d5e48293a1,0.16666666666666666
dual_30s_baseline_relative,9,inner_validation,inner_train,macro_f1_lift,leave_one_view_out__fold01,False,True,leave_one_view_out__fold01__candidate_339,completed,maneuver,d49030f301fc10972368913bbfc6141aa638775e23f48bc8ad0055d5e48293a1,0.7486772486772487
dual_30s_baseline_relative,9,inner_validation,inner_train,recall_low,leave_one_view_out__fold01,False,True,leave_one_view_out__fold01__candidate_339,completed,maneuver,d49030f301fc10972368913bbfc6141aa638775e23f48bc8ad0055d5e48293a1,1.0
dual_30s_baseline_relative,9,inner_validation,inner_train,recall_medium,leave_one_view_out__fold01,False,True,leave_one_view_out__fold01__candidate_339,completed,maneuver,d49030f301fc10972368913bbfc6141aa638775e23f48bc8ad0055d5e48293a1,0.75
dual_30s_baseline_relative,9,inner_validation,inner_train,recall_high,leave_one_view_out__fold01,False,True,leave_one_view_out__fold01__candidate_339,completed,maneuver,d49030f301fc10972368913bbfc6141aa638775e23f48bc8ad0055d5e48293a1,1.0
dual_30s_baseline_relative,9,inner_validation,inner_train,minimum_class_recall,leave_one_view_out__fold01,False,True,leave_one_view_out__fold01__candidate_339,completed,maneuver,d49030f301fc10972368913bbfc6141aa638775e23f48bc8ad0055d5e48293a1,0.75
dual_30s_baseline_relative,9,inner_validation,inner_train,ordinal_mae,leave_one_view_out__fold01,False,True,leave_one_view_out__fold01__candidate_339,completed,maneuver,d49030f301fc10972368913bbfc6141aa638775e23f48bc8ad0055d5e48293a1,0.08333333333333333
dual_30s_baseline_relative,9,inner_validation,inner_train,score_mae,leave_one_view_out__fold01,False,True,leave_one_view_out__fold01__candidate_339,completed,maneuver,d49030f301fc10972368913bbfc6141aa638775e23f48bc8ad0055d5e48293a1,0.4690243392307294
dual_30s_baseline_relative,9,inner_validation,inner_train,score_spearman,leave_one_view_out__fold01,False,True,leave_one_view_out__fold01__candidate_339,completed,maneuver,d49030f301fc10972368913bbfc6141aa638775e23f48bc8ad0055d5e48293a1,0.9160839160839163
dual_30s_baseline_relative,9,inner_validation,inner_train,rmse,leave_one_view_out__fold01,False,True,leave_one_view_out__fold01__candidate_339,completed,response,d49030f301fc10972368913bbfc6141aa638775e23f48bc8ad0055d5e48293a1,1.177724223629119
dual_30s_baseline_relative,9,inner_validation,inner_train,mae,leave_one_view_out__fold01,False,True,leave_one_view_out__fold01__candidate_339,completed,response,d49030f301fc10972368913bbfc6141aa638775e23f48bc8ad0055d5e48293a1,0.9917657008921822
dual_30s_baseline_relative,9,inner_validation,inner_train,validation_std,leave_one_view_out__fold01,False,True,leave_one_view_out__fold01__candidate_339,completed,response,d49030f301fc10972368913bbfc6141aa638775e23f48bc8ad0055d5e48293a1,0.9229823964743179
dual_30s_baseline_relative,9,inner_validation,inner_train,validation_iqr,leave_one_view_out__fold01,False,True,leave_one_view_out__fold01__candidate_339,completed,response,d49030f301fc10972368913bbfc6141aa638775e23f48bc8ad0055d5e48293a1,1.5375502327333572
dual_30s_baseline_relative,9,inner_validation,inner_train,nrmse_std,leave_one_view_out__fold01,False,True,leave_one_view_out__fold01__candidate_339,completed,response,d49030f301fc10972368913bbfc6141aa638775e23f48bc8ad0055d5e48293a1,1.2759985760593966
dual_30s_baseline_relative,9,inner_validation,inner_train,nrmse_iqr,leave_one_view_out__fold01,False,True,leave_one_view_out__fold01__candidate_339,completed,response,d49030f301fc10972368913bbfc6141aa638775e23f48bc8ad0055d5e48293a1,0.7659744693579456
dual_30s_baseline_relative,9,inner_validation,inner_train,train_mean_baseline_rmse,leave_one_view_out__fold01,False,True,leave_one_view_out__fold01__candidate_339,completed,response,d49030f301fc10972368913bbfc6141aa638775e23f48bc8ad0055d5e48293a1,1.2411261006308119
dual_30s_baseline_relative,9,inner_validation,inner_train,rmse_ratio,leave_one_view_out__fold01,False,True,leave_one_view_out__fold01__candidate_339,completed,response,d49030f301fc10972368913bbfc6141aa638775e23f48bc8ad0055d5e48293a1,0.9489158458842591
dual_30s_baseline_relative,9,inner_validation,inner_train,response_skill,leave_one_view_out__fold01,False,True,leave_one_view_out__fold01__candidate_339,completed,response,d49030f301fc10972368913bbfc6141aa638775e23f48bc8ad0055d5e48293a1,0.09955871742976086
dual_30s_baseline_relative,9,inner_validation,inner_train,spearman,leave_one_view_out__fold01,False,True,leave_one_view_out__fold01__candidate_339,completed,response,d49030f301fc10972368913bbfc6141aa638775e23f48bc8ad0055d5e48293a1,0.21678321678321683
dual_30s_baseline_relative,9,inner_validation,inner_train,auprc,leave_one_view_out__fold01,False,True,leave_one_view_out__fold01__candidate_339,completed,high_response,d49030f301fc10972368913bbfc6141aa638775e23f48bc8ad0055d5e48293a1,0.7511769480519481
dual_30s_baseline_relative,9,inner_validation,inner_train,prevalence,leave_one_view_out__fold01,False,True,leave_one_view_out__fold01__candidate_339,completed,high_response,d49030f301fc10972368913bbfc6141aa638775e23f48bc8ad0055d5e48293a1,0.6666666666666666
dual_30s_baseline_relative,9,inner_validation,inner_train,random_baseline_auprc,leave_one_view_out__fold01,False,True,leave_one_view_out__fold01__candidate_339,completed,high_response,d49030f301fc10972368913bbfc6141aa638775e23f48bc8ad0055d5e48293a1,0.6666666666666666
dual_30s_baseline_relative,9,inner_validation,inner_train,normalized_ap,leave_one_view_out__fold01,False,True,leave_one_view_out__fold01__candidate_339,completed,high_response,d49030f301fc10972368913bbfc6141aa638775e23f48bc8ad0055d5e48293a1,0.2535308441558444
dual_30s_baseline_relative,9,inner_validation,inner_train,auprc_lift,leave_one_view_out__fold01,False,True,leave_one_view_out__fold01__candidate_339,completed,high_response,d49030f301fc10972368913bbfc6141aa638775e23f48bc8ad0055d5e48293a1,0.0845102813852815
dual_30s_baseline_relative,9,inner_validation,inner_train,auroc,leave_one_view_out__fold01,False,True,leave_one_view_out__fold01__candidate_339,completed,high_response,d49030f301fc10972368913bbfc6141aa638775e23f48bc8ad0055d5e48293a1,0.6875
dual_30s_baseline_relative,9,inner_validation,inner_train,balanced_accuracy,leave_one_view_out__fold01,False,True,leave_one_view_out__fold01__candidate_339,completed,high_response,d49030f301fc10972368913bbfc6141aa638775e23f48bc8ad0055d5e48293a1,0.5625
dual_30s_baseline_relative,9,inner_validation,inner_train,macro_f1,leave_one_view_out__fold01,False,True,leave_one_view_out__fold01__candidate_353,completed,maneuver,f1ddae33af89bc208d97290f0e03c19c4d93c0cd3b4e08a59452657e405013ac,1.0
dual_30s_baseline_relative,9,inner_validation,inner_train,support_aware_macro_f1,leave_one_view_out__fold01,False,True,leave_one_view_out__fold01__candidate_353,completed,maneuver,f1ddae33af89bc208d97290f0e03c19c4d93c0cd3b4e08a59452657e405013ac,1.0
dual_30s_baseline_relative,9,inner_validation,inner_train,majority_macro_f1,leave_one_view_out__fold01,False,True,leave_one_view_out__fold01__candidate_353,completed,maneuver,f1ddae33af89bc208d97290f0e03c19c4d93c0cd3b4e08a59452657e405013ac,0.13333333333333333
dual_30s_baseline_relative,9,inner_validation,inner_train,macro_f1_lift,leave_one_view_out__fold01,False,True,leave_one_view_out__fold01__candidate_353,completed,maneuver,f1ddae33af89bc208d97290f0e03c19c4d93c0cd3b4e08a59452657e405013ac,0.8666666666666667
dual_30s_baseline_relative,9,inner_validation,inner_train,recall_low,leave_one_view_out__fold01,False,True,leave_one_view_out__fold01__candidate_353,completed,maneuver,f1ddae33af89bc208d97290f0e03c19c4d93c0cd3b4e08a59452657e405013ac,1.0
dual_30s_baseline_relative,9,inner_validation,inner_train,recall_medium,leave_one_view_out__fold01,False,True,leave_one_view_out__fold01__candidate_353,completed,maneuver,f1ddae33af89bc208d97290f0e03c19c4d93c0cd3b4e08a59452657e405013ac,1.0
dual_30s_baseline_relative,9,inner_validation,inner_train,recall_high,leave_one_view_out__fold01,False,True,leave_one_view_out__fold01__candidate_353,completed,maneuver,f1ddae33af89bc208d97290f0e03c19c4d93c0cd3b4e08a59452657e405013ac,1.0
dual_30s_baseline_relative,9,inner_validation,inner_train,minimum_class_recall,leave_one_view_out__fold01,False,True,leave_one_view_out__fold01__candidate_353,completed,maneuver,f1ddae33af89bc208d97290f0e03c19c4d93c0cd3b4e08a59452657e405013ac,1.0
dual_30s_baseline_relative,9,inner_validation,inner_train,ordinal_mae,leave_one_view_out__fold01,False,True,leave_one_view_out__fold01__candidate_353,completed,maneuver,f1ddae33af89bc208d97290f0e03c19c4d93c0cd3b4e08a59452657e405013ac,0.0
dual_30s_baseline_relative,9,inner_validation,inner_train,score_mae,leave_one_view_out__fold01,False,True,leave_one_view_out__fold01__candidate_353,completed,maneuver,f1ddae33af89bc208d97290f0e03c19c4d93c0cd3b4e08a59452657e405013ac,0.5169257013460714
dual_30s_baseline_relative,9,inner_validation,inner_train,score_spearman,leave_one_view_out__fold01,False,True,leave_one_view_out__fold01__candidate_353,completed,maneuver,f1ddae33af89bc208d97290f0e03c19c4d93c0cd3b4e08a59452657e405013ac,0.8951048951048951
dual_30s_baseline_relative,9,inner_validation,inner_train,rmse,leave_one_view_out__fold01,False,True,leave_one_view_out__fold01__candidate_353,completed,response,f1ddae33af89bc208d97290f0e03c19c4d93c0cd3b4e08a59452657e405013ac,1.0790471853736703
dual_30s_baseline_relative,9,inner_validation,inner_train,mae,leave_one_view_out__fold01,False,True,leave_one_view_out__fold01__candidate_353,completed,response,f1ddae33af89bc208d97290f0e03c19c4d93c0cd3b4e08a59452657e405013ac,0.9491930013930725
dual_30s_baseline_relative,9,inner_validation,inner_train,validation_std,leave_one_view_out__fold01,False,True,leave_one_view_out__fold01__candidate_353,completed,response,f1ddae33af89bc208d97290f0e03c19c4d93c0cd3b4e08a59452657e405013ac,0.8091453454981316
dual_30s_baseline_relative,9,inner_validation,inner_train,validation_iqr,leave_one_view_out__fold01,False,True,leave_one_view_out__fold01__candidate_353,completed,response,f1ddae33af89bc208d97290f0e03c19c4d93c0cd3b4e08a59452657e405013ac,1.218839946496964
dual_30s_baseline_relative,9,inner_validation,inner_train,nrmse_std,leave_one_view_out__fold01,False,True,leave_one_view_out__fold01__candidate_353,completed,response,f1ddae33af89bc208d97290f0e03c19c4d93c0cd3b4e08a59452657e405013ac,1.3335641011558683
dual_30s_baseline_relative,9,inner_validation,inner_train,nrmse_iqr,leave_one_view_out__fold01,False,True,leave_one_view_out__fold01__candidate_353,completed,response,f1ddae33af89bc208d97290f0e03c19c4d93c0cd3b4e08a59452657e405013ac,0.885306711906622
dual_30s_baseline_relative,9,inner_validation,inner_train,train_mean_baseline_rmse,leave_one_view_out__fold01,False,True,leave_one_view_out__fold01__candidate_353,completed,response,f1ddae33af89bc208d97290f0e03c19c4d93c0cd3b4e08a59452657e405013ac,0.9551898219217477
dual_30s_baseline_relative,9,inner_validation,inner_train,rmse_ratio,leave_one_view_out__fold01,False,True,leave_one_view_out__fold01__candidate_353,completed,response,f1ddae33af89bc208d97290f0e03c19c4d93c0cd3b4e08a59452657e405013ac,1.1296678006919438
dual_30s_baseline_relative,9,inner_validation,inner_train,response_skill,leave_one_view_out__fold01,False,True,leave_one_view_out__fold01__candidate_353,completed,response,f1ddae33af89bc208d97290f0e03c19c4d93c0cd3b4e08a59452657e405013ac,-0.27614933992017354
dual_30s_baseline_relative,9,inner_validation,inner_train,spearman,leave_one_view_out__fold01,False,True,leave_one_view_out__fold01__candidate_353,completed,response,f1ddae33af89bc208d97290f0e03c19c4d93c0cd3b4e08a59452657e405013ac,-0.1398601398601399
dual_30s_baseline_relative,9,inner_validation,inner_train,auprc,leave_one_view_out__fold01,False,True,leave_one_view_out__fold01__candidate_353,completed,high_response,f1ddae33af89bc208d97290f0e03c19c4d93c0cd3b4e08a59452657e405013ac,0.4351948051948052
dual_30s_baseline_relative,9,inner_validation,inner_train,prevalence,leave_one_view_out__fold01,False,True,leave_one_view_out__fold01__candidate_353,completed,high_response,f1ddae33af89bc208d97290f0e03c19c4d93c0cd3b4e08a59452657e405013ac,0.4166666666666667
dual_30s_baseline_relative,9,inner_validation,inner_train,random_baseline_auprc,leave_one_view_out__fold01,False,True,leave_one_view_out__fold01__candidate_353,completed,high_response,f1ddae33af89bc208d97290f0e03c19c4d93c0cd3b4e08a59452657e405013ac,0.4166666666666667
dual_30s_baseline_relative,9,inner_validation,inner_train,normalized_ap,leave_one_view_out__fold01,False,True,leave_one_view_out__fold01__candidate_353,completed,high_response,f1ddae33af89bc208d97290f0e03c19c4d93c0cd3b4e08a59452657e405013ac,0.031762523191094585
dual_30s_baseline_relative,9,inner_validation,inner_train,auprc_lift,leave_one_view_out__fold01,False,True,leave_one_view_out__fold01__candidate_353,completed,high_response,f1ddae33af89bc208d97290f0e03c19c4d93c0cd3b4e08a59452657e405013ac,0.018528138528138505
dual_30s_baseline_relative,9,inner_validation,inner_train,auroc,leave_one_view_out__fold01,False,True,leave_one_view_out__fold01__candidate_353,completed,high_response,f1ddae33af89bc208d97290f0e03c19c4d93c0cd3b4e08a59452657e405013ac,0.48571428571428577
dual_30s_baseline_relative,9,inner_validation,inner_train,balanced_accuracy,leave_one_view_out__fold01,False,True,leave_one_view_out__fold01__candidate_353,completed,high_response,f1ddae33af89bc208d97290f0e03c19c4d93c0cd3b4e08a59452657e405013ac,0.4857142857142857
dual_30s_baseline_relative,9,inner_validation,inner_train,macro_f1,leave_one_view_out__fold02,False,True,leave_one_view_out__fold02__candidate_328,completed,maneuver,76857c61556d36c9eb8d7060ea53eb10f2e65e3f7b2a4854ab4c6016248a0b48,0.5555555555555555
dual_30s_baseline_relative,9,inner_validation,inner_train,support_aware_macro_f1,leave_one_view_out__fold02,False,True,leave_one_view_out__fold02__candidate_328,completed,maneuver,76857c61556d36c9eb8d7060ea53eb10f2e65e3f7b2a4854ab4c6016248a0b48,0.5555555555555555
dual_30s_baseline_relative,9,inner_validation,inner_train,majority_macro_f1,leave_one_view_out__fold02,False,True,leave_one_view_out__fold02__candidate_328,completed,maneuver,76857c61556d36c9eb8d7060ea53eb10f2e65e3f7b2a4854ab4c6016248a0b48,0.19607843137254902
dual_30s_baseline_relative,9,inner_validation,inner_train,macro_f1_lift,leave_one_view_out__fold02,False,True,leave_one_view_out__fold02__candidate_328,completed,maneuver,76857c61556d36c9eb8d7060ea53eb10f2e65e3f7b2a4854ab4c6016248a0b48,0.3594771241830065
dual_30s_baseline_relative,9,inner_validation,inner_train,recall_low,leave_one_view_out__fold02,False,True,leave_one_view_out__fold02__candidate_328,completed,maneuver,76857c61556d36c9eb8d7060ea53eb10f2e65e3f7b2a4854ab4c6016248a0b48,0.2
dual_30s_baseline_relative,9,inner_validation,inner_train,recall_medium,leave_one_view_out__fold02,False,True,leave_one_view_out__fold02__candidate_328,completed,maneuver,76857c61556d36c9eb8d7060ea53eb10f2e65e3f7b2a4854ab4c6016248a0b48,0.75
dual_30s_baseline_relative,9,inner_validation,inner_train,recall_high,leave_one_view_out__fold02,False,True,leave_one_view_out__fold02__candidate_328,completed,maneuver,76857c61556d36c9eb8d7060ea53eb10f2e65e3f7b2a4854ab4c6016248a0b48,1.0
dual_30s_baseline_relative,9,inner_validation,inner_train,minimum_class_recall,leave_one_view_out__fold02,False,True,leave_one_view_out__fold02__candidate_328,completed,maneuver,76857c61556d36c9eb8d7060ea53eb10f2e65e3f7b2a4854ab4c6016248a0b48,0.2
dual_30s_baseline_relative,9,inner_validation,inner_train,ordinal_mae,leave_one_view_out__fold02,False,True,leave_one_view_out__fold02__candidate_328,completed,maneuver,76857c61556d36c9eb8d7060ea53eb10f2e65e3f7b2a4854ab4c6016248a0b48,0.5833333333333334
dual_30s_baseline_relative,9,inner_validation,inner_train,score_mae,leave_one_view_out__fold02,False,True,leave_one_view_out__fold02__candidate_328,completed,maneuver,76857c61556d36c9eb8d7060ea53eb10f2e65e3f7b2a4854ab4c6016248a0b48,0.8847166025914902
dual_30s_baseline_relative,9,inner_validation,inner_train,score_spearman,leave_one_view_out__fold02,False,True,leave_one_view_out__fold02__candidate_328,completed,maneuver,76857c61556d36c9eb8d7060ea53eb10f2e65e3f7b2a4854ab4c6016248a0b48,0.4825174825174825
dual_30s_baseline_relative,9,inner_validation,inner_train,rmse,leave_one_view_out__fold02,False,True,leave_one_view_out__fold02__candidate_328,completed,response,76857c61556d36c9eb8d7060ea53eb10f2e65e3f7b2a4854ab4c6016248a0b48,0.9386517283621618
dual_30s_baseline_relative,9,inner_validation,inner_train,mae,leave_one_view_out__fold02,False,True,leave_one_view_out__fold02__candidate_328,completed,response,76857c61556d36c9eb8d7060ea53eb10f2e65e3f7b2a4854ab4c6016248a0b48,0.8237478759453373
dual_30s_baseline_relative,9,inner_validation,inner_train,validation_std,leave_one_view_out__fold02,False,True,leave_one_view_out__fold02__candidate_328,completed,response,76857c61556d36c9eb8d7060ea53eb10f2e65e3f7b2a4854ab4c6016248a0b48,0.6661100828266592
dual_30s_baseline_relative,9,inner_validation,inner_train,validation_iqr,leave_one_view_out__fold02,False,True,leave_one_view_out__fold02__candidate_328,completed,response,76857c61556d36c9eb8d7060ea53eb10f2e65e3f7b2a4854ab4c6016248a0b48,0.8168154939282022
dual_30s_baseline_relative,9,inner_validation,inner_train,nrmse_std,leave_one_view_out__fold02,False,True,leave_one_view_out__fold02__candidate_328,completed,response,76857c61556d36c9eb8d7060ea53eb10f2e65e3f7b2a4854ab4c6016248a0b48,1.4091540611109856
dual_30s_baseline_relative,9,inner_validation,inner_train,nrmse_iqr,leave_one_view_out__fold02,False,True,leave_one_view_out__fold02__candidate_328,completed,response,76857c61556d36c9eb8d7060ea53eb10f2e65e3f7b2a4854ab4c6016248a0b48,1.1491600432896159
dual_30s_baseline_relative,9,inner_validation,inner_train,train_mean_baseline_rmse,leave_one_view_out__fold02,False,True,leave_one_view_out__fold02__candidate_328,completed,response,76857c61556d36c9eb8d7060ea53eb10f2e65e3f7b2a4854ab4c6016248a0b48,0.760282844198373
dual_30s_baseline_relative,9,inner_validation,inner_train,rmse_ratio,leave_one_view_out__fold02,False,True,leave_one_view_out__fold02__candidate_328,completed,response,76857c61556d36c9eb8d7060ea53eb10f2e65e3f7b2a4854ab4c6016248a0b48,1.2346085874814885
dual_30s_baseline_relative,9,inner_validation,inner_train,response_skill,leave_one_view_out__fold02,False,True,leave_one_view_out__fold02__candidate_328,completed,response,76857c61556d36c9eb8d7060ea53eb10f2e65e3f7b2a4854ab4c6016248a0b48,-0.5242583642830361
dual_30s_baseline_relative,9,inner_validation,inner_train,spearman,leave_one_view_out__fold02,False,True,leave_one_view_out__fold02__candidate_328,completed,response,76857c61556d36c9eb8d7060ea53eb10f2e65e3f7b2a4854ab4c6016248a0b48,0.10489510489510491
dual_30s_baseline_relative,9,inner_validation,inner_train,auprc,leave_one_view_out__fold02,False,True,leave_one_view_out__fold02__candidate_328,completed,high_response,76857c61556d36c9eb8d7060ea53eb10f2e65e3f7b2a4854ab4c6016248a0b48,0.3466666666666666
dual_30s_baseline_relative,9,inner_validation,inner_train,prevalence,leave_one_view_out__fold02,False,True,leave_one_view_out__fold02__candidate_328,completed,high_response,76857c61556d36c9eb8d7060ea53eb10f2e65e3f7b2a4854ab4c6016248a0b48,0.4166666666666667
dual_30s_baseline_relative,9,inner_validation,inner_train,random_baseline_auprc,leave_one_view_out__fold02,False,True,leave_one_view_out__fold02__candidate_328,completed,high_response,76857c61556d36c9eb8d7060ea53eb10f2e65e3f7b2a4854ab4c6016248a0b48,0.4166666666666667
dual_30s_baseline_relative,9,inner_validation,inner_train,normalized_ap,leave_one_view_out__fold02,False,True,leave_one_view_out__fold02__candidate_328,completed,high_response,76857c61556d36c9eb8d7060ea53eb10f2e65e3f7b2a4854ab4c6016248a0b48,-0.12000000000000012
dual_30s_baseline_relative,9,inner_validation,inner_train,auprc_lift,leave_one_view_out__fold02,False,True,leave_one_view_out__fold02__candidate_328,completed,high_response,76857c61556d36c9eb8d7060ea53eb10f2e65e3f7b2a4854ab4c6016248a0b48,-0.07000000000000006
dual_30s_baseline_relative,9,inner_validation,inner_train,auroc,leave_one_view_out__fold02,False,True,leave_one_view_out__fold02__candidate_328,completed,high_response,76857c61556d36c9eb8d7060ea53eb10f2e65e3f7b2a4854ab4c6016248a0b48,0.2571428571428572
dual_30s_baseline_relative,9,inner_validation,inner_train,balanced_accuracy,leave_one_view_out__fold02,False,True,leave_one_view_out__fold02__candidate_328,completed,high_response,76857c61556d36c9eb8d7060ea53eb10f2e65e3f7b2a4854ab4c6016248a0b48,0.3857142857142857
dual_30s_baseline_relative,9,inner_validation,inner_train,macro_f1,leave_one_view_out__fold02,False,True,leave_one_view_out__fold02__candidate_329,completed,maneuver,09bd96f3f28027930e21282cb6cb1e34c79cb76197a270c426bd70e119d43e13,0.6626984126984127
dual_30s_baseline_relative,9,inner_validation,inner_train,support_aware_macro_f1,leave_one_view_out__fold02,False,True,leave_one_view_out__fold02__candidate_329,completed,maneuver,09bd96f3f28027930e21282cb6cb1e34c79cb76197a270c426bd70e119d43e13,0.6626984126984127
dual_30s_baseline_relative,9,inner_validation,inner_train,majority_macro_f1,leave_one_view_out__fold02,False,True,leave_one_view_out__fold02__candidate_329,completed,maneuver,09bd96f3f28027930e21282cb6cb1e34c79cb76197a270c426bd70e119d43e13,0.13333333333333333
dual_30s_baseline_relative,9,inner_validation,inner_train,macro_f1_lift,leave_one_view_out__fold02,False,True,leave_one_view_out__fold02__candidate_329,completed,maneuver,09bd96f3f28027930e21282cb6cb1e34c79cb76197a270c426bd70e119d43e13,0.5293650793650794
dual_30s_baseline_relative,9,inner_validation,inner_train,recall_low,leave_one_view_out__fold02,False,True,leave_one_view_out__fold02__candidate_329,completed,maneuver,09bd96f3f28027930e21282cb6cb1e34c79cb76197a270c426bd70e119d43e13,1.0
dual_30s_baseline_relative,9,inner_validation,inner_train,recall_medium,leave_one_view_out__fold02,False,True,leave_one_view_out__fold02__candidate_329,completed,maneuver,09bd96f3f28027930e21282cb6cb1e34c79cb76197a270c426bd70e119d43e13,0.5
dual_30s_baseline_relative,9,inner_validation,inner_train,recall_high,leave_one_view_out__fold02,False,True,leave_one_view_out__fold02__candidate_329,completed,maneuver,09bd96f3f28027930e21282cb6cb1e34c79cb76197a270c426bd70e119d43e13,0.6
dual_30s_baseline_relative,9,inner_validation,inner_train,minimum_class_recall,leave_one_view_out__fold02,False,True,leave_one_view_out__fold02__candidate_329,completed,maneuver,09bd96f3f28027930e21282cb6cb1e34c79cb76197a270c426bd70e119d43e13,0.5
dual_30s_baseline_relative,9,inner_validation,inner_train,ordinal_mae,leave_one_view_out__fold02,False,True,leave_one_view_out__fold02__candidate_329,completed,maneuver,09bd96f3f28027930e21282cb6cb1e34c79cb76197a270c426bd70e119d43e13,0.4166666666666667
dual_30s_baseline_relative,9,inner_validation,inner_train,score_mae,leave_one_view_out__fold02,False,True,leave_one_view_out__fold02__candidate_329,completed,maneuver,09bd96f3f28027930e21282cb6cb1e34c79cb76197a270c426bd70e119d43e13,1.0857559718769199
dual_30s_baseline_relative,9,inner_validation,inner_train,score_spearman,leave_one_view_out__fold02,False,True,leave_one_view_out__fold02__candidate_329,completed,maneuver,09bd96f3f28027930e21282cb6cb1e34c79cb76197a270c426bd70e119d43e13,0.6573426573426573
dual_30s_baseline_relative,9,inner_validation,inner_train,rmse,leave_one_view_out__fold02,False,True,leave_one_view_out__fold02__candidate_329,completed,response,09bd96f3f28027930e21282cb6cb1e34c79cb76197a270c426bd70e119d43e13,0.9430203372652431
dual_30s_baseline_relative,9,inner_validation,inner_train,mae,leave_one_view_out__fold02,False,True,leave_one_view_out__fold02__candidate_329,completed,response,09bd96f3f28027930e21282cb6cb1e34c79cb76197a270c426bd70e119d43e13,0.818596711909557
dual_30s_baseline_relative,9,inner_validation,inner_train,validation_std,leave_one_view_out__fold02,False,True,leave_one_view_out__fold02__candidate_329,completed,response,09bd96f3f28027930e21282cb6cb1e34c79cb76197a270c426bd70e119d43e13,0.7444107826338696
dual_30s_baseline_relative,9,inner_validation,inner_train,validation_iqr,leave_one_view_out__fold02,False,True,leave_one_view_out__fold02__candidate_329,completed,response,09bd96f3f28027930e21282cb6cb1e34c79cb76197a270c426bd70e119d43e13,1.126261329695373
dual_30s_baseline_relative,9,inner_validation,inner_train,nrmse_std,leave_one_view_out__fold02,False,True,leave_one_view_out__fold02__candidate_329,completed,response,09bd96f3f28027930e21282cb6cb1e34c79cb76197a270c426bd70e119d43e13,1.2668010180194522
dual_30s_baseline_relative,9,inner_validation,inner_train,nrmse_iqr,leave_one_view_out__fold02,False,True,leave_one_view_out__fold02__candidate_329,completed,response,09bd96f3f28027930e21282cb6cb1e34c79cb76197a270c426bd70e119d43e13,0.8373015324252567
dual_30s_baseline_relative,9,inner_validation,inner_train,train_mean_baseline_rmse,leave_one_view_out__fold02,False,True,leave_one_view_out__fold02__candidate_329,completed,response,09bd96f3f28027930e21282cb6cb1e34c79cb76197a270c426bd70e119d43e13,0.7887754436917268
dual_30s_baseline_relative,9,inner_validation,inner_train,rmse_ratio,leave_one_view_out__fold02,False,True,leave_one_view_out__fold02__candidate_329,completed,response,09bd96f3f28027930e21282cb6cb1e34c79cb76197a270c426bd70e119d43e13,1.1955498168802008
dual_30s_baseline_relative,9,inner_validation,inner_train,response_skill,leave_one_view_out__fold02,False,True,leave_one_view_out__fold02__candidate_329,completed,response,09bd96f3f28027930e21282cb6cb1e34c79cb76197a270c426bd70e119d43e13,-0.4293393646422816
dual_30s_baseline_relative,9,inner_validation,inner_train,spearman,leave_one_view_out__fold02,False,True,leave_one_view_out__fold02__candidate_329,completed,response,09bd96f3f28027930e21282cb6cb1e34c79cb76197a270c426bd70e119d43e13,0.20979020979020982
dual_30s_baseline_relative,9,inner_validation,inner_train,auprc,leave_one_view_out__fold02,False,True,leave_one_view_out__fold02__candidate_329,completed,high_response,09bd96f3f28027930e21282cb6cb1e34c79cb76197a270c426bd70e119d43e13,0.5716666666666667
dual_30s_baseline_relative,9,inner_validation,inner_train,prevalence,leave_one_view_out__fold02,False,True,leave_one_view_out__fold02__candidate_329,completed,high_response,09bd96f3f28027930e21282cb6cb1e34c79cb76197a270c426bd70e119d43e13,0.4166666666666667
dual_30s_baseline_relative,9,inner_validation,inner_train,random_baseline_auprc,leave_one_view_out__fold02,False,True,leave_one_view_out__fold02__candidate_329,completed,high_response,09bd96f3f28027930e21282cb6cb1e34c79cb76197a270c426bd70e119d43e13,0.4166666666666667
dual_30s_baseline_relative,9,inner_validation,inner_train,normalized_ap,leave_one_view_out__fold02,False,True,leave_one_view_out__fold02__candidate_329,completed,high_response,09bd96f3f28027930e21282cb6cb1e34c79cb76197a270c426bd70e119d43e13,0.2657142857142857
dual_30s_baseline_relative,9,inner_validation,inner_train,auprc_lift,leave_one_view_out__fold02,False,True,leave_one_view_out__fold02__candidate_329,completed,high_response,09bd96f3f28027930e21282cb6cb1e34c79cb76197a270c426bd70e119d43e13,0.15499999999999997
dual_30s_baseline_relative,9,inner_validation,inner_train,auroc,leave_one_view_out__fold02,False,True,leave_one_view_out__fold02__candidate_329,completed,high_response,09bd96f3f28027930e21282cb6cb1e34c79cb76197a270c426bd70e119d43e13,0.45714285714285713
dual_30s_baseline_relative,9,inner_validation,inner_train,balanced_accuracy,leave_one_view_out__fold02,False,True,leave_one_view_out__fold02__candidate_329,completed,high_response,09bd96f3f28027930e21282cb6cb1e34c79cb76197a270c426bd70e119d43e13,0.5571428571428572
dual_30s_baseline_relative,9,inner_validation,inner_train,macro_f1,leave_one_view_out__fold01,False,True,leave_one_view_out__fold01__candidate_340,completed,maneuver,c8bb55db2e84fca264b1421bfe060cb36e07fbf025a5f825bde808b31ad5f850,1.0
dual_30s_baseline_relative,9,inner_validation,inner_train,support_aware_macro_f1,leave_one_view_out__fold01,False,True,leave_one_view_out__fold01__candidate_340,completed,maneuver,c8bb55db2e84fca264b1421bfe060cb36e07fbf025a5f825bde808b31ad5f850,1.0
dual_30s_baseline_relative,9,inner_validation,inner_train,majority_macro_f1,leave_one_view_out__fold01,False,True,leave_one_view_out__fold01__candidate_340,completed,maneuver,c8bb55db2e84fca264b1421bfe060cb36e07fbf025a5f825bde808b31ad5f850,0.13333333333333333
dual_30s_baseline_relative,9,inner_validation,inner_train,macro_f1_lift,leave_one_view_out__fold01,False,True,leave_one_view_out__fold01__candidate_340,completed,maneuver,c8bb55db2e84fca264b1421bfe060cb36e07fbf025a5f825bde808b31ad5f850,0.8666666666666667
dual_30s_baseline_relative,9,inner_validation,inner_train,recall_low,leave_one_view_out__fold01,False,True,leave_one_view_out__fold01__candidate_340,completed,maneuver,c8bb55db2e84fca264b1421bfe060cb36e07fbf025a5f825bde808b31ad5f850,1.0
dual_30s_baseline_relative,9,inner_validation,inner_train,recall_medium,leave_one_view_out__fold01,False,True,leave_one_view_out__fold01__candidate_340,completed,maneuver,c8bb55db2e84fca264b1421bfe060cb36e07fbf025a5f825bde808b31ad5f850,1.0
dual_30s_baseline_relative,9,inner_validation,inner_train,recall_high,leave_one_view_out__fold01,False,True,leave_one_view_out__fold01__candidate_340,completed,maneuver,c8bb55db2e84fca264b1421bfe060cb36e07fbf025a5f825bde808b31ad5f850,1.0
dual_30s_baseline_relative,9,inner_validation,inner_train,minimum_class_recall,leave_one_view_out__fold01,False,True,leave_one_view_out__fold01__candidate_340,completed,maneuver,c8bb55db2e84fca264b1421bfe060cb36e07fbf025a5f825bde808b31ad5f850,1.0
dual_30s_baseline_relative,9,inner_validation,inner_train,ordinal_mae,leave_one_view_out__fold01,False,True,leave_one_view_out__fold01__candidate_340,completed,maneuver,c8bb55db2e84fca264b1421bfe060cb36e07fbf025a5f825bde808b31ad5f850,0.0
dual_30s_baseline_relative,9,inner_validation,inner_train,score_mae,leave_one_view_out__fold01,False,True,leave_one_view_out__fold01__candidate_340,completed,maneuver,c8bb55db2e84fca264b1421bfe060cb36e07fbf025a5f825bde808b31ad5f850,0.5814289932918313
dual_30s_baseline_relative,9,inner_validation,inner_train,score_spearman,leave_one_view_out__fold01,False,True,leave_one_view_out__fold01__candidate_340,completed,maneuver,c8bb55db2e84fca264b1421bfe060cb36e07fbf025a5f825bde808b31ad5f850,0.9230769230769231
dual_30s_baseline_relative,9,inner_validation,inner_train,rmse,leave_one_view_out__fold01,False,True,leave_one_view_out__fold01__candidate_340,completed,response,c8bb55db2e84fca264b1421bfe060cb36e07fbf025a5f825bde808b31ad5f850,1.1121632128851529
dual_30s_baseline_relative,9,inner_validation,inner_train,mae,leave_one_view_out__fold01,False,True,leave_one_view_out__fold01__candidate_340,completed,response,c8bb55db2e84fca264b1421bfe060cb36e07fbf025a5f825bde808b31ad5f850,0.9365795228387669
dual_30s_baseline_relative,9,inner_validation,inner_train,validation_std,leave_one_view_out__fold01,False,True,leave_one_view_out__fold01__candidate_340,completed,response,c8bb55db2e84fca264b1421bfe060cb36e07fbf025a5f825bde808b31ad5f850,0.7738225567538186
dual_30s_baseline_relative,9,inner_validation,inner_train,validation_iqr,leave_one_view_out__fold01,False,True,leave_one_view_out__fold01__candidate_340,completed,response,c8bb55db2e84fca264b1421bfe060cb36e07fbf025a5f825bde808b31ad5f850,1.1164541279861386
dual_30s_baseline_relative,9,inner_validation,inner_train,nrmse_std,leave_one_view_out__fold01,False,True,leave_one_view_out__fold01__candidate_340,completed,response,c8bb55db2e84fca264b1421bfe060cb36e07fbf025a5f825bde808b31ad5f850,1.437232868411941
dual_30s_baseline_relative,9,inner_validation,inner_train,nrmse_iqr,leave_one_view_out__fold01,False,True,leave_one_view_out__fold01__candidate_340,completed,response,c8bb55db2e84fca264b1421bfe060cb36e07fbf025a5f825bde808b31ad5f850,0.9961566579464167
dual_30s_baseline_relative,9,inner_validation,inner_train,train_mean_baseline_rmse,leave_one_view_out__fold01,False,True,leave_one_view_out__fold01__candidate_340,completed,response,c8bb55db2e84fca264b1421bfe060cb36e07fbf025a5f825bde808b31ad5f850,0.9520832805389658
dual_30s_baseline_relative,9,inner_validation,inner_train,rmse_ratio,leave_one_view_out__fold01,False,True,leave_one_view_out__fold01__candidate_340,completed,response,c8bb55db2e84fca264b1421bfe060cb36e07fbf025a5f825bde808b31ad5f850,1.1681364809342805
dual_30s_baseline_relative,9,inner_validation,inner_train,response_skill,leave_one_view_out__fold01,False,True,leave_one_view_out__fold01__candidate_340,completed,response,c8bb55db2e84fca264b1421bfe060cb36e07fbf025a5f825bde808b31ad5f850,-0.3645428380895246
dual_30s_baseline_relative,9,inner_validation,inner_train,spearman,leave_one_view_out__fold01,False,True,leave_one_view_out__fold01__candidate_340,completed,response,c8bb55db2e84fca264b1421bfe060cb36e07fbf025a5f825bde808b31ad5f850,-0.034965034965034975
dual_30s_baseline_relative,9,inner_validation,inner_train,auprc,leave_one_view_out__fold01,False,True,leave_one_view_out__fold01__candidate_340,completed,high_response,c8bb55db2e84fca264b1421bfe060cb36e07fbf025a5f825bde808b31ad5f850,0.6635281385281384
dual_30s_baseline_relative,9,inner_validation,inner_train,prevalence,leave_one_view_out__fold01,False,True,leave_one_view_out__fold01__candidate_340,completed,high_response,c8bb55db2e84fca264b1421bfe060cb36e07fbf025a5f825bde808b31ad5f850,0.5833333333333334
dual_30s_baseline_relative,9,inner_validation,inner_train,random_baseline_auprc,leave_one_view_out__fold01,False,True,leave_one_view_out__fold01__candidate_340,completed,high_response,c8bb55db2e84fca264b1421bfe060cb36e07fbf025a5f825bde808b31ad5f850,0.5833333333333334
dual_30s_baseline_relative,9,inner_validation,inner_train,normalized_ap,leave_one_view_out__fold01,False,True,leave_one_view_out__fold01__candidate_340,completed,high_response,c8bb55db2e84fca264b1421bfe060cb36e07fbf025a5f825bde808b31ad5f850,0.19246753246753212
dual_30s_baseline_relative,9,inner_validation,inner_train,auprc_lift,leave_one_view_out__fold01,False,True,leave_one_view_out__fold01__candidate_340,completed,high_response,c8bb55db2e84fca264b1421bfe060cb36e07fbf025a5f825bde808b31ad5f850,0.08019480519480504
dual_30s_baseline_relative,9,inner_validation,inner_train,auroc,leave_one_view_out__fold01,False,True,leave_one_view_out__fold01__candidate_340,completed,high_response,c8bb55db2e84fca264b1421bfe060cb36e07fbf025a5f825bde808b31ad5f850,0.6
dual_30s_baseline_relative,9,inner_validation,inner_train,balanced_accuracy,leave_one_view_out__fold01,False,True,leave_one_view_out__fold01__candidate_340,completed,high_response,c8bb55db2e84fca264b1421bfe060cb36e07fbf025a5f825bde808b31ad5f850,0.5428571428571429
dual_30s_baseline_relative,9,inner_validation,inner_train,macro_f1,leave_one_view_out__fold01,False,True,leave_one_view_out__fold01__candidate_327,completed,maneuver,ef23ad8b080593cb9c8caaa4a57c59a5dc23c5987cd8d56c0f61e753cf15435c,0.7428571428571429
dual_30s_baseline_relative,9,inner_validation,inner_train,support_aware_macro_f1,leave_one_view_out__fold01,False,True,leave_one_view_out__fold01__candidate_327,completed,maneuver,ef23ad8b080593cb9c8caaa4a57c59a5dc23c5987cd8d56c0f61e753cf15435c,0.7428571428571429
dual_30s_baseline_relative,9,inner_validation,inner_train,majority_macro_f1,leave_one_view_out__fold01,False,True,leave_one_view_out__fold01__candidate_327,completed,maneuver,ef23ad8b080593cb9c8caaa4a57c59a5dc23c5987cd8d56c0f61e753cf15435c,0.19607843137254902
dual_30s_baseline_relative,9,inner_validation,inner_train,macro_f1_lift,leave_one_view_out__fold01,False,True,leave_one_view_out__fold01__candidate_327,completed,maneuver,ef23ad8b080593cb9c8caaa4a57c59a5dc23c5987cd8d56c0f61e753cf15435c,0.5467787114845939
dual_30s_baseline_relative,9,inner_validation,inner_train,recall_low,leave_one_view_out__fold01,False,True,leave_one_view_out__fold01__candidate_327,completed,maneuver,ef23ad8b080593cb9c8caaa4a57c59a5dc23c5987cd8d56c0f61e753cf15435c,0.8
dual_30s_baseline_relative,9,inner_validation,inner_train,recall_medium,leave_one_view_out__fold01,False,True,leave_one_view_out__fold01__candidate_327,completed,maneuver,ef23ad8b080593cb9c8caaa4a57c59a5dc23c5987cd8d56c0f61e753cf15435c,0.6666666666666666
dual_30s_baseline_relative,9,inner_validation,inner_train,recall_high,leave_one_view_out__fold01,False,True,leave_one_view_out__fold01__candidate_327,completed,maneuver,ef23ad8b080593cb9c8caaa4a57c59a5dc23c5987cd8d56c0f61e753cf15435c,0.75
dual_30s_baseline_relative,9,inner_validation,inner_train,minimum_class_recall,leave_one_view_out__fold01,False,True,leave_one_view_out__fold01__candidate_327,completed,maneuver,ef23ad8b080593cb9c8caaa4a57c59a5dc23c5987cd8d56c0f61e753cf15435c,0.6666666666666666
dual_30s_baseline_relative,9,inner_validation,inner_train,ordinal_mae,leave_one_view_out__fold01,False,True,leave_one_view_out__fold01__candidate_327,completed,maneuver,ef23ad8b080593cb9c8caaa4a57c59a5dc23c5987cd8d56c0f61e753cf15435c,0.25
dual_30s_baseline_relative,9,inner_validation,inner_train,score_mae,leave_one_view_out__fold01,False,True,leave_one_view_out__fold01__candidate_327,completed,maneuver,ef23ad8b080593cb9c8caaa4a57c59a5dc23c5987cd8d56c0f61e753cf15435c,0.600976765290908
dual_30s_baseline_relative,9,inner_validation,inner_train,score_spearman,leave_one_view_out__fold01,False,True,leave_one_view_out__fold01__candidate_327,completed,maneuver,ef23ad8b080593cb9c8caaa4a57c59a5dc23c5987cd8d56c0f61e753cf15435c,0.7972027972027973
dual_30s_baseline_relative,9,inner_validation,inner_train,rmse,leave_one_view_out__fold01,False,True,leave_one_view_out__fold01__candidate_327,completed,response,ef23ad8b080593cb9c8caaa4a57c59a5dc23c5987cd8d56c0f61e753cf15435c,1.1620411018208412
dual_30s_baseline_relative,9,inner_validation,inner_train,mae,leave_one_view_out__fold01,False,True,leave_one_view_out__fold01__candidate_327,completed,response,ef23ad8b080593cb9c8caaa4a57c59a5dc23c5987cd8d56c0f61e753cf15435c,0.9795642611208608
dual_30s_baseline_relative,9,inner_validation,inner_train,validation_std,leave_one_view_out__fold01,False,True,leave_one_view_out__fold01__candidate_327,completed,response,ef23ad8b080593cb9c8caaa4a57c59a5dc23c5987cd8d56c0f61e753cf15435c,0.7424450098311778
dual_30s_baseline_relative,9,inner_validation,inner_train,validation_iqr,leave_one_view_out__fold01,False,True,leave_one_view_out__fold01__candidate_327,completed,response,ef23ad8b080593cb9c8caaa4a57c59a5dc23c5987cd8d56c0f61e753cf15435c,0.8094986823286678
dual_30s_baseline_relative,9,inner_validation,inner_train,nrmse_std,leave_one_view_out__fold01,False,True,leave_one_view_out__fold01__candidate_327,completed,response,ef23ad8b080593cb9c8caaa4a57c59a5dc23c5987cd8d56c0f61e753cf15435c,1.5651544376129272
dual_30s_baseline_relative,9,inner_validation,inner_train,nrmse_iqr,leave_one_view_out__fold01,False,True,leave_one_view_out__fold01__candidate_327,completed,response,ef23ad8b080593cb9c8caaa4a57c59a5dc23c5987cd8d56c0f61e753cf15435c,1.4355070949319175
dual_30s_baseline_relative,9,inner_validation,inner_train,train_mean_baseline_rmse,leave_one_view_out__fold01,False,True,leave_one_view_out__fold01__candidate_327,completed,response,ef23ad8b080593cb9c8caaa4a57c59a5dc23c5987cd8d56c0f61e753cf15435c,0.9686999988458442
dual_30s_baseline_relative,9,inner_validation,inner_train,rmse_ratio,leave_one_view_out__fold01,False,True,leave_one_view_out__fold01__candidate_327,completed,response,ef23ad8b080593cb9c8caaa4a57c59a5dc23c5987cd8d56c0f61e753cf15435c,1.1995882143133612
dual_30s_baseline_relative,9,inner_validation,inner_train,response_skill,leave_one_view_out__fold01,False,True,leave_one_view_out__fold01__candidate_327,completed,response,ef23ad8b080593cb9c8caaa4a57c59a5dc23c5987cd8d56c0f61e753cf15435c,-0.43901188391951806
dual_30s_baseline_relative,9,inner_validation,inner_train,spearman,leave_one_view_out__fold01,False,True,leave_one_view_out__fold01__candidate_327,completed,response,ef23ad8b080593cb9c8caaa4a57c59a5dc23c5987cd8d56c0f61e753cf15435c,0.20979020979020982
dual_30s_baseline_relative,9,inner_validation,inner_train,auprc,leave_one_view_out__fold01,False,True,leave_one_view_out__fold01__candidate_327,completed,high_response,ef23ad8b080593cb9c8caaa4a57c59a5dc23c5987cd8d56c0f61e753cf15435c,0.6059523809523809
dual_30s_baseline_relative,9,inner_validation,inner_train,prevalence,leave_one_view_out__fold01,False,True,leave_one_view_out__fold01__candidate_327,completed,high_response,ef23ad8b080593cb9c8caaa4a57c59a5dc23c5987cd8d56c0f61e753cf15435c,0.6666666666666666
dual_30s_baseline_relative,9,inner_validation,inner_train,random_baseline_auprc,leave_one_view_out__fold01,False,True,leave_one_view_out__fold01__candidate_327,completed,high_response,ef23ad8b080593cb9c8caaa4a57c59a5dc23c5987cd8d56c0f61e753cf15435c,0.6666666666666666
dual_30s_baseline_relative,9,inner_validation,inner_train,normalized_ap,leave_one_view_out__fold01,False,True,leave_one_view_out__fold01__candidate_327,completed,high_response,ef23ad8b080593cb9c8caaa4a57c59a5dc23c5987cd8d56c0f61e753cf15435c,-0.18214285714285713
dual_30s_baseline_relative,9,inner_validation,inner_train,auprc_lift,leave_one_view_out__fold01,False,True,leave_one_view_out__fold01__candidate_327,completed,high_response,ef23ad8b080593cb9c8caaa4a57c59a5dc23c5987cd8d56c0f61e753cf15435c,-0.06071428571428572
dual_30s_baseline_relative,9,inner_validation,inner_train,auroc,leave_one_view_out__fold01,False,True,leave_one_view_out__fold01__candidate_327,completed,high_response,ef23ad8b080593cb9c8caaa4a57c59a5dc23c5987cd8d56c0f61e753cf15435c,0.375
dual_30s_baseline_relative,9,inner_validation,inner_train,balanced_accuracy,leave_one_view_out__fold01,False,True,leave_one_view_out__fold01__candidate_327,completed,high_response,ef23ad8b080593cb9c8caaa4a57c59a5dc23c5987cd8d56c0f61e753cf15435c,0.375
dual_30s_rank,10,inner_validation,inner_train,macro_f1,leave_one_view_out__fold01,False,True,leave_one_view_out__fold01__candidate_339,completed,maneuver,d49030f301fc10972368913bbfc6141aa638775e23f48bc8ad0055d5e48293a1,1.0
dual_30s_rank,10,inner_validation,inner_train,support_aware_macro_f1,leave_one_view_out__fold01,False,True,leave_one_view_out__fold01__candidate_339,completed,maneuver,d49030f301fc10972368913bbfc6141aa638775e23f48bc8ad0055d5e48293a1,1.0
dual_30s_rank,10,inner_validation,inner_train,majority_macro_f1,leave_one_view_out__fold01,False,True,leave_one_view_out__fold01__candidate_339,completed,maneuver,d49030f301fc10972368913bbfc6141aa638775e23f48bc8ad0055d5e48293a1,0.16666666666666666
dual_30s_rank,10,inner_validation,inner_train,macro_f1_lift,leave_one_view_out__fold01,False,True,leave_one_view_out__fold01__candidate_339,completed,maneuver,d49030f301fc10972368913bbfc6141aa638775e23f48bc8ad0055d5e48293a1,0.8333333333333334
dual_30s_rank,10,inner_validation,inner_train,recall_low,leave_one_view_out__fold01,False,True,leave_one_view_out__fold01__candidate_339,completed,maneuver,d49030f301fc10972368913bbfc6141aa638775e23f48bc8ad0055d5e48293a1,1.0
dual_30s_rank,10,inner_validation,inner_train,recall_medium,leave_one_view_out__fold01,False,True,leave_one_view_out__fold01__candidate_339,completed,maneuver,d49030f301fc10972368913bbfc6141aa638775e23f48bc8ad0055d5e48293a1,1.0
dual_30s_rank,10,inner_validation,inner_train,recall_high,leave_one_view_out__fold01,False,True,leave_one_view_out__fold01__candidate_339,completed,maneuver,d49030f301fc10972368913bbfc6141aa638775e23f48bc8ad0055d5e48293a1,1.0
dual_30s_rank,10,inner_validation,inner_train,minimum_class_recall,leave_one_view_out__fold01,False,True,leave_one_view_out__fold01__candidate_339,completed,maneuver,d49030f301fc10972368913bbfc6141aa638775e23f48bc8ad0055d5e48293a1,1.0
dual_30s_rank,10,inner_validation,inner_train,ordinal_mae,leave_one_view_out__fold01,False,True,leave_one_view_out__fold01__candidate_339,completed,maneuver,d49030f301fc10972368913bbfc6141aa638775e23f48bc8ad0055d5e48293a1,0.0
dual_30s_rank,10,inner_validation,inner_train,score_mae,leave_one_view_out__fold01,False,True,leave_one_view_out__fold01__candidate_339,completed,maneuver,d49030f301fc10972368913bbfc6141aa638775e23f48bc8ad0055d5e48293a1,0.49462647189426345
dual_30s_rank,10,inner_validation,inner_train,score_spearman,leave_one_view_out__fold01,False,True,leave_one_view_out__fold01__candidate_339,completed,maneuver,d49030f301fc10972368913bbfc6141aa638775e23f48bc8ad0055d5e48293a1,0.9860139860139862
dual_30s_rank,10,inner_validation,inner_train,rmse,leave_one_view_out__fold01,False,True,leave_one_view_out__fold01__candidate_339,completed,response,d49030f301fc10972368913bbfc6141aa638775e23f48bc8ad0055d5e48293a1,1.0982176796822682
dual_30s_rank,10,inner_validation,inner_train,mae,leave_one_view_out__fold01,False,True,leave_one_view_out__fold01__candidate_339,completed,response,d49030f301fc10972368913bbfc6141aa638775e23f48bc8ad0055d5e48293a1,0.9214875238873166
dual_30s_rank,10,inner_validation,inner_train,validation_std,leave_one_view_out__fold01,False,True,leave_one_view_out__fold01__candidate_339,completed,response,d49030f301fc10972368913bbfc6141aa638775e23f48bc8ad0055d5e48293a1,0.9229823964743179
dual_30s_rank,10,inner_validation,inner_train,validation_iqr,leave_one_view_out__fold01,False,True,leave_one_view_out__fold01__candidate_339,completed,response,d49030f301fc10972368913bbfc6141aa638775e23f48bc8ad0055d5e48293a1,1.5375502327333572
dual_30s_rank,10,inner_validation,inner_train,nrmse_std,leave_one_view_out__fold01,False,True,leave_one_view_out__fold01__candidate_339,completed,response,d49030f301fc10972368913bbfc6141aa638775e23f48bc8ad0055d5e48293a1,1.1898576656253987
dual_30s_rank,10,inner_validation,inner_train,nrmse_iqr,leave_one_view_out__fold01,False,True,leave_one_view_out__fold01__candidate_339,completed,response,d49030f301fc10972368913bbfc6141aa638775e23f48bc8ad0055d5e48293a1,0.7142645855088117
dual_30s_rank,10,inner_validation,inner_train,train_mean_baseline_rmse,leave_one_view_out__fold01,False,True,leave_one_view_out__fold01__candidate_339,completed,response,d49030f301fc10972368913bbfc6141aa638775e23f48bc8ad0055d5e48293a1,1.2411261006308119
dual_30s_rank,10,inner_validation,inner_train,rmse_ratio,leave_one_view_out__fold01,False,True,leave_one_view_out__fold01__candidate_339,completed,response,d49030f301fc10972368913bbfc6141aa638775e23f48bc8ad0055d5e48293a1,0.8848558410979277
dual_30s_rank,10,inner_validation,inner_train,response_skill,leave_one_view_out__fold01,False,True,leave_one_view_out__fold01__candidate_339,completed,response,d49030f301fc10972368913bbfc6141aa638775e23f48bc8ad0055d5e48293a1,0.21703014047487879
dual_30s_rank,10,inner_validation,inner_train,spearman,leave_one_view_out__fold01,False,True,leave_one_view_out__fold01__candidate_339,completed,response,d49030f301fc10972368913bbfc6141aa638775e23f48bc8ad0055d5e48293a1,0.15384615384615385
dual_30s_rank,10,inner_validation,inner_train,auprc,leave_one_view_out__fold01,False,True,leave_one_view_out__fold01__candidate_339,completed,high_response,d49030f301fc10972368913bbfc6141aa638775e23f48bc8ad0055d5e48293a1,0.6582656926406927
dual_30s_rank,10,inner_validation,inner_train,prevalence,leave_one_view_out__fold01,False,True,leave_one_view_out__fold01__candidate_339,completed,high_response,d49030f301fc10972368913bbfc6141aa638775e23f48bc8ad0055d5e48293a1,0.6666666666666666
dual_30s_rank,10,inner_validation,inner_train,random_baseline_auprc,leave_one_view_out__fold01,False,True,leave_one_view_out__fold01__candidate_339,completed,high_response,d49030f301fc10972368913bbfc6141aa638775e23f48bc8ad0055d5e48293a1,0.6666666666666666
dual_30s_rank,10,inner_validation,inner_train,normalized_ap,leave_one_view_out__fold01,False,True,leave_one_view_out__fold01__candidate_339,completed,high_response,d49030f301fc10972368913bbfc6141aa638775e23f48bc8ad0055d5e48293a1,-0.02520292207792185
dual_30s_rank,10,inner_validation,inner_train,auprc_lift,leave_one_view_out__fold01,False,True,leave_one_view_out__fold01__candidate_339,completed,high_response,d49030f301fc10972368913bbfc6141aa638775e23f48bc8ad0055d5e48293a1,-0.00840097402597395
dual_30s_rank,10,inner_validation,inner_train,auroc,leave_one_view_out__fold01,False,True,leave_one_view_out__fold01__candidate_339,completed,high_response,d49030f301fc10972368913bbfc6141aa638775e23f48bc8ad0055d5e48293a1,0.3125
dual_30s_rank,10,inner_validation,inner_train,balanced_accuracy,leave_one_view_out__fold01,False,True,leave_one_view_out__fold01__candidate_339,completed,high_response,d49030f301fc10972368913bbfc6141aa638775e23f48bc8ad0055d5e48293a1,0.25
dual_30s_rank,10,inner_validation,inner_train,macro_f1,leave_one_view_out__fold01,False,True,leave_one_view_out__fold01__candidate_353,completed,maneuver,f1ddae33af89bc208d97290f0e03c19c4d93c0cd3b4e08a59452657e405013ac,1.0
dual_30s_rank,10,inner_validation,inner_train,support_aware_macro_f1,leave_one_view_out__fold01,False,True,leave_one_view_out__fold01__candidate_353,completed,maneuver,f1ddae33af89bc208d97290f0e03c19c4d93c0cd3b4e08a59452657e405013ac,1.0
dual_30s_rank,10,inner_validation,inner_train,majority_macro_f1,leave_one_view_out__fold01,False,True,leave_one_view_out__fold01__candidate_353,completed,maneuver,f1ddae33af89bc208d97290f0e03c19c4d93c0cd3b4e08a59452657e405013ac,0.13333333333333333
dual_30s_rank,10,inner_validation,inner_train,macro_f1_lift,leave_one_view_out__fold01,False,True,leave_one_view_out__fold01__candidate_353,completed,maneuver,f1ddae33af89bc208d97290f0e03c19c4d93c0cd3b4e08a59452657e405013ac,0.8666666666666667
dual_30s_rank,10,inner_validation,inner_train,recall_low,leave_one_view_out__fold01,False,True,leave_one_view_out__fold01__candidate_353,completed,maneuver,f1ddae33af89bc208d97290f0e03c19c4d93c0cd3b4e08a59452657e405013ac,1.0
dual_30s_rank,10,inner_validation,inner_train,recall_medium,leave_one_view_out__fold01,False,True,leave_one_view_out__fold01__candidate_353,completed,maneuver,f1ddae33af89bc208d97290f0e03c19c4d93c0cd3b4e08a59452657e405013ac,1.0
dual_30s_rank,10,inner_validation,inner_train,recall_high,leave_one_view_out__fold01,False,True,leave_one_view_out__fold01__candidate_353,completed,maneuver,f1ddae33af89bc208d97290f0e03c19c4d93c0cd3b4e08a59452657e405013ac,1.0
dual_30s_rank,10,inner_validation,inner_train,minimum_class_recall,leave_one_view_out__fold01,False,True,leave_one_view_out__fold01__candidate_353,completed,maneuver,f1ddae33af89bc208d97290f0e03c19c4d93c0cd3b4e08a59452657e405013ac,1.0
dual_30s_rank,10,inner_validation,inner_train,ordinal_mae,leave_one_view_out__fold01,False,True,leave_one_view_out__fold01__candidate_353,completed,maneuver,f1ddae33af89bc208d97290f0e03c19c4d93c0cd3b4e08a59452657e405013ac,0.0
dual_30s_rank,10,inner_validation,inner_train,score_mae,leave_one_view_out__fold01,False,True,leave_one_view_out__fold01__candidate_353,completed,maneuver,f1ddae33af89bc208d97290f0e03c19c4d93c0cd3b4e08a59452657e405013ac,0.47097088575899887
dual_30s_rank,10,inner_validation,inner_train,score_spearman,leave_one_view_out__fold01,False,True,leave_one_view_out__fold01__candidate_353,completed,maneuver,f1ddae33af89bc208d97290f0e03c19c4d93c0cd3b4e08a59452657e405013ac,0.9440559440559443
dual_30s_rank,10,inner_validation,inner_train,rmse,leave_one_view_out__fold01,False,True,leave_one_view_out__fold01__candidate_353,completed,response,f1ddae33af89bc208d97290f0e03c19c4d93c0cd3b4e08a59452657e405013ac,0.9798668914583919
dual_30s_rank,10,inner_validation,inner_train,mae,leave_one_view_out__fold01,False,True,leave_one_view_out__fold01__candidate_353,completed,response,f1ddae33af89bc208d97290f0e03c19c4d93c0cd3b4e08a59452657e405013ac,0.8825365608966278
dual_30s_rank,10,inner_validation,inner_train,validation_std,leave_one_view_out__fold01,False,True,leave_one_view_out__fold01__candidate_353,completed,response,f1ddae33af89bc208d97290f0e03c19c4d93c0cd3b4e08a59452657e405013ac,0.8091453454981316
dual_30s_rank,10,inner_validation,inner_train,validation_iqr,leave_one_view_out__fold01,False,True,leave_one_view_out__fold01__candidate_353,completed,response,f1ddae33af89bc208d97290f0e03c19c4d93c0cd3b4e08a59452657e405013ac,1.218839946496964
dual_30s_rank,10,inner_validation,inner_train,nrmse_std,leave_one_view_out__fold01,False,True,leave_one_view_out__fold01__candidate_353,completed,response,f1ddae33af89bc208d97290f0e03c19c4d93c0cd3b4e08a59452657e405013ac,1.2109899623227265
dual_30s_rank,10,inner_validation,inner_train,nrmse_iqr,leave_one_view_out__fold01,False,True,leave_one_view_out__fold01__candidate_353,completed,response,f1ddae33af89bc208d97290f0e03c19c4d93c0cd3b4e08a59452657e405013ac,0.8039340146953682
dual_30s_rank,10,inner_validation,inner_train,train_mean_baseline_rmse,leave_one_view_out__fold01,False,True,leave_one_view_out__fold01__candidate_353,completed,response,f1ddae33af89bc208d97290f0e03c19c4d93c0cd3b4e08a59452657e405013ac,0.9551898219217477
dual_30s_rank,10,inner_validation,inner_train,rmse_ratio,leave_one_view_out__fold01,False,True,leave_one_view_out__fold01__candidate_353,completed,response,f1ddae33af89bc208d97290f0e03c19c4d93c0cd3b4e08a59452657e405013ac,1.0258347283129507
dual_30s_rank,10,inner_validation,inner_train,response_skill,leave_one_view_out__fold01,False,True,leave_one_view_out__fold01__candidate_353,completed,response,f1ddae33af89bc208d97290f0e03c19c4d93c0cd3b4e08a59452657e405013ac,-0.052336889812905296
dual_30s_rank,10,inner_validation,inner_train,spearman,leave_one_view_out__fold01,False,True,leave_one_view_out__fold01__candidate_353,completed,response,f1ddae33af89bc208d97290f0e03c19c4d93c0cd3b4e08a59452657e405013ac,-0.034965034965034975
dual_30s_rank,10,inner_validation,inner_train,auprc,leave_one_view_out__fold01,False,True,leave_one_view_out__fold01__candidate_353,completed,high_response,f1ddae33af89bc208d97290f0e03c19c4d93c0cd3b4e08a59452657e405013ac,0.4553968253968254
dual_30s_rank,10,inner_validation,inner_train,prevalence,leave_one_view_out__fold01,False,True,leave_one_view_out__fold01__candidate_353,completed,high_response,f1ddae33af89bc208d97290f0e03c19c4d93c0cd3b4e08a59452657e405013ac,0.4166666666666667
dual_30s_rank,10,inner_validation,inner_train,random_baseline_auprc,leave_one_view_out__fold01,False,True,leave_one_view_out__fold01__candidate_353,completed,high_response,f1ddae33af89bc208d97290f0e03c19c4d93c0cd3b4e08a59452657e405013ac,0.4166666666666667
dual_30s_rank,10,inner_validation,inner_train,normalized_ap,leave_one_view_out__fold01,False,True,leave_one_view_out__fold01__candidate_353,completed,high_response,f1ddae33af89bc208d97290f0e03c19c4d93c0cd3b4e08a59452657e405013ac,0.06639455782312925
dual_30s_rank,10,inner_validation,inner_train,auprc_lift,leave_one_view_out__fold01,False,True,leave_one_view_out__fold01__candidate_353,completed,high_response,f1ddae33af89bc208d97290f0e03c19c4d93c0cd3b4e08a59452657e405013ac,0.038730158730158726
dual_30s_rank,10,inner_validation,inner_train,auroc,leave_one_view_out__fold01,False,True,leave_one_view_out__fold01__candidate_353,completed,high_response,f1ddae33af89bc208d97290f0e03c19c4d93c0cd3b4e08a59452657e405013ac,0.5428571428571429
dual_30s_rank,10,inner_validation,inner_train,balanced_accuracy,leave_one_view_out__fold01,False,True,leave_one_view_out__fold01__candidate_353,completed,high_response,f1ddae33af89bc208d97290f0e03c19c4d93c0cd3b4e08a59452657e405013ac,0.4857142857142857
dual_30s_rank,10,inner_validation,inner_train,macro_f1,leave_one_view_out__fold02,False,True,leave_one_view_out__fold02__candidate_328,completed,maneuver,76857c61556d36c9eb8d7060ea53eb10f2e65e3f7b2a4854ab4c6016248a0b48,0.48340548340548334
dual_30s_rank,10,inner_validation,inner_train,support_aware_macro_f1,leave_one_view_out__fold02,False,True,leave_one_view_out__fold02__candidate_328,completed,maneuver,76857c61556d36c9eb8d7060ea53eb10f2e65e3f7b2a4854ab4c6016248a0b48,0.48340548340548334
dual_30s_rank,10,inner_validation,inner_train,majority_macro_f1,leave_one_view_out__fold02,False,True,leave_one_view_out__fold02__candidate_328,completed,maneuver,76857c61556d36c9eb8d7060ea53eb10f2e65e3f7b2a4854ab4c6016248a0b48,0.19607843137254902
dual_30s_rank,10,inner_validation,inner_train,macro_f1_lift,leave_one_view_out__fold02,False,True,leave_one_view_out__fold02__candidate_328,completed,maneuver,76857c61556d36c9eb8d7060ea53eb10f2e65e3f7b2a4854ab4c6016248a0b48,0.2873270520329343
dual_30s_rank,10,inner_validation,inner_train,recall_low,leave_one_view_out__fold02,False,True,leave_one_view_out__fold02__candidate_328,completed,maneuver,76857c61556d36c9eb8d7060ea53eb10f2e65e3f7b2a4854ab4c6016248a0b48,0.2
dual_30s_rank,10,inner_validation,inner_train,recall_medium,leave_one_view_out__fold02,False,True,leave_one_view_out__fold02__candidate_328,completed,maneuver,76857c61556d36c9eb8d7060ea53eb10f2e65e3f7b2a4854ab4c6016248a0b48,0.5
dual_30s_rank,10,inner_validation,inner_train,recall_high,leave_one_view_out__fold02,False,True,leave_one_view_out__fold02__candidate_328,completed,maneuver,76857c61556d36c9eb8d7060ea53eb10f2e65e3f7b2a4854ab4c6016248a0b48,1.0
dual_30s_rank,10,inner_validation,inner_train,minimum_class_recall,leave_one_view_out__fold02,False,True,leave_one_view_out__fold02__candidate_328,completed,maneuver,76857c61556d36c9eb8d7060ea53eb10f2e65e3f7b2a4854ab4c6016248a0b48,0.2
dual_30s_rank,10,inner_validation,inner_train,ordinal_mae,leave_one_view_out__fold02,False,True,leave_one_view_out__fold02__candidate_328,completed,maneuver,76857c61556d36c9eb8d7060ea53eb10f2e65e3f7b2a4854ab4c6016248a0b48,0.75
dual_30s_rank,10,inner_validation,inner_train,score_mae,leave_one_view_out__fold02,False,True,leave_one_view_out__fold02__candidate_328,completed,maneuver,76857c61556d36c9eb8d7060ea53eb10f2e65e3f7b2a4854ab4c6016248a0b48,0.9229427398918899
dual_30s_rank,10,inner_validation,inner_train,score_spearman,leave_one_view_out__fold02,False,True,leave_one_view_out__fold02__candidate_328,completed,maneuver,76857c61556d36c9eb8d7060ea53eb10f2e65e3f7b2a4854ab4c6016248a0b48,0.4895104895104896
dual_30s_rank,10,inner_validation,inner_train,rmse,leave_one_view_out__fold02,False,True,leave_one_view_out__fold02__candidate_328,completed,response,76857c61556d36c9eb8d7060ea53eb10f2e65e3f7b2a4854ab4c6016248a0b48,0.954296162919395
dual_30s_rank,10,inner_validation,inner_train,mae,leave_one_view_out__fold02,False,True,leave_one_view_out__fold02__candidate_328,completed,response,76857c61556d36c9eb8d7060ea53eb10f2e65e3f7b2a4854ab4c6016248a0b48,0.776330756893837
dual_30s_rank,10,inner_validation,inner_train,validation_std,leave_one_view_out__fold02,False,True,leave_one_view_out__fold02__candidate_328,completed,response,76857c61556d36c9eb8d7060ea53eb10f2e65e3f7b2a4854ab4c6016248a0b48,0.6661100828266592
dual_30s_rank,10,inner_validation,inner_train,validation_iqr,leave_one_view_out__fold02,False,True,leave_one_view_out__fold02__candidate_328,completed,response,76857c61556d36c9eb8d7060ea53eb10f2e65e3f7b2a4854ab4c6016248a0b48,0.8168154939282022
dual_30s_rank,10,inner_validation,inner_train,nrmse_std,leave_one_view_out__fold02,False,True,leave_one_view_out__fold02__candidate_328,completed,response,76857c61556d36c9eb8d7060ea53eb10f2e65e3f7b2a4854ab4c6016248a0b48,1.4326403210559568
dual_30s_rank,10,inner_validation,inner_train,nrmse_iqr,leave_one_view_out__fold02,False,True,leave_one_view_out__fold02__candidate_328,completed,response,76857c61556d36c9eb8d7060ea53eb10f2e65e3f7b2a4854ab4c6016248a0b48,1.1683130033810025
dual_30s_rank,10,inner_validation,inner_train,train_mean_baseline_rmse,leave_one_view_out__fold02,False,True,leave_one_view_out__fold02__candidate_328,completed,response,76857c61556d36c9eb8d7060ea53eb10f2e65e3f7b2a4854ab4c6016248a0b48,0.760282844198373
dual_30s_rank,10,inner_validation,inner_train,rmse_ratio,leave_one_view_out__fold02,False,True,leave_one_view_out__fold02__candidate_328,completed,response,76857c61556d36c9eb8d7060ea53eb10f2e65e3f7b2a4854ab4c6016248a0b48,1.2551857117407217
dual_30s_rank,10,inner_validation,inner_train,response_skill,leave_one_view_out__fold02,False,True,leave_one_view_out__fold02__candidate_328,completed,response,76857c61556d36c9eb8d7060ea53eb10f2e65e3f7b2a4854ab4c6016248a0b48,-0.5754911709580619
dual_30s_rank,10,inner_validation,inner_train,spearman,leave_one_view_out__fold02,False,True,leave_one_view_out__fold02__candidate_328,completed,response,76857c61556d36c9eb8d7060ea53eb10f2e65e3f7b2a4854ab4c6016248a0b48,-0.2447552447552448
dual_30s_rank,10,inner_validation,inner_train,auprc,leave_one_view_out__fold02,False,True,leave_one_view_out__fold02__candidate_328,completed,high_response,76857c61556d36c9eb8d7060ea53eb10f2e65e3f7b2a4854ab4c6016248a0b48,0.5633333333333332
dual_30s_rank,10,inner_validation,inner_train,prevalence,leave_one_view_out__fold02,False,True,leave_one_view_out__fold02__candidate_328,completed,high_response,76857c61556d36c9eb8d7060ea53eb10f2e65e3f7b2a4854ab4c6016248a0b48,0.4166666666666667
dual_30s_rank,10,inner_validation,inner_train,random_baseline_auprc,leave_one_view_out__fold02,False,True,leave_one_view_out__fold02__candidate_328,completed,high_response,76857c61556d36c9eb8d7060ea53eb10f2e65e3f7b2a4854ab4c6016248a0b48,0.4166666666666667
dual_30s_rank,10,inner_validation,inner_train,normalized_ap,leave_one_view_out__fold02,False,True,leave_one_view_out__fold02__candidate_328,completed,high_response,76857c61556d36c9eb8d7060ea53eb10f2e65e3f7b2a4854ab4c6016248a0b48,0.2514285714285713
dual_30s_rank,10,inner_validation,inner_train,auprc_lift,leave_one_view_out__fold02,False,True,leave_one_view_out__fold02__candidate_328,completed,high_response,76857c61556d36c9eb8d7060ea53eb10f2e65e3f7b2a4854ab4c6016248a0b48,0.14666666666666656
dual_30s_rank,10,inner_validation,inner_train,auroc,leave_one_view_out__fold02,False,True,leave_one_view_out__fold02__candidate_328,completed,high_response,76857c61556d36c9eb8d7060ea53eb10f2e65e3f7b2a4854ab4c6016248a0b48,0.4857142857142857
dual_30s_rank,10,inner_validation,inner_train,balanced_accuracy,leave_one_view_out__fold02,False,True,leave_one_view_out__fold02__candidate_328,completed,high_response,76857c61556d36c9eb8d7060ea53eb10f2e65e3f7b2a4854ab4c6016248a0b48,0.4571428571428572
dual_30s_rank,10,inner_validation,inner_train,macro_f1,leave_one_view_out__fold02,False,True,leave_one_view_out__fold02__candidate_329,completed,maneuver,09bd96f3f28027930e21282cb6cb1e34c79cb76197a270c426bd70e119d43e13,0.7388888888888889
dual_30s_rank,10,inner_validation,inner_train,support_aware_macro_f1,leave_one_view_out__fold02,False,True,leave_one_view_out__fold02__candidate_329,completed,maneuver,09bd96f3f28027930e21282cb6cb1e34c79cb76197a270c426bd70e119d43e13,0.7388888888888889
dual_30s_rank,10,inner_validation,inner_train,majority_macro_f1,leave_one_view_out__fold02,False,True,leave_one_view_out__fold02__candidate_329,completed,maneuver,09bd96f3f28027930e21282cb6cb1e34c79cb76197a270c426bd70e119d43e13,0.13333333333333333
dual_30s_rank,10,inner_validation,inner_train,macro_f1_lift,leave_one_view_out__fold02,False,True,leave_one_view_out__fold02__candidate_329,completed,maneuver,09bd96f3f28027930e21282cb6cb1e34c79cb76197a270c426bd70e119d43e13,0.6055555555555556
dual_30s_rank,10,inner_validation,inner_train,recall_low,leave_one_view_out__fold02,False,True,leave_one_view_out__fold02__candidate_329,completed,maneuver,09bd96f3f28027930e21282cb6cb1e34c79cb76197a270c426bd70e119d43e13,0.6666666666666666
dual_30s_rank,10,inner_validation,inner_train,recall_medium,leave_one_view_out__fold02,False,True,leave_one_view_out__fold02__candidate_329,completed,maneuver,09bd96f3f28027930e21282cb6cb1e34c79cb76197a270c426bd70e119d43e13,1.0
dual_30s_rank,10,inner_validation,inner_train,recall_high,leave_one_view_out__fold02,False,True,leave_one_view_out__fold02__candidate_329,completed,maneuver,09bd96f3f28027930e21282cb6cb1e34c79cb76197a270c426bd70e119d43e13,0.6
dual_30s_rank,10,inner_validation,inner_train,minimum_class_recall,leave_one_view_out__fold02,False,True,leave_one_view_out__fold02__candidate_329,completed,maneuver,09bd96f3f28027930e21282cb6cb1e34c79cb76197a270c426bd70e119d43e13,0.6
dual_30s_rank,10,inner_validation,inner_train,ordinal_mae,leave_one_view_out__fold02,False,True,leave_one_view_out__fold02__candidate_329,completed,maneuver,09bd96f3f28027930e21282cb6cb1e34c79cb76197a270c426bd70e119d43e13,0.3333333333333333
dual_30s_rank,10,inner_validation,inner_train,score_mae,leave_one_view_out__fold02,False,True,leave_one_view_out__fold02__candidate_329,completed,maneuver,09bd96f3f28027930e21282cb6cb1e34c79cb76197a270c426bd70e119d43e13,1.0222183253450996
dual_30s_rank,10,inner_validation,inner_train,score_spearman,leave_one_view_out__fold02,False,True,leave_one_view_out__fold02__candidate_329,completed,maneuver,09bd96f3f28027930e21282cb6cb1e34c79cb76197a270c426bd70e119d43e13,0.7272727272727274
dual_30s_rank,10,inner_validation,inner_train,rmse,leave_one_view_out__fold02,False,True,leave_one_view_out__fold02__candidate_329,completed,response,09bd96f3f28027930e21282cb6cb1e34c79cb76197a270c426bd70e119d43e13,0.8656118634066688
dual_30s_rank,10,inner_validation,inner_train,mae,leave_one_view_out__fold02,False,True,leave_one_view_out__fold02__candidate_329,completed,response,09bd96f3f28027930e21282cb6cb1e34c79cb76197a270c426bd70e119d43e13,0.6466978277895905
dual_30s_rank,10,inner_validation,inner_train,validation_std,leave_one_view_out__fold02,False,True,leave_one_view_out__fold02__candidate_329,completed,response,09bd96f3f28027930e21282cb6cb1e34c79cb76197a270c426bd70e119d43e13,0.7444107826338696
dual_30s_rank,10,inner_validation,inner_train,validation_iqr,leave_one_view_out__fold02,False,True,leave_one_view_out__fold02__candidate_329,completed,response,09bd96f3f28027930e21282cb6cb1e34c79cb76197a270c426bd70e119d43e13,1.126261329695373
dual_30s_rank,10,inner_validation,inner_train,nrmse_std,leave_one_view_out__fold02,False,True,leave_one_view_out__fold02__candidate_329,completed,response,09bd96f3f28027930e21282cb6cb1e34c79cb76197a270c426bd70e119d43e13,1.1628147839879028
dual_30s_rank,10,inner_validation,inner_train,nrmse_iqr,leave_one_view_out__fold02,False,True,leave_one_view_out__fold02__candidate_329,completed,response,09bd96f3f28027930e21282cb6cb1e34c79cb76197a270c426bd70e119d43e13,0.7685710594723131
dual_30s_rank,10,inner_validation,inner_train,train_mean_baseline_rmse,leave_one_view_out__fold02,False,True,leave_one_view_out__fold02__candidate_329,completed,response,09bd96f3f28027930e21282cb6cb1e34c79cb76197a270c426bd70e119d43e13,0.7887754436917268
dual_30s_rank,10,inner_validation,inner_train,rmse_ratio,leave_one_view_out__fold02,False,True,leave_one_view_out__fold02__candidate_329,completed,response,09bd96f3f28027930e21282cb6cb1e34c79cb76197a270c426bd70e119d43e13,1.097412286766082
dual_30s_rank,10,inner_validation,inner_train,response_skill,leave_one_view_out__fold02,False,True,leave_one_view_out__fold02__candidate_329,completed,response,09bd96f3f28027930e21282cb6cb1e34c79cb76197a270c426bd70e119d43e13,-0.20431372714516116
dual_30s_rank,10,inner_validation,inner_train,spearman,leave_one_view_out__fold02,False,True,leave_one_view_out__fold02__candidate_329,completed,response,09bd96f3f28027930e21282cb6cb1e34c79cb76197a270c426bd70e119d43e13,-0.22377622377622378
dual_30s_rank,10,inner_validation,inner_train,auprc,leave_one_view_out__fold02,False,True,leave_one_view_out__fold02__candidate_329,completed,high_response,09bd96f3f28027930e21282cb6cb1e34c79cb76197a270c426bd70e119d43e13,0.569047619047619
dual_30s_rank,10,inner_validation,inner_train,prevalence,leave_one_view_out__fold02,False,True,leave_one_view_out__fold02__candidate_329,completed,high_response,09bd96f3f28027930e21282cb6cb1e34c79cb76197a270c426bd70e119d43e13,0.4166666666666667
dual_30s_rank,10,inner_validation,inner_train,random_baseline_auprc,leave_one_view_out__fold02,False,True,leave_one_view_out__fold02__candidate_329,completed,high_response,09bd96f3f28027930e21282cb6cb1e34c79cb76197a270c426bd70e119d43e13,0.4166666666666667
dual_30s_rank,10,inner_validation,inner_train,normalized_ap,leave_one_view_out__fold02,False,True,leave_one_view_out__fold02__candidate_329,completed,high_response,09bd96f3f28027930e21282cb6cb1e34c79cb76197a270c426bd70e119d43e13,0.26122448979591834
dual_30s_rank,10,inner_validation,inner_train,auprc_lift,leave_one_view_out__fold02,False,True,leave_one_view_out__fold02__candidate_329,completed,high_response,09bd96f3f28027930e21282cb6cb1e34c79cb76197a270c426bd70e119d43e13,0.15238095238095234
dual_30s_rank,10,inner_validation,inner_train,auroc,leave_one_view_out__fold02,False,True,leave_one_view_out__fold02__candidate_329,completed,high_response,09bd96f3f28027930e21282cb6cb1e34c79cb76197a270c426bd70e119d43e13,0.5142857142857143
dual_30s_rank,10,inner_validation,inner_train,balanced_accuracy,leave_one_view_out__fold02,False,True,leave_one_view_out__fold02__candidate_329,completed,high_response,09bd96f3f28027930e21282cb6cb1e34c79cb76197a270c426bd70e119d43e13,0.5428571428571429
dual_30s_rank,10,inner_validation,inner_train,macro_f1,leave_one_view_out__fold01,False,True,leave_one_view_out__fold01__candidate_340,completed,maneuver,c8bb55db2e84fca264b1421bfe060cb36e07fbf025a5f825bde808b31ad5f850,1.0
dual_30s_rank,10,inner_validation,inner_train,support_aware_macro_f1,leave_one_view_out__fold01,False,True,leave_one_view_out__fold01__candidate_340,completed,maneuver,c8bb55db2e84fca264b1421bfe060cb36e07fbf025a5f825bde808b31ad5f850,1.0
dual_30s_rank,10,inner_validation,inner_train,majority_macro_f1,leave_one_view_out__fold01,False,True,leave_one_view_out__fold01__candidate_340,completed,maneuver,c8bb55db2e84fca264b1421bfe060cb36e07fbf025a5f825bde808b31ad5f850,0.13333333333333333
dual_30s_rank,10,inner_validation,inner_train,macro_f1_lift,leave_one_view_out__fold01,False,True,leave_one_view_out__fold01__candidate_340,completed,maneuver,c8bb55db2e84fca264b1421bfe060cb36e07fbf025a5f825bde808b31ad5f850,0.8666666666666667
dual_30s_rank,10,inner_validation,inner_train,recall_low,leave_one_view_out__fold01,False,True,leave_one_view_out__fold01__candidate_340,completed,maneuver,c8bb55db2e84fca264b1421bfe060cb36e07fbf025a5f825bde808b31ad5f850,1.0
dual_30s_rank,10,inner_validation,inner_train,recall_medium,leave_one_view_out__fold01,False,True,leave_one_view_out__fold01__candidate_340,completed,maneuver,c8bb55db2e84fca264b1421bfe060cb36e07fbf025a5f825bde808b31ad5f850,1.0
dual_30s_rank,10,inner_validation,inner_train,recall_high,leave_one_view_out__fold01,False,True,leave_one_view_out__fold01__candidate_340,completed,maneuver,c8bb55db2e84fca264b1421bfe060cb36e07fbf025a5f825bde808b31ad5f850,1.0
dual_30s_rank,10,inner_validation,inner_train,minimum_class_recall,leave_one_view_out__fold01,False,True,leave_one_view_out__fold01__candidate_340,completed,maneuver,c8bb55db2e84fca264b1421bfe060cb36e07fbf025a5f825bde808b31ad5f850,1.0
dual_30s_rank,10,inner_validation,inner_train,ordinal_mae,leave_one_view_out__fold01,False,True,leave_one_view_out__fold01__candidate_340,completed,maneuver,c8bb55db2e84fca264b1421bfe060cb36e07fbf025a5f825bde808b31ad5f850,0.0
dual_30s_rank,10,inner_validation,inner_train,score_mae,leave_one_view_out__fold01,False,True,leave_one_view_out__fold01__candidate_340,completed,maneuver,c8bb55db2e84fca264b1421bfe060cb36e07fbf025a5f825bde808b31ad5f850,0.5462869989432849
dual_30s_rank,10,inner_validation,inner_train,score_spearman,leave_one_view_out__fold01,False,True,leave_one_view_out__fold01__candidate_340,completed,maneuver,c8bb55db2e84fca264b1421bfe060cb36e07fbf025a5f825bde808b31ad5f850,0.9020979020979022
dual_30s_rank,10,inner_validation,inner_train,rmse,leave_one_view_out__fold01,False,True,leave_one_view_out__fold01__candidate_340,completed,response,c8bb55db2e84fca264b1421bfe060cb36e07fbf025a5f825bde808b31ad5f850,0.9552866565820954
dual_30s_rank,10,inner_validation,inner_train,mae,leave_one_view_out__fold01,False,True,leave_one_view_out__fold01__candidate_340,completed,response,c8bb55db2e84fca264b1421bfe060cb36e07fbf025a5f825bde808b31ad5f850,0.827962000576531
dual_30s_rank,10,inner_validation,inner_train,validation_std,leave_one_view_out__fold01,False,True,leave_one_view_out__fold01__candidate_340,completed,response,c8bb55db2e84fca264b1421bfe060cb36e07fbf025a5f825bde808b31ad5f850,0.7738225567538186
dual_30s_rank,10,inner_validation,inner_train,validation_iqr,leave_one_view_out__fold01,False,True,leave_one_view_out__fold01__candidate_340,completed,response,c8bb55db2e84fca264b1421bfe060cb36e07fbf025a5f825bde808b31ad5f850,1.1164541279861386
dual_30s_rank,10,inner_validation,inner_train,nrmse_std,leave_one_view_out__fold01,False,True,leave_one_view_out__fold01__candidate_340,completed,response,c8bb55db2e84fca264b1421bfe060cb36e07fbf025a5f825bde808b31ad5f850,1.2345035024431412
dual_30s_rank,10,inner_validation,inner_train,nrmse_iqr,leave_one_view_out__fold01,False,True,leave_one_view_out__fold01__candidate_340,completed,response,c8bb55db2e84fca264b1421bfe060cb36e07fbf025a5f825bde808b31ad5f850,0.8556434452933975
dual_30s_rank,10,inner_validation,inner_train,train_mean_baseline_rmse,leave_one_view_out__fold01,False,True,leave_one_view_out__fold01__candidate_340,completed,response,c8bb55db2e84fca264b1421bfe060cb36e07fbf025a5f825bde808b31ad5f850,0.9520832805389658
dual_30s_rank,10,inner_validation,inner_train,rmse_ratio,leave_one_view_out__fold01,False,True,leave_one_view_out__fold01__candidate_340,completed,response,c8bb55db2e84fca264b1421bfe060cb36e07fbf025a5f825bde808b31ad5f850,1.0033645964681956
dual_30s_rank,10,inner_validation,inner_train,response_skill,leave_one_view_out__fold01,False,True,leave_one_view_out__fold01__candidate_340,completed,response,c8bb55db2e84fca264b1421bfe060cb36e07fbf025a5f825bde808b31ad5f850,-0.006740513445785412
dual_30s_rank,10,inner_validation,inner_train,spearman,leave_one_view_out__fold01,False,True,leave_one_view_out__fold01__candidate_340,completed,response,c8bb55db2e84fca264b1421bfe060cb36e07fbf025a5f825bde808b31ad5f850,-0.11188811188811189
dual_30s_rank,10,inner_validation,inner_train,auprc,leave_one_view_out__fold01,False,True,leave_one_view_out__fold01__candidate_340,completed,high_response,c8bb55db2e84fca264b1421bfe060cb36e07fbf025a5f825bde808b31ad5f850,0.5570655534941249
dual_30s_rank,10,inner_validation,inner_train,prevalence,leave_one_view_out__fold01,False,True,leave_one_view_out__fold01__candidate_340,completed,high_response,c8bb55db2e84fca264b1421bfe060cb36e07fbf025a5f825bde808b31ad5f850,0.5833333333333334
dual_30s_rank,10,inner_validation,inner_train,random_baseline_auprc,leave_one_view_out__fold01,False,True,leave_one_view_out__fold01__candidate_340,completed,high_response,c8bb55db2e84fca264b1421bfe060cb36e07fbf025a5f825bde808b31ad5f850,0.5833333333333334
dual_30s_rank,10,inner_validation,inner_train,normalized_ap,leave_one_view_out__fold01,False,True,leave_one_view_out__fold01__candidate_340,completed,high_response,c8bb55db2e84fca264b1421bfe060cb36e07fbf025a5f825bde808b31ad5f850,-0.06304267161410033
dual_30s_rank,10,inner_validation,inner_train,auprc_lift,leave_one_view_out__fold01,False,True,leave_one_view_out__fold01__candidate_340,completed,high_response,c8bb55db2e84fca264b1421bfe060cb36e07fbf025a5f825bde808b31ad5f850,-0.02626777983920847
dual_30s_rank,10,inner_validation,inner_train,auroc,leave_one_view_out__fold01,False,True,leave_one_view_out__fold01__candidate_340,completed,high_response,c8bb55db2e84fca264b1421bfe060cb36e07fbf025a5f825bde808b31ad5f850,0.4285714285714286
dual_30s_rank,10,inner_validation,inner_train,balanced_accuracy,leave_one_view_out__fold01,False,True,leave_one_view_out__fold01__candidate_340,completed,high_response,c8bb55db2e84fca264b1421bfe060cb36e07fbf025a5f825bde808b31ad5f850,0.4714285714285714
dual_30s_rank,10,inner_validation,inner_train,macro_f1,leave_one_view_out__fold01,False,True,leave_one_view_out__fold01__candidate_327,completed,maneuver,ef23ad8b080593cb9c8caaa4a57c59a5dc23c5987cd8d56c0f61e753cf15435c,0.8222222222222223
dual_30s_rank,10,inner_validation,inner_train,support_aware_macro_f1,leave_one_view_out__fold01,False,True,leave_one_view_out__fold01__candidate_327,completed,maneuver,ef23ad8b080593cb9c8caaa4a57c59a5dc23c5987cd8d56c0f61e753cf15435c,0.8222222222222223
dual_30s_rank,10,inner_validation,inner_train,majority_macro_f1,leave_one_view_out__fold01,False,True,leave_one_view_out__fold01__candidate_327,completed,maneuver,ef23ad8b080593cb9c8caaa4a57c59a5dc23c5987cd8d56c0f61e753cf15435c,0.19607843137254902
dual_30s_rank,10,inner_validation,inner_train,macro_f1_lift,leave_one_view_out__fold01,False,True,leave_one_view_out__fold01__candidate_327,completed,maneuver,ef23ad8b080593cb9c8caaa4a57c59a5dc23c5987cd8d56c0f61e753cf15435c,0.6261437908496733
dual_30s_rank,10,inner_validation,inner_train,recall_low,leave_one_view_out__fold01,False,True,leave_one_view_out__fold01__candidate_327,completed,maneuver,ef23ad8b080593cb9c8caaa4a57c59a5dc23c5987cd8d56c0f61e753cf15435c,0.8
dual_30s_rank,10,inner_validation,inner_train,recall_medium,leave_one_view_out__fold01,False,True,leave_one_view_out__fold01__candidate_327,completed,maneuver,ef23ad8b080593cb9c8caaa4a57c59a5dc23c5987cd8d56c0f61e753cf15435c,0.6666666666666666
dual_30s_rank,10,inner_validation,inner_train,recall_high,leave_one_view_out__fold01,False,True,leave_one_view_out__fold01__candidate_327,completed,maneuver,ef23ad8b080593cb9c8caaa4a57c59a5dc23c5987cd8d56c0f61e753cf15435c,1.0
dual_30s_rank,10,inner_validation,inner_train,minimum_class_recall,leave_one_view_out__fold01,False,True,leave_one_view_out__fold01__candidate_327,completed,maneuver,ef23ad8b080593cb9c8caaa4a57c59a5dc23c5987cd8d56c0f61e753cf15435c,0.6666666666666666
dual_30s_rank,10,inner_validation,inner_train,ordinal_mae,leave_one_view_out__fold01,False,True,leave_one_view_out__fold01__candidate_327,completed,maneuver,ef23ad8b080593cb9c8caaa4a57c59a5dc23c5987cd8d56c0f61e753cf15435c,0.16666666666666666
dual_30s_rank,10,inner_validation,inner_train,score_mae,leave_one_view_out__fold01,False,True,leave_one_view_out__fold01__candidate_327,completed,maneuver,ef23ad8b080593cb9c8caaa4a57c59a5dc23c5987cd8d56c0f61e753cf15435c,0.5397283184131799
dual_30s_rank,10,inner_validation,inner_train,score_spearman,leave_one_view_out__fold01,False,True,leave_one_view_out__fold01__candidate_327,completed,maneuver,ef23ad8b080593cb9c8caaa4a57c59a5dc23c5987cd8d56c0f61e753cf15435c,0.8041958041958043
dual_30s_rank,10,inner_validation,inner_train,rmse,leave_one_view_out__fold01,False,True,leave_one_view_out__fold01__candidate_327,completed,response,ef23ad8b080593cb9c8caaa4a57c59a5dc23c5987cd8d56c0f61e753cf15435c,0.9222509708347214
dual_30s_rank,10,inner_validation,inner_train,mae,leave_one_view_out__fold01,False,True,leave_one_view_out__fold01__candidate_327,completed,response,ef23ad8b080593cb9c8caaa4a57c59a5dc23c5987cd8d56c0f61e753cf15435c,0.763079429946305
dual_30s_rank,10,inner_validation,inner_train,validation_std,leave_one_view_out__fold01,False,True,leave_one_view_out__fold01__candidate_327,completed,response,ef23ad8b080593cb9c8caaa4a57c59a5dc23c5987cd8d56c0f61e753cf15435c,0.7424450098311778
dual_30s_rank,10,inner_validation,inner_train,validation_iqr,leave_one_view_out__fold01,False,True,leave_one_view_out__fold01__candidate_327,completed,response,ef23ad8b080593cb9c8caaa4a57c59a5dc23c5987cd8d56c0f61e753cf15435c,0.8094986823286678
dual_30s_rank,10,inner_validation,inner_train,nrmse_std,leave_one_view_out__fold01,False,True,leave_one_view_out__fold01__candidate_327,completed,response,ef23ad8b080593cb9c8caaa4a57c59a5dc23c5987cd8d56c0f61e753cf15435c,1.24218084655782
dual_30s_rank,10,inner_validation,inner_train,nrmse_iqr,leave_one_view_out__fold01,False,True,leave_one_view_out__fold01__candidate_327,completed,response,ef23ad8b080593cb9c8caaa4a57c59a5dc23c5987cd8d56c0f61e753cf15435c,1.1392865621247232
dual_30s_rank,10,inner_validation,inner_train,train_mean_baseline_rmse,leave_one_view_out__fold01,False,True,leave_one_view_out__fold01__candidate_327,completed,response,ef23ad8b080593cb9c8caaa4a57c59a5dc23c5987cd8d56c0f61e753cf15435c,0.9686999988458442
dual_30s_rank,10,inner_validation,inner_train,rmse_ratio,leave_one_view_out__fold01,False,True,leave_one_view_out__fold01__candidate_327,completed,response,ef23ad8b080593cb9c8caaa4a57c59a5dc23c5987cd8d56c0f61e753cf15435c,0.9520501413580423
dual_30s_rank,10,inner_validation,inner_train,response_skill,leave_one_view_out__fold01,False,True,leave_one_view_out__fold01__candidate_327,completed,response,ef23ad8b080593cb9c8caaa4a57c59a5dc23c5987cd8d56c0f61e753cf15435c,0.09360052834013177
dual_30s_rank,10,inner_validation,inner_train,spearman,leave_one_view_out__fold01,False,True,leave_one_view_out__fold01__candidate_327,completed,response,ef23ad8b080593cb9c8caaa4a57c59a5dc23c5987cd8d56c0f61e753cf15435c,0.3356643356643357
dual_30s_rank,10,inner_validation,inner_train,auprc,leave_one_view_out__fold01,False,True,leave_one_view_out__fold01__candidate_327,completed,high_response,ef23ad8b080593cb9c8caaa4a57c59a5dc23c5987cd8d56c0f61e753cf15435c,0.6677579365079366
dual_30s_rank,10,inner_validation,inner_train,prevalence,leave_one_view_out__fold01,False,True,leave_one_view_out__fold01__candidate_327,completed,high_response,ef23ad8b080593cb9c8caaa4a57c59a5dc23c5987cd8d56c0f61e753cf15435c,0.6666666666666666
dual_30s_rank,10,inner_validation,inner_train,random_baseline_auprc,leave_one_view_out__fold01,False,True,leave_one_view_out__fold01__candidate_327,completed,high_response,ef23ad8b080593cb9c8caaa4a57c59a5dc23c5987cd8d56c0f61e753cf15435c,0.6666666666666666
dual_30s_rank,10,inner_validation,inner_train,normalized_ap,leave_one_view_out__fold01,False,True,leave_one_view_out__fold01__candidate_327,completed,high_response,ef23ad8b080593cb9c8caaa4a57c59a5dc23c5987cd8d56c0f61e753cf15435c,0.003273809523809845
dual_30s_rank,10,inner_validation,inner_train,auprc_lift,leave_one_view_out__fold01,False,True,leave_one_view_out__fold01__candidate_327,completed,high_response,ef23ad8b080593cb9c8caaa4a57c59a5dc23c5987cd8d56c0f61e753cf15435c,0.0010912698412699484
dual_30s_rank,10,inner_validation,inner_train,auroc,leave_one_view_out__fold01,False,True,leave_one_view_out__fold01__candidate_327,completed,high_response,ef23ad8b080593cb9c8caaa4a57c59a5dc23c5987cd8d56c0f61e753cf15435c,0.5
dual_30s_rank,10,inner_validation,inner_train,balanced_accuracy,leave_one_view_out__fold01,False,True,leave_one_view_out__fold01__candidate_327,completed,high_response,ef23ad8b080593cb9c8caaa4a57c59a5dc23c5987cd8d56c0f61e753cf15435c,0.5
vehicle_30s_ordinal,11,inner_validation,inner_train,macro_f1,leave_one_view_out__fold01,False,True,leave_one_view_out__fold01__candidate_339,completed,maneuver,d49030f301fc10972368913bbfc6141aa638775e23f48bc8ad0055d5e48293a1,0.9153439153439153
vehicle_30s_ordinal,11,inner_validation,inner_train,support_aware_macro_f1,leave_one_view_out__fold01,False,True,leave_one_view_out__fold01__candidate_339,completed,maneuver,d49030f301fc10972368913bbfc6141aa638775e23f48bc8ad0055d5e48293a1,0.9153439153439153
vehicle_30s_ordinal,11,inner_validation,inner_train,majority_macro_f1,leave_one_view_out__fold01,False,True,leave_one_view_out__fold01__candidate_339,completed,maneuver,d49030f301fc10972368913bbfc6141aa638775e23f48bc8ad0055d5e48293a1,0.16666666666666666
vehicle_30s_ordinal,11,inner_validation,inner_train,macro_f1_lift,leave_one_view_out__fold01,False,True,leave_one_view_out__fold01__candidate_339,completed,maneuver,d49030f301fc10972368913bbfc6141aa638775e23f48bc8ad0055d5e48293a1,0.7486772486772487
vehicle_30s_ordinal,11,inner_validation,inner_train,recall_low,leave_one_view_out__fold01,False,True,leave_one_view_out__fold01__candidate_339,completed,maneuver,d49030f301fc10972368913bbfc6141aa638775e23f48bc8ad0055d5e48293a1,1.0
vehicle_30s_ordinal,11,inner_validation,inner_train,recall_medium,leave_one_view_out__fold01,False,True,leave_one_view_out__fold01__candidate_339,completed,maneuver,d49030f301fc10972368913bbfc6141aa638775e23f48bc8ad0055d5e48293a1,0.75
vehicle_30s_ordinal,11,inner_validation,inner_train,recall_high,leave_one_view_out__fold01,False,True,leave_one_view_out__fold01__candidate_339,completed,maneuver,d49030f301fc10972368913bbfc6141aa638775e23f48bc8ad0055d5e48293a1,1.0
vehicle_30s_ordinal,11,inner_validation,inner_train,minimum_class_recall,leave_one_view_out__fold01,False,True,leave_one_view_out__fold01__candidate_339,completed,maneuver,d49030f301fc10972368913bbfc6141aa638775e23f48bc8ad0055d5e48293a1,0.75
vehicle_30s_ordinal,11,inner_validation,inner_train,ordinal_mae,leave_one_view_out__fold01,False,True,leave_one_view_out__fold01__candidate_339,completed,maneuver,d49030f301fc10972368913bbfc6141aa638775e23f48bc8ad0055d5e48293a1,0.08333333333333333
vehicle_30s_ordinal,11,inner_validation,inner_train,score_mae,leave_one_view_out__fold01,False,True,leave_one_view_out__fold01__candidate_339,completed,maneuver,d49030f301fc10972368913bbfc6141aa638775e23f48bc8ad0055d5e48293a1,0.45599362452149217
vehicle_30s_ordinal,11,inner_validation,inner_train,score_spearman,leave_one_view_out__fold01,False,True,leave_one_view_out__fold01__candidate_339,completed,maneuver,d49030f301fc10972368913bbfc6141aa638775e23f48bc8ad0055d5e48293a1,0.9440559440559443
vehicle_30s_ordinal,11,inner_validation,inner_train,rmse,leave_one_view_out__fold01,False,True,leave_one_view_out__fold01__candidate_339,completed,response,d49030f301fc10972368913bbfc6141aa638775e23f48bc8ad0055d5e48293a1,1.1982079123518505
vehicle_30s_ordinal,11,inner_validation,inner_train,mae,leave_one_view_out__fold01,False,True,leave_one_view_out__fold01__candidate_339,completed,response,d49030f301fc10972368913bbfc6141aa638775e23f48bc8ad0055d5e48293a1,1.0035042719200968
vehicle_30s_ordinal,11,inner_validation,inner_train,validation_std,leave_one_view_out__fold01,False,True,leave_one_view_out__fold01__candidate_339,completed,response,d49030f301fc10972368913bbfc6141aa638775e23f48bc8ad0055d5e48293a1,0.9229823964743179
vehicle_30s_ordinal,11,inner_validation,inner_train,validation_iqr,leave_one_view_out__fold01,False,True,leave_one_view_out__fold01__candidate_339,completed,response,d49030f301fc10972368913bbfc6141aa638775e23f48bc8ad0055d5e48293a1,1.5375502327333572
vehicle_30s_ordinal,11,inner_validation,inner_train,nrmse_std,leave_one_view_out__fold01,False,True,leave_one_view_out__fold01__candidate_339,completed,response,d49030f301fc10972368913bbfc6141aa638775e23f48bc8ad0055d5e48293a1,1.2981915114837088
vehicle_30s_ordinal,11,inner_validation,inner_train,nrmse_iqr,leave_one_view_out__fold01,False,True,leave_one_view_out__fold01__candidate_339,completed,response,d49030f301fc10972368913bbfc6141aa638775e23f48bc8ad0055d5e48293a1,0.7792967584686674
vehicle_30s_ordinal,11,inner_validation,inner_train,train_mean_baseline_rmse,leave_one_view_out__fold01,False,True,leave_one_view_out__fold01__candidate_339,completed,response,d49030f301fc10972368913bbfc6141aa638775e23f48bc8ad0055d5e48293a1,1.2411261006308119
vehicle_30s_ordinal,11,inner_validation,inner_train,rmse_ratio,leave_one_view_out__fold01,False,True,leave_one_view_out__fold01__candidate_339,completed,response,d49030f301fc10972368913bbfc6141aa638775e23f48bc8ad0055d5e48293a1,0.9654199615517329
vehicle_30s_ordinal,11,inner_validation,inner_train,response_skill,leave_one_view_out__fold01,False,True,leave_one_view_out__fold01__candidate_339,completed,response,d49030f301fc10972368913bbfc6141aa638775e23f48bc8ad0055d5e48293a1,0.06796429783745062
vehicle_30s_ordinal,11,inner_validation,inner_train,spearman,leave_one_view_out__fold01,False,True,leave_one_view_out__fold01__candidate_339,completed,response,d49030f301fc10972368913bbfc6141aa638775e23f48bc8ad0055d5e48293a1,0.06293706293706294
vehicle_30s_ordinal,11,inner_validation,inner_train,auprc,leave_one_view_out__fold01,False,True,leave_one_view_out__fold01__candidate_339,completed,high_response,d49030f301fc10972368913bbfc6141aa638775e23f48bc8ad0055d5e48293a1,0.682129329004329
vehicle_30s_ordinal,11,inner_validation,inner_train,prevalence,leave_one_view_out__fold01,False,True,leave_one_view_out__fold01__candidate_339,completed,high_response,d49030f301fc10972368913bbfc6141aa638775e23f48bc8ad0055d5e48293a1,0.6666666666666666
vehicle_30s_ordinal,11,inner_validation,inner_train,random_baseline_auprc,leave_one_view_out__fold01,False,True,leave_one_view_out__fold01__candidate_339,completed,high_response,d49030f301fc10972368913bbfc6141aa638775e23f48bc8ad0055d5e48293a1,0.6666666666666666
vehicle_30s_ordinal,11,inner_validation,inner_train,normalized_ap,leave_one_view_out__fold01,False,True,leave_one_view_out__fold01__candidate_339,completed,high_response,d49030f301fc10972368913bbfc6141aa638775e23f48bc8ad0055d5e48293a1,0.04638798701298707
vehicle_30s_ordinal,11,inner_validation,inner_train,auprc_lift,leave_one_view_out__fold01,False,True,leave_one_view_out__fold01__candidate_339,completed,high_response,d49030f301fc10972368913bbfc6141aa638775e23f48bc8ad0055d5e48293a1,0.015462662337662358
vehicle_30s_ordinal,11,inner_validation,inner_train,auroc,leave_one_view_out__fold01,False,True,leave_one_view_out__fold01__candidate_339,completed,high_response,d49030f301fc10972368913bbfc6141aa638775e23f48bc8ad0055d5e48293a1,0.40625
vehicle_30s_ordinal,11,inner_validation,inner_train,balanced_accuracy,leave_one_view_out__fold01,False,True,leave_one_view_out__fold01__candidate_339,completed,high_response,d49030f301fc10972368913bbfc6141aa638775e23f48bc8ad0055d5e48293a1,0.5
vehicle_30s_ordinal,11,inner_validation,inner_train,macro_f1,leave_one_view_out__fold01,False,True,leave_one_view_out__fold01__candidate_353,completed,maneuver,f1ddae33af89bc208d97290f0e03c19c4d93c0cd3b4e08a59452657e405013ac,0.9220779220779222
vehicle_30s_ordinal,11,inner_validation,inner_train,support_aware_macro_f1,leave_one_view_out__fold01,False,True,leave_one_view_out__fold01__candidate_353,completed,maneuver,f1ddae33af89bc208d97290f0e03c19c4d93c0cd3b4e08a59452657e405013ac,0.9220779220779222
vehicle_30s_ordinal,11,inner_validation,inner_train,majority_macro_f1,leave_one_view_out__fold01,False,True,leave_one_view_out__fold01__candidate_353,completed,maneuver,f1ddae33af89bc208d97290f0e03c19c4d93c0cd3b4e08a59452657e405013ac,0.13333333333333333
vehicle_30s_ordinal,11,inner_validation,inner_train,macro_f1_lift,leave_one_view_out__fold01,False,True,leave_one_view_out__fold01__candidate_353,completed,maneuver,f1ddae33af89bc208d97290f0e03c19c4d93c0cd3b4e08a59452657e405013ac,0.7887445887445889
vehicle_30s_ordinal,11,inner_validation,inner_train,recall_low,leave_one_view_out__fold01,False,True,leave_one_view_out__fold01__candidate_353,completed,maneuver,f1ddae33af89bc208d97290f0e03c19c4d93c0cd3b4e08a59452657e405013ac,1.0
vehicle_30s_ordinal,11,inner_validation,inner_train,recall_medium,leave_one_view_out__fold01,False,True,leave_one_view_out__fold01__candidate_353,completed,maneuver,f1ddae33af89bc208d97290f0e03c19c4d93c0cd3b4e08a59452657e405013ac,0.75
vehicle_30s_ordinal,11,inner_validation,inner_train,recall_high,leave_one_view_out__fold01,False,True,leave_one_view_out__fold01__candidate_353,completed,maneuver,f1ddae33af89bc208d97290f0e03c19c4d93c0cd3b4e08a59452657e405013ac,1.0
vehicle_30s_ordinal,11,inner_validation,inner_train,minimum_class_recall,leave_one_view_out__fold01,False,True,leave_one_view_out__fold01__candidate_353,completed,maneuver,f1ddae33af89bc208d97290f0e03c19c4d93c0cd3b4e08a59452657e405013ac,0.75
vehicle_30s_ordinal,11,inner_validation,inner_train,ordinal_mae,leave_one_view_out__fold01,False,True,leave_one_view_out__fold01__candidate_353,completed,maneuver,f1ddae33af89bc208d97290f0e03c19c4d93c0cd3b4e08a59452657e405013ac,0.08333333333333333
vehicle_30s_ordinal,11,inner_validation,inner_train,score_mae,leave_one_view_out__fold01,False,True,leave_one_view_out__fold01__candidate_353,completed,maneuver,f1ddae33af89bc208d97290f0e03c19c4d93c0cd3b4e08a59452657e405013ac,0.5359615320354068
vehicle_30s_ordinal,11,inner_validation,inner_train,score_spearman,leave_one_view_out__fold01,False,True,leave_one_view_out__fold01__candidate_353,completed,maneuver,f1ddae33af89bc208d97290f0e03c19c4d93c0cd3b4e08a59452657e405013ac,0.965034965034965
vehicle_30s_ordinal,11,inner_validation,inner_train,rmse,leave_one_view_out__fold01,False,True,leave_one_view_out__fold01__candidate_353,completed,response,f1ddae33af89bc208d97290f0e03c19c4d93c0cd3b4e08a59452657e405013ac,1.1405404685240272
vehicle_30s_ordinal,11,inner_validation,inner_train,mae,leave_one_view_out__fold01,False,True,leave_one_view_out__fold01__candidate_353,completed,response,f1ddae33af89bc208d97290f0e03c19c4d93c0cd3b4e08a59452657e405013ac,1.005698927346461
vehicle_30s_ordinal,11,inner_validation,inner_train,validation_std,leave_one_view_out__fold01,False,True,leave_one_view_out__fold01__candidate_353,completed,response,f1ddae33af89bc208d97290f0e03c19c4d93c0cd3b4e08a59452657e405013ac,0.8091453454981316
vehicle_30s_ordinal,11,inner_validation,inner_train,validation_iqr,leave_one_view_out__fold01,False,True,leave_one_view_out__fold01__candidate_353,completed,response,f1ddae33af89bc208d97290f0e03c19c4d93c0cd3b4e08a59452657e405013ac,1.218839946496964
vehicle_30s_ordinal,11,inner_validation,inner_train,nrmse_std,leave_one_view_out__fold01,False,True,leave_one_view_out__fold01__candidate_353,completed,response,f1ddae33af89bc208d97290f0e03c19c4d93c0cd3b4e08a59452657e405013ac,1.4095619221808413
vehicle_30s_ordinal,11,inner_validation,inner_train,nrmse_iqr,leave_one_view_out__fold01,False,True,leave_one_view_out__fold01__candidate_353,completed,response,f1ddae33af89bc208d97290f0e03c19c4d93c0cd3b4e08a59452657e405013ac,0.935759015613186
vehicle_30s_ordinal,11,inner_validation,inner_train,train_mean_baseline_rmse,leave_one_view_out__fold01,False,True,leave_one_view_out__fold01__candidate_353,completed,response,f1ddae33af89bc208d97290f0e03c19c4d93c0cd3b4e08a59452657e405013ac,0.9551898219217477
vehicle_30s_ordinal,11,inner_validation,inner_train,rmse_ratio,leave_one_view_out__fold01,False,True,leave_one_view_out__fold01__candidate_353,completed,response,f1ddae33af89bc208d97290f0e03c19c4d93c0cd3b4e08a59452657e405013ac,1.1940458769015905
vehicle_30s_ordinal,11,inner_validation,inner_train,response_skill,leave_one_view_out__fold01,False,True,leave_one_view_out__fold01__candidate_353,completed,response,f1ddae33af89bc208d97290f0e03c19c4d93c0cd3b4e08a59452657e405013ac,-0.425745556145688
vehicle_30s_ordinal,11,inner_validation,inner_train,spearman,leave_one_view_out__fold01,False,True,leave_one_view_out__fold01__candidate_353,completed,response,f1ddae33af89bc208d97290f0e03c19c4d93c0cd3b4e08a59452657e405013ac,-0.34965034965034975
vehicle_30s_ordinal,11,inner_validation,inner_train,auprc,leave_one_view_out__fold01,False,True,leave_one_view_out__fold01__candidate_353,completed,high_response,f1ddae33af89bc208d97290f0e03c19c4d93c0cd3b4e08a59452657e405013ac,0.3543650793650793
vehicle_30s_ordinal,11,inner_validation,inner_train,prevalence,leave_one_view_out__fold01,False,True,leave_one_view_out__fold01__candidate_353,completed,high_response,f1ddae33af89bc208d97290f0e03c19c4d93c0cd3b4e08a59452657e405013ac,0.4166666666666667
vehicle_30s_ordinal,11,inner_validation,inner_train,random_baseline_auprc,leave_one_view_out__fold01,False,True,leave_one_view_out__fold01__candidate_353,completed,high_response,f1ddae33af89bc208d97290f0e03c19c4d93c0cd3b4e08a59452657e405013ac,0.4166666666666667
vehicle_30s_ordinal,11,inner_validation,inner_train,normalized_ap,leave_one_view_out__fold01,False,True,leave_one_view_out__fold01__candidate_353,completed,high_response,f1ddae33af89bc208d97290f0e03c19c4d93c0cd3b4e08a59452657e405013ac,-0.10680272108843548
vehicle_30s_ordinal,11,inner_validation,inner_train,auprc_lift,leave_one_view_out__fold01,False,True,leave_one_view_out__fold01__candidate_353,completed,high_response,f1ddae33af89bc208d97290f0e03c19c4d93c0cd3b4e08a59452657e405013ac,-0.06230158730158736
vehicle_30s_ordinal,11,inner_validation,inner_train,auroc,leave_one_view_out__fold01,False,True,leave_one_view_out__fold01__candidate_353,completed,high_response,f1ddae33af89bc208d97290f0e03c19c4d93c0cd3b4e08a59452657e405013ac,0.2857142857142857
vehicle_30s_ordinal,11,inner_validation,inner_train,balanced_accuracy,leave_one_view_out__fold01,False,True,leave_one_view_out__fold01__candidate_353,completed,high_response,f1ddae33af89bc208d97290f0e03c19c4d93c0cd3b4e08a59452657e405013ac,0.3857142857142857
vehicle_30s_ordinal,11,inner_validation,inner_train,macro_f1,leave_one_view_out__fold02,False,True,leave_one_view_out__fold02__candidate_328,completed,maneuver,76857c61556d36c9eb8d7060ea53eb10f2e65e3f7b2a4854ab4c6016248a0b48,0.6761904761904761
vehicle_30s_ordinal,11,inner_validation,inner_train,support_aware_macro_f1,leave_one_view_out__fold02,False,True,leave_one_view_out__fold02__candidate_328,completed,maneuver,76857c61556d36c9eb8d7060ea53eb10f2e65e3f7b2a4854ab4c6016248a0b48,0.6761904761904761
vehicle_30s_ordinal,11,inner_validation,inner_train,majority_macro_f1,leave_one_view_out__fold02,False,True,leave_one_view_out__fold02__candidate_328,completed,maneuver,76857c61556d36c9eb8d7060ea53eb10f2e65e3f7b2a4854ab4c6016248a0b48,0.19607843137254902
vehicle_30s_ordinal,11,inner_validation,inner_train,macro_f1_lift,leave_one_view_out__fold02,False,True,leave_one_view_out__fold02__candidate_328,completed,maneuver,76857c61556d36c9eb8d7060ea53eb10f2e65e3f7b2a4854ab4c6016248a0b48,0.48011204481792713
vehicle_30s_ordinal,11,inner_validation,inner_train,recall_low,leave_one_view_out__fold02,False,True,leave_one_view_out__fold02__candidate_328,completed,maneuver,76857c61556d36c9eb8d7060ea53eb10f2e65e3f7b2a4854ab4c6016248a0b48,0.4
vehicle_30s_ordinal,11,inner_validation,inner_train,recall_medium,leave_one_view_out__fold02,False,True,leave_one_view_out__fold02__candidate_328,completed,maneuver,76857c61556d36c9eb8d7060ea53eb10f2e65e3f7b2a4854ab4c6016248a0b48,0.75
vehicle_30s_ordinal,11,inner_validation,inner_train,recall_high,leave_one_view_out__fold02,False,True,leave_one_view_out__fold02__candidate_328,completed,maneuver,76857c61556d36c9eb8d7060ea53eb10f2e65e3f7b2a4854ab4c6016248a0b48,1.0
vehicle_30s_ordinal,11,inner_validation,inner_train,minimum_class_recall,leave_one_view_out__fold02,False,True,leave_one_view_out__fold02__candidate_328,completed,maneuver,76857c61556d36c9eb8d7060ea53eb10f2e65e3f7b2a4854ab4c6016248a0b48,0.4
vehicle_30s_ordinal,11,inner_validation,inner_train,ordinal_mae,leave_one_view_out__fold02,False,True,leave_one_view_out__fold02__candidate_328,completed,maneuver,76857c61556d36c9eb8d7060ea53eb10f2e65e3f7b2a4854ab4c6016248a0b48,0.3333333333333333
vehicle_30s_ordinal,11,inner_validation,inner_train,score_mae,leave_one_view_out__fold02,False,True,leave_one_view_out__fold02__candidate_328,completed,maneuver,76857c61556d36c9eb8d7060ea53eb10f2e65e3f7b2a4854ab4c6016248a0b48,0.635538317336109
vehicle_30s_ordinal,11,inner_validation,inner_train,score_spearman,leave_one_view_out__fold02,False,True,leave_one_view_out__fold02__candidate_328,completed,maneuver,76857c61556d36c9eb8d7060ea53eb10f2e65e3f7b2a4854ab4c6016248a0b48,0.5804195804195805
vehicle_30s_ordinal,11,inner_validation,inner_train,rmse,leave_one_view_out__fold02,False,True,leave_one_view_out__fold02__candidate_328,completed,response,76857c61556d36c9eb8d7060ea53eb10f2e65e3f7b2a4854ab4c6016248a0b48,1.0337014084489728
vehicle_30s_ordinal,11,inner_validation,inner_train,mae,leave_one_view_out__fold02,False,True,leave_one_view_out__fold02__candidate_328,completed,response,76857c61556d36c9eb8d7060ea53eb10f2e65e3f7b2a4854ab4c6016248a0b48,0.9246124686720388
vehicle_30s_ordinal,11,inner_validation,inner_train,validation_std,leave_one_view_out__fold02,False,True,leave_one_view_out__fold02__candidate_328,completed,response,76857c61556d36c9eb8d7060ea53eb10f2e65e3f7b2a4854ab4c6016248a0b48,0.6661100828266592
vehicle_30s_ordinal,11,inner_validation,inner_train,validation_iqr,leave_one_view_out__fold02,False,True,leave_one_view_out__fold02__candidate_328,completed,response,76857c61556d36c9eb8d7060ea53eb10f2e65e3f7b2a4854ab4c6016248a0b48,0.8168154939282022
vehicle_30s_ordinal,11,inner_validation,inner_train,nrmse_std,leave_one_view_out__fold02,False,True,leave_one_view_out__fold02__candidate_328,completed,response,76857c61556d36c9eb8d7060ea53eb10f2e65e3f7b2a4854ab4c6016248a0b48,1.5518477127120314
vehicle_30s_ordinal,11,inner_validation,inner_train,nrmse_iqr,leave_one_view_out__fold02,False,True,leave_one_view_out__fold02__candidate_328,completed,response,76857c61556d36c9eb8d7060ea53eb10f2e65e3f7b2a4854ab4c6016248a0b48,1.2655262003879604
vehicle_30s_ordinal,11,inner_validation,inner_train,train_mean_baseline_rmse,leave_one_view_out__fold02,False,True,leave_one_view_out__fold02__candidate_328,completed,response,76857c61556d36c9eb8d7060ea53eb10f2e65e3f7b2a4854ab4c6016248a0b48,0.760282844198373
vehicle_30s_ordinal,11,inner_validation,inner_train,rmse_ratio,leave_one_view_out__fold02,False,True,leave_one_view_out__fold02__candidate_328,completed,response,76857c61556d36c9eb8d7060ea53eb10f2e65e3f7b2a4854ab4c6016248a0b48,1.3596274285774355
vehicle_30s_ordinal,11,inner_validation,inner_train,response_skill,leave_one_view_out__fold02,False,True,leave_one_view_out__fold02__candidate_328,completed,response,76857c61556d36c9eb8d7060ea53eb10f2e65e3f7b2a4854ab4c6016248a0b48,-0.8485867445400894
vehicle_30s_ordinal,11,inner_validation,inner_train,spearman,leave_one_view_out__fold02,False,True,leave_one_view_out__fold02__candidate_328,completed,response,76857c61556d36c9eb8d7060ea53eb10f2e65e3f7b2a4854ab4c6016248a0b48,-0.2797202797202798
vehicle_30s_ordinal,11,inner_validation,inner_train,auprc,leave_one_view_out__fold02,False,True,leave_one_view_out__fold02__candidate_328,completed,high_response,76857c61556d36c9eb8d7060ea53eb10f2e65e3f7b2a4854ab4c6016248a0b48,0.3871428571428571
vehicle_30s_ordinal,11,inner_validation,inner_train,prevalence,leave_one_view_out__fold02,False,True,leave_one_view_out__fold02__candidate_328,completed,high_response,76857c61556d36c9eb8d7060ea53eb10f2e65e3f7b2a4854ab4c6016248a0b48,0.4166666666666667
vehicle_30s_ordinal,11,inner_validation,inner_train,random_baseline_auprc,leave_one_view_out__fold02,False,True,leave_one_view_out__fold02__candidate_328,completed,high_response,76857c61556d36c9eb8d7060ea53eb10f2e65e3f7b2a4854ab4c6016248a0b48,0.4166666666666667
vehicle_30s_ordinal,11,inner_validation,inner_train,normalized_ap,leave_one_view_out__fold02,False,True,leave_one_view_out__fold02__candidate_328,completed,high_response,76857c61556d36c9eb8d7060ea53eb10f2e65e3f7b2a4854ab4c6016248a0b48,-0.050612244897959256
vehicle_30s_ordinal,11,inner_validation,inner_train,auprc_lift,leave_one_view_out__fold02,False,True,leave_one_view_out__fold02__candidate_328,completed,high_response,76857c61556d36c9eb8d7060ea53eb10f2e65e3f7b2a4854ab4c6016248a0b48,-0.029523809523809563
vehicle_30s_ordinal,11,inner_validation,inner_train,auroc,leave_one_view_out__fold02,False,True,leave_one_view_out__fold02__candidate_328,completed,high_response,76857c61556d36c9eb8d7060ea53eb10f2e65e3f7b2a4854ab4c6016248a0b48,0.2857142857142857
vehicle_30s_ordinal,11,inner_validation,inner_train,balanced_accuracy,leave_one_view_out__fold02,False,True,leave_one_view_out__fold02__candidate_328,completed,high_response,76857c61556d36c9eb8d7060ea53eb10f2e65e3f7b2a4854ab4c6016248a0b48,0.3142857142857143
vehicle_30s_ordinal,11,inner_validation,inner_train,macro_f1,leave_one_view_out__fold02,False,True,leave_one_view_out__fold02__candidate_329,completed,maneuver,09bd96f3f28027930e21282cb6cb1e34c79cb76197a270c426bd70e119d43e13,0.5833333333333334
vehicle_30s_ordinal,11,inner_validation,inner_train,support_aware_macro_f1,leave_one_view_out__fold02,False,True,leave_one_view_out__fold02__candidate_329,completed,maneuver,09bd96f3f28027930e21282cb6cb1e34c79cb76197a270c426bd70e119d43e13,0.5833333333333334
vehicle_30s_ordinal,11,inner_validation,inner_train,majority_macro_f1,leave_one_view_out__fold02,False,True,leave_one_view_out__fold02__candidate_329,completed,maneuver,09bd96f3f28027930e21282cb6cb1e34c79cb76197a270c426bd70e119d43e13,0.13333333333333333
vehicle_30s_ordinal,11,inner_validation,inner_train,macro_f1_lift,leave_one_view_out__fold02,False,True,leave_one_view_out__fold02__candidate_329,completed,maneuver,09bd96f3f28027930e21282cb6cb1e34c79cb76197a270c426bd70e119d43e13,0.45000000000000007
vehicle_30s_ordinal,11,inner_validation,inner_train,recall_low,leave_one_view_out__fold02,False,True,leave_one_view_out__fold02__candidate_329,completed,maneuver,09bd96f3f28027930e21282cb6cb1e34c79cb76197a270c426bd70e119d43e13,0.6666666666666666
vehicle_30s_ordinal,11,inner_validation,inner_train,recall_medium,leave_one_view_out__fold02,False,True,leave_one_view_out__fold02__candidate_329,completed,maneuver,09bd96f3f28027930e21282cb6cb1e34c79cb76197a270c426bd70e119d43e13,0.5
vehicle_30s_ordinal,11,inner_validation,inner_train,recall_high,leave_one_view_out__fold02,False,True,leave_one_view_out__fold02__candidate_329,completed,maneuver,09bd96f3f28027930e21282cb6cb1e34c79cb76197a270c426bd70e119d43e13,0.6
vehicle_30s_ordinal,11,inner_validation,inner_train,minimum_class_recall,leave_one_view_out__fold02,False,True,leave_one_view_out__fold02__candidate_329,completed,maneuver,09bd96f3f28027930e21282cb6cb1e34c79cb76197a270c426bd70e119d43e13,0.5
vehicle_30s_ordinal,11,inner_validation,inner_train,ordinal_mae,leave_one_view_out__fold02,False,True,leave_one_view_out__fold02__candidate_329,completed,maneuver,09bd96f3f28027930e21282cb6cb1e34c79cb76197a270c426bd70e119d43e13,0.5
vehicle_30s_ordinal,11,inner_validation,inner_train,score_mae,leave_one_view_out__fold02,False,True,leave_one_view_out__fold02__candidate_329,completed,maneuver,09bd96f3f28027930e21282cb6cb1e34c79cb76197a270c426bd70e119d43e13,1.0355630447693303
vehicle_30s_ordinal,11,inner_validation,inner_train,score_spearman,leave_one_view_out__fold02,False,True,leave_one_view_out__fold02__candidate_329,completed,maneuver,09bd96f3f28027930e21282cb6cb1e34c79cb76197a270c426bd70e119d43e13,0.6153846153846154
vehicle_30s_ordinal,11,inner_validation,inner_train,rmse,leave_one_view_out__fold02,False,True,leave_one_view_out__fold02__candidate_329,completed,response,09bd96f3f28027930e21282cb6cb1e34c79cb76197a270c426bd70e119d43e13,1.1023450623189925
vehicle_30s_ordinal,11,inner_validation,inner_train,mae,leave_one_view_out__fold02,False,True,leave_one_view_out__fold02__candidate_329,completed,response,09bd96f3f28027930e21282cb6cb1e34c79cb76197a270c426bd70e119d43e13,0.9531021520299898
vehicle_30s_ordinal,11,inner_validation,inner_train,validation_std,leave_one_view_out__fold02,False,True,leave_one_view_out__fold02__candidate_329,completed,response,09bd96f3f28027930e21282cb6cb1e34c79cb76197a270c426bd70e119d43e13,0.7444107826338696
vehicle_30s_ordinal,11,inner_validation,inner_train,validation_iqr,leave_one_view_out__fold02,False,True,leave_one_view_out__fold02__candidate_329,completed,response,09bd96f3f28027930e21282cb6cb1e34c79cb76197a270c426bd70e119d43e13,1.126261329695373
vehicle_30s_ordinal,11,inner_validation,inner_train,nrmse_std,leave_one_view_out__fold02,False,True,leave_one_view_out__fold02__candidate_329,completed,response,09bd96f3f28027930e21282cb6cb1e34c79cb76197a270c426bd70e119d43e13,1.480828983184099
vehicle_30s_ordinal,11,inner_validation,inner_train,nrmse_iqr,leave_one_view_out__fold02,False,True,leave_one_view_out__fold02__candidate_329,completed,response,09bd96f3f28027930e21282cb6cb1e34c79cb76197a270c426bd70e119d43e13,0.9787649040717316
vehicle_30s_ordinal,11,inner_validation,inner_train,train_mean_baseline_rmse,leave_one_view_out__fold02,False,True,leave_one_view_out__fold02__candidate_329,completed,response,09bd96f3f28027930e21282cb6cb1e34c79cb76197a270c426bd70e119d43e13,0.7887754436917268
vehicle_30s_ordinal,11,inner_validation,inner_train,rmse_ratio,leave_one_view_out__fold02,False,True,leave_one_view_out__fold02__candidate_329,completed,response,09bd96f3f28027930e21282cb6cb1e34c79cb76197a270c426bd70e119d43e13,1.3975397828812437
vehicle_30s_ordinal,11,inner_validation,inner_train,response_skill,leave_one_view_out__fold02,False,True,leave_one_view_out__fold02__candidate_329,completed,response,09bd96f3f28027930e21282cb6cb1e34c79cb76197a270c426bd70e119d43e13,-0.9531174447357538
vehicle_30s_ordinal,11,inner_validation,inner_train,spearman,leave_one_view_out__fold02,False,True,leave_one_view_out__fold02__candidate_329,completed,response,09bd96f3f28027930e21282cb6cb1e34c79cb76197a270c426bd70e119d43e13,-0.22377622377622378
vehicle_30s_ordinal,11,inner_validation,inner_train,auprc,leave_one_view_out__fold02,False,True,leave_one_view_out__fold02__candidate_329,completed,high_response,09bd96f3f28027930e21282cb6cb1e34c79cb76197a270c426bd70e119d43e13,0.3879365079365079
vehicle_30s_ordinal,11,inner_validation,inner_train,prevalence,leave_one_view_out__fold02,False,True,leave_one_view_out__fold02__candidate_329,completed,high_response,09bd96f3f28027930e21282cb6cb1e34c79cb76197a270c426bd70e119d43e13,0.4166666666666667
vehicle_30s_ordinal,11,inner_validation,inner_train,random_baseline_auprc,leave_one_view_out__fold02,False,True,leave_one_view_out__fold02__candidate_329,completed,high_response,09bd96f3f28027930e21282cb6cb1e34c79cb76197a270c426bd70e119d43e13,0.4166666666666667
vehicle_30s_ordinal,11,inner_validation,inner_train,normalized_ap,leave_one_view_out__fold02,False,True,leave_one_view_out__fold02__candidate_329,completed,high_response,09bd96f3f28027930e21282cb6cb1e34c79cb76197a270c426bd70e119d43e13,-0.04925170068027219
vehicle_30s_ordinal,11,inner_validation,inner_train,auprc_lift,leave_one_view_out__fold02,False,True,leave_one_view_out__fold02__candidate_329,completed,high_response,09bd96f3f28027930e21282cb6cb1e34c79cb76197a270c426bd70e119d43e13,-0.028730158730158772
vehicle_30s_ordinal,11,inner_validation,inner_train,auroc,leave_one_view_out__fold02,False,True,leave_one_view_out__fold02__candidate_329,completed,high_response,09bd96f3f28027930e21282cb6cb1e34c79cb76197a270c426bd70e119d43e13,0.37142857142857144
vehicle_30s_ordinal,11,inner_validation,inner_train,balanced_accuracy,leave_one_view_out__fold02,False,True,leave_one_view_out__fold02__candidate_329,completed,high_response,09bd96f3f28027930e21282cb6cb1e34c79cb76197a270c426bd70e119d43e13,0.41428571428571426
vehicle_30s_ordinal,11,inner_validation,inner_train,macro_f1,leave_one_view_out__fold01,False,True,leave_one_view_out__fold01__candidate_340,completed,maneuver,c8bb55db2e84fca264b1421bfe060cb36e07fbf025a5f825bde808b31ad5f850,1.0
vehicle_30s_ordinal,11,inner_validation,inner_train,support_aware_macro_f1,leave_one_view_out__fold01,False,True,leave_one_view_out__fold01__candidate_340,completed,maneuver,c8bb55db2e84fca264b1421bfe060cb36e07fbf025a5f825bde808b31ad5f850,1.0
vehicle_30s_ordinal,11,inner_validation,inner_train,majority_macro_f1,leave_one_view_out__fold01,False,True,leave_one_view_out__fold01__candidate_340,completed,maneuver,c8bb55db2e84fca264b1421bfe060cb36e07fbf025a5f825bde808b31ad5f850,0.13333333333333333
vehicle_30s_ordinal,11,inner_validation,inner_train,macro_f1_lift,leave_one_view_out__fold01,False,True,leave_one_view_out__fold01__candidate_340,completed,maneuver,c8bb55db2e84fca264b1421bfe060cb36e07fbf025a5f825bde808b31ad5f850,0.8666666666666667
vehicle_30s_ordinal,11,inner_validation,inner_train,recall_low,leave_one_view_out__fold01,False,True,leave_one_view_out__fold01__candidate_340,completed,maneuver,c8bb55db2e84fca264b1421bfe060cb36e07fbf025a5f825bde808b31ad5f850,1.0
vehicle_30s_ordinal,11,inner_validation,inner_train,recall_medium,leave_one_view_out__fold01,False,True,leave_one_view_out__fold01__candidate_340,completed,maneuver,c8bb55db2e84fca264b1421bfe060cb36e07fbf025a5f825bde808b31ad5f850,1.0
vehicle_30s_ordinal,11,inner_validation,inner_train,recall_high,leave_one_view_out__fold01,False,True,leave_one_view_out__fold01__candidate_340,completed,maneuver,c8bb55db2e84fca264b1421bfe060cb36e07fbf025a5f825bde808b31ad5f850,1.0
vehicle_30s_ordinal,11,inner_validation,inner_train,minimum_class_recall,leave_one_view_out__fold01,False,True,leave_one_view_out__fold01__candidate_340,completed,maneuver,c8bb55db2e84fca264b1421bfe060cb36e07fbf025a5f825bde808b31ad5f850,1.0
vehicle_30s_ordinal,11,inner_validation,inner_train,ordinal_mae,leave_one_view_out__fold01,False,True,leave_one_view_out__fold01__candidate_340,completed,maneuver,c8bb55db2e84fca264b1421bfe060cb36e07fbf025a5f825bde808b31ad5f850,0.0
vehicle_30s_ordinal,11,inner_validation,inner_train,score_mae,leave_one_view_out__fold01,False,True,leave_one_view_out__fold01__candidate_340,completed,maneuver,c8bb55db2e84fca264b1421bfe060cb36e07fbf025a5f825bde808b31ad5f850,0.5919618552404017
vehicle_30s_ordinal,11,inner_validation,inner_train,score_spearman,leave_one_view_out__fold01,False,True,leave_one_view_out__fold01__candidate_340,completed,maneuver,c8bb55db2e84fca264b1421bfe060cb36e07fbf025a5f825bde808b31ad5f850,0.9160839160839163
vehicle_30s_ordinal,11,inner_validation,inner_train,rmse,leave_one_view_out__fold01,False,True,leave_one_view_out__fold01__candidate_340,completed,response,c8bb55db2e84fca264b1421bfe060cb36e07fbf025a5f825bde808b31ad5f850,1.135190788794925
vehicle_30s_ordinal,11,inner_validation,inner_train,mae,leave_one_view_out__fold01,False,True,leave_one_view_out__fold01__candidate_340,completed,response,c8bb55db2e84fca264b1421bfe060cb36e07fbf025a5f825bde808b31ad5f850,0.956348108600155
vehicle_30s_ordinal,11,inner_validation,inner_train,validation_std,leave_one_view_out__fold01,False,True,leave_one_view_out__fold01__candidate_340,completed,response,c8bb55db2e84fca264b1421bfe060cb36e07fbf025a5f825bde808b31ad5f850,0.7738225567538186
vehicle_30s_ordinal,11,inner_validation,inner_train,validation_iqr,leave_one_view_out__fold01,False,True,leave_one_view_out__fold01__candidate_340,completed,response,c8bb55db2e84fca264b1421bfe060cb36e07fbf025a5f825bde808b31ad5f850,1.1164541279861386
vehicle_30s_ordinal,11,inner_validation,inner_train,nrmse_std,leave_one_view_out__fold01,False,True,leave_one_view_out__fold01__candidate_340,completed,response,c8bb55db2e84fca264b1421bfe060cb36e07fbf025a5f825bde808b31ad5f850,1.4669910806904418
vehicle_30s_ordinal,11,inner_validation,inner_train,nrmse_iqr,leave_one_view_out__fold01,False,True,leave_one_view_out__fold01__candidate_340,completed,response,c8bb55db2e84fca264b1421bfe060cb36e07fbf025a5f825bde808b31ad5f850,1.0167822934584725
vehicle_30s_ordinal,11,inner_validation,inner_train,train_mean_baseline_rmse,leave_one_view_out__fold01,False,True,leave_one_view_out__fold01__candidate_340,completed,response,c8bb55db2e84fca264b1421bfe060cb36e07fbf025a5f825bde808b31ad5f850,0.9520832805389658
vehicle_30s_ordinal,11,inner_validation,inner_train,rmse_ratio,leave_one_view_out__fold01,False,True,leave_one_view_out__fold01__candidate_340,completed,response,c8bb55db2e84fca264b1421bfe060cb36e07fbf025a5f825bde808b31ad5f850,1.1923229952660273
vehicle_30s_ordinal,11,inner_validation,inner_train,response_skill,leave_one_view_out__fold01,False,True,leave_one_view_out__fold01__candidate_340,completed,response,c8bb55db2e84fca264b1421bfe060cb36e07fbf025a5f825bde808b31ad5f850,-0.42163412504015096
vehicle_30s_ordinal,11,inner_validation,inner_train,spearman,leave_one_view_out__fold01,False,True,leave_one_view_out__fold01__candidate_340,completed,response,c8bb55db2e84fca264b1421bfe060cb36e07fbf025a5f825bde808b31ad5f850,-0.21678321678321683
vehicle_30s_ordinal,11,inner_validation,inner_train,auprc,leave_one_view_out__fold01,False,True,leave_one_view_out__fold01__candidate_340,completed,high_response,c8bb55db2e84fca264b1421bfe060cb36e07fbf025a5f825bde808b31ad5f850,0.5804421768707483
vehicle_30s_ordinal,11,inner_validation,inner_train,prevalence,leave_one_view_out__fold01,False,True,leave_one_view_out__fold01__candidate_340,completed,high_response,c8bb55db2e84fca264b1421bfe060cb36e07fbf025a5f825bde808b31ad5f850,0.5833333333333334
vehicle_30s_ordinal,11,inner_validation,inner_train,random_baseline_auprc,leave_one_view_out__fold01,False,True,leave_one_view_out__fold01__candidate_340,completed,high_response,c8bb55db2e84fca264b1421bfe060cb36e07fbf025a5f825bde808b31ad5f850,0.5833333333333334
vehicle_30s_ordinal,11,inner_validation,inner_train,normalized_ap,leave_one_view_out__fold01,False,True,leave_one_view_out__fold01__candidate_340,completed,high_response,c8bb55db2e84fca264b1421bfe060cb36e07fbf025a5f825bde808b31ad5f850,-0.00693877551020421
vehicle_30s_ordinal,11,inner_validation,inner_train,auprc_lift,leave_one_view_out__fold01,False,True,leave_one_view_out__fold01__candidate_340,completed,high_response,c8bb55db2e84fca264b1421bfe060cb36e07fbf025a5f825bde808b31ad5f850,-0.002891156462585087
vehicle_30s_ordinal,11,inner_validation,inner_train,auroc,leave_one_view_out__fold01,False,True,leave_one_view_out__fold01__candidate_340,completed,high_response,c8bb55db2e84fca264b1421bfe060cb36e07fbf025a5f825bde808b31ad5f850,0.4857142857142857
vehicle_30s_ordinal,11,inner_validation,inner_train,balanced_accuracy,leave_one_view_out__fold01,False,True,leave_one_view_out__fold01__candidate_340,completed,high_response,c8bb55db2e84fca264b1421bfe060cb36e07fbf025a5f825bde808b31ad5f850,0.4714285714285714
vehicle_30s_ordinal,11,inner_validation,inner_train,macro_f1,leave_one_view_out__fold01,False,True,leave_one_view_out__fold01__candidate_327,completed,maneuver,ef23ad8b080593cb9c8caaa4a57c59a5dc23c5987cd8d56c0f61e753cf15435c,0.8222222222222223
vehicle_30s_ordinal,11,inner_validation,inner_train,support_aware_macro_f1,leave_one_view_out__fold01,False,True,leave_one_view_out__fold01__candidate_327,completed,maneuver,ef23ad8b080593cb9c8caaa4a57c59a5dc23c5987cd8d56c0f61e753cf15435c,0.8222222222222223
vehicle_30s_ordinal,11,inner_validation,inner_train,majority_macro_f1,leave_one_view_out__fold01,False,True,leave_one_view_out__fold01__candidate_327,completed,maneuver,ef23ad8b080593cb9c8caaa4a57c59a5dc23c5987cd8d56c0f61e753cf15435c,0.19607843137254902
vehicle_30s_ordinal,11,inner_validation,inner_train,macro_f1_lift,leave_one_view_out__fold01,False,True,leave_one_view_out__fold01__candidate_327,completed,maneuver,ef23ad8b080593cb9c8caaa4a57c59a5dc23c5987cd8d56c0f61e753cf15435c,0.6261437908496733
vehicle_30s_ordinal,11,inner_validation,inner_train,recall_low,leave_one_view_out__fold01,False,True,leave_one_view_out__fold01__candidate_327,completed,maneuver,ef23ad8b080593cb9c8caaa4a57c59a5dc23c5987cd8d56c0f61e753cf15435c,0.8
vehicle_30s_ordinal,11,inner_validation,inner_train,recall_medium,leave_one_view_out__fold01,False,True,leave_one_view_out__fold01__candidate_327,completed,maneuver,ef23ad8b080593cb9c8caaa4a57c59a5dc23c5987cd8d56c0f61e753cf15435c,0.6666666666666666
vehicle_30s_ordinal,11,inner_validation,inner_train,recall_high,leave_one_view_out__fold01,False,True,leave_one_view_out__fold01__candidate_327,completed,maneuver,ef23ad8b080593cb9c8caaa4a57c59a5dc23c5987cd8d56c0f61e753cf15435c,1.0
vehicle_30s_ordinal,11,inner_validation,inner_train,minimum_class_recall,leave_one_view_out__fold01,False,True,leave_one_view_out__fold01__candidate_327,completed,maneuver,ef23ad8b080593cb9c8caaa4a57c59a5dc23c5987cd8d56c0f61e753cf15435c,0.6666666666666666
vehicle_30s_ordinal,11,inner_validation,inner_train,ordinal_mae,leave_one_view_out__fold01,False,True,leave_one_view_out__fold01__candidate_327,completed,maneuver,ef23ad8b080593cb9c8caaa4a57c59a5dc23c5987cd8d56c0f61e753cf15435c,0.16666666666666666
vehicle_30s_ordinal,11,inner_validation,inner_train,score_mae,leave_one_view_out__fold01,False,True,leave_one_view_out__fold01__candidate_327,completed,maneuver,ef23ad8b080593cb9c8caaa4a57c59a5dc23c5987cd8d56c0f61e753cf15435c,0.6162219959474343
vehicle_30s_ordinal,11,inner_validation,inner_train,score_spearman,leave_one_view_out__fold01,False,True,leave_one_view_out__fold01__candidate_327,completed,maneuver,ef23ad8b080593cb9c8caaa4a57c59a5dc23c5987cd8d56c0f61e753cf15435c,0.7132867132867133
vehicle_30s_ordinal,11,inner_validation,inner_train,rmse,leave_one_view_out__fold01,False,True,leave_one_view_out__fold01__candidate_327,completed,response,ef23ad8b080593cb9c8caaa4a57c59a5dc23c5987cd8d56c0f61e753cf15435c,1.1650455515614708
vehicle_30s_ordinal,11,inner_validation,inner_train,mae,leave_one_view_out__fold01,False,True,leave_one_view_out__fold01__candidate_327,completed,response,ef23ad8b080593cb9c8caaa4a57c59a5dc23c5987cd8d56c0f61e753cf15435c,0.9808152607900947
vehicle_30s_ordinal,11,inner_validation,inner_train,validation_std,leave_one_view_out__fold01,False,True,leave_one_view_out__fold01__candidate_327,completed,response,ef23ad8b080593cb9c8caaa4a57c59a5dc23c5987cd8d56c0f61e753cf15435c,0.7424450098311778
vehicle_30s_ordinal,11,inner_validation,inner_train,validation_iqr,leave_one_view_out__fold01,False,True,leave_one_view_out__fold01__candidate_327,completed,response,ef23ad8b080593cb9c8caaa4a57c59a5dc23c5987cd8d56c0f61e753cf15435c,0.8094986823286678
vehicle_30s_ordinal,11,inner_validation,inner_train,nrmse_std,leave_one_view_out__fold01,False,True,leave_one_view_out__fold01__candidate_327,completed,response,ef23ad8b080593cb9c8caaa4a57c59a5dc23c5987cd8d56c0f61e753cf15435c,1.5692011342717311
vehicle_30s_ordinal,11,inner_validation,inner_train,nrmse_iqr,leave_one_view_out__fold01,False,True,leave_one_view_out__fold01__candidate_327,completed,response,ef23ad8b080593cb9c8caaa4a57c59a5dc23c5987cd8d56c0f61e753cf15435c,1.439218589226123
vehicle_30s_ordinal,11,inner_validation,inner_train,train_mean_baseline_rmse,leave_one_view_out__fold01,False,True,leave_one_view_out__fold01__candidate_327,completed,response,ef23ad8b080593cb9c8caaa4a57c59a5dc23c5987cd8d56c0f61e753cf15435c,0.9686999988458442
vehicle_30s_ordinal,11,inner_validation,inner_train,rmse_ratio,leave_one_view_out__fold01,False,True,leave_one_view_out__fold01__candidate_327,completed,response,ef23ad8b080593cb9c8caaa4a57c59a5dc23c5987cd8d56c0f61e753cf15435c,1.2026897418700961
vehicle_30s_ordinal,11,inner_validation,inner_train,response_skill,leave_one_view_out__fold01,False,True,leave_one_view_out__fold01__candidate_327,completed,response,ef23ad8b080593cb9c8caaa4a57c59a5dc23c5987cd8d56c0f61e753cf15435c,-0.4464626151995581
vehicle_30s_ordinal,11,inner_validation,inner_train,spearman,leave_one_view_out__fold01,False,True,leave_one_view_out__fold01__candidate_327,completed,response,ef23ad8b080593cb9c8caaa4a57c59a5dc23c5987cd8d56c0f61e753cf15435c,0.18881118881118883
vehicle_30s_ordinal,11,inner_validation,inner_train,auprc,leave_one_view_out__fold01,False,True,leave_one_view_out__fold01__candidate_327,completed,high_response,ef23ad8b080593cb9c8caaa4a57c59a5dc23c5987cd8d56c0f61e753cf15435c,0.591220238095238
vehicle_30s_ordinal,11,inner_validation,inner_train,prevalence,leave_one_view_out__fold01,False,True,leave_one_view_out__fold01__candidate_327,completed,high_response,ef23ad8b080593cb9c8caaa4a57c59a5dc23c5987cd8d56c0f61e753cf15435c,0.6666666666666666
vehicle_30s_ordinal,11,inner_validation,inner_train,random_baseline_auprc,leave_one_view_out__fold01,False,True,leave_one_view_out__fold01__candidate_327,completed,high_response,ef23ad8b080593cb9c8caaa4a57c59a5dc23c5987cd8d56c0f61e753cf15435c,0.6666666666666666
vehicle_30s_ordinal,11,inner_validation,inner_train,normalized_ap,leave_one_view_out__fold01,False,True,leave_one_view_out__fold01__candidate_327,completed,high_response,ef23ad8b080593cb9c8caaa4a57c59a5dc23c5987cd8d56c0f61e753cf15435c,-0.22633928571428572
vehicle_30s_ordinal,11,inner_validation,inner_train,auprc_lift,leave_one_view_out__fold01,False,True,leave_one_view_out__fold01__candidate_327,completed,high_response,ef23ad8b080593cb9c8caaa4a57c59a5dc23c5987cd8d56c0f61e753cf15435c,-0.07544642857142858
vehicle_30s_ordinal,11,inner_validation,inner_train,auroc,leave_one_view_out__fold01,False,True,leave_one_view_out__fold01__candidate_327,completed,high_response,ef23ad8b080593cb9c8caaa4a57c59a5dc23c5987cd8d56c0f61e753cf15435c,0.3125
vehicle_30s_ordinal,11,inner_validation,inner_train,balanced_accuracy,leave_one_view_out__fold01,False,True,leave_one_view_out__fold01__candidate_327,completed,high_response,ef23ad8b080593cb9c8caaa4a57c59a5dc23c5987cd8d56c0f61e753cf15435c,0.5
vehicle_30s_score_bucket,12,inner_validation,inner_train,macro_f1,leave_one_view_out__fold01,False,True,leave_one_view_out__fold01__candidate_339,completed,maneuver,d49030f301fc10972368913bbfc6141aa638775e23f48bc8ad0055d5e48293a1,0.832010582010582
vehicle_30s_score_bucket,12,inner_validation,inner_train,support_aware_macro_f1,leave_one_view_out__fold01,False,True,leave_one_view_out__fold01__candidate_339,completed,maneuver,d49030f301fc10972368913bbfc6141aa638775e23f48bc8ad0055d5e48293a1,0.832010582010582
vehicle_30s_score_bucket,12,inner_validation,inner_train,majority_macro_f1,leave_one_view_out__fold01,False,True,leave_one_view_out__fold01__candidate_339,completed,maneuver,d49030f301fc10972368913bbfc6141aa638775e23f48bc8ad0055d5e48293a1,0.16666666666666666
vehicle_30s_score_bucket,12,inner_validation,inner_train,macro_f1_lift,leave_one_view_out__fold01,False,True,leave_one_view_out__fold01__candidate_339,completed,maneuver,d49030f301fc10972368913bbfc6141aa638775e23f48bc8ad0055d5e48293a1,0.6653439153439153
vehicle_30s_score_bucket,12,inner_validation,inner_train,recall_low,leave_one_view_out__fold01,False,True,leave_one_view_out__fold01__candidate_339,completed,maneuver,d49030f301fc10972368913bbfc6141aa638775e23f48bc8ad0055d5e48293a1,0.75
vehicle_30s_score_bucket,12,inner_validation,inner_train,recall_medium,leave_one_view_out__fold01,False,True,leave_one_view_out__fold01__candidate_339,completed,maneuver,d49030f301fc10972368913bbfc6141aa638775e23f48bc8ad0055d5e48293a1,0.75
vehicle_30s_score_bucket,12,inner_validation,inner_train,recall_high,leave_one_view_out__fold01,False,True,leave_one_view_out__fold01__candidate_339,completed,maneuver,d49030f301fc10972368913bbfc6141aa638775e23f48bc8ad0055d5e48293a1,1.0
vehicle_30s_score_bucket,12,inner_validation,inner_train,minimum_class_recall,leave_one_view_out__fold01,False,True,leave_one_view_out__fold01__candidate_339,completed,maneuver,d49030f301fc10972368913bbfc6141aa638775e23f48bc8ad0055d5e48293a1,0.75
vehicle_30s_score_bucket,12,inner_validation,inner_train,ordinal_mae,leave_one_view_out__fold01,False,True,leave_one_view_out__fold01__candidate_339,completed,maneuver,d49030f301fc10972368913bbfc6141aa638775e23f48bc8ad0055d5e48293a1,0.16666666666666666
vehicle_30s_score_bucket,12,inner_validation,inner_train,score_mae,leave_one_view_out__fold01,False,True,leave_one_view_out__fold01__candidate_339,completed,maneuver,d49030f301fc10972368913bbfc6141aa638775e23f48bc8ad0055d5e48293a1,0.2753517967302847
vehicle_30s_score_bucket,12,inner_validation,inner_train,score_spearman,leave_one_view_out__fold01,False,True,leave_one_view_out__fold01__candidate_339,completed,maneuver,d49030f301fc10972368913bbfc6141aa638775e23f48bc8ad0055d5e48293a1,0.9300699300699302
vehicle_30s_score_bucket,12,inner_validation,inner_train,rmse,leave_one_view_out__fold01,False,True,leave_one_view_out__fold01__candidate_339,completed,response,d49030f301fc10972368913bbfc6141aa638775e23f48bc8ad0055d5e48293a1,1.1982079123518505
vehicle_30s_score_bucket,12,inner_validation,inner_train,mae,leave_one_view_out__fold01,False,True,leave_one_view_out__fold01__candidate_339,completed,response,d49030f301fc10972368913bbfc6141aa638775e23f48bc8ad0055d5e48293a1,1.0035042719200968
vehicle_30s_score_bucket,12,inner_validation,inner_train,validation_std,leave_one_view_out__fold01,False,True,leave_one_view_out__fold01__candidate_339,completed,response,d49030f301fc10972368913bbfc6141aa638775e23f48bc8ad0055d5e48293a1,0.9229823964743179
vehicle_30s_score_bucket,12,inner_validation,inner_train,validation_iqr,leave_one_view_out__fold01,False,True,leave_one_view_out__fold01__candidate_339,completed,response,d49030f301fc10972368913bbfc6141aa638775e23f48bc8ad0055d5e48293a1,1.5375502327333572
vehicle_30s_score_bucket,12,inner_validation,inner_train,nrmse_std,leave_one_view_out__fold01,False,True,leave_one_view_out__fold01__candidate_339,completed,response,d49030f301fc10972368913bbfc6141aa638775e23f48bc8ad0055d5e48293a1,1.2981915114837088
vehicle_30s_score_bucket,12,inner_validation,inner_train,nrmse_iqr,leave_one_view_out__fold01,False,True,leave_one_view_out__fold01__candidate_339,completed,response,d49030f301fc10972368913bbfc6141aa638775e23f48bc8ad0055d5e48293a1,0.7792967584686674
vehicle_30s_score_bucket,12,inner_validation,inner_train,train_mean_baseline_rmse,leave_one_view_out__fold01,False,True,leave_one_view_out__fold01__candidate_339,completed,response,d49030f301fc10972368913bbfc6141aa638775e23f48bc8ad0055d5e48293a1,1.2411261006308119
vehicle_30s_score_bucket,12,inner_validation,inner_train,rmse_ratio,leave_one_view_out__fold01,False,True,leave_one_view_out__fold01__candidate_339,completed,response,d49030f301fc10972368913bbfc6141aa638775e23f48bc8ad0055d5e48293a1,0.9654199615517329
vehicle_30s_score_bucket,12,inner_validation,inner_train,response_skill,leave_one_view_out__fold01,False,True,leave_one_view_out__fold01__candidate_339,completed,response,d49030f301fc10972368913bbfc6141aa638775e23f48bc8ad0055d5e48293a1,0.06796429783745062
vehicle_30s_score_bucket,12,inner_validation,inner_train,spearman,leave_one_view_out__fold01,False,True,leave_one_view_out__fold01__candidate_339,completed,response,d49030f301fc10972368913bbfc6141aa638775e23f48bc8ad0055d5e48293a1,0.06293706293706294
vehicle_30s_score_bucket,12,inner_validation,inner_train,auprc,leave_one_view_out__fold01,False,True,leave_one_view_out__fold01__candidate_339,completed,high_response,d49030f301fc10972368913bbfc6141aa638775e23f48bc8ad0055d5e48293a1,0.682129329004329
vehicle_30s_score_bucket,12,inner_validation,inner_train,prevalence,leave_one_view_out__fold01,False,True,leave_one_view_out__fold01__candidate_339,completed,high_response,d49030f301fc10972368913bbfc6141aa638775e23f48bc8ad0055d5e48293a1,0.6666666666666666
vehicle_30s_score_bucket,12,inner_validation,inner_train,random_baseline_auprc,leave_one_view_out__fold01,False,True,leave_one_view_out__fold01__candidate_339,completed,high_response,d49030f301fc10972368913bbfc6141aa638775e23f48bc8ad0055d5e48293a1,0.6666666666666666
vehicle_30s_score_bucket,12,inner_validation,inner_train,normalized_ap,leave_one_view_out__fold01,False,True,leave_one_view_out__fold01__candidate_339,completed,high_response,d49030f301fc10972368913bbfc6141aa638775e23f48bc8ad0055d5e48293a1,0.04638798701298707
vehicle_30s_score_bucket,12,inner_validation,inner_train,auprc_lift,leave_one_view_out__fold01,False,True,leave_one_view_out__fold01__candidate_339,completed,high_response,d49030f301fc10972368913bbfc6141aa638775e23f48bc8ad0055d5e48293a1,0.015462662337662358
vehicle_30s_score_bucket,12,inner_validation,inner_train,auroc,leave_one_view_out__fold01,False,True,leave_one_view_out__fold01__candidate_339,completed,high_response,d49030f301fc10972368913bbfc6141aa638775e23f48bc8ad0055d5e48293a1,0.40625
vehicle_30s_score_bucket,12,inner_validation,inner_train,balanced_accuracy,leave_one_view_out__fold01,False,True,leave_one_view_out__fold01__candidate_339,completed,high_response,d49030f301fc10972368913bbfc6141aa638775e23f48bc8ad0055d5e48293a1,0.5
vehicle_30s_score_bucket,12,inner_validation,inner_train,macro_f1,leave_one_view_out__fold01,False,True,leave_one_view_out__fold01__candidate_353,completed,maneuver,f1ddae33af89bc208d97290f0e03c19c4d93c0cd3b4e08a59452657e405013ac,0.5572390572390572
vehicle_30s_score_bucket,12,inner_validation,inner_train,support_aware_macro_f1,leave_one_view_out__fold01,False,True,leave_one_view_out__fold01__candidate_353,completed,maneuver,f1ddae33af89bc208d97290f0e03c19c4d93c0cd3b4e08a59452657e405013ac,0.5572390572390572
vehicle_30s_score_bucket,12,inner_validation,inner_train,majority_macro_f1,leave_one_view_out__fold01,False,True,leave_one_view_out__fold01__candidate_353,completed,maneuver,f1ddae33af89bc208d97290f0e03c19c4d93c0cd3b4e08a59452657e405013ac,0.13333333333333333
vehicle_30s_score_bucket,12,inner_validation,inner_train,macro_f1_lift,leave_one_view_out__fold01,False,True,leave_one_view_out__fold01__candidate_353,completed,maneuver,f1ddae33af89bc208d97290f0e03c19c4d93c0cd3b4e08a59452657e405013ac,0.4239057239057239
vehicle_30s_score_bucket,12,inner_validation,inner_train,recall_low,leave_one_view_out__fold01,False,True,leave_one_view_out__fold01__candidate_353,completed,maneuver,f1ddae33af89bc208d97290f0e03c19c4d93c0cd3b4e08a59452657e405013ac,0.3333333333333333
vehicle_30s_score_bucket,12,inner_validation,inner_train,recall_medium,leave_one_view_out__fold01,False,True,leave_one_view_out__fold01__candidate_353,completed,maneuver,f1ddae33af89bc208d97290f0e03c19c4d93c0cd3b4e08a59452657e405013ac,0.5
vehicle_30s_score_bucket,12,inner_validation,inner_train,recall_high,leave_one_view_out__fold01,False,True,leave_one_view_out__fold01__candidate_353,completed,maneuver,f1ddae33af89bc208d97290f0e03c19c4d93c0cd3b4e08a59452657e405013ac,0.8
vehicle_30s_score_bucket,12,inner_validation,inner_train,minimum_class_recall,leave_one_view_out__fold01,False,True,leave_one_view_out__fold01__candidate_353,completed,maneuver,f1ddae33af89bc208d97290f0e03c19c4d93c0cd3b4e08a59452657e405013ac,0.3333333333333333
vehicle_30s_score_bucket,12,inner_validation,inner_train,ordinal_mae,leave_one_view_out__fold01,False,True,leave_one_view_out__fold01__candidate_353,completed,maneuver,f1ddae33af89bc208d97290f0e03c19c4d93c0cd3b4e08a59452657e405013ac,0.4166666666666667
vehicle_30s_score_bucket,12,inner_validation,inner_train,score_mae,leave_one_view_out__fold01,False,True,leave_one_view_out__fold01__candidate_353,completed,maneuver,f1ddae33af89bc208d97290f0e03c19c4d93c0cd3b4e08a59452657e405013ac,0.3695381185142554
vehicle_30s_score_bucket,12,inner_validation,inner_train,score_spearman,leave_one_view_out__fold01,False,True,leave_one_view_out__fold01__candidate_353,completed,maneuver,f1ddae33af89bc208d97290f0e03c19c4d93c0cd3b4e08a59452657e405013ac,0.9090909090909092
vehicle_30s_score_bucket,12,inner_validation,inner_train,rmse,leave_one_view_out__fold01,False,True,leave_one_view_out__fold01__candidate_353,completed,response,f1ddae33af89bc208d97290f0e03c19c4d93c0cd3b4e08a59452657e405013ac,1.1405404685240272
vehicle_30s_score_bucket,12,inner_validation,inner_train,mae,leave_one_view_out__fold01,False,True,leave_one_view_out__fold01__candidate_353,completed,response,f1ddae33af89bc208d97290f0e03c19c4d93c0cd3b4e08a59452657e405013ac,1.005698927346461
vehicle_30s_score_bucket,12,inner_validation,inner_train,validation_std,leave_one_view_out__fold01,False,True,leave_one_view_out__fold01__candidate_353,completed,response,f1ddae33af89bc208d97290f0e03c19c4d93c0cd3b4e08a59452657e405013ac,0.8091453454981316
vehicle_30s_score_bucket,12,inner_validation,inner_train,validation_iqr,leave_one_view_out__fold01,False,True,leave_one_view_out__fold01__candidate_353,completed,response,f1ddae33af89bc208d97290f0e03c19c4d93c0cd3b4e08a59452657e405013ac,1.218839946496964
vehicle_30s_score_bucket,12,inner_validation,inner_train,nrmse_std,leave_one_view_out__fold01,False,True,leave_one_view_out__fold01__candidate_353,completed,response,f1ddae33af89bc208d97290f0e03c19c4d93c0cd3b4e08a59452657e405013ac,1.4095619221808413
vehicle_30s_score_bucket,12,inner_validation,inner_train,nrmse_iqr,leave_one_view_out__fold01,False,True,leave_one_view_out__fold01__candidate_353,completed,response,f1ddae33af89bc208d97290f0e03c19c4d93c0cd3b4e08a59452657e405013ac,0.935759015613186
vehicle_30s_score_bucket,12,inner_validation,inner_train,train_mean_baseline_rmse,leave_one_view_out__fold01,False,True,leave_one_view_out__fold01__candidate_353,completed,response,f1ddae33af89bc208d97290f0e03c19c4d93c0cd3b4e08a59452657e405013ac,0.9551898219217477
vehicle_30s_score_bucket,12,inner_validation,inner_train,rmse_ratio,leave_one_view_out__fold01,False,True,leave_one_view_out__fold01__candidate_353,completed,response,f1ddae33af89bc208d97290f0e03c19c4d93c0cd3b4e08a59452657e405013ac,1.1940458769015905
vehicle_30s_score_bucket,12,inner_validation,inner_train,response_skill,leave_one_view_out__fold01,False,True,leave_one_view_out__fold01__candidate_353,completed,response,f1ddae33af89bc208d97290f0e03c19c4d93c0cd3b4e08a59452657e405013ac,-0.425745556145688
vehicle_30s_score_bucket,12,inner_validation,inner_train,spearman,leave_one_view_out__fold01,False,True,leave_one_view_out__fold01__candidate_353,completed,response,f1ddae33af89bc208d97290f0e03c19c4d93c0cd3b4e08a59452657e405013ac,-0.34965034965034975
vehicle_30s_score_bucket,12,inner_validation,inner_train,auprc,leave_one_view_out__fold01,False,True,leave_one_view_out__fold01__candidate_353,completed,high_response,f1ddae33af89bc208d97290f0e03c19c4d93c0cd3b4e08a59452657e405013ac,0.3543650793650793
vehicle_30s_score_bucket,12,inner_validation,inner_train,prevalence,leave_one_view_out__fold01,False,True,leave_one_view_out__fold01__candidate_353,completed,high_response,f1ddae33af89bc208d97290f0e03c19c4d93c0cd3b4e08a59452657e405013ac,0.4166666666666667
vehicle_30s_score_bucket,12,inner_validation,inner_train,random_baseline_auprc,leave_one_view_out__fold01,False,True,leave_one_view_out__fold01__candidate_353,completed,high_response,f1ddae33af89bc208d97290f0e03c19c4d93c0cd3b4e08a59452657e405013ac,0.4166666666666667
vehicle_30s_score_bucket,12,inner_validation,inner_train,normalized_ap,leave_one_view_out__fold01,False,True,leave_one_view_out__fold01__candidate_353,completed,high_response,f1ddae33af89bc208d97290f0e03c19c4d93c0cd3b4e08a59452657e405013ac,-0.10680272108843548
vehicle_30s_score_bucket,12,inner_validation,inner_train,auprc_lift,leave_one_view_out__fold01,False,True,leave_one_view_out__fold01__candidate_353,completed,high_response,f1ddae33af89bc208d97290f0e03c19c4d93c0cd3b4e08a59452657e405013ac,-0.06230158730158736
vehicle_30s_score_bucket,12,inner_validation,inner_train,auroc,leave_one_view_out__fold01,False,True,leave_one_view_out__fold01__candidate_353,completed,high_response,f1ddae33af89bc208d97290f0e03c19c4d93c0cd3b4e08a59452657e405013ac,0.2857142857142857
vehicle_30s_score_bucket,12,inner_validation,inner_train,balanced_accuracy,leave_one_view_out__fold01,False,True,leave_one_view_out__fold01__candidate_353,completed,high_response,f1ddae33af89bc208d97290f0e03c19c4d93c0cd3b4e08a59452657e405013ac,0.3857142857142857
vehicle_30s_score_bucket,12,inner_validation,inner_train,macro_f1,leave_one_view_out__fold02,False,True,leave_one_view_out__fold02__candidate_328,completed,maneuver,76857c61556d36c9eb8d7060ea53eb10f2e65e3f7b2a4854ab4c6016248a0b48,0.5611111111111111
vehicle_30s_score_bucket,12,inner_validation,inner_train,support_aware_macro_f1,leave_one_view_out__fold02,False,True,leave_one_view_out__fold02__candidate_328,completed,maneuver,76857c61556d36c9eb8d7060ea53eb10f2e65e3f7b2a4854ab4c6016248a0b48,0.5611111111111111
vehicle_30s_score_bucket,12,inner_validation,inner_train,majority_macro_f1,leave_one_view_out__fold02,False,True,leave_one_view_out__fold02__candidate_328,completed,maneuver,76857c61556d36c9eb8d7060ea53eb10f2e65e3f7b2a4854ab4c6016248a0b48,0.19607843137254902
vehicle_30s_score_bucket,12,inner_validation,inner_train,macro_f1_lift,leave_one_view_out__fold02,False,True,leave_one_view_out__fold02__candidate_328,completed,maneuver,76857c61556d36c9eb8d7060ea53eb10f2e65e3f7b2a4854ab4c6016248a0b48,0.3650326797385621
vehicle_30s_score_bucket,12,inner_validation,inner_train,recall_low,leave_one_view_out__fold02,False,True,leave_one_view_out__fold02__candidate_328,completed,maneuver,76857c61556d36c9eb8d7060ea53eb10f2e65e3f7b2a4854ab4c6016248a0b48,0.2
vehicle_30s_score_bucket,12,inner_validation,inner_train,recall_medium,leave_one_view_out__fold02,False,True,leave_one_view_out__fold02__candidate_328,completed,maneuver,76857c61556d36c9eb8d7060ea53eb10f2e65e3f7b2a4854ab4c6016248a0b48,0.75
vehicle_30s_score_bucket,12,inner_validation,inner_train,recall_high,leave_one_view_out__fold02,False,True,leave_one_view_out__fold02__candidate_328,completed,maneuver,76857c61556d36c9eb8d7060ea53eb10f2e65e3f7b2a4854ab4c6016248a0b48,1.0
vehicle_30s_score_bucket,12,inner_validation,inner_train,minimum_class_recall,leave_one_view_out__fold02,False,True,leave_one_view_out__fold02__candidate_328,completed,maneuver,76857c61556d36c9eb8d7060ea53eb10f2e65e3f7b2a4854ab4c6016248a0b48,0.2
vehicle_30s_score_bucket,12,inner_validation,inner_train,ordinal_mae,leave_one_view_out__fold02,False,True,leave_one_view_out__fold02__candidate_328,completed,maneuver,76857c61556d36c9eb8d7060ea53eb10f2e65e3f7b2a4854ab4c6016248a0b48,0.5
vehicle_30s_score_bucket,12,inner_validation,inner_train,score_mae,leave_one_view_out__fold02,False,True,leave_one_view_out__fold02__candidate_328,completed,maneuver,76857c61556d36c9eb8d7060ea53eb10f2e65e3f7b2a4854ab4c6016248a0b48,0.40576155248331963
vehicle_30s_score_bucket,12,inner_validation,inner_train,score_spearman,leave_one_view_out__fold02,False,True,leave_one_view_out__fold02__candidate_328,completed,maneuver,76857c61556d36c9eb8d7060ea53eb10f2e65e3f7b2a4854ab4c6016248a0b48,0.5454545454545455
vehicle_30s_score_bucket,12,inner_validation,inner_train,rmse,leave_one_view_out__fold02,False,True,leave_one_view_out__fold02__candidate_328,completed,response,76857c61556d36c9eb8d7060ea53eb10f2e65e3f7b2a4854ab4c6016248a0b48,1.0337014084489728
vehicle_30s_score_bucket,12,inner_validation,inner_train,mae,leave_one_view_out__fold02,False,True,leave_one_view_out__fold02__candidate_328,completed,response,76857c61556d36c9eb8d7060ea53eb10f2e65e3f7b2a4854ab4c6016248a0b48,0.9246124686720388
vehicle_30s_score_bucket,12,inner_validation,inner_train,validation_std,leave_one_view_out__fold02,False,True,leave_one_view_out__fold02__candidate_328,completed,response,76857c61556d36c9eb8d7060ea53eb10f2e65e3f7b2a4854ab4c6016248a0b48,0.6661100828266592
vehicle_30s_score_bucket,12,inner_validation,inner_train,validation_iqr,leave_one_view_out__fold02,False,True,leave_one_view_out__fold02__candidate_328,completed,response,76857c61556d36c9eb8d7060ea53eb10f2e65e3f7b2a4854ab4c6016248a0b48,0.8168154939282022
vehicle_30s_score_bucket,12,inner_validation,inner_train,nrmse_std,leave_one_view_out__fold02,False,True,leave_one_view_out__fold02__candidate_328,completed,response,76857c61556d36c9eb8d7060ea53eb10f2e65e3f7b2a4854ab4c6016248a0b48,1.5518477127120314
vehicle_30s_score_bucket,12,inner_validation,inner_train,nrmse_iqr,leave_one_view_out__fold02,False,True,leave_one_view_out__fold02__candidate_328,completed,response,76857c61556d36c9eb8d7060ea53eb10f2e65e3f7b2a4854ab4c6016248a0b48,1.2655262003879604
vehicle_30s_score_bucket,12,inner_validation,inner_train,train_mean_baseline_rmse,leave_one_view_out__fold02,False,True,leave_one_view_out__fold02__candidate_328,completed,response,76857c61556d36c9eb8d7060ea53eb10f2e65e3f7b2a4854ab4c6016248a0b48,0.760282844198373
vehicle_30s_score_bucket,12,inner_validation,inner_train,rmse_ratio,leave_one_view_out__fold02,False,True,leave_one_view_out__fold02__candidate_328,completed,response,76857c61556d36c9eb8d7060ea53eb10f2e65e3f7b2a4854ab4c6016248a0b48,1.3596274285774355
vehicle_30s_score_bucket,12,inner_validation,inner_train,response_skill,leave_one_view_out__fold02,False,True,leave_one_view_out__fold02__candidate_328,completed,response,76857c61556d36c9eb8d7060ea53eb10f2e65e3f7b2a4854ab4c6016248a0b48,-0.8485867445400894
vehicle_30s_score_bucket,12,inner_validation,inner_train,spearman,leave_one_view_out__fold02,False,True,leave_one_view_out__fold02__candidate_328,completed,response,76857c61556d36c9eb8d7060ea53eb10f2e65e3f7b2a4854ab4c6016248a0b48,-0.2797202797202798
vehicle_30s_score_bucket,12,inner_validation,inner_train,auprc,leave_one_view_out__fold02,False,True,leave_one_view_out__fold02__candidate_328,completed,high_response,76857c61556d36c9eb8d7060ea53eb10f2e65e3f7b2a4854ab4c6016248a0b48,0.3871428571428571
vehicle_30s_score_bucket,12,inner_validation,inner_train,prevalence,leave_one_view_out__fold02,False,True,leave_one_view_out__fold02__candidate_328,completed,high_response,76857c61556d36c9eb8d7060ea53eb10f2e65e3f7b2a4854ab4c6016248a0b48,0.4166666666666667
vehicle_30s_score_bucket,12,inner_validation,inner_train,random_baseline_auprc,leave_one_view_out__fold02,False,True,leave_one_view_out__fold02__candidate_328,completed,high_response,76857c61556d36c9eb8d7060ea53eb10f2e65e3f7b2a4854ab4c6016248a0b48,0.4166666666666667
vehicle_30s_score_bucket,12,inner_validation,inner_train,normalized_ap,leave_one_view_out__fold02,False,True,leave_one_view_out__fold02__candidate_328,completed,high_response,76857c61556d36c9eb8d7060ea53eb10f2e65e3f7b2a4854ab4c6016248a0b48,-0.050612244897959256
vehicle_30s_score_bucket,12,inner_validation,inner_train,auprc_lift,leave_one_view_out__fold02,False,True,leave_one_view_out__fold02__candidate_328,completed,high_response,76857c61556d36c9eb8d7060ea53eb10f2e65e3f7b2a4854ab4c6016248a0b48,-0.029523809523809563
vehicle_30s_score_bucket,12,inner_validation,inner_train,auroc,leave_one_view_out__fold02,False,True,leave_one_view_out__fold02__candidate_328,completed,high_response,76857c61556d36c9eb8d7060ea53eb10f2e65e3f7b2a4854ab4c6016248a0b48,0.2857142857142857
vehicle_30s_score_bucket,12,inner_validation,inner_train,balanced_accuracy,leave_one_view_out__fold02,False,True,leave_one_view_out__fold02__candidate_328,completed,high_response,76857c61556d36c9eb8d7060ea53eb10f2e65e3f7b2a4854ab4c6016248a0b48,0.3142857142857143
vehicle_30s_score_bucket,12,inner_validation,inner_train,macro_f1,leave_one_view_out__fold02,False,True,leave_one_view_out__fold02__candidate_329,completed,maneuver,09bd96f3f28027930e21282cb6cb1e34c79cb76197a270c426bd70e119d43e13,0.48412698412698413
vehicle_30s_score_bucket,12,inner_validation,inner_train,support_aware_macro_f1,leave_one_view_out__fold02,False,True,leave_one_view_out__fold02__candidate_329,completed,maneuver,09bd96f3f28027930e21282cb6cb1e34c79cb76197a270c426bd70e119d43e13,0.48412698412698413
vehicle_30s_score_bucket,12,inner_validation,inner_train,majority_macro_f1,leave_one_view_out__fold02,False,True,leave_one_view_out__fold02__candidate_329,completed,maneuver,09bd96f3f28027930e21282cb6cb1e34c79cb76197a270c426bd70e119d43e13,0.13333333333333333
vehicle_30s_score_bucket,12,inner_validation,inner_train,macro_f1_lift,leave_one_view_out__fold02,False,True,leave_one_view_out__fold02__candidate_329,completed,maneuver,09bd96f3f28027930e21282cb6cb1e34c79cb76197a270c426bd70e119d43e13,0.35079365079365077
vehicle_30s_score_bucket,12,inner_validation,inner_train,recall_low,leave_one_view_out__fold02,False,True,leave_one_view_out__fold02__candidate_329,completed,maneuver,09bd96f3f28027930e21282cb6cb1e34c79cb76197a270c426bd70e119d43e13,0.6666666666666666
vehicle_30s_score_bucket,12,inner_validation,inner_train,recall_medium,leave_one_view_out__fold02,False,True,leave_one_view_out__fold02__candidate_329,completed,maneuver,09bd96f3f28027930e21282cb6cb1e34c79cb76197a270c426bd70e119d43e13,0.25
vehicle_30s_score_bucket,12,inner_validation,inner_train,recall_high,leave_one_view_out__fold02,False,True,leave_one_view_out__fold02__candidate_329,completed,maneuver,09bd96f3f28027930e21282cb6cb1e34c79cb76197a270c426bd70e119d43e13,0.6
vehicle_30s_score_bucket,12,inner_validation,inner_train,minimum_class_recall,leave_one_view_out__fold02,False,True,leave_one_view_out__fold02__candidate_329,completed,maneuver,09bd96f3f28027930e21282cb6cb1e34c79cb76197a270c426bd70e119d43e13,0.25
vehicle_30s_score_bucket,12,inner_validation,inner_train,ordinal_mae,leave_one_view_out__fold02,False,True,leave_one_view_out__fold02__candidate_329,completed,maneuver,09bd96f3f28027930e21282cb6cb1e34c79cb76197a270c426bd70e119d43e13,0.5833333333333334
vehicle_30s_score_bucket,12,inner_validation,inner_train,score_mae,leave_one_view_out__fold02,False,True,leave_one_view_out__fold02__candidate_329,completed,maneuver,09bd96f3f28027930e21282cb6cb1e34c79cb76197a270c426bd70e119d43e13,0.8005298702291711
vehicle_30s_score_bucket,12,inner_validation,inner_train,score_spearman,leave_one_view_out__fold02,False,True,leave_one_view_out__fold02__candidate_329,completed,maneuver,09bd96f3f28027930e21282cb6cb1e34c79cb76197a270c426bd70e119d43e13,0.7902097902097903
vehicle_30s_score_bucket,12,inner_validation,inner_train,rmse,leave_one_view_out__fold02,False,True,leave_one_view_out__fold02__candidate_329,completed,response,09bd96f3f28027930e21282cb6cb1e34c79cb76197a270c426bd70e119d43e13,1.1023450623189925
vehicle_30s_score_bucket,12,inner_validation,inner_train,mae,leave_one_view_out__fold02,False,True,leave_one_view_out__fold02__candidate_329,completed,response,09bd96f3f28027930e21282cb6cb1e34c79cb76197a270c426bd70e119d43e13,0.9531021520299898
vehicle_30s_score_bucket,12,inner_validation,inner_train,validation_std,leave_one_view_out__fold02,False,True,leave_one_view_out__fold02__candidate_329,completed,response,09bd96f3f28027930e21282cb6cb1e34c79cb76197a270c426bd70e119d43e13,0.7444107826338696
vehicle_30s_score_bucket,12,inner_validation,inner_train,validation_iqr,leave_one_view_out__fold02,False,True,leave_one_view_out__fold02__candidate_329,completed,response,09bd96f3f28027930e21282cb6cb1e34c79cb76197a270c426bd70e119d43e13,1.126261329695373
vehicle_30s_score_bucket,12,inner_validation,inner_train,nrmse_std,leave_one_view_out__fold02,False,True,leave_one_view_out__fold02__candidate_329,completed,response,09bd96f3f28027930e21282cb6cb1e34c79cb76197a270c426bd70e119d43e13,1.480828983184099
vehicle_30s_score_bucket,12,inner_validation,inner_train,nrmse_iqr,leave_one_view_out__fold02,False,True,leave_one_view_out__fold02__candidate_329,completed,response,09bd96f3f28027930e21282cb6cb1e34c79cb76197a270c426bd70e119d43e13,0.9787649040717316
vehicle_30s_score_bucket,12,inner_validation,inner_train,train_mean_baseline_rmse,leave_one_view_out__fold02,False,True,leave_one_view_out__fold02__candidate_329,completed,response,09bd96f3f28027930e21282cb6cb1e34c79cb76197a270c426bd70e119d43e13,0.7887754436917268
vehicle_30s_score_bucket,12,inner_validation,inner_train,rmse_ratio,leave_one_view_out__fold02,False,True,leave_one_view_out__fold02__candidate_329,completed,response,09bd96f3f28027930e21282cb6cb1e34c79cb76197a270c426bd70e119d43e13,1.3975397828812437
vehicle_30s_score_bucket,12,inner_validation,inner_train,response_skill,leave_one_view_out__fold02,False,True,leave_one_view_out__fold02__candidate_329,completed,response,09bd96f3f28027930e21282cb6cb1e34c79cb76197a270c426bd70e119d43e13,-0.9531174447357538
vehicle_30s_score_bucket,12,inner_validation,inner_train,spearman,leave_one_view_out__fold02,False,True,leave_one_view_out__fold02__candidate_329,completed,response,09bd96f3f28027930e21282cb6cb1e34c79cb76197a270c426bd70e119d43e13,-0.22377622377622378
vehicle_30s_score_bucket,12,inner_validation,inner_train,auprc,leave_one_view_out__fold02,False,True,leave_one_view_out__fold02__candidate_329,completed,high_response,09bd96f3f28027930e21282cb6cb1e34c79cb76197a270c426bd70e119d43e13,0.3879365079365079
vehicle_30s_score_bucket,12,inner_validation,inner_train,prevalence,leave_one_view_out__fold02,False,True,leave_one_view_out__fold02__candidate_329,completed,high_response,09bd96f3f28027930e21282cb6cb1e34c79cb76197a270c426bd70e119d43e13,0.4166666666666667
vehicle_30s_score_bucket,12,inner_validation,inner_train,random_baseline_auprc,leave_one_view_out__fold02,False,True,leave_one_view_out__fold02__candidate_329,completed,high_response,09bd96f3f28027930e21282cb6cb1e34c79cb76197a270c426bd70e119d43e13,0.4166666666666667
vehicle_30s_score_bucket,12,inner_validation,inner_train,normalized_ap,leave_one_view_out__fold02,False,True,leave_one_view_out__fold02__candidate_329,completed,high_response,09bd96f3f28027930e21282cb6cb1e34c79cb76197a270c426bd70e119d43e13,-0.04925170068027219
vehicle_30s_score_bucket,12,inner_validation,inner_train,auprc_lift,leave_one_view_out__fold02,False,True,leave_one_view_out__fold02__candidate_329,completed,high_response,09bd96f3f28027930e21282cb6cb1e34c79cb76197a270c426bd70e119d43e13,-0.028730158730158772
vehicle_30s_score_bucket,12,inner_validation,inner_train,auroc,leave_one_view_out__fold02,False,True,leave_one_view_out__fold02__candidate_329,completed,high_response,09bd96f3f28027930e21282cb6cb1e34c79cb76197a270c426bd70e119d43e13,0.37142857142857144
vehicle_30s_score_bucket,12,inner_validation,inner_train,balanced_accuracy,leave_one_view_out__fold02,False,True,leave_one_view_out__fold02__candidate_329,completed,high_response,09bd96f3f28027930e21282cb6cb1e34c79cb76197a270c426bd70e119d43e13,0.41428571428571426
vehicle_30s_score_bucket,12,inner_validation,inner_train,macro_f1,leave_one_view_out__fold01,False,True,leave_one_view_out__fold01__candidate_340,completed,maneuver,c8bb55db2e84fca264b1421bfe060cb36e07fbf025a5f825bde808b31ad5f850,0.7555555555555555
vehicle_30s_score_bucket,12,inner_validation,inner_train,support_aware_macro_f1,leave_one_view_out__fold01,False,True,leave_one_view_out__fold01__candidate_340,completed,maneuver,c8bb55db2e84fca264b1421bfe060cb36e07fbf025a5f825bde808b31ad5f850,0.7555555555555555
vehicle_30s_score_bucket,12,inner_validation,inner_train,majority_macro_f1,leave_one_view_out__fold01,False,True,leave_one_view_out__fold01__candidate_340,completed,maneuver,c8bb55db2e84fca264b1421bfe060cb36e07fbf025a5f825bde808b31ad5f850,0.13333333333333333
vehicle_30s_score_bucket,12,inner_validation,inner_train,macro_f1_lift,leave_one_view_out__fold01,False,True,leave_one_view_out__fold01__candidate_340,completed,maneuver,c8bb55db2e84fca264b1421bfe060cb36e07fbf025a5f825bde808b31ad5f850,0.6222222222222222
vehicle_30s_score_bucket,12,inner_validation,inner_train,recall_low,leave_one_view_out__fold01,False,True,leave_one_view_out__fold01__candidate_340,completed,maneuver,c8bb55db2e84fca264b1421bfe060cb36e07fbf025a5f825bde808b31ad5f850,0.6666666666666666
vehicle_30s_score_bucket,12,inner_validation,inner_train,recall_medium,leave_one_view_out__fold01,False,True,leave_one_view_out__fold01__candidate_340,completed,maneuver,c8bb55db2e84fca264b1421bfe060cb36e07fbf025a5f825bde808b31ad5f850,0.75
vehicle_30s_score_bucket,12,inner_validation,inner_train,recall_high,leave_one_view_out__fold01,False,True,leave_one_view_out__fold01__candidate_340,completed,maneuver,c8bb55db2e84fca264b1421bfe060cb36e07fbf025a5f825bde808b31ad5f850,0.8
vehicle_30s_score_bucket,12,inner_validation,inner_train,minimum_class_recall,leave_one_view_out__fold01,False,True,leave_one_view_out__fold01__candidate_340,completed,maneuver,c8bb55db2e84fca264b1421bfe060cb36e07fbf025a5f825bde808b31ad5f850,0.6666666666666666
vehicle_30s_score_bucket,12,inner_validation,inner_train,ordinal_mae,leave_one_view_out__fold01,False,True,leave_one_view_out__fold01__candidate_340,completed,maneuver,c8bb55db2e84fca264b1421bfe060cb36e07fbf025a5f825bde808b31ad5f850,0.25
vehicle_30s_score_bucket,12,inner_validation,inner_train,score_mae,leave_one_view_out__fold01,False,True,leave_one_view_out__fold01__candidate_340,completed,maneuver,c8bb55db2e84fca264b1421bfe060cb36e07fbf025a5f825bde808b31ad5f850,0.241025229453004
vehicle_30s_score_bucket,12,inner_validation,inner_train,score_spearman,leave_one_view_out__fold01,False,True,leave_one_view_out__fold01__candidate_340,completed,maneuver,c8bb55db2e84fca264b1421bfe060cb36e07fbf025a5f825bde808b31ad5f850,0.9720279720279721
vehicle_30s_score_bucket,12,inner_validation,inner_train,rmse,leave_one_view_out__fold01,False,True,leave_one_view_out__fold01__candidate_340,completed,response,c8bb55db2e84fca264b1421bfe060cb36e07fbf025a5f825bde808b31ad5f850,1.135190788794925
vehicle_30s_score_bucket,12,inner_validation,inner_train,mae,leave_one_view_out__fold01,False,True,leave_one_view_out__fold01__candidate_340,completed,response,c8bb55db2e84fca264b1421bfe060cb36e07fbf025a5f825bde808b31ad5f850,0.956348108600155
vehicle_30s_score_bucket,12,inner_validation,inner_train,validation_std,leave_one_view_out__fold01,False,True,leave_one_view_out__fold01__candidate_340,completed,response,c8bb55db2e84fca264b1421bfe060cb36e07fbf025a5f825bde808b31ad5f850,0.7738225567538186
vehicle_30s_score_bucket,12,inner_validation,inner_train,validation_iqr,leave_one_view_out__fold01,False,True,leave_one_view_out__fold01__candidate_340,completed,response,c8bb55db2e84fca264b1421bfe060cb36e07fbf025a5f825bde808b31ad5f850,1.1164541279861386
vehicle_30s_score_bucket,12,inner_validation,inner_train,nrmse_std,leave_one_view_out__fold01,False,True,leave_one_view_out__fold01__candidate_340,completed,response,c8bb55db2e84fca264b1421bfe060cb36e07fbf025a5f825bde808b31ad5f850,1.4669910806904418
vehicle_30s_score_bucket,12,inner_validation,inner_train,nrmse_iqr,leave_one_view_out__fold01,False,True,leave_one_view_out__fold01__candidate_340,completed,response,c8bb55db2e84fca264b1421bfe060cb36e07fbf025a5f825bde808b31ad5f850,1.0167822934584725
vehicle_30s_score_bucket,12,inner_validation,inner_train,train_mean_baseline_rmse,leave_one_view_out__fold01,False,True,leave_one_view_out__fold01__candidate_340,completed,response,c8bb55db2e84fca264b1421bfe060cb36e07fbf025a5f825bde808b31ad5f850,0.9520832805389658
vehicle_30s_score_bucket,12,inner_validation,inner_train,rmse_ratio,leave_one_view_out__fold01,False,True,leave_one_view_out__fold01__candidate_340,completed,response,c8bb55db2e84fca264b1421bfe060cb36e07fbf025a5f825bde808b31ad5f850,1.1923229952660273
vehicle_30s_score_bucket,12,inner_validation,inner_train,response_skill,leave_one_view_out__fold01,False,True,leave_one_view_out__fold01__candidate_340,completed,response,c8bb55db2e84fca264b1421bfe060cb36e07fbf025a5f825bde808b31ad5f850,-0.42163412504015096
vehicle_30s_score_bucket,12,inner_validation,inner_train,spearman,leave_one_view_out__fold01,False,True,leave_one_view_out__fold01__candidate_340,completed,response,c8bb55db2e84fca264b1421bfe060cb36e07fbf025a5f825bde808b31ad5f850,-0.21678321678321683
vehicle_30s_score_bucket,12,inner_validation,inner_train,auprc,leave_one_view_out__fold01,False,True,leave_one_view_out__fold01__candidate_340,completed,high_response,c8bb55db2e84fca264b1421bfe060cb36e07fbf025a5f825bde808b31ad5f850,0.5804421768707483
vehicle_30s_score_bucket,12,inner_validation,inner_train,prevalence,leave_one_view_out__fold01,False,True,leave_one_view_out__fold01__candidate_340,completed,high_response,c8bb55db2e84fca264b1421bfe060cb36e07fbf025a5f825bde808b31ad5f850,0.5833333333333334
vehicle_30s_score_bucket,12,inner_validation,inner_train,random_baseline_auprc,leave_one_view_out__fold01,False,True,leave_one_view_out__fold01__candidate_340,completed,high_response,c8bb55db2e84fca264b1421bfe060cb36e07fbf025a5f825bde808b31ad5f850,0.5833333333333334
vehicle_30s_score_bucket,12,inner_validation,inner_train,normalized_ap,leave_one_view_out__fold01,False,True,leave_one_view_out__fold01__candidate_340,completed,high_response,c8bb55db2e84fca264b1421bfe060cb36e07fbf025a5f825bde808b31ad5f850,-0.00693877551020421
vehicle_30s_score_bucket,12,inner_validation,inner_train,auprc_lift,leave_one_view_out__fold01,False,True,leave_one_view_out__fold01__candidate_340,completed,high_response,c8bb55db2e84fca264b1421bfe060cb36e07fbf025a5f825bde808b31ad5f850,-0.002891156462585087
vehicle_30s_score_bucket,12,inner_validation,inner_train,auroc,leave_one_view_out__fold01,False,True,leave_one_view_out__fold01__candidate_340,completed,high_response,c8bb55db2e84fca264b1421bfe060cb36e07fbf025a5f825bde808b31ad5f850,0.4857142857142857
vehicle_30s_score_bucket,12,inner_validation,inner_train,balanced_accuracy,leave_one_view_out__fold01,False,True,leave_one_view_out__fold01__candidate_340,completed,high_response,c8bb55db2e84fca264b1421bfe060cb36e07fbf025a5f825bde808b31ad5f850,0.4714285714285714
vehicle_30s_score_bucket,12,inner_validation,inner_train,macro_f1,leave_one_view_out__fold01,False,True,leave_one_view_out__fold01__candidate_327,completed,maneuver,ef23ad8b080593cb9c8caaa4a57c59a5dc23c5987cd8d56c0f61e753cf15435c,0.746031746031746
vehicle_30s_score_bucket,12,inner_validation,inner_train,support_aware_macro_f1,leave_one_view_out__fold01,False,True,leave_one_view_out__fold01__candidate_327,completed,maneuver,ef23ad8b080593cb9c8caaa4a57c59a5dc23c5987cd8d56c0f61e753cf15435c,0.746031746031746
vehicle_30s_score_bucket,12,inner_validation,inner_train,majority_macro_f1,leave_one_view_out__fold01,False,True,leave_one_view_out__fold01__candidate_327,completed,maneuver,ef23ad8b080593cb9c8caaa4a57c59a5dc23c5987cd8d56c0f61e753cf15435c,0.19607843137254902
vehicle_30s_score_bucket,12,inner_validation,inner_train,macro_f1_lift,leave_one_view_out__fold01,False,True,leave_one_view_out__fold01__candidate_327,completed,maneuver,ef23ad8b080593cb9c8caaa4a57c59a5dc23c5987cd8d56c0f61e753cf15435c,0.5499533146591971
vehicle_30s_score_bucket,12,inner_validation,inner_train,recall_low,leave_one_view_out__fold01,False,True,leave_one_view_out__fold01__candidate_327,completed,maneuver,ef23ad8b080593cb9c8caaa4a57c59a5dc23c5987cd8d56c0f61e753cf15435c,0.6
vehicle_30s_score_bucket,12,inner_validation,inner_train,recall_medium,leave_one_view_out__fold01,False,True,leave_one_view_out__fold01__candidate_327,completed,maneuver,ef23ad8b080593cb9c8caaa4a57c59a5dc23c5987cd8d56c0f61e753cf15435c,0.6666666666666666
vehicle_30s_score_bucket,12,inner_validation,inner_train,recall_high,leave_one_view_out__fold01,False,True,leave_one_view_out__fold01__candidate_327,completed,maneuver,ef23ad8b080593cb9c8caaa4a57c59a5dc23c5987cd8d56c0f61e753cf15435c,1.0
vehicle_30s_score_bucket,12,inner_validation,inner_train,minimum_class_recall,leave_one_view_out__fold01,False,True,leave_one_view_out__fold01__candidate_327,completed,maneuver,ef23ad8b080593cb9c8caaa4a57c59a5dc23c5987cd8d56c0f61e753cf15435c,0.6
vehicle_30s_score_bucket,12,inner_validation,inner_train,ordinal_mae,leave_one_view_out__fold01,False,True,leave_one_view_out__fold01__candidate_327,completed,maneuver,ef23ad8b080593cb9c8caaa4a57c59a5dc23c5987cd8d56c0f61e753cf15435c,0.25
vehicle_30s_score_bucket,12,inner_validation,inner_train,score_mae,leave_one_view_out__fold01,False,True,leave_one_view_out__fold01__candidate_327,completed,maneuver,ef23ad8b080593cb9c8caaa4a57c59a5dc23c5987cd8d56c0f61e753cf15435c,0.19136594889005684
vehicle_30s_score_bucket,12,inner_validation,inner_train,score_spearman,leave_one_view_out__fold01,False,True,leave_one_view_out__fold01__candidate_327,completed,maneuver,ef23ad8b080593cb9c8caaa4a57c59a5dc23c5987cd8d56c0f61e753cf15435c,0.8041958041958043
vehicle_30s_score_bucket,12,inner_validation,inner_train,rmse,leave_one_view_out__fold01,False,True,leave_one_view_out__fold01__candidate_327,completed,response,ef23ad8b080593cb9c8caaa4a57c59a5dc23c5987cd8d56c0f61e753cf15435c,1.1650455515614708
vehicle_30s_score_bucket,12,inner_validation,inner_train,mae,leave_one_view_out__fold01,False,True,leave_one_view_out__fold01__candidate_327,completed,response,ef23ad8b080593cb9c8caaa4a57c59a5dc23c5987cd8d56c0f61e753cf15435c,0.9808152607900947
vehicle_30s_score_bucket,12,inner_validation,inner_train,validation_std,leave_one_view_out__fold01,False,True,leave_one_view_out__fold01__candidate_327,completed,response,ef23ad8b080593cb9c8caaa4a57c59a5dc23c5987cd8d56c0f61e753cf15435c,0.7424450098311778
vehicle_30s_score_bucket,12,inner_validation,inner_train,validation_iqr,leave_one_view_out__fold01,False,True,leave_one_view_out__fold01__candidate_327,completed,response,ef23ad8b080593cb9c8caaa4a57c59a5dc23c5987cd8d56c0f61e753cf15435c,0.8094986823286678
vehicle_30s_score_bucket,12,inner_validation,inner_train,nrmse_std,leave_one_view_out__fold01,False,True,leave_one_view_out__fold01__candidate_327,completed,response,ef23ad8b080593cb9c8caaa4a57c59a5dc23c5987cd8d56c0f61e753cf15435c,1.5692011342717311
vehicle_30s_score_bucket,12,inner_validation,inner_train,nrmse_iqr,leave_one_view_out__fold01,False,True,leave_one_view_out__fold01__candidate_327,completed,response,ef23ad8b080593cb9c8caaa4a57c59a5dc23c5987cd8d56c0f61e753cf15435c,1.439218589226123
vehicle_30s_score_bucket,12,inner_validation,inner_train,train_mean_baseline_rmse,leave_one_view_out__fold01,False,True,leave_one_view_out__fold01__candidate_327,completed,response,ef23ad8b080593cb9c8caaa4a57c59a5dc23c5987cd8d56c0f61e753cf15435c,0.9686999988458442
vehicle_30s_score_bucket,12,inner_validation,inner_train,rmse_ratio,leave_one_view_out__fold01,False,True,leave_one_view_out__fold01__candidate_327,completed,response,ef23ad8b080593cb9c8caaa4a57c59a5dc23c5987cd8d56c0f61e753cf15435c,1.2026897418700961
vehicle_30s_score_bucket,12,inner_validation,inner_train,response_skill,leave_one_view_out__fold01,False,True,leave_one_view_out__fold01__candidate_327,completed,response,ef23ad8b080593cb9c8caaa4a57c59a5dc23c5987cd8d56c0f61e753cf15435c,-0.4464626151995581
vehicle_30s_score_bucket,12,inner_validation,inner_train,spearman,leave_one_view_out__fold01,False,True,leave_one_view_out__fold01__candidate_327,completed,response,ef23ad8b080593cb9c8caaa4a57c59a5dc23c5987cd8d56c0f61e753cf15435c,0.18881118881118883
vehicle_30s_score_bucket,12,inner_validation,inner_train,auprc,leave_one_view_out__fold01,False,True,leave_one_view_out__fold01__candidate_327,completed,high_response,ef23ad8b080593cb9c8caaa4a57c59a5dc23c5987cd8d56c0f61e753cf15435c,0.591220238095238
vehicle_30s_score_bucket,12,inner_validation,inner_train,prevalence,leave_one_view_out__fold01,False,True,leave_one_view_out__fold01__candidate_327,completed,high_response,ef23ad8b080593cb9c8caaa4a57c59a5dc23c5987cd8d56c0f61e753cf15435c,0.6666666666666666
vehicle_30s_score_bucket,12,inner_validation,inner_train,random_baseline_auprc,leave_one_view_out__fold01,False,True,leave_one_view_out__fold01__candidate_327,completed,high_response,ef23ad8b080593cb9c8caaa4a57c59a5dc23c5987cd8d56c0f61e753cf15435c,0.6666666666666666
vehicle_30s_score_bucket,12,inner_validation,inner_train,normalized_ap,leave_one_view_out__fold01,False,True,leave_one_view_out__fold01__candidate_327,completed,high_response,ef23ad8b080593cb9c8caaa4a57c59a5dc23c5987cd8d56c0f61e753cf15435c,-0.22633928571428572
vehicle_30s_score_bucket,12,inner_validation,inner_train,auprc_lift,leave_one_view_out__fold01,False,True,leave_one_view_out__fold01__candidate_327,completed,high_response,ef23ad8b080593cb9c8caaa4a57c59a5dc23c5987cd8d56c0f61e753cf15435c,-0.07544642857142858
vehicle_30s_score_bucket,12,inner_validation,inner_train,auroc,leave_one_view_out__fold01,False,True,leave_one_view_out__fold01__candidate_327,completed,high_response,ef23ad8b080593cb9c8caaa4a57c59a5dc23c5987cd8d56c0f61e753cf15435c,0.3125
vehicle_30s_score_bucket,12,inner_validation,inner_train,balanced_accuracy,leave_one_view_out__fold01,False,True,leave_one_view_out__fold01__candidate_327,completed,high_response,ef23ad8b080593cb9c8caaa4a57c59a5dc23c5987cd8d56c0f61e753cf15435c,0.5
vehicle_30s_histgb,13,inner_validation,inner_train,macro_f1,leave_one_view_out__fold01,False,True,leave_one_view_out__fold01__candidate_339,completed,maneuver,d49030f301fc10972368913bbfc6141aa638775e23f48bc8ad0055d5e48293a1,0.16666666666666666
vehicle_30s_histgb,13,inner_validation,inner_train,support_aware_macro_f1,leave_one_view_out__fold01,False,True,leave_one_view_out__fold01__candidate_339,completed,maneuver,d49030f301fc10972368913bbfc6141aa638775e23f48bc8ad0055d5e48293a1,0.16666666666666666
vehicle_30s_histgb,13,inner_validation,inner_train,majority_macro_f1,leave_one_view_out__fold01,False,True,leave_one_view_out__fold01__candidate_339,completed,maneuver,d49030f301fc10972368913bbfc6141aa638775e23f48bc8ad0055d5e48293a1,0.16666666666666666
vehicle_30s_histgb,13,inner_validation,inner_train,macro_f1_lift,leave_one_view_out__fold01,False,True,leave_one_view_out__fold01__candidate_339,completed,maneuver,d49030f301fc10972368913bbfc6141aa638775e23f48bc8ad0055d5e48293a1,0.0
vehicle_30s_histgb,13,inner_validation,inner_train,recall_low,leave_one_view_out__fold01,False,True,leave_one_view_out__fold01__candidate_339,completed,maneuver,d49030f301fc10972368913bbfc6141aa638775e23f48bc8ad0055d5e48293a1,1.0
vehicle_30s_histgb,13,inner_validation,inner_train,recall_medium,leave_one_view_out__fold01,False,True,leave_one_view_out__fold01__candidate_339,completed,maneuver,d49030f301fc10972368913bbfc6141aa638775e23f48bc8ad0055d5e48293a1,0.0
vehicle_30s_histgb,13,inner_validation,inner_train,recall_high,leave_one_view_out__fold01,False,True,leave_one_view_out__fold01__candidate_339,completed,maneuver,d49030f301fc10972368913bbfc6141aa638775e23f48bc8ad0055d5e48293a1,0.0
vehicle_30s_histgb,13,inner_validation,inner_train,minimum_class_recall,leave_one_view_out__fold01,False,True,leave_one_view_out__fold01__candidate_339,completed,maneuver,d49030f301fc10972368913bbfc6141aa638775e23f48bc8ad0055d5e48293a1,0.0
vehicle_30s_histgb,13,inner_validation,inner_train,ordinal_mae,leave_one_view_out__fold01,False,True,leave_one_view_out__fold01__candidate_339,completed,maneuver,d49030f301fc10972368913bbfc6141aa638775e23f48bc8ad0055d5e48293a1,1.0
vehicle_30s_histgb,13,inner_validation,inner_train,score_mae,leave_one_view_out__fold01,False,True,leave_one_view_out__fold01__candidate_339,completed,maneuver,d49030f301fc10972368913bbfc6141aa638775e23f48bc8ad0055d5e48293a1,1.2123544487044953
vehicle_30s_histgb,13,inner_validation,inner_train,score_spearman,leave_one_view_out__fold01,False,True,leave_one_view_out__fold01__candidate_339,completed,maneuver,d49030f301fc10972368913bbfc6141aa638775e23f48bc8ad0055d5e48293a1,0.0
vehicle_30s_histgb,13,inner_validation,inner_train,rmse,leave_one_view_out__fold01,False,True,leave_one_view_out__fold01__candidate_339,completed,response,d49030f301fc10972368913bbfc6141aa638775e23f48bc8ad0055d5e48293a1,1.2411261006308119
vehicle_30s_histgb,13,inner_validation,inner_train,mae,leave_one_view_out__fold01,False,True,leave_one_view_out__fold01__candidate_339,completed,response,d49030f301fc10972368913bbfc6141aa638775e23f48bc8ad0055d5e48293a1,0.9962637932534313
vehicle_30s_histgb,13,inner_validation,inner_train,validation_std,leave_one_view_out__fold01,False,True,leave_one_view_out__fold01__candidate_339,completed,response,d49030f301fc10972368913bbfc6141aa638775e23f48bc8ad0055d5e48293a1,0.9229823964743179
vehicle_30s_histgb,13,inner_validation,inner_train,validation_iqr,leave_one_view_out__fold01,False,True,leave_one_view_out__fold01__candidate_339,completed,response,d49030f301fc10972368913bbfc6141aa638775e23f48bc8ad0055d5e48293a1,1.5375502327333572
vehicle_30s_histgb,13,inner_validation,inner_train,nrmse_std,leave_one_view_out__fold01,False,True,leave_one_view_out__fold01__candidate_339,completed,response,d49030f301fc10972368913bbfc6141aa638775e23f48bc8ad0055d5e48293a1,1.3446909771754747
vehicle_30s_histgb,13,inner_validation,inner_train,nrmse_iqr,leave_one_view_out__fold01,False,True,leave_one_view_out__fold01__candidate_339,completed,response,d49030f301fc10972368913bbfc6141aa638775e23f48bc8ad0055d5e48293a1,0.8072101152912697
vehicle_30s_histgb,13,inner_validation,inner_train,train_mean_baseline_rmse,leave_one_view_out__fold01,False,True,leave_one_view_out__fold01__candidate_339,completed,response,d49030f301fc10972368913bbfc6141aa638775e23f48bc8ad0055d5e48293a1,1.2411261006308119
vehicle_30s_histgb,13,inner_validation,inner_train,rmse_ratio,leave_one_view_out__fold01,False,True,leave_one_view_out__fold01__candidate_339,completed,response,d49030f301fc10972368913bbfc6141aa638775e23f48bc8ad0055d5e48293a1,1.0
vehicle_30s_histgb,13,inner_validation,inner_train,response_skill,leave_one_view_out__fold01,False,True,leave_one_view_out__fold01__candidate_339,completed,response,d49030f301fc10972368913bbfc6141aa638775e23f48bc8ad0055d5e48293a1,0.0
vehicle_30s_histgb,13,inner_validation,inner_train,spearman,leave_one_view_out__fold01,False,True,leave_one_view_out__fold01__candidate_339,completed,response,d49030f301fc10972368913bbfc6141aa638775e23f48bc8ad0055d5e48293a1,0.0
vehicle_30s_histgb,13,inner_validation,inner_train,auprc,leave_one_view_out__fold01,False,True,leave_one_view_out__fold01__candidate_339,completed,high_response,d49030f301fc10972368913bbfc6141aa638775e23f48bc8ad0055d5e48293a1,0.682129329004329
vehicle_30s_histgb,13,inner_validation,inner_train,prevalence,leave_one_view_out__fold01,False,True,leave_one_view_out__fold01__candidate_339,completed,high_response,d49030f301fc10972368913bbfc6141aa638775e23f48bc8ad0055d5e48293a1,0.6666666666666666
vehicle_30s_histgb,13,inner_validation,inner_train,random_baseline_auprc,leave_one_view_out__fold01,False,True,leave_one_view_out__fold01__candidate_339,completed,high_response,d49030f301fc10972368913bbfc6141aa638775e23f48bc8ad0055d5e48293a1,0.6666666666666666
vehicle_30s_histgb,13,inner_validation,inner_train,normalized_ap,leave_one_view_out__fold01,False,True,leave_one_view_out__fold01__candidate_339,completed,high_response,d49030f301fc10972368913bbfc6141aa638775e23f48bc8ad0055d5e48293a1,0.04638798701298707
vehicle_30s_histgb,13,inner_validation,inner_train,auprc_lift,leave_one_view_out__fold01,False,True,leave_one_view_out__fold01__candidate_339,completed,high_response,d49030f301fc10972368913bbfc6141aa638775e23f48bc8ad0055d5e48293a1,0.015462662337662358
vehicle_30s_histgb,13,inner_validation,inner_train,auroc,leave_one_view_out__fold01,False,True,leave_one_view_out__fold01__candidate_339,completed,high_response,d49030f301fc10972368913bbfc6141aa638775e23f48bc8ad0055d5e48293a1,0.40625
vehicle_30s_histgb,13,inner_validation,inner_train,balanced_accuracy,leave_one_view_out__fold01,False,True,leave_one_view_out__fold01__candidate_339,completed,high_response,d49030f301fc10972368913bbfc6141aa638775e23f48bc8ad0055d5e48293a1,0.5
vehicle_30s_histgb,13,inner_validation,inner_train,macro_f1,leave_one_view_out__fold01,False,True,leave_one_view_out__fold01__candidate_353,completed,maneuver,f1ddae33af89bc208d97290f0e03c19c4d93c0cd3b4e08a59452657e405013ac,0.13333333333333333
vehicle_30s_histgb,13,inner_validation,inner_train,support_aware_macro_f1,leave_one_view_out__fold01,False,True,leave_one_view_out__fold01__candidate_353,completed,maneuver,f1ddae33af89bc208d97290f0e03c19c4d93c0cd3b4e08a59452657e405013ac,0.13333333333333333
vehicle_30s_histgb,13,inner_validation,inner_train,majority_macro_f1,leave_one_view_out__fold01,False,True,leave_one_view_out__fold01__candidate_353,completed,maneuver,f1ddae33af89bc208d97290f0e03c19c4d93c0cd3b4e08a59452657e405013ac,0.13333333333333333
vehicle_30s_histgb,13,inner_validation,inner_train,macro_f1_lift,leave_one_view_out__fold01,False,True,leave_one_view_out__fold01__candidate_353,completed,maneuver,f1ddae33af89bc208d97290f0e03c19c4d93c0cd3b4e08a59452657e405013ac,0.0
vehicle_30s_histgb,13,inner_validation,inner_train,recall_low,leave_one_view_out__fold01,False,True,leave_one_view_out__fold01__candidate_353,completed,maneuver,f1ddae33af89bc208d97290f0e03c19c4d93c0cd3b4e08a59452657e405013ac,1.0
vehicle_30s_histgb,13,inner_validation,inner_train,recall_medium,leave_one_view_out__fold01,False,True,leave_one_view_out__fold01__candidate_353,completed,maneuver,f1ddae33af89bc208d97290f0e03c19c4d93c0cd3b4e08a59452657e405013ac,0.0
vehicle_30s_histgb,13,inner_validation,inner_train,recall_high,leave_one_view_out__fold01,False,True,leave_one_view_out__fold01__candidate_353,completed,maneuver,f1ddae33af89bc208d97290f0e03c19c4d93c0cd3b4e08a59452657e405013ac,0.0
vehicle_30s_histgb,13,inner_validation,inner_train,minimum_class_recall,leave_one_view_out__fold01,False,True,leave_one_view_out__fold01__candidate_353,completed,maneuver,f1ddae33af89bc208d97290f0e03c19c4d93c0cd3b4e08a59452657e405013ac,0.0
vehicle_30s_histgb,13,inner_validation,inner_train,ordinal_mae,leave_one_view_out__fold01,False,True,leave_one_view_out__fold01__candidate_353,completed,maneuver,f1ddae33af89bc208d97290f0e03c19c4d93c0cd3b4e08a59452657e405013ac,1.1666666666666667
vehicle_30s_histgb,13,inner_validation,inner_train,score_mae,leave_one_view_out__fold01,False,True,leave_one_view_out__fold01__candidate_353,completed,maneuver,f1ddae33af89bc208d97290f0e03c19c4d93c0cd3b4e08a59452657e405013ac,1.3599473257211443
vehicle_30s_histgb,13,inner_validation,inner_train,score_spearman,leave_one_view_out__fold01,False,True,leave_one_view_out__fold01__candidate_353,completed,maneuver,f1ddae33af89bc208d97290f0e03c19c4d93c0cd3b4e08a59452657e405013ac,0.0
vehicle_30s_histgb,13,inner_validation,inner_train,rmse,leave_one_view_out__fold01,False,True,leave_one_view_out__fold01__candidate_353,completed,response,f1ddae33af89bc208d97290f0e03c19c4d93c0cd3b4e08a59452657e405013ac,0.9551898219217477
vehicle_30s_histgb,13,inner_validation,inner_train,mae,leave_one_view_out__fold01,False,True,leave_one_view_out__fold01__candidate_353,completed,response,f1ddae33af89bc208d97290f0e03c19c4d93c0cd3b4e08a59452657e405013ac,0.7105420937519185
vehicle_30s_histgb,13,inner_validation,inner_train,validation_std,leave_one_view_out__fold01,False,True,leave_one_view_out__fold01__candidate_353,completed,response,f1ddae33af89bc208d97290f0e03c19c4d93c0cd3b4e08a59452657e405013ac,0.8091453454981316
vehicle_30s_histgb,13,inner_validation,inner_train,validation_iqr,leave_one_view_out__fold01,False,True,leave_one_view_out__fold01__candidate_353,completed,response,f1ddae33af89bc208d97290f0e03c19c4d93c0cd3b4e08a59452657e405013ac,1.218839946496964
vehicle_30s_histgb,13,inner_validation,inner_train,nrmse_std,leave_one_view_out__fold01,False,True,leave_one_view_out__fold01__candidate_353,completed,response,f1ddae33af89bc208d97290f0e03c19c4d93c0cd3b4e08a59452657e405013ac,1.1804922653713188
vehicle_30s_histgb,13,inner_validation,inner_train,nrmse_iqr,leave_one_view_out__fold01,False,True,leave_one_view_out__fold01__candidate_353,completed,response,f1ddae33af89bc208d97290f0e03c19c4d93c0cd3b4e08a59452657e405013ac,0.7836876569946972
vehicle_30s_histgb,13,inner_validation,inner_train,train_mean_baseline_rmse,leave_one_view_out__fold01,False,True,leave_one_view_out__fold01__candidate_353,completed,response,f1ddae33af89bc208d97290f0e03c19c4d93c0cd3b4e08a59452657e405013ac,0.9551898219217477
vehicle_30s_histgb,13,inner_validation,inner_train,rmse_ratio,leave_one_view_out__fold01,False,True,leave_one_view_out__fold01__candidate_353,completed,response,f1ddae33af89bc208d97290f0e03c19c4d93c0cd3b4e08a59452657e405013ac,1.0
vehicle_30s_histgb,13,inner_validation,inner_train,response_skill,leave_one_view_out__fold01,False,True,leave_one_view_out__fold01__candidate_353,completed,response,f1ddae33af89bc208d97290f0e03c19c4d93c0cd3b4e08a59452657e405013ac,0.0
vehicle_30s_histgb,13,inner_validation,inner_train,spearman,leave_one_view_out__fold01,False,True,leave_one_view_out__fold01__candidate_353,completed,response,f1ddae33af89bc208d97290f0e03c19c4d93c0cd3b4e08a59452657e405013ac,0.0
vehicle_30s_histgb,13,inner_validation,inner_train,auprc,leave_one_view_out__fold01,False,True,leave_one_view_out__fold01__candidate_353,completed,high_response,f1ddae33af89bc208d97290f0e03c19c4d93c0cd3b4e08a59452657e405013ac,0.3543650793650793
vehicle_30s_histgb,13,inner_validation,inner_train,prevalence,leave_one_view_out__fold01,False,True,leave_one_view_out__fold01__candidate_353,completed,high_response,f1ddae33af89bc208d97290f0e03c19c4d93c0cd3b4e08a59452657e405013ac,0.4166666666666667
vehicle_30s_histgb,13,inner_validation,inner_train,random_baseline_auprc,leave_one_view_out__fold01,False,True,leave_one_view_out__fold01__candidate_353,completed,high_response,f1ddae33af89bc208d97290f0e03c19c4d93c0cd3b4e08a59452657e405013ac,0.4166666666666667
vehicle_30s_histgb,13,inner_validation,inner_train,normalized_ap,leave_one_view_out__fold01,False,True,leave_one_view_out__fold01__candidate_353,completed,high_response,f1ddae33af89bc208d97290f0e03c19c4d93c0cd3b4e08a59452657e405013ac,-0.10680272108843548
vehicle_30s_histgb,13,inner_validation,inner_train,auprc_lift,leave_one_view_out__fold01,False,True,leave_one_view_out__fold01__candidate_353,completed,high_response,f1ddae33af89bc208d97290f0e03c19c4d93c0cd3b4e08a59452657e405013ac,-0.06230158730158736
vehicle_30s_histgb,13,inner_validation,inner_train,auroc,leave_one_view_out__fold01,False,True,leave_one_view_out__fold01__candidate_353,completed,high_response,f1ddae33af89bc208d97290f0e03c19c4d93c0cd3b4e08a59452657e405013ac,0.2857142857142857
vehicle_30s_histgb,13,inner_validation,inner_train,balanced_accuracy,leave_one_view_out__fold01,False,True,leave_one_view_out__fold01__candidate_353,completed,high_response,f1ddae33af89bc208d97290f0e03c19c4d93c0cd3b4e08a59452657e405013ac,0.3857142857142857
vehicle_30s_histgb,13,inner_validation,inner_train,macro_f1,leave_one_view_out__fold02,False,True,leave_one_view_out__fold02__candidate_328,completed,maneuver,76857c61556d36c9eb8d7060ea53eb10f2e65e3f7b2a4854ab4c6016248a0b48,0.19607843137254902
vehicle_30s_histgb,13,inner_validation,inner_train,support_aware_macro_f1,leave_one_view_out__fold02,False,True,leave_one_view_out__fold02__candidate_328,completed,maneuver,76857c61556d36c9eb8d7060ea53eb10f2e65e3f7b2a4854ab4c6016248a0b48,0.19607843137254902
vehicle_30s_histgb,13,inner_validation,inner_train,majority_macro_f1,leave_one_view_out__fold02,False,True,leave_one_view_out__fold02__candidate_328,completed,maneuver,76857c61556d36c9eb8d7060ea53eb10f2e65e3f7b2a4854ab4c6016248a0b48,0.19607843137254902
vehicle_30s_histgb,13,inner_validation,inner_train,macro_f1_lift,leave_one_view_out__fold02,False,True,leave_one_view_out__fold02__candidate_328,completed,maneuver,76857c61556d36c9eb8d7060ea53eb10f2e65e3f7b2a4854ab4c6016248a0b48,0.0
vehicle_30s_histgb,13,inner_validation,inner_train,recall_low,leave_one_view_out__fold02,False,True,leave_one_view_out__fold02__candidate_328,completed,maneuver,76857c61556d36c9eb8d7060ea53eb10f2e65e3f7b2a4854ab4c6016248a0b48,1.0
vehicle_30s_histgb,13,inner_validation,inner_train,recall_medium,leave_one_view_out__fold02,False,True,leave_one_view_out__fold02__candidate_328,completed,maneuver,76857c61556d36c9eb8d7060ea53eb10f2e65e3f7b2a4854ab4c6016248a0b48,0.0
vehicle_30s_histgb,13,inner_validation,inner_train,recall_high,leave_one_view_out__fold02,False,True,leave_one_view_out__fold02__candidate_328,completed,maneuver,76857c61556d36c9eb8d7060ea53eb10f2e65e3f7b2a4854ab4c6016248a0b48,0.0
vehicle_30s_histgb,13,inner_validation,inner_train,minimum_class_recall,leave_one_view_out__fold02,False,True,leave_one_view_out__fold02__candidate_328,completed,maneuver,76857c61556d36c9eb8d7060ea53eb10f2e65e3f7b2a4854ab4c6016248a0b48,0.0
vehicle_30s_histgb,13,inner_validation,inner_train,ordinal_mae,leave_one_view_out__fold02,False,True,leave_one_view_out__fold02__candidate_328,completed,maneuver,76857c61556d36c9eb8d7060ea53eb10f2e65e3f7b2a4854ab4c6016248a0b48,0.8333333333333334
vehicle_30s_histgb,13,inner_validation,inner_train,score_mae,leave_one_view_out__fold02,False,True,leave_one_view_out__fold02__candidate_328,completed,maneuver,76857c61556d36c9eb8d7060ea53eb10f2e65e3f7b2a4854ab4c6016248a0b48,1.037253157286209
vehicle_30s_histgb,13,inner_validation,inner_train,score_spearman,leave_one_view_out__fold02,False,True,leave_one_view_out__fold02__candidate_328,completed,maneuver,76857c61556d36c9eb8d7060ea53eb10f2e65e3f7b2a4854ab4c6016248a0b48,0.0
vehicle_30s_histgb,13,inner_validation,inner_train,rmse,leave_one_view_out__fold02,False,True,leave_one_view_out__fold02__candidate_328,completed,response,76857c61556d36c9eb8d7060ea53eb10f2e65e3f7b2a4854ab4c6016248a0b48,0.760282844198373
vehicle_30s_histgb,13,inner_validation,inner_train,mae,leave_one_view_out__fold02,False,True,leave_one_view_out__fold02__candidate_328,completed,response,76857c61556d36c9eb8d7060ea53eb10f2e65e3f7b2a4854ab4c6016248a0b48,0.6182296812270255
vehicle_30s_histgb,13,inner_validation,inner_train,validation_std,leave_one_view_out__fold02,False,True,leave_one_view_out__fold02__candidate_328,completed,response,76857c61556d36c9eb8d7060ea53eb10f2e65e3f7b2a4854ab4c6016248a0b48,0.6661100828266592
vehicle_30s_histgb,13,inner_validation,inner_train,validation_iqr,leave_one_view_out__fold02,False,True,leave_one_view_out__fold02__candidate_328,completed,response,76857c61556d36c9eb8d7060ea53eb10f2e65e3f7b2a4854ab4c6016248a0b48,0.8168154939282022
vehicle_30s_histgb,13,inner_validation,inner_train,nrmse_std,leave_one_view_out__fold02,False,True,leave_one_view_out__fold02__candidate_328,completed,response,76857c61556d36c9eb8d7060ea53eb10f2e65e3f7b2a4854ab4c6016248a0b48,1.1413771744335242
vehicle_30s_histgb,13,inner_validation,inner_train,nrmse_iqr,leave_one_view_out__fold02,False,True,leave_one_view_out__fold02__candidate_328,completed,response,76857c61556d36c9eb8d7060ea53eb10f2e65e3f7b2a4854ab4c6016248a0b48,0.9307889601139246
vehicle_30s_histgb,13,inner_validation,inner_train,train_mean_baseline_rmse,leave_one_view_out__fold02,False,True,leave_one_view_out__fold02__candidate_328,completed,response,76857c61556d36c9eb8d7060ea53eb10f2e65e3f7b2a4854ab4c6016248a0b48,0.760282844198373
vehicle_30s_histgb,13,inner_validation,inner_train,rmse_ratio,leave_one_view_out__fold02,False,True,leave_one_view_out__fold02__candidate_328,completed,response,76857c61556d36c9eb8d7060ea53eb10f2e65e3f7b2a4854ab4c6016248a0b48,1.0
vehicle_30s_histgb,13,inner_validation,inner_train,response_skill,leave_one_view_out__fold02,False,True,leave_one_view_out__fold02__candidate_328,completed,response,76857c61556d36c9eb8d7060ea53eb10f2e65e3f7b2a4854ab4c6016248a0b48,0.0
vehicle_30s_histgb,13,inner_validation,inner_train,spearman,leave_one_view_out__fold02,False,True,leave_one_view_out__fold02__candidate_328,completed,response,76857c61556d36c9eb8d7060ea53eb10f2e65e3f7b2a4854ab4c6016248a0b48,0.0
vehicle_30s_histgb,13,inner_validation,inner_train,auprc,leave_one_view_out__fold02,False,True,leave_one_view_out__fold02__candidate_328,completed,high_response,76857c61556d36c9eb8d7060ea53eb10f2e65e3f7b2a4854ab4c6016248a0b48,0.3871428571428571
vehicle_30s_histgb,13,inner_validation,inner_train,prevalence,leave_one_view_out__fold02,False,True,leave_one_view_out__fold02__candidate_328,completed,high_response,76857c61556d36c9eb8d7060ea53eb10f2e65e3f7b2a4854ab4c6016248a0b48,0.4166666666666667
vehicle_30s_histgb,13,inner_validation,inner_train,random_baseline_auprc,leave_one_view_out__fold02,False,True,leave_one_view_out__fold02__candidate_328,completed,high_response,76857c61556d36c9eb8d7060ea53eb10f2e65e3f7b2a4854ab4c6016248a0b48,0.4166666666666667
vehicle_30s_histgb,13,inner_validation,inner_train,normalized_ap,leave_one_view_out__fold02,False,True,leave_one_view_out__fold02__candidate_328,completed,high_response,76857c61556d36c9eb8d7060ea53eb10f2e65e3f7b2a4854ab4c6016248a0b48,-0.050612244897959256
vehicle_30s_histgb,13,inner_validation,inner_train,auprc_lift,leave_one_view_out__fold02,False,True,leave_one_view_out__fold02__candidate_328,completed,high_response,76857c61556d36c9eb8d7060ea53eb10f2e65e3f7b2a4854ab4c6016248a0b48,-0.029523809523809563
vehicle_30s_histgb,13,inner_validation,inner_train,auroc,leave_one_view_out__fold02,False,True,leave_one_view_out__fold02__candidate_328,completed,high_response,76857c61556d36c9eb8d7060ea53eb10f2e65e3f7b2a4854ab4c6016248a0b48,0.2857142857142857
vehicle_30s_histgb,13,inner_validation,inner_train,balanced_accuracy,leave_one_view_out__fold02,False,True,leave_one_view_out__fold02__candidate_328,completed,high_response,76857c61556d36c9eb8d7060ea53eb10f2e65e3f7b2a4854ab4c6016248a0b48,0.3142857142857143
vehicle_30s_histgb,13,inner_validation,inner_train,macro_f1,leave_one_view_out__fold02,False,True,leave_one_view_out__fold02__candidate_329,completed,maneuver,09bd96f3f28027930e21282cb6cb1e34c79cb76197a270c426bd70e119d43e13,0.13333333333333333
vehicle_30s_histgb,13,inner_validation,inner_train,support_aware_macro_f1,leave_one_view_out__fold02,False,True,leave_one_view_out__fold02__candidate_329,completed,maneuver,09bd96f3f28027930e21282cb6cb1e34c79cb76197a270c426bd70e119d43e13,0.13333333333333333
vehicle_30s_histgb,13,inner_validation,inner_train,majority_macro_f1,leave_one_view_out__fold02,False,True,leave_one_view_out__fold02__candidate_329,completed,maneuver,09bd96f3f28027930e21282cb6cb1e34c79cb76197a270c426bd70e119d43e13,0.13333333333333333
vehicle_30s_histgb,13,inner_validation,inner_train,macro_f1_lift,leave_one_view_out__fold02,False,True,leave_one_view_out__fold02__candidate_329,completed,maneuver,09bd96f3f28027930e21282cb6cb1e34c79cb76197a270c426bd70e119d43e13,0.0
vehicle_30s_histgb,13,inner_validation,inner_train,recall_low,leave_one_view_out__fold02,False,True,leave_one_view_out__fold02__candidate_329,completed,maneuver,09bd96f3f28027930e21282cb6cb1e34c79cb76197a270c426bd70e119d43e13,1.0
vehicle_30s_histgb,13,inner_validation,inner_train,recall_medium,leave_one_view_out__fold02,False,True,leave_one_view_out__fold02__candidate_329,completed,maneuver,09bd96f3f28027930e21282cb6cb1e34c79cb76197a270c426bd70e119d43e13,0.0
vehicle_30s_histgb,13,inner_validation,inner_train,recall_high,leave_one_view_out__fold02,False,True,leave_one_view_out__fold02__candidate_329,completed,maneuver,09bd96f3f28027930e21282cb6cb1e34c79cb76197a270c426bd70e119d43e13,0.0
vehicle_30s_histgb,13,inner_validation,inner_train,minimum_class_recall,leave_one_view_out__fold02,False,True,leave_one_view_out__fold02__candidate_329,completed,maneuver,09bd96f3f28027930e21282cb6cb1e34c79cb76197a270c426bd70e119d43e13,0.0
vehicle_30s_histgb,13,inner_validation,inner_train,ordinal_mae,leave_one_view_out__fold02,False,True,leave_one_view_out__fold02__candidate_329,completed,maneuver,09bd96f3f28027930e21282cb6cb1e34c79cb76197a270c426bd70e119d43e13,1.1666666666666667
vehicle_30s_histgb,13,inner_validation,inner_train,score_mae,leave_one_view_out__fold02,False,True,leave_one_view_out__fold02__candidate_329,completed,maneuver,09bd96f3f28027930e21282cb6cb1e34c79cb76197a270c426bd70e119d43e13,1.7762992637954804
vehicle_30s_histgb,13,inner_validation,inner_train,score_spearman,leave_one_view_out__fold02,False,True,leave_one_view_out__fold02__candidate_329,completed,maneuver,09bd96f3f28027930e21282cb6cb1e34c79cb76197a270c426bd70e119d43e13,0.0
vehicle_30s_histgb,13,inner_validation,inner_train,rmse,leave_one_view_out__fold02,False,True,leave_one_view_out__fold02__candidate_329,completed,response,09bd96f3f28027930e21282cb6cb1e34c79cb76197a270c426bd70e119d43e13,0.7887754436917268
vehicle_30s_histgb,13,inner_validation,inner_train,mae,leave_one_view_out__fold02,False,True,leave_one_view_out__fold02__candidate_329,completed,response,09bd96f3f28027930e21282cb6cb1e34c79cb76197a270c426bd70e119d43e13,0.6418755458533681
vehicle_30s_histgb,13,inner_validation,inner_train,validation_std,leave_one_view_out__fold02,False,True,leave_one_view_out__fold02__candidate_329,completed,response,09bd96f3f28027930e21282cb6cb1e34c79cb76197a270c426bd70e119d43e13,0.7444107826338696
vehicle_30s_histgb,13,inner_validation,inner_train,validation_iqr,leave_one_view_out__fold02,False,True,leave_one_view_out__fold02__candidate_329,completed,response,09bd96f3f28027930e21282cb6cb1e34c79cb76197a270c426bd70e119d43e13,1.126261329695373
vehicle_30s_histgb,13,inner_validation,inner_train,nrmse_std,leave_one_view_out__fold02,False,True,leave_one_view_out__fold02__candidate_329,completed,response,09bd96f3f28027930e21282cb6cb1e34c79cb76197a270c426bd70e119d43e13,1.0595970156435488
vehicle_30s_histgb,13,inner_validation,inner_train,nrmse_iqr,leave_one_view_out__fold02,False,True,leave_one_view_out__fold02__candidate_329,completed,response,09bd96f3f28027930e21282cb6cb1e34c79cb76197a270c426bd70e119d43e13,0.7003485096172768
vehicle_30s_histgb,13,inner_validation,inner_train,train_mean_baseline_rmse,leave_one_view_out__fold02,False,True,leave_one_view_out__fold02__candidate_329,completed,response,09bd96f3f28027930e21282cb6cb1e34c79cb76197a270c426bd70e119d43e13,0.7887754436917268
vehicle_30s_histgb,13,inner_validation,inner_train,rmse_ratio,leave_one_view_out__fold02,False,True,leave_one_view_out__fold02__candidate_329,completed,response,09bd96f3f28027930e21282cb6cb1e34c79cb76197a270c426bd70e119d43e13,1.0
vehicle_30s_histgb,13,inner_validation,inner_train,response_skill,leave_one_view_out__fold02,False,True,leave_one_view_out__fold02__candidate_329,completed,response,09bd96f3f28027930e21282cb6cb1e34c79cb76197a270c426bd70e119d43e13,0.0
vehicle_30s_histgb,13,inner_validation,inner_train,spearman,leave_one_view_out__fold02,False,True,leave_one_view_out__fold02__candidate_329,completed,response,09bd96f3f28027930e21282cb6cb1e34c79cb76197a270c426bd70e119d43e13,0.0
vehicle_30s_histgb,13,inner_validation,inner_train,auprc,leave_one_view_out__fold02,False,True,leave_one_view_out__fold02__candidate_329,completed,high_response,09bd96f3f28027930e21282cb6cb1e34c79cb76197a270c426bd70e119d43e13,0.3879365079365079
vehicle_30s_histgb,13,inner_validation,inner_train,prevalence,leave_one_view_out__fold02,False,True,leave_one_view_out__fold02__candidate_329,completed,high_response,09bd96f3f28027930e21282cb6cb1e34c79cb76197a270c426bd70e119d43e13,0.4166666666666667
vehicle_30s_histgb,13,inner_validation,inner_train,random_baseline_auprc,leave_one_view_out__fold02,False,True,leave_one_view_out__fold02__candidate_329,completed,high_response,09bd96f3f28027930e21282cb6cb1e34c79cb76197a270c426bd70e119d43e13,0.4166666666666667
vehicle_30s_histgb,13,inner_validation,inner_train,normalized_ap,leave_one_view_out__fold02,False,True,leave_one_view_out__fold02__candidate_329,completed,high_response,09bd96f3f28027930e21282cb6cb1e34c79cb76197a270c426bd70e119d43e13,-0.04925170068027219
vehicle_30s_histgb,13,inner_validation,inner_train,auprc_lift,leave_one_view_out__fold02,False,True,leave_one_view_out__fold02__candidate_329,completed,high_response,09bd96f3f28027930e21282cb6cb1e34c79cb76197a270c426bd70e119d43e13,-0.028730158730158772
vehicle_30s_histgb,13,inner_validation,inner_train,auroc,leave_one_view_out__fold02,False,True,leave_one_view_out__fold02__candidate_329,completed,high_response,09bd96f3f28027930e21282cb6cb1e34c79cb76197a270c426bd70e119d43e13,0.37142857142857144
vehicle_30s_histgb,13,inner_validation,inner_train,balanced_accuracy,leave_one_view_out__fold02,False,True,leave_one_view_out__fold02__candidate_329,completed,high_response,09bd96f3f28027930e21282cb6cb1e34c79cb76197a270c426bd70e119d43e13,0.41428571428571426
vehicle_30s_histgb,13,inner_validation,inner_train,macro_f1,leave_one_view_out__fold01,False,True,leave_one_view_out__fold01__candidate_340,completed,maneuver,c8bb55db2e84fca264b1421bfe060cb36e07fbf025a5f825bde808b31ad5f850,0.13333333333333333
vehicle_30s_histgb,13,inner_validation,inner_train,support_aware_macro_f1,leave_one_view_out__fold01,False,True,leave_one_view_out__fold01__candidate_340,completed,maneuver,c8bb55db2e84fca264b1421bfe060cb36e07fbf025a5f825bde808b31ad5f850,0.13333333333333333
vehicle_30s_histgb,13,inner_validation,inner_train,majority_macro_f1,leave_one_view_out__fold01,False,True,leave_one_view_out__fold01__candidate_340,completed,maneuver,c8bb55db2e84fca264b1421bfe060cb36e07fbf025a5f825bde808b31ad5f850,0.13333333333333333
vehicle_30s_histgb,13,inner_validation,inner_train,macro_f1_lift,leave_one_view_out__fold01,False,True,leave_one_view_out__fold01__candidate_340,completed,maneuver,c8bb55db2e84fca264b1421bfe060cb36e07fbf025a5f825bde808b31ad5f850,0.0
vehicle_30s_histgb,13,inner_validation,inner_train,recall_low,leave_one_view_out__fold01,False,True,leave_one_view_out__fold01__candidate_340,completed,maneuver,c8bb55db2e84fca264b1421bfe060cb36e07fbf025a5f825bde808b31ad5f850,1.0
vehicle_30s_histgb,13,inner_validation,inner_train,recall_medium,leave_one_view_out__fold01,False,True,leave_one_view_out__fold01__candidate_340,completed,maneuver,c8bb55db2e84fca264b1421bfe060cb36e07fbf025a5f825bde808b31ad5f850,0.0
vehicle_30s_histgb,13,inner_validation,inner_train,recall_high,leave_one_view_out__fold01,False,True,leave_one_view_out__fold01__candidate_340,completed,maneuver,c8bb55db2e84fca264b1421bfe060cb36e07fbf025a5f825bde808b31ad5f850,0.0
vehicle_30s_histgb,13,inner_validation,inner_train,minimum_class_recall,leave_one_view_out__fold01,False,True,leave_one_view_out__fold01__candidate_340,completed,maneuver,c8bb55db2e84fca264b1421bfe060cb36e07fbf025a5f825bde808b31ad5f850,0.0
vehicle_30s_histgb,13,inner_validation,inner_train,ordinal_mae,leave_one_view_out__fold01,False,True,leave_one_view_out__fold01__candidate_340,completed,maneuver,c8bb55db2e84fca264b1421bfe060cb36e07fbf025a5f825bde808b31ad5f850,1.1666666666666667
vehicle_30s_histgb,13,inner_validation,inner_train,score_mae,leave_one_view_out__fold01,False,True,leave_one_view_out__fold01__candidate_340,completed,maneuver,c8bb55db2e84fca264b1421bfe060cb36e07fbf025a5f825bde808b31ad5f850,1.3993209967959952
vehicle_30s_histgb,13,inner_validation,inner_train,score_spearman,leave_one_view_out__fold01,False,True,leave_one_view_out__fold01__candidate_340,completed,maneuver,c8bb55db2e84fca264b1421bfe060cb36e07fbf025a5f825bde808b31ad5f850,0.0
vehicle_30s_histgb,13,inner_validation,inner_train,rmse,leave_one_view_out__fold01,False,True,leave_one_view_out__fold01__candidate_340,completed,response,c8bb55db2e84fca264b1421bfe060cb36e07fbf025a5f825bde808b31ad5f850,0.9520832805389658
vehicle_30s_histgb,13,inner_validation,inner_train,mae,leave_one_view_out__fold01,False,True,leave_one_view_out__fold01__candidate_340,completed,response,c8bb55db2e84fca264b1421bfe060cb36e07fbf025a5f825bde808b31ad5f850,0.7555119625577507
vehicle_30s_histgb,13,inner_validation,inner_train,validation_std,leave_one_view_out__fold01,False,True,leave_one_view_out__fold01__candidate_340,completed,response,c8bb55db2e84fca264b1421bfe060cb36e07fbf025a5f825bde808b31ad5f850,0.7738225567538186
vehicle_30s_histgb,13,inner_validation,inner_train,validation_iqr,leave_one_view_out__fold01,False,True,leave_one_view_out__fold01__candidate_340,completed,response,c8bb55db2e84fca264b1421bfe060cb36e07fbf025a5f825bde808b31ad5f850,1.1164541279861386
vehicle_30s_histgb,13,inner_validation,inner_train,nrmse_std,leave_one_view_out__fold01,False,True,leave_one_view_out__fold01__candidate_340,completed,response,c8bb55db2e84fca264b1421bfe060cb36e07fbf025a5f825bde808b31ad5f850,1.2303638246640807
vehicle_30s_histgb,13,inner_validation,inner_train,nrmse_iqr,leave_one_view_out__fold01,False,True,leave_one_view_out__fold01__candidate_340,completed,response,c8bb55db2e84fca264b1421bfe060cb36e07fbf025a5f825bde808b31ad5f850,0.8527742042177182
vehicle_30s_histgb,13,inner_validation,inner_train,train_mean_baseline_rmse,leave_one_view_out__fold01,False,True,leave_one_view_out__fold01__candidate_340,completed,response,c8bb55db2e84fca264b1421bfe060cb36e07fbf025a5f825bde808b31ad5f850,0.9520832805389658
vehicle_30s_histgb,13,inner_validation,inner_train,rmse_ratio,leave_one_view_out__fold01,False,True,leave_one_view_out__fold01__candidate_340,completed,response,c8bb55db2e84fca264b1421bfe060cb36e07fbf025a5f825bde808b31ad5f850,1.0
vehicle_30s_histgb,13,inner_validation,inner_train,response_skill,leave_one_view_out__fold01,False,True,leave_one_view_out__fold01__candidate_340,completed,response,c8bb55db2e84fca264b1421bfe060cb36e07fbf025a5f825bde808b31ad5f850,0.0
vehicle_30s_histgb,13,inner_validation,inner_train,spearman,leave_one_view_out__fold01,False,True,leave_one_view_out__fold01__candidate_340,completed,response,c8bb55db2e84fca264b1421bfe060cb36e07fbf025a5f825bde808b31ad5f850,0.0
vehicle_30s_histgb,13,inner_validation,inner_train,auprc,leave_one_view_out__fold01,False,True,leave_one_view_out__fold01__candidate_340,completed,high_response,c8bb55db2e84fca264b1421bfe060cb36e07fbf025a5f825bde808b31ad5f850,0.5804421768707483
vehicle_30s_histgb,13,inner_validation,inner_train,prevalence,leave_one_view_out__fold01,False,True,leave_one_view_out__fold01__candidate_340,completed,high_response,c8bb55db2e84fca264b1421bfe060cb36e07fbf025a5f825bde808b31ad5f850,0.5833333333333334
vehicle_30s_histgb,13,inner_validation,inner_train,random_baseline_auprc,leave_one_view_out__fold01,False,True,leave_one_view_out__fold01__candidate_340,completed,high_response,c8bb55db2e84fca264b1421bfe060cb36e07fbf025a5f825bde808b31ad5f850,0.5833333333333334
vehicle_30s_histgb,13,inner_validation,inner_train,normalized_ap,leave_one_view_out__fold01,False,True,leave_one_view_out__fold01__candidate_340,completed,high_response,c8bb55db2e84fca264b1421bfe060cb36e07fbf025a5f825bde808b31ad5f850,-0.00693877551020421
vehicle_30s_histgb,13,inner_validation,inner_train,auprc_lift,leave_one_view_out__fold01,False,True,leave_one_view_out__fold01__candidate_340,completed,high_response,c8bb55db2e84fca264b1421bfe060cb36e07fbf025a5f825bde808b31ad5f850,-0.002891156462585087
vehicle_30s_histgb,13,inner_validation,inner_train,auroc,leave_one_view_out__fold01,False,True,leave_one_view_out__fold01__candidate_340,completed,high_response,c8bb55db2e84fca264b1421bfe060cb36e07fbf025a5f825bde808b31ad5f850,0.4857142857142857
vehicle_30s_histgb,13,inner_validation,inner_train,balanced_accuracy,leave_one_view_out__fold01,False,True,leave_one_view_out__fold01__candidate_340,completed,high_response,c8bb55db2e84fca264b1421bfe060cb36e07fbf025a5f825bde808b31ad5f850,0.4714285714285714
vehicle_30s_histgb,13,inner_validation,inner_train,macro_f1,leave_one_view_out__fold01,False,True,leave_one_view_out__fold01__candidate_327,completed,maneuver,ef23ad8b080593cb9c8caaa4a57c59a5dc23c5987cd8d56c0f61e753cf15435c,0.19607843137254902
vehicle_30s_histgb,13,inner_validation,inner_train,support_aware_macro_f1,leave_one_view_out__fold01,False,True,leave_one_view_out__fold01__candidate_327,completed,maneuver,ef23ad8b080593cb9c8caaa4a57c59a5dc23c5987cd8d56c0f61e753cf15435c,0.19607843137254902
vehicle_30s_histgb,13,inner_validation,inner_train,majority_macro_f1,leave_one_view_out__fold01,False,True,leave_one_view_out__fold01__candidate_327,completed,maneuver,ef23ad8b080593cb9c8caaa4a57c59a5dc23c5987cd8d56c0f61e753cf15435c,0.19607843137254902
vehicle_30s_histgb,13,inner_validation,inner_train,macro_f1_lift,leave_one_view_out__fold01,False,True,leave_one_view_out__fold01__candidate_327,completed,maneuver,ef23ad8b080593cb9c8caaa4a57c59a5dc23c5987cd8d56c0f61e753cf15435c,0.0
vehicle_30s_histgb,13,inner_validation,inner_train,recall_low,leave_one_view_out__fold01,False,True,leave_one_view_out__fold01__candidate_327,completed,maneuver,ef23ad8b080593cb9c8caaa4a57c59a5dc23c5987cd8d56c0f61e753cf15435c,1.0
vehicle_30s_histgb,13,inner_validation,inner_train,recall_medium,leave_one_view_out__fold01,False,True,leave_one_view_out__fold01__candidate_327,completed,maneuver,ef23ad8b080593cb9c8caaa4a57c59a5dc23c5987cd8d56c0f61e753cf15435c,0.0
vehicle_30s_histgb,13,inner_validation,inner_train,recall_high,leave_one_view_out__fold01,False,True,leave_one_view_out__fold01__candidate_327,completed,maneuver,ef23ad8b080593cb9c8caaa4a57c59a5dc23c5987cd8d56c0f61e753cf15435c,0.0
vehicle_30s_histgb,13,inner_validation,inner_train,minimum_class_recall,leave_one_view_out__fold01,False,True,leave_one_view_out__fold01__candidate_327,completed,maneuver,ef23ad8b080593cb9c8caaa4a57c59a5dc23c5987cd8d56c0f61e753cf15435c,0.0
vehicle_30s_histgb,13,inner_validation,inner_train,ordinal_mae,leave_one_view_out__fold01,False,True,leave_one_view_out__fold01__candidate_327,completed,maneuver,ef23ad8b080593cb9c8caaa4a57c59a5dc23c5987cd8d56c0f61e753cf15435c,0.9166666666666666
vehicle_30s_histgb,13,inner_validation,inner_train,score_mae,leave_one_view_out__fold01,False,True,leave_one_view_out__fold01__candidate_327,completed,maneuver,ef23ad8b080593cb9c8caaa4a57c59a5dc23c5987cd8d56c0f61e753cf15435c,1.2286299246151329
vehicle_30s_histgb,13,inner_validation,inner_train,score_spearman,leave_one_view_out__fold01,False,True,leave_one_view_out__fold01__candidate_327,completed,maneuver,ef23ad8b080593cb9c8caaa4a57c59a5dc23c5987cd8d56c0f61e753cf15435c,0.0
vehicle_30s_histgb,13,inner_validation,inner_train,rmse,leave_one_view_out__fold01,False,True,leave_one_view_out__fold01__candidate_327,completed,response,ef23ad8b080593cb9c8caaa4a57c59a5dc23c5987cd8d56c0f61e753cf15435c,0.9686999988458442
vehicle_30s_histgb,13,inner_validation,inner_train,mae,leave_one_view_out__fold01,False,True,leave_one_view_out__fold01__candidate_327,completed,response,ef23ad8b080593cb9c8caaa4a57c59a5dc23c5987cd8d56c0f61e753cf15435c,0.8021303452093013
vehicle_30s_histgb,13,inner_validation,inner_train,validation_std,leave_one_view_out__fold01,False,True,leave_one_view_out__fold01__candidate_327,completed,response,ef23ad8b080593cb9c8caaa4a57c59a5dc23c5987cd8d56c0f61e753cf15435c,0.7424450098311778
vehicle_30s_histgb,13,inner_validation,inner_train,validation_iqr,leave_one_view_out__fold01,False,True,leave_one_view_out__fold01__candidate_327,completed,response,ef23ad8b080593cb9c8caaa4a57c59a5dc23c5987cd8d56c0f61e753cf15435c,0.8094986823286678
vehicle_30s_histgb,13,inner_validation,inner_train,nrmse_std,leave_one_view_out__fold01,False,True,leave_one_view_out__fold01__candidate_327,completed,response,ef23ad8b080593cb9c8caaa4a57c59a5dc23c5987cd8d56c0f61e753cf15435c,1.30474309345296
vehicle_30s_histgb,13,inner_validation,inner_train,nrmse_iqr,leave_one_view_out__fold01,False,True,leave_one_view_out__fold01__candidate_327,completed,response,ef23ad8b080593cb9c8caaa4a57c59a5dc23c5987cd8d56c0f61e753cf15435c,1.196666554242195
vehicle_30s_histgb,13,inner_validation,inner_train,train_mean_baseline_rmse,leave_one_view_out__fold01,False,True,leave_one_view_out__fold01__candidate_327,completed,response,ef23ad8b080593cb9c8caaa4a57c59a5dc23c5987cd8d56c0f61e753cf15435c,0.9686999988458442
vehicle_30s_histgb,13,inner_validation,inner_train,rmse_ratio,leave_one_view_out__fold01,False,True,leave_one_view_out__fold01__candidate_327,completed,response,ef23ad8b080593cb9c8caaa4a57c59a5dc23c5987cd8d56c0f61e753cf15435c,1.0
vehicle_30s_histgb,13,inner_validation,inner_train,response_skill,leave_one_view_out__fold01,False,True,leave_one_view_out__fold01__candidate_327,completed,response,ef23ad8b080593cb9c8caaa4a57c59a5dc23c5987cd8d56c0f61e753cf15435c,0.0
vehicle_30s_histgb,13,inner_validation,inner_train,spearman,leave_one_view_out__fold01,False,True,leave_one_view_out__fold01__candidate_327,completed,response,ef23ad8b080593cb9c8caaa4a57c59a5dc23c5987cd8d56c0f61e753cf15435c,0.0
vehicle_30s_histgb,13,inner_validation,inner_train,auprc,leave_one_view_out__fold01,False,True,leave_one_view_out__fold01__candidate_327,completed,high_response,ef23ad8b080593cb9c8caaa4a57c59a5dc23c5987cd8d56c0f61e753cf15435c,0.591220238095238
vehicle_30s_histgb,13,inner_validation,inner_train,prevalence,leave_one_view_out__fold01,False,True,leave_one_view_out__fold01__candidate_327,completed,high_response,ef23ad8b080593cb9c8caaa4a57c59a5dc23c5987cd8d56c0f61e753cf15435c,0.6666666666666666
vehicle_30s_histgb,13,inner_validation,inner_train,random_baseline_auprc,leave_one_view_out__fold01,False,True,leave_one_view_out__fold01__candidate_327,completed,high_response,ef23ad8b080593cb9c8caaa4a57c59a5dc23c5987cd8d56c0f61e753cf15435c,0.6666666666666666
vehicle_30s_histgb,13,inner_validation,inner_train,normalized_ap,leave_one_view_out__fold01,False,True,leave_one_view_out__fold01__candidate_327,completed,high_response,ef23ad8b080593cb9c8caaa4a57c59a5dc23c5987cd8d56c0f61e753cf15435c,-0.22633928571428572
vehicle_30s_histgb,13,inner_validation,inner_train,auprc_lift,leave_one_view_out__fold01,False,True,leave_one_view_out__fold01__candidate_327,completed,high_response,ef23ad8b080593cb9c8caaa4a57c59a5dc23c5987cd8d56c0f61e753cf15435c,-0.07544642857142858
vehicle_30s_histgb,13,inner_validation,inner_train,auroc,leave_one_view_out__fold01,False,True,leave_one_view_out__fold01__candidate_327,completed,high_response,ef23ad8b080593cb9c8caaa4a57c59a5dc23c5987cd8d56c0f61e753cf15435c,0.3125
vehicle_30s_histgb,13,inner_validation,inner_train,balanced_accuracy,leave_one_view_out__fold01,False,True,leave_one_view_out__fold01__candidate_327,completed,high_response,ef23ad8b080593cb9c8caaa4a57c59a5dc23c5987cd8d56c0f61e753cf15435c,0.5
dual_30s_histgb,14,inner_validation,inner_train,macro_f1,leave_one_view_out__fold01,False,True,leave_one_view_out__fold01__candidate_339,completed,maneuver,d49030f301fc10972368913bbfc6141aa638775e23f48bc8ad0055d5e48293a1,0.16666666666666666
dual_30s_histgb,14,inner_validation,inner_train,support_aware_macro_f1,leave_one_view_out__fold01,False,True,leave_one_view_out__fold01__candidate_339,completed,maneuver,d49030f301fc10972368913bbfc6141aa638775e23f48bc8ad0055d5e48293a1,0.16666666666666666
dual_30s_histgb,14,inner_validation,inner_train,majority_macro_f1,leave_one_view_out__fold01,False,True,leave_one_view_out__fold01__candidate_339,completed,maneuver,d49030f301fc10972368913bbfc6141aa638775e23f48bc8ad0055d5e48293a1,0.16666666666666666
dual_30s_histgb,14,inner_validation,inner_train,macro_f1_lift,leave_one_view_out__fold01,False,True,leave_one_view_out__fold01__candidate_339,completed,maneuver,d49030f301fc10972368913bbfc6141aa638775e23f48bc8ad0055d5e48293a1,0.0
dual_30s_histgb,14,inner_validation,inner_train,recall_low,leave_one_view_out__fold01,False,True,leave_one_view_out__fold01__candidate_339,completed,maneuver,d49030f301fc10972368913bbfc6141aa638775e23f48bc8ad0055d5e48293a1,1.0
dual_30s_histgb,14,inner_validation,inner_train,recall_medium,leave_one_view_out__fold01,False,True,leave_one_view_out__fold01__candidate_339,completed,maneuver,d49030f301fc10972368913bbfc6141aa638775e23f48bc8ad0055d5e48293a1,0.0
dual_30s_histgb,14,inner_validation,inner_train,recall_high,leave_one_view_out__fold01,False,True,leave_one_view_out__fold01__candidate_339,completed,maneuver,d49030f301fc10972368913bbfc6141aa638775e23f48bc8ad0055d5e48293a1,0.0
dual_30s_histgb,14,inner_validation,inner_train,minimum_class_recall,leave_one_view_out__fold01,False,True,leave_one_view_out__fold01__candidate_339,completed,maneuver,d49030f301fc10972368913bbfc6141aa638775e23f48bc8ad0055d5e48293a1,0.0
dual_30s_histgb,14,inner_validation,inner_train,ordinal_mae,leave_one_view_out__fold01,False,True,leave_one_view_out__fold01__candidate_339,completed,maneuver,d49030f301fc10972368913bbfc6141aa638775e23f48bc8ad0055d5e48293a1,1.0
dual_30s_histgb,14,inner_validation,inner_train,score_mae,leave_one_view_out__fold01,False,True,leave_one_view_out__fold01__candidate_339,completed,maneuver,d49030f301fc10972368913bbfc6141aa638775e23f48bc8ad0055d5e48293a1,1.2123544487044953
dual_30s_histgb,14,inner_validation,inner_train,score_spearman,leave_one_view_out__fold01,False,True,leave_one_view_out__fold01__candidate_339,completed,maneuver,d49030f301fc10972368913bbfc6141aa638775e23f48bc8ad0055d5e48293a1,0.0
dual_30s_histgb,14,inner_validation,inner_train,rmse,leave_one_view_out__fold01,False,True,leave_one_view_out__fold01__candidate_339,completed,response,d49030f301fc10972368913bbfc6141aa638775e23f48bc8ad0055d5e48293a1,1.2411261006308119
dual_30s_histgb,14,inner_validation,inner_train,mae,leave_one_view_out__fold01,False,True,leave_one_view_out__fold01__candidate_339,completed,response,d49030f301fc10972368913bbfc6141aa638775e23f48bc8ad0055d5e48293a1,0.9962637932534313
dual_30s_histgb,14,inner_validation,inner_train,validation_std,leave_one_view_out__fold01,False,True,leave_one_view_out__fold01__candidate_339,completed,response,d49030f301fc10972368913bbfc6141aa638775e23f48bc8ad0055d5e48293a1,0.9229823964743179
dual_30s_histgb,14,inner_validation,inner_train,validation_iqr,leave_one_view_out__fold01,False,True,leave_one_view_out__fold01__candidate_339,completed,response,d49030f301fc10972368913bbfc6141aa638775e23f48bc8ad0055d5e48293a1,1.5375502327333572
dual_30s_histgb,14,inner_validation,inner_train,nrmse_std,leave_one_view_out__fold01,False,True,leave_one_view_out__fold01__candidate_339,completed,response,d49030f301fc10972368913bbfc6141aa638775e23f48bc8ad0055d5e48293a1,1.3446909771754747
dual_30s_histgb,14,inner_validation,inner_train,nrmse_iqr,leave_one_view_out__fold01,False,True,leave_one_view_out__fold01__candidate_339,completed,response,d49030f301fc10972368913bbfc6141aa638775e23f48bc8ad0055d5e48293a1,0.8072101152912697
dual_30s_histgb,14,inner_validation,inner_train,train_mean_baseline_rmse,leave_one_view_out__fold01,False,True,leave_one_view_out__fold01__candidate_339,completed,response,d49030f301fc10972368913bbfc6141aa638775e23f48bc8ad0055d5e48293a1,1.2411261006308119
dual_30s_histgb,14,inner_validation,inner_train,rmse_ratio,leave_one_view_out__fold01,False,True,leave_one_view_out__fold01__candidate_339,completed,response,d49030f301fc10972368913bbfc6141aa638775e23f48bc8ad0055d5e48293a1,1.0
dual_30s_histgb,14,inner_validation,inner_train,response_skill,leave_one_view_out__fold01,False,True,leave_one_view_out__fold01__candidate_339,completed,response,d49030f301fc10972368913bbfc6141aa638775e23f48bc8ad0055d5e48293a1,0.0
dual_30s_histgb,14,inner_validation,inner_train,spearman,leave_one_view_out__fold01,False,True,leave_one_view_out__fold01__candidate_339,completed,response,d49030f301fc10972368913bbfc6141aa638775e23f48bc8ad0055d5e48293a1,0.0
dual_30s_histgb,14,inner_validation,inner_train,auprc,leave_one_view_out__fold01,False,True,leave_one_view_out__fold01__candidate_339,completed,high_response,d49030f301fc10972368913bbfc6141aa638775e23f48bc8ad0055d5e48293a1,0.5707656926406927
dual_30s_histgb,14,inner_validation,inner_train,prevalence,leave_one_view_out__fold01,False,True,leave_one_view_out__fold01__candidate_339,completed,high_response,d49030f301fc10972368913bbfc6141aa638775e23f48bc8ad0055d5e48293a1,0.6666666666666666
dual_30s_histgb,14,inner_validation,inner_train,random_baseline_auprc,leave_one_view_out__fold01,False,True,leave_one_view_out__fold01__candidate_339,completed,high_response,d49030f301fc10972368913bbfc6141aa638775e23f48bc8ad0055d5e48293a1,0.6666666666666666
dual_30s_histgb,14,inner_validation,inner_train,normalized_ap,leave_one_view_out__fold01,False,True,leave_one_view_out__fold01__candidate_339,completed,high_response,d49030f301fc10972368913bbfc6141aa638775e23f48bc8ad0055d5e48293a1,-0.28770292207792186
dual_30s_histgb,14,inner_validation,inner_train,auprc_lift,leave_one_view_out__fold01,False,True,leave_one_view_out__fold01__candidate_339,completed,high_response,d49030f301fc10972368913bbfc6141aa638775e23f48bc8ad0055d5e48293a1,-0.09590097402597397
dual_30s_histgb,14,inner_validation,inner_train,auroc,leave_one_view_out__fold01,False,True,leave_one_view_out__fold01__candidate_339,completed,high_response,d49030f301fc10972368913bbfc6141aa638775e23f48bc8ad0055d5e48293a1,0.25
dual_30s_histgb,14,inner_validation,inner_train,balanced_accuracy,leave_one_view_out__fold01,False,True,leave_one_view_out__fold01__candidate_339,completed,high_response,d49030f301fc10972368913bbfc6141aa638775e23f48bc8ad0055d5e48293a1,0.1875
dual_30s_histgb,14,inner_validation,inner_train,macro_f1,leave_one_view_out__fold01,False,True,leave_one_view_out__fold01__candidate_353,completed,maneuver,f1ddae33af89bc208d97290f0e03c19c4d93c0cd3b4e08a59452657e405013ac,0.13333333333333333
dual_30s_histgb,14,inner_validation,inner_train,support_aware_macro_f1,leave_one_view_out__fold01,False,True,leave_one_view_out__fold01__candidate_353,completed,maneuver,f1ddae33af89bc208d97290f0e03c19c4d93c0cd3b4e08a59452657e405013ac,0.13333333333333333
dual_30s_histgb,14,inner_validation,inner_train,majority_macro_f1,leave_one_view_out__fold01,False,True,leave_one_view_out__fold01__candidate_353,completed,maneuver,f1ddae33af89bc208d97290f0e03c19c4d93c0cd3b4e08a59452657e405013ac,0.13333333333333333
dual_30s_histgb,14,inner_validation,inner_train,macro_f1_lift,leave_one_view_out__fold01,False,True,leave_one_view_out__fold01__candidate_353,completed,maneuver,f1ddae33af89bc208d97290f0e03c19c4d93c0cd3b4e08a59452657e405013ac,0.0
dual_30s_histgb,14,inner_validation,inner_train,recall_low,leave_one_view_out__fold01,False,True,leave_one_view_out__fold01__candidate_353,completed,maneuver,f1ddae33af89bc208d97290f0e03c19c4d93c0cd3b4e08a59452657e405013ac,1.0
dual_30s_histgb,14,inner_validation,inner_train,recall_medium,leave_one_view_out__fold01,False,True,leave_one_view_out__fold01__candidate_353,completed,maneuver,f1ddae33af89bc208d97290f0e03c19c4d93c0cd3b4e08a59452657e405013ac,0.0
dual_30s_histgb,14,inner_validation,inner_train,recall_high,leave_one_view_out__fold01,False,True,leave_one_view_out__fold01__candidate_353,completed,maneuver,f1ddae33af89bc208d97290f0e03c19c4d93c0cd3b4e08a59452657e405013ac,0.0
dual_30s_histgb,14,inner_validation,inner_train,minimum_class_recall,leave_one_view_out__fold01,False,True,leave_one_view_out__fold01__candidate_353,completed,maneuver,f1ddae33af89bc208d97290f0e03c19c4d93c0cd3b4e08a59452657e405013ac,0.0
dual_30s_histgb,14,inner_validation,inner_train,ordinal_mae,leave_one_view_out__fold01,False,True,leave_one_view_out__fold01__candidate_353,completed,maneuver,f1ddae33af89bc208d97290f0e03c19c4d93c0cd3b4e08a59452657e405013ac,1.1666666666666667
dual_30s_histgb,14,inner_validation,inner_train,score_mae,leave_one_view_out__fold01,False,True,leave_one_view_out__fold01__candidate_353,completed,maneuver,f1ddae33af89bc208d97290f0e03c19c4d93c0cd3b4e08a59452657e405013ac,1.3599473257211443
dual_30s_histgb,14,inner_validation,inner_train,score_spearman,leave_one_view_out__fold01,False,True,leave_one_view_out__fold01__candidate_353,completed,maneuver,f1ddae33af89bc208d97290f0e03c19c4d93c0cd3b4e08a59452657e405013ac,0.0
dual_30s_histgb,14,inner_validation,inner_train,rmse,leave_one_view_out__fold01,False,True,leave_one_view_out__fold01__candidate_353,completed,response,f1ddae33af89bc208d97290f0e03c19c4d93c0cd3b4e08a59452657e405013ac,0.9551898219217477
dual_30s_histgb,14,inner_validation,inner_train,mae,leave_one_view_out__fold01,False,True,leave_one_view_out__fold01__candidate_353,completed,response,f1ddae33af89bc208d97290f0e03c19c4d93c0cd3b4e08a59452657e405013ac,0.7105420937519185
dual_30s_histgb,14,inner_validation,inner_train,validation_std,leave_one_view_out__fold01,False,True,leave_one_view_out__fold01__candidate_353,completed,response,f1ddae33af89bc208d97290f0e03c19c4d93c0cd3b4e08a59452657e405013ac,0.8091453454981316
dual_30s_histgb,14,inner_validation,inner_train,validation_iqr,leave_one_view_out__fold01,False,True,leave_one_view_out__fold01__candidate_353,completed,response,f1ddae33af89bc208d97290f0e03c19c4d93c0cd3b4e08a59452657e405013ac,1.218839946496964
dual_30s_histgb,14,inner_validation,inner_train,nrmse_std,leave_one_view_out__fold01,False,True,leave_one_view_out__fold01__candidate_353,completed,response,f1ddae33af89bc208d97290f0e03c19c4d93c0cd3b4e08a59452657e405013ac,1.1804922653713188
dual_30s_histgb,14,inner_validation,inner_train,nrmse_iqr,leave_one_view_out__fold01,False,True,leave_one_view_out__fold01__candidate_353,completed,response,f1ddae33af89bc208d97290f0e03c19c4d93c0cd3b4e08a59452657e405013ac,0.7836876569946972
dual_30s_histgb,14,inner_validation,inner_train,train_mean_baseline_rmse,leave_one_view_out__fold01,False,True,leave_one_view_out__fold01__candidate_353,completed,response,f1ddae33af89bc208d97290f0e03c19c4d93c0cd3b4e08a59452657e405013ac,0.9551898219217477
dual_30s_histgb,14,inner_validation,inner_train,rmse_ratio,leave_one_view_out__fold01,False,True,leave_one_view_out__fold01__candidate_353,completed,response,f1ddae33af89bc208d97290f0e03c19c4d93c0cd3b4e08a59452657e405013ac,1.0
dual_30s_histgb,14,inner_validation,inner_train,response_skill,leave_one_view_out__fold01,False,True,leave_one_view_out__fold01__candidate_353,completed,response,f1ddae33af89bc208d97290f0e03c19c4d93c0cd3b4e08a59452657e405013ac,0.0
dual_30s_histgb,14,inner_validation,inner_train,spearman,leave_one_view_out__fold01,False,True,leave_one_view_out__fold01__candidate_353,completed,response,f1ddae33af89bc208d97290f0e03c19c4d93c0cd3b4e08a59452657e405013ac,0.0
dual_30s_histgb,14,inner_validation,inner_train,auprc,leave_one_view_out__fold01,False,True,leave_one_view_out__fold01__candidate_353,completed,high_response,f1ddae33af89bc208d97290f0e03c19c4d93c0cd3b4e08a59452657e405013ac,0.371031746031746
dual_30s_histgb,14,inner_validation,inner_train,prevalence,leave_one_view_out__fold01,False,True,leave_one_view_out__fold01__candidate_353,completed,high_response,f1ddae33af89bc208d97290f0e03c19c4d93c0cd3b4e08a59452657e405013ac,0.4166666666666667
dual_30s_histgb,14,inner_validation,inner_train,random_baseline_auprc,leave_one_view_out__fold01,False,True,leave_one_view_out__fold01__candidate_353,completed,high_response,f1ddae33af89bc208d97290f0e03c19c4d93c0cd3b4e08a59452657e405013ac,0.4166666666666667
dual_30s_histgb,14,inner_validation,inner_train,normalized_ap,leave_one_view_out__fold01,False,True,leave_one_view_out__fold01__candidate_353,completed,high_response,f1ddae33af89bc208d97290f0e03c19c4d93c0cd3b4e08a59452657e405013ac,-0.07823129251700692
dual_30s_histgb,14,inner_validation,inner_train,auprc_lift,leave_one_view_out__fold01,False,True,leave_one_view_out__fold01__candidate_353,completed,high_response,f1ddae33af89bc208d97290f0e03c19c4d93c0cd3b4e08a59452657e405013ac,-0.045634920634920695
dual_30s_histgb,14,inner_validation,inner_train,auroc,leave_one_view_out__fold01,False,True,leave_one_view_out__fold01__candidate_353,completed,high_response,f1ddae33af89bc208d97290f0e03c19c4d93c0cd3b4e08a59452657e405013ac,0.34285714285714286
dual_30s_histgb,14,inner_validation,inner_train,balanced_accuracy,leave_one_view_out__fold01,False,True,leave_one_view_out__fold01__candidate_353,completed,high_response,f1ddae33af89bc208d97290f0e03c19c4d93c0cd3b4e08a59452657e405013ac,0.3142857142857143
dual_30s_histgb,14,inner_validation,inner_train,macro_f1,leave_one_view_out__fold02,False,True,leave_one_view_out__fold02__candidate_328,completed,maneuver,76857c61556d36c9eb8d7060ea53eb10f2e65e3f7b2a4854ab4c6016248a0b48,0.19607843137254902
dual_30s_histgb,14,inner_validation,inner_train,support_aware_macro_f1,leave_one_view_out__fold02,False,True,leave_one_view_out__fold02__candidate_328,completed,maneuver,76857c61556d36c9eb8d7060ea53eb10f2e65e3f7b2a4854ab4c6016248a0b48,0.19607843137254902
dual_30s_histgb,14,inner_validation,inner_train,majority_macro_f1,leave_one_view_out__fold02,False,True,leave_one_view_out__fold02__candidate_328,completed,maneuver,76857c61556d36c9eb8d7060ea53eb10f2e65e3f7b2a4854ab4c6016248a0b48,0.19607843137254902
dual_30s_histgb,14,inner_validation,inner_train,macro_f1_lift,leave_one_view_out__fold02,False,True,leave_one_view_out__fold02__candidate_328,completed,maneuver,76857c61556d36c9eb8d7060ea53eb10f2e65e3f7b2a4854ab4c6016248a0b48,0.0
dual_30s_histgb,14,inner_validation,inner_train,recall_low,leave_one_view_out__fold02,False,True,leave_one_view_out__fold02__candidate_328,completed,maneuver,76857c61556d36c9eb8d7060ea53eb10f2e65e3f7b2a4854ab4c6016248a0b48,1.0
dual_30s_histgb,14,inner_validation,inner_train,recall_medium,leave_one_view_out__fold02,False,True,leave_one_view_out__fold02__candidate_328,completed,maneuver,76857c61556d36c9eb8d7060ea53eb10f2e65e3f7b2a4854ab4c6016248a0b48,0.0
dual_30s_histgb,14,inner_validation,inner_train,recall_high,leave_one_view_out__fold02,False,True,leave_one_view_out__fold02__candidate_328,completed,maneuver,76857c61556d36c9eb8d7060ea53eb10f2e65e3f7b2a4854ab4c6016248a0b48,0.0
dual_30s_histgb,14,inner_validation,inner_train,minimum_class_recall,leave_one_view_out__fold02,False,True,leave_one_view_out__fold02__candidate_328,completed,maneuver,76857c61556d36c9eb8d7060ea53eb10f2e65e3f7b2a4854ab4c6016248a0b48,0.0
dual_30s_histgb,14,inner_validation,inner_train,ordinal_mae,leave_one_view_out__fold02,False,True,leave_one_view_out__fold02__candidate_328,completed,maneuver,76857c61556d36c9eb8d7060ea53eb10f2e65e3f7b2a4854ab4c6016248a0b48,0.8333333333333334
dual_30s_histgb,14,inner_validation,inner_train,score_mae,leave_one_view_out__fold02,False,True,leave_one_view_out__fold02__candidate_328,completed,maneuver,76857c61556d36c9eb8d7060ea53eb10f2e65e3f7b2a4854ab4c6016248a0b48,1.037253157286209
dual_30s_histgb,14,inner_validation,inner_train,score_spearman,leave_one_view_out__fold02,False,True,leave_one_view_out__fold02__candidate_328,completed,maneuver,76857c61556d36c9eb8d7060ea53eb10f2e65e3f7b2a4854ab4c6016248a0b48,0.0
dual_30s_histgb,14,inner_validation,inner_train,rmse,leave_one_view_out__fold02,False,True,leave_one_view_out__fold02__candidate_328,completed,response,76857c61556d36c9eb8d7060ea53eb10f2e65e3f7b2a4854ab4c6016248a0b48,0.760282844198373
dual_30s_histgb,14,inner_validation,inner_train,mae,leave_one_view_out__fold02,False,True,leave_one_view_out__fold02__candidate_328,completed,response,76857c61556d36c9eb8d7060ea53eb10f2e65e3f7b2a4854ab4c6016248a0b48,0.6182296812270255
dual_30s_histgb,14,inner_validation,inner_train,validation_std,leave_one_view_out__fold02,False,True,leave_one_view_out__fold02__candidate_328,completed,response,76857c61556d36c9eb8d7060ea53eb10f2e65e3f7b2a4854ab4c6016248a0b48,0.6661100828266592
dual_30s_histgb,14,inner_validation,inner_train,validation_iqr,leave_one_view_out__fold02,False,True,leave_one_view_out__fold02__candidate_328,completed,response,76857c61556d36c9eb8d7060ea53eb10f2e65e3f7b2a4854ab4c6016248a0b48,0.8168154939282022
dual_30s_histgb,14,inner_validation,inner_train,nrmse_std,leave_one_view_out__fold02,False,True,leave_one_view_out__fold02__candidate_328,completed,response,76857c61556d36c9eb8d7060ea53eb10f2e65e3f7b2a4854ab4c6016248a0b48,1.1413771744335242
dual_30s_histgb,14,inner_validation,inner_train,nrmse_iqr,leave_one_view_out__fold02,False,True,leave_one_view_out__fold02__candidate_328,completed,response,76857c61556d36c9eb8d7060ea53eb10f2e65e3f7b2a4854ab4c6016248a0b48,0.9307889601139246
dual_30s_histgb,14,inner_validation,inner_train,train_mean_baseline_rmse,leave_one_view_out__fold02,False,True,leave_one_view_out__fold02__candidate_328,completed,response,76857c61556d36c9eb8d7060ea53eb10f2e65e3f7b2a4854ab4c6016248a0b48,0.760282844198373
dual_30s_histgb,14,inner_validation,inner_train,rmse_ratio,leave_one_view_out__fold02,False,True,leave_one_view_out__fold02__candidate_328,completed,response,76857c61556d36c9eb8d7060ea53eb10f2e65e3f7b2a4854ab4c6016248a0b48,1.0
dual_30s_histgb,14,inner_validation,inner_train,response_skill,leave_one_view_out__fold02,False,True,leave_one_view_out__fold02__candidate_328,completed,response,76857c61556d36c9eb8d7060ea53eb10f2e65e3f7b2a4854ab4c6016248a0b48,0.0
dual_30s_histgb,14,inner_validation,inner_train,spearman,leave_one_view_out__fold02,False,True,leave_one_view_out__fold02__candidate_328,completed,response,76857c61556d36c9eb8d7060ea53eb10f2e65e3f7b2a4854ab4c6016248a0b48,0.0
dual_30s_histgb,14,inner_validation,inner_train,auprc,leave_one_view_out__fold02,False,True,leave_one_view_out__fold02__candidate_328,completed,high_response,76857c61556d36c9eb8d7060ea53eb10f2e65e3f7b2a4854ab4c6016248a0b48,0.38
dual_30s_histgb,14,inner_validation,inner_train,prevalence,leave_one_view_out__fold02,False,True,leave_one_view_out__fold02__candidate_328,completed,high_response,76857c61556d36c9eb8d7060ea53eb10f2e65e3f7b2a4854ab4c6016248a0b48,0.4166666666666667
dual_30s_histgb,14,inner_validation,inner_train,random_baseline_auprc,leave_one_view_out__fold02,False,True,leave_one_view_out__fold02__candidate_328,completed,high_response,76857c61556d36c9eb8d7060ea53eb10f2e65e3f7b2a4854ab4c6016248a0b48,0.4166666666666667
dual_30s_histgb,14,inner_validation,inner_train,normalized_ap,leave_one_view_out__fold02,False,True,leave_one_view_out__fold02__candidate_328,completed,high_response,76857c61556d36c9eb8d7060ea53eb10f2e65e3f7b2a4854ab4c6016248a0b48,-0.06285714285714289
dual_30s_histgb,14,inner_validation,inner_train,auprc_lift,leave_one_view_out__fold02,False,True,leave_one_view_out__fold02__candidate_328,completed,high_response,76857c61556d36c9eb8d7060ea53eb10f2e65e3f7b2a4854ab4c6016248a0b48,-0.03666666666666668
dual_30s_histgb,14,inner_validation,inner_train,auroc,leave_one_view_out__fold02,False,True,leave_one_view_out__fold02__candidate_328,completed,high_response,76857c61556d36c9eb8d7060ea53eb10f2e65e3f7b2a4854ab4c6016248a0b48,0.2571428571428572
dual_30s_histgb,14,inner_validation,inner_train,balanced_accuracy,leave_one_view_out__fold02,False,True,leave_one_view_out__fold02__candidate_328,completed,high_response,76857c61556d36c9eb8d7060ea53eb10f2e65e3f7b2a4854ab4c6016248a0b48,0.3142857142857143
dual_30s_histgb,14,inner_validation,inner_train,macro_f1,leave_one_view_out__fold02,False,True,leave_one_view_out__fold02__candidate_329,completed,maneuver,09bd96f3f28027930e21282cb6cb1e34c79cb76197a270c426bd70e119d43e13,0.13333333333333333
dual_30s_histgb,14,inner_validation,inner_train,support_aware_macro_f1,leave_one_view_out__fold02,False,True,leave_one_view_out__fold02__candidate_329,completed,maneuver,09bd96f3f28027930e21282cb6cb1e34c79cb76197a270c426bd70e119d43e13,0.13333333333333333
dual_30s_histgb,14,inner_validation,inner_train,majority_macro_f1,leave_one_view_out__fold02,False,True,leave_one_view_out__fold02__candidate_329,completed,maneuver,09bd96f3f28027930e21282cb6cb1e34c79cb76197a270c426bd70e119d43e13,0.13333333333333333
dual_30s_histgb,14,inner_validation,inner_train,macro_f1_lift,leave_one_view_out__fold02,False,True,leave_one_view_out__fold02__candidate_329,completed,maneuver,09bd96f3f28027930e21282cb6cb1e34c79cb76197a270c426bd70e119d43e13,0.0
dual_30s_histgb,14,inner_validation,inner_train,recall_low,leave_one_view_out__fold02,False,True,leave_one_view_out__fold02__candidate_329,completed,maneuver,09bd96f3f28027930e21282cb6cb1e34c79cb76197a270c426bd70e119d43e13,1.0
dual_30s_histgb,14,inner_validation,inner_train,recall_medium,leave_one_view_out__fold02,False,True,leave_one_view_out__fold02__candidate_329,completed,maneuver,09bd96f3f28027930e21282cb6cb1e34c79cb76197a270c426bd70e119d43e13,0.0
dual_30s_histgb,14,inner_validation,inner_train,recall_high,leave_one_view_out__fold02,False,True,leave_one_view_out__fold02__candidate_329,completed,maneuver,09bd96f3f28027930e21282cb6cb1e34c79cb76197a270c426bd70e119d43e13,0.0
dual_30s_histgb,14,inner_validation,inner_train,minimum_class_recall,leave_one_view_out__fold02,False,True,leave_one_view_out__fold02__candidate_329,completed,maneuver,09bd96f3f28027930e21282cb6cb1e34c79cb76197a270c426bd70e119d43e13,0.0
dual_30s_histgb,14,inner_validation,inner_train,ordinal_mae,leave_one_view_out__fold02,False,True,leave_one_view_out__fold02__candidate_329,completed,maneuver,09bd96f3f28027930e21282cb6cb1e34c79cb76197a270c426bd70e119d43e13,1.1666666666666667
dual_30s_histgb,14,inner_validation,inner_train,score_mae,leave_one_view_out__fold02,False,True,leave_one_view_out__fold02__candidate_329,completed,maneuver,09bd96f3f28027930e21282cb6cb1e34c79cb76197a270c426bd70e119d43e13,1.7762992637954804
dual_30s_histgb,14,inner_validation,inner_train,score_spearman,leave_one_view_out__fold02,False,True,leave_one_view_out__fold02__candidate_329,completed,maneuver,09bd96f3f28027930e21282cb6cb1e34c79cb76197a270c426bd70e119d43e13,0.0
dual_30s_histgb,14,inner_validation,inner_train,rmse,leave_one_view_out__fold02,False,True,leave_one_view_out__fold02__candidate_329,completed,response,09bd96f3f28027930e21282cb6cb1e34c79cb76197a270c426bd70e119d43e13,0.7887754436917268
dual_30s_histgb,14,inner_validation,inner_train,mae,leave_one_view_out__fold02,False,True,leave_one_view_out__fold02__candidate_329,completed,response,09bd96f3f28027930e21282cb6cb1e34c79cb76197a270c426bd70e119d43e13,0.6418755458533681
dual_30s_histgb,14,inner_validation,inner_train,validation_std,leave_one_view_out__fold02,False,True,leave_one_view_out__fold02__candidate_329,completed,response,09bd96f3f28027930e21282cb6cb1e34c79cb76197a270c426bd70e119d43e13,0.7444107826338696
dual_30s_histgb,14,inner_validation,inner_train,validation_iqr,leave_one_view_out__fold02,False,True,leave_one_view_out__fold02__candidate_329,completed,response,09bd96f3f28027930e21282cb6cb1e34c79cb76197a270c426bd70e119d43e13,1.126261329695373
dual_30s_histgb,14,inner_validation,inner_train,nrmse_std,leave_one_view_out__fold02,False,True,leave_one_view_out__fold02__candidate_329,completed,response,09bd96f3f28027930e21282cb6cb1e34c79cb76197a270c426bd70e119d43e13,1.0595970156435488
dual_30s_histgb,14,inner_validation,inner_train,nrmse_iqr,leave_one_view_out__fold02,False,True,leave_one_view_out__fold02__candidate_329,completed,response,09bd96f3f28027930e21282cb6cb1e34c79cb76197a270c426bd70e119d43e13,0.7003485096172768
dual_30s_histgb,14,inner_validation,inner_train,train_mean_baseline_rmse,leave_one_view_out__fold02,False,True,leave_one_view_out__fold02__candidate_329,completed,response,09bd96f3f28027930e21282cb6cb1e34c79cb76197a270c426bd70e119d43e13,0.7887754436917268
dual_30s_histgb,14,inner_validation,inner_train,rmse_ratio,leave_one_view_out__fold02,False,True,leave_one_view_out__fold02__candidate_329,completed,response,09bd96f3f28027930e21282cb6cb1e34c79cb76197a270c426bd70e119d43e13,1.0
dual_30s_histgb,14,inner_validation,inner_train,response_skill,leave_one_view_out__fold02,False,True,leave_one_view_out__fold02__candidate_329,completed,response,09bd96f3f28027930e21282cb6cb1e34c79cb76197a270c426bd70e119d43e13,0.0
dual_30s_histgb,14,inner_validation,inner_train,spearman,leave_one_view_out__fold02,False,True,leave_one_view_out__fold02__candidate_329,completed,response,09bd96f3f28027930e21282cb6cb1e34c79cb76197a270c426bd70e119d43e13,0.0
dual_30s_histgb,14,inner_validation,inner_train,auprc,leave_one_view_out__fold02,False,True,leave_one_view_out__fold02__candidate_329,completed,high_response,09bd96f3f28027930e21282cb6cb1e34c79cb76197a270c426bd70e119d43e13,0.4688888888888889
dual_30s_histgb,14,inner_validation,inner_train,prevalence,leave_one_view_out__fold02,False,True,leave_one_view_out__fold02__candidate_329,completed,high_response,09bd96f3f28027930e21282cb6cb1e34c79cb76197a270c426bd70e119d43e13,0.4166666666666667
dual_30s_histgb,14,inner_validation,inner_train,random_baseline_auprc,leave_one_view_out__fold02,False,True,leave_one_view_out__fold02__candidate_329,completed,high_response,09bd96f3f28027930e21282cb6cb1e34c79cb76197a270c426bd70e119d43e13,0.4166666666666667
dual_30s_histgb,14,inner_validation,inner_train,normalized_ap,leave_one_view_out__fold02,False,True,leave_one_view_out__fold02__candidate_329,completed,high_response,09bd96f3f28027930e21282cb6cb1e34c79cb76197a270c426bd70e119d43e13,0.08952380952380955
dual_30s_histgb,14,inner_validation,inner_train,auprc_lift,leave_one_view_out__fold02,False,True,leave_one_view_out__fold02__candidate_329,completed,high_response,09bd96f3f28027930e21282cb6cb1e34c79cb76197a270c426bd70e119d43e13,0.052222222222222225
dual_30s_histgb,14,inner_validation,inner_train,auroc,leave_one_view_out__fold02,False,True,leave_one_view_out__fold02__candidate_329,completed,high_response,09bd96f3f28027930e21282cb6cb1e34c79cb76197a270c426bd70e119d43e13,0.5142857142857142
dual_30s_histgb,14,inner_validation,inner_train,balanced_accuracy,leave_one_view_out__fold02,False,True,leave_one_view_out__fold02__candidate_329,completed,high_response,09bd96f3f28027930e21282cb6cb1e34c79cb76197a270c426bd70e119d43e13,0.5857142857142856
dual_30s_histgb,14,inner_validation,inner_train,macro_f1,leave_one_view_out__fold01,False,True,leave_one_view_out__fold01__candidate_340,completed,maneuver,c8bb55db2e84fca264b1421bfe060cb36e07fbf025a5f825bde808b31ad5f850,0.13333333333333333
dual_30s_histgb,14,inner_validation,inner_train,support_aware_macro_f1,leave_one_view_out__fold01,False,True,leave_one_view_out__fold01__candidate_340,completed,maneuver,c8bb55db2e84fca264b1421bfe060cb36e07fbf025a5f825bde808b31ad5f850,0.13333333333333333
dual_30s_histgb,14,inner_validation,inner_train,majority_macro_f1,leave_one_view_out__fold01,False,True,leave_one_view_out__fold01__candidate_340,completed,maneuver,c8bb55db2e84fca264b1421bfe060cb36e07fbf025a5f825bde808b31ad5f850,0.13333333333333333
dual_30s_histgb,14,inner_validation,inner_train,macro_f1_lift,leave_one_view_out__fold01,False,True,leave_one_view_out__fold01__candidate_340,completed,maneuver,c8bb55db2e84fca264b1421bfe060cb36e07fbf025a5f825bde808b31ad5f850,0.0
dual_30s_histgb,14,inner_validation,inner_train,recall_low,leave_one_view_out__fold01,False,True,leave_one_view_out__fold01__candidate_340,completed,maneuver,c8bb55db2e84fca264b1421bfe060cb36e07fbf025a5f825bde808b31ad5f850,1.0
dual_30s_histgb,14,inner_validation,inner_train,recall_medium,leave_one_view_out__fold01,False,True,leave_one_view_out__fold01__candidate_340,completed,maneuver,c8bb55db2e84fca264b1421bfe060cb36e07fbf025a5f825bde808b31ad5f850,0.0
dual_30s_histgb,14,inner_validation,inner_train,recall_high,leave_one_view_out__fold01,False,True,leave_one_view_out__fold01__candidate_340,completed,maneuver,c8bb55db2e84fca264b1421bfe060cb36e07fbf025a5f825bde808b31ad5f850,0.0
dual_30s_histgb,14,inner_validation,inner_train,minimum_class_recall,leave_one_view_out__fold01,False,True,leave_one_view_out__fold01__candidate_340,completed,maneuver,c8bb55db2e84fca264b1421bfe060cb36e07fbf025a5f825bde808b31ad5f850,0.0
dual_30s_histgb,14,inner_validation,inner_train,ordinal_mae,leave_one_view_out__fold01,False,True,leave_one_view_out__fold01__candidate_340,completed,maneuver,c8bb55db2e84fca264b1421bfe060cb36e07fbf025a5f825bde808b31ad5f850,1.1666666666666667
dual_30s_histgb,14,inner_validation,inner_train,score_mae,leave_one_view_out__fold01,False,True,leave_one_view_out__fold01__candidate_340,completed,maneuver,c8bb55db2e84fca264b1421bfe060cb36e07fbf025a5f825bde808b31ad5f850,1.3993209967959952
dual_30s_histgb,14,inner_validation,inner_train,score_spearman,leave_one_view_out__fold01,False,True,leave_one_view_out__fold01__candidate_340,completed,maneuver,c8bb55db2e84fca264b1421bfe060cb36e07fbf025a5f825bde808b31ad5f850,0.0
dual_30s_histgb,14,inner_validation,inner_train,rmse,leave_one_view_out__fold01,False,True,leave_one_view_out__fold01__candidate_340,completed,response,c8bb55db2e84fca264b1421bfe060cb36e07fbf025a5f825bde808b31ad5f850,0.9520832805389658
dual_30s_histgb,14,inner_validation,inner_train,mae,leave_one_view_out__fold01,False,True,leave_one_view_out__fold01__candidate_340,completed,response,c8bb55db2e84fca264b1421bfe060cb36e07fbf025a5f825bde808b31ad5f850,0.7555119625577507
dual_30s_histgb,14,inner_validation,inner_train,validation_std,leave_one_view_out__fold01,False,True,leave_one_view_out__fold01__candidate_340,completed,response,c8bb55db2e84fca264b1421bfe060cb36e07fbf025a5f825bde808b31ad5f850,0.7738225567538186
dual_30s_histgb,14,inner_validation,inner_train,validation_iqr,leave_one_view_out__fold01,False,True,leave_one_view_out__fold01__candidate_340,completed,response,c8bb55db2e84fca264b1421bfe060cb36e07fbf025a5f825bde808b31ad5f850,1.1164541279861386
dual_30s_histgb,14,inner_validation,inner_train,nrmse_std,leave_one_view_out__fold01,False,True,leave_one_view_out__fold01__candidate_340,completed,response,c8bb55db2e84fca264b1421bfe060cb36e07fbf025a5f825bde808b31ad5f850,1.2303638246640807
dual_30s_histgb,14,inner_validation,inner_train,nrmse_iqr,leave_one_view_out__fold01,False,True,leave_one_view_out__fold01__candidate_340,completed,response,c8bb55db2e84fca264b1421bfe060cb36e07fbf025a5f825bde808b31ad5f850,0.8527742042177182
dual_30s_histgb,14,inner_validation,inner_train,train_mean_baseline_rmse,leave_one_view_out__fold01,False,True,leave_one_view_out__fold01__candidate_340,completed,response,c8bb55db2e84fca264b1421bfe060cb36e07fbf025a5f825bde808b31ad5f850,0.9520832805389658
dual_30s_histgb,14,inner_validation,inner_train,rmse_ratio,leave_one_view_out__fold01,False,True,leave_one_view_out__fold01__candidate_340,completed,response,c8bb55db2e84fca264b1421bfe060cb36e07fbf025a5f825bde808b31ad5f850,1.0
dual_30s_histgb,14,inner_validation,inner_train,response_skill,leave_one_view_out__fold01,False,True,leave_one_view_out__fold01__candidate_340,completed,response,c8bb55db2e84fca264b1421bfe060cb36e07fbf025a5f825bde808b31ad5f850,0.0
dual_30s_histgb,14,inner_validation,inner_train,spearman,leave_one_view_out__fold01,False,True,leave_one_view_out__fold01__candidate_340,completed,response,c8bb55db2e84fca264b1421bfe060cb36e07fbf025a5f825bde808b31ad5f850,0.0
dual_30s_histgb,14,inner_validation,inner_train,auprc,leave_one_view_out__fold01,False,True,leave_one_view_out__fold01__candidate_340,completed,high_response,c8bb55db2e84fca264b1421bfe060cb36e07fbf025a5f825bde808b31ad5f850,0.5661564625850339
dual_30s_histgb,14,inner_validation,inner_train,prevalence,leave_one_view_out__fold01,False,True,leave_one_view_out__fold01__candidate_340,completed,high_response,c8bb55db2e84fca264b1421bfe060cb36e07fbf025a5f825bde808b31ad5f850,0.5833333333333334
dual_30s_histgb,14,inner_validation,inner_train,random_baseline_auprc,leave_one_view_out__fold01,False,True,leave_one_view_out__fold01__candidate_340,completed,high_response,c8bb55db2e84fca264b1421bfe060cb36e07fbf025a5f825bde808b31ad5f850,0.5833333333333334
dual_30s_histgb,14,inner_validation,inner_train,normalized_ap,leave_one_view_out__fold01,False,True,leave_one_view_out__fold01__candidate_340,completed,high_response,c8bb55db2e84fca264b1421bfe060cb36e07fbf025a5f825bde808b31ad5f850,-0.04122448979591865
dual_30s_histgb,14,inner_validation,inner_train,auprc_lift,leave_one_view_out__fold01,False,True,leave_one_view_out__fold01__candidate_340,completed,high_response,c8bb55db2e84fca264b1421bfe060cb36e07fbf025a5f825bde808b31ad5f850,-0.017176870748299433
dual_30s_histgb,14,inner_validation,inner_train,auroc,leave_one_view_out__fold01,False,True,leave_one_view_out__fold01__candidate_340,completed,high_response,c8bb55db2e84fca264b1421bfe060cb36e07fbf025a5f825bde808b31ad5f850,0.4571428571428572
dual_30s_histgb,14,inner_validation,inner_train,balanced_accuracy,leave_one_view_out__fold01,False,True,leave_one_view_out__fold01__candidate_340,completed,high_response,c8bb55db2e84fca264b1421bfe060cb36e07fbf025a5f825bde808b31ad5f850,0.4714285714285714
dual_30s_histgb,14,inner_validation,inner_train,macro_f1,leave_one_view_out__fold01,False,True,leave_one_view_out__fold01__candidate_327,completed,maneuver,ef23ad8b080593cb9c8caaa4a57c59a5dc23c5987cd8d56c0f61e753cf15435c,0.19607843137254902
dual_30s_histgb,14,inner_validation,inner_train,support_aware_macro_f1,leave_one_view_out__fold01,False,True,leave_one_view_out__fold01__candidate_327,completed,maneuver,ef23ad8b080593cb9c8caaa4a57c59a5dc23c5987cd8d56c0f61e753cf15435c,0.19607843137254902
dual_30s_histgb,14,inner_validation,inner_train,majority_macro_f1,leave_one_view_out__fold01,False,True,leave_one_view_out__fold01__candidate_327,completed,maneuver,ef23ad8b080593cb9c8caaa4a57c59a5dc23c5987cd8d56c0f61e753cf15435c,0.19607843137254902
dual_30s_histgb,14,inner_validation,inner_train,macro_f1_lift,leave_one_view_out__fold01,False,True,leave_one_view_out__fold01__candidate_327,completed,maneuver,ef23ad8b080593cb9c8caaa4a57c59a5dc23c5987cd8d56c0f61e753cf15435c,0.0
dual_30s_histgb,14,inner_validation,inner_train,recall_low,leave_one_view_out__fold01,False,True,leave_one_view_out__fold01__candidate_327,completed,maneuver,ef23ad8b080593cb9c8caaa4a57c59a5dc23c5987cd8d56c0f61e753cf15435c,1.0
dual_30s_histgb,14,inner_validation,inner_train,recall_medium,leave_one_view_out__fold01,False,True,leave_one_view_out__fold01__candidate_327,completed,maneuver,ef23ad8b080593cb9c8caaa4a57c59a5dc23c5987cd8d56c0f61e753cf15435c,0.0
dual_30s_histgb,14,inner_validation,inner_train,recall_high,leave_one_view_out__fold01,False,True,leave_one_view_out__fold01__candidate_327,completed,maneuver,ef23ad8b080593cb9c8caaa4a57c59a5dc23c5987cd8d56c0f61e753cf15435c,0.0
dual_30s_histgb,14,inner_validation,inner_train,minimum_class_recall,leave_one_view_out__fold01,False,True,leave_one_view_out__fold01__candidate_327,completed,maneuver,ef23ad8b080593cb9c8caaa4a57c59a5dc23c5987cd8d56c0f61e753cf15435c,0.0
dual_30s_histgb,14,inner_validation,inner_train,ordinal_mae,leave_one_view_out__fold01,False,True,leave_one_view_out__fold01__candidate_327,completed,maneuver,ef23ad8b080593cb9c8caaa4a57c59a5dc23c5987cd8d56c0f61e753cf15435c,0.9166666666666666
dual_30s_histgb,14,inner_validation,inner_train,score_mae,leave_one_view_out__fold01,False,True,leave_one_view_out__fold01__candidate_327,completed,maneuver,ef23ad8b080593cb9c8caaa4a57c59a5dc23c5987cd8d56c0f61e753cf15435c,1.2286299246151329
dual_30s_histgb,14,inner_validation,inner_train,score_spearman,leave_one_view_out__fold01,False,True,leave_one_view_out__fold01__candidate_327,completed,maneuver,ef23ad8b080593cb9c8caaa4a57c59a5dc23c5987cd8d56c0f61e753cf15435c,0.0
dual_30s_histgb,14,inner_validation,inner_train,rmse,leave_one_view_out__fold01,False,True,leave_one_view_out__fold01__candidate_327,completed,response,ef23ad8b080593cb9c8caaa4a57c59a5dc23c5987cd8d56c0f61e753cf15435c,0.9686999988458442
dual_30s_histgb,14,inner_validation,inner_train,mae,leave_one_view_out__fold01,False,True,leave_one_view_out__fold01__candidate_327,completed,response,ef23ad8b080593cb9c8caaa4a57c59a5dc23c5987cd8d56c0f61e753cf15435c,0.8021303452093013
dual_30s_histgb,14,inner_validation,inner_train,validation_std,leave_one_view_out__fold01,False,True,leave_one_view_out__fold01__candidate_327,completed,response,ef23ad8b080593cb9c8caaa4a57c59a5dc23c5987cd8d56c0f61e753cf15435c,0.7424450098311778
dual_30s_histgb,14,inner_validation,inner_train,validation_iqr,leave_one_view_out__fold01,False,True,leave_one_view_out__fold01__candidate_327,completed,response,ef23ad8b080593cb9c8caaa4a57c59a5dc23c5987cd8d56c0f61e753cf15435c,0.8094986823286678
dual_30s_histgb,14,inner_validation,inner_train,nrmse_std,leave_one_view_out__fold01,False,True,leave_one_view_out__fold01__candidate_327,completed,response,ef23ad8b080593cb9c8caaa4a57c59a5dc23c5987cd8d56c0f61e753cf15435c,1.30474309345296
dual_30s_histgb,14,inner_validation,inner_train,nrmse_iqr,leave_one_view_out__fold01,False,True,leave_one_view_out__fold01__candidate_327,completed,response,ef23ad8b080593cb9c8caaa4a57c59a5dc23c5987cd8d56c0f61e753cf15435c,1.196666554242195
dual_30s_histgb,14,inner_validation,inner_train,train_mean_baseline_rmse,leave_one_view_out__fold01,False,True,leave_one_view_out__fold01__candidate_327,completed,response,ef23ad8b080593cb9c8caaa4a57c59a5dc23c5987cd8d56c0f61e753cf15435c,0.9686999988458442
dual_30s_histgb,14,inner_validation,inner_train,rmse_ratio,leave_one_view_out__fold01,False,True,leave_one_view_out__fold01__candidate_327,completed,response,ef23ad8b080593cb9c8caaa4a57c59a5dc23c5987cd8d56c0f61e753cf15435c,1.0
dual_30s_histgb,14,inner_validation,inner_train,response_skill,leave_one_view_out__fold01,False,True,leave_one_view_out__fold01__candidate_327,completed,response,ef23ad8b080593cb9c8caaa4a57c59a5dc23c5987cd8d56c0f61e753cf15435c,0.0
dual_30s_histgb,14,inner_validation,inner_train,spearman,leave_one_view_out__fold01,False,True,leave_one_view_out__fold01__candidate_327,completed,response,ef23ad8b080593cb9c8caaa4a57c59a5dc23c5987cd8d56c0f61e753cf15435c,0.0
dual_30s_histgb,14,inner_validation,inner_train,auprc,leave_one_view_out__fold01,False,True,leave_one_view_out__fold01__candidate_327,completed,high_response,ef23ad8b080593cb9c8caaa4a57c59a5dc23c5987cd8d56c0f61e753cf15435c,0.5474702380952381
dual_30s_histgb,14,inner_validation,inner_train,prevalence,leave_one_view_out__fold01,False,True,leave_one_view_out__fold01__candidate_327,completed,high_response,ef23ad8b080593cb9c8caaa4a57c59a5dc23c5987cd8d56c0f61e753cf15435c,0.6666666666666666
dual_30s_histgb,14,inner_validation,inner_train,random_baseline_auprc,leave_one_view_out__fold01,False,True,leave_one_view_out__fold01__candidate_327,completed,high_response,ef23ad8b080593cb9c8caaa4a57c59a5dc23c5987cd8d56c0f61e753cf15435c,0.6666666666666666
dual_30s_histgb,14,inner_validation,inner_train,normalized_ap,leave_one_view_out__fold01,False,True,leave_one_view_out__fold01__candidate_327,completed,high_response,ef23ad8b080593cb9c8caaa4a57c59a5dc23c5987cd8d56c0f61e753cf15435c,-0.35758928571428555
dual_30s_histgb,14,inner_validation,inner_train,auprc_lift,leave_one_view_out__fold01,False,True,leave_one_view_out__fold01__candidate_327,completed,high_response,ef23ad8b080593cb9c8caaa4a57c59a5dc23c5987cd8d56c0f61e753cf15435c,-0.11919642857142854
dual_30s_histgb,14,inner_validation,inner_train,auroc,leave_one_view_out__fold01,False,True,leave_one_view_out__fold01__candidate_327,completed,high_response,ef23ad8b080593cb9c8caaa4a57c59a5dc23c5987cd8d56c0f61e753cf15435c,0.21875
dual_30s_histgb,14,inner_validation,inner_train,balanced_accuracy,leave_one_view_out__fold01,False,True,leave_one_view_out__fold01__candidate_327,completed,high_response,ef23ad8b080593cb9c8caaa4a57c59a5dc23c5987cd8d56c0f61e753cf15435c,0.5
dual_minirocket_1000,15,inner_validation,inner_train,macro_f1,leave_one_view_out__fold01,False,True,leave_one_view_out__fold01__candidate_339,completed,maneuver,d49030f301fc10972368913bbfc6141aa638775e23f48bc8ad0055d5e48293a1,1.0
dual_minirocket_1000,15,inner_validation,inner_train,support_aware_macro_f1,leave_one_view_out__fold01,False,True,leave_one_view_out__fold01__candidate_339,completed,maneuver,d49030f301fc10972368913bbfc6141aa638775e23f48bc8ad0055d5e48293a1,1.0
dual_minirocket_1000,15,inner_validation,inner_train,majority_macro_f1,leave_one_view_out__fold01,False,True,leave_one_view_out__fold01__candidate_339,completed,maneuver,d49030f301fc10972368913bbfc6141aa638775e23f48bc8ad0055d5e48293a1,0.16666666666666666
dual_minirocket_1000,15,inner_validation,inner_train,macro_f1_lift,leave_one_view_out__fold01,False,True,leave_one_view_out__fold01__candidate_339,completed,maneuver,d49030f301fc10972368913bbfc6141aa638775e23f48bc8ad0055d5e48293a1,0.8333333333333334
dual_minirocket_1000,15,inner_validation,inner_train,recall_low,leave_one_view_out__fold01,False,True,leave_one_view_out__fold01__candidate_339,completed,maneuver,d49030f301fc10972368913bbfc6141aa638775e23f48bc8ad0055d5e48293a1,1.0
dual_minirocket_1000,15,inner_validation,inner_train,recall_medium,leave_one_view_out__fold01,False,True,leave_one_view_out__fold01__candidate_339,completed,maneuver,d49030f301fc10972368913bbfc6141aa638775e23f48bc8ad0055d5e48293a1,1.0
dual_minirocket_1000,15,inner_validation,inner_train,recall_high,leave_one_view_out__fold01,False,True,leave_one_view_out__fold01__candidate_339,completed,maneuver,d49030f301fc10972368913bbfc6141aa638775e23f48bc8ad0055d5e48293a1,1.0
dual_minirocket_1000,15,inner_validation,inner_train,minimum_class_recall,leave_one_view_out__fold01,False,True,leave_one_view_out__fold01__candidate_339,completed,maneuver,d49030f301fc10972368913bbfc6141aa638775e23f48bc8ad0055d5e48293a1,1.0
dual_minirocket_1000,15,inner_validation,inner_train,ordinal_mae,leave_one_view_out__fold01,False,True,leave_one_view_out__fold01__candidate_339,completed,maneuver,d49030f301fc10972368913bbfc6141aa638775e23f48bc8ad0055d5e48293a1,0.0
dual_minirocket_1000,15,inner_validation,inner_train,score_mae,leave_one_view_out__fold01,False,True,leave_one_view_out__fold01__candidate_339,completed,maneuver,d49030f301fc10972368913bbfc6141aa638775e23f48bc8ad0055d5e48293a1,0.5195129229579257
dual_minirocket_1000,15,inner_validation,inner_train,score_spearman,leave_one_view_out__fold01,False,True,leave_one_view_out__fold01__candidate_339,completed,maneuver,d49030f301fc10972368913bbfc6141aa638775e23f48bc8ad0055d5e48293a1,0.9160839160839163
dual_minirocket_1000,15,inner_validation,inner_train,rmse,leave_one_view_out__fold01,False,True,leave_one_view_out__fold01__candidate_339,completed,response,d49030f301fc10972368913bbfc6141aa638775e23f48bc8ad0055d5e48293a1,1.0022098614920443
dual_minirocket_1000,15,inner_validation,inner_train,mae,leave_one_view_out__fold01,False,True,leave_one_view_out__fold01__candidate_339,completed,response,d49030f301fc10972368913bbfc6141aa638775e23f48bc8ad0055d5e48293a1,0.821427197529634
dual_minirocket_1000,15,inner_validation,inner_train,validation_std,leave_one_view_out__fold01,False,True,leave_one_view_out__fold01__candidate_339,completed,response,d49030f301fc10972368913bbfc6141aa638775e23f48bc8ad0055d5e48293a1,0.9229823964743179
dual_minirocket_1000,15,inner_validation,inner_train,validation_iqr,leave_one_view_out__fold01,False,True,leave_one_view_out__fold01__candidate_339,completed,response,d49030f301fc10972368913bbfc6141aa638775e23f48bc8ad0055d5e48293a1,1.5375502327333572
dual_minirocket_1000,15,inner_validation,inner_train,nrmse_std,leave_one_view_out__fold01,False,True,leave_one_view_out__fold01__candidate_339,completed,response,d49030f301fc10972368913bbfc6141aa638775e23f48bc8ad0055d5e48293a1,1.0858385439639648
dual_minirocket_1000,15,inner_validation,inner_train,nrmse_iqr,leave_one_view_out__fold01,False,True,leave_one_view_out__fold01__candidate_339,completed,response,d49030f301fc10972368913bbfc6141aa638775e23f48bc8ad0055d5e48293a1,0.6518225162051327
dual_minirocket_1000,15,inner_validation,inner_train,train_mean_baseline_rmse,leave_one_view_out__fold01,False,True,leave_one_view_out__fold01__candidate_339,completed,response,d49030f301fc10972368913bbfc6141aa638775e23f48bc8ad0055d5e48293a1,1.2411261006308119
dual_minirocket_1000,15,inner_validation,inner_train,rmse_ratio,leave_one_view_out__fold01,False,True,leave_one_view_out__fold01__candidate_339,completed,response,d49030f301fc10972368913bbfc6141aa638775e23f48bc8ad0055d5e48293a1,0.8075004312476093
dual_minirocket_1000,15,inner_validation,inner_train,response_skill,leave_one_view_out__fold01,False,True,leave_one_view_out__fold01__candidate_339,completed,response,d49030f301fc10972368913bbfc6141aa638775e23f48bc8ad0055d5e48293a1,0.34794305353492494
dual_minirocket_1000,15,inner_validation,inner_train,spearman,leave_one_view_out__fold01,False,True,leave_one_view_out__fold01__candidate_339,completed,response,d49030f301fc10972368913bbfc6141aa638775e23f48bc8ad0055d5e48293a1,0.3706293706293707
dual_minirocket_1000,15,inner_validation,inner_train,auprc,leave_one_view_out__fold01,False,True,leave_one_view_out__fold01__candidate_339,completed,high_response,d49030f301fc10972368913bbfc6141aa638775e23f48bc8ad0055d5e48293a1,0.6120535714285714
dual_minirocket_1000,15,inner_validation,inner_train,prevalence,leave_one_view_out__fold01,False,True,leave_one_view_out__fold01__candidate_339,completed,high_response,d49030f301fc10972368913bbfc6141aa638775e23f48bc8ad0055d5e48293a1,0.6666666666666666
dual_minirocket_1000,15,inner_validation,inner_train,random_baseline_auprc,leave_one_view_out__fold01,False,True,leave_one_view_out__fold01__candidate_339,completed,high_response,d49030f301fc10972368913bbfc6141aa638775e23f48bc8ad0055d5e48293a1,0.6666666666666666
dual_minirocket_1000,15,inner_validation,inner_train,normalized_ap,leave_one_view_out__fold01,False,True,leave_one_view_out__fold01__candidate_339,completed,high_response,d49030f301fc10972368913bbfc6141aa638775e23f48bc8ad0055d5e48293a1,-0.1638392857142856
dual_minirocket_1000,15,inner_validation,inner_train,auprc_lift,leave_one_view_out__fold01,False,True,leave_one_view_out__fold01__candidate_339,completed,high_response,d49030f301fc10972368913bbfc6141aa638775e23f48bc8ad0055d5e48293a1,-0.05461309523809521
dual_minirocket_1000,15,inner_validation,inner_train,auroc,leave_one_view_out__fold01,False,True,leave_one_view_out__fold01__candidate_339,completed,high_response,d49030f301fc10972368913bbfc6141aa638775e23f48bc8ad0055d5e48293a1,0.34375
dual_minirocket_1000,15,inner_validation,inner_train,balanced_accuracy,leave_one_view_out__fold01,False,True,leave_one_view_out__fold01__candidate_339,completed,high_response,d49030f301fc10972368913bbfc6141aa638775e23f48bc8ad0055d5e48293a1,0.5
dual_minirocket_1000,15,inner_validation,inner_train,macro_f1,leave_one_view_out__fold01,False,True,leave_one_view_out__fold01__candidate_353,completed,maneuver,f1ddae33af89bc208d97290f0e03c19c4d93c0cd3b4e08a59452657e405013ac,1.0
dual_minirocket_1000,15,inner_validation,inner_train,support_aware_macro_f1,leave_one_view_out__fold01,False,True,leave_one_view_out__fold01__candidate_353,completed,maneuver,f1ddae33af89bc208d97290f0e03c19c4d93c0cd3b4e08a59452657e405013ac,1.0
dual_minirocket_1000,15,inner_validation,inner_train,majority_macro_f1,leave_one_view_out__fold01,False,True,leave_one_view_out__fold01__candidate_353,completed,maneuver,f1ddae33af89bc208d97290f0e03c19c4d93c0cd3b4e08a59452657e405013ac,0.13333333333333333
dual_minirocket_1000,15,inner_validation,inner_train,macro_f1_lift,leave_one_view_out__fold01,False,True,leave_one_view_out__fold01__candidate_353,completed,maneuver,f1ddae33af89bc208d97290f0e03c19c4d93c0cd3b4e08a59452657e405013ac,0.8666666666666667
dual_minirocket_1000,15,inner_validation,inner_train,recall_low,leave_one_view_out__fold01,False,True,leave_one_view_out__fold01__candidate_353,completed,maneuver,f1ddae33af89bc208d97290f0e03c19c4d93c0cd3b4e08a59452657e405013ac,1.0
dual_minirocket_1000,15,inner_validation,inner_train,recall_medium,leave_one_view_out__fold01,False,True,leave_one_view_out__fold01__candidate_353,completed,maneuver,f1ddae33af89bc208d97290f0e03c19c4d93c0cd3b4e08a59452657e405013ac,1.0
dual_minirocket_1000,15,inner_validation,inner_train,recall_high,leave_one_view_out__fold01,False,True,leave_one_view_out__fold01__candidate_353,completed,maneuver,f1ddae33af89bc208d97290f0e03c19c4d93c0cd3b4e08a59452657e405013ac,1.0
dual_minirocket_1000,15,inner_validation,inner_train,minimum_class_recall,leave_one_view_out__fold01,False,True,leave_one_view_out__fold01__candidate_353,completed,maneuver,f1ddae33af89bc208d97290f0e03c19c4d93c0cd3b4e08a59452657e405013ac,1.0
dual_minirocket_1000,15,inner_validation,inner_train,ordinal_mae,leave_one_view_out__fold01,False,True,leave_one_view_out__fold01__candidate_353,completed,maneuver,f1ddae33af89bc208d97290f0e03c19c4d93c0cd3b4e08a59452657e405013ac,0.0
dual_minirocket_1000,15,inner_validation,inner_train,score_mae,leave_one_view_out__fold01,False,True,leave_one_view_out__fold01__candidate_353,completed,maneuver,f1ddae33af89bc208d97290f0e03c19c4d93c0cd3b4e08a59452657e405013ac,0.522824124930574
dual_minirocket_1000,15,inner_validation,inner_train,score_spearman,leave_one_view_out__fold01,False,True,leave_one_view_out__fold01__candidate_353,completed,maneuver,f1ddae33af89bc208d97290f0e03c19c4d93c0cd3b4e08a59452657e405013ac,0.9020979020979022
dual_minirocket_1000,15,inner_validation,inner_train,rmse,leave_one_view_out__fold01,False,True,leave_one_view_out__fold01__candidate_353,completed,response,f1ddae33af89bc208d97290f0e03c19c4d93c0cd3b4e08a59452657e405013ac,1.165078119075118
dual_minirocket_1000,15,inner_validation,inner_train,mae,leave_one_view_out__fold01,False,True,leave_one_view_out__fold01__candidate_353,completed,response,f1ddae33af89bc208d97290f0e03c19c4d93c0cd3b4e08a59452657e405013ac,1.002619234823776
dual_minirocket_1000,15,inner_validation,inner_train,validation_std,leave_one_view_out__fold01,False,True,leave_one_view_out__fold01__candidate_353,completed,response,f1ddae33af89bc208d97290f0e03c19c4d93c0cd3b4e08a59452657e405013ac,0.8091453454981316
dual_minirocket_1000,15,inner_validation,inner_train,validation_iqr,leave_one_view_out__fold01,False,True,leave_one_view_out__fold01__candidate_353,completed,response,f1ddae33af89bc208d97290f0e03c19c4d93c0cd3b4e08a59452657e405013ac,1.218839946496964
dual_minirocket_1000,15,inner_validation,inner_train,nrmse_std,leave_one_view_out__fold01,False,True,leave_one_view_out__fold01__candidate_353,completed,response,f1ddae33af89bc208d97290f0e03c19c4d93c0cd3b4e08a59452657e405013ac,1.4398873151249048
dual_minirocket_1000,15,inner_validation,inner_train,nrmse_iqr,leave_one_view_out__fold01,False,True,leave_one_view_out__fold01__candidate_353,completed,response,f1ddae33af89bc208d97290f0e03c19c4d93c0cd3b4e08a59452657e405013ac,0.9558909866907781
dual_minirocket_1000,15,inner_validation,inner_train,train_mean_baseline_rmse,leave_one_view_out__fold01,False,True,leave_one_view_out__fold01__candidate_353,completed,response,f1ddae33af89bc208d97290f0e03c19c4d93c0cd3b4e08a59452657e405013ac,0.9551898219217477
dual_minirocket_1000,15,inner_validation,inner_train,rmse_ratio,leave_one_view_out__fold01,False,True,leave_one_view_out__fold01__candidate_353,completed,response,f1ddae33af89bc208d97290f0e03c19c4d93c0cd3b4e08a59452657e405013ac,1.21973464575983
dual_minirocket_1000,15,inner_validation,inner_train,response_skill,leave_one_view_out__fold01,False,True,leave_one_view_out__fold01__candidate_353,completed,response,f1ddae33af89bc208d97290f0e03c19c4d93c0cd3b4e08a59452657e405013ac,-0.48775260606685755
dual_minirocket_1000,15,inner_validation,inner_train,spearman,leave_one_view_out__fold01,False,True,leave_one_view_out__fold01__candidate_353,completed,response,f1ddae33af89bc208d97290f0e03c19c4d93c0cd3b4e08a59452657e405013ac,-0.37762237762237766
dual_minirocket_1000,15,inner_validation,inner_train,auprc,leave_one_view_out__fold01,False,True,leave_one_view_out__fold01__candidate_353,completed,high_response,f1ddae33af89bc208d97290f0e03c19c4d93c0cd3b4e08a59452657e405013ac,0.41888888888888887
dual_minirocket_1000,15,inner_validation,inner_train,prevalence,leave_one_view_out__fold01,False,True,leave_one_view_out__fold01__candidate_353,completed,high_response,f1ddae33af89bc208d97290f0e03c19c4d93c0cd3b4e08a59452657e405013ac,0.4166666666666667
dual_minirocket_1000,15,inner_validation,inner_train,random_baseline_auprc,leave_one_view_out__fold01,False,True,leave_one_view_out__fold01__candidate_353,completed,high_response,f1ddae33af89bc208d97290f0e03c19c4d93c0cd3b4e08a59452657e405013ac,0.4166666666666667
dual_minirocket_1000,15,inner_validation,inner_train,normalized_ap,leave_one_view_out__fold01,False,True,leave_one_view_out__fold01__candidate_353,completed,high_response,f1ddae33af89bc208d97290f0e03c19c4d93c0cd3b4e08a59452657e405013ac,0.0038095238095237393
dual_minirocket_1000,15,inner_validation,inner_train,auprc_lift,leave_one_view_out__fold01,False,True,leave_one_view_out__fold01__candidate_353,completed,high_response,f1ddae33af89bc208d97290f0e03c19c4d93c0cd3b4e08a59452657e405013ac,0.002222222222222181
dual_minirocket_1000,15,inner_validation,inner_train,auroc,leave_one_view_out__fold01,False,True,leave_one_view_out__fold01__candidate_353,completed,high_response,f1ddae33af89bc208d97290f0e03c19c4d93c0cd3b4e08a59452657e405013ac,0.4571428571428572
dual_minirocket_1000,15,inner_validation,inner_train,balanced_accuracy,leave_one_view_out__fold01,False,True,leave_one_view_out__fold01__candidate_353,completed,high_response,f1ddae33af89bc208d97290f0e03c19c4d93c0cd3b4e08a59452657e405013ac,0.4857142857142857
dual_minirocket_1000,15,inner_validation,inner_train,macro_f1,leave_one_view_out__fold02,False,True,leave_one_view_out__fold02__candidate_328,completed,maneuver,76857c61556d36c9eb8d7060ea53eb10f2e65e3f7b2a4854ab4c6016248a0b48,0.7407407407407406
dual_minirocket_1000,15,inner_validation,inner_train,support_aware_macro_f1,leave_one_view_out__fold02,False,True,leave_one_view_out__fold02__candidate_328,completed,maneuver,76857c61556d36c9eb8d7060ea53eb10f2e65e3f7b2a4854ab4c6016248a0b48,0.7407407407407406
dual_minirocket_1000,15,inner_validation,inner_train,majority_macro_f1,leave_one_view_out__fold02,False,True,leave_one_view_out__fold02__candidate_328,completed,maneuver,76857c61556d36c9eb8d7060ea53eb10f2e65e3f7b2a4854ab4c6016248a0b48,0.19607843137254902
dual_minirocket_1000,15,inner_validation,inner_train,macro_f1_lift,leave_one_view_out__fold02,False,True,leave_one_view_out__fold02__candidate_328,completed,maneuver,76857c61556d36c9eb8d7060ea53eb10f2e65e3f7b2a4854ab4c6016248a0b48,0.5446623093681916
dual_minirocket_1000,15,inner_validation,inner_train,recall_low,leave_one_view_out__fold02,False,True,leave_one_view_out__fold02__candidate_328,completed,maneuver,76857c61556d36c9eb8d7060ea53eb10f2e65e3f7b2a4854ab4c6016248a0b48,0.8
dual_minirocket_1000,15,inner_validation,inner_train,recall_medium,leave_one_view_out__fold02,False,True,leave_one_view_out__fold02__candidate_328,completed,maneuver,76857c61556d36c9eb8d7060ea53eb10f2e65e3f7b2a4854ab4c6016248a0b48,0.5
dual_minirocket_1000,15,inner_validation,inner_train,recall_high,leave_one_view_out__fold02,False,True,leave_one_view_out__fold02__candidate_328,completed,maneuver,76857c61556d36c9eb8d7060ea53eb10f2e65e3f7b2a4854ab4c6016248a0b48,1.0
dual_minirocket_1000,15,inner_validation,inner_train,minimum_class_recall,leave_one_view_out__fold02,False,True,leave_one_view_out__fold02__candidate_328,completed,maneuver,76857c61556d36c9eb8d7060ea53eb10f2e65e3f7b2a4854ab4c6016248a0b48,0.5
dual_minirocket_1000,15,inner_validation,inner_train,ordinal_mae,leave_one_view_out__fold02,False,True,leave_one_view_out__fold02__candidate_328,completed,maneuver,76857c61556d36c9eb8d7060ea53eb10f2e65e3f7b2a4854ab4c6016248a0b48,0.3333333333333333
dual_minirocket_1000,15,inner_validation,inner_train,score_mae,leave_one_view_out__fold02,False,True,leave_one_view_out__fold02__candidate_328,completed,maneuver,76857c61556d36c9eb8d7060ea53eb10f2e65e3f7b2a4854ab4c6016248a0b48,0.7863825577334217
dual_minirocket_1000,15,inner_validation,inner_train,score_spearman,leave_one_view_out__fold02,False,True,leave_one_view_out__fold02__candidate_328,completed,maneuver,76857c61556d36c9eb8d7060ea53eb10f2e65e3f7b2a4854ab4c6016248a0b48,0.35664335664335667
dual_minirocket_1000,15,inner_validation,inner_train,rmse,leave_one_view_out__fold02,False,True,leave_one_view_out__fold02__candidate_328,completed,response,76857c61556d36c9eb8d7060ea53eb10f2e65e3f7b2a4854ab4c6016248a0b48,0.9278387420179398
dual_minirocket_1000,15,inner_validation,inner_train,mae,leave_one_view_out__fold02,False,True,leave_one_view_out__fold02__candidate_328,completed,response,76857c61556d36c9eb8d7060ea53eb10f2e65e3f7b2a4854ab4c6016248a0b48,0.8151106981402069
dual_minirocket_1000,15,inner_validation,inner_train,validation_std,leave_one_view_out__fold02,False,True,leave_one_view_out__fold02__candidate_328,completed,response,76857c61556d36c9eb8d7060ea53eb10f2e65e3f7b2a4854ab4c6016248a0b48,0.6661100828266592
dual_minirocket_1000,15,inner_validation,inner_train,validation_iqr,leave_one_view_out__fold02,False,True,leave_one_view_out__fold02__candidate_328,completed,response,76857c61556d36c9eb8d7060ea53eb10f2e65e3f7b2a4854ab4c6016248a0b48,0.8168154939282022
dual_minirocket_1000,15,inner_validation,inner_train,nrmse_std,leave_one_view_out__fold02,False,True,leave_one_view_out__fold02__candidate_328,completed,response,76857c61556d36c9eb8d7060ea53eb10f2e65e3f7b2a4854ab4c6016248a0b48,1.3929210290296565
dual_minirocket_1000,15,inner_validation,inner_train,nrmse_iqr,leave_one_view_out__fold02,False,True,leave_one_view_out__fold02__candidate_328,completed,response,76857c61556d36c9eb8d7060ea53eb10f2e65e3f7b2a4854ab4c6016248a0b48,1.1359220643034185
dual_minirocket_1000,15,inner_validation,inner_train,train_mean_baseline_rmse,leave_one_view_out__fold02,False,True,leave_one_view_out__fold02__candidate_328,completed,response,76857c61556d36c9eb8d7060ea53eb10f2e65e3f7b2a4854ab4c6016248a0b48,0.760282844198373
dual_minirocket_1000,15,inner_validation,inner_train,rmse_ratio,leave_one_view_out__fold02,False,True,leave_one_view_out__fold02__candidate_328,completed,response,76857c61556d36c9eb8d7060ea53eb10f2e65e3f7b2a4854ab4c6016248a0b48,1.2203862668981231
dual_minirocket_1000,15,inner_validation,inner_train,response_skill,leave_one_view_out__fold02,False,True,leave_one_view_out__fold02__candidate_328,completed,response,76857c61556d36c9eb8d7060ea53eb10f2e65e3f7b2a4854ab4c6016248a0b48,-0.48934264043353703
dual_minirocket_1000,15,inner_validation,inner_train,spearman,leave_one_view_out__fold02,False,True,leave_one_view_out__fold02__candidate_328,completed,response,76857c61556d36c9eb8d7060ea53eb10f2e65e3f7b2a4854ab4c6016248a0b48,0.1328671328671329
dual_minirocket_1000,15,inner_validation,inner_train,auprc,leave_one_view_out__fold02,False,True,leave_one_view_out__fold02__candidate_328,completed,high_response,76857c61556d36c9eb8d7060ea53eb10f2e65e3f7b2a4854ab4c6016248a0b48,0.5751082251082251
dual_minirocket_1000,15,inner_validation,inner_train,prevalence,leave_one_view_out__fold02,False,True,leave_one_view_out__fold02__candidate_328,completed,high_response,76857c61556d36c9eb8d7060ea53eb10f2e65e3f7b2a4854ab4c6016248a0b48,0.4166666666666667
dual_minirocket_1000,15,inner_validation,inner_train,random_baseline_auprc,leave_one_view_out__fold02,False,True,leave_one_view_out__fold02__candidate_328,completed,high_response,76857c61556d36c9eb8d7060ea53eb10f2e65e3f7b2a4854ab4c6016248a0b48,0.4166666666666667
dual_minirocket_1000,15,inner_validation,inner_train,normalized_ap,leave_one_view_out__fold02,False,True,leave_one_view_out__fold02__candidate_328,completed,high_response,76857c61556d36c9eb8d7060ea53eb10f2e65e3f7b2a4854ab4c6016248a0b48,0.2716141001855288
dual_minirocket_1000,15,inner_validation,inner_train,auprc_lift,leave_one_view_out__fold02,False,True,leave_one_view_out__fold02__candidate_328,completed,high_response,76857c61556d36c9eb8d7060ea53eb10f2e65e3f7b2a4854ab4c6016248a0b48,0.15844155844155844
dual_minirocket_1000,15,inner_validation,inner_train,auroc,leave_one_view_out__fold02,False,True,leave_one_view_out__fold02__candidate_328,completed,high_response,76857c61556d36c9eb8d7060ea53eb10f2e65e3f7b2a4854ab4c6016248a0b48,0.4571428571428572
dual_minirocket_1000,15,inner_validation,inner_train,balanced_accuracy,leave_one_view_out__fold02,False,True,leave_one_view_out__fold02__candidate_328,completed,high_response,76857c61556d36c9eb8d7060ea53eb10f2e65e3f7b2a4854ab4c6016248a0b48,0.5
dual_minirocket_1000,15,inner_validation,inner_train,macro_f1,leave_one_view_out__fold02,False,True,leave_one_view_out__fold02__candidate_329,completed,maneuver,09bd96f3f28027930e21282cb6cb1e34c79cb76197a270c426bd70e119d43e13,0.6626984126984127
dual_minirocket_1000,15,inner_validation,inner_train,support_aware_macro_f1,leave_one_view_out__fold02,False,True,leave_one_view_out__fold02__candidate_329,completed,maneuver,09bd96f3f28027930e21282cb6cb1e34c79cb76197a270c426bd70e119d43e13,0.6626984126984127
dual_minirocket_1000,15,inner_validation,inner_train,majority_macro_f1,leave_one_view_out__fold02,False,True,leave_one_view_out__fold02__candidate_329,completed,maneuver,09bd96f3f28027930e21282cb6cb1e34c79cb76197a270c426bd70e119d43e13,0.13333333333333333
dual_minirocket_1000,15,inner_validation,inner_train,macro_f1_lift,leave_one_view_out__fold02,False,True,leave_one_view_out__fold02__candidate_329,completed,maneuver,09bd96f3f28027930e21282cb6cb1e34c79cb76197a270c426bd70e119d43e13,0.5293650793650794
dual_minirocket_1000,15,inner_validation,inner_train,recall_low,leave_one_view_out__fold02,False,True,leave_one_view_out__fold02__candidate_329,completed,maneuver,09bd96f3f28027930e21282cb6cb1e34c79cb76197a270c426bd70e119d43e13,1.0
dual_minirocket_1000,15,inner_validation,inner_train,recall_medium,leave_one_view_out__fold02,False,True,leave_one_view_out__fold02__candidate_329,completed,maneuver,09bd96f3f28027930e21282cb6cb1e34c79cb76197a270c426bd70e119d43e13,0.5
dual_minirocket_1000,15,inner_validation,inner_train,recall_high,leave_one_view_out__fold02,False,True,leave_one_view_out__fold02__candidate_329,completed,maneuver,09bd96f3f28027930e21282cb6cb1e34c79cb76197a270c426bd70e119d43e13,0.6
dual_minirocket_1000,15,inner_validation,inner_train,minimum_class_recall,leave_one_view_out__fold02,False,True,leave_one_view_out__fold02__candidate_329,completed,maneuver,09bd96f3f28027930e21282cb6cb1e34c79cb76197a270c426bd70e119d43e13,0.5
dual_minirocket_1000,15,inner_validation,inner_train,ordinal_mae,leave_one_view_out__fold02,False,True,leave_one_view_out__fold02__candidate_329,completed,maneuver,09bd96f3f28027930e21282cb6cb1e34c79cb76197a270c426bd70e119d43e13,0.4166666666666667
dual_minirocket_1000,15,inner_validation,inner_train,score_mae,leave_one_view_out__fold02,False,True,leave_one_view_out__fold02__candidate_329,completed,maneuver,09bd96f3f28027930e21282cb6cb1e34c79cb76197a270c426bd70e119d43e13,1.0591652185869411
dual_minirocket_1000,15,inner_validation,inner_train,score_spearman,leave_one_view_out__fold02,False,True,leave_one_view_out__fold02__candidate_329,completed,maneuver,09bd96f3f28027930e21282cb6cb1e34c79cb76197a270c426bd70e119d43e13,0.5594405594405596
dual_minirocket_1000,15,inner_validation,inner_train,rmse,leave_one_view_out__fold02,False,True,leave_one_view_out__fold02__candidate_329,completed,response,09bd96f3f28027930e21282cb6cb1e34c79cb76197a270c426bd70e119d43e13,0.9324692408189459
dual_minirocket_1000,15,inner_validation,inner_train,mae,leave_one_view_out__fold02,False,True,leave_one_view_out__fold02__candidate_329,completed,response,09bd96f3f28027930e21282cb6cb1e34c79cb76197a270c426bd70e119d43e13,0.7669848820300839
dual_minirocket_1000,15,inner_validation,inner_train,validation_std,leave_one_view_out__fold02,False,True,leave_one_view_out__fold02__candidate_329,completed,response,09bd96f3f28027930e21282cb6cb1e34c79cb76197a270c426bd70e119d43e13,0.7444107826338696
dual_minirocket_1000,15,inner_validation,inner_train,validation_iqr,leave_one_view_out__fold02,False,True,leave_one_view_out__fold02__candidate_329,completed,response,09bd96f3f28027930e21282cb6cb1e34c79cb76197a270c426bd70e119d43e13,1.126261329695373
dual_minirocket_1000,15,inner_validation,inner_train,nrmse_std,leave_one_view_out__fold02,False,True,leave_one_view_out__fold02__candidate_329,completed,response,09bd96f3f28027930e21282cb6cb1e34c79cb76197a270c426bd70e119d43e13,1.252627262490327
dual_minirocket_1000,15,inner_validation,inner_train,nrmse_iqr,leave_one_view_out__fold02,False,True,leave_one_view_out__fold02__candidate_329,completed,response,09bd96f3f28027930e21282cb6cb1e34c79cb76197a270c426bd70e119d43e13,0.8279332835401148
dual_minirocket_1000,15,inner_validation,inner_train,train_mean_baseline_rmse,leave_one_view_out__fold02,False,True,leave_one_view_out__fold02__candidate_329,completed,response,09bd96f3f28027930e21282cb6cb1e34c79cb76197a270c426bd70e119d43e13,0.7887754436917268
dual_minirocket_1000,15,inner_validation,inner_train,rmse_ratio,leave_one_view_out__fold02,False,True,leave_one_view_out__fold02__candidate_329,completed,response,09bd96f3f28027930e21282cb6cb1e34c79cb76197a270c426bd70e119d43e13,1.1821732639833273
dual_minirocket_1000,15,inner_validation,inner_train,response_skill,leave_one_view_out__fold02,False,True,leave_one_view_out__fold02__candidate_329,completed,response,09bd96f3f28027930e21282cb6cb1e34c79cb76197a270c426bd70e119d43e13,-0.39753362607699394
dual_minirocket_1000,15,inner_validation,inner_train,spearman,leave_one_view_out__fold02,False,True,leave_one_view_out__fold02__candidate_329,completed,response,09bd96f3f28027930e21282cb6cb1e34c79cb76197a270c426bd70e119d43e13,0.2657342657342658
dual_minirocket_1000,15,inner_validation,inner_train,auprc,leave_one_view_out__fold02,False,True,leave_one_view_out__fold02__candidate_329,completed,high_response,09bd96f3f28027930e21282cb6cb1e34c79cb76197a270c426bd70e119d43e13,0.47510822510822504
dual_minirocket_1000,15,inner_validation,inner_train,prevalence,leave_one_view_out__fold02,False,True,leave_one_view_out__fold02__candidate_329,completed,high_response,09bd96f3f28027930e21282cb6cb1e34c79cb76197a270c426bd70e119d43e13,0.4166666666666667
dual_minirocket_1000,15,inner_validation,inner_train,random_baseline_auprc,leave_one_view_out__fold02,False,True,leave_one_view_out__fold02__candidate_329,completed,high_response,09bd96f3f28027930e21282cb6cb1e34c79cb76197a270c426bd70e119d43e13,0.4166666666666667
dual_minirocket_1000,15,inner_validation,inner_train,normalized_ap,leave_one_view_out__fold02,False,True,leave_one_view_out__fold02__candidate_329,completed,high_response,09bd96f3f28027930e21282cb6cb1e34c79cb76197a270c426bd70e119d43e13,0.10018552875695719
dual_minirocket_1000,15,inner_validation,inner_train,auprc_lift,leave_one_view_out__fold02,False,True,leave_one_view_out__fold02__candidate_329,completed,high_response,09bd96f3f28027930e21282cb6cb1e34c79cb76197a270c426bd70e119d43e13,0.05844155844155835
dual_minirocket_1000,15,inner_validation,inner_train,auroc,leave_one_view_out__fold02,False,True,leave_one_view_out__fold02__candidate_329,completed,high_response,09bd96f3f28027930e21282cb6cb1e34c79cb76197a270c426bd70e119d43e13,0.4285714285714286
dual_minirocket_1000,15,inner_validation,inner_train,balanced_accuracy,leave_one_view_out__fold02,False,True,leave_one_view_out__fold02__candidate_329,completed,high_response,09bd96f3f28027930e21282cb6cb1e34c79cb76197a270c426bd70e119d43e13,0.4857142857142857
dual_minirocket_1000,15,inner_validation,inner_train,macro_f1,leave_one_view_out__fold01,False,True,leave_one_view_out__fold01__candidate_340,completed,maneuver,c8bb55db2e84fca264b1421bfe060cb36e07fbf025a5f825bde808b31ad5f850,1.0
dual_minirocket_1000,15,inner_validation,inner_train,support_aware_macro_f1,leave_one_view_out__fold01,False,True,leave_one_view_out__fold01__candidate_340,completed,maneuver,c8bb55db2e84fca264b1421bfe060cb36e07fbf025a5f825bde808b31ad5f850,1.0
dual_minirocket_1000,15,inner_validation,inner_train,majority_macro_f1,leave_one_view_out__fold01,False,True,leave_one_view_out__fold01__candidate_340,completed,maneuver,c8bb55db2e84fca264b1421bfe060cb36e07fbf025a5f825bde808b31ad5f850,0.13333333333333333
dual_minirocket_1000,15,inner_validation,inner_train,macro_f1_lift,leave_one_view_out__fold01,False,True,leave_one_view_out__fold01__candidate_340,completed,maneuver,c8bb55db2e84fca264b1421bfe060cb36e07fbf025a5f825bde808b31ad5f850,0.8666666666666667
dual_minirocket_1000,15,inner_validation,inner_train,recall_low,leave_one_view_out__fold01,False,True,leave_one_view_out__fold01__candidate_340,completed,maneuver,c8bb55db2e84fca264b1421bfe060cb36e07fbf025a5f825bde808b31ad5f850,1.0
dual_minirocket_1000,15,inner_validation,inner_train,recall_medium,leave_one_view_out__fold01,False,True,leave_one_view_out__fold01__candidate_340,completed,maneuver,c8bb55db2e84fca264b1421bfe060cb36e07fbf025a5f825bde808b31ad5f850,1.0
dual_minirocket_1000,15,inner_validation,inner_train,recall_high,leave_one_view_out__fold01,False,True,leave_one_view_out__fold01__candidate_340,completed,maneuver,c8bb55db2e84fca264b1421bfe060cb36e07fbf025a5f825bde808b31ad5f850,1.0
dual_minirocket_1000,15,inner_validation,inner_train,minimum_class_recall,leave_one_view_out__fold01,False,True,leave_one_view_out__fold01__candidate_340,completed,maneuver,c8bb55db2e84fca264b1421bfe060cb36e07fbf025a5f825bde808b31ad5f850,1.0
dual_minirocket_1000,15,inner_validation,inner_train,ordinal_mae,leave_one_view_out__fold01,False,True,leave_one_view_out__fold01__candidate_340,completed,maneuver,c8bb55db2e84fca264b1421bfe060cb36e07fbf025a5f825bde808b31ad5f850,0.0
dual_minirocket_1000,15,inner_validation,inner_train,score_mae,leave_one_view_out__fold01,False,True,leave_one_view_out__fold01__candidate_340,completed,maneuver,c8bb55db2e84fca264b1421bfe060cb36e07fbf025a5f825bde808b31ad5f850,0.6866708252443517
dual_minirocket_1000,15,inner_validation,inner_train,score_spearman,leave_one_view_out__fold01,False,True,leave_one_view_out__fold01__candidate_340,completed,maneuver,c8bb55db2e84fca264b1421bfe060cb36e07fbf025a5f825bde808b31ad5f850,0.8461538461538463
dual_minirocket_1000,15,inner_validation,inner_train,rmse,leave_one_view_out__fold01,False,True,leave_one_view_out__fold01__candidate_340,completed,response,c8bb55db2e84fca264b1421bfe060cb36e07fbf025a5f825bde808b31ad5f850,1.0937248243291438
dual_minirocket_1000,15,inner_validation,inner_train,mae,leave_one_view_out__fold01,False,True,leave_one_view_out__fold01__candidate_340,completed,response,c8bb55db2e84fca264b1421bfe060cb36e07fbf025a5f825bde808b31ad5f850,0.895088108728901
dual_minirocket_1000,15,inner_validation,inner_train,validation_std,leave_one_view_out__fold01,False,True,leave_one_view_out__fold01__candidate_340,completed,response,c8bb55db2e84fca264b1421bfe060cb36e07fbf025a5f825bde808b31ad5f850,0.7738225567538186
dual_minirocket_1000,15,inner_validation,inner_train,validation_iqr,leave_one_view_out__fold01,False,True,leave_one_view_out__fold01__candidate_340,completed,response,c8bb55db2e84fca264b1421bfe060cb36e07fbf025a5f825bde808b31ad5f850,1.1164541279861386
dual_minirocket_1000,15,inner_validation,inner_train,nrmse_std,leave_one_view_out__fold01,False,True,leave_one_view_out__fold01__candidate_340,completed,response,c8bb55db2e84fca264b1421bfe060cb36e07fbf025a5f825bde808b31ad5f850,1.4134051983665523
dual_minirocket_1000,15,inner_validation,inner_train,nrmse_iqr,leave_one_view_out__fold01,False,True,leave_one_view_out__fold01__candidate_340,completed,response,c8bb55db2e84fca264b1421bfe060cb36e07fbf025a5f825bde808b31ad5f850,0.9796415248175095
dual_minirocket_1000,15,inner_validation,inner_train,train_mean_baseline_rmse,leave_one_view_out__fold01,False,True,leave_one_view_out__fold01__candidate_340,completed,response,c8bb55db2e84fca264b1421bfe060cb36e07fbf025a5f825bde808b31ad5f850,0.9520832805389658
dual_minirocket_1000,15,inner_validation,inner_train,rmse_ratio,leave_one_view_out__fold01,False,True,leave_one_view_out__fold01__candidate_340,completed,response,c8bb55db2e84fca264b1421bfe060cb36e07fbf025a5f825bde808b31ad5f850,1.1487701198890878
dual_minirocket_1000,15,inner_validation,inner_train,response_skill,leave_one_view_out__fold01,False,True,leave_one_view_out__fold01__candidate_340,completed,response,c8bb55db2e84fca264b1421bfe060cb36e07fbf025a5f825bde808b31ad5f850,-0.31967278834998925
dual_minirocket_1000,15,inner_validation,inner_train,spearman,leave_one_view_out__fold01,False,True,leave_one_view_out__fold01__candidate_340,completed,response,c8bb55db2e84fca264b1421bfe060cb36e07fbf025a5f825bde808b31ad5f850,0.006993006993006993
dual_minirocket_1000,15,inner_validation,inner_train,auprc,leave_one_view_out__fold01,False,True,leave_one_view_out__fold01__candidate_340,completed,high_response,c8bb55db2e84fca264b1421bfe060cb36e07fbf025a5f825bde808b31ad5f850,0.5857452071737785
dual_minirocket_1000,15,inner_validation,inner_train,prevalence,leave_one_view_out__fold01,False,True,leave_one_view_out__fold01__candidate_340,completed,high_response,c8bb55db2e84fca264b1421bfe060cb36e07fbf025a5f825bde808b31ad5f850,0.5833333333333334
dual_minirocket_1000,15,inner_validation,inner_train,random_baseline_auprc,leave_one_view_out__fold01,False,True,leave_one_view_out__fold01__candidate_340,completed,high_response,c8bb55db2e84fca264b1421bfe060cb36e07fbf025a5f825bde808b31ad5f850,0.5833333333333334
dual_minirocket_1000,15,inner_validation,inner_train,normalized_ap,leave_one_view_out__fold01,False,True,leave_one_view_out__fold01__candidate_340,completed,high_response,c8bb55db2e84fca264b1421bfe060cb36e07fbf025a5f825bde808b31ad5f850,0.005788497217068401
dual_minirocket_1000,15,inner_validation,inner_train,auprc_lift,leave_one_view_out__fold01,False,True,leave_one_view_out__fold01__candidate_340,completed,high_response,c8bb55db2e84fca264b1421bfe060cb36e07fbf025a5f825bde808b31ad5f850,0.0024118738404451667
dual_minirocket_1000,15,inner_validation,inner_train,auroc,leave_one_view_out__fold01,False,True,leave_one_view_out__fold01__candidate_340,completed,high_response,c8bb55db2e84fca264b1421bfe060cb36e07fbf025a5f825bde808b31ad5f850,0.3142857142857143
dual_minirocket_1000,15,inner_validation,inner_train,balanced_accuracy,leave_one_view_out__fold01,False,True,leave_one_view_out__fold01__candidate_340,completed,high_response,c8bb55db2e84fca264b1421bfe060cb36e07fbf025a5f825bde808b31ad5f850,0.4714285714285714
dual_minirocket_1000,15,inner_validation,inner_train,macro_f1,leave_one_view_out__fold01,False,True,leave_one_view_out__fold01__candidate_327,completed,maneuver,ef23ad8b080593cb9c8caaa4a57c59a5dc23c5987cd8d56c0f61e753cf15435c,0.8222222222222223
dual_minirocket_1000,15,inner_validation,inner_train,support_aware_macro_f1,leave_one_view_out__fold01,False,True,leave_one_view_out__fold01__candidate_327,completed,maneuver,ef23ad8b080593cb9c8caaa4a57c59a5dc23c5987cd8d56c0f61e753cf15435c,0.8222222222222223
dual_minirocket_1000,15,inner_validation,inner_train,majority_macro_f1,leave_one_view_out__fold01,False,True,leave_one_view_out__fold01__candidate_327,completed,maneuver,ef23ad8b080593cb9c8caaa4a57c59a5dc23c5987cd8d56c0f61e753cf15435c,0.19607843137254902
dual_minirocket_1000,15,inner_validation,inner_train,macro_f1_lift,leave_one_view_out__fold01,False,True,leave_one_view_out__fold01__candidate_327,completed,maneuver,ef23ad8b080593cb9c8caaa4a57c59a5dc23c5987cd8d56c0f61e753cf15435c,0.6261437908496733
dual_minirocket_1000,15,inner_validation,inner_train,recall_low,leave_one_view_out__fold01,False,True,leave_one_view_out__fold01__candidate_327,completed,maneuver,ef23ad8b080593cb9c8caaa4a57c59a5dc23c5987cd8d56c0f61e753cf15435c,0.8
dual_minirocket_1000,15,inner_validation,inner_train,recall_medium,leave_one_view_out__fold01,False,True,leave_one_view_out__fold01__candidate_327,completed,maneuver,ef23ad8b080593cb9c8caaa4a57c59a5dc23c5987cd8d56c0f61e753cf15435c,0.6666666666666666
dual_minirocket_1000,15,inner_validation,inner_train,recall_high,leave_one_view_out__fold01,False,True,leave_one_view_out__fold01__candidate_327,completed,maneuver,ef23ad8b080593cb9c8caaa4a57c59a5dc23c5987cd8d56c0f61e753cf15435c,1.0
dual_minirocket_1000,15,inner_validation,inner_train,minimum_class_recall,leave_one_view_out__fold01,False,True,leave_one_view_out__fold01__candidate_327,completed,maneuver,ef23ad8b080593cb9c8caaa4a57c59a5dc23c5987cd8d56c0f61e753cf15435c,0.6666666666666666
dual_minirocket_1000,15,inner_validation,inner_train,ordinal_mae,leave_one_view_out__fold01,False,True,leave_one_view_out__fold01__candidate_327,completed,maneuver,ef23ad8b080593cb9c8caaa4a57c59a5dc23c5987cd8d56c0f61e753cf15435c,0.16666666666666666
dual_minirocket_1000,15,inner_validation,inner_train,score_mae,leave_one_view_out__fold01,False,True,leave_one_view_out__fold01__candidate_327,completed,maneuver,ef23ad8b080593cb9c8caaa4a57c59a5dc23c5987cd8d56c0f61e753cf15435c,0.6285266755836981
dual_minirocket_1000,15,inner_validation,inner_train,score_spearman,leave_one_view_out__fold01,False,True,leave_one_view_out__fold01__candidate_327,completed,maneuver,ef23ad8b080593cb9c8caaa4a57c59a5dc23c5987cd8d56c0f61e753cf15435c,0.7062937062937064
dual_minirocket_1000,15,inner_validation,inner_train,rmse,leave_one_view_out__fold01,False,True,leave_one_view_out__fold01__candidate_327,completed,response,ef23ad8b080593cb9c8caaa4a57c59a5dc23c5987cd8d56c0f61e753cf15435c,1.3033005773918058
dual_minirocket_1000,15,inner_validation,inner_train,mae,leave_one_view_out__fold01,False,True,leave_one_view_out__fold01__candidate_327,completed,response,ef23ad8b080593cb9c8caaa4a57c59a5dc23c5987cd8d56c0f61e753cf15435c,1.10834861014193
dual_minirocket_1000,15,inner_validation,inner_train,validation_std,leave_one_view_out__fold01,False,True,leave_one_view_out__fold01__candidate_327,completed,response,ef23ad8b080593cb9c8caaa4a57c59a5dc23c5987cd8d56c0f61e753cf15435c,0.7424450098311778
dual_minirocket_1000,15,inner_validation,inner_train,validation_iqr,leave_one_view_out__fold01,False,True,leave_one_view_out__fold01__candidate_327,completed,response,ef23ad8b080593cb9c8caaa4a57c59a5dc23c5987cd8d56c0f61e753cf15435c,0.8094986823286678
dual_minirocket_1000,15,inner_validation,inner_train,nrmse_std,leave_one_view_out__fold01,False,True,leave_one_view_out__fold01__candidate_327,completed,response,ef23ad8b080593cb9c8caaa4a57c59a5dc23c5987cd8d56c0f61e753cf15435c,1.7554169805628557
dual_minirocket_1000,15,inner_validation,inner_train,nrmse_iqr,leave_one_view_out__fold01,False,True,leave_one_view_out__fold01__candidate_327,completed,response,ef23ad8b080593cb9c8caaa4a57c59a5dc23c5987cd8d56c0f61e753cf15435c,1.610009510630244
dual_minirocket_1000,15,inner_validation,inner_train,train_mean_baseline_rmse,leave_one_view_out__fold01,False,True,leave_one_view_out__fold01__candidate_327,completed,response,ef23ad8b080593cb9c8caaa4a57c59a5dc23c5987cd8d56c0f61e753cf15435c,0.9686999988458442
dual_minirocket_1000,15,inner_validation,inner_train,rmse_ratio,leave_one_view_out__fold01,False,True,leave_one_view_out__fold01__candidate_327,completed,response,ef23ad8b080593cb9c8caaa4a57c59a5dc23c5987cd8d56c0f61e753cf15435c,1.3454119737221233
dual_minirocket_1000,15,inner_validation,inner_train,response_skill,leave_one_view_out__fold01,False,True,leave_one_view_out__fold01__candidate_327,completed,response,ef23ad8b080593cb9c8caaa4a57c59a5dc23c5987cd8d56c0f61e753cf15435c,-0.8101333790348593
dual_minirocket_1000,15,inner_validation,inner_train,spearman,leave_one_view_out__fold01,False,True,leave_one_view_out__fold01__candidate_327,completed,response,ef23ad8b080593cb9c8caaa4a57c59a5dc23c5987cd8d56c0f61e753cf15435c,-0.013986013986013986
dual_minirocket_1000,15,inner_validation,inner_train,auprc,leave_one_view_out__fold01,False,True,leave_one_view_out__fold01__candidate_327,completed,high_response,ef23ad8b080593cb9c8caaa4a57c59a5dc23c5987cd8d56c0f61e753cf15435c,0.7593614718614718
dual_minirocket_1000,15,inner_validation,inner_train,prevalence,leave_one_view_out__fold01,False,True,leave_one_view_out__fold01__candidate_327,completed,high_response,ef23ad8b080593cb9c8caaa4a57c59a5dc23c5987cd8d56c0f61e753cf15435c,0.6666666666666666
dual_minirocket_1000,15,inner_validation,inner_train,random_baseline_auprc,leave_one_view_out__fold01,False,True,leave_one_view_out__fold01__candidate_327,completed,high_response,ef23ad8b080593cb9c8caaa4a57c59a5dc23c5987cd8d56c0f61e753cf15435c,0.6666666666666666
dual_minirocket_1000,15,inner_validation,inner_train,normalized_ap,leave_one_view_out__fold01,False,True,leave_one_view_out__fold01__candidate_327,completed,high_response,ef23ad8b080593cb9c8caaa4a57c59a5dc23c5987cd8d56c0f61e753cf15435c,0.2780844155844156
dual_minirocket_1000,15,inner_validation,inner_train,auprc_lift,leave_one_view_out__fold01,False,True,leave_one_view_out__fold01__candidate_327,completed,high_response,ef23ad8b080593cb9c8caaa4a57c59a5dc23c5987cd8d56c0f61e753cf15435c,0.09269480519480522
dual_minirocket_1000,15,inner_validation,inner_train,auroc,leave_one_view_out__fold01,False,True,leave_one_view_out__fold01__candidate_327,completed,high_response,ef23ad8b080593cb9c8caaa4a57c59a5dc23c5987cd8d56c0f61e753cf15435c,0.53125
dual_minirocket_1000,15,inner_validation,inner_train,balanced_accuracy,leave_one_view_out__fold01,False,True,leave_one_view_out__fold01__candidate_327,completed,high_response,ef23ad8b080593cb9c8caaa4a57c59a5dc23c5987cd8d56c0f61e753cf15435c,0.5625
dual_minirocket_5000,16,inner_validation,inner_train,macro_f1,leave_one_view_out__fold01,False,True,leave_one_view_out__fold01__candidate_339,completed,maneuver,d49030f301fc10972368913bbfc6141aa638775e23f48bc8ad0055d5e48293a1,1.0
dual_minirocket_5000,16,inner_validation,inner_train,support_aware_macro_f1,leave_one_view_out__fold01,False,True,leave_one_view_out__fold01__candidate_339,completed,maneuver,d49030f301fc10972368913bbfc6141aa638775e23f48bc8ad0055d5e48293a1,1.0
dual_minirocket_5000,16,inner_validation,inner_train,majority_macro_f1,leave_one_view_out__fold01,False,True,leave_one_view_out__fold01__candidate_339,completed,maneuver,d49030f301fc10972368913bbfc6141aa638775e23f48bc8ad0055d5e48293a1,0.16666666666666666
dual_minirocket_5000,16,inner_validation,inner_train,macro_f1_lift,leave_one_view_out__fold01,False,True,leave_one_view_out__fold01__candidate_339,completed,maneuver,d49030f301fc10972368913bbfc6141aa638775e23f48bc8ad0055d5e48293a1,0.8333333333333334
dual_minirocket_5000,16,inner_validation,inner_train,recall_low,leave_one_view_out__fold01,False,True,leave_one_view_out__fold01__candidate_339,completed,maneuver,d49030f301fc10972368913bbfc6141aa638775e23f48bc8ad0055d5e48293a1,1.0
dual_minirocket_5000,16,inner_validation,inner_train,recall_medium,leave_one_view_out__fold01,False,True,leave_one_view_out__fold01__candidate_339,completed,maneuver,d49030f301fc10972368913bbfc6141aa638775e23f48bc8ad0055d5e48293a1,1.0
dual_minirocket_5000,16,inner_validation,inner_train,recall_high,leave_one_view_out__fold01,False,True,leave_one_view_out__fold01__candidate_339,completed,maneuver,d49030f301fc10972368913bbfc6141aa638775e23f48bc8ad0055d5e48293a1,1.0
dual_minirocket_5000,16,inner_validation,inner_train,minimum_class_recall,leave_one_view_out__fold01,False,True,leave_one_view_out__fold01__candidate_339,completed,maneuver,d49030f301fc10972368913bbfc6141aa638775e23f48bc8ad0055d5e48293a1,1.0
dual_minirocket_5000,16,inner_validation,inner_train,ordinal_mae,leave_one_view_out__fold01,False,True,leave_one_view_out__fold01__candidate_339,completed,maneuver,d49030f301fc10972368913bbfc6141aa638775e23f48bc8ad0055d5e48293a1,0.0
dual_minirocket_5000,16,inner_validation,inner_train,score_mae,leave_one_view_out__fold01,False,True,leave_one_view_out__fold01__candidate_339,completed,maneuver,d49030f301fc10972368913bbfc6141aa638775e23f48bc8ad0055d5e48293a1,0.5378651274711338
dual_minirocket_5000,16,inner_validation,inner_train,score_spearman,leave_one_view_out__fold01,False,True,leave_one_view_out__fold01__candidate_339,completed,maneuver,d49030f301fc10972368913bbfc6141aa638775e23f48bc8ad0055d5e48293a1,0.9160839160839163
dual_minirocket_5000,16,inner_validation,inner_train,rmse,leave_one_view_out__fold01,False,True,leave_one_view_out__fold01__candidate_339,completed,response,d49030f301fc10972368913bbfc6141aa638775e23f48bc8ad0055d5e48293a1,3.0142801999470397
dual_minirocket_5000,16,inner_validation,inner_train,mae,leave_one_view_out__fold01,False,True,leave_one_view_out__fold01__candidate_339,completed,response,d49030f301fc10972368913bbfc6141aa638775e23f48bc8ad0055d5e48293a1,1.89956428439306
dual_minirocket_5000,16,inner_validation,inner_train,validation_std,leave_one_view_out__fold01,False,True,leave_one_view_out__fold01__candidate_339,completed,response,d49030f301fc10972368913bbfc6141aa638775e23f48bc8ad0055d5e48293a1,0.9229823964743179
dual_minirocket_5000,16,inner_validation,inner_train,validation_iqr,leave_one_view_out__fold01,False,True,leave_one_view_out__fold01__candidate_339,completed,response,d49030f301fc10972368913bbfc6141aa638775e23f48bc8ad0055d5e48293a1,1.5375502327333572
dual_minirocket_5000,16,inner_validation,inner_train,nrmse_std,leave_one_view_out__fold01,False,True,leave_one_view_out__fold01__candidate_339,completed,response,d49030f301fc10972368913bbfc6141aa638775e23f48bc8ad0055d5e48293a1,3.2658046474788995
dual_minirocket_5000,16,inner_validation,inner_train,nrmse_iqr,leave_one_view_out__fold01,False,True,leave_one_view_out__fold01__candidate_339,completed,response,d49030f301fc10972368913bbfc6141aa638775e23f48bc8ad0055d5e48293a1,1.9604433961083974
dual_minirocket_5000,16,inner_validation,inner_train,train_mean_baseline_rmse,leave_one_view_out__fold01,False,True,leave_one_view_out__fold01__candidate_339,completed,response,d49030f301fc10972368913bbfc6141aa638775e23f48bc8ad0055d5e48293a1,1.2411261006308119
dual_minirocket_5000,16,inner_validation,inner_train,rmse_ratio,leave_one_view_out__fold01,False,True,leave_one_view_out__fold01__candidate_339,completed,response,d49030f301fc10972368913bbfc6141aa638775e23f48bc8ad0055d5e48293a1,2.4286655468892393
dual_minirocket_5000,16,inner_validation,inner_train,response_skill,leave_one_view_out__fold01,False,True,leave_one_view_out__fold01__candidate_339,completed,response,d49030f301fc10972368913bbfc6141aa638775e23f48bc8ad0055d5e48293a1,-4.8984163386468085
dual_minirocket_5000,16,inner_validation,inner_train,spearman,leave_one_view_out__fold01,False,True,leave_one_view_out__fold01__candidate_339,completed,response,d49030f301fc10972368913bbfc6141aa638775e23f48bc8ad0055d5e48293a1,0.6234685568211282
dual_minirocket_5000,16,inner_validation,inner_train,auprc,leave_one_view_out__fold01,False,True,leave_one_view_out__fold01__candidate_339,completed,high_response,d49030f301fc10972368913bbfc6141aa638775e23f48bc8ad0055d5e48293a1,0.8149170274170274
dual_minirocket_5000,16,inner_validation,inner_train,prevalence,leave_one_view_out__fold01,False,True,leave_one_view_out__fold01__candidate_339,completed,high_response,d49030f301fc10972368913bbfc6141aa638775e23f48bc8ad0055d5e48293a1,0.6666666666666666
dual_minirocket_5000,16,inner_validation,inner_train,random_baseline_auprc,leave_one_view_out__fold01,False,True,leave_one_view_out__fold01__candidate_339,completed,high_response,d49030f301fc10972368913bbfc6141aa638775e23f48bc8ad0055d5e48293a1,0.6666666666666666
dual_minirocket_5000,16,inner_validation,inner_train,normalized_ap,leave_one_view_out__fold01,False,True,leave_one_view_out__fold01__candidate_339,completed,high_response,d49030f301fc10972368913bbfc6141aa638775e23f48bc8ad0055d5e48293a1,0.44475108225108234
dual_minirocket_5000,16,inner_validation,inner_train,auprc_lift,leave_one_view_out__fold01,False,True,leave_one_view_out__fold01__candidate_339,completed,high_response,d49030f301fc10972368913bbfc6141aa638775e23f48bc8ad0055d5e48293a1,0.1482503607503608
dual_minirocket_5000,16,inner_validation,inner_train,auroc,leave_one_view_out__fold01,False,True,leave_one_view_out__fold01__candidate_339,completed,high_response,d49030f301fc10972368913bbfc6141aa638775e23f48bc8ad0055d5e48293a1,0.65625
dual_minirocket_5000,16,inner_validation,inner_train,balanced_accuracy,leave_one_view_out__fold01,False,True,leave_one_view_out__fold01__candidate_339,completed,high_response,d49030f301fc10972368913bbfc6141aa638775e23f48bc8ad0055d5e48293a1,0.5625
dual_minirocket_5000,16,inner_validation,inner_train,macro_f1,leave_one_view_out__fold01,False,True,leave_one_view_out__fold01__candidate_353,completed,maneuver,f1ddae33af89bc208d97290f0e03c19c4d93c0cd3b4e08a59452657e405013ac,1.0
dual_minirocket_5000,16,inner_validation,inner_train,support_aware_macro_f1,leave_one_view_out__fold01,False,True,leave_one_view_out__fold01__candidate_353,completed,maneuver,f1ddae33af89bc208d97290f0e03c19c4d93c0cd3b4e08a59452657e405013ac,1.0
dual_minirocket_5000,16,inner_validation,inner_train,majority_macro_f1,leave_one_view_out__fold01,False,True,leave_one_view_out__fold01__candidate_353,completed,maneuver,f1ddae33af89bc208d97290f0e03c19c4d93c0cd3b4e08a59452657e405013ac,0.13333333333333333
dual_minirocket_5000,16,inner_validation,inner_train,macro_f1_lift,leave_one_view_out__fold01,False,True,leave_one_view_out__fold01__candidate_353,completed,maneuver,f1ddae33af89bc208d97290f0e03c19c4d93c0cd3b4e08a59452657e405013ac,0.8666666666666667
dual_minirocket_5000,16,inner_validation,inner_train,recall_low,leave_one_view_out__fold01,False,True,leave_one_view_out__fold01__candidate_353,completed,maneuver,f1ddae33af89bc208d97290f0e03c19c4d93c0cd3b4e08a59452657e405013ac,1.0
dual_minirocket_5000,16,inner_validation,inner_train,recall_medium,leave_one_view_out__fold01,False,True,leave_one_view_out__fold01__candidate_353,completed,maneuver,f1ddae33af89bc208d97290f0e03c19c4d93c0cd3b4e08a59452657e405013ac,1.0
dual_minirocket_5000,16,inner_validation,inner_train,recall_high,leave_one_view_out__fold01,False,True,leave_one_view_out__fold01__candidate_353,completed,maneuver,f1ddae33af89bc208d97290f0e03c19c4d93c0cd3b4e08a59452657e405013ac,1.0
dual_minirocket_5000,16,inner_validation,inner_train,minimum_class_recall,leave_one_view_out__fold01,False,True,leave_one_view_out__fold01__candidate_353,completed,maneuver,f1ddae33af89bc208d97290f0e03c19c4d93c0cd3b4e08a59452657e405013ac,1.0
dual_minirocket_5000,16,inner_validation,inner_train,ordinal_mae,leave_one_view_out__fold01,False,True,leave_one_view_out__fold01__candidate_353,completed,maneuver,f1ddae33af89bc208d97290f0e03c19c4d93c0cd3b4e08a59452657e405013ac,0.0
dual_minirocket_5000,16,inner_validation,inner_train,score_mae,leave_one_view_out__fold01,False,True,leave_one_view_out__fold01__candidate_353,completed,maneuver,f1ddae33af89bc208d97290f0e03c19c4d93c0cd3b4e08a59452657e405013ac,0.6826304914430236
dual_minirocket_5000,16,inner_validation,inner_train,score_spearman,leave_one_view_out__fold01,False,True,leave_one_view_out__fold01__candidate_353,completed,maneuver,f1ddae33af89bc208d97290f0e03c19c4d93c0cd3b4e08a59452657e405013ac,0.8811188811188813
dual_minirocket_5000,16,inner_validation,inner_train,rmse,leave_one_view_out__fold01,False,True,leave_one_view_out__fold01__candidate_353,completed,response,f1ddae33af89bc208d97290f0e03c19c4d93c0cd3b4e08a59452657e405013ac,1.0008482004441426
dual_minirocket_5000,16,inner_validation,inner_train,mae,leave_one_view_out__fold01,False,True,leave_one_view_out__fold01__candidate_353,completed,response,f1ddae33af89bc208d97290f0e03c19c4d93c0cd3b4e08a59452657e405013ac,0.8589804973240621
dual_minirocket_5000,16,inner_validation,inner_train,validation_std,leave_one_view_out__fold01,False,True,leave_one_view_out__fold01__candidate_353,completed,response,f1ddae33af89bc208d97290f0e03c19c4d93c0cd3b4e08a59452657e405013ac,0.8091453454981316
dual_minirocket_5000,16,inner_validation,inner_train,validation_iqr,leave_one_view_out__fold01,False,True,leave_one_view_out__fold01__candidate_353,completed,response,f1ddae33af89bc208d97290f0e03c19c4d93c0cd3b4e08a59452657e405013ac,1.218839946496964
dual_minirocket_5000,16,inner_validation,inner_train,nrmse_std,leave_one_view_out__fold01,False,True,leave_one_view_out__fold01__candidate_353,completed,response,f1ddae33af89bc208d97290f0e03c19c4d93c0cd3b4e08a59452657e405013ac,1.2369201726396801
dual_minirocket_5000,16,inner_validation,inner_train,nrmse_iqr,leave_one_view_out__fold01,False,True,leave_one_view_out__fold01__candidate_353,completed,response,f1ddae33af89bc208d97290f0e03c19c4d93c0cd3b4e08a59452657e405013ac,0.8211481772653204
dual_minirocket_5000,16,inner_validation,inner_train,train_mean_baseline_rmse,leave_one_view_out__fold01,False,True,leave_one_view_out__fold01__candidate_353,completed,response,f1ddae33af89bc208d97290f0e03c19c4d93c0cd3b4e08a59452657e405013ac,0.9551898219217477
dual_minirocket_5000,16,inner_validation,inner_train,rmse_ratio,leave_one_view_out__fold01,False,True,leave_one_view_out__fold01__candidate_353,completed,response,f1ddae33af89bc208d97290f0e03c19c4d93c0cd3b4e08a59452657e405013ac,1.0478003193444154
dual_minirocket_5000,16,inner_validation,inner_train,response_skill,leave_one_view_out__fold01,False,True,leave_one_view_out__fold01__candidate_353,completed,response,f1ddae33af89bc208d97290f0e03c19c4d93c0cd3b4e08a59452657e405013ac,-0.09788550921825889
dual_minirocket_5000,16,inner_validation,inner_train,spearman,leave_one_view_out__fold01,False,True,leave_one_view_out__fold01__candidate_353,completed,response,f1ddae33af89bc208d97290f0e03c19c4d93c0cd3b4e08a59452657e405013ac,-0.1328671328671329
dual_minirocket_5000,16,inner_validation,inner_train,auprc,leave_one_view_out__fold01,False,True,leave_one_view_out__fold01__candidate_353,completed,high_response,f1ddae33af89bc208d97290f0e03c19c4d93c0cd3b4e08a59452657e405013ac,0.3842424242424242
dual_minirocket_5000,16,inner_validation,inner_train,prevalence,leave_one_view_out__fold01,False,True,leave_one_view_out__fold01__candidate_353,completed,high_response,f1ddae33af89bc208d97290f0e03c19c4d93c0cd3b4e08a59452657e405013ac,0.4166666666666667
dual_minirocket_5000,16,inner_validation,inner_train,random_baseline_auprc,leave_one_view_out__fold01,False,True,leave_one_view_out__fold01__candidate_353,completed,high_response,f1ddae33af89bc208d97290f0e03c19c4d93c0cd3b4e08a59452657e405013ac,0.4166666666666667
dual_minirocket_5000,16,inner_validation,inner_train,normalized_ap,leave_one_view_out__fold01,False,True,leave_one_view_out__fold01__candidate_353,completed,high_response,f1ddae33af89bc208d97290f0e03c19c4d93c0cd3b4e08a59452657e405013ac,-0.05558441558441567
dual_minirocket_5000,16,inner_validation,inner_train,auprc_lift,leave_one_view_out__fold01,False,True,leave_one_view_out__fold01__candidate_353,completed,high_response,f1ddae33af89bc208d97290f0e03c19c4d93c0cd3b4e08a59452657e405013ac,-0.032424242424242466
dual_minirocket_5000,16,inner_validation,inner_train,auroc,leave_one_view_out__fold01,False,True,leave_one_view_out__fold01__candidate_353,completed,high_response,f1ddae33af89bc208d97290f0e03c19c4d93c0cd3b4e08a59452657e405013ac,0.3428571428571429
dual_minirocket_5000,16,inner_validation,inner_train,balanced_accuracy,leave_one_view_out__fold01,False,True,leave_one_view_out__fold01__candidate_353,completed,high_response,f1ddae33af89bc208d97290f0e03c19c4d93c0cd3b4e08a59452657e405013ac,0.3857142857142857
dual_minirocket_5000,16,inner_validation,inner_train,macro_f1,leave_one_view_out__fold02,False,True,leave_one_view_out__fold02__candidate_328,completed,maneuver,76857c61556d36c9eb8d7060ea53eb10f2e65e3f7b2a4854ab4c6016248a0b48,0.6257575757575758
dual_minirocket_5000,16,inner_validation,inner_train,support_aware_macro_f1,leave_one_view_out__fold02,False,True,leave_one_view_out__fold02__candidate_328,completed,maneuver,76857c61556d36c9eb8d7060ea53eb10f2e65e3f7b2a4854ab4c6016248a0b48,0.6257575757575758
dual_minirocket_5000,16,inner_validation,inner_train,majority_macro_f1,leave_one_view_out__fold02,False,True,leave_one_view_out__fold02__candidate_328,completed,maneuver,76857c61556d36c9eb8d7060ea53eb10f2e65e3f7b2a4854ab4c6016248a0b48,0.19607843137254902
dual_minirocket_5000,16,inner_validation,inner_train,macro_f1_lift,leave_one_view_out__fold02,False,True,leave_one_view_out__fold02__candidate_328,completed,maneuver,76857c61556d36c9eb8d7060ea53eb10f2e65e3f7b2a4854ab4c6016248a0b48,0.42967914438502686
dual_minirocket_5000,16,inner_validation,inner_train,recall_low,leave_one_view_out__fold02,False,True,leave_one_view_out__fold02__candidate_328,completed,maneuver,76857c61556d36c9eb8d7060ea53eb10f2e65e3f7b2a4854ab4c6016248a0b48,0.8
dual_minirocket_5000,16,inner_validation,inner_train,recall_medium,leave_one_view_out__fold02,False,True,leave_one_view_out__fold02__candidate_328,completed,maneuver,76857c61556d36c9eb8d7060ea53eb10f2e65e3f7b2a4854ab4c6016248a0b48,0.25
dual_minirocket_5000,16,inner_validation,inner_train,recall_high,leave_one_view_out__fold02,False,True,leave_one_view_out__fold02__candidate_328,completed,maneuver,76857c61556d36c9eb8d7060ea53eb10f2e65e3f7b2a4854ab4c6016248a0b48,1.0
dual_minirocket_5000,16,inner_validation,inner_train,minimum_class_recall,leave_one_view_out__fold02,False,True,leave_one_view_out__fold02__candidate_328,completed,maneuver,76857c61556d36c9eb8d7060ea53eb10f2e65e3f7b2a4854ab4c6016248a0b48,0.25
dual_minirocket_5000,16,inner_validation,inner_train,ordinal_mae,leave_one_view_out__fold02,False,True,leave_one_view_out__fold02__candidate_328,completed,maneuver,76857c61556d36c9eb8d7060ea53eb10f2e65e3f7b2a4854ab4c6016248a0b48,0.4166666666666667
dual_minirocket_5000,16,inner_validation,inner_train,score_mae,leave_one_view_out__fold02,False,True,leave_one_view_out__fold02__candidate_328,completed,maneuver,76857c61556d36c9eb8d7060ea53eb10f2e65e3f7b2a4854ab4c6016248a0b48,0.6889259755628366
dual_minirocket_5000,16,inner_validation,inner_train,score_spearman,leave_one_view_out__fold02,False,True,leave_one_view_out__fold02__candidate_328,completed,maneuver,76857c61556d36c9eb8d7060ea53eb10f2e65e3f7b2a4854ab4c6016248a0b48,0.6293706293706295
dual_minirocket_5000,16,inner_validation,inner_train,rmse,leave_one_view_out__fold02,False,True,leave_one_view_out__fold02__candidate_328,completed,response,76857c61556d36c9eb8d7060ea53eb10f2e65e3f7b2a4854ab4c6016248a0b48,1.0885998490502964
dual_minirocket_5000,16,inner_validation,inner_train,mae,leave_one_view_out__fold02,False,True,leave_one_view_out__fold02__candidate_328,completed,response,76857c61556d36c9eb8d7060ea53eb10f2e65e3f7b2a4854ab4c6016248a0b48,0.9314449030126561
dual_minirocket_5000,16,inner_validation,inner_train,validation_std,leave_one_view_out__fold02,False,True,leave_one_view_out__fold02__candidate_328,completed,response,76857c61556d36c9eb8d7060ea53eb10f2e65e3f7b2a4854ab4c6016248a0b48,0.6661100828266592
dual_minirocket_5000,16,inner_validation,inner_train,validation_iqr,leave_one_view_out__fold02,False,True,leave_one_view_out__fold02__candidate_328,completed,response,76857c61556d36c9eb8d7060ea53eb10f2e65e3f7b2a4854ab4c6016248a0b48,0.8168154939282022
dual_minirocket_5000,16,inner_validation,inner_train,nrmse_std,leave_one_view_out__fold02,False,True,leave_one_view_out__fold02__candidate_328,completed,response,76857c61556d36c9eb8d7060ea53eb10f2e65e3f7b2a4854ab4c6016248a0b48,1.634264181125721
dual_minirocket_5000,16,inner_validation,inner_train,nrmse_iqr,leave_one_view_out__fold02,False,True,leave_one_view_out__fold02__candidate_328,completed,response,76857c61556d36c9eb8d7060ea53eb10f2e65e3f7b2a4854ab4c6016248a0b48,1.3327365324756977
dual_minirocket_5000,16,inner_validation,inner_train,train_mean_baseline_rmse,leave_one_view_out__fold02,False,True,leave_one_view_out__fold02__candidate_328,completed,response,76857c61556d36c9eb8d7060ea53eb10f2e65e3f7b2a4854ab4c6016248a0b48,0.760282844198373
dual_minirocket_5000,16,inner_validation,inner_train,rmse_ratio,leave_one_view_out__fold02,False,True,leave_one_view_out__fold02__candidate_328,completed,response,76857c61556d36c9eb8d7060ea53eb10f2e65e3f7b2a4854ab4c6016248a0b48,1.4318353456970272
dual_minirocket_5000,16,inner_validation,inner_train,response_skill,leave_one_view_out__fold02,False,True,leave_one_view_out__fold02__candidate_328,completed,response,76857c61556d36c9eb8d7060ea53eb10f2e65e3f7b2a4854ab4c6016248a0b48,-1.050152457187325
dual_minirocket_5000,16,inner_validation,inner_train,spearman,leave_one_view_out__fold02,False,True,leave_one_view_out__fold02__candidate_328,completed,response,76857c61556d36c9eb8d7060ea53eb10f2e65e3f7b2a4854ab4c6016248a0b48,0.14685314685314685
dual_minirocket_5000,16,inner_validation,inner_train,auprc,leave_one_view_out__fold02,False,True,leave_one_view_out__fold02__candidate_328,completed,high_response,76857c61556d36c9eb8d7060ea53eb10f2e65e3f7b2a4854ab4c6016248a0b48,0.5125757575757576
dual_minirocket_5000,16,inner_validation,inner_train,prevalence,leave_one_view_out__fold02,False,True,leave_one_view_out__fold02__candidate_328,completed,high_response,76857c61556d36c9eb8d7060ea53eb10f2e65e3f7b2a4854ab4c6016248a0b48,0.4166666666666667
dual_minirocket_5000,16,inner_validation,inner_train,random_baseline_auprc,leave_one_view_out__fold02,False,True,leave_one_view_out__fold02__candidate_328,completed,high_response,76857c61556d36c9eb8d7060ea53eb10f2e65e3f7b2a4854ab4c6016248a0b48,0.4166666666666667
dual_minirocket_5000,16,inner_validation,inner_train,normalized_ap,leave_one_view_out__fold02,False,True,leave_one_view_out__fold02__candidate_328,completed,high_response,76857c61556d36c9eb8d7060ea53eb10f2e65e3f7b2a4854ab4c6016248a0b48,0.1644155844155844
dual_minirocket_5000,16,inner_validation,inner_train,auprc_lift,leave_one_view_out__fold02,False,True,leave_one_view_out__fold02__candidate_328,completed,high_response,76857c61556d36c9eb8d7060ea53eb10f2e65e3f7b2a4854ab4c6016248a0b48,0.09590909090909089
dual_minirocket_5000,16,inner_validation,inner_train,auroc,leave_one_view_out__fold02,False,True,leave_one_view_out__fold02__candidate_328,completed,high_response,76857c61556d36c9eb8d7060ea53eb10f2e65e3f7b2a4854ab4c6016248a0b48,0.4
dual_minirocket_5000,16,inner_validation,inner_train,balanced_accuracy,leave_one_view_out__fold02,False,True,leave_one_view_out__fold02__candidate_328,completed,high_response,76857c61556d36c9eb8d7060ea53eb10f2e65e3f7b2a4854ab4c6016248a0b48,0.4571428571428572
dual_minirocket_5000,16,inner_validation,inner_train,macro_f1,leave_one_view_out__fold02,False,True,leave_one_view_out__fold02__candidate_329,completed,maneuver,09bd96f3f28027930e21282cb6cb1e34c79cb76197a270c426bd70e119d43e13,0.5555555555555555
dual_minirocket_5000,16,inner_validation,inner_train,support_aware_macro_f1,leave_one_view_out__fold02,False,True,leave_one_view_out__fold02__candidate_329,completed,maneuver,09bd96f3f28027930e21282cb6cb1e34c79cb76197a270c426bd70e119d43e13,0.5555555555555555
dual_minirocket_5000,16,inner_validation,inner_train,majority_macro_f1,leave_one_view_out__fold02,False,True,leave_one_view_out__fold02__candidate_329,completed,maneuver,09bd96f3f28027930e21282cb6cb1e34c79cb76197a270c426bd70e119d43e13,0.13333333333333333
dual_minirocket_5000,16,inner_validation,inner_train,macro_f1_lift,leave_one_view_out__fold02,False,True,leave_one_view_out__fold02__candidate_329,completed,maneuver,09bd96f3f28027930e21282cb6cb1e34c79cb76197a270c426bd70e119d43e13,0.42222222222222217
dual_minirocket_5000,16,inner_validation,inner_train,recall_low,leave_one_view_out__fold02,False,True,leave_one_view_out__fold02__candidate_329,completed,maneuver,09bd96f3f28027930e21282cb6cb1e34c79cb76197a270c426bd70e119d43e13,1.0
dual_minirocket_5000,16,inner_validation,inner_train,recall_medium,leave_one_view_out__fold02,False,True,leave_one_view_out__fold02__candidate_329,completed,maneuver,09bd96f3f28027930e21282cb6cb1e34c79cb76197a270c426bd70e119d43e13,0.25
dual_minirocket_5000,16,inner_validation,inner_train,recall_high,leave_one_view_out__fold02,False,True,leave_one_view_out__fold02__candidate_329,completed,maneuver,09bd96f3f28027930e21282cb6cb1e34c79cb76197a270c426bd70e119d43e13,0.6
dual_minirocket_5000,16,inner_validation,inner_train,minimum_class_recall,leave_one_view_out__fold02,False,True,leave_one_view_out__fold02__candidate_329,completed,maneuver,09bd96f3f28027930e21282cb6cb1e34c79cb76197a270c426bd70e119d43e13,0.25
dual_minirocket_5000,16,inner_validation,inner_train,ordinal_mae,leave_one_view_out__fold02,False,True,leave_one_view_out__fold02__candidate_329,completed,maneuver,09bd96f3f28027930e21282cb6cb1e34c79cb76197a270c426bd70e119d43e13,0.5
dual_minirocket_5000,16,inner_validation,inner_train,score_mae,leave_one_view_out__fold02,False,True,leave_one_view_out__fold02__candidate_329,completed,maneuver,09bd96f3f28027930e21282cb6cb1e34c79cb76197a270c426bd70e119d43e13,1.0818046115819562
dual_minirocket_5000,16,inner_validation,inner_train,score_spearman,leave_one_view_out__fold02,False,True,leave_one_view_out__fold02__candidate_329,completed,maneuver,09bd96f3f28027930e21282cb6cb1e34c79cb76197a270c426bd70e119d43e13,0.49650349650349657
dual_minirocket_5000,16,inner_validation,inner_train,rmse,leave_one_view_out__fold02,False,True,leave_one_view_out__fold02__candidate_329,completed,response,09bd96f3f28027930e21282cb6cb1e34c79cb76197a270c426bd70e119d43e13,0.9127052521918646
dual_minirocket_5000,16,inner_validation,inner_train,mae,leave_one_view_out__fold02,False,True,leave_one_view_out__fold02__candidate_329,completed,response,09bd96f3f28027930e21282cb6cb1e34c79cb76197a270c426bd70e119d43e13,0.7451050575307946
dual_minirocket_5000,16,inner_validation,inner_train,validation_std,leave_one_view_out__fold02,False,True,leave_one_view_out__fold02__candidate_329,completed,response,09bd96f3f28027930e21282cb6cb1e34c79cb76197a270c426bd70e119d43e13,0.7444107826338696
dual_minirocket_5000,16,inner_validation,inner_train,validation_iqr,leave_one_view_out__fold02,False,True,leave_one_view_out__fold02__candidate_329,completed,response,09bd96f3f28027930e21282cb6cb1e34c79cb76197a270c426bd70e119d43e13,1.126261329695373
dual_minirocket_5000,16,inner_validation,inner_train,nrmse_std,leave_one_view_out__fold02,False,True,leave_one_view_out__fold02__candidate_329,completed,response,09bd96f3f28027930e21282cb6cb1e34c79cb76197a270c426bd70e119d43e13,1.226077420537269
dual_minirocket_5000,16,inner_validation,inner_train,nrmse_iqr,leave_one_view_out__fold02,False,True,leave_one_view_out__fold02__candidate_329,completed,response,09bd96f3f28027930e21282cb6cb1e34c79cb76197a270c426bd70e119d43e13,0.8103849685034732
dual_minirocket_5000,16,inner_validation,inner_train,train_mean_baseline_rmse,leave_one_view_out__fold02,False,True,leave_one_view_out__fold02__candidate_329,completed,response,09bd96f3f28027930e21282cb6cb1e34c79cb76197a270c426bd70e119d43e13,0.7887754436917268
dual_minirocket_5000,16,inner_validation,inner_train,rmse_ratio,leave_one_view_out__fold02,False,True,leave_one_view_out__fold02__candidate_329,completed,response,09bd96f3f28027930e21282cb6cb1e34c79cb76197a270c426bd70e119d43e13,1.15711671742734
dual_minirocket_5000,16,inner_validation,inner_train,response_skill,leave_one_view_out__fold02,False,True,leave_one_view_out__fold02__candidate_329,completed,response,09bd96f3f28027930e21282cb6cb1e34c79cb76197a270c426bd70e119d43e13,-0.33891909774982265
dual_minirocket_5000,16,inner_validation,inner_train,spearman,leave_one_view_out__fold02,False,True,leave_one_view_out__fold02__candidate_329,completed,response,09bd96f3f28027930e21282cb6cb1e34c79cb76197a270c426bd70e119d43e13,-0.013986013986013986
dual_minirocket_5000,16,inner_validation,inner_train,auprc,leave_one_view_out__fold02,False,True,leave_one_view_out__fold02__candidate_329,completed,high_response,09bd96f3f28027930e21282cb6cb1e34c79cb76197a270c426bd70e119d43e13,0.41000000000000003
dual_minirocket_5000,16,inner_validation,inner_train,prevalence,leave_one_view_out__fold02,False,True,leave_one_view_out__fold02__candidate_329,completed,high_response,09bd96f3f28027930e21282cb6cb1e34c79cb76197a270c426bd70e119d43e13,0.4166666666666667
dual_minirocket_5000,16,inner_validation,inner_train,random_baseline_auprc,leave_one_view_out__fold02,False,True,leave_one_view_out__fold02__candidate_329,completed,high_response,09bd96f3f28027930e21282cb6cb1e34c79cb76197a270c426bd70e119d43e13,0.4166666666666667
dual_minirocket_5000,16,inner_validation,inner_train,normalized_ap,leave_one_view_out__fold02,False,True,leave_one_view_out__fold02__candidate_329,completed,high_response,09bd96f3f28027930e21282cb6cb1e34c79cb76197a270c426bd70e119d43e13,-0.011428571428571408
dual_minirocket_5000,16,inner_validation,inner_train,auprc_lift,leave_one_view_out__fold02,False,True,leave_one_view_out__fold02__candidate_329,completed,high_response,09bd96f3f28027930e21282cb6cb1e34c79cb76197a270c426bd70e119d43e13,-0.006666666666666654
dual_minirocket_5000,16,inner_validation,inner_train,auroc,leave_one_view_out__fold02,False,True,leave_one_view_out__fold02__candidate_329,completed,high_response,09bd96f3f28027930e21282cb6cb1e34c79cb76197a270c426bd70e119d43e13,0.3428571428571429
dual_minirocket_5000,16,inner_validation,inner_train,balanced_accuracy,leave_one_view_out__fold02,False,True,leave_one_view_out__fold02__candidate_329,completed,high_response,09bd96f3f28027930e21282cb6cb1e34c79cb76197a270c426bd70e119d43e13,0.27142857142857146
dual_minirocket_5000,16,inner_validation,inner_train,macro_f1,leave_one_view_out__fold01,False,True,leave_one_view_out__fold01__candidate_340,completed,maneuver,c8bb55db2e84fca264b1421bfe060cb36e07fbf025a5f825bde808b31ad5f850,1.0
dual_minirocket_5000,16,inner_validation,inner_train,support_aware_macro_f1,leave_one_view_out__fold01,False,True,leave_one_view_out__fold01__candidate_340,completed,maneuver,c8bb55db2e84fca264b1421bfe060cb36e07fbf025a5f825bde808b31ad5f850,1.0
dual_minirocket_5000,16,inner_validation,inner_train,majority_macro_f1,leave_one_view_out__fold01,False,True,leave_one_view_out__fold01__candidate_340,completed,maneuver,c8bb55db2e84fca264b1421bfe060cb36e07fbf025a5f825bde808b31ad5f850,0.13333333333333333
dual_minirocket_5000,16,inner_validation,inner_train,macro_f1_lift,leave_one_view_out__fold01,False,True,leave_one_view_out__fold01__candidate_340,completed,maneuver,c8bb55db2e84fca264b1421bfe060cb36e07fbf025a5f825bde808b31ad5f850,0.8666666666666667
dual_minirocket_5000,16,inner_validation,inner_train,recall_low,leave_one_view_out__fold01,False,True,leave_one_view_out__fold01__candidate_340,completed,maneuver,c8bb55db2e84fca264b1421bfe060cb36e07fbf025a5f825bde808b31ad5f850,1.0
dual_minirocket_5000,16,inner_validation,inner_train,recall_medium,leave_one_view_out__fold01,False,True,leave_one_view_out__fold01__candidate_340,completed,maneuver,c8bb55db2e84fca264b1421bfe060cb36e07fbf025a5f825bde808b31ad5f850,1.0
dual_minirocket_5000,16,inner_validation,inner_train,recall_high,leave_one_view_out__fold01,False,True,leave_one_view_out__fold01__candidate_340,completed,maneuver,c8bb55db2e84fca264b1421bfe060cb36e07fbf025a5f825bde808b31ad5f850,1.0
dual_minirocket_5000,16,inner_validation,inner_train,minimum_class_recall,leave_one_view_out__fold01,False,True,leave_one_view_out__fold01__candidate_340,completed,maneuver,c8bb55db2e84fca264b1421bfe060cb36e07fbf025a5f825bde808b31ad5f850,1.0
dual_minirocket_5000,16,inner_validation,inner_train,ordinal_mae,leave_one_view_out__fold01,False,True,leave_one_view_out__fold01__candidate_340,completed,maneuver,c8bb55db2e84fca264b1421bfe060cb36e07fbf025a5f825bde808b31ad5f850,0.0
dual_minirocket_5000,16,inner_validation,inner_train,score_mae,leave_one_view_out__fold01,False,True,leave_one_view_out__fold01__candidate_340,completed,maneuver,c8bb55db2e84fca264b1421bfe060cb36e07fbf025a5f825bde808b31ad5f850,0.583789849416117
dual_minirocket_5000,16,inner_validation,inner_train,score_spearman,leave_one_view_out__fold01,False,True,leave_one_view_out__fold01__candidate_340,completed,maneuver,c8bb55db2e84fca264b1421bfe060cb36e07fbf025a5f825bde808b31ad5f850,0.9370629370629372
dual_minirocket_5000,16,inner_validation,inner_train,rmse,leave_one_view_out__fold01,False,True,leave_one_view_out__fold01__candidate_340,completed,response,c8bb55db2e84fca264b1421bfe060cb36e07fbf025a5f825bde808b31ad5f850,1.1101130666721852
dual_minirocket_5000,16,inner_validation,inner_train,mae,leave_one_view_out__fold01,False,True,leave_one_view_out__fold01__candidate_340,completed,response,c8bb55db2e84fca264b1421bfe060cb36e07fbf025a5f825bde808b31ad5f850,0.9370059816545004
dual_minirocket_5000,16,inner_validation,inner_train,validation_std,leave_one_view_out__fold01,False,True,leave_one_view_out__fold01__candidate_340,completed,response,c8bb55db2e84fca264b1421bfe060cb36e07fbf025a5f825bde808b31ad5f850,0.7738225567538186
dual_minirocket_5000,16,inner_validation,inner_train,validation_iqr,leave_one_view_out__fold01,False,True,leave_one_view_out__fold01__candidate_340,completed,response,c8bb55db2e84fca264b1421bfe060cb36e07fbf025a5f825bde808b31ad5f850,1.1164541279861386
dual_minirocket_5000,16,inner_validation,inner_train,nrmse_std,leave_one_view_out__fold01,False,True,leave_one_view_out__fold01__candidate_340,completed,response,c8bb55db2e84fca264b1421bfe060cb36e07fbf025a5f825bde808b31ad5f850,1.4345834933128643
dual_minirocket_5000,16,inner_validation,inner_train,nrmse_iqr,leave_one_view_out__fold01,False,True,leave_one_view_out__fold01__candidate_340,completed,response,c8bb55db2e84fca264b1421bfe060cb36e07fbf025a5f825bde808b31ad5f850,0.9943203566048957
dual_minirocket_5000,16,inner_validation,inner_train,train_mean_baseline_rmse,leave_one_view_out__fold01,False,True,leave_one_view_out__fold01__candidate_340,completed,response,c8bb55db2e84fca264b1421bfe060cb36e07fbf025a5f825bde808b31ad5f850,0.9520832805389658
dual_minirocket_5000,16,inner_validation,inner_train,rmse_ratio,leave_one_view_out__fold01,False,True,leave_one_view_out__fold01__candidate_340,completed,response,c8bb55db2e84fca264b1421bfe060cb36e07fbf025a5f825bde808b31ad5f850,1.1659831543767476
dual_minirocket_5000,16,inner_validation,inner_train,response_skill,leave_one_view_out__fold01,False,True,leave_one_view_out__fold01__candidate_340,completed,response,c8bb55db2e84fca264b1421bfe060cb36e07fbf025a5f825bde808b31ad5f850,-0.35951671629035054
dual_minirocket_5000,16,inner_validation,inner_train,spearman,leave_one_view_out__fold01,False,True,leave_one_view_out__fold01__candidate_340,completed,response,c8bb55db2e84fca264b1421bfe060cb36e07fbf025a5f825bde808b31ad5f850,0.0
dual_minirocket_5000,16,inner_validation,inner_train,auprc,leave_one_view_out__fold01,False,True,leave_one_view_out__fold01__candidate_340,completed,high_response,c8bb55db2e84fca264b1421bfe060cb36e07fbf025a5f825bde808b31ad5f850,0.5947278911564625
dual_minirocket_5000,16,inner_validation,inner_train,prevalence,leave_one_view_out__fold01,False,True,leave_one_view_out__fold01__candidate_340,completed,high_response,c8bb55db2e84fca264b1421bfe060cb36e07fbf025a5f825bde808b31ad5f850,0.5833333333333334
dual_minirocket_5000,16,inner_validation,inner_train,random_baseline_auprc,leave_one_view_out__fold01,False,True,leave_one_view_out__fold01__candidate_340,completed,high_response,c8bb55db2e84fca264b1421bfe060cb36e07fbf025a5f825bde808b31ad5f850,0.5833333333333334
dual_minirocket_5000,16,inner_validation,inner_train,normalized_ap,leave_one_view_out__fold01,False,True,leave_one_view_out__fold01__candidate_340,completed,high_response,c8bb55db2e84fca264b1421bfe060cb36e07fbf025a5f825bde808b31ad5f850,0.027346938775509956
dual_minirocket_5000,16,inner_validation,inner_train,auprc_lift,leave_one_view_out__fold01,False,True,leave_one_view_out__fold01__candidate_340,completed,high_response,c8bb55db2e84fca264b1421bfe060cb36e07fbf025a5f825bde808b31ad5f850,0.011394557823129148
dual_minirocket_5000,16,inner_validation,inner_train,auroc,leave_one_view_out__fold01,False,True,leave_one_view_out__fold01__candidate_340,completed,high_response,c8bb55db2e84fca264b1421bfe060cb36e07fbf025a5f825bde808b31ad5f850,0.5142857142857142
dual_minirocket_5000,16,inner_validation,inner_train,balanced_accuracy,leave_one_view_out__fold01,False,True,leave_one_view_out__fold01__candidate_340,completed,high_response,c8bb55db2e84fca264b1421bfe060cb36e07fbf025a5f825bde808b31ad5f850,0.4714285714285714
dual_minirocket_5000,16,inner_validation,inner_train,macro_f1,leave_one_view_out__fold01,False,True,leave_one_view_out__fold01__candidate_327,completed,maneuver,ef23ad8b080593cb9c8caaa4a57c59a5dc23c5987cd8d56c0f61e753cf15435c,0.8222222222222223
dual_minirocket_5000,16,inner_validation,inner_train,support_aware_macro_f1,leave_one_view_out__fold01,False,True,leave_one_view_out__fold01__candidate_327,completed,maneuver,ef23ad8b080593cb9c8caaa4a57c59a5dc23c5987cd8d56c0f61e753cf15435c,0.8222222222222223
dual_minirocket_5000,16,inner_validation,inner_train,majority_macro_f1,leave_one_view_out__fold01,False,True,leave_one_view_out__fold01__candidate_327,completed,maneuver,ef23ad8b080593cb9c8caaa4a57c59a5dc23c5987cd8d56c0f61e753cf15435c,0.19607843137254902
dual_minirocket_5000,16,inner_validation,inner_train,macro_f1_lift,leave_one_view_out__fold01,False,True,leave_one_view_out__fold01__candidate_327,completed,maneuver,ef23ad8b080593cb9c8caaa4a57c59a5dc23c5987cd8d56c0f61e753cf15435c,0.6261437908496733
dual_minirocket_5000,16,inner_validation,inner_train,recall_low,leave_one_view_out__fold01,False,True,leave_one_view_out__fold01__candidate_327,completed,maneuver,ef23ad8b080593cb9c8caaa4a57c59a5dc23c5987cd8d56c0f61e753cf15435c,0.8
dual_minirocket_5000,16,inner_validation,inner_train,recall_medium,leave_one_view_out__fold01,False,True,leave_one_view_out__fold01__candidate_327,completed,maneuver,ef23ad8b080593cb9c8caaa4a57c59a5dc23c5987cd8d56c0f61e753cf15435c,0.6666666666666666
dual_minirocket_5000,16,inner_validation,inner_train,recall_high,leave_one_view_out__fold01,False,True,leave_one_view_out__fold01__candidate_327,completed,maneuver,ef23ad8b080593cb9c8caaa4a57c59a5dc23c5987cd8d56c0f61e753cf15435c,1.0
dual_minirocket_5000,16,inner_validation,inner_train,minimum_class_recall,leave_one_view_out__fold01,False,True,leave_one_view_out__fold01__candidate_327,completed,maneuver,ef23ad8b080593cb9c8caaa4a57c59a5dc23c5987cd8d56c0f61e753cf15435c,0.6666666666666666
dual_minirocket_5000,16,inner_validation,inner_train,ordinal_mae,leave_one_view_out__fold01,False,True,leave_one_view_out__fold01__candidate_327,completed,maneuver,ef23ad8b080593cb9c8caaa4a57c59a5dc23c5987cd8d56c0f61e753cf15435c,0.16666666666666666
dual_minirocket_5000,16,inner_validation,inner_train,score_mae,leave_one_view_out__fold01,False,True,leave_one_view_out__fold01__candidate_327,completed,maneuver,ef23ad8b080593cb9c8caaa4a57c59a5dc23c5987cd8d56c0f61e753cf15435c,0.7069805497135638
dual_minirocket_5000,16,inner_validation,inner_train,score_spearman,leave_one_view_out__fold01,False,True,leave_one_view_out__fold01__candidate_327,completed,maneuver,ef23ad8b080593cb9c8caaa4a57c59a5dc23c5987cd8d56c0f61e753cf15435c,0.6433566433566434
dual_minirocket_5000,16,inner_validation,inner_train,rmse,leave_one_view_out__fold01,False,True,leave_one_view_out__fold01__candidate_327,completed,response,ef23ad8b080593cb9c8caaa4a57c59a5dc23c5987cd8d56c0f61e753cf15435c,1.1643648847034105
dual_minirocket_5000,16,inner_validation,inner_train,mae,leave_one_view_out__fold01,False,True,leave_one_view_out__fold01__candidate_327,completed,response,ef23ad8b080593cb9c8caaa4a57c59a5dc23c5987cd8d56c0f61e753cf15435c,0.9932813319919248
dual_minirocket_5000,16,inner_validation,inner_train,validation_std,leave_one_view_out__fold01,False,True,leave_one_view_out__fold01__candidate_327,completed,response,ef23ad8b080593cb9c8caaa4a57c59a5dc23c5987cd8d56c0f61e753cf15435c,0.7424450098311778
dual_minirocket_5000,16,inner_validation,inner_train,validation_iqr,leave_one_view_out__fold01,False,True,leave_one_view_out__fold01__candidate_327,completed,response,ef23ad8b080593cb9c8caaa4a57c59a5dc23c5987cd8d56c0f61e753cf15435c,0.8094986823286678
dual_minirocket_5000,16,inner_validation,inner_train,nrmse_std,leave_one_view_out__fold01,False,True,leave_one_view_out__fold01__candidate_327,completed,response,ef23ad8b080593cb9c8caaa4a57c59a5dc23c5987cd8d56c0f61e753cf15435c,1.5682843433322715
dual_minirocket_5000,16,inner_validation,inner_train,nrmse_iqr,leave_one_view_out__fold01,False,True,leave_one_view_out__fold01__candidate_327,completed,response,ef23ad8b080593cb9c8caaa4a57c59a5dc23c5987cd8d56c0f61e753cf15435c,1.4383777393607442
dual_minirocket_5000,16,inner_validation,inner_train,train_mean_baseline_rmse,leave_one_view_out__fold01,False,True,leave_one_view_out__fold01__candidate_327,completed,response,ef23ad8b080593cb9c8caaa4a57c59a5dc23c5987cd8d56c0f61e753cf15435c,0.9686999988458442
dual_minirocket_5000,16,inner_validation,inner_train,rmse_ratio,leave_one_view_out__fold01,False,True,leave_one_view_out__fold01__candidate_327,completed,response,ef23ad8b080593cb9c8caaa4a57c59a5dc23c5987cd8d56c0f61e753cf15435c,1.2019870817494485
dual_minirocket_5000,16,inner_validation,inner_train,response_skill,leave_one_view_out__fold01,False,True,leave_one_view_out__fold01__candidate_327,completed,response,ef23ad8b080593cb9c8caaa4a57c59a5dc23c5987cd8d56c0f61e753cf15435c,-0.44477294469255546
dual_minirocket_5000,16,inner_validation,inner_train,spearman,leave_one_view_out__fold01,False,True,leave_one_view_out__fold01__candidate_327,completed,response,ef23ad8b080593cb9c8caaa4a57c59a5dc23c5987cd8d56c0f61e753cf15435c,0.16783216783216784
dual_minirocket_5000,16,inner_validation,inner_train,auprc,leave_one_view_out__fold01,False,True,leave_one_view_out__fold01__candidate_327,completed,high_response,ef23ad8b080593cb9c8caaa4a57c59a5dc23c5987cd8d56c0f61e753cf15435c,0.5787202380952381
dual_minirocket_5000,16,inner_validation,inner_train,prevalence,leave_one_view_out__fold01,False,True,leave_one_view_out__fold01__candidate_327,completed,high_response,ef23ad8b080593cb9c8caaa4a57c59a5dc23c5987cd8d56c0f61e753cf15435c,0.6666666666666666
dual_minirocket_5000,16,inner_validation,inner_train,random_baseline_auprc,leave_one_view_out__fold01,False,True,leave_one_view_out__fold01__candidate_327,completed,high_response,ef23ad8b080593cb9c8caaa4a57c59a5dc23c5987cd8d56c0f61e753cf15435c,0.6666666666666666
dual_minirocket_5000,16,inner_validation,inner_train,normalized_ap,leave_one_view_out__fold01,False,True,leave_one_view_out__fold01__candidate_327,completed,high_response,ef23ad8b080593cb9c8caaa4a57c59a5dc23c5987cd8d56c0f61e753cf15435c,-0.26383928571428555
dual_minirocket_5000,16,inner_validation,inner_train,auprc_lift,leave_one_view_out__fold01,False,True,leave_one_view_out__fold01__candidate_327,completed,high_response,ef23ad8b080593cb9c8caaa4a57c59a5dc23c5987cd8d56c0f61e753cf15435c,-0.08794642857142854
dual_minirocket_5000,16,inner_validation,inner_train,auroc,leave_one_view_out__fold01,False,True,leave_one_view_out__fold01__candidate_327,completed,high_response,ef23ad8b080593cb9c8caaa4a57c59a5dc23c5987cd8d56c0f61e753cf15435c,0.28125
dual_minirocket_5000,16,inner_validation,inner_train,balanced_accuracy,leave_one_view_out__fold01,False,True,leave_one_view_out__fold01__candidate_327,completed,high_response,ef23ad8b080593cb9c8caaa4a57c59a5dc23c5987cd8d56c0f61e753cf15435c,0.375
dual_multirocket,17,inner_validation,inner_train,macro_f1,leave_one_view_out__fold01,False,True,leave_one_view_out__fold01__candidate_339,completed,maneuver,d49030f301fc10972368913bbfc6141aa638775e23f48bc8ad0055d5e48293a1,1.0
dual_multirocket,17,inner_validation,inner_train,support_aware_macro_f1,leave_one_view_out__fold01,False,True,leave_one_view_out__fold01__candidate_339,completed,maneuver,d49030f301fc10972368913bbfc6141aa638775e23f48bc8ad0055d5e48293a1,1.0
dual_multirocket,17,inner_validation,inner_train,majority_macro_f1,leave_one_view_out__fold01,False,True,leave_one_view_out__fold01__candidate_339,completed,maneuver,d49030f301fc10972368913bbfc6141aa638775e23f48bc8ad0055d5e48293a1,0.16666666666666666
dual_multirocket,17,inner_validation,inner_train,macro_f1_lift,leave_one_view_out__fold01,False,True,leave_one_view_out__fold01__candidate_339,completed,maneuver,d49030f301fc10972368913bbfc6141aa638775e23f48bc8ad0055d5e48293a1,0.8333333333333334
dual_multirocket,17,inner_validation,inner_train,recall_low,leave_one_view_out__fold01,False,True,leave_one_view_out__fold01__candidate_339,completed,maneuver,d49030f301fc10972368913bbfc6141aa638775e23f48bc8ad0055d5e48293a1,1.0
dual_multirocket,17,inner_validation,inner_train,recall_medium,leave_one_view_out__fold01,False,True,leave_one_view_out__fold01__candidate_339,completed,maneuver,d49030f301fc10972368913bbfc6141aa638775e23f48bc8ad0055d5e48293a1,1.0
dual_multirocket,17,inner_validation,inner_train,recall_high,leave_one_view_out__fold01,False,True,leave_one_view_out__fold01__candidate_339,completed,maneuver,d49030f301fc10972368913bbfc6141aa638775e23f48bc8ad0055d5e48293a1,1.0
dual_multirocket,17,inner_validation,inner_train,minimum_class_recall,leave_one_view_out__fold01,False,True,leave_one_view_out__fold01__candidate_339,completed,maneuver,d49030f301fc10972368913bbfc6141aa638775e23f48bc8ad0055d5e48293a1,1.0
dual_multirocket,17,inner_validation,inner_train,ordinal_mae,leave_one_view_out__fold01,False,True,leave_one_view_out__fold01__candidate_339,completed,maneuver,d49030f301fc10972368913bbfc6141aa638775e23f48bc8ad0055d5e48293a1,0.0
dual_multirocket,17,inner_validation,inner_train,score_mae,leave_one_view_out__fold01,False,True,leave_one_view_out__fold01__candidate_339,completed,maneuver,d49030f301fc10972368913bbfc6141aa638775e23f48bc8ad0055d5e48293a1,0.505407434791174
dual_multirocket,17,inner_validation,inner_train,score_spearman,leave_one_view_out__fold01,False,True,leave_one_view_out__fold01__candidate_339,completed,maneuver,d49030f301fc10972368913bbfc6141aa638775e23f48bc8ad0055d5e48293a1,0.9160839160839163
dual_multirocket,17,inner_validation,inner_train,rmse,leave_one_view_out__fold01,False,True,leave_one_view_out__fold01__candidate_339,completed,response,d49030f301fc10972368913bbfc6141aa638775e23f48bc8ad0055d5e48293a1,1.1851174598739207
dual_multirocket,17,inner_validation,inner_train,mae,leave_one_view_out__fold01,False,True,leave_one_view_out__fold01__candidate_339,completed,response,d49030f301fc10972368913bbfc6141aa638775e23f48bc8ad0055d5e48293a1,1.016575756783855
dual_multirocket,17,inner_validation,inner_train,validation_std,leave_one_view_out__fold01,False,True,leave_one_view_out__fold01__candidate_339,completed,response,d49030f301fc10972368913bbfc6141aa638775e23f48bc8ad0055d5e48293a1,0.9229823964743179
dual_multirocket,17,inner_validation,inner_train,validation_iqr,leave_one_view_out__fold01,False,True,leave_one_view_out__fold01__candidate_339,completed,response,d49030f301fc10972368913bbfc6141aa638775e23f48bc8ad0055d5e48293a1,1.5375502327333572
dual_multirocket,17,inner_validation,inner_train,nrmse_std,leave_one_view_out__fold01,False,True,leave_one_view_out__fold01__candidate_339,completed,response,d49030f301fc10972368913bbfc6141aa638775e23f48bc8ad0055d5e48293a1,1.2840087355955296
dual_multirocket,17,inner_validation,inner_train,nrmse_iqr,leave_one_view_out__fold01,False,True,leave_one_view_out__fold01__candidate_339,completed,response,d49030f301fc10972368913bbfc6141aa638775e23f48bc8ad0055d5e48293a1,0.7707829211973749
dual_multirocket,17,inner_validation,inner_train,train_mean_baseline_rmse,leave_one_view_out__fold01,False,True,leave_one_view_out__fold01__candidate_339,completed,response,d49030f301fc10972368913bbfc6141aa638775e23f48bc8ad0055d5e48293a1,1.2411261006308119
dual_multirocket,17,inner_validation,inner_train,rmse_ratio,leave_one_view_out__fold01,False,True,leave_one_view_out__fold01__candidate_339,completed,response,d49030f301fc10972368913bbfc6141aa638775e23f48bc8ad0055d5e48293a1,0.9548727234658716
dual_multirocket,17,inner_validation,inner_train,response_skill,leave_one_view_out__fold01,False,True,leave_one_view_out__fold01__candidate_339,completed,response,d49030f301fc10972368913bbfc6141aa638775e23f48bc8ad0055d5e48293a1,0.08821808198086911
dual_multirocket,17,inner_validation,inner_train,spearman,leave_one_view_out__fold01,False,True,leave_one_view_out__fold01__candidate_339,completed,response,d49030f301fc10972368913bbfc6141aa638775e23f48bc8ad0055d5e48293a1,0.1328671328671329
dual_multirocket,17,inner_validation,inner_train,auprc,leave_one_view_out__fold01,False,True,leave_one_view_out__fold01__candidate_339,completed,high_response,d49030f301fc10972368913bbfc6141aa638775e23f48bc8ad0055d5e48293a1,0.5692279942279943
dual_multirocket,17,inner_validation,inner_train,prevalence,leave_one_view_out__fold01,False,True,leave_one_view_out__fold01__candidate_339,completed,high_response,d49030f301fc10972368913bbfc6141aa638775e23f48bc8ad0055d5e48293a1,0.6666666666666666
dual_multirocket,17,inner_validation,inner_train,random_baseline_auprc,leave_one_view_out__fold01,False,True,leave_one_view_out__fold01__candidate_339,completed,high_response,d49030f301fc10972368913bbfc6141aa638775e23f48bc8ad0055d5e48293a1,0.6666666666666666
dual_multirocket,17,inner_validation,inner_train,normalized_ap,leave_one_view_out__fold01,False,True,leave_one_view_out__fold01__candidate_339,completed,high_response,d49030f301fc10972368913bbfc6141aa638775e23f48bc8ad0055d5e48293a1,-0.2923160173160169
dual_multirocket,17,inner_validation,inner_train,auprc_lift,leave_one_view_out__fold01,False,True,leave_one_view_out__fold01__candidate_339,completed,high_response,d49030f301fc10972368913bbfc6141aa638775e23f48bc8ad0055d5e48293a1,-0.09743867243867232
dual_multirocket,17,inner_validation,inner_train,auroc,leave_one_view_out__fold01,False,True,leave_one_view_out__fold01__candidate_339,completed,high_response,d49030f301fc10972368913bbfc6141aa638775e23f48bc8ad0055d5e48293a1,0.1875
dual_multirocket,17,inner_validation,inner_train,balanced_accuracy,leave_one_view_out__fold01,False,True,leave_one_view_out__fold01__candidate_339,completed,high_response,d49030f301fc10972368913bbfc6141aa638775e23f48bc8ad0055d5e48293a1,0.25
dual_multirocket,17,inner_validation,inner_train,macro_f1,leave_one_view_out__fold01,False,True,leave_one_view_out__fold01__candidate_353,completed,maneuver,f1ddae33af89bc208d97290f0e03c19c4d93c0cd3b4e08a59452657e405013ac,1.0
dual_multirocket,17,inner_validation,inner_train,support_aware_macro_f1,leave_one_view_out__fold01,False,True,leave_one_view_out__fold01__candidate_353,completed,maneuver,f1ddae33af89bc208d97290f0e03c19c4d93c0cd3b4e08a59452657e405013ac,1.0
dual_multirocket,17,inner_validation,inner_train,majority_macro_f1,leave_one_view_out__fold01,False,True,leave_one_view_out__fold01__candidate_353,completed,maneuver,f1ddae33af89bc208d97290f0e03c19c4d93c0cd3b4e08a59452657e405013ac,0.13333333333333333
dual_multirocket,17,inner_validation,inner_train,macro_f1_lift,leave_one_view_out__fold01,False,True,leave_one_view_out__fold01__candidate_353,completed,maneuver,f1ddae33af89bc208d97290f0e03c19c4d93c0cd3b4e08a59452657e405013ac,0.8666666666666667
dual_multirocket,17,inner_validation,inner_train,recall_low,leave_one_view_out__fold01,False,True,leave_one_view_out__fold01__candidate_353,completed,maneuver,f1ddae33af89bc208d97290f0e03c19c4d93c0cd3b4e08a59452657e405013ac,1.0
dual_multirocket,17,inner_validation,inner_train,recall_medium,leave_one_view_out__fold01,False,True,leave_one_view_out__fold01__candidate_353,completed,maneuver,f1ddae33af89bc208d97290f0e03c19c4d93c0cd3b4e08a59452657e405013ac,1.0
dual_multirocket,17,inner_validation,inner_train,recall_high,leave_one_view_out__fold01,False,True,leave_one_view_out__fold01__candidate_353,completed,maneuver,f1ddae33af89bc208d97290f0e03c19c4d93c0cd3b4e08a59452657e405013ac,1.0
dual_multirocket,17,inner_validation,inner_train,minimum_class_recall,leave_one_view_out__fold01,False,True,leave_one_view_out__fold01__candidate_353,completed,maneuver,f1ddae33af89bc208d97290f0e03c19c4d93c0cd3b4e08a59452657e405013ac,1.0
dual_multirocket,17,inner_validation,inner_train,ordinal_mae,leave_one_view_out__fold01,False,True,leave_one_view_out__fold01__candidate_353,completed,maneuver,f1ddae33af89bc208d97290f0e03c19c4d93c0cd3b4e08a59452657e405013ac,0.0
dual_multirocket,17,inner_validation,inner_train,score_mae,leave_one_view_out__fold01,False,True,leave_one_view_out__fold01__candidate_353,completed,maneuver,f1ddae33af89bc208d97290f0e03c19c4d93c0cd3b4e08a59452657e405013ac,0.47246368686676715
dual_multirocket,17,inner_validation,inner_train,score_spearman,leave_one_view_out__fold01,False,True,leave_one_view_out__fold01__candidate_353,completed,maneuver,f1ddae33af89bc208d97290f0e03c19c4d93c0cd3b4e08a59452657e405013ac,0.9370629370629372
dual_multirocket,17,inner_validation,inner_train,rmse,leave_one_view_out__fold01,False,True,leave_one_view_out__fold01__candidate_353,completed,response,f1ddae33af89bc208d97290f0e03c19c4d93c0cd3b4e08a59452657e405013ac,1.04919997150826
dual_multirocket,17,inner_validation,inner_train,mae,leave_one_view_out__fold01,False,True,leave_one_view_out__fold01__candidate_353,completed,response,f1ddae33af89bc208d97290f0e03c19c4d93c0cd3b4e08a59452657e405013ac,0.87021946967005
dual_multirocket,17,inner_validation,inner_train,validation_std,leave_one_view_out__fold01,False,True,leave_one_view_out__fold01__candidate_353,completed,response,f1ddae33af89bc208d97290f0e03c19c4d93c0cd3b4e08a59452657e405013ac,0.8091453454981316
dual_multirocket,17,inner_validation,inner_train,validation_iqr,leave_one_view_out__fold01,False,True,leave_one_view_out__fold01__candidate_353,completed,response,f1ddae33af89bc208d97290f0e03c19c4d93c0cd3b4e08a59452657e405013ac,1.218839946496964
dual_multirocket,17,inner_validation,inner_train,nrmse_std,leave_one_view_out__fold01,False,True,leave_one_view_out__fold01__candidate_353,completed,response,f1ddae33af89bc208d97290f0e03c19c4d93c0cd3b4e08a59452657e405013ac,1.296676768080949
dual_multirocket,17,inner_validation,inner_train,nrmse_iqr,leave_one_view_out__fold01,False,True,leave_one_view_out__fold01__candidate_353,completed,response,f1ddae33af89bc208d97290f0e03c19c4d93c0cd3b4e08a59452657e405013ac,0.8608184975588783
dual_multirocket,17,inner_validation,inner_train,train_mean_baseline_rmse,leave_one_view_out__fold01,False,True,leave_one_view_out__fold01__candidate_353,completed,response,f1ddae33af89bc208d97290f0e03c19c4d93c0cd3b4e08a59452657e405013ac,0.9551898219217477
dual_multirocket,17,inner_validation,inner_train,rmse_ratio,leave_one_view_out__fold01,False,True,leave_one_view_out__fold01__candidate_353,completed,response,f1ddae33af89bc208d97290f0e03c19c4d93c0cd3b4e08a59452657e405013ac,1.0984203845444807
dual_multirocket,17,inner_validation,inner_train,response_skill,leave_one_view_out__fold01,False,True,leave_one_view_out__fold01__candidate_353,completed,response,f1ddae33af89bc208d97290f0e03c19c4d93c0cd3b4e08a59452657e405013ac,-0.20652734118284433
dual_multirocket,17,inner_validation,inner_train,spearman,leave_one_view_out__fold01,False,True,leave_one_view_out__fold01__candidate_353,completed,response,f1ddae33af89bc208d97290f0e03c19c4d93c0cd3b4e08a59452657e405013ac,-0.41958041958041964
dual_multirocket,17,inner_validation,inner_train,auprc,leave_one_view_out__fold01,False,True,leave_one_view_out__fold01__candidate_353,completed,high_response,f1ddae33af89bc208d97290f0e03c19c4d93c0cd3b4e08a59452657e405013ac,0.361060606060606
dual_multirocket,17,inner_validation,inner_train,prevalence,leave_one_view_out__fold01,False,True,leave_one_view_out__fold01__candidate_353,completed,high_response,f1ddae33af89bc208d97290f0e03c19c4d93c0cd3b4e08a59452657e405013ac,0.4166666666666667
dual_multirocket,17,inner_validation,inner_train,random_baseline_auprc,leave_one_view_out__fold01,False,True,leave_one_view_out__fold01__candidate_353,completed,high_response,f1ddae33af89bc208d97290f0e03c19c4d93c0cd3b4e08a59452657e405013ac,0.4166666666666667
dual_multirocket,17,inner_validation,inner_train,normalized_ap,leave_one_view_out__fold01,False,True,leave_one_view_out__fold01__candidate_353,completed,high_response,f1ddae33af89bc208d97290f0e03c19c4d93c0cd3b4e08a59452657e405013ac,-0.09532467532467542
dual_multirocket,17,inner_validation,inner_train,auprc_lift,leave_one_view_out__fold01,False,True,leave_one_view_out__fold01__candidate_353,completed,high_response,f1ddae33af89bc208d97290f0e03c19c4d93c0cd3b4e08a59452657e405013ac,-0.05560606060606066
dual_multirocket,17,inner_validation,inner_train,auroc,leave_one_view_out__fold01,False,True,leave_one_view_out__fold01__candidate_353,completed,high_response,f1ddae33af89bc208d97290f0e03c19c4d93c0cd3b4e08a59452657e405013ac,0.2857142857142857
dual_multirocket,17,inner_validation,inner_train,balanced_accuracy,leave_one_view_out__fold01,False,True,leave_one_view_out__fold01__candidate_353,completed,high_response,f1ddae33af89bc208d97290f0e03c19c4d93c0cd3b4e08a59452657e405013ac,0.37142857142857144
dual_multirocket,17,inner_validation,inner_train,macro_f1,leave_one_view_out__fold02,False,True,leave_one_view_out__fold02__candidate_328,completed,maneuver,76857c61556d36c9eb8d7060ea53eb10f2e65e3f7b2a4854ab4c6016248a0b48,0.832010582010582
dual_multirocket,17,inner_validation,inner_train,support_aware_macro_f1,leave_one_view_out__fold02,False,True,leave_one_view_out__fold02__candidate_328,completed,maneuver,76857c61556d36c9eb8d7060ea53eb10f2e65e3f7b2a4854ab4c6016248a0b48,0.832010582010582
dual_multirocket,17,inner_validation,inner_train,majority_macro_f1,leave_one_view_out__fold02,False,True,leave_one_view_out__fold02__candidate_328,completed,maneuver,76857c61556d36c9eb8d7060ea53eb10f2e65e3f7b2a4854ab4c6016248a0b48,0.19607843137254902
dual_multirocket,17,inner_validation,inner_train,macro_f1_lift,leave_one_view_out__fold02,False,True,leave_one_view_out__fold02__candidate_328,completed,maneuver,76857c61556d36c9eb8d7060ea53eb10f2e65e3f7b2a4854ab4c6016248a0b48,0.635932150638033
dual_multirocket,17,inner_validation,inner_train,recall_low,leave_one_view_out__fold02,False,True,leave_one_view_out__fold02__candidate_328,completed,maneuver,76857c61556d36c9eb8d7060ea53eb10f2e65e3f7b2a4854ab4c6016248a0b48,0.8
dual_multirocket,17,inner_validation,inner_train,recall_medium,leave_one_view_out__fold02,False,True,leave_one_view_out__fold02__candidate_328,completed,maneuver,76857c61556d36c9eb8d7060ea53eb10f2e65e3f7b2a4854ab4c6016248a0b48,0.75
dual_multirocket,17,inner_validation,inner_train,recall_high,leave_one_view_out__fold02,False,True,leave_one_view_out__fold02__candidate_328,completed,maneuver,76857c61556d36c9eb8d7060ea53eb10f2e65e3f7b2a4854ab4c6016248a0b48,1.0
dual_multirocket,17,inner_validation,inner_train,minimum_class_recall,leave_one_view_out__fold02,False,True,leave_one_view_out__fold02__candidate_328,completed,maneuver,76857c61556d36c9eb8d7060ea53eb10f2e65e3f7b2a4854ab4c6016248a0b48,0.75
dual_multirocket,17,inner_validation,inner_train,ordinal_mae,leave_one_view_out__fold02,False,True,leave_one_view_out__fold02__candidate_328,completed,maneuver,76857c61556d36c9eb8d7060ea53eb10f2e65e3f7b2a4854ab4c6016248a0b48,0.25
dual_multirocket,17,inner_validation,inner_train,score_mae,leave_one_view_out__fold02,False,True,leave_one_view_out__fold02__candidate_328,completed,maneuver,76857c61556d36c9eb8d7060ea53eb10f2e65e3f7b2a4854ab4c6016248a0b48,0.7052784981690423
dual_multirocket,17,inner_validation,inner_train,score_spearman,leave_one_view_out__fold02,False,True,leave_one_view_out__fold02__candidate_328,completed,maneuver,76857c61556d36c9eb8d7060ea53eb10f2e65e3f7b2a4854ab4c6016248a0b48,0.5804195804195805
dual_multirocket,17,inner_validation,inner_train,rmse,leave_one_view_out__fold02,False,True,leave_one_view_out__fold02__candidate_328,completed,response,76857c61556d36c9eb8d7060ea53eb10f2e65e3f7b2a4854ab4c6016248a0b48,0.9711798371668501
dual_multirocket,17,inner_validation,inner_train,mae,leave_one_view_out__fold02,False,True,leave_one_view_out__fold02__candidate_328,completed,response,76857c61556d36c9eb8d7060ea53eb10f2e65e3f7b2a4854ab4c6016248a0b48,0.8762070410415957
dual_multirocket,17,inner_validation,inner_train,validation_std,leave_one_view_out__fold02,False,True,leave_one_view_out__fold02__candidate_328,completed,response,76857c61556d36c9eb8d7060ea53eb10f2e65e3f7b2a4854ab4c6016248a0b48,0.6661100828266592
dual_multirocket,17,inner_validation,inner_train,validation_iqr,leave_one_view_out__fold02,False,True,leave_one_view_out__fold02__candidate_328,completed,response,76857c61556d36c9eb8d7060ea53eb10f2e65e3f7b2a4854ab4c6016248a0b48,0.8168154939282022
dual_multirocket,17,inner_validation,inner_train,nrmse_std,leave_one_view_out__fold02,False,True,leave_one_view_out__fold02__candidate_328,completed,response,76857c61556d36c9eb8d7060ea53eb10f2e65e3f7b2a4854ab4c6016248a0b48,1.4579869937497685
dual_multirocket,17,inner_validation,inner_train,nrmse_iqr,leave_one_view_out__fold02,False,True,leave_one_view_out__fold02__candidate_328,completed,response,76857c61556d36c9eb8d7060ea53eb10f2e65e3f7b2a4854ab4c6016248a0b48,1.1889831233443968
dual_multirocket,17,inner_validation,inner_train,train_mean_baseline_rmse,leave_one_view_out__fold02,False,True,leave_one_view_out__fold02__candidate_328,completed,response,76857c61556d36c9eb8d7060ea53eb10f2e65e3f7b2a4854ab4c6016248a0b48,0.760282844198373
dual_multirocket,17,inner_validation,inner_train,rmse_ratio,leave_one_view_out__fold02,False,True,leave_one_view_out__fold02__candidate_328,completed,response,76857c61556d36c9eb8d7060ea53eb10f2e65e3f7b2a4854ab4c6016248a0b48,1.2773928079237966
dual_multirocket,17,inner_validation,inner_train,response_skill,leave_one_view_out__fold02,False,True,leave_one_view_out__fold02__candidate_328,completed,response,76857c61556d36c9eb8d7060ea53eb10f2e65e3f7b2a4854ab4c6016248a0b48,-0.6317323857354418
dual_multirocket,17,inner_validation,inner_train,spearman,leave_one_view_out__fold02,False,True,leave_one_view_out__fold02__candidate_328,completed,response,76857c61556d36c9eb8d7060ea53eb10f2e65e3f7b2a4854ab4c6016248a0b48,0.3216783216783217
dual_multirocket,17,inner_validation,inner_train,auprc,leave_one_view_out__fold02,False,True,leave_one_view_out__fold02__candidate_328,completed,high_response,76857c61556d36c9eb8d7060ea53eb10f2e65e3f7b2a4854ab4c6016248a0b48,0.3542424242424242
dual_multirocket,17,inner_validation,inner_train,prevalence,leave_one_view_out__fold02,False,True,leave_one_view_out__fold02__candidate_328,completed,high_response,76857c61556d36c9eb8d7060ea53eb10f2e65e3f7b2a4854ab4c6016248a0b48,0.4166666666666667
dual_multirocket,17,inner_validation,inner_train,random_baseline_auprc,leave_one_view_out__fold02,False,True,leave_one_view_out__fold02__candidate_328,completed,high_response,76857c61556d36c9eb8d7060ea53eb10f2e65e3f7b2a4854ab4c6016248a0b48,0.4166666666666667
dual_multirocket,17,inner_validation,inner_train,normalized_ap,leave_one_view_out__fold02,False,True,leave_one_view_out__fold02__candidate_328,completed,high_response,76857c61556d36c9eb8d7060ea53eb10f2e65e3f7b2a4854ab4c6016248a0b48,-0.10701298701298714
dual_multirocket,17,inner_validation,inner_train,auprc_lift,leave_one_view_out__fold02,False,True,leave_one_view_out__fold02__candidate_328,completed,high_response,76857c61556d36c9eb8d7060ea53eb10f2e65e3f7b2a4854ab4c6016248a0b48,-0.06242424242424249
dual_multirocket,17,inner_validation,inner_train,auroc,leave_one_view_out__fold02,False,True,leave_one_view_out__fold02__candidate_328,completed,high_response,76857c61556d36c9eb8d7060ea53eb10f2e65e3f7b2a4854ab4c6016248a0b48,0.28571428571428575
dual_multirocket,17,inner_validation,inner_train,balanced_accuracy,leave_one_view_out__fold02,False,True,leave_one_view_out__fold02__candidate_328,completed,high_response,76857c61556d36c9eb8d7060ea53eb10f2e65e3f7b2a4854ab4c6016248a0b48,0.3142857142857143
dual_multirocket,17,inner_validation,inner_train,macro_f1,leave_one_view_out__fold02,False,True,leave_one_view_out__fold02__candidate_329,completed,maneuver,09bd96f3f28027930e21282cb6cb1e34c79cb76197a270c426bd70e119d43e13,0.35714285714285715
dual_multirocket,17,inner_validation,inner_train,support_aware_macro_f1,leave_one_view_out__fold02,False,True,leave_one_view_out__fold02__candidate_329,completed,maneuver,09bd96f3f28027930e21282cb6cb1e34c79cb76197a270c426bd70e119d43e13,0.35714285714285715
dual_multirocket,17,inner_validation,inner_train,majority_macro_f1,leave_one_view_out__fold02,False,True,leave_one_view_out__fold02__candidate_329,completed,maneuver,09bd96f3f28027930e21282cb6cb1e34c79cb76197a270c426bd70e119d43e13,0.13333333333333333
dual_multirocket,17,inner_validation,inner_train,macro_f1_lift,leave_one_view_out__fold02,False,True,leave_one_view_out__fold02__candidate_329,completed,maneuver,09bd96f3f28027930e21282cb6cb1e34c79cb76197a270c426bd70e119d43e13,0.22380952380952382
dual_multirocket,17,inner_validation,inner_train,recall_low,leave_one_view_out__fold02,False,True,leave_one_view_out__fold02__candidate_329,completed,maneuver,09bd96f3f28027930e21282cb6cb1e34c79cb76197a270c426bd70e119d43e13,1.0
dual_multirocket,17,inner_validation,inner_train,recall_medium,leave_one_view_out__fold02,False,True,leave_one_view_out__fold02__candidate_329,completed,maneuver,09bd96f3f28027930e21282cb6cb1e34c79cb76197a270c426bd70e119d43e13,0.0
dual_multirocket,17,inner_validation,inner_train,recall_high,leave_one_view_out__fold02,False,True,leave_one_view_out__fold02__candidate_329,completed,maneuver,09bd96f3f28027930e21282cb6cb1e34c79cb76197a270c426bd70e119d43e13,0.4
dual_multirocket,17,inner_validation,inner_train,minimum_class_recall,leave_one_view_out__fold02,False,True,leave_one_view_out__fold02__candidate_329,completed,maneuver,09bd96f3f28027930e21282cb6cb1e34c79cb76197a270c426bd70e119d43e13,0.0
dual_multirocket,17,inner_validation,inner_train,ordinal_mae,leave_one_view_out__fold02,False,True,leave_one_view_out__fold02__candidate_329,completed,maneuver,09bd96f3f28027930e21282cb6cb1e34c79cb76197a270c426bd70e119d43e13,0.75
dual_multirocket,17,inner_validation,inner_train,score_mae,leave_one_view_out__fold02,False,True,leave_one_view_out__fold02__candidate_329,completed,maneuver,09bd96f3f28027930e21282cb6cb1e34c79cb76197a270c426bd70e119d43e13,1.2879901558098574
dual_multirocket,17,inner_validation,inner_train,score_spearman,leave_one_view_out__fold02,False,True,leave_one_view_out__fold02__candidate_329,completed,maneuver,09bd96f3f28027930e21282cb6cb1e34c79cb76197a270c426bd70e119d43e13,0.6013986013986015
dual_multirocket,17,inner_validation,inner_train,rmse,leave_one_view_out__fold02,False,True,leave_one_view_out__fold02__candidate_329,completed,response,09bd96f3f28027930e21282cb6cb1e34c79cb76197a270c426bd70e119d43e13,0.9849441678706968
dual_multirocket,17,inner_validation,inner_train,mae,leave_one_view_out__fold02,False,True,leave_one_view_out__fold02__candidate_329,completed,response,09bd96f3f28027930e21282cb6cb1e34c79cb76197a270c426bd70e119d43e13,0.8535519040482917
dual_multirocket,17,inner_validation,inner_train,validation_std,leave_one_view_out__fold02,False,True,leave_one_view_out__fold02__candidate_329,completed,response,09bd96f3f28027930e21282cb6cb1e34c79cb76197a270c426bd70e119d43e13,0.7444107826338696
dual_multirocket,17,inner_validation,inner_train,validation_iqr,leave_one_view_out__fold02,False,True,leave_one_view_out__fold02__candidate_329,completed,response,09bd96f3f28027930e21282cb6cb1e34c79cb76197a270c426bd70e119d43e13,1.126261329695373
dual_multirocket,17,inner_validation,inner_train,nrmse_std,leave_one_view_out__fold02,False,True,leave_one_view_out__fold02__candidate_329,completed,response,09bd96f3f28027930e21282cb6cb1e34c79cb76197a270c426bd70e119d43e13,1.323119157927527
dual_multirocket,17,inner_validation,inner_train,nrmse_iqr,leave_one_view_out__fold02,False,True,leave_one_view_out__fold02__candidate_329,completed,response,09bd96f3f28027930e21282cb6cb1e34c79cb76197a270c426bd70e119d43e13,0.8745254248737289
dual_multirocket,17,inner_validation,inner_train,train_mean_baseline_rmse,leave_one_view_out__fold02,False,True,leave_one_view_out__fold02__candidate_329,completed,response,09bd96f3f28027930e21282cb6cb1e34c79cb76197a270c426bd70e119d43e13,0.7887754436917268
dual_multirocket,17,inner_validation,inner_train,rmse_ratio,leave_one_view_out__fold02,False,True,leave_one_view_out__fold02__candidate_329,completed,response,09bd96f3f28027930e21282cb6cb1e34c79cb76197a270c426bd70e119d43e13,1.2487003439925008
dual_multirocket,17,inner_validation,inner_train,response_skill,leave_one_view_out__fold02,False,True,leave_one_view_out__fold02__candidate_329,completed,response,09bd96f3f28027930e21282cb6cb1e34c79cb76197a270c426bd70e119d43e13,-0.5592525490869902
dual_multirocket,17,inner_validation,inner_train,spearman,leave_one_view_out__fold02,False,True,leave_one_view_out__fold02__candidate_329,completed,response,09bd96f3f28027930e21282cb6cb1e34c79cb76197a270c426bd70e119d43e13,-0.4545454545454546
dual_multirocket,17,inner_validation,inner_train,auprc,leave_one_view_out__fold02,False,True,leave_one_view_out__fold02__candidate_329,completed,high_response,09bd96f3f28027930e21282cb6cb1e34c79cb76197a270c426bd70e119d43e13,0.32272727272727275
dual_multirocket,17,inner_validation,inner_train,prevalence,leave_one_view_out__fold02,False,True,leave_one_view_out__fold02__candidate_329,completed,high_response,09bd96f3f28027930e21282cb6cb1e34c79cb76197a270c426bd70e119d43e13,0.4166666666666667
dual_multirocket,17,inner_validation,inner_train,random_baseline_auprc,leave_one_view_out__fold02,False,True,leave_one_view_out__fold02__candidate_329,completed,high_response,09bd96f3f28027930e21282cb6cb1e34c79cb76197a270c426bd70e119d43e13,0.4166666666666667
dual_multirocket,17,inner_validation,inner_train,normalized_ap,leave_one_view_out__fold02,False,True,leave_one_view_out__fold02__candidate_329,completed,high_response,09bd96f3f28027930e21282cb6cb1e34c79cb76197a270c426bd70e119d43e13,-0.16103896103896104
dual_multirocket,17,inner_validation,inner_train,auprc_lift,leave_one_view_out__fold02,False,True,leave_one_view_out__fold02__candidate_329,completed,high_response,09bd96f3f28027930e21282cb6cb1e34c79cb76197a270c426bd70e119d43e13,-0.09393939393939393
dual_multirocket,17,inner_validation,inner_train,auroc,leave_one_view_out__fold02,False,True,leave_one_view_out__fold02__candidate_329,completed,high_response,09bd96f3f28027930e21282cb6cb1e34c79cb76197a270c426bd70e119d43e13,0.17142857142857146
dual_multirocket,17,inner_validation,inner_train,balanced_accuracy,leave_one_view_out__fold02,False,True,leave_one_view_out__fold02__candidate_329,completed,high_response,09bd96f3f28027930e21282cb6cb1e34c79cb76197a270c426bd70e119d43e13,0.3142857142857143
dual_multirocket,17,inner_validation,inner_train,macro_f1,leave_one_view_out__fold01,False,True,leave_one_view_out__fold01__candidate_340,completed,maneuver,c8bb55db2e84fca264b1421bfe060cb36e07fbf025a5f825bde808b31ad5f850,1.0
dual_multirocket,17,inner_validation,inner_train,support_aware_macro_f1,leave_one_view_out__fold01,False,True,leave_one_view_out__fold01__candidate_340,completed,maneuver,c8bb55db2e84fca264b1421bfe060cb36e07fbf025a5f825bde808b31ad5f850,1.0
dual_multirocket,17,inner_validation,inner_train,majority_macro_f1,leave_one_view_out__fold01,False,True,leave_one_view_out__fold01__candidate_340,completed,maneuver,c8bb55db2e84fca264b1421bfe060cb36e07fbf025a5f825bde808b31ad5f850,0.13333333333333333
dual_multirocket,17,inner_validation,inner_train,macro_f1_lift,leave_one_view_out__fold01,False,True,leave_one_view_out__fold01__candidate_340,completed,maneuver,c8bb55db2e84fca264b1421bfe060cb36e07fbf025a5f825bde808b31ad5f850,0.8666666666666667
dual_multirocket,17,inner_validation,inner_train,recall_low,leave_one_view_out__fold01,False,True,leave_one_view_out__fold01__candidate_340,completed,maneuver,c8bb55db2e84fca264b1421bfe060cb36e07fbf025a5f825bde808b31ad5f850,1.0
dual_multirocket,17,inner_validation,inner_train,recall_medium,leave_one_view_out__fold01,False,True,leave_one_view_out__fold01__candidate_340,completed,maneuver,c8bb55db2e84fca264b1421bfe060cb36e07fbf025a5f825bde808b31ad5f850,1.0
dual_multirocket,17,inner_validation,inner_train,recall_high,leave_one_view_out__fold01,False,True,leave_one_view_out__fold01__candidate_340,completed,maneuver,c8bb55db2e84fca264b1421bfe060cb36e07fbf025a5f825bde808b31ad5f850,1.0
dual_multirocket,17,inner_validation,inner_train,minimum_class_recall,leave_one_view_out__fold01,False,True,leave_one_view_out__fold01__candidate_340,completed,maneuver,c8bb55db2e84fca264b1421bfe060cb36e07fbf025a5f825bde808b31ad5f850,1.0
dual_multirocket,17,inner_validation,inner_train,ordinal_mae,leave_one_view_out__fold01,False,True,leave_one_view_out__fold01__candidate_340,completed,maneuver,c8bb55db2e84fca264b1421bfe060cb36e07fbf025a5f825bde808b31ad5f850,0.0
dual_multirocket,17,inner_validation,inner_train,score_mae,leave_one_view_out__fold01,False,True,leave_one_view_out__fold01__candidate_340,completed,maneuver,c8bb55db2e84fca264b1421bfe060cb36e07fbf025a5f825bde808b31ad5f850,0.6091270286729181
dual_multirocket,17,inner_validation,inner_train,score_spearman,leave_one_view_out__fold01,False,True,leave_one_view_out__fold01__candidate_340,completed,maneuver,c8bb55db2e84fca264b1421bfe060cb36e07fbf025a5f825bde808b31ad5f850,0.9160839160839163
dual_multirocket,17,inner_validation,inner_train,rmse,leave_one_view_out__fold01,False,True,leave_one_view_out__fold01__candidate_340,completed,response,c8bb55db2e84fca264b1421bfe060cb36e07fbf025a5f825bde808b31ad5f850,1.1223708448890872
dual_multirocket,17,inner_validation,inner_train,mae,leave_one_view_out__fold01,False,True,leave_one_view_out__fold01__candidate_340,completed,response,c8bb55db2e84fca264b1421bfe060cb36e07fbf025a5f825bde808b31ad5f850,0.9695550147770594
dual_multirocket,17,inner_validation,inner_train,validation_std,leave_one_view_out__fold01,False,True,leave_one_view_out__fold01__candidate_340,completed,response,c8bb55db2e84fca264b1421bfe060cb36e07fbf025a5f825bde808b31ad5f850,0.7738225567538186
dual_multirocket,17,inner_validation,inner_train,validation_iqr,leave_one_view_out__fold01,False,True,leave_one_view_out__fold01__candidate_340,completed,response,c8bb55db2e84fca264b1421bfe060cb36e07fbf025a5f825bde808b31ad5f850,1.1164541279861386
dual_multirocket,17,inner_validation,inner_train,nrmse_std,leave_one_view_out__fold01,False,True,leave_one_view_out__fold01__candidate_340,completed,response,c8bb55db2e84fca264b1421bfe060cb36e07fbf025a5f825bde808b31ad5f850,1.450424047597458
dual_multirocket,17,inner_validation,inner_train,nrmse_iqr,leave_one_view_out__fold01,False,True,leave_one_view_out__fold01__candidate_340,completed,response,c8bb55db2e84fca264b1421bfe060cb36e07fbf025a5f825bde808b31ad5f850,1.0052995611325484
dual_multirocket,17,inner_validation,inner_train,train_mean_baseline_rmse,leave_one_view_out__fold01,False,True,leave_one_view_out__fold01__candidate_340,completed,response,c8bb55db2e84fca264b1421bfe060cb36e07fbf025a5f825bde808b31ad5f850,0.9520832805389658
dual_multirocket,17,inner_validation,inner_train,rmse_ratio,leave_one_view_out__fold01,False,True,leave_one_view_out__fold01__candidate_340,completed,response,c8bb55db2e84fca264b1421bfe060cb36e07fbf025a5f825bde808b31ad5f850,1.1788578455591858
dual_multirocket,17,inner_validation,inner_train,response_skill,leave_one_view_out__fold01,False,True,leave_one_view_out__fold01__candidate_340,completed,response,c8bb55db2e84fca264b1421bfe060cb36e07fbf025a5f825bde808b31ad5f850,-0.3897058200364454
dual_multirocket,17,inner_validation,inner_train,spearman,leave_one_view_out__fold01,False,True,leave_one_view_out__fold01__candidate_340,completed,response,c8bb55db2e84fca264b1421bfe060cb36e07fbf025a5f825bde808b31ad5f850,-0.3076923076923077
dual_multirocket,17,inner_validation,inner_train,auprc,leave_one_view_out__fold01,False,True,leave_one_view_out__fold01__candidate_340,completed,high_response,c8bb55db2e84fca264b1421bfe060cb36e07fbf025a5f825bde808b31ad5f850,0.5824263038548753
dual_multirocket,17,inner_validation,inner_train,prevalence,leave_one_view_out__fold01,False,True,leave_one_view_out__fold01__candidate_340,completed,high_response,c8bb55db2e84fca264b1421bfe060cb36e07fbf025a5f825bde808b31ad5f850,0.5833333333333334
dual_multirocket,17,inner_validation,inner_train,random_baseline_auprc,leave_one_view_out__fold01,False,True,leave_one_view_out__fold01__candidate_340,completed,high_response,c8bb55db2e84fca264b1421bfe060cb36e07fbf025a5f825bde808b31ad5f850,0.5833333333333334
dual_multirocket,17,inner_validation,inner_train,normalized_ap,leave_one_view_out__fold01,False,True,leave_one_view_out__fold01__candidate_340,completed,high_response,c8bb55db2e84fca264b1421bfe060cb36e07fbf025a5f825bde808b31ad5f850,-0.0021768707482994645
dual_multirocket,17,inner_validation,inner_train,auprc_lift,leave_one_view_out__fold01,False,True,leave_one_view_out__fold01__candidate_340,completed,high_response,c8bb55db2e84fca264b1421bfe060cb36e07fbf025a5f825bde808b31ad5f850,-0.0009070294784581101
dual_multirocket,17,inner_validation,inner_train,auroc,leave_one_view_out__fold01,False,True,leave_one_view_out__fold01__candidate_340,completed,high_response,c8bb55db2e84fca264b1421bfe060cb36e07fbf025a5f825bde808b31ad5f850,0.42857142857142855
dual_multirocket,17,inner_validation,inner_train,balanced_accuracy,leave_one_view_out__fold01,False,True,leave_one_view_out__fold01__candidate_340,completed,high_response,c8bb55db2e84fca264b1421bfe060cb36e07fbf025a5f825bde808b31ad5f850,0.3857142857142857
dual_multirocket,17,inner_validation,inner_train,macro_f1,leave_one_view_out__fold01,False,True,leave_one_view_out__fold01__candidate_327,completed,maneuver,ef23ad8b080593cb9c8caaa4a57c59a5dc23c5987cd8d56c0f61e753cf15435c,0.8222222222222223
dual_multirocket,17,inner_validation,inner_train,support_aware_macro_f1,leave_one_view_out__fold01,False,True,leave_one_view_out__fold01__candidate_327,completed,maneuver,ef23ad8b080593cb9c8caaa4a57c59a5dc23c5987cd8d56c0f61e753cf15435c,0.8222222222222223
dual_multirocket,17,inner_validation,inner_train,majority_macro_f1,leave_one_view_out__fold01,False,True,leave_one_view_out__fold01__candidate_327,completed,maneuver,ef23ad8b080593cb9c8caaa4a57c59a5dc23c5987cd8d56c0f61e753cf15435c,0.19607843137254902
dual_multirocket,17,inner_validation,inner_train,macro_f1_lift,leave_one_view_out__fold01,False,True,leave_one_view_out__fold01__candidate_327,completed,maneuver,ef23ad8b080593cb9c8caaa4a57c59a5dc23c5987cd8d56c0f61e753cf15435c,0.6261437908496733
dual_multirocket,17,inner_validation,inner_train,recall_low,leave_one_view_out__fold01,False,True,leave_one_view_out__fold01__candidate_327,completed,maneuver,ef23ad8b080593cb9c8caaa4a57c59a5dc23c5987cd8d56c0f61e753cf15435c,0.8
dual_multirocket,17,inner_validation,inner_train,recall_medium,leave_one_view_out__fold01,False,True,leave_one_view_out__fold01__candidate_327,completed,maneuver,ef23ad8b080593cb9c8caaa4a57c59a5dc23c5987cd8d56c0f61e753cf15435c,0.6666666666666666
dual_multirocket,17,inner_validation,inner_train,recall_high,leave_one_view_out__fold01,False,True,leave_one_view_out__fold01__candidate_327,completed,maneuver,ef23ad8b080593cb9c8caaa4a57c59a5dc23c5987cd8d56c0f61e753cf15435c,1.0
dual_multirocket,17,inner_validation,inner_train,minimum_class_recall,leave_one_view_out__fold01,False,True,leave_one_view_out__fold01__candidate_327,completed,maneuver,ef23ad8b080593cb9c8caaa4a57c59a5dc23c5987cd8d56c0f61e753cf15435c,0.6666666666666666
dual_multirocket,17,inner_validation,inner_train,ordinal_mae,leave_one_view_out__fold01,False,True,leave_one_view_out__fold01__candidate_327,completed,maneuver,ef23ad8b080593cb9c8caaa4a57c59a5dc23c5987cd8d56c0f61e753cf15435c,0.16666666666666666
dual_multirocket,17,inner_validation,inner_train,score_mae,leave_one_view_out__fold01,False,True,leave_one_view_out__fold01__candidate_327,completed,maneuver,ef23ad8b080593cb9c8caaa4a57c59a5dc23c5987cd8d56c0f61e753cf15435c,0.6199399147339114
dual_multirocket,17,inner_validation,inner_train,score_spearman,leave_one_view_out__fold01,False,True,leave_one_view_out__fold01__candidate_327,completed,maneuver,ef23ad8b080593cb9c8caaa4a57c59a5dc23c5987cd8d56c0f61e753cf15435c,0.7552447552447553
dual_multirocket,17,inner_validation,inner_train,rmse,leave_one_view_out__fold01,False,True,leave_one_view_out__fold01__candidate_327,completed,response,ef23ad8b080593cb9c8caaa4a57c59a5dc23c5987cd8d56c0f61e753cf15435c,1.2323533098809345
dual_multirocket,17,inner_validation,inner_train,mae,leave_one_view_out__fold01,False,True,leave_one_view_out__fold01__candidate_327,completed,response,ef23ad8b080593cb9c8caaa4a57c59a5dc23c5987cd8d56c0f61e753cf15435c,1.013825090410615
dual_multirocket,17,inner_validation,inner_train,validation_std,leave_one_view_out__fold01,False,True,leave_one_view_out__fold01__candidate_327,completed,response,ef23ad8b080593cb9c8caaa4a57c59a5dc23c5987cd8d56c0f61e753cf15435c,0.7424450098311778
dual_multirocket,17,inner_validation,inner_train,validation_iqr,leave_one_view_out__fold01,False,True,leave_one_view_out__fold01__candidate_327,completed,response,ef23ad8b080593cb9c8caaa4a57c59a5dc23c5987cd8d56c0f61e753cf15435c,0.8094986823286678
dual_multirocket,17,inner_validation,inner_train,nrmse_std,leave_one_view_out__fold01,False,True,leave_one_view_out__fold01__candidate_327,completed,response,ef23ad8b080593cb9c8caaa4a57c59a5dc23c5987cd8d56c0f61e753cf15435c,1.6598580279516666
dual_multirocket,17,inner_validation,inner_train,nrmse_iqr,leave_one_view_out__fold01,False,True,leave_one_view_out__fold01__candidate_327,completed,response,ef23ad8b080593cb9c8caaa4a57c59a5dc23c5987cd8d56c0f61e753cf15435c,1.5223660480037469
dual_multirocket,17,inner_validation,inner_train,train_mean_baseline_rmse,leave_one_view_out__fold01,False,True,leave_one_view_out__fold01__candidate_327,completed,response,ef23ad8b080593cb9c8caaa4a57c59a5dc23c5987cd8d56c0f61e753cf15435c,0.9686999988458442
dual_multirocket,17,inner_validation,inner_train,rmse_ratio,leave_one_view_out__fold01,False,True,leave_one_view_out__fold01__candidate_327,completed,response,ef23ad8b080593cb9c8caaa4a57c59a5dc23c5987cd8d56c0f61e753cf15435c,1.2721723044794255
dual_multirocket,17,inner_validation,inner_train,response_skill,leave_one_view_out__fold01,False,True,leave_one_view_out__fold01__candidate_327,completed,response,ef23ad8b080593cb9c8caaa4a57c59a5dc23c5987cd8d56c0f61e753cf15435c,-0.6184223722844924
dual_multirocket,17,inner_validation,inner_train,spearman,leave_one_view_out__fold01,False,True,leave_one_view_out__fold01__candidate_327,completed,response,ef23ad8b080593cb9c8caaa4a57c59a5dc23c5987cd8d56c0f61e753cf15435c,0.04895104895104895
dual_multirocket,17,inner_validation,inner_train,auprc,leave_one_view_out__fold01,False,True,leave_one_view_out__fold01__candidate_327,completed,high_response,ef23ad8b080593cb9c8caaa4a57c59a5dc23c5987cd8d56c0f61e753cf15435c,0.615625
dual_multirocket,17,inner_validation,inner_train,prevalence,leave_one_view_out__fold01,False,True,leave_one_view_out__fold01__candidate_327,completed,high_response,ef23ad8b080593cb9c8caaa4a57c59a5dc23c5987cd8d56c0f61e753cf15435c,0.6666666666666666
dual_multirocket,17,inner_validation,inner_train,random_baseline_auprc,leave_one_view_out__fold01,False,True,leave_one_view_out__fold01__candidate_327,completed,high_response,ef23ad8b080593cb9c8caaa4a57c59a5dc23c5987cd8d56c0f61e753cf15435c,0.6666666666666666
dual_multirocket,17,inner_validation,inner_train,normalized_ap,leave_one_view_out__fold01,False,True,leave_one_view_out__fold01__candidate_327,completed,high_response,ef23ad8b080593cb9c8caaa4a57c59a5dc23c5987cd8d56c0f61e753cf15435c,-0.15312499999999993
dual_multirocket,17,inner_validation,inner_train,auprc_lift,leave_one_view_out__fold01,False,True,leave_one_view_out__fold01__candidate_327,completed,high_response,ef23ad8b080593cb9c8caaa4a57c59a5dc23c5987cd8d56c0f61e753cf15435c,-0.05104166666666665
dual_multirocket,17,inner_validation,inner_train,auroc,leave_one_view_out__fold01,False,True,leave_one_view_out__fold01__candidate_327,completed,high_response,ef23ad8b080593cb9c8caaa4a57c59a5dc23c5987cd8d56c0f61e753cf15435c,0.375
dual_multirocket,17,inner_validation,inner_train,balanced_accuracy,leave_one_view_out__fold01,False,True,leave_one_view_out__fold01__candidate_327,completed,high_response,ef23ad8b080593cb9c8caaa4a57c59a5dc23c5987cd8d56c0f61e753cf15435c,0.375
dual_hydra,18,inner_validation,inner_train,macro_f1,leave_one_view_out__fold01,False,True,leave_one_view_out__fold01__candidate_339,completed,maneuver,d49030f301fc10972368913bbfc6141aa638775e23f48bc8ad0055d5e48293a1,0.9153439153439153
dual_hydra,18,inner_validation,inner_train,support_aware_macro_f1,leave_one_view_out__fold01,False,True,leave_one_view_out__fold01__candidate_339,completed,maneuver,d49030f301fc10972368913bbfc6141aa638775e23f48bc8ad0055d5e48293a1,0.9153439153439153
dual_hydra,18,inner_validation,inner_train,majority_macro_f1,leave_one_view_out__fold01,False,True,leave_one_view_out__fold01__candidate_339,completed,maneuver,d49030f301fc10972368913bbfc6141aa638775e23f48bc8ad0055d5e48293a1,0.16666666666666666
dual_hydra,18,inner_validation,inner_train,macro_f1_lift,leave_one_view_out__fold01,False,True,leave_one_view_out__fold01__candidate_339,completed,maneuver,d49030f301fc10972368913bbfc6141aa638775e23f48bc8ad0055d5e48293a1,0.7486772486772487
dual_hydra,18,inner_validation,inner_train,recall_low,leave_one_view_out__fold01,False,True,leave_one_view_out__fold01__candidate_339,completed,maneuver,d49030f301fc10972368913bbfc6141aa638775e23f48bc8ad0055d5e48293a1,1.0
dual_hydra,18,inner_validation,inner_train,recall_medium,leave_one_view_out__fold01,False,True,leave_one_view_out__fold01__candidate_339,completed,maneuver,d49030f301fc10972368913bbfc6141aa638775e23f48bc8ad0055d5e48293a1,1.0
dual_hydra,18,inner_validation,inner_train,recall_high,leave_one_view_out__fold01,False,True,leave_one_view_out__fold01__candidate_339,completed,maneuver,d49030f301fc10972368913bbfc6141aa638775e23f48bc8ad0055d5e48293a1,0.75
dual_hydra,18,inner_validation,inner_train,minimum_class_recall,leave_one_view_out__fold01,False,True,leave_one_view_out__fold01__candidate_339,completed,maneuver,d49030f301fc10972368913bbfc6141aa638775e23f48bc8ad0055d5e48293a1,0.75
dual_hydra,18,inner_validation,inner_train,ordinal_mae,leave_one_view_out__fold01,False,True,leave_one_view_out__fold01__candidate_339,completed,maneuver,d49030f301fc10972368913bbfc6141aa638775e23f48bc8ad0055d5e48293a1,0.08333333333333333
dual_hydra,18,inner_validation,inner_train,score_mae,leave_one_view_out__fold01,False,True,leave_one_view_out__fold01__candidate_339,completed,maneuver,d49030f301fc10972368913bbfc6141aa638775e23f48bc8ad0055d5e48293a1,0.5896164667888818
dual_hydra,18,inner_validation,inner_train,score_spearman,leave_one_view_out__fold01,False,True,leave_one_view_out__fold01__candidate_339,completed,maneuver,d49030f301fc10972368913bbfc6141aa638775e23f48bc8ad0055d5e48293a1,0.9300699300699302
dual_hydra,18,inner_validation,inner_train,rmse,leave_one_view_out__fold01,False,True,leave_one_view_out__fold01__candidate_339,completed,response,d49030f301fc10972368913bbfc6141aa638775e23f48bc8ad0055d5e48293a1,1.312461853213678
dual_hydra,18,inner_validation,inner_train,mae,leave_one_view_out__fold01,False,True,leave_one_view_out__fold01__candidate_339,completed,response,d49030f301fc10972368913bbfc6141aa638775e23f48bc8ad0055d5e48293a1,1.1214167034780702
dual_hydra,18,inner_validation,inner_train,validation_std,leave_one_view_out__fold01,False,True,leave_one_view_out__fold01__candidate_339,completed,response,d49030f301fc10972368913bbfc6141aa638775e23f48bc8ad0055d5e48293a1,0.9229823964743179
dual_hydra,18,inner_validation,inner_train,validation_iqr,leave_one_view_out__fold01,False,True,leave_one_view_out__fold01__candidate_339,completed,response,d49030f301fc10972368913bbfc6141aa638775e23f48bc8ad0055d5e48293a1,1.5375502327333572
dual_hydra,18,inner_validation,inner_train,nrmse_std,leave_one_view_out__fold01,False,True,leave_one_view_out__fold01__candidate_339,completed,response,d49030f301fc10972368913bbfc6141aa638775e23f48bc8ad0055d5e48293a1,1.4219792904253916
dual_hydra,18,inner_validation,inner_train,nrmse_iqr,leave_one_view_out__fold01,False,True,leave_one_view_out__fold01__candidate_339,completed,response,d49030f301fc10972368913bbfc6141aa638775e23f48bc8ad0055d5e48293a1,0.8536058369166049
dual_hydra,18,inner_validation,inner_train,train_mean_baseline_rmse,leave_one_view_out__fold01,False,True,leave_one_view_out__fold01__candidate_339,completed,response,d49030f301fc10972368913bbfc6141aa638775e23f48bc8ad0055d5e48293a1,1.2411261006308119
dual_hydra,18,inner_validation,inner_train,rmse_ratio,leave_one_view_out__fold01,False,True,leave_one_view_out__fold01__candidate_339,completed,response,d49030f301fc10972368913bbfc6141aa638775e23f48bc8ad0055d5e48293a1,1.057476635570398
dual_hydra,18,inner_validation,inner_train,response_skill,leave_one_view_out__fold01,False,True,leave_one_view_out__fold01__candidate_339,completed,response,d49030f301fc10972368913bbfc6141aa638775e23f48bc8ad0055d5e48293a1,-0.11825683477728832
dual_hydra,18,inner_validation,inner_train,spearman,leave_one_view_out__fold01,False,True,leave_one_view_out__fold01__candidate_339,completed,response,d49030f301fc10972368913bbfc6141aa638775e23f48bc8ad0055d5e48293a1,0.013986013986013986
dual_hydra,18,inner_validation,inner_train,auprc,leave_one_view_out__fold01,False,True,leave_one_view_out__fold01__candidate_339,completed,high_response,d49030f301fc10972368913bbfc6141aa638775e23f48bc8ad0055d5e48293a1,0.5787202380952381
dual_hydra,18,inner_validation,inner_train,prevalence,leave_one_view_out__fold01,False,True,leave_one_view_out__fold01__candidate_339,completed,high_response,d49030f301fc10972368913bbfc6141aa638775e23f48bc8ad0055d5e48293a1,0.6666666666666666
dual_hydra,18,inner_validation,inner_train,random_baseline_auprc,leave_one_view_out__fold01,False,True,leave_one_view_out__fold01__candidate_339,completed,high_response,d49030f301fc10972368913bbfc6141aa638775e23f48bc8ad0055d5e48293a1,0.6666666666666666
dual_hydra,18,inner_validation,inner_train,normalized_ap,leave_one_view_out__fold01,False,True,leave_one_view_out__fold01__candidate_339,completed,high_response,d49030f301fc10972368913bbfc6141aa638775e23f48bc8ad0055d5e48293a1,-0.26383928571428555
dual_hydra,18,inner_validation,inner_train,auprc_lift,leave_one_view_out__fold01,False,True,leave_one_view_out__fold01__candidate_339,completed,high_response,d49030f301fc10972368913bbfc6141aa638775e23f48bc8ad0055d5e48293a1,-0.08794642857142854
dual_hydra,18,inner_validation,inner_train,auroc,leave_one_view_out__fold01,False,True,leave_one_view_out__fold01__candidate_339,completed,high_response,d49030f301fc10972368913bbfc6141aa638775e23f48bc8ad0055d5e48293a1,0.28125
dual_hydra,18,inner_validation,inner_train,balanced_accuracy,leave_one_view_out__fold01,False,True,leave_one_view_out__fold01__candidate_339,completed,high_response,d49030f301fc10972368913bbfc6141aa638775e23f48bc8ad0055d5e48293a1,0.3125
dual_hydra,18,inner_validation,inner_train,macro_f1,leave_one_view_out__fold01,False,True,leave_one_view_out__fold01__candidate_353,completed,maneuver,f1ddae33af89bc208d97290f0e03c19c4d93c0cd3b4e08a59452657e405013ac,1.0
dual_hydra,18,inner_validation,inner_train,support_aware_macro_f1,leave_one_view_out__fold01,False,True,leave_one_view_out__fold01__candidate_353,completed,maneuver,f1ddae33af89bc208d97290f0e03c19c4d93c0cd3b4e08a59452657e405013ac,1.0
dual_hydra,18,inner_validation,inner_train,majority_macro_f1,leave_one_view_out__fold01,False,True,leave_one_view_out__fold01__candidate_353,completed,maneuver,f1ddae33af89bc208d97290f0e03c19c4d93c0cd3b4e08a59452657e405013ac,0.13333333333333333
dual_hydra,18,inner_validation,inner_train,macro_f1_lift,leave_one_view_out__fold01,False,True,leave_one_view_out__fold01__candidate_353,completed,maneuver,f1ddae33af89bc208d97290f0e03c19c4d93c0cd3b4e08a59452657e405013ac,0.8666666666666667
dual_hydra,18,inner_validation,inner_train,recall_low,leave_one_view_out__fold01,False,True,leave_one_view_out__fold01__candidate_353,completed,maneuver,f1ddae33af89bc208d97290f0e03c19c4d93c0cd3b4e08a59452657e405013ac,1.0
dual_hydra,18,inner_validation,inner_train,recall_medium,leave_one_view_out__fold01,False,True,leave_one_view_out__fold01__candidate_353,completed,maneuver,f1ddae33af89bc208d97290f0e03c19c4d93c0cd3b4e08a59452657e405013ac,1.0
dual_hydra,18,inner_validation,inner_train,recall_high,leave_one_view_out__fold01,False,True,leave_one_view_out__fold01__candidate_353,completed,maneuver,f1ddae33af89bc208d97290f0e03c19c4d93c0cd3b4e08a59452657e405013ac,1.0
dual_hydra,18,inner_validation,inner_train,minimum_class_recall,leave_one_view_out__fold01,False,True,leave_one_view_out__fold01__candidate_353,completed,maneuver,f1ddae33af89bc208d97290f0e03c19c4d93c0cd3b4e08a59452657e405013ac,1.0
dual_hydra,18,inner_validation,inner_train,ordinal_mae,leave_one_view_out__fold01,False,True,leave_one_view_out__fold01__candidate_353,completed,maneuver,f1ddae33af89bc208d97290f0e03c19c4d93c0cd3b4e08a59452657e405013ac,0.0
dual_hydra,18,inner_validation,inner_train,score_mae,leave_one_view_out__fold01,False,True,leave_one_view_out__fold01__candidate_353,completed,maneuver,f1ddae33af89bc208d97290f0e03c19c4d93c0cd3b4e08a59452657e405013ac,0.4121292482883982
dual_hydra,18,inner_validation,inner_train,score_spearman,leave_one_view_out__fold01,False,True,leave_one_view_out__fold01__candidate_353,completed,maneuver,f1ddae33af89bc208d97290f0e03c19c4d93c0cd3b4e08a59452657e405013ac,0.9580419580419581
dual_hydra,18,inner_validation,inner_train,rmse,leave_one_view_out__fold01,False,True,leave_one_view_out__fold01__candidate_353,completed,response,f1ddae33af89bc208d97290f0e03c19c4d93c0cd3b4e08a59452657e405013ac,0.9550272036012926
dual_hydra,18,inner_validation,inner_train,mae,leave_one_view_out__fold01,False,True,leave_one_view_out__fold01__candidate_353,completed,response,f1ddae33af89bc208d97290f0e03c19c4d93c0cd3b4e08a59452657e405013ac,0.7467775251503713
dual_hydra,18,inner_validation,inner_train,validation_std,leave_one_view_out__fold01,False,True,leave_one_view_out__fold01__candidate_353,completed,response,f1ddae33af89bc208d97290f0e03c19c4d93c0cd3b4e08a59452657e405013ac,0.8091453454981316
dual_hydra,18,inner_validation,inner_train,validation_iqr,leave_one_view_out__fold01,False,True,leave_one_view_out__fold01__candidate_353,completed,response,f1ddae33af89bc208d97290f0e03c19c4d93c0cd3b4e08a59452657e405013ac,1.218839946496964
dual_hydra,18,inner_validation,inner_train,nrmse_std,leave_one_view_out__fold01,False,True,leave_one_view_out__fold01__candidate_353,completed,response,f1ddae33af89bc208d97290f0e03c19c4d93c0cd3b4e08a59452657e405013ac,1.180291289957742
dual_hydra,18,inner_validation,inner_train,nrmse_iqr,leave_one_view_out__fold01,False,True,leave_one_view_out__fold01__candidate_353,completed,response,f1ddae33af89bc208d97290f0e03c19c4d93c0cd3b4e08a59452657e405013ac,0.7835542364246523
dual_hydra,18,inner_validation,inner_train,train_mean_baseline_rmse,leave_one_view_out__fold01,False,True,leave_one_view_out__fold01__candidate_353,completed,response,f1ddae33af89bc208d97290f0e03c19c4d93c0cd3b4e08a59452657e405013ac,0.9551898219217477
dual_hydra,18,inner_validation,inner_train,rmse_ratio,leave_one_view_out__fold01,False,True,leave_one_view_out__fold01__candidate_353,completed,response,f1ddae33af89bc208d97290f0e03c19c4d93c0cd3b4e08a59452657e405013ac,0.9998297528755824
dual_hydra,18,inner_validation,inner_train,response_skill,leave_one_view_out__fold01,False,True,leave_one_view_out__fold01__candidate_353,completed,response,f1ddae33af89bc208d97290f0e03c19c4d93c0cd3b4e08a59452657e405013ac,0.0003404652647520656
dual_hydra,18,inner_validation,inner_train,spearman,leave_one_view_out__fold01,False,True,leave_one_view_out__fold01__candidate_353,completed,response,f1ddae33af89bc208d97290f0e03c19c4d93c0cd3b4e08a59452657e405013ac,0.20979020979020982
dual_hydra,18,inner_validation,inner_train,auprc,leave_one_view_out__fold01,False,True,leave_one_view_out__fold01__candidate_353,completed,high_response,f1ddae33af89bc208d97290f0e03c19c4d93c0cd3b4e08a59452657e405013ac,0.3643939393939394
dual_hydra,18,inner_validation,inner_train,prevalence,leave_one_view_out__fold01,False,True,leave_one_view_out__fold01__candidate_353,completed,high_response,f1ddae33af89bc208d97290f0e03c19c4d93c0cd3b4e08a59452657e405013ac,0.4166666666666667
dual_hydra,18,inner_validation,inner_train,random_baseline_auprc,leave_one_view_out__fold01,False,True,leave_one_view_out__fold01__candidate_353,completed,high_response,f1ddae33af89bc208d97290f0e03c19c4d93c0cd3b4e08a59452657e405013ac,0.4166666666666667
dual_hydra,18,inner_validation,inner_train,normalized_ap,leave_one_view_out__fold01,False,True,leave_one_view_out__fold01__candidate_353,completed,high_response,f1ddae33af89bc208d97290f0e03c19c4d93c0cd3b4e08a59452657e405013ac,-0.08961038961038968
dual_hydra,18,inner_validation,inner_train,auprc_lift,leave_one_view_out__fold01,False,True,leave_one_view_out__fold01__candidate_353,completed,high_response,f1ddae33af89bc208d97290f0e03c19c4d93c0cd3b4e08a59452657e405013ac,-0.052272727272727304
dual_hydra,18,inner_validation,inner_train,auroc,leave_one_view_out__fold01,False,True,leave_one_view_out__fold01__candidate_353,completed,high_response,f1ddae33af89bc208d97290f0e03c19c4d93c0cd3b4e08a59452657e405013ac,0.2857142857142857
dual_hydra,18,inner_validation,inner_train,balanced_accuracy,leave_one_view_out__fold01,False,True,leave_one_view_out__fold01__candidate_353,completed,high_response,f1ddae33af89bc208d97290f0e03c19c4d93c0cd3b4e08a59452657e405013ac,0.3857142857142857
dual_hydra,18,inner_validation,inner_train,macro_f1,leave_one_view_out__fold02,False,True,leave_one_view_out__fold02__candidate_328,completed,maneuver,76857c61556d36c9eb8d7060ea53eb10f2e65e3f7b2a4854ab4c6016248a0b48,0.7407407407407406
dual_hydra,18,inner_validation,inner_train,support_aware_macro_f1,leave_one_view_out__fold02,False,True,leave_one_view_out__fold02__candidate_328,completed,maneuver,76857c61556d36c9eb8d7060ea53eb10f2e65e3f7b2a4854ab4c6016248a0b48,0.7407407407407406
dual_hydra,18,inner_validation,inner_train,majority_macro_f1,leave_one_view_out__fold02,False,True,leave_one_view_out__fold02__candidate_328,completed,maneuver,76857c61556d36c9eb8d7060ea53eb10f2e65e3f7b2a4854ab4c6016248a0b48,0.19607843137254902
dual_hydra,18,inner_validation,inner_train,macro_f1_lift,leave_one_view_out__fold02,False,True,leave_one_view_out__fold02__candidate_328,completed,maneuver,76857c61556d36c9eb8d7060ea53eb10f2e65e3f7b2a4854ab4c6016248a0b48,0.5446623093681916
dual_hydra,18,inner_validation,inner_train,recall_low,leave_one_view_out__fold02,False,True,leave_one_view_out__fold02__candidate_328,completed,maneuver,76857c61556d36c9eb8d7060ea53eb10f2e65e3f7b2a4854ab4c6016248a0b48,0.8
dual_hydra,18,inner_validation,inner_train,recall_medium,leave_one_view_out__fold02,False,True,leave_one_view_out__fold02__candidate_328,completed,maneuver,76857c61556d36c9eb8d7060ea53eb10f2e65e3f7b2a4854ab4c6016248a0b48,0.5
dual_hydra,18,inner_validation,inner_train,recall_high,leave_one_view_out__fold02,False,True,leave_one_view_out__fold02__candidate_328,completed,maneuver,76857c61556d36c9eb8d7060ea53eb10f2e65e3f7b2a4854ab4c6016248a0b48,1.0
dual_hydra,18,inner_validation,inner_train,minimum_class_recall,leave_one_view_out__fold02,False,True,leave_one_view_out__fold02__candidate_328,completed,maneuver,76857c61556d36c9eb8d7060ea53eb10f2e65e3f7b2a4854ab4c6016248a0b48,0.5
dual_hydra,18,inner_validation,inner_train,ordinal_mae,leave_one_view_out__fold02,False,True,leave_one_view_out__fold02__candidate_328,completed,maneuver,76857c61556d36c9eb8d7060ea53eb10f2e65e3f7b2a4854ab4c6016248a0b48,0.3333333333333333
dual_hydra,18,inner_validation,inner_train,score_mae,leave_one_view_out__fold02,False,True,leave_one_view_out__fold02__candidate_328,completed,maneuver,76857c61556d36c9eb8d7060ea53eb10f2e65e3f7b2a4854ab4c6016248a0b48,0.7174499254189062
dual_hydra,18,inner_validation,inner_train,score_spearman,leave_one_view_out__fold02,False,True,leave_one_view_out__fold02__candidate_328,completed,maneuver,76857c61556d36c9eb8d7060ea53eb10f2e65e3f7b2a4854ab4c6016248a0b48,0.5174825174825175
dual_hydra,18,inner_validation,inner_train,rmse,leave_one_view_out__fold02,False,True,leave_one_view_out__fold02__candidate_328,completed,response,76857c61556d36c9eb8d7060ea53eb10f2e65e3f7b2a4854ab4c6016248a0b48,0.9901491094238203
dual_hydra,18,inner_validation,inner_train,mae,leave_one_view_out__fold02,False,True,leave_one_view_out__fold02__candidate_328,completed,response,76857c61556d36c9eb8d7060ea53eb10f2e65e3f7b2a4854ab4c6016248a0b48,0.890290222859922
dual_hydra,18,inner_validation,inner_train,validation_std,leave_one_view_out__fold02,False,True,leave_one_view_out__fold02__candidate_328,completed,response,76857c61556d36c9eb8d7060ea53eb10f2e65e3f7b2a4854ab4c6016248a0b48,0.6661100828266592
dual_hydra,18,inner_validation,inner_train,validation_iqr,leave_one_view_out__fold02,False,True,leave_one_view_out__fold02__candidate_328,completed,response,76857c61556d36c9eb8d7060ea53eb10f2e65e3f7b2a4854ab4c6016248a0b48,0.8168154939282022
dual_hydra,18,inner_validation,inner_train,nrmse_std,leave_one_view_out__fold02,False,True,leave_one_view_out__fold02__candidate_328,completed,response,76857c61556d36c9eb8d7060ea53eb10f2e65e3f7b2a4854ab4c6016248a0b48,1.4864646774630572
dual_hydra,18,inner_validation,inner_train,nrmse_iqr,leave_one_view_out__fold02,False,True,leave_one_view_out__fold02__candidate_328,completed,response,76857c61556d36c9eb8d7060ea53eb10f2e65e3f7b2a4854ab4c6016248a0b48,1.212206571476782
dual_hydra,18,inner_validation,inner_train,train_mean_baseline_rmse,leave_one_view_out__fold02,False,True,leave_one_view_out__fold02__candidate_328,completed,response,76857c61556d36c9eb8d7060ea53eb10f2e65e3f7b2a4854ab4c6016248a0b48,0.760282844198373
dual_hydra,18,inner_validation,inner_train,rmse_ratio,leave_one_view_out__fold02,False,True,leave_one_view_out__fold02__candidate_328,completed,response,76857c61556d36c9eb8d7060ea53eb10f2e65e3f7b2a4854ab4c6016248a0b48,1.3023430911002782
dual_hydra,18,inner_validation,inner_train,response_skill,leave_one_view_out__fold02,False,True,leave_one_view_out__fold02__candidate_328,completed,response,76857c61556d36c9eb8d7060ea53eb10f2e65e3f7b2a4854ab4c6016248a0b48,-0.6960975269366272
dual_hydra,18,inner_validation,inner_train,spearman,leave_one_view_out__fold02,False,True,leave_one_view_out__fold02__candidate_328,completed,response,76857c61556d36c9eb8d7060ea53eb10f2e65e3f7b2a4854ab4c6016248a0b48,0.10489510489510491
dual_hydra,18,inner_validation,inner_train,auprc,leave_one_view_out__fold02,False,True,leave_one_view_out__fold02__candidate_328,completed,high_response,76857c61556d36c9eb8d7060ea53eb10f2e65e3f7b2a4854ab4c6016248a0b48,0.3209090909090909
dual_hydra,18,inner_validation,inner_train,prevalence,leave_one_view_out__fold02,False,True,leave_one_view_out__fold02__candidate_328,completed,high_response,76857c61556d36c9eb8d7060ea53eb10f2e65e3f7b2a4854ab4c6016248a0b48,0.4166666666666667
dual_hydra,18,inner_validation,inner_train,random_baseline_auprc,leave_one_view_out__fold02,False,True,leave_one_view_out__fold02__candidate_328,completed,high_response,76857c61556d36c9eb8d7060ea53eb10f2e65e3f7b2a4854ab4c6016248a0b48,0.4166666666666667
dual_hydra,18,inner_validation,inner_train,normalized_ap,leave_one_view_out__fold02,False,True,leave_one_view_out__fold02__candidate_328,completed,high_response,76857c61556d36c9eb8d7060ea53eb10f2e65e3f7b2a4854ab4c6016248a0b48,-0.1641558441558442
dual_hydra,18,inner_validation,inner_train,auprc_lift,leave_one_view_out__fold02,False,True,leave_one_view_out__fold02__candidate_328,completed,high_response,76857c61556d36c9eb8d7060ea53eb10f2e65e3f7b2a4854ab4c6016248a0b48,-0.09575757575757576
dual_hydra,18,inner_validation,inner_train,auroc,leave_one_view_out__fold02,False,True,leave_one_view_out__fold02__candidate_328,completed,high_response,76857c61556d36c9eb8d7060ea53eb10f2e65e3f7b2a4854ab4c6016248a0b48,0.17142857142857146
dual_hydra,18,inner_validation,inner_train,balanced_accuracy,leave_one_view_out__fold02,False,True,leave_one_view_out__fold02__candidate_328,completed,high_response,76857c61556d36c9eb8d7060ea53eb10f2e65e3f7b2a4854ab4c6016248a0b48,0.5
dual_hydra,18,inner_validation,inner_train,macro_f1,leave_one_view_out__fold02,False,True,leave_one_view_out__fold02__candidate_329,completed,maneuver,09bd96f3f28027930e21282cb6cb1e34c79cb76197a270c426bd70e119d43e13,0.5555555555555555
dual_hydra,18,inner_validation,inner_train,support_aware_macro_f1,leave_one_view_out__fold02,False,True,leave_one_view_out__fold02__candidate_329,completed,maneuver,09bd96f3f28027930e21282cb6cb1e34c79cb76197a270c426bd70e119d43e13,0.5555555555555555
dual_hydra,18,inner_validation,inner_train,majority_macro_f1,leave_one_view_out__fold02,False,True,leave_one_view_out__fold02__candidate_329,completed,maneuver,09bd96f3f28027930e21282cb6cb1e34c79cb76197a270c426bd70e119d43e13,0.13333333333333333
dual_hydra,18,inner_validation,inner_train,macro_f1_lift,leave_one_view_out__fold02,False,True,leave_one_view_out__fold02__candidate_329,completed,maneuver,09bd96f3f28027930e21282cb6cb1e34c79cb76197a270c426bd70e119d43e13,0.42222222222222217
dual_hydra,18,inner_validation,inner_train,recall_low,leave_one_view_out__fold02,False,True,leave_one_view_out__fold02__candidate_329,completed,maneuver,09bd96f3f28027930e21282cb6cb1e34c79cb76197a270c426bd70e119d43e13,1.0
dual_hydra,18,inner_validation,inner_train,recall_medium,leave_one_view_out__fold02,False,True,leave_one_view_out__fold02__candidate_329,completed,maneuver,09bd96f3f28027930e21282cb6cb1e34c79cb76197a270c426bd70e119d43e13,0.25
dual_hydra,18,inner_validation,inner_train,recall_high,leave_one_view_out__fold02,False,True,leave_one_view_out__fold02__candidate_329,completed,maneuver,09bd96f3f28027930e21282cb6cb1e34c79cb76197a270c426bd70e119d43e13,0.6
dual_hydra,18,inner_validation,inner_train,minimum_class_recall,leave_one_view_out__fold02,False,True,leave_one_view_out__fold02__candidate_329,completed,maneuver,09bd96f3f28027930e21282cb6cb1e34c79cb76197a270c426bd70e119d43e13,0.25
dual_hydra,18,inner_validation,inner_train,ordinal_mae,leave_one_view_out__fold02,False,True,leave_one_view_out__fold02__candidate_329,completed,maneuver,09bd96f3f28027930e21282cb6cb1e34c79cb76197a270c426bd70e119d43e13,0.5
dual_hydra,18,inner_validation,inner_train,score_mae,leave_one_view_out__fold02,False,True,leave_one_view_out__fold02__candidate_329,completed,maneuver,09bd96f3f28027930e21282cb6cb1e34c79cb76197a270c426bd70e119d43e13,1.0567533055194722
dual_hydra,18,inner_validation,inner_train,score_spearman,leave_one_view_out__fold02,False,True,leave_one_view_out__fold02__candidate_329,completed,maneuver,09bd96f3f28027930e21282cb6cb1e34c79cb76197a270c426bd70e119d43e13,0.7272727272727274
dual_hydra,18,inner_validation,inner_train,rmse,leave_one_view_out__fold02,False,True,leave_one_view_out__fold02__candidate_329,completed,response,09bd96f3f28027930e21282cb6cb1e34c79cb76197a270c426bd70e119d43e13,0.9373033881877019
dual_hydra,18,inner_validation,inner_train,mae,leave_one_view_out__fold02,False,True,leave_one_view_out__fold02__candidate_329,completed,response,09bd96f3f28027930e21282cb6cb1e34c79cb76197a270c426bd70e119d43e13,0.7256624635193801
dual_hydra,18,inner_validation,inner_train,validation_std,leave_one_view_out__fold02,False,True,leave_one_view_out__fold02__candidate_329,completed,response,09bd96f3f28027930e21282cb6cb1e34c79cb76197a270c426bd70e119d43e13,0.7444107826338696
dual_hydra,18,inner_validation,inner_train,validation_iqr,leave_one_view_out__fold02,False,True,leave_one_view_out__fold02__candidate_329,completed,response,09bd96f3f28027930e21282cb6cb1e34c79cb76197a270c426bd70e119d43e13,1.126261329695373
dual_hydra,18,inner_validation,inner_train,nrmse_std,leave_one_view_out__fold02,False,True,leave_one_view_out__fold02__candidate_329,completed,response,09bd96f3f28027930e21282cb6cb1e34c79cb76197a270c426bd70e119d43e13,1.2591211869222807
dual_hydra,18,inner_validation,inner_train,nrmse_iqr,leave_one_view_out__fold02,False,True,leave_one_view_out__fold02__candidate_329,completed,response,09bd96f3f28027930e21282cb6cb1e34c79cb76197a270c426bd70e119d43e13,0.8322254910778303
dual_hydra,18,inner_validation,inner_train,train_mean_baseline_rmse,leave_one_view_out__fold02,False,True,leave_one_view_out__fold02__candidate_329,completed,response,09bd96f3f28027930e21282cb6cb1e34c79cb76197a270c426bd70e119d43e13,0.7887754436917268
dual_hydra,18,inner_validation,inner_train,rmse_ratio,leave_one_view_out__fold02,False,True,leave_one_view_out__fold02__candidate_329,completed,response,09bd96f3f28027930e21282cb6cb1e34c79cb76197a270c426bd70e119d43e13,1.1883019377489945
dual_hydra,18,inner_validation,inner_train,response_skill,leave_one_view_out__fold02,False,True,leave_one_view_out__fold02__candidate_329,completed,response,09bd96f3f28027930e21282cb6cb1e34c79cb76197a270c426bd70e119d43e13,-0.4120614952580153
dual_hydra,18,inner_validation,inner_train,spearman,leave_one_view_out__fold02,False,True,leave_one_view_out__fold02__candidate_329,completed,response,09bd96f3f28027930e21282cb6cb1e34c79cb76197a270c426bd70e119d43e13,-0.23076923076923078
dual_hydra,18,inner_validation,inner_train,auprc,leave_one_view_out__fold02,False,True,leave_one_view_out__fold02__candidate_329,completed,high_response,09bd96f3f28027930e21282cb6cb1e34c79cb76197a270c426bd70e119d43e13,0.32272727272727275
dual_hydra,18,inner_validation,inner_train,prevalence,leave_one_view_out__fold02,False,True,leave_one_view_out__fold02__candidate_329,completed,high_response,09bd96f3f28027930e21282cb6cb1e34c79cb76197a270c426bd70e119d43e13,0.4166666666666667
dual_hydra,18,inner_validation,inner_train,random_baseline_auprc,leave_one_view_out__fold02,False,True,leave_one_view_out__fold02__candidate_329,completed,high_response,09bd96f3f28027930e21282cb6cb1e34c79cb76197a270c426bd70e119d43e13,0.4166666666666667
dual_hydra,18,inner_validation,inner_train,normalized_ap,leave_one_view_out__fold02,False,True,leave_one_view_out__fold02__candidate_329,completed,high_response,09bd96f3f28027930e21282cb6cb1e34c79cb76197a270c426bd70e119d43e13,-0.16103896103896104
dual_hydra,18,inner_validation,inner_train,auprc_lift,leave_one_view_out__fold02,False,True,leave_one_view_out__fold02__candidate_329,completed,high_response,09bd96f3f28027930e21282cb6cb1e34c79cb76197a270c426bd70e119d43e13,-0.09393939393939393
dual_hydra,18,inner_validation,inner_train,auroc,leave_one_view_out__fold02,False,True,leave_one_view_out__fold02__candidate_329,completed,high_response,09bd96f3f28027930e21282cb6cb1e34c79cb76197a270c426bd70e119d43e13,0.17142857142857146
dual_hydra,18,inner_validation,inner_train,balanced_accuracy,leave_one_view_out__fold02,False,True,leave_one_view_out__fold02__candidate_329,completed,high_response,09bd96f3f28027930e21282cb6cb1e34c79cb76197a270c426bd70e119d43e13,0.3142857142857143
dual_hydra,18,inner_validation,inner_train,macro_f1,leave_one_view_out__fold01,False,True,leave_one_view_out__fold01__candidate_340,completed,maneuver,c8bb55db2e84fca264b1421bfe060cb36e07fbf025a5f825bde808b31ad5f850,1.0
dual_hydra,18,inner_validation,inner_train,support_aware_macro_f1,leave_one_view_out__fold01,False,True,leave_one_view_out__fold01__candidate_340,completed,maneuver,c8bb55db2e84fca264b1421bfe060cb36e07fbf025a5f825bde808b31ad5f850,1.0
dual_hydra,18,inner_validation,inner_train,majority_macro_f1,leave_one_view_out__fold01,False,True,leave_one_view_out__fold01__candidate_340,completed,maneuver,c8bb55db2e84fca264b1421bfe060cb36e07fbf025a5f825bde808b31ad5f850,0.13333333333333333
dual_hydra,18,inner_validation,inner_train,macro_f1_lift,leave_one_view_out__fold01,False,True,leave_one_view_out__fold01__candidate_340,completed,maneuver,c8bb55db2e84fca264b1421bfe060cb36e07fbf025a5f825bde808b31ad5f850,0.8666666666666667
dual_hydra,18,inner_validation,inner_train,recall_low,leave_one_view_out__fold01,False,True,leave_one_view_out__fold01__candidate_340,completed,maneuver,c8bb55db2e84fca264b1421bfe060cb36e07fbf025a5f825bde808b31ad5f850,1.0
dual_hydra,18,inner_validation,inner_train,recall_medium,leave_one_view_out__fold01,False,True,leave_one_view_out__fold01__candidate_340,completed,maneuver,c8bb55db2e84fca264b1421bfe060cb36e07fbf025a5f825bde808b31ad5f850,1.0
dual_hydra,18,inner_validation,inner_train,recall_high,leave_one_view_out__fold01,False,True,leave_one_view_out__fold01__candidate_340,completed,maneuver,c8bb55db2e84fca264b1421bfe060cb36e07fbf025a5f825bde808b31ad5f850,1.0
dual_hydra,18,inner_validation,inner_train,minimum_class_recall,leave_one_view_out__fold01,False,True,leave_one_view_out__fold01__candidate_340,completed,maneuver,c8bb55db2e84fca264b1421bfe060cb36e07fbf025a5f825bde808b31ad5f850,1.0
dual_hydra,18,inner_validation,inner_train,ordinal_mae,leave_one_view_out__fold01,False,True,leave_one_view_out__fold01__candidate_340,completed,maneuver,c8bb55db2e84fca264b1421bfe060cb36e07fbf025a5f825bde808b31ad5f850,0.0
dual_hydra,18,inner_validation,inner_train,score_mae,leave_one_view_out__fold01,False,True,leave_one_view_out__fold01__candidate_340,completed,maneuver,c8bb55db2e84fca264b1421bfe060cb36e07fbf025a5f825bde808b31ad5f850,0.537269930295112
dual_hydra,18,inner_validation,inner_train,score_spearman,leave_one_view_out__fold01,False,True,leave_one_view_out__fold01__candidate_340,completed,maneuver,c8bb55db2e84fca264b1421bfe060cb36e07fbf025a5f825bde808b31ad5f850,0.9860139860139862
dual_hydra,18,inner_validation,inner_train,rmse,leave_one_view_out__fold01,False,True,leave_one_view_out__fold01__candidate_340,completed,response,c8bb55db2e84fca264b1421bfe060cb36e07fbf025a5f825bde808b31ad5f850,1.1024339620077652
dual_hydra,18,inner_validation,inner_train,mae,leave_one_view_out__fold01,False,True,leave_one_view_out__fold01__candidate_340,completed,response,c8bb55db2e84fca264b1421bfe060cb36e07fbf025a5f825bde808b31ad5f850,0.9526519451047734
dual_hydra,18,inner_validation,inner_train,validation_std,leave_one_view_out__fold01,False,True,leave_one_view_out__fold01__candidate_340,completed,response,c8bb55db2e84fca264b1421bfe060cb36e07fbf025a5f825bde808b31ad5f850,0.7738225567538186
dual_hydra,18,inner_validation,inner_train,validation_iqr,leave_one_view_out__fold01,False,True,leave_one_view_out__fold01__candidate_340,completed,response,c8bb55db2e84fca264b1421bfe060cb36e07fbf025a5f825bde808b31ad5f850,1.1164541279861386
dual_hydra,18,inner_validation,inner_train,nrmse_std,leave_one_view_out__fold01,False,True,leave_one_view_out__fold01__candidate_340,completed,response,c8bb55db2e84fca264b1421bfe060cb36e07fbf025a5f825bde808b31ad5f850,1.4246598944239486
dual_hydra,18,inner_validation,inner_train,nrmse_iqr,leave_one_view_out__fold01,False,True,leave_one_view_out__fold01__candidate_340,completed,response,c8bb55db2e84fca264b1421bfe060cb36e07fbf025a5f825bde808b31ad5f850,0.9874422373235674
dual_hydra,18,inner_validation,inner_train,train_mean_baseline_rmse,leave_one_view_out__fold01,False,True,leave_one_view_out__fold01__candidate_340,completed,response,c8bb55db2e84fca264b1421bfe060cb36e07fbf025a5f825bde808b31ad5f850,0.9520832805389658
dual_hydra,18,inner_validation,inner_train,rmse_ratio,leave_one_view_out__fold01,False,True,leave_one_view_out__fold01__candidate_340,completed,response,c8bb55db2e84fca264b1421bfe060cb36e07fbf025a5f825bde808b31ad5f850,1.1579175735379863
dual_hydra,18,inner_validation,inner_train,response_skill,leave_one_view_out__fold01,False,True,leave_one_view_out__fold01__candidate_340,completed,response,c8bb55db2e84fca264b1421bfe060cb36e07fbf025a5f825bde808b31ad5f850,-0.34077310710809794
dual_hydra,18,inner_validation,inner_train,spearman,leave_one_view_out__fold01,False,True,leave_one_view_out__fold01__candidate_340,completed,response,c8bb55db2e84fca264b1421bfe060cb36e07fbf025a5f825bde808b31ad5f850,-0.14685314685314685
dual_hydra,18,inner_validation,inner_train,auprc,leave_one_view_out__fold01,False,True,leave_one_view_out__fold01__candidate_340,completed,high_response,c8bb55db2e84fca264b1421bfe060cb36e07fbf025a5f825bde808b31ad5f850,0.5494897959183673
dual_hydra,18,inner_validation,inner_train,prevalence,leave_one_view_out__fold01,False,True,leave_one_view_out__fold01__candidate_340,completed,high_response,c8bb55db2e84fca264b1421bfe060cb36e07fbf025a5f825bde808b31ad5f850,0.5833333333333334
dual_hydra,18,inner_validation,inner_train,random_baseline_auprc,leave_one_view_out__fold01,False,True,leave_one_view_out__fold01__candidate_340,completed,high_response,c8bb55db2e84fca264b1421bfe060cb36e07fbf025a5f825bde808b31ad5f850,0.5833333333333334
dual_hydra,18,inner_validation,inner_train,normalized_ap,leave_one_view_out__fold01,False,True,leave_one_view_out__fold01__candidate_340,completed,high_response,c8bb55db2e84fca264b1421bfe060cb36e07fbf025a5f825bde808b31ad5f850,-0.08122448979591851
dual_hydra,18,inner_validation,inner_train,auprc_lift,leave_one_view_out__fold01,False,True,leave_one_view_out__fold01__candidate_340,completed,high_response,c8bb55db2e84fca264b1421bfe060cb36e07fbf025a5f825bde808b31ad5f850,-0.03384353741496604
dual_hydra,18,inner_validation,inner_train,auroc,leave_one_view_out__fold01,False,True,leave_one_view_out__fold01__candidate_340,completed,high_response,c8bb55db2e84fca264b1421bfe060cb36e07fbf025a5f825bde808b31ad5f850,0.4
dual_hydra,18,inner_validation,inner_train,balanced_accuracy,leave_one_view_out__fold01,False,True,leave_one_view_out__fold01__candidate_340,completed,high_response,c8bb55db2e84fca264b1421bfe060cb36e07fbf025a5f825bde808b31ad5f850,0.37142857142857144
dual_hydra,18,inner_validation,inner_train,macro_f1,leave_one_view_out__fold01,False,True,leave_one_view_out__fold01__candidate_327,completed,maneuver,ef23ad8b080593cb9c8caaa4a57c59a5dc23c5987cd8d56c0f61e753cf15435c,0.8222222222222223
dual_hydra,18,inner_validation,inner_train,support_aware_macro_f1,leave_one_view_out__fold01,False,True,leave_one_view_out__fold01__candidate_327,completed,maneuver,ef23ad8b080593cb9c8caaa4a57c59a5dc23c5987cd8d56c0f61e753cf15435c,0.8222222222222223
dual_hydra,18,inner_validation,inner_train,majority_macro_f1,leave_one_view_out__fold01,False,True,leave_one_view_out__fold01__candidate_327,completed,maneuver,ef23ad8b080593cb9c8caaa4a57c59a5dc23c5987cd8d56c0f61e753cf15435c,0.19607843137254902
dual_hydra,18,inner_validation,inner_train,macro_f1_lift,leave_one_view_out__fold01,False,True,leave_one_view_out__fold01__candidate_327,completed,maneuver,ef23ad8b080593cb9c8caaa4a57c59a5dc23c5987cd8d56c0f61e753cf15435c,0.6261437908496733
dual_hydra,18,inner_validation,inner_train,recall_low,leave_one_view_out__fold01,False,True,leave_one_view_out__fold01__candidate_327,completed,maneuver,ef23ad8b080593cb9c8caaa4a57c59a5dc23c5987cd8d56c0f61e753cf15435c,0.8
dual_hydra,18,inner_validation,inner_train,recall_medium,leave_one_view_out__fold01,False,True,leave_one_view_out__fold01__candidate_327,completed,maneuver,ef23ad8b080593cb9c8caaa4a57c59a5dc23c5987cd8d56c0f61e753cf15435c,0.6666666666666666
dual_hydra,18,inner_validation,inner_train,recall_high,leave_one_view_out__fold01,False,True,leave_one_view_out__fold01__candidate_327,completed,maneuver,ef23ad8b080593cb9c8caaa4a57c59a5dc23c5987cd8d56c0f61e753cf15435c,1.0
dual_hydra,18,inner_validation,inner_train,minimum_class_recall,leave_one_view_out__fold01,False,True,leave_one_view_out__fold01__candidate_327,completed,maneuver,ef23ad8b080593cb9c8caaa4a57c59a5dc23c5987cd8d56c0f61e753cf15435c,0.6666666666666666
dual_hydra,18,inner_validation,inner_train,ordinal_mae,leave_one_view_out__fold01,False,True,leave_one_view_out__fold01__candidate_327,completed,maneuver,ef23ad8b080593cb9c8caaa4a57c59a5dc23c5987cd8d56c0f61e753cf15435c,0.16666666666666666
dual_hydra,18,inner_validation,inner_train,score_mae,leave_one_view_out__fold01,False,True,leave_one_view_out__fold01__candidate_327,completed,maneuver,ef23ad8b080593cb9c8caaa4a57c59a5dc23c5987cd8d56c0f61e753cf15435c,0.537590894066558
dual_hydra,18,inner_validation,inner_train,score_spearman,leave_one_view_out__fold01,False,True,leave_one_view_out__fold01__candidate_327,completed,maneuver,ef23ad8b080593cb9c8caaa4a57c59a5dc23c5987cd8d56c0f61e753cf15435c,0.7132867132867133
dual_hydra,18,inner_validation,inner_train,rmse,leave_one_view_out__fold01,False,True,leave_one_view_out__fold01__candidate_327,completed,response,ef23ad8b080593cb9c8caaa4a57c59a5dc23c5987cd8d56c0f61e753cf15435c,1.1807926926790098
dual_hydra,18,inner_validation,inner_train,mae,leave_one_view_out__fold01,False,True,leave_one_view_out__fold01__candidate_327,completed,response,ef23ad8b080593cb9c8caaa4a57c59a5dc23c5987cd8d56c0f61e753cf15435c,1.0104386053306909
dual_hydra,18,inner_validation,inner_train,validation_std,leave_one_view_out__fold01,False,True,leave_one_view_out__fold01__candidate_327,completed,response,ef23ad8b080593cb9c8caaa4a57c59a5dc23c5987cd8d56c0f61e753cf15435c,0.7424450098311778
dual_hydra,18,inner_validation,inner_train,validation_iqr,leave_one_view_out__fold01,False,True,leave_one_view_out__fold01__candidate_327,completed,response,ef23ad8b080593cb9c8caaa4a57c59a5dc23c5987cd8d56c0f61e753cf15435c,0.8094986823286678
dual_hydra,18,inner_validation,inner_train,nrmse_std,leave_one_view_out__fold01,False,True,leave_one_view_out__fold01__candidate_327,completed,response,ef23ad8b080593cb9c8caaa4a57c59a5dc23c5987cd8d56c0f61e753cf15435c,1.5904109759556555
dual_hydra,18,inner_validation,inner_train,nrmse_iqr,leave_one_view_out__fold01,False,True,leave_one_view_out__fold01__candidate_327,completed,response,ef23ad8b080593cb9c8caaa4a57c59a5dc23c5987cd8d56c0f61e753cf15435c,1.4586715438279012
dual_hydra,18,inner_validation,inner_train,train_mean_baseline_rmse,leave_one_view_out__fold01,False,True,leave_one_view_out__fold01__candidate_327,completed,response,ef23ad8b080593cb9c8caaa4a57c59a5dc23c5987cd8d56c0f61e753cf15435c,0.9686999988458442
dual_hydra,18,inner_validation,inner_train,rmse_ratio,leave_one_view_out__fold01,False,True,leave_one_view_out__fold01__candidate_327,completed,response,ef23ad8b080593cb9c8caaa4a57c59a5dc23c5987cd8d56c0f61e753cf15435c,1.2189456943180168
dual_hydra,18,inner_validation,inner_train,response_skill,leave_one_view_out__fold01,False,True,leave_one_view_out__fold01__candidate_327,completed,response,ef23ad8b080593cb9c8caaa4a57c59a5dc23c5987cd8d56c0f61e753cf15435c,-0.48582860569643227
dual_hydra,18,inner_validation,inner_train,spearman,leave_one_view_out__fold01,False,True,leave_one_view_out__fold01__candidate_327,completed,response,ef23ad8b080593cb9c8caaa4a57c59a5dc23c5987cd8d56c0f61e753cf15435c,0.2447552447552448
dual_hydra,18,inner_validation,inner_train,auprc,leave_one_view_out__fold01,False,True,leave_one_view_out__fold01__candidate_327,completed,high_response,ef23ad8b080593cb9c8caaa4a57c59a5dc23c5987cd8d56c0f61e753cf15435c,0.6364583333333333
dual_hydra,18,inner_validation,inner_train,prevalence,leave_one_view_out__fold01,False,True,leave_one_view_out__fold01__candidate_327,completed,high_response,ef23ad8b080593cb9c8caaa4a57c59a5dc23c5987cd8d56c0f61e753cf15435c,0.6666666666666666
dual_hydra,18,inner_validation,inner_train,random_baseline_auprc,leave_one_view_out__fold01,False,True,leave_one_view_out__fold01__candidate_327,completed,high_response,ef23ad8b080593cb9c8caaa4a57c59a5dc23c5987cd8d56c0f61e753cf15435c,0.6666666666666666
dual_hydra,18,inner_validation,inner_train,normalized_ap,leave_one_view_out__fold01,False,True,leave_one_view_out__fold01__candidate_327,completed,high_response,ef23ad8b080593cb9c8caaa4a57c59a5dc23c5987cd8d56c0f61e753cf15435c,-0.09062499999999983
dual_hydra,18,inner_validation,inner_train,auprc_lift,leave_one_view_out__fold01,False,True,leave_one_view_out__fold01__candidate_327,completed,high_response,ef23ad8b080593cb9c8caaa4a57c59a5dc23c5987cd8d56c0f61e753cf15435c,-0.03020833333333328
dual_hydra,18,inner_validation,inner_train,auroc,leave_one_view_out__fold01,False,True,leave_one_view_out__fold01__candidate_327,completed,high_response,ef23ad8b080593cb9c8caaa4a57c59a5dc23c5987cd8d56c0f61e753cf15435c,0.40625
dual_hydra,18,inner_validation,inner_train,balanced_accuracy,leave_one_view_out__fold01,False,True,leave_one_view_out__fold01__candidate_327,completed,high_response,ef23ad8b080593cb9c8caaa4a57c59a5dc23c5987cd8d56c0f61e753cf15435c,0.4375
dual_30s_joint_risk,19,inner_validation,inner_train,macro_f1,leave_one_view_out__fold01,False,True,leave_one_view_out__fold01__candidate_339,completed,maneuver,d49030f301fc10972368913bbfc6141aa638775e23f48bc8ad0055d5e48293a1,1.0
dual_30s_joint_risk,19,inner_validation,inner_train,support_aware_macro_f1,leave_one_view_out__fold01,False,True,leave_one_view_out__fold01__candidate_339,completed,maneuver,d49030f301fc10972368913bbfc6141aa638775e23f48bc8ad0055d5e48293a1,1.0
dual_30s_joint_risk,19,inner_validation,inner_train,majority_macro_f1,leave_one_view_out__fold01,False,True,leave_one_view_out__fold01__candidate_339,completed,maneuver,d49030f301fc10972368913bbfc6141aa638775e23f48bc8ad0055d5e48293a1,0.16666666666666666
dual_30s_joint_risk,19,inner_validation,inner_train,macro_f1_lift,leave_one_view_out__fold01,False,True,leave_one_view_out__fold01__candidate_339,completed,maneuver,d49030f301fc10972368913bbfc6141aa638775e23f48bc8ad0055d5e48293a1,0.8333333333333334
dual_30s_joint_risk,19,inner_validation,inner_train,recall_low,leave_one_view_out__fold01,False,True,leave_one_view_out__fold01__candidate_339,completed,maneuver,d49030f301fc10972368913bbfc6141aa638775e23f48bc8ad0055d5e48293a1,1.0
dual_30s_joint_risk,19,inner_validation,inner_train,recall_medium,leave_one_view_out__fold01,False,True,leave_one_view_out__fold01__candidate_339,completed,maneuver,d49030f301fc10972368913bbfc6141aa638775e23f48bc8ad0055d5e48293a1,1.0
dual_30s_joint_risk,19,inner_validation,inner_train,recall_high,leave_one_view_out__fold01,False,True,leave_one_view_out__fold01__candidate_339,completed,maneuver,d49030f301fc10972368913bbfc6141aa638775e23f48bc8ad0055d5e48293a1,1.0
dual_30s_joint_risk,19,inner_validation,inner_train,minimum_class_recall,leave_one_view_out__fold01,False,True,leave_one_view_out__fold01__candidate_339,completed,maneuver,d49030f301fc10972368913bbfc6141aa638775e23f48bc8ad0055d5e48293a1,1.0
dual_30s_joint_risk,19,inner_validation,inner_train,ordinal_mae,leave_one_view_out__fold01,False,True,leave_one_view_out__fold01__candidate_339,completed,maneuver,d49030f301fc10972368913bbfc6141aa638775e23f48bc8ad0055d5e48293a1,0.0
dual_30s_joint_risk,19,inner_validation,inner_train,score_mae,leave_one_view_out__fold01,False,True,leave_one_view_out__fold01__candidate_339,completed,maneuver,d49030f301fc10972368913bbfc6141aa638775e23f48bc8ad0055d5e48293a1,0.4205629737422576
dual_30s_joint_risk,19,inner_validation,inner_train,score_spearman,leave_one_view_out__fold01,False,True,leave_one_view_out__fold01__candidate_339,completed,maneuver,d49030f301fc10972368913bbfc6141aa638775e23f48bc8ad0055d5e48293a1,0.9370629370629372
dual_30s_joint_risk,19,inner_validation,inner_train,rmse,leave_one_view_out__fold01,False,True,leave_one_view_out__fold01__candidate_339,completed,response,d49030f301fc10972368913bbfc6141aa638775e23f48bc8ad0055d5e48293a1,1.1982079123518505
dual_30s_joint_risk,19,inner_validation,inner_train,mae,leave_one_view_out__fold01,False,True,leave_one_view_out__fold01__candidate_339,completed,response,d49030f301fc10972368913bbfc6141aa638775e23f48bc8ad0055d5e48293a1,1.0035042719200968
dual_30s_joint_risk,19,inner_validation,inner_train,validation_std,leave_one_view_out__fold01,False,True,leave_one_view_out__fold01__candidate_339,completed,response,d49030f301fc10972368913bbfc6141aa638775e23f48bc8ad0055d5e48293a1,0.9229823964743179
dual_30s_joint_risk,19,inner_validation,inner_train,validation_iqr,leave_one_view_out__fold01,False,True,leave_one_view_out__fold01__candidate_339,completed,response,d49030f301fc10972368913bbfc6141aa638775e23f48bc8ad0055d5e48293a1,1.5375502327333572
dual_30s_joint_risk,19,inner_validation,inner_train,nrmse_std,leave_one_view_out__fold01,False,True,leave_one_view_out__fold01__candidate_339,completed,response,d49030f301fc10972368913bbfc6141aa638775e23f48bc8ad0055d5e48293a1,1.2981915114837088
dual_30s_joint_risk,19,inner_validation,inner_train,nrmse_iqr,leave_one_view_out__fold01,False,True,leave_one_view_out__fold01__candidate_339,completed,response,d49030f301fc10972368913bbfc6141aa638775e23f48bc8ad0055d5e48293a1,0.7792967584686674
dual_30s_joint_risk,19,inner_validation,inner_train,train_mean_baseline_rmse,leave_one_view_out__fold01,False,True,leave_one_view_out__fold01__candidate_339,completed,response,d49030f301fc10972368913bbfc6141aa638775e23f48bc8ad0055d5e48293a1,1.2411261006308119
dual_30s_joint_risk,19,inner_validation,inner_train,rmse_ratio,leave_one_view_out__fold01,False,True,leave_one_view_out__fold01__candidate_339,completed,response,d49030f301fc10972368913bbfc6141aa638775e23f48bc8ad0055d5e48293a1,0.9654199615517329
dual_30s_joint_risk,19,inner_validation,inner_train,response_skill,leave_one_view_out__fold01,False,True,leave_one_view_out__fold01__candidate_339,completed,response,d49030f301fc10972368913bbfc6141aa638775e23f48bc8ad0055d5e48293a1,0.06796429783745062
dual_30s_joint_risk,19,inner_validation,inner_train,spearman,leave_one_view_out__fold01,False,True,leave_one_view_out__fold01__candidate_339,completed,response,d49030f301fc10972368913bbfc6141aa638775e23f48bc8ad0055d5e48293a1,0.06293706293706294
dual_30s_joint_risk,19,inner_validation,inner_train,auprc,leave_one_view_out__fold01,False,True,leave_one_view_out__fold01__candidate_339,completed,high_response,d49030f301fc10972368913bbfc6141aa638775e23f48bc8ad0055d5e48293a1,0.6321293290043289
dual_30s_joint_risk,19,inner_validation,inner_train,prevalence,leave_one_view_out__fold01,False,True,leave_one_view_out__fold01__candidate_339,completed,high_response,d49030f301fc10972368913bbfc6141aa638775e23f48bc8ad0055d5e48293a1,0.6666666666666666
dual_30s_joint_risk,19,inner_validation,inner_train,random_baseline_auprc,leave_one_view_out__fold01,False,True,leave_one_view_out__fold01__candidate_339,completed,high_response,d49030f301fc10972368913bbfc6141aa638775e23f48bc8ad0055d5e48293a1,0.6666666666666666
dual_30s_joint_risk,19,inner_validation,inner_train,normalized_ap,leave_one_view_out__fold01,False,True,leave_one_view_out__fold01__candidate_339,completed,high_response,d49030f301fc10972368913bbfc6141aa638775e23f48bc8ad0055d5e48293a1,-0.10361201298701304
dual_30s_joint_risk,19,inner_validation,inner_train,auprc_lift,leave_one_view_out__fold01,False,True,leave_one_view_out__fold01__candidate_339,completed,high_response,d49030f301fc10972368913bbfc6141aa638775e23f48bc8ad0055d5e48293a1,-0.034537337662337686
dual_30s_joint_risk,19,inner_validation,inner_train,auroc,leave_one_view_out__fold01,False,True,leave_one_view_out__fold01__candidate_339,completed,high_response,d49030f301fc10972368913bbfc6141aa638775e23f48bc8ad0055d5e48293a1,0.40625
dual_30s_joint_risk,19,inner_validation,inner_train,balanced_accuracy,leave_one_view_out__fold01,False,True,leave_one_view_out__fold01__candidate_339,completed,high_response,d49030f301fc10972368913bbfc6141aa638775e23f48bc8ad0055d5e48293a1,0.4375
dual_30s_joint_risk,19,inner_validation,inner_train,macro_f1,leave_one_view_out__fold01,False,True,leave_one_view_out__fold01__candidate_353,completed,maneuver,f1ddae33af89bc208d97290f0e03c19c4d93c0cd3b4e08a59452657e405013ac,0.85
dual_30s_joint_risk,19,inner_validation,inner_train,support_aware_macro_f1,leave_one_view_out__fold01,False,True,leave_one_view_out__fold01__candidate_353,completed,maneuver,f1ddae33af89bc208d97290f0e03c19c4d93c0cd3b4e08a59452657e405013ac,0.85
dual_30s_joint_risk,19,inner_validation,inner_train,majority_macro_f1,leave_one_view_out__fold01,False,True,leave_one_view_out__fold01__candidate_353,completed,maneuver,f1ddae33af89bc208d97290f0e03c19c4d93c0cd3b4e08a59452657e405013ac,0.13333333333333333
dual_30s_joint_risk,19,inner_validation,inner_train,macro_f1_lift,leave_one_view_out__fold01,False,True,leave_one_view_out__fold01__candidate_353,completed,maneuver,f1ddae33af89bc208d97290f0e03c19c4d93c0cd3b4e08a59452657e405013ac,0.7166666666666667
dual_30s_joint_risk,19,inner_validation,inner_train,recall_low,leave_one_view_out__fold01,False,True,leave_one_view_out__fold01__candidate_353,completed,maneuver,f1ddae33af89bc208d97290f0e03c19c4d93c0cd3b4e08a59452657e405013ac,1.0
dual_30s_joint_risk,19,inner_validation,inner_train,recall_medium,leave_one_view_out__fold01,False,True,leave_one_view_out__fold01__candidate_353,completed,maneuver,f1ddae33af89bc208d97290f0e03c19c4d93c0cd3b4e08a59452657e405013ac,0.75
dual_30s_joint_risk,19,inner_validation,inner_train,recall_high,leave_one_view_out__fold01,False,True,leave_one_view_out__fold01__candidate_353,completed,maneuver,f1ddae33af89bc208d97290f0e03c19c4d93c0cd3b4e08a59452657e405013ac,0.8
dual_30s_joint_risk,19,inner_validation,inner_train,minimum_class_recall,leave_one_view_out__fold01,False,True,leave_one_view_out__fold01__candidate_353,completed,maneuver,f1ddae33af89bc208d97290f0e03c19c4d93c0cd3b4e08a59452657e405013ac,0.75
dual_30s_joint_risk,19,inner_validation,inner_train,ordinal_mae,leave_one_view_out__fold01,False,True,leave_one_view_out__fold01__candidate_353,completed,maneuver,f1ddae33af89bc208d97290f0e03c19c4d93c0cd3b4e08a59452657e405013ac,0.16666666666666666
dual_30s_joint_risk,19,inner_validation,inner_train,score_mae,leave_one_view_out__fold01,False,True,leave_one_view_out__fold01__candidate_353,completed,maneuver,f1ddae33af89bc208d97290f0e03c19c4d93c0cd3b4e08a59452657e405013ac,0.5925368719572967
dual_30s_joint_risk,19,inner_validation,inner_train,score_spearman,leave_one_view_out__fold01,False,True,leave_one_view_out__fold01__candidate_353,completed,maneuver,f1ddae33af89bc208d97290f0e03c19c4d93c0cd3b4e08a59452657e405013ac,0.8881118881118882
dual_30s_joint_risk,19,inner_validation,inner_train,rmse,leave_one_view_out__fold01,False,True,leave_one_view_out__fold01__candidate_353,completed,response,f1ddae33af89bc208d97290f0e03c19c4d93c0cd3b4e08a59452657e405013ac,1.1405404685240272
dual_30s_joint_risk,19,inner_validation,inner_train,mae,leave_one_view_out__fold01,False,True,leave_one_view_out__fold01__candidate_353,completed,response,f1ddae33af89bc208d97290f0e03c19c4d93c0cd3b4e08a59452657e405013ac,1.005698927346461
dual_30s_joint_risk,19,inner_validation,inner_train,validation_std,leave_one_view_out__fold01,False,True,leave_one_view_out__fold01__candidate_353,completed,response,f1ddae33af89bc208d97290f0e03c19c4d93c0cd3b4e08a59452657e405013ac,0.8091453454981316
dual_30s_joint_risk,19,inner_validation,inner_train,validation_iqr,leave_one_view_out__fold01,False,True,leave_one_view_out__fold01__candidate_353,completed,response,f1ddae33af89bc208d97290f0e03c19c4d93c0cd3b4e08a59452657e405013ac,1.218839946496964
dual_30s_joint_risk,19,inner_validation,inner_train,nrmse_std,leave_one_view_out__fold01,False,True,leave_one_view_out__fold01__candidate_353,completed,response,f1ddae33af89bc208d97290f0e03c19c4d93c0cd3b4e08a59452657e405013ac,1.4095619221808413
dual_30s_joint_risk,19,inner_validation,inner_train,nrmse_iqr,leave_one_view_out__fold01,False,True,leave_one_view_out__fold01__candidate_353,completed,response,f1ddae33af89bc208d97290f0e03c19c4d93c0cd3b4e08a59452657e405013ac,0.935759015613186
dual_30s_joint_risk,19,inner_validation,inner_train,train_mean_baseline_rmse,leave_one_view_out__fold01,False,True,leave_one_view_out__fold01__candidate_353,completed,response,f1ddae33af89bc208d97290f0e03c19c4d93c0cd3b4e08a59452657e405013ac,0.9551898219217477
dual_30s_joint_risk,19,inner_validation,inner_train,rmse_ratio,leave_one_view_out__fold01,False,True,leave_one_view_out__fold01__candidate_353,completed,response,f1ddae33af89bc208d97290f0e03c19c4d93c0cd3b4e08a59452657e405013ac,1.1940458769015905
dual_30s_joint_risk,19,inner_validation,inner_train,response_skill,leave_one_view_out__fold01,False,True,leave_one_view_out__fold01__candidate_353,completed,response,f1ddae33af89bc208d97290f0e03c19c4d93c0cd3b4e08a59452657e405013ac,-0.425745556145688
dual_30s_joint_risk,19,inner_validation,inner_train,spearman,leave_one_view_out__fold01,False,True,leave_one_view_out__fold01__candidate_353,completed,response,f1ddae33af89bc208d97290f0e03c19c4d93c0cd3b4e08a59452657e405013ac,-0.34965034965034975
dual_30s_joint_risk,19,inner_validation,inner_train,auprc,leave_one_view_out__fold01,False,True,leave_one_view_out__fold01__candidate_353,completed,high_response,f1ddae33af89bc208d97290f0e03c19c4d93c0cd3b4e08a59452657e405013ac,0.3543650793650793
dual_30s_joint_risk,19,inner_validation,inner_train,prevalence,leave_one_view_out__fold01,False,True,leave_one_view_out__fold01__candidate_353,completed,high_response,f1ddae33af89bc208d97290f0e03c19c4d93c0cd3b4e08a59452657e405013ac,0.4166666666666667
dual_30s_joint_risk,19,inner_validation,inner_train,random_baseline_auprc,leave_one_view_out__fold01,False,True,leave_one_view_out__fold01__candidate_353,completed,high_response,f1ddae33af89bc208d97290f0e03c19c4d93c0cd3b4e08a59452657e405013ac,0.4166666666666667
dual_30s_joint_risk,19,inner_validation,inner_train,normalized_ap,leave_one_view_out__fold01,False,True,leave_one_view_out__fold01__candidate_353,completed,high_response,f1ddae33af89bc208d97290f0e03c19c4d93c0cd3b4e08a59452657e405013ac,-0.10680272108843548
dual_30s_joint_risk,19,inner_validation,inner_train,auprc_lift,leave_one_view_out__fold01,False,True,leave_one_view_out__fold01__candidate_353,completed,high_response,f1ddae33af89bc208d97290f0e03c19c4d93c0cd3b4e08a59452657e405013ac,-0.06230158730158736
dual_30s_joint_risk,19,inner_validation,inner_train,auroc,leave_one_view_out__fold01,False,True,leave_one_view_out__fold01__candidate_353,completed,high_response,f1ddae33af89bc208d97290f0e03c19c4d93c0cd3b4e08a59452657e405013ac,0.2857142857142857
dual_30s_joint_risk,19,inner_validation,inner_train,balanced_accuracy,leave_one_view_out__fold01,False,True,leave_one_view_out__fold01__candidate_353,completed,high_response,f1ddae33af89bc208d97290f0e03c19c4d93c0cd3b4e08a59452657e405013ac,0.3142857142857143
dual_30s_joint_risk,19,inner_validation,inner_train,macro_f1,leave_one_view_out__fold02,False,True,leave_one_view_out__fold02__candidate_328,completed,maneuver,76857c61556d36c9eb8d7060ea53eb10f2e65e3f7b2a4854ab4c6016248a0b48,0.5555555555555555
dual_30s_joint_risk,19,inner_validation,inner_train,support_aware_macro_f1,leave_one_view_out__fold02,False,True,leave_one_view_out__fold02__candidate_328,completed,maneuver,76857c61556d36c9eb8d7060ea53eb10f2e65e3f7b2a4854ab4c6016248a0b48,0.5555555555555555
dual_30s_joint_risk,19,inner_validation,inner_train,majority_macro_f1,leave_one_view_out__fold02,False,True,leave_one_view_out__fold02__candidate_328,completed,maneuver,76857c61556d36c9eb8d7060ea53eb10f2e65e3f7b2a4854ab4c6016248a0b48,0.19607843137254902
dual_30s_joint_risk,19,inner_validation,inner_train,macro_f1_lift,leave_one_view_out__fold02,False,True,leave_one_view_out__fold02__candidate_328,completed,maneuver,76857c61556d36c9eb8d7060ea53eb10f2e65e3f7b2a4854ab4c6016248a0b48,0.3594771241830065
dual_30s_joint_risk,19,inner_validation,inner_train,recall_low,leave_one_view_out__fold02,False,True,leave_one_view_out__fold02__candidate_328,completed,maneuver,76857c61556d36c9eb8d7060ea53eb10f2e65e3f7b2a4854ab4c6016248a0b48,0.6
dual_30s_joint_risk,19,inner_validation,inner_train,recall_medium,leave_one_view_out__fold02,False,True,leave_one_view_out__fold02__candidate_328,completed,maneuver,76857c61556d36c9eb8d7060ea53eb10f2e65e3f7b2a4854ab4c6016248a0b48,0.25
dual_30s_joint_risk,19,inner_validation,inner_train,recall_high,leave_one_view_out__fold02,False,True,leave_one_view_out__fold02__candidate_328,completed,maneuver,76857c61556d36c9eb8d7060ea53eb10f2e65e3f7b2a4854ab4c6016248a0b48,1.0
dual_30s_joint_risk,19,inner_validation,inner_train,minimum_class_recall,leave_one_view_out__fold02,False,True,leave_one_view_out__fold02__candidate_328,completed,maneuver,76857c61556d36c9eb8d7060ea53eb10f2e65e3f7b2a4854ab4c6016248a0b48,0.25
dual_30s_joint_risk,19,inner_validation,inner_train,ordinal_mae,leave_one_view_out__fold02,False,True,leave_one_view_out__fold02__candidate_328,completed,maneuver,76857c61556d36c9eb8d7060ea53eb10f2e65e3f7b2a4854ab4c6016248a0b48,0.5
dual_30s_joint_risk,19,inner_validation,inner_train,score_mae,leave_one_view_out__fold02,False,True,leave_one_view_out__fold02__candidate_328,completed,maneuver,76857c61556d36c9eb8d7060ea53eb10f2e65e3f7b2a4854ab4c6016248a0b48,0.8913215102577229
dual_30s_joint_risk,19,inner_validation,inner_train,score_spearman,leave_one_view_out__fold02,False,True,leave_one_view_out__fold02__candidate_328,completed,maneuver,76857c61556d36c9eb8d7060ea53eb10f2e65e3f7b2a4854ab4c6016248a0b48,0.4685314685314686
dual_30s_joint_risk,19,inner_validation,inner_train,rmse,leave_one_view_out__fold02,False,True,leave_one_view_out__fold02__candidate_328,completed,response,76857c61556d36c9eb8d7060ea53eb10f2e65e3f7b2a4854ab4c6016248a0b48,1.0242088961243438
dual_30s_joint_risk,19,inner_validation,inner_train,mae,leave_one_view_out__fold02,False,True,leave_one_view_out__fold02__candidate_328,completed,response,76857c61556d36c9eb8d7060ea53eb10f2e65e3f7b2a4854ab4c6016248a0b48,0.9153046818497198
dual_30s_joint_risk,19,inner_validation,inner_train,validation_std,leave_one_view_out__fold02,False,True,leave_one_view_out__fold02__candidate_328,completed,response,76857c61556d36c9eb8d7060ea53eb10f2e65e3f7b2a4854ab4c6016248a0b48,0.6661100828266592
dual_30s_joint_risk,19,inner_validation,inner_train,validation_iqr,leave_one_view_out__fold02,False,True,leave_one_view_out__fold02__candidate_328,completed,response,76857c61556d36c9eb8d7060ea53eb10f2e65e3f7b2a4854ab4c6016248a0b48,0.8168154939282022
dual_30s_joint_risk,19,inner_validation,inner_train,nrmse_std,leave_one_view_out__fold02,False,True,leave_one_view_out__fold02__candidate_328,completed,response,76857c61556d36c9eb8d7060ea53eb10f2e65e3f7b2a4854ab4c6016248a0b48,1.5375970466894617
dual_30s_joint_risk,19,inner_validation,inner_train,nrmse_iqr,leave_one_view_out__fold02,False,True,leave_one_view_out__fold02__candidate_328,completed,response,76857c61556d36c9eb8d7060ea53eb10f2e65e3f7b2a4854ab4c6016248a0b48,1.2539048337571954
dual_30s_joint_risk,19,inner_validation,inner_train,train_mean_baseline_rmse,leave_one_view_out__fold02,False,True,leave_one_view_out__fold02__candidate_328,completed,response,76857c61556d36c9eb8d7060ea53eb10f2e65e3f7b2a4854ab4c6016248a0b48,0.760282844198373
dual_30s_joint_risk,19,inner_validation,inner_train,rmse_ratio,leave_one_view_out__fold02,False,True,leave_one_view_out__fold02__candidate_328,completed,response,76857c61556d36c9eb8d7060ea53eb10f2e65e3f7b2a4854ab4c6016248a0b48,1.3471419274286653
dual_30s_joint_risk,19,inner_validation,inner_train,response_skill,leave_one_view_out__fold02,False,True,leave_one_view_out__fold02__candidate_328,completed,response,76857c61556d36c9eb8d7060ea53eb10f2e65e3f7b2a4854ab4c6016248a0b48,-0.8147913726362193
dual_30s_joint_risk,19,inner_validation,inner_train,spearman,leave_one_view_out__fold02,False,True,leave_one_view_out__fold02__candidate_328,completed,response,76857c61556d36c9eb8d7060ea53eb10f2e65e3f7b2a4854ab4c6016248a0b48,-0.1958041958041958
dual_30s_joint_risk,19,inner_validation,inner_train,auprc,leave_one_view_out__fold02,False,True,leave_one_view_out__fold02__candidate_328,completed,high_response,76857c61556d36c9eb8d7060ea53eb10f2e65e3f7b2a4854ab4c6016248a0b48,0.36138528138528137
dual_30s_joint_risk,19,inner_validation,inner_train,prevalence,leave_one_view_out__fold02,False,True,leave_one_view_out__fold02__candidate_328,completed,high_response,76857c61556d36c9eb8d7060ea53eb10f2e65e3f7b2a4854ab4c6016248a0b48,0.4166666666666667
dual_30s_joint_risk,19,inner_validation,inner_train,random_baseline_auprc,leave_one_view_out__fold02,False,True,leave_one_view_out__fold02__candidate_328,completed,high_response,76857c61556d36c9eb8d7060ea53eb10f2e65e3f7b2a4854ab4c6016248a0b48,0.4166666666666667
dual_30s_joint_risk,19,inner_validation,inner_train,normalized_ap,leave_one_view_out__fold02,False,True,leave_one_view_out__fold02__candidate_328,completed,high_response,76857c61556d36c9eb8d7060ea53eb10f2e65e3f7b2a4854ab4c6016248a0b48,-0.09476808905380342
dual_30s_joint_risk,19,inner_validation,inner_train,auprc_lift,leave_one_view_out__fold02,False,True,leave_one_view_out__fold02__candidate_328,completed,high_response,76857c61556d36c9eb8d7060ea53eb10f2e65e3f7b2a4854ab4c6016248a0b48,-0.05528138528138532
dual_30s_joint_risk,19,inner_validation,inner_train,auroc,leave_one_view_out__fold02,False,True,leave_one_view_out__fold02__candidate_328,completed,high_response,76857c61556d36c9eb8d7060ea53eb10f2e65e3f7b2a4854ab4c6016248a0b48,0.28571428571428575
dual_30s_joint_risk,19,inner_validation,inner_train,balanced_accuracy,leave_one_view_out__fold02,False,True,leave_one_view_out__fold02__candidate_328,completed,high_response,76857c61556d36c9eb8d7060ea53eb10f2e65e3f7b2a4854ab4c6016248a0b48,0.3857142857142857
dual_30s_joint_risk,19,inner_validation,inner_train,macro_f1,leave_one_view_out__fold02,False,True,leave_one_view_out__fold02__candidate_329,completed,maneuver,09bd96f3f28027930e21282cb6cb1e34c79cb76197a270c426bd70e119d43e13,0.6626984126984127
dual_30s_joint_risk,19,inner_validation,inner_train,support_aware_macro_f1,leave_one_view_out__fold02,False,True,leave_one_view_out__fold02__candidate_329,completed,maneuver,09bd96f3f28027930e21282cb6cb1e34c79cb76197a270c426bd70e119d43e13,0.6626984126984127
dual_30s_joint_risk,19,inner_validation,inner_train,majority_macro_f1,leave_one_view_out__fold02,False,True,leave_one_view_out__fold02__candidate_329,completed,maneuver,09bd96f3f28027930e21282cb6cb1e34c79cb76197a270c426bd70e119d43e13,0.13333333333333333
dual_30s_joint_risk,19,inner_validation,inner_train,macro_f1_lift,leave_one_view_out__fold02,False,True,leave_one_view_out__fold02__candidate_329,completed,maneuver,09bd96f3f28027930e21282cb6cb1e34c79cb76197a270c426bd70e119d43e13,0.5293650793650794
dual_30s_joint_risk,19,inner_validation,inner_train,recall_low,leave_one_view_out__fold02,False,True,leave_one_view_out__fold02__candidate_329,completed,maneuver,09bd96f3f28027930e21282cb6cb1e34c79cb76197a270c426bd70e119d43e13,1.0
dual_30s_joint_risk,19,inner_validation,inner_train,recall_medium,leave_one_view_out__fold02,False,True,leave_one_view_out__fold02__candidate_329,completed,maneuver,09bd96f3f28027930e21282cb6cb1e34c79cb76197a270c426bd70e119d43e13,0.5
dual_30s_joint_risk,19,inner_validation,inner_train,recall_high,leave_one_view_out__fold02,False,True,leave_one_view_out__fold02__candidate_329,completed,maneuver,09bd96f3f28027930e21282cb6cb1e34c79cb76197a270c426bd70e119d43e13,0.6
dual_30s_joint_risk,19,inner_validation,inner_train,minimum_class_recall,leave_one_view_out__fold02,False,True,leave_one_view_out__fold02__candidate_329,completed,maneuver,09bd96f3f28027930e21282cb6cb1e34c79cb76197a270c426bd70e119d43e13,0.5
dual_30s_joint_risk,19,inner_validation,inner_train,ordinal_mae,leave_one_view_out__fold02,False,True,leave_one_view_out__fold02__candidate_329,completed,maneuver,09bd96f3f28027930e21282cb6cb1e34c79cb76197a270c426bd70e119d43e13,0.4166666666666667
dual_30s_joint_risk,19,inner_validation,inner_train,score_mae,leave_one_view_out__fold02,False,True,leave_one_view_out__fold02__candidate_329,completed,maneuver,09bd96f3f28027930e21282cb6cb1e34c79cb76197a270c426bd70e119d43e13,1.0891520545718925
dual_30s_joint_risk,19,inner_validation,inner_train,score_spearman,leave_one_view_out__fold02,False,True,leave_one_view_out__fold02__candidate_329,completed,maneuver,09bd96f3f28027930e21282cb6cb1e34c79cb76197a270c426bd70e119d43e13,0.6153846153846154
dual_30s_joint_risk,19,inner_validation,inner_train,rmse,leave_one_view_out__fold02,False,True,leave_one_view_out__fold02__candidate_329,completed,response,09bd96f3f28027930e21282cb6cb1e34c79cb76197a270c426bd70e119d43e13,0.9832130906618257
dual_30s_joint_risk,19,inner_validation,inner_train,mae,leave_one_view_out__fold02,False,True,leave_one_view_out__fold02__candidate_329,completed,response,09bd96f3f28027930e21282cb6cb1e34c79cb76197a270c426bd70e119d43e13,0.8274383003317501
dual_30s_joint_risk,19,inner_validation,inner_train,validation_std,leave_one_view_out__fold02,False,True,leave_one_view_out__fold02__candidate_329,completed,response,09bd96f3f28027930e21282cb6cb1e34c79cb76197a270c426bd70e119d43e13,0.7444107826338696
dual_30s_joint_risk,19,inner_validation,inner_train,validation_iqr,leave_one_view_out__fold02,False,True,leave_one_view_out__fold02__candidate_329,completed,response,09bd96f3f28027930e21282cb6cb1e34c79cb76197a270c426bd70e119d43e13,1.126261329695373
dual_30s_joint_risk,19,inner_validation,inner_train,nrmse_std,leave_one_view_out__fold02,False,True,leave_one_view_out__fold02__candidate_329,completed,response,09bd96f3f28027930e21282cb6cb1e34c79cb76197a270c426bd70e119d43e13,1.3207937251835973
dual_30s_joint_risk,19,inner_validation,inner_train,nrmse_iqr,leave_one_view_out__fold02,False,True,leave_one_view_out__fold02__candidate_329,completed,response,09bd96f3f28027930e21282cb6cb1e34c79cb76197a270c426bd70e119d43e13,0.8729884128470979
dual_30s_joint_risk,19,inner_validation,inner_train,train_mean_baseline_rmse,leave_one_view_out__fold02,False,True,leave_one_view_out__fold02__candidate_329,completed,response,09bd96f3f28027930e21282cb6cb1e34c79cb76197a270c426bd70e119d43e13,0.7887754436917268
dual_30s_joint_risk,19,inner_validation,inner_train,rmse_ratio,leave_one_view_out__fold02,False,True,leave_one_view_out__fold02__candidate_329,completed,response,09bd96f3f28027930e21282cb6cb1e34c79cb76197a270c426bd70e119d43e13,1.2465057051726498
dual_30s_joint_risk,19,inner_validation,inner_train,response_skill,leave_one_view_out__fold02,False,True,leave_one_view_out__fold02__candidate_329,completed,response,09bd96f3f28027930e21282cb6cb1e34c79cb76197a270c426bd70e119d43e13,-0.5537764730279651
dual_30s_joint_risk,19,inner_validation,inner_train,spearman,leave_one_view_out__fold02,False,True,leave_one_view_out__fold02__candidate_329,completed,response,09bd96f3f28027930e21282cb6cb1e34c79cb76197a270c426bd70e119d43e13,-0.16783216783216784
dual_30s_joint_risk,19,inner_validation,inner_train,auprc,leave_one_view_out__fold02,False,True,leave_one_view_out__fold02__candidate_329,completed,high_response,09bd96f3f28027930e21282cb6cb1e34c79cb76197a270c426bd70e119d43e13,0.44333333333333336
dual_30s_joint_risk,19,inner_validation,inner_train,prevalence,leave_one_view_out__fold02,False,True,leave_one_view_out__fold02__candidate_329,completed,high_response,09bd96f3f28027930e21282cb6cb1e34c79cb76197a270c426bd70e119d43e13,0.4166666666666667
dual_30s_joint_risk,19,inner_validation,inner_train,random_baseline_auprc,leave_one_view_out__fold02,False,True,leave_one_view_out__fold02__candidate_329,completed,high_response,09bd96f3f28027930e21282cb6cb1e34c79cb76197a270c426bd70e119d43e13,0.4166666666666667
dual_30s_joint_risk,19,inner_validation,inner_train,normalized_ap,leave_one_view_out__fold02,False,True,leave_one_view_out__fold02__candidate_329,completed,high_response,09bd96f3f28027930e21282cb6cb1e34c79cb76197a270c426bd70e119d43e13,0.04571428571428573
dual_30s_joint_risk,19,inner_validation,inner_train,auprc_lift,leave_one_view_out__fold02,False,True,leave_one_view_out__fold02__candidate_329,completed,high_response,09bd96f3f28027930e21282cb6cb1e34c79cb76197a270c426bd70e119d43e13,0.026666666666666672
dual_30s_joint_risk,19,inner_validation,inner_train,auroc,leave_one_view_out__fold02,False,True,leave_one_view_out__fold02__candidate_329,completed,high_response,09bd96f3f28027930e21282cb6cb1e34c79cb76197a270c426bd70e119d43e13,0.4285714285714286
dual_30s_joint_risk,19,inner_validation,inner_train,balanced_accuracy,leave_one_view_out__fold02,False,True,leave_one_view_out__fold02__candidate_329,completed,high_response,09bd96f3f28027930e21282cb6cb1e34c79cb76197a270c426bd70e119d43e13,0.5857142857142856
dual_30s_joint_risk,19,inner_validation,inner_train,macro_f1,leave_one_view_out__fold01,False,True,leave_one_view_out__fold01__candidate_340,completed,maneuver,c8bb55db2e84fca264b1421bfe060cb36e07fbf025a5f825bde808b31ad5f850,1.0
dual_30s_joint_risk,19,inner_validation,inner_train,support_aware_macro_f1,leave_one_view_out__fold01,False,True,leave_one_view_out__fold01__candidate_340,completed,maneuver,c8bb55db2e84fca264b1421bfe060cb36e07fbf025a5f825bde808b31ad5f850,1.0
dual_30s_joint_risk,19,inner_validation,inner_train,majority_macro_f1,leave_one_view_out__fold01,False,True,leave_one_view_out__fold01__candidate_340,completed,maneuver,c8bb55db2e84fca264b1421bfe060cb36e07fbf025a5f825bde808b31ad5f850,0.13333333333333333
dual_30s_joint_risk,19,inner_validation,inner_train,macro_f1_lift,leave_one_view_out__fold01,False,True,leave_one_view_out__fold01__candidate_340,completed,maneuver,c8bb55db2e84fca264b1421bfe060cb36e07fbf025a5f825bde808b31ad5f850,0.8666666666666667
dual_30s_joint_risk,19,inner_validation,inner_train,recall_low,leave_one_view_out__fold01,False,True,leave_one_view_out__fold01__candidate_340,completed,maneuver,c8bb55db2e84fca264b1421bfe060cb36e07fbf025a5f825bde808b31ad5f850,1.0
dual_30s_joint_risk,19,inner_validation,inner_train,recall_medium,leave_one_view_out__fold01,False,True,leave_one_view_out__fold01__candidate_340,completed,maneuver,c8bb55db2e84fca264b1421bfe060cb36e07fbf025a5f825bde808b31ad5f850,1.0
dual_30s_joint_risk,19,inner_validation,inner_train,recall_high,leave_one_view_out__fold01,False,True,leave_one_view_out__fold01__candidate_340,completed,maneuver,c8bb55db2e84fca264b1421bfe060cb36e07fbf025a5f825bde808b31ad5f850,1.0
dual_30s_joint_risk,19,inner_validation,inner_train,minimum_class_recall,leave_one_view_out__fold01,False,True,leave_one_view_out__fold01__candidate_340,completed,maneuver,c8bb55db2e84fca264b1421bfe060cb36e07fbf025a5f825bde808b31ad5f850,1.0
dual_30s_joint_risk,19,inner_validation,inner_train,ordinal_mae,leave_one_view_out__fold01,False,True,leave_one_view_out__fold01__candidate_340,completed,maneuver,c8bb55db2e84fca264b1421bfe060cb36e07fbf025a5f825bde808b31ad5f850,0.0
dual_30s_joint_risk,19,inner_validation,inner_train,score_mae,leave_one_view_out__fold01,False,True,leave_one_view_out__fold01__candidate_340,completed,maneuver,c8bb55db2e84fca264b1421bfe060cb36e07fbf025a5f825bde808b31ad5f850,0.5609381271634467
dual_30s_joint_risk,19,inner_validation,inner_train,score_spearman,leave_one_view_out__fold01,False,True,leave_one_view_out__fold01__candidate_340,completed,maneuver,c8bb55db2e84fca264b1421bfe060cb36e07fbf025a5f825bde808b31ad5f850,0.9090909090909092
dual_30s_joint_risk,19,inner_validation,inner_train,rmse,leave_one_view_out__fold01,False,True,leave_one_view_out__fold01__candidate_340,completed,response,c8bb55db2e84fca264b1421bfe060cb36e07fbf025a5f825bde808b31ad5f850,1.135190788794925
dual_30s_joint_risk,19,inner_validation,inner_train,mae,leave_one_view_out__fold01,False,True,leave_one_view_out__fold01__candidate_340,completed,response,c8bb55db2e84fca264b1421bfe060cb36e07fbf025a5f825bde808b31ad5f850,0.956348108600155
dual_30s_joint_risk,19,inner_validation,inner_train,validation_std,leave_one_view_out__fold01,False,True,leave_one_view_out__fold01__candidate_340,completed,response,c8bb55db2e84fca264b1421bfe060cb36e07fbf025a5f825bde808b31ad5f850,0.7738225567538186
dual_30s_joint_risk,19,inner_validation,inner_train,validation_iqr,leave_one_view_out__fold01,False,True,leave_one_view_out__fold01__candidate_340,completed,response,c8bb55db2e84fca264b1421bfe060cb36e07fbf025a5f825bde808b31ad5f850,1.1164541279861386
dual_30s_joint_risk,19,inner_validation,inner_train,nrmse_std,leave_one_view_out__fold01,False,True,leave_one_view_out__fold01__candidate_340,completed,response,c8bb55db2e84fca264b1421bfe060cb36e07fbf025a5f825bde808b31ad5f850,1.4669910806904418
dual_30s_joint_risk,19,inner_validation,inner_train,nrmse_iqr,leave_one_view_out__fold01,False,True,leave_one_view_out__fold01__candidate_340,completed,response,c8bb55db2e84fca264b1421bfe060cb36e07fbf025a5f825bde808b31ad5f850,1.0167822934584725
dual_30s_joint_risk,19,inner_validation,inner_train,train_mean_baseline_rmse,leave_one_view_out__fold01,False,True,leave_one_view_out__fold01__candidate_340,completed,response,c8bb55db2e84fca264b1421bfe060cb36e07fbf025a5f825bde808b31ad5f850,0.9520832805389658
dual_30s_joint_risk,19,inner_validation,inner_train,rmse_ratio,leave_one_view_out__fold01,False,True,leave_one_view_out__fold01__candidate_340,completed,response,c8bb55db2e84fca264b1421bfe060cb36e07fbf025a5f825bde808b31ad5f850,1.1923229952660273
dual_30s_joint_risk,19,inner_validation,inner_train,response_skill,leave_one_view_out__fold01,False,True,leave_one_view_out__fold01__candidate_340,completed,response,c8bb55db2e84fca264b1421bfe060cb36e07fbf025a5f825bde808b31ad5f850,-0.42163412504015096
dual_30s_joint_risk,19,inner_validation,inner_train,spearman,leave_one_view_out__fold01,False,True,leave_one_view_out__fold01__candidate_340,completed,response,c8bb55db2e84fca264b1421bfe060cb36e07fbf025a5f825bde808b31ad5f850,-0.21678321678321683
dual_30s_joint_risk,19,inner_validation,inner_train,auprc,leave_one_view_out__fold01,False,True,leave_one_view_out__fold01__candidate_340,completed,high_response,c8bb55db2e84fca264b1421bfe060cb36e07fbf025a5f825bde808b31ad5f850,0.5804421768707483
dual_30s_joint_risk,19,inner_validation,inner_train,prevalence,leave_one_view_out__fold01,False,True,leave_one_view_out__fold01__candidate_340,completed,high_response,c8bb55db2e84fca264b1421bfe060cb36e07fbf025a5f825bde808b31ad5f850,0.5833333333333334
dual_30s_joint_risk,19,inner_validation,inner_train,random_baseline_auprc,leave_one_view_out__fold01,False,True,leave_one_view_out__fold01__candidate_340,completed,high_response,c8bb55db2e84fca264b1421bfe060cb36e07fbf025a5f825bde808b31ad5f850,0.5833333333333334
dual_30s_joint_risk,19,inner_validation,inner_train,normalized_ap,leave_one_view_out__fold01,False,True,leave_one_view_out__fold01__candidate_340,completed,high_response,c8bb55db2e84fca264b1421bfe060cb36e07fbf025a5f825bde808b31ad5f850,-0.00693877551020421
dual_30s_joint_risk,19,inner_validation,inner_train,auprc_lift,leave_one_view_out__fold01,False,True,leave_one_view_out__fold01__candidate_340,completed,high_response,c8bb55db2e84fca264b1421bfe060cb36e07fbf025a5f825bde808b31ad5f850,-0.002891156462585087
dual_30s_joint_risk,19,inner_validation,inner_train,auroc,leave_one_view_out__fold01,False,True,leave_one_view_out__fold01__candidate_340,completed,high_response,c8bb55db2e84fca264b1421bfe060cb36e07fbf025a5f825bde808b31ad5f850,0.4857142857142857
dual_30s_joint_risk,19,inner_validation,inner_train,balanced_accuracy,leave_one_view_out__fold01,False,True,leave_one_view_out__fold01__candidate_340,completed,high_response,c8bb55db2e84fca264b1421bfe060cb36e07fbf025a5f825bde808b31ad5f850,0.4714285714285714
dual_30s_joint_risk,19,inner_validation,inner_train,macro_f1,leave_one_view_out__fold01,False,True,leave_one_view_out__fold01__candidate_327,completed,maneuver,ef23ad8b080593cb9c8caaa4a57c59a5dc23c5987cd8d56c0f61e753cf15435c,0.8222222222222223
dual_30s_joint_risk,19,inner_validation,inner_train,support_aware_macro_f1,leave_one_view_out__fold01,False,True,leave_one_view_out__fold01__candidate_327,completed,maneuver,ef23ad8b080593cb9c8caaa4a57c59a5dc23c5987cd8d56c0f61e753cf15435c,0.8222222222222223
dual_30s_joint_risk,19,inner_validation,inner_train,majority_macro_f1,leave_one_view_out__fold01,False,True,leave_one_view_out__fold01__candidate_327,completed,maneuver,ef23ad8b080593cb9c8caaa4a57c59a5dc23c5987cd8d56c0f61e753cf15435c,0.19607843137254902
dual_30s_joint_risk,19,inner_validation,inner_train,macro_f1_lift,leave_one_view_out__fold01,False,True,leave_one_view_out__fold01__candidate_327,completed,maneuver,ef23ad8b080593cb9c8caaa4a57c59a5dc23c5987cd8d56c0f61e753cf15435c,0.6261437908496733
dual_30s_joint_risk,19,inner_validation,inner_train,recall_low,leave_one_view_out__fold01,False,True,leave_one_view_out__fold01__candidate_327,completed,maneuver,ef23ad8b080593cb9c8caaa4a57c59a5dc23c5987cd8d56c0f61e753cf15435c,0.8
dual_30s_joint_risk,19,inner_validation,inner_train,recall_medium,leave_one_view_out__fold01,False,True,leave_one_view_out__fold01__candidate_327,completed,maneuver,ef23ad8b080593cb9c8caaa4a57c59a5dc23c5987cd8d56c0f61e753cf15435c,0.6666666666666666
dual_30s_joint_risk,19,inner_validation,inner_train,recall_high,leave_one_view_out__fold01,False,True,leave_one_view_out__fold01__candidate_327,completed,maneuver,ef23ad8b080593cb9c8caaa4a57c59a5dc23c5987cd8d56c0f61e753cf15435c,1.0
dual_30s_joint_risk,19,inner_validation,inner_train,minimum_class_recall,leave_one_view_out__fold01,False,True,leave_one_view_out__fold01__candidate_327,completed,maneuver,ef23ad8b080593cb9c8caaa4a57c59a5dc23c5987cd8d56c0f61e753cf15435c,0.6666666666666666
dual_30s_joint_risk,19,inner_validation,inner_train,ordinal_mae,leave_one_view_out__fold01,False,True,leave_one_view_out__fold01__candidate_327,completed,maneuver,ef23ad8b080593cb9c8caaa4a57c59a5dc23c5987cd8d56c0f61e753cf15435c,0.16666666666666666
dual_30s_joint_risk,19,inner_validation,inner_train,score_mae,leave_one_view_out__fold01,False,True,leave_one_view_out__fold01__candidate_327,completed,maneuver,ef23ad8b080593cb9c8caaa4a57c59a5dc23c5987cd8d56c0f61e753cf15435c,0.5823835566867986
dual_30s_joint_risk,19,inner_validation,inner_train,score_spearman,leave_one_view_out__fold01,False,True,leave_one_view_out__fold01__candidate_327,completed,maneuver,ef23ad8b080593cb9c8caaa4a57c59a5dc23c5987cd8d56c0f61e753cf15435c,0.8461538461538463
dual_30s_joint_risk,19,inner_validation,inner_train,rmse,leave_one_view_out__fold01,False,True,leave_one_view_out__fold01__candidate_327,completed,response,ef23ad8b080593cb9c8caaa4a57c59a5dc23c5987cd8d56c0f61e753cf15435c,1.1692309217881953
dual_30s_joint_risk,19,inner_validation,inner_train,mae,leave_one_view_out__fold01,False,True,leave_one_view_out__fold01__candidate_327,completed,response,ef23ad8b080593cb9c8caaa4a57c59a5dc23c5987cd8d56c0f61e753cf15435c,0.9849904121779453
dual_30s_joint_risk,19,inner_validation,inner_train,validation_std,leave_one_view_out__fold01,False,True,leave_one_view_out__fold01__candidate_327,completed,response,ef23ad8b080593cb9c8caaa4a57c59a5dc23c5987cd8d56c0f61e753cf15435c,0.7424450098311778
dual_30s_joint_risk,19,inner_validation,inner_train,validation_iqr,leave_one_view_out__fold01,False,True,leave_one_view_out__fold01__candidate_327,completed,response,ef23ad8b080593cb9c8caaa4a57c59a5dc23c5987cd8d56c0f61e753cf15435c,0.8094986823286678
dual_30s_joint_risk,19,inner_validation,inner_train,nrmse_std,leave_one_view_out__fold01,False,True,leave_one_view_out__fold01__candidate_327,completed,response,ef23ad8b080593cb9c8caaa4a57c59a5dc23c5987cd8d56c0f61e753cf15435c,1.5748384140315834
dual_30s_joint_risk,19,inner_validation,inner_train,nrmse_iqr,leave_one_view_out__fold01,False,True,leave_one_view_out__fold01__candidate_327,completed,response,ef23ad8b080593cb9c8caaa4a57c59a5dc23c5987cd8d56c0f61e753cf15435c,1.4443889129315113
dual_30s_joint_risk,19,inner_validation,inner_train,train_mean_baseline_rmse,leave_one_view_out__fold01,False,True,leave_one_view_out__fold01__candidate_327,completed,response,ef23ad8b080593cb9c8caaa4a57c59a5dc23c5987cd8d56c0f61e753cf15435c,0.9686999988458442
dual_30s_joint_risk,19,inner_validation,inner_train,rmse_ratio,leave_one_view_out__fold01,False,True,leave_one_view_out__fold01__candidate_327,completed,response,ef23ad8b080593cb9c8caaa4a57c59a5dc23c5987cd8d56c0f61e753cf15435c,1.2070103470437423
dual_30s_joint_risk,19,inner_validation,inner_train,response_skill,leave_one_view_out__fold01,False,True,leave_one_view_out__fold01__candidate_327,completed,response,ef23ad8b080593cb9c8caaa4a57c59a5dc23c5987cd8d56c0f61e753cf15435c,-0.45687397787065565
dual_30s_joint_risk,19,inner_validation,inner_train,spearman,leave_one_view_out__fold01,False,True,leave_one_view_out__fold01__candidate_327,completed,response,ef23ad8b080593cb9c8caaa4a57c59a5dc23c5987cd8d56c0f61e753cf15435c,0.18881118881118883
dual_30s_joint_risk,19,inner_validation,inner_train,auprc,leave_one_view_out__fold01,False,True,leave_one_view_out__fold01__candidate_327,completed,high_response,ef23ad8b080593cb9c8caaa4a57c59a5dc23c5987cd8d56c0f61e753cf15435c,0.6120535714285714
dual_30s_joint_risk,19,inner_validation,inner_train,prevalence,leave_one_view_out__fold01,False,True,leave_one_view_out__fold01__candidate_327,completed,high_response,ef23ad8b080593cb9c8caaa4a57c59a5dc23c5987cd8d56c0f61e753cf15435c,0.6666666666666666
dual_30s_joint_risk,19,inner_validation,inner_train,random_baseline_auprc,leave_one_view_out__fold01,False,True,leave_one_view_out__fold01__candidate_327,completed,high_response,ef23ad8b080593cb9c8caaa4a57c59a5dc23c5987cd8d56c0f61e753cf15435c,0.6666666666666666
dual_30s_joint_risk,19,inner_validation,inner_train,normalized_ap,leave_one_view_out__fold01,False,True,leave_one_view_out__fold01__candidate_327,completed,high_response,ef23ad8b080593cb9c8caaa4a57c59a5dc23c5987cd8d56c0f61e753cf15435c,-0.1638392857142856
dual_30s_joint_risk,19,inner_validation,inner_train,auprc_lift,leave_one_view_out__fold01,False,True,leave_one_view_out__fold01__candidate_327,completed,high_response,ef23ad8b080593cb9c8caaa4a57c59a5dc23c5987cd8d56c0f61e753cf15435c,-0.05461309523809521
dual_30s_joint_risk,19,inner_validation,inner_train,auroc,leave_one_view_out__fold01,False,True,leave_one_view_out__fold01__candidate_327,completed,high_response,ef23ad8b080593cb9c8caaa4a57c59a5dc23c5987cd8d56c0f61e753cf15435c,0.34375
dual_30s_joint_risk,19,inner_validation,inner_train,balanced_accuracy,leave_one_view_out__fold01,False,True,leave_one_view_out__fold01__candidate_327,completed,high_response,ef23ad8b080593cb9c8caaa4a57c59a5dc23c5987cd8d56c0f61e753cf15435c,0.5
fieldwise_physiology_30s,20,inner_validation,inner_train,macro_f1,leave_one_view_out__fold01,False,True,leave_one_view_out__fold01__candidate_339,completed,maneuver,d49030f301fc10972368913bbfc6141aa638775e23f48bc8ad0055d5e48293a1,0.07407407407407407
fieldwise_physiology_30s,20,inner_validation,inner_train,support_aware_macro_f1,leave_one_view_out__fold01,False,True,leave_one_view_out__fold01__candidate_339,completed,maneuver,d49030f301fc10972368913bbfc6141aa638775e23f48bc8ad0055d5e48293a1,0.07407407407407407
fieldwise_physiology_30s,20,inner_validation,inner_train,majority_macro_f1,leave_one_view_out__fold01,False,True,leave_one_view_out__fold01__candidate_339,completed,maneuver,d49030f301fc10972368913bbfc6141aa638775e23f48bc8ad0055d5e48293a1,0.16666666666666666
fieldwise_physiology_30s,20,inner_validation,inner_train,macro_f1_lift,leave_one_view_out__fold01,False,True,leave_one_view_out__fold01__candidate_339,completed,maneuver,d49030f301fc10972368913bbfc6141aa638775e23f48bc8ad0055d5e48293a1,-0.09259259259259259
fieldwise_physiology_30s,20,inner_validation,inner_train,recall_low,leave_one_view_out__fold01,False,True,leave_one_view_out__fold01__candidate_339,completed,maneuver,d49030f301fc10972368913bbfc6141aa638775e23f48bc8ad0055d5e48293a1,0.0
fieldwise_physiology_30s,20,inner_validation,inner_train,recall_medium,leave_one_view_out__fold01,False,True,leave_one_view_out__fold01__candidate_339,completed,maneuver,d49030f301fc10972368913bbfc6141aa638775e23f48bc8ad0055d5e48293a1,0.25
fieldwise_physiology_30s,20,inner_validation,inner_train,recall_high,leave_one_view_out__fold01,False,True,leave_one_view_out__fold01__candidate_339,completed,maneuver,d49030f301fc10972368913bbfc6141aa638775e23f48bc8ad0055d5e48293a1,0.0
fieldwise_physiology_30s,20,inner_validation,inner_train,minimum_class_recall,leave_one_view_out__fold01,False,True,leave_one_view_out__fold01__candidate_339,completed,maneuver,d49030f301fc10972368913bbfc6141aa638775e23f48bc8ad0055d5e48293a1,0.0
fieldwise_physiology_30s,20,inner_validation,inner_train,ordinal_mae,leave_one_view_out__fold01,False,True,leave_one_view_out__fold01__candidate_339,completed,maneuver,d49030f301fc10972368913bbfc6141aa638775e23f48bc8ad0055d5e48293a1,1.25
fieldwise_physiology_30s,20,inner_validation,inner_train,score_mae,leave_one_view_out__fold01,False,True,leave_one_view_out__fold01__candidate_339,completed,maneuver,d49030f301fc10972368913bbfc6141aa638775e23f48bc8ad0055d5e48293a1,1.4102683380736616
fieldwise_physiology_30s,20,inner_validation,inner_train,score_spearman,leave_one_view_out__fold01,False,True,leave_one_view_out__fold01__candidate_339,completed,maneuver,d49030f301fc10972368913bbfc6141aa638775e23f48bc8ad0055d5e48293a1,-0.6433566433566434
fieldwise_physiology_30s,20,inner_validation,inner_train,rmse,leave_one_view_out__fold01,False,True,leave_one_view_out__fold01__candidate_339,completed,response,d49030f301fc10972368913bbfc6141aa638775e23f48bc8ad0055d5e48293a1,1.6431278100432365
fieldwise_physiology_30s,20,inner_validation,inner_train,mae,leave_one_view_out__fold01,False,True,leave_one_view_out__fold01__candidate_339,completed,response,d49030f301fc10972368913bbfc6141aa638775e23f48bc8ad0055d5e48293a1,1.2963177599764146
fieldwise_physiology_30s,20,inner_validation,inner_train,validation_std,leave_one_view_out__fold01,False,True,leave_one_view_out__fold01__candidate_339,completed,response,d49030f301fc10972368913bbfc6141aa638775e23f48bc8ad0055d5e48293a1,0.9229823964743179
fieldwise_physiology_30s,20,inner_validation,inner_train,validation_iqr,leave_one_view_out__fold01,False,True,leave_one_view_out__fold01__candidate_339,completed,response,d49030f301fc10972368913bbfc6141aa638775e23f48bc8ad0055d5e48293a1,1.5375502327333572
fieldwise_physiology_30s,20,inner_validation,inner_train,nrmse_std,leave_one_view_out__fold01,False,True,leave_one_view_out__fold01__candidate_339,completed,response,d49030f301fc10972368913bbfc6141aa638775e23f48bc8ad0055d5e48293a1,1.7802374306593363
fieldwise_physiology_30s,20,inner_validation,inner_train,nrmse_iqr,leave_one_view_out__fold01,False,True,leave_one_view_out__fold01__candidate_339,completed,response,d49030f301fc10972368913bbfc6141aa638775e23f48bc8ad0055d5e48293a1,1.068666099527812
fieldwise_physiology_30s,20,inner_validation,inner_train,train_mean_baseline_rmse,leave_one_view_out__fold01,False,True,leave_one_view_out__fold01__candidate_339,completed,response,d49030f301fc10972368913bbfc6141aa638775e23f48bc8ad0055d5e48293a1,1.2411261006308119
fieldwise_physiology_30s,20,inner_validation,inner_train,rmse_ratio,leave_one_view_out__fold01,False,True,leave_one_view_out__fold01__candidate_339,completed,response,d49030f301fc10972368913bbfc6141aa638775e23f48bc8ad0055d5e48293a1,1.3239007778565806
fieldwise_physiology_30s,20,inner_validation,inner_train,response_skill,leave_one_view_out__fold01,False,True,leave_one_view_out__fold01__candidate_339,completed,response,d49030f301fc10972368913bbfc6141aa638775e23f48bc8ad0055d5e48293a1,-0.7527132696092593
fieldwise_physiology_30s,20,inner_validation,inner_train,spearman,leave_one_view_out__fold01,False,True,leave_one_view_out__fold01__candidate_339,completed,response,d49030f301fc10972368913bbfc6141aa638775e23f48bc8ad0055d5e48293a1,-0.39860139860139865
fieldwise_physiology_30s,20,inner_validation,inner_train,auprc,leave_one_view_out__fold01,False,True,leave_one_view_out__fold01__candidate_339,completed,high_response,d49030f301fc10972368913bbfc6141aa638775e23f48bc8ad0055d5e48293a1,0.6808351370851371
fieldwise_physiology_30s,20,inner_validation,inner_train,prevalence,leave_one_view_out__fold01,False,True,leave_one_view_out__fold01__candidate_339,completed,high_response,d49030f301fc10972368913bbfc6141aa638775e23f48bc8ad0055d5e48293a1,0.6666666666666666
fieldwise_physiology_30s,20,inner_validation,inner_train,random_baseline_auprc,leave_one_view_out__fold01,False,True,leave_one_view_out__fold01__candidate_339,completed,high_response,d49030f301fc10972368913bbfc6141aa638775e23f48bc8ad0055d5e48293a1,0.6666666666666666
fieldwise_physiology_30s,20,inner_validation,inner_train,normalized_ap,leave_one_view_out__fold01,False,True,leave_one_view_out__fold01__candidate_339,completed,high_response,d49030f301fc10972368913bbfc6141aa638775e23f48bc8ad0055d5e48293a1,0.0425054112554114
fieldwise_physiology_30s,20,inner_validation,inner_train,auprc_lift,leave_one_view_out__fold01,False,True,leave_one_view_out__fold01__candidate_339,completed,high_response,d49030f301fc10972368913bbfc6141aa638775e23f48bc8ad0055d5e48293a1,0.014168470418470469
fieldwise_physiology_30s,20,inner_validation,inner_train,auroc,leave_one_view_out__fold01,False,True,leave_one_view_out__fold01__candidate_339,completed,high_response,d49030f301fc10972368913bbfc6141aa638775e23f48bc8ad0055d5e48293a1,0.34375
fieldwise_physiology_30s,20,inner_validation,inner_train,balanced_accuracy,leave_one_view_out__fold01,False,True,leave_one_view_out__fold01__candidate_339,completed,high_response,d49030f301fc10972368913bbfc6141aa638775e23f48bc8ad0055d5e48293a1,0.5
fieldwise_physiology_30s,20,inner_validation,inner_train,macro_f1,leave_one_view_out__fold01,False,True,leave_one_view_out__fold01__candidate_353,completed,maneuver,f1ddae33af89bc208d97290f0e03c19c4d93c0cd3b4e08a59452657e405013ac,0.41111111111111115
fieldwise_physiology_30s,20,inner_validation,inner_train,support_aware_macro_f1,leave_one_view_out__fold01,False,True,leave_one_view_out__fold01__candidate_353,completed,maneuver,f1ddae33af89bc208d97290f0e03c19c4d93c0cd3b4e08a59452657e405013ac,0.41111111111111115
fieldwise_physiology_30s,20,inner_validation,inner_train,majority_macro_f1,leave_one_view_out__fold01,False,True,leave_one_view_out__fold01__candidate_353,completed,maneuver,f1ddae33af89bc208d97290f0e03c19c4d93c0cd3b4e08a59452657e405013ac,0.13333333333333333
fieldwise_physiology_30s,20,inner_validation,inner_train,macro_f1_lift,leave_one_view_out__fold01,False,True,leave_one_view_out__fold01__candidate_353,completed,maneuver,f1ddae33af89bc208d97290f0e03c19c4d93c0cd3b4e08a59452657e405013ac,0.2777777777777778
fieldwise_physiology_30s,20,inner_validation,inner_train,recall_low,leave_one_view_out__fold01,False,True,leave_one_view_out__fold01__candidate_353,completed,maneuver,f1ddae33af89bc208d97290f0e03c19c4d93c0cd3b4e08a59452657e405013ac,0.6666666666666666
fieldwise_physiology_30s,20,inner_validation,inner_train,recall_medium,leave_one_view_out__fold01,False,True,leave_one_view_out__fold01__candidate_353,completed,maneuver,f1ddae33af89bc208d97290f0e03c19c4d93c0cd3b4e08a59452657e405013ac,0.5
fieldwise_physiology_30s,20,inner_validation,inner_train,recall_high,leave_one_view_out__fold01,False,True,leave_one_view_out__fold01__candidate_353,completed,maneuver,f1ddae33af89bc208d97290f0e03c19c4d93c0cd3b4e08a59452657e405013ac,0.2
fieldwise_physiology_30s,20,inner_validation,inner_train,minimum_class_recall,leave_one_view_out__fold01,False,True,leave_one_view_out__fold01__candidate_353,completed,maneuver,f1ddae33af89bc208d97290f0e03c19c4d93c0cd3b4e08a59452657e405013ac,0.2
fieldwise_physiology_30s,20,inner_validation,inner_train,ordinal_mae,leave_one_view_out__fold01,False,True,leave_one_view_out__fold01__candidate_353,completed,maneuver,f1ddae33af89bc208d97290f0e03c19c4d93c0cd3b4e08a59452657e405013ac,0.6666666666666666
fieldwise_physiology_30s,20,inner_validation,inner_train,score_mae,leave_one_view_out__fold01,False,True,leave_one_view_out__fold01__candidate_353,completed,maneuver,f1ddae33af89bc208d97290f0e03c19c4d93c0cd3b4e08a59452657e405013ac,0.7707672501471293
fieldwise_physiology_30s,20,inner_validation,inner_train,score_spearman,leave_one_view_out__fold01,False,True,leave_one_view_out__fold01__candidate_353,completed,maneuver,f1ddae33af89bc208d97290f0e03c19c4d93c0cd3b4e08a59452657e405013ac,0.6573426573426573
fieldwise_physiology_30s,20,inner_validation,inner_train,rmse,leave_one_view_out__fold01,False,True,leave_one_view_out__fold01__candidate_353,completed,response,f1ddae33af89bc208d97290f0e03c19c4d93c0cd3b4e08a59452657e405013ac,1.34394895906254
fieldwise_physiology_30s,20,inner_validation,inner_train,mae,leave_one_view_out__fold01,False,True,leave_one_view_out__fold01__candidate_353,completed,response,f1ddae33af89bc208d97290f0e03c19c4d93c0cd3b4e08a59452657e405013ac,1.0700212451977513
fieldwise_physiology_30s,20,inner_validation,inner_train,validation_std,leave_one_view_out__fold01,False,True,leave_one_view_out__fold01__candidate_353,completed,response,f1ddae33af89bc208d97290f0e03c19c4d93c0cd3b4e08a59452657e405013ac,0.8091453454981316
fieldwise_physiology_30s,20,inner_validation,inner_train,validation_iqr,leave_one_view_out__fold01,False,True,leave_one_view_out__fold01__candidate_353,completed,response,f1ddae33af89bc208d97290f0e03c19c4d93c0cd3b4e08a59452657e405013ac,1.218839946496964
fieldwise_physiology_30s,20,inner_validation,inner_train,nrmse_std,leave_one_view_out__fold01,False,True,leave_one_view_out__fold01__candidate_353,completed,response,f1ddae33af89bc208d97290f0e03c19c4d93c0cd3b4e08a59452657e405013ac,1.6609487609857894
fieldwise_physiology_30s,20,inner_validation,inner_train,nrmse_iqr,leave_one_view_out__fold01,False,True,leave_one_view_out__fold01__candidate_353,completed,response,f1ddae33af89bc208d97290f0e03c19c4d93c0cd3b4e08a59452657e405013ac,1.1026459732675717
fieldwise_physiology_30s,20,inner_validation,inner_train,train_mean_baseline_rmse,leave_one_view_out__fold01,False,True,leave_one_view_out__fold01__candidate_353,completed,response,f1ddae33af89bc208d97290f0e03c19c4d93c0cd3b4e08a59452657e405013ac,0.9551898219217477
fieldwise_physiology_30s,20,inner_validation,inner_train,rmse_ratio,leave_one_view_out__fold01,False,True,leave_one_view_out__fold01__candidate_353,completed,response,f1ddae33af89bc208d97290f0e03c19c4d93c0cd3b4e08a59452657e405013ac,1.4069967332342876
fieldwise_physiology_30s,20,inner_validation,inner_train,response_skill,leave_one_view_out__fold01,False,True,leave_one_view_out__fold01__candidate_353,completed,response,f1ddae33af89bc208d97290f0e03c19c4d93c0cd3b4e08a59452657e405013ac,-0.979639807331957
fieldwise_physiology_30s,20,inner_validation,inner_train,spearman,leave_one_view_out__fold01,False,True,leave_one_view_out__fold01__candidate_353,completed,response,f1ddae33af89bc208d97290f0e03c19c4d93c0cd3b4e08a59452657e405013ac,-0.14685314685314685
fieldwise_physiology_30s,20,inner_validation,inner_train,auprc,leave_one_view_out__fold01,False,True,leave_one_view_out__fold01__candidate_353,completed,high_response,f1ddae33af89bc208d97290f0e03c19c4d93c0cd3b4e08a59452657e405013ac,0.4027272727272727
fieldwise_physiology_30s,20,inner_validation,inner_train,prevalence,leave_one_view_out__fold01,False,True,leave_one_view_out__fold01__candidate_353,completed,high_response,f1ddae33af89bc208d97290f0e03c19c4d93c0cd3b4e08a59452657e405013ac,0.4166666666666667
fieldwise_physiology_30s,20,inner_validation,inner_train,random_baseline_auprc,leave_one_view_out__fold01,False,True,leave_one_view_out__fold01__candidate_353,completed,high_response,f1ddae33af89bc208d97290f0e03c19c4d93c0cd3b4e08a59452657e405013ac,0.4166666666666667
fieldwise_physiology_30s,20,inner_validation,inner_train,normalized_ap,leave_one_view_out__fold01,False,True,leave_one_view_out__fold01__candidate_353,completed,high_response,f1ddae33af89bc208d97290f0e03c19c4d93c0cd3b4e08a59452657e405013ac,-0.023896103896103957
fieldwise_physiology_30s,20,inner_validation,inner_train,auprc_lift,leave_one_view_out__fold01,False,True,leave_one_view_out__fold01__candidate_353,completed,high_response,f1ddae33af89bc208d97290f0e03c19c4d93c0cd3b4e08a59452657e405013ac,-0.013939393939393974
fieldwise_physiology_30s,20,inner_validation,inner_train,auroc,leave_one_view_out__fold01,False,True,leave_one_view_out__fold01__candidate_353,completed,high_response,f1ddae33af89bc208d97290f0e03c19c4d93c0cd3b4e08a59452657e405013ac,0.3714285714285714
fieldwise_physiology_30s,20,inner_validation,inner_train,balanced_accuracy,leave_one_view_out__fold01,False,True,leave_one_view_out__fold01__candidate_353,completed,high_response,f1ddae33af89bc208d97290f0e03c19c4d93c0cd3b4e08a59452657e405013ac,0.5
fieldwise_physiology_30s,20,inner_validation,inner_train,macro_f1,leave_one_view_out__fold02,False,True,leave_one_view_out__fold02__candidate_328,completed,maneuver,76857c61556d36c9eb8d7060ea53eb10f2e65e3f7b2a4854ab4c6016248a0b48,0.17857142857142858
fieldwise_physiology_30s,20,inner_validation,inner_train,support_aware_macro_f1,leave_one_view_out__fold02,False,True,leave_one_view_out__fold02__candidate_328,completed,maneuver,76857c61556d36c9eb8d7060ea53eb10f2e65e3f7b2a4854ab4c6016248a0b48,0.17857142857142858
fieldwise_physiology_30s,20,inner_validation,inner_train,majority_macro_f1,leave_one_view_out__fold02,False,True,leave_one_view_out__fold02__candidate_328,completed,maneuver,76857c61556d36c9eb8d7060ea53eb10f2e65e3f7b2a4854ab4c6016248a0b48,0.19607843137254902
fieldwise_physiology_30s,20,inner_validation,inner_train,macro_f1_lift,leave_one_view_out__fold02,False,True,leave_one_view_out__fold02__candidate_328,completed,maneuver,76857c61556d36c9eb8d7060ea53eb10f2e65e3f7b2a4854ab4c6016248a0b48,-0.01750700280112044
fieldwise_physiology_30s,20,inner_validation,inner_train,recall_low,leave_one_view_out__fold02,False,True,leave_one_view_out__fold02__candidate_328,completed,maneuver,76857c61556d36c9eb8d7060ea53eb10f2e65e3f7b2a4854ab4c6016248a0b48,0.2
fieldwise_physiology_30s,20,inner_validation,inner_train,recall_medium,leave_one_view_out__fold02,False,True,leave_one_view_out__fold02__candidate_328,completed,maneuver,76857c61556d36c9eb8d7060ea53eb10f2e65e3f7b2a4854ab4c6016248a0b48,0.25
fieldwise_physiology_30s,20,inner_validation,inner_train,recall_high,leave_one_view_out__fold02,False,True,leave_one_view_out__fold02__candidate_328,completed,maneuver,76857c61556d36c9eb8d7060ea53eb10f2e65e3f7b2a4854ab4c6016248a0b48,0.0
fieldwise_physiology_30s,20,inner_validation,inner_train,minimum_class_recall,leave_one_view_out__fold02,False,True,leave_one_view_out__fold02__candidate_328,completed,maneuver,76857c61556d36c9eb8d7060ea53eb10f2e65e3f7b2a4854ab4c6016248a0b48,0.0
fieldwise_physiology_30s,20,inner_validation,inner_train,ordinal_mae,leave_one_view_out__fold02,False,True,leave_one_view_out__fold02__candidate_328,completed,maneuver,76857c61556d36c9eb8d7060ea53eb10f2e65e3f7b2a4854ab4c6016248a0b48,1.1666666666666667
fieldwise_physiology_30s,20,inner_validation,inner_train,score_mae,leave_one_view_out__fold02,False,True,leave_one_view_out__fold02__candidate_328,completed,maneuver,76857c61556d36c9eb8d7060ea53eb10f2e65e3f7b2a4854ab4c6016248a0b48,1.1663526441226606
fieldwise_physiology_30s,20,inner_validation,inner_train,score_spearman,leave_one_view_out__fold02,False,True,leave_one_view_out__fold02__candidate_328,completed,maneuver,76857c61556d36c9eb8d7060ea53eb10f2e65e3f7b2a4854ab4c6016248a0b48,-0.2517482517482518
fieldwise_physiology_30s,20,inner_validation,inner_train,rmse,leave_one_view_out__fold02,False,True,leave_one_view_out__fold02__candidate_328,completed,response,76857c61556d36c9eb8d7060ea53eb10f2e65e3f7b2a4854ab4c6016248a0b48,1.2461893526022747
fieldwise_physiology_30s,20,inner_validation,inner_train,mae,leave_one_view_out__fold02,False,True,leave_one_view_out__fold02__candidate_328,completed,response,76857c61556d36c9eb8d7060ea53eb10f2e65e3f7b2a4854ab4c6016248a0b48,1.0385449991250135
fieldwise_physiology_30s,20,inner_validation,inner_train,validation_std,leave_one_view_out__fold02,False,True,leave_one_view_out__fold02__candidate_328,completed,response,76857c61556d36c9eb8d7060ea53eb10f2e65e3f7b2a4854ab4c6016248a0b48,0.6661100828266592
fieldwise_physiology_30s,20,inner_validation,inner_train,validation_iqr,leave_one_view_out__fold02,False,True,leave_one_view_out__fold02__candidate_328,completed,response,76857c61556d36c9eb8d7060ea53eb10f2e65e3f7b2a4854ab4c6016248a0b48,0.8168154939282022
fieldwise_physiology_30s,20,inner_validation,inner_train,nrmse_std,leave_one_view_out__fold02,False,True,leave_one_view_out__fold02__candidate_328,completed,response,76857c61556d36c9eb8d7060ea53eb10f2e65e3f7b2a4854ab4c6016248a0b48,1.8708459528401533
fieldwise_physiology_30s,20,inner_validation,inner_train,nrmse_iqr,leave_one_view_out__fold02,False,True,leave_one_view_out__fold02__candidate_328,completed,response,76857c61556d36c9eb8d7060ea53eb10f2e65e3f7b2a4854ab4c6016248a0b48,1.5256681121573024
fieldwise_physiology_30s,20,inner_validation,inner_train,train_mean_baseline_rmse,leave_one_view_out__fold02,False,True,leave_one_view_out__fold02__candidate_328,completed,response,76857c61556d36c9eb8d7060ea53eb10f2e65e3f7b2a4854ab4c6016248a0b48,0.760282844198373
fieldwise_physiology_30s,20,inner_validation,inner_train,rmse_ratio,leave_one_view_out__fold02,False,True,leave_one_view_out__fold02__candidate_328,completed,response,76857c61556d36c9eb8d7060ea53eb10f2e65e3f7b2a4854ab4c6016248a0b48,1.6391128145423717
fieldwise_physiology_30s,20,inner_validation,inner_train,response_skill,leave_one_view_out__fold02,False,True,leave_one_view_out__fold02__candidate_328,completed,response,76857c61556d36c9eb8d7060ea53eb10f2e65e3f7b2a4854ab4c6016248a0b48,-1.686690818797015
fieldwise_physiology_30s,20,inner_validation,inner_train,spearman,leave_one_view_out__fold02,False,True,leave_one_view_out__fold02__candidate_328,completed,response,76857c61556d36c9eb8d7060ea53eb10f2e65e3f7b2a4854ab4c6016248a0b48,-0.17482517482517487
fieldwise_physiology_30s,20,inner_validation,inner_train,auprc,leave_one_view_out__fold02,False,True,leave_one_view_out__fold02__candidate_328,completed,high_response,76857c61556d36c9eb8d7060ea53eb10f2e65e3f7b2a4854ab4c6016248a0b48,0.6242424242424243
fieldwise_physiology_30s,20,inner_validation,inner_train,prevalence,leave_one_view_out__fold02,False,True,leave_one_view_out__fold02__candidate_328,completed,high_response,76857c61556d36c9eb8d7060ea53eb10f2e65e3f7b2a4854ab4c6016248a0b48,0.4166666666666667
fieldwise_physiology_30s,20,inner_validation,inner_train,random_baseline_auprc,leave_one_view_out__fold02,False,True,leave_one_view_out__fold02__candidate_328,completed,high_response,76857c61556d36c9eb8d7060ea53eb10f2e65e3f7b2a4854ab4c6016248a0b48,0.4166666666666667
fieldwise_physiology_30s,20,inner_validation,inner_train,normalized_ap,leave_one_view_out__fold02,False,True,leave_one_view_out__fold02__candidate_328,completed,high_response,76857c61556d36c9eb8d7060ea53eb10f2e65e3f7b2a4854ab4c6016248a0b48,0.3558441558441559
fieldwise_physiology_30s,20,inner_validation,inner_train,auprc_lift,leave_one_view_out__fold02,False,True,leave_one_view_out__fold02__candidate_328,completed,high_response,76857c61556d36c9eb8d7060ea53eb10f2e65e3f7b2a4854ab4c6016248a0b48,0.20757575757575758
fieldwise_physiology_30s,20,inner_validation,inner_train,auroc,leave_one_view_out__fold02,False,True,leave_one_view_out__fold02__candidate_328,completed,high_response,76857c61556d36c9eb8d7060ea53eb10f2e65e3f7b2a4854ab4c6016248a0b48,0.5714285714285714
fieldwise_physiology_30s,20,inner_validation,inner_train,balanced_accuracy,leave_one_view_out__fold02,False,True,leave_one_view_out__fold02__candidate_328,completed,high_response,76857c61556d36c9eb8d7060ea53eb10f2e65e3f7b2a4854ab4c6016248a0b48,0.5285714285714286
fieldwise_physiology_30s,20,inner_validation,inner_train,macro_f1,leave_one_view_out__fold02,False,True,leave_one_view_out__fold02__candidate_329,completed,maneuver,09bd96f3f28027930e21282cb6cb1e34c79cb76197a270c426bd70e119d43e13,0.06060606060606061
fieldwise_physiology_30s,20,inner_validation,inner_train,support_aware_macro_f1,leave_one_view_out__fold02,False,True,leave_one_view_out__fold02__candidate_329,completed,maneuver,09bd96f3f28027930e21282cb6cb1e34c79cb76197a270c426bd70e119d43e13,0.06060606060606061
fieldwise_physiology_30s,20,inner_validation,inner_train,majority_macro_f1,leave_one_view_out__fold02,False,True,leave_one_view_out__fold02__candidate_329,completed,maneuver,09bd96f3f28027930e21282cb6cb1e34c79cb76197a270c426bd70e119d43e13,0.13333333333333333
fieldwise_physiology_30s,20,inner_validation,inner_train,macro_f1_lift,leave_one_view_out__fold02,False,True,leave_one_view_out__fold02__candidate_329,completed,maneuver,09bd96f3f28027930e21282cb6cb1e34c79cb76197a270c426bd70e119d43e13,-0.07272727272727272
fieldwise_physiology_30s,20,inner_validation,inner_train,recall_low,leave_one_view_out__fold02,False,True,leave_one_view_out__fold02__candidate_329,completed,maneuver,09bd96f3f28027930e21282cb6cb1e34c79cb76197a270c426bd70e119d43e13,0.0
fieldwise_physiology_30s,20,inner_validation,inner_train,recall_medium,leave_one_view_out__fold02,False,True,leave_one_view_out__fold02__candidate_329,completed,maneuver,09bd96f3f28027930e21282cb6cb1e34c79cb76197a270c426bd70e119d43e13,0.0
fieldwise_physiology_30s,20,inner_validation,inner_train,recall_high,leave_one_view_out__fold02,False,True,leave_one_view_out__fold02__candidate_329,completed,maneuver,09bd96f3f28027930e21282cb6cb1e34c79cb76197a270c426bd70e119d43e13,0.2
fieldwise_physiology_30s,20,inner_validation,inner_train,minimum_class_recall,leave_one_view_out__fold02,False,True,leave_one_view_out__fold02__candidate_329,completed,maneuver,09bd96f3f28027930e21282cb6cb1e34c79cb76197a270c426bd70e119d43e13,0.0
fieldwise_physiology_30s,20,inner_validation,inner_train,ordinal_mae,leave_one_view_out__fold02,False,True,leave_one_view_out__fold02__candidate_329,completed,maneuver,09bd96f3f28027930e21282cb6cb1e34c79cb76197a270c426bd70e119d43e13,1.25
fieldwise_physiology_30s,20,inner_validation,inner_train,score_mae,leave_one_view_out__fold02,False,True,leave_one_view_out__fold02__candidate_329,completed,maneuver,09bd96f3f28027930e21282cb6cb1e34c79cb76197a270c426bd70e119d43e13,1.3251779536574293
fieldwise_physiology_30s,20,inner_validation,inner_train,score_spearman,leave_one_view_out__fold02,False,True,leave_one_view_out__fold02__candidate_329,completed,maneuver,09bd96f3f28027930e21282cb6cb1e34c79cb76197a270c426bd70e119d43e13,-0.2377622377622378
fieldwise_physiology_30s,20,inner_validation,inner_train,rmse,leave_one_view_out__fold02,False,True,leave_one_view_out__fold02__candidate_329,completed,response,09bd96f3f28027930e21282cb6cb1e34c79cb76197a270c426bd70e119d43e13,1.11678532383287
fieldwise_physiology_30s,20,inner_validation,inner_train,mae,leave_one_view_out__fold02,False,True,leave_one_view_out__fold02__candidate_329,completed,response,09bd96f3f28027930e21282cb6cb1e34c79cb76197a270c426bd70e119d43e13,0.8749016132512697
fieldwise_physiology_30s,20,inner_validation,inner_train,validation_std,leave_one_view_out__fold02,False,True,leave_one_view_out__fold02__candidate_329,completed,response,09bd96f3f28027930e21282cb6cb1e34c79cb76197a270c426bd70e119d43e13,0.7444107826338696
fieldwise_physiology_30s,20,inner_validation,inner_train,validation_iqr,leave_one_view_out__fold02,False,True,leave_one_view_out__fold02__candidate_329,completed,response,09bd96f3f28027930e21282cb6cb1e34c79cb76197a270c426bd70e119d43e13,1.126261329695373
fieldwise_physiology_30s,20,inner_validation,inner_train,nrmse_std,leave_one_view_out__fold02,False,True,leave_one_view_out__fold02__candidate_329,completed,response,09bd96f3f28027930e21282cb6cb1e34c79cb76197a270c426bd70e119d43e13,1.5002272265340746
fieldwise_physiology_30s,20,inner_validation,inner_train,nrmse_iqr,leave_one_view_out__fold02,False,True,leave_one_view_out__fold02__candidate_329,completed,response,09bd96f3f28027930e21282cb6cb1e34c79cb76197a270c426bd70e119d43e13,0.9915863169473589
fieldwise_physiology_30s,20,inner_validation,inner_train,train_mean_baseline_rmse,leave_one_view_out__fold02,False,True,leave_one_view_out__fold02__candidate_329,completed,response,09bd96f3f28027930e21282cb6cb1e34c79cb76197a270c426bd70e119d43e13,0.7887754436917268
fieldwise_physiology_30s,20,inner_validation,inner_train,rmse_ratio,leave_one_view_out__fold02,False,True,leave_one_view_out__fold02__candidate_329,completed,response,09bd96f3f28027930e21282cb6cb1e34c79cb76197a270c426bd70e119d43e13,1.415846972372707
fieldwise_physiology_30s,20,inner_validation,inner_train,response_skill,leave_one_view_out__fold02,False,True,leave_one_view_out__fold02__candidate_329,completed,response,09bd96f3f28027930e21282cb6cb1e34c79cb76197a270c426bd70e119d43e13,-1.0046226491769605
fieldwise_physiology_30s,20,inner_validation,inner_train,spearman,leave_one_view_out__fold02,False,True,leave_one_view_out__fold02__candidate_329,completed,response,09bd96f3f28027930e21282cb6cb1e34c79cb76197a270c426bd70e119d43e13,0.23076923076923078
fieldwise_physiology_30s,20,inner_validation,inner_train,auprc,leave_one_view_out__fold02,False,True,leave_one_view_out__fold02__candidate_329,completed,high_response,09bd96f3f28027930e21282cb6cb1e34c79cb76197a270c426bd70e119d43e13,0.650952380952381
fieldwise_physiology_30s,20,inner_validation,inner_train,prevalence,leave_one_view_out__fold02,False,True,leave_one_view_out__fold02__candidate_329,completed,high_response,09bd96f3f28027930e21282cb6cb1e34c79cb76197a270c426bd70e119d43e13,0.4166666666666667
fieldwise_physiology_30s,20,inner_validation,inner_train,random_baseline_auprc,leave_one_view_out__fold02,False,True,leave_one_view_out__fold02__candidate_329,completed,high_response,09bd96f3f28027930e21282cb6cb1e34c79cb76197a270c426bd70e119d43e13,0.4166666666666667
fieldwise_physiology_30s,20,inner_validation,inner_train,normalized_ap,leave_one_view_out__fold02,False,True,leave_one_view_out__fold02__candidate_329,completed,high_response,09bd96f3f28027930e21282cb6cb1e34c79cb76197a270c426bd70e119d43e13,0.4016326530612245
fieldwise_physiology_30s,20,inner_validation,inner_train,auprc_lift,leave_one_view_out__fold02,False,True,leave_one_view_out__fold02__candidate_329,completed,high_response,09bd96f3f28027930e21282cb6cb1e34c79cb76197a270c426bd70e119d43e13,0.23428571428571426
fieldwise_physiology_30s,20,inner_validation,inner_train,auroc,leave_one_view_out__fold02,False,True,leave_one_view_out__fold02__candidate_329,completed,high_response,09bd96f3f28027930e21282cb6cb1e34c79cb76197a270c426bd70e119d43e13,0.6285714285714286
fieldwise_physiology_30s,20,inner_validation,inner_train,balanced_accuracy,leave_one_view_out__fold02,False,True,leave_one_view_out__fold02__candidate_329,completed,high_response,09bd96f3f28027930e21282cb6cb1e34c79cb76197a270c426bd70e119d43e13,0.5571428571428572
fieldwise_physiology_30s,20,inner_validation,inner_train,macro_f1,leave_one_view_out__fold01,False,True,leave_one_view_out__fold01__candidate_340,completed,maneuver,c8bb55db2e84fca264b1421bfe060cb36e07fbf025a5f825bde808b31ad5f850,0.05555555555555555
fieldwise_physiology_30s,20,inner_validation,inner_train,support_aware_macro_f1,leave_one_view_out__fold01,False,True,leave_one_view_out__fold01__candidate_340,completed,maneuver,c8bb55db2e84fca264b1421bfe060cb36e07fbf025a5f825bde808b31ad5f850,0.05555555555555555
fieldwise_physiology_30s,20,inner_validation,inner_train,majority_macro_f1,leave_one_view_out__fold01,False,True,leave_one_view_out__fold01__candidate_340,completed,maneuver,c8bb55db2e84fca264b1421bfe060cb36e07fbf025a5f825bde808b31ad5f850,0.13333333333333333
fieldwise_physiology_30s,20,inner_validation,inner_train,macro_f1_lift,leave_one_view_out__fold01,False,True,leave_one_view_out__fold01__candidate_340,completed,maneuver,c8bb55db2e84fca264b1421bfe060cb36e07fbf025a5f825bde808b31ad5f850,-0.07777777777777778
fieldwise_physiology_30s,20,inner_validation,inner_train,recall_low,leave_one_view_out__fold01,False,True,leave_one_view_out__fold01__candidate_340,completed,maneuver,c8bb55db2e84fca264b1421bfe060cb36e07fbf025a5f825bde808b31ad5f850,0.0
fieldwise_physiology_30s,20,inner_validation,inner_train,recall_medium,leave_one_view_out__fold01,False,True,leave_one_view_out__fold01__candidate_340,completed,maneuver,c8bb55db2e84fca264b1421bfe060cb36e07fbf025a5f825bde808b31ad5f850,0.25
fieldwise_physiology_30s,20,inner_validation,inner_train,recall_high,leave_one_view_out__fold01,False,True,leave_one_view_out__fold01__candidate_340,completed,maneuver,c8bb55db2e84fca264b1421bfe060cb36e07fbf025a5f825bde808b31ad5f850,0.0
fieldwise_physiology_30s,20,inner_validation,inner_train,minimum_class_recall,leave_one_view_out__fold01,False,True,leave_one_view_out__fold01__candidate_340,completed,maneuver,c8bb55db2e84fca264b1421bfe060cb36e07fbf025a5f825bde808b31ad5f850,0.0
fieldwise_physiology_30s,20,inner_validation,inner_train,ordinal_mae,leave_one_view_out__fold01,False,True,leave_one_view_out__fold01__candidate_340,completed,maneuver,c8bb55db2e84fca264b1421bfe060cb36e07fbf025a5f825bde808b31ad5f850,1.0
fieldwise_physiology_30s,20,inner_validation,inner_train,score_mae,leave_one_view_out__fold01,False,True,leave_one_view_out__fold01__candidate_340,completed,maneuver,c8bb55db2e84fca264b1421bfe060cb36e07fbf025a5f825bde808b31ad5f850,1.2501326054172452
fieldwise_physiology_30s,20,inner_validation,inner_train,score_spearman,leave_one_view_out__fold01,False,True,leave_one_view_out__fold01__candidate_340,completed,maneuver,c8bb55db2e84fca264b1421bfe060cb36e07fbf025a5f825bde808b31ad5f850,-0.6013986013986015
fieldwise_physiology_30s,20,inner_validation,inner_train,rmse,leave_one_view_out__fold01,False,True,leave_one_view_out__fold01__candidate_340,completed,response,c8bb55db2e84fca264b1421bfe060cb36e07fbf025a5f825bde808b31ad5f850,1.3698170166431183
fieldwise_physiology_30s,20,inner_validation,inner_train,mae,leave_one_view_out__fold01,False,True,leave_one_view_out__fold01__candidate_340,completed,response,c8bb55db2e84fca264b1421bfe060cb36e07fbf025a5f825bde808b31ad5f850,1.1252336113720365
fieldwise_physiology_30s,20,inner_validation,inner_train,validation_std,leave_one_view_out__fold01,False,True,leave_one_view_out__fold01__candidate_340,completed,response,c8bb55db2e84fca264b1421bfe060cb36e07fbf025a5f825bde808b31ad5f850,0.7738225567538186
fieldwise_physiology_30s,20,inner_validation,inner_train,validation_iqr,leave_one_view_out__fold01,False,True,leave_one_view_out__fold01__candidate_340,completed,response,c8bb55db2e84fca264b1421bfe060cb36e07fbf025a5f825bde808b31ad5f850,1.1164541279861386
fieldwise_physiology_30s,20,inner_validation,inner_train,nrmse_std,leave_one_view_out__fold01,False,True,leave_one_view_out__fold01__candidate_340,completed,response,c8bb55db2e84fca264b1421bfe060cb36e07fbf025a5f825bde808b31ad5f850,1.7701952530170395
fieldwise_physiology_30s,20,inner_validation,inner_train,nrmse_iqr,leave_one_view_out__fold01,False,True,leave_one_view_out__fold01__candidate_340,completed,response,c8bb55db2e84fca264b1421bfe060cb36e07fbf025a5f825bde808b31ad5f850,1.2269353324117274
fieldwise_physiology_30s,20,inner_validation,inner_train,train_mean_baseline_rmse,leave_one_view_out__fold01,False,True,leave_one_view_out__fold01__candidate_340,completed,response,c8bb55db2e84fca264b1421bfe060cb36e07fbf025a5f825bde808b31ad5f850,0.9520832805389658
fieldwise_physiology_30s,20,inner_validation,inner_train,rmse_ratio,leave_one_view_out__fold01,False,True,leave_one_view_out__fold01__candidate_340,completed,response,c8bb55db2e84fca264b1421bfe060cb36e07fbf025a5f825bde808b31ad5f850,1.4387575589686619
fieldwise_physiology_30s,20,inner_validation,inner_train,response_skill,leave_one_view_out__fold01,False,True,leave_one_view_out__fold01__candidate_340,completed,response,c8bb55db2e84fca264b1421bfe060cb36e07fbf025a5f825bde808b31ad5f850,-1.0700233134894632
fieldwise_physiology_30s,20,inner_validation,inner_train,spearman,leave_one_view_out__fold01,False,True,leave_one_view_out__fold01__candidate_340,completed,response,c8bb55db2e84fca264b1421bfe060cb36e07fbf025a5f825bde808b31ad5f850,-0.15384615384615385
fieldwise_physiology_30s,20,inner_validation,inner_train,auprc,leave_one_view_out__fold01,False,True,leave_one_view_out__fold01__candidate_340,completed,high_response,c8bb55db2e84fca264b1421bfe060cb36e07fbf025a5f825bde808b31ad5f850,0.6222531436817151
fieldwise_physiology_30s,20,inner_validation,inner_train,prevalence,leave_one_view_out__fold01,False,True,leave_one_view_out__fold01__candidate_340,completed,high_response,c8bb55db2e84fca264b1421bfe060cb36e07fbf025a5f825bde808b31ad5f850,0.5833333333333334
fieldwise_physiology_30s,20,inner_validation,inner_train,random_baseline_auprc,leave_one_view_out__fold01,False,True,leave_one_view_out__fold01__candidate_340,completed,high_response,c8bb55db2e84fca264b1421bfe060cb36e07fbf025a5f825bde808b31ad5f850,0.5833333333333334
fieldwise_physiology_30s,20,inner_validation,inner_train,normalized_ap,leave_one_view_out__fold01,False,True,leave_one_view_out__fold01__candidate_340,completed,high_response,c8bb55db2e84fca264b1421bfe060cb36e07fbf025a5f825bde808b31ad5f850,0.09340754483611625
fieldwise_physiology_30s,20,inner_validation,inner_train,auprc_lift,leave_one_view_out__fold01,False,True,leave_one_view_out__fold01__candidate_340,completed,high_response,c8bb55db2e84fca264b1421bfe060cb36e07fbf025a5f825bde808b31ad5f850,0.03891981034838177
fieldwise_physiology_30s,20,inner_validation,inner_train,auroc,leave_one_view_out__fold01,False,True,leave_one_view_out__fold01__candidate_340,completed,high_response,c8bb55db2e84fca264b1421bfe060cb36e07fbf025a5f825bde808b31ad5f850,0.3999999999999999
fieldwise_physiology_30s,20,inner_validation,inner_train,balanced_accuracy,leave_one_view_out__fold01,False,True,leave_one_view_out__fold01__candidate_340,completed,high_response,c8bb55db2e84fca264b1421bfe060cb36e07fbf025a5f825bde808b31ad5f850,0.5
fieldwise_physiology_30s,20,inner_validation,inner_train,macro_f1,leave_one_view_out__fold01,False,True,leave_one_view_out__fold01__candidate_327,completed,maneuver,ef23ad8b080593cb9c8caaa4a57c59a5dc23c5987cd8d56c0f61e753cf15435c,0.2558922558922559
fieldwise_physiology_30s,20,inner_validation,inner_train,support_aware_macro_f1,leave_one_view_out__fold01,False,True,leave_one_view_out__fold01__candidate_327,completed,maneuver,ef23ad8b080593cb9c8caaa4a57c59a5dc23c5987cd8d56c0f61e753cf15435c,0.2558922558922559
fieldwise_physiology_30s,20,inner_validation,inner_train,majority_macro_f1,leave_one_view_out__fold01,False,True,leave_one_view_out__fold01__candidate_327,completed,maneuver,ef23ad8b080593cb9c8caaa4a57c59a5dc23c5987cd8d56c0f61e753cf15435c,0.19607843137254902
fieldwise_physiology_30s,20,inner_validation,inner_train,macro_f1_lift,leave_one_view_out__fold01,False,True,leave_one_view_out__fold01__candidate_327,completed,maneuver,ef23ad8b080593cb9c8caaa4a57c59a5dc23c5987cd8d56c0f61e753cf15435c,0.059813824519706876
fieldwise_physiology_30s,20,inner_validation,inner_train,recall_low,leave_one_view_out__fold01,False,True,leave_one_view_out__fold01__candidate_327,completed,maneuver,ef23ad8b080593cb9c8caaa4a57c59a5dc23c5987cd8d56c0f61e753cf15435c,0.6
fieldwise_physiology_30s,20,inner_validation,inner_train,recall_medium,leave_one_view_out__fold01,False,True,leave_one_view_out__fold01__candidate_327,completed,maneuver,ef23ad8b080593cb9c8caaa4a57c59a5dc23c5987cd8d56c0f61e753cf15435c,0.3333333333333333
fieldwise_physiology_30s,20,inner_validation,inner_train,recall_high,leave_one_view_out__fold01,False,True,leave_one_view_out__fold01__candidate_327,completed,maneuver,ef23ad8b080593cb9c8caaa4a57c59a5dc23c5987cd8d56c0f61e753cf15435c,0.0
fieldwise_physiology_30s,20,inner_validation,inner_train,minimum_class_recall,leave_one_view_out__fold01,False,True,leave_one_view_out__fold01__candidate_327,completed,maneuver,ef23ad8b080593cb9c8caaa4a57c59a5dc23c5987cd8d56c0f61e753cf15435c,0.0
fieldwise_physiology_30s,20,inner_validation,inner_train,ordinal_mae,leave_one_view_out__fold01,False,True,leave_one_view_out__fold01__candidate_327,completed,maneuver,ef23ad8b080593cb9c8caaa4a57c59a5dc23c5987cd8d56c0f61e753cf15435c,0.75
fieldwise_physiology_30s,20,inner_validation,inner_train,score_mae,leave_one_view_out__fold01,False,True,leave_one_view_out__fold01__candidate_327,completed,maneuver,ef23ad8b080593cb9c8caaa4a57c59a5dc23c5987cd8d56c0f61e753cf15435c,0.9447737402875429
fieldwise_physiology_30s,20,inner_validation,inner_train,score_spearman,leave_one_view_out__fold01,False,True,leave_one_view_out__fold01__candidate_327,completed,maneuver,ef23ad8b080593cb9c8caaa4a57c59a5dc23c5987cd8d56c0f61e753cf15435c,0.3356643356643357
fieldwise_physiology_30s,20,inner_validation,inner_train,rmse,leave_one_view_out__fold01,False,True,leave_one_view_out__fold01__candidate_327,completed,response,ef23ad8b080593cb9c8caaa4a57c59a5dc23c5987cd8d56c0f61e753cf15435c,1.3887088885724737
fieldwise_physiology_30s,20,inner_validation,inner_train,mae,leave_one_view_out__fold01,False,True,leave_one_view_out__fold01__candidate_327,completed,response,ef23ad8b080593cb9c8caaa4a57c59a5dc23c5987cd8d56c0f61e753cf15435c,1.179741679809794
fieldwise_physiology_30s,20,inner_validation,inner_train,validation_std,leave_one_view_out__fold01,False,True,leave_one_view_out__fold01__candidate_327,completed,response,ef23ad8b080593cb9c8caaa4a57c59a5dc23c5987cd8d56c0f61e753cf15435c,0.7424450098311778
fieldwise_physiology_30s,20,inner_validation,inner_train,validation_iqr,leave_one_view_out__fold01,False,True,leave_one_view_out__fold01__candidate_327,completed,response,ef23ad8b080593cb9c8caaa4a57c59a5dc23c5987cd8d56c0f61e753cf15435c,0.8094986823286678
fieldwise_physiology_30s,20,inner_validation,inner_train,nrmse_std,leave_one_view_out__fold01,False,True,leave_one_view_out__fold01__candidate_327,completed,response,ef23ad8b080593cb9c8caaa4a57c59a5dc23c5987cd8d56c0f61e753cf15435c,1.8704535287916444
fieldwise_physiology_30s,20,inner_validation,inner_train,nrmse_iqr,leave_one_view_out__fold01,False,True,leave_one_view_out__fold01__candidate_327,completed,response,ef23ad8b080593cb9c8caaa4a57c59a5dc23c5987cd8d56c0f61e753cf15435c,1.7155171699323883
fieldwise_physiology_30s,20,inner_validation,inner_train,train_mean_baseline_rmse,leave_one_view_out__fold01,False,True,leave_one_view_out__fold01__candidate_327,completed,response,ef23ad8b080593cb9c8caaa4a57c59a5dc23c5987cd8d56c0f61e753cf15435c,0.9686999988458442
fieldwise_physiology_30s,20,inner_validation,inner_train,rmse_ratio,leave_one_view_out__fold01,False,True,leave_one_view_out__fold01__candidate_327,completed,response,ef23ad8b080593cb9c8caaa4a57c59a5dc23c5987cd8d56c0f61e753cf15435c,1.4335799424249491
fieldwise_physiology_30s,20,inner_validation,inner_train,response_skill,leave_one_view_out__fold01,False,True,leave_one_view_out__fold01__candidate_327,completed,response,ef23ad8b080593cb9c8caaa4a57c59a5dc23c5987cd8d56c0f61e753cf15435c,-1.0551514513231206
fieldwise_physiology_30s,20,inner_validation,inner_train,spearman,leave_one_view_out__fold01,False,True,leave_one_view_out__fold01__candidate_327,completed,response,ef23ad8b080593cb9c8caaa4a57c59a5dc23c5987cd8d56c0f61e753cf15435c,-0.16083916083916086
fieldwise_physiology_30s,20,inner_validation,inner_train,auprc,leave_one_view_out__fold01,False,True,leave_one_view_out__fold01__candidate_327,completed,high_response,ef23ad8b080593cb9c8caaa4a57c59a5dc23c5987cd8d56c0f61e753cf15435c,0.6813311688311688
fieldwise_physiology_30s,20,inner_validation,inner_train,prevalence,leave_one_view_out__fold01,False,True,leave_one_view_out__fold01__candidate_327,completed,high_response,ef23ad8b080593cb9c8caaa4a57c59a5dc23c5987cd8d56c0f61e753cf15435c,0.6666666666666666
fieldwise_physiology_30s,20,inner_validation,inner_train,random_baseline_auprc,leave_one_view_out__fold01,False,True,leave_one_view_out__fold01__candidate_327,completed,high_response,ef23ad8b080593cb9c8caaa4a57c59a5dc23c5987cd8d56c0f61e753cf15435c,0.6666666666666666
fieldwise_physiology_30s,20,inner_validation,inner_train,normalized_ap,leave_one_view_out__fold01,False,True,leave_one_view_out__fold01__candidate_327,completed,high_response,ef23ad8b080593cb9c8caaa4a57c59a5dc23c5987cd8d56c0f61e753cf15435c,0.04399350649350663
fieldwise_physiology_30s,20,inner_validation,inner_train,auprc_lift,leave_one_view_out__fold01,False,True,leave_one_view_out__fold01__candidate_327,completed,high_response,ef23ad8b080593cb9c8caaa4a57c59a5dc23c5987cd8d56c0f61e753cf15435c,0.014664502164502213
fieldwise_physiology_30s,20,inner_validation,inner_train,auroc,leave_one_view_out__fold01,False,True,leave_one_view_out__fold01__candidate_327,completed,high_response,ef23ad8b080593cb9c8caaa4a57c59a5dc23c5987cd8d56c0f61e753cf15435c,0.40625
fieldwise_physiology_30s,20,inner_validation,inner_train,balanced_accuracy,leave_one_view_out__fold01,False,True,leave_one_view_out__fold01__candidate_327,completed,high_response,ef23ad8b080593cb9c8caaa4a57c59a5dc23c5987cd8d56c0f61e753cf15435c,0.4375
historical_frozen_panel,21,inner_validation,inner_train,macro_f1,leave_one_view_out__fold01,False,False,leave_one_view_out__fold01__candidate_339,unavailable_new_split_contract,maneuver,d49030f301fc10972368913bbfc6141aa638775e23f48bc8ad0055d5e48293a1,
historical_frozen_panel,21,inner_validation,inner_train,rmse_ratio,leave_one_view_out__fold01,False,False,leave_one_view_out__fold01__candidate_339,unavailable_new_split_contract,response,d49030f301fc10972368913bbfc6141aa638775e23f48bc8ad0055d5e48293a1,
historical_frozen_panel,21,inner_validation,inner_train,normalized_ap,leave_one_view_out__fold01,False,False,leave_one_view_out__fold01__candidate_339,unavailable_new_split_contract,high_response,d49030f301fc10972368913bbfc6141aa638775e23f48bc8ad0055d5e48293a1,
historical_frozen_panel,21,inner_validation,inner_train,macro_f1,leave_one_view_out__fold01,False,False,leave_one_view_out__fold01__candidate_353,unavailable_new_split_contract,maneuver,f1ddae33af89bc208d97290f0e03c19c4d93c0cd3b4e08a59452657e405013ac,
historical_frozen_panel,21,inner_validation,inner_train,rmse_ratio,leave_one_view_out__fold01,False,False,leave_one_view_out__fold01__candidate_353,unavailable_new_split_contract,response,f1ddae33af89bc208d97290f0e03c19c4d93c0cd3b4e08a59452657e405013ac,
historical_frozen_panel,21,inner_validation,inner_train,normalized_ap,leave_one_view_out__fold01,False,False,leave_one_view_out__fold01__candidate_353,unavailable_new_split_contract,high_response,f1ddae33af89bc208d97290f0e03c19c4d93c0cd3b4e08a59452657e405013ac,
historical_frozen_panel,21,inner_validation,inner_train,macro_f1,leave_one_view_out__fold02,False,False,leave_one_view_out__fold02__candidate_328,unavailable_new_split_contract,maneuver,76857c61556d36c9eb8d7060ea53eb10f2e65e3f7b2a4854ab4c6016248a0b48,
historical_frozen_panel,21,inner_validation,inner_train,rmse_ratio,leave_one_view_out__fold02,False,False,leave_one_view_out__fold02__candidate_328,unavailable_new_split_contract,response,76857c61556d36c9eb8d7060ea53eb10f2e65e3f7b2a4854ab4c6016248a0b48,
historical_frozen_panel,21,inner_validation,inner_train,normalized_ap,leave_one_view_out__fold02,False,False,leave_one_view_out__fold02__candidate_328,unavailable_new_split_contract,high_response,76857c61556d36c9eb8d7060ea53eb10f2e65e3f7b2a4854ab4c6016248a0b48,
historical_frozen_panel,21,inner_validation,inner_train,macro_f1,leave_one_view_out__fold02,False,False,leave_one_view_out__fold02__candidate_329,unavailable_new_split_contract,maneuver,09bd96f3f28027930e21282cb6cb1e34c79cb76197a270c426bd70e119d43e13,
historical_frozen_panel,21,inner_validation,inner_train,rmse_ratio,leave_one_view_out__fold02,False,False,leave_one_view_out__fold02__candidate_329,unavailable_new_split_contract,response,09bd96f3f28027930e21282cb6cb1e34c79cb76197a270c426bd70e119d43e13,
historical_frozen_panel,21,inner_validation,inner_train,normalized_ap,leave_one_view_out__fold02,False,False,leave_one_view_out__fold02__candidate_329,unavailable_new_split_contract,high_response,09bd96f3f28027930e21282cb6cb1e34c79cb76197a270c426bd70e119d43e13,
historical_frozen_panel,21,inner_validation,inner_train,macro_f1,leave_one_view_out__fold01,False,False,leave_one_view_out__fold01__candidate_340,unavailable_new_split_contract,maneuver,c8bb55db2e84fca264b1421bfe060cb36e07fbf025a5f825bde808b31ad5f850,
historical_frozen_panel,21,inner_validation,inner_train,rmse_ratio,leave_one_view_out__fold01,False,False,leave_one_view_out__fold01__candidate_340,unavailable_new_split_contract,response,c8bb55db2e84fca264b1421bfe060cb36e07fbf025a5f825bde808b31ad5f850,
historical_frozen_panel,21,inner_validation,inner_train,normalized_ap,leave_one_view_out__fold01,False,False,leave_one_view_out__fold01__candidate_340,unavailable_new_split_contract,high_response,c8bb55db2e84fca264b1421bfe060cb36e07fbf025a5f825bde808b31ad5f850,
historical_frozen_panel,21,inner_validation,inner_train,macro_f1,leave_one_view_out__fold01,False,False,leave_one_view_out__fold01__candidate_327,unavailable_new_split_contract,maneuver,ef23ad8b080593cb9c8caaa4a57c59a5dc23c5987cd8d56c0f61e753cf15435c,
historical_frozen_panel,21,inner_validation,inner_train,rmse_ratio,leave_one_view_out__fold01,False,False,leave_one_view_out__fold01__candidate_327,unavailable_new_split_contract,response,ef23ad8b080593cb9c8caaa4a57c59a5dc23c5987cd8d56c0f61e753cf15435c,
historical_frozen_panel,21,inner_validation,inner_train,normalized_ap,leave_one_view_out__fold01,False,False,leave_one_view_out__fold01__candidate_327,unavailable_new_split_contract,high_response,ef23ad8b080593cb9c8caaa4a57c59a5dc23c5987cd8d56c0f61e753cf15435c,
