method_name,epoch,step,batch_sample_ids,augmentation_ids,gradient_norm_before_clip,continuous_alignment_weight,physical_consistency_weight,causal_direction_weight,term_name,weight,status,count,raw_loss,weighted_loss,reason
physiology_only,1,1,['20251002_单01_ACT-8_翼云_J16_12#01__pilot_10035::context_end_0005'],['eea17df4d6cdbc9879557a5f725d292ce25bd415605721bd6ea58db6d6d1e444'],0.3414483964443207,0.0,0.0,0.0,masked_reconstruction,1.0,active,60939,1.2425477504730225,1.2425477504730225,
physiology_only,1,1,['20251002_单01_ACT-8_翼云_J16_12#01__pilot_10035::context_end_0005'],['eea17df4d6cdbc9879557a5f725d292ce25bd415605721bd6ea58db6d6d1e444'],0.3414483964443207,0.0,0.0,0.0,short_horizon_prediction,0.5,active,91690,2.1926474571228027,1.0963237285614014,
physiology_only,1,1,['20251002_单01_ACT-8_翼云_J16_12#01__pilot_10035::context_end_0005'],['eea17df4d6cdbc9879557a5f725d292ce25bd415605721bd6ea58db6d6d1e444'],0.3414483964443207,0.0,0.0,0.0,lag_discrimination,0.2,active,2,0.7093065977096558,0.14186131954193115,
physiology_only,1,2,['20251002_单01_ACT-8_翼云_J16_12#01__pilot_10035::context_end_0006'],['109cb29ec2bd3c6afd412184cea8b9ca66b380db4649931d96c7b8c250e1a9a2'],0.2714917063713074,0.0,0.0,0.0,masked_reconstruction,1.0,active,65597,1.3541256189346313,1.3541256189346313,
physiology_only,1,2,['20251002_单01_ACT-8_翼云_J16_12#01__pilot_10035::context_end_0006'],['109cb29ec2bd3c6afd412184cea8b9ca66b380db4649931d96c7b8c250e1a9a2'],0.2714917063713074,0.0,0.0,0.0,short_horizon_prediction,0.5,active,90517,2.2712795734405518,1.1356397867202759,
physiology_only,1,2,['20251002_单01_ACT-8_翼云_J16_12#01__pilot_10035::context_end_0006'],['109cb29ec2bd3c6afd412184cea8b9ca66b380db4649931d96c7b8c250e1a9a2'],0.2714917063713074,0.0,0.0,0.0,lag_discrimination,0.2,active,2,0.6997100710868835,0.1399420201778412,
physiology_only,1,3,['20251002_单01_ACT-8_翼云_J16_12#01__pilot_10035::context_end_0007'],['54b13ea6f14babf2ce2257ba2c79d4c7ef9cf017fc0ec42085f1618d6d68b6a0'],0.25089406967163086,0.0,0.0,0.0,masked_reconstruction,1.0,active,59824,1.723738670349121,1.723738670349121,
physiology_only,1,3,['20251002_单01_ACT-8_翼云_J16_12#01__pilot_10035::context_end_0007'],['54b13ea6f14babf2ce2257ba2c79d4c7ef9cf017fc0ec42085f1618d6d68b6a0'],0.25089406967163086,0.0,0.0,0.0,short_horizon_prediction,0.5,active,78958,2.6288256645202637,1.3144128322601318,
physiology_only,1,3,['20251002_单01_ACT-8_翼云_J16_12#01__pilot_10035::context_end_0007'],['54b13ea6f14babf2ce2257ba2c79d4c7ef9cf017fc0ec42085f1618d6d68b6a0'],0.25089406967163086,0.0,0.0,0.0,lag_discrimination,0.2,active,2,0.6942732334136963,0.13885465264320374,
physiology_only,1,4,['20251002_单01_ACT-8_翼云_J16_12#01__pilot_10035::context_end_0008'],['880137135556805d1ac5a2f6febca4fa4908d807c33d0a3fb001cb70fa961f2b'],0.21792776882648468,0.0,0.0,0.0,masked_reconstruction,1.0,active,74139,1.210091233253479,1.210091233253479,
physiology_only,1,4,['20251002_单01_ACT-8_翼云_J16_12#01__pilot_10035::context_end_0008'],['880137135556805d1ac5a2f6febca4fa4908d807c33d0a3fb001cb70fa961f2b'],0.21792776882648468,0.0,0.0,0.0,short_horizon_prediction,0.5,active,82572,2.227041482925415,1.1135207414627075,
physiology_only,1,4,['20251002_单01_ACT-8_翼云_J16_12#01__pilot_10035::context_end_0008'],['880137135556805d1ac5a2f6febca4fa4908d807c33d0a3fb001cb70fa961f2b'],0.21792776882648468,0.0,0.0,0.0,lag_discrimination,0.2,active,2,0.6963168978691101,0.13926337659358978,
physiology_only,1,5,['20251002_单01_ACT-8_翼云_J16_12#01__pilot_10035::context_end_0009'],['a1073a503127e49afc6f72b0e39753eb9f92937a44c99190b219f209f31bfa33'],0.22377918660640717,0.0,0.0,0.0,masked_reconstruction,1.0,active,56719,0.8962599635124207,0.8962599635124207,
physiology_only,1,5,['20251002_单01_ACT-8_翼云_J16_12#01__pilot_10035::context_end_0009'],['a1073a503127e49afc6f72b0e39753eb9f92937a44c99190b219f209f31bfa33'],0.22377918660640717,0.0,0.0,0.0,short_horizon_prediction,0.5,active,86536,2.520477056503296,1.260238528251648,
physiology_only,1,5,['20251002_单01_ACT-8_翼云_J16_12#01__pilot_10035::context_end_0009'],['a1073a503127e49afc6f72b0e39753eb9f92937a44c99190b219f209f31bfa33'],0.22377918660640717,0.0,0.0,0.0,lag_discrimination,0.2,active,2,0.6942419409751892,0.13884839415550232,
physiology_only,1,6,['20251002_单01_ACT-8_翼云_J16_12#01__pilot_10035::context_end_0010'],['c25671c3158cabe9d7af0b8ea3dbdec60f64c8790e3e277d27551052d610b16c'],0.21680431067943573,0.0,0.0,0.0,masked_reconstruction,1.0,active,53080,0.3587009012699127,0.3587009012699127,
physiology_only,1,6,['20251002_单01_ACT-8_翼云_J16_12#01__pilot_10035::context_end_0010'],['c25671c3158cabe9d7af0b8ea3dbdec60f64c8790e3e277d27551052d610b16c'],0.21680431067943573,0.0,0.0,0.0,short_horizon_prediction,0.5,active,90012,1.4735642671585083,0.7367821335792542,
physiology_only,1,6,['20251002_单01_ACT-8_翼云_J16_12#01__pilot_10035::context_end_0010'],['c25671c3158cabe9d7af0b8ea3dbdec60f64c8790e3e277d27551052d610b16c'],0.21680431067943573,0.0,0.0,0.0,lag_discrimination,0.2,active,2,0.6952954530715942,0.13905909657478333,
physiology_only,1,7,['20251002_单01_ACT-8_翼云_J16_12#01__pilot_10035::context_end_0011'],['eb55e42d9743a7d412f70a6ebd1d4b941aa1cba72505273a8aa842d2934ad1ef'],0.2064410001039505,0.0,0.0,0.0,masked_reconstruction,1.0,active,57082,0.6577153205871582,0.6577153205871582,
physiology_only,1,7,['20251002_单01_ACT-8_翼云_J16_12#01__pilot_10035::context_end_0011'],['eb55e42d9743a7d412f70a6ebd1d4b941aa1cba72505273a8aa842d2934ad1ef'],0.2064410001039505,0.0,0.0,0.0,short_horizon_prediction,0.5,active,78561,1.5676486492156982,0.7838243246078491,
physiology_only,1,7,['20251002_单01_ACT-8_翼云_J16_12#01__pilot_10035::context_end_0011'],['eb55e42d9743a7d412f70a6ebd1d4b941aa1cba72505273a8aa842d2934ad1ef'],0.2064410001039505,0.0,0.0,0.0,lag_discrimination,0.2,active,2,0.6930607557296753,0.13861215114593506,
physiology_only,1,8,['20251002_单01_ACT-8_翼云_J16_12#01__pilot_10035::context_end_0012'],['5a6b693cd2cd5c137436419d27b10f0ca44899c5c1c01f174a6ba4c95b1c5b90'],0.007564636413007975,0.0,0.0,0.0,masked_reconstruction,1.0,active,71804,0.2905671298503876,0.2905671298503876,
physiology_only,1,8,['20251002_单01_ACT-8_翼云_J16_12#01__pilot_10035::context_end_0012'],['5a6b693cd2cd5c137436419d27b10f0ca44899c5c1c01f174a6ba4c95b1c5b90'],0.007564636413007975,0.0,0.0,0.0,short_horizon_prediction,0.5,active,82527,1.429503321647644,0.714751660823822,
physiology_only,1,8,['20251002_单01_ACT-8_翼云_J16_12#01__pilot_10035::context_end_0012'],['5a6b693cd2cd5c137436419d27b10f0ca44899c5c1c01f174a6ba4c95b1c5b90'],0.007564636413007975,0.0,0.0,0.0,lag_discrimination,0.2,active,2,0.6943168044090271,0.13886336982250214,
physiology_only,1,9,['20251002_单01_ACT-8_翼云_J16_12#01__pilot_10035::context_end_0013'],['fe4f8b9905702602ef350ee7b1d5491293899b5e669767046fc9f830a8584a0d'],0.17715926468372345,0.0,0.0,0.0,masked_reconstruction,1.0,active,59405,0.5090909004211426,0.5090909004211426,
physiology_only,1,9,['20251002_单01_ACT-8_翼云_J16_12#01__pilot_10035::context_end_0013'],['fe4f8b9905702602ef350ee7b1d5491293899b5e669767046fc9f830a8584a0d'],0.17715926468372345,0.0,0.0,0.0,short_horizon_prediction,0.5,active,86089,1.6041607856750488,0.8020803928375244,
physiology_only,1,9,['20251002_单01_ACT-8_翼云_J16_12#01__pilot_10035::context_end_0013'],['fe4f8b9905702602ef350ee7b1d5491293899b5e669767046fc9f830a8584a0d'],0.17715926468372345,0.0,0.0,0.0,lag_discrimination,0.2,active,2,0.6946960091590881,0.13893920183181763,
physiology_only,1,10,['20251002_单01_ACT-8_翼云_J16_12#01__pilot_10035::context_end_0014'],['091c1f29075270a1e28e6f94f5ec114d38d5eb82100dc3052afe41aa9e7b591f'],0.16956421732902527,0.0,0.0,0.0,masked_reconstruction,1.0,active,74883,0.7949572205543518,0.7949572205543518,
physiology_only,1,10,['20251002_单01_ACT-8_翼云_J16_12#01__pilot_10035::context_end_0014'],['091c1f29075270a1e28e6f94f5ec114d38d5eb82100dc3052afe41aa9e7b591f'],0.16956421732902527,0.0,0.0,0.0,short_horizon_prediction,0.5,active,89483,1.544948697090149,0.7724743485450745,
physiology_only,1,10,['20251002_单01_ACT-8_翼云_J16_12#01__pilot_10035::context_end_0014'],['091c1f29075270a1e28e6f94f5ec114d38d5eb82100dc3052afe41aa9e7b591f'],0.16956421732902527,0.0,0.0,0.0,lag_discrimination,0.2,active,2,0.695128321647644,0.13902567327022552,
physiology_only,1,11,['20251002_单01_ACT-8_翼云_J16_12#01__pilot_10035::context_end_0015'],['11fe10a6eddc630e8924891330262b4df1a15a43093f74d57f620acadda78231'],0.17118869721889496,0.0,0.0,0.0,masked_reconstruction,1.0,active,50108,0.3386473059654236,0.3386473059654236,
physiology_only,1,11,['20251002_单01_ACT-8_翼云_J16_12#01__pilot_10035::context_end_0015'],['11fe10a6eddc630e8924891330262b4df1a15a43093f74d57f620acadda78231'],0.17118869721889496,0.0,0.0,0.0,short_horizon_prediction,0.5,active,78417,1.3498703241348267,0.6749351620674133,
physiology_only,1,11,['20251002_单01_ACT-8_翼云_J16_12#01__pilot_10035::context_end_0015'],['11fe10a6eddc630e8924891330262b4df1a15a43093f74d57f620acadda78231'],0.17118869721889496,0.0,0.0,0.0,lag_discrimination,0.2,active,2,0.6965054273605347,0.1393010914325714,
physiology_only,1,12,['20251002_单01_ACT-8_翼云_J16_12#01__pilot_10035::context_end_0016'],['2981b292ee6fb0ccd64f1ab45cc33c8e17173d302204cb349d28455a46753979'],0.17390698194503784,0.0,0.0,0.0,masked_reconstruction,1.0,active,58151,0.9062739014625549,0.9062739014625549,
physiology_only,1,12,['20251002_单01_ACT-8_翼云_J16_12#01__pilot_10035::context_end_0016'],['2981b292ee6fb0ccd64f1ab45cc33c8e17173d302204cb349d28455a46753979'],0.17390698194503784,0.0,0.0,0.0,short_horizon_prediction,0.5,active,81988,1.4298824071884155,0.7149412035942078,
physiology_only,1,12,['20251002_单01_ACT-8_翼云_J16_12#01__pilot_10035::context_end_0016'],['2981b292ee6fb0ccd64f1ab45cc33c8e17173d302204cb349d28455a46753979'],0.17390698194503784,0.0,0.0,0.0,lag_discrimination,0.2,active,2,0.6942267417907715,0.13884535431861877,
physiology_only,1,13,['20251002_单01_ACT-8_翼云_J16_12#01__pilot_10035::context_end_0017'],['84e74617f13293837d23cb606a685b8c5e85d2e8c9eb428d8640eb734625ea79'],0.16568824648857117,0.0,0.0,0.0,masked_reconstruction,1.0,active,52550,1.423578143119812,1.423578143119812,
physiology_only,1,13,['20251002_单01_ACT-8_翼云_J16_12#01__pilot_10035::context_end_0017'],['84e74617f13293837d23cb606a685b8c5e85d2e8c9eb428d8640eb734625ea79'],0.16568824648857117,0.0,0.0,0.0,short_horizon_prediction,0.5,active,85508,1.9247928857803345,0.9623964428901672,
physiology_only,1,13,['20251002_单01_ACT-8_翼云_J16_12#01__pilot_10035::context_end_0017'],['84e74617f13293837d23cb606a685b8c5e85d2e8c9eb428d8640eb734625ea79'],0.16568824648857117,0.0,0.0,0.0,lag_discrimination,0.2,active,2,0.6916286945343018,0.1383257359266281,
physiology_only,1,14,['20251002_单01_ACT-8_翼云_J16_12#01__pilot_10035::context_end_0018'],['bee23e71f018e7f246a604d288b9b657cf272b78c74b10018890a8a64f76c395'],0.1609606146812439,0.0,0.0,0.0,masked_reconstruction,1.0,active,60468,0.8148009181022644,0.8148009181022644,
physiology_only,1,14,['20251002_单01_ACT-8_翼云_J16_12#01__pilot_10035::context_end_0018'],['bee23e71f018e7f246a604d288b9b657cf272b78c74b10018890a8a64f76c395'],0.1609606146812439,0.0,0.0,0.0,short_horizon_prediction,0.5,active,89108,1.6440763473510742,0.8220381736755371,
physiology_only,1,14,['20251002_单01_ACT-8_翼云_J16_12#01__pilot_10035::context_end_0018'],['bee23e71f018e7f246a604d288b9b657cf272b78c74b10018890a8a64f76c395'],0.1609606146812439,0.0,0.0,0.0,lag_discrimination,0.2,active,2,0.6971035599708557,0.13942071795463562,
physiology_only,1,15,['20251002_单01_ACT-8_翼云_J16_12#01__pilot_10035::context_end_0019'],['552dc9c66475dacc96366fa516835da7e0a073ce4e27d58376f28207652f35b8'],0.16152185201644897,0.0,0.0,0.0,masked_reconstruction,1.0,active,55569,0.8750251531600952,0.8750251531600952,
physiology_only,1,15,['20251002_单01_ACT-8_翼云_J16_12#01__pilot_10035::context_end_0019'],['552dc9c66475dacc96366fa516835da7e0a073ce4e27d58376f28207652f35b8'],0.16152185201644897,0.0,0.0,0.0,short_horizon_prediction,0.5,active,70573,1.8915612697601318,0.9457806348800659,
physiology_only,1,15,['20251002_单01_ACT-8_翼云_J16_12#01__pilot_10035::context_end_0019'],['552dc9c66475dacc96366fa516835da7e0a073ce4e27d58376f28207652f35b8'],0.16152185201644897,0.0,0.0,0.0,lag_discrimination,0.2,active,2,0.6988769769668579,0.13977539539337158,
physiology_only,1,16,['20251002_单01_ACT-8_翼云_J16_12#01__pilot_10035::context_end_0020'],['49b4b0e0e12b36e0a1c90ab2919ec1b67d374413c994753fca0ad4cb0c261b06'],0.1531437337398529,0.0,0.0,0.0,masked_reconstruction,1.0,active,61632,1.1810903549194336,1.1810903549194336,
physiology_only,1,16,['20251002_单01_ACT-8_翼云_J16_12#01__pilot_10035::context_end_0020'],['49b4b0e0e12b36e0a1c90ab2919ec1b67d374413c994753fca0ad4cb0c261b06'],0.1531437337398529,0.0,0.0,0.0,short_horizon_prediction,0.5,active,70564,2.0449788570404053,1.0224894285202026,
physiology_only,1,16,['20251002_单01_ACT-8_翼云_J16_12#01__pilot_10035::context_end_0020'],['49b4b0e0e12b36e0a1c90ab2919ec1b67d374413c994753fca0ad4cb0c261b06'],0.1531437337398529,0.0,0.0,0.0,lag_discrimination,0.2,active,2,0.6879931688308716,0.13759863376617432,
physiology_only,1,17,['20251002_单01_ACT-8_翼云_J16_12#01__pilot_10035::context_end_0021'],['a1e797223951ee19e55627bf59c436d5c6444a08645a397aabfa4975553f1dc9'],0.1471749097108841,0.0,0.0,0.0,masked_reconstruction,1.0,active,54272,1.1706383228302002,1.1706383228302002,
physiology_only,1,17,['20251002_单01_ACT-8_翼云_J16_12#01__pilot_10035::context_end_0021'],['a1e797223951ee19e55627bf59c436d5c6444a08645a397aabfa4975553f1dc9'],0.1471749097108841,0.0,0.0,0.0,short_horizon_prediction,0.5,active,70593,2.545383930206299,1.2726919651031494,
physiology_only,1,17,['20251002_单01_ACT-8_翼云_J16_12#01__pilot_10035::context_end_0021'],['a1e797223951ee19e55627bf59c436d5c6444a08645a397aabfa4975553f1dc9'],0.1471749097108841,0.0,0.0,0.0,lag_discrimination,0.2,active,2,0.6946777105331421,0.13893555104732513,
physiology_only,1,18,['20251002_单01_ACT-8_翼云_J16_12#01__pilot_10035::context_end_0022'],['5151b5ce85b60ff4611bdb6bc277a6c011d81793502be0f650acbe1d4ee3d73b'],0.1516120582818985,0.0,0.0,0.0,masked_reconstruction,1.0,active,54898,0.3092438578605652,0.3092438578605652,
physiology_only,1,18,['20251002_单01_ACT-8_翼云_J16_12#01__pilot_10035::context_end_0022'],['5151b5ce85b60ff4611bdb6bc277a6c011d81793502be0f650acbe1d4ee3d73b'],0.1516120582818985,0.0,0.0,0.0,short_horizon_prediction,0.5,active,70632,2.539733648300171,1.2698668241500854,
physiology_only,1,18,['20251002_单01_ACT-8_翼云_J16_12#01__pilot_10035::context_end_0022'],['5151b5ce85b60ff4611bdb6bc277a6c011d81793502be0f650acbe1d4ee3d73b'],0.1516120582818985,0.0,0.0,0.0,lag_discrimination,0.2,active,2,0.6915889382362366,0.1383177936077118,
physiology_only,1,19,['20251002_单01_ACT-8_翼云_J16_12#01__pilot_10035::context_end_0023'],['4be21067ce9ef81ae6e765f0c4745bc2e84341f7a043644b8b33f3882689abc2'],0.14429603517055511,0.0,0.0,0.0,masked_reconstruction,1.0,active,53624,1.255782127380371,1.255782127380371,
physiology_only,1,19,['20251002_单01_ACT-8_翼云_J16_12#01__pilot_10035::context_end_0023'],['4be21067ce9ef81ae6e765f0c4745bc2e84341f7a043644b8b33f3882689abc2'],0.14429603517055511,0.0,0.0,0.0,short_horizon_prediction,0.5,active,70596,2.3077971935272217,1.1538985967636108,
physiology_only,1,19,['20251002_单01_ACT-8_翼云_J16_12#01__pilot_10035::context_end_0023'],['4be21067ce9ef81ae6e765f0c4745bc2e84341f7a043644b8b33f3882689abc2'],0.14429603517055511,0.0,0.0,0.0,lag_discrimination,0.2,active,2,0.6906827688217163,0.13813655078411102,
physiology_only,1,20,['20251002_单01_ACT-8_翼云_J16_12#01__pilot_10035::context_end_0024'],['6e64eef1608fdb35f08006c2a30616e34ecd421a6430e8f1adceb0132f99f3ac'],0.14279158413410187,0.0,0.0,0.0,masked_reconstruction,1.0,active,58812,1.345588207244873,1.345588207244873,
physiology_only,1,20,['20251002_单01_ACT-8_翼云_J16_12#01__pilot_10035::context_end_0024'],['6e64eef1608fdb35f08006c2a30616e34ecd421a6430e8f1adceb0132f99f3ac'],0.14279158413410187,0.0,0.0,0.0,short_horizon_prediction,0.5,active,70586,2.7399744987487793,1.3699872493743896,
physiology_only,1,20,['20251002_单01_ACT-8_翼云_J16_12#01__pilot_10035::context_end_0024'],['6e64eef1608fdb35f08006c2a30616e34ecd421a6430e8f1adceb0132f99f3ac'],0.14279158413410187,0.0,0.0,0.0,lag_discrimination,0.2,active,2,0.6923995018005371,0.13847990334033966,
physiology_only,1,21,['20251002_单01_ACT-8_翼云_J16_12#01__pilot_10035::context_end_0025'],['1da076d67a41f8c40648046aa8fe01477950b2f83583665a8ea4a88a77ac3af1'],0.13601794838905334,0.0,0.0,0.0,masked_reconstruction,1.0,active,59558,0.9163896441459656,0.9163896441459656,
physiology_only,1,21,['20251002_单01_ACT-8_翼云_J16_12#01__pilot_10035::context_end_0025'],['1da076d67a41f8c40648046aa8fe01477950b2f83583665a8ea4a88a77ac3af1'],0.13601794838905334,0.0,0.0,0.0,short_horizon_prediction,0.5,active,70596,2.715230941772461,1.3576154708862305,
physiology_only,1,21,['20251002_单01_ACT-8_翼云_J16_12#01__pilot_10035::context_end_0025'],['1da076d67a41f8c40648046aa8fe01477950b2f83583665a8ea4a88a77ac3af1'],0.13601794838905334,0.0,0.0,0.0,lag_discrimination,0.2,active,2,0.695407509803772,0.13908150792121887,
physiology_only,1,22,['20251002_单01_ACT-8_翼云_J16_12#01__pilot_10035::context_end_0026'],['b85a94c39336fb5762fafb617b488a7ebf1047675c5097bcdca8d7d96b582060'],0.007910851389169693,0.0,0.0,0.0,masked_reconstruction,1.0,active,55817,1.0032477378845215,1.0032477378845215,
physiology_only,1,22,['20251002_单01_ACT-8_翼云_J16_12#01__pilot_10035::context_end_0026'],['b85a94c39336fb5762fafb617b488a7ebf1047675c5097bcdca8d7d96b582060'],0.007910851389169693,0.0,0.0,0.0,short_horizon_prediction,0.5,active,70583,2.7127671241760254,1.3563835620880127,
physiology_only,1,22,['20251002_单01_ACT-8_翼云_J16_12#01__pilot_10035::context_end_0026'],['b85a94c39336fb5762fafb617b488a7ebf1047675c5097bcdca8d7d96b582060'],0.007910851389169693,0.0,0.0,0.0,lag_discrimination,0.2,active,2,0.6942881345748901,0.1388576328754425,
physiology_only,1,23,['20251002_单01_ACT-8_翼云_J16_12#01__pilot_10035::context_end_0027'],['593f5e125d038c4b2cab59d389ffbc9c2ef6857fbee1af1a70b9aade6d22ac90'],0.13060323894023895,0.0,0.0,0.0,masked_reconstruction,1.0,active,61631,1.9016377925872803,1.9016377925872803,
physiology_only,1,23,['20251002_单01_ACT-8_翼云_J16_12#01__pilot_10035::context_end_0027'],['593f5e125d038c4b2cab59d389ffbc9c2ef6857fbee1af1a70b9aade6d22ac90'],0.13060323894023895,0.0,0.0,0.0,short_horizon_prediction,0.5,active,70565,2.554445266723633,1.2772226333618164,
physiology_only,1,23,['20251002_单01_ACT-8_翼云_J16_12#01__pilot_10035::context_end_0027'],['593f5e125d038c4b2cab59d389ffbc9c2ef6857fbee1af1a70b9aade6d22ac90'],0.13060323894023895,0.0,0.0,0.0,lag_discrimination,0.2,active,2,0.6968022584915161,0.1393604576587677,
physiology_only,1,24,['20251002_单01_ACT-8_翼云_J16_12#01__pilot_10035::context_end_0028'],['9384d1ceacd2e63d0e45ec9512d771aab2235901e3dac2047ed43089927677fe'],0.13347312808036804,0.0,0.0,0.0,masked_reconstruction,1.0,active,56347,1.0421346426010132,1.0421346426010132,
physiology_only,1,24,['20251002_单01_ACT-8_翼云_J16_12#01__pilot_10035::context_end_0028'],['9384d1ceacd2e63d0e45ec9512d771aab2235901e3dac2047ed43089927677fe'],0.13347312808036804,0.0,0.0,0.0,short_horizon_prediction,0.5,active,70606,3.6010782718658447,1.8005391359329224,
physiology_only,1,24,['20251002_单01_ACT-8_翼云_J16_12#01__pilot_10035::context_end_0028'],['9384d1ceacd2e63d0e45ec9512d771aab2235901e3dac2047ed43089927677fe'],0.13347312808036804,0.0,0.0,0.0,lag_discrimination,0.2,active,2,0.6899318099021912,0.13798636198043823,
physiology_only,1,25,['20251002_单01_ACT-8_翼云_J16_12#01__pilot_10035::context_end_0029'],['93c16221d217f1d51750ee340635970a95b51058a2396b1b6531c2968343341c'],0.13810455799102783,0.0,0.0,0.0,masked_reconstruction,1.0,active,62546,2.865593433380127,2.865593433380127,
physiology_only,1,25,['20251002_单01_ACT-8_翼云_J16_12#01__pilot_10035::context_end_0029'],['93c16221d217f1d51750ee340635970a95b51058a2396b1b6531c2968343341c'],0.13810455799102783,0.0,0.0,0.0,short_horizon_prediction,0.5,active,70528,3.3748576641082764,1.6874288320541382,
physiology_only,1,25,['20251002_单01_ACT-8_翼云_J16_12#01__pilot_10035::context_end_0029'],['93c16221d217f1d51750ee340635970a95b51058a2396b1b6531c2968343341c'],0.13810455799102783,0.0,0.0,0.0,lag_discrimination,0.2,active,2,0.6929024457931519,0.13858048617839813,
physiology_only,1,26,['20251002_单01_ACT-8_翼云_J16_12#01__pilot_10035::context_end_0030'],['033cd43e255cee17c368a9422cbf7231f47d7c8f3e700cd9b7cb5ebd12e9150f'],0.008662690408527851,0.0,0.0,0.0,masked_reconstruction,1.0,active,61936,2.6043179035186768,2.6043179035186768,
physiology_only,1,26,['20251002_单01_ACT-8_翼云_J16_12#01__pilot_10035::context_end_0030'],['033cd43e255cee17c368a9422cbf7231f47d7c8f3e700cd9b7cb5ebd12e9150f'],0.008662690408527851,0.0,0.0,0.0,short_horizon_prediction,0.5,active,70529,3.2643392086029053,1.6321696043014526,
physiology_only,1,26,['20251002_单01_ACT-8_翼云_J16_12#01__pilot_10035::context_end_0030'],['033cd43e255cee17c368a9422cbf7231f47d7c8f3e700cd9b7cb5ebd12e9150f'],0.008662690408527851,0.0,0.0,0.0,lag_discrimination,0.2,active,2,0.6942522525787354,0.13885045051574707,
physiology_only,1,27,['20251002_单01_ACT-8_翼云_J16_12#01__pilot_10035::context_end_0031'],['412928934d61f5f18698f16ac41f95953246738e20bb7980b41eb1100c87472b'],0.12640641629695892,0.0,0.0,0.0,masked_reconstruction,1.0,active,57134,1.2875767946243286,1.2875767946243286,
physiology_only,1,27,['20251002_单01_ACT-8_翼云_J16_12#01__pilot_10035::context_end_0031'],['412928934d61f5f18698f16ac41f95953246738e20bb7980b41eb1100c87472b'],0.12640641629695892,0.0,0.0,0.0,short_horizon_prediction,0.5,active,70639,4.372064590454102,2.186032295227051,
physiology_only,1,27,['20251002_单01_ACT-8_翼云_J16_12#01__pilot_10035::context_end_0031'],['412928934d61f5f18698f16ac41f95953246738e20bb7980b41eb1100c87472b'],0.12640641629695892,0.0,0.0,0.0,lag_discrimination,0.2,active,2,0.6936352252960205,0.13872705399990082,
physiology_only,1,28,['20251002_单01_ACT-8_翼云_J16_12#01__pilot_10035::context_end_0032'],['d686a7ec5d8da12356cfd41fdb7c98bb28575da216e2daeaa07ea9eca954e5f3'],0.11992213129997253,0.0,0.0,0.0,masked_reconstruction,1.0,active,60706,1.3486202955245972,1.3486202955245972,
physiology_only,1,28,['20251002_单01_ACT-8_翼云_J16_12#01__pilot_10035::context_end_0032'],['d686a7ec5d8da12356cfd41fdb7c98bb28575da216e2daeaa07ea9eca954e5f3'],0.11992213129997253,0.0,0.0,0.0,short_horizon_prediction,0.5,active,70644,4.69236946105957,2.346184730529785,
physiology_only,1,28,['20251002_单01_ACT-8_翼云_J16_12#01__pilot_10035::context_end_0032'],['d686a7ec5d8da12356cfd41fdb7c98bb28575da216e2daeaa07ea9eca954e5f3'],0.11992213129997253,0.0,0.0,0.0,lag_discrimination,0.2,active,2,0.6911749243736267,0.13823498785495758,
physiology_only,1,29,['20251002_单01_ACT-8_翼云_J16_12#01__pilot_10035::context_end_0033'],['bd6067c9658b3a7aaeb0be28a9702fc256c987936c6c7e158cc5bdda1e6f1482'],0.12111188471317291,0.0,0.0,0.0,masked_reconstruction,1.0,active,59212,0.5284321904182434,0.5284321904182434,
physiology_only,1,29,['20251002_单01_ACT-8_翼云_J16_12#01__pilot_10035::context_end_0033'],['bd6067c9658b3a7aaeb0be28a9702fc256c987936c6c7e158cc5bdda1e6f1482'],0.12111188471317291,0.0,0.0,0.0,short_horizon_prediction,0.5,active,70626,4.959240913391113,2.4796204566955566,
physiology_only,1,29,['20251002_单01_ACT-8_翼云_J16_12#01__pilot_10035::context_end_0033'],['bd6067c9658b3a7aaeb0be28a9702fc256c987936c6c7e158cc5bdda1e6f1482'],0.12111188471317291,0.0,0.0,0.0,lag_discrimination,0.2,active,2,0.6942614316940308,0.1388522833585739,
physiology_only,1,30,['20251002_单01_ACT-8_翼云_J16_12#01__pilot_10035::context_end_0034'],['c661c75a04a5ff0878600c5684158a1705dd1ffaccf240a9a5ea33a995099169'],0.1169750913977623,0.0,0.0,0.0,masked_reconstruction,1.0,active,48794,1.98466157913208,1.98466157913208,
physiology_only,1,30,['20251002_单01_ACT-8_翼云_J16_12#01__pilot_10035::context_end_0034'],['c661c75a04a5ff0878600c5684158a1705dd1ffaccf240a9a5ea33a995099169'],0.1169750913977623,0.0,0.0,0.0,short_horizon_prediction,0.5,active,70631,3.365172863006592,1.682586431503296,
physiology_only,1,30,['20251002_单01_ACT-8_翼云_J16_12#01__pilot_10035::context_end_0034'],['c661c75a04a5ff0878600c5684158a1705dd1ffaccf240a9a5ea33a995099169'],0.1169750913977623,0.0,0.0,0.0,lag_discrimination,0.2,active,2,0.6924082040786743,0.13848164677619934,
physiology_only,1,31,['20251002_单01_ACT-8_翼云_J16_12#01__pilot_10035::context_end_0035'],['82a7c4d57e2dfd87cfa9cd205a031f70f3c6deb207f4334b358062e2e11d724c'],0.12618227303028107,0.0,0.0,0.0,masked_reconstruction,1.0,active,60005,0.40045100450515747,0.40045100450515747,
physiology_only,1,31,['20251002_单01_ACT-8_翼云_J16_12#01__pilot_10035::context_end_0035'],['82a7c4d57e2dfd87cfa9cd205a031f70f3c6deb207f4334b358062e2e11d724c'],0.12618227303028107,0.0,0.0,0.0,short_horizon_prediction,0.5,active,70640,3.207821846008301,1.6039109230041504,
physiology_only,1,31,['20251002_单01_ACT-8_翼云_J16_12#01__pilot_10035::context_end_0035'],['82a7c4d57e2dfd87cfa9cd205a031f70f3c6deb207f4334b358062e2e11d724c'],0.12618227303028107,0.0,0.0,0.0,lag_discrimination,0.2,active,2,0.6917743682861328,0.13835488259792328,
vehicle_only,1,1,['20251002_单01_ACT-8_翼云_J16_12#01__pilot_10035::context_end_0005'],['eea17df4d6cdbc9879557a5f725d292ce25bd415605721bd6ea58db6d6d1e444'],1.634291172027588,0.0,0.0,0.0,masked_reconstruction,1.0,active,60939,1.2546011209487915,1.2546011209487915,
vehicle_only,1,1,['20251002_单01_ACT-8_翼云_J16_12#01__pilot_10035::context_end_0005'],['eea17df4d6cdbc9879557a5f725d292ce25bd415605721bd6ea58db6d6d1e444'],1.634291172027588,0.0,0.0,0.0,short_horizon_prediction,0.5,active,91690,2.1875510215759277,1.0937755107879639,
vehicle_only,1,1,['20251002_单01_ACT-8_翼云_J16_12#01__pilot_10035::context_end_0005'],['eea17df4d6cdbc9879557a5f725d292ce25bd415605721bd6ea58db6d6d1e444'],1.634291172027588,0.0,0.0,0.0,lag_discrimination,0.2,active,2,0.8029952645301819,0.16059905290603638,
vehicle_only,1,2,['20251002_单01_ACT-8_翼云_J16_12#01__pilot_10035::context_end_0006'],['109cb29ec2bd3c6afd412184cea8b9ca66b380db4649931d96c7b8c250e1a9a2'],0.501764178276062,0.0,0.0,0.0,masked_reconstruction,1.0,active,65597,1.3622678518295288,1.3622678518295288,
vehicle_only,1,2,['20251002_单01_ACT-8_翼云_J16_12#01__pilot_10035::context_end_0006'],['109cb29ec2bd3c6afd412184cea8b9ca66b380db4649931d96c7b8c250e1a9a2'],0.501764178276062,0.0,0.0,0.0,short_horizon_prediction,0.5,active,90517,2.268160581588745,1.1340802907943726,
vehicle_only,1,2,['20251002_单01_ACT-8_翼云_J16_12#01__pilot_10035::context_end_0006'],['109cb29ec2bd3c6afd412184cea8b9ca66b380db4649931d96c7b8c250e1a9a2'],0.501764178276062,0.0,0.0,0.0,lag_discrimination,0.2,active,2,0.6753154993057251,0.13506309688091278,
vehicle_only,1,3,['20251002_单01_ACT-8_翼云_J16_12#01__pilot_10035::context_end_0007'],['54b13ea6f14babf2ce2257ba2c79d4c7ef9cf017fc0ec42085f1618d6d68b6a0'],0.3981800973415375,0.0,0.0,0.0,masked_reconstruction,1.0,active,59824,1.736977219581604,1.736977219581604,
vehicle_only,1,3,['20251002_单01_ACT-8_翼云_J16_12#01__pilot_10035::context_end_0007'],['54b13ea6f14babf2ce2257ba2c79d4c7ef9cf017fc0ec42085f1618d6d68b6a0'],0.3981800973415375,0.0,0.0,0.0,short_horizon_prediction,0.5,active,78958,2.6279001235961914,1.3139500617980957,
vehicle_only,1,3,['20251002_单01_ACT-8_翼云_J16_12#01__pilot_10035::context_end_0007'],['54b13ea6f14babf2ce2257ba2c79d4c7ef9cf017fc0ec42085f1618d6d68b6a0'],0.3981800973415375,0.0,0.0,0.0,lag_discrimination,0.2,active,2,0.6295849084854126,0.125916987657547,
vehicle_only,1,4,['20251002_单01_ACT-8_翼云_J16_12#01__pilot_10035::context_end_0008'],['880137135556805d1ac5a2f6febca4fa4908d807c33d0a3fb001cb70fa961f2b'],0.5531458258628845,0.0,0.0,0.0,masked_reconstruction,1.0,active,74139,1.2166839838027954,1.2166839838027954,
vehicle_only,1,4,['20251002_单01_ACT-8_翼云_J16_12#01__pilot_10035::context_end_0008'],['880137135556805d1ac5a2f6febca4fa4908d807c33d0a3fb001cb70fa961f2b'],0.5531458258628845,0.0,0.0,0.0,short_horizon_prediction,0.5,active,82572,2.2290220260620117,1.1145110130310059,
vehicle_only,1,4,['20251002_单01_ACT-8_翼云_J16_12#01__pilot_10035::context_end_0008'],['880137135556805d1ac5a2f6febca4fa4908d807c33d0a3fb001cb70fa961f2b'],0.5531458258628845,0.0,0.0,0.0,lag_discrimination,0.2,active,2,0.5917984247207642,0.11835968494415283,
vehicle_only,1,5,['20251002_单01_ACT-8_翼云_J16_12#01__pilot_10035::context_end_0009'],['a1073a503127e49afc6f72b0e39753eb9f92937a44c99190b219f209f31bfa33'],2.173649549484253,0.0,0.0,0.0,masked_reconstruction,1.0,active,56719,0.9142085313796997,0.9142085313796997,
vehicle_only,1,5,['20251002_单01_ACT-8_翼云_J16_12#01__pilot_10035::context_end_0009'],['a1073a503127e49afc6f72b0e39753eb9f92937a44c99190b219f209f31bfa33'],2.173649549484253,0.0,0.0,0.0,short_horizon_prediction,0.5,active,86536,2.525604724884033,1.2628023624420166,
vehicle_only,1,5,['20251002_单01_ACT-8_翼云_J16_12#01__pilot_10035::context_end_0009'],['a1073a503127e49afc6f72b0e39753eb9f92937a44c99190b219f209f31bfa33'],2.173649549484253,0.0,0.0,0.0,lag_discrimination,0.2,active,2,0.8698141574859619,0.17396283149719238,
vehicle_only,1,6,['20251002_单01_ACT-8_翼云_J16_12#01__pilot_10035::context_end_0010'],['c25671c3158cabe9d7af0b8ea3dbdec60f64c8790e3e277d27551052d610b16c'],0.6942654848098755,0.0,0.0,0.0,masked_reconstruction,1.0,active,53080,0.3762987554073334,0.3762987554073334,
vehicle_only,1,6,['20251002_单01_ACT-8_翼云_J16_12#01__pilot_10035::context_end_0010'],['c25671c3158cabe9d7af0b8ea3dbdec60f64c8790e3e277d27551052d610b16c'],0.6942654848098755,0.0,0.0,0.0,short_horizon_prediction,0.5,active,90012,1.4817754030227661,0.7408877015113831,
vehicle_only,1,6,['20251002_单01_ACT-8_翼云_J16_12#01__pilot_10035::context_end_0010'],['c25671c3158cabe9d7af0b8ea3dbdec60f64c8790e3e277d27551052d610b16c'],0.6942654848098755,0.0,0.0,0.0,lag_discrimination,0.2,active,2,0.5951153039932251,0.11902306228876114,
vehicle_only,1,7,['20251002_单01_ACT-8_翼云_J16_12#01__pilot_10035::context_end_0011'],['eb55e42d9743a7d412f70a6ebd1d4b941aa1cba72505273a8aa842d2934ad1ef'],0.75544273853302,0.0,0.0,0.0,masked_reconstruction,1.0,active,57082,0.6737006306648254,0.6737006306648254,
vehicle_only,1,7,['20251002_单01_ACT-8_翼云_J16_12#01__pilot_10035::context_end_0011'],['eb55e42d9743a7d412f70a6ebd1d4b941aa1cba72505273a8aa842d2934ad1ef'],0.75544273853302,0.0,0.0,0.0,short_horizon_prediction,0.5,active,78561,1.5727766752243042,0.7863883376121521,
vehicle_only,1,7,['20251002_单01_ACT-8_翼云_J16_12#01__pilot_10035::context_end_0011'],['eb55e42d9743a7d412f70a6ebd1d4b941aa1cba72505273a8aa842d2934ad1ef'],0.75544273853302,0.0,0.0,0.0,lag_discrimination,0.2,active,2,0.795848548412323,0.15916971862316132,
vehicle_only,1,8,['20251002_单01_ACT-8_翼云_J16_12#01__pilot_10035::context_end_0012'],['5a6b693cd2cd5c137436419d27b10f0ca44899c5c1c01f174a6ba4c95b1c5b90'],0.42299893498420715,0.0,0.0,0.0,masked_reconstruction,1.0,active,71804,0.4090723693370819,0.4090723693370819,
vehicle_only,1,8,['20251002_单01_ACT-8_翼云_J16_12#01__pilot_10035::context_end_0012'],['5a6b693cd2cd5c137436419d27b10f0ca44899c5c1c01f174a6ba4c95b1c5b90'],0.42299893498420715,0.0,0.0,0.0,short_horizon_prediction,0.5,active,82527,1.546420931816101,0.7732104659080505,
vehicle_only,1,8,['20251002_单01_ACT-8_翼云_J16_12#01__pilot_10035::context_end_0012'],['5a6b693cd2cd5c137436419d27b10f0ca44899c5c1c01f174a6ba4c95b1c5b90'],0.42299893498420715,0.0,0.0,0.0,lag_discrimination,0.2,active,2,0.6900162696838379,0.13800325989723206,
vehicle_only,1,9,['20251002_单01_ACT-8_翼云_J16_12#01__pilot_10035::context_end_0013'],['fe4f8b9905702602ef350ee7b1d5491293899b5e669767046fc9f830a8584a0d'],0.5472399592399597,0.0,0.0,0.0,masked_reconstruction,1.0,active,59405,0.5235916376113892,0.5235916376113892,
vehicle_only,1,9,['20251002_单01_ACT-8_翼云_J16_12#01__pilot_10035::context_end_0013'],['fe4f8b9905702602ef350ee7b1d5491293899b5e669767046fc9f830a8584a0d'],0.5472399592399597,0.0,0.0,0.0,short_horizon_prediction,0.5,active,86089,1.6150083541870117,0.8075041770935059,
vehicle_only,1,9,['20251002_单01_ACT-8_翼云_J16_12#01__pilot_10035::context_end_0013'],['fe4f8b9905702602ef350ee7b1d5491293899b5e669767046fc9f830a8584a0d'],0.5472399592399597,0.0,0.0,0.0,lag_discrimination,0.2,active,2,0.7247641682624817,0.14495283365249634,
vehicle_only,1,10,['20251002_单01_ACT-8_翼云_J16_12#01__pilot_10035::context_end_0014'],['091c1f29075270a1e28e6f94f5ec114d38d5eb82100dc3052afe41aa9e7b591f'],0.40475186705589294,0.0,0.0,0.0,masked_reconstruction,1.0,active,74883,0.8046160340309143,0.8046160340309143,
vehicle_only,1,10,['20251002_单01_ACT-8_翼云_J16_12#01__pilot_10035::context_end_0014'],['091c1f29075270a1e28e6f94f5ec114d38d5eb82100dc3052afe41aa9e7b591f'],0.40475186705589294,0.0,0.0,0.0,short_horizon_prediction,0.5,active,89483,1.5546313524246216,0.7773156762123108,
vehicle_only,1,10,['20251002_单01_ACT-8_翼云_J16_12#01__pilot_10035::context_end_0014'],['091c1f29075270a1e28e6f94f5ec114d38d5eb82100dc3052afe41aa9e7b591f'],0.40475186705589294,0.0,0.0,0.0,lag_discrimination,0.2,active,2,0.7091349363327026,0.14182698726654053,
vehicle_only,1,11,['20251002_单01_ACT-8_翼云_J16_12#01__pilot_10035::context_end_0015'],['11fe10a6eddc630e8924891330262b4df1a15a43093f74d57f620acadda78231'],0.49984532594680786,0.0,0.0,0.0,masked_reconstruction,1.0,active,50108,0.35726237297058105,0.35726237297058105,
vehicle_only,1,11,['20251002_单01_ACT-8_翼云_J16_12#01__pilot_10035::context_end_0015'],['11fe10a6eddc630e8924891330262b4df1a15a43093f74d57f620acadda78231'],0.49984532594680786,0.0,0.0,0.0,short_horizon_prediction,0.5,active,78417,1.3603637218475342,0.6801818609237671,
vehicle_only,1,11,['20251002_单01_ACT-8_翼云_J16_12#01__pilot_10035::context_end_0015'],['11fe10a6eddc630e8924891330262b4df1a15a43093f74d57f620acadda78231'],0.49984532594680786,0.0,0.0,0.0,lag_discrimination,0.2,active,2,0.6702402830123901,0.13404805958271027,
vehicle_only,1,12,['20251002_单01_ACT-8_翼云_J16_12#01__pilot_10035::context_end_0016'],['2981b292ee6fb0ccd64f1ab45cc33c8e17173d302204cb349d28455a46753979'],0.594613790512085,0.0,0.0,0.0,masked_reconstruction,1.0,active,58151,0.9203070402145386,0.9203070402145386,
vehicle_only,1,12,['20251002_单01_ACT-8_翼云_J16_12#01__pilot_10035::context_end_0016'],['2981b292ee6fb0ccd64f1ab45cc33c8e17173d302204cb349d28455a46753979'],0.594613790512085,0.0,0.0,0.0,short_horizon_prediction,0.5,active,81988,1.441506266593933,0.7207531332969666,
vehicle_only,1,12,['20251002_单01_ACT-8_翼云_J16_12#01__pilot_10035::context_end_0016'],['2981b292ee6fb0ccd64f1ab45cc33c8e17173d302204cb349d28455a46753979'],0.594613790512085,0.0,0.0,0.0,lag_discrimination,0.2,active,2,0.6656067371368408,0.13312135636806488,
vehicle_only,1,13,['20251002_单01_ACT-8_翼云_J16_12#01__pilot_10035::context_end_0017'],['84e74617f13293837d23cb606a685b8c5e85d2e8c9eb428d8640eb734625ea79'],0.5848219394683838,0.0,0.0,0.0,masked_reconstruction,1.0,active,52550,1.4367479085922241,1.4367479085922241,
vehicle_only,1,13,['20251002_单01_ACT-8_翼云_J16_12#01__pilot_10035::context_end_0017'],['84e74617f13293837d23cb606a685b8c5e85d2e8c9eb428d8640eb734625ea79'],0.5848219394683838,0.0,0.0,0.0,short_horizon_prediction,0.5,active,85508,1.9349136352539062,0.9674568176269531,
vehicle_only,1,13,['20251002_单01_ACT-8_翼云_J16_12#01__pilot_10035::context_end_0017'],['84e74617f13293837d23cb606a685b8c5e85d2e8c9eb428d8640eb734625ea79'],0.5848219394683838,0.0,0.0,0.0,lag_discrimination,0.2,active,2,0.6395255327224731,0.12790511548519135,
vehicle_only,1,14,['20251002_单01_ACT-8_翼云_J16_12#01__pilot_10035::context_end_0018'],['bee23e71f018e7f246a604d288b9b657cf272b78c74b10018890a8a64f76c395'],0.47654473781585693,0.0,0.0,0.0,masked_reconstruction,1.0,active,60468,0.8317462801933289,0.8317462801933289,
vehicle_only,1,14,['20251002_单01_ACT-8_翼云_J16_12#01__pilot_10035::context_end_0018'],['bee23e71f018e7f246a604d288b9b657cf272b78c74b10018890a8a64f76c395'],0.47654473781585693,0.0,0.0,0.0,short_horizon_prediction,0.5,active,89108,1.6564775705337524,0.8282387852668762,
vehicle_only,1,14,['20251002_单01_ACT-8_翼云_J16_12#01__pilot_10035::context_end_0018'],['bee23e71f018e7f246a604d288b9b657cf272b78c74b10018890a8a64f76c395'],0.47654473781585693,0.0,0.0,0.0,lag_discrimination,0.2,active,2,0.6061118245124817,0.1212223693728447,
vehicle_only,1,15,['20251002_单01_ACT-8_翼云_J16_12#01__pilot_10035::context_end_0019'],['552dc9c66475dacc96366fa516835da7e0a073ce4e27d58376f28207652f35b8'],0.46955668926239014,0.0,0.0,0.0,masked_reconstruction,1.0,active,55569,0.8877205848693848,0.8877205848693848,
vehicle_only,1,15,['20251002_单01_ACT-8_翼云_J16_12#01__pilot_10035::context_end_0019'],['552dc9c66475dacc96366fa516835da7e0a073ce4e27d58376f28207652f35b8'],0.46955668926239014,0.0,0.0,0.0,short_horizon_prediction,0.5,active,70573,1.9012060165405273,0.9506030082702637,
vehicle_only,1,15,['20251002_单01_ACT-8_翼云_J16_12#01__pilot_10035::context_end_0019'],['552dc9c66475dacc96366fa516835da7e0a073ce4e27d58376f28207652f35b8'],0.46955668926239014,0.0,0.0,0.0,lag_discrimination,0.2,active,2,0.6715977191925049,0.13431954383850098,
vehicle_only,1,16,['20251002_单01_ACT-8_翼云_J16_12#01__pilot_10035::context_end_0020'],['49b4b0e0e12b36e0a1c90ab2919ec1b67d374413c994753fca0ad4cb0c261b06'],0.9368441104888916,0.0,0.0,0.0,masked_reconstruction,1.0,active,61632,1.194756269454956,1.194756269454956,
vehicle_only,1,16,['20251002_单01_ACT-8_翼云_J16_12#01__pilot_10035::context_end_0020'],['49b4b0e0e12b36e0a1c90ab2919ec1b67d374413c994753fca0ad4cb0c261b06'],0.9368441104888916,0.0,0.0,0.0,short_horizon_prediction,0.5,active,70564,2.0567498207092285,1.0283749103546143,
vehicle_only,1,16,['20251002_单01_ACT-8_翼云_J16_12#01__pilot_10035::context_end_0020'],['49b4b0e0e12b36e0a1c90ab2919ec1b67d374413c994753fca0ad4cb0c261b06'],0.9368441104888916,0.0,0.0,0.0,lag_discrimination,0.2,active,2,0.7228906750679016,0.14457814395427704,
vehicle_only,1,17,['20251002_单01_ACT-8_翼云_J16_12#01__pilot_10035::context_end_0021'],['a1e797223951ee19e55627bf59c436d5c6444a08645a397aabfa4975553f1dc9'],0.3247683048248291,0.0,0.0,0.0,masked_reconstruction,1.0,active,54272,1.18105947971344,1.18105947971344,
vehicle_only,1,17,['20251002_单01_ACT-8_翼云_J16_12#01__pilot_10035::context_end_0021'],['a1e797223951ee19e55627bf59c436d5c6444a08645a397aabfa4975553f1dc9'],0.3247683048248291,0.0,0.0,0.0,short_horizon_prediction,0.5,active,70593,2.5554299354553223,1.2777149677276611,
vehicle_only,1,17,['20251002_单01_ACT-8_翼云_J16_12#01__pilot_10035::context_end_0021'],['a1e797223951ee19e55627bf59c436d5c6444a08645a397aabfa4975553f1dc9'],0.3247683048248291,0.0,0.0,0.0,lag_discrimination,0.2,active,2,0.6432914733886719,0.12865829467773438,
vehicle_only,1,18,['20251002_单01_ACT-8_翼云_J16_12#01__pilot_10035::context_end_0022'],['5151b5ce85b60ff4611bdb6bc277a6c011d81793502be0f650acbe1d4ee3d73b'],0.32093358039855957,0.0,0.0,0.0,masked_reconstruction,1.0,active,54898,0.3252790868282318,0.3252790868282318,
vehicle_only,1,18,['20251002_单01_ACT-8_翼云_J16_12#01__pilot_10035::context_end_0022'],['5151b5ce85b60ff4611bdb6bc277a6c011d81793502be0f650acbe1d4ee3d73b'],0.32093358039855957,0.0,0.0,0.0,short_horizon_prediction,0.5,active,70632,2.5512287616729736,1.2756143808364868,
vehicle_only,1,18,['20251002_单01_ACT-8_翼云_J16_12#01__pilot_10035::context_end_0022'],['5151b5ce85b60ff4611bdb6bc277a6c011d81793502be0f650acbe1d4ee3d73b'],0.32093358039855957,0.0,0.0,0.0,lag_discrimination,0.2,active,2,0.624292254447937,0.12485845386981964,
vehicle_only,1,19,['20251002_单01_ACT-8_翼云_J16_12#01__pilot_10035::context_end_0023'],['4be21067ce9ef81ae6e765f0c4745bc2e84341f7a043644b8b33f3882689abc2'],0.2713853418827057,0.0,0.0,0.0,masked_reconstruction,1.0,active,53624,1.2690207958221436,1.2690207958221436,
vehicle_only,1,19,['20251002_单01_ACT-8_翼云_J16_12#01__pilot_10035::context_end_0023'],['4be21067ce9ef81ae6e765f0c4745bc2e84341f7a043644b8b33f3882689abc2'],0.2713853418827057,0.0,0.0,0.0,short_horizon_prediction,0.5,active,70596,2.320657968521118,1.160328984260559,
vehicle_only,1,19,['20251002_单01_ACT-8_翼云_J16_12#01__pilot_10035::context_end_0023'],['4be21067ce9ef81ae6e765f0c4745bc2e84341f7a043644b8b33f3882689abc2'],0.2713853418827057,0.0,0.0,0.0,lag_discrimination,0.2,active,2,0.5729995369911194,0.11459990590810776,
vehicle_only,1,20,['20251002_单01_ACT-8_翼云_J16_12#01__pilot_10035::context_end_0024'],['6e64eef1608fdb35f08006c2a30616e34ecd421a6430e8f1adceb0132f99f3ac'],0.36705902218818665,0.0,0.0,0.0,masked_reconstruction,1.0,active,58812,1.3582634925842285,1.3582634925842285,
vehicle_only,1,20,['20251002_单01_ACT-8_翼云_J16_12#01__pilot_10035::context_end_0024'],['6e64eef1608fdb35f08006c2a30616e34ecd421a6430e8f1adceb0132f99f3ac'],0.36705902218818665,0.0,0.0,0.0,short_horizon_prediction,0.5,active,70586,2.7530269622802734,1.3765134811401367,
vehicle_only,1,20,['20251002_单01_ACT-8_翼云_J16_12#01__pilot_10035::context_end_0024'],['6e64eef1608fdb35f08006c2a30616e34ecd421a6430e8f1adceb0132f99f3ac'],0.36705902218818665,0.0,0.0,0.0,lag_discrimination,0.2,active,2,0.6884027719497681,0.1376805603504181,
vehicle_only,1,21,['20251002_单01_ACT-8_翼云_J16_12#01__pilot_10035::context_end_0025'],['1da076d67a41f8c40648046aa8fe01477950b2f83583665a8ea4a88a77ac3af1'],0.5308542847633362,0.0,0.0,0.0,masked_reconstruction,1.0,active,59558,0.9379686713218689,0.9379686713218689,
vehicle_only,1,21,['20251002_单01_ACT-8_翼云_J16_12#01__pilot_10035::context_end_0025'],['1da076d67a41f8c40648046aa8fe01477950b2f83583665a8ea4a88a77ac3af1'],0.5308542847633362,0.0,0.0,0.0,short_horizon_prediction,0.5,active,70596,2.7315876483917236,1.3657938241958618,
vehicle_only,1,21,['20251002_单01_ACT-8_翼云_J16_12#01__pilot_10035::context_end_0025'],['1da076d67a41f8c40648046aa8fe01477950b2f83583665a8ea4a88a77ac3af1'],0.5308542847633362,0.0,0.0,0.0,lag_discrimination,0.2,active,2,0.6275286078453064,0.125505730509758,
vehicle_only,1,22,['20251002_单01_ACT-8_翼云_J16_12#01__pilot_10035::context_end_0026'],['b85a94c39336fb5762fafb617b488a7ebf1047675c5097bcdca8d7d96b582060'],0.630885899066925,0.0,0.0,0.0,masked_reconstruction,1.0,active,55817,1.0828094482421875,1.0828094482421875,
vehicle_only,1,22,['20251002_单01_ACT-8_翼云_J16_12#01__pilot_10035::context_end_0026'],['b85a94c39336fb5762fafb617b488a7ebf1047675c5097bcdca8d7d96b582060'],0.630885899066925,0.0,0.0,0.0,short_horizon_prediction,0.5,active,70583,2.7971301078796387,1.3985650539398193,
vehicle_only,1,22,['20251002_单01_ACT-8_翼云_J16_12#01__pilot_10035::context_end_0026'],['b85a94c39336fb5762fafb617b488a7ebf1047675c5097bcdca8d7d96b582060'],0.630885899066925,0.0,0.0,0.0,lag_discrimination,0.2,active,2,0.5903792381286621,0.11807584762573242,
vehicle_only,1,23,['20251002_单01_ACT-8_翼云_J16_12#01__pilot_10035::context_end_0027'],['593f5e125d038c4b2cab59d389ffbc9c2ef6857fbee1af1a70b9aade6d22ac90'],0.6121578812599182,0.0,0.0,0.0,masked_reconstruction,1.0,active,61631,1.9200923442840576,1.9200923442840576,
vehicle_only,1,23,['20251002_单01_ACT-8_翼云_J16_12#01__pilot_10035::context_end_0027'],['593f5e125d038c4b2cab59d389ffbc9c2ef6857fbee1af1a70b9aade6d22ac90'],0.6121578812599182,0.0,0.0,0.0,short_horizon_prediction,0.5,active,70565,2.5678999423980713,1.2839499711990356,
vehicle_only,1,23,['20251002_单01_ACT-8_翼云_J16_12#01__pilot_10035::context_end_0027'],['593f5e125d038c4b2cab59d389ffbc9c2ef6857fbee1af1a70b9aade6d22ac90'],0.6121578812599182,0.0,0.0,0.0,lag_discrimination,0.2,active,2,0.6371511220932007,0.12743023037910461,
vehicle_only,1,24,['20251002_单01_ACT-8_翼云_J16_12#01__pilot_10035::context_end_0028'],['9384d1ceacd2e63d0e45ec9512d771aab2235901e3dac2047ed43089927677fe'],0.41748571395874023,0.0,0.0,0.0,masked_reconstruction,1.0,active,56347,1.066027283668518,1.066027283668518,
vehicle_only,1,24,['20251002_单01_ACT-8_翼云_J16_12#01__pilot_10035::context_end_0028'],['9384d1ceacd2e63d0e45ec9512d771aab2235901e3dac2047ed43089927677fe'],0.41748571395874023,0.0,0.0,0.0,short_horizon_prediction,0.5,active,70606,3.6190829277038574,1.8095414638519287,
vehicle_only,1,24,['20251002_单01_ACT-8_翼云_J16_12#01__pilot_10035::context_end_0028'],['9384d1ceacd2e63d0e45ec9512d771aab2235901e3dac2047ed43089927677fe'],0.41748571395874023,0.0,0.0,0.0,lag_discrimination,0.2,active,2,0.6207249760627747,0.12414499372243881,
vehicle_only,1,25,['20251002_单01_ACT-8_翼云_J16_12#01__pilot_10035::context_end_0029'],['93c16221d217f1d51750ee340635970a95b51058a2396b1b6531c2968343341c'],0.8508082032203674,0.0,0.0,0.0,masked_reconstruction,1.0,active,62546,2.873812437057495,2.873812437057495,
vehicle_only,1,25,['20251002_单01_ACT-8_翼云_J16_12#01__pilot_10035::context_end_0029'],['93c16221d217f1d51750ee340635970a95b51058a2396b1b6531c2968343341c'],0.8508082032203674,0.0,0.0,0.0,short_horizon_prediction,0.5,active,70528,3.3825018405914307,1.6912509202957153,
vehicle_only,1,25,['20251002_单01_ACT-8_翼云_J16_12#01__pilot_10035::context_end_0029'],['93c16221d217f1d51750ee340635970a95b51058a2396b1b6531c2968343341c'],0.8508082032203674,0.0,0.0,0.0,lag_discrimination,0.2,active,2,0.7783273458480835,0.15566547214984894,
vehicle_only,1,26,['20251002_单01_ACT-8_翼云_J16_12#01__pilot_10035::context_end_0030'],['033cd43e255cee17c368a9422cbf7231f47d7c8f3e700cd9b7cb5ebd12e9150f'],0.23696276545524597,0.0,0.0,0.0,masked_reconstruction,1.0,active,61936,2.655383586883545,2.655383586883545,
vehicle_only,1,26,['20251002_单01_ACT-8_翼云_J16_12#01__pilot_10035::context_end_0030'],['033cd43e255cee17c368a9422cbf7231f47d7c8f3e700cd9b7cb5ebd12e9150f'],0.23696276545524597,0.0,0.0,0.0,short_horizon_prediction,0.5,active,70529,3.3246853351593018,1.6623426675796509,
vehicle_only,1,26,['20251002_单01_ACT-8_翼云_J16_12#01__pilot_10035::context_end_0030'],['033cd43e255cee17c368a9422cbf7231f47d7c8f3e700cd9b7cb5ebd12e9150f'],0.23696276545524597,0.0,0.0,0.0,lag_discrimination,0.2,active,2,0.6214653253555298,0.12429306656122208,
vehicle_only,1,27,['20251002_单01_ACT-8_翼云_J16_12#01__pilot_10035::context_end_0031'],['412928934d61f5f18698f16ac41f95953246738e20bb7980b41eb1100c87472b'],0.3919869661331177,0.0,0.0,0.0,masked_reconstruction,1.0,active,57134,1.3120455741882324,1.3120455741882324,
vehicle_only,1,27,['20251002_单01_ACT-8_翼云_J16_12#01__pilot_10035::context_end_0031'],['412928934d61f5f18698f16ac41f95953246738e20bb7980b41eb1100c87472b'],0.3919869661331177,0.0,0.0,0.0,short_horizon_prediction,0.5,active,70639,4.390721321105957,2.1953606605529785,
vehicle_only,1,27,['20251002_单01_ACT-8_翼云_J16_12#01__pilot_10035::context_end_0031'],['412928934d61f5f18698f16ac41f95953246738e20bb7980b41eb1100c87472b'],0.3919869661331177,0.0,0.0,0.0,lag_discrimination,0.2,active,2,0.5493008494377136,0.10986017435789108,
vehicle_only,1,28,['20251002_单01_ACT-8_翼云_J16_12#01__pilot_10035::context_end_0032'],['d686a7ec5d8da12356cfd41fdb7c98bb28575da216e2daeaa07ea9eca954e5f3'],0.7582793235778809,0.0,0.0,0.0,masked_reconstruction,1.0,active,60706,1.372883915901184,1.372883915901184,
vehicle_only,1,28,['20251002_单01_ACT-8_翼云_J16_12#01__pilot_10035::context_end_0032'],['d686a7ec5d8da12356cfd41fdb7c98bb28575da216e2daeaa07ea9eca954e5f3'],0.7582793235778809,0.0,0.0,0.0,short_horizon_prediction,0.5,active,70644,4.712769985198975,2.3563849925994873,
vehicle_only,1,28,['20251002_单01_ACT-8_翼云_J16_12#01__pilot_10035::context_end_0032'],['d686a7ec5d8da12356cfd41fdb7c98bb28575da216e2daeaa07ea9eca954e5f3'],0.7582793235778809,0.0,0.0,0.0,lag_discrimination,0.2,active,2,0.6826707720756531,0.13653415441513062,
vehicle_only,1,29,['20251002_单01_ACT-8_翼云_J16_12#01__pilot_10035::context_end_0033'],['bd6067c9658b3a7aaeb0be28a9702fc256c987936c6c7e158cc5bdda1e6f1482'],0.78425532579422,0.0,0.0,0.0,masked_reconstruction,1.0,active,59212,0.5518947839736938,0.5518947839736938,
vehicle_only,1,29,['20251002_单01_ACT-8_翼云_J16_12#01__pilot_10035::context_end_0033'],['bd6067c9658b3a7aaeb0be28a9702fc256c987936c6c7e158cc5bdda1e6f1482'],0.78425532579422,0.0,0.0,0.0,short_horizon_prediction,0.5,active,70626,4.979220867156982,2.489610433578491,
vehicle_only,1,29,['20251002_单01_ACT-8_翼云_J16_12#01__pilot_10035::context_end_0033'],['bd6067c9658b3a7aaeb0be28a9702fc256c987936c6c7e158cc5bdda1e6f1482'],0.78425532579422,0.0,0.0,0.0,lag_discrimination,0.2,active,2,0.7332102060317993,0.1466420441865921,
vehicle_only,1,30,['20251002_单01_ACT-8_翼云_J16_12#01__pilot_10035::context_end_0034'],['c661c75a04a5ff0878600c5684158a1705dd1ffaccf240a9a5ea33a995099169'],0.2032039910554886,0.0,0.0,0.0,masked_reconstruction,1.0,active,48794,2.0001614093780518,2.0001614093780518,
vehicle_only,1,30,['20251002_单01_ACT-8_翼云_J16_12#01__pilot_10035::context_end_0034'],['c661c75a04a5ff0878600c5684158a1705dd1ffaccf240a9a5ea33a995099169'],0.2032039910554886,0.0,0.0,0.0,short_horizon_prediction,0.5,active,70631,3.379344940185547,1.6896724700927734,
vehicle_only,1,30,['20251002_单01_ACT-8_翼云_J16_12#01__pilot_10035::context_end_0034'],['c661c75a04a5ff0878600c5684158a1705dd1ffaccf240a9a5ea33a995099169'],0.2032039910554886,0.0,0.0,0.0,lag_discrimination,0.2,active,2,0.6225994825363159,0.12451989948749542,
vehicle_only,1,31,['20251002_单01_ACT-8_翼云_J16_12#01__pilot_10035::context_end_0035'],['82a7c4d57e2dfd87cfa9cd205a031f70f3c6deb207f4334b358062e2e11d724c'],0.5237287282943726,0.0,0.0,0.0,masked_reconstruction,1.0,active,60005,0.4170057773590088,0.4170057773590088,
vehicle_only,1,31,['20251002_单01_ACT-8_翼云_J16_12#01__pilot_10035::context_end_0035'],['82a7c4d57e2dfd87cfa9cd205a031f70f3c6deb207f4334b358062e2e11d724c'],0.5237287282943726,0.0,0.0,0.0,short_horizon_prediction,0.5,active,70640,3.2253427505493164,1.6126713752746582,
vehicle_only,1,31,['20251002_单01_ACT-8_翼云_J16_12#01__pilot_10035::context_end_0035'],['82a7c4d57e2dfd87cfa9cd205a031f70f3c6deb207f4334b358062e2e11d724c'],0.5237287282943726,0.0,0.0,0.0,lag_discrimination,0.2,active,2,0.6149893403053284,0.12299787253141403,
mult,1,1,['20251002_单01_ACT-8_翼云_J16_12#01__pilot_10035::context_end_0005'],['eea17df4d6cdbc9879557a5f725d292ce25bd415605721bd6ea58db6d6d1e444'],80684.5625,0.0,0.0,0.0,masked_reconstruction,1.0,active,60939,1.1499024629592896,1.1499024629592896,
mult,1,1,['20251002_单01_ACT-8_翼云_J16_12#01__pilot_10035::context_end_0005'],['eea17df4d6cdbc9879557a5f725d292ce25bd415605721bd6ea58db6d6d1e444'],80684.5625,0.0,0.0,0.0,short_horizon_prediction,0.5,active,91690,2.1039960384368896,1.0519980192184448,
mult,1,1,['20251002_单01_ACT-8_翼云_J16_12#01__pilot_10035::context_end_0005'],['eea17df4d6cdbc9879557a5f725d292ce25bd415605721bd6ea58db6d6d1e444'],80684.5625,0.0,0.0,0.0,lag_discrimination,0.2,active,2,0.7143765091896057,0.1428752988576889,
mult,1,2,['20251002_单01_ACT-8_翼云_J16_12#01__pilot_10035::context_end_0006'],['109cb29ec2bd3c6afd412184cea8b9ca66b380db4649931d96c7b8c250e1a9a2'],1.6027936935424805,0.0,0.0,0.0,masked_reconstruction,1.0,active,65597,1.2558170557022095,1.2558170557022095,
mult,1,2,['20251002_单01_ACT-8_翼云_J16_12#01__pilot_10035::context_end_0006'],['109cb29ec2bd3c6afd412184cea8b9ca66b380db4649931d96c7b8c250e1a9a2'],1.6027936935424805,0.0,0.0,0.0,short_horizon_prediction,0.5,active,90517,2.1752564907073975,1.0876282453536987,
mult,1,2,['20251002_单01_ACT-8_翼云_J16_12#01__pilot_10035::context_end_0006'],['109cb29ec2bd3c6afd412184cea8b9ca66b380db4649931d96c7b8c250e1a9a2'],1.6027936935424805,0.0,0.0,0.0,lag_discrimination,0.2,active,2,0.6504788398742676,0.13009576499462128,
mult,1,3,['20251002_单01_ACT-8_翼云_J16_12#01__pilot_10035::context_end_0007'],['54b13ea6f14babf2ce2257ba2c79d4c7ef9cf017fc0ec42085f1618d6d68b6a0'],1.821115493774414,0.0,0.0,0.0,masked_reconstruction,1.0,active,59824,1.6223022937774658,1.6223022937774658,
mult,1,3,['20251002_单01_ACT-8_翼云_J16_12#01__pilot_10035::context_end_0007'],['54b13ea6f14babf2ce2257ba2c79d4c7ef9cf017fc0ec42085f1618d6d68b6a0'],1.821115493774414,0.0,0.0,0.0,short_horizon_prediction,0.5,active,78958,2.526770830154419,1.2633854150772095,
mult,1,3,['20251002_单01_ACT-8_翼云_J16_12#01__pilot_10035::context_end_0007'],['54b13ea6f14babf2ce2257ba2c79d4c7ef9cf017fc0ec42085f1618d6d68b6a0'],1.821115493774414,0.0,0.0,0.0,lag_discrimination,0.2,active,2,0.6848342418670654,0.13696685433387756,
mult,1,4,['20251002_单01_ACT-8_翼云_J16_12#01__pilot_10035::context_end_0008'],['880137135556805d1ac5a2f6febca4fa4908d807c33d0a3fb001cb70fa961f2b'],1.7112749814987183,0.0,0.0,0.0,masked_reconstruction,1.0,active,74139,1.1056439876556396,1.1056439876556396,
mult,1,4,['20251002_单01_ACT-8_翼云_J16_12#01__pilot_10035::context_end_0008'],['880137135556805d1ac5a2f6febca4fa4908d807c33d0a3fb001cb70fa961f2b'],1.7112749814987183,0.0,0.0,0.0,short_horizon_prediction,0.5,active,82572,2.125112295150757,1.0625561475753784,
mult,1,4,['20251002_单01_ACT-8_翼云_J16_12#01__pilot_10035::context_end_0008'],['880137135556805d1ac5a2f6febca4fa4908d807c33d0a3fb001cb70fa961f2b'],1.7112749814987183,0.0,0.0,0.0,lag_discrimination,0.2,active,2,0.4563853144645691,0.09127706289291382,
mult,1,5,['20251002_单01_ACT-8_翼云_J16_12#01__pilot_10035::context_end_0009'],['a1073a503127e49afc6f72b0e39753eb9f92937a44c99190b219f209f31bfa33'],3.491523027420044,0.0,0.0,0.0,masked_reconstruction,1.0,active,56719,0.8067226409912109,0.8067226409912109,
mult,1,5,['20251002_单01_ACT-8_翼云_J16_12#01__pilot_10035::context_end_0009'],['a1073a503127e49afc6f72b0e39753eb9f92937a44c99190b219f209f31bfa33'],3.491523027420044,0.0,0.0,0.0,short_horizon_prediction,0.5,active,86536,2.427185297012329,1.2135926485061646,
mult,1,5,['20251002_单01_ACT-8_翼云_J16_12#01__pilot_10035::context_end_0009'],['a1073a503127e49afc6f72b0e39753eb9f92937a44c99190b219f209f31bfa33'],3.491523027420044,0.0,0.0,0.0,lag_discrimination,0.2,active,2,0.7996112108230591,0.15992224216461182,
mult,1,6,['20251002_单01_ACT-8_翼云_J16_12#01__pilot_10035::context_end_0010'],['c25671c3158cabe9d7af0b8ea3dbdec60f64c8790e3e277d27551052d610b16c'],2.87408185005188,0.0,0.0,0.0,masked_reconstruction,1.0,active,53080,0.2757754623889923,0.2757754623889923,
mult,1,6,['20251002_单01_ACT-8_翼云_J16_12#01__pilot_10035::context_end_0010'],['c25671c3158cabe9d7af0b8ea3dbdec60f64c8790e3e277d27551052d610b16c'],2.87408185005188,0.0,0.0,0.0,short_horizon_prediction,0.5,active,90012,1.3839021921157837,0.6919510960578918,
mult,1,6,['20251002_单01_ACT-8_翼云_J16_12#01__pilot_10035::context_end_0010'],['c25671c3158cabe9d7af0b8ea3dbdec60f64c8790e3e277d27551052d610b16c'],2.87408185005188,0.0,0.0,0.0,lag_discrimination,0.2,active,2,0.5767766833305359,0.11535533517599106,
mult,1,7,['20251002_单01_ACT-8_翼云_J16_12#01__pilot_10035::context_end_0011'],['eb55e42d9743a7d412f70a6ebd1d4b941aa1cba72505273a8aa842d2934ad1ef'],2.8296124935150146,0.0,0.0,0.0,masked_reconstruction,1.0,active,57082,0.5766597390174866,0.5766597390174866,
mult,1,7,['20251002_单01_ACT-8_翼云_J16_12#01__pilot_10035::context_end_0011'],['eb55e42d9743a7d412f70a6ebd1d4b941aa1cba72505273a8aa842d2934ad1ef'],2.8296124935150146,0.0,0.0,0.0,short_horizon_prediction,0.5,active,78561,1.478268027305603,0.7391340136528015,
mult,1,7,['20251002_单01_ACT-8_翼云_J16_12#01__pilot_10035::context_end_0011'],['eb55e42d9743a7d412f70a6ebd1d4b941aa1cba72505273a8aa842d2934ad1ef'],2.8296124935150146,0.0,0.0,0.0,lag_discrimination,0.2,active,2,1.1910758018493652,0.23821516335010529,
mult,1,8,['20251002_单01_ACT-8_翼云_J16_12#01__pilot_10035::context_end_0012'],['5a6b693cd2cd5c137436419d27b10f0ca44899c5c1c01f174a6ba4c95b1c5b90'],2.979825258255005,0.0,0.0,0.0,masked_reconstruction,1.0,active,71804,0.3381088972091675,0.3381088972091675,
mult,1,8,['20251002_单01_ACT-8_翼云_J16_12#01__pilot_10035::context_end_0012'],['5a6b693cd2cd5c137436419d27b10f0ca44899c5c1c01f174a6ba4c95b1c5b90'],2.979825258255005,0.0,0.0,0.0,short_horizon_prediction,0.5,active,82527,1.4750113487243652,0.7375056743621826,
mult,1,8,['20251002_单01_ACT-8_翼云_J16_12#01__pilot_10035::context_end_0012'],['5a6b693cd2cd5c137436419d27b10f0ca44899c5c1c01f174a6ba4c95b1c5b90'],2.979825258255005,0.0,0.0,0.0,lag_discrimination,0.2,active,2,0.8449228405952454,0.1689845770597458,
mult,1,9,['20251002_单01_ACT-8_翼云_J16_12#01__pilot_10035::context_end_0013'],['fe4f8b9905702602ef350ee7b1d5491293899b5e669767046fc9f830a8584a0d'],0.5861385464668274,0.0,0.0,0.0,masked_reconstruction,1.0,active,59405,0.4386674761772156,0.4386674761772156,
mult,1,9,['20251002_单01_ACT-8_翼云_J16_12#01__pilot_10035::context_end_0013'],['fe4f8b9905702602ef350ee7b1d5491293899b5e669767046fc9f830a8584a0d'],0.5861385464668274,0.0,0.0,0.0,short_horizon_prediction,0.5,active,86089,1.5250988006591797,0.7625494003295898,
mult,1,9,['20251002_单01_ACT-8_翼云_J16_12#01__pilot_10035::context_end_0013'],['fe4f8b9905702602ef350ee7b1d5491293899b5e669767046fc9f830a8584a0d'],0.5861385464668274,0.0,0.0,0.0,lag_discrimination,0.2,active,2,0.7017760276794434,0.1403552144765854,
mult,1,10,['20251002_单01_ACT-8_翼云_J16_12#01__pilot_10035::context_end_0014'],['091c1f29075270a1e28e6f94f5ec114d38d5eb82100dc3052afe41aa9e7b591f'],1.4394726753234863,0.0,0.0,0.0,masked_reconstruction,1.0,active,74883,0.7208968997001648,0.7208968997001648,
mult,1,10,['20251002_单01_ACT-8_翼云_J16_12#01__pilot_10035::context_end_0014'],['091c1f29075270a1e28e6f94f5ec114d38d5eb82100dc3052afe41aa9e7b591f'],1.4394726753234863,0.0,0.0,0.0,short_horizon_prediction,0.5,active,89483,1.4698580503463745,0.7349290251731873,
mult,1,10,['20251002_单01_ACT-8_翼云_J16_12#01__pilot_10035::context_end_0014'],['091c1f29075270a1e28e6f94f5ec114d38d5eb82100dc3052afe41aa9e7b591f'],1.4394726753234863,0.0,0.0,0.0,lag_discrimination,0.2,active,2,0.7658212184906006,0.15316425263881683,
mult,1,11,['20251002_单01_ACT-8_翼云_J16_12#01__pilot_10035::context_end_0015'],['11fe10a6eddc630e8924891330262b4df1a15a43093f74d57f620acadda78231'],2.012469530105591,0.0,0.0,0.0,masked_reconstruction,1.0,active,50108,0.27891623973846436,0.27891623973846436,
mult,1,11,['20251002_单01_ACT-8_翼云_J16_12#01__pilot_10035::context_end_0015'],['11fe10a6eddc630e8924891330262b4df1a15a43093f74d57f620acadda78231'],2.012469530105591,0.0,0.0,0.0,short_horizon_prediction,0.5,active,78417,1.279387354850769,0.6396936774253845,
mult,1,11,['20251002_单01_ACT-8_翼云_J16_12#01__pilot_10035::context_end_0015'],['11fe10a6eddc630e8924891330262b4df1a15a43093f74d57f620acadda78231'],2.012469530105591,0.0,0.0,0.0,lag_discrimination,0.2,active,2,0.6591810584068298,0.13183622062206268,
mult,1,12,['20251002_单01_ACT-8_翼云_J16_12#01__pilot_10035::context_end_0016'],['2981b292ee6fb0ccd64f1ab45cc33c8e17173d302204cb349d28455a46753979'],1.6218355894088745,0.0,0.0,0.0,masked_reconstruction,1.0,active,58151,0.8488320708274841,0.8488320708274841,
mult,1,12,['20251002_单01_ACT-8_翼云_J16_12#01__pilot_10035::context_end_0016'],['2981b292ee6fb0ccd64f1ab45cc33c8e17173d302204cb349d28455a46753979'],1.6218355894088745,0.0,0.0,0.0,short_horizon_prediction,0.5,active,81988,1.3629348278045654,0.6814674139022827,
mult,1,12,['20251002_单01_ACT-8_翼云_J16_12#01__pilot_10035::context_end_0016'],['2981b292ee6fb0ccd64f1ab45cc33c8e17173d302204cb349d28455a46753979'],1.6218355894088745,0.0,0.0,0.0,lag_discrimination,0.2,active,2,0.6608548760414124,0.13217097520828247,
mult,1,13,['20251002_单01_ACT-8_翼云_J16_12#01__pilot_10035::context_end_0017'],['84e74617f13293837d23cb606a685b8c5e85d2e8c9eb428d8640eb734625ea79'],1.2222182750701904,0.0,0.0,0.0,masked_reconstruction,1.0,active,52550,1.370875597000122,1.370875597000122,
mult,1,13,['20251002_单01_ACT-8_翼云_J16_12#01__pilot_10035::context_end_0017'],['84e74617f13293837d23cb606a685b8c5e85d2e8c9eb428d8640eb734625ea79'],1.2222182750701904,0.0,0.0,0.0,short_horizon_prediction,0.5,active,85508,1.8608225584030151,0.9304112792015076,
mult,1,13,['20251002_单01_ACT-8_翼云_J16_12#01__pilot_10035::context_end_0017'],['84e74617f13293837d23cb606a685b8c5e85d2e8c9eb428d8640eb734625ea79'],1.2222182750701904,0.0,0.0,0.0,lag_discrimination,0.2,active,2,0.41289806365966797,0.0825796127319336,
mult,1,14,['20251002_单01_ACT-8_翼云_J16_12#01__pilot_10035::context_end_0018'],['bee23e71f018e7f246a604d288b9b657cf272b78c74b10018890a8a64f76c395'],1.1528595685958862,0.0,0.0,0.0,masked_reconstruction,1.0,active,60468,0.7649526596069336,0.7649526596069336,
mult,1,14,['20251002_单01_ACT-8_翼云_J16_12#01__pilot_10035::context_end_0018'],['bee23e71f018e7f246a604d288b9b657cf272b78c74b10018890a8a64f76c395'],1.1528595685958862,0.0,0.0,0.0,short_horizon_prediction,0.5,active,89108,1.5838046073913574,0.7919023036956787,
mult,1,14,['20251002_单01_ACT-8_翼云_J16_12#01__pilot_10035::context_end_0018'],['bee23e71f018e7f246a604d288b9b657cf272b78c74b10018890a8a64f76c395'],1.1528595685958862,0.0,0.0,0.0,lag_discrimination,0.2,active,2,0.790980339050293,0.1581960767507553,
mult,1,15,['20251002_单01_ACT-8_翼云_J16_12#01__pilot_10035::context_end_0019'],['552dc9c66475dacc96366fa516835da7e0a073ce4e27d58376f28207652f35b8'],1.3424243927001953,0.0,0.0,0.0,masked_reconstruction,1.0,active,55569,0.8282999396324158,0.8282999396324158,
mult,1,15,['20251002_单01_ACT-8_翼云_J16_12#01__pilot_10035::context_end_0019'],['552dc9c66475dacc96366fa516835da7e0a073ce4e27d58376f28207652f35b8'],1.3424243927001953,0.0,0.0,0.0,short_horizon_prediction,0.5,active,70573,1.8347477912902832,0.9173738956451416,
mult,1,15,['20251002_单01_ACT-8_翼云_J16_12#01__pilot_10035::context_end_0019'],['552dc9c66475dacc96366fa516835da7e0a073ce4e27d58376f28207652f35b8'],1.3424243927001953,0.0,0.0,0.0,lag_discrimination,0.2,active,2,0.5872504711151123,0.11745009571313858,
mult,1,16,['20251002_单01_ACT-8_翼云_J16_12#01__pilot_10035::context_end_0020'],['49b4b0e0e12b36e0a1c90ab2919ec1b67d374413c994753fca0ad4cb0c261b06'],1.6211870908737183,0.0,0.0,0.0,masked_reconstruction,1.0,active,61632,1.133590817451477,1.133590817451477,
mult,1,16,['20251002_单01_ACT-8_翼云_J16_12#01__pilot_10035::context_end_0020'],['49b4b0e0e12b36e0a1c90ab2919ec1b67d374413c994753fca0ad4cb0c261b06'],1.6211870908737183,0.0,0.0,0.0,short_horizon_prediction,0.5,active,70564,1.9898886680603027,0.9949443340301514,
mult,1,16,['20251002_单01_ACT-8_翼云_J16_12#01__pilot_10035::context_end_0020'],['49b4b0e0e12b36e0a1c90ab2919ec1b67d374413c994753fca0ad4cb0c261b06'],1.6211870908737183,0.0,0.0,0.0,lag_discrimination,0.2,active,2,0.5614878535270691,0.11229757219552994,
mult,1,17,['20251002_单01_ACT-8_翼云_J16_12#01__pilot_10035::context_end_0021'],['a1e797223951ee19e55627bf59c436d5c6444a08645a397aabfa4975553f1dc9'],1.1384944915771484,0.0,0.0,0.0,masked_reconstruction,1.0,active,54272,1.1243152618408203,1.1243152618408203,
mult,1,17,['20251002_单01_ACT-8_翼云_J16_12#01__pilot_10035::context_end_0021'],['a1e797223951ee19e55627bf59c436d5c6444a08645a397aabfa4975553f1dc9'],1.1384944915771484,0.0,0.0,0.0,short_horizon_prediction,0.5,active,70593,2.4899113178253174,1.2449556589126587,
mult,1,17,['20251002_单01_ACT-8_翼云_J16_12#01__pilot_10035::context_end_0021'],['a1e797223951ee19e55627bf59c436d5c6444a08645a397aabfa4975553f1dc9'],1.1384944915771484,0.0,0.0,0.0,lag_discrimination,0.2,active,2,0.5141800045967102,0.1028360053896904,
mult,1,18,['20251002_单01_ACT-8_翼云_J16_12#01__pilot_10035::context_end_0022'],['5151b5ce85b60ff4611bdb6bc277a6c011d81793502be0f650acbe1d4ee3d73b'],0.6593251824378967,0.0,0.0,0.0,masked_reconstruction,1.0,active,54898,0.2661927044391632,0.2661927044391632,
mult,1,18,['20251002_单01_ACT-8_翼云_J16_12#01__pilot_10035::context_end_0022'],['5151b5ce85b60ff4611bdb6bc277a6c011d81793502be0f650acbe1d4ee3d73b'],0.6593251824378967,0.0,0.0,0.0,short_horizon_prediction,0.5,active,70632,2.4846675395965576,1.2423337697982788,
mult,1,18,['20251002_单01_ACT-8_翼云_J16_12#01__pilot_10035::context_end_0022'],['5151b5ce85b60ff4611bdb6bc277a6c011d81793502be0f650acbe1d4ee3d73b'],0.6593251824378967,0.0,0.0,0.0,lag_discrimination,0.2,active,2,0.4652407467365265,0.09304814785718918,
mult,1,19,['20251002_单01_ACT-8_翼云_J16_12#01__pilot_10035::context_end_0023'],['4be21067ce9ef81ae6e765f0c4745bc2e84341f7a043644b8b33f3882689abc2'],1.8659584522247314,0.0,0.0,0.0,masked_reconstruction,1.0,active,53624,1.212181806564331,1.212181806564331,
mult,1,19,['20251002_单01_ACT-8_翼云_J16_12#01__pilot_10035::context_end_0023'],['4be21067ce9ef81ae6e765f0c4745bc2e84341f7a043644b8b33f3882689abc2'],1.8659584522247314,0.0,0.0,0.0,short_horizon_prediction,0.5,active,70596,2.25312876701355,1.126564383506775,
mult,1,19,['20251002_单01_ACT-8_翼云_J16_12#01__pilot_10035::context_end_0023'],['4be21067ce9ef81ae6e765f0c4745bc2e84341f7a043644b8b33f3882689abc2'],1.8659584522247314,0.0,0.0,0.0,lag_discrimination,0.2,active,2,0.3405117392539978,0.06810235232114792,
mult,1,20,['20251002_单01_ACT-8_翼云_J16_12#01__pilot_10035::context_end_0024'],['6e64eef1608fdb35f08006c2a30616e34ecd421a6430e8f1adceb0132f99f3ac'],0.5481095314025879,0.0,0.0,0.0,masked_reconstruction,1.0,active,58812,1.300323247909546,1.300323247909546,
mult,1,20,['20251002_单01_ACT-8_翼云_J16_12#01__pilot_10035::context_end_0024'],['6e64eef1608fdb35f08006c2a30616e34ecd421a6430e8f1adceb0132f99f3ac'],0.5481095314025879,0.0,0.0,0.0,short_horizon_prediction,0.5,active,70586,2.6863913536071777,1.3431956768035889,
mult,1,20,['20251002_单01_ACT-8_翼云_J16_12#01__pilot_10035::context_end_0024'],['6e64eef1608fdb35f08006c2a30616e34ecd421a6430e8f1adceb0132f99f3ac'],0.5481095314025879,0.0,0.0,0.0,lag_discrimination,0.2,active,2,0.6827716827392578,0.13655434548854828,
mult,1,21,['20251002_单01_ACT-8_翼云_J16_12#01__pilot_10035::context_end_0025'],['1da076d67a41f8c40648046aa8fe01477950b2f83583665a8ea4a88a77ac3af1'],2.3447024822235107,0.0,0.0,0.0,masked_reconstruction,1.0,active,59558,0.8770476579666138,0.8770476579666138,
mult,1,21,['20251002_单01_ACT-8_翼云_J16_12#01__pilot_10035::context_end_0025'],['1da076d67a41f8c40648046aa8fe01477950b2f83583665a8ea4a88a77ac3af1'],2.3447024822235107,0.0,0.0,0.0,short_horizon_prediction,0.5,active,70596,2.6657612323760986,1.3328806161880493,
mult,1,21,['20251002_单01_ACT-8_翼云_J16_12#01__pilot_10035::context_end_0025'],['1da076d67a41f8c40648046aa8fe01477950b2f83583665a8ea4a88a77ac3af1'],2.3447024822235107,0.0,0.0,0.0,lag_discrimination,0.2,active,2,0.4424048662185669,0.08848097175359726,
mult,1,22,['20251002_单01_ACT-8_翼云_J16_12#01__pilot_10035::context_end_0026'],['b85a94c39336fb5762fafb617b488a7ebf1047675c5097bcdca8d7d96b582060'],3.0608460903167725,0.0,0.0,0.0,masked_reconstruction,1.0,active,55817,1.0278539657592773,1.0278539657592773,
mult,1,22,['20251002_单01_ACT-8_翼云_J16_12#01__pilot_10035::context_end_0026'],['b85a94c39336fb5762fafb617b488a7ebf1047675c5097bcdca8d7d96b582060'],3.0608460903167725,0.0,0.0,0.0,short_horizon_prediction,0.5,active,70583,2.7395615577697754,1.3697807788848877,
mult,1,22,['20251002_单01_ACT-8_翼云_J16_12#01__pilot_10035::context_end_0026'],['b85a94c39336fb5762fafb617b488a7ebf1047675c5097bcdca8d7d96b582060'],3.0608460903167725,0.0,0.0,0.0,lag_discrimination,0.2,active,2,0.8055037260055542,0.16110074520111084,
mult,1,23,['20251002_单01_ACT-8_翼云_J16_12#01__pilot_10035::context_end_0027'],['593f5e125d038c4b2cab59d389ffbc9c2ef6857fbee1af1a70b9aade6d22ac90'],2.0126657485961914,0.0,0.0,0.0,masked_reconstruction,1.0,active,61631,1.866133451461792,1.866133451461792,
mult,1,23,['20251002_单01_ACT-8_翼云_J16_12#01__pilot_10035::context_end_0027'],['593f5e125d038c4b2cab59d389ffbc9c2ef6857fbee1af1a70b9aade6d22ac90'],2.0126657485961914,0.0,0.0,0.0,short_horizon_prediction,0.5,active,70565,2.5094454288482666,1.2547227144241333,
mult,1,23,['20251002_单01_ACT-8_翼云_J16_12#01__pilot_10035::context_end_0027'],['593f5e125d038c4b2cab59d389ffbc9c2ef6857fbee1af1a70b9aade6d22ac90'],2.0126657485961914,0.0,0.0,0.0,lag_discrimination,0.2,active,2,0.3415757715702057,0.06831515580415726,
mult,1,24,['20251002_单01_ACT-8_翼云_J16_12#01__pilot_10035::context_end_0028'],['9384d1ceacd2e63d0e45ec9512d771aab2235901e3dac2047ed43089927677fe'],0.9922701120376587,0.0,0.0,0.0,masked_reconstruction,1.0,active,56347,1.0107440948486328,1.0107440948486328,
mult,1,24,['20251002_单01_ACT-8_翼云_J16_12#01__pilot_10035::context_end_0028'],['9384d1ceacd2e63d0e45ec9512d771aab2235901e3dac2047ed43089927677fe'],0.9922701120376587,0.0,0.0,0.0,short_horizon_prediction,0.5,active,70606,3.560772180557251,1.7803860902786255,
mult,1,24,['20251002_单01_ACT-8_翼云_J16_12#01__pilot_10035::context_end_0028'],['9384d1ceacd2e63d0e45ec9512d771aab2235901e3dac2047ed43089927677fe'],0.9922701120376587,0.0,0.0,0.0,lag_discrimination,0.2,active,2,0.3597487807273865,0.07194975763559341,
mult,1,25,['20251002_单01_ACT-8_翼云_J16_12#01__pilot_10035::context_end_0029'],['93c16221d217f1d51750ee340635970a95b51058a2396b1b6531c2968343341c'],4.217201232910156,0.0,0.0,0.0,masked_reconstruction,1.0,active,62546,2.8321449756622314,2.8321449756622314,
mult,1,25,['20251002_单01_ACT-8_翼云_J16_12#01__pilot_10035::context_end_0029'],['93c16221d217f1d51750ee340635970a95b51058a2396b1b6531c2968343341c'],4.217201232910156,0.0,0.0,0.0,short_horizon_prediction,0.5,active,70528,3.334319829940796,1.667159914970398,
mult,1,25,['20251002_单01_ACT-8_翼云_J16_12#01__pilot_10035::context_end_0029'],['93c16221d217f1d51750ee340635970a95b51058a2396b1b6531c2968343341c'],4.217201232910156,0.0,0.0,0.0,lag_discrimination,0.2,active,2,0.9251479506492615,0.18502959609031677,
mult,1,26,['20251002_单01_ACT-8_翼云_J16_12#01__pilot_10035::context_end_0030'],['033cd43e255cee17c368a9422cbf7231f47d7c8f3e700cd9b7cb5ebd12e9150f'],2.167351007461548,0.0,0.0,0.0,masked_reconstruction,1.0,active,61936,2.629918336868286,2.629918336868286,
mult,1,26,['20251002_单01_ACT-8_翼云_J16_12#01__pilot_10035::context_end_0030'],['033cd43e255cee17c368a9422cbf7231f47d7c8f3e700cd9b7cb5ebd12e9150f'],2.167351007461548,0.0,0.0,0.0,short_horizon_prediction,0.5,active,70529,3.2916762828826904,1.6458381414413452,
mult,1,26,['20251002_单01_ACT-8_翼云_J16_12#01__pilot_10035::context_end_0030'],['033cd43e255cee17c368a9422cbf7231f47d7c8f3e700cd9b7cb5ebd12e9150f'],2.167351007461548,0.0,0.0,0.0,lag_discrimination,0.2,active,2,0.75295490026474,0.15059098601341248,
mult,1,27,['20251002_单01_ACT-8_翼云_J16_12#01__pilot_10035::context_end_0031'],['412928934d61f5f18698f16ac41f95953246738e20bb7980b41eb1100c87472b'],1.1191401481628418,0.0,0.0,0.0,masked_reconstruction,1.0,active,57134,1.2625141143798828,1.2625141143798828,
mult,1,27,['20251002_单01_ACT-8_翼云_J16_12#01__pilot_10035::context_end_0031'],['412928934d61f5f18698f16ac41f95953246738e20bb7980b41eb1100c87472b'],1.1191401481628418,0.0,0.0,0.0,short_horizon_prediction,0.5,active,70639,4.337984561920166,2.168992280960083,
mult,1,27,['20251002_单01_ACT-8_翼云_J16_12#01__pilot_10035::context_end_0031'],['412928934d61f5f18698f16ac41f95953246738e20bb7980b41eb1100c87472b'],1.1191401481628418,0.0,0.0,0.0,lag_discrimination,0.2,active,2,0.1514703333377838,0.030294066295027733,
mult,1,28,['20251002_单01_ACT-8_翼云_J16_12#01__pilot_10035::context_end_0032'],['d686a7ec5d8da12356cfd41fdb7c98bb28575da216e2daeaa07ea9eca954e5f3'],3.0893983840942383,0.0,0.0,0.0,masked_reconstruction,1.0,active,60706,1.3254348039627075,1.3254348039627075,
mult,1,28,['20251002_单01_ACT-8_翼云_J16_12#01__pilot_10035::context_end_0032'],['d686a7ec5d8da12356cfd41fdb7c98bb28575da216e2daeaa07ea9eca954e5f3'],3.0893983840942383,0.0,0.0,0.0,short_horizon_prediction,0.5,active,70644,4.66227388381958,2.33113694190979,
mult,1,28,['20251002_单01_ACT-8_翼云_J16_12#01__pilot_10035::context_end_0032'],['d686a7ec5d8da12356cfd41fdb7c98bb28575da216e2daeaa07ea9eca954e5f3'],3.0893983840942383,0.0,0.0,0.0,lag_discrimination,0.2,active,2,0.7814595103263855,0.1562919020652771,
mult,1,29,['20251002_单01_ACT-8_翼云_J16_12#01__pilot_10035::context_end_0033'],['bd6067c9658b3a7aaeb0be28a9702fc256c987936c6c7e158cc5bdda1e6f1482'],3.044642448425293,0.0,0.0,0.0,masked_reconstruction,1.0,active,59212,0.5064389705657959,0.5064389705657959,
mult,1,29,['20251002_单01_ACT-8_翼云_J16_12#01__pilot_10035::context_end_0033'],['bd6067c9658b3a7aaeb0be28a9702fc256c987936c6c7e158cc5bdda1e6f1482'],3.044642448425293,0.0,0.0,0.0,short_horizon_prediction,0.5,active,70626,4.930663108825684,2.465331554412842,
mult,1,29,['20251002_单01_ACT-8_翼云_J16_12#01__pilot_10035::context_end_0033'],['bd6067c9658b3a7aaeb0be28a9702fc256c987936c6c7e158cc5bdda1e6f1482'],3.044642448425293,0.0,0.0,0.0,lag_discrimination,0.2,active,2,0.773239254951477,0.1546478569507599,
mult,1,30,['20251002_单01_ACT-8_翼云_J16_12#01__pilot_10035::context_end_0034'],['c661c75a04a5ff0878600c5684158a1705dd1ffaccf240a9a5ea33a995099169'],1.1577165126800537,0.0,0.0,0.0,masked_reconstruction,1.0,active,48794,1.965161919593811,1.965161919593811,
mult,1,30,['20251002_单01_ACT-8_翼云_J16_12#01__pilot_10035::context_end_0034'],['c661c75a04a5ff0878600c5684158a1705dd1ffaccf240a9a5ea33a995099169'],1.1577165126800537,0.0,0.0,0.0,short_horizon_prediction,0.5,active,70631,3.340308427810669,1.6701542139053345,
mult,1,30,['20251002_单01_ACT-8_翼云_J16_12#01__pilot_10035::context_end_0034'],['c661c75a04a5ff0878600c5684158a1705dd1ffaccf240a9a5ea33a995099169'],1.1577165126800537,0.0,0.0,0.0,lag_discrimination,0.2,active,2,0.2894929349422455,0.057898588478565216,
mult,1,31,['20251002_单01_ACT-8_翼云_J16_12#01__pilot_10035::context_end_0035'],['82a7c4d57e2dfd87cfa9cd205a031f70f3c6deb207f4334b358062e2e11d724c'],1.8160030841827393,0.0,0.0,0.0,masked_reconstruction,1.0,active,60005,0.38048067688941956,0.38048067688941956,
mult,1,31,['20251002_单01_ACT-8_翼云_J16_12#01__pilot_10035::context_end_0035'],['82a7c4d57e2dfd87cfa9cd205a031f70f3c6deb207f4334b358062e2e11d724c'],1.8160030841827393,0.0,0.0,0.0,short_horizon_prediction,0.5,active,70640,3.183814525604248,1.591907262802124,
mult,1,31,['20251002_单01_ACT-8_翼云_J16_12#01__pilot_10035::context_end_0035'],['82a7c4d57e2dfd87cfa9cd205a031f70f3c6deb207f4334b358062e2e11d724c'],1.8160030841827393,0.0,0.0,0.0,lag_discrimination,0.2,active,2,0.7330725193023682,0.14661450684070587,
contiformer,1,1,['20251002_单01_ACT-8_翼云_J16_12#01__pilot_10035::context_end_0005'],['eea17df4d6cdbc9879557a5f725d292ce25bd415605721bd6ea58db6d6d1e444'],1.567973256111145,0.0,0.0,0.0,masked_reconstruction,1.0,active,60939,1.2491505146026611,1.2491505146026611,
contiformer,1,1,['20251002_单01_ACT-8_翼云_J16_12#01__pilot_10035::context_end_0005'],['eea17df4d6cdbc9879557a5f725d292ce25bd415605721bd6ea58db6d6d1e444'],1.567973256111145,0.0,0.0,0.0,short_horizon_prediction,0.5,active,91690,2.1981186866760254,1.0990593433380127,
contiformer,1,1,['20251002_单01_ACT-8_翼云_J16_12#01__pilot_10035::context_end_0005'],['eea17df4d6cdbc9879557a5f725d292ce25bd415605721bd6ea58db6d6d1e444'],1.567973256111145,0.0,0.0,0.0,lag_discrimination,0.2,active,2,0.7015975117683411,0.14031951129436493,
contiformer,1,2,['20251002_单01_ACT-8_翼云_J16_12#01__pilot_10035::context_end_0006'],['109cb29ec2bd3c6afd412184cea8b9ca66b380db4649931d96c7b8c250e1a9a2'],0.6091362237930298,0.0,0.0,0.0,masked_reconstruction,1.0,active,65597,1.3586007356643677,1.3586007356643677,
contiformer,1,2,['20251002_单01_ACT-8_翼云_J16_12#01__pilot_10035::context_end_0006'],['109cb29ec2bd3c6afd412184cea8b9ca66b380db4649931d96c7b8c250e1a9a2'],0.6091362237930298,0.0,0.0,0.0,short_horizon_prediction,0.5,active,90517,2.2807435989379883,1.1403717994689941,
contiformer,1,2,['20251002_单01_ACT-8_翼云_J16_12#01__pilot_10035::context_end_0006'],['109cb29ec2bd3c6afd412184cea8b9ca66b380db4649931d96c7b8c250e1a9a2'],0.6091362237930298,0.0,0.0,0.0,lag_discrimination,0.2,active,2,0.7162758111953735,0.14325515925884247,
contiformer,1,3,['20251002_单01_ACT-8_翼云_J16_12#01__pilot_10035::context_end_0007'],['54b13ea6f14babf2ce2257ba2c79d4c7ef9cf017fc0ec42085f1618d6d68b6a0'],0.5202158689498901,0.0,0.0,0.0,masked_reconstruction,1.0,active,59824,1.7293621301651,1.7293621301651,
contiformer,1,3,['20251002_单01_ACT-8_翼云_J16_12#01__pilot_10035::context_end_0007'],['54b13ea6f14babf2ce2257ba2c79d4c7ef9cf017fc0ec42085f1618d6d68b6a0'],0.5202158689498901,0.0,0.0,0.0,short_horizon_prediction,0.5,active,78958,2.6381125450134277,1.3190562725067139,
contiformer,1,3,['20251002_单01_ACT-8_翼云_J16_12#01__pilot_10035::context_end_0007'],['54b13ea6f14babf2ce2257ba2c79d4c7ef9cf017fc0ec42085f1618d6d68b6a0'],0.5202158689498901,0.0,0.0,0.0,lag_discrimination,0.2,active,2,0.6894128322601318,0.13788257539272308,
contiformer,1,4,['20251002_单01_ACT-8_翼云_J16_12#01__pilot_10035::context_end_0008'],['880137135556805d1ac5a2f6febca4fa4908d807c33d0a3fb001cb70fa961f2b'],0.42171958088874817,0.0,0.0,0.0,masked_reconstruction,1.0,active,74139,1.2105854749679565,1.2105854749679565,
contiformer,1,4,['20251002_单01_ACT-8_翼云_J16_12#01__pilot_10035::context_end_0008'],['880137135556805d1ac5a2f6febca4fa4908d807c33d0a3fb001cb70fa961f2b'],0.42171958088874817,0.0,0.0,0.0,short_horizon_prediction,0.5,active,82572,2.236638069152832,1.118319034576416,
contiformer,1,4,['20251002_单01_ACT-8_翼云_J16_12#01__pilot_10035::context_end_0008'],['880137135556805d1ac5a2f6febca4fa4908d807c33d0a3fb001cb70fa961f2b'],0.42171958088874817,0.0,0.0,0.0,lag_discrimination,0.2,active,2,0.5982463955879211,0.11964928358793259,
contiformer,1,5,['20251002_单01_ACT-8_翼云_J16_12#01__pilot_10035::context_end_0009'],['a1073a503127e49afc6f72b0e39753eb9f92937a44c99190b219f209f31bfa33'],1.6877425909042358,0.0,0.0,0.0,masked_reconstruction,1.0,active,56719,0.9033538699150085,0.9033538699150085,
contiformer,1,5,['20251002_单01_ACT-8_翼云_J16_12#01__pilot_10035::context_end_0009'],['a1073a503127e49afc6f72b0e39753eb9f92937a44c99190b219f209f31bfa33'],1.6877425909042358,0.0,0.0,0.0,short_horizon_prediction,0.5,active,86536,2.5336685180664062,1.2668342590332031,
contiformer,1,5,['20251002_单01_ACT-8_翼云_J16_12#01__pilot_10035::context_end_0009'],['a1073a503127e49afc6f72b0e39753eb9f92937a44c99190b219f209f31bfa33'],1.6877425909042358,0.0,0.0,0.0,lag_discrimination,0.2,active,2,0.6875646114349365,0.1375129222869873,
contiformer,1,6,['20251002_单01_ACT-8_翼云_J16_12#01__pilot_10035::context_end_0010'],['c25671c3158cabe9d7af0b8ea3dbdec60f64c8790e3e277d27551052d610b16c'],0.5905334949493408,0.0,0.0,0.0,masked_reconstruction,1.0,active,53080,0.3663211166858673,0.3663211166858673,
contiformer,1,6,['20251002_单01_ACT-8_翼云_J16_12#01__pilot_10035::context_end_0010'],['c25671c3158cabe9d7af0b8ea3dbdec60f64c8790e3e277d27551052d610b16c'],0.5905334949493408,0.0,0.0,0.0,short_horizon_prediction,0.5,active,90012,1.4889311790466309,0.7444655895233154,
contiformer,1,6,['20251002_单01_ACT-8_翼云_J16_12#01__pilot_10035::context_end_0010'],['c25671c3158cabe9d7af0b8ea3dbdec60f64c8790e3e277d27551052d610b16c'],0.5905334949493408,0.0,0.0,0.0,lag_discrimination,0.2,active,2,0.5173734426498413,0.1034746915102005,
contiformer,1,7,['20251002_单01_ACT-8_翼云_J16_12#01__pilot_10035::context_end_0011'],['eb55e42d9743a7d412f70a6ebd1d4b941aa1cba72505273a8aa842d2934ad1ef'],0.8184398412704468,0.0,0.0,0.0,masked_reconstruction,1.0,active,57082,0.6673827171325684,0.6673827171325684,
contiformer,1,7,['20251002_单01_ACT-8_翼云_J16_12#01__pilot_10035::context_end_0011'],['eb55e42d9743a7d412f70a6ebd1d4b941aa1cba72505273a8aa842d2934ad1ef'],0.8184398412704468,0.0,0.0,0.0,short_horizon_prediction,0.5,active,78561,1.5792187452316284,0.7896093726158142,
contiformer,1,7,['20251002_单01_ACT-8_翼云_J16_12#01__pilot_10035::context_end_0011'],['eb55e42d9743a7d412f70a6ebd1d4b941aa1cba72505273a8aa842d2934ad1ef'],0.8184398412704468,0.0,0.0,0.0,lag_discrimination,0.2,active,2,0.8408472537994385,0.16816945374011993,
contiformer,1,8,['20251002_单01_ACT-8_翼云_J16_12#01__pilot_10035::context_end_0012'],['5a6b693cd2cd5c137436419d27b10f0ca44899c5c1c01f174a6ba4c95b1c5b90'],0.5141291618347168,0.0,0.0,0.0,masked_reconstruction,1.0,active,71804,0.4032396972179413,0.4032396972179413,
contiformer,1,8,['20251002_单01_ACT-8_翼云_J16_12#01__pilot_10035::context_end_0012'],['5a6b693cd2cd5c137436419d27b10f0ca44899c5c1c01f174a6ba4c95b1c5b90'],0.5141291618347168,0.0,0.0,0.0,short_horizon_prediction,0.5,active,82527,1.5528719425201416,0.7764359712600708,
contiformer,1,8,['20251002_单01_ACT-8_翼云_J16_12#01__pilot_10035::context_end_0012'],['5a6b693cd2cd5c137436419d27b10f0ca44899c5c1c01f174a6ba4c95b1c5b90'],0.5141291618347168,0.0,0.0,0.0,lag_discrimination,0.2,active,2,0.7212903499603271,0.1442580670118332,
contiformer,1,9,['20251002_单01_ACT-8_翼云_J16_12#01__pilot_10035::context_end_0013'],['fe4f8b9905702602ef350ee7b1d5491293899b5e669767046fc9f830a8584a0d'],0.6871151328086853,0.0,0.0,0.0,masked_reconstruction,1.0,active,59405,0.5181751847267151,0.5181751847267151,
contiformer,1,9,['20251002_单01_ACT-8_翼云_J16_12#01__pilot_10035::context_end_0013'],['fe4f8b9905702602ef350ee7b1d5491293899b5e669767046fc9f830a8584a0d'],0.6871151328086853,0.0,0.0,0.0,short_horizon_prediction,0.5,active,86089,1.6206779479980469,0.8103389739990234,
contiformer,1,9,['20251002_单01_ACT-8_翼云_J16_12#01__pilot_10035::context_end_0013'],['fe4f8b9905702602ef350ee7b1d5491293899b5e669767046fc9f830a8584a0d'],0.6871151328086853,0.0,0.0,0.0,lag_discrimination,0.2,active,2,0.7900673151016235,0.1580134630203247,
contiformer,1,10,['20251002_单01_ACT-8_翼云_J16_12#01__pilot_10035::context_end_0014'],['091c1f29075270a1e28e6f94f5ec114d38d5eb82100dc3052afe41aa9e7b591f'],0.3492518961429596,0.0,0.0,0.0,masked_reconstruction,1.0,active,74883,0.8008710145950317,0.8008710145950317,
contiformer,1,10,['20251002_单01_ACT-8_翼云_J16_12#01__pilot_10035::context_end_0014'],['091c1f29075270a1e28e6f94f5ec114d38d5eb82100dc3052afe41aa9e7b591f'],0.3492518961429596,0.0,0.0,0.0,short_horizon_prediction,0.5,active,89483,1.5602757930755615,0.7801378965377808,
contiformer,1,10,['20251002_单01_ACT-8_翼云_J16_12#01__pilot_10035::context_end_0014'],['091c1f29075270a1e28e6f94f5ec114d38d5eb82100dc3052afe41aa9e7b591f'],0.3492518961429596,0.0,0.0,0.0,lag_discrimination,0.2,active,2,0.7198667526245117,0.14397335052490234,
contiformer,1,11,['20251002_单01_ACT-8_翼云_J16_12#01__pilot_10035::context_end_0015'],['11fe10a6eddc630e8924891330262b4df1a15a43093f74d57f620acadda78231'],0.6016459465026855,0.0,0.0,0.0,masked_reconstruction,1.0,active,50108,0.35297659039497375,0.35297659039497375,
contiformer,1,11,['20251002_单01_ACT-8_翼云_J16_12#01__pilot_10035::context_end_0015'],['11fe10a6eddc630e8924891330262b4df1a15a43093f74d57f620acadda78231'],0.6016459465026855,0.0,0.0,0.0,short_horizon_prediction,0.5,active,78417,1.3607416152954102,0.6803708076477051,
contiformer,1,11,['20251002_单01_ACT-8_翼云_J16_12#01__pilot_10035::context_end_0015'],['11fe10a6eddc630e8924891330262b4df1a15a43093f74d57f620acadda78231'],0.6016459465026855,0.0,0.0,0.0,lag_discrimination,0.2,active,2,0.5454757809638977,0.10909515619277954,
contiformer,1,12,['20251002_单01_ACT-8_翼云_J16_12#01__pilot_10035::context_end_0016'],['2981b292ee6fb0ccd64f1ab45cc33c8e17173d302204cb349d28455a46753979'],0.7094824910163879,0.0,0.0,0.0,masked_reconstruction,1.0,active,58151,0.9172225594520569,0.9172225594520569,
contiformer,1,12,['20251002_单01_ACT-8_翼云_J16_12#01__pilot_10035::context_end_0016'],['2981b292ee6fb0ccd64f1ab45cc33c8e17173d302204cb349d28455a46753979'],0.7094824910163879,0.0,0.0,0.0,short_horizon_prediction,0.5,active,81988,1.442923665046692,0.721461832523346,
contiformer,1,12,['20251002_单01_ACT-8_翼云_J16_12#01__pilot_10035::context_end_0016'],['2981b292ee6fb0ccd64f1ab45cc33c8e17173d302204cb349d28455a46753979'],0.7094824910163879,0.0,0.0,0.0,lag_discrimination,0.2,active,2,0.5569417476654053,0.11138834804296494,
contiformer,1,13,['20251002_单01_ACT-8_翼云_J16_12#01__pilot_10035::context_end_0017'],['84e74617f13293837d23cb606a685b8c5e85d2e8c9eb428d8640eb734625ea79'],0.6696392297744751,0.0,0.0,0.0,masked_reconstruction,1.0,active,52550,1.432665467262268,1.432665467262268,
contiformer,1,13,['20251002_单01_ACT-8_翼云_J16_12#01__pilot_10035::context_end_0017'],['84e74617f13293837d23cb606a685b8c5e85d2e8c9eb428d8640eb734625ea79'],0.6696392297744751,0.0,0.0,0.0,short_horizon_prediction,0.5,active,85508,1.9369962215423584,0.9684981107711792,
contiformer,1,13,['20251002_单01_ACT-8_翼云_J16_12#01__pilot_10035::context_end_0017'],['84e74617f13293837d23cb606a685b8c5e85d2e8c9eb428d8640eb734625ea79'],0.6696392297744751,0.0,0.0,0.0,lag_discrimination,0.2,active,2,0.4790070950984955,0.09580142050981522,
contiformer,1,14,['20251002_单01_ACT-8_翼云_J16_12#01__pilot_10035::context_end_0018'],['bee23e71f018e7f246a604d288b9b657cf272b78c74b10018890a8a64f76c395'],0.3317447602748871,0.0,0.0,0.0,masked_reconstruction,1.0,active,60468,0.824469804763794,0.824469804763794,
contiformer,1,14,['20251002_单01_ACT-8_翼云_J16_12#01__pilot_10035::context_end_0018'],['bee23e71f018e7f246a604d288b9b657cf272b78c74b10018890a8a64f76c395'],0.3317447602748871,0.0,0.0,0.0,short_horizon_prediction,0.5,active,89108,1.6599515676498413,0.8299757838249207,
contiformer,1,14,['20251002_单01_ACT-8_翼云_J16_12#01__pilot_10035::context_end_0018'],['bee23e71f018e7f246a604d288b9b657cf272b78c74b10018890a8a64f76c395'],0.3317447602748871,0.0,0.0,0.0,lag_discrimination,0.2,active,2,0.5752445459365845,0.11504890769720078,
contiformer,1,15,['20251002_单01_ACT-8_翼云_J16_12#01__pilot_10035::context_end_0019'],['552dc9c66475dacc96366fa516835da7e0a073ce4e27d58376f28207652f35b8'],0.5286194682121277,0.0,0.0,0.0,masked_reconstruction,1.0,active,55569,0.8854280710220337,0.8854280710220337,
contiformer,1,15,['20251002_单01_ACT-8_翼云_J16_12#01__pilot_10035::context_end_0019'],['552dc9c66475dacc96366fa516835da7e0a073ce4e27d58376f28207652f35b8'],0.5286194682121277,0.0,0.0,0.0,short_horizon_prediction,0.5,active,70573,1.9014286994934082,0.9507143497467041,
contiformer,1,15,['20251002_单01_ACT-8_翼云_J16_12#01__pilot_10035::context_end_0019'],['552dc9c66475dacc96366fa516835da7e0a073ce4e27d58376f28207652f35b8'],0.5286194682121277,0.0,0.0,0.0,lag_discrimination,0.2,active,2,0.5436769723892212,0.10873539745807648,
contiformer,1,16,['20251002_单01_ACT-8_翼云_J16_12#01__pilot_10035::context_end_0020'],['49b4b0e0e12b36e0a1c90ab2919ec1b67d374413c994753fca0ad4cb0c261b06'],0.8588942289352417,0.0,0.0,0.0,masked_reconstruction,1.0,active,61632,1.1913589239120483,1.1913589239120483,
contiformer,1,16,['20251002_单01_ACT-8_翼云_J16_12#01__pilot_10035::context_end_0020'],['49b4b0e0e12b36e0a1c90ab2919ec1b67d374413c994753fca0ad4cb0c261b06'],0.8588942289352417,0.0,0.0,0.0,short_horizon_prediction,0.5,active,70564,2.0561020374298096,1.0280510187149048,
contiformer,1,16,['20251002_单01_ACT-8_翼云_J16_12#01__pilot_10035::context_end_0020'],['49b4b0e0e12b36e0a1c90ab2919ec1b67d374413c994753fca0ad4cb0c261b06'],0.8588942289352417,0.0,0.0,0.0,lag_discrimination,0.2,active,2,0.662260115146637,0.13245202600955963,
contiformer,1,17,['20251002_单01_ACT-8_翼云_J16_12#01__pilot_10035::context_end_0021'],['a1e797223951ee19e55627bf59c436d5c6444a08645a397aabfa4975553f1dc9'],0.44403111934661865,0.0,0.0,0.0,masked_reconstruction,1.0,active,54272,1.180185317993164,1.180185317993164,
contiformer,1,17,['20251002_单01_ACT-8_翼云_J16_12#01__pilot_10035::context_end_0021'],['a1e797223951ee19e55627bf59c436d5c6444a08645a397aabfa4975553f1dc9'],0.44403111934661865,0.0,0.0,0.0,short_horizon_prediction,0.5,active,70593,2.5541186332702637,1.2770593166351318,
contiformer,1,17,['20251002_单01_ACT-8_翼云_J16_12#01__pilot_10035::context_end_0021'],['a1e797223951ee19e55627bf59c436d5c6444a08645a397aabfa4975553f1dc9'],0.44403111934661865,0.0,0.0,0.0,lag_discrimination,0.2,active,2,0.5040996670722961,0.10081993788480759,
contiformer,1,18,['20251002_单01_ACT-8_翼云_J16_12#01__pilot_10035::context_end_0022'],['5151b5ce85b60ff4611bdb6bc277a6c011d81793502be0f650acbe1d4ee3d73b'],0.4235899746417999,0.0,0.0,0.0,masked_reconstruction,1.0,active,54898,0.3219025135040283,0.3219025135040283,
contiformer,1,18,['20251002_单01_ACT-8_翼云_J16_12#01__pilot_10035::context_end_0022'],['5151b5ce85b60ff4611bdb6bc277a6c011d81793502be0f650acbe1d4ee3d73b'],0.4235899746417999,0.0,0.0,0.0,short_horizon_prediction,0.5,active,70632,2.5493948459625244,1.2746974229812622,
contiformer,1,18,['20251002_单01_ACT-8_翼云_J16_12#01__pilot_10035::context_end_0022'],['5151b5ce85b60ff4611bdb6bc277a6c011d81793502be0f650acbe1d4ee3d73b'],0.4235899746417999,0.0,0.0,0.0,lag_discrimination,0.2,active,2,0.48164886236190796,0.09632977098226547,
contiformer,1,19,['20251002_单01_ACT-8_翼云_J16_12#01__pilot_10035::context_end_0023'],['4be21067ce9ef81ae6e765f0c4745bc2e84341f7a043644b8b33f3882689abc2'],0.44561368227005005,0.0,0.0,0.0,masked_reconstruction,1.0,active,53624,1.2691528797149658,1.2691528797149658,
contiformer,1,19,['20251002_单01_ACT-8_翼云_J16_12#01__pilot_10035::context_end_0023'],['4be21067ce9ef81ae6e765f0c4745bc2e84341f7a043644b8b33f3882689abc2'],0.44561368227005005,0.0,0.0,0.0,short_horizon_prediction,0.5,active,70596,2.3174219131469727,1.1587109565734863,
contiformer,1,19,['20251002_单01_ACT-8_翼云_J16_12#01__pilot_10035::context_end_0023'],['4be21067ce9ef81ae6e765f0c4745bc2e84341f7a043644b8b33f3882689abc2'],0.44561368227005005,0.0,0.0,0.0,lag_discrimination,0.2,active,2,0.3786243200302124,0.07572486251592636,
contiformer,1,20,['20251002_单01_ACT-8_翼云_J16_12#01__pilot_10035::context_end_0024'],['6e64eef1608fdb35f08006c2a30616e34ecd421a6430e8f1adceb0132f99f3ac'],0.563048779964447,0.0,0.0,0.0,masked_reconstruction,1.0,active,58812,1.3579298257827759,1.3579298257827759,
contiformer,1,20,['20251002_单01_ACT-8_翼云_J16_12#01__pilot_10035::context_end_0024'],['6e64eef1608fdb35f08006c2a30616e34ecd421a6430e8f1adceb0132f99f3ac'],0.563048779964447,0.0,0.0,0.0,short_horizon_prediction,0.5,active,70586,2.7496604919433594,1.3748302459716797,
contiformer,1,20,['20251002_单01_ACT-8_翼云_J16_12#01__pilot_10035::context_end_0024'],['6e64eef1608fdb35f08006c2a30616e34ecd421a6430e8f1adceb0132f99f3ac'],0.563048779964447,0.0,0.0,0.0,lag_discrimination,0.2,active,2,0.7170127630233765,0.143402561545372,
contiformer,1,21,['20251002_单01_ACT-8_翼云_J16_12#01__pilot_10035::context_end_0025'],['1da076d67a41f8c40648046aa8fe01477950b2f83583665a8ea4a88a77ac3af1'],0.2995127737522125,0.0,0.0,0.0,masked_reconstruction,1.0,active,59558,0.9338062405586243,0.9338062405586243,
contiformer,1,21,['20251002_单01_ACT-8_翼云_J16_12#01__pilot_10035::context_end_0025'],['1da076d67a41f8c40648046aa8fe01477950b2f83583665a8ea4a88a77ac3af1'],0.2995127737522125,0.0,0.0,0.0,short_horizon_prediction,0.5,active,70596,2.7278618812561035,1.3639309406280518,
contiformer,1,21,['20251002_单01_ACT-8_翼云_J16_12#01__pilot_10035::context_end_0025'],['1da076d67a41f8c40648046aa8fe01477950b2f83583665a8ea4a88a77ac3af1'],0.2995127737522125,0.0,0.0,0.0,lag_discrimination,0.2,active,2,0.4388231635093689,0.08776463568210602,
contiformer,1,22,['20251002_单01_ACT-8_翼云_J16_12#01__pilot_10035::context_end_0026'],['b85a94c39336fb5762fafb617b488a7ebf1047675c5097bcdca8d7d96b582060'],0.727749228477478,0.0,0.0,0.0,masked_reconstruction,1.0,active,55817,1.078519582748413,1.078519582748413,
contiformer,1,22,['20251002_单01_ACT-8_翼云_J16_12#01__pilot_10035::context_end_0026'],['b85a94c39336fb5762fafb617b488a7ebf1047675c5097bcdca8d7d96b582060'],0.727749228477478,0.0,0.0,0.0,short_horizon_prediction,0.5,active,70583,2.793203115463257,1.3966015577316284,
contiformer,1,22,['20251002_单01_ACT-8_翼云_J16_12#01__pilot_10035::context_end_0026'],['b85a94c39336fb5762fafb617b488a7ebf1047675c5097bcdca8d7d96b582060'],0.727749228477478,0.0,0.0,0.0,lag_discrimination,0.2,active,2,0.6826125383377075,0.13652251660823822,
contiformer,1,23,['20251002_单01_ACT-8_翼云_J16_12#01__pilot_10035::context_end_0027'],['593f5e125d038c4b2cab59d389ffbc9c2ef6857fbee1af1a70b9aade6d22ac90'],0.2598409056663513,0.0,0.0,0.0,masked_reconstruction,1.0,active,61631,1.9191234111785889,1.9191234111785889,
contiformer,1,23,['20251002_单01_ACT-8_翼云_J16_12#01__pilot_10035::context_end_0027'],['593f5e125d038c4b2cab59d389ffbc9c2ef6857fbee1af1a70b9aade6d22ac90'],0.2598409056663513,0.0,0.0,0.0,short_horizon_prediction,0.5,active,70565,2.566051721572876,1.283025860786438,
contiformer,1,23,['20251002_单01_ACT-8_翼云_J16_12#01__pilot_10035::context_end_0027'],['593f5e125d038c4b2cab59d389ffbc9c2ef6857fbee1af1a70b9aade6d22ac90'],0.2598409056663513,0.0,0.0,0.0,lag_discrimination,0.2,active,2,0.42793169617652893,0.08558633923530579,
contiformer,1,24,['20251002_单01_ACT-8_翼云_J16_12#01__pilot_10035::context_end_0028'],['9384d1ceacd2e63d0e45ec9512d771aab2235901e3dac2047ed43089927677fe'],0.4004504680633545,0.0,0.0,0.0,masked_reconstruction,1.0,active,56347,1.063231348991394,1.063231348991394,
contiformer,1,24,['20251002_单01_ACT-8_翼云_J16_12#01__pilot_10035::context_end_0028'],['9384d1ceacd2e63d0e45ec9512d771aab2235901e3dac2047ed43089927677fe'],0.4004504680633545,0.0,0.0,0.0,short_horizon_prediction,0.5,active,70606,3.615532875061035,1.8077664375305176,
contiformer,1,24,['20251002_单01_ACT-8_翼云_J16_12#01__pilot_10035::context_end_0028'],['9384d1ceacd2e63d0e45ec9512d771aab2235901e3dac2047ed43089927677fe'],0.4004504680633545,0.0,0.0,0.0,lag_discrimination,0.2,active,2,0.423351913690567,0.08467038720846176,
contiformer,1,25,['20251002_单01_ACT-8_翼云_J16_12#01__pilot_10035::context_end_0029'],['93c16221d217f1d51750ee340635970a95b51058a2396b1b6531c2968343341c'],1.0194233655929565,0.0,0.0,0.0,masked_reconstruction,1.0,active,62546,2.8761141300201416,2.8761141300201416,
contiformer,1,25,['20251002_单01_ACT-8_翼云_J16_12#01__pilot_10035::context_end_0029'],['93c16221d217f1d51750ee340635970a95b51058a2396b1b6531c2968343341c'],1.0194233655929565,0.0,0.0,0.0,short_horizon_prediction,0.5,active,70528,3.380194664001465,1.6900973320007324,
contiformer,1,25,['20251002_单01_ACT-8_翼云_J16_12#01__pilot_10035::context_end_0029'],['93c16221d217f1d51750ee340635970a95b51058a2396b1b6531c2968343341c'],1.0194233655929565,0.0,0.0,0.0,lag_discrimination,0.2,active,2,0.838141918182373,0.16762839257717133,
contiformer,1,26,['20251002_单01_ACT-8_翼云_J16_12#01__pilot_10035::context_end_0030'],['033cd43e255cee17c368a9422cbf7231f47d7c8f3e700cd9b7cb5ebd12e9150f'],0.4848138689994812,0.0,0.0,0.0,masked_reconstruction,1.0,active,61936,2.6574862003326416,2.6574862003326416,
contiformer,1,26,['20251002_单01_ACT-8_翼云_J16_12#01__pilot_10035::context_end_0030'],['033cd43e255cee17c368a9422cbf7231f47d7c8f3e700cd9b7cb5ebd12e9150f'],0.4848138689994812,0.0,0.0,0.0,short_horizon_prediction,0.5,active,70529,3.322755813598633,1.6613779067993164,
contiformer,1,26,['20251002_单01_ACT-8_翼云_J16_12#01__pilot_10035::context_end_0030'],['033cd43e255cee17c368a9422cbf7231f47d7c8f3e700cd9b7cb5ebd12e9150f'],0.4848138689994812,0.0,0.0,0.0,lag_discrimination,0.2,active,2,0.6738600730895996,0.13477201759815216,
contiformer,1,27,['20251002_单01_ACT-8_翼云_J16_12#01__pilot_10035::context_end_0031'],['412928934d61f5f18698f16ac41f95953246738e20bb7980b41eb1100c87472b'],0.7202903628349304,0.0,0.0,0.0,masked_reconstruction,1.0,active,57134,1.3073046207427979,1.3073046207427979,
contiformer,1,27,['20251002_单01_ACT-8_翼云_J16_12#01__pilot_10035::context_end_0031'],['412928934d61f5f18698f16ac41f95953246738e20bb7980b41eb1100c87472b'],0.7202903628349304,0.0,0.0,0.0,short_horizon_prediction,0.5,active,70639,4.386740207672119,2.1933701038360596,
contiformer,1,27,['20251002_单01_ACT-8_翼云_J16_12#01__pilot_10035::context_end_0031'],['412928934d61f5f18698f16ac41f95953246738e20bb7980b41eb1100c87472b'],0.7202903628349304,0.0,0.0,0.0,lag_discrimination,0.2,active,2,0.28489452600479126,0.05697890743613243,
contiformer,1,28,['20251002_单01_ACT-8_翼云_J16_12#01__pilot_10035::context_end_0032'],['d686a7ec5d8da12356cfd41fdb7c98bb28575da216e2daeaa07ea9eca954e5f3'],0.5386229753494263,0.0,0.0,0.0,masked_reconstruction,1.0,active,60706,1.3686741590499878,1.3686741590499878,
contiformer,1,28,['20251002_单01_ACT-8_翼云_J16_12#01__pilot_10035::context_end_0032'],['d686a7ec5d8da12356cfd41fdb7c98bb28575da216e2daeaa07ea9eca954e5f3'],0.5386229753494263,0.0,0.0,0.0,short_horizon_prediction,0.5,active,70644,4.708812713623047,2.3544063568115234,
contiformer,1,28,['20251002_单01_ACT-8_翼云_J16_12#01__pilot_10035::context_end_0032'],['d686a7ec5d8da12356cfd41fdb7c98bb28575da216e2daeaa07ea9eca954e5f3'],0.5386229753494263,0.0,0.0,0.0,lag_discrimination,0.2,active,2,0.7161528468132019,0.14323057234287262,
contiformer,1,29,['20251002_单01_ACT-8_翼云_J16_12#01__pilot_10035::context_end_0033'],['bd6067c9658b3a7aaeb0be28a9702fc256c987936c6c7e158cc5bdda1e6f1482'],0.4886816143989563,0.0,0.0,0.0,masked_reconstruction,1.0,active,59212,0.5476691126823425,0.5476691126823425,
contiformer,1,29,['20251002_单01_ACT-8_翼云_J16_12#01__pilot_10035::context_end_0033'],['bd6067c9658b3a7aaeb0be28a9702fc256c987936c6c7e158cc5bdda1e6f1482'],0.4886816143989563,0.0,0.0,0.0,short_horizon_prediction,0.5,active,70626,4.976781845092773,2.4883909225463867,
contiformer,1,29,['20251002_单01_ACT-8_翼云_J16_12#01__pilot_10035::context_end_0033'],['bd6067c9658b3a7aaeb0be28a9702fc256c987936c6c7e158cc5bdda1e6f1482'],0.4886816143989563,0.0,0.0,0.0,lag_discrimination,0.2,active,2,0.7373446226119995,0.1474689245223999,
contiformer,1,30,['20251002_单01_ACT-8_翼云_J16_12#01__pilot_10035::context_end_0034'],['c661c75a04a5ff0878600c5684158a1705dd1ffaccf240a9a5ea33a995099169'],0.39038291573524475,0.0,0.0,0.0,masked_reconstruction,1.0,active,48794,2.0007846355438232,2.0007846355438232,
contiformer,1,30,['20251002_单01_ACT-8_翼云_J16_12#01__pilot_10035::context_end_0034'],['c661c75a04a5ff0878600c5684158a1705dd1ffaccf240a9a5ea33a995099169'],0.39038291573524475,0.0,0.0,0.0,short_horizon_prediction,0.5,active,70631,3.3781228065490723,1.6890614032745361,
contiformer,1,30,['20251002_单01_ACT-8_翼云_J16_12#01__pilot_10035::context_end_0034'],['c661c75a04a5ff0878600c5684158a1705dd1ffaccf240a9a5ea33a995099169'],0.39038291573524475,0.0,0.0,0.0,lag_discrimination,0.2,active,2,0.41751527786254883,0.08350306004285812,
contiformer,1,31,['20251002_单01_ACT-8_翼云_J16_12#01__pilot_10035::context_end_0035'],['82a7c4d57e2dfd87cfa9cd205a031f70f3c6deb207f4334b358062e2e11d724c'],0.24181151390075684,0.0,0.0,0.0,masked_reconstruction,1.0,active,60005,0.41662532091140747,0.41662532091140747,
contiformer,1,31,['20251002_单01_ACT-8_翼云_J16_12#01__pilot_10035::context_end_0035'],['82a7c4d57e2dfd87cfa9cd205a031f70f3c6deb207f4334b358062e2e11d724c'],0.24181151390075684,0.0,0.0,0.0,short_horizon_prediction,0.5,active,70640,3.223147392272949,1.6115736961364746,
contiformer,1,31,['20251002_单01_ACT-8_翼云_J16_12#01__pilot_10035::context_end_0035'],['82a7c4d57e2dfd87cfa9cd205a031f70f3c6deb207f4334b358062e2e11d724c'],0.24181151390075684,0.0,0.0,0.0,lag_discrimination,0.2,active,2,0.6363365650177002,0.12726731598377228,
chronaris,1,1,['20251002_单01_ACT-8_翼云_J16_12#01__pilot_10035::context_end_0005'],['eea17df4d6cdbc9879557a5f725d292ce25bd415605721bd6ea58db6d6d1e444'],1.2748298645019531,0.0,0.0,0.0,masked_reconstruction,1.0,active,60939,1.1370598077774048,1.1370598077774048,
chronaris,1,1,['20251002_单01_ACT-8_翼云_J16_12#01__pilot_10035::context_end_0005'],['eea17df4d6cdbc9879557a5f725d292ce25bd415605721bd6ea58db6d6d1e444'],1.2748298645019531,0.0,0.0,0.0,short_horizon_prediction,0.5,active,91690,2.0905356407165527,1.0452678203582764,
chronaris,1,1,['20251002_单01_ACT-8_翼云_J16_12#01__pilot_10035::context_end_0005'],['eea17df4d6cdbc9879557a5f725d292ce25bd415605721bd6ea58db6d6d1e444'],1.2748298645019531,0.0,0.0,0.0,lag_discrimination,0.2,active,2,0.6548133492469788,0.13096266984939575,
chronaris,1,2,['20251002_单01_ACT-8_翼云_J16_12#01__pilot_10035::context_end_0006'],['109cb29ec2bd3c6afd412184cea8b9ca66b380db4649931d96c7b8c250e1a9a2'],1.4300291538238525,0.0,0.0,0.0,masked_reconstruction,1.0,active,65597,1.2414909601211548,1.2414909601211548,
chronaris,1,2,['20251002_单01_ACT-8_翼云_J16_12#01__pilot_10035::context_end_0006'],['109cb29ec2bd3c6afd412184cea8b9ca66b380db4649931d96c7b8c250e1a9a2'],1.4300291538238525,0.0,0.0,0.0,short_horizon_prediction,0.5,active,90517,2.164647102355957,1.0823235511779785,
chronaris,1,2,['20251002_单01_ACT-8_翼云_J16_12#01__pilot_10035::context_end_0006'],['109cb29ec2bd3c6afd412184cea8b9ca66b380db4649931d96c7b8c250e1a9a2'],1.4300291538238525,0.0,0.0,0.0,lag_discrimination,0.2,active,2,0.8003448247909546,0.16006897389888763,
chronaris,1,3,['20251002_单01_ACT-8_翼云_J16_12#01__pilot_10035::context_end_0007'],['54b13ea6f14babf2ce2257ba2c79d4c7ef9cf017fc0ec42085f1618d6d68b6a0'],0.6723602414131165,0.0,0.0,0.0,masked_reconstruction,1.0,active,59824,1.611390471458435,1.611390471458435,
chronaris,1,3,['20251002_单01_ACT-8_翼云_J16_12#01__pilot_10035::context_end_0007'],['54b13ea6f14babf2ce2257ba2c79d4c7ef9cf017fc0ec42085f1618d6d68b6a0'],0.6723602414131165,0.0,0.0,0.0,short_horizon_prediction,0.5,active,78958,2.516465663909912,1.258232831954956,
chronaris,1,3,['20251002_单01_ACT-8_翼云_J16_12#01__pilot_10035::context_end_0007'],['54b13ea6f14babf2ce2257ba2c79d4c7ef9cf017fc0ec42085f1618d6d68b6a0'],0.6723602414131165,0.0,0.0,0.0,lag_discrimination,0.2,active,2,0.7382692098617554,0.14765384793281555,
chronaris,1,4,['20251002_单01_ACT-8_翼云_J16_12#01__pilot_10035::context_end_0008'],['880137135556805d1ac5a2f6febca4fa4908d807c33d0a3fb001cb70fa961f2b'],1.1158086061477661,0.0,0.0,0.0,masked_reconstruction,1.0,active,74139,1.0987809896469116,1.0987809896469116,
chronaris,1,4,['20251002_单01_ACT-8_翼云_J16_12#01__pilot_10035::context_end_0008'],['880137135556805d1ac5a2f6febca4fa4908d807c33d0a3fb001cb70fa961f2b'],1.1158086061477661,0.0,0.0,0.0,short_horizon_prediction,0.5,active,82572,2.1184356212615967,1.0592178106307983,
chronaris,1,4,['20251002_单01_ACT-8_翼云_J16_12#01__pilot_10035::context_end_0008'],['880137135556805d1ac5a2f6febca4fa4908d807c33d0a3fb001cb70fa961f2b'],1.1158086061477661,0.0,0.0,0.0,lag_discrimination,0.2,active,2,0.8487845659255981,0.1697569191455841,
chronaris,1,5,['20251002_单01_ACT-8_翼云_J16_12#01__pilot_10035::context_end_0009'],['a1073a503127e49afc6f72b0e39753eb9f92937a44c99190b219f209f31bfa33'],1.2593141794204712,0.0,0.0,0.0,masked_reconstruction,1.0,active,56719,0.7938579320907593,0.7938579320907593,
chronaris,1,5,['20251002_单01_ACT-8_翼云_J16_12#01__pilot_10035::context_end_0009'],['a1073a503127e49afc6f72b0e39753eb9f92937a44c99190b219f209f31bfa33'],1.2593141794204712,0.0,0.0,0.0,short_horizon_prediction,0.5,active,86536,2.415130138397217,1.2075650691986084,
chronaris,1,5,['20251002_单01_ACT-8_翼云_J16_12#01__pilot_10035::context_end_0009'],['a1073a503127e49afc6f72b0e39753eb9f92937a44c99190b219f209f31bfa33'],1.2593141794204712,0.0,0.0,0.0,lag_discrimination,0.2,active,2,0.5236421823501587,0.10472843796014786,
chronaris,1,6,['20251002_单01_ACT-8_翼云_J16_12#01__pilot_10035::context_end_0010'],['c25671c3158cabe9d7af0b8ea3dbdec60f64c8790e3e277d27551052d610b16c'],1.701908826828003,0.0,0.0,0.0,masked_reconstruction,1.0,active,53080,0.26152220368385315,0.26152220368385315,
chronaris,1,6,['20251002_单01_ACT-8_翼云_J16_12#01__pilot_10035::context_end_0010'],['c25671c3158cabe9d7af0b8ea3dbdec60f64c8790e3e277d27551052d610b16c'],1.701908826828003,0.0,0.0,0.0,short_horizon_prediction,0.5,active,90012,1.3698331117630005,0.6849165558815002,
chronaris,1,6,['20251002_单01_ACT-8_翼云_J16_12#01__pilot_10035::context_end_0010'],['c25671c3158cabe9d7af0b8ea3dbdec60f64c8790e3e277d27551052d610b16c'],1.701908826828003,0.0,0.0,0.0,lag_discrimination,0.2,active,2,0.7064543962478638,0.14129088819026947,
chronaris,1,7,['20251002_单01_ACT-8_翼云_J16_12#01__pilot_10035::context_end_0011'],['eb55e42d9743a7d412f70a6ebd1d4b941aa1cba72505273a8aa842d2934ad1ef'],1.7128732204437256,0.0,0.0,0.0,masked_reconstruction,1.0,active,57082,0.5657923221588135,0.5657923221588135,
chronaris,1,7,['20251002_单01_ACT-8_翼云_J16_12#01__pilot_10035::context_end_0011'],['eb55e42d9743a7d412f70a6ebd1d4b941aa1cba72505273a8aa842d2934ad1ef'],1.7128732204437256,0.0,0.0,0.0,short_horizon_prediction,0.5,active,78561,1.467182993888855,0.7335914969444275,
chronaris,1,7,['20251002_单01_ACT-8_翼云_J16_12#01__pilot_10035::context_end_0011'],['eb55e42d9743a7d412f70a6ebd1d4b941aa1cba72505273a8aa842d2934ad1ef'],1.7128732204437256,0.0,0.0,0.0,lag_discrimination,0.2,active,2,0.6501197218894958,0.13002394139766693,
chronaris,1,8,['20251002_单01_ACT-8_翼云_J16_12#01__pilot_10035::context_end_0012'],['5a6b693cd2cd5c137436419d27b10f0ca44899c5c1c01f174a6ba4c95b1c5b90'],1.547176718711853,0.0,0.0,0.0,masked_reconstruction,1.0,active,71804,0.3298468291759491,0.3298468291759491,
chronaris,1,8,['20251002_单01_ACT-8_翼云_J16_12#01__pilot_10035::context_end_0012'],['5a6b693cd2cd5c137436419d27b10f0ca44899c5c1c01f174a6ba4c95b1c5b90'],1.547176718711853,0.0,0.0,0.0,short_horizon_prediction,0.5,active,82527,1.4737359285354614,0.7368679642677307,
chronaris,1,8,['20251002_单01_ACT-8_翼云_J16_12#01__pilot_10035::context_end_0012'],['5a6b693cd2cd5c137436419d27b10f0ca44899c5c1c01f174a6ba4c95b1c5b90'],1.547176718711853,0.0,0.0,0.0,lag_discrimination,0.2,active,2,0.5018869638442993,0.1003773957490921,
chronaris,1,9,['20251002_单01_ACT-8_翼云_J16_12#01__pilot_10035::context_end_0013'],['fe4f8b9905702602ef350ee7b1d5491293899b5e669767046fc9f830a8584a0d'],0.6224957704544067,0.0,0.0,0.0,masked_reconstruction,1.0,active,59405,0.4223196804523468,0.4223196804523468,
chronaris,1,9,['20251002_单01_ACT-8_翼云_J16_12#01__pilot_10035::context_end_0013'],['fe4f8b9905702602ef350ee7b1d5491293899b5e669767046fc9f830a8584a0d'],0.6224957704544067,0.0,0.0,0.0,short_horizon_prediction,0.5,active,86089,1.51114022731781,0.755570113658905,
chronaris,1,9,['20251002_单01_ACT-8_翼云_J16_12#01__pilot_10035::context_end_0013'],['fe4f8b9905702602ef350ee7b1d5491293899b5e669767046fc9f830a8584a0d'],0.6224957704544067,0.0,0.0,0.0,lag_discrimination,0.2,active,2,0.5495498180389404,0.10990996658802032,
chronaris,1,10,['20251002_单01_ACT-8_翼云_J16_12#01__pilot_10035::context_end_0014'],['091c1f29075270a1e28e6f94f5ec114d38d5eb82100dc3052afe41aa9e7b591f'],1.5927952527999878,0.0,0.0,0.0,masked_reconstruction,1.0,active,74883,0.7039559483528137,0.7039559483528137,
chronaris,1,10,['20251002_单01_ACT-8_翼云_J16_12#01__pilot_10035::context_end_0014'],['091c1f29075270a1e28e6f94f5ec114d38d5eb82100dc3052afe41aa9e7b591f'],1.5927952527999878,0.0,0.0,0.0,short_horizon_prediction,0.5,active,89483,1.4553016424179077,0.7276508212089539,
chronaris,1,10,['20251002_单01_ACT-8_翼云_J16_12#01__pilot_10035::context_end_0014'],['091c1f29075270a1e28e6f94f5ec114d38d5eb82100dc3052afe41aa9e7b591f'],1.5927952527999878,0.0,0.0,0.0,lag_discrimination,0.2,active,2,0.5588851571083069,0.11177702993154526,
chronaris,1,11,['20251002_单01_ACT-8_翼云_J16_12#01__pilot_10035::context_end_0015'],['11fe10a6eddc630e8924891330262b4df1a15a43093f74d57f620acadda78231'],1.5346119403839111,0.0,0.0,0.0,masked_reconstruction,1.0,active,50108,0.25960513949394226,0.25960513949394226,
chronaris,1,11,['20251002_单01_ACT-8_翼云_J16_12#01__pilot_10035::context_end_0015'],['11fe10a6eddc630e8924891330262b4df1a15a43093f74d57f620acadda78231'],1.5346119403839111,0.0,0.0,0.0,short_horizon_prediction,0.5,active,78417,1.2624011039733887,0.6312005519866943,
chronaris,1,11,['20251002_单01_ACT-8_翼云_J16_12#01__pilot_10035::context_end_0015'],['11fe10a6eddc630e8924891330262b4df1a15a43093f74d57f620acadda78231'],1.5346119403839111,0.0,0.0,0.0,lag_discrimination,0.2,active,2,0.6281789541244507,0.1256357878446579,
chronaris,1,12,['20251002_单01_ACT-8_翼云_J16_12#01__pilot_10035::context_end_0016'],['2981b292ee6fb0ccd64f1ab45cc33c8e17173d302204cb349d28455a46753979'],0.5252532958984375,0.0,0.0,0.0,masked_reconstruction,1.0,active,58151,0.8285415768623352,0.8285415768623352,
chronaris,1,12,['20251002_单01_ACT-8_翼云_J16_12#01__pilot_10035::context_end_0016'],['2981b292ee6fb0ccd64f1ab45cc33c8e17173d302204cb349d28455a46753979'],0.5252532958984375,0.0,0.0,0.0,short_horizon_prediction,0.5,active,81988,1.345430850982666,0.672715425491333,
chronaris,1,12,['20251002_单01_ACT-8_翼云_J16_12#01__pilot_10035::context_end_0016'],['2981b292ee6fb0ccd64f1ab45cc33c8e17173d302204cb349d28455a46753979'],0.5252532958984375,0.0,0.0,0.0,lag_discrimination,0.2,active,2,0.5937466621398926,0.11874933540821075,
chronaris,1,13,['20251002_单01_ACT-8_翼云_J16_12#01__pilot_10035::context_end_0017'],['84e74617f13293837d23cb606a685b8c5e85d2e8c9eb428d8640eb734625ea79'],1.1732932329177856,0.0,0.0,0.0,masked_reconstruction,1.0,active,52550,1.3537344932556152,1.3537344932556152,
chronaris,1,13,['20251002_单01_ACT-8_翼云_J16_12#01__pilot_10035::context_end_0017'],['84e74617f13293837d23cb606a685b8c5e85d2e8c9eb428d8640eb734625ea79'],1.1732932329177856,0.0,0.0,0.0,short_horizon_prediction,0.5,active,85508,1.847047209739685,0.9235236048698425,
chronaris,1,13,['20251002_单01_ACT-8_翼云_J16_12#01__pilot_10035::context_end_0017'],['84e74617f13293837d23cb606a685b8c5e85d2e8c9eb428d8640eb734625ea79'],1.1732932329177856,0.0,0.0,0.0,lag_discrimination,0.2,active,2,0.5724111199378967,0.11448222398757935,
chronaris,1,14,['20251002_单01_ACT-8_翼云_J16_12#01__pilot_10035::context_end_0018'],['bee23e71f018e7f246a604d288b9b657cf272b78c74b10018890a8a64f76c395'],2.433433771133423,0.0,0.0,0.0,masked_reconstruction,1.0,active,60468,0.7464506030082703,0.7464506030082703,
chronaris,1,14,['20251002_单01_ACT-8_翼云_J16_12#01__pilot_10035::context_end_0018'],['bee23e71f018e7f246a604d288b9b657cf272b78c74b10018890a8a64f76c395'],2.433433771133423,0.0,0.0,0.0,short_horizon_prediction,0.5,active,89108,1.5670496225357056,0.7835248112678528,
chronaris,1,14,['20251002_单01_ACT-8_翼云_J16_12#01__pilot_10035::context_end_0018'],['bee23e71f018e7f246a604d288b9b657cf272b78c74b10018890a8a64f76c395'],2.433433771133423,0.0,0.0,0.0,lag_discrimination,0.2,active,2,0.5349797010421753,0.10699594020843506,
chronaris,1,15,['20251002_单01_ACT-8_翼云_J16_12#01__pilot_10035::context_end_0019'],['552dc9c66475dacc96366fa516835da7e0a073ce4e27d58376f28207652f35b8'],2.3654158115386963,0.0,0.0,0.0,masked_reconstruction,1.0,active,55569,0.8088608980178833,0.8088608980178833,
chronaris,1,15,['20251002_单01_ACT-8_翼云_J16_12#01__pilot_10035::context_end_0019'],['552dc9c66475dacc96366fa516835da7e0a073ce4e27d58376f28207652f35b8'],2.3654158115386963,0.0,0.0,0.0,short_horizon_prediction,0.5,active,70573,1.8178725242614746,0.9089362621307373,
chronaris,1,15,['20251002_单01_ACT-8_翼云_J16_12#01__pilot_10035::context_end_0019'],['552dc9c66475dacc96366fa516835da7e0a073ce4e27d58376f28207652f35b8'],2.3654158115386963,0.0,0.0,0.0,lag_discrimination,0.2,active,2,0.5464658141136169,0.10929316282272339,
chronaris,1,16,['20251002_单01_ACT-8_翼云_J16_12#01__pilot_10035::context_end_0020'],['49b4b0e0e12b36e0a1c90ab2919ec1b67d374413c994753fca0ad4cb0c261b06'],2.5809051990509033,0.0,0.0,0.0,masked_reconstruction,1.0,active,61632,1.1184813976287842,1.1184813976287842,
chronaris,1,16,['20251002_单01_ACT-8_翼云_J16_12#01__pilot_10035::context_end_0020'],['49b4b0e0e12b36e0a1c90ab2919ec1b67d374413c994753fca0ad4cb0c261b06'],2.5809051990509033,0.0,0.0,0.0,short_horizon_prediction,0.5,active,70564,1.976790189743042,0.988395094871521,
chronaris,1,16,['20251002_单01_ACT-8_翼云_J16_12#01__pilot_10035::context_end_0020'],['49b4b0e0e12b36e0a1c90ab2919ec1b67d374413c994753fca0ad4cb0c261b06'],2.5809051990509033,0.0,0.0,0.0,lag_discrimination,0.2,active,2,0.27355295419692993,0.054710593074560165,
chronaris,1,17,['20251002_单01_ACT-8_翼云_J16_12#01__pilot_10035::context_end_0021'],['a1e797223951ee19e55627bf59c436d5c6444a08645a397aabfa4975553f1dc9'],1.5418585538864136,0.0,0.0,0.0,masked_reconstruction,1.0,active,54272,1.1111359596252441,1.1111359596252441,
chronaris,1,17,['20251002_单01_ACT-8_翼云_J16_12#01__pilot_10035::context_end_0021'],['a1e797223951ee19e55627bf59c436d5c6444a08645a397aabfa4975553f1dc9'],1.5418585538864136,0.0,0.0,0.0,short_horizon_prediction,0.5,active,70593,2.4780991077423096,1.2390495538711548,
chronaris,1,17,['20251002_单01_ACT-8_翼云_J16_12#01__pilot_10035::context_end_0021'],['a1e797223951ee19e55627bf59c436d5c6444a08645a397aabfa4975553f1dc9'],1.5418585538864136,0.0,0.0,0.0,lag_discrimination,0.2,active,2,0.4388675093650818,0.08777350187301636,
chronaris,1,18,['20251002_单01_ACT-8_翼云_J16_12#01__pilot_10035::context_end_0022'],['5151b5ce85b60ff4611bdb6bc277a6c011d81793502be0f650acbe1d4ee3d73b'],6.803272724151611,0.0,0.0,0.0,masked_reconstruction,1.0,active,54898,0.25116196274757385,0.25116196274757385,
chronaris,1,18,['20251002_单01_ACT-8_翼云_J16_12#01__pilot_10035::context_end_0022'],['5151b5ce85b60ff4611bdb6bc277a6c011d81793502be0f650acbe1d4ee3d73b'],6.803272724151611,0.0,0.0,0.0,short_horizon_prediction,0.5,active,70632,2.471386194229126,1.235693097114563,
chronaris,1,18,['20251002_单01_ACT-8_翼云_J16_12#01__pilot_10035::context_end_0022'],['5151b5ce85b60ff4611bdb6bc277a6c011d81793502be0f650acbe1d4ee3d73b'],6.803272724151611,0.0,0.0,0.0,lag_discrimination,0.2,active,2,0.748782753944397,0.1497565507888794,
chronaris,1,19,['20251002_单01_ACT-8_翼云_J16_12#01__pilot_10035::context_end_0023'],['4be21067ce9ef81ae6e765f0c4745bc2e84341f7a043644b8b33f3882689abc2'],1.1408337354660034,0.0,0.0,0.0,masked_reconstruction,1.0,active,53624,1.2020217180252075,1.2020217180252075,
chronaris,1,19,['20251002_单01_ACT-8_翼云_J16_12#01__pilot_10035::context_end_0023'],['4be21067ce9ef81ae6e765f0c4745bc2e84341f7a043644b8b33f3882689abc2'],1.1408337354660034,0.0,0.0,0.0,short_horizon_prediction,0.5,active,70596,2.244771718978882,1.122385859489441,
chronaris,1,19,['20251002_单01_ACT-8_翼云_J16_12#01__pilot_10035::context_end_0023'],['4be21067ce9ef81ae6e765f0c4745bc2e84341f7a043644b8b33f3882689abc2'],1.1408337354660034,0.0,0.0,0.0,lag_discrimination,0.2,active,2,0.20185232162475586,0.04037046432495117,
chronaris,1,20,['20251002_单01_ACT-8_翼云_J16_12#01__pilot_10035::context_end_0024'],['6e64eef1608fdb35f08006c2a30616e34ecd421a6430e8f1adceb0132f99f3ac'],8.349133491516113,0.0,0.0,0.0,masked_reconstruction,1.0,active,58812,1.290042757987976,1.290042757987976,
chronaris,1,20,['20251002_单01_ACT-8_翼云_J16_12#01__pilot_10035::context_end_0024'],['6e64eef1608fdb35f08006c2a30616e34ecd421a6430e8f1adceb0132f99f3ac'],8.349133491516113,0.0,0.0,0.0,short_horizon_prediction,0.5,active,70586,2.6777307987213135,1.3388653993606567,
chronaris,1,20,['20251002_单01_ACT-8_翼云_J16_12#01__pilot_10035::context_end_0024'],['6e64eef1608fdb35f08006c2a30616e34ecd421a6430e8f1adceb0132f99f3ac'],8.349133491516113,0.0,0.0,0.0,lag_discrimination,0.2,active,2,0.6666147708892822,0.13332295417785645,
chronaris,1,21,['20251002_单01_ACT-8_翼云_J16_12#01__pilot_10035::context_end_0025'],['1da076d67a41f8c40648046aa8fe01477950b2f83583665a8ea4a88a77ac3af1'],5.926900386810303,0.0,0.0,0.0,masked_reconstruction,1.0,active,59558,0.8664698004722595,0.8664698004722595,
chronaris,1,21,['20251002_单01_ACT-8_翼云_J16_12#01__pilot_10035::context_end_0025'],['1da076d67a41f8c40648046aa8fe01477950b2f83583665a8ea4a88a77ac3af1'],5.926900386810303,0.0,0.0,0.0,short_horizon_prediction,0.5,active,70596,2.6557693481445312,1.3278846740722656,
chronaris,1,21,['20251002_单01_ACT-8_翼云_J16_12#01__pilot_10035::context_end_0025'],['1da076d67a41f8c40648046aa8fe01477950b2f83583665a8ea4a88a77ac3af1'],5.926900386810303,0.0,0.0,0.0,lag_discrimination,0.2,active,2,0.6263999938964844,0.1252800077199936,
chronaris,1,22,['20251002_单01_ACT-8_翼云_J16_12#01__pilot_10035::context_end_0026'],['b85a94c39336fb5762fafb617b488a7ebf1047675c5097bcdca8d7d96b582060'],0.791853666305542,0.0,0.0,0.0,masked_reconstruction,1.0,active,55817,1.0303744077682495,1.0303744077682495,
chronaris,1,22,['20251002_单01_ACT-8_翼云_J16_12#01__pilot_10035::context_end_0026'],['b85a94c39336fb5762fafb617b488a7ebf1047675c5097bcdca8d7d96b582060'],0.791853666305542,0.0,0.0,0.0,short_horizon_prediction,0.5,active,70583,2.740527391433716,1.370263695716858,
chronaris,1,22,['20251002_单01_ACT-8_翼云_J16_12#01__pilot_10035::context_end_0026'],['b85a94c39336fb5762fafb617b488a7ebf1047675c5097bcdca8d7d96b582060'],0.791853666305542,0.0,0.0,0.0,lag_discrimination,0.2,active,2,0.9290932416915894,0.1858186572790146,
chronaris,1,23,['20251002_单01_ACT-8_翼云_J16_12#01__pilot_10035::context_end_0027'],['593f5e125d038c4b2cab59d389ffbc9c2ef6857fbee1af1a70b9aade6d22ac90'],4.544711589813232,0.0,0.0,0.0,masked_reconstruction,1.0,active,61631,1.8601280450820923,1.8601280450820923,
chronaris,1,23,['20251002_单01_ACT-8_翼云_J16_12#01__pilot_10035::context_end_0027'],['593f5e125d038c4b2cab59d389ffbc9c2ef6857fbee1af1a70b9aade6d22ac90'],4.544711589813232,0.0,0.0,0.0,short_horizon_prediction,0.5,active,70565,2.503676176071167,1.2518380880355835,
chronaris,1,23,['20251002_单01_ACT-8_翼云_J16_12#01__pilot_10035::context_end_0027'],['593f5e125d038c4b2cab59d389ffbc9c2ef6857fbee1af1a70b9aade6d22ac90'],4.544711589813232,0.0,0.0,0.0,lag_discrimination,0.2,active,2,0.587116539478302,0.11742331087589264,
chronaris,1,24,['20251002_单01_ACT-8_翼云_J16_12#01__pilot_10035::context_end_0028'],['9384d1ceacd2e63d0e45ec9512d771aab2235901e3dac2047ed43089927677fe'],2.0421552658081055,0.0,0.0,0.0,masked_reconstruction,1.0,active,56347,1.0053539276123047,1.0053539276123047,
chronaris,1,24,['20251002_单01_ACT-8_翼云_J16_12#01__pilot_10035::context_end_0028'],['9384d1ceacd2e63d0e45ec9512d771aab2235901e3dac2047ed43089927677fe'],2.0421552658081055,0.0,0.0,0.0,short_horizon_prediction,0.5,active,70606,3.5553088188171387,1.7776544094085693,
chronaris,1,24,['20251002_单01_ACT-8_翼云_J16_12#01__pilot_10035::context_end_0028'],['9384d1ceacd2e63d0e45ec9512d771aab2235901e3dac2047ed43089927677fe'],2.0421552658081055,0.0,0.0,0.0,lag_discrimination,0.2,active,2,0.4956023693084717,0.09912047535181046,
chronaris,1,25,['20251002_单01_ACT-8_翼云_J16_12#01__pilot_10035::context_end_0029'],['93c16221d217f1d51750ee340635970a95b51058a2396b1b6531c2968343341c'],5.250855922698975,0.0,0.0,0.0,masked_reconstruction,1.0,active,62546,2.827897548675537,2.827897548675537,
chronaris,1,25,['20251002_单01_ACT-8_翼云_J16_12#01__pilot_10035::context_end_0029'],['93c16221d217f1d51750ee340635970a95b51058a2396b1b6531c2968343341c'],5.250855922698975,0.0,0.0,0.0,short_horizon_prediction,0.5,active,70528,3.3280646800994873,1.6640323400497437,
chronaris,1,25,['20251002_单01_ACT-8_翼云_J16_12#01__pilot_10035::context_end_0029'],['93c16221d217f1d51750ee340635970a95b51058a2396b1b6531c2968343341c'],5.250855922698975,0.0,0.0,0.0,lag_discrimination,0.2,active,2,0.8068300485610962,0.16136601567268372,
chronaris,1,26,['20251002_单01_ACT-8_翼云_J16_12#01__pilot_10035::context_end_0030'],['033cd43e255cee17c368a9422cbf7231f47d7c8f3e700cd9b7cb5ebd12e9150f'],0.5997841358184814,0.0,0.0,0.0,masked_reconstruction,1.0,active,61936,2.628283739089966,2.628283739089966,
chronaris,1,26,['20251002_单01_ACT-8_翼云_J16_12#01__pilot_10035::context_end_0030'],['033cd43e255cee17c368a9422cbf7231f47d7c8f3e700cd9b7cb5ebd12e9150f'],0.5997841358184814,0.0,0.0,0.0,short_horizon_prediction,0.5,active,70529,3.2887349128723145,1.6443674564361572,
chronaris,1,26,['20251002_单01_ACT-8_翼云_J16_12#01__pilot_10035::context_end_0030'],['033cd43e255cee17c368a9422cbf7231f47d7c8f3e700cd9b7cb5ebd12e9150f'],0.5997841358184814,0.0,0.0,0.0,lag_discrimination,0.2,active,2,0.6635362505912781,0.13270725309848785,
chronaris,1,27,['20251002_单01_ACT-8_翼云_J16_12#01__pilot_10035::context_end_0031'],['412928934d61f5f18698f16ac41f95953246738e20bb7980b41eb1100c87472b'],4.060937404632568,0.0,0.0,0.0,masked_reconstruction,1.0,active,57134,1.2585240602493286,1.2585240602493286,
chronaris,1,27,['20251002_单01_ACT-8_翼云_J16_12#01__pilot_10035::context_end_0031'],['412928934d61f5f18698f16ac41f95953246738e20bb7980b41eb1100c87472b'],4.060937404632568,0.0,0.0,0.0,short_horizon_prediction,0.5,active,70639,4.329374313354492,2.164687156677246,
chronaris,1,27,['20251002_单01_ACT-8_翼云_J16_12#01__pilot_10035::context_end_0031'],['412928934d61f5f18698f16ac41f95953246738e20bb7980b41eb1100c87472b'],4.060937404632568,0.0,0.0,0.0,lag_discrimination,0.2,active,2,0.6559063196182251,0.1311812698841095,
chronaris,1,28,['20251002_单01_ACT-8_翼云_J16_12#01__pilot_10035::context_end_0032'],['d686a7ec5d8da12356cfd41fdb7c98bb28575da216e2daeaa07ea9eca954e5f3'],1.1602985858917236,0.0,0.0,0.0,masked_reconstruction,1.0,active,60706,1.3201348781585693,1.3201348781585693,
chronaris,1,28,['20251002_单01_ACT-8_翼云_J16_12#01__pilot_10035::context_end_0032'],['d686a7ec5d8da12356cfd41fdb7c98bb28575da216e2daeaa07ea9eca954e5f3'],1.1602985858917236,0.0,0.0,0.0,short_horizon_prediction,0.5,active,70644,4.653538227081299,2.3267691135406494,
chronaris,1,28,['20251002_单01_ACT-8_翼云_J16_12#01__pilot_10035::context_end_0032'],['d686a7ec5d8da12356cfd41fdb7c98bb28575da216e2daeaa07ea9eca954e5f3'],1.1602985858917236,0.0,0.0,0.0,lag_discrimination,0.2,active,2,0.2756933569908142,0.05513867363333702,
chronaris,1,29,['20251002_单01_ACT-8_翼云_J16_12#01__pilot_10035::context_end_0033'],['bd6067c9658b3a7aaeb0be28a9702fc256c987936c6c7e158cc5bdda1e6f1482'],3.217156171798706,0.0,0.0,0.0,masked_reconstruction,1.0,active,59212,0.5020732283592224,0.5020732283592224,
chronaris,1,29,['20251002_单01_ACT-8_翼云_J16_12#01__pilot_10035::context_end_0033'],['bd6067c9658b3a7aaeb0be28a9702fc256c987936c6c7e158cc5bdda1e6f1482'],3.217156171798706,0.0,0.0,0.0,short_horizon_prediction,0.5,active,70626,4.924101829528809,2.4620509147644043,
chronaris,1,29,['20251002_单01_ACT-8_翼云_J16_12#01__pilot_10035::context_end_0033'],['bd6067c9658b3a7aaeb0be28a9702fc256c987936c6c7e158cc5bdda1e6f1482'],3.217156171798706,0.0,0.0,0.0,lag_discrimination,0.2,active,2,0.5999259352684021,0.1199851855635643,
chronaris,1,30,['20251002_单01_ACT-8_翼云_J16_12#01__pilot_10035::context_end_0034'],['c661c75a04a5ff0878600c5684158a1705dd1ffaccf240a9a5ea33a995099169'],1.9892020225524902,0.0,0.0,0.0,masked_reconstruction,1.0,active,48794,1.9667375087738037,1.9667375087738037,
chronaris,1,30,['20251002_单01_ACT-8_翼云_J16_12#01__pilot_10035::context_end_0034'],['c661c75a04a5ff0878600c5684158a1705dd1ffaccf240a9a5ea33a995099169'],1.9892020225524902,0.0,0.0,0.0,short_horizon_prediction,0.5,active,70631,3.3365421295166016,1.6682710647583008,
chronaris,1,30,['20251002_单01_ACT-8_翼云_J16_12#01__pilot_10035::context_end_0034'],['c661c75a04a5ff0878600c5684158a1705dd1ffaccf240a9a5ea33a995099169'],1.9892020225524902,0.0,0.0,0.0,lag_discrimination,0.2,active,2,0.36842408776283264,0.07368481904268265,
chronaris,1,31,['20251002_单01_ACT-8_翼云_J16_12#01__pilot_10035::context_end_0035'],['82a7c4d57e2dfd87cfa9cd205a031f70f3c6deb207f4334b358062e2e11d724c'],3.679126024246216,0.0,0.0,0.0,masked_reconstruction,1.0,active,60005,0.37962064146995544,0.37962064146995544,
chronaris,1,31,['20251002_单01_ACT-8_翼云_J16_12#01__pilot_10035::context_end_0035'],['82a7c4d57e2dfd87cfa9cd205a031f70f3c6deb207f4334b358062e2e11d724c'],3.679126024246216,0.0,0.0,0.0,short_horizon_prediction,0.5,active,70640,3.180955410003662,1.590477705001831,
chronaris,1,31,['20251002_单01_ACT-8_翼云_J16_12#01__pilot_10035::context_end_0035'],['82a7c4d57e2dfd87cfa9cd205a031f70f3c6deb207f4334b358062e2e11d724c'],3.679126024246216,0.0,0.0,0.0,lag_discrimination,0.2,active,2,0.7272300720214844,0.1454460173845291,
