{
  "partition": "all",
  "sample_count": 37,
  "reference_point_count": 16,
  "sample_ids": [
    "20251002_单01_ACT-8_翼云_J16_12#01:0000",
    "20251002_单01_ACT-8_翼云_J16_12#01:0001",
    "20251002_单01_ACT-8_翼云_J16_12#01:0002",
    "20251002_单01_ACT-8_翼云_J16_12#01:0003",
    "20251002_单01_ACT-8_翼云_J16_12#01:0004",
    "20251002_单01_ACT-8_翼云_J16_12#01:0005",
    "20251002_单01_ACT-8_翼云_J16_12#01:0006",
    "20251002_单01_ACT-8_翼云_J16_12#01:0007",
    "20251002_单01_ACT-8_翼云_J16_12#01:0008",
    "20251002_单01_ACT-8_翼云_J16_12#01:0009",
    "20251002_单01_ACT-8_翼云_J16_12#01:0010",
    "20251002_单01_ACT-8_翼云_J16_12#01:0011",
    "20251002_单01_ACT-8_翼云_J16_12#01:0012",
    "20251002_单01_ACT-8_翼云_J16_12#01:0013",
    "20251002_单01_ACT-8_翼云_J16_12#01:0014",
    "20251002_单01_ACT-8_翼云_J16_12#01:0015",
    "20251002_单01_ACT-8_翼云_J16_12#01:0016",
    "20251002_单01_ACT-8_翼云_J16_12#01:0017",
    "20251002_单01_ACT-8_翼云_J16_12#01:0018",
    "20251002_单01_ACT-8_翼云_J16_12#01:0019",
    "20251002_单01_ACT-8_翼云_J16_12#01:0020",
    "20251002_单01_ACT-8_翼云_J16_12#01:0021",
    "20251002_单01_ACT-8_翼云_J16_12#01:0022",
    "20251002_单01_ACT-8_翼云_J16_12#01:0023",
    "20251002_单01_ACT-8_翼云_J16_12#01:0024",
    "20251002_单01_ACT-8_翼云_J16_12#01:0025",
    "20251002_单01_ACT-8_翼云_J16_12#01:0026",
    "20251002_单01_ACT-8_翼云_J16_12#01:0027",
    "20251002_单01_ACT-8_翼云_J16_12#01:0028",
    "20251002_单01_ACT-8_翼云_J16_12#01:0029",
    "20251002_单01_ACT-8_翼云_J16_12#01:0030",
    "20251002_单01_ACT-8_翼云_J16_12#01:0031",
    "20251002_单01_ACT-8_翼云_J16_12#01:0032",
    "20251002_单01_ACT-8_翼云_J16_12#01:0033",
    "20251002_单01_ACT-8_翼云_J16_12#01:0034",
    "20251002_单01_ACT-8_翼云_J16_12#01:0035",
    "20251002_单01_ACT-8_翼云_J16_12#01:0036"
  ],
  "mean_physiology_reference_projection_l2": 0.7953014953716381,
  "mean_vehicle_reference_projection_l2": 0.9594366550445557,
  "mean_reference_projection_cosine": 0.770045089560586
}
